object_id,city,county,region,development,locality,on_road,rural_urban,speed_limit,traffic_control,weather,workzone,bike_age,bike_age_group,bike_alcohol,bike_alcohol_drugs,bike_direction,bike_injury,bike_position,bike_race,bike_sex,driver_age,driver_age_group,driver_alcohol,driver_alcohol_drugs,driver_est_speed,driver_injury,driver_race,driver_sex,driver_vehicle_type,crash_alcohol,crash_date,crash_day,crash_group,crash_hour,crash_location,crash_month,crash_severity,crash_time,crash_type,crash_year,ambulance_req,hit_run,light_condition,road_character,road_class,road_condition,road_configuration,road_defects,road_feature,road_surface,num_lanes,geo_point
598,Durham,Durham,Piedmont,Residential,Urban (>70% Developed),BELT STREET,Urban,20 - 25  MPH,Stop Sign,Clear,No,12,11-15,NA,No,With Traffic,O: No Injury,Travel Lane,Black,Female,NA,NA,NA,Missing,0-5 mph,Unknown Injury,Unknown/Missing,NA,Passenger Car,No,28SEP2014,Sunday,Loss of Control / Turning Error,18,Intersection-Related,September,O: No Injury,18:10:00,Bicyclist Lost Control - Other / Unknown,2014,No,No,Daylight,Straight - Level,Local Street,Dry,"Two-Way, Not Divided",None,No Special Feature,Smooth Asphalt,2 lanes,"35.9899271152, -78.8893726962"
624,Red Springs,Robeson,Coastal,Residential,Urban (>70% Developed),W SECOND AVE,Rural,30 - 35  MPH,No Control Present,Clear,No,21,20-24,NA,No,Facing Traffic,C: Possible Injury,Travel Lane,Black,Male,70+,70+,NA,No,6-10 mph,O: No Injury,White,Male,Passenger Car,No,08OCT2014,Wednesday,Motorist Left Turn / Merge,20,Intersection,October,C: Possible Injury,20:58:00,Motorist Left Turn - Same Direction,2014,Yes,No,Dark - Lighted Roadway,Straight - Level,Local Street,Dry,"Two-Way, Not Divided",None,No Special Feature,Coarse Asphalt,2 lanes,"34.8209948533, -79.1904477257"
628,Kill Devil Hills,Dare,Coastal,Commercial,Mixed (30% To 70% Developed),LAKE DR,Urban,20 - 25  MPH,Stop Sign,Clear,No,15,11-15,NA,No,Facing Traffic,O: No Injury,Multi-use Path,White,Male,37,30-39,NA,No,21-25 mph,O: No Injury,White,Male,Sport Utility,No,22SEP2014,Monday,Motorist Failed to Yield - Sign-Controlled Intersection,7,Intersection,September,O: No Injury,07:49:00,Motorist Drive Out - Sign-Controlled Intersection,2014,Yes,No,Daylight,Straight - Level,Local Street,Dry,"Two-Way, Not Divided",None,Four-Way Intersection,Smooth Asphalt,2 lanes,"35.995853227, -75.6504717065"
603,Durham,Durham,Piedmont,Residential,Urban (>70% Developed),HINSON DRIVE,Urban,20 - 25  MPH,No Control Present,Clear,No,50,50-59,NA,No,With Traffic,C: Possible Injury,Travel Lane,Black,Male,58,50-59,NA,Missing,16-20 mph,O: No Injury,Black,Female,Passenger Car,No,02OCT2014,Thursday,Bicyclist Overtaking Motorist,15,Non-Intersection,October,C: Possible Injury,15:04:00,Bicyclist Overtaking - Parked Vehicle,2014,Yes,No,Daylight,Straight - Level,Local Street,Dry,"Two-Way, Not Divided",None,No Special Feature,Smooth Asphalt,2 lanes,"36.0306171247, -78.877842695"
619,Thomasville,Davidson,Piedmont,Commercial,Urban (>70% Developed),MARTIN LUTHER KING DR,Urban,30 - 35  MPH,No Control Present,Clear,No,56,50-59,NA,No,With Traffic,B: Evident Injury,Travel Lane,White,Male,70+,70+,NA,No,16-20 mph,O: No Injury,Black,Male,Pickup,No,16JUL2014,Wednesday,Motorist Right Turn / Merge,8,Intersection,July,B: Evident Injury,08:57:00,Motorist Right Turn - Same Direction,2014,Yes,No,Daylight,Straight - Grade,Local Street,Dry,"Two-Way, Not Divided",None,No Special Feature,Coarse Asphalt,2 lanes,"35.8935070515, -80.1033230572"
608,Duck,Dare,Coastal,Residential,Urban (>70% Developed),NC 12,Rural,30 - 35  MPH,Stop Sign,Clear,No,18,16-19,NA,No,Facing Traffic,B: Evident Injury,Multi-use Path,White,Male,36,30-39,NA,No,0-5 mph,O: No Injury,White,Female,Sport Utility,No,29AUG2014,Friday,Motorist Failed to Yield - Sign-Controlled Intersection,18,Intersection,August,B: Evident Injury,18:09:00,Motorist Drive Out - Sign-Controlled Intersection,2014,Yes,No,Daylight,Straight - Level,Local Street,Dry,"Two-Way, Not Divided",None,Four-Way Intersection,Smooth Asphalt,2 lanes,"36.1555772587, -75.7454717435"
641,Rhodhiss,Burke,Mountains,Residential,Mixed (30% To 70% Developed),MARION AVE,Rural,30 - 35  MPH,Yield Sign,Clear,No,15,11-15,NA,No,With Traffic,B: Evident Injury,Travel Lane,White,Male,43,40-49,NA,No,6-10 mph,O: No Injury,White,Male,Pickup,No,29MAY2014,Thursday,Bicyclist Failed to Yield - Sign-Controlled Intersection,16,Intersection,May,B: Evident Injury,16:43:00,Bicyclist Ride Through - Sign-Controlled Intersection,2014,Yes,No,Daylight,Straight - Level,Local Street,Dry,"Two-Way, Not Divided",None,T-Intersection,Smooth Asphalt,2 lanes,"35.7704609756, -81.4301434468"
758,Greensboro,Guilford,Piedmont,Residential,Urban (>70% Developed),GILESPIE ST,Urban,30 - 35  MPH,Stop Sign,Clear,No,47,40-49,NA,NA,With Traffic,C: Possible Injury,Travel Lane,Black,Male,62,60-69,NA,No,0-5 mph,O: No Injury,Black,Male,Sport Utility,No,28NOV2014,Friday,Motorist Failed to Yield - Sign-Controlled Intersection,23,Intersection,November,C: Possible Injury,23:02:00,Motorist Drive Out - Sign-Controlled Intersection,2014,Yes,No,Dark - Lighted Roadway,Straight - Level,Local Street,Dry,"Two-Way, Not Divided",None,Related To Intersection,Coarse Asphalt,2 lanes,"36.0656430997, -79.7652129649"
728,Raleigh,Wake,Piedmont,Institutional,Mixed (30% To 70% Developed),OVAL DR,Urban,40 - 45  MPH,Stop And Go Signal,Clear,No,25,25-29,NA,No,With Traffic,B: Evident Injury,Sidewalk / Crosswalk / Driveway Crossing,White,Male,66,60-69,NA,No,0-5 mph,O: No Injury,Black,Male,Other Bus,No,23OCT2014,Thursday,Motorist Right Turn / Merge,0,Intersection,October,B: Evident Injury,00:10:00,Motorist Right Turn - Same Direction,2014,No,No,Dark - Lighted Roadway,Curve - Level,Local Street,Dry,"Two-Way, Divided, Positive Median Barrier",None,T-Intersection,Coarse Asphalt,4 lanes,"35.7759670775, -78.6709426185"
751,Boone,Watauga,Mountains,Institutional,Urban (>70% Developed),HOWARD STREET,Urban,20 - 25  MPH,Stop Sign,Cloudy,No,22,20-24,NA,No,With Traffic,B: Evident Injury,Sidewalk / Crosswalk / Driveway Crossing,White,Male,22,20-24,NA,No,11-15 mph,O: No Injury,White,Male,Sport Utility,No,01DEC2014,Monday,Parallel Paths - Other Circumstances,15,Intersection-Related,December,B: Evident Injury,15:36:00,Bicyclist Ride Out - Parallel Path,2014,No,No,Daylight,Curve - Grade,Local Street,Dry,"Two-Way, Not Divided",None,T-Intersection,Coarse Asphalt,2 lanes,"36.2164830586, -81.6814435473"
737,Raleigh,Wake,Piedmont,Residential,Rural (<30% Developed),POOLE RD,Urban,30 - 35  MPH,No Control Present,Cloudy,No,21,20-24,NA,No,With Traffic,C: Possible Injury,Travel Lane,Black,Male,32,30-39,NA,No,6-10 mph,O: No Injury,Black,Female,Passenger Car,No,17NOV2014,Monday,Motorist Failed to Yield - Signalized Intersection,13,Intersection,November,C: Possible Injury,13:49:00,Motorist Drive Through - Signalized Intersection,2014,Yes,No,Daylight,Straight - Level,Local Street,Wet,"Two-Way, Not Divided",None,Four-Way Intersection,Smooth Asphalt,4 lanes,"35.7710970795, -78.583402591"
739,Charlotte,Mecklenburg,Piedmont,Residential,Urban (>70% Developed),EASTWAY DRIVE,Urban,40 - 45  MPH,No Control Present,Clear,No,16,16-19,NA,No,With Traffic,B: Evident Injury,Travel Lane,Black,Male,26,25-29,NA,No,26-30 mph,O: No Injury,White,Female,Sport Utility,No,21NOV2014,Friday,Crossing Paths - Other Circumstances,12,Intersection,November,B: Evident Injury,12:38:00,Sign-Controlled Intersection - Other / Unknown,2014,Yes,No,Daylight,Straight - Level,Local Street,Dry,"Two-Way, Not Divided",None,No Special Feature,Smooth Asphalt,4 lanes,"35.2222128836, -80.7794632227"
726,Rocky Mount,Nash,Coastal,Residential,Urban (>70% Developed),SUNSET AVE,Urban,40 - 45  MPH,Stop Sign,Rain,No,31,30-39,NA,NA,Facing Traffic,C: Possible Injury,Travel Lane,White,Male,23,20-24,NA,No,0-5 mph,O: No Injury,Black,Male,Sport Utility,No,17NOV2014,Monday,Loss of Control / Turning Error,13,Intersection,November,C: Possible Injury,13:46:00,Bicyclist Lost Control - Mechanical Problems,2014,Yes,No,Daylight,Straight - Grade,Local Street,Wet,"Two-Way, Not Divided",None,No Special Feature,Coarse Asphalt,2 lanes,"35.9692641467, -77.8850723903"
1917,Charlotte,Mecklenburg,Piedmont,Commercial,Urban (>70% Developed),NA,Urban,30 - 35  MPH,No Control Present,Clear,No,66,60-69,No,NA,With Traffic,C: Possible Injury,Sidewalk / Crosswalk / Driveway Crossing,Black,Male,NA,NA,Missing,NA,0-5 mph,Unknown Injury,Unknown/Missing,NA,NA,No,14APR2012,Saturday,Motorist Right Turn / Merge,12,Non-Intersection,April,C: Possible Injury,12:04:00,Motorist Right Turn - Same Direction,2012,Yes,Yes,Daylight,Straight - Level,Local Street,Dry,"Two-Way, Not Divided",None,"Driveway, Public",Smooth Asphalt,4 lanes,"35.1842768765, -80.7490032118"
3722,Burlington,Alamance,Piedmont,Commercial,Urban (>70% Developed),NA,Urban,30 - 35  MPH,Stop Sign,Cloudy,Yes,55,50-59,No,NA,With Traffic,B: Evident Injury,Travel Lane,Hispanic,Male,28,25-29,No,NA,0-5 mph,O: No Injury,White,Female,Sport Utility,No,15FEB2010,Monday,Motorist Failed to Yield - Sign-Controlled Intersection,18,Intersection,February,B: Evident Injury,18:25:00,Motorist Drive Out - Sign-Controlled Intersection,2010,Yes,No,Dark - Lighted Roadway,Straight - Level,US Route,Wet,"Two-Way, Divided, Unprotected Median",None,No Special Feature,Smooth Asphalt,5 lanes,"36.0849601153, -79.4534788716"
3726,None - Rural Crash,Davidson,Piedmont,Residential,Rural (<30% Developed),NA,Rural,50 - 55  MPH,"Double Yellow Line, No Passing Zone",Clear,No,17,16-19,No,NA,With Traffic,B: Evident Injury,Travel Lane,White,Male,42,40-49,No,NA,51-55 mph,O: No Injury,White,Male,Pickup,No,18FEB2010,Thursday,Bicyclist Left Turn / Merge,8,Non-Intersection,February,B: Evident Injury,08:49:00,Bicyclist Left Turn - Same Direction,2010,Yes,No,Daylight,Straight - Level,NC Route,Dry,"Two-Way, Not Divided",None,No Special Feature,Smooth Asphalt,2 lanes,"35.6498709956, -80.2056080746"
3734,None - Rural Crash,Bladen,Coastal,"Farms, Woods, Pastures",Rural (<30% Developed),NA,Rural,50 - 55  MPH,No Control Present,Clear,No,15,11-15,No,NA,Facing Traffic,A: Disabling Injury,Travel Lane,Black,Male,57,50-59,No,NA,51-55 mph,O: No Injury,Black,Female,Pickup,No,14MAR2010,Sunday,Bicyclist Right Turn / Merge,17,Non-Intersection,March,A: Disabling Injury,17:20:00,Bicyclist Right Turn - Same Direction,2010,Yes,No,Daylight,Straight - Level,State Secondary Route,Dry,"Two-Way, Not Divided",None,No Special Feature,Coarse Asphalt,2 lanes,"34.7492938528, -78.7358725849"
3737,Wilmington,New Hanover,Coastal,Residential,Urban (>70% Developed),NA,Urban,30 - 35  MPH,Stop Sign,Clear,No,47,40-49,No,NA,With Traffic,B: Evident Injury,Travel Lane,Black,Male,NA,NA,Missing,NA,36-40 mph,Unknown Injury,Unknown/Missing,NA,NA,No,17FEB2010,Wednesday,Motorist Failed to Yield - Sign-Controlled Intersection,18,Intersection,February,B: Evident Injury,18:00:00,Motorist Drive Through - Sign-Controlled Intersection,2010,Yes,Yes,Daylight,Straight - Level,Local Street,Dry,"Two-Way, Not Divided",None,Four-Way Intersection,Coarse Asphalt,4 lanes,"34.2194547632, -77.9400323189"
3741,Charlotte,Mecklenburg,Piedmont,Commercial,Urban (>70% Developed),NA,Urban,50 - 55  MPH,No Control Present,Clear,No,64,60-69,No,NA,NA,K: Killed,Travel Lane,Black,Male,44,40-49,No,NA,56-60 mph,O: No Injury,Hispanic,Male,Passenger Car,No,08FEB2010,Monday,Bicyclist Failed to Yield - Midblock,14,Non-Intersection,February,K: Killed,14:48:00,Bicyclist Ride Out - Other Midblock,2010,Yes,No,Daylight,Straight - Level,US Route,Dry,"Two-Way, Divided, Positive Median Barrier",None,No Special Feature,Coarse Asphalt,8 lanes,"35.2106388805, -80.8012732289"
3743,None - Rural Crash,Burke,Mountains,Residential,Mixed (30% To 70% Developed),NA,Rural,40 - 45  MPH,"Double Yellow Line, No Passing Zone",Clear,No,63,60-69,No,NA,With Traffic,B: Evident Injury,Travel Lane,White,Male,17,0-19,No,NA,41-45 mph,O: No Injury,White,Female,Sport Utility,No,20MAR2010,Saturday,Bicyclist Left Turn / Merge,13,Non-Intersection,March,B: Evident Injury,13:27:00,Bicyclist Left Turn - Same Direction,2010,Yes,No,Daylight,Straight - Grade,State Secondary Route,Dry,"Two-Way, Not Divided",None,"Driveway, Private",Smooth Asphalt,2 lanes,"35.7707969684, -81.6162235028"
3753,Goldsboro,Wayne,Coastal,Commercial,Urban (>70% Developed),NA,Urban,40 - 45  MPH,No Control Present,Clear,No,34,30-39,No,NA,With Traffic,K: Killed,Travel Lane,White,Male,70+,70+,No,NA,31-35 mph,O: No Injury,Black,Male,Pickup,No,04MAR2010,Thursday,Motorist Overtaking Bicyclist,19,Non-Intersection,March,K: Killed,19:23:00,Motorist Overtaking - Undetected Bicyclist,2010,Yes,No,Dark - Roadway Not Lighted,Straight - Level,Local Street,Dry,"Two-Way, Not Divided",None,No Special Feature,Smooth Asphalt,2 lanes,"35.4026900212, -77.9716023863"
3756,Forest City,Rutherford,Mountains,Residential,Urban (>70% Developed),NA,Urban,30 - 35  MPH,No Control Present,Cloudy,No,28,25-29,No,NA,Facing Traffic,B: Evident Injury,Travel Lane,Black,Male,17,0-19,No,NA,21-25 mph,O: No Injury,Hispanic,Male,Passenger Car,No,10MAR2010,Wednesday,Motorist Left Turn / Merge,15,Non-Intersection,March,B: Evident Injury,15:15:00,Motorist Left Turn - Same Direction,2010,Yes,No,Daylight,Straight - Grade,Local Street,Dry,"Two-Way, Not Divided",None,No Special Feature,Coarse Asphalt,2 lanes,"35.3561268712, -81.8733235551"
3763,Raleigh,Wake,Piedmont,Residential,Urban (>70% Developed),NA,Urban,30 - 35  MPH,No Control Present,Clear,No,28,25-29,No,NA,NA,O: No Injury,NA,Black,Male,34,30-39,No,NA,16-20 mph,O: No Injury,White,Male,Police,No,13FEB2010,Saturday,Loss of Control / Turning Error,22,Intersection-Related,February,O: No Injury,22:30:00,Motorist Lost Control - Surface Conditions,2010,No,No,Dark - Lighted Roadway,Straight - Level,Local Street,Wet,"Two-Way, Not Divided",Road Surface Condition,No Special Feature,Coarse Asphalt,2 lanes,"35.7810470799, -78.6257126054"
3769,High Point,Guilford,Piedmont,Commercial,Urban (>70% Developed),NA,Urban,30 - 35  MPH,Stop And Go Signal,Clear,No,NA,NA,Missing,NA,With Traffic,Unknown Injury,Travel Lane,Unknown/Missing,NA,34,30-39,No,NA,21-25 mph,O: No Injury,Black,Male,Passenger Car,No,18MAR2010,Thursday,Bicyclist Failed to Yield - Signalized Intersection,20,Intersection,March,O: No Injury,20:26:00,Bicyclist Ride Out - Signalized  Intersection,2010,No,No,Dark - Lighted Roadway,Straight - Grade,Local Street,Dry,"One-Way, Not Divided",None,Four-Way Intersection,Smooth Asphalt,2 lanes,"35.9730520707, -80.0146230353"
3781,Lumberton,Robeson,Coastal,Commercial,Urban (>70% Developed),NA,Urban,30 - 35  MPH,No Control Present,Cloudy,No,22,20-24,No,NA,Not Applicable,B: Evident Injury,Non-Roadway,White,Male,28,25-29,No,NA,0-5 mph,O: No Injury,White,Male,"Light Truck (Mini-Van, Panel)",No,13MAR2010,Saturday,Non-Roadway,13,Non-Roadway,March,B: Evident Injury,13:24:00,Non-Roadway,2010,Yes,No,Daylight,Straight - Level,Public Vehicular Area,Dry,"Two-Way, Not Divided",None,No Special Feature,Coarse Asphalt,NA,"34.6322468181, -79.0041926597"
3799,Wilmington,New Hanover,Coastal,Commercial,Urban (>70% Developed),NA,Urban,40 - 45  MPH,No Control Present,Clear,No,24,20-24,No,NA,With Traffic,C: Possible Injury,Travel Lane,Black,Female,49,40-49,No,NA,41-45 mph,O: No Injury,White,Male,Passenger Car,No,03APR2010,Saturday,Bicyclist Left Turn / Merge,18,Non-Intersection,April,C: Possible Injury,18:34:00,Bicyclist Left Turn - Same Direction,2010,No,No,Daylight,Straight - Level,US Route,Dry,"Two-Way, Divided, Unprotected Median",None,No Special Feature,Coarse Asphalt,5 lanes,"34.243151771, -77.8606222962"
3805,Raleigh,Wake,Piedmont,Residential,Mixed (30% To 70% Developed),NA,Urban,40 - 45  MPH,Stop And Go Signal,Clear,No,21,20-24,No,NA,With Traffic,B: Evident Injury,Travel Lane,White,Male,17,0-19,No,NA,0-5 mph,O: No Injury,White,Male,Passenger Car,No,15APR2010,Thursday,Loss of Control / Turning Error,15,Intersection,April,B: Evident Injury,15:17:00,Bicyclist Lost Control - Other / Unknown,2010,No,No,Daylight,Straight - Level,State Secondary Route,Dry,"Two-Way, Not Divided",None,Four-Way Intersection,Smooth Asphalt,2 lanes,"35.8928601011, -78.7167526379"
3819,Raleigh,Wake,Piedmont,Residential,Urban (>70% Developed),NA,Urban,20 - 25  MPH,No Control Present,Clear,No,9,6-10,No,NA,Not Applicable,B: Evident Injury,Driveway / Alley,Black,Male,53,50-59,No,NA,6-10 mph,O: No Injury,White,Male,Pickup,No,18MAR2010,Thursday,Bicyclist Failed to Yield - Midblock,18,Non-Intersection,March,B: Evident Injury,18:00:00,Bicyclist Ride Out - Commercial Driveway / Alley,2010,Yes,No,Daylight,Straight - Level,Local Street,Dry,"Two-Way, Not Divided",None,No Special Feature,Smooth Asphalt,2 lanes,"35.7365770697, -78.6605476132"
3824,Southern Pines,Moore,Piedmont,Residential,Urban (>70% Developed),NA,Urban,40 - 45  MPH,Stop Sign,Clear,No,33,30-39,No,NA,With Traffic,B: Evident Injury,Travel Lane,White,Female,16,0-19,No,NA,0-5 mph,O: No Injury,White,Male,Pickup,No,06APR2010,Tuesday,Motorist Failed to Yield - Sign-Controlled Intersection,14,Intersection,April,B: Evident Injury,14:30:00,Motorist Drive Out - Sign-Controlled Intersection,2010,Yes,No,Daylight,Straight - Grade,NC Route,Dry,"Two-Way, Divided, Unprotected Median",None,T-Intersection,Coarse Asphalt,4 lanes,"35.1927069273, -79.387242804"
3831,Charlotte,Mecklenburg,Piedmont,Commercial,Urban (>70% Developed),NA,Urban,30 - 35  MPH,No Control Present,Clear,No,54,50-59,No,NA,With Traffic,B: Evident Injury,Bike Lane / Paved Shoulder,White,Male,27,25-29,No,NA,0-5 mph,O: No Injury,White,Male,Passenger Car,No,07APR2010,Wednesday,Motorist Right Turn / Merge,17,Non-Intersection,April,B: Evident Injury,17:59:00,Motorist Right Turn - Same Direction,2010,Yes,No,Daylight,Straight - Level,Local Street,Dry,"Two-Way, Not Divided",None,"Driveway, Private",Smooth Asphalt,3 lanes,"35.2002098763, -80.8423732402"
3835,None - Rural Crash,New Hanover,Coastal,Commercial,Urban (>70% Developed),NA,Rural,30 - 35  MPH,No Control Present,Clear,No,13,11-15,No,NA,Not Applicable,C: Possible Injury,NA,White,Male,51,50-59,No,NA,21-25 mph,O: No Injury,Black,Male,Passenger Car,No,23APR2010,Friday,Bicyclist Failed to Yield - Midblock,15,Non-Intersection,April,C: Possible Injury,15:59:00,Bicyclist Ride Out - Midblock - Unknown,2010,No,No,Daylight,Straight - Level,US Route,Dry,"Two-Way, Not Divided",None,No Special Feature,Smooth Asphalt,3 lanes,"34.3498487939, -77.8834723081"
3838,None - Rural Crash,Buncombe,Mountains,Commercial,Urban (>70% Developed),NA,Rural,40 - 45  MPH,No Control Present,Clear,No,30,30-39,No,NA,With Traffic,B: Evident Injury,Travel Lane,White,Male,45,40-49,No,NA,41-45 mph,O: No Injury,White,Female,Passenger Car,No,19APR2010,Monday,Motorist Overtaking Bicyclist,6,Non-Intersection,April,B: Evident Injury,06:25:00,Motorist Overtaking - Other / Unknown,2010,Yes,No,Dark - Roadway Not Lighted,Straight - Level,US Route,Dry,"Two-Way, Not Divided",None,No Special Feature,Smooth Asphalt,5 lanes,"35.4496268668, -82.5088937478"
3845,Statesville,Iredell,Piedmont,Residential,Urban (>70% Developed),NA,Urban,30 - 35  MPH,Stop Sign,Clear,No,6,6-10,No,NA,Facing Traffic,B: Evident Injury,Travel Lane,White,Male,27,25-29,No,NA,0-5 mph,O: No Injury,White,Female,Passenger Car,No,17APR2010,Saturday,Motorist Failed to Yield - Sign-Controlled Intersection,14,Intersection,April,B: Evident Injury,14:15:00,Motorist Drive Out - Sign-Controlled Intersection,2010,No,No,Daylight,Curve - Level,Local Street,Dry,"Two-Way, Not Divided",None,T-Intersection,Smooth Asphalt,2 lanes,"35.7968440015, -80.8826732848"
3869,Cary,Wake,Piedmont,Commercial,Urban (>70% Developed),NA,Urban,30 - 35  MPH,Stop Sign,Clear,No,46,40-49,No,NA,Facing Traffic,C: Possible Injury,Sidewalk / Crosswalk / Driveway Crossing,Black,Male,36,30-39,No,NA,0-5 mph,O: No Injury,White,Female,Sport Utility,No,30APR2010,Friday,Motorist Failed to Yield - Sign-Controlled Intersection,16,Intersection,April,C: Possible Injury,16:24:00,Motorist Drive Out - Sign-Controlled Intersection,2010,Yes,No,Daylight,Straight - Level,Local Street,Dry,"Two-Way, Not Divided",None,No Special Feature,Smooth Asphalt,2 lanes,"35.7849310759, -78.764342647"
3872,New Bern,Craven,Coastal,Residential,Urban (>70% Developed),NA,Urban,20 - 25  MPH,Stop Sign,Clear,No,14,11-15,No,NA,With Traffic,C: Possible Injury,Travel Lane,Black,Male,70+,70+,No,NA,21-25 mph,O: No Injury,White,Female,Passenger Car,No,26APR2010,Monday,Bicyclist Failed to Yield - Sign-Controlled Intersection,17,Intersection,April,C: Possible Injury,17:18:00,Bicyclist Ride Through - Sign-Controlled Intersection,2010,Yes,No,Daylight,Straight - Level,Local Street,Dry,"Two-Way, Not Divided",None,No Special Feature,Smooth Asphalt,2 lanes,"35.1069219875, -77.0463960911"
3879,Maxton,Robeson,Coastal,Commercial,Urban (>70% Developed),NA,Rural,30 - 35  MPH,"Double Yellow Line, No Passing Zone",Clear,No,47,40-49,Yes,NA,Facing Traffic,B: Evident Injury,Travel Lane,Black,Male,37,30-39,No,NA,31-35 mph,O: No Injury,Native American,Male,Pickup,Yes,05MAY2010,Wednesday,Bicyclist Right Turn / Merge,17,Non-Intersection,May,B: Evident Injury,17:42:00,Bicyclist Right Turn - Same Direction,2010,Yes,No,Daylight,Straight - Level,Local Street,Dry,"Two-Way, Not Divided",None,No Special Feature,Coarse Asphalt,2 lanes,"34.7386768299, -79.3574327719"
3883,Raleigh,Wake,Piedmont,Residential,Urban (>70% Developed),NA,Urban,40 - 45  MPH,Stop And Go Signal,Clear,No,53,50-59,No,NA,With Traffic,B: Evident Injury,Travel Lane,White,Male,21,20-24,No,NA,11-15 mph,O: No Injury,Black,Female,Passenger Car,No,16APR2010,Friday,Motorist Left Turn / Merge,16,Intersection,April,B: Evident Injury,16:34:00,Motorist Left Turn - Opposite Direction,2010,Yes,No,Daylight,Straight - Grade,Local Street,Dry,"Two-Way, Not Divided",None,No Special Feature,Smooth Asphalt,4 lanes,"35.7690370756, -78.6913126239"
3888,Greensboro,Guilford,Piedmont,Residential,Urban (>70% Developed),NA,Urban,30 - 35  MPH,No Control Present,Clear,No,8,6-10,No,NA,Not Applicable,C: Possible Injury,Driveway / Alley,Black,Male,51,50-59,No,NA,16-20 mph,O: No Injury,Black,Female,Passenger Car,No,29APR2010,Thursday,Bicyclist Failed to Yield - Midblock,16,Non-Intersection,April,C: Possible Injury,16:09:00,Bicyclist Ride Out - Residential Driveway,2010,Yes,No,Daylight,Straight - Level,Local Street,Dry,"Two-Way, Not Divided",None,No Special Feature,Smooth Asphalt,2 lanes,"36.0142630879, -79.8061169742"
3892,Charlotte,Mecklenburg,Piedmont,Commercial,Urban (>70% Developed),NA,Urban,NA,No Control Present,Clear,No,43,40-49,No,NA,Facing Traffic,C: Possible Injury,Sidewalk / Crosswalk / Driveway Crossing,Black,Male,27,25-29,No,NA,6-10 mph,O: No Injury,Hispanic,Male,Passenger Car,No,28APR2010,Wednesday,Motorist Failed to Yield - Midblock,13,Non-Intersection,April,C: Possible Injury,13:24:00,Motorist Drive Out - Commercial Driveway / Alley,2010,Yes,No,Daylight,Straight - Level,Public Vehicular Area,Dry,"Two-Way, Not Divided",None,"Driveway, Private",Smooth Asphalt,2 lanes,"35.2109598818, -80.759013216"
3893,None - Rural Crash,Dare,Coastal,Commercial,Urban (>70% Developed),NA,Rural,30 - 35  MPH,No Control Present,Clear,No,35,30-39,No,NA,With Traffic,C: Possible Injury,Travel Lane,White,Male,70+,70+,No,NA,31-35 mph,O: No Injury,White,Male,Motor Home/Recreational Vehicle,No,11MAY2010,Tuesday,Motorist Overtaking Bicyclist,14,Intersection-Related,May,C: Possible Injury,14:00:00,Motorist Overtaking - Other / Unknown,2010,No,No,Daylight,Straight - Level,NC Route,Dry,"Two-Way, Not Divided",None,No Special Feature,Smooth Asphalt,2 lanes,"35.2518270666, -75.6011916556"
3897,Siler City,Chatham,Piedmont,Residential,Urban (>70% Developed),NA,Urban,30 - 35  MPH,Stop Sign,Cloudy,No,9,6-10,No,NA,With Traffic,B: Evident Injury,Travel Lane,Black,Female,18,0-19,No,NA,21-25 mph,O: No Injury,White,Female,Passenger Car,No,20APR2010,Tuesday,Loss of Control / Turning Error,16,Intersection,April,B: Evident Injury,16:41:00,Bicyclist Lost Control - Mechanical Problems,2010,No,No,Daylight,Straight - Hillcrest,Local Street,Dry,"Two-Way, Not Divided",None,Four-Way Intersection,Smooth Asphalt,2 lanes,"35.7253270378, -79.4722528574"
3906,Charlotte,Mecklenburg,Piedmont,Commercial,Mixed (30% To 70% Developed),NA,Urban,30 - 35  MPH,Stop And Go Signal,Clear,No,14,11-15,No,NA,Not Applicable,B: Evident Injury,Sidewalk / Crosswalk / Driveway Crossing,White,Male,50,50-59,No,NA,21-25 mph,O: No Injury,White,Female,Sport Utility,No,06MAY2010,Thursday,Bicyclist Failed to Yield - Sign-Controlled Intersection,7,Intersection,May,B: Evident Injury,07:37:00,Bicyclist Ride Out - Sign-Controlled Intersection,2010,Yes,No,Daylight,Straight - Level,Local Street,Dry,"Two-Way, Not Divided",None,Four-Way Intersection,Smooth Asphalt,6 lanes,"35.0641208497, -80.774253213"
3913,Hope Mills,Cumberland,Coastal,Commercial,Urban (>70% Developed),NA,Urban,30 - 35  MPH,No Control Present,Cloudy,No,10,6-10,No,NA,Not Applicable,B: Evident Injury,Travel Lane,Black,Male,19,0-19,No,NA,11-15 mph,O: No Injury,Hispanic,Male,Passenger Car,No,10MAR2010,Wednesday,Bicyclist Failed to Yield - Midblock,17,Non-Intersection,March,B: Evident Injury,17:50:00,Multiple Threat - Midblock,2010,Yes,No,Dusk,Straight - Level,Local Street,Wet,"Two-Way, Divided, Unprotected Median",None,No Special Feature,Coarse Asphalt,7 lanes,"35.0052899013, -78.9667626673"