object_id,city,county,region,development,locality,on_road,rural_urban,speed_limit,traffic_control,weather,workzone,bike_age,bike_age_group,bike_alcohol,bike_alcohol_drugs,bike_direction,bike_injury,bike_position,bike_race,bike_sex,driver_age,driver_age_group,driver_alcohol,driver_alcohol_drugs,driver_est_speed,driver_injury,driver_race,driver_sex,driver_vehicle_type,crash_alcohol,crash_date,crash_day,crash_group,crash_hour,crash_location,crash_month,crash_severity,crash_time,crash_type,crash_year,ambulance_req,hit_run,light_condition,road_character,road_class,road_condition,road_configuration,road_defects,road_feature,road_surface,num_lanes,geo_point
3919,Asheville,Buncombe,Mountains,Residential,Urban (>70% Developed),NA,Urban,30 - 35  MPH,Stop Sign,Clear,No,9,6-10,No,NA,Not Applicable,B: Evident Injury,Driveway / Alley,White,Male,45,40-49,No,NA,16-20 mph,O: No Injury,White,Male,Pickup,No,03MAY2010,Monday,Bicyclist Failed to Yield - Midblock,16,Non-Intersection,May,B: Evident Injury,16:32:00,Bicyclist Ride Out - Residential Driveway,2010,Yes,No,Daylight,Straight - Level,Local Street,Dry,"Two-Way, Not Divided",None,T-Intersection,Smooth Asphalt,2 lanes,"35.4741548717, -82.5164537516"
3925,Asheville,Buncombe,Mountains,Residential,Urban (>70% Developed),NA,Urban,20 - 25  MPH,Other,Clear,No,6,6-10,No,NA,Facing Traffic,A: Disabling Injury,Travel Lane,Black,Male,23,20-24,No,NA,11-15 mph,O: No Injury,Black,Male,Passenger Car,No,01MAY2010,Saturday,Loss of Control / Turning Error,13,Intersection,May,A: Disabling Injury,13:47:00,Bicyclist Lost Control - Mechanical Problems,2010,Yes,No,Daylight,Straight - Hillcrest,Local Street,Dry,"Two-Way, Not Divided",None,T-Intersection,Smooth Asphalt,2 lanes,"35.5774838919, -82.554653769"
3933,Asheville,Buncombe,Mountains,Commercial,Urban (>70% Developed),NA,Urban,30 - 35  MPH,"Double Yellow Line, No Passing Zone",Cloudy,No,32,30-39,No,NA,With Traffic,C: Possible Injury,Travel Lane,White,Female,NA,NA,Missing,NA,6-10 mph,Unknown Injury,Unknown/Missing,NA,NA,No,11MAY2010,Tuesday,Motorist Failed to Yield - Midblock,10,Non-Intersection,May,C: Possible Injury,10:55:00,Motorist Drive Out - Commercial Driveway / Alley,2010,No,Yes,Daylight,Straight - Grade,Local Street,Wet,"Two-Way, Not Divided",None,"Driveway, Public",Smooth Asphalt,2 lanes,"35.5787868916, -82.5632137723"
3935,None - Rural Crash,Robeson,Coastal,"Farms, Woods, Pastures",Rural (<30% Developed),NA,Rural,50 - 55  MPH,No Control Present,Clear,No,14,11-15,No,NA,With Traffic,C: Possible Injury,Travel Lane,Native American,Male,NA,NA,No,NA,11-15 mph,Unknown Injury,Unknown/Missing,NA,NA,No,13MAY2010,Thursday,Motorist Overtaking Bicyclist,19,Non-Intersection,May,C: Possible Injury,19:52:00,Motorist Overtaking - Other / Unknown,2010,Yes,Yes,Dawn,Straight - Level,State Secondary Route,Dry,"Two-Way, Not Divided",None,No Special Feature,Coarse Asphalt,2 lanes,"34.7200668301, -79.2116427273"
3938,Cary,Wake,Piedmont,Commercial,Urban (>70% Developed),NA,Urban,40 - 45  MPH,Stop Sign,Clear,No,30,30-39,No,NA,With Traffic,O: No Injury,Travel Lane,Hispanic,Male,39,30-39,No,NA,0-5 mph,O: No Injury,Black,Male,Sport Utility,No,25MAY2010,Tuesday,Motorist Failed to Yield - Sign-Controlled Intersection,18,Intersection,May,O: No Injury,18:33:00,Motorist Drive Out - Sign-Controlled Intersection,2010,No,No,Daylight,Straight - Level,Local Street,Dry,"Two-Way, Divided, Unprotected Median",None,No Special Feature,Smooth Asphalt,4 lanes,"35.7319370642, -78.7899226526"
3939,Tarboro,Edgecombe,Coastal,Residential,Urban (>70% Developed),NA,Urban,20 - 25  MPH,Stop Sign,Clear,No,50,50-59,No,NA,Facing Traffic,C: Possible Injury,Travel Lane,Black,Male,40,40-49,No,NA,0-5 mph,O: No Injury,White,Female,Passenger Car,No,12MAY2010,Wednesday,Motorist Failed to Yield - Sign-Controlled Intersection,20,Intersection,May,C: Possible Injury,20:40:00,Motorist Drive Out - Sign-Controlled Intersection,2010,Yes,No,Dark - Lighted Roadway,Straight - Level,Local Street,Dry,"Two-Way, Not Divided",None,Four-Way Intersection,Smooth Asphalt,2 lanes,"35.9174271471, -77.5452982831"
3942,Greensboro,Guilford,Piedmont,Residential,Urban (>70% Developed),NA,Urban,30 - 35  MPH,No Control Present,Clear,No,34,30-39,No,NA,With Traffic,B: Evident Injury,Travel Lane,Black,Male,NA,NA,Missing,NA,31-35 mph,Unknown Injury,Unknown/Missing,NA,Passenger Car,No,13MAY2010,Thursday,Motorist Overtaking Bicyclist,20,Non-Intersection,May,B: Evident Injury,20:40:00,Motorist Overtaking - Other / Unknown,2010,Yes,Yes,Dark - Roadway Not Lighted,Straight - Grade,Local Street,Dry,"Two-Way, Not Divided",None,No Special Feature,Smooth Asphalt,2 lanes,"36.0667971003, -79.7515929606"
3943,Shelby,Cleveland,Mountains,Residential,Urban (>70% Developed),NA,Urban,5 - 15 MPH,No Control Present,Clear,No,7,6-10,No,NA,Not Applicable,C: Possible Injury,Driveway / Alley,White,Male,26,25-29,No,NA,0-5 mph,O: No Injury,White,Female,Van,No,14MAY2010,Friday,Non-Roadway,16,Non-Roadway,May,C: Possible Injury,16:18:00,Non-Roadway,2010,No,No,Daylight,Straight - Level,"Private Road, Driveway",Dry,NA,None,No Special Feature,Other,NA,"35.2870398685, -81.5504434554"
3952,Charlotte,Mecklenburg,Piedmont,Residential,Urban (>70% Developed),NA,Urban,30 - 35  MPH,No Control Present,Clear,No,43,40-49,No,NA,With Traffic,C: Possible Injury,Travel Lane,White,Male,NA,NA,Missing,NA,11-15 mph,Unknown Injury,Unknown/Missing,NA,NA,No,15MAY2010,Saturday,Motorist Failed to Yield - Sign-Controlled Intersection,9,Intersection,May,C: Possible Injury,09:10:00,Motorist Drive Out - Sign-Controlled Intersection,2010,No,Yes,Daylight,Straight - Grade,Local Street,Dry,"Two-Way, Not Divided",None,Four-Way Intersection,Smooth Asphalt,4 lanes,"35.217112879, -80.8698682495"
3953,Burlington,Alamance,Piedmont,Residential,Urban (>70% Developed),NA,Urban,30 - 35  MPH,No Control Present,Clear,No,21,20-24,No,NA,With Traffic,A: Disabling Injury,Travel Lane,White,Male,29,25-29,No,NA,16-20 mph,O: No Injury,Black,Female,Sport Utility,No,16MAY2010,Sunday,Bicyclist Left Turn / Merge,18,Non-Intersection,May,A: Disabling Injury,18:24:00,Bicyclist Left Turn - Same Direction,2010,Yes,No,Daylight,Straight - Level,Local Street,Dry,"Two-Way, Not Divided",None,No Special Feature,Coarse Asphalt,2 lanes,"36.0672641111, -79.4642668742"
3956,None - Rural Crash,Nash,Coastal,Residential,Mixed (30% To 70% Developed),NA,Rural,40 - 45  MPH,"Double Yellow Line, No Passing Zone",Clear,No,22,20-24,No,NA,With Traffic,A: Disabling Injury,Other,White,Male,22,20-24,No,NA,41-45 mph,O: No Injury,White,Female,Passenger Car,No,27MAY2010,Thursday,Loss of Control / Turning Error,7,Non-Intersection,May,A: Disabling Injury,07:35:00,Motorist Lost Control - Other / Unknown,2010,Yes,No,Daylight,Straight - Level,State Secondary Route,Dry,"Two-Way, Not Divided",None,No Special Feature,Smooth Asphalt,2 lanes,"35.9955741508, -77.9302524044"
3958,Greensboro,Guilford,Piedmont,Industrial,Urban (>70% Developed),NA,Urban,20 - 25  MPH,Stop Sign,Clear,No,48,40-49,No,NA,With Traffic,B: Evident Injury,Travel Lane,Black,Male,29,25-29,No,NA,16-20 mph,O: No Injury,White,Female,Sport Utility,No,20MAY2010,Thursday,Bicyclist Failed to Yield - Sign-Controlled Intersection,18,Intersection,May,B: Evident Injury,18:00:00,Bicyclist Ride Through - Sign-Controlled Intersection,2010,Yes,No,Daylight,Straight - Bottom,Local Street,Dry,"Two-Way, Not Divided",None,Four-Way Intersection,Smooth Asphalt,2 lanes,"36.0588070975, -79.7897369722"
3961,Wilmington,New Hanover,Coastal,Residential,Urban (>70% Developed),NA,Urban,5 - 15 MPH,Stop And Go Signal,Clear,No,22,20-24,No,NA,Facing Traffic,B: Evident Injury,Multi-use Path,White,Male,NA,NA,Missing,NA,0-5 mph,Unknown Injury,Unknown/Missing,NA,NA,No,21MAY2010,Friday,Motorist Failed to Yield - Signalized Intersection,19,Intersection,May,B: Evident Injury,19:16:00,Motorist Drive Out - Signalized Intersection,2010,No,Yes,Daylight,Straight - Level,Local Street,Dry,"Two-Way, Divided, Positive Median Barrier",None,No Special Feature,Other,7 lanes,"34.2561447751, -77.8262582865"
3962,Southern Pines,Moore,Piedmont,Residential,Urban (>70% Developed),NA,Urban,30 - 35  MPH,Stop Sign,Clear,No,19,16-19,No,NA,With Traffic,B: Evident Injury,Travel Lane,Black,Male,35,30-39,No,NA,31-35 mph,O: No Injury,Black,Female,Passenger Car,No,21MAY2010,Friday,Bicyclist Failed to Yield - Sign-Controlled Intersection,11,Intersection,May,B: Evident Injury,11:02:00,Bicyclist Ride Through - Sign-Controlled Intersection,2010,Yes,No,Daylight,Straight - Grade,Local Street,Dry,"Two-Way, Not Divided",None,Four-Way Intersection,Coarse Asphalt,2 lanes,"35.1773449232, -79.4053328088"
3974,Durham,Durham,Piedmont,Commercial,Urban (>70% Developed),NA,Urban,20 - 25  MPH,No Control Present,Clear,No,27,25-29,No,NA,With Traffic,B: Evident Injury,Sidewalk / Crosswalk / Driveway Crossing,White,Male,58,50-59,No,NA,6-10 mph,O: No Injury,Black,Female,Sport Utility,No,08JUN2010,Tuesday,Motorist Left Turn / Merge,9,Intersection,June,B: Evident Injury,09:54:00,Motorist Left Turn - Opposite Direction,2010,Yes,No,Daylight,Straight - Level,Local Street,Dry,"Two-Way, Not Divided",None,No Special Feature,Smooth Asphalt,3 lanes,"36.0106001186, -78.926867709"
3976,Raleigh,Wake,Piedmont,Commercial,Urban (>70% Developed),NA,Urban,30 - 35  MPH,No Control Present,Clear,No,28,25-29,No,NA,With Traffic,B: Evident Injury,Travel Lane,White,Female,21,20-24,No,NA,21-25 mph,O: No Injury,Black,Female,Passenger Car,No,15MAY2010,Saturday,Bicyclist Left Turn / Merge,13,Non-Intersection,May,B: Evident Injury,13:15:00,Bicyclist Left Turn - Same Direction,2010,No,No,Daylight,Straight - Level,Local Street,Dry,"Two-Way, Divided, Unprotected Median",None,No Special Feature,Smooth Asphalt,5 lanes,"35.7950510808, -78.6917426258"
3984,Wilmington,New Hanover,Coastal,Commercial,Urban (>70% Developed),NA,Urban,30 - 35  MPH,Stop Sign,Clear,No,47,40-49,No,NA,With Traffic,B: Evident Injury,Sidewalk / Crosswalk / Driveway Crossing,White,Male,63,60-69,No,NA,16-20 mph,O: No Injury,White,Female,Van,No,10MAY2010,Monday,Bicyclist Failed to Yield - Sign-Controlled Intersection,13,Intersection,May,B: Evident Injury,13:31:00,Bicyclist Ride Out - Sign-Controlled Intersection,2010,Yes,No,Daylight,Straight - Level,Local Street,Dry,"Two-Way, Not Divided",None,No Special Feature,Smooth Asphalt,2 lanes,"34.1937467574, -77.9354883162"
3985,Salisbury,Rowan,Piedmont,Commercial,Urban (>70% Developed),NA,Urban,40 - 45  MPH,Stop And Go Signal,Cloudy,No,53,50-59,No,NA,With Traffic,B: Evident Injury,Travel Lane,White,Male,53,50-59,No,NA,0-5 mph,O: No Injury,White,Male,Passenger Car,No,10JUN2010,Thursday,Motorist Left Turn / Merge,17,Intersection,June,B: Evident Injury,17:45:00,Motorist Left Turn - Opposite Direction,2010,Yes,No,Daylight,Straight - Level,US Route,Wet,"Two-Way, Not Divided",None,T-Intersection,Coarse Asphalt,4 lanes,"35.652453985, -80.4977331624"
3991,Wilmington,New Hanover,Coastal,Residential,Urban (>70% Developed),NA,Urban,20 - 25  MPH,Stop Sign,Clear,No,20,20-24,No,NA,With Traffic,C: Possible Injury,Travel Lane,Black,Male,34,30-39,No,NA,21-25 mph,O: No Injury,Black,Male,Sport Utility,No,28MAY2010,Friday,Bicyclist Failed to Yield - Sign-Controlled Intersection,14,Intersection,May,C: Possible Injury,14:05:00,Bicyclist Ride Out - Sign-Controlled Intersection,2010,No,No,Daylight,Straight - Level,Local Street,Dry,"Two-Way, Divided, Unprotected Median",None,Four-Way Intersection,Coarse Asphalt,4 lanes,"34.2425337682, -77.9440223217"
3999,Charlotte,Mecklenburg,Piedmont,Commercial,Urban (>70% Developed),NA,Urban,30 - 35  MPH,No Control Present,Clear,No,25,25-29,No,NA,With Traffic,C: Possible Injury,Travel Lane,White,Male,20,20-24,No,NA,11-15 mph,O: No Injury,Black,Female,Passenger Car,No,25MAY2010,Tuesday,Bicyclist Overtaking Motorist,18,Non-Intersection,May,C: Possible Injury,18:52:00,Bicyclist Overtaking - Other / Unknown,2010,No,No,Daylight,Straight - Level,Local Street,Dry,"Two-Way, Not Divided",None,No Special Feature,Smooth Asphalt,4 lanes,"35.2017628764, -80.8444932409"
1254,Cedar Point,Carteret,Coastal,Commercial,Urban (>70% Developed),PVA REDFEARN'S NURSERY,Rural,NA,No Control Present,Cloudy,No,60,60-69,No,NA,Facing Traffic,O: No Injury,Sidewalk / Crosswalk / Driveway Crossing,White,Male,65,60-69,No,NA,NA,O: No Injury,White,Male,Pedalcycle,No,13JUL2013,Saturday,Motorist Failed to Yield - Midblock,11,Non-Intersection,July,O: No Injury,11:17:00,Motorist Drive Out - Commercial Driveway / Alley,2013,No,No,Daylight,Straight - Level,Public Vehicular Area,Dry,"Two-Way, Not Divided",None,"Driveway, Public",Coarse Asphalt,NA,"34.6819468931, -77.0864020828"
1242,Wilmington,New Hanover,Coastal,Commercial,Urban (>70% Developed),WRIGHTSVILLE AVE,Urban,40 - 45  MPH,No Control Present,Clear,No,27,25-29,No,NA,With Traffic,K: Killed,Other,White,Male,23,20-24,No,NA,NA,O: No Injury,White,Female,Passenger Car,No,13JUN2013,Thursday,Loss of Control / Turning Error,22,Intersection-Related,June,K: Killed,22:16:00,Motorist Lost Control - Other / Unknown,2013,Yes,No,Dark - Lighted Roadway,Straight - Level,Local Street,Dry,"Two-Way, Divided, Unprotected Median",None,No Special Feature,Coarse Asphalt,NA,"34.2202967666, -77.8204022828"
1240,Emerald Isle,Carteret,Coastal,Commercial,Urban (>70% Developed),EASTVIEW DR,Rural,20 - 25  MPH,Stop Sign,Cloudy,No,10,6-10,No,NA,Facing Traffic,O: No Injury,Multi-use Path,White,Female,22,20-24,No,NA,NA,O: No Injury,White,Female,Passenger Car,No,24JUN2013,Monday,Bicyclist Failed to Yield - Sign-Controlled Intersection,13,Intersection,June,O: No Injury,13:16:00,Bicyclist Ride Through - Sign-Controlled Intersection,2013,No,No,Daylight,Straight - Level,Local Street,Dry,"Two-Way, Not Divided",None,T-Intersection,Smooth Asphalt,8 lanes,"34.6649468909, -77.0341020661"
1241,Wilson,Wilson,Coastal,Commercial,Urban (>70% Developed),GOLDSBORO ST,Urban,30 - 35  MPH,No Control Present,Rain,No,54,50-59,No,NA,NA,O: No Injury,Sidewalk / Crosswalk / Driveway Crossing,Black,Male,63,60-69,No,NA,0-5 mph,O: No Injury,Black,Female,Passenger Car,No,07JUN2013,Friday,Bicyclist Failed to Yield - Midblock,10,Non-Intersection,June,O: No Injury,10:19:00,Bicyclist Ride Out - Other Midblock,2013,No,No,Daylight,Straight - Level,Local Street,Wet,"Two-Way, Not Divided",None,No Special Feature,Coarse Asphalt,5 lanes,"35.7243070934, -77.911302385"
1249,None - Rural Crash,Nash,Coastal,Commercial,Urban (>70% Developed),SUNSET AVE,Rural,30 - 35  MPH,No Control Present,Clear,No,39,30-39,No,NA,With Traffic,O: No Injury,Travel Lane,Black,Male,23,20-24,Yes,NA,31-35 mph,O: No Injury,White,Male,Pickup,Yes,29JUN2013,Saturday,Motorist Overtaking Bicyclist,21,Non-Intersection,June,O: No Injury,21:34:00,Motorist Overtaking - Other / Unknown,2013,No,No,Dark - Lighted Roadway,Straight - Level,Local Street,Dry,"One-Way, Not Divided",None,No Special Feature,Smooth Asphalt,2 lanes,"35.9497071446, -77.8182023679"
1307,Greensboro,Guilford,Piedmont,Commercial,Urban (>70% Developed),BAIN ST,Urban,20 - 25  MPH,Stop Sign,Clear,No,16,16-19,No,NA,Facing Traffic,C: Possible Injury,Sidewalk / Crosswalk / Driveway Crossing,Black,Male,23,20-24,No,NA,0-5 mph,O: No Injury,White,Male,Passenger Car,No,24JUL2013,Wednesday,Motorist Failed to Yield - Sign-Controlled Intersection,17,Intersection,July,C: Possible Injury,17:56:00,Motorist Drive Out - Sign-Controlled Intersection,2013,Yes,No,Daylight,Straight - Level,Local Street,Dry,"Two-Way, Not Divided",None,T-Intersection,Smooth Asphalt,2 lanes,"36.0652970986, -79.7909029731"
1308,Raleigh,Wake,Piedmont,Residential,Urban (>70% Developed),N RALEIGH BLVD,Urban,30 - 35  MPH,Stop And Go Signal,Cloudy,No,15,11-15,No,NA,With Traffic,B: Evident Injury,Travel Lane,Black,Male,53,50-59,No,NA,16-20 mph,O: No Injury,Black,Male,Van,No,31JUL2013,Wednesday,Bicyclist Failed to Yield - Signalized Intersection,16,Intersection,July,B: Evident Injury,16:26:00,Bicyclist Ride Through - Signalized Intersection,2013,No,No,Daylight,Straight - Level,Local Street,Wet,"Two-Way, Divided, Unprotected Median",None,Traffic Circle/Roundabout,Smooth Asphalt,5 lanes,"35.7840570818, -78.613402601"
1306,Chapel Hill,Orange,Piedmont,Residential,Urban (>70% Developed),W CAMERON AVE,Urban,20 - 25  MPH,Stop And Go Signal,Clear,No,23,20-24,No,NA,Facing Traffic,C: Possible Injury,Travel Lane,White,Male,21,20-24,Yes,NA,26-30 mph,O: No Injury,White,Male,Passenger Car,Yes,17JUL2013,Wednesday,Motorist Failed to Yield - Signalized Intersection,18,Intersection,July,C: Possible Injury,18:49:00,Motorist Drive Through - Signalized Intersection,2013,No,No,Daylight,Straight - Level,Local Street,Dry,"Two-Way, Not Divided",None,No Special Feature,Smooth Asphalt,2 lanes,"35.9089470926, -79.0589027425"
1303,Belmont,Gaston,Piedmont,Residential,Urban (>70% Developed),KEENER BLVD,Urban,40 - 45  MPH,No Control Present,Rain,No,25,25-29,No,NA,With Traffic,B: Evident Injury,Travel Lane,White,Male,32,30-39,No,NA,41-45 mph,O: No Injury,Black,Male,Passenger Car,No,09JUL2013,Tuesday,Parallel Paths - Other Circumstances,23,Non-Intersection,July,B: Evident Injury,23:15:00,Parallel Paths - Other / Unknown,2013,Yes,No,Dark - Roadway Not Lighted,Straight - Hillcrest,NC Route,Wet,"Two-Way, Not Divided",None,No Special Feature,Coarse Asphalt,4 lanes,"35.2416768781, -81.0313032987"
2082,Fayetteville,Cumberland,Coastal,Residential,Mixed (30% To 70% Developed),NA,Urban,20 - 25  MPH,Stop Sign,Rain,No,NA,NA,Missing,NA,With Traffic,Unknown Injury,Travel Lane,Unknown/Missing,NA,28,25-29,No,NA,26-30 mph,O: No Injury,White,Female,Sport Utility,No,09MAY2012,Wednesday,Bicyclist Failed to Yield - Sign-Controlled Intersection,15,Intersection,May,O: No Injury,15:32:00,Bicyclist Ride Through - Sign-Controlled Intersection,2012,No,No,Daylight,Straight - Level,Local Street,Wet,"Two-Way, Not Divided",None,No Special Feature,Smooth Asphalt,4 lanes,"35.0251469057, -78.9647026681"
2067,None - Rural Crash,Davie,Piedmont,"Farms, Woods, Pastures",Rural (<30% Developed),NA,Rural,50 - 55  MPH,"Double Yellow Line, No Passing Zone",Clear,No,15,11-15,No,NA,With Traffic,A: Disabling Injury,Travel Lane,White,Male,32,30-39,No,NA,36-40 mph,O: No Injury,White,Male,Pickup,No,28MAY2012,Monday,Motorist Overtaking Bicyclist,21,Non-Intersection,May,A: Disabling Injury,21:30:00,Motorist Overtaking - Bicyclist Swerved,2012,Yes,No,Dark - Roadway Not Lighted,Straight - Grade,State Secondary Route,Dry,"Two-Way, Not Divided",None,No Special Feature,Smooth Asphalt,2 lanes,"35.8447870288, -80.4373031541"
2066,Greensboro,Guilford,Piedmont,Commercial,Urban (>70% Developed),NA,Urban,30 - 35  MPH,Stop And Go Signal,Clear,No,46,40-49,No,NA,With Traffic,C: Possible Injury,Travel Lane,Black,Male,57,50-59,No,NA,31-35 mph,O: No Injury,White,Female,Passenger Car,No,27MAY2012,Sunday,Bicyclist Failed to Yield - Signalized Intersection,14,Intersection,May,C: Possible Injury,14:50:00,Bicyclist Ride Through - Signalized Intersection,2012,Yes,Yes,Daylight,Straight - Level,Local Street,Dry,"Two-Way, Divided, Positive Median Barrier",None,Four-Way Intersection,Smooth Asphalt,5 lanes,"36.0972871049, -79.8175029827"
2099,None - Rural Crash,Buncombe,Mountains,Commercial,Urban (>70% Developed),NA,Rural,40 - 45  MPH,"Double Yellow Line, No Passing Zone",Clear,No,20,20-24,No,NA,With Traffic,B: Evident Injury,Bike Lane / Paved Shoulder,White,Male,NA,NA,No,NA,6-10 mph,Unknown Injury,Unknown/Missing,NA,Van,No,07JUN2012,Thursday,Motorist Left Turn / Merge,17,Non-Intersection,June,B: Evident Injury,17:42:00,Motorist Left Turn - Opposite Direction,2012,Yes,Yes,Daylight,Straight - Grade,NC Route,Dry,"Two-Way, Not Divided",None,"Driveway, Public",Smooth Asphalt,2 lanes,"35.469256868, -82.5781037696"
2085,None - Rural Crash,Johnston,Coastal,Residential,Rural (<30% Developed),NA,Rural,50 - 55  MPH,"Double Yellow Line, No Passing Zone",Clear,No,7,6-10,No,NA,Facing Traffic,K: Killed,Travel Lane,Hispanic,Male,38,30-39,No,NA,51-55 mph,O: No Injury,White,Male,Pickup,No,30MAY2012,Wednesday,Bicyclist Right Turn / Merge,16,Non-Intersection,May,K: Killed,16:49:00,Bicyclist Right Turn - Opposite Direction,2012,Yes,No,Dark - Roadway Not Lighted,Curve - Level,State Secondary Route,Dry,"Two-Way, Not Divided",None,No Special Feature,Coarse Asphalt,2 lanes,"35.6207670542, -78.401502529"
2094,Wilmington,New Hanover,Coastal,Commercial,Urban (>70% Developed),NA,Urban,30 - 35  MPH,Stop And Go Signal,Rain,No,16,16-19,No,NA,With Traffic,C: Possible Injury,Travel Lane,White,Female,NA,NA,No,NA,NA,Unknown Injury,Unknown/Missing,NA,NA,No,29MAY2012,Tuesday,Crossing Paths - Other Circumstances,9,Intersection,May,C: Possible Injury,09:17:00,Signalized Intersection - Other / Unknown,2012,No,Yes,Daylight,Straight - Level,Local Street,Wet,"One-Way, Not Divided",None,No Special Feature,Smooth Asphalt,2 lanes,"34.2359367672, -77.9275023168"
2107,Charlotte,Mecklenburg,Piedmont,Commercial,Urban (>70% Developed),NA,Urban,30 - 35  MPH,No Control Present,Clear,No,31,30-39,No,NA,With Traffic,B: Evident Injury,Travel Lane,White,Female,NA,NA,Missing,NA,11-15 mph,Unknown Injury,Unknown/Missing,NA,NA,No,08JUN2012,Friday,Motorist Overtaking Bicyclist,17,Non-Intersection,June,B: Evident Injury,17:51:00,Motorist Overtaking - Other / Unknown,2012,No,Yes,Daylight,Straight - Level,Local Street,Dry,"Two-Way, Not Divided",None,No Special Feature,Concrete,2 lanes,"35.2329768834, -80.8500032448"
2087,Wilmington,New Hanover,Coastal,Residential,Urban (>70% Developed),NA,Urban,20 - 25  MPH,Stop And Go Signal,Rain,No,19,16-19,No,NA,With Traffic,B: Evident Injury,Travel Lane,White,Male,34,30-39,No,NA,21-25 mph,O: No Injury,Black,Male,Pickup,No,25MAY2012,Friday,Bicyclist Failed to Yield - Signalized Intersection,14,Intersection,May,B: Evident Injury,14:44:00,Bicyclist Ride Through - Signalized Intersection,2012,Yes,No,Daylight,Straight - Level,US Route,Wet,"Two-Way, Not Divided",None,Four-Way Intersection,Coarse Asphalt,6 lanes,"34.2248567641, -77.9354023177"
2068,Ahoskie,Hertford,Coastal,Residential,Urban (>70% Developed),NA,Rural,20 - 25  MPH,No Control Present,Clear,No,21,20-24,No,NA,With Traffic,A: Disabling Injury,Travel Lane,Black,Male,26,25-29,No,NA,31-35 mph,O: No Injury,Black,Female,Passenger Car,No,13FEB2012,Monday,Other / Unusual Circumstances,23,Non-Intersection,February,A: Disabling Injury,23:43:00,Unusual Circumstances,2012,Yes,No,Dark - Lighted Roadway,Straight - Grade,Local Street,Dry,"Two-Way, Not Divided",None,No Special Feature,Coarse Asphalt,2 lanes,"36.2894772459, -76.9933021335"
2091,Mooresville,Iredell,Piedmont,Commercial,Urban (>70% Developed),NA,Urban,5 - 15 MPH,No Control Present,Clear,No,11,11-15,No,NA,Not Applicable,O: No Injury,Non-Roadway,White,Male,50,50-59,No,NA,0-5 mph,O: No Injury,White,Female,Sport Utility,No,28MAY2012,Monday,Non-Roadway,20,Non-Roadway,May,O: No Injury,20:24:00,Non-Roadway,2012,No,No,Daylight,Straight - Level,Public Vehicular Area,Dry,"Two-Way, Not Divided",None,No Special Feature,Smooth Asphalt,NA,"35.534926949, -80.8001032456"
2222,Asheville,Buncombe,Mountains,Commercial,Urban (>70% Developed),NA,Urban,30 - 35  MPH,No Control Present,Clear,No,18,16-19,No,NA,Facing Traffic,C: Possible Injury,Sidewalk / Crosswalk / Driveway Crossing,Other,Male,NA,NA,No,NA,31-35 mph,Unknown Injury,Unknown/Missing,NA,Passenger Car,No,21JUN2012,Thursday,Loss of Control / Turning Error,13,Intersection-Related,June,C: Possible Injury,13:15:00,Motorist Lost Control - Other / Unknown,2012,No,Yes,Daylight,Straight - Level,US Route,Dry,"Two-Way, Divided, Positive Median Barrier",None,No Special Feature,Smooth Asphalt,3 lanes,"35.5873968927, -82.5868037796"
2225,None - Rural Crash,Hoke,Coastal,Commercial,Mixed (30% To 70% Developed),NA,Rural,40 - 45  MPH,"Double Yellow Line, No Passing Zone",Clear,No,10,6-10,No,NA,NA,B: Evident Injury,Non-Roadway,Native American,Female,18,0-19,No,NA,16-20 mph,O: No Injury,Hispanic,Male,Pickup,No,17JUL2012,Tuesday,Motorist Failed to Yield - Sign-Controlled Intersection,15,Intersection-Related,July,B: Evident Injury,15:32:00,Motorist Drive Out - Sign-Controlled Intersection,2012,Yes,No,Daylight,Straight - Grade,State Secondary Route,Dry,"Two-Way, Not Divided",None,No Special Feature,Coarse Asphalt,2 lanes,"35.0490168946, -79.4349028111"
2217,None - Rural Crash,Vance,Piedmont,Residential,Mixed (30% To 70% Developed),NA,Rural,50 - 55  MPH,Stop Sign,Clear,No,6,6-10,No,NA,Facing Traffic,C: Possible Injury,Travel Lane,Black,Male,21,20-24,No,NA,31-35 mph,O: No Injury,White,Male,Pickup,No,15JUL2012,Sunday,Bicyclist Failed to Yield - Sign-Controlled Intersection,20,Intersection,July,C: Possible Injury,20:57:00,Bicyclist Ride Through - Sign-Controlled Intersection,2012,Yes,No,Dark - Roadway Not Lighted,Straight - Level,State Secondary Route,Dry,"Two-Way, Not Divided",None,T-Intersection,Smooth Asphalt,2 lanes,"36.3393872073, -78.3893025632"
2170,Raleigh,Wake,Piedmont,Residential,Mixed (30% To 70% Developed),NA,Urban,20 - 25  MPH,No Control Present,Clear,No,19,16-19,No,NA,With Traffic,O: No Injury,Sidewalk / Crosswalk / Driveway Crossing,White,Male,NA,NA,Missing,NA,0-5 mph,Unknown Injury,Unknown/Missing,NA,Passenger Car,No,24JUN2012,Sunday,Motorist Failed to Yield - Midblock,16,Non-Intersection,June,O: No Injury,16:31:00,Motorist Drive Out - Midblock - Unknown,2012,No,Yes,Daylight,Straight - Level,Local Street,Dry,"Two-Way, Not Divided",None,No Special Feature,Smooth Asphalt,2 lanes,"35.7839370795, -78.6606026159"