object_id,city,county,region,development,locality,on_road,rural_urban,speed_limit,traffic_control,weather,workzone,bike_age,bike_age_group,bike_alcohol,bike_alcohol_drugs,bike_direction,bike_injury,bike_position,bike_race,bike_sex,driver_age,driver_age_group,driver_alcohol,driver_alcohol_drugs,driver_est_speed,driver_injury,driver_race,driver_sex,driver_vehicle_type,crash_alcohol,crash_date,crash_day,crash_group,crash_hour,crash_location,crash_month,crash_severity,crash_time,crash_type,crash_year,ambulance_req,hit_run,light_condition,road_character,road_class,road_condition,road_configuration,road_defects,road_feature,road_surface,num_lanes,geo_point
2204,None - Rural Crash,Iredell,Piedmont,"Farms, Woods, Pastures",Rural (<30% Developed),NA,Rural,50 - 55  MPH,"Double Yellow Line, No Passing Zone",Clear,No,44,40-49,No,NA,With Traffic,A: Disabling Injury,Travel Lane,White,Male,38,30-39,No,NA,51-55 mph,O: No Injury,White,Male,Passenger Car,No,07JUL2012,Saturday,Motorist Overtaking Bicyclist,9,Non-Intersection,July,A: Disabling Injury,09:48:00,Motorist Overtaking - Other / Unknown,2012,Yes,No,Daylight,Straight - Hillcrest,State Secondary Route,Dry,"Two-Way, Not Divided",None,"Driveway, Public",Coarse Asphalt,2 lanes,"35.8429470116, -80.8863032891"
2163,None - Rural Crash,Brunswick,Coastal,Commercial,Urban (>70% Developed),NA,Rural,5 - 15 MPH,No Control Present,Clear,No,29,25-29,No,NA,Facing Traffic,C: Possible Injury,Sidewalk / Crosswalk / Driveway Crossing,Black,Male,26,25-29,No,NA,11-15 mph,O: No Injury,White,Male,Pickup,No,26JUN2012,Tuesday,Motorist Failed to Yield - Midblock,14,Non-Intersection,June,C: Possible Injury,14:52:00,Motorist Drive Out - Commercial Driveway / Alley,2012,Yes,No,Daylight,Straight - Level,NC Route,Dry,"Two-Way, Not Divided",None,"Driveway, Public",Coarse Asphalt,3 lanes,"33.9516266994, -78.0455023385"
2238,Nags Head,Dare,Coastal,Residential,Urban (>70% Developed),NA,Rural,50 - 55  MPH,Stop And Go Signal,Clear,No,20,20-24,No,NA,Facing Traffic,B: Evident Injury,Travel Lane,White,Female,57,50-59,No,NA,0-5 mph,O: No Injury,White,Male,Passenger Car,No,29JUN2012,Friday,Motorist Failed to Yield - Signalized Intersection,12,Intersection,June,B: Evident Injury,12:01:00,Motorist Drive Out - Right Turn on Red,2012,No,No,Daylight,Straight - Level,US Route,Dry,"Two-Way, Divided, Unprotected Median",None,Four-Way Intersection,Smooth Asphalt,5 lanes,"35.9293272145, -75.6106016904"
2165,Cary,Wake,Piedmont,Commercial,Urban (>70% Developed),NA,Urban,NA,No Control Present,Clear,No,47,40-49,No,NA,With Traffic,C: Possible Injury,Travel Lane,White,Female,29,25-29,No,NA,6-10 mph,O: No Injury,Black,Female,Passenger Car,No,14JUN2012,Thursday,Motorist Failed to Yield - Midblock,13,Non-Intersection,June,C: Possible Injury,13:33:00,Motorist Drive Out - Commercial Driveway / Alley,2012,Yes,No,Daylight,Straight - Grade,State Secondary Route,Dry,"Two-Way, Not Divided",None,No Special Feature,Coarse Asphalt,5 lanes,"35.7637670724, -78.7444026394"
2173,Asheboro,Randolph,Piedmont,Residential,Urban (>70% Developed),NA,Urban,30 - 35  MPH,No Control Present,Clear,No,9,6-10,No,NA,Not Applicable,B: Evident Injury,Driveway / Alley,White,Male,19,0-19,No,NA,16-20 mph,O: No Injury,White,Male,Passenger Car,No,20JUN2012,Wednesday,Bicyclist Failed to Yield - Midblock,21,Non-Intersection,June,B: Evident Injury,21:21:00,Bicyclist Ride Out - Residential Driveway,2012,Yes,No,Dusk,Straight - Grade,Local Street,Dry,"Two-Way, Not Divided",None,No Special Feature,Smooth Asphalt,2 lanes,"35.7016570217, -79.7956029535"
2186,Raleigh,Wake,Piedmont,Commercial,Urban (>70% Developed),NA,Urban,50 - 55  MPH,No Control Present,Clear,No,49,40-49,No,NA,With Traffic,K: Killed,Travel Lane,White,Male,28,25-29,No,NA,31-35 mph,O: No Injury,White,Male,Tractor/Semi-Trailer,No,04JUL2012,Wednesday,Motorist Overtaking Bicyclist,14,Non-Intersection,July,K: Killed,14:15:00,Motorist Overtaking - Misjudged Space,2012,Yes,No,Daylight,Curve - Grade,NC Route,Dry,"Two-Way, Divided, Unprotected Median",None,No Special Feature,Smooth Asphalt,6 lanes,"35.8763071036, -78.5398025844"
2060,Asheboro,Randolph,Piedmont,Commercial,Urban (>70% Developed),NA,Urban,NA,No Control Present,Clear,No,22,20-24,No,NA,Facing Traffic,C: Possible Injury,Sidewalk / Crosswalk / Driveway Crossing,Other,Male,48,40-49,No,NA,0-5 mph,O: No Injury,White,Female,Passenger Car,No,20MAY2012,Sunday,Motorist Failed to Yield - Midblock,17,Non-Intersection,May,C: Possible Injury,17:02:00,Motorist Drive Out - Commercial Driveway / Alley,2012,Yes,No,Daylight,Straight - Level,Public Vehicular Area,Dry,"Two-Way, Not Divided",None,"Driveway, Public",Grooved Concrete,2 lanes,"35.708267022, -79.8137029598"
2048,Raleigh,Wake,Piedmont,Residential,Urban (>70% Developed),NA,Urban,30 - 35  MPH,Stop And Go Signal,Clear,No,47,40-49,No,NA,Facing Traffic,B: Evident Injury,Sidewalk / Crosswalk / Driveway Crossing,White,Female,33,30-39,No,NA,6-10 mph,O: No Injury,White,Female,Passenger Car,No,11MAY2012,Friday,Motorist Failed to Yield - Signalized Intersection,19,Intersection,May,B: Evident Injury,19:04:00,Motorist Drive Out - Right Turn on Red,2012,Yes,No,Daylight,Straight - Level,Local Street,Dry,"Two-Way, Not Divided",None,Four-Way Intersection,Smooth Asphalt,4 lanes,"35.811407089, -78.5656025888"
2019,Williamston,Martin,Coastal,Residential,Mixed (30% To 70% Developed),NA,Urban,20 - 25  MPH,Stop Sign,Clear,No,10,6-10,No,NA,Facing Traffic,C: Possible Injury,Travel Lane,Black,Male,27,25-29,No,NA,21-25 mph,O: No Injury,White,Female,Passenger Car,No,13APR2012,Friday,Bicyclist Failed to Yield - Sign-Controlled Intersection,13,Intersection,April,C: Possible Injury,13:35:00,Bicyclist Ride Through - Sign-Controlled Intersection,2012,Yes,No,Daylight,Straight - Level,Local Street,Dry,"Two-Way, Not Divided",None,No Special Feature,Smooth Asphalt,4 lanes,"35.8521771501, -77.0531021301"
2029,None - Rural Crash,Johnston,Coastal,Residential,Rural (<30% Developed),NA,Rural,50 - 55  MPH,"Double Yellow Line, No Passing Zone",Clear,No,22,20-24,No,NA,With Traffic,B: Evident Injury,Travel Lane,Hispanic,Male,19,0-19,No,NA,41-45 mph,O: No Injury,White,Female,Sport Utility,No,11MAY2012,Friday,Motorist Overtaking Bicyclist,16,Non-Intersection,May,B: Evident Injury,16:40:00,Motorist Overtaking - Bicyclist Swerved,2012,Yes,No,Daylight,Straight - Level,State Secondary Route,Dry,"Two-Way, Not Divided",None,"Driveway, Public",Coarse Asphalt,2 lanes,"35.4084870013, -78.5917025752"
2016,Rocky Mount,Nash,Coastal,Commercial,Urban (>70% Developed),NA,Urban,NA,No Control Present,Clear,No,47,40-49,No,NA,Facing Traffic,C: Possible Injury,Sidewalk / Crosswalk / Driveway Crossing,Black,Male,18,0-19,No,NA,0-5 mph,O: No Injury,White,Male,Sport Utility,No,10APR2012,Tuesday,Motorist Failed to Yield - Midblock,15,Non-Intersection,April,C: Possible Injury,15:21:00,Motorist Drive Out - Commercial Driveway / Alley,2012,No,No,Daylight,Straight - Level,Local Street,Dry,"Two-Way, Not Divided",None,T-Intersection,Smooth Asphalt,2 lanes,"35.9630771473, -77.838702375"
2044,Sanford,Lee,Piedmont,Commercial,Mixed (30% To 70% Developed),NA,Urban,40 - 45  MPH,No Control Present,Clear,No,NA,NA,Missing,NA,With Traffic,Unknown Injury,Travel Lane,Unknown/Missing,NA,31,30-39,No,NA,31-35 mph,O: No Injury,Black,Male,Passenger Car,No,06MAY2012,Sunday,Bicyclist Left Turn / Merge,20,Non-Intersection,May,O: No Injury,20:57:00,Bicyclist Left Turn - Same Direction,2012,No,No,Dark - Roadway Not Lighted,Straight - Level,Local Street,Dry,"Two-Way, Not Divided",None,No Special Feature,Coarse Asphalt,2 lanes,"35.4467269895, -79.1722027521"
2027,Wilmington,New Hanover,Coastal,Commercial,Urban (>70% Developed),NA,Urban,50 - 55  MPH,No Control Present,Clear,No,18,16-19,No,NA,With Traffic,B: Evident Injury,Travel Lane,White,Female,61,60-69,No,NA,41-45 mph,O: No Injury,Black,Male,Pickup,No,01MAY2012,Tuesday,Crossing Paths - Other Circumstances,11,Intersection,May,B: Evident Injury,11:58:00,Crossing Paths - Intersection - Other / Unknown,2012,Yes,No,Daylight,Straight - Level,Local Street,Dry,"One-Way, Not Divided",None,No Special Feature,Coarse Asphalt,6 lanes,"34.1929467574, -77.922602313"
2041,None - Rural Crash,Wake,Piedmont,"Farms, Woods, Pastures",Rural (<30% Developed),NA,Rural,50 - 55  MPH,No Control Present,Clear,No,16,16-19,No,NA,With Traffic,B: Evident Injury,Travel Lane,White,Male,61,60-69,No,NA,41-45 mph,O: No Injury,White,Female,Passenger Car,No,19MAY2012,Saturday,Bicyclist Overtaking Motorist,9,Non-Intersection,May,B: Evident Injury,09:58:00,Bicyclist Overtaking - Other / Unknown,2012,Yes,No,Daylight,Straight - Level,NC Route,Dry,"Two-Way, Not Divided",None,"Driveway, Private",Smooth Asphalt,2 lanes,"35.568207027, -78.8480026611"
2035,Boone,Watauga,Mountains,Commercial,Urban (>70% Developed),NA,Urban,NA,Other,Clear,No,27,25-29,No,NA,Facing Traffic,O: No Injury,Sidewalk / Crosswalk / Driveway Crossing,White,Male,38,30-39,No,NA,NA,O: No Injury,White,Male,Pickup,No,07MAY2012,Monday,Motorist Failed to Yield - Midblock,17,Non-Intersection,May,O: No Injury,17:44:00,Motorist Drive Out - Commercial Driveway / Alley,2012,No,No,Daylight,Straight - Level,Public Vehicular Area,Dry,"Two-Way, Not Divided",None,"Driveway, Public",Smooth Asphalt,NA,"36.206477057, -81.6711035441"
2050,Cary,Wake,Piedmont,Residential,Urban (>70% Developed),NA,Urban,NA,Stop Sign,Clear,No,9,6-10,No,NA,Not Applicable,B: Evident Injury,Non-Roadway,White,Male,70+,70+,No,NA,16-20 mph,O: No Injury,Black,Female,Sport Utility,No,03MAY2012,Thursday,Non-Roadway,18,Non-Roadway,May,B: Evident Injury,18:26:00,Non-Roadway,2012,Yes,No,Daylight,Straight - Level,Public Vehicular Area,Dry,"Two-Way, Not Divided",None,T-Intersection,Smooth Asphalt,2 lanes,"35.749097069, -78.7504026408"
2117,None - Rural Crash,Columbus,Coastal,Residential,Mixed (30% To 70% Developed),NA,Rural,50 - 55  MPH,No Control Present,Clear,No,51,50-59,No,NA,With Traffic,C: Possible Injury,Travel Lane,Black,Female,NA,NA,Missing,NA,36-40 mph,Unknown Injury,Unknown/Missing,NA,Passenger Car,No,07JUN2012,Thursday,Motorist Overtaking Bicyclist,6,Non-Intersection,June,C: Possible Injury,06:38:00,Motorist Overtaking - Other / Unknown,2012,Yes,Yes,Daylight,Straight - Level,State Secondary Route,Dry,"Two-Way, Not Divided",None,No Special Feature,Coarse Asphalt,2 lanes,"34.4237667798, -78.80660259"
2151,Greenville,Pitt,Coastal,Commercial,Urban (>70% Developed),NA,Urban,30 - 35  MPH,Stop Sign,Clear,No,35,30-39,No,NA,Facing Traffic,C: Possible Injury,Sidewalk / Crosswalk / Driveway Crossing,White,Male,29,25-29,No,NA,NA,O: No Injury,White,Female,Passenger Car,No,07JUN2012,Thursday,Motorist Failed to Yield - Sign-Controlled Intersection,11,Intersection,June,C: Possible Injury,11:42:00,Motorist Drive Out - Sign-Controlled Intersection,2012,No,No,Dusk,Straight - Level,Local Street,Dry,"Two-Way, Not Divided",None,No Special Feature,Coarse Asphalt,2 lanes,"35.580787081, -77.3649022114"
2135,Plymouth,Washington,Coastal,Commercial,Urban (>70% Developed),NA,Rural,40 - 45  MPH,No Control Present,Clear,No,59,50-59,Yes,NA,With Traffic,B: Evident Injury,Travel Lane,Black,Male,41,40-49,No,NA,41-45 mph,O: No Injury,Black,Female,Passenger Car,Yes,29MAY2012,Tuesday,Bicyclist Right Turn / Merge,22,Intersection-Related,May,B: Evident Injury,22:07:00,Bicyclist Right Turn - Same Direction,2012,Yes,No,Dark - Lighted Roadway,Straight - Level,US Route,Dry,"Two-Way, Divided, Unprotected Median",None,No Special Feature,Coarse Asphalt,5 lanes,"35.8568971611, -76.748402037"
2120,Wilson,Wilson,Coastal,Commercial,Urban (>70% Developed),NA,Urban,40 - 45  MPH,No Control Present,Clear,No,24,20-24,No,NA,Facing Traffic,C: Possible Injury,Sidewalk / Crosswalk / Driveway Crossing,Black,Male,19,0-19,No,NA,0-5 mph,O: No Injury,White,Male,Passenger Car,No,29MAY2012,Tuesday,Motorist Failed to Yield - Midblock,15,Non-Intersection,May,C: Possible Injury,15:01:00,Motorist Drive Out - Commercial Driveway / Alley,2012,No,No,Daylight,Straight - Level,Local Street,Dry,"Two-Way, Not Divided",None,T-Intersection,Smooth Asphalt,5 lanes,"35.7565670984, -77.9575024004"
2158,Winston-Salem,Forsyth,Piedmont,Residential,Urban (>70% Developed),NA,Urban,30 - 35  MPH,No Control Present,Clear,No,15,11-15,No,NA,With Traffic,C: Possible Injury,Travel Lane,Black,Male,NA,NA,Missing,NA,31-35 mph,Unknown Injury,Unknown/Missing,NA,NA,No,16JUN2012,Saturday,Motorist Overtaking Bicyclist,20,Non-Intersection,June,C: Possible Injury,20:32:00,Motorist Overtaking - Bicyclist Swerved,2012,Yes,Yes,Daylight,Straight - Level,Local Street,Dry,"Two-Way, Not Divided",None,No Special Feature,Smooth Asphalt,2 lanes,"36.1510071013, -80.2137031047"
2150,Archdale,Randolph,Piedmont,Commercial,Urban (>70% Developed),NA,Urban,30 - 35  MPH,Stop And Go Signal,Clear,No,21,20-24,No,NA,Facing Traffic,C: Possible Injury,Travel Lane,Other,Male,16,0-19,No,NA,11-15 mph,O: No Injury,White,Female,Passenger Car,No,14JUN2012,Thursday,Bicyclist Failed to Yield - Signalized Intersection,20,Intersection,June,C: Possible Injury,20:56:00,Bicyclist Ride Through - Signalized Intersection,2012,Yes,No,Dusk,Straight - Level,Local Street,Dry,"Two-Way, Not Divided",None,Four-Way Intersection,Smooth Asphalt,5 lanes,"35.8999270579, -79.9465030107"
2154,Huntersville,Mecklenburg,Piedmont,Residential,Mixed (30% To 70% Developed),NA,Urban,40 - 45  MPH,"Double Yellow Line, No Passing Zone",Clear,No,15,11-15,No,NA,With Traffic,B: Evident Injury,Travel Lane,Asian,Female,52,50-59,No,NA,41-45 mph,O: No Injury,White,Male,Pickup,No,15JUN2012,Friday,Bicyclist Left Turn / Merge,12,Non-Intersection,June,B: Evident Injury,12:56:00,Bicyclist Left Turn - Same Direction,2012,Yes,No,Daylight,Straight - Level,NC Route,Dry,"Two-Way, Not Divided",None,No Special Feature,Smooth Asphalt,2 lanes,"35.4346969242, -80.9050032718"
2126,Fayetteville,Cumberland,Coastal,Commercial,Urban (>70% Developed),NA,Urban,NA,No Control Present,Clear,No,32,30-39,No,NA,With Traffic,O: No Injury,Travel Lane,Black,Male,NA,NA,Missing,NA,NA,Unknown Injury,Unknown/Missing,NA,NA,No,09JUN2012,Saturday,Motorist Overtaking Bicyclist,21,Non-Intersection,June,O: No Injury,21:44:00,Motorist Overtaking - Other / Unknown,2012,No,Yes,Dark - Lighted Roadway,Straight - Grade,NC Route,Dry,"Two-Way, Not Divided",None,No Special Feature,Smooth Asphalt,5 lanes,"35.0440769092, -78.9812026735"
2137,Matthews,Mecklenburg,Piedmont,Commercial,Urban (>70% Developed),NA,Urban,40 - 45  MPH,No Control Present,Clear,No,48,40-49,No,NA,NA,B: Evident Injury,Travel Lane,Hispanic,Male,53,50-59,No,NA,41-45 mph,O: No Injury,White,Male,Passenger Car,No,13JUN2012,Wednesday,Other / Unknown - Insufficient Details,8,Non-Intersection,June,B: Evident Injury,08:30:00,Unknown Approach Paths,2012,Yes,No,Daylight,Straight - Level,US Route,Dry,"Two-Way, Divided, Unprotected Median",None,No Special Feature,Smooth Asphalt,2 lanes,"35.1402468682, -80.7181031994"
2110,Kitty Hawk,Dare,Coastal,Residential,Mixed (30% To 70% Developed),NA,Rural,30 - 35  MPH,No Control Present,Clear,No,20,20-24,No,NA,With Traffic,B: Evident Injury,Travel Lane,White,Male,31,30-39,No,NA,31-35 mph,O: No Injury,White,Male,Passenger Car,No,04JUN2012,Monday,Motorist Overtaking Bicyclist,18,Non-Intersection,June,B: Evident Injury,18:12:00,Motorist Overtaking - Bicyclist Swerved,2012,Yes,No,Daylight,Straight - Level,NC Route,Dry,"Two-Way, Not Divided",None,No Special Feature,Smooth Asphalt,2 lanes,"36.0645772401, -75.7066017267"
2260,Charlotte,Mecklenburg,Piedmont,Residential,Urban (>70% Developed),NA,Urban,30 - 35  MPH,No Control Present,Clear,No,11,11-15,Missing,NA,NA,B: Evident Injury,Sidewalk / Crosswalk / Driveway Crossing,Black,Male,33,30-39,No,NA,36-40 mph,O: No Injury,Black,Male,Passenger Car,No,29JUL2012,Sunday,Parallel Paths - Other Circumstances,17,Intersection-Related,July,B: Evident Injury,17:28:00,Bicyclist Ride Out - Parallel Path,2012,Yes,No,Daylight,Straight - Level,Local Street,Dry,"Two-Way, Divided, Positive Median Barrier",NA,No Special Feature,Coarse Asphalt,3 lanes,"35.2246868863, -80.7118032026"
2240,Goldsboro,Wayne,Coastal,Residential,Rural (<30% Developed),NA,Urban,20 - 25  MPH,Stop Sign,Cloudy,No,15,11-15,No,NA,With Traffic,B: Evident Injury,Travel Lane,Black,Male,70+,70+,No,NA,16-20 mph,O: No Injury,Black,Female,Passenger Car,No,12JUL2012,Thursday,Bicyclist Failed to Yield - Sign-Controlled Intersection,20,Intersection,July,B: Evident Injury,20:46:00,Bicyclist Ride Out - Sign-Controlled Intersection,2012,Yes,No,Dark - Lighted Roadway,Straight - Level,Local Street,Wet,"Two-Way, Not Divided",None,Four-Way Intersection,Coarse Asphalt,2 lanes,"35.3803070164, -77.9722023861"
7007,Charlotte,Mecklenburg,Piedmont,Residential,Urban (>70% Developed),NA,Urban,30 - 35  MPH,No Control Present,Cloudy,No,35,30-39,No,NA,NA,B: Evident Injury,Travel Lane,Hispanic,Male,NA,NA,Missing,NA,31-35 mph,Unknown Injury,Unknown/Missing,NA,NA,No,19OCT2007,Friday,Other / Unknown - Insufficient Details,17,Non-Intersection,October,B: Evident Injury,17:17:00,Unknown Approach Paths,2007,Yes,Yes,Daylight,Straight - Level,Local Street,Dry,"Two-Way, Not Divided",None,No Special Feature,Smooth Asphalt,4 lanes,"35.1430388638, -80.8503932392"
7017,Columbus,Polk,Mountains,Commercial,Urban (>70% Developed),NA,Rural,30 - 35  MPH,No Control Present,Clear,No,50,50-59,No,NA,With Traffic,B: Evident Injury,Travel Lane,White,Male,67,60-69,No,NA,31-35 mph,O: No Injury,White,Male,Passenger Car,No,17JUL2007,Tuesday,Motorist Left Turn / Merge,7,Non-Intersection,July,B: Evident Injury,07:00:00,Motorist Left Turn - Opposite Direction,2007,Yes,No,Daylight,Curve - Grade,Local Street,Dry,"Two-Way, Divided, Unprotected Median",None,"Driveway, Public",Smooth Asphalt,4 lanes,"35.2489308366, -82.2029986463"
7018,Salisbury,Rowan,Piedmont,Commercial,Urban (>70% Developed),NA,Urban,5 - 15 MPH,No Control Present,Cloudy,No,41,40-49,No,NA,NA,B: Evident Injury,Non-Roadway,Black,Male,70+,70+,No,NA,6-10 mph,O: No Injury,White,Female,Passenger Car,No,23OCT2007,Tuesday,Non-Roadway,17,Non-Roadway,October,B: Evident Injury,17:25:00,Non-Roadway,2007,Yes,No,Daylight,Straight - Level,Public Vehicular Area,Dry,"Two-Way, Not Divided",None,No Special Feature,Smooth Asphalt,NA,"35.6856109929, -80.4828531598"
7021,Jacksonville,Onslow,Coastal,Commercial,Urban (>70% Developed),NA,Urban,40 - 45  MPH,No Control Present,Clear,No,30,30-39,No,NA,With Traffic,B: Evident Injury,Travel Lane,White,Male,36,30-39,Yes,NA,41-45 mph,Unknown Injury,Unknown/Missing,NA,Passenger Car,Yes,19JUL2007,Thursday,Motorist Overtaking Bicyclist,8,Non-Intersection,July,B: Evident Injury,08:17:00,Motorist Overtaking - Other / Unknown,2007,Yes,Yes,Daylight,Straight - Level,US Route,Dry,"Two-Way, Not Divided",None,Bridge,Concrete,4 lanes,"34.7520018972, -77.4386121932"
7031,Wrightsville Beach,New Hanover,Coastal,Residential,Urban (>70% Developed),NA,Rural,30 - 35  MPH,Stop Sign,Clear,No,10,6-10,No,NA,NA,B: Evident Injury,Travel Lane,White,Male,53,50-59,No,NA,16-20 mph,O: No Injury,White,Male,Van,No,20JUL2007,Friday,Bicyclist Failed to Yield - Sign-Controlled Intersection,11,Intersection,July,B: Evident Injury,11:09:00,Bicyclist Ride Through - Sign-Controlled Intersection,2007,Yes,No,Daylight,Straight - Level,Local Street,Dry,"Two-Way, Not Divided",None,T-Intersection,Coarse Asphalt,4 lanes,"34.2064427642, -77.7970522756"
7036,None - Rural Crash,Person,Piedmont,"Farms, Woods, Pastures",Rural (<30% Developed),NA,Rural,50 - 55  MPH,No Control Present,Clear,No,24,20-24,No,NA,With Traffic,K: Killed,Travel Lane,Black,Male,21,20-24,No,NA,56-60 mph,C: Possible Injury,White,Male,Pickup,No,23JUL2007,Monday,Motorist Overtaking Bicyclist,17,Non-Intersection,July,K: Killed,17:20:00,Motorist Overtaking - Other / Unknown,2007,Yes,No,Daylight,Straight - Level,US Route,Dry,"Two-Way, Divided, Unprotected Median",None,No Special Feature,Smooth Asphalt,4 lanes,"36.3768971941, -78.9828367451"
7038,None - Rural Crash,New Hanover,Coastal,Commercial,Mixed (30% To 70% Developed),NA,Rural,50 - 55  MPH,No Control Present,Clear,No,16,16-19,No,NA,Facing Traffic,B: Evident Injury,Bike Lane / Paved Shoulder,White,Male,34,30-39,No,NA,0-5 mph,O: No Injury,White,Female,Passenger Car,No,24JUL2007,Tuesday,Motorist Failed to Yield - Midblock,13,Non-Intersection,July,B: Evident Injury,13:40:00,Motorist Drive Out - Commercial Driveway / Alley,2007,Yes,No,Daylight,Straight - Level,US Route,Dry,"Two-Way, Divided, Unprotected Median",None,"Driveway, Public",Coarse Asphalt,4 lanes,"34.1134767405, -77.9003473022"
7039,Charlotte,Mecklenburg,Piedmont,Residential,Mixed (30% To 70% Developed),NA,Urban,40 - 45  MPH,No Control Present,Clear,No,13,11-15,No,NA,NA,O: No Injury,Travel Lane,Black,Male,46,40-49,No,NA,31-35 mph,O: No Injury,Black,Female,Passenger Car,No,30OCT2007,Tuesday,Bicyclist Left Turn / Merge,18,Non-Intersection,October,O: No Injury,18:22:00,Bicyclist Left Turn - Same Direction,2007,No,No,Daylight,Straight - Level,Local Street,Dry,"Two-Way, Divided, Unprotected Median",None,No Special Feature,Coarse Asphalt,2 lanes,"35.2587848943, -80.6905931981"
7045,Smithfield,Johnston,Coastal,Commercial,Urban (>70% Developed),NA,Urban,5 - 15 MPH,No Control Present,Clear,No,NA,NA,No,NA,Facing Traffic,Unknown Injury,Sidewalk / Crosswalk / Driveway Crossing,Black,Male,31,30-39,No,NA,0-5 mph,O: No Injury,White,Female,Van,No,25JUL2007,Wednesday,Motorist Failed to Yield - Midblock,8,Non-Intersection,July,O: No Injury,08:57:00,Motorist Drive Out - Commercial Driveway / Alley,2007,No,No,Daylight,Straight - Level,Public Vehicular Area,Dry,"One-Way, Not Divided",None,"Driveway, Public",Coarse Asphalt,1 lane,"35.5185810345, -78.3168024971"
7046,Havelock,Craven,Coastal,Commercial,Urban (>70% Developed),NA,Urban,NA,No Control Present,Clear,No,16,16-19,No,NA,Facing Traffic,C: Possible Injury,Sidewalk / Crosswalk / Driveway Crossing,White,Male,22,20-24,No,NA,0-5 mph,O: No Injury,White,Male,Pickup,No,26JUL2007,Thursday,Motorist Failed to Yield - Midblock,20,Non-Intersection,July,C: Possible Injury,20:18:00,Motorist Drive Out - Commercial Driveway / Alley,2007,Yes,No,Daylight,Straight - Level,Public Vehicular Area,Dry,"One-Way, Not Divided",None,"Driveway, Public",Smooth Asphalt,1 lane,"34.8827239432, -76.9107020385"
7047,Mount Holly,Gaston,Piedmont,Residential,Urban (>70% Developed),NA,Urban,5 - 15 MPH,No Control Present,Clear,No,7,6-10,No,NA,NA,B: Evident Injury,Travel Lane,Black,Female,18,0-19,No,NA,11-15 mph,O: No Injury,White,Female,Sport Utility,No,20JUL2007,Friday,Motorist Overtaking Bicyclist,17,Non-Intersection,July,B: Evident Injury,17:52:00,Motorist Overtaking - Bicyclist Swerved,2007,Yes,No,Daylight,Straight - Level,Local Street,Dry,NA,None,No Special Feature,Smooth Asphalt,2 lanes,"35.2683098848, -81.0173032961"
7049,None - Rural Crash,Mecklenburg,Piedmont,Residential,Rural (<30% Developed),NA,Rural,40 - 45  MPH,No Control Present,Clear,No,59,50-59,No,NA,With Traffic,B: Evident Injury,Travel Lane,White,Male,17,0-19,No,NA,36-40 mph,O: No Injury,White,Male,Pickup,No,21OCT2007,Sunday,Bicyclist Left Turn / Merge,13,Intersection,October,B: Evident Injury,13:05:00,Bicyclist Left Turn - Same Direction,2007,Yes,No,Daylight,Straight - Level,Local Street,Dry,"Two-Way, Not Divided",None,T-Intersection,Smooth Asphalt,2 lanes,"35.2349998916, -80.6331631798"
7053,Matthews,Mecklenburg,Piedmont,Commercial,Mixed (30% To 70% Developed),NA,Urban,20 - 25  MPH,Stop Sign,Clear,No,28,25-29,No,NA,Facing Traffic,C: Possible Injury,Travel Lane,Hispanic,Female,36,30-39,No,NA,6-10 mph,O: No Injury,White,Male,"Light Truck (Mini-Van, Panel)",No,17AUG2007,Friday,Motorist Failed to Yield - Midblock,16,Non-Intersection,August,C: Possible Injury,16:07:00,Motorist Drive Out - Commercial Driveway / Alley,2007,Yes,No,Daylight,Straight - Level,US Route,Dry,"Two-Way, Divided, Positive Median Barrier",Other,T-Intersection,Smooth Asphalt,4 lanes,"35.1427638686, -80.7202432009"
7054,Greenville,Pitt,Coastal,Commercial,Urban (>70% Developed),NA,Urban,40 - 45  MPH,Stop And Go Signal,Clear,No,18,16-19,No,NA,Facing Traffic,B: Evident Injury,Travel Lane,Black,Male,22,20-24,No,NA,31-35 mph,O: No Injury,White,Male,Pickup,No,26JUL2007,Thursday,Bicyclist Failed to Yield - Signalized Intersection,17,Intersection,July,B: Evident Injury,17:15:00,Bicyclist Ride Through - Signalized Intersection,2007,Yes,No,Daylight,Straight - Level,Local Street,Dry,"Two-Way, Not Divided",None,Four-Way Intersection,Smooth Asphalt,5 lanes,"35.6018070849, -77.3754222152"
7056,Charlotte,Mecklenburg,Piedmont,Residential,Urban (>70% Developed),NA,Urban,20 - 25  MPH,Stop Sign,Clear,No,17,16-19,No,NA,NA,A: Disabling Injury,Travel Lane,White,Male,35,30-39,No,NA,21-25 mph,O: No Injury,Black,Male,Van,No,24OCT2007,Wednesday,Bicyclist Failed to Yield - Sign-Controlled Intersection,12,Intersection,October,A: Disabling Injury,12:20:00,Bicyclist Ride Through - Sign-Controlled Intersection,2007,Yes,No,Daylight,Straight - Level,Local Street,Dry,"Two-Way, Not Divided",None,No Special Feature,Smooth Asphalt,2 lanes,"35.1538768621, -80.9729872763"
7057,Cary,Wake,Piedmont,Residential,Urban (>70% Developed),NA,Urban,30 - 35  MPH,Stop Sign,Clear,No,14,11-15,No,NA,Facing Traffic,O: No Injury,Sidewalk / Crosswalk / Driveway Crossing,White,Male,47,40-49,No,NA,0-5 mph,O: No Injury,White,Male,"Light Truck (Mini-Van, Panel)",No,04NOV2007,Sunday,Motorist Failed to Yield - Sign-Controlled Intersection,17,Intersection,November,O: No Injury,17:14:00,Motorist Drive Out - Sign-Controlled Intersection,2007,No,No,Daylight,Straight - Level,Local Street,Dry,"Two-Way, Not Divided",None,Four-Way Intersection,Smooth Asphalt,2 lanes,"35.7839690739, -78.8159626624"