object_id,city,county,region,development,locality,on_road,rural_urban,speed_limit,traffic_control,weather,workzone,bike_age,bike_age_group,bike_alcohol,bike_alcohol_drugs,bike_direction,bike_injury,bike_position,bike_race,bike_sex,driver_age,driver_age_group,driver_alcohol,driver_alcohol_drugs,driver_est_speed,driver_injury,driver_race,driver_sex,driver_vehicle_type,crash_alcohol,crash_date,crash_day,crash_group,crash_hour,crash_location,crash_month,crash_severity,crash_time,crash_type,crash_year,ambulance_req,hit_run,light_condition,road_character,road_class,road_condition,road_configuration,road_defects,road_feature,road_surface,num_lanes,geo_point
7062,Charlotte,Mecklenburg,Piedmont,Residential,Urban (>70% Developed),NA,Urban,20 - 25  MPH,Stop And Go Signal,Clear,No,41,40-49,No,NA,Facing Traffic,C: Possible Injury,Sidewalk / Crosswalk / Driveway Crossing,Black,Female,21,20-24,No,NA,0-5 mph,O: No Injury,Black,Male,Passenger Car,No,02NOV2007,Friday,Crossing Paths - Other Circumstances,17,Intersection,November,C: Possible Injury,17:04:00,Signalized Intersection - Other / Unknown,2007,Yes,No,Daylight,Straight - Level,Local Street,Dry,"Two-Way, Not Divided",None,No Special Feature,Concrete,2 lanes,"35.2445938857, -80.8575832467"
7065,None - Rural Crash,Wayne,Coastal,"Farms, Woods, Pastures",Rural (<30% Developed),NA,Rural,50 - 55  MPH,No Control Present,Clear,No,13,11-15,No,NA,With Traffic,B: Evident Injury,Travel Lane,White,Male,53,50-59,No,NA,51-55 mph,O: No Injury,White,Female,Passenger Car,No,29JUL2007,Sunday,Bicyclist Left Turn / Merge,15,Non-Intersection,July,B: Evident Injury,15:39:00,Bicyclist Left Turn - Same Direction,2007,Yes,No,Daylight,Straight - Level,State Secondary Route,Dry,"Two-Way, Not Divided",None,No Special Feature,Coarse Asphalt,2 lanes,"35.2376319787, -78.1770324411"
7068,None - Rural Crash,Northampton,Coastal,Residential,Urban (>70% Developed),NA,Rural,40 - 45  MPH,No Control Present,Cloudy,No,19,16-19,No,NA,NA,B: Evident Injury,Travel Lane,Black,Male,24,20-24,No,NA,41-45 mph,O: No Injury,Black,Male,Passenger Car,No,30JUL2007,Monday,Bicyclist Failed to Yield - Midblock,16,Non-Intersection,July,B: Evident Injury,16:45:00,Bicyclist Ride Out - Midblock - Unknown,2007,Yes,No,Daylight,Straight - Grade,State Secondary Route,Dry,"Two-Way, Not Divided",None,"Driveway, Private",Smooth Asphalt,2 lanes,"36.5195872712, -77.6792923565"
7069,None - Rural Crash,Onslow,Coastal,Residential,Rural (<30% Developed),NA,Rural,30 - 35  MPH,No Control Present,Clear,No,10,6-10,No,NA,With Traffic,C: Possible Injury,Travel Lane,White,Female,NA,NA,Missing,NA,16-20 mph,Unknown Injury,Unknown/Missing,NA,NA,No,30JUL2007,Monday,Head-On,22,Non-Intersection,July,C: Possible Injury,22:05:00,Head-On - Motorist,2007,Yes,Yes,Dark - Roadway Not Lighted,Straight - Level,Local Street,Dry,"Two-Way, Not Divided",None,No Special Feature,Coarse Asphalt,2 lanes,"34.7187298938, -77.3099921518"
7072,Greensboro,Guilford,Piedmont,Residential,Urban (>70% Developed),NA,Urban,30 - 35  MPH,No Control Present,Clear,No,53,50-59,No,NA,With Traffic,B: Evident Injury,Travel Lane,Black,Male,NA,NA,No,NA,NA,Unknown Injury,Unknown/Missing,NA,Passenger Car,No,30JUL2007,Monday,Motorist Overtaking Bicyclist,17,Non-Intersection,July,B: Evident Injury,17:55:00,Motorist Overtaking - Misjudged Space,2007,Yes,Yes,Daylight,Straight - Level,Local Street,Dry,"Two-Way, Divided, Unprotected Median",None,No Special Feature,Smooth Asphalt,4 lanes,"36.0647920995, -79.78114297"
7092,Gibsonville,Guilford,Piedmont,Residential,Urban (>70% Developed),NA,Rural,NA,No Control Present,Clear,No,19,16-19,No,NA,Facing Traffic,B: Evident Injury,Travel Lane,White,Male,NA,NA,Missing,NA,NA,Unknown Injury,Unknown/Missing,NA,Truck/Trailer,No,05AUG2007,Sunday,Head-On,21,Intersection-Related,August,B: Evident Injury,21:31:00,Head-On - Bicyclist,2007,Yes,Yes,Dark - Lighted Roadway,Straight - Level,Local Street,Dry,"Two-Way, Divided, Positive Median Barrier",None,No Special Feature,Smooth Asphalt,3 lanes,"36.087677106, -79.7331229565"
7097,None - Rural Crash,Gaston,Piedmont,Residential,Mixed (30% To 70% Developed),NA,Rural,40 - 45  MPH,Stop Sign,Clear,No,12,11-15,No,NA,With Traffic,A: Disabling Injury,Travel Lane,White,Male,40,40-49,No,NA,41-45 mph,O: No Injury,White,Male,Pickup,No,07AUG2007,Tuesday,Bicyclist Failed to Yield - Sign-Controlled Intersection,16,Intersection,August,A: Disabling Injury,16:05:00,Bicyclist Ride Through - Sign-Controlled Intersection,2007,Yes,No,Daylight,Straight - Hillcrest,NC Route,Dry,"Two-Way, Not Divided",None,Four-Way Intersection,Smooth Asphalt,2 lanes,"35.2913968816, -81.2385133635"
7099,Belmont,Gaston,Piedmont,Residential,Urban (>70% Developed),NA,Urban,30 - 35  MPH,Stop Sign,Clear,No,14,11-15,No,NA,With Traffic,Unknown Injury,Sidewalk / Crosswalk / Driveway Crossing,White,Male,42,40-49,No,NA,0-5 mph,O: No Injury,White,Male,Sport Utility,No,07AUG2007,Tuesday,Motorist Failed to Yield - Sign-Controlled Intersection,18,Intersection,August,O: No Injury,18:35:00,Motorist Drive Out - Sign-Controlled Intersection,2007,No,No,Daylight,Straight - Level,Local Street,Dry,"Two-Way, Divided, Unprotected Median",None,T-Intersection,Coarse Asphalt,2 lanes,"35.2384828773, -81.043727302"
7103,None - Rural Crash,Onslow,Coastal,"Farms, Woods, Pastures",Rural (<30% Developed),NA,Rural,50 - 55  MPH,No Control Present,Clear,No,22,20-24,Yes,NA,With Traffic,B: Evident Injury,Travel Lane,White,Male,NA,NA,Missing,NA,51-55 mph,Unknown Injury,Unknown/Missing,NA,NA,Yes,09AUG2007,Thursday,Motorist Overtaking Bicyclist,1,Non-Intersection,August,B: Evident Injury,01:20:00,Motorist Overtaking - Other / Unknown,2007,No,Yes,Dark - Roadway Not Lighted,Straight - Level,NC Route,Dry,"Two-Way, Not Divided",None,No Special Feature,Smooth Asphalt,2 lanes,"34.5426818506, -77.4327261813"
7106,Rocky Mount,Edgecombe,Coastal,Residential,Urban (>70% Developed),NA,Urban,30 - 35  MPH,Yield Sign,Clear,No,13,11-15,No,NA,With Traffic,C: Possible Injury,Sidewalk / Crosswalk / Driveway Crossing,Black,Male,36,30-39,No,NA,31-35 mph,O: No Injury,Black,Female,Passenger Car,No,09AUG2007,Thursday,Motorist Right Turn / Merge,12,Intersection,August,C: Possible Injury,12:26:00,Motorist Right Turn - Same Direction,2007,No,No,Daylight,Straight - Hillcrest,Local Street,Dry,"Two-Way, Not Divided",None,Bridge,Coarse Asphalt,3 lanes,"35.9362821424, -77.7955523604"
7112,Asheville,Buncombe,Mountains,Commercial,Urban (>70% Developed),NA,Urban,50 - 55  MPH,No Control Present,Clear,No,38,30-39,No,NA,With Traffic,B: Evident Injury,Travel Lane,White,Male,56,50-59,No,NA,46-50 mph,O: No Injury,White,Male,Van,No,11AUG2007,Saturday,Motorist Overtaking Bicyclist,4,Non-Intersection,August,B: Evident Injury,04:06:00,Motorist Overtaking - Undetected Bicyclist,2007,No,No,Dark - Lighted Roadway,Straight - Hillcrest,US Route,Dry,"Two-Way, Divided, Unprotected Median",None,No Special Feature,Smooth Asphalt,5 lanes,"35.5496508822, -82.6486237952"
7117,Benson,Johnston,Coastal,Commercial,Urban (>70% Developed),NA,Rural,30 - 35  MPH,No Control Present,Rain,No,44,40-49,No,NA,With Traffic,C: Possible Injury,Travel Lane,Black,Male,55,50-59,No,NA,31-35 mph,O: No Injury,White,Female,Pickup,No,25OCT2007,Thursday,Motorist Overtaking Bicyclist,6,Intersection,October,C: Possible Injury,06:36:00,Motorist Overtaking - Undetected Bicyclist,2007,Yes,No,Dark - Roadway Not Lighted,Straight - Level,Local Street,Wet,"Two-Way, Not Divided",None,No Special Feature,Smooth Asphalt,2 lanes,"35.3770209964, -78.5531875615"
7130,None - Rural Crash,Pitt,Coastal,Residential,Rural (<30% Developed),NA,Rural,NA,No Control Present,Clear,No,56,50-59,No,NA,Facing Traffic,B: Evident Injury,Travel Lane,White,Male,43,40-49,No,NA,0-5 mph,O: No Injury,White,Male,Passenger Car,No,14AUG2007,Tuesday,Motorist Right Turn / Merge,9,Non-Intersection,August,B: Evident Injury,09:00:00,Motorist Right Turn - Opposite Direction,2007,No,No,Daylight,Curve - Level,Public Vehicular Area,Dry,"Two-Way, Not Divided",None,"Driveway, Private",Smooth Asphalt,2 lanes,"35.6354440888, -77.4698282458"
7132,Asheville,Buncombe,Mountains,Residential,Mixed (30% To 70% Developed),NA,Urban,30 - 35  MPH,Stop Sign,Clear,No,11,11-15,No,NA,With Traffic,C: Possible Injury,Travel Lane,White,Male,63,60-69,No,NA,31-35 mph,O: No Injury,White,Male,Sport Utility,No,15AUG2007,Wednesday,Bicyclist Failed to Yield - Sign-Controlled Intersection,11,Intersection,August,C: Possible Injury,11:51:00,Bicyclist Ride Through - Sign-Controlled Intersection,2007,Yes,No,Daylight,Straight - Level,Local Street,Dry,"Two-Way, Not Divided",None,Four-Way Intersection,Smooth Asphalt,2 lanes,"35.6022868995, -82.5021537547"
7134,Durham,Durham,Piedmont,Commercial,Urban (>70% Developed),NA,Urban,30 - 35  MPH,No Control Present,Clear,No,61,60-69,No,NA,Not Applicable,B: Evident Injury,Sidewalk / Crosswalk / Driveway Crossing,Black,Male,44,40-49,No,NA,6-10 mph,O: No Injury,Black,Female,Passenger Car,No,16AUG2007,Thursday,Bicyclist Failed to Yield - Midblock,11,Non-Intersection,August,B: Evident Injury,11:20:00,Bicyclist Ride Out - Other Midblock,2007,Yes,No,Daylight,Straight - Level,Local Street,Dry,"Two-Way, Not Divided",None,No Special Feature,Coarse Asphalt,4 lanes,"35.992633116, -78.895262698"
7136,Jacksonville,Onslow,Coastal,Commercial,Urban (>70% Developed),NA,Urban,40 - 45  MPH,No Control Present,Clear,No,16,16-19,No,NA,Not Applicable,O: No Injury,Driveway / Alley,Black,Male,67,60-69,No,NA,41-45 mph,O: No Injury,Black,Female,Passenger Car,No,16AUG2007,Thursday,Bicyclist Failed to Yield - Midblock,17,Non-Intersection,August,C: Possible Injury,17:08:00,Bicyclist Ride Out - Commercial Driveway / Alley,2007,No,No,Daylight,Straight - Level,Local Street,Dry,"Two-Way, Divided, Unprotected Median",None,No Special Feature,Smooth Asphalt,3 lanes,"34.7757409049, -77.3659221719"
7142,Asheville,Buncombe,Mountains,Commercial,Urban (>70% Developed),NA,Urban,30 - 35  MPH,No Control Present,Clear,No,42,40-49,No,NA,Facing Traffic,C: Possible Injury,Sidewalk / Crosswalk / Driveway Crossing,White,Male,39,30-39,No,NA,0-5 mph,O: No Injury,White,Male,Passenger Car,No,18AUG2007,Saturday,Motorist Failed to Yield - Midblock,13,Non-Intersection,August,C: Possible Injury,13:39:00,Motorist Drive Out - Commercial Driveway / Alley,2007,No,No,Daylight,Straight - Grade,Public Vehicular Area,Dry,"Two-Way, Not Divided",None,No Special Feature,Smooth Asphalt,4 lanes,"35.622149901, -82.5544777717"
7149,Greensboro,Guilford,Piedmont,Institutional,Urban (>70% Developed),NA,Urban,20 - 25  MPH,No Control Present,Clear,No,22,20-24,No,NA,With Traffic,Unknown Injury,Sidewalk / Crosswalk / Driveway Crossing,White,Male,24,20-24,No,NA,6-10 mph,O: No Injury,White,Male,Passenger Car,No,21AUG2007,Tuesday,Motorist Right Turn / Merge,11,Intersection,August,O: No Injury,11:05:00,Motorist Right Turn - Same Direction,2007,No,No,Daylight,Straight - Level,Local Street,Dry,"Two-Way, Divided, Unprotected Median",None,Four-Way Intersection,Smooth Asphalt,3 lanes,"36.0655890984, -79.811512979"
7150,Kitty Hawk,Dare,Coastal,Commercial,Urban (>70% Developed),NA,Rural,30 - 35  MPH,Stop And Go Signal,Clear,No,25,25-29,No,NA,Facing Traffic,C: Possible Injury,Sidewalk / Crosswalk / Driveway Crossing,Other,Male,37,30-39,No,NA,31-35 mph,O: No Injury,Black,Female,Sport Utility,No,21AUG2007,Tuesday,Bicyclist Failed to Yield - Signalized Intersection,11,Intersection,August,C: Possible Injury,11:18:00,Bicyclist Ride Through - Signalized Intersection,2007,No,No,Daylight,Curve - Hillcrest,Local Street,Dry,"Two-Way, Not Divided",None,Four-Way Intersection,Coarse Asphalt,4 lanes,"36.1004942478, -75.7142317316"
7157,None - Rural Crash,Transylvania,Mountains,Residential,Mixed (30% To 70% Developed),NA,Rural,40 - 45  MPH,"Double Yellow Line, No Passing Zone",Cloudy,No,38,30-39,No,NA,With Traffic,B: Evident Injury,Travel Lane,White,Male,70+,70+,No,NA,36-40 mph,O: No Injury,White,Female,Passenger Car,No,23AUG2007,Thursday,Motorist Overtaking Bicyclist,14,Non-Intersection,August,B: Evident Injury,14:41:00,Motorist Overtaking - Misjudged Space,2007,No,No,Daylight,Straight - Level,State Secondary Route,Dry,"Two-Way, Not Divided",None,No Special Feature,Smooth Asphalt,2 lanes,"35.2347938138, -82.7041437934"
7170,None - Rural Crash,Hoke,Coastal,Residential,Urban (>70% Developed),NA,Rural,50 - 55  MPH,No Control Present,Rain,No,37,30-39,No,NA,With Traffic,C: Possible Injury,Travel Lane,Black,Male,NA,NA,Missing,NA,51-55 mph,Unknown Injury,Unknown/Missing,NA,NA,No,26AUG2007,Sunday,Motorist Overtaking Bicyclist,21,Non-Intersection,August,C: Possible Injury,21:35:00,Motorist Overtaking - Other / Unknown,2007,Yes,Yes,Dark - Unknown Lighting,Straight - Level,State Secondary Route,Wet,"Two-Way, Not Divided",None,No Special Feature,Smooth Asphalt,2 lanes,"34.9688788807, -79.3385877779"
7176,None - Rural Crash,Macon,Mountains,Residential,Urban (>70% Developed),NA,Rural,30 - 35  MPH,"Double Yellow Line, No Passing Zone",Clear,No,17,16-19,No,NA,Not Applicable,A: Disabling Injury,Driveway / Alley,White,Male,48,40-49,No,NA,21-25 mph,O: No Injury,White,Male,Pickup,No,30AUG2007,Thursday,Bicyclist Failed to Yield - Midblock,12,Non-Intersection,August,A: Disabling Injury,12:35:00,Bicyclist Ride Out - Residential Driveway,2007,Yes,No,Daylight,Straight - Grade,State Secondary Route,Dry,"Two-Way, Not Divided",None,No Special Feature,Smooth Asphalt,2 lanes,"35.2138667849, -83.3592839851"
7178,Wilmington,New Hanover,Coastal,Commercial,Urban (>70% Developed),NA,Urban,40 - 45  MPH,No Control Present,Clear,No,60,60-69,No,NA,With Traffic,A: Disabling Injury,Travel Lane,White,Male,29,25-29,No,NA,41-45 mph,O: No Injury,White,Male,Passenger Car,No,30AUG2007,Thursday,Motorist Overtaking Bicyclist,22,Non-Intersection,August,A: Disabling Injury,22:35:00,Motorist Overtaking - Other / Unknown,2007,Yes,No,Dark - Roadway Not Lighted,Straight - Level,Local Street,Dry,"Two-Way, Not Divided",None,No Special Feature,Smooth Asphalt,5 lanes,"34.2096087637, -77.8399372887"
7186,Emerald Isle,Carteret,Coastal,Commercial,Urban (>70% Developed),NA,Rural,30 - 35  MPH,No Control Present,Clear,No,51,50-59,No,NA,With Traffic,B: Evident Injury,Bike Lane / Paved Shoulder,White,Male,56,50-59,No,NA,11-15 mph,O: No Injury,White,Male,Sport Utility,No,03SEP2007,Monday,Motorist Left Turn / Merge,15,Non-Intersection,September,B: Evident Injury,15:07:00,Motorist Left Turn - Opposite Direction,2007,No,No,Daylight,Straight - Level,NC Route,Dry,"Two-Way, Not Divided",None,"Driveway, Public",Coarse Asphalt,2 lanes,"34.6659498917, -77.0303920651"
7189,None - Rural Crash,Hertford,Coastal,Residential,Mixed (30% To 70% Developed),NA,Rural,30 - 35  MPH,"Double Yellow Line, No Passing Zone",Clear,No,14,11-15,No,NA,Facing Traffic,B: Evident Injury,Travel Lane,White,Male,49,40-49,No,NA,31-35 mph,C: Possible Injury,Black,Female,Passenger Car,No,03SEP2007,Monday,Bicyclist Right Turn / Merge,12,Non-Intersection,September,B: Evident Injury,12:57:00,Bicyclist Right Turn - Same Direction,2007,Yes,No,Daylight,Straight - Level,NC Route,Dry,"Two-Way, Not Divided",None,No Special Feature,Coarse Asphalt,2 lanes,"36.2881372456, -76.9864061315"
7193,None - Rural Crash,Robeson,Coastal,"Farms, Woods, Pastures",Rural (<30% Developed),NA,Rural,50 - 55  MPH,"Double Yellow Line, No Passing Zone",Clear,No,65,60-69,No,NA,Facing Traffic,B: Evident Injury,Travel Lane,Native American,Male,66,60-69,No,NA,51-55 mph,O: No Injury,Native American,Male,Pickup,No,04SEP2007,Tuesday,Head-On,20,Non-Intersection,September,B: Evident Injury,20:11:00,Head-On - Bicyclist,2007,Yes,No,Dark - Roadway Not Lighted,Straight - Level,State Secondary Route,Dry,"Two-Way, Not Divided",None,No Special Feature,Coarse Asphalt,2 lanes,"34.8033268511, -79.1503777128"
7198,Goldsboro,Wayne,Coastal,Commercial,Urban (>70% Developed),NA,Urban,30 - 35  MPH,Stop And Go Signal,Clear,No,39,30-39,Yes,NA,Not Applicable,O: No Injury,Driveway / Alley,Black,Male,34,30-39,No,NA,0-5 mph,O: No Injury,White,Male,Passenger Car,Yes,05SEP2007,Wednesday,Bicyclist Failed to Yield - Midblock,18,Non-Intersection,September,O: No Injury,18:00:00,Bicyclist Ride Out - Commercial Driveway / Alley,2007,No,No,Daylight,Straight - Level,Local Street,Dry,"Two-Way, Not Divided",None,Four-Way Intersection,Coarse Asphalt,3 lanes,"35.377387015, -77.9975123934"
7200,None - Rural Crash,Gaston,Piedmont,Commercial,Rural (<30% Developed),NA,Rural,NA,No Control Present,Clear,No,52,50-59,No,NA,NA,B: Evident Injury,Non-Roadway,White,Male,40,40-49,No,NA,NA,O: No Injury,White,Female,Passenger Car,No,06SEP2007,Thursday,Non-Roadway,17,Non-Roadway,September,B: Evident Injury,17:20:00,Non-Roadway,2007,Yes,No,Daylight,Straight - Level,State Secondary Route,Dry,"Two-Way, Not Divided",None,No Special Feature,Smooth Asphalt,NA,"35.2585568788, -81.1188433261"
7214,None - Rural Crash,Wayne,Coastal,Commercial,Mixed (30% To 70% Developed),NA,Rural,40 - 45  MPH,"Double Yellow Line, No Passing Zone",Clear,No,11,11-15,No,NA,With Traffic,C: Possible Injury,Travel Lane,Hispanic,Male,30,30-39,No,NA,21-25 mph,O: No Injury,White,Male,Pickup,No,06SEP2007,Thursday,Motorist Overtaking Bicyclist,8,Non-Intersection,September,C: Possible Injury,08:10:00,Motorist Overtaking - Bicyclist Swerved,2007,No,No,Daylight,Straight - Level,NC Route,Dry,"Two-Way, Not Divided",None,No Special Feature,Smooth Asphalt,2 lanes,"35.4118070199, -78.0712074175"
7227,None - Rural Crash,Gaston,Piedmont,Residential,Mixed (30% To 70% Developed),NA,Rural,30 - 35  MPH,No Control Present,Clear,No,6,6-10,No,NA,Not Applicable,C: Possible Injury,NA,White,Male,35,30-39,No,NA,16-20 mph,O: No Injury,Black,Male,Passenger Car,No,12SEP2007,Wednesday,Bicyclist Failed to Yield - Midblock,17,Non-Intersection,September,C: Possible Injury,17:37:00,Bicyclist Ride Out - Midblock - Unknown,2007,Yes,No,Daylight,Straight - Level,State Secondary Route,Dry,"Two-Way, Not Divided",None,No Special Feature,Smooth Asphalt,2 lanes,"35.1894468629, -81.1579433333"
7239,None - Rural Crash,Wake,Piedmont,"Farms, Woods, Pastures",Rural (<30% Developed),NA,Rural,50 - 55  MPH,"Double Yellow Line, No Passing Zone",Clear,No,24,20-24,No,NA,With Traffic,B: Evident Injury,Travel Lane,White,Male,58,50-59,Yes,NA,31-35 mph,O: No Injury,White,Female,Passenger Car,Yes,24DEC2007,Monday,Motorist Overtaking Bicyclist,9,Non-Intersection,December,B: Evident Injury,09:42:00,Motorist Overtaking - Bicyclist Swerved,2007,Yes,No,Daylight,Straight - Level,State Secondary Route,Dry,"Two-Way, Not Divided",None,No Special Feature,Coarse Asphalt,2 lanes,"35.5874370355, -78.7121926211"
7242,Raleigh,Wake,Piedmont,Commercial,Urban (>70% Developed),NA,Urban,20 - 25  MPH,Stop Sign,Clear,No,46,40-49,No,NA,With Traffic,B: Evident Injury,Travel Lane,White,Male,27,25-29,No,NA,0-5 mph,O: No Injury,White,Female,Passenger Car,No,12SEP2007,Wednesday,Motorist Failed to Yield - Sign-Controlled Intersection,19,Intersection,September,B: Evident Injury,19:51:00,Motorist Drive Out - Sign-Controlled Intersection,2007,Yes,No,Dusk,Straight - Level,Local Street,Dry,"Two-Way, Not Divided",None,T-Intersection,Smooth Asphalt,5 lanes,"35.7953900807, -78.7030526297"
7244,None - Rural Crash,Hoke,Coastal,"Farms, Woods, Pastures",Rural (<30% Developed),NA,Rural,50 - 55  MPH,No Control Present,Clear,No,43,40-49,No,NA,With Traffic,A: Disabling Injury,Travel Lane,Native American,Male,59,50-59,No,NA,51-55 mph,O: No Injury,White,Male,Pickup,No,15SEP2007,Saturday,Motorist Overtaking Bicyclist,17,Non-Intersection,September,A: Disabling Injury,17:30:00,Motorist Overtaking - Bicyclist Swerved,2007,Yes,No,Daylight,Straight - Level,State Secondary Route,Dry,"Two-Way, Not Divided",None,No Special Feature,Smooth Asphalt,2 lanes,"34.9062868739, -79.1190727089"
7245,Charlotte,Mecklenburg,Piedmont,Residential,Urban (>70% Developed),NA,Urban,5 - 15 MPH,No Control Present,Clear,No,10,6-10,No,NA,NA,C: Possible Injury,Non-Roadway,Black,Male,12,0-19,No,NA,0-5 mph,O: No Injury,Black,Male,Passenger Car,No,09DEC2007,Sunday,Non-Roadway,11,Non-Roadway,December,C: Possible Injury,11:59:00,Non-Roadway,2007,Yes,No,Daylight,Straight - Level,Public Vehicular Area,Dry,"Two-Way, Not Divided",None,No Special Feature,Smooth Asphalt,NA,"35.2473408862, -80.8409992419"
7248,Raleigh,Wake,Piedmont,Residential,Urban (>70% Developed),NA,Urban,30 - 35  MPH,Stop And Go Signal,Clear,No,31,30-39,No,NA,With Traffic,B: Evident Injury,Travel Lane,White,Female,20,20-24,No,NA,0-5 mph,O: No Injury,Black,Male,Passenger Car,No,16SEP2007,Sunday,Motorist Left Turn / Merge,20,Intersection,September,B: Evident Injury,20:32:00,Motorist Left Turn - Opposite Direction,2007,Yes,No,Dark - Unknown Lighting,Straight - Level,Local Street,Dry,"Two-Way, Divided, Unprotected Median",None,Four-Way Intersection,Smooth Asphalt,5 lanes,"35.8104700868, -78.6256826062"
7249,None - Rural Crash,Buncombe,Mountains,Residential,Mixed (30% To 70% Developed),NA,Rural,NA,No Control Present,Clear,No,7,6-10,No,NA,NA,B: Evident Injury,Travel Lane,White,Male,46,40-49,No,NA,16-20 mph,O: No Injury,White,Female,Passenger Car,No,17SEP2007,Monday,Loss of Control / Turning Error,17,Intersection-Related,September,B: Evident Injury,17:46:00,Bicyclist Turning Error - Left Turn,2007,No,No,Daylight,Straight - Grade,Public Vehicular Area,Dry,"Two-Way, Not Divided",None,T-Intersection,Coarse Asphalt,2 lanes,"35.621236911, -82.291453694"
7250,Charlotte,Mecklenburg,Piedmont,Commercial,Urban (>70% Developed),NA,Urban,40 - 45  MPH,Stop And Go Signal,Rain,No,36,30-39,No,NA,With Traffic,B: Evident Injury,Sidewalk / Crosswalk / Driveway Crossing,White,Male,50,50-59,No,NA,36-40 mph,O: No Injury,White,Male,Sport Utility,No,28DEC2007,Friday,Motorist Right Turn / Merge,20,Intersection,December,B: Evident Injury,20:34:00,Motorist Right Turn - Same Direction,2007,Yes,No,Dark - Roadway Not Lighted,Straight - Grade,NC Route,Wet,"Two-Way, Divided, Positive Median Barrier",None,On or Off Ramp,Coarse Asphalt,4 lanes,"35.1404168608, -80.9328932641"
7252,Charlotte,Mecklenburg,Piedmont,Commercial,Urban (>70% Developed),NA,Urban,20 - 25  MPH,Yield Sign,Clear,No,26,25-29,Yes,NA,With Traffic,O: No Injury,Sidewalk / Crosswalk / Driveway Crossing,Black,Male,27,25-29,No,NA,0-5 mph,O: No Injury,White,Male,Passenger Car,Yes,29DEC2007,Saturday,Motorist Failed to Yield - Sign-Controlled Intersection,21,Intersection,December,O: No Injury,21:01:00,Motorist Drive Out - Sign-Controlled Intersection,2007,No,No,Dark - Lighted Roadway,Straight - Grade,US Route,Dry,"Two-Way, Divided, Unprotected Median",None,On or Off Ramp,Smooth Asphalt,3 lanes,"35.2081748801, -80.7962832272"
7256,Greenville,Pitt,Coastal,Commercial,Urban (>70% Developed),NA,Urban,30 - 35  MPH,Stop And Go Signal,Clear,No,27,25-29,No,NA,Not Applicable,B: Evident Injury,Sidewalk / Crosswalk / Driveway Crossing,White,Male,22,20-24,No,NA,26-30 mph,O: No Injury,White,Male,Sport Utility,No,17SEP2007,Monday,Other / Unusual Circumstances,11,Intersection,September,B: Evident Injury,11:36:00,Unusual Circumstances,2007,Yes,No,Daylight,Straight - Level,Local Street,Dry,"Two-Way, Not Divided",None,Four-Way Intersection,Smooth Asphalt,3 lanes,"35.6108470867, -77.3708062144"
7264,None - Rural Crash,Iredell,Piedmont,"Farms, Woods, Pastures",Rural (<30% Developed),NA,Rural,40 - 45  MPH,"Double Yellow Line, No Passing Zone",Clear,No,39,30-39,No,NA,Facing Traffic,C: Possible Injury,Travel Lane,White,Male,27,25-29,No,NA,36-40 mph,O: No Injury,White,Male,Sport Utility,No,20SEP2007,Thursday,Bicyclist Right Turn / Merge,10,Intersection-Related,September,C: Possible Injury,10:50:00,Bicyclist Right Turn - Same Direction,2007,No,No,Daylight,Straight - Level,State Secondary Route,Dry,"Two-Way, Not Divided",None,Related To Intersection,Coarse Asphalt,2 lanes,"35.5358669499, -80.8014172459"
7265,None - Rural Crash,Johnston,Coastal,"Farms, Woods, Pastures",Rural (<30% Developed),NA,Rural,50 - 55  MPH,No Control Present,Rain,No,15,11-15,No,NA,With Traffic,B: Evident Injury,Travel Lane,Black,Male,45,40-49,No,NA,51-55 mph,B: Evident Injury,White,Female,Passenger Car,No,20SEP2007,Thursday,Motorist Overtaking Bicyclist,16,Non-Intersection,September,B: Evident Injury,16:28:00,Motorist Overtaking - Bicyclist Swerved,2007,No,No,Daylight,Straight - Grade,State Secondary Route,Wet,"Two-Way, Not Divided",None,No Special Feature,Coarse Asphalt,2 lanes,"35.4562030167, -78.4490325346"
7270,Sims,Wilson,Coastal,Residential,Mixed (30% To 70% Developed),NA,Rural,30 - 35  MPH,"Double Yellow Line, No Passing Zone",Clear,No,65,60-69,Yes,NA,With Traffic,B: Evident Injury,Travel Lane,Black,Male,70+,70+,No,NA,26-30 mph,O: No Injury,White,Male,Passenger Car,Yes,21SEP2007,Friday,Motorist Overtaking Bicyclist,19,Non-Intersection,September,B: Evident Injury,19:41:00,Motorist Overtaking - Other / Unknown,2007,Yes,No,Dusk,Straight - Level,State Secondary Route,Dry,"Two-Way, Not Divided",None,No Special Feature,Smooth Asphalt,2 lanes,"35.7577810952, -78.0602324316"
7273,None - Rural Crash,Vance,Piedmont,Residential,Rural (<30% Developed),NA,Rural,40 - 45  MPH,"Double Yellow Line, No Passing Zone",Clear,No,12,11-15,No,NA,Not Applicable,B: Evident Injury,Driveway / Alley,Black,Male,52,50-59,No,NA,31-35 mph,O: No Injury,Black,Female,Passenger Car,No,22SEP2007,Saturday,Bicyclist Failed to Yield - Midblock,16,Non-Intersection,September,B: Evident Injury,16:52:00,Bicyclist Ride Out - Residential Driveway,2007,Yes,No,Daylight,Straight - Level,State Secondary Route,Dry,"Two-Way, Not Divided",None,No Special Feature,Smooth Asphalt,2 lanes,"36.431159226, -78.4301425804"
7274,Raleigh,Wake,Piedmont,Residential,Urban (>70% Developed),NA,Urban,40 - 45  MPH,No Control Present,Clear,No,30,30-39,No,NA,Not Applicable,K: Killed,Driveway / Alley,Hispanic,Male,19,0-19,No,NA,36-40 mph,O: No Injury,Black,Male,Passenger Car,No,22SEP2007,Saturday,Bicyclist Failed to Yield - Midblock,12,Non-Intersection,September,K: Killed,12:08:00,Bicyclist Ride Out - Commercial Driveway / Alley,2007,Yes,No,Daylight,Curve - Grade,Local Street,Dry,"Two-Way, Divided, Unprotected Median",None,No Special Feature,Smooth Asphalt,2 lanes,"35.7862050781, -78.7176086329"