object_id,city,county,region,development,locality,on_road,rural_urban,speed_limit,traffic_control,weather,workzone,bike_age,bike_age_group,bike_alcohol,bike_alcohol_drugs,bike_direction,bike_injury,bike_position,bike_race,bike_sex,driver_age,driver_age_group,driver_alcohol,driver_alcohol_drugs,driver_est_speed,driver_injury,driver_race,driver_sex,driver_vehicle_type,crash_alcohol,crash_date,crash_day,crash_group,crash_hour,crash_location,crash_month,crash_severity,crash_time,crash_type,crash_year,ambulance_req,hit_run,light_condition,road_character,road_class,road_condition,road_configuration,road_defects,road_feature,road_surface,num_lanes,geo_point
7275,None - Rural Crash,Stanly,Piedmont,"Farms, Woods, Pastures",Rural (<30% Developed),NA,Rural,50 - 55  MPH,No Control Present,Clear,No,51,50-59,No,NA,With Traffic,A: Disabling Injury,Travel Lane,White,Male,NA,NA,Missing,NA,51-55 mph,Unknown Injury,Unknown/Missing,NA,NA,No,23SEP2007,Sunday,Motorist Overtaking Bicyclist,14,Non-Intersection,September,A: Disabling Injury,14:30:00,Motorist Overtaking - Other / Unknown,2007,Yes,Yes,Daylight,Straight - Level,State Secondary Route,Dry,"Two-Way, Not Divided",None,No Special Feature,Smooth Asphalt,2 lanes,"35.186606887, -80.4663571271"
7279,Knightdale,Wake,Piedmont,Residential,Mixed (30% To 70% Developed),NA,Urban,20 - 25  MPH,Stop Sign,Clear,No,15,11-15,No,NA,Facing Traffic,B: Evident Injury,Travel Lane,White,Male,70+,70+,No,NA,21-25 mph,O: No Injury,White,Male,Passenger Car,No,17NOV2007,Saturday,Bicyclist Failed to Yield - Sign-Controlled Intersection,12,Intersection,November,B: Evident Injury,12:30:00,Bicyclist Ride Through - Sign-Controlled Intersection,2007,Yes,No,Daylight,Straight - Level,Local Street,Dry,"Two-Way, Not Divided",None,Four-Way Intersection,Coarse Asphalt,2 lanes,"35.7901410877, -78.4816385622"
7284,Jacksonville,Onslow,Coastal,Commercial,Urban (>70% Developed),NA,Urban,NA,No Control Present,Cloudy,No,45,40-49,No,NA,Facing Traffic,B: Evident Injury,Travel Lane,Black,Male,21,20-24,No,NA,0-5 mph,O: No Injury,White,Male,Passenger Car,No,27SEP2007,Thursday,Motorist Failed to Yield - Midblock,15,Non-Intersection,September,B: Evident Injury,15:31:00,Motorist Drive Out - Commercial Driveway / Alley,2007,Yes,No,Daylight,Straight - Grade,Local Street,Dry,"Two-Way, Divided, Unprotected Median",None,No Special Feature,Smooth Asphalt,7 lanes,"34.7544238991, -77.3811971755"
7288,Matthews,Mecklenburg,Piedmont,Residential,Urban (>70% Developed),NA,Urban,20 - 25  MPH,Stop Sign,Clear,No,65,60-69,No,NA,Facing Traffic,C: Possible Injury,NA,White,Male,59,50-59,No,NA,NA,O: No Injury,White,Female,Passenger Car,No,27SEP2007,Thursday,Motorist Failed to Yield - Sign-Controlled Intersection,1,Intersection,September,C: Possible Injury,01:11:00,Motorist Drive Out - Sign-Controlled Intersection,2007,Yes,No,Daylight,Straight - Bottom,Local Street,Dry,"Two-Way, Divided, Unprotected Median",None,T-Intersection,Smooth Asphalt,2 lanes,"35.1123768608, -80.7580672108"
7291,Elizabeth City,Pasquotank,Coastal,Commercial,Urban (>70% Developed),NA,Urban,40 - 45  MPH,No Control Present,Clear,No,57,50-59,No,NA,With Traffic,C: Possible Injury,Travel Lane,White,Male,NA,NA,Missing,NA,41-45 mph,Unknown Injury,Unknown/Missing,NA,NA,No,30SEP2007,Sunday,Motorist Overtaking Bicyclist,0,Non-Intersection,September,C: Possible Injury,00:33:00,Motorist Overtaking - Misjudged Space,2007,Yes,Yes,Dark - Lighted Roadway,Straight - Level,Local Street,Dry,"Two-Way, Divided, Unprotected Median",None,No Special Feature,Smooth Asphalt,2 lanes,"36.3058012752, -76.2325759016"
7300,Raleigh,Wake,Piedmont,Commercial,Urban (>70% Developed),NA,Urban,20 - 25  MPH,Stop Sign,Clear,No,26,25-29,No,NA,Facing Traffic,C: Possible Injury,Sidewalk / Crosswalk / Driveway Crossing,White,Female,50,50-59,No,NA,21-25 mph,Unknown Injury,Black,Female,Passenger Car,No,03OCT2007,Wednesday,Motorist Failed to Yield - Sign-Controlled Intersection,15,Intersection,October,C: Possible Injury,15:15:00,Motorist Drive Through - Sign-Controlled Intersection,2007,Yes,No,Daylight,Straight - Level,Local Street,Dry,"Two-Way, Not Divided",None,No Special Feature,Smooth Asphalt,2 lanes,"35.7933970809, -78.6935676265"
7302,Gastonia,Gaston,Piedmont,Residential,Urban (>70% Developed),NA,Urban,30 - 35  MPH,No Control Present,Clear,No,36,30-39,No,NA,With Traffic,C: Possible Injury,Travel Lane,White,Male,21,20-24,No,NA,0-5 mph,O: No Injury,White,Female,Passenger Car,No,05OCT2007,Friday,Bicyclist Overtaking Motorist,16,Non-Intersection,October,C: Possible Injury,16:05:00,Bicyclist Overtaking - Passing on Left,2007,No,No,Daylight,Straight - Level,Local Street,Dry,"Two-Way, Not Divided",None,No Special Feature,Smooth Asphalt,2 lanes,"35.2507508758, -81.1642533387"
7304,None - Rural Crash,Camden,Coastal,"Farms, Woods, Pastures",Rural (<30% Developed),NA,Rural,50 - 55  MPH,"Double Yellow Line, No Passing Zone",Cloudy,No,52,50-59,No,NA,With Traffic,B: Evident Injury,Travel Lane,White,Female,46,40-49,No,NA,36-40 mph,O: No Injury,White,Male,Passenger Car,No,06OCT2007,Saturday,Motorist Overtaking Bicyclist,13,Non-Intersection,October,B: Evident Injury,13:35:00,Motorist Overtaking - Misjudged Space,2007,Yes,No,Daylight,Straight - Level,NC Route,Dry,"Two-Way, Not Divided",None,No Special Feature,Smooth Asphalt,2 lanes,"36.3839602915, -76.2448619085"
7307,Graham,Alamance,Piedmont,Commercial,Mixed (30% To 70% Developed),NA,Urban,20 - 25  MPH,No Control Present,Clear,No,18,16-19,No,NA,Not Applicable,B: Evident Injury,Non-Roadway,Black,Female,43,40-49,No,NA,0-5 mph,O: No Injury,Black,Female,Passenger Car,No,02OCT2007,Tuesday,Bicyclist Failed to Yield - Midblock,17,Non-Intersection,October,B: Evident Injury,17:49:00,Bicyclist Ride Out - Commercial Driveway / Alley,2007,Yes,No,Daylight,Straight - Level,Local Street,Dry,"Two-Way, Not Divided",None,Other,Smooth Asphalt,2 lanes,"36.0693471139, -79.3977528537"
7317,Pinehurst,Moore,Piedmont,Residential,Mixed (30% To 70% Developed),NA,Urban,30 - 35  MPH,"Double Yellow Line, No Passing Zone",Clear,No,50,50-59,No,NA,With Traffic,B: Evident Injury,Travel Lane,Black,Male,52,50-59,No,NA,31-35 mph,O: No Injury,White,Female,Sport Utility,No,11OCT2007,Thursday,Motorist Overtaking Bicyclist,19,Non-Intersection,October,B: Evident Injury,19:00:00,Motorist Overtaking - Undetected Bicyclist,2007,Yes,No,Dark - Roadway Not Lighted,Straight - Level,Local Street,Dry,"Two-Way, Not Divided",None,No Special Feature,Coarse Asphalt,2 lanes,"35.1938369241, -79.4859128338"
7318,None - Rural Crash,Cumberland,Coastal,"Farms, Woods, Pastures",Rural (<30% Developed),NA,Rural,50 - 55  MPH,"Double Yellow Line, No Passing Zone",Clear,No,NA,NA,Missing,NA,With Traffic,Unknown Injury,Travel Lane,Unknown/Missing,NA,NA,NA,Missing,NA,41-45 mph,Unknown Injury,Unknown/Missing,NA,NA,No,11OCT2007,Thursday,Motorist Overtaking Bicyclist,20,Non-Intersection,October,Unknown Injury,20:31:00,Motorist Overtaking - Other / Unknown,2007,No,Yes,Dark - Roadway Not Lighted,Curve - Level,State Secondary Route,Dry,"Two-Way, Not Divided",None,"Driveway, Public",Coarse Asphalt,2 lanes,"34.9487268876, -79.0108286784"
7319,Fayetteville,Cumberland,Coastal,Commercial,Urban (>70% Developed),NA,Urban,5 - 15 MPH,No Control Present,Clear,No,47,40-49,No,NA,Facing Traffic,B: Evident Injury,Sidewalk / Crosswalk / Driveway Crossing,Asian,Female,59,50-59,No,NA,0-5 mph,O: No Injury,Asian,Female,Passenger Car,No,11OCT2007,Thursday,Motorist Failed to Yield - Midblock,9,Non-Intersection,October,B: Evident Injury,09:12:00,Motorist Drive Out - Commercial Driveway / Alley,2007,Yes,No,Daylight,Straight - Level,Public Vehicular Area,Dry,"Two-Way, Not Divided",None,No Special Feature,Smooth Asphalt,NA,"35.0103909019, -78.9663726674"
7320,None - Rural Crash,Granville,Piedmont,"Farms, Woods, Pastures",Rural (<30% Developed),NA,Rural,50 - 55  MPH,"Double Yellow Line, No Passing Zone",Clear,No,44,40-49,No,NA,With Traffic,B: Evident Injury,Travel Lane,Black,Male,64,60-69,No,NA,51-55 mph,O: No Injury,Black,Female,"Light Truck (Mini-Van, Panel)",No,11OCT2007,Thursday,Motorist Overtaking Bicyclist,7,Non-Intersection,October,B: Evident Injury,07:53:00,Motorist Overtaking - Misjudged Space,2007,Yes,No,Daylight,Straight - Level,US Route,Dry,"Two-Way, Not Divided",None,No Special Feature,Coarse Asphalt,2 lanes,"36.1638771605, -78.6752926411"
7336,Angier,Harnett,Coastal,Residential,Mixed (30% To 70% Developed),NA,Rural,30 - 35  MPH,Stop Sign,Clear,No,NA,NA,Missing,NA,With Traffic,Unknown Injury,Travel Lane,Unknown/Missing,NA,16,0-19,No,NA,21-25 mph,O: No Injury,White,Female,Passenger Car,No,19OCT2007,Friday,Bicyclist Failed to Yield - Sign-Controlled Intersection,16,Intersection,October,O: No Injury,16:00:00,Bicyclist Ride Through - Sign-Controlled Intersection,2007,No,No,Daylight,Straight - Level,Local Street,Dry,"Two-Way, Not Divided",None,No Special Feature,Coarse Asphalt,2 lanes,"35.5115310191, -78.7297126221"
7345,Winterville,Pitt,Coastal,Commercial,Urban (>70% Developed),NA,Urban,30 - 35  MPH,No Control Present,Clear,No,15,11-15,No,NA,Not Applicable,B: Evident Injury,Non-Roadway,Black,Male,NA,NA,No,NA,0-5 mph,Unknown Injury,Unknown/Missing,NA,Passenger Car,No,23OCT2007,Tuesday,Parallel Paths - Other Circumstances,12,Non-Intersection,October,B: Evident Injury,12:15:00,Motorist Turn / Merge - Other / Unknown,2007,No,Yes,Daylight,Straight - Level,Local Street,Dry,"Two-Way, Not Divided",None,"Driveway, Public",Smooth Asphalt,2 lanes,"35.528817068, -77.4032122203"
7348,None - Rural Crash,Onslow,Coastal,Commercial,Mixed (30% To 70% Developed),NA,Rural,40 - 45  MPH,No Control Present,Cloudy,No,22,20-24,No,NA,With Traffic,C: Possible Injury,Travel Lane,White,Male,24,20-24,No,NA,0-5 mph,O: No Injury,White,Male,Pickup,No,26OCT2007,Friday,Motorist Failed to Yield - Midblock,6,Non-Intersection,October,C: Possible Injury,06:45:00,Motorist Drive Out - Commercial Driveway / Alley,2007,No,No,Dark - Roadway Not Lighted,Straight - Level,NC Route,Wet,"Two-Way, Not Divided",None,"Driveway, Public",Smooth Asphalt,3 lanes,"34.7469268945, -77.482897206"
7356,Gastonia,Gaston,Piedmont,Commercial,Urban (>70% Developed),NA,Urban,40 - 45  MPH,No Control Present,Cloudy,No,16,16-19,No,NA,Not Applicable,B: Evident Injury,Driveway / Alley,White,Male,17,0-19,No,NA,26-30 mph,O: No Injury,Hispanic,Female,Passenger Car,No,29OCT2007,Monday,Bicyclist Failed to Yield - Midblock,15,Non-Intersection,October,B: Evident Injury,15:05:00,Bicyclist Ride Out - Commercial Driveway / Alley,2007,Yes,No,Daylight,Straight - Level,Local Street,Dry,"Two-Way, Not Divided",None,"Driveway, Public",Smooth Asphalt,5 lanes,"35.2428428751, -81.1345933296"
7357,Goldsboro,Wayne,Coastal,Commercial,Urban (>70% Developed),NA,Urban,5 - 15 MPH,No Control Present,Clear,No,18,16-19,No,NA,NA,C: Possible Injury,Non-Roadway,Black,Male,27,25-29,No,NA,0-5 mph,O: No Injury,Black,Female,Passenger Car,No,29OCT2007,Monday,Non-Roadway,19,Non-Roadway,October,C: Possible Injury,19:00:00,Non-Roadway,2007,No,No,Dark - Lighted Roadway,Straight - Level,Public Vehicular Area,Dry,"Two-Way, Not Divided",None,No Special Feature,Smooth Asphalt,NA,"35.3744690149, -77.9903523913"
7358,Greensboro,Guilford,Piedmont,Commercial,Urban (>70% Developed),NA,Urban,30 - 35  MPH,Stop And Go Signal,Clear,No,14,11-15,No,NA,Facing Traffic,C: Possible Injury,Sidewalk / Crosswalk / Driveway Crossing,Black,Male,NA,NA,Missing,NA,NA,Unknown Injury,Unknown/Missing,NA,NA,No,29OCT2007,Monday,Motorist Failed to Yield - Signalized Intersection,18,Intersection,October,C: Possible Injury,18:10:00,Motorist Drive Out - Signalized Intersection,2007,No,Yes,Daylight,Straight - Level,Local Street,Dry,"Two-Way, Not Divided",None,Four-Way Intersection,Coarse Asphalt,5 lanes,"36.0781871017, -79.7781479692"
7374,None - Rural Crash,Catawba,Piedmont,Residential,Rural (<30% Developed),NA,Rural,40 - 45  MPH,"Double Yellow Line, No Passing Zone",Clear,No,36,30-39,No,NA,With Traffic,C: Possible Injury,Travel Lane,White,Male,70+,70+,No,NA,41-45 mph,O: No Injury,White,Male,Pickup,No,06NOV2007,Tuesday,Motorist Overtaking Bicyclist,10,Non-Intersection,November,C: Possible Injury,10:48:00,Motorist Overtaking - Misjudged Space,2007,Yes,No,Daylight,Straight - Level,State Secondary Route,Dry,"Two-Way, Not Divided",None,No Special Feature,Smooth Asphalt,2 lanes,"35.6621429625, -81.1589833596"
7390,Wilmington,New Hanover,Coastal,Commercial,Urban (>70% Developed),NA,Urban,40 - 45  MPH,No Control Present,Clear,No,18,16-19,No,NA,Facing Traffic,C: Possible Injury,Travel Lane,White,Male,62,60-69,No,NA,16-20 mph,O: No Injury,White,Female,Passenger Car,No,13NOV2007,Tuesday,Head-On,13,Non-Intersection,November,C: Possible Injury,13:07:00,Head-On - Bicyclist,2007,Yes,No,Daylight,Straight - Level,Local Street,Dry,"Two-Way, Divided, Positive Median Barrier",None,No Special Feature,Smooth Asphalt,6 lanes,"34.2131967625, -77.8979523068"
7393,High Point,Guilford,Piedmont,Commercial,Urban (>70% Developed),NA,Urban,30 - 35  MPH,Stop And Go Signal,Clear,No,38,30-39,No,NA,With Traffic,B: Evident Injury,Travel Lane,White,Male,48,40-49,No,NA,26-30 mph,O: No Injury,White,Male,Pickup,No,15NOV2007,Thursday,Bicyclist Failed to Yield - Signalized Intersection,16,Intersection,November,B: Evident Injury,16:46:00,Bicyclist Ride Out - Signalized  Intersection,2007,Yes,No,Daylight,Straight - Level,Local Street,Dry,"Two-Way, Not Divided",None,Four-Way Intersection,Smooth Asphalt,4 lanes,"35.9311710614, -80.0346430381"
7394,Whiteville,Columbus,Coastal,Commercial,Urban (>70% Developed),NA,Urban,NA,Stop Sign,Clear,No,14,11-15,No,NA,Facing Traffic,C: Possible Injury,Travel Lane,Black,Female,NA,NA,Missing,NA,NA,Unknown Injury,Unknown/Missing,NA,NA,No,16NOV2007,Friday,Motorist Failed to Yield - Sign-Controlled Intersection,17,Intersection,November,C: Possible Injury,17:59:00,Motorist Drive Out - Sign-Controlled Intersection,2007,No,Yes,Dark - Lighted Roadway,Straight - Level,US Route,Dry,"Two-Way, Divided, Unprotected Median",None,On or Off Ramp,Smooth Asphalt,2 lanes,"34.3486737658, -78.7097025577"
7399,None - Rural Crash,Forsyth,Piedmont,Residential,Mixed (30% To 70% Developed),NA,Rural,50 - 55  MPH,No Control Present,Clear,No,8,6-10,No,NA,Not Applicable,B: Evident Injury,Non-Roadway,Black,Male,58,50-59,No,NA,46-50 mph,O: No Injury,Black,Female,Passenger Car,No,20NOV2007,Tuesday,Bicyclist Failed to Yield - Midblock,9,Non-Intersection,November,B: Evident Injury,09:18:00,Bicyclist Ride Out - Other Midblock,2007,Yes,No,Daylight,Straight - Level,State Secondary Route,Dry,"Two-Way, Not Divided",None,No Special Feature,Smooth Asphalt,2 lanes,"36.2116501136, -80.2253031116"
7404,Jacksonville,Onslow,Coastal,Residential,Urban (>70% Developed),NA,Urban,20 - 25  MPH,No Control Present,Cloudy,No,26,25-29,Yes,NA,NA,O: No Injury,Travel Lane,Black,Male,28,25-29,No,NA,NA,O: No Injury,White,Male,Police,Yes,25NOV2007,Sunday,Head-On,11,Non-Intersection,November,O: No Injury,11:59:00,Head-On - Bicyclist,2007,No,No,Daylight,Straight - Level,Local Street,Dry,"Two-Way, Not Divided",None,No Special Feature,Smooth Asphalt,2 lanes,"34.7482218969, -77.4222721881"
7407,Lexington,Davidson,Piedmont,Commercial,Rural (<30% Developed),NA,Urban,30 - 35  MPH,No Control Present,Clear,No,11,11-15,No,NA,With Traffic,C: Possible Injury,Travel Lane,Black,Male,54,50-59,No,NA,26-30 mph,O: No Injury,White,Female,Passenger Car,No,27NOV2007,Tuesday,Bicyclist Left Turn / Merge,17,Non-Intersection,November,C: Possible Injury,17:26:00,Bicyclist Left Turn - Opposite Direction,2007,No,No,Daylight,Straight - Level,Local Street,Dry,"Two-Way, Divided, Unprotected Median",None,No Special Feature,Smooth Asphalt,4 lanes,"35.8147350288, -80.2637931004"
7412,Raleigh,Wake,Piedmont,Commercial,Urban (>70% Developed),NA,Urban,30 - 35  MPH,Stop And Go Signal,Clear,No,44,40-49,No,NA,Facing Traffic,C: Possible Injury,Travel Lane,Black,Male,34,30-39,No,NA,0-5 mph,O: No Injury,White,Male,Passenger Car,No,20NOV2007,Tuesday,Bicyclist Failed to Yield - Signalized Intersection,9,Intersection,November,C: Possible Injury,09:00:00,Bicyclist Ride Through - Signalized Intersection,2007,No,No,Daylight,Curve - Grade,Local Street,Dry,"Two-Way, Divided, Positive Median Barrier",None,On or Off Ramp,Smooth Asphalt,4 lanes,"35.8353150918, -78.6390826116"
7418,Statesville,Iredell,Piedmont,Residential,Urban (>70% Developed),NA,Urban,30 - 35  MPH,Stop Sign,Clear,No,13,11-15,No,NA,With Traffic,C: Possible Injury,Travel Lane,White,Male,NA,NA,No,NA,0-5 mph,Unknown Injury,Unknown/Missing,NA,NA,No,01DEC2007,Saturday,Bicyclist Failed to Yield - Sign-Controlled Intersection,14,Intersection,December,C: Possible Injury,14:00:00,Bicyclist Ride Out - Sign-Controlled Intersection,2007,No,Yes,Daylight,Straight - Level,Local Street,Dry,"Two-Way, Not Divided",None,Four-Way Intersection,Coarse Asphalt,2 lanes,"35.7939140012, -80.8791232839"
7419,Raleigh,Wake,Piedmont,Residential,Urban (>70% Developed),NA,Urban,30 - 35  MPH,No Control Present,Clear,No,51,50-59,No,NA,With Traffic,B: Evident Injury,Travel Lane,Hispanic,Male,54,50-59,No,NA,6-10 mph,O: No Injury,White,Female,Passenger Car,No,01DEC2007,Saturday,Bicyclist Left Turn / Merge,9,Non-Intersection,December,B: Evident Injury,09:40:00,Bicyclist Left Turn - Same Direction,2007,Yes,No,Daylight,Straight - Grade,Local Street,Dry,"Two-Way, Divided, Unprotected Median",None,T-Intersection,Coarse Asphalt,2 lanes,"35.8331710893, -78.6801826241"
7421,Lexington,Davidson,Piedmont,Residential,Urban (>70% Developed),NA,Urban,30 - 35  MPH,No Control Present,Clear,No,19,16-19,No,NA,NA,C: Possible Injury,NA,White,Male,70+,70+,No,NA,31-35 mph,O: No Injury,White,Male,Sport Utility,No,03DEC2007,Monday,Bicyclist Failed to Yield - Midblock,17,Non-Intersection,December,C: Possible Injury,17:06:00,Bicyclist Ride Out - Midblock - Unknown,2007,No,No,Daylight,Straight - Level,Local Street,Dry,"One-Way, Not Divided",None,No Special Feature,Coarse Asphalt,3 lanes,"35.8339110331, -80.2530780983"
7426,Rocky Mount,Nash,Coastal,Residential,Urban (>70% Developed),NA,Urban,40 - 45  MPH,No Control Present,Clear,No,8,6-10,No,NA,NA,B: Evident Injury,NA,Black,Female,56,50-59,No,NA,26-30 mph,O: No Injury,Black,Female,Passenger Car,No,04DEC2007,Tuesday,Bicyclist Failed to Yield - Midblock,16,Non-Intersection,December,B: Evident Injury,16:48:00,Bicyclist Ride Out - Midblock - Unknown,2007,Yes,No,Dusk,Straight - Level,Local Street,Dry,"Two-Way, Not Divided",None,"Driveway, Private",Smooth Asphalt,2 lanes,"35.9673491465, -77.8757623874"
7433,Concord,Cabarrus,Piedmont,Commercial,Urban (>70% Developed),NA,Urban,40 - 45  MPH,No Control Present,Clear,No,19,16-19,No,NA,NA,C: Possible Injury,NA,White,Male,27,25-29,No,NA,41-45 mph,O: No Injury,Black,Male,Van,No,02JUN2007,Saturday,Bicyclist Failed to Yield - Midblock,0,Non-Intersection,June,C: Possible Injury,00:47:00,Bicyclist Ride Out - Midblock - Unknown,2007,Yes,No,Dark - Roadway Not Lighted,Straight - Level,Local Street,Dry,"Two-Way, Not Divided",None,No Special Feature,Smooth Asphalt,2 lanes,"35.4106129318, -80.5682171701"
7438,Raleigh,Wake,Piedmont,Commercial,Urban (>70% Developed),NA,Urban,20 - 25  MPH,Yield Sign,Clear,No,31,30-39,No,NA,With Traffic,C: Possible Injury,Travel Lane,White,Male,21,20-24,No,NA,0-5 mph,O: No Injury,Asian,Male,Passenger Car,No,10DEC2007,Monday,Motorist Failed to Yield - Sign-Controlled Intersection,20,Intersection,December,C: Possible Injury,20:53:00,Motorist Drive Out - Sign-Controlled Intersection,2007,No,No,Dark - Lighted Roadway,Straight - Level,Local Street,Dry,"Two-Way, Divided, Positive Median Barrier",None,Traffic Circle/Roundabout,Smooth Asphalt,2 lanes,"35.7845640794, -78.6643476173"
7447,None - Rural Crash,Robeson,Coastal,"Farms, Woods, Pastures",Rural (<30% Developed),NA,Rural,50 - 55  MPH,No Control Present,Clear,No,63,60-69,No,NA,With Traffic,C: Possible Injury,Travel Lane,Native American,Male,NA,NA,No,NA,51-55 mph,Unknown Injury,Unknown/Missing,NA,NA,No,17DEC2007,Monday,Motorist Overtaking Bicyclist,18,Non-Intersection,December,C: Possible Injury,18:30:00,Motorist Overtaking - Other / Unknown,2007,No,Yes,Dark - Roadway Not Lighted,Straight - Level,NC Route,Dry,"Two-Way, Not Divided",None,No Special Feature,Smooth Asphalt,2 lanes,"34.7313168334, -79.2114287276"
7449,None - Rural Crash,Iredell,Piedmont,"Farms, Woods, Pastures",Rural (<30% Developed),NA,Rural,50 - 55  MPH,No Control Present,Clear,No,14,11-15,No,NA,With Traffic,C: Possible Injury,Travel Lane,Black,Male,44,40-49,No,NA,6-10 mph,O: No Injury,White,Female,Passenger Car,No,18DEC2007,Tuesday,Loss of Control / Turning Error,15,Non-Intersection,December,C: Possible Injury,15:50:00,Bicyclist Lost Control - Other / Unknown,2007,No,No,Daylight,Straight - Level,State Secondary Route,Dry,"Two-Way, Not Divided",None,No Special Feature,Coarse Asphalt,2 lanes,"35.8095670086, -80.7686432517"
7455,Fayetteville,Cumberland,Coastal,Residential,Urban (>70% Developed),NA,Urban,20 - 25  MPH,No Control Present,Clear,No,44,40-49,No,NA,With Traffic,B: Evident Injury,Travel Lane,White,Male,NA,NA,Missing,NA,NA,Unknown Injury,Unknown/Missing,NA,NA,No,28DEC2007,Friday,Motorist Overtaking Bicyclist,16,Non-Intersection,December,B: Evident Injury,16:55:00,Motorist Overtaking - Other / Unknown,2007,Yes,Yes,Daylight,Straight - Grade,Local Street,Dry,"Two-Way, Not Divided",None,No Special Feature,Coarse Asphalt,2 lanes,"35.0093069022, -78.9687376685"
7457,Winston-Salem,Forsyth,Piedmont,Commercial,Urban (>70% Developed),NA,Urban,40 - 45  MPH,No Control Present,Rain,No,33,30-39,No,NA,NA,B: Evident Injury,Non-Roadway,White,Male,45,40-49,No,NA,0-5 mph,O: No Injury,White,Male,Passenger Car,No,29DEC2007,Saturday,Non-Roadway,13,Non-Roadway,December,B: Evident Injury,13:32:00,Non-Roadway,2007,No,No,Daylight,Straight - Grade,Public Vehicular Area,Wet,"Two-Way, Not Divided",None,"Driveway, Public",Smooth Asphalt,NA,"36.0699910822, -80.2695131168"
7459,High Point,Guilford,Piedmont,Residential,Urban (>70% Developed),NA,Urban,30 - 35  MPH,Stop Sign,Clear,No,12,11-15,No,NA,With Traffic,A: Disabling Injury,Travel Lane,White,Male,53,50-59,No,NA,16-20 mph,O: No Injury,White,Female,Passenger Car,No,03SEP2007,Monday,Bicyclist Failed to Yield - Sign-Controlled Intersection,15,Intersection,September,A: Disabling Injury,15:01:00,Bicyclist Ride Through - Sign-Controlled Intersection,2007,Yes,No,Daylight,Straight - Bottom,Local Street,Dry,"Two-Way, Not Divided",None,T-Intersection,Smooth Asphalt,2 lanes,"35.9379070644, -80.0059390301"
7461,Eden,Rockingham,Piedmont,Residential,Urban (>70% Developed),NA,Urban,30 - 35  MPH,No Control Present,Clear,No,9,6-10,No,NA,With Traffic,B: Evident Injury,Travel Lane,Black,Male,59,50-59,No,NA,21-25 mph,O: No Injury,Black,Female,Sport Utility,No,07MAY2007,Monday,Motorist Overtaking Bicyclist,18,Non-Intersection,May,B: Evident Injury,18:59:00,Motorist Overtaking - Bicyclist Swerved,2007,Yes,No,Daylight,Straight - Level,Local Street,Dry,"Two-Way, Not Divided",None,No Special Feature,Smooth Asphalt,2 lanes,"36.5021471908, -79.7793329942"
3001,Swansboro,Onslow,Coastal,Commercial,Urban (>70% Developed),NA,Rural,30 - 35  MPH,Stop And Go Signal,Cloudy,No,50,50-59,No,NA,With Traffic,C: Possible Injury,Sidewalk / Crosswalk / Driveway Crossing,Hispanic,Female,35,30-39,No,NA,11-15 mph,O: No Injury,Black,Male,Van,No,28APR2011,Thursday,Bicyclist Failed to Yield - Signalized Intersection,7,Intersection,April,C: Possible Injury,07:42:00,Bicyclist Ride Out - Signalized  Intersection,2011,No,No,Daylight,Straight - Grade,NC Route,Dry,"Two-Way, Divided, Unprotected Median",None,Four-Way Intersection,Coarse Asphalt,2 lanes,"34.693066894, -77.1301020968"
1280,Wilmington,New Hanover,Coastal,"Farms, Woods, Pastures",Urban (>70% Developed),S 17TH ST,Urban,40 - 45  MPH,No Control Present,Clear,No,40,40-49,Yes,NA,With Traffic,Unknown Injury,Travel Lane,White,Male,NA,NA,Missing,NA,41-45 mph,Unknown Injury,Unknown/Missing,NA,NA,Yes,26JUN2013,Wednesday,Motorist Overtaking Bicyclist,2,Non-Intersection,June,Unknown Injury,02:30:00,Motorist Overtaking - Other / Unknown,2013,Yes,Yes,Dark - Roadway Not Lighted,Straight - Level,Local Street,Dry,"Two-Way, Divided, Positive Median Barrier",None,No Special Feature,Smooth Asphalt,4 lanes,"34.1750867539, -77.8981023048"
1300,None - Rural Crash,Gaston,Piedmont,"Farms, Woods, Pastures",Rural (<30% Developed),SR 1438,Rural,40 - 45  MPH,No Control Present,Clear,No,11,11-15,No,NA,Facing Traffic,A: Disabling Injury,Travel Lane,White,Male,37,30-39,No,NA,36-40 mph,O: No Injury,White,Female,Pickup,No,30JUL2013,Tuesday,Bicyclist Failed to Yield - Midblock,16,Non-Intersection,July,A: Disabling Injury,16:47:00,Bicyclist Ride Out - Midblock - Unknown,2013,Yes,No,Daylight,Straight - Level,State Secondary Route,Dry,"Two-Way, Divided, Unprotected Median",None,No Special Feature,Smooth Asphalt,2 lanes,"35.3631268936, -81.3281033939"
1279,Morrisville,Wake,Piedmont,Commercial,Urban (>70% Developed),SR 3977,Urban,40 - 45  MPH,No Control Present,Clear,No,28,25-29,No,NA,With Traffic,B: Evident Injury,Travel Lane,White,Male,70+,70+,No,NA,6-10 mph,O: No Injury,White,Female,Passenger Car,No,23JUL2013,Tuesday,Motorist Failed to Yield - Sign-Controlled Intersection,14,Intersection,July,B: Evident Injury,14:39:00,Motorist Drive Out - Sign-Controlled Intersection,2013,Yes,No,Daylight,Straight - Level,State Secondary Route,Dry,"Two-Way, Divided, Unprotected Median",None,T-Intersection,Smooth Asphalt,4 lanes,"35.7997970774, -78.8176026646"