object_id,city,county,region,development,locality,on_road,rural_urban,speed_limit,traffic_control,weather,workzone,bike_age,bike_age_group,bike_alcohol,bike_alcohol_drugs,bike_direction,bike_injury,bike_position,bike_race,bike_sex,driver_age,driver_age_group,driver_alcohol,driver_alcohol_drugs,driver_est_speed,driver_injury,driver_race,driver_sex,driver_vehicle_type,crash_alcohol,crash_date,crash_day,crash_group,crash_hour,crash_location,crash_month,crash_severity,crash_time,crash_type,crash_year,ambulance_req,hit_run,light_condition,road_character,road_class,road_condition,road_configuration,road_defects,road_feature,road_surface,num_lanes,geo_point
1278,Sanford,Lee,Piedmont,Commercial,Urban (>70% Developed),S HORNER BLVD,Urban,30 - 35  MPH,Stop And Go Signal,Clear,No,20,20-24,No,NA,With Traffic,B: Evident Injury,Travel Lane,White,Male,45,40-49,No,NA,21-25 mph,O: No Injury,White,Male,Tractor/Semi-Trailer,No,26JUN2013,Wednesday,Bicyclist Failed to Yield - Signalized Intersection,1,Intersection,June,B: Evident Injury,01:10:00,Bicyclist Ride Out - Signalized  Intersection,2013,Yes,No,Dark - Lighted Roadway,Straight - Level,Local Street,Dry,"Two-Way, Not Divided",None,No Special Feature,Smooth Asphalt,4 lanes,"35.478716996, -79.1794027564"
1265,Troutman,Iredell,Piedmont,Residential,Mixed (30% To 70% Developed),SR 1328,Rural,NA,"Double Yellow Line, No Passing Zone",Clear,No,NA,NA,Missing,NA,With Traffic,Unknown Injury,Travel Lane,Unknown/Missing,NA,NA,NA,Missing,NA,NA,Unknown Injury,Unknown/Missing,NA,NA,No,13JUL2013,Saturday,Other / Unusual Circumstances,11,Non-Intersection,July,B: Evident Injury,11:10:00,Bicycle Only,2013,Yes,No,Daylight,Straight - Level,State Secondary Route,Dry,"Two-Way, Not Divided",None,No Special Feature,Smooth Asphalt,2 lanes,"35.7001569795, -80.920803291"
1234,Raleigh,Wake,Piedmont,Commercial,Urban (>70% Developed),GLENWOOD AVE,Urban,30 - 35  MPH,No Control Present,Cloudy,No,34,30-39,No,NA,With Traffic,O: No Injury,Travel Lane,White,Male,NA,NA,Missing,NA,11-15 mph,Unknown Injury,Unknown/Missing,NA,Pickup,No,10JUN2013,Monday,Motorist Overtaking Bicyclist,3,Intersection-Related,June,C: Possible Injury,03:15:00,Motorist Overtaking - Other / Unknown,2013,Yes,Yes,Dark - Lighted Roadway,Straight - Level,Local Street,Wet,"Two-Way, Not Divided",None,No Special Feature,Coarse Asphalt,2 lanes,"35.7811370796, -78.6476026112"
1232,Dunn,Harnett,Coastal,Commercial,Urban (>70% Developed),US 421,Urban,30 - 35  MPH,Stop Sign,Clear,No,23,20-24,No,NA,Facing Traffic,C: Possible Injury,Travel Lane,White,Female,50,50-59,No,NA,0-5 mph,O: No Injury,Black,Male,Sport Utility,No,09MAY2013,Thursday,Motorist Failed to Yield - Sign-Controlled Intersection,17,Intersection,May,C: Possible Injury,17:38:00,Motorist Drive Out - Sign-Controlled Intersection,2013,Yes,No,Daylight,Straight - Level,US Route,Dry,"Two-Way, Divided, Unprotected Median",None,No Special Feature,Coarse Asphalt,2 lanes,"35.3160869805, -78.6259025802"
1290,Boone,Watauga,Mountains,Residential,Urban (>70% Developed),DEERFIELD RD,Urban,30 - 35  MPH,"Double Yellow Line, No Passing Zone",Rain,No,21,20-24,No,NA,With Traffic,B: Evident Injury,Travel Lane,White,Male,46,40-49,No,NA,26-30 mph,O: No Injury,White,Male,Passenger Car,No,10JUL2013,Wednesday,Motorist Left Turn / Merge,19,Intersection,July,B: Evident Injury,19:10:00,Motorist Left Turn - Opposite Direction,2013,Yes,No,Daylight,Curve - Grade,Local Street,Wet,"Two-Way, Not Divided",None,T-Intersection,Smooth Asphalt,2 lanes,"36.2023270574, -81.6480035369"
1298,Charlotte,Mecklenburg,Piedmont,Residential,Mixed (30% To 70% Developed),COOPERSDALE RD,Urban,20 - 25  MPH,No Control Present,Clear,No,3,0-5,No,NA,Facing Traffic,C: Possible Injury,Travel Lane,White,Male,54,50-59,No,NA,NA,O: No Injury,White,Male,Sport Utility,No,29JUL2013,Monday,Other / Unusual Circumstances,19,Non-Intersection,July,C: Possible Injury,19:04:00,Play Vehicle-Related,2013,Yes,No,Daylight,Straight - Level,Local Street,Dry,"Two-Way, Not Divided",None,No Special Feature,Coarse Asphalt,2 lanes,"35.1481468612, -80.9676032752"
1289,New Bern,Craven,Coastal,Residential,Urban (>70% Developed),CYPRESS ST,Urban,30 - 35  MPH,No Control Present,Clear,No,7,6-10,No,NA,NA,C: Possible Injury,Travel Lane,Black,Male,66,60-69,No,NA,36-40 mph,O: No Injury,White,Male,Pickup,No,25JUL2013,Thursday,Crossing Paths - Other Circumstances,19,Intersection,July,C: Possible Injury,19:42:00,Crossing Paths - Uncontrolled Intersection,2013,Yes,No,Daylight,Straight - Level,Local Street,Dry,"Two-Way, Not Divided",None,T-Intersection,Smooth Asphalt,2 lanes,"35.1146369895, -77.0456020906"
1371,Charlotte,Mecklenburg,Piedmont,Commercial,Rural (<30% Developed),NORTH TRYON STREET,Urban,40 - 45  MPH,Stop And Go Signal,Cloudy,No,16,16-19,No,NA,Facing Traffic,C: Possible Injury,Sidewalk / Crosswalk / Driveway Crossing,White,Male,24,20-24,No,NA,NA,O: No Injury,White,Female,Passenger Car,No,20AUG2013,Tuesday,Motorist Failed to Yield - Signalized Intersection,14,Intersection,August,C: Possible Injury,14:14:00,Motorist Drive Out - Right Turn on Red,2013,Yes,No,Daylight,Straight - Level,Local Street,Dry,"Two-Way, Not Divided",None,T-Intersection,Smooth Asphalt,4 lanes,"35.2627268922, -80.7723032224"
1395,None - Rural Crash,Catawba,Piedmont,Residential,Mixed (30% To 70% Developed),SR 1441,Rural,40 - 45  MPH,"Double Yellow Line, No Passing Zone",Clear,No,15,11-15,No,NA,With Traffic,B: Evident Injury,Travel Lane,White,Male,NA,NA,Missing,NA,41-45 mph,Unknown Injury,Unknown/Missing,NA,NA,No,25JUL2013,Thursday,Motorist Overtaking Bicyclist,11,Non-Intersection,July,B: Evident Injury,11:48:00,Motorist Overtaking - Other / Unknown,2013,No,Yes,Daylight,Straight - Grade,State Secondary Route,Dry,"Two-Way, Not Divided",None,"Driveway, Private",Smooth Asphalt,2 lanes,"35.7321169741, -81.2613033941"
1357,Charlotte,Mecklenburg,Piedmont,Commercial,Urban (>70% Developed),PVA 457 EASTWAY DRIVE,Urban,5 - 15 MPH,Stop Sign,Cloudy,No,15,11-15,No,NA,Facing Traffic,C: Possible Injury,Sidewalk / Crosswalk / Driveway Crossing,Black,Male,50,50-59,No,NA,0-5 mph,O: No Injury,Black,Male,Passenger Car,No,16AUG2013,Friday,Motorist Failed to Yield - Midblock,14,Non-Intersection,August,C: Possible Injury,14:39:00,Motorist Drive Out - Commercial Driveway / Alley,2013,No,No,Dusk,Straight - Level,Public Vehicular Area,Wet,"Two-Way, Not Divided",None,"Driveway, Public",Concrete,2 lanes,"35.2518568894, -80.7804032248"
1374,None - Rural Crash,Forsyth,Piedmont,Residential,Mixed (30% To 70% Developed),SR 2014,Rural,40 - 45  MPH,"Double Yellow Line, No Passing Zone",Clear,No,33,30-39,No,NA,With Traffic,B: Evident Injury,Travel Lane,White,Male,36,30-39,No,NA,41-45 mph,O: No Injury,White,Male,Sport Utility,No,11AUG2013,Sunday,Motorist Overtaking Bicyclist,18,Non-Intersection,August,B: Evident Injury,18:44:00,Motorist Overtaking - Undetected Bicyclist,2013,Yes,No,Daylight,Straight - Level,State Secondary Route,Dry,"Two-Way, Not Divided",None,No Special Feature,Smooth Asphalt,2 lanes,"36.1751671111, -80.0869030682"
1370,Fayetteville,Cumberland,Coastal,Commercial,Urban (>70% Developed),S REILLY RD,Urban,40 - 45  MPH,No Control Present,Rain,No,15,11-15,No,NA,Facing Traffic,B: Evident Injury,Travel Lane,White,Male,39,30-39,No,NA,41-45 mph,O: No Injury,Hispanic,Male,Passenger Car,No,02AUG2013,Friday,Crossing Paths - Other Circumstances,22,Intersection-Related,August,B: Evident Injury,22:10:00,Crossing Paths - Intersection - Other / Unknown,2013,Yes,No,Dark - Lighted Roadway,Straight - Level,Local Street,Wet,"Two-Way, Not Divided",None,No Special Feature,Coarse Asphalt,5 lanes,"35.0686269135, -79.012702685"
1402,Charlotte,Mecklenburg,Piedmont,Commercial,Urban (>70% Developed),OLD PINEVILLE RD,Urban,30 - 35  MPH,No Control Present,Clear,No,27,25-29,Missing,NA,NA,K: Killed,NA,Hispanic,Male,23,20-24,No,NA,0-5 mph,C: Possible Injury,Black,Male,Passenger Car,No,23AUG2013,Friday,Bicyclist Failed to Yield - Midblock,21,Non-Intersection,August,K: Killed,21:30:00,Bicyclist Ride Out - Midblock - Unknown,2013,Yes,No,Dark - Lighted Roadway,Straight - Level,Local Street,Dry,"Two-Way, Divided, Unprotected Median",None,No Special Feature,Smooth Asphalt,2 lanes,"35.1522068654, -80.8780032478"
1363,Raleigh,Wake,Piedmont,Residential,Urban (>70% Developed),SHEFFIELD RD,Urban,30 - 35  MPH,Stop Sign,Cloudy,No,13,11-15,No,NA,With Traffic,B: Evident Injury,Travel Lane,Black,Male,57,50-59,No,NA,31-35 mph,O: No Injury,Black,Female,Passenger Car,No,17AUG2013,Saturday,Bicyclist Failed to Yield - Sign-Controlled Intersection,15,Intersection,August,B: Evident Injury,15:28:00,Bicyclist Ride Through - Sign-Controlled Intersection,2013,Yes,No,Daylight,Straight - Grade,Local Street,Wet,"Two-Way, Not Divided",None,Four-Way Intersection,Smooth Asphalt,4 lanes,"35.7915870831, -78.610002601"
1385,New Bern,Craven,Coastal,Commercial,Urban (>70% Developed),MILLER ST,Urban,20 - 25  MPH,Stop Sign,Clear,No,51,50-59,No,NA,With Traffic,C: Possible Injury,Sidewalk / Crosswalk / Driveway Crossing,White,Male,20,20-24,No,NA,0-5 mph,O: No Injury,White,Male,Passenger Car,No,10AUG2013,Saturday,Crossing Paths - Other Circumstances,15,Intersection,August,C: Possible Injury,15:54:00,Sign-Controlled Intersection - Other / Unknown,2013,No,No,Daylight,Straight - Level,missing,Dry,"Two-Way, Not Divided",None,No Special Feature,Smooth Asphalt,2 lanes,"35.1084669878, -77.0524020926"
1389,Raleigh,Wake,Piedmont,Institutional,Urban (>70% Developed),HILLSBOROUGH,Urban,30 - 35  MPH,No Control Present,Clear,No,23,20-24,No,NA,With Traffic,O: No Injury,Travel Lane,White,Male,28,25-29,No,NA,0-5 mph,O: No Injury,White,Male,Passenger Car,No,22AUG2013,Thursday,Motorist Failed to Yield - Midblock,16,Non-Intersection,August,O: No Injury,16:54:00,Motorist Drive Out - Commercial Driveway / Alley,2013,No,No,Daylight,Straight - Level,Local Street,Dry,"Two-Way, Divided, Unprotected Median",None,No Special Feature,Smooth Asphalt,2 lanes,"35.7887170801, -78.6721026199"
1440,Greensboro,Guilford,Piedmont,Commercial,Mixed (30% To 70% Developed),W FRIENDLY AV,Urban,30 - 35  MPH,Stop And Go Signal,Clear,No,48,40-49,No,NA,Facing Traffic,C: Possible Injury,Sidewalk / Crosswalk / Driveway Crossing,White,Male,59,50-59,Yes,NA,0-5 mph,O: No Injury,White,Male,Pickup,Yes,11SEP2013,Wednesday,Motorist Failed to Yield - Signalized Intersection,4,Intersection,September,C: Possible Injury,04:00:00,Motorist Drive Out - Right Turn on Red,2013,Yes,Yes,Dark - Roadway Not Lighted,Straight - Level,Local Street,Dry,"Two-Way, Not Divided",None,Four-Way Intersection,Smooth Asphalt,7 lanes,"36.0899371007, -79.8887030033"
1418,None - Rural Crash,Union,Piedmont,"Farms, Woods, Pastures",Rural (<30% Developed),SR 1901,Rural,50 - 55  MPH,"Double Yellow Line, No Passing Zone",Clear,No,17,16-19,No,NA,With Traffic,B: Evident Injury,Travel Lane,White,Male,30,30-39,No,NA,16-20 mph,O: No Injury,White,Female,Passenger Car,No,04SEP2013,Wednesday,Motorist Overtaking Bicyclist,19,Non-Intersection,September,B: Evident Injury,19:11:00,Motorist Overtaking - Undetected Bicyclist,2013,Yes,No,Daylight,Straight - Hillcrest,State Secondary Route,Dry,"Two-Way, Not Divided",None,No Special Feature,Coarse Asphalt,2 lanes,"34.9769468463, -80.3564030837"
1411,Wilmington,New Hanover,Coastal,Commercial,Urban (>70% Developed),N KERR AVE,Urban,30 - 35  MPH,Stop And Go Signal,Clear,No,34,30-39,Yes,NA,With Traffic,A: Disabling Injury,Travel Lane,Black,Male,20,20-24,No,NA,16-20 mph,O: No Injury,White,Female,Passenger Car,Yes,30JUL2013,Tuesday,Bicyclist Failed to Yield - Signalized Intersection,12,Intersection-Related,July,A: Disabling Injury,12:52:00,Bicyclist Ride Through - Signalized Intersection,2013,Yes,No,Daylight,Straight - Level,Local Street,Dry,"Two-Way, Not Divided",None,No Special Feature,Coarse Asphalt,4 lanes,"34.24291677, -77.890202305"
1408,None - Rural Crash,Dare,Coastal,Residential,Mixed (30% To 70% Developed),NC 12,Rural,30 - 35  MPH,No Control Present,Clear,No,20,20-24,No,NA,With Traffic,B: Evident Injury,Bike Lane / Paved Shoulder,Other,Male,39,30-39,No,NA,31-35 mph,O: No Injury,White,Male,Passenger Car,No,02SEP2013,Monday,Loss of Control / Turning Error,5,Intersection,September,B: Evident Injury,05:05:00,Motorist Lost Control - Other / Unknown,2013,Yes,No,Dark - Roadway Not Lighted,Straight - Level,NC Route,Dry,"Two-Way, Not Divided",None,No Special Feature,Smooth Asphalt,2 lanes,"35.559547138, -75.469001629"
1438,Oxford,Granville,Piedmont,Commercial,Urban (>70% Developed),WALL ST,Urban,30 - 35  MPH,Stop Sign,Clear,No,12,11-15,No,NA,Facing Traffic,Unknown Injury,Sidewalk / Crosswalk / Driveway Crossing,Black,Male,61,60-69,No,NA,0-5 mph,O: No Injury,White,Female,Sport Utility,No,28JUN2013,Friday,Motorist Failed to Yield - Sign-Controlled Intersection,13,Intersection,June,O: No Injury,13:47:00,Motorist Drive Through - Sign-Controlled Intersection,2013,Yes,No,Daylight,Straight - Level,Local Street,Dry,"Two-Way, Not Divided",None,T-Intersection,Coarse Asphalt,2 lanes,"36.3111471947, -78.5898026226"
1404,None - Rural Crash,Orange,Piedmont,"Farms, Woods, Pastures",Rural (<30% Developed),SR 1006,Rural,40 - 45  MPH,"Double Yellow Line, No Passing Zone",Clear,No,60,60-69,No,NA,With Traffic,A: Disabling Injury,Travel Lane,White,Female,62,60-69,No,NA,31-35 mph,O: No Injury,White,Female,Passenger Car,No,24JUL2013,Wednesday,Motorist Right Turn / Merge,9,Intersection,July,A: Disabling Injury,09:43:00,Motorist Right Turn - Same Direction,2013,No,No,Daylight,Straight - Level,State Secondary Route,Dry,"Two-Way, Not Divided",None,T-Intersection,Coarse Asphalt,2 lanes,"36.0531471205, -79.1215027703"
1420,Smithfield,Johnston,Coastal,Commercial,Urban (>70% Developed),US 70,Urban,30 - 35  MPH,Stop And Go Signal,Rain,No,18,16-19,No,NA,Facing Traffic,A: Disabling Injury,Travel Lane,White,Male,44,40-49,No,NA,0-5 mph,O: No Injury,White,Female,Passenger Car,No,21AUG2013,Wednesday,Loss of Control / Turning Error,19,Intersection,August,A: Disabling Injury,19:01:00,Motorist Turning Error - Left Turn,2013,Yes,No,Dusk,Straight - Level,US Route,"Water (Standing, Moving)","Two-Way, Not Divided",None,T-Intersection,Smooth Asphalt,4 lanes,"35.5054570316, -78.3263024997"
1435,None - Rural Crash,Nash,Coastal,Residential,Mixed (30% To 70% Developed),SARAH WAY,Rural,20 - 25  MPH,No Control Present,Clear,No,23,20-24,No,NA,With Traffic,B: Evident Injury,Travel Lane,Black,Male,18,0-19,No,NA,21-25 mph,O: No Injury,Hispanic,Female,Passenger Car,No,08SEP2013,Sunday,Motorist Left Turn / Merge,18,Intersection,September,B: Evident Injury,18:28:00,Motorist Left Turn - Opposite Direction,2013,Yes,No,Daylight,Straight - Level,Local Street,Dry,"Two-Way, Not Divided",None,T-Intersection,Coarse Asphalt,2 lanes,"35.8965071321, -77.8600023781"
1659,None - Rural Crash,Wake,Piedmont,"Farms, Woods, Pastures",Rural (<30% Developed),SR 1006,Rural,40 - 45  MPH,"Double Yellow Line, No Passing Zone","Snow, Sleet, Hail, Freezing Rain/Drizzle",No,66,60-69,Yes,NA,With Traffic,O: No Injury,Travel Lane,Black,Male,41,40-49,No,NA,41-45 mph,A: Disabling Injury,White,Female,Passenger Car,Yes,12NOV2013,Tuesday,Motorist Overtaking Bicyclist,18,Non-Intersection,November,A: Disabling Injury,18:35:00,Motorist Overtaking - Undetected Bicyclist,2013,Yes,No,Dark - Roadway Not Lighted,Straight - Level,State Secondary Route,Wet,"Two-Way, Not Divided",None,No Special Feature,Coarse Asphalt,2 lanes,"35.6375970479, -78.6711026109"
1685,Rocky Mount,Nash,Coastal,Commercial,Urban (>70% Developed),S WINSTEAD AVE,Urban,40 - 45  MPH,Stop And Go Signal,Clear,No,33,30-39,No,NA,With Traffic,B: Evident Injury,Travel Lane,Black,Male,28,25-29,No,NA,21-25 mph,O: No Injury,White,Female,Passenger Car,No,13DEC2013,Friday,Bicyclist Failed to Yield - Signalized Intersection,6,Intersection,December,B: Evident Injury,06:10:00,Bicyclist Ride Through - Signalized Intersection,2013,Yes,No,Dark - Roadway Not Lighted,Straight - Level,Local Street,Dry,"Two-Way, Divided, Positive Median Barrier",None,No Special Feature,Coarse Asphalt,7 lanes,"35.9637771462, -77.8493023785"
1707,None - Rural Crash,Robeson,Coastal,Residential,Rural (<30% Developed),SR 1752,Rural,50 - 55  MPH,No Control Present,Clear,No,61,60-69,No,NA,With Traffic,C: Possible Injury,Travel Lane,White,Male,NA,NA,Missing,NA,51-55 mph,Unknown Injury,Unknown/Missing,NA,Sport Utility,No,24DEC2013,Tuesday,Parallel Paths - Other Circumstances,23,Non-Intersection,December,C: Possible Injury,23:00:00,Parallel Paths - Other / Unknown,2013,No,Yes,Dark - Roadway Not Lighted,Straight - Level,State Secondary Route,Dry,"Two-Way, Not Divided",None,No Special Feature,Coarse Asphalt,2 lanes,"34.8492968628, -79.0923026976"
1657,Jacksonville,Onslow,Coastal,Commercial,Urban (>70% Developed),LIBERTY DR,Urban,30 - 35  MPH,Stop Sign,Clear,No,46,40-49,No,NA,Facing Traffic,B: Evident Injury,Sidewalk / Crosswalk / Driveway Crossing,Black,Male,59,50-59,No,NA,6-10 mph,O: No Injury,White,Male,Taxicab,No,02NOV2013,Saturday,Motorist Failed to Yield - Sign-Controlled Intersection,19,Intersection,November,B: Evident Injury,19:23:00,Motorist Drive Out - Sign-Controlled Intersection,2013,Yes,No,Dark - Lighted Roadway,Straight - Level,Local Street,Dry,"Two-Way, Not Divided",None,Four-Way Intersection,Coarse Asphalt,2 lanes,"34.7428068977, -77.3693021716"
1700,None - Rural Crash,Sampson,Coastal,"Farms, Woods, Pastures",Rural (<30% Developed),NC 55,Rural,50 - 55  MPH,"Double Yellow Line, No Passing Zone",Clear,No,56,50-59,No,NA,Facing Traffic,O: No Injury,Bike Lane / Paved Shoulder,White,Male,18,0-19,No,NA,51-55 mph,C: Possible Injury,White,Female,Passenger Car,No,19DEC2013,Thursday,Loss of Control / Turning Error,13,Non-Intersection,December,C: Possible Injury,13:45:00,Motorist Lost Control - Other / Unknown,2013,Yes,No,Daylight,Curve - Level,NC Route,Dry,"Two-Way, Not Divided",None,No Special Feature,Coarse Asphalt,2 lanes,"35.2537469734, -78.4207025151"
1705,None - Rural Crash,Wake,Piedmont,"Farms, Woods, Pastures",Rural (<30% Developed),SR 1826,Rural,40 - 45  MPH,"Double Yellow Line, No Passing Zone",Cloudy,No,42,40-49,No,NA,With Traffic,A: Disabling Injury,Travel Lane,White,Male,44,40-49,No,NA,36-40 mph,O: No Injury,White,Male,Pickup,No,22DEC2013,Sunday,Motorist Overtaking Bicyclist,14,Intersection-Related,December,A: Disabling Injury,14:22:00,Motorist Overtaking - Other / Unknown,2013,Yes,No,Daylight,Straight - Level,State Secondary Route,Dry,"Two-Way, Not Divided",None,Related To Intersection,Coarse Asphalt,9 or more lanes,"35.9021371031, -78.7026026349"
1697,Raleigh,Wake,Piedmont,Commercial,Urban (>70% Developed),W MARTIN ST,Urban,30 - 35  MPH,Stop And Go Signal,Cloudy,No,24,20-24,No,NA,Facing Traffic,C: Possible Injury,Sidewalk / Crosswalk / Driveway Crossing,White,Male,28,25-29,No,NA,0-5 mph,O: No Injury,White,Male,Passenger Car,No,10DEC2013,Tuesday,Motorist Failed to Yield - Signalized Intersection,14,Intersection,December,C: Possible Injury,14:29:00,Motorist Drive Out - Right Turn on Red,2013,No,No,Daylight,Straight - Grade,Local Street,Wet,"One-Way, Not Divided",None,Four-Way Intersection,Smooth Asphalt,3 lanes,"35.7770370786, -78.6436026096"
1699,Greenville,Pitt,Coastal,Residential,Mixed (30% To 70% Developed),THOMAS LANGSTON RD,Urban,40 - 45  MPH,No Control Present,Clear,No,37,30-39,No,NA,With Traffic,B: Evident Injury,Bike Lane / Paved Shoulder,White,Male,38,30-39,No,NA,46-50 mph,O: No Injury,White,Female,Passenger Car,No,18DEC2013,Wednesday,Motorist Overtaking Bicyclist,7,Non-Intersection,December,B: Evident Injury,07:44:00,Motorist Overtaking - Other / Unknown,2013,Yes,No,Daylight,Straight - Level,Local Street,Dry,"Two-Way, Not Divided",None,Four-Way Intersection,Smooth Asphalt,3 lanes,"35.5622470749, -77.4169022262"
1670,Durham,Durham,Piedmont,Commercial,Urban (>70% Developed),INFINITY RD,Urban,30 - 35  MPH,No Control Present,Cloudy,No,65,60-69,No,NA,Not Applicable,O: No Injury,Non-Roadway,Hispanic,Male,41,40-49,No,NA,6-10 mph,O: No Injury,Black,Male,Passenger Car,No,05DEC2013,Thursday,Bicyclist Failed to Yield - Signalized Intersection,12,Intersection-Related,December,O: No Injury,12:12:00,Bicyclist Ride Out - Signalized  Intersection,2013,No,No,Daylight,Straight - Level,Local Street,Wet,"Two-Way, Not Divided",None,No Special Feature,Smooth Asphalt,2 lanes,"36.0773371334, -78.9098027068"
1706,Rocky Mount,Nash,Coastal,Residential,Urban (>70% Developed),SUNSET AVENUE,Urban,30 - 35  MPH,No Control Present,Clear,No,51,50-59,Yes,NA,With Traffic,O: No Injury,Travel Lane,Black,Male,46,40-49,No,NA,11-15 mph,O: No Injury,Black,Female,Passenger Car,Yes,24DEC2013,Tuesday,Motorist Overtaking Bicyclist,21,Non-Intersection,December,O: No Injury,21:49:00,Motorist Overtaking - Other / Unknown,2013,No,No,Dark - Lighted Roadway,Straight - Level,Local Street,Dry,"Two-Way, Not Divided",None,No Special Feature,Smooth Asphalt,5 lanes,"35.9638271467, -77.8548023805"
1780,None - Rural Crash,Brunswick,Coastal,"Farms, Woods, Pastures",Rural (<30% Developed),NA,Rural,50 - 55  MPH,No Control Present,Clear,No,50,50-59,Yes,NA,Facing Traffic,B: Evident Injury,Travel Lane,White,Male,32,30-39,No,NA,51-55 mph,O: No Injury,Hispanic,Male,Pickup,Yes,08FEB2012,Wednesday,Bicyclist Right Turn / Merge,18,Non-Intersection,February,B: Evident Injury,18:56:00,Bicyclist Right Turn - Same Direction,2012,Yes,No,Dark - Roadway Not Lighted,Straight - Level,State Secondary Route,Dry,"Two-Way, Not Divided",None,No Special Feature,Coarse Asphalt,2 lanes,"34.2610067684, -78.0552023558"
1778,Gastonia,Gaston,Piedmont,Commercial,Urban (>70% Developed),NA,Urban,40 - 45  MPH,No Control Present,Clear,No,22,20-24,No,NA,With Traffic,C: Possible Injury,Travel Lane,White,Male,NA,NA,Missing,NA,26-30 mph,Unknown Injury,Unknown/Missing,NA,NA,No,11JAN2012,Wednesday,Motorist Overtaking Bicyclist,19,Intersection-Related,January,C: Possible Injury,19:30:00,Motorist Overtaking - Other / Unknown,2012,Yes,Yes,Daylight,Straight - Grade,NC Route,Dry,"Two-Way, Not Divided",None,No Special Feature,Smooth Asphalt,5 lanes,"35.2879868802, -81.244103365"
1793,Southern Pines,Moore,Piedmont,Institutional,Mixed (30% To 70% Developed),NA,Urban,40 - 45  MPH,No Control Present,Cloudy,No,30,30-39,No,NA,With Traffic,C: Possible Injury,Travel Lane,White,Male,20,20-24,No,NA,0-5 mph,O: No Injury,Black,Female,Passenger Car,No,04FEB2012,Saturday,Motorist Left Turn / Merge,15,Non-Intersection,February,C: Possible Injury,15:12:00,Motorist Left Turn - Opposite Direction,2012,Yes,No,Daylight,Straight - Level,Local Street,Wet,"Two-Way, Not Divided",None,Related To Intersection,Coarse Asphalt,3 lanes,"35.2236869333, -79.4074028115"
1779,Kannapolis,Cabarrus,Piedmont,Commercial,Urban (>70% Developed),NA,Urban,30 - 35  MPH,Stop Sign,Cloudy,No,52,50-59,No,NA,With Traffic,C: Possible Injury,Travel Lane,Black,Male,69,60-69,No,NA,16-20 mph,O: No Injury,White,Male,Pickup,No,19JAN2012,Thursday,Motorist Failed to Yield - Sign-Controlled Intersection,15,Intersection,January,C: Possible Injury,15:29:00,Motorist Drive Out - Sign-Controlled Intersection,2012,Yes,No,Daylight,Straight - Level,Local Street,Dry,"Two-Way, Not Divided",None,T-Intersection,Smooth Asphalt,2 lanes,"35.4833969455, -80.6151031881"
1794,None - Rural Crash,Guilford,Piedmont,Institutional,Urban (>70% Developed),NA,Rural,20 - 25  MPH,Stop Sign,Clear,No,24,20-24,No,NA,With Traffic,Unknown Injury,Travel Lane,White,Female,25,25-29,No,NA,NA,O: No Injury,White,Male,Passenger Car,No,01FEB2012,Wednesday,Motorist Right Turn / Merge,12,Intersection,February,O: No Injury,12:04:00,Motorist Right Turn - Same Direction,2012,No,No,Daylight,Straight - Level,Local Street,Dry,"Two-Way, Divided, Unprotected Median",None,Shared-Use Paths Or Trails,Coarse Asphalt,2 lanes,"36.0657870987, -79.8113029789"
1788,Chapel Hill,Orange,Piedmont,Institutional,Urban (>70% Developed),NA,Urban,5 - 15 MPH,No Control Present,Cloudy,No,18,16-19,No,NA,With Traffic,B: Evident Injury,Travel Lane,White,Male,62,60-69,No,NA,6-10 mph,O: No Injury,White,Male,Passenger Car,No,26JAN2012,Thursday,Bicyclist Overtaking Motorist,17,Non-Intersection,January,B: Evident Injury,17:13:00,Bicyclist Overtaking - Other / Unknown,2012,No,No,Daylight,Straight - Level,Public Vehicular Area,Dry,"Two-Way, Not Divided",None,No Special Feature,Smooth Asphalt,NA,"35.9086970921, -79.0483027393"
1790,High Point,Guilford,Piedmont,Residential,Urban (>70% Developed),NA,Urban,30 - 35  MPH,No Control Present,Clear,No,15,11-15,No,NA,With Traffic,C: Possible Injury,Travel Lane,Black,Male,48,40-49,No,NA,31-35 mph,O: No Injury,White,Male,Motorcycle,No,29JAN2012,Sunday,Motorist Overtaking Bicyclist,13,Non-Intersection,January,C: Possible Injury,13:08:00,Motorist Overtaking - Other / Unknown,2012,Yes,No,Daylight,Straight - Grade,Local Street,Dry,"Two-Way, Not Divided",None,No Special Feature,Smooth Asphalt,2 lanes,"35.9388670644, -80.0059030298"
1781,None - Rural Crash,Onslow,Coastal,Commercial,Mixed (30% To 70% Developed),NA,Rural,50 - 55  MPH,No Control Present,Clear,No,20,20-24,No,NA,Facing Traffic,B: Evident Injury,Travel Lane,Black,Male,33,30-39,No,NA,46-50 mph,O: No Injury,White,Female,Sport Utility,No,09FEB2012,Thursday,Head-On,19,Non-Intersection,February,B: Evident Injury,19:54:00,Head-On - Bicyclist,2012,Yes,No,Dark - Roadway Not Lighted,Straight - Level,US Route,Dry,"Two-Way, Not Divided",None,No Special Feature,Coarse Asphalt,5 lanes,"34.7711768997, -77.4905022097"