object_id,city,county,region,development,locality,on_road,rural_urban,speed_limit,traffic_control,weather,workzone,bike_age,bike_age_group,bike_alcohol,bike_alcohol_drugs,bike_direction,bike_injury,bike_position,bike_race,bike_sex,driver_age,driver_age_group,driver_alcohol,driver_alcohol_drugs,driver_est_speed,driver_injury,driver_race,driver_sex,driver_vehicle_type,crash_alcohol,crash_date,crash_day,crash_group,crash_hour,crash_location,crash_month,crash_severity,crash_time,crash_type,crash_year,ambulance_req,hit_run,light_condition,road_character,road_class,road_condition,road_configuration,road_defects,road_feature,road_surface,num_lanes,geo_point
1762,None - Rural Crash,Stanly,Piedmont,"Farms, Woods, Pastures",Rural (<30% Developed),NA,Rural,50 - 55  MPH,"Double Yellow Line, No Passing Zone","Fog, Smog, Smoke",No,38,30-39,No,NA,With Traffic,C: Possible Injury,Travel Lane,White,Male,NA,NA,No,NA,NA,Unknown Injury,Unknown/Missing,NA,Passenger Car,No,23JAN2012,Monday,Motorist Overtaking Bicyclist,6,Non-Intersection,January,C: Possible Injury,06:58:00,Motorist Overtaking - Misjudged Space,2012,No,Yes,Dark - Roadway Not Lighted,Straight - Grade,NC Route,Wet,"Two-Way, Not Divided",None,No Special Feature,Smooth Asphalt,2 lanes,"35.3700369379, -80.1450030404"
1759,Spring Lake,Cumberland,Coastal,Commercial,Mixed (30% To 70% Developed),NA,Urban,20 - 25  MPH,Stop Sign,Clear,No,63,60-69,No,NA,With Traffic,C: Possible Injury,Travel Lane,Black,Male,19,0-19,No,NA,21-25 mph,O: No Injury,Black,Female,Passenger Car,No,01JAN2012,Sunday,Motorist Failed to Yield - Sign-Controlled Intersection,17,Intersection,January,C: Possible Injury,17:35:00,Motorist Drive Out - Sign-Controlled Intersection,2012,Yes,No,Dark - Lighted Roadway,Straight - Level,Local Street,Dry,"Two-Way, Divided, Unprotected Median",None,Four-Way Intersection,Smooth Asphalt,2 lanes,"35.1675969365, -78.9736026783"
1753,Green Level,Alamance,Piedmont,Residential,Mixed (30% To 70% Developed),NA,Rural,40 - 45  MPH,Stop Sign,Clear,No,44,40-49,Yes,NA,With Traffic,C: Possible Injury,Travel Lane,Black,Male,25,25-29,No,NA,41-45 mph,O: No Injury,White,Male,Passenger Car,Yes,04JAN2012,Wednesday,Bicyclist Failed to Yield - Sign-Controlled Intersection,18,Intersection,January,C: Possible Injury,18:26:00,Bicyclist Ride Through - Sign-Controlled Intersection,2012,Yes,No,Dark - Lighted Roadway,Straight - Level,NC Route,Dry,"Two-Way, Not Divided",None,T-Intersection,Smooth Asphalt,2 lanes,"36.1222171267, -79.3496028425"
1718,None - Rural Crash,Rutherford,Mountains,Residential,Urban (>70% Developed),SR 1106,Rural,40 - 45  MPH,"Double Yellow Line, No Passing Zone",Clear,No,21,20-24,No,NA,With Traffic,C: Possible Injury,Travel Lane,White,Male,70+,70+,No,NA,26-30 mph,O: No Injury,White,Female,Passenger Car,No,31DEC2013,Tuesday,Motorist Overtaking Bicyclist,8,Non-Intersection,December,C: Possible Injury,08:43:00,Motorist Overtaking - Other / Unknown,2013,Yes,No,Daylight,Straight - Level,State Secondary Route,Dry,"Two-Way, Not Divided",None,No Special Feature,Coarse Asphalt,2 lanes,"35.2982868566, -81.9400035711"
1746,Wilmington,New Hanover,Coastal,Institutional,Urban (>70% Developed),REYNOLDS,Urban,20 - 25  MPH,Stop Sign,Cloudy,No,22,20-24,No,NA,Facing Traffic,C: Possible Injury,Travel Lane,White,Male,32,30-39,No,NA,0-5 mph,O: No Injury,White,Female,Passenger Car,No,28OCT2013,Monday,Motorist Failed to Yield - Sign-Controlled Intersection,16,Intersection,October,C: Possible Injury,16:42:00,Motorist Drive Out - Sign-Controlled Intersection,2013,No,No,Daylight,Straight - Level,Local Street,Dry,"Two-Way, Not Divided",None,T-Intersection,Smooth Asphalt,2 lanes,"34.2257967664, -77.8670022973"
1773,Durham,Durham,Piedmont,Residential,Urban (>70% Developed),NA,Urban,30 - 35  MPH,No Control Present,Clear,No,44,40-49,No,NA,With Traffic,C: Possible Injury,Travel Lane,Black,Male,NA,NA,Missing,NA,31-35 mph,Unknown Injury,Unknown/Missing,NA,Passenger Car,No,02FEB2012,Thursday,Motorist Overtaking Bicyclist,13,Non-Intersection,February,C: Possible Injury,13:12:00,Motorist Overtaking - Other / Unknown,2012,No,Yes,Daylight,Straight - Level,Local Street,Dry,"Two-Way, Not Divided",None,No Special Feature,Smooth Asphalt,2 lanes,"35.9934071161, -78.8860026948"
1751,Midway,Davidson,Piedmont,Commercial,Mixed (30% To 70% Developed),NA,Rural,50 - 55  MPH,"Double Yellow Line, No Passing Zone",Clear,No,30,30-39,No,NA,With Traffic,B: Evident Injury,Travel Lane,White,Female,70+,70+,No,NA,31-35 mph,O: No Injury,Black,Female,Passenger Car,No,06JAN2012,Friday,Motorist Overtaking Bicyclist,15,Non-Intersection,January,B: Evident Injury,15:27:00,Motorist Overtaking - Misjudged Space,2012,Yes,No,Daylight,Curve - Level,State Secondary Route,Dry,"Two-Way, Not Divided",None,T-Intersection,Smooth Asphalt,2 lanes,"35.9623670616, -80.2204030957"
1715,Mint Hill,Mecklenburg,Piedmont,Residential,Urban (>70% Developed),WILSON GROVE RD,Urban,40 - 45  MPH,No Control Present,Clear,No,15,11-15,No,NA,With Traffic,C: Possible Injury,Travel Lane,White,Male,17,0-19,No,NA,31-35 mph,O: No Injury,Asian,Female,Passenger Car,No,12NOV2013,Tuesday,Bicyclist Left Turn / Merge,7,Non-Intersection,November,C: Possible Injury,07:26:00,Bicyclist Left Turn - Same Direction,2013,No,No,Daylight,Straight - Level,Local Street,Dry,"Two-Way, Not Divided",None,No Special Feature,Smooth Asphalt,2 lanes,"35.1878368797, -80.6886031931"
1774,Durham,Durham,Piedmont,Residential,Urban (>70% Developed),NA,Urban,20 - 25  MPH,No Control Present,Clear,No,26,25-29,No,NA,With Traffic,C: Possible Injury,Travel Lane,White,Male,37,30-39,No,NA,0-5 mph,O: No Injury,White,Male,Passenger Car,No,02FEB2012,Thursday,Bicyclist Left Turn / Merge,23,Intersection,February,C: Possible Injury,23:00:00,Bicyclist Left Turn - Same Direction,2012,No,No,Dark - Lighted Roadway,Straight - Level,Local Street,Dry,"Two-Way, Not Divided",None,No Special Feature,Smooth Asphalt,2 lanes,"36.0170271207, -78.9155027051"
1731,Lumberton,Robeson,Coastal,Commercial,Urban (>70% Developed),PVA 2759 ROBERTS AVE,Urban,30 - 35  MPH,No Control Present,Clear,No,3,0-5,No,NA,Not Applicable,O: No Injury,Non-Roadway,Black,Male,NA,NA,Missing,NA,0-5 mph,Unknown Injury,Unknown/Missing,NA,NA,No,21DEC2013,Saturday,Non-Roadway,5,Non-Roadway,December,O: No Injury,05:39:00,Non-Roadway,2013,No,Yes,Dark - Lighted Roadway,Straight - Level,Public Vehicular Area,Dry,"Two-Way, Not Divided",None,"Driveway, Public",Coarse Asphalt,NA,"34.6443368205, -79.0118026627"
1814,Charlotte,Mecklenburg,Piedmont,Residential,Urban (>70% Developed),NA,Urban,20 - 25  MPH,Stop Sign,Clear,No,18,16-19,No,NA,Facing Traffic,B: Evident Injury,Sidewalk / Crosswalk / Driveway Crossing,Hispanic,Male,26,25-29,No,NA,NA,O: No Injury,Black,Female,School Bus,No,01MAR2012,Thursday,Motorist Failed to Yield - Sign-Controlled Intersection,15,Intersection,March,B: Evident Injury,15:34:00,Motorist Drive Out - Sign-Controlled Intersection,2012,Yes,No,Daylight,Straight - Grade,Local Street,Dry,"Two-Way, Divided, Unprotected Median",None,No Special Feature,Smooth Asphalt,2 lanes,"35.2494568897, -80.7724032219"
1822,Morganton,Burke,Mountains,Commercial,Urban (>70% Developed),NA,Urban,20 - 25  MPH,Flashing Stop And Go Signal,Clear,No,13,11-15,No,NA,With Traffic,B: Evident Injury,Travel Lane,White,Male,44,40-49,No,NA,16-20 mph,O: No Injury,White,Male,Passenger Car,No,02FEB2012,Thursday,Bicyclist Failed to Yield - Signalized Intersection,17,Intersection,February,B: Evident Injury,17:49:00,Bicyclist Ride Through - Signalized Intersection,2012,Yes,No,Daylight,Straight - Grade,Local Street,Dry,"One-Way, Not Divided",None,Related To Intersection,Smooth Asphalt,3 lanes,"35.7448269604, -81.6870035224"
1798,None - Rural Crash,Gaston,Piedmont,Residential,Rural (<30% Developed),NA,Rural,40 - 45  MPH,"Double Yellow Line, No Passing Zone",Clear,No,17,16-19,No,NA,With Traffic,C: Possible Injury,Travel Lane,White,Male,21,20-24,No,NA,41-45 mph,O: No Injury,White,Female,Passenger Car,No,23FEB2012,Thursday,Motorist Overtaking Bicyclist,17,Non-Intersection,February,C: Possible Injury,17:43:00,Motorist Overtaking - Other / Unknown,2012,Yes,Yes,Dusk,Straight - Level,State Secondary Route,Dry,"Two-Way, Not Divided",None,No Special Feature,Smooth Asphalt,2 lanes,"35.3711769063, -81.0221033027"
1819,Gastonia,Gaston,Piedmont,Institutional,Urban (>70% Developed),NA,Urban,30 - 35  MPH,No Control Present,Clear,No,50,50-59,No,NA,With Traffic,C: Possible Injury,Travel Lane,Black,Male,52,50-59,No,NA,NA,O: No Injury,White,Female,"Single Unit Truck (2-Axle, 6-Tire)",No,11FEB2012,Saturday,Motorist Right Turn / Merge,11,Non-Intersection,February,C: Possible Injury,11:57:00,Motorist Right Turn - Same Direction,2012,Yes,No,Daylight,Straight - Grade,Local Street,Dry,"Two-Way, Not Divided",None,"Driveway, Public",Coarse Asphalt,3 lanes,"35.2417168721, -81.206103351"
1815,Raleigh,Wake,Piedmont,Commercial,Mixed (30% To 70% Developed),NA,Urban,40 - 45  MPH,Stop And Go Signal,Clear,No,45,40-49,No,NA,Facing Traffic,C: Possible Injury,Travel Lane,Black,Female,27,25-29,No,NA,0-5 mph,O: No Injury,White,Male,Passenger Car,No,02MAR2012,Friday,Motorist Failed to Yield - Signalized Intersection,9,Intersection,March,C: Possible Injury,09:08:00,Motorist Drive Out - Signalized Intersection,2012,Yes,No,Daylight,Straight - Level,Local Street,Dry,"One-Way, Not Divided",None,T-Intersection,Smooth Asphalt,2 lanes,"35.7539570733, -78.648902611"
1808,Wilmington,New Hanover,Coastal,Residential,Urban (>70% Developed),NA,Urban,5 - 15 MPH,No Control Present,Clear,No,6,6-10,No,NA,Not Applicable,C: Possible Injury,Non-Roadway,Black,Female,34,30-39,No,NA,0-5 mph,O: No Injury,Black,Female,Passenger Car,No,09FEB2012,Thursday,Bicyclist Failed to Yield - Midblock,17,Non-Intersection,February,C: Possible Injury,17:00:00,Bicyclist Ride Out - Other Midblock,2012,Yes,No,Dusk,Straight - Level,Local Street,Dry,"One-Way, Not Divided",None,No Special Feature,Smooth Asphalt,1 lane,"34.2236267639, -77.9282023161"
1817,Asheville,Buncombe,Mountains,Commercial,Urban (>70% Developed),NA,Urban,30 - 35  MPH,Stop Sign,Cloudy,No,16,16-19,No,NA,With Traffic,B: Evident Injury,Travel Lane,White,Male,23,20-24,No,NA,NA,O: No Injury,White,Male,Pickup,No,23FEB2012,Thursday,Motorist Failed to Yield - Sign-Controlled Intersection,14,Intersection,February,B: Evident Injury,14:44:00,Motorist Drive Out - Sign-Controlled Intersection,2012,No,No,Daylight,Straight - Level,Local Street,Dry,"Two-Way, Not Divided",None,T-Intersection,Smooth Asphalt,2 lanes,"35.584436893, -82.5663037726"
1802,Concord,Cabarrus,Piedmont,Residential,Urban (>70% Developed),NA,Urban,30 - 35  MPH,No Control Present,Clear,No,34,30-39,No,NA,With Traffic,C: Possible Injury,Travel Lane,White,Female,40,40-49,No,NA,21-25 mph,O: No Injury,White,Female,Passenger Car,No,07FEB2012,Tuesday,Motorist Overtaking Bicyclist,7,Non-Intersection,February,C: Possible Injury,07:14:00,Motorist Overtaking - Misjudged Space,2012,No,No,Dawn,Straight - Hillcrest,Local Street,Dry,"Two-Way, Not Divided",None,"Driveway, Private",Coarse Asphalt,2 lanes,"35.3856469265, -80.5481031629"
1812,Mount Olive,Wayne,Coastal,Commercial,Urban (>70% Developed),NA,Rural,20 - 25  MPH,No Control Present,Clear,No,20,20-24,No,NA,With Traffic,C: Possible Injury,Travel Lane,White,Male,70+,70+,No,NA,0-5 mph,O: No Injury,White,Male,Van,No,14FEB2012,Tuesday,Motorist Left Turn / Merge,18,Non-Intersection,February,C: Possible Injury,18:30:00,Motorist Left Turn - Opposite Direction,2012,Yes,No,Dark - Lighted Roadway,Straight - Level,Local Street,Dry,"Two-Way, Not Divided",None,"Driveway, Public",Smooth Asphalt,2 lanes,"35.211706977, -78.0661024055"
1826,Raleigh,Wake,Piedmont,Commercial,Urban (>70% Developed),NA,Urban,40 - 45  MPH,Stop And Go Signal,Clear,No,52,50-59,No,NA,With Traffic,B: Evident Injury,Travel Lane,White,Male,NA,NA,Missing,NA,46-50 mph,Unknown Injury,Unknown/Missing,NA,NA,No,08MAR2012,Thursday,Crossing Paths - Other Circumstances,14,Intersection,March,B: Evident Injury,14:40:00,Signalized Intersection - Other / Unknown,2012,Yes,Yes,Daylight,Straight - Level,Local Street,Dry,"Two-Way, Not Divided",None,Four-Way Intersection,Smooth Asphalt,6 lanes,"35.8610570981, -78.6007026012"
1861,Raleigh,Wake,Piedmont,Institutional,Urban (>70% Developed),NA,Urban,20 - 25  MPH,No Control Present,Rain,No,21,20-24,Yes,NA,With Traffic,A: Disabling Injury,Travel Lane,White,Male,19,0-19,No,NA,11-15 mph,O: No Injury,White,Male,Passenger Car,Yes,19FEB2012,Sunday,Motorist Left Turn / Merge,2,Intersection,February,A: Disabling Injury,02:49:00,Motorist Left Turn - Opposite Direction,2012,Yes,No,Dark - Lighted Roadway,Straight - Grade,Local Street,Wet,"Two-Way, Not Divided",None,Four-Way Intersection,Smooth Asphalt,3 lanes,"35.7869270799, -78.6747026202"
1856,None - Rural Crash,Harnett,Coastal,"Farms, Woods, Pastures",Rural (<30% Developed),NA,Rural,40 - 45  MPH,"Double Yellow Line, No Passing Zone",Clear,No,62,60-69,No,NA,Facing Traffic,C: Possible Injury,Travel Lane,Black,Male,23,20-24,No,NA,11-15 mph,O: No Injury,Other,Female,Sport Utility,No,09MAR2012,Friday,Head-On,16,Non-Intersection,March,C: Possible Injury,16:29:00,Head-On - Bicyclist,2012,No,No,Daylight,Straight - Grade,State Secondary Route,Dry,"Two-Way, Not Divided",None,No Special Feature,Coarse Asphalt,2 lanes,"35.2572569559, -78.9686026813"
1862,Goldsboro,Wayne,Coastal,Commercial,Urban (>70% Developed),NA,Urban,30 - 35  MPH,Stop Sign,Clear,No,54,50-59,No,NA,With Traffic,C: Possible Injury,Travel Lane,Black,Male,59,50-59,No,NA,0-5 mph,O: No Injury,Black,Female,Passenger Car,No,09MAR2012,Friday,Motorist Left Turn / Merge,19,Intersection,March,C: Possible Injury,19:20:00,Motorist Left Turn - Opposite Direction,2012,Yes,No,Dark - Roadway Not Lighted,Straight - Level,Local Street,Dry,"Two-Way, Not Divided",None,No Special Feature,Coarse Asphalt,2 lanes,"35.3926470184, -77.9949023938"
1833,Cary,Wake,Piedmont,Commercial,Urban (>70% Developed),NA,Urban,30 - 35  MPH,Stop Sign,Clear,No,12,11-15,No,NA,NA,C: Possible Injury,NA,Black,Male,NA,NA,Missing,NA,NA,Unknown Injury,Unknown/Missing,NA,NA,No,25FEB2012,Saturday,Other / Unknown - Insufficient Details,18,Unknown Location,February,C: Possible Injury,18:30:00,Unknown Location,2012,Yes,Yes,Dusk,Straight - Level,Local Street,Dry,"Two-Way, Not Divided",Road Surface Condition,No Special Feature,Smooth Asphalt,2 lanes,"35.8014570795, -78.7677026495"
1832,Rocky Mount,Edgecombe,Coastal,Commercial,Urban (>70% Developed),NA,Urban,30 - 35  MPH,No Control Present,Clear,No,51,50-59,Yes,NA,Facing Traffic,B: Evident Injury,Travel Lane,Black,Male,22,20-24,No,NA,26-30 mph,O: No Injury,Black,Female,Passenger Car,Yes,14FEB2012,Tuesday,Head-On,16,Non-Intersection,February,B: Evident Injury,16:37:00,Head-On - Bicyclist,2012,Yes,No,Daylight,Curve - Level,State Secondary Route,Dry,"Two-Way, Divided, Unprotected Median",None,No Special Feature,Smooth Asphalt,2 lanes,"35.9412071436, -77.7874023587"
1829,Greensboro,Guilford,Piedmont,Commercial,Urban (>70% Developed),NA,Urban,30 - 35  MPH,Stop And Go Signal,Cloudy,No,62,60-69,No,NA,With Traffic,B: Evident Injury,Travel Lane,Black,Male,52,50-59,No,NA,11-15 mph,O: No Injury,Black,Male,Passenger Car,No,19FEB2012,Sunday,Head-On,10,Intersection-Related,February,B: Evident Injury,10:51:00,Head-On - Bicyclist,2012,Yes,No,Daylight,Straight - Grade,Local Street,Wet,"Two-Way, Divided, Positive Median Barrier",None,No Special Feature,Smooth Asphalt,5 lanes,"36.0644870988, -79.7892029723"
1855,Raleigh,Wake,Piedmont,Commercial,Urban (>70% Developed),NA,Urban,30 - 35  MPH,Stop Sign,Clear,No,51,50-59,No,NA,With Traffic,B: Evident Injury,Travel Lane,White,Male,51,50-59,No,NA,6-10 mph,O: No Injury,White,Male,Passenger Car,No,14MAR2012,Wednesday,Motorist Left Turn / Merge,18,Intersection,March,B: Evident Injury,18:27:00,Motorist Left Turn - Opposite Direction,2012,Yes,No,Daylight,Straight - Level,Local Street,Dry,"Two-Way, Not Divided",None,Related To Intersection,Coarse Asphalt,2 lanes,"35.814877084, -78.714302634"
1843,Greensboro,Guilford,Piedmont,Residential,Urban (>70% Developed),NA,Urban,30 - 35  MPH,Stop Sign,Clear,No,61,60-69,No,NA,Facing Traffic,C: Possible Injury,Travel Lane,Black,Male,62,60-69,No,NA,0-5 mph,O: No Injury,White,Male,Pickup,No,21FEB2012,Tuesday,Loss of Control / Turning Error,18,Intersection,February,C: Possible Injury,18:01:00,Motorist Turning Error - Other,2012,Yes,No,Daylight,Straight - Grade,Local Street,Dry,"Two-Way, Not Divided",None,T-Intersection,Smooth Asphalt,2 lanes,"36.0752571019, -79.7650029657"
1844,Elon College,Alamance,Piedmont,Institutional,Urban (>70% Developed),NA,Urban,20 - 25  MPH,No Control Present,Clear,No,20,20-24,No,NA,Not Applicable,B: Evident Injury,Travel Lane,White,Female,18,0-19,No,NA,6-10 mph,O: No Injury,White,Male,Passenger Car,No,28FEB2012,Tuesday,Non-Roadway,12,Non-Roadway,February,B: Evident Injury,12:05:00,Non-Roadway,2012,Yes,No,Daylight,Straight - Level,Public Vehicular Area,Dry,"Two-Way, Not Divided",None,No Special Feature,Smooth Asphalt,NA,"36.1048571173, -79.5044028882"
1824,None - Rural Crash,Orange,Piedmont,"Farms, Woods, Pastures",Rural (<30% Developed),NA,Rural,40 - 45  MPH,"Double Yellow Line, No Passing Zone",Clear,No,24,20-24,No,NA,With Traffic,C: Possible Injury,Travel Lane,White,Male,NA,NA,Missing,NA,6-10 mph,Unknown Injury,Unknown/Missing,NA,Passenger Car,No,14FEB2012,Tuesday,Motorist Left Turn / Merge,17,Non-Intersection,February,C: Possible Injury,17:11:00,Motorist Left Turn - Opposite Direction,2012,No,Yes,Daylight,Straight - Level,State Secondary Route,Dry,"Two-Way, Not Divided",None,"Driveway, Private",Coarse Asphalt,2 lanes,"36.0151171157, -79.0306027406"
1868,None - Rural Crash,Alamance,Piedmont,"Farms, Woods, Pastures",Rural (<30% Developed),NA,Rural,40 - 45  MPH,"Double Yellow Line, No Passing Zone",Clear,No,31,30-39,No,NA,With Traffic,B: Evident Injury,Travel Lane,White,Male,NA,NA,No,NA,41-45 mph,Unknown Injury,Unknown/Missing,NA,NA,No,22MAR2012,Thursday,Loss of Control / Turning Error,14,Non-Intersection,March,B: Evident Injury,14:53:00,Motorist Lost Control - Other / Unknown,2012,Yes,Yes,Daylight,Straight - Level,State Secondary Route,Dry,"Two-Way, Not Divided",None,No Special Feature,Smooth Asphalt,2 lanes,"36.058467116, -79.2930028221"
1865,Winston-Salem,Forsyth,Piedmont,Commercial,Urban (>70% Developed),NA,Urban,NA,No Control Present,"Fog, Smog, Smoke",No,44,40-49,No,NA,With Traffic,O: No Injury,Travel Lane,White,Male,NA,NA,Missing,NA,6-10 mph,Unknown Injury,Unknown/Missing,NA,Passenger Car,No,14MAR2012,Wednesday,Motorist Failed to Yield - Sign-Controlled Intersection,6,Intersection,March,O: No Injury,06:38:00,Motorist Drive Through - Sign-Controlled Intersection,2012,No,Yes,Dawn,Straight - Level,Local Street,Dry,"Two-Way, Not Divided",None,T-Intersection,Smooth Asphalt,2 lanes,"36.1357770948, -80.2957031282"
1875,None - Rural Crash,Hoke,Coastal,"Farms, Woods, Pastures",Rural (<30% Developed),NA,Rural,40 - 45  MPH,"Double Yellow Line, No Passing Zone",Clear,No,39,30-39,No,NA,With Traffic,C: Possible Injury,Travel Lane,Hispanic,Female,16,0-19,No,NA,41-45 mph,O: No Injury,Black,Female,Sport Utility,No,01APR2012,Sunday,Motorist Overtaking Bicyclist,10,Non-Intersection,April,C: Possible Injury,10:07:00,Motorist Overtaking - Misjudged Space,2012,Yes,No,Daylight,Curve - Grade,State Secondary Route,Dry,"Two-Way, Not Divided",None,No Special Feature,Coarse Asphalt,2 lanes,"34.9911168909, -79.1668027274"
1871,Washington,Beaufort,Coastal,Commercial,Urban (>70% Developed),NA,Urban,30 - 35  MPH,Stop Sign,Clear,No,33,30-39,No,NA,With Traffic,C: Possible Injury,Sidewalk / Crosswalk / Driveway Crossing,White,Male,26,25-29,No,NA,6-10 mph,O: No Injury,Black,Male,Passenger Car,No,10MAR2012,Saturday,Motorist Left Turn / Merge,23,Intersection,March,C: Possible Injury,23:42:00,Motorist Left Turn - Opposite Direction,2012,Yes,No,Dark - Lighted Roadway,Straight - Level,Local Street,Dry,"Two-Way, Not Divided",None,Four-Way Intersection,Coarse Asphalt,2 lanes,"35.5534070847, -77.058602116"
1874,None - Rural Crash,Rowan,Piedmont,Commercial,Mixed (30% To 70% Developed),NA,Rural,50 - 55  MPH,No Control Present,Clear,No,70+,70+,No,NA,With Traffic,B: Evident Injury,Travel Lane,White,Male,35,30-39,No,NA,31-35 mph,O: No Injury,Hispanic,Male,Van,No,30MAR2012,Friday,Motorist Overtaking Bicyclist,15,Non-Intersection,March,B: Evident Injury,15:15:00,Motorist Overtaking - Other / Unknown,2012,Yes,No,Daylight,Straight - Level,US Route,Dry,"Two-Way, Divided, Unprotected Median",None,No Special Feature,Smooth Asphalt,5 lanes,"35.6009069731, -80.5437031725"
1866,Apex,Wake,Piedmont,Commercial,Urban (>70% Developed),NA,Urban,40 - 45  MPH,Stop And Go Signal,Rain,No,15,11-15,No,NA,With Traffic,B: Evident Injury,Travel Lane,White,Male,35,30-39,No,NA,0-5 mph,O: No Injury,Other,Female,Sport Utility,No,24MAR2012,Saturday,Motorist Failed to Yield - Signalized Intersection,13,Intersection,March,B: Evident Injury,13:01:00,Motorist Drive Out - Right Turn on Red,2012,Yes,No,Daylight,Straight - Grade,NC Route,Wet,"Two-Way, Not Divided",None,Four-Way Intersection,Coarse Asphalt,6 lanes,"35.7515270652, -78.8772026793"
1970,Winston-Salem,Forsyth,Piedmont,Residential,Mixed (30% To 70% Developed),NA,Urban,30 - 35  MPH,No Control Present,Cloudy,No,NA,NA,Missing,NA,With Traffic,Unknown Injury,Travel Lane,Unknown/Missing,NA,70+,70+,No,NA,31-35 mph,O: No Injury,White,Male,Passenger Car,No,18APR2012,Wednesday,Motorist Overtaking Bicyclist,20,Intersection-Related,April,O: No Injury,20:57:00,Motorist Overtaking - Other / Unknown,2012,No,No,Dark - Roadway Not Lighted,Straight - Level,Local Street,Wet,"Two-Way, Divided, Unprotected Median",None,No Special Feature,Smooth Asphalt,2 lanes,"36.1529070997, -80.26410312"
1934,Wilmington,New Hanover,Coastal,Commercial,Urban (>70% Developed),NA,Urban,40 - 45  MPH,No Control Present,Clear,No,57,50-59,No,NA,With Traffic,B: Evident Injury,Bike Lane / Paved Shoulder,White,Male,34,30-39,No,NA,16-20 mph,O: No Injury,White,Male,Passenger Car,No,29MAR2012,Thursday,Motorist Failed to Yield - Midblock,18,Non-Intersection,March,B: Evident Injury,18:32:00,Motorist Drive Out - Commercial Driveway / Alley,2012,Yes,No,Daylight,Straight - Level,Local Street,Dry,"Two-Way, Not Divided",None,No Special Feature,Smooth Asphalt,3 lanes,"34.2202267668, -77.8216022837"
1925,Durham,Durham,Piedmont,Residential,Urban (>70% Developed),NA,Urban,30 - 35  MPH,No Control Present,Clear,No,11,11-15,No,NA,With Traffic,C: Possible Injury,Travel Lane,Black,Male,27,25-29,No,NA,11-15 mph,O: No Injury,Black,Male,Passenger Car,No,16APR2012,Monday,Bicyclist Failed to Yield - Signalized Intersection,17,Intersection,April,C: Possible Injury,17:21:00,Bicyclist Failed to Clear - Trapped,2012,Yes,No,Daylight,Straight - Level,Local Street,Dry,"Two-Way, Divided, Unprotected Median",None,No Special Feature,Coarse Asphalt,2 lanes,"36.0357371249, -78.8899026985"
1937,Kinston,Lenoir,Coastal,Residential,Urban (>70% Developed),NA,Urban,30 - 35  MPH,Stop And Go Signal,Clear,No,42,40-49,No,NA,With Traffic,B: Evident Injury,Travel Lane,Black,Male,NA,NA,Missing,NA,31-35 mph,Unknown Injury,Unknown/Missing,NA,Passenger Car,No,20APR2012,Friday,Motorist Overtaking Bicyclist,20,Intersection,April,B: Evident Injury,20:00:00,Motorist Overtaking - Misjudged Space,2012,No,Yes,Dark - Lighted Roadway,Straight - Level,Local Street,Dry,"Two-Way, Not Divided",None,T-Intersection,Coarse Asphalt,4 lanes,"35.2783370079, -77.5756022599"
1954,Morehead City,Carteret,Coastal,Commercial,Urban (>70% Developed),NA,Urban,30 - 35  MPH,No Control Present,Clear,No,13,11-15,No,NA,With Traffic,C: Possible Injury,Travel Lane,White,Female,43,40-49,No,NA,31-35 mph,O: No Injury,White,Female,Passenger Car,No,12APR2012,Thursday,Crossing Paths - Other Circumstances,16,Intersection,April,C: Possible Injury,16:16:00,Crossing Paths - Intersection - Other / Unknown,2012,Yes,No,Other,Straight - Level,Local Street,Dry,"Two-Way, Divided, Unprotected Median",None,T-Intersection,Coarse Asphalt,4 lanes,"34.7271669136, -76.7509019824"
1926,None - Rural Crash,Davie,Piedmont,"Farms, Woods, Pastures",Rural (<30% Developed),NA,Rural,40 - 45  MPH,Stop Sign,Clear,No,12,11-15,No,NA,With Traffic,B: Evident Injury,Travel Lane,White,Male,70+,70+,No,NA,41-45 mph,O: No Injury,White,Male,Van,No,14APR2012,Saturday,Bicyclist Failed to Yield - Sign-Controlled Intersection,11,Intersection,April,B: Evident Injury,11:34:00,Bicyclist Ride Through - Sign-Controlled Intersection,2012,Yes,No,Daylight,Curve - Level,US Route,Dry,"Two-Way, Not Divided",None,T-Intersection,Smooth Asphalt,2 lanes,"35.9416470426, -80.6022032094"
1963,Raleigh,Wake,Piedmont,Residential,Urban (>70% Developed),NA,Urban,30 - 35  MPH,No Control Present,Clear,No,49,40-49,No,NA,Not Applicable,B: Evident Injury,Travel Lane,Black,Male,28,25-29,No,NA,31-35 mph,O: No Injury,Hispanic,Female,Passenger Car,No,16APR2012,Monday,Bicyclist Failed to Yield - Midblock,4,Non-Intersection,April,B: Evident Injury,04:24:00,Bicyclist Ride Out - Midblock - Unknown,2012,No,No,Daylight,Straight - Level,Local Street,Dry,"One-Way, Not Divided",None,No Special Feature,Smooth Asphalt,3 lanes,"35.78005708, -78.6270026057"
1927,High Point,Guilford,Piedmont,Commercial,Urban (>70% Developed),NA,Urban,30 - 35  MPH,No Control Present,Cloudy,No,70+,70+,No,NA,With Traffic,B: Evident Injury,Travel Lane,White,Male,42,40-49,No,NA,31-35 mph,O: No Injury,White,Female,Sport Utility,No,03APR2012,Tuesday,Bicyclist Left Turn / Merge,9,Non-Intersection,April,B: Evident Injury,09:18:00,Bicyclist Left Turn - Same Direction,2012,Yes,No,Daylight,Straight - Level,Local Street,Dry,"Two-Way, Not Divided",None,No Special Feature,Coarse Asphalt,4 lanes,"35.9365570626, -80.0298030373"