object_id,city,county,region,development,locality,on_road,rural_urban,speed_limit,traffic_control,weather,workzone,bike_age,bike_age_group,bike_alcohol,bike_alcohol_drugs,bike_direction,bike_injury,bike_position,bike_race,bike_sex,driver_age,driver_age_group,driver_alcohol,driver_alcohol_drugs,driver_est_speed,driver_injury,driver_race,driver_sex,driver_vehicle_type,crash_alcohol,crash_date,crash_day,crash_group,crash_hour,crash_location,crash_month,crash_severity,crash_time,crash_type,crash_year,ambulance_req,hit_run,light_condition,road_character,road_class,road_condition,road_configuration,road_defects,road_feature,road_surface,num_lanes,geo_point
1932,Wilmington,New Hanover,Coastal,Commercial,Urban (>70% Developed),NA,Urban,40 - 45  MPH,Stop And Go Signal,Clear,No,43,40-49,No,NA,NA,C: Possible Injury,NA,White,Female,56,50-59,No,NA,0-5 mph,O: No Injury,White,Female,Sport Utility,No,29MAR2012,Thursday,Other / Unknown - Insufficient Details,17,Intersection-Related,March,C: Possible Injury,17:42:00,Unknown Approach Paths,2012,No,No,Daylight,Straight - Level,NC Route,Dry,"Two-Way, Not Divided",None,No Special Feature,Coarse Asphalt,6 lanes,"34.2151067635, -77.8860023029"
1938,Durham,Durham,Piedmont,Commercial,Urban (>70% Developed),NA,Urban,30 - 35  MPH,Stop And Go Signal,Clear,No,19,16-19,No,NA,With Traffic,C: Possible Injury,Travel Lane,Black,Male,36,30-39,No,NA,0-5 mph,O: No Injury,White,Male,Passenger Car,No,20APR2012,Friday,Motorist Right Turn / Merge,17,Intersection,April,C: Possible Injury,17:51:00,Motorist Right Turn - Same Direction,2012,Yes,No,Daylight,Straight - Level,Local Street,Dry,"Two-Way, Not Divided",None,No Special Feature,Coarse Asphalt,4 lanes,"35.9902171158, -78.8925026965"
1910,None - Rural Crash,Guilford,Piedmont,Residential,Urban (>70% Developed),NA,Rural,5 - 15 MPH,Stop And Go Signal,Clear,No,30,30-39,No,NA,Facing Traffic,C: Possible Injury,Sidewalk / Crosswalk / Driveway Crossing,Black,Male,40,40-49,No,NA,0-5 mph,O: No Injury,Black,Female,Sport Utility,No,27MAR2012,Tuesday,Bicyclist Failed to Yield - Signalized Intersection,17,Intersection,March,C: Possible Injury,17:05:00,Bicyclist Ride Through - Signalized Intersection,2012,Yes,No,Daylight,Straight - Level,Local Street,Dry,"Two-Way, Divided, Unprotected Median",None,Four-Way Intersection,Smooth Asphalt,8 lanes,"36.0850371045, -79.7567029636"
1898,None - Rural Crash,Avery,Mountains,Residential,Mixed (30% To 70% Developed),NA,Rural,30 - 35  MPH,"Double Yellow Line, No Passing Zone",Clear,No,14,11-15,No,NA,Not Applicable,C: Possible Injury,Non-Roadway,White,Male,57,50-59,No,NA,31-35 mph,O: No Injury,White,Female,Passenger Car,No,04APR2012,Wednesday,Bicyclist Failed to Yield - Midblock,18,Non-Intersection,April,C: Possible Injury,18:59:00,Bicyclist Ride Out - Commercial Driveway / Alley,2012,No,No,Daylight,Straight - Level,NC Route,Dry,"Two-Way, Not Divided",None,No Special Feature,Smooth Asphalt,2 lanes,"36.1693970422, -81.8551035972"
1894,None - Rural Crash,Buncombe,Mountains,"Farms, Woods, Pastures",Rural (<30% Developed),NA,Rural,30 - 35  MPH,"Double Yellow Line, No Passing Zone",Clear,No,19,16-19,No,NA,With Traffic,B: Evident Injury,Travel Lane,White,Male,36,30-39,No,NA,26-30 mph,O: No Injury,White,Female,Passenger Car,No,31MAR2012,Saturday,Bicyclist Left Turn / Merge,17,Non-Intersection,March,B: Evident Injury,17:55:00,Bicyclist Left Turn - Same Direction,2012,Yes,No,Daylight,Straight - Level,State Secondary Route,Dry,"Two-Way, Not Divided",None,No Special Feature,Coarse Asphalt,2 lanes,"35.519176886, -82.4039037211"
1882,None - Rural Crash,Beaufort,Coastal,Residential,Rural (<30% Developed),NA,Rural,40 - 45  MPH,"Double Yellow Line, No Passing Zone",Clear,No,14,11-15,No,NA,Not Applicable,C: Possible Injury,Non-Roadway,Hispanic,Male,60,60-69,No,NA,31-35 mph,O: No Injury,White,Male,Pickup,No,03APR2012,Tuesday,Bicyclist Failed to Yield - Midblock,23,Non-Intersection,April,C: Possible Injury,23:13:00,Bicyclist Ride Out - Midblock - Unknown,2012,Yes,No,Daylight,Straight - Level,State Secondary Route,Dry,"Two-Way, Not Divided",None,No Special Feature,Coarse Asphalt,2 lanes,"35.5168270779, -77.0398021091"
1888,Jacksonville,Onslow,Coastal,Residential,Urban (>70% Developed),NA,Urban,20 - 25  MPH,Stop Sign,Clear,No,20,20-24,No,NA,With Traffic,C: Possible Injury,Travel Lane,White,Male,61,60-69,No,NA,0-5 mph,O: No Injury,Black,Male,School Bus,No,28FEB2012,Tuesday,Motorist Failed to Yield - Sign-Controlled Intersection,6,Intersection,February,C: Possible Injury,06:53:00,Motorist Drive Out - Sign-Controlled Intersection,2012,Yes,No,Daylight,Straight - Level,Local Street,Dry,"Two-Way, Divided, Unprotected Median",None,No Special Feature,Smooth Asphalt,2 lanes,"34.791316907, -77.4002021835"
1878,Durham,Durham,Piedmont,Residential,Urban (>70% Developed),NA,Urban,30 - 35  MPH,Stop Sign,Clear,No,29,25-29,No,NA,Facing Traffic,C: Possible Injury,Travel Lane,Black,Male,65,60-69,No,NA,0-5 mph,O: No Injury,White,Male,Sport Utility,No,28MAR2012,Wednesday,Motorist Failed to Yield - Sign-Controlled Intersection,17,Intersection,March,C: Possible Injury,17:30:00,Motorist Drive Out - Sign-Controlled Intersection,2012,Yes,No,Daylight,Straight - Level,Local Street,Dry,"Two-Way, Divided, Unprotected Median",None,No Special Feature,Smooth Asphalt,2 lanes,"36.0110171198, -78.905602702"
1908,None - Rural Crash,Wake,Piedmont,"Farms, Woods, Pastures",Rural (<30% Developed),NA,Rural,40 - 45  MPH,No Control Present,Clear,No,52,50-59,No,NA,With Traffic,C: Possible Injury,Travel Lane,White,Male,40,40-49,No,NA,41-45 mph,O: No Injury,White,Male,Pickup,No,12APR2012,Thursday,Motorist Overtaking Bicyclist,19,Non-Intersection,April,C: Possible Injury,19:25:00,Motorist Overtaking - Other / Unknown,2012,Yes,No,Daylight,Curve - Level,State Secondary Route,Dry,"Two-Way, Not Divided",None,No Special Feature,Smooth Asphalt,4 lanes,"35.9128671052, -78.7284026429"
1893,Greensboro,Guilford,Piedmont,Commercial,Urban (>70% Developed),NA,Urban,30 - 35  MPH,Stop And Go Signal,Clear,No,37,30-39,No,NA,Not Applicable,B: Evident Injury,Non-Roadway,White,Male,32,30-39,No,NA,0-5 mph,O: No Injury,White,Female,Passenger Car,No,23MAR2012,Friday,Crossing Paths - Other Circumstances,7,Intersection-Related,March,B: Evident Injury,07:52:00,Crossing Paths - Uncontrolled Intersection,2012,Yes,No,Daylight,Straight - Grade,Local Street,Dry,"Two-Way, Not Divided",None,Four-Way Intersection,Smooth Asphalt,4 lanes,"36.0767070972, -79.8936030042"
1902,Clinton,Sampson,Coastal,Residential,Urban (>70% Developed),NA,Urban,30 - 35  MPH,No Control Present,Clear,No,6,6-10,No,NA,Not Applicable,B: Evident Injury,Driveway / Alley,Black,Male,63,60-69,Yes,NA,21-25 mph,O: No Injury,Black,Male,Pickup,Yes,11APR2012,Wednesday,Bicyclist Failed to Yield - Midblock,14,Non-Intersection,April,B: Evident Injury,14:39:00,Bicyclist Ride Out - Residential Driveway,2012,Yes,No,Daylight,Straight - Grade,Local Street,Dry,"Two-Way, Not Divided",None,No Special Feature,Smooth Asphalt,2 lanes,"34.9903169198, -78.3239024728"
1209,Clinton,Sampson,Coastal,Commercial,Urban (>70% Developed),SUNSET AVE,Urban,30 - 35  MPH,No Control Present,Clear,No,44,40-49,No,NA,Facing Traffic,B: Evident Injury,Travel Lane,Black,Male,34,30-39,No,NA,6-10 mph,O: No Injury,White,Male,Passenger Car,No,28JUN2013,Friday,Motorist Failed to Yield - Midblock,13,Non-Intersection,June,B: Evident Injury,13:03:00,Motorist Drive Out - Commercial Driveway / Alley,2013,Yes,No,Daylight,Straight - Level,Local Street,Dry,"Two-Way, Divided, Unprotected Median",None,"Driveway, Public",Smooth Asphalt,4 lanes,"34.9939369198, -78.3406024783"
1211,Greenville,Pitt,Coastal,Commercial,Urban (>70% Developed),14TH ST,Urban,30 - 35  MPH,No Control Present,Clear,No,51,50-59,No,NA,With Traffic,B: Evident Injury,Travel Lane,White,Male,36,30-39,No,NA,0-5 mph,O: No Injury,White,Male,Sport Utility,No,21JUN2013,Friday,Motorist Failed to Yield - Sign-Controlled Intersection,8,Intersection,June,B: Evident Injury,08:57:00,Motorist Drive Out - Sign-Controlled Intersection,2013,Yes,No,Daylight,Straight - Grade,Local Street,Dry,"Two-Way, Not Divided",None,Four-Way Intersection,Coarse Asphalt,4 lanes,"35.6018970852, -77.3766022159"
1213,Wilmington,New Hanover,Coastal,Commercial,Urban (>70% Developed),MARKET ST,Urban,40 - 45  MPH,Stop Sign,Clear,No,58,50-59,No,NA,Facing Traffic,C: Possible Injury,Travel Lane,White,Male,33,30-39,No,NA,NA,O: No Injury,White,Male,Pickup,No,14JUN2013,Friday,Motorist Failed to Yield - Midblock,12,Non-Intersection,June,C: Possible Injury,12:29:00,Motorist Drive Out - Commercial Driveway / Alley,2013,No,No,Daylight,Straight - Level,Local Street,Dry,"Two-Way, Not Divided",None,T-Intersection,Smooth Asphalt,5 lanes,"34.2596967756, -77.8329022887"
1215,Mooresville,Iredell,Piedmont,Commercial,Urban (>70% Developed),COLLEGE ST,Urban,30 - 35  MPH,No Control Present,Clear,No,18,16-19,No,NA,Facing Traffic,C: Possible Injury,Bike Lane / Paved Shoulder,White,Male,16,0-19,No,NA,6-10 mph,O: No Injury,White,Male,Passenger Car,No,08JUN2013,Saturday,Motorist Left Turn / Merge,23,Intersection,June,C: Possible Injury,23:10:00,Motorist Left Turn - Opposite Direction,2013,Yes,No,Dark - Lighted Roadway,Straight - Grade,Local Street,Dry,"Two-Way, Not Divided",None,No Special Feature,Coarse Asphalt,2 lanes,"35.5777569581, -80.8187032544"
1219,None - Rural Crash,Craven,Coastal,Residential,Rural (<30% Developed),SR 1110,Rural,50 - 55  MPH,No Control Present,Clear,No,66,60-69,No,NA,With Traffic,O: No Injury,Travel Lane,White,Male,56,50-59,No,NA,11-15 mph,O: No Injury,Black,Male,Passenger Car,No,02JUL2013,Tuesday,Backing Vehicle,11,Non-Intersection,July,O: No Injury,11:28:00,Backing Vehicle,2013,No,No,Daylight,Straight - Level,State Secondary Route,Dry,"Two-Way, Not Divided",None,No Special Feature,Coarse Asphalt,2 lanes,"35.0052869676, -76.9930020693"
1221,None - Rural Crash,Hoke,Coastal,"Farms, Woods, Pastures",Rural (<30% Developed),SR 1422,Rural,50 - 55  MPH,"Double Yellow Line, No Passing Zone",Clear,No,8,6-10,No,NA,Not Applicable,B: Evident Injury,Driveway / Alley,Black,Male,42,40-49,No,NA,41-45 mph,O: No Injury,White,Female,Passenger Car,No,04JUL2013,Thursday,Bicyclist Failed to Yield - Midblock,14,Non-Intersection,July,B: Evident Injury,14:27:00,Bicyclist Ride Out - Residential Driveway,2013,Yes,No,Daylight,Curve - Level,State Secondary Route,Dry,"Two-Way, Not Divided",None,"Driveway, Private",Coarse Asphalt,2 lanes,"34.9832968901, -79.1498027214"
1224,None - Rural Crash,Guilford,Piedmont,Residential,Rural (<30% Developed),SR 1008,Rural,40 - 45  MPH,"Double Yellow Line, No Passing Zone",Cloudy,No,40,40-49,No,NA,With Traffic,C: Possible Injury,Travel Lane,Black,Male,NA,NA,No,NA,41-45 mph,Unknown Injury,Unknown/Missing,NA,Passenger Car,No,02JUL2013,Tuesday,Motorist Overtaking Bicyclist,5,Non-Intersection,July,C: Possible Injury,05:23:00,Motorist Overtaking - Other / Unknown,2013,Yes,Yes,Dark - Roadway Not Lighted,Straight - Level,State Secondary Route,Dry,"Two-Way, Not Divided",None,No Special Feature,Coarse Asphalt,2 lanes,"36.1107770995, -80.03940305"
1229,Charlotte,Mecklenburg,Piedmont,Residential,Urban (>70% Developed),WEST BOULEVARD,Urban,40 - 45  MPH,No Control Present,Clear,No,57,50-59,No,NA,With Traffic,B: Evident Injury,Sidewalk / Crosswalk / Driveway Crossing,Black,Male,48,40-49,No,NA,36-40 mph,O: No Injury,Hispanic,Male,Pickup,No,06JUL2013,Saturday,Parallel Paths - Other Circumstances,15,Non-Intersection,July,B: Evident Injury,15:04:00,Bicyclist Ride Out - Parallel Path,2013,Yes,No,Daylight,Straight - Level,Local Street,Dry,"Two-Way, Divided, Unprotected Median",None,No Special Feature,Smooth Asphalt,4 lanes,"35.2157768783, -80.8850032532"
1235,Monroe,Union,Piedmont,Residential,Mixed (30% To 70% Developed),GREEN ST,Urban,20 - 25  MPH,Stop Sign,Clear,No,19,16-19,No,NA,With Traffic,C: Possible Injury,Travel Lane,Black,Male,20,20-24,No,NA,16-20 mph,O: No Injury,Black,Female,Passenger Car,No,07JUN2013,Friday,Bicyclist Failed to Yield - Sign-Controlled Intersection,19,Intersection,June,C: Possible Injury,19:32:00,Bicyclist Ride Out - Sign-Controlled Intersection,2013,Yes,No,Daylight,Straight - Hillcrest,Local Street,Dry,"Two-Way, Not Divided",None,Four-Way Intersection,Smooth Asphalt,1 lane,"34.9762968394, -80.543703139"
1244,Durham,Durham,Piedmont,Residential,Urban (>70% Developed),HILLANDALE RD,Urban,30 - 35  MPH,No Control Present,Clear,No,36,30-39,No,NA,With Traffic,K: Killed,Travel Lane,White,Male,27,25-29,No,NA,31-35 mph,O: No Injury,Black,Male,Passenger Car,No,10JUL2013,Wednesday,Motorist Overtaking Bicyclist,15,Non-Intersection,July,K: Killed,15:53:00,Motorist Overtaking - Other / Unknown,2013,Yes,Yes,Dark - Roadway Not Lighted,Straight - Level,Local Street,Dry,"Two-Way, Not Divided",None,No Special Feature,Smooth Asphalt,2 lanes,"36.0253671212, -78.9359027124"
1248,Charlotte,Mecklenburg,Piedmont,Commercial,Urban (>70% Developed),COLONY ROAD,Urban,30 - 35  MPH,Stop Sign,Cloudy,No,69,60-69,Missing,NA,With Traffic,B: Evident Injury,Travel Lane,White,Male,52,50-59,No,NA,0-5 mph,O: No Injury,White,Male,Sport Utility,No,08JUL2013,Monday,Motorist Failed to Yield - Midblock,18,Non-Intersection,July,B: Evident Injury,18:30:00,Motorist Drive Out - Commercial Driveway / Alley,2013,Yes,No,Dark - Lighted Roadway,Straight - Level,Local Street,Dry,"Two-Way, Divided, Unprotected Median",None,Four-Way Intersection,Smooth Asphalt,1 lane,"35.1078768578, -80.8080032246"
1255,None - Rural Crash,Stokes,Piedmont,Residential,Mixed (30% To 70% Developed),SR 1127,Rural,40 - 45  MPH,"Double Yellow Line, No Passing Zone",Cloudy,No,56,50-59,No,NA,With Traffic,C: Possible Injury,Travel Lane,Hispanic,Male,70+,70+,No,NA,31-35 mph,O: No Injury,White,Male,Pickup,No,07JUL2013,Sunday,Motorist Overtaking Bicyclist,19,Non-Intersection,July,C: Possible Injury,19:30:00,Motorist Overtaking - Misjudged Space,2013,Yes,No,Daylight,Straight - Level,State Secondary Route,Dry,"Two-Way, Not Divided",None,No Special Feature,Smooth Asphalt,2 lanes,"36.2899271241, -80.3779031622"
1257,Durham,Durham,Piedmont,Commercial,Urban (>70% Developed),PVA 6000 FAYETTEVILLE ST,Urban,5 - 15 MPH,Stop Sign,Clear,No,24,20-24,No,NA,With Traffic,C: Possible Injury,Sidewalk / Crosswalk / Driveway Crossing,White,Male,44,40-49,No,NA,6-10 mph,O: No Injury,Black,Male,Passenger Car,No,15JUL2013,Monday,Motorist Failed to Yield - Midblock,20,Non-Intersection,July,C: Possible Injury,20:21:00,Motorist Drive Out - Commercial Driveway / Alley,2013,Yes,No,Dusk,Straight - Level,Public Vehicular Area,Dry,"Two-Way, Not Divided",None,No Special Feature,Smooth Asphalt,NA,"35.9169170982, -78.9316027052"
1259,Hickory,Catawba,Piedmont,Residential,Urban (>70% Developed),8TH ST NE,Urban,30 - 35  MPH,Stop Sign,Clear,No,19,16-19,No,NA,Facing Traffic,C: Possible Injury,Sidewalk / Crosswalk / Driveway Crossing,White,Male,70+,70+,No,NA,0-5 mph,O: No Injury,White,Male,Passenger Car,No,22JUN2013,Saturday,Motorist Failed to Yield - Sign-Controlled Intersection,16,Intersection,June,C: Possible Injury,16:47:00,Motorist Drive Out - Sign-Controlled Intersection,2013,Yes,No,Daylight,Straight - Level,Local Street,Dry,"One-Way, Not Divided",None,Four-Way Intersection,Smooth Asphalt,2 lanes,"35.7417869735, -81.3216034136"
1267,Charlotte,Mecklenburg,Piedmont,Residential,Urban (>70% Developed),PLAZA RD EXT,Urban,40 - 45  MPH,No Control Present,Clear,No,16,16-19,No,NA,Facing Traffic,B: Evident Injury,Other,Black,Male,NA,NA,Missing,NA,41-45 mph,Unknown Injury,Unknown/Missing,NA,NA,No,18JUL2013,Thursday,Loss of Control / Turning Error,21,Non-Intersection,July,B: Evident Injury,21:39:00,Motorist Lost Control - Other / Unknown,2013,No,Yes,Dark - Roadway Not Lighted,Straight - Level,Local Street,Dry,"Two-Way, Not Divided",None,No Special Feature,Smooth Asphalt,2 lanes,"35.2587268945, -80.6868031973"
1274,Asheville,Buncombe,Mountains,Commercial,Urban (>70% Developed),BILTMORE AVE,Urban,30 - 35  MPH,Stop And Go Signal,Rain,No,24,20-24,No,NA,With Traffic,O: No Injury,Travel Lane,White,Male,NA,NA,Missing,NA,0-5 mph,Unknown Injury,Unknown/Missing,NA,Passenger Car,No,01JUL2013,Monday,Motorist Overtaking Bicyclist,19,Intersection,July,O: No Injury,19:25:00,Motorist Overtaking - Other / Unknown,2013,No,Yes,Daylight,Straight - Level,US Route,Wet,"Two-Way, Not Divided",None,Four-Way Intersection,Smooth Asphalt,4 lanes,"35.5792568926, -82.5499037684"
1275,Greenville,Pitt,Coastal,Commercial,Urban (>70% Developed),ARLINGTON BLVD SIDEWAL,Urban,5 - 15 MPH,Stop Sign,Clear,No,43,40-49,No,NA,Facing Traffic,O: No Injury,Sidewalk / Crosswalk / Driveway Crossing,Black,Male,60,60-69,No,NA,0-5 mph,O: No Injury,White,Female,Sport Utility,No,22JUL2013,Monday,Motorist Failed to Yield - Sign-Controlled Intersection,11,Intersection,July,O: No Injury,11:50:00,Motorist Drive Out - Sign-Controlled Intersection,2013,Yes,No,Daylight,Straight - Level,Local Street,Dry,"Two-Way, Not Divided",None,No Special Feature,Coarse Asphalt,2 lanes,"35.5877270819, -77.3732022145"
1283,Nags Head,Dare,Coastal,Residential,Rural (<30% Developed),US 158,Rural,50 - 55  MPH,Stop And Go Signal,Clear,No,17,16-19,No,NA,With Traffic,B: Evident Injury,Travel Lane,White,Male,30,30-39,No,NA,36-40 mph,O: No Injury,White,Female,Sport Utility,No,14JUN2013,Friday,Bicyclist Failed to Yield - Signalized Intersection,20,Intersection,June,B: Evident Injury,20:12:00,Bicyclist Ride Out - Signalized  Intersection,2013,No,No,Daylight,Straight - Level,US Route,Dry,"Two-Way, Not Divided",None,Four-Way Intersection,Smooth Asphalt,5 lanes,"35.9464172176, -75.6200016943"
1285,Raleigh,Wake,Piedmont,Residential,Rural (<30% Developed),SUMMERKINGS COURT,Urban,20 - 25  MPH,No Control Present,Clear,No,16,16-19,No,NA,With Traffic,O: No Injury,Travel Lane,Black,Male,43,40-49,No,NA,0-5 mph,O: No Injury,Black,Female,Van,No,24JUL2013,Wednesday,Bicyclist Overtaking Motorist,17,Intersection-Related,July,O: No Injury,17:30:00,Bicyclist Overtaking - Other / Unknown,2013,No,No,Daylight,Straight - Level,Local Street,Dry,"Two-Way, Not Divided",None,No Special Feature,Coarse Asphalt,2 lanes,"35.7934170836, -78.6090026001"
1293,Raleigh,Wake,Piedmont,Commercial,Urban (>70% Developed),PVA 1100 N RALEIGH BLVD,Urban,5 - 15 MPH,No Control Present,Clear,No,48,40-49,No,NA,Not Applicable,C: Possible Injury,Non-Roadway,Black,Male,43,40-49,No,NA,6-10 mph,O: No Injury,White,Male,Pickup,No,26JUL2013,Friday,Non-Roadway,16,Non-Roadway,July,C: Possible Injury,16:37:00,Non-Roadway,2013,Yes,No,Daylight,Straight - Level,Public Vehicular Area,Dry,"Two-Way, Not Divided",None,No Special Feature,Coarse Asphalt,NA,"35.7943370833, -78.6118026013"
1297,Charlotte,Mecklenburg,Piedmont,Residential,Urban (>70% Developed),SHAMROCK DR,Urban,30 - 35  MPH,No Control Present,Clear,No,16,16-19,No,NA,With Traffic,C: Possible Injury,Travel Lane,Black,Male,38,30-39,No,NA,31-35 mph,Unknown Injury,Black,Male,Passenger Car,No,15JUL2013,Monday,Motorist Overtaking Bicyclist,20,Non-Intersection,July,C: Possible Injury,20:55:00,Motorist Overtaking - Bicyclist Swerved,2013,Yes,No,Dusk,Straight - Grade,Local Street,Dry,"Two-Way, Not Divided",None,No Special Feature,Coarse Asphalt,4 lanes,"35.2347268866, -80.7658032197"
1312,Greensboro,Guilford,Piedmont,Residential,Urban (>70% Developed),TURNER GROVE DR SOUTH,Urban,30 - 35  MPH,No Control Present,Rain,No,54,50-59,No,NA,Facing Traffic,B: Evident Injury,Driveway / Alley,White,Female,58,50-59,No,NA,16-20 mph,O: No Injury,White,Male,Passenger Car,No,21JUL2013,Sunday,Bicyclist Failed to Yield - Midblock,17,Non-Intersection,July,B: Evident Injury,17:36:00,Bicyclist Ride Out - Residential Driveway,2013,Yes,No,Daylight,Straight - Grade,Local Street,Wet,"Two-Way, Not Divided",None,T-Intersection,Smooth Asphalt,2 lanes,"36.1472671138, -79.8434029927"
1317,Durham,Durham,Piedmont,Residential,Urban (>70% Developed),IDA ST,Urban,30 - 35  MPH,Stop Sign,Clear,No,20,20-24,No,NA,Facing Traffic,B: Evident Injury,Travel Lane,Black,Female,20,20-24,No,NA,6-10 mph,O: No Injury,Hispanic,Male,Passenger Car,No,27JUL2013,Saturday,Motorist Failed to Yield - Sign-Controlled Intersection,9,Intersection,July,B: Evident Injury,09:32:00,Motorist Drive Out - Sign-Controlled Intersection,2013,Yes,No,Daylight,Straight - Grade,Local Street,Dry,"Two-Way, Not Divided",None,No Special Feature,Smooth Asphalt,7 lanes,"36.0210571213, -78.9158027053"
1321,Raleigh,Wake,Piedmont,Residential,Mixed (30% To 70% Developed),PVA 1800 GENERATION DR,Urban,5 - 15 MPH,No Control Present,Clear,No,13,11-15,No,NA,Not Applicable,C: Possible Injury,Non-Roadway,Hispanic,Male,NA,NA,Missing,NA,0-5 mph,Unknown Injury,Unknown/Missing,NA,Passenger Car,No,02AUG2013,Friday,Non-Roadway,16,Non-Roadway,August,C: Possible Injury,16:55:00,Non-Roadway,2013,No,Yes,Daylight,Straight - Level,Public Vehicular Area,Dry,"Two-Way, Not Divided",None,No Special Feature,Smooth Asphalt,NA,"35.8414770917, -78.6629026191"
1323,Goldsboro,Wayne,Coastal,Residential,Mixed (30% To 70% Developed),ROYALL AVE,Urban,40 - 45  MPH,No Control Present,Clear,No,45,40-49,No,NA,With Traffic,B: Evident Injury,Bike Lane / Paved Shoulder,Black,Male,58,50-59,No,NA,41-45 mph,O: No Injury,Black,Female,Sport Utility,No,19JUL2013,Friday,Motorist Overtaking Bicyclist,23,Non-Intersection,July,B: Evident Injury,23:12:00,Motorist Overtaking - Undetected Bicyclist,2013,Yes,No,Dark - Lighted Roadway,Straight - Level,Local Street,Dry,"Two-Way, Not Divided",None,No Special Feature,Coarse Asphalt,2 lanes,"35.3824270185, -77.9408023766"
1326,None - Rural Crash,Yadkin,Mountains,"Farms, Woods, Pastures",Rural (<30% Developed),US 421,Rural,60 - 75 MPH,No Control Present,Clear,No,32,30-39,No,NA,With Traffic,C: Possible Injury,Travel Lane,White,Male,60,60-69,No,NA,61-65 mph,O: No Injury,White,Male,Pickup,No,06AUG2013,Tuesday,Motorist Overtaking Bicyclist,18,Non-Intersection,August,C: Possible Injury,18:13:00,Motorist Overtaking - Other / Unknown,2013,Yes,No,Daylight,Straight - Level,US Route,Dry,"Two-Way, Divided, Positive Median Barrier",None,No Special Feature,Smooth Asphalt,4 lanes,"36.1196270765, -80.6943032474"
1333,Asheville,Buncombe,Mountains,Commercial,Urban (>70% Developed),BILTMORE AVE,Urban,30 - 35  MPH,No Control Present,Cloudy,No,31,30-39,No,NA,With Traffic,B: Evident Injury,Travel Lane,White,Male,47,40-49,Yes,NA,36-40 mph,O: No Injury,White,Male,Motorcycle,Yes,19JUL2013,Friday,Motorist Overtaking Bicyclist,23,Non-Intersection,July,B: Evident Injury,23:35:00,Motorist Overtaking - Bicyclist Swerved,2013,Yes,No,Dark - Lighted Roadway,Straight - Level,Local Street,Dry,"Two-Way, Not Divided",Work Zone,No Special Feature,Coarse Asphalt,4 lanes,"35.5859068935, -82.5517037684"
1334,None - Rural Crash,Johnston,Coastal,"Farms, Woods, Pastures",Rural (<30% Developed),SR 1010,Rural,40 - 45  MPH,"Double Yellow Line, No Passing Zone",Cloudy,No,38,30-39,No,NA,With Traffic,C: Possible Injury,Travel Lane,White,Female,58,50-59,No,NA,41-45 mph,O: No Injury,White,Male,Sport Utility,No,18JUL2013,Thursday,Motorist Overtaking Bicyclist,5,Non-Intersection,July,C: Possible Injury,05:50:00,Motorist Overtaking - Other / Unknown,2013,Yes,No,Dark - Roadway Not Lighted,Straight - Level,State Secondary Route,Wet,"Two-Way, Not Divided",None,No Special Feature,Smooth Asphalt,2 lanes,"35.5849570407, -78.5518025723"
1335,Charlotte,Mecklenburg,Piedmont,Commercial,Mixed (30% To 70% Developed),FREEDOM DR,Urban,40 - 45  MPH,Stop And Go Signal,Clear,No,57,50-59,No,NA,Facing Traffic,C: Possible Injury,Travel Lane,Black,Male,31,30-39,No,NA,31-35 mph,O: No Injury,Asian,Male,Passenger Car,No,08AUG2013,Thursday,Bicyclist Failed to Yield - Midblock,13,Non-Intersection,August,C: Possible Injury,13:55:00,Bicyclist Ride Out - Midblock - Unknown,2013,No,No,Daylight,Straight - Level,Local Street,Dry,"Two-Way, Divided, Positive Median Barrier",Road Surface Condition,No Special Feature,Smooth Asphalt,4 lanes,"35.2417768838, -80.8885032566"
1344,Morganton,Burke,Mountains,Commercial,Urban (>70% Developed),LENOIR RD,Urban,40 - 45  MPH,No Control Present,Cloudy,No,59,50-59,No,NA,With Traffic,C: Possible Injury,Travel Lane,White,Female,42,40-49,No,NA,41-45 mph,O: No Injury,Black,Female,Sport Utility,No,10JUL2013,Wednesday,Motorist Overtaking Bicyclist,13,Non-Intersection,July,C: Possible Injury,13:33:00,Motorist Overtaking - Misjudged Space,2013,Yes,No,Daylight,Straight - Hillcrest,Local Street,Dry,"Two-Way, Not Divided",None,No Special Feature,Smooth Asphalt,2 lanes,"35.7797169676, -81.689203525"
1348,Carrboro,Orange,Piedmont,Residential,Mixed (30% To 70% Developed),OLD FAYETTEVILLE RD,Urban,30 - 35  MPH,No Control Present,Clear,No,27,25-29,No,NA,With Traffic,B: Evident Injury,Bike Lane / Paved Shoulder,White,Female,NA,NA,Missing,NA,31-35 mph,Unknown Injury,Unknown/Missing,NA,NA,No,01AUG2013,Thursday,Motorist Overtaking Bicyclist,22,Non-Intersection,August,B: Evident Injury,22:06:00,Motorist Overtaking - Other / Unknown,2013,Yes,Yes,Dark - Lighted Roadway,Straight - Level,Local Street,Dry,"Two-Way, Not Divided",None,No Special Feature,Smooth Asphalt,2 lanes,"35.9087670914, -79.0928027535"
1349,Albemarle,Stanly,Piedmont,Commercial,Urban (>70% Developed),SALISBURY AVE,Urban,30 - 35  MPH,Stop And Go Signal,Clear,No,19,16-19,No,NA,Facing Traffic,C: Possible Injury,Travel Lane,White,Male,66,60-69,No,NA,16-20 mph,O: No Injury,White,Male,Passenger Car,No,02AUG2013,Friday,Crossing Paths - Other Circumstances,12,Intersection,August,C: Possible Injury,12:12:00,Signalized Intersection - Other / Unknown,2013,Yes,No,Daylight,Straight - Level,Local Street,Dry,"Two-Way, Not Divided",None,Four-Way Intersection,Smooth Asphalt,4 lanes,"35.3607969346, -80.1992030569"