object_id,city,county,region,development,locality,on_road,rural_urban,speed_limit,traffic_control,weather,workzone,bike_age,bike_age_group,bike_alcohol,bike_alcohol_drugs,bike_direction,bike_injury,bike_position,bike_race,bike_sex,driver_age,driver_age_group,driver_alcohol,driver_alcohol_drugs,driver_est_speed,driver_injury,driver_race,driver_sex,driver_vehicle_type,crash_alcohol,crash_date,crash_day,crash_group,crash_hour,crash_location,crash_month,crash_severity,crash_time,crash_type,crash_year,ambulance_req,hit_run,light_condition,road_character,road_class,road_condition,road_configuration,road_defects,road_feature,road_surface,num_lanes,geo_point
1360,Raleigh,Wake,Piedmont,Residential,Urban (>70% Developed),MLK,Urban,30 - 35  MPH,Stop And Go Signal,Cloudy,No,44,40-49,No,NA,Facing Traffic,C: Possible Injury,Travel Lane,Black,Male,70+,70+,No,NA,6-10 mph,O: No Injury,Black,Male,Passenger Car,No,16AUG2013,Friday,Motorist Right Turn / Merge,14,Intersection-Related,August,C: Possible Injury,14:22:00,Motorist Right Turn - Opposite Direction,2013,Yes,No,Daylight,Straight - Level,Local Street,Dry,"Two-Way, Not Divided",None,Four-Way Intersection,Smooth Asphalt,5 lanes,"35.7694970773, -78.6372026079"
1361,Fayetteville,Cumberland,Coastal,Commercial,Urban (>70% Developed),RAEFORD RD,Urban,40 - 45  MPH,No Control Present,Clear,No,49,40-49,No,NA,Facing Traffic,C: Possible Injury,Travel Lane,Black,Male,22,20-24,No,NA,31-35 mph,O: No Injury,White,Male,Sport Utility,No,24JUL2013,Wednesday,Bicyclist Failed to Yield - Signalized Intersection,11,Intersection-Related,July,C: Possible Injury,11:39:00,Bicyclist Ride Through - Signalized Intersection,2013,Yes,No,Daylight,Straight - Level,Local Street,Dry,"Two-Way, Divided, Unprotected Median",None,No Special Feature,Coarse Asphalt,7 lanes,"35.0438569099, -78.9421026626"
1367,Pine Knoll Shores,Carteret,Coastal,Residential,Urban (>70% Developed),NC 58,Rural,40 - 45  MPH,No Control Present,Clear,No,30,30-39,No,NA,With Traffic,O: No Injury,Bike Lane / Paved Shoulder,Unknown/Missing,Male,34,30-39,No,NA,41-45 mph,O: No Injury,Black,Female,Van,No,15JUN2013,Saturday,Motorist Right Turn / Merge,10,Non-Intersection,June,O: No Injury,10:12:00,Motorist Right Turn - Same Direction,2013,No,No,Daylight,Straight - Level,NC Route,Dry,"Two-Way, Divided, Unprotected Median",None,"Driveway, Public",Concrete,2 lanes,"34.6922969034, -76.84500201"
1369,Weldon,Halifax,Coastal,Residential,Urban (>70% Developed),SYCAMORE STREET,Rural,20 - 25  MPH,Stop Sign,Clear,No,10,6-10,No,NA,With Traffic,C: Possible Injury,Travel Lane,Black,Female,69,60-69,No,NA,16-20 mph,O: No Injury,Black,Female,Van,No,06AUG2013,Tuesday,Bicyclist Failed to Yield - Sign-Controlled Intersection,16,Intersection,August,C: Possible Injury,16:19:00,Bicyclist Ride Through - Sign-Controlled Intersection,2013,Yes,No,Daylight,Straight - Level,Local Street,Dry,"Two-Way, Not Divided",None,Four-Way Intersection,Smooth Asphalt,2 lanes,"36.4243672539, -77.5972023261"
1375,None - Rural Crash,Onslow,Coastal,"Farms, Woods, Pastures",Mixed (30% To 70% Developed),US 17,Rural,40 - 45  MPH,Stop Sign,Clear,No,26,25-29,No,NA,Facing Traffic,B: Evident Injury,Bike Lane / Paved Shoulder,Black,Male,42,40-49,No,NA,0-5 mph,O: No Injury,White,Female,Pickup,No,21AUG2013,Wednesday,Motorist Failed to Yield - Sign-Controlled Intersection,16,Intersection,August,B: Evident Injury,16:30:00,Motorist Drive Out - Sign-Controlled Intersection,2013,No,No,Daylight,Straight - Level,US Route,Dry,"Two-Way, Divided, Unprotected Median",None,T-Intersection,Smooth Asphalt,4 lanes,"34.718236888, -77.479102204"
1382,None - Rural Crash,Currituck,Coastal,Residential,Mixed (30% To 70% Developed),NC 12,Rural,40 - 45  MPH,No Control Present,Cloudy,No,41,40-49,No,NA,With Traffic,O: No Injury,Travel Lane,White,Male,29,25-29,No,NA,41-45 mph,O: No Injury,Hispanic,Male,Pickup,No,23AUG2013,Friday,Other / Unusual Circumstances,16,Non-Intersection,August,O: No Injury,16:54:00,Unusual Circumstances,2013,No,No,Daylight,Straight - Level,NC Route,Dry,"Two-Way, Not Divided",None,No Special Feature,Smooth Asphalt,2 lanes,"36.2883772861, -75.8006017667"
1415,Duck,Dare,Coastal,Residential,Mixed (30% To 70% Developed),DUCK RD,Rural,30 - 35  MPH,No Control Present,Clear,No,14,11-15,No,NA,Facing Traffic,C: Possible Injury,Multi-use Path,White,Female,31,30-39,No,NA,0-5 mph,O: No Injury,White,Female,Sport Utility,No,14AUG2013,Wednesday,Motorist Left Turn / Merge,9,Intersection,August,C: Possible Injury,09:32:00,Motorist Left Turn - Same Direction,2013,No,No,Daylight,Straight - Level,NC Route,Dry,"Two-Way, Not Divided",None,No Special Feature,Coarse Asphalt,2 lanes,"36.195737267, -75.7622017508"
1423,Durham,Durham,Piedmont,Residential,Urban (>70% Developed),WEST MARKHAM AVENUE,Urban,30 - 35  MPH,No Control Present,Clear,No,22,20-24,No,NA,With Traffic,C: Possible Injury,Sidewalk / Crosswalk / Driveway Crossing,White,Female,55,50-59,No,NA,6-10 mph,O: No Injury,White,Female,Passenger Car,No,08SEP2013,Sunday,Motorist Left Turn / Merge,8,Intersection,September,C: Possible Injury,08:38:00,Motorist Left Turn - Opposite Direction,2013,Yes,No,Daylight,Straight - Level,Local Street,Dry,"Two-Way, Not Divided",None,No Special Feature,Smooth Asphalt,2 lanes,"36.0099171191, -78.917102705"
1436,Oxford,Granville,Piedmont,Residential,Urban (>70% Developed),POLLY DR,Urban,20 - 25  MPH,Stop Sign,Clear,No,10,6-10,No,NA,With Traffic,C: Possible Injury,Travel Lane,Black,Female,35,30-39,No,NA,11-15 mph,O: No Injury,Black,Female,Passenger Car,No,16JUN2013,Sunday,Parallel Paths - Other Circumstances,14,Intersection-Related,June,C: Possible Injury,14:46:00,Parallel Paths - Other / Unknown,2013,No,No,Daylight,Straight - Level,Local Street,Dry,"Two-Way, Not Divided",None,No Special Feature,Smooth Asphalt,2 lanes,"36.2858871897, -78.5748026171"
1465,Winston-Salem,Forsyth,Piedmont,Commercial,Urban (>70% Developed),REIDSVILLE RD (3900 RD,Urban,40 - 45  MPH,No Control Present,Clear,No,56,50-59,No,NA,With Traffic,B: Evident Injury,Travel Lane,White,Male,48,40-49,No,NA,46-50 mph,O: No Injury,White,Male,Van,No,04SEP2013,Wednesday,Motorist Overtaking Bicyclist,7,Non-Intersection,September,B: Evident Injury,07:16:00,Motorist Overtaking - Undetected Bicyclist,2013,Yes,No,Daylight,Straight - Level,Local Street,Dry,"Two-Way, Divided, Unprotected Median",None,No Special Feature,Smooth Asphalt,4 lanes,"36.1132470943, -80.1879030946"
1475,Shelby,Cleveland,Mountains,Residential,Urban (>70% Developed),S WASHINGTON ST,Urban,30 - 35  MPH,No Control Present,Clear,No,24,20-24,No,NA,With Traffic,C: Possible Injury,Sidewalk / Crosswalk / Driveway Crossing,White,Male,29,25-29,No,NA,NA,O: No Injury,White,Male,Unknown Heavy Truck,No,20AUG2013,Tuesday,Other / Unusual Circumstances,11,Non-Intersection,August,C: Possible Injury,11:11:00,Unusual Circumstances,2013,No,No,Daylight,Straight - Level,Local Street,Dry,"Two-Way, Not Divided",None,No Special Feature,Smooth Asphalt,2 lanes,"35.2840468689, -81.5393034516"
1484,Charlotte,Mecklenburg,Piedmont,Residential,Urban (>70% Developed),QUEENS ROAD WEST,Urban,5 - 15 MPH,Stop Sign,Clear,No,44,40-49,No,NA,With Traffic,B: Evident Injury,Travel Lane,White,Male,50,50-59,No,NA,6-10 mph,O: No Injury,White,Male,Passenger Car,No,15SEP2013,Sunday,Motorist Failed to Yield - Sign-Controlled Intersection,9,Intersection,September,B: Evident Injury,09:30:00,Motorist Drive Through - Sign-Controlled Intersection,2013,Yes,No,Daylight,Straight - Level,Local Street,Dry,"Two-Way, Divided, Unprotected Median",None,T-Intersection,Smooth Asphalt,6 lanes,"35.1883168739, -80.839403239"
1494,High Point,Guilford,Piedmont,Commercial,Urban (>70% Developed),CLISH PL,Urban,30 - 35  MPH,No Control Present,Clear,No,47,40-49,No,NA,Facing Traffic,B: Evident Injury,Travel Lane,Black,Male,NA,NA,No,NA,16-20 mph,Unknown Injury,Unknown/Missing,NA,NA,No,28AUG2013,Wednesday,Head-On,20,Non-Intersection,August,B: Evident Injury,20:44:00,Head-On - Bicyclist,2013,Yes,Yes,Dark - Roadway Not Lighted,Straight - Level,Local Street,Dry,"Two-Way, Not Divided",None,No Special Feature,Smooth Asphalt,2 lanes,"35.9523470678, -79.9787030226"
1499,None - Rural Crash,Guilford,Piedmont,Residential,Mixed (30% To 70% Developed),NC 68,Rural,50 - 55  MPH,No Control Present,Clear,No,20,20-24,No,NA,Facing Traffic,K: Killed,Travel Lane,White,Male,62,60-69,No,NA,46-50 mph,O: No Injury,White,Male,Tractor/Semi-Trailer,No,24SEP2013,Tuesday,Head-On,4,Non-Intersection,September,K: Killed,04:16:00,Head-On - Bicyclist,2013,Yes,No,Dark - Roadway Not Lighted,Straight - Level,NC Route,Dry,"Two-Way, Not Divided",None,Related To Intersection,Coarse Asphalt,2 lanes,"36.1385371079, -79.9679030304"
1500,Apex,Wake,Piedmont,Residential,Urban (>70% Developed),E WILLIAMS ST,Urban,40 - 45  MPH,No Control Present,Clear,No,50,50-59,No,NA,With Traffic,C: Possible Injury,Travel Lane,Black,Male,23,20-24,No,NA,31-35 mph,O: No Injury,Black,Male,Passenger Car,No,27SEP2013,Friday,Bicyclist Left Turn / Merge,14,Non-Intersection,September,C: Possible Injury,14:27:00,Bicyclist Left Turn - Same Direction,2013,Yes,No,Daylight,Straight - Grade,Local Street,Dry,"Two-Way, Not Divided",None,No Special Feature,Smooth Asphalt,2 lanes,"35.6912470542, -78.8339026632"
3547,Raleigh,Wake,Piedmont,Institutional,Urban (>70% Developed),NA,Urban,20 - 25  MPH,No Control Present,Clear,No,28,25-29,No,NA,With Traffic,C: Possible Injury,Travel Lane,White,Male,NA,NA,Missing,NA,NA,Unknown Injury,Unknown/Missing,NA,NA,No,27OCT2011,Thursday,Bicyclist Overtaking Motorist,8,Intersection-Related,October,C: Possible Injury,08:15:00,Bicyclist Overtaking - Passing on Right,2011,No,Yes,Daylight,Straight - Level,Local Street,Dry,"Two-Way, Not Divided",None,No Special Feature,Smooth Asphalt,2 lanes,"35.7851570795, -78.6756026207"
3551,Boone,Watauga,Mountains,Institutional,Urban (>70% Developed),NA,Urban,20 - 25  MPH,No Control Present,Clear,No,25,25-29,No,NA,With Traffic,B: Evident Injury,Travel Lane,White,Male,70+,70+,No,NA,0-5 mph,O: No Injury,White,Male,Sport Utility,No,12NOV2011,Saturday,Motorist Left Turn / Merge,10,Non-Intersection,November,B: Evident Injury,10:46:00,Motorist Left Turn - Opposite Direction,2011,No,No,Daylight,Straight - Level,Local Street,Dry,"Two-Way, Not Divided",None,Other,Coarse Asphalt,4 lanes,"36.2103670581, -81.6771035466"
3552,Asheville,Buncombe,Mountains,Commercial,Urban (>70% Developed),NA,Urban,30 - 35  MPH,No Control Present,Clear,No,33,30-39,No,NA,With Traffic,B: Evident Injury,Travel Lane,White,Male,28,25-29,No,NA,21-25 mph,O: No Injury,White,Male,"Light Truck (Mini-Van, Panel)",No,29OCT2011,Saturday,Motorist Overtaking Bicyclist,20,Non-Intersection,October,B: Evident Injury,20:25:00,Motorist Overtaking - Undetected Bicyclist,2011,Yes,No,Dark - Roadway Not Lighted,Straight - Grade,Local Street,Dry,"Two-Way, Not Divided",None,No Special Feature,Smooth Asphalt,2 lanes,"35.5552768838, -82.6476037952"
3553,Asheville,Buncombe,Mountains,Commercial,Urban (>70% Developed),NA,Urban,20 - 25  MPH,"Double Yellow Line, No Passing Zone",Clear,Yes,26,25-29,No,NA,With Traffic,C: Possible Injury,Travel Lane,White,Male,NA,NA,Missing,NA,11-15 mph,Unknown Injury,Unknown/Missing,NA,NA,No,27OCT2011,Thursday,Motorist Failed to Yield - Signalized Intersection,13,Intersection,October,C: Possible Injury,13:30:00,Motorist Drive Out - Signalized Intersection,2011,No,Yes,Daylight,Straight - Grade,US Route,Dry,"Two-Way, Not Divided",None,No Special Feature,Smooth Asphalt,4 lanes,"35.5931168955, -82.5513037694"
3558,Raleigh,Wake,Piedmont,Commercial,Urban (>70% Developed),NA,Urban,30 - 35  MPH,Stop And Go Signal,Clear,No,NA,NA,Missing,NA,Facing Traffic,Unknown Injury,Travel Lane,Unknown/Missing,NA,22,20-24,No,NA,0-5 mph,O: No Injury,White,Female,Passenger Car,No,14NOV2011,Monday,Bicyclist Failed to Yield - Signalized Intersection,14,Intersection,November,O: No Injury,14:12:00,Bicyclist Ride Through - Signalized Intersection,2011,No,No,Daylight,Straight - Level,NA,Dry,"Two-Way, Not Divided",None,Four-Way Intersection,Smooth Asphalt,2 lanes,"35.78670708, -78.6640026164"
3561,None - Rural Crash,Pender,Coastal,"Farms, Woods, Pastures",Rural (<30% Developed),NA,Rural,50 - 55  MPH,No Control Present,Cloudy,No,37,30-39,No,NA,With Traffic,B: Evident Injury,Travel Lane,White,Male,59,50-59,No,NA,41-45 mph,O: No Injury,White,Female,Van,No,06OCT2011,Thursday,Loss of Control / Turning Error,12,Non-Intersection,October,B: Evident Injury,12:12:00,Bicyclist Lost Control - Other / Unknown,2011,No,No,Daylight,Straight - Level,US Route,Dry,"Two-Way, Divided, Unprotected Median",None,No Special Feature,Coarse Asphalt,4 lanes,"34.3195667906, -77.7682022722"
3565,Wilmington,New Hanover,Coastal,Residential,Urban (>70% Developed),NA,Urban,20 - 25  MPH,Yield Sign,Clear,No,67,60-69,No,NA,With Traffic,A: Disabling Injury,Travel Lane,White,Female,49,40-49,No,NA,6-10 mph,O: No Injury,White,Female,Sport Utility,No,26OCT2011,Wednesday,Motorist Failed to Yield - Sign-Controlled Intersection,17,Intersection,October,A: Disabling Injury,17:26:00,Motorist Drive Out - Sign-Controlled Intersection,2011,Yes,No,Daylight,Straight - Level,Local Street,Dry,"Two-Way, Not Divided",None,Four-Way Intersection,Coarse Asphalt,2 lanes,"34.2439967718, -77.8377022893"
3569,Wilmington,New Hanover,Coastal,Institutional,Urban (>70% Developed),NA,Urban,5 - 15 MPH,No Control Present,Cloudy,No,18,16-19,No,NA,Not Applicable,B: Evident Injury,Non-Roadway,White,Female,45,40-49,No,NA,0-5 mph,O: No Injury,White,Female,Passenger Car,No,28OCT2011,Friday,Non-Roadway,9,Non-Roadway,October,B: Evident Injury,09:10:00,Non-Roadway,2011,No,No,Daylight,Straight - Level,Public Vehicular Area,Dry,"Two-Way, Not Divided",None,No Special Feature,Smooth Asphalt,2 lanes,"34.2193967654, -77.8717022992"
3572,Cary,Wake,Piedmont,Residential,Urban (>70% Developed),NA,Urban,40 - 45  MPH,Stop Sign,Clear,No,49,40-49,No,NA,With Traffic,B: Evident Injury,Travel Lane,White,Female,42,40-49,No,NA,11-15 mph,O: No Injury,White,Male,Passenger Car,No,01NOV2011,Tuesday,Motorist Left Turn / Merge,13,Intersection,November,B: Evident Injury,13:04:00,Motorist Left Turn - Opposite Direction,2011,Yes,No,Daylight,Curve - Bottom,State Secondary Route,Dry,"Two-Way, Not Divided",None,T-Intersection,Smooth Asphalt,5 lanes,"35.7257470624, -78.792602653"
3575,Greensboro,Guilford,Piedmont,Residential,Mixed (30% To 70% Developed),NA,Urban,30 - 35  MPH,No Control Present,Clear,No,52,50-59,No,NA,With Traffic,C: Possible Injury,Travel Lane,White,Male,19,0-19,No,NA,31-35 mph,O: No Injury,Black,Male,Passenger Car,No,01NOV2011,Tuesday,Motorist Overtaking Bicyclist,22,Non-Intersection,November,C: Possible Injury,22:28:00,Motorist Overtaking - Other / Unknown,2011,No,No,Dark - Lighted Roadway,Straight - Level,Local Street,Dry,"Two-Way, Divided, Unprotected Median",None,No Special Feature,Smooth Asphalt,4 lanes,"36.1502371153, -79.8355029909"
3576,Greensboro,Guilford,Piedmont,Commercial,Urban (>70% Developed),NA,Urban,20 - 25  MPH,No Control Present,Clear,No,22,20-24,No,NA,With Traffic,C: Possible Injury,Sidewalk / Crosswalk / Driveway Crossing,White,Female,21,20-24,No,NA,0-5 mph,O: No Injury,Black,Female,Passenger Car,No,01NOV2011,Tuesday,Motorist Left Turn / Merge,12,Intersection,November,C: Possible Injury,12:30:00,Motorist Left Turn - Opposite Direction,2011,Yes,No,Daylight,Straight - Bottom,Local Street,Dry,"Two-Way, Not Divided",NA,No Special Feature,Smooth Asphalt,4 lanes,"36.0648570978, -79.8152029803"
3579,Smithfield,Johnston,Coastal,Commercial,Urban (>70% Developed),NA,Urban,30 - 35  MPH,Stop And Go Signal,Clear,No,50,50-59,No,NA,Facing Traffic,O: No Injury,Sidewalk / Crosswalk / Driveway Crossing,Black,Male,61,60-69,No,NA,NA,O: No Injury,White,Male,Sport Utility,No,03NOV2011,Thursday,Crossing Paths - Other Circumstances,18,Intersection,November,O: No Injury,18:15:00,Signalized Intersection - Other / Unknown,2011,No,No,Daylight,Straight - Level,Local Street,Dry,"Two-Way, Not Divided",None,Four-Way Intersection,Coarse Asphalt,3 lanes,"35.5141370334, -78.3308025017"
3588,Wilson,Wilson,Coastal,Residential,Urban (>70% Developed),NA,Urban,30 - 35  MPH,Stop Sign,Clear,No,21,20-24,No,NA,With Traffic,C: Possible Injury,Travel Lane,Black,Male,19,0-19,No,NA,0-5 mph,O: No Injury,Black,Female,Passenger Car,No,23OCT2011,Sunday,Loss of Control / Turning Error,12,Intersection-Related,October,C: Possible Injury,12:30:00,Motorist Turning Error - Right Turn,2011,Yes,No,Daylight,Straight - Level,Local Street,Dry,"Two-Way, Not Divided",Road Surface Condition,T-Intersection,Coarse Asphalt,3 lanes,"35.7495270983, -77.9167023882"
3593,Roxboro,Person,Piedmont,Residential,Rural (<30% Developed),NA,Urban,30 - 35  MPH,Stop Sign,Clear,No,NA,NA,Missing,NA,NA,Unknown Injury,NA,Unknown/Missing,NA,39,30-39,No,NA,11-15 mph,O: No Injury,White,Female,Passenger Car,No,07OCT2011,Friday,NA,19,NA,October,C: Possible Injury,19:30:00,NA,2011,Yes,No,Dark - Lighted Roadway,Straight - Level,Local Street,Dry,"Two-Way, Not Divided",None,No Special Feature,Smooth Asphalt,4 lanes,"36.3825771956, -78.9878027479"
3595,Raleigh,Wake,Piedmont,Residential,Urban (>70% Developed),NA,Urban,30 - 35  MPH,Stop Sign,Clear,No,16,16-19,No,NA,NA,C: Possible Injury,Travel Lane,Black,Male,20,20-24,No,NA,16-20 mph,O: No Injury,Black,Male,Passenger Car,No,01DEC2011,Thursday,Motorist Failed to Yield - Sign-Controlled Intersection,19,Intersection,December,C: Possible Injury,19:11:00,Motorist Drive Out - Sign-Controlled Intersection,2011,Yes,No,Dark - Lighted Roadway,Straight - Level,Local Street,Dry,"Two-Way, Divided, Unprotected Median",None,T-Intersection,Smooth Asphalt,2 lanes,"35.7902270852, -78.5475025817"
3599,Greensboro,Guilford,Piedmont,Commercial,Urban (>70% Developed),NA,Urban,30 - 35  MPH,Stop And Go Signal,Rain,No,23,20-24,No,NA,With Traffic,C: Possible Injury,Sidewalk / Crosswalk / Driveway Crossing,White,Male,58,50-59,No,NA,0-5 mph,O: No Injury,White,Female,Passenger Car,No,16NOV2011,Wednesday,Bicyclist Failed to Yield - Signalized Intersection,18,Intersection,November,C: Possible Injury,18:42:00,Bicyclist Failed to Clear - Trapped,2011,No,No,Dark - Lighted Roadway,Straight - Grade,Local Street,Wet,"Two-Way, Divided, Unprotected Median",None,Related To Intersection,Smooth Asphalt,6 lanes,"36.0623170975, -79.8154029803"
3603,Wilmington,New Hanover,Coastal,Residential,Urban (>70% Developed),NA,Urban,40 - 45  MPH,No Control Present,Clear,No,32,30-39,No,NA,With Traffic,C: Possible Injury,Sidewalk / Crosswalk / Driveway Crossing,White,Male,21,20-24,Yes,NA,81-85 mph,C: Possible Injury,White,Male,Passenger Car,Yes,13NOV2011,Sunday,Loss of Control / Turning Error,1,Non-Intersection,November,C: Possible Injury,01:50:00,Motorist Lost Control - Alcohol / Drug Impairment,2011,Yes,No,Dark - Lighted Roadway,Straight - Level,US Route,Dry,"Two-Way, Divided, Unprotected Median",None,No Special Feature,Smooth Asphalt,4 lanes,"34.2399267704, -77.8535022945"
3605,Asheville,Buncombe,Mountains,Commercial,Urban (>70% Developed),NA,Urban,30 - 35  MPH,Stop And Go Signal,Cloudy,No,23,20-24,No,NA,With Traffic,B: Evident Injury,Travel Lane,White,Male,70+,70+,No,NA,21-25 mph,O: No Injury,White,Male,Passenger Car,No,15NOV2011,Tuesday,Loss of Control / Turning Error,11,Intersection,November,B: Evident Injury,11:42:00,Bicyclist Lost Control - Mechanical Problems,2011,Yes,No,Daylight,Straight - Grade,Local Street,Dry,"Two-Way, Not Divided",None,No Special Feature,Smooth Asphalt,2 lanes,"35.5964268962, -82.5531037703"
3613,Raleigh,Wake,Piedmont,Residential,Urban (>70% Developed),NA,Urban,5 - 15 MPH,No Control Present,Clear,No,56,50-59,No,NA,With Traffic,B: Evident Injury,Sidewalk / Crosswalk / Driveway Crossing,White,Female,47,40-49,No,NA,0-5 mph,O: No Injury,White,Male,Passenger Car,No,13DEC2011,Tuesday,Motorist Failed to Yield - Midblock,18,Non-Intersection,December,B: Evident Injury,18:19:00,Motorist Drive Out - Commercial Driveway / Alley,2011,No,No,Daylight,Straight - Grade,Local Street,Dry,"Two-Way, Not Divided",None,"Driveway, Private",Coarse Asphalt,1 lane,"35.9262271135, -78.5683025952"
3616,None - Rural Crash,Mecklenburg,Piedmont,Commercial,Urban (>70% Developed),NA,Rural,40 - 45  MPH,No Control Present,Clear,No,31,30-39,No,NA,With Traffic,B: Evident Injury,Travel Lane,Black,Male,27,25-29,No,NA,41-45 mph,O: No Injury,White,Male,Passenger Car,No,14DEC2011,Wednesday,Motorist Overtaking Bicyclist,4,Intersection-Related,December,B: Evident Injury,04:53:00,Motorist Overtaking - Undetected Bicyclist,2011,Yes,No,Dark - Lighted Roadway,Straight - Level,Local Street,Dry,"Two-Way, Divided, Positive Median Barrier",None,No Special Feature,Smooth Asphalt,6 lanes,"35.2247468798, -80.9025032593"
3618,Wilmington,New Hanover,Coastal,Residential,Urban (>70% Developed),NA,Urban,20 - 25  MPH,Stop And Go Signal,Clear,No,21,20-24,No,NA,Facing Traffic,C: Possible Injury,Sidewalk / Crosswalk / Driveway Crossing,White,Male,36,30-39,No,NA,0-5 mph,O: No Injury,White,Male,Passenger Car,No,26NOV2011,Saturday,Bicyclist Failed to Yield - Signalized Intersection,13,Intersection,November,C: Possible Injury,13:50:00,Bicyclist Ride Through - Signalized Intersection,2011,Yes,No,Daylight,Straight - Level,Local Street,Dry,"Two-Way, Not Divided",NA,Related To Intersection,Smooth Asphalt,2 lanes,"34.234106769, -77.8411022904"
3625,None - Rural Crash,Brunswick,Coastal,"Farms, Woods, Pastures",Mixed (30% To 70% Developed),NA,Rural,40 - 45  MPH,"Double Yellow Line, No Passing Zone",Clear,No,25,25-29,Yes,NA,With Traffic,B: Evident Injury,Travel Lane,White,Female,52,50-59,No,NA,41-45 mph,O: No Injury,White,Male,Pickup,Yes,17NOV2011,Thursday,Motorist Overtaking Bicyclist,23,Non-Intersection,November,B: Evident Injury,23:36:00,Motorist Overtaking - Misjudged Space,2011,Yes,No,Dark - Roadway Not Lighted,Straight - Level,NC Route,Dry,"Two-Way, Not Divided",None,No Special Feature,Coarse Asphalt,3 lanes,"33.9011566738, -78.4885024702"
3630,Charlotte,Mecklenburg,Piedmont,Industrial,Urban (>70% Developed),NA,Urban,30 - 35  MPH,Stop And Go Signal,Rain,No,54,50-59,No,NA,With Traffic,A: Disabling Injury,Travel Lane,White,Male,36,30-39,No,NA,6-10 mph,O: No Injury,White,Male,Pickup,No,21DEC2011,Wednesday,Motorist Left Turn / Merge,9,Intersection,December,A: Disabling Injury,09:21:00,Motorist Left Turn - Opposite Direction,2011,No,No,Daylight,Straight - Level,Local Street,Wet,"Two-Way, Not Divided",None,Four-Way Intersection,Smooth Asphalt,2 lanes,"35.2781168898, -80.9374032723"
3640,High Point,Guilford,Piedmont,Commercial,Urban (>70% Developed),NA,Urban,30 - 35  MPH,Stop Sign,Clear,No,21,20-24,No,NA,Facing Traffic,C: Possible Injury,Sidewalk / Crosswalk / Driveway Crossing,Black,Male,70+,70+,No,NA,6-10 mph,O: No Injury,Black,Male,Passenger Car,No,12DEC2011,Monday,Motorist Right Turn / Merge,17,Intersection,December,C: Possible Injury,17:21:00,Motorist Right Turn - Opposite Direction,2011,Yes,No,Daylight,Straight - Bottom,State Secondary Route,Dry,"Two-Way, Not Divided",None,No Special Feature,Smooth Asphalt,5 lanes,"35.9730870714, -80.0018030307"
3647,Wilmington,New Hanover,Coastal,Commercial,Urban (>70% Developed),NA,Urban,40 - 45  MPH,No Control Present,Clear,No,52,50-59,No,NA,With Traffic,C: Possible Injury,Travel Lane,White,Male,62,60-69,No,NA,11-15 mph,O: No Injury,Black,Male,Van,No,20DEC2011,Tuesday,Motorist Left Turn / Merge,16,Intersection,December,C: Possible Injury,16:15:00,Motorist Left Turn - Opposite Direction,2011,Yes,No,Daylight,Straight - Level,Local Street,Dry,"Two-Way, Divided, Unprotected Median",None,No Special Feature,Smooth Asphalt,4 lanes,"34.2465967708, -77.8674022983"
3657,Greensboro,Guilford,Piedmont,Commercial,Urban (>70% Developed),NA,Urban,40 - 45  MPH,No Control Present,Clear,No,40,40-49,No,NA,With Traffic,C: Possible Injury,Travel Lane,White,Male,28,25-29,No,NA,0-5 mph,O: No Injury,White,Female,Passenger Car,No,23DEC2011,Friday,Motorist Right Turn / Merge,15,Non-Intersection,December,C: Possible Injury,15:34:00,Motorist Right Turn - Same Direction,2011,Yes,No,Daylight,Straight - Level,Local Street,Dry,"Two-Way, Not Divided",None,No Special Feature,Smooth Asphalt,5 lanes,"36.1113471073, -79.8313029879"
3665,Greensboro,Guilford,Piedmont,Institutional,Urban (>70% Developed),NA,Urban,NA,Stop And Go Signal,Clear,No,27,25-29,No,NA,With Traffic,O: No Injury,Travel Lane,White,Female,NA,NA,Missing,NA,NA,Unknown Injury,Unknown/Missing,NA,NA,No,21FEB2011,Monday,Motorist Right Turn / Merge,11,Intersection,February,O: No Injury,11:48:00,Motorist Right Turn - Same Direction,2011,No,Yes,Daylight,Straight - Grade,Local Street,Dry,"Two-Way, Divided, Positive Median Barrier",None,Four-Way Intersection,Smooth Asphalt,2 lanes,"36.0652970981, -79.8128029797"
3674,None - Rural Crash,Cumberland,Coastal,"Farms, Woods, Pastures",Mixed (30% To 70% Developed),NA,Rural,50 - 55  MPH,"Double Yellow Line, No Passing Zone",Clear,No,61,60-69,No,NA,With Traffic,C: Possible Injury,Travel Lane,White,Male,44,40-49,No,NA,51-55 mph,O: No Injury,White,Male,Pickup,No,15JAN2010,Friday,Motorist Overtaking Bicyclist,18,Non-Intersection,January,C: Possible Injury,18:55:00,Motorist Overtaking - Bicyclist Swerved,2010,No,No,Dark - Roadway Not Lighted,Straight - Level,NC Route,Dry,"Two-Way, Not Divided",None,No Special Feature,Coarse Asphalt,2 lanes,"35.0190369131, -78.7181225931"