object_id,city,county,region,development,locality,on_road,rural_urban,speed_limit,traffic_control,weather,workzone,bike_age,bike_age_group,bike_alcohol,bike_alcohol_drugs,bike_direction,bike_injury,bike_position,bike_race,bike_sex,driver_age,driver_age_group,driver_alcohol,driver_alcohol_drugs,driver_est_speed,driver_injury,driver_race,driver_sex,driver_vehicle_type,crash_alcohol,crash_date,crash_day,crash_group,crash_hour,crash_location,crash_month,crash_severity,crash_time,crash_type,crash_year,ambulance_req,hit_run,light_condition,road_character,road_class,road_condition,road_configuration,road_defects,road_feature,road_surface,num_lanes,geo_point
3675,Cary,Wake,Piedmont,Commercial,Urban (>70% Developed),NA,Urban,30 - 35  MPH,Stop And Go Signal,Clear,No,12,11-15,No,NA,Facing Traffic,C: Possible Injury,Sidewalk / Crosswalk / Driveway Crossing,White,Male,43,40-49,No,NA,21-25 mph,O: No Injury,Asian,Male,Passenger Car,No,16JAN2010,Saturday,Bicyclist Failed to Yield - Signalized Intersection,18,Intersection,January,C: Possible Injury,18:37:00,Bicyclist Ride Out - Signalized  Intersection,2010,Yes,No,Dark - Lighted Roadway,Straight - Level,State Secondary Route,Dry,"Two-Way, Not Divided",None,Four-Way Intersection,Smooth Asphalt,3 lanes,"35.791805077, -78.7833226531"
3677,Indian Trail,Union,Piedmont,Commercial,Urban (>70% Developed),NA,Urban,30 - 35  MPH,"Double Yellow Line, No Passing Zone",Clear,No,34,30-39,No,NA,With Traffic,B: Evident Injury,Travel Lane,White,Male,64,60-69,No,NA,11-15 mph,O: No Injury,White,Male,Pickup,No,20JAN2010,Wednesday,Motorist Left Turn / Merge,9,Intersection,January,B: Evident Injury,09:51:00,Motorist Left Turn - Opposite Direction,2010,Yes,No,Daylight,Straight - Level,State Secondary Route,Dry,"Two-Way, Not Divided",None,Four-Way Intersection,Smooth Asphalt,2 lanes,"35.0297808473, -80.6337631684"
3680,Durham,Durham,Piedmont,Residential,Urban (>70% Developed),NA,Urban,5 - 15 MPH,No Control Present,Clear,No,14,11-15,No,NA,Not Applicable,O: No Injury,Travel Lane,Black,Male,NA,NA,Missing,NA,0-5 mph,Unknown Injury,Unknown/Missing,NA,Passenger Car,No,25JAN2010,Monday,Non-Roadway,20,Non-Roadway,January,O: No Injury,20:20:00,Non-Roadway,2010,No,Yes,Dark - Lighted Roadway,Straight - Level,Public Vehicular Area,Dry,"Two-Way, Not Divided",None,No Special Feature,Smooth Asphalt,NA,"36.0511511278, -78.9116087061"
3681,None - Rural Crash,Martin,Coastal,"Farms, Woods, Pastures",Rural (<30% Developed),NA,Rural,50 - 55  MPH,No Control Present,Clear,No,47,40-49,No,NA,With Traffic,C: Possible Injury,Bike Lane / Paved Shoulder,Black,Male,23,20-24,No,NA,51-55 mph,O: No Injury,White,Male,Pickup,No,28JAN2010,Thursday,Motorist Overtaking Bicyclist,18,Non-Intersection,January,C: Possible Injury,18:40:00,Motorist Overtaking - Misjudged Space,2010,Yes,No,Dark - Roadway Not Lighted,Straight - Level,NC Route,Dry,"Two-Way, Not Divided",None,No Special Feature,Coarse Asphalt,2 lanes,"35.8503221428, -77.2480571898"
3684,None - Rural Crash,Brunswick,Coastal,"Farms, Woods, Pastures",Rural (<30% Developed),NA,Rural,50 - 55  MPH,"Double Yellow Line, No Passing Zone",Clear,No,50,50-59,Yes,NA,With Traffic,B: Evident Injury,Travel Lane,White,Male,40,40-49,No,NA,41-45 mph,O: No Injury,White,Male,"Single Unit Truck (2-Axle, 6-Tire)",Yes,11JAN2010,Monday,Parallel Paths - Other Circumstances,18,Non-Intersection,January,B: Evident Injury,18:17:00,Bicyclist Ride Out - Parallel Path,2010,Yes,No,Dark - Roadway Not Lighted,Curve - Level,State Secondary Route,Dry,"Two-Way, Not Divided",None,No Special Feature,Smooth Asphalt,2 lanes,"34.2316567621, -78.0565523546"
3689,Eden,Rockingham,Piedmont,Residential,Urban (>70% Developed),NA,Urban,20 - 25  MPH,No Control Present,Clear,No,14,11-15,No,NA,With Traffic,C: Possible Injury,Travel Lane,White,Male,27,25-29,No,NA,0-5 mph,O: No Injury,White,Female,Passenger Car,No,25JAN2010,Monday,Head-On,12,Non-Intersection,January,C: Possible Injury,12:36:00,Head-On - Bicyclist,2010,Yes,No,Daylight,Straight - Level,Local Street,Dry,"Two-Way, Not Divided",None,No Special Feature,Smooth Asphalt,2 lanes,"36.488557189, -79.7531129847"
3691,Cary,Wake,Piedmont,Commercial,Urban (>70% Developed),NA,Urban,5 - 15 MPH,No Control Present,Clear,No,14,11-15,No,NA,With Traffic,O: No Injury,Sidewalk / Crosswalk / Driveway Crossing,White,Male,25,25-29,No,NA,11-15 mph,O: No Injury,White,Male,Sport Utility,No,06FEB2010,Saturday,Motorist Left Turn / Merge,22,Intersection,February,O: No Injury,22:44:00,Motorist Left Turn - Opposite Direction,2010,No,No,Dark - Lighted Roadway,Straight - Grade,Public Vehicular Area,Dry,"Two-Way, Not Divided",Other,"Driveway, Public",Smooth Asphalt,2 lanes,"35.7862730752, -78.8100726612"
3696,Chapel Hill,Orange,Piedmont,Residential,Urban (>70% Developed),NA,Urban,30 - 35  MPH,No Control Present,Rain,No,31,30-39,No,NA,With Traffic,C: Possible Injury,Travel Lane,White,Male,NA,NA,Missing,NA,NA,Unknown Injury,Unknown/Missing,NA,NA,No,21JAN2010,Thursday,Motorist Right Turn / Merge,18,Non-Intersection,January,C: Possible Injury,18:00:00,Motorist Right Turn - Same Direction,2010,Yes,Yes,Dark - Lighted Roadway,Straight - Grade,Local Street,Wet,"Two-Way, Not Divided",None,No Special Feature,Smooth Asphalt,4 lanes,"35.9167570945, -79.0433377385"
3702,Greenville,Pitt,Coastal,Institutional,Urban (>70% Developed),NA,Urban,NA,Stop Sign,Rain,No,30,30-39,No,NA,Facing Traffic,O: No Injury,NA,White,Male,58,50-59,No,NA,0-5 mph,O: No Injury,White,Male,Truck/Trailer,No,22JAN2010,Friday,Crossing Paths - Other Circumstances,13,Non-Intersection,January,O: No Injury,13:45:00,Crossing Paths - Midblock - Other / Unknown,2010,No,No,Daylight,Straight - Level,Public Vehicular Area,Wet,"Two-Way, Not Divided",None,No Special Feature,Smooth Asphalt,NA,"35.5904840829, -77.3679622121"
3708,Greensboro,Guilford,Piedmont,Residential,Urban (>70% Developed),NA,Urban,30 - 35  MPH,No Control Present,Clear,No,53,50-59,Yes,NA,With Traffic,B: Evident Injury,Travel Lane,Black,Male,31,30-39,No,NA,36-40 mph,O: No Injury,Black,Female,Passenger Car,Yes,03FEB2010,Wednesday,Bicyclist Left Turn / Merge,14,Non-Intersection,February,B: Evident Injury,14:13:00,Bicyclist Left Turn - Same Direction,2010,Yes,No,Daylight,Straight - Level,Local Street,Wet,"Two-Way, Divided, Positive Median Barrier",None,No Special Feature,Smooth Asphalt,6 lanes,"36.0504070951, -79.7980729744"
3709,Charlotte,Mecklenburg,Piedmont,Residential,Urban (>70% Developed),NA,Urban,40 - 45  MPH,No Control Present,Clear,No,61,60-69,No,NA,With Traffic,B: Evident Injury,Other,Hispanic,Male,45,40-49,No,NA,21-25 mph,C: Possible Injury,Black,Male,Sport Utility,No,11FEB2010,Thursday,Motorist Overtaking Bicyclist,17,Non-Intersection,February,B: Evident Injury,17:44:00,Motorist Overtaking - Bicyclist Swerved,2010,No,No,Daylight,Straight - Level,Local Street,Dry,"Two-Way, Not Divided",None,No Special Feature,Smooth Asphalt,2 lanes,"35.1750748754, -80.7185232017"
3713,Fayetteville,Cumberland,Coastal,Institutional,Urban (>70% Developed),NA,Urban,20 - 25  MPH,Stop And Go Signal,Clear,No,50,50-59,No,NA,Facing Traffic,O: No Injury,Sidewalk / Crosswalk / Driveway Crossing,Black,Male,50,50-59,No,NA,11-15 mph,O: No Injury,Black,Female,Passenger Car,No,23FEB2010,Tuesday,Bicyclist Failed to Yield - Signalized Intersection,13,Intersection,February,O: No Injury,13:04:00,Bicyclist Ride Out - Signalized  Intersection,2010,No,No,Daylight,Straight - Level,Local Street,Dry,"Two-Way, Divided, Unprotected Median",None,Four-Way Intersection,Smooth Asphalt,4 lanes,"35.0715899178, -78.8943626494"
3714,Raleigh,Wake,Piedmont,Commercial,Urban (>70% Developed),NA,Urban,5 - 15 MPH,Stop Sign,Clear,No,34,30-39,No,NA,Facing Traffic,O: No Injury,Sidewalk / Crosswalk / Driveway Crossing,Hispanic,Male,60,60-69,No,NA,NA,O: No Injury,White,Male,Passenger Car,No,04FEB2010,Thursday,Motorist Failed to Yield - Sign-Controlled Intersection,17,Intersection,February,O: No Injury,17:40:00,Motorist Drive Out - Sign-Controlled Intersection,2010,No,No,Daylight,Straight - Level,Local Street,Dry,"Two-Way, Not Divided",None,T-Intersection,Smooth Asphalt,2 lanes,"35.8204370892, -78.6262626076"
3718,None - Rural Crash,Pitt,Coastal,"Farms, Woods, Pastures",Urban (>70% Developed),NA,Rural,NA,"Double Yellow Line, No Passing Zone",Clear,No,16,16-19,No,NA,Facing Traffic,A: Disabling Injury,Travel Lane,White,Male,48,40-49,No,NA,NA,O: No Injury,Black,Female,Sport Utility,No,20JAN2010,Wednesday,Bicyclist Right Turn / Merge,15,Non-Intersection,January,A: Disabling Injury,15:18:00,Bicyclist Right Turn - Same Direction,2010,Yes,No,Daylight,Straight - Level,State Secondary Route,Dry,"Two-Way, Not Divided",None,No Special Feature,Coarse Asphalt,2 lanes,"35.6039870817, -77.4684162442"
3719,None - Rural Crash,Craven,Coastal,Residential,Mixed (30% To 70% Developed),NA,Rural,50 - 55  MPH,No Control Present,Clear,No,56,50-59,No,NA,With Traffic,C: Possible Injury,Travel Lane,White,Male,37,30-39,No,NA,51-55 mph,O: No Injury,White,Female,Passenger Car,No,07FEB2010,Sunday,Motorist Overtaking Bicyclist,16,Non-Intersection,February,C: Possible Injury,16:18:00,Motorist Overtaking - Misjudged Space,2010,No,No,Daylight,Straight - Level,US Route,Dry,"Two-Way, Divided, Unprotected Median",None,No Special Feature,Coarse Asphalt,4 lanes,"35.0800239783, -77.1616521247"
3723,None - Rural Crash,New Hanover,Coastal,Commercial,Urban (>70% Developed),NA,Rural,NA,Other,Clear,No,21,20-24,No,NA,Not Applicable,B: Evident Injury,Travel Lane,White,Female,36,30-39,No,NA,6-10 mph,O: No Injury,White,Male,Passenger Car,No,18FEB2010,Thursday,Non-Roadway,20,Non-Roadway,February,B: Evident Injury,20:15:00,Non-Roadway,2010,Yes,No,Dark - Lighted Roadway,Curve - Level,Public Vehicular Area,Dry,"Two-Way, Not Divided",None,"Driveway, Public",Coarse Asphalt,NA,"34.1460967476, -77.8947623027"
3729,Charlotte,Mecklenburg,Piedmont,Commercial,Urban (>70% Developed),NA,Urban,30 - 35  MPH,Stop And Go Signal,Clear,No,26,25-29,No,NA,With Traffic,B: Evident Injury,Sidewalk / Crosswalk / Driveway Crossing,White,Female,NA,NA,Missing,NA,16-20 mph,Unknown Injury,Unknown/Missing,NA,NA,No,19FEB2010,Friday,Motorist Right Turn / Merge,22,Intersection,February,B: Evident Injury,22:59:00,Motorist Right Turn - Same Direction,2010,No,Yes,Dark - Lighted Roadway,Straight - Level,Local Street,Dry,"Two-Way, Divided, Positive Median Barrier",None,No Special Feature,Smooth Asphalt,4 lanes,"35.2132448795, -80.833723238"
3735,Durham,Durham,Piedmont,Commercial,Urban (>70% Developed),NA,Urban,40 - 45  MPH,No Control Present,Clear,No,51,50-59,No,NA,With Traffic,B: Evident Injury,Travel Lane,White,Female,21,20-24,No,NA,41-45 mph,O: No Injury,Hispanic,Male,Passenger Car,No,17MAR2010,Wednesday,Motorist Overtaking Bicyclist,8,Non-Intersection,March,B: Evident Injury,08:16:00,Motorist Overtaking - Undetected Bicyclist,2010,Yes,No,Daylight,Straight - Level,Local Street,Dry,"Two-Way, Not Divided",None,No Special Feature,Smooth Asphalt,2 lanes,"35.943630106, -78.8708826883"
3738,Red Springs,Robeson,Coastal,Residential,Urban (>70% Developed),NA,Rural,30 - 35  MPH,No Control Present,Clear,No,53,50-59,No,NA,With Traffic,K: Killed,Travel Lane,Black,Male,20,20-24,No,NA,31-35 mph,O: No Injury,Native American,Female,Passenger Car,No,20FEB2010,Saturday,Motorist Overtaking Bicyclist,17,Non-Intersection,February,K: Killed,17:42:00,Motorist Overtaking - Undetected Bicyclist,2010,Yes,No,Daylight,Straight - Level,Local Street,Dry,"Two-Way, Not Divided",None,No Special Feature,Coarse Asphalt,2 lanes,"34.80374485, -79.1883727247"
3739,Winterville,Pitt,Coastal,Residential,Urban (>70% Developed),NA,Urban,5 - 15 MPH,Stop Sign,"Snow, Sleet, Hail, Freezing Rain/Drizzle",No,47,40-49,No,NA,With Traffic,C: Possible Injury,Travel Lane,Black,Male,16,0-19,No,NA,0-5 mph,O: No Injury,Black,Male,Passenger Car,No,02FEB2010,Tuesday,Crossing Paths - Other Circumstances,18,Intersection,February,C: Possible Injury,18:42:00,Sign-Controlled Intersection - Other / Unknown,2010,Yes,No,Dark - Lighted Roadway,Straight - Level,Local Street,Wet,"Two-Way, Divided, Positive Median Barrier",None,Four-Way Intersection,Smooth Asphalt,2 lanes,"35.5339120692, -77.4000922201"
3740,Chapel Hill,Orange,Piedmont,Residential,Urban (>70% Developed),NA,Urban,30 - 35  MPH,Yield Sign,Clear,No,28,25-29,No,NA,With Traffic,B: Evident Injury,Travel Lane,White,Male,26,25-29,No,NA,16-20 mph,O: No Injury,Black,Female,Passenger Car,No,05MAR2010,Friday,Motorist Left Turn / Merge,18,Intersection,March,B: Evident Injury,18:32:00,Motorist Left Turn - Opposite Direction,2010,Yes,No,Daylight,Curve - Grade,Local Street,Dry,"Two-Way, Not Divided",None,Four-Way Intersection,Smooth Asphalt,5 lanes,"35.915260094, -79.0568027424"
3746,Asheville,Buncombe,Mountains,Commercial,Urban (>70% Developed),NA,Urban,20 - 25  MPH,Stop And Go Signal,Cloudy,No,17,16-19,No,NA,With Traffic,B: Evident Injury,Travel Lane,Black,Male,38,30-39,No,NA,0-5 mph,O: No Injury,White,Female,Sport Utility,No,25FEB2010,Thursday,Bicyclist Overtaking Motorist,9,Non-Intersection,February,B: Evident Injury,09:43:00,Bicyclist Overtaking - Other / Unknown,2010,No,No,Daylight,Straight - Level,US Route,Dry,"Two-Way, Not Divided",None,No Special Feature,Smooth Asphalt,2 lanes,"35.5783648906, -82.5900137794"
3754,High Point,Guilford,Piedmont,Institutional,Urban (>70% Developed),NA,Urban,30 - 35  MPH,No Control Present,Clear,No,18,16-19,No,NA,Not Applicable,B: Evident Injury,Driveway / Alley,White,Male,23,20-24,No,NA,26-30 mph,O: No Injury,White,Female,Sport Utility,No,08MAR2010,Monday,Bicyclist Failed to Yield - Midblock,8,Non-Intersection,March,B: Evident Injury,08:25:00,Multiple Threat - Midblock,2010,Yes,No,Daylight,Straight - Level,US Route,Dry,"Two-Way, Not Divided",None,"Driveway, Public",Smooth Asphalt,5 lanes,"35.9468800657, -80.0034530304"
3755,Burlington,Alamance,Piedmont,Residential,Urban (>70% Developed),NA,Urban,30 - 35  MPH,No Control Present,Clear,No,20,20-24,No,NA,NA,B: Evident Injury,Sidewalk / Crosswalk / Driveway Crossing,White,Male,NA,NA,Missing,NA,0-5 mph,Unknown Injury,Unknown/Missing,NA,NA,No,10MAR2010,Wednesday,Backing Vehicle,13,Non-Intersection,March,B: Evident Injury,13:19:00,Backing Vehicle,2010,No,Yes,Daylight,Straight - Grade,NC Route,Dry,"Two-Way, Not Divided",None,"Driveway, Private",Coarse Asphalt,4 lanes,"36.107509121, -79.4342228671"
3757,Charlotte,Mecklenburg,Piedmont,"Farms, Woods, Pastures",Rural (<30% Developed),NA,Urban,40 - 45  MPH,Other,"Fog, Smog, Smoke",No,44,40-49,No,NA,With Traffic,A: Disabling Injury,Travel Lane,White,Male,NA,NA,Missing,NA,41-45 mph,Unknown Injury,Unknown/Missing,NA,NA,No,11MAR2010,Thursday,Motorist Overtaking Bicyclist,6,Non-Intersection,March,A: Disabling Injury,06:20:00,Motorist Overtaking - Undetected Bicyclist,2010,No,Yes,Dawn,Curve - Grade,NC Route,Wet,"Two-Way, Not Divided",None,No Special Feature,Coarse Asphalt,4 lanes,"35.0991088477, -81.039303293"
1929,None - Rural Crash,Hertford,Coastal,"Farms, Woods, Pastures",Rural (<30% Developed),NA,Rural,50 - 55  MPH,No Control Present,Clear,No,16,16-19,No,NA,With Traffic,C: Possible Injury,Travel Lane,Black,Female,42,40-49,No,NA,51-55 mph,O: No Injury,Black,Male,Passenger Car,No,22MAR2012,Thursday,Bicyclist Left Turn / Merge,20,Non-Intersection,March,C: Possible Injury,20:08:00,Bicyclist Left Turn - Same Direction,2012,Yes,No,Dark - Roadway Not Lighted,Straight - Level,NC Route,Dry,"Two-Way, Not Divided",None,No Special Feature,Coarse Asphalt,2 lanes,"36.3853372678, -76.9402021227"
1931,None - Rural Crash,Onslow,Coastal,"Farms, Woods, Pastures",Rural (<30% Developed),NA,Rural,40 - 45  MPH,"Double Yellow Line, No Passing Zone",Clear,No,28,25-29,No,NA,With Traffic,C: Possible Injury,Travel Lane,White,Male,51,50-59,No,NA,16-20 mph,O: No Injury,Black,Male,Sport Utility,No,16APR2012,Monday,Motorist Right Turn / Merge,16,Intersection,April,C: Possible Injury,16:28:00,Motorist Right Turn - Same Direction,2012,No,No,Daylight,Straight - Level,State Secondary Route,Dry,"Two-Way, Not Divided",None,T-Intersection,Coarse Asphalt,2 lanes,"34.7275068951, -77.3210021559"
1885,Carrboro,Orange,Piedmont,Commercial,Urban (>70% Developed),NA,Urban,20 - 25  MPH,Stop And Go Signal,Rain,No,24,20-24,No,NA,Facing Traffic,B: Evident Injury,Travel Lane,White,Female,26,25-29,No,NA,0-5 mph,O: No Injury,White,Male,Sport Utility,No,20MAR2012,Tuesday,Crossing Paths - Other Circumstances,22,Intersection,March,B: Evident Injury,22:44:00,Signalized Intersection - Other / Unknown,2012,Yes,No,Dark - Lighted Roadway,Straight - Level,Local Street,Wet,"Two-Way, Not Divided",None,Related To Intersection,Coarse Asphalt,2 lanes,"35.9107670925, -79.0691027466"
1935,Cary,Wake,Piedmont,Residential,Urban (>70% Developed),NA,Urban,20 - 25  MPH,No Control Present,Clear,No,13,11-15,No,NA,Facing Traffic,C: Possible Injury,Travel Lane,White,Male,NA,NA,Missing,NA,NA,Unknown Injury,Unknown/Missing,NA,NA,No,04APR2012,Wednesday,Motorist Overtaking Bicyclist,16,Non-Intersection,April,C: Possible Injury,16:25:00,Motorist Overtaking - Bicyclist Swerved,2012,No,Yes,Daylight,Straight - Level,Local Street,Dry,"Two-Way, Not Divided",None,No Special Feature,Smooth Asphalt,2 lanes,"35.7736570715, -78.8423026704"
1890,Southern Pines,Moore,Piedmont,Residential,Mixed (30% To 70% Developed),NA,Urban,30 - 35  MPH,No Control Present,Rain,No,17,16-19,No,NA,With Traffic,B: Evident Injury,Travel Lane,White,Male,26,25-29,No,NA,6-10 mph,O: No Injury,Black,Male,Passenger Car,No,17MAR2012,Saturday,Bicyclist Overtaking Motorist,17,Intersection,March,B: Evident Injury,17:17:00,Bicyclist Overtaking - Passing on Right,2012,No,No,Daylight,Straight - Grade,State Secondary Route,Wet,"Two-Way, Not Divided",None,Four-Way Intersection,Coarse Asphalt,3 lanes,"35.182456924, -79.399902807"
1911,Havelock,Craven,Coastal,Commercial,Urban (>70% Developed),NA,Urban,30 - 35  MPH,No Control Present,Clear,No,16,16-19,No,NA,With Traffic,B: Evident Injury,Travel Lane,White,Male,NA,NA,No,NA,31-35 mph,Unknown Injury,Unknown/Missing,NA,NA,No,28MAR2012,Wednesday,Motorist Overtaking Bicyclist,23,Non-Intersection,March,B: Evident Injury,23:34:00,Motorist Overtaking - Other / Unknown,2012,No,Yes,Daylight,Curve - Grade,Local Street,Dry,"Two-Way, Not Divided",None,Bridge Approach,Coarse Asphalt,2 lanes,"34.8855169433, -76.9236020425"
1924,Durham,Durham,Piedmont,Commercial,Urban (>70% Developed),NA,Urban,20 - 25  MPH,Stop And Go Signal,Clear,No,57,50-59,No,NA,With Traffic,B: Evident Injury,Travel Lane,Black,Male,61,60-69,No,NA,0-5 mph,O: No Injury,White,Female,Sport Utility,No,16APR2012,Monday,Crossing Paths - Other Circumstances,14,Intersection,April,B: Evident Injury,14:58:00,Signalized Intersection - Other / Unknown,2012,Yes,No,Daylight,Straight - Level,Local Street,Dry,"Two-Way, Not Divided",None,No Special Feature,Smooth Asphalt,4 lanes,"36.0023271172, -78.9129027036"
1904,Raleigh,Wake,Piedmont,Residential,Urban (>70% Developed),NA,Urban,30 - 35  MPH,Stop Sign,Clear,No,47,40-49,No,NA,With Traffic,C: Possible Injury,Travel Lane,Black,Male,21,20-24,No,NA,6-10 mph,O: No Injury,Black,Female,Passenger Car,No,21MAR2012,Wednesday,Motorist Left Turn / Merge,22,Intersection,March,C: Possible Injury,22:07:00,Motorist Left Turn - Opposite Direction,2012,No,No,Dark - Roadway Not Lighted,Straight - Level,Local Street,Dry,"Two-Way, Not Divided",None,T-Intersection,Smooth Asphalt,2 lanes,"35.7777570796, -78.6236026039"
2295,None - Rural Crash,Rockingham,Piedmont,Residential,Rural (<30% Developed),NA,Rural,40 - 45  MPH,"Double Yellow Line, No Passing Zone",Clear,No,17,16-19,No,NA,With Traffic,C: Possible Injury,Travel Lane,White,Male,NA,NA,No,NA,41-45 mph,Unknown Injury,Unknown/Missing,NA,Passenger Car,No,08AUG2012,Wednesday,Bicyclist Left Turn / Merge,6,Non-Intersection,August,C: Possible Injury,06:38:00,Bicyclist Left Turn - Same Direction,2012,No,Yes,Daylight,Straight - Level,State Secondary Route,Dry,"Two-Way, Not Divided",None,No Special Feature,Smooth Asphalt,2 lanes,"36.4964371891, -79.7929029981"
2297,Greenville,Pitt,Coastal,Commercial,Urban (>70% Developed),NA,Urban,5 - 15 MPH,No Control Present,Cloudy,No,23,20-24,No,NA,Facing Traffic,C: Possible Injury,Sidewalk / Crosswalk / Driveway Crossing,White,Male,27,25-29,No,NA,0-5 mph,O: No Injury,White,Male,Passenger Car,No,10AUG2012,Friday,Motorist Failed to Yield - Midblock,16,Non-Intersection,August,C: Possible Injury,16:04:00,Motorist Drive Out - Commercial Driveway / Alley,2012,Yes,No,Daylight,Straight - Level,Public Vehicular Area,Dry,"Two-Way, Not Divided",None,"Driveway, Public",Smooth Asphalt,NA,"35.5912070827, -77.3787022158"
2322,Monroe,Union,Piedmont,Commercial,Mixed (30% To 70% Developed),NA,Urban,20 - 25  MPH,Stop Sign,Cloudy,No,20,20-24,No,NA,With Traffic,C: Possible Injury,Travel Lane,Hispanic,Male,56,50-59,No,NA,16-20 mph,O: No Injury,White,Male,Passenger Car,No,10AUG2012,Friday,Motorist Failed to Yield - Sign-Controlled Intersection,0,Intersection,August,C: Possible Injury,00:21:00,Motorist Drive Out - Sign-Controlled Intersection,2012,No,No,Dark - Unknown Lighting,Straight - Bottom,Local Street,Wet,"Two-Way, Not Divided",None,Four-Way Intersection,Smooth Asphalt,2 lanes,"34.9898968419, -80.5586031447"
2329,Nags Head,Dare,Coastal,Commercial,Urban (>70% Developed),NA,Rural,5 - 15 MPH,No Control Present,Clear,No,14,11-15,No,NA,Facing Traffic,C: Possible Injury,Multi-use Path,White,Male,61,60-69,No,NA,6-10 mph,O: No Injury,White,Male,Passenger Car,No,26JUL2012,Thursday,Motorist Failed to Yield - Midblock,21,Non-Intersection,July,C: Possible Injury,21:54:00,Motorist Drive Out - Commercial Driveway / Alley,2012,Yes,No,Dark - Roadway Not Lighted,Straight - Level,Public Vehicular Area,Dry,"Two-Way, Not Divided",None,"Driveway, Public",Smooth Asphalt,NA,"35.9776472238, -75.6355017003"
2288,Hendersonville,Henderson,Mountains,Residential,Urban (>70% Developed),NA,Urban,30 - 35  MPH,No Control Present,Clear,No,11,11-15,No,NA,With Traffic,B: Evident Injury,Travel Lane,Black,Male,NA,NA,Missing,NA,31-35 mph,Unknown Injury,Unknown/Missing,NA,NA,No,29JUL2012,Sunday,Loss of Control / Turning Error,17,Intersection,July,B: Evident Injury,17:03:00,Bicyclist Lost Control - Mechanical Problems,2012,Yes,Yes,Daylight,Straight - Grade,Local Street,Dry,"Two-Way, Not Divided",None,Related To Intersection,Coarse Asphalt,2 lanes,"35.3290368425, -82.4726037309"
2312,None - Rural Crash,Henderson,Mountains,"Farms, Woods, Pastures",Rural (<30% Developed),NA,Rural,40 - 45  MPH,"Double Yellow Line, No Passing Zone",Clear,No,52,50-59,No,NA,With Traffic,C: Possible Injury,Travel Lane,White,Male,55,50-59,No,NA,26-30 mph,O: No Injury,White,Male,Pickup,No,16AUG2012,Thursday,Motorist Overtaking Bicyclist,9,Non-Intersection,August,C: Possible Injury,09:29:00,Motorist Overtaking - Other / Unknown,2012,Yes,No,Daylight,Curve - Level,State Secondary Route,Dry,"Two-Way, Not Divided",None,No Special Feature,Smooth Asphalt,2 lanes,"35.4216468615, -82.499303744"
2311,None - Rural Crash,Mecklenburg,Piedmont,Residential,Mixed (30% To 70% Developed),NA,Rural,20 - 25  MPH,No Control Present,Clear,No,9,6-10,No,NA,Not Applicable,C: Possible Injury,Non-Roadway,Black,Male,22,20-24,No,NA,16-20 mph,O: No Injury,Black,Female,Passenger Car,No,15AUG2012,Wednesday,Bicyclist Failed to Yield - Midblock,17,Non-Intersection,August,C: Possible Injury,17:30:00,Bicyclist Ride Out - Other Midblock,2012,Yes,No,Daylight,Straight - Level,Local Street,Dry,"Two-Way, Not Divided",None,No Special Feature,Smooth Asphalt,2 lanes,"35.2931368974, -80.8033032333"
2324,Durham,Durham,Piedmont,Residential,Urban (>70% Developed),NA,Urban,NA,Stop Sign,Clear,No,49,40-49,No,NA,With Traffic,C: Possible Injury,Travel Lane,Black,Male,NA,NA,Missing,NA,NA,Unknown Injury,Unknown/Missing,NA,Passenger Car,No,19AUG2012,Sunday,Loss of Control / Turning Error,22,Intersection,August,C: Possible Injury,22:00:00,Motorist Turning Error - Left Turn,2012,No,Yes,Dark - Lighted Roadway,Straight - Level,Local Street,Dry,"Two-Way, Not Divided",None,No Special Feature,Smooth Asphalt,4 lanes,"35.9943371166, -78.8758026921"
2310,Winston-Salem,Forsyth,Piedmont,Residential,Mixed (30% To 70% Developed),NA,Urban,40 - 45  MPH,Stop And Go Signal,Clear,No,56,50-59,No,NA,With Traffic,B: Evident Injury,Travel Lane,White,Male,64,60-69,No,NA,11-15 mph,O: No Injury,Black,Male,Sport Utility,No,28JUL2012,Saturday,Motorist Left Turn / Merge,7,Intersection,July,B: Evident Injury,07:20:00,Motorist Left Turn - Opposite Direction,2012,Yes,No,Daylight,Straight - Level,Local Street,Dry,"Two-Way, Divided, Unprotected Median",None,T-Intersection,Smooth Asphalt,2 lanes,"36.1231070914, -80.3314031388"
2300,None - Rural Crash,Onslow,Coastal,Commercial,Urban (>70% Developed),NA,Rural,40 - 45  MPH,Stop Sign,Clear,No,46,40-49,No,NA,Not Applicable,K: Killed,Non-Roadway,White,Male,39,30-39,No,NA,31-35 mph,O: No Injury,White,Female,Pickup,No,09AUG2012,Thursday,Bicyclist Failed to Yield - Midblock,18,Non-Intersection,August,K: Killed,18:29:00,Bicyclist Ride Out - Commercial Driveway / Alley,2012,Yes,No,Daylight,Straight - Level,State Secondary Route,Dry,"Two-Way, Not Divided",None,"Driveway, Public",Smooth Asphalt,3 lanes,"34.7183168931, -77.320302155"
2279,Durham,Durham,Piedmont,Residential,Urban (>70% Developed),NA,Urban,20 - 25  MPH,Stop Sign,Clear,No,7,6-10,No,NA,With Traffic,C: Possible Injury,Travel Lane,Black,Male,25,25-29,No,NA,16-20 mph,O: No Injury,Asian,Female,Passenger Car,No,05AUG2012,Sunday,Bicyclist Failed to Yield - Sign-Controlled Intersection,19,Intersection,August,C: Possible Injury,19:30:00,Bicyclist Ride Through - Sign-Controlled Intersection,2012,Yes,No,Daylight,Straight - Level,Local Street,Dry,"Two-Way, Divided, Unprotected Median",None,No Special Feature,Coarse Asphalt,4 lanes,"35.9625371071, -78.9654027179"