object_id,city,county,region,development,locality,on_road,rural_urban,speed_limit,traffic_control,weather,workzone,bike_age,bike_age_group,bike_alcohol,bike_alcohol_drugs,bike_direction,bike_injury,bike_position,bike_race,bike_sex,driver_age,driver_age_group,driver_alcohol,driver_alcohol_drugs,driver_est_speed,driver_injury,driver_race,driver_sex,driver_vehicle_type,crash_alcohol,crash_date,crash_day,crash_group,crash_hour,crash_location,crash_month,crash_severity,crash_time,crash_type,crash_year,ambulance_req,hit_run,light_condition,road_character,road_class,road_condition,road_configuration,road_defects,road_feature,road_surface,num_lanes,geo_point
2283,Rocky Mount,Nash,Coastal,Commercial,Urban (>70% Developed),NA,Urban,30 - 35  MPH,Stop And Go Signal,Clear,No,48,40-49,No,NA,With Traffic,C: Possible Injury,Travel Lane,Black,Female,61,60-69,No,NA,6-10 mph,O: No Injury,White,Female,Passenger Car,No,24JUL2012,Tuesday,Crossing Paths - Other Circumstances,10,Intersection,July,C: Possible Injury,10:09:00,Signalized Intersection - Other / Unknown,2012,Yes,No,Daylight,Straight - Level,Local Street,Dry,"Two-Way, Divided, Unprotected Median",None,No Special Feature,Coarse Asphalt,9 or more lanes,"35.9459571442, -77.8007023631"
2249,Charlotte,Mecklenburg,Piedmont,Commercial,Urban (>70% Developed),NA,Urban,40 - 45  MPH,No Control Present,Clear,No,15,11-15,No,NA,NA,C: Possible Injury,NA,Unknown/Missing,Male,NA,NA,Missing,NA,41-45 mph,Unknown Injury,Unknown/Missing,NA,Pickup,No,19JUL2012,Thursday,Bicyclist Failed to Yield - Midblock,14,Non-Intersection,July,C: Possible Injury,14:34:00,Bicyclist Ride Out - Other Midblock,2012,No,Yes,Daylight,Straight - Level,Local Street,Dry,"Two-Way, Not Divided",None,No Special Feature,Smooth Asphalt,4 lanes,"35.2279668867, -80.7268032078"
2252,Charlotte,Mecklenburg,Piedmont,Commercial,Urban (>70% Developed),NA,Urban,30 - 35  MPH,Stop And Go Signal,Clear,No,40,40-49,No,NA,Facing Traffic,C: Possible Injury,Travel Lane,White,Male,39,30-39,No,NA,0-5 mph,O: No Injury,White,Female,Sport Utility,No,23MAY2012,Wednesday,Motorist Failed to Yield - Signalized Intersection,17,Intersection,May,C: Possible Injury,17:22:00,Motorist Drive Out - Signalized Intersection,2012,Yes,No,Daylight,Straight - Grade,Local Street,Dry,"Two-Way, Not Divided",None,Four-Way Intersection,Smooth Asphalt,2 lanes,"35.2211868821, -80.8184032342"
2282,Rocky Mount,Nash,Coastal,Commercial,Urban (>70% Developed),NA,Urban,30 - 35  MPH,Stop And Go Signal,Clear,No,31,30-39,No,NA,Facing Traffic,B: Evident Injury,Travel Lane,Black,Male,NA,NA,Missing,NA,31-35 mph,Unknown Injury,Unknown/Missing,NA,NA,No,02JUL2012,Monday,Crossing Paths - Other Circumstances,8,Intersection,July,B: Evident Injury,08:16:00,Signalized Intersection - Other / Unknown,2012,Yes,Yes,Daylight,Straight - Level,Local Street,Dry,"Two-Way, Not Divided",None,Four-Way Intersection,Coarse Asphalt,4 lanes,"35.9330071415, -77.8106023655"
2243,Weddington,Union,Piedmont,Residential,Mixed (30% To 70% Developed),NA,Urban,40 - 45  MPH,No Control Present,Clear,Yes,46,40-49,No,NA,With Traffic,B: Evident Injury,Travel Lane,Black,Male,23,20-24,No,NA,16-20 mph,O: No Injury,White,Male,Passenger Car,No,24JUL2012,Tuesday,Motorist Overtaking Bicyclist,20,Non-Intersection,July,B: Evident Injury,20:09:00,Motorist Overtaking - Other / Unknown,2012,Yes,No,Daylight,Straight - Level,State Secondary Route,Dry,"Two-Way, Not Divided",None,No Special Feature,Smooth Asphalt,2 lanes,"35.000746838, -80.7187031927"
2281,Garner,Wake,Piedmont,Residential,Urban (>70% Developed),NA,Urban,30 - 35  MPH,No Control Present,Cloudy,No,40,40-49,No,NA,With Traffic,C: Possible Injury,Travel Lane,White,Male,55,50-59,No,NA,6-10 mph,O: No Injury,White,Female,Passenger Car,No,01MAY2012,Tuesday,Motorist Right Turn / Merge,8,Non-Intersection,May,C: Possible Injury,08:52:00,Motorist Right Turn - Same Direction,2012,Yes,No,Daylight,Straight - Level,Local Street,Dry,"Two-Way, Not Divided",None,No Special Feature,Smooth Asphalt,2 lanes,"35.716757067, -78.623802601"
2284,Kitty Hawk,Dare,Coastal,Commercial,Urban (>70% Developed),NA,Rural,5 - 15 MPH,Stop And Go Signal,Clear,No,22,20-24,No,NA,Facing Traffic,B: Evident Injury,Travel Lane,White,Female,69,60-69,No,NA,11-15 mph,O: No Injury,White,Male,Pickup,No,06JUL2012,Friday,Head-On,22,Intersection-Related,July,B: Evident Injury,22:03:00,Head-On - Bicyclist,2012,No,No,Dark - Roadway Not Lighted,Straight - Level,Public Vehicular Area,Dry,"Two-Way, Divided, Unprotected Median",None,"Driveway, Public",Coarse Asphalt,NA,"36.0987172472, -75.7202017327"
2251,Chapel Hill,Orange,Piedmont,Residential,Urban (>70% Developed),NA,Urban,20 - 25  MPH,No Control Present,Clear,No,22,20-24,No,NA,With Traffic,B: Evident Injury,Travel Lane,White,Male,16,0-19,No,NA,21-25 mph,O: No Injury,White,Male,Pickup,No,17JUL2012,Tuesday,Motorist Left Turn / Merge,17,Intersection,July,B: Evident Injury,17:24:00,Motorist Left Turn - Opposite Direction,2012,No,No,Daylight,Straight - Level,Local Street,Dry,"Two-Way, Not Divided",None,T-Intersection,Coarse Asphalt,2 lanes,"35.9088470921, -79.0593027428"
2247,Greenville,Pitt,Coastal,Residential,Urban (>70% Developed),NA,Urban,5 - 15 MPH,No Control Present,Rain,No,7,6-10,No,NA,Not Applicable,C: Possible Injury,Non-Roadway,Black,Female,NA,NA,Missing,NA,0-5 mph,Unknown Injury,Unknown/Missing,NA,Passenger Car,No,20JUL2012,Friday,Non-Roadway,20,Non-Roadway,July,C: Possible Injury,20:49:00,Non-Roadway,2012,Yes,Yes,Dusk,Curve - Level,Public Vehicular Area,Wet,"Two-Way, Not Divided",None,No Special Feature,Coarse Asphalt,NA,"35.5551770738, -77.4144022256"
2349,None - Rural Crash,Buncombe,Mountains,Commercial,Urban (>70% Developed),NA,Rural,30 - 35  MPH,No Control Present,Cloudy,No,51,50-59,Yes,NA,With Traffic,C: Possible Injury,Travel Lane,White,Male,NA,NA,Missing,NA,NA,Unknown Injury,Unknown/Missing,NA,NA,Yes,07AUG2012,Tuesday,Motorist Overtaking Bicyclist,17,Non-Intersection,August,C: Possible Injury,17:28:00,Motorist Overtaking - Other / Unknown,2012,Yes,Yes,Daylight,Straight - Grade,Local Street,Dry,"Two-Way, Divided, Unprotected Median",None,No Special Feature,Smooth Asphalt,2 lanes,"35.5868968938, -82.5641037727"
2341,Greensboro,Guilford,Piedmont,Institutional,Urban (>70% Developed),NA,Urban,20 - 25  MPH,Stop And Go Signal,Clear,No,25,25-29,No,NA,With Traffic,C: Possible Injury,Bike Lane / Paved Shoulder,White,Male,20,20-24,No,NA,0-5 mph,O: No Injury,White,Female,Passenger Car,No,23AUG2012,Thursday,Motorist Right Turn / Merge,17,Intersection,August,C: Possible Injury,17:00:00,Motorist Right Turn - Same Direction,2012,Yes,No,Daylight,Straight - Level,Local Street,Dry,"Two-Way, Divided, Positive Median Barrier",None,T-Intersection,Smooth Asphalt,2 lanes,"36.0662370988, -79.8074029779"
2365,Greensboro,Guilford,Piedmont,Residential,Urban (>70% Developed),NA,Urban,30 - 35  MPH,No Control Present,Clear,No,41,40-49,No,NA,With Traffic,C: Possible Injury,Travel Lane,White,Male,NA,NA,No,NA,16-20 mph,Unknown Injury,Unknown/Missing,NA,School Bus,No,24APR2012,Tuesday,Motorist Overtaking Bicyclist,16,Intersection-Related,April,C: Possible Injury,16:46:00,Motorist Overtaking - Misjudged Space,2012,Yes,No,Daylight,Straight - Level,Local Street,Dry,"Two-Way, Not Divided",None,No Special Feature,Smooth Asphalt,2 lanes,"36.1251871126, -79.7601029662"
2357,Greensboro,Guilford,Piedmont,Residential,Urban (>70% Developed),NA,Urban,30 - 35  MPH,Stop Sign,Cloudy,No,52,50-59,No,NA,With Traffic,B: Evident Injury,Travel Lane,White,Female,32,30-39,No,NA,31-35 mph,O: No Injury,White,Female,Passenger Car,No,26AUG2012,Sunday,Bicyclist Failed to Yield - Sign-Controlled Intersection,14,Intersection,August,B: Evident Injury,14:55:00,Bicyclist Ride Through - Sign-Controlled Intersection,2012,Yes,No,Daylight,Straight - Grade,Local Street,Dry,"Two-Way, Not Divided",None,T-Intersection,Smooth Asphalt,2 lanes,"36.0741170988, -79.8316029856"
2355,Charlotte,Mecklenburg,Piedmont,Commercial,Urban (>70% Developed),NA,Urban,20 - 25  MPH,Stop And Go Signal,Cloudy,No,32,30-39,No,NA,Facing Traffic,O: No Injury,Travel Lane,White,Male,47,40-49,No,NA,21-25 mph,O: No Injury,White,Male,Passenger Car,No,28AUG2012,Tuesday,Bicyclist Failed to Yield - Signalized Intersection,15,Intersection,August,O: No Injury,15:45:00,Bicyclist Ride Through - Signalized Intersection,2012,No,No,Daylight,Straight - Level,Local Street,Dry,"One-Way, Not Divided",None,Four-Way Intersection,Smooth Asphalt,2 lanes,"35.2305068827, -80.8428032422"
2337,Cary,Wake,Piedmont,Residential,Urban (>70% Developed),NA,Urban,30 - 35  MPH,Stop Sign,Clear,No,61,60-69,No,NA,With Traffic,O: No Injury,Travel Lane,White,Male,70+,70+,No,NA,0-5 mph,O: No Injury,White,Female,Passenger Car,No,10AUG2012,Friday,Motorist Failed to Yield - Sign-Controlled Intersection,13,Intersection,August,O: No Injury,13:36:00,Motorist Drive Out - Sign-Controlled Intersection,2012,No,No,Daylight,Straight - Level,Local Street,Dry,"Two-Way, Not Divided",None,No Special Feature,Smooth Asphalt,2 lanes,"35.8280170803, -78.9153026957"
2362,Wendell,Wake,Piedmont,Residential,Urban (>70% Developed),NA,Urban,30 - 35  MPH,Stop Sign,Clear,No,27,25-29,No,NA,With Traffic,C: Possible Injury,Travel Lane,Black,Female,42,40-49,No,NA,0-5 mph,O: No Injury,Hispanic,Male,Sport Utility,No,29AUG2012,Wednesday,Backing Vehicle,11,Intersection-Related,August,C: Possible Injury,11:40:00,Backing Vehicle,2012,Yes,No,Daylight,Straight - Level,Local Street,Dry,"Two-Way, Not Divided",None,No Special Feature,Coarse Asphalt,2 lanes,"35.7701170875, -78.3644025249"
2358,Wilson,Wilson,Coastal,Residential,Urban (>70% Developed),NA,Urban,30 - 35  MPH,No Control Present,Clear,No,9,6-10,No,NA,NA,O: No Injury,Travel Lane,Black,Male,NA,NA,Missing,NA,NA,Unknown Injury,Unknown/Missing,NA,NA,No,20JUL2012,Friday,Backing Vehicle,17,Intersection-Related,July,O: No Injury,17:36:00,Backing Vehicle,2012,No,Yes,Daylight,Straight - Level,Local Street,Dry,"Two-Way, Not Divided",None,No Special Feature,Smooth Asphalt,2 lanes,"35.7187370924, -77.9016023813"
2350,Greensboro,Guilford,Piedmont,Residential,Urban (>70% Developed),NA,Urban,5 - 15 MPH,No Control Present,Clear,No,6,6-10,No,NA,Not Applicable,C: Possible Injury,Non-Roadway,Black,Male,16,0-19,No,NA,11-15 mph,O: No Injury,Black,Female,Passenger Car,No,07MAY2012,Monday,Non-Roadway,19,Non-Roadway,May,C: Possible Injury,19:02:00,Non-Roadway,2012,Yes,No,Daylight,Straight - Level,Public Vehicular Area,Dry,"Two-Way, Not Divided",None,No Special Feature,Smooth Asphalt,2 lanes,"36.0831171041, -79.7521029617"
2356,Winterville,Pitt,Coastal,Commercial,Urban (>70% Developed),NA,Urban,5 - 15 MPH,No Control Present,Cloudy,No,26,25-29,No,NA,Not Applicable,O: No Injury,Non-Roadway,Black,Male,70+,70+,No,NA,0-5 mph,O: No Injury,White,Female,Passenger Car,No,21AUG2012,Tuesday,Non-Roadway,14,Non-Roadway,August,O: No Injury,14:57:00,Non-Roadway,2012,Yes,No,Daylight,Straight - Level,Public Vehicular Area,Dry,"Two-Way, Not Divided",None,No Special Feature,Smooth Asphalt,NA,"35.561107075, -77.4079022238"
2381,Greensboro,Guilford,Piedmont,Residential,Urban (>70% Developed),NA,Urban,30 - 35  MPH,Stop And Go Signal,Clear,No,12,11-15,No,NA,Facing Traffic,B: Evident Injury,Travel Lane,Black,Female,20,20-24,No,NA,26-30 mph,O: No Injury,Hispanic,Male,Sport Utility,No,05SEP2012,Wednesday,Bicyclist Failed to Yield - Signalized Intersection,21,Intersection,September,B: Evident Injury,21:05:00,Bicyclist Ride Through - Signalized Intersection,2012,Yes,No,Dark - Lighted Roadway,Straight - Level,Local Street,Dry,"Two-Way, Divided, Unprotected Median",None,Four-Way Intersection,Smooth Asphalt,2 lanes,"36.0520670947, -79.8262029822"
2367,Burlington,Alamance,Piedmont,Residential,Urban (>70% Developed),NA,Urban,30 - 35  MPH,Stop Sign,Clear,No,14,11-15,No,NA,With Traffic,C: Possible Injury,Travel Lane,Black,Male,NA,NA,Missing,NA,6-10 mph,Unknown Injury,Unknown/Missing,NA,NA,No,29AUG2012,Wednesday,Bicyclist Failed to Yield - Sign-Controlled Intersection,17,Intersection,August,C: Possible Injury,17:30:00,Bicyclist Ride Out - Sign-Controlled Intersection,2012,No,Yes,Daylight,Straight - Level,Local Street,Dry,"Two-Way, Not Divided",None,No Special Feature,Concrete,2 lanes,"36.0715571129, -79.4497028697"
2369,Greensboro,Guilford,Piedmont,Commercial,Mixed (30% To 70% Developed),NA,Urban,30 - 35  MPH,No Control Present,Clear,No,21,20-24,No,NA,NA,C: Possible Injury,Travel Lane,White,Male,NA,NA,Missing,NA,31-35 mph,Unknown Injury,Unknown/Missing,NA,Passenger Car,No,07MAY2012,Monday,Crossing Paths - Other Circumstances,14,Non-Intersection,May,C: Possible Injury,14:44:00,Crossing Paths - Midblock - Other / Unknown,2012,Yes,Yes,Daylight,Straight - Level,Local Street,Dry,"Two-Way, Not Divided",None,No Special Feature,Smooth Asphalt,2 lanes,"36.0120370838, -79.8995030028"
2384,Greenville,Pitt,Coastal,Commercial,Urban (>70% Developed),NA,Urban,20 - 25  MPH,Stop And Go Signal,Clear,No,NA,NA,Missing,NA,Facing Traffic,Unknown Injury,Travel Lane,Unknown/Missing,NA,22,20-24,No,NA,0-5 mph,O: No Injury,White,Female,Sport Utility,No,23AUG2012,Thursday,Crossing Paths - Other Circumstances,16,Intersection,August,O: No Injury,16:52:00,Signalized Intersection - Other / Unknown,2012,No,No,Daylight,Straight - Level,Local Street,Dry,"Two-Way, Divided, Unprotected Median",None,Four-Way Intersection,Smooth Asphalt,2 lanes,"35.6157670874, -77.3752022164"
2379,Wilmington,New Hanover,Coastal,Residential,Urban (>70% Developed),NA,Urban,30 - 35  MPH,No Control Present,Clear,No,35,30-39,No,NA,With Traffic,B: Evident Injury,Travel Lane,White,Male,NA,NA,Missing,NA,NA,Unknown Injury,Unknown/Missing,NA,NA,No,27AUG2012,Monday,Bicyclist Left Turn / Merge,18,Intersection,August,B: Evident Injury,18:35:00,Bicyclist Left Turn - Opposite Direction,2012,Yes,Yes,Daylight,Straight - Level,Local Street,Dry,"Two-Way, Divided, Unprotected Median",None,T-Intersection,Coarse Asphalt,2 lanes,"34.2357167672, -77.9044023099"
2372,Chapel Hill,Orange,Piedmont,Commercial,Urban (>70% Developed),NA,Urban,20 - 25  MPH,Stop Sign,Cloudy,No,21,20-24,No,NA,With Traffic,B: Evident Injury,Travel Lane,White,Female,63,60-69,No,NA,NA,O: No Injury,White,Male,Passenger Car,No,28AUG2012,Tuesday,Bicyclist Overtaking Motorist,12,Intersection-Related,August,B: Evident Injury,12:41:00,Bicyclist Overtaking - Passing on Right,2012,Yes,No,Daylight,Straight - Level,Local Street,Dry,"Two-Way, Not Divided",None,No Special Feature,Coarse Asphalt,2 lanes,"35.9122170933, -79.0503027406"
2388,Rocky Mount,Nash,Coastal,Residential,Urban (>70% Developed),NA,Urban,30 - 35  MPH,No Control Present,Cloudy,No,7,6-10,No,NA,NA,B: Evident Injury,Travel Lane,Black,Female,19,0-19,No,NA,11-15 mph,O: No Injury,Black,Male,Passenger Car,No,06MAR2012,Tuesday,Bicyclist Failed to Yield - Midblock,18,Non-Intersection,March,B: Evident Injury,18:53:00,Bicyclist Ride Out - Midblock - Unknown,2012,Yes,No,Daylight,Curve - Level,Local Street,Dry,"Two-Way, Not Divided",None,No Special Feature,Coarse Asphalt,2 lanes,"35.9135771371, -77.8152023661"
2406,Winston-Salem,Forsyth,Piedmont,Residential,Urban (>70% Developed),NA,Urban,30 - 35  MPH,Stop Sign,Clear,No,9,6-10,No,NA,With Traffic,C: Possible Injury,Travel Lane,Hispanic,Male,31,30-39,No,NA,21-25 mph,O: No Injury,Black,Female,Passenger Car,No,25AUG2012,Saturday,Bicyclist Failed to Yield - Sign-Controlled Intersection,17,Intersection-Related,August,C: Possible Injury,17:56:00,Bicyclist Ride Through - Sign-Controlled Intersection,2012,Yes,No,Daylight,Straight - Level,Local Street,Dry,"Two-Way, Not Divided",None,Four-Way Intersection,Smooth Asphalt,2 lanes,"36.0658070833, -80.220003102"
2392,Rocky Mount,Edgecombe,Coastal,Residential,Urban (>70% Developed),NA,Urban,30 - 35  MPH,No Control Present,Clear,No,33,30-39,No,NA,Not Applicable,O: No Injury,Non-Roadway,Black,Female,20,20-24,No,NA,31-35 mph,O: No Injury,Black,Female,Passenger Car,No,17AUG2012,Friday,Bicyclist Failed to Yield - Sign-Controlled Intersection,17,Intersection,August,O: No Injury,17:47:00,Bicyclist Ride Through - Sign-Controlled Intersection,2012,No,No,Daylight,Straight - Level,Local Street,Dry,"Two-Way, Not Divided",None,Four-Way Intersection,Smooth Asphalt,2 lanes,"35.926807141, -77.7882023583"
2409,Durham,Durham,Piedmont,Residential,Urban (>70% Developed),NA,Urban,30 - 35  MPH,Yield Sign,Clear,No,51,50-59,No,NA,With Traffic,O: No Injury,Travel Lane,White,Female,70+,70+,No,NA,6-10 mph,O: No Injury,White,Female,Passenger Car,No,12SEP2012,Wednesday,Motorist Failed to Yield - Sign-Controlled Intersection,8,Intersection,September,O: No Injury,08:30:00,Motorist Drive Out - Sign-Controlled Intersection,2012,Yes,No,Daylight,Curve - Level,Local Street,Dry,"Two-Way, Divided, Unprotected Median",None,Traffic Circle/Roundabout,Smooth Asphalt,2 lanes,"35.9220670996, -78.9363027061"
2416,None - Rural Crash,Dare,Coastal,Residential,Urban (>70% Developed),NA,Rural,30 - 35  MPH,Stop And Go Signal,Clear,No,25,25-29,No,NA,Facing Traffic,O: No Injury,Multi-use Path,White,Male,20,20-24,No,NA,0-5 mph,O: No Injury,White,Male,Pickup,No,13SEP2012,Thursday,Motorist Failed to Yield - Signalized Intersection,14,Intersection-Related,September,O: No Injury,14:15:00,Motorist Drive Out - Signalized Intersection,2012,No,No,Daylight,Straight - Level,State Secondary Route,Dry,"Two-Way, Not Divided",None,T-Intersection,Coarse Asphalt,2 lanes,"35.9214872101, -75.6783017116"
2410,Greenville,Pitt,Coastal,Residential,Urban (>70% Developed),NA,Urban,40 - 45  MPH,No Control Present,Clear,No,19,16-19,No,NA,With Traffic,B: Evident Injury,Travel Lane,White,Male,34,30-39,No,NA,36-40 mph,O: No Injury,White,Female,Sport Utility,No,11SEP2012,Tuesday,Motorist Overtaking Bicyclist,14,Intersection-Related,September,B: Evident Injury,14:09:00,Motorist Overtaking - Bicyclist Swerved,2012,Yes,No,Daylight,Straight - Level,State Secondary Route,Dry,"Two-Way, Not Divided",None,No Special Feature,Coarse Asphalt,5 lanes,"35.5936970826, -77.3776022155"
2395,Laurinburg,Scotland,Coastal,Residential,Urban (>70% Developed),NA,Urban,30 - 35  MPH,No Control Present,Clear,No,5,0-5,No,NA,With Traffic,Unknown Injury,Travel Lane,Unknown/Missing,Male,59,50-59,No,NA,41-45 mph,C: Possible Injury,Black,Female,Passenger Car,No,25AUG2012,Saturday,Motorist Overtaking Bicyclist,18,Intersection-Related,August,C: Possible Injury,18:17:00,Motorist Overtaking - Other / Unknown,2012,No,No,Daylight,Straight - Level,Local Street,Dry,"Two-Way, Not Divided",None,No Special Feature,Coarse Asphalt,2 lanes,"34.7671068323, -79.4624028046"
2407,Durham,Durham,Piedmont,Commercial,Urban (>70% Developed),NA,Urban,30 - 35  MPH,Stop And Go Signal,Clear,No,25,25-29,No,NA,Facing Traffic,C: Possible Injury,Travel Lane,White,Female,27,25-29,No,NA,31-35 mph,O: No Injury,Asian,Female,Passenger Car,No,10SEP2012,Monday,Crossing Paths - Other Circumstances,7,Intersection,September,C: Possible Injury,07:02:00,Signalized Intersection - Other / Unknown,2012,Yes,No,Daylight,Straight - Level,Local Street,Dry,"Two-Way, Not Divided",None,Four-Way Intersection,Smooth Asphalt,4 lanes,"36.0032071162, -78.9513027152"
2403,Kannapolis,Rowan,Piedmont,Commercial,Urban (>70% Developed),NA,Urban,30 - 35  MPH,No Control Present,Clear,No,64,60-69,No,NA,With Traffic,C: Possible Injury,Travel Lane,White,Male,44,40-49,No,NA,16-20 mph,O: No Injury,White,Male,Sport Utility,No,29AUG2012,Wednesday,Parallel Paths - Other Circumstances,18,Intersection-Related,August,C: Possible Injury,18:26:00,Parallel Paths - Other / Unknown,2012,No,No,Daylight,Straight - Level,Local Street,Dry,"Two-Way, Not Divided",None,No Special Feature,Smooth Asphalt,2 lanes,"35.5060569502, -80.6080031871"
4012,Havelock,Craven,Coastal,Residential,Urban (>70% Developed),NA,Urban,20 - 25  MPH,No Control Present,Clear,No,11,11-15,Yes,NA,With Traffic,B: Evident Injury,Travel Lane,White,Male,55,50-59,No,NA,21-25 mph,O: No Injury,White,Female,Van,Yes,05MAY2010,Wednesday,Bicyclist Failed to Yield - Sign-Controlled Intersection,7,Intersection,May,B: Evident Injury,07:12:00,Bicyclist Ride Out - Sign-Controlled Intersection,2010,No,No,Daylight,Straight - Level,Local Street,Dry,"Two-Way, Not Divided",None,No Special Feature,Smooth Asphalt,2 lanes,"34.8982669461, -76.9214220424"
4015,None - Rural Crash,Onslow,Coastal,Residential,Mixed (30% To 70% Developed),NA,Rural,50 - 55  MPH,No Control Present,Clear,No,70+,70+,No,NA,With Traffic,B: Evident Injury,Travel Lane,White,Male,57,50-59,No,NA,16-20 mph,O: No Injury,White,Male,Pickup,No,19JUN2010,Saturday,Bicyclist Overtaking Motorist,10,Non-Intersection,June,B: Evident Injury,10:02:00,Bicyclist Overtaking - Other / Unknown,2010,Yes,Yes,Daylight,Straight - Level,State Secondary Route,Dry,"Two-Way, Not Divided",None,No Special Feature,Coarse Asphalt,2 lanes,"34.8099869169, -77.235252134"
4022,Charlotte,Mecklenburg,Piedmont,Residential,Urban (>70% Developed),NA,Urban,NA,No Control Present,Clear,No,43,40-49,No,NA,With Traffic,B: Evident Injury,Travel Lane,White,Female,NA,NA,Missing,NA,NA,Unknown Injury,Unknown/Missing,NA,Passenger Car,No,03JUN2010,Thursday,Bicyclist Overtaking Motorist,16,Non-Intersection,June,B: Evident Injury,16:58:00,Bicyclist Overtaking - Parked Vehicle,2010,Yes,No,Daylight,Straight - Level,Local Street,Dry,"One-Way, Not Divided",None,No Special Feature,Smooth Asphalt,1 lane,"35.1217168554, -80.9706072738"
4025,Fayetteville,Cumberland,Coastal,Commercial,Urban (>70% Developed),NA,Urban,20 - 25  MPH,No Control Present,Clear,No,22,20-24,No,NA,Facing Traffic,C: Possible Injury,Sidewalk / Crosswalk / Driveway Crossing,Black,Male,25,25-29,No,NA,0-5 mph,O: No Injury,White,Female,Sport Utility,No,21JUN2010,Monday,Motorist Failed to Yield - Midblock,16,Non-Intersection,June,C: Possible Injury,16:58:00,Motorist Drive Out - Midblock - Unknown,2010,Yes,No,Daylight,Straight - Level,Public Vehicular Area,Dry,"Two-Way, Not Divided",None,"Driveway, Public",Smooth Asphalt,NA,"35.0669369147, -78.9488026651"
4027,None - Rural Crash,Granville,Piedmont,Residential,Mixed (30% To 70% Developed),NA,Rural,40 - 45  MPH,"Double Yellow Line, No Passing Zone",Clear,No,49,40-49,No,NA,With Traffic,C: Possible Injury,Travel Lane,Black,Male,17,0-19,No,NA,41-45 mph,O: No Injury,Black,Male,Sport Utility,No,20JUN2010,Sunday,Motorist Overtaking Bicyclist,14,Non-Intersection,June,C: Possible Injury,14:27:00,Motorist Overtaking - Other / Unknown,2010,Yes,No,Daylight,Curve - Level,State Secondary Route,Dry,"Two-Way, Not Divided",None,No Special Feature,Coarse Asphalt,2 lanes,"36.3110651955, -78.5527426116"
4028,Durham,Durham,Piedmont,Commercial,Urban (>70% Developed),NA,Urban,40 - 45  MPH,No Control Present,Clear,No,51,50-59,No,NA,With Traffic,C: Possible Injury,Bike Lane / Paved Shoulder,White,Female,27,25-29,No,NA,0-5 mph,O: No Injury,Black,Male,Sport Utility,No,21JUN2010,Monday,Motorist Left Turn / Merge,18,Intersection,June,C: Possible Injury,18:38:00,Motorist Left Turn - Opposite Direction,2010,Yes,No,Daylight,Straight - Level,Local Street,Dry,"Two-Way, Not Divided",None,No Special Feature,Smooth Asphalt,3 lanes,"35.911640097, -78.9433927086"
4032,Fayetteville,Cumberland,Coastal,Residential,Urban (>70% Developed),NA,Urban,40 - 45  MPH,No Control Present,Clear,No,21,20-24,No,NA,Facing Traffic,B: Evident Injury,Travel Lane,Black,Male,33,30-39,No,NA,41-45 mph,O: No Injury,Black,Female,Passenger Car,No,23JUN2010,Wednesday,Head-On,16,Non-Intersection,June,B: Evident Injury,16:20:00,Head-On - Bicyclist,2010,Yes,No,Daylight,Straight - Level,Local Street,Dry,"Two-Way, Not Divided",None,No Special Feature,Coarse Asphalt,4 lanes,"35.0849529215, -78.8830976466"
4050,Midway,Davidson,Piedmont,"Farms, Woods, Pastures",Rural (<30% Developed),NA,Rural,40 - 45  MPH,Stop Sign,Clear,No,41,40-49,No,NA,With Traffic,C: Possible Injury,Travel Lane,White,Male,66,60-69,No,NA,11-15 mph,O: No Injury,White,Female,Passenger Car,No,28JUN2010,Monday,Motorist Failed to Yield - Sign-Controlled Intersection,13,Intersection,June,C: Possible Injury,13:47:00,Motorist Drive Out - Sign-Controlled Intersection,2010,No,No,Daylight,Straight - Level,State Secondary Route,Dry,"Two-Way, Not Divided",None,T-Intersection,Smooth Asphalt,2 lanes,"35.9756120627, -80.2488431056"
4058,None - Rural Crash,Brunswick,Coastal,"Farms, Woods, Pastures",Rural (<30% Developed),NA,Rural,50 - 55  MPH,No Control Present,Cloudy,No,14,11-15,No,NA,With Traffic,B: Evident Injury,Bike Lane / Paved Shoulder,White,Male,27,25-29,No,NA,46-50 mph,O: No Injury,White,Male,Police,No,30JUN2010,Wednesday,Motorist Overtaking Bicyclist,21,Non-Intersection,June,B: Evident Injury,21:09:00,Motorist Overtaking - Bicyclist Swerved,2010,Yes,No,Dark - Roadway Not Lighted,Straight - Level,State Secondary Route,Wet,"Two-Way, Not Divided",None,"Driveway, Private",Smooth Asphalt,2 lanes,"34.0903537278, -78.1283523705"
4060,Emerald Isle,Carteret,Coastal,Commercial,Urban (>70% Developed),NA,Rural,20 - 25  MPH,No Control Present,Clear,No,44,40-49,No,NA,Facing Traffic,B: Evident Injury,Travel Lane,White,Female,25,25-29,No,NA,41-45 mph,O: No Injury,White,Male,Passenger Car,No,18JUN2010,Friday,Motorist Left Turn / Merge,9,Intersection,June,B: Evident Injury,09:40:00,Motorist Left Turn - Opposite Direction,2010,Yes,No,Daylight,Straight - Level,NC Route,Dry,"Two-Way, Not Divided",None,Four-Way Intersection,Coarse Asphalt,9 or more lanes,"34.6611168895, -77.0526520711"