object_id,city,county,region,development,locality,on_road,rural_urban,speed_limit,traffic_control,weather,workzone,bike_age,bike_age_group,bike_alcohol,bike_alcohol_drugs,bike_direction,bike_injury,bike_position,bike_race,bike_sex,driver_age,driver_age_group,driver_alcohol,driver_alcohol_drugs,driver_est_speed,driver_injury,driver_race,driver_sex,driver_vehicle_type,crash_alcohol,crash_date,crash_day,crash_group,crash_hour,crash_location,crash_month,crash_severity,crash_time,crash_type,crash_year,ambulance_req,hit_run,light_condition,road_character,road_class,road_condition,road_configuration,road_defects,road_feature,road_surface,num_lanes,geo_point
4064,None - Rural Crash,Dare,Coastal,"Farms, Woods, Pastures",Rural (<30% Developed),NA,Rural,50 - 55  MPH,No Control Present,Clear,No,45,40-49,No,NA,With Traffic,B: Evident Injury,Travel Lane,White,Male,49,40-49,Yes,NA,41-45 mph,O: No Injury,White,Male,Sport Utility,Yes,01JUL2010,Thursday,Motorist Right Turn / Merge,16,Non-Intersection,July,B: Evident Injury,16:10:00,Motorist Right Turn - Same Direction,2010,Yes,No,Daylight,Straight - Level,NC Route,Dry,"Two-Way, Not Divided",None,No Special Feature,Smooth Asphalt,2 lanes,"35.1690970411, -75.8157017177"
4082,Winston-Salem,Forsyth,Piedmont,Commercial,Urban (>70% Developed),NA,Urban,30 - 35  MPH,Stop And Go Signal,Clear,No,41,40-49,No,NA,With Traffic,A: Disabling Injury,Travel Lane,White,Male,41,40-49,No,NA,6-10 mph,O: No Injury,White,Female,Passenger Car,No,20JUN2010,Sunday,Motorist Left Turn / Merge,19,Intersection,June,A: Disabling Injury,19:19:00,Motorist Left Turn - Opposite Direction,2010,Yes,No,Daylight,Straight - Grade,Local Street,Dry,"Two-Way, Not Divided",None,Four-Way Intersection,Coarse Asphalt,2 lanes,"36.0935370834, -80.3762931508"
4084,Smithfield,Johnston,Coastal,Commercial,Urban (>70% Developed),NA,Urban,NA,No Control Present,Clear,No,33,30-39,No,NA,Facing Traffic,B: Evident Injury,Sidewalk / Crosswalk / Driveway Crossing,White,Male,46,40-49,No,NA,NA,O: No Injury,White,Male,Passenger Car,No,25JUN2010,Friday,Motorist Failed to Yield - Midblock,16,Non-Intersection,June,B: Evident Injury,16:44:00,Motorist Drive Out - Midblock - Unknown,2010,Yes,No,Daylight,Straight - Level,Public Vehicular Area,Dry,"One-Way, Not Divided",None,No Special Feature,Coarse Asphalt,NA,"35.5185810347, -78.3168284972"
4085,Charlotte,Mecklenburg,Piedmont,Commercial,Urban (>70% Developed),NA,Urban,30 - 35  MPH,No Control Present,Clear,No,17,16-19,No,NA,Not Applicable,C: Possible Injury,Travel Lane,Black,Male,70+,70+,No,NA,26-30 mph,O: No Injury,Black,Male,Van,No,25JUN2010,Friday,Bicyclist Failed to Yield - Midblock,11,Non-Intersection,June,C: Possible Injury,11:38:00,Bicyclist Ride Out - Commercial Driveway / Alley,2010,No,No,Daylight,Straight - Level,Local Street,Dry,"Two-Way, Divided, Unprotected Median",None,No Special Feature,Coarse Asphalt,4 lanes,"35.2500948891, -80.7788232242"
4086,None - Rural Crash,Pitt,Coastal,"Farms, Woods, Pastures",Mixed (30% To 70% Developed),NA,Rural,50 - 55  MPH,"Double Yellow Line, No Passing Zone",Clear,No,44,40-49,No,NA,With Traffic,B: Evident Injury,Travel Lane,White,Male,70+,70+,No,NA,51-55 mph,O: No Injury,Black,Male,Pickup,No,08JUL2010,Thursday,Motorist Overtaking Bicyclist,12,Non-Intersection,July,B: Evident Injury,12:57:00,Motorist Overtaking - Misjudged Space,2010,Yes,No,Daylight,Straight - Level,NC Route,Dry,"Two-Way, Not Divided",None,No Special Feature,Smooth Asphalt,2 lanes,"35.5424970667, -77.5449522646"
4090,Concord,Cabarrus,Piedmont,Residential,Urban (>70% Developed),NA,Urban,30 - 35  MPH,Stop Sign,Clear,No,17,16-19,No,NA,With Traffic,B: Evident Injury,Travel Lane,White,Female,NA,NA,Missing,NA,31-35 mph,Unknown Injury,Unknown/Missing,NA,NA,No,29JUN2010,Tuesday,Bicyclist Left Turn / Merge,12,Non-Intersection,June,B: Evident Injury,12:53:00,Bicyclist Left Turn - Same Direction,2010,No,Yes,Daylight,Straight - Bottom,Local Street,Dry,"Two-Way, Not Divided",NA,T-Intersection,Coarse Asphalt,2 lanes,"35.3914099261, -80.5936531767"
4092,Asheville,Buncombe,Mountains,Commercial,Urban (>70% Developed),NA,Urban,40 - 45  MPH,"Double Yellow Line, No Passing Zone",Clear,No,60,60-69,No,NA,Facing Traffic,B: Evident Injury,Travel Lane,Black,Male,43,40-49,No,NA,0-5 mph,O: No Injury,White,Male,Sport Utility,No,01JUL2010,Thursday,Head-On,10,Non-Intersection,July,B: Evident Injury,10:33:00,Head-On - Bicyclist,2010,Yes,No,Daylight,Straight - Level,Local Street,Dry,"Two-Way, Not Divided",None,No Special Feature,Smooth Asphalt,5 lanes,"35.5888128943, -82.5506477685"
4097,Weddington,Union,Piedmont,Commercial,Urban (>70% Developed),NA,Urban,NA,Stop Sign,Clear,No,63,60-69,No,NA,Facing Traffic,B: Evident Injury,Sidewalk / Crosswalk / Driveway Crossing,White,Male,18,0-19,No,NA,0-5 mph,O: No Injury,White,Female,Passenger Car,No,14JUL2010,Wednesday,Motorist Failed to Yield - Sign-Controlled Intersection,16,Intersection,July,B: Evident Injury,16:19:00,Motorist Drive Out - Sign-Controlled Intersection,2010,Yes,No,Daylight,Straight - Hillcrest,Public Vehicular Area,Dry,"Two-Way, Not Divided",None,T-Intersection,Coarse Asphalt,1 lane,"35.0261488418, -80.7628532075"
4111,Wilmington,New Hanover,Coastal,Commercial,Urban (>70% Developed),NA,Urban,40 - 45  MPH,Stop And Go Signal,Clear,No,55,50-59,No,NA,With Traffic,B: Evident Injury,Travel Lane,White,Female,50,50-59,No,NA,31-35 mph,O: No Injury,White,Female,Van,No,08JUL2010,Thursday,Bicyclist Failed to Yield - Signalized Intersection,14,Intersection,July,B: Evident Injury,14:27:00,Bicyclist Ride Through - Signalized Intersection,2010,Yes,No,Daylight,Straight - Level,Local Street,Dry,"Two-Way, Divided, Positive Median Barrier",None,No Special Feature,Smooth Asphalt,9 or more lanes,"34.2387347711, -77.8283822861"
4113,Durham,Durham,Piedmont,Residential,Urban (>70% Developed),NA,Urban,5 - 15 MPH,No Control Present,Clear,No,10,6-10,No,NA,Not Applicable,Unknown Injury,Travel Lane,Unknown/Missing,Male,NA,NA,Missing,NA,6-10 mph,Unknown Injury,Unknown/Missing,NA,NA,No,03JUL2010,Saturday,Bicyclist Failed to Yield - Midblock,16,Non-Intersection,July,Unknown Injury,16:17:00,Bicyclist Ride Out - Other Midblock,2010,No,Yes,Daylight,Straight - Level,Local Street,Dry,"Two-Way, Divided, Unprotected Median",None,No Special Feature,Smooth Asphalt,2 lanes,"35.9368071035, -78.8996526962"
4123,Salisbury,Rowan,Piedmont,Residential,Urban (>70% Developed),NA,Urban,30 - 35  MPH,Stop Sign,Clear,No,50,50-59,Yes,NA,Facing Traffic,B: Evident Injury,Travel Lane,Black,Male,24,20-24,No,NA,0-5 mph,O: No Injury,White,Female,Passenger Car,Yes,22JUL2010,Thursday,Motorist Failed to Yield - Sign-Controlled Intersection,17,Intersection,July,B: Evident Injury,17:47:00,Motorist Drive Out - Sign-Controlled Intersection,2010,Yes,No,Daylight,Straight - Level,Local Street,Dry,"Two-Way, Not Divided",None,T-Intersection,Coarse Asphalt,2 lanes,"35.6468919856, -80.4582131499"
4124,Raleigh,Wake,Piedmont,Residential,Urban (>70% Developed),NA,Urban,40 - 45  MPH,No Control Present,Clear,No,21,20-24,No,NA,With Traffic,B: Evident Injury,Travel Lane,Other,Female,22,20-24,No,NA,41-45 mph,O: No Injury,White,Female,Passenger Car,No,21JUN2010,Monday,Motorist Overtaking Bicyclist,21,Intersection,June,B: Evident Injury,21:00:00,Motorist Overtaking - Misjudged Space,2010,Yes,No,Dark - Lighted Roadway,Straight - Level,Local Street,Dry,"Two-Way, Not Divided",None,No Special Feature,Smooth Asphalt,2 lanes,"35.7598830725, -78.7283276348"
4125,Kitty Hawk,Dare,Coastal,Commercial,Urban (>70% Developed),NA,Rural,50 - 55  MPH,No Control Present,Clear,No,40,40-49,Yes,NA,With Traffic,B: Evident Injury,Travel Lane,White,Male,18,0-19,No,NA,46-50 mph,O: No Injury,White,Male,Sport Utility,Yes,19JUN2010,Saturday,Bicyclist Left Turn / Merge,21,Non-Intersection,June,B: Evident Injury,21:55:00,Bicyclist Left Turn - Opposite Direction,2010,Yes,No,Dark - Roadway Not Lighted,Straight - Level,US Route,Dry,"Two-Way, Not Divided",None,No Special Feature,Coarse Asphalt,5 lanes,"36.0734572425, -75.6981017247"
4127,Kitty Hawk,Dare,Coastal,Commercial,Mixed (30% To 70% Developed),NA,Rural,50 - 55  MPH,No Control Present,Clear,No,19,16-19,No,NA,Facing Traffic,B: Evident Injury,Travel Lane,White,Female,18,0-19,No,NA,0-5 mph,O: No Injury,White,Male,Sport Utility,No,14JUN2010,Monday,Motorist Failed to Yield - Midblock,15,Non-Intersection,June,B: Evident Injury,15:27:00,Motorist Drive Out - Commercial Driveway / Alley,2010,Yes,No,Daylight,Straight - Level,US Route,Dry,"Two-Way, Not Divided",None,"Driveway, Public",Coarse Asphalt,5 lanes,"36.0887712459, -75.7074417287"
4136,Charlotte,Mecklenburg,Piedmont,Commercial,Urban (>70% Developed),NA,Urban,20 - 25  MPH,No Control Present,Clear,No,41,40-49,No,NA,Facing Traffic,A: Disabling Injury,Sidewalk / Crosswalk / Driveway Crossing,Black,Male,28,25-29,No,NA,0-5 mph,O: No Injury,White,Male,Pickup,No,21JUL2010,Wednesday,Motorist Failed to Yield - Midblock,11,Non-Intersection,July,A: Disabling Injury,11:45:00,Motorist Drive Out - Commercial Driveway / Alley,2010,Yes,No,Daylight,Straight - Level,NA,Dry,"Two-Way, Not Divided",None,Other,Concrete,NA,"35.2751608941, -80.7936132302"
4167,Gastonia,Gaston,Piedmont,Commercial,Urban (>70% Developed),NA,Urban,30 - 35  MPH,Stop And Go Signal,Clear,No,47,40-49,No,NA,With Traffic,C: Possible Injury,Travel Lane,Black,Male,70+,70+,No,NA,NA,O: No Injury,White,Male,Passenger Car,No,27JUL2010,Tuesday,Crossing Paths - Other Circumstances,15,Intersection,July,C: Possible Injury,15:57:00,Signalized Intersection - Other / Unknown,2010,Yes,No,Daylight,Straight - Level,Local Street,Dry,"Two-Way, Not Divided",None,Four-Way Intersection,Smooth Asphalt,2 lanes,"35.2623248782, -81.1539033365"
4173,None - Rural Crash,Duplin,Coastal,"Farms, Woods, Pastures",Rural (<30% Developed),NA,Rural,50 - 55  MPH,"Double Yellow Line, No Passing Zone",Cloudy,No,54,50-59,No,NA,With Traffic,C: Possible Injury,Travel Lane,Black,Male,32,30-39,No,NA,51-55 mph,O: No Injury,White,Male,Pickup,No,05AUG2010,Thursday,Motorist Overtaking Bicyclist,23,Non-Intersection,August,C: Possible Injury,23:07:00,Motorist Overtaking - Misjudged Space,2010,Yes,No,Dark - Roadway Not Lighted,Straight - Level,US Route,Dry,"Two-Way, Not Divided",None,No Special Feature,Coarse Asphalt,2 lanes,"34.8512768995, -78.0315323771"
4176,Raleigh,Wake,Piedmont,Commercial,Urban (>70% Developed),NA,Urban,30 - 35  MPH,Stop And Go Signal,Cloudy,No,30,30-39,No,NA,With Traffic,C: Possible Injury,Travel Lane,White,Female,35,30-39,No,NA,0-5 mph,O: No Injury,Black,Male,Pickup,No,20JUL2010,Tuesday,Other / Unusual Circumstances,20,Intersection,July,C: Possible Injury,20:07:00,Bicycle Only,2010,Yes,No,Daylight,Straight - Level,Local Street,Dry,"Two-Way, Not Divided",None,T-Intersection,Smooth Asphalt,5 lanes,"35.7882840809, -78.64207761"
4177,Clemmons,Forsyth,Piedmont,Residential,Mixed (30% To 70% Developed),NA,Urban,40 - 45  MPH,Stop Sign,Clear,No,34,30-39,No,NA,With Traffic,A: Disabling Injury,Travel Lane,White,Male,32,30-39,No,NA,41-45 mph,O: No Injury,White,Female,Passenger Car,No,16JUL2010,Friday,Loss of Control / Turning Error,10,Intersection-Related,July,A: Disabling Injury,10:30:00,Motorist Turning Error - Right Turn,2010,Yes,Yes,Daylight,Straight - Level,Local Street,Dry,"Two-Way, Not Divided",None,T-Intersection,Coarse Asphalt,2 lanes,"36.0696570765, -80.4153731607"
4196,Wake Forest,Wake,Piedmont,Commercial,Urban (>70% Developed),NA,Urban,50 - 55  MPH,No Control Present,Clear,No,50,50-59,No,NA,Facing Traffic,B: Evident Injury,Sidewalk / Crosswalk / Driveway Crossing,White,Male,46,40-49,No,NA,0-5 mph,O: No Injury,White,Male,Sport Utility,No,06JUL2010,Tuesday,Motorist Failed to Yield - Midblock,17,Non-Intersection,July,B: Evident Injury,17:38:00,Motorist Drive Out - Midblock - Unknown,2010,Yes,No,Daylight,Straight - Level,US Route,Dry,"Two-Way, Divided, Unprotected Median",None,No Special Feature,Smooth Asphalt,4 lanes,"35.9211531129, -78.5443675873"
4197,Charlotte,Mecklenburg,Piedmont,Residential,Urban (>70% Developed),NA,Urban,30 - 35  MPH,Stop Sign,Clear,No,22,20-24,No,NA,Facing Traffic,B: Evident Injury,Travel Lane,Black,Male,55,50-59,No,NA,16-20 mph,O: No Injury,White,Female,Passenger Car,No,30JUL2010,Friday,Motorist Failed to Yield - Sign-Controlled Intersection,2,Intersection,July,B: Evident Injury,02:30:00,Motorist Drive Through - Sign-Controlled Intersection,2010,Yes,No,Daylight,Straight - Level,Local Street,Dry,"Two-Way, Divided, Unprotected Median",None,Four-Way Intersection,Smooth Asphalt,2 lanes,"35.2341168845, -80.8222382365"
4198,Farmville,Pitt,Coastal,Residential,Urban (>70% Developed),NA,Rural,30 - 35  MPH,Yield Sign,Clear,No,31,30-39,No,NA,With Traffic,B: Evident Injury,Travel Lane,Black,Male,68,60-69,No,NA,21-25 mph,O: No Injury,Black,Female,Van,No,04AUG2010,Wednesday,Bicyclist Left Turn / Merge,16,Intersection,August,B: Evident Injury,16:28:00,Bicyclist Left Turn - Same Direction,2010,No,No,Daylight,Straight - Level,Local Street,Dry,"Two-Way, Not Divided",None,Four-Way Intersection,Smooth Asphalt,2 lanes,"35.591544075, -77.5901722807"
4199,Raleigh,Wake,Piedmont,Commercial,Urban (>70% Developed),NA,Urban,40 - 45  MPH,Stop Sign,Rain,No,35,30-39,No,NA,With Traffic,B: Evident Injury,Travel Lane,White,Male,33,30-39,No,NA,0-5 mph,O: No Injury,Hispanic,Male,Passenger Car,No,29JUL2010,Thursday,Motorist Failed to Yield - Sign-Controlled Intersection,22,Intersection,July,B: Evident Injury,22:24:00,Motorist Drive Out - Sign-Controlled Intersection,2010,Yes,No,Dark - Lighted Roadway,Straight - Grade,NC Route,Wet,"Two-Way, Divided, Unprotected Median",None,No Special Feature,Smooth Asphalt,4 lanes,"35.8420100948, -78.5752225932"
4206,Smithfield,Johnston,Coastal,Commercial,Rural (<30% Developed),NA,Urban,30 - 35  MPH,Stop Sign,Clear,No,38,30-39,No,NA,With Traffic,O: No Injury,Travel Lane,Black,Male,57,50-59,No,NA,31-35 mph,O: No Injury,White,Male,Pickup,No,04AUG2010,Wednesday,Bicyclist Failed to Yield - Sign-Controlled Intersection,15,Intersection,August,O: No Injury,15:23:00,Bicyclist Ride Out - Sign-Controlled Intersection,2010,Yes,No,Daylight,Straight - Level,US Route,Dry,"Two-Way, Not Divided",None,T-Intersection,Grooved Concrete,5 lanes,"35.5165510342, -78.322497499"
4210,Apex,Wake,Piedmont,Residential,Urban (>70% Developed),NA,Urban,20 - 25  MPH,No Control Present,Clear,No,15,11-15,No,NA,With Traffic,B: Evident Injury,Sidewalk / Crosswalk / Driveway Crossing,Black,Male,35,30-39,No,NA,16-20 mph,O: No Injury,White,Male,Passenger Car,No,06AUG2010,Friday,Loss of Control / Turning Error,14,Intersection-Related,August,B: Evident Injury,14:57:00,Motorist Lost Control - Other / Unknown,2010,Yes,No,Daylight,Straight - Level,Local Street,Dry,"Two-Way, Not Divided",None,No Special Feature,Smooth Asphalt,2 lanes,"35.7250470602, -78.8572926717"
4212,Greensboro,Guilford,Piedmont,Commercial,Urban (>70% Developed),NA,Urban,NA,No Control Present,Clear,No,18,16-19,No,NA,Facing Traffic,C: Possible Injury,Travel Lane,Black,Male,NA,NA,Missing,NA,0-5 mph,Unknown Injury,Unknown/Missing,NA,NA,No,03AUG2010,Tuesday,Motorist Failed to Yield - Midblock,18,Non-Intersection,August,C: Possible Injury,18:03:00,Motorist Drive Out - Commercial Driveway / Alley,2010,No,Yes,Daylight,Straight - Level,Local Street,Dry,"Two-Way, Not Divided",None,T-Intersection,Smooth Asphalt,4 lanes,"36.0765411029, -79.7565129625"
4219,None - Rural Crash,Carteret,Coastal,"Farms, Woods, Pastures",Rural (<30% Developed),NA,Rural,50 - 55  MPH,No Control Present,Clear,No,17,16-19,No,NA,With Traffic,A: Disabling Injury,Travel Lane,White,Male,28,25-29,No,NA,51-55 mph,O: No Injury,White,Male,Passenger Car,No,16AUG2010,Monday,Motorist Overtaking Bicyclist,1,Non-Intersection,August,A: Disabling Injury,01:00:00,Motorist Overtaking - Undetected Bicyclist,2010,Yes,No,Dark - Roadway Not Lighted,Curve - Level,US Route,Dry,"Two-Way, Divided, Unprotected Median",None,No Special Feature,Coarse Asphalt,4 lanes,"34.8533969375, -76.8917020315"
4222,None - Rural Crash,Guilford,Piedmont,Residential,Mixed (30% To 70% Developed),NA,Rural,40 - 45  MPH,"Double Yellow Line, No Passing Zone",Clear,No,30,30-39,No,NA,With Traffic,B: Evident Injury,Travel Lane,White,Male,NA,NA,Missing,NA,NA,Unknown Injury,Unknown/Missing,NA,Van,No,07AUG2010,Saturday,Bicyclist Overtaking Motorist,12,Non-Intersection,August,B: Evident Injury,12:45:00,Bicyclist Overtaking - Other / Unknown,2010,No,No,Daylight,Straight - Level,State Secondary Route,Dry,"Two-Way, Not Divided",None,Related To Intersection,Smooth Asphalt,2 lanes,"36.0758240933, -79.9951630348"
4251,High Point,Guilford,Piedmont,Commercial,Urban (>70% Developed),NA,Urban,30 - 35  MPH,No Control Present,Clear,No,61,60-69,No,NA,Not Applicable,B: Evident Injury,Bike Lane / Paved Shoulder,White,Male,23,20-24,No,NA,31-35 mph,O: No Injury,Black,Male,Passenger Car,No,16AUG2010,Monday,Bicyclist Failed to Yield - Midblock,20,Non-Intersection,August,B: Evident Injury,20:50:00,Bicyclist Ride Out - Other Midblock,2010,Yes,No,Dark - Lighted Roadway,Straight - Level,Local Street,Dry,"Two-Way, Divided, Unprotected Median",None,No Special Feature,Smooth Asphalt,4 lanes,"35.9853510737, -80.0245330382"
4252,High Point,Guilford,Piedmont,Residential,Urban (>70% Developed),NA,Urban,30 - 35  MPH,Stop Sign,Cloudy,No,41,40-49,No,NA,With Traffic,B: Evident Injury,Travel Lane,Black,Male,30,30-39,No,NA,6-10 mph,O: No Injury,Black,Male,Passenger Car,No,18AUG2010,Wednesday,Motorist Failed to Yield - Sign-Controlled Intersection,15,Intersection,August,B: Evident Injury,15:10:00,Motorist Drive Through - Sign-Controlled Intersection,2010,Yes,No,Daylight,Straight - Grade,Local Street,Dry,"Two-Way, Not Divided",None,Four-Way Intersection,Smooth Asphalt,2 lanes,"35.9425730645, -80.0090230317"
4259,Hickory,Catawba,Piedmont,Commercial,Urban (>70% Developed),NA,Urban,50 - 55  MPH,No Control Present,Cloudy,No,48,40-49,No,NA,With Traffic,B: Evident Injury,Travel Lane,White,Male,25,25-29,No,NA,36-40 mph,O: No Injury,White,Male,Police,No,16AUG2010,Monday,Motorist Overtaking Bicyclist,22,Non-Intersection,August,B: Evident Injury,22:17:00,Motorist Overtaking - Undetected Bicyclist,2010,Yes,No,Daylight,Straight - Grade,US Route,Dry,"Two-Way, Not Divided",None,No Special Feature,Coarse Asphalt,5 lanes,"35.7100369672, -81.3147334097"
4268,Charlotte,Mecklenburg,Piedmont,Commercial,Urban (>70% Developed),NA,Urban,30 - 35  MPH,Stop And Go Signal,Clear,No,17,16-19,No,NA,Facing Traffic,B: Evident Injury,Bike Lane / Paved Shoulder,Other,Male,55,50-59,No,NA,6-10 mph,O: No Injury,Black,Female,Passenger Car,No,20AUG2010,Friday,Motorist Left Turn / Merge,18,Intersection,August,B: Evident Injury,18:47:00,Motorist Left Turn - Opposite Direction,2010,Yes,No,Daylight,Straight - Level,Local Street,Dry,"One-Way, Not Divided",None,Four-Way Intersection,Smooth Asphalt,2 lanes,"35.2019648769, -80.8448332408"
4275,None - Rural Crash,Dare,Coastal,Residential,Mixed (30% To 70% Developed),NA,Rural,20 - 25  MPH,No Control Present,Clear,No,6,6-10,No,NA,Not Applicable,B: Evident Injury,Driveway / Alley,White,Male,39,30-39,No,NA,0-5 mph,O: No Injury,White,Male,Pickup,No,30AUG2010,Monday,Non-Roadway,10,Non-Roadway,August,B: Evident Injury,10:35:00,Non-Roadway,2010,Yes,No,Daylight,Straight - Level,"Private Road, Driveway",Dry,"Two-Way, Not Divided",None,No Special Feature,Smooth Asphalt,2 lanes,"35.5714111411, -75.4639116286"
4280,Charlotte,Mecklenburg,Piedmont,Commercial,Urban (>70% Developed),NA,Urban,20 - 25  MPH,Stop Sign,Cloudy,No,70+,70+,No,NA,With Traffic,B: Evident Injury,Travel Lane,White,Male,46,40-49,No,NA,NA,O: No Injury,White,Male,Passenger Car,No,25AUG2010,Wednesday,Motorist Right Turn / Merge,9,Intersection,August,B: Evident Injury,09:19:00,Motorist Right Turn - Same Direction,2010,No,No,Daylight,Straight - Level,Local Street,Dry,"Two-Way, Not Divided",None,T-Intersection,Smooth Asphalt,6 lanes,"35.1739368725, -80.8035082267"
4281,Fayetteville,Cumberland,Coastal,Commercial,Mixed (30% To 70% Developed),NA,Urban,40 - 45  MPH,Flashing Signal Without Stop Sign,Clear,No,16,16-19,No,NA,With Traffic,C: Possible Injury,Travel Lane,Black,Male,33,30-39,No,NA,26-30 mph,O: No Injury,White,Male,Passenger Car,No,22AUG2010,Sunday,Bicyclist Failed to Yield - Signalized Intersection,2,Intersection,August,C: Possible Injury,02:45:00,Bicyclist Ride Through - Signalized Intersection,2010,No,No,Dark - Lighted Roadway,Straight - Level,Local Street,Dry,"Two-Way, Divided, Unprotected Median",None,No Special Feature,Smooth Asphalt,4 lanes,"35.0883709203, -78.9266926594"
4287,Charlotte,Mecklenburg,Piedmont,Residential,Urban (>70% Developed),NA,Urban,30 - 35  MPH,Stop Sign,Clear,No,10,6-10,No,NA,Facing Traffic,C: Possible Injury,Travel Lane,Black,Male,37,30-39,No,NA,11-15 mph,O: No Injury,Asian,Female,"Light Truck (Mini-Van, Panel)",No,27AUG2010,Friday,Bicyclist Failed to Yield - Sign-Controlled Intersection,18,Intersection,August,C: Possible Injury,18:15:00,Bicyclist Ride Through - Sign-Controlled Intersection,2010,Yes,No,Daylight,Straight - Level,Local Street,Dry,"Two-Way, Not Divided",None,No Special Feature,Smooth Asphalt,2 lanes,"35.3145968966, -80.9595632815"
4288,Henderson,Vance,Piedmont,Residential,Mixed (30% To 70% Developed),NA,Urban,30 - 35  MPH,Stop Sign,Clear,No,19,16-19,No,NA,NA,C: Possible Injury,NA,Black,Male,NA,NA,Missing,NA,NA,Unknown Injury,Unknown/Missing,NA,NA,No,28AUG2010,Saturday,Other / Unknown - Insufficient Details,22,Intersection,August,C: Possible Injury,22:05:00,Unknown Approach Paths,2010,No,Yes,Daylight,Straight - Level,Local Street,Dry,"Two-Way, Not Divided",None,No Special Feature,Smooth Asphalt,2 lanes,"36.3293272045, -78.4169325707"
2259,Salisbury,Rowan,Piedmont,Commercial,Urban (>70% Developed),NA,Urban,30 - 35  MPH,No Control Present,Clear,No,50,50-59,No,NA,Facing Traffic,C: Possible Injury,Travel Lane,White,Male,48,40-49,No,NA,0-5 mph,O: No Injury,White,Male,Van,No,29JUL2012,Sunday,Motorist Failed to Yield - Sign-Controlled Intersection,12,Intersection,July,C: Possible Injury,12:44:00,Motorist Drive Out - Sign-Controlled Intersection,2012,Yes,No,Daylight,Straight - Level,Public Vehicular Area,Dry,"Two-Way, Not Divided",None,"Driveway, Public",Smooth Asphalt,2 lanes,"35.6589069886, -80.4610031509"
2250,Charlotte,Mecklenburg,Piedmont,Commercial,Urban (>70% Developed),NA,Urban,20 - 25  MPH,No Control Present,Clear,No,20,20-24,No,NA,With Traffic,C: Possible Injury,Travel Lane,Black,Male,22,20-24,No,NA,16-20 mph,O: No Injury,Black,Female,Passenger Car,No,21JUN2012,Thursday,Crossing Paths - Other Circumstances,12,Intersection,June,C: Possible Injury,12:11:00,Crossing Paths - Intersection - Other / Unknown,2012,Yes,No,Daylight,Straight - Level,Local Street,Dry,"Two-Way, Not Divided",None,No Special Feature,Smooth Asphalt,2 lanes,"35.2322768839, -80.8248032363"
2256,Jacksonville,Onslow,Coastal,Commercial,Urban (>70% Developed),NA,Urban,40 - 45  MPH,Stop And Go Signal,Clear,No,16,16-19,No,NA,Facing Traffic,B: Evident Injury,Travel Lane,White,Male,48,40-49,No,NA,16-20 mph,O: No Injury,Black,Male,Pickup,No,01JUL2012,Sunday,Bicyclist Failed to Yield - Signalized Intersection,15,Intersection,July,B: Evident Injury,15:54:00,Bicyclist Ride Out - Signalized  Intersection,2012,Yes,No,Daylight,Straight - Level,Local Street,Dry,"Two-Way, Not Divided",None,Four-Way Intersection,Smooth Asphalt,5 lanes,"34.7964769068, -77.4378021948"
2258,Surf City,Pender,Coastal,Residential,Mixed (30% To 70% Developed),NA,Rural,30 - 35  MPH,No Control Present,Clear,No,55,50-59,No,NA,With Traffic,B: Evident Injury,Travel Lane,White,Male,16,0-19,No,NA,26-30 mph,O: No Injury,White,Female,Passenger Car,No,29JUL2012,Sunday,Motorist Left Turn / Merge,8,Intersection,July,B: Evident Injury,08:00:00,Motorist Left Turn - Opposite Direction,2012,Yes,No,Daylight,Straight - Level,Local Street,Dry,"Two-Way, Not Divided",None,T-Intersection,Coarse Asphalt,2 lanes,"34.4197168193, -77.5571022127"
2292,Charlotte,Mecklenburg,Piedmont,Residential,Urban (>70% Developed),NA,Urban,40 - 45  MPH,Stop Sign,Clear,No,45,40-49,Missing,NA,Facing Traffic,B: Evident Injury,Sidewalk / Crosswalk / Driveway Crossing,White,Female,65,60-69,No,NA,0-5 mph,O: No Injury,White,Male,Passenger Car,No,06AUG2012,Monday,Motorist Failed to Yield - Sign-Controlled Intersection,8,Intersection,August,B: Evident Injury,08:46:00,Motorist Drive Out - Sign-Controlled Intersection,2012,Yes,No,Daylight,Straight - Level,Local Street,Dry,"Two-Way, Not Divided",None,T-Intersection,Smooth Asphalt,6 lanes,"35.15884687, -80.7893032221"
2326,Asheville,Buncombe,Mountains,Commercial,Urban (>70% Developed),NA,Urban,30 - 35  MPH,Stop Sign,Clear,No,25,25-29,No,NA,With Traffic,C: Possible Injury,Travel Lane,White,Male,30,30-39,No,NA,0-5 mph,O: No Injury,White,Male,Passenger Car,No,10AUG2012,Friday,Motorist Failed to Yield - Sign-Controlled Intersection,9,Intersection,August,C: Possible Injury,09:52:00,Motorist Drive Out - Sign-Controlled Intersection,2012,No,No,Dark - Unknown Lighting,Straight - Level,Local Street,Dry,"Two-Way, Not Divided",None,No Special Feature,Smooth Asphalt,2 lanes,"35.5690968905, -82.5444037653"
2298,High Point,Guilford,Piedmont,Commercial,Urban (>70% Developed),NA,Urban,30 - 35  MPH,Stop Sign,Clear,No,51,50-59,No,NA,With Traffic,C: Possible Injury,Travel Lane,Black,Male,30,30-39,No,NA,11-15 mph,O: No Injury,Black,Female,Passenger Car,No,30JUL2012,Monday,Motorist Failed to Yield - Sign-Controlled Intersection,17,Intersection,July,C: Possible Injury,17:26:00,Motorist Drive Out - Sign-Controlled Intersection,2012,Yes,No,Daylight,Straight - Level,NC Route,Dry,"Two-Way, Not Divided",None,T-Intersection,Smooth Asphalt,5 lanes,"35.9644270696, -80.0116030331"