object_id,city,county,region,development,locality,on_road,rural_urban,speed_limit,traffic_control,weather,workzone,bike_age,bike_age_group,bike_alcohol,bike_alcohol_drugs,bike_direction,bike_injury,bike_position,bike_race,bike_sex,driver_age,driver_age_group,driver_alcohol,driver_alcohol_drugs,driver_est_speed,driver_injury,driver_race,driver_sex,driver_vehicle_type,crash_alcohol,crash_date,crash_day,crash_group,crash_hour,crash_location,crash_month,crash_severity,crash_time,crash_type,crash_year,ambulance_req,hit_run,light_condition,road_character,road_class,road_condition,road_configuration,road_defects,road_feature,road_surface,num_lanes,geo_point
2261,Kill Devil Hills,Dare,Coastal,Residential,Urban (>70% Developed),NA,Urban,30 - 35  MPH,No Control Present,Cloudy,No,40,40-49,No,NA,With Traffic,C: Possible Injury,Travel Lane,White,Male,44,40-49,No,NA,6-10 mph,O: No Injury,White,Male,Pickup,No,22JUL2012,Sunday,Motorist Failed to Yield - Midblock,8,Non-Intersection,July,C: Possible Injury,08:27:00,Motorist Drive Out - Commercial Driveway / Alley,2012,Yes,No,Daylight,Straight - Level,NC Route,Wet,"Two-Way, Not Divided",None,Related To Intersection,Coarse Asphalt,2 lanes,"36.0000672286, -75.6490017063"
2306,Sanford,Lee,Piedmont,Commercial,Urban (>70% Developed),NA,Urban,30 - 35  MPH,Stop And Go Signal,Clear,No,65,60-69,No,NA,Facing Traffic,C: Possible Injury,Travel Lane,White,Male,42,40-49,No,NA,6-10 mph,O: No Injury,White,Male,Pickup,No,29JUL2012,Sunday,Crossing Paths - Other Circumstances,18,Intersection,July,C: Possible Injury,18:13:00,Signalized Intersection - Other / Unknown,2012,Yes,No,Daylight,Straight - Hillcrest,Local Street,Dry,"Two-Way, Not Divided",None,Related To Intersection,Coarse Asphalt,5 lanes,"35.4661369944, -79.1590027492"
2320,Wilmington,New Hanover,Coastal,Commercial,Urban (>70% Developed),NA,Urban,40 - 45  MPH,No Control Present,Rain,No,32,30-39,No,NA,With Traffic,B: Evident Injury,Travel Lane,White,Female,29,25-29,No,NA,0-5 mph,O: No Injury,White,Male,Sport Utility,No,11AUG2012,Saturday,Motorist Left Turn / Merge,13,Intersection,August,B: Evident Injury,13:32:00,Motorist Left Turn - Opposite Direction,2012,Yes,No,Daylight,Straight - Level,Local Street,Wet,"One-Way, Not Divided",None,No Special Feature,Coarse Asphalt,5 lanes,"34.1845967554, -77.9305023154"
2276,Greenville,Pitt,Coastal,Commercial,Urban (>70% Developed),NA,Urban,40 - 45  MPH,No Control Present,Clear,No,48,40-49,No,NA,With Traffic,C: Possible Injury,Travel Lane,Black,Male,46,40-49,No,NA,6-10 mph,O: No Injury,Black,Male,Pickup,No,26JUL2012,Thursday,Motorist Overtaking Bicyclist,18,Non-Intersection,July,C: Possible Injury,18:31:00,Motorist Overtaking - Misjudged Space,2012,Yes,No,Daylight,Straight - Level,State Secondary Route,Dry,"Two-Way, Not Divided",None,No Special Feature,Coarse Asphalt,5 lanes,"35.601487085, -77.3755022152"
2286,None - Rural Crash,Buncombe,Mountains,Institutional,Mixed (30% To 70% Developed),NA,Rural,NA,No Control Present,Clear,No,22,20-24,No,NA,Facing Traffic,B: Evident Injury,Travel Lane,White,Female,23,20-24,Yes,NA,11-15 mph,O: No Injury,White,Female,Sport Utility,Yes,03AUG2012,Friday,Head-On,15,Non-Intersection,August,B: Evident Injury,15:01:00,Head-On - Bicyclist,2012,Yes,No,Daylight,Curve - Grade,Public Vehicular Area,Dry,"Two-Way, Not Divided",None,"Driveway, Public",Smooth Asphalt,2 lanes,"35.6120769031, -82.4417037377"
2285,Charlotte,Mecklenburg,Piedmont,Residential,Urban (>70% Developed),NA,Urban,30 - 35  MPH,No Control Present,Clear,No,48,40-49,No,NA,Not Applicable,C: Possible Injury,Non-Roadway,Black,Male,NA,NA,Missing,NA,NA,Unknown Injury,Unknown/Missing,NA,Passenger Car,No,15JUL2012,Sunday,Non-Roadway,16,Non-Roadway,July,C: Possible Injury,16:17:00,Non-Roadway,2012,Yes,No,Daylight,Straight - Level,Public Vehicular Area,Dry,"One-Way, Not Divided",None,"Driveway, Private",Sand,1 lane,"35.2300168842, -80.8157032336"
2397,None - Rural Crash,Moore,Piedmont,"Farms, Woods, Pastures",Rural (<30% Developed),NA,Rural,40 - 45  MPH,No Control Present,Clear,No,27,25-29,No,NA,With Traffic,B: Evident Injury,Travel Lane,White,Female,NA,NA,Missing,NA,41-45 mph,Unknown Injury,Unknown/Missing,NA,Passenger Car,No,31AUG2012,Friday,Motorist Overtaking Bicyclist,6,Non-Intersection,August,B: Evident Injury,06:21:00,Motorist Overtaking - Misjudged Space,2012,Yes,Yes,Daylight,Straight - Level,State Secondary Route,Dry,"Two-Way, Divided, Unprotected Median",None,No Special Feature,Coarse Asphalt,2 lanes,"35.175286925, -79.352102793"
2419,None - Rural Crash,Wake,Piedmont,"Farms, Woods, Pastures",Rural (<30% Developed),NA,Rural,40 - 45  MPH,"Double Yellow Line, No Passing Zone",Clear,No,22,20-24,No,NA,With Traffic,A: Disabling Injury,Travel Lane,White,Male,43,40-49,No,NA,41-45 mph,O: No Injury,White,Female,Pickup,No,15SEP2012,Saturday,Motorist Overtaking Bicyclist,7,Non-Intersection,September,A: Disabling Injury,07:12:00,Motorist Overtaking - Undetected Bicyclist,2012,Yes,No,Daylight,Straight - Grade,State Secondary Route,Dry,"Two-Way, Not Divided",None,No Special Feature,Coarse Asphalt,2 lanes,"35.6510770504, -78.6890026177"
2375,Madison,Rockingham,Piedmont,Commercial,Urban (>70% Developed),NA,Rural,30 - 35  MPH,Stop Sign,Cloudy,No,14,11-15,No,NA,Facing Traffic,B: Evident Injury,Sidewalk / Crosswalk / Driveway Crossing,Black,Male,64,60-69,No,NA,0-5 mph,O: No Injury,White,Male,"Single Unit Truck (2-Axle, 6-Tire)",No,10JUL2012,Tuesday,Motorist Failed to Yield - Midblock,8,Non-Intersection,July,B: Evident Injury,08:44:00,Motorist Drive Out - Commercial Driveway / Alley,2012,No,No,Daylight,Straight - Level,Local Street,Dry,"Two-Way, Not Divided",None,Other,Smooth Asphalt,2 lanes,"36.3906971605, -79.968103044"
2401,Raleigh,Wake,Piedmont,Residential,Urban (>70% Developed),NA,Urban,20 - 25  MPH,No Control Present,Clear,No,11,11-15,No,NA,Facing Traffic,C: Possible Injury,Sidewalk / Crosswalk / Driveway Crossing,Black,Male,62,60-69,No,NA,16-20 mph,O: No Injury,White,Female,Passenger Car,No,08SEP2012,Saturday,Bicyclist Failed to Yield - Midblock,16,Non-Intersection,September,C: Possible Injury,16:13:00,Bicyclist Ride Out - Other Midblock,2012,Yes,No,Daylight,Straight - Level,Local Street,Dry,"Two-Way, Not Divided",None,No Special Feature,Coarse Asphalt,2 lanes,"35.8328870928, -78.5775025934"
2390,None - Rural Crash,Watauga,Mountains,"Farms, Woods, Pastures",Rural (<30% Developed),NA,Rural,50 - 55  MPH,"Double Yellow Line, No Passing Zone",Clear,No,24,20-24,No,NA,With Traffic,O: No Injury,Travel Lane,White,Male,20,20-24,No,NA,31-35 mph,O: No Injury,White,Male,Sport Utility,No,05SEP2012,Wednesday,Bicyclist Left Turn / Merge,18,Non-Intersection,September,O: No Injury,18:00:00,Bicyclist Left Turn - Same Direction,2012,No,No,Daylight,Straight - Grade,State Secondary Route,Dry,"Two-Way, Not Divided",None,No Special Feature,Smooth Asphalt,2 lanes,"36.214007057, -81.7106035566"
2393,Rocky Mount,Nash,Coastal,Residential,Urban (>70% Developed),NA,Urban,30 - 35  MPH,No Control Present,Cloudy,No,17,16-19,No,NA,Facing Traffic,B: Evident Injury,Travel Lane,Black,Male,70+,70+,No,NA,31-35 mph,O: No Injury,Black,Female,Passenger Car,No,11AUG2012,Saturday,Bicyclist Failed to Yield - Sign-Controlled Intersection,12,Intersection,August,B: Evident Injury,12:28:00,Bicyclist Ride Through - Sign-Controlled Intersection,2012,Yes,No,Daylight,Straight - Level,Local Street,Wet,"One-Way, Not Divided",None,No Special Feature,Coarse Asphalt,2 lanes,"35.9447071442, -77.8041023639"
2391,Rocky Mount,Edgecombe,Coastal,Residential,Urban (>70% Developed),NA,Urban,30 - 35  MPH,Stop And Go Signal,Clear,No,17,16-19,No,NA,With Traffic,C: Possible Injury,Travel Lane,Black,Female,20,20-24,No,NA,6-10 mph,O: No Injury,Black,Female,Passenger Car,No,14AUG2012,Tuesday,Crossing Paths - Other Circumstances,9,Intersection,August,C: Possible Injury,09:53:00,Signalized Intersection - Other / Unknown,2012,No,No,Daylight,Straight - Level,Local Street,Dry,"Two-Way, Divided, Unprotected Median",None,No Special Feature,Coarse Asphalt,4 lanes,"35.9321771416, -77.7907023586"
2373,Kannapolis,Rowan,Piedmont,Residential,Urban (>70% Developed),NA,Urban,40 - 45  MPH,No Control Present,Clear,No,9,6-10,No,NA,Not Applicable,B: Evident Injury,Non-Roadway,Black,Male,70+,70+,No,NA,6-10 mph,O: No Injury,White,Female,Passenger Car,No,26AUG2012,Sunday,Loss of Control / Turning Error,9,Non-Intersection,August,B: Evident Injury,09:51:00,Bicyclist Lost Control - Mechanical Problems,2012,Yes,No,Daylight,Straight - Level,State Secondary Route,Dry,"Two-Way, Not Divided",None,No Special Feature,Smooth Asphalt,2 lanes,"35.5086869516, -80.5901031813"
2404,Kitty Hawk,Dare,Coastal,Commercial,Urban (>70% Developed),NA,Rural,60 - 75 MPH,No Control Present,Clear,No,49,40-49,No,NA,Facing Traffic,C: Possible Injury,Multi-use Path,White,Female,43,40-49,No,NA,0-5 mph,O: No Injury,White,Male,Van,No,12AUG2012,Sunday,Motorist Failed to Yield - Midblock,11,Non-Intersection,August,C: Possible Injury,11:05:00,Motorist Drive Out - Commercial Driveway / Alley,2012,No,No,Daylight,Straight - Level,US Route,Dry,"Two-Way, Not Divided",None,No Special Feature,Coarse Asphalt,5 lanes,"36.0984572475, -75.7231017341"
2491,Shelby,Cleveland,Mountains,Commercial,Urban (>70% Developed),NA,Urban,30 - 35  MPH,Stop And Go Signal,Clear,No,30,30-39,No,NA,Facing Traffic,C: Possible Injury,Sidewalk / Crosswalk / Driveway Crossing,Black,Male,64,60-69,No,NA,21-25 mph,O: No Injury,White,Female,Passenger Car,No,27SEP2012,Thursday,Crossing Paths - Other Circumstances,20,Intersection,September,C: Possible Injury,20:33:00,Signalized Intersection - Other / Unknown,2012,Yes,No,Dark - Lighted Roadway,Straight - Level,Local Street,Dry,"Two-Way, Not Divided",None,Four-Way Intersection,Smooth Asphalt,3 lanes,"35.3013468726, -81.5396034536"
2478,Winston-Salem,Forsyth,Piedmont,Residential,Urban (>70% Developed),NA,Urban,30 - 35  MPH,Stop And Go Signal,Clear,No,19,16-19,No,NA,With Traffic,C: Possible Injury,Travel Lane,Black,Female,63,60-69,No,NA,6-10 mph,O: No Injury,White,Female,Passenger Car,No,13SEP2012,Thursday,Bicyclist Failed to Yield - Signalized Intersection,9,Intersection,September,C: Possible Injury,09:26:00,Bicyclist Ride Through - Signalized Intersection,2012,Yes,No,Daylight,Straight - Level,Local Street,Dry,"Two-Way, Not Divided",None,Four-Way Intersection,Smooth Asphalt,4 lanes,"36.1393270965, -80.2781031232"
2460,None - Rural Crash,Mecklenburg,Piedmont,Commercial,Urban (>70% Developed),NA,Rural,20 - 25  MPH,No Control Present,Clear,No,35,30-39,No,NA,With Traffic,B: Evident Injury,Travel Lane,Hispanic,Male,22,20-24,No,NA,0-5 mph,O: No Injury,White,Male,Passenger Car,No,27SEP2012,Thursday,Motorist Right Turn / Merge,17,Non-Intersection,September,B: Evident Injury,17:02:00,Motorist Right Turn - Same Direction,2012,Yes,No,Daylight,Straight - Level,Local Street,Dry,"Two-Way, Not Divided",None,No Special Feature,Smooth Asphalt,4 lanes,"35.2239768815, -80.8478032426"
2486,None - Rural Crash,Guilford,Piedmont,Residential,Urban (>70% Developed),NA,Rural,30 - 35  MPH,Stop Sign,Clear,No,8,6-10,No,NA,With Traffic,C: Possible Injury,Travel Lane,Black,Male,48,40-49,No,NA,26-30 mph,O: No Injury,Black,Female,Pickup,No,21SEP2012,Friday,Loss of Control / Turning Error,22,Intersection,September,C: Possible Injury,22:00:00,Bicyclist Lost Control - Mechanical Problems,2012,Yes,No,Daylight,Straight - Level,Local Street,Dry,"Two-Way, Not Divided",None,Related To Intersection,Smooth Asphalt,2 lanes,"35.9592870699, -79.9609030176"
2475,Carrboro,Orange,Piedmont,Commercial,Urban (>70% Developed),NA,Urban,20 - 25  MPH,No Control Present,Clear,No,29,25-29,No,NA,With Traffic,C: Possible Injury,Bike Lane / Paved Shoulder,White,Female,16,0-19,No,NA,0-5 mph,O: No Injury,White,Male,Pickup,No,21SEP2012,Friday,Motorist Right Turn / Merge,17,Non-Intersection,September,C: Possible Injury,17:58:00,Motorist Right Turn - Same Direction,2012,No,No,Daylight,Straight - Level,Local Street,Dry,"Two-Way, Not Divided",None,No Special Feature,Coarse Asphalt,2 lanes,"35.9101470919, -79.073202747"
2464,Raleigh,Wake,Piedmont,Residential,Urban (>70% Developed),NA,Urban,30 - 35  MPH,No Control Present,Clear,No,24,20-24,No,NA,With Traffic,C: Possible Injury,Travel Lane,White,Female,22,20-24,No,NA,0-5 mph,O: No Injury,Black,Male,Passenger Car,No,21SEP2012,Friday,Motorist Left Turn / Merge,20,Intersection,September,C: Possible Injury,20:12:00,Motorist Left Turn - Opposite Direction,2012,Yes,No,Dark - Lighted Roadway,Straight - Level,Local Street,Dry,"Two-Way, Not Divided",None,T-Intersection,Smooth Asphalt,7 lanes,"35.7945170805, -78.6936026266"
2463,Chapel Hill,Orange,Piedmont,Commercial,Urban (>70% Developed),NA,Urban,20 - 25  MPH,No Control Present,Clear,No,33,30-39,No,NA,With Traffic,C: Possible Injury,Travel Lane,White,Female,70+,70+,No,NA,6-10 mph,O: No Injury,White,Female,Passenger Car,No,23SEP2012,Sunday,Motorist Left Turn / Merge,10,Non-Intersection,September,C: Possible Injury,10:50:00,Motorist Left Turn - Opposite Direction,2012,Yes,No,Daylight,Straight - Level,Local Street,Dry,"Two-Way, Not Divided",None,T-Intersection,Coarse Asphalt,3 lanes,"35.9303770979, -79.0252027339"
2484,Raleigh,Wake,Piedmont,Institutional,Urban (>70% Developed),NA,Urban,20 - 25  MPH,Stop Sign,Clear,No,27,25-29,No,NA,With Traffic,B: Evident Injury,Travel Lane,White,Male,27,25-29,No,NA,NA,O: No Injury,Hispanic,Female,Passenger Car,No,11SEP2012,Tuesday,Bicyclist Overtaking Motorist,9,Intersection,September,B: Evident Injury,09:53:00,Bicyclist Overtaking - Passing on Right,2012,Yes,No,Daylight,Other,Local Street,Dry,"Two-Way, Divided, Unprotected Median",None,T-Intersection,Smooth Asphalt,2 lanes,"35.7836770791, -78.6772026211"
2461,Lenoir,Caldwell,Mountains,Residential,Urban (>70% Developed),NA,Urban,5 - 15 MPH,No Control Present,Clear,No,8,6-10,No,NA,Not Applicable,O: No Injury,Non-Roadway,Hispanic,Female,64,60-69,No,NA,6-10 mph,O: No Injury,White,Male,Passenger Car,No,27SEP2012,Thursday,Non-Roadway,17,Non-Roadway,September,O: No Injury,17:26:00,Non-Roadway,2012,No,No,Daylight,Straight - Level,Public Vehicular Area,Dry,"Two-Way, Not Divided",None,"Driveway, Private",Coarse Asphalt,NA,"35.8661869917, -81.52410348"
2492,Raleigh,Wake,Piedmont,Commercial,Urban (>70% Developed),NA,Urban,5 - 15 MPH,Yield Sign,Clear,No,29,25-29,No,NA,With Traffic,C: Possible Injury,Travel Lane,White,Male,19,0-19,No,NA,6-10 mph,O: No Injury,White,Male,Passenger Car,No,03OCT2012,Wednesday,Motorist Failed to Yield - Sign-Controlled Intersection,20,Intersection,October,C: Possible Injury,20:34:00,Motorist Drive Through - Sign-Controlled Intersection,2012,Yes,No,Dark - Lighted Roadway,Curve - Level,Local Street,Dry,"One-Way, Not Divided",None,Traffic Circle/Roundabout,Smooth Asphalt,1 lane,"35.7859770802, -78.6625026169"
2520,Wilmington,New Hanover,Coastal,Residential,Urban (>70% Developed),NA,Urban,40 - 45  MPH,Stop And Go Signal,Clear,No,NA,NA,No,NA,With Traffic,Unknown Injury,Travel Lane,Unknown/Missing,NA,NA,NA,No,NA,41-45 mph,Unknown Injury,Unknown/Missing,NA,NA,No,27SEP2012,Thursday,Motorist Overtaking Bicyclist,15,Intersection,September,Unknown Injury,15:26:00,Motorist Overtaking - Other / Unknown,2012,No,Yes,Daylight,Straight - Level,Local Street,Dry,"Two-Way, Not Divided",None,No Special Feature,Coarse Asphalt,5 lanes,"34.2319567676, -77.8875023042"
2506,None - Rural Crash,Durham,Piedmont,"Farms, Woods, Pastures",Rural (<30% Developed),NA,Rural,40 - 45  MPH,Stop And Go Signal,Clear,No,42,40-49,No,NA,With Traffic,C: Possible Injury,Travel Lane,Other,Male,44,40-49,No,NA,41-45 mph,O: No Injury,White,Male,Passenger Car,No,11OCT2012,Thursday,Motorist Left Turn / Merge,7,Intersection,October,C: Possible Injury,07:45:00,Motorist Left Turn - Opposite Direction,2012,Yes,No,Daylight,Straight - Grade,NC Route,Dry,"Two-Way, Divided, Unprotected Median",None,Four-Way Intersection,Smooth Asphalt,4 lanes,"35.8990170966, -78.8801026878"
2505,Wadesboro,Anson,Piedmont,Commercial,Rural (<30% Developed),NA,Urban,50 - 55  MPH,No Control Present,Clear,No,16,16-19,No,NA,With Traffic,B: Evident Injury,Travel Lane,Black,Male,35,30-39,No,NA,51-55 mph,O: No Injury,Black,Female,Van,No,02OCT2012,Tuesday,Motorist Overtaking Bicyclist,1,Intersection-Related,October,B: Evident Injury,01:17:00,Motorist Overtaking - Other / Unknown,2012,Yes,No,Dark - Roadway Not Lighted,Straight - Level,US Route,Dry,"Two-Way, Divided, Unprotected Median",None,T-Intersection,Smooth Asphalt,5 lanes,"34.9631468544, -80.038902988"
2508,Wilmington,New Hanover,Coastal,Institutional,Urban (>70% Developed),NA,Urban,20 - 25  MPH,Other,Clear,No,20,20-24,No,NA,With Traffic,C: Possible Injury,Travel Lane,White,Male,20,20-24,No,NA,0-5 mph,O: No Injury,White,Female,Passenger Car,No,11OCT2012,Thursday,Motorist Left Turn / Merge,22,Intersection,October,C: Possible Injury,22:15:00,Motorist Left Turn - Opposite Direction,2012,No,No,Dark - Lighted Roadway,Straight - Level,Local Street,Dry,"Two-Way, Not Divided",None,Four-Way Intersection,Smooth Asphalt,2 lanes,"34.2288667668, -77.8710022989"
2528,Raleigh,Wake,Piedmont,Commercial,Mixed (30% To 70% Developed),NA,Urban,30 - 35  MPH,No Control Present,Clear,No,57,50-59,No,NA,With Traffic,B: Evident Injury,Travel Lane,White,Male,64,60-69,No,NA,0-5 mph,O: No Injury,White,Male,Sport Utility,No,16OCT2012,Tuesday,Motorist Left Turn / Merge,11,Non-Intersection,October,B: Evident Injury,11:22:00,Motorist Left Turn - Opposite Direction,2012,Yes,No,Daylight,Straight - Grade,Local Street,Dry,"Two-Way, Not Divided",None,No Special Feature,Smooth Asphalt,3 lanes,"35.8830270982, -78.7409026454"
2504,Charlotte,Mecklenburg,Piedmont,Commercial,Urban (>70% Developed),NA,Urban,5 - 15 MPH,No Control Present,Clear,No,19,16-19,No,NA,Not Applicable,C: Possible Injury,Sidewalk / Crosswalk / Driveway Crossing,Black,Male,44,40-49,No,NA,0-5 mph,O: No Injury,White,Male,"Light Truck (Mini-Van, Panel)",No,10OCT2012,Wednesday,Non-Roadway,9,Non-Roadway,October,C: Possible Injury,09:00:00,Non-Roadway,2012,Yes,No,Daylight,Straight - Level,"Private Road, Driveway",Dry,"Two-Way, Not Divided",None,"Driveway, Private",Other,2 lanes,"35.2279968829, -80.8381032405"
2523,Raleigh,Wake,Piedmont,Residential,Urban (>70% Developed),NA,Urban,30 - 35  MPH,No Control Present,Rain,No,28,25-29,No,NA,With Traffic,B: Evident Injury,Travel Lane,White,Male,19,0-19,No,NA,0-5 mph,O: No Injury,White,Female,Sport Utility,No,09OCT2012,Tuesday,Motorist Left Turn / Merge,11,Non-Intersection,October,B: Evident Injury,11:54:00,Motorist Left Turn - Opposite Direction,2012,Yes,No,Daylight,Straight - Grade,Local Street,Wet,"Two-Way, Not Divided",None,No Special Feature,Smooth Asphalt,4 lanes,"35.7790770786, -78.6768026201"
1214,Tarboro,Edgecombe,Coastal,Residential,Urban (>70% Developed),SAINT ANDREW ST,Urban,20 - 25  MPH,Flashing Signal With Stop Sign,Clear,No,16,16-19,No,NA,With Traffic,Unknown Injury,Travel Lane,Black,Male,34,30-39,No,NA,21-25 mph,O: No Injury,Black,Female,Passenger Car,No,17JUN2013,Monday,Bicyclist Failed to Yield - Sign-Controlled Intersection,18,Intersection,June,O: No Injury,18:57:00,Bicyclist Ride Out - Sign-Controlled Intersection,2013,Yes,No,Daylight,Straight - Level,Local Street,Dry,"One-Way, Not Divided",None,Four-Way Intersection,Smooth Asphalt,1 lane,"35.900267144, -77.5350022797"
1216,Walkertown,Forsyth,Piedmont,Residential,Mixed (30% To 70% Developed),SR 1934,Rural,40 - 45  MPH,No Control Present,Clear,No,7,6-10,No,NA,Not Applicable,B: Evident Injury,Driveway / Alley,Hispanic,Female,69,60-69,No,NA,36-40 mph,O: No Injury,White,Male,Pickup,No,02JUL2013,Tuesday,Bicyclist Failed to Yield - Midblock,12,Non-Intersection,July,B: Evident Injury,12:59:00,Bicyclist Ride Out - Residential Driveway,2013,Yes,No,Daylight,Straight - Grade,State Secondary Route,Wet,"Two-Way, Not Divided",None,"Driveway, Private",Coarse Asphalt,2 lanes,"36.1765671072, -80.2050031031"
1225,None - Rural Crash,Pitt,Coastal,Commercial,Rural (<30% Developed),NC 33,Rural,40 - 45  MPH,"Double Yellow Line, No Passing Zone",Clear,No,55,50-59,Yes,NA,With Traffic,C: Possible Injury,Travel Lane,Black,Male,26,25-29,No,NA,41-45 mph,O: No Injury,White,Male,Pickup,Yes,05JUL2013,Friday,Motorist Overtaking Bicyclist,21,Non-Intersection,July,C: Possible Injury,21:29:00,Motorist Overtaking - Other / Unknown,2013,Yes,No,Dark - Roadway Not Lighted,Straight - Level,NC Route,Dry,"Two-Way, Not Divided",None,No Special Feature,Coarse Asphalt,2 lanes,"35.7047571044, -77.4609022471"
1204,Asheville,Buncombe,Mountains,Industrial,Urban (>70% Developed),COLLEGE ST,Urban,20 - 25  MPH,Stop And Go Signal,Rain,No,27,25-29,No,NA,With Traffic,C: Possible Injury,Travel Lane,White,Male,22,20-24,Yes,NA,16-20 mph,O: No Injury,White,Male,Pickup,Yes,08JUN2013,Saturday,Motorist Overtaking Bicyclist,1,Intersection-Related,June,C: Possible Injury,01:46:00,Motorist Overtaking - Other / Unknown,2013,No,No,Dark - Lighted Roadway,Straight - Hillcrest,Local Street,Wet,"One-Way, Not Divided",None,No Special Feature,Smooth Asphalt,3 lanes,"35.5951168953, -82.5541037701"
1226,None - Rural Crash,New Hanover,Coastal,Residential,Urban (>70% Developed),SR 2311,Rural,30 - 35  MPH,No Control Present,Clear,No,53,50-59,No,NA,With Traffic,C: Possible Injury,Travel Lane,Black,Male,17,0-19,No,NA,6-10 mph,O: No Injury,White,Female,Passenger Car,No,05JUL2013,Friday,Motorist Left Turn / Merge,19,Intersection,July,C: Possible Injury,19:42:00,Motorist Left Turn - Opposite Direction,2013,No,No,Daylight,Straight - Level,State Secondary Route,Dry,"Two-Way, Not Divided",None,"Driveway, Public",Coarse Asphalt,2 lanes,"34.1400567459, -77.9164023081"
1223,Raleigh,Wake,Piedmont,Residential,Urban (>70% Developed),GREEN RD,Urban,30 - 35  MPH,No Control Present,Clear,No,56,50-59,No,NA,With Traffic,C: Possible Injury,Travel Lane,Hispanic,Male,55,50-59,No,NA,11-15 mph,O: No Injury,Black,Male,Passenger Car,No,29JUN2013,Saturday,Motorist Right Turn / Merge,11,Intersection,June,C: Possible Injury,11:27:00,Motorist Right Turn - Same Direction,2013,Yes,No,Daylight,Straight - Level,Local Street,Wet,"Two-Way, Not Divided",None,Four-Way Intersection,Smooth Asphalt,4 lanes,"35.8356370931, -78.5930025977"
1206,New Bern,Craven,Coastal,Residential,Urban (>70% Developed),OLD AIRPORT RD,Urban,40 - 45  MPH,No Control Present,Clear,No,60,60-69,No,NA,With Traffic,K: Killed,Travel Lane,White,Female,29,25-29,No,NA,56-60 mph,O: No Injury,White,Male,Passenger Car,No,19JUN2013,Wednesday,Bicyclist Left Turn / Merge,19,Non-Intersection,June,K: Killed,19:51:00,Bicyclist Left Turn - Same Direction,2013,No,No,Dusk,Straight - Hillcrest,Local Street,Dry,"Two-Way, Not Divided",None,No Special Feature,Smooth Asphalt,2 lanes,"35.0392669739, -77.025402081"
1286,None - Rural Crash,Brunswick,Coastal,Residential,Mixed (30% To 70% Developed),SR 1139,Rural,40 - 45  MPH,"Double Yellow Line, No Passing Zone",Clear,No,18,16-19,No,NA,With Traffic,B: Evident Injury,Bike Lane / Paved Shoulder,Black,Male,NA,NA,Missing,NA,41-45 mph,Unknown Injury,Unknown/Missing,NA,Sport Utility,No,15JUL2013,Monday,Loss of Control / Turning Error,21,Non-Intersection,July,B: Evident Injury,21:54:00,Motorist Lost Control - Other / Unknown,2013,Yes,Yes,Dark - Roadway Not Lighted,Straight - Level,State Secondary Route,Dry,"Two-Way, Not Divided",None,No Special Feature,Coarse Asphalt,2 lanes,"33.9255766854, -78.3009024148"
1270,Raleigh,Wake,Piedmont,"Farms, Woods, Pastures",Rural (<30% Developed),SR 1009,Urban,40 - 45  MPH,Stop And Go Signal,Cloudy,No,26,25-29,No,NA,With Traffic,B: Evident Injury,Travel Lane,White,Male,NA,NA,No,NA,11-15 mph,Unknown Injury,Unknown/Missing,NA,Passenger Car,No,16JUL2013,Tuesday,Motorist Overtaking Bicyclist,18,Non-Intersection,July,B: Evident Injury,18:16:00,Motorist Overtaking - Other / Unknown,2013,No,Yes,Daylight,Straight - Level,State Secondary Route,Dry,"Two-Way, Divided, Unprotected Median",None,Related To Intersection,Coarse Asphalt,4 lanes,"35.7428870702, -78.6815026198"
1276,Raleigh,Wake,Piedmont,Residential,Urban (>70% Developed),N NEW HOPE RD,Urban,40 - 45  MPH,No Control Present,Cloudy,No,16,16-19,No,NA,NA,B: Evident Injury,NA,Native American,Male,24,20-24,No,NA,41-45 mph,O: No Injury,White,Female,Sport Utility,No,22JUL2013,Monday,Other/Unknown - Insufficient Details,10,Non-Intersection,July,B: Evident Injury,10:46:00,Unknown Approach Paths,2013,Yes,No,Daylight,Straight - Level,Local Street,Dry,"Two-Way, Not Divided",None,No Special Feature,Coarse Asphalt,5 lanes,"35.8179270901, -78.5682025891"
1264,Stanfield,Stanly,Piedmont,Residential,Mixed (30% To 70% Developed),NC 200,Rural,40 - 45  MPH,No Control Present,Cloudy,No,47,40-49,No,NA,Facing Traffic,B: Evident Injury,Travel Lane,White,Male,29,25-29,No,NA,41-45 mph,O: No Injury,White,Male,Passenger Car,No,30JUN2013,Sunday,Head-On,3,Non-Intersection,June,B: Evident Injury,03:05:00,Head-On - Bicyclist,2013,Yes,No,Daylight,NA,missing,Dry,NA,None,No Special Feature,NA,NA,"35.2495169024, -80.4239031182"
1316,None - Rural Crash,Robeson,Coastal,"Farms, Woods, Pastures",Rural (<30% Developed),SR 1528,Rural,50 - 55  MPH,"Double Yellow Line, No Passing Zone",Clear,No,10,6-10,No,NA,Not Applicable,B: Evident Injury,Driveway / Alley,Native American,Male,43,40-49,No,NA,36-40 mph,O: No Injury,Asian,Male,Van,No,31JUL2013,Wednesday,Bicyclist Failed to Yield - Midblock,15,Non-Intersection,July,B: Evident Injury,15:24:00,Bicyclist Ride Out - Residential Driveway,2013,Yes,No,Daylight,Straight - Level,State Secondary Route,Dry,"Two-Way, Not Divided",None,"Driveway, Private",Coarse Asphalt,2 lanes,"34.6686668249, -79.0443026742"