object_id,city,county,region,development,locality,on_road,rural_urban,speed_limit,traffic_control,weather,workzone,bike_age,bike_age_group,bike_alcohol,bike_alcohol_drugs,bike_direction,bike_injury,bike_position,bike_race,bike_sex,driver_age,driver_age_group,driver_alcohol,driver_alcohol_drugs,driver_est_speed,driver_injury,driver_race,driver_sex,driver_vehicle_type,crash_alcohol,crash_date,crash_day,crash_group,crash_hour,crash_location,crash_month,crash_severity,crash_time,crash_type,crash_year,ambulance_req,hit_run,light_condition,road_character,road_class,road_condition,road_configuration,road_defects,road_feature,road_surface,num_lanes,geo_point
1309,None - Rural Crash,Hoke,Coastal,"Farms, Woods, Pastures",Rural (<30% Developed),SR 1406,Rural,30 - 35  MPH,"Double Yellow Line, No Passing Zone",Clear,No,50,50-59,No,NA,With Traffic,B: Evident Injury,Bike Lane / Paved Shoulder,Black,Male,36,30-39,No,NA,31-35 mph,O: No Injury,Native American,Male,Pickup,No,02AUG2013,Friday,Motorist Overtaking Bicyclist,17,Non-Intersection,August,B: Evident Injury,17:33:00,Motorist Overtaking - Other / Unknown,2013,Yes,No,Daylight,Straight - Level,State Secondary Route,Dry,"Two-Way, Not Divided",None,"Driveway, Public",Coarse Asphalt,2 lanes,"34.9852768892, -79.1766027296"
1322,None - Rural Crash,New Hanover,Coastal,"Farms, Woods, Pastures",Rural (<30% Developed),US 421,Rural,20 - 25  MPH,"Double Yellow Line, No Passing Zone",Clear,No,57,50-59,No,NA,With Traffic,B: Evident Injury,Bike Lane / Paved Shoulder,White,Male,32,30-39,No,NA,21-25 mph,O: No Injury,White,Female,Van,No,01AUG2013,Thursday,Motorist Right Turn / Merge,12,Intersection,August,B: Evident Injury,12:52:00,Motorist Right Turn - Same Direction,2013,Yes,No,Daylight,Straight - Level,US Route,Dry,"Two-Way, Not Divided",None,T-Intersection,Smooth Asphalt,2 lanes,"33.9676867072, -77.9211023022"
1313,Greensboro,Guilford,Piedmont,Commercial,Urban (>70% Developed),LAWNDALE DR,Urban,30 - 35  MPH,No Control Present,Clear,No,68,60-69,No,NA,With Traffic,C: Possible Injury,Travel Lane,White,Male,70+,70+,No,NA,0-5 mph,O: No Injury,White,Female,Passenger Car,No,15JUN2013,Saturday,Motorist Left Turn / Merge,9,Intersection,June,C: Possible Injury,09:55:00,Motorist Left Turn - Opposite Direction,2013,Yes,No,Daylight,Straight - Level,Local Street,Dry,"Two-Way, Not Divided",None,Related To Intersection,Smooth Asphalt,4 lanes,"36.1020571058, -79.8189029836"
1362,Fayetteville,Cumberland,Coastal,Commercial,Urban (>70% Developed),RICHWOOD CT,Urban,30 - 35  MPH,Stop And Go Signal,Clear,No,13,11-15,No,NA,Facing Traffic,C: Possible Injury,Sidewalk / Crosswalk / Driveway Crossing,White,Male,53,50-59,No,NA,NA,O: No Injury,Black,Male,Passenger Car,No,24JUL2013,Wednesday,Motorist Failed to Yield - Signalized Intersection,7,Intersection,July,C: Possible Injury,07:13:00,Motorist Drive Out - Right Turn on Red,2013,No,No,Daylight,Straight - Level,Local Street,Dry,"Two-Way, Divided, Unprotected Median",None,Four-Way Intersection,Coarse Asphalt,3 lanes,"35.0524469115, -78.973502672"
1377,Fayetteville,Cumberland,Coastal,Commercial,Urban (>70% Developed),RAEFORD RD,Urban,40 - 45  MPH,No Control Present,Clear,No,17,16-19,No,NA,Facing Traffic,B: Evident Injury,Travel Lane,White,Male,56,50-59,No,NA,41-45 mph,O: No Injury,Black,Female,Passenger Car,No,22JUL2013,Monday,Bicyclist Failed to Yield - Signalized Intersection,16,Intersection-Related,July,B: Evident Injury,16:18:00,Bicyclist Ride Through - Signalized Intersection,2013,Yes,No,Daylight,Straight - Level,Local Street,Dry,"Two-Way, Divided, Positive Median Barrier",None,Related To Intersection,Smooth Asphalt,8 lanes,"35.0428069098, -78.960702668"
1353,None - Rural Crash,Currituck,Coastal,Residential,Mixed (30% To 70% Developed),SR 1213,Rural,30 - 35  MPH,No Control Present,Rain,No,7,6-10,No,NA,Facing Traffic,O: No Injury,Driveway / Alley,White,Female,52,50-59,No,NA,26-30 mph,O: No Injury,White,Female,Passenger Car,No,15AUG2013,Thursday,Bicyclist Failed to Yield - Midblock,13,Non-Intersection,August,O: No Injury,13:41:00,Bicyclist Ride Out - Residential Driveway,2013,No,No,Daylight,Straight - Level,State Secondary Route,Dry,"Two-Way, Not Divided",None,No Special Feature,Coarse Asphalt,2 lanes,"36.5033373221, -76.0946018682"
1346,Nags Head,Dare,Coastal,Commercial,Urban (>70% Developed),US 158,Rural,20 - 25  MPH,Stop And Go Signal,Clear,No,19,16-19,No,NA,Facing Traffic,C: Possible Injury,Sidewalk / Crosswalk / Driveway Crossing,White,Female,20,20-24,No,NA,0-5 mph,O: No Injury,White,Male,Passenger Car,No,25JUL2013,Thursday,Loss of Control / Turning Error,20,Intersection,July,C: Possible Injury,20:22:00,Motorist Turning Error - Right Turn,2013,No,No,Daylight,Straight - Level,US Route,Dry,"Two-Way, Not Divided",None,Four-Way Intersection,Coarse Asphalt,5 lanes,"35.9929672267, -75.6487017055"
1354,Pineville,Mecklenburg,Piedmont,Residential,Urban (>70% Developed),PVA WILLOW RIDGE APTS,Rural,20 - 25  MPH,No Control Present,Cloudy,No,6,6-10,No,NA,Not Applicable,C: Possible Injury,Non-Roadway,Hispanic,Female,30,30-39,No,NA,0-5 mph,O: No Injury,White,Male,Pickup,No,05JUL2013,Friday,Non-Roadway,21,Non-Roadway,July,C: Possible Injury,21:05:00,Non-Roadway,2013,Yes,No,Dusk,Straight - Level,Public Vehicular Area,Wet,"Two-Way, Not Divided",None,No Special Feature,Smooth Asphalt,NA,"35.0962668534, -80.8722032431"
507,Wilmington,New Hanover,Coastal,Commercial,Urban (>70% Developed),S COLLEGE RD,Urban,40 - 45  MPH,Stop And Go Signal,Clear,Yes,56,50-59,NA,No,Facing Traffic,C: Possible Injury,Travel Lane,White,Male,40,40-49,NA,No,0-5 mph,O: No Injury,Asian,Male,Passenger Car,No,18AUG2014,Monday,Bicyclist Failed to Yield - Signalized Intersection,17,Intersection,August,C: Possible Injury,17:46:00,Bicyclist Ride Through - Signalized Intersection,2014,No,No,Daylight,Straight - Level,Local Street,Dry,"Two-Way, Divided, Positive Median Barrier",None,No Special Feature,Smooth Asphalt,9 or more lanes,"34.1757997551, -77.891402303"
508,None - Rural Crash,Onslow,Coastal,Residential,Mixed (30% To 70% Developed),1116,Rural,40 - 45  MPH,Stop Sign,Clear,No,17,16-19,NA,No,With Traffic,B: Evident Injury,Travel Lane,White,Male,43,40-49,NA,No,41-45 mph,O: No Injury,White,Male,Passenger Car,No,31AUG2014,Sunday,Bicyclist Failed to Yield - Sign-Controlled Intersection,10,Intersection-Related,August,B: Evident Injury,10:55:00,Bicyclist Ride Through - Sign-Controlled Intersection,2014,No,No,Daylight,Straight - Level,State Secondary Route,Dry,"Two-Way, Not Divided",None,T-Intersection,Coarse Asphalt,2 lanes,"34.7313368908, -77.4947072089"
512,Wilmington,NA,Coastal,Residential,Mixed (30% To 70% Developed),TULANE DR,Urban,5 - 15 MPH,No Control Present,Clear,No,9,6-10,NA,No,Not Applicable,B: Evident Injury,Non-Roadway,White,Male,70+,70+,NA,No,6-10 mph,O: No Injury,Black,Female,Passenger Car,No,27AUG2014,Wednesday,Bicyclist Failed to Yield - Midblock,19,Non-Intersection,August,B: Evident Injury,19:02:00,Bicyclist Ride Out - Other Midblock,2014,No,No,Daylight,Straight - Level,Local Street,Dry,"Two-Way, Not Divided",None,No Special Feature,Coarse Asphalt,2 lanes,"34.2289837666, -77.8811223022"
523,Jacksonville,Onslow,Coastal,Commercial,Urban (>70% Developed),GUM BRANCH RD,Urban,NA,No Control Present,Clear,No,37,30-39,NA,No,With Traffic,C: Possible Injury,Travel Lane,White,Male,58,50-59,NA,No,0-5 mph,O: No Injury,White,Female,"Single Unit Truck (2-Axle, 6-Tire)",No,07AUG2014,Thursday,Motorist Failed to Yield - Sign-Controlled Intersection,7,Intersection,August,C: Possible Injury,07:16:00,Motorist Drive Out - Sign-Controlled Intersection,2014,No,No,Daylight,Straight - Level,State Secondary Route,Dry,"Two-Way, Not Divided",None,No Special Feature,Smooth Asphalt,5 lanes,"34.798270907, -77.4385921948"
526,Whiteville,Columbus,Coastal,Commercial,Urban (>70% Developed),SOUTH MADISON ST,Urban,40 - 45  MPH,No Control Present,Clear,No,15,11-15,NA,No,Not Applicable,C: Possible Injury,Other,Other,Male,28,25-29,NA,NA,6-10 mph,O: No Injury,Unknown/Missing,Male,Sport Utility,No,26JUL2014,Saturday,Non-Roadway,17,Non-Roadway,July,C: Possible Injury,17:48:00,Non-Roadway,2014,Yes,Yes,Daylight,Straight - Level,Local Street,Dry,"Two-Way, Not Divided",None,No Special Feature,Coarse Asphalt,5 lanes,"34.3143837587, -78.7081175556"
535,None - Rural Crash,Robeson,Coastal,"Farms, Woods, Pastures",Rural (<30% Developed),US 74,Rural,50 - 55  MPH,"Double Yellow Line, No Passing Zone",Clear,No,64,60-69,NA,No,With Traffic,C: Possible Injury,Travel Lane,Native American,Female,21,20-24,NA,No,46-50 mph,O: No Injury,Native American,Male,Passenger Car,No,20JUL2014,Sunday,Motorist Overtaking Bicyclist,14,Non-Intersection,July,C: Possible Injury,14:37:00,Motorist Overtaking - Other / Unknown,2014,No,No,Daylight,Straight - Level,US Route,Dry,"Two-Way, Not Divided",None,No Special Feature,Coarse Asphalt,2 lanes,"34.6189968111, -79.1375686991"
543,Gastonia,Gaston,Piedmont,Residential,Urban (>70% Developed),GLENN ST,Urban,30 - 35  MPH,No Control Present,Clear,No,14,11-15,NA,No,With Traffic,B: Evident Injury,Travel Lane,Other,Male,NA,NA,NA,Missing,16-20 mph,Unknown Injury,Unknown/Missing,NA,NA,No,27AUG2014,Wednesday,Motorist Right Turn / Merge,17,Non-Intersection,August,B: Evident Injury,17:37:00,Motorist Right Turn - Same Direction,2014,No,Yes,Daylight,Straight - Grade,Local Street,Dry,"Two-Way, Not Divided",None,No Special Feature,Smooth Asphalt,2 lanes,"35.2739568791, -81.2029733517"
546,Lumberton,Robeson,Coastal,Residential,Rural (<30% Developed),CAMBRIDGE BLVD,Urban,30 - 35  MPH,Yield Sign,Clear,No,40,40-49,NA,No,With Traffic,B: Evident Injury,Travel Lane,White,Male,51,50-59,NA,No,26-30 mph,O: No Injury,White,Male,Sport Utility,No,13AUG2014,Wednesday,Motorist Overtaking Bicyclist,15,Intersection-Related,August,B: Evident Injury,15:09:00,Motorist Overtaking - Other / Unknown,2014,No,No,Daylight,Straight - Level,Local Street,Dry,"Two-Way, Divided, Unprotected Median",None,No Special Feature,Coarse Asphalt,1 lane,"34.666430826, -78.9948926589"
551,None - Rural Crash,Dare,Coastal,"Farms, Woods, Pastures",Mixed (30% To 70% Developed),12,Rural,50 - 55  MPH,No Control Present,Clear,No,55,50-59,NA,No,With Traffic,C: Possible Injury,Bike Lane / Paved Shoulder,White,Male,60,60-69,NA,No,46-50 mph,O: No Injury,White,Male,Passenger Car,No,02SEP2014,Tuesday,Bicyclist Left Turn / Merge,20,Non-Intersection,September,C: Possible Injury,20:05:00,Bicyclist Left Turn - Same Direction,2014,Yes,No,Dusk,Straight - Level,NC Route,Dry,"Two-Way, Not Divided",None,No Special Feature,Coarse Asphalt,2 lanes,"35.225204059, -75.6430116672"
552,Raleigh,Wake,Piedmont,Commercial,Urban (>70% Developed),CREEDMOOR RD,Urban,40 - 45  MPH,Stop And Go Signal,Clear,No,62,60-69,NA,No,With Traffic,B: Evident Injury,Travel Lane,White,Female,70+,70+,NA,No,11-15 mph,O: No Injury,White,Male,Passenger Car,No,16SEP2014,Tuesday,Motorist Left Turn / Merge,9,Intersection,September,B: Evident Injury,09:04:00,Motorist Left Turn - Opposite Direction,2014,No,No,Daylight,Straight - Grade,Local Street,Dry,"Two-Way, Divided, Unprotected Median",None,Four-Way Intersection,Coarse Asphalt,6 lanes,"35.8997671038, -78.680882628"
561,Asheboro,Randolph,Piedmont,Residential,Urban (>70% Developed),LANIER AVE,Urban,30 - 35  MPH,Yield Sign,Clear,No,17,16-19,NA,No,Facing Traffic,C: Possible Injury,Travel Lane,Hispanic,Male,NA,NA,NA,Missing,NA,Unknown Injury,Unknown/Missing,NA,NA,No,22AUG2014,Friday,Motorist Left Turn / Merge,19,Intersection,August,C: Possible Injury,19:05:00,Motorist Left Turn - Same Direction,2014,Yes,Yes,Daylight,Straight - Grade,Local Street,Dry,"Two-Way, Not Divided",None,Four-Way Intersection,Smooth Asphalt,9 or more lanes,"35.6991490207, -79.8166529601"
572,Black Mountain,Buncombe,Mountains,Residential,Urban (>70% Developed),CHURCH STREET,Urban,20 - 25  MPH,Stop Sign,Clear,No,10,6-10,NA,No,With Traffic,C: Possible Injury,Travel Lane,White,Male,20,20-24,NA,No,11-15 mph,O: No Injury,White,Female,Passenger Car,No,25SEP2014,Thursday,Bicyclist Failed to Yield - Sign-Controlled Intersection,17,Intersection,September,C: Possible Injury,17:20:00,Bicyclist Ride Through - Sign-Controlled Intersection,2014,Yes,No,Daylight,Straight - Level,Local Street,Dry,"Two-Way, Not Divided",None,No Special Feature,Smooth Asphalt,2 lanes,"35.6210319103, -82.3236937035"
586,None - Rural Crash,Cabarrus,Piedmont,Commercial,Urban (>70% Developed),SR 2180,Rural,30 - 35  MPH,No Control Present,Clear,No,21,20-24,NA,No,Facing Traffic,B: Evident Injury,Sidewalk / Crosswalk / Driveway Crossing,Black,Female,70+,70+,NA,No,6-10 mph,O: No Injury,White,Male,Pickup,No,27SEP2014,Saturday,Motorist Right Turn / Merge,15,Non-Intersection,September,B: Evident Injury,15:12:00,Motorist Right Turn - Opposite Direction,2014,Yes,No,Daylight,Straight - Level,State Secondary Route,Dry,"Two-Way, Not Divided",None,No Special Feature,Coarse Asphalt,2 lanes,"35.4976469506, -80.5608231719"
589,Raleigh,Wake,Piedmont,Residential,Urban (>70% Developed),SKYCREST DR,Urban,40 - 45  MPH,No Control Present,Clear,No,40,40-49,NA,No,With Traffic,B: Evident Injury,Travel Lane,White,Male,67,60-69,NA,No,36-40 mph,O: No Injury,Black,Male,Passenger Car,No,21SEP2014,Sunday,Motorist Overtaking Bicyclist,20,Non-Intersection,September,B: Evident Injury,20:24:00,Motorist Overtaking - Undetected Bicyclist,2014,Yes,No,Dark - Lighted Roadway,Straight - Level,Local Street,Dry,"Two-Way, Not Divided",None,No Special Feature,Smooth Asphalt,2 lanes,"35.8114010881, -78.5844985943"
592,None - Rural Crash,Halifax,Coastal,"Farms, Woods, Pastures",Rural (<30% Developed),NC 903,Rural,50 - 55  MPH,No Control Present,Clear,No,63,60-69,NA,No,With Traffic,K: Killed,Travel Lane,Black,Male,25,25-29,NA,No,56-60 mph,O: No Injury,Black,Male,Passenger Car,No,19SEP2014,Friday,Motorist Overtaking Bicyclist,21,Non-Intersection,September,K: Killed,21:00:00,Motorist Overtaking - Other / Unknown,2014,Yes,No,Dark - Roadway Not Lighted,Straight - Level,NC Route,Dry,"Two-Way, Not Divided",None,No Special Feature,Smooth Asphalt,2 lanes,"36.1226301967, -77.3966422493"
602,Statesville,Iredell,Piedmont,Commercial,Urban (>70% Developed),PVA 221 E WATER ST,Urban,5 - 15 MPH,Other,Clear,No,33,30-39,NA,No,Not Applicable,O: No Injury,Non-Roadway,Black,Male,27,25-29,NA,No,0-5 mph,O: No Injury,White,Female,Passenger Car,No,22SEP2014,Monday,Non-Roadway,11,Non-Roadway,September,O: No Injury,11:27:00,Non-Roadway,2014,No,No,Daylight,Straight - Grade,Public Vehicular Area,Dry,"Two-Way, Not Divided",None,"Driveway, Public",Smooth Asphalt,2 lanes,"35.7873869997, -80.8860532858"
614,Duck,Dare,Coastal,Commercial,Urban (>70% Developed),DUCK RD,Rural,20 - 25  MPH,No Control Present,Clear,No,44,40-49,NA,No,With Traffic,B: Evident Injury,Bike Lane / Paved Shoulder,White,Male,41,40-49,NA,No,0-5 mph,O: No Injury,White,Male,Passenger Car,No,30AUG2014,Saturday,Motorist Left Turn / Merge,8,Non-Intersection,August,B: Evident Injury,08:58:00,Motorist Left Turn - Opposite Direction,2014,Yes,No,Daylight,Straight - Level,NC Route,Dry,"Two-Way, Not Divided",None,Shared-Use Paths Or Trails,Coarse Asphalt,3 lanes,"36.1700932616, -75.7559217478"
615,Raleigh,Wake,Piedmont,Commercial,Urban (>70% Developed),PVA 1400 W MILLBROOK RD,Urban,20 - 25  MPH,Stop Sign,Cloudy,No,31,30-39,NA,No,Facing Traffic,C: Possible Injury,Sidewalk / Crosswalk / Driveway Crossing,White,Male,33,30-39,NA,No,0-5 mph,O: No Injury,Hispanic,Female,Passenger Car,No,03OCT2014,Friday,Motorist Failed to Yield - Sign-Controlled Intersection,17,Intersection,October,C: Possible Injury,17:18:00,Motorist Drive Out - Sign-Controlled Intersection,2014,Yes,No,Daylight,Curve - Grade,Local Street,Dry,"Two-Way, Divided, Unprotected Median",None,"Driveway, Public",Smooth Asphalt,5 lanes,"35.8577910953, -78.6662166213"
620,None - Rural Crash,Onslow,Coastal,Residential,Rural (<30% Developed),SR 1202,Rural,50 - 55  MPH,No Control Present,Clear,No,59,50-59,NA,"Yes-Alcohol,  impairment suspected",Facing Traffic,A: Disabling Injury,Travel Lane,White,Male,32,30-39,NA,No,31-35 mph,O: No Injury,White,Female,Van,Yes,06OCT2014,Monday,Head-On,17,Non-Intersection,October,A: Disabling Injury,17:12:00,Head-On - Bicyclist,2014,Yes,No,Daylight,Straight - Level,State Secondary Route,Dry,"Two-Way, Not Divided",None,No Special Feature,Coarse Asphalt,2 lanes,"34.742049888, -77.6372822522"
621,Charlotte,Mecklenburg,Piedmont,Residential,Urban (>70% Developed),AIRLIE,Urban,20 - 25  MPH,Stop Sign,Clear,No,26,25-29,NA,No,With Traffic,B: Evident Injury,Travel Lane,White,Male,47,40-49,NA,No,16-20 mph,O: No Injury,White,Male,Pickup,No,02OCT2014,Thursday,Loss of Control / Turning Error,17,Intersection-Related,October,B: Evident Injury,17:26:00,Motorist Turning Error - Right Turn,2014,Yes,No,Daylight,Curve - Hillcrest,Local Street,Dry,"Two-Way, Not Divided",None,No Special Feature,Smooth Asphalt,2 lanes,"35.230586885, -80.7831732243"
626,Lumberton,Robeson,Coastal,Commercial,Mixed (30% To 70% Developed),CATON RD,Urban,40 - 45  MPH,No Control Present,Clear,No,46,40-49,NA,No,Facing Traffic,C: Possible Injury,Travel Lane,Black,Male,37,30-39,NA,No,11-15 mph,O: No Injury,White,Male,Tractor/Semi-Trailer,No,04SEP2014,Thursday,Motorist Left Turn / Merge,17,Non-Intersection,September,C: Possible Injury,17:25:00,Motorist Left Turn - Same Direction,2014,No,No,Daylight,Straight - Level,Local Street,Dry,"Two-Way, Not Divided",None,No Special Feature,Coarse Asphalt,2 lanes,"34.6305918158, -79.0648376787"
629,Wallace,Duplin,Coastal,Commercial,Mixed (30% To 70% Developed),US 117,Rural,30 - 35  MPH,Stop Sign,Clear,No,66,60-69,NA,No,With Traffic,B: Evident Injury,Bike Lane / Paved Shoulder,Hispanic,Male,70+,70+,NA,No,0-5 mph,O: No Injury,White,Male,Sport Utility,No,09OCT2014,Thursday,Motorist Failed to Yield - Sign-Controlled Intersection,9,Intersection,October,B: Evident Injury,09:36:00,Motorist Drive Out - Sign-Controlled Intersection,2014,Yes,No,Daylight,Straight - Level,US Route,Dry,"Two-Way, Not Divided",None,Four-Way Intersection,Coarse Asphalt,5 lanes,"34.7325238745, -77.9917123599"
630,Cary,Wake,Piedmont,Commercial,Urban (>70% Developed),HIGH HOUSE RD,Urban,40 - 45  MPH,Stop And Go Signal,Clear,No,13,11-15,NA,No,Not Applicable,O: No Injury,Travel Lane,Asian,Male,52,50-59,NA,No,31-35 mph,O: No Injury,White,Male,Passenger Car,No,11SEP2014,Thursday,Bicyclist Failed to Yield - Midblock,17,Non-Intersection,September,O: No Injury,17:58:00,Bicyclist Ride Out - Midblock - Unknown,2014,No,No,Daylight,Straight - Level,NC Route,Dry,"Two-Way, Divided, Unprotected Median",None,Four-Way Intersection,Smooth Asphalt,5 lanes,"35.7879820731, -78.8696426796"
631,Raleigh,Wake,Piedmont,Commercial,Urban (>70% Developed),HILLSBOROUGH ST,Urban,30 - 35  MPH,No Control Present,Clear,No,47,40-49,NA,No,With Traffic,O: No Injury,Travel Lane,White,Male,56,50-59,NA,No,0-5 mph,O: No Injury,White,Male,Sport Utility,No,09OCT2014,Thursday,Motorist Left Turn / Merge,7,Intersection,October,O: No Injury,07:05:00,Motorist Left Turn - Opposite Direction,2014,Yes,No,Dusk,Straight - Level,Local Street,Dry,"Two-Way, Not Divided",None,No Special Feature,Smooth Asphalt,2 lanes,"35.7898900802, -78.677392621"
635,Wilmington,New Hanover,Coastal,Commercial,Urban (>70% Developed),S COLLEGE RD,Urban,40 - 45  MPH,Stop And Go Signal,Cloudy,No,66,60-69,NA,No,With Traffic,B: Evident Injury,Travel Lane,Black,Male,20,20-24,NA,No,16-20 mph,O: No Injury,White,Female,Pickup,No,15SEP2014,Monday,Motorist Right Turn / Merge,12,Intersection,September,B: Evident Injury,12:24:00,Motorist Right Turn - Same Direction,2014,Yes,No,Daylight,Straight - Level,Local Street,Dry,"Two-Way, Divided, Unprotected Median",None,T-Intersection,Smooth Asphalt,8 lanes,"34.2273667663, -77.8794923017"
636,Wilmington,New Hanover,Coastal,Commercial,Urban (>70% Developed),PVA 2392 CAROLINA BEACH RD,Urban,20 - 25  MPH,Stop Sign,Cloudy,No,52,50-59,NA,No,Facing Traffic,C: Possible Injury,Sidewalk / Crosswalk / Driveway Crossing,Black,Male,27,25-29,NA,No,0-5 mph,O: No Injury,White,Male,Passenger Car,No,15SEP2014,Monday,Motorist Failed to Yield - Midblock,13,Non-Intersection,September,C: Possible Injury,13:43:00,Motorist Drive Out - Commercial Driveway / Alley,2014,Yes,No,Daylight,Straight - Level,Public Vehicular Area,Dry,"Two-Way, Not Divided",None,No Special Feature,Smooth Asphalt,2 lanes,"34.1954167578, -77.9367723175"
639,None - Rural Crash,Martin,Coastal,"Farms, Woods, Pastures",Rural (<30% Developed),US 64,Rural,50 - 55  MPH,No Control Present,Clear,No,56,50-59,NA,"Yes-Alcohol,  impairment suspected",Not Applicable,C: Possible Injury,Other,Black,Male,25,25-29,NA,No,51-55 mph,O: No Injury,White,Female,Passenger Car,Yes,27SEP2014,Saturday,Bicyclist Failed to Yield - Midblock,21,Non-Intersection,September,C: Possible Injury,21:50:00,Bicyclist Ride Out - Other Midblock,2014,Yes,No,Dark - Roadway Not Lighted,Straight - Level,US Route,Dry,"Two-Way, Not Divided",None,No Special Feature,Coarse Asphalt,4 lanes,"35.8395301474, -77.0492321279"
648,Monroe,Union,Piedmont,Commercial,Urban (>70% Developed),PATTON AVE,Urban,30 - 35  MPH,Stop Sign,Clear,No,47,40-49,NA,No,With Traffic,C: Possible Injury,Travel Lane,White,Male,70+,70+,NA,No,0-5 mph,O: No Injury,White,Male,Passenger Car,No,01OCT2014,Wednesday,Motorist Failed to Yield - Sign-Controlled Intersection,17,Intersection,October,C: Possible Injury,17:53:00,Motorist Drive Out - Sign-Controlled Intersection,2014,No,No,Daylight,Straight - Level,Local Street,Dry,"Two-Way, Not Divided",None,T-Intersection,Smooth Asphalt,4 lanes,"34.9987208437, -80.5540331435"
652,None - Rural Crash,Orange,Piedmont,"Farms, Woods, Pastures",Rural (<30% Developed),SR 1737,Rural,40 - 45  MPH,"Double Yellow Line, No Passing Zone",Rain,No,13,11-15,NA,No,With Traffic,B: Evident Injury,Travel Lane,White,Male,17,0-19,NA,No,36-40 mph,O: No Injury,White,Male,Passenger Car,No,12OCT2014,Sunday,Bicyclist Left Turn / Merge,11,Intersection,October,B: Evident Injury,11:32:00,Bicyclist Left Turn - Same Direction,2014,Yes,No,Daylight,Straight - Grade,State Secondary Route,Wet,"Two-Way, Not Divided",None,T-Intersection,Smooth Asphalt,2 lanes,"35.9814601102, -78.9979127289"
658,Gastonia,Gaston,Piedmont,Commercial,Urban (>70% Developed),N NEW HOPE RD,Urban,40 - 45  MPH,Stop And Go Signal,Clear,No,65,60-69,NA,No,Facing Traffic,C: Possible Injury,Sidewalk / Crosswalk / Driveway Crossing,White,Male,23,20-24,NA,No,0-5 mph,O: No Injury,Other,Male,Passenger Car,No,01OCT2014,Wednesday,Motorist Right Turn / Merge,8,Intersection,October,C: Possible Injury,08:38:00,Motorist Right Turn - Opposite Direction,2014,No,No,Daylight,Straight - Level,NC Route,Dry,"Two-Way, Divided, Unprotected Median",None,Four-Way Intersection,Smooth Asphalt,5 lanes,"35.2799268821, -81.1491133355"
661,Unionville,Union,Piedmont,Residential,Mixed (30% To 70% Developed),SR 1690,Urban,20 - 25  MPH,Stop Sign,Clear,No,15,11-15,NA,No,With Traffic,C: Possible Injury,Travel Lane,White,Male,60,60-69,NA,No,16-20 mph,O: No Injury,White,Male,Pickup,No,17OCT2014,Friday,Bicyclist Failed to Yield - Sign-Controlled Intersection,18,Intersection,October,C: Possible Injury,18:56:00,Bicyclist Ride Through - Sign-Controlled Intersection,2014,Yes,No,Daylight,Straight - Grade,State Secondary Route,Dry,"Two-Way, Not Divided",None,T-Intersection,Coarse Asphalt,2 lanes,"35.0944768663, -80.505229134"
667,Asheville,Buncombe,Mountains,Commercial,Urban (>70% Developed),MEADOW RD,Urban,30 - 35  MPH,Stop And Go Signal,Clear,No,26,25-29,NA,No,With Traffic,B: Evident Injury,Travel Lane,White,Male,37,30-39,NA,No,16-20 mph,O: No Injury,White,Female,Van,No,05OCT2014,Sunday,Motorist Left Turn / Merge,21,Intersection,October,B: Evident Injury,21:22:00,Motorist Left Turn - Opposite Direction,2014,Yes,No,Dark - Lighted Roadway,Straight - Level,Local Street,Dry,"Two-Way, Not Divided",None,Related To Intersection,Coarse Asphalt,2 lanes,"35.5684688899, -82.549043767"
675,Raleigh,Wake,Piedmont,Residential,Urban (>70% Developed),HILLSBOROUGH STREET,Urban,30 - 35  MPH,No Control Present,Clear,No,21,20-24,NA,No,With Traffic,B: Evident Injury,Travel Lane,White,Male,NA,NA,NA,Missing,0-5 mph,Unknown Injury,Unknown/Missing,NA,Passenger Car,No,16OCT2014,Thursday,Bicyclist Overtaking Motorist,21,Non-Intersection,October,B: Evident Injury,21:08:00,Bicyclist Overtaking - Parked Vehicle,2014,Yes,No,Dark - Lighted Roadway,Straight - Level,Local Street,Dry,"Two-Way, Divided, Unprotected Median",None,No Special Feature,Smooth Asphalt,2 lanes,"35.7823020796, -78.654582614"
679,None - Rural Crash,Sampson,Coastal,"Farms, Woods, Pastures",Rural (<30% Developed),NC 55,Rural,50 - 55  MPH,No Control Present,Clear,No,46,40-49,NA,No,With Traffic,B: Evident Injury,Travel Lane,White,Male,70+,70+,NA,No,46-50 mph,O: No Injury,White,Female,Sport Utility,No,01OCT2014,Wednesday,Motorist Overtaking Bicyclist,8,Non-Intersection,October,B: Evident Injury,08:33:00,Motorist Overtaking - Bicyclist Swerved,2014,Yes,No,Daylight,Straight - Level,NC Route,Dry,"Two-Way, Not Divided",None,No Special Feature,Coarse Asphalt,2 lanes,"35.2851469765, -78.5288925497"
681,Wilmington,NA,Coastal,Commercial,Urban (>70% Developed),RANDALL PKY,Urban,5 - 15 MPH,No Control Present,Cloudy,No,19,16-19,NA,No,Facing Traffic,C: Possible Injury,Sidewalk / Crosswalk / Driveway Crossing,White,Female,26,25-29,NA,No,6-10 mph,O: No Injury,White,Male,Sport Utility,No,15OCT2014,Wednesday,Motorist Failed to Yield - Midblock,13,Non-Intersection,October,C: Possible Injury,13:57:00,Motorist Drive Out - Commercial Driveway / Alley,2014,Yes,No,Daylight,Straight - Level,"Private Road, Driveway",Wet,"Two-Way, Divided, Unprotected Median",None,No Special Feature,Smooth Asphalt,NA,"34.2310247678, -77.878262301"