object_id,city,county,region,development,locality,on_road,rural_urban,speed_limit,traffic_control,weather,workzone,bike_age,bike_age_group,bike_alcohol,bike_alcohol_drugs,bike_direction,bike_injury,bike_position,bike_race,bike_sex,driver_age,driver_age_group,driver_alcohol,driver_alcohol_drugs,driver_est_speed,driver_injury,driver_race,driver_sex,driver_vehicle_type,crash_alcohol,crash_date,crash_day,crash_group,crash_hour,crash_location,crash_month,crash_severity,crash_time,crash_type,crash_year,ambulance_req,hit_run,light_condition,road_character,road_class,road_condition,road_configuration,road_defects,road_feature,road_surface,num_lanes,geo_point
684,Raleigh,Wake,Piedmont,Residential,Urban (>70% Developed),ATLANTIC AVE,Urban,30 - 35  MPH,Stop And Go Signal,Clear,No,15,11-15,NA,No,With Traffic,C: Possible Injury,Sidewalk / Crosswalk / Driveway Crossing,Hispanic,Male,28,25-29,NA,No,6-10 mph,O: No Injury,Hispanic,Female,Passenger Car,No,17OCT2014,Friday,Bicyclist Failed to Yield - Signalized Intersection,18,Intersection,October,C: Possible Injury,18:57:00,Bicyclist Failed to Clear - Multiple Threat,2014,Yes,No,Daylight,Straight - Level,Local Street,Dry,"Two-Way, Divided, Unprotected Median",None,No Special Feature,Coarse Asphalt,6 lanes,"35.8488990961, -78.6015266017"
693,Asheville,Buncombe,Mountains,Commercial,Urban (>70% Developed),SPRUCE ST,Urban,20 - 25  MPH,Stop Sign,Clear,No,23,20-24,NA,No,With Traffic,C: Possible Injury,Travel Lane,White,Female,49,40-49,NA,No,0-5 mph,O: No Injury,White,Female,Sport Utility,No,13OCT2014,Monday,Bicyclist Failed to Yield - Sign-Controlled Intersection,16,Intersection,October,C: Possible Injury,16:45:00,Bicyclist Ride Through - Sign-Controlled Intersection,2014,No,No,Daylight,Straight - Level,Local Street,Dry,"Two-Way, Not Divided",None,No Special Feature,Coarse Asphalt,2 lanes,"35.595179896, -82.5505137686"
695,Winston-Salem,Forsyth,Piedmont,Residential,Urban (>70% Developed),400 LINVILLE RD,Urban,40 - 45  MPH,"Double Yellow Line, No Passing Zone",Clear,No,49,40-49,NA,No,With Traffic,B: Evident Injury,Travel Lane,White,Male,46,40-49,NA,No,41-45 mph,O: No Injury,White,Female,Passenger Car,No,23OCT2014,Thursday,Motorist Overtaking Bicyclist,17,Non-Intersection,October,B: Evident Injury,17:37:00,Motorist Overtaking - Bicyclist Swerved,2014,Yes,No,Daylight,Straight - Grade,Local Street,Dry,"Two-Way, Not Divided",None,No Special Feature,Smooth Asphalt,2 lanes,"36.1052010935, -80.1589430854"
698,Raleigh,Wake,Piedmont,Commercial,Urban (>70% Developed),WILMINGTON ST,Urban,30 - 35  MPH,No Control Present,Clear,No,23,20-24,NA,No,With Traffic,O: No Injury,Travel Lane,Black,Male,60,60-69,NA,No,31-35 mph,O: No Injury,White,Female,Passenger Car,No,28OCT2014,Tuesday,Motorist Overtaking Bicyclist,14,Intersection-Related,October,O: No Injury,14:47:00,Motorist Overtaking - Misjudged Space,2014,No,No,Daylight,Straight - Level,Local Street,Dry,"One-Way, Not Divided",None,No Special Feature,Smooth Asphalt,2 lanes,"35.7796930799, -78.6381526088"
701,Durham,Durham,Piedmont,Residential,Urban (>70% Developed),DUKE UNIVERSITY RD,Urban,30 - 35  MPH,No Control Present,Clear,No,52,50-59,NA,No,With Traffic,K: Killed,NA,White,Male,70+,70+,NA,No,6-10 mph,O: No Injury,Black,Male,Pickup,No,18OCT2014,Saturday,Motorist Left Turn / Merge,19,Intersection,October,K: Killed,19:48:00,Motorist Left Turn - Opposite Direction,2014,Yes,No,Daylight,Straight - Grade,Local Street,Dry,"Two-Way, Not Divided",None,Four-Way Intersection,Smooth Asphalt,2 lanes,"35.9966311162, -78.921162706"
703,None - Rural Crash,Wake,Piedmont,"Farms, Woods, Pastures",Rural (<30% Developed),SR 1906,Rural,40 - 45  MPH,"Double Yellow Line, No Passing Zone",Clear,No,39,30-39,NA,No,With Traffic,B: Evident Injury,Travel Lane,White,Male,NA,NA,NA,Missing,41-45 mph,Unknown Injury,Unknown/Missing,NA,NA,No,04OCT2014,Saturday,Motorist Overtaking Bicyclist,9,Non-Intersection,October,B: Evident Injury,09:35:00,Motorist Overtaking - Misjudged Space,2014,No,Yes,Daylight,Straight - Grade,State Secondary Route,Dry,"Two-Way, Not Divided",None,No Special Feature,Coarse Asphalt,2 lanes,"36.0583571389, -78.6500326273"
3008,None - Rural Crash,Halifax,Coastal,"Farms, Woods, Pastures",Rural (<30% Developed),NA,Rural,50 - 55  MPH,"Double Yellow Line, No Passing Zone",Clear,No,12,11-15,No,NA,With Traffic,O: No Injury,Travel Lane,Black,Male,64,60-69,No,NA,46-50 mph,O: No Injury,Black,Male,Passenger Car,No,18MAY2011,Wednesday,Motorist Overtaking Bicyclist,19,Non-Intersection,May,O: No Injury,19:45:00,Motorist Overtaking - Bicyclist Swerved,2011,No,No,Daylight,Straight - Level,State Secondary Route,Dry,"Two-Way, Not Divided",None,No Special Feature,Coarse Asphalt,2 lanes,"36.3114772265, -77.6848023466"
3010,Charlotte,Mecklenburg,Piedmont,Residential,Urban (>70% Developed),NA,Urban,20 - 25  MPH,No Control Present,Clear,No,13,11-15,No,NA,Facing Traffic,C: Possible Injury,Sidewalk / Crosswalk / Driveway Crossing,Black,Male,26,25-29,No,NA,6-10 mph,O: No Injury,Hispanic,Male,Passenger Car,No,28APR2011,Thursday,Motorist Failed to Yield - Midblock,18,Non-Intersection,April,C: Possible Injury,18:42:00,Motorist Drive Out - Commercial Driveway / Alley,2011,No,No,Daylight,Straight - Level,Local Street,Dry,"Two-Way, Not Divided",None,No Special Feature,Smooth Asphalt,2 lanes,"35.2471368872, -80.8179032356"
3017,None - Rural Crash,Robeson,Coastal,Residential,Mixed (30% To 70% Developed),NA,Rural,50 - 55  MPH,No Control Present,Rain,No,56,50-59,No,NA,With Traffic,A: Disabling Injury,Travel Lane,Native American,Male,66,60-69,No,NA,26-30 mph,O: No Injury,White,Male,Pickup,No,17MAY2011,Tuesday,Motorist Overtaking Bicyclist,23,Non-Intersection,May,A: Disabling Injury,23:12:00,Motorist Overtaking - Other / Unknown,2011,Yes,No,Dark - Roadway Not Lighted,Straight - Level,State Secondary Route,Wet,"Two-Way, Not Divided",None,No Special Feature,Coarse Asphalt,2 lanes,"34.8619568651, -79.1057027021"
3021,None - Rural Crash,Watauga,Mountains,"Farms, Woods, Pastures",Rural (<30% Developed),NA,Rural,50 - 55  MPH,No Control Present,Clear,No,21,20-24,No,NA,With Traffic,C: Possible Injury,Travel Lane,White,Male,35,30-39,No,NA,21-25 mph,O: No Injury,White,Male,Pickup,No,28MAY2011,Saturday,Head-On,16,Non-Intersection,May,C: Possible Injury,16:44:00,Head-On - Bicyclist,2011,Yes,No,Daylight,Curve - Grade,State Secondary Route,Dry,"Two-Way, Not Divided",None,No Special Feature,Coarse Asphalt,2 lanes,"36.2106070573, -81.6987035521"
3030,None - Rural Crash,Onslow,Coastal,Residential,Rural (<30% Developed),NA,Rural,40 - 45  MPH,No Control Present,Clear,No,16,16-19,No,NA,With Traffic,B: Evident Injury,Travel Lane,White,Male,31,30-39,No,NA,41-45 mph,O: No Injury,White,Female,Passenger Car,No,31MAY2011,Tuesday,Bicyclist Left Turn / Merge,16,Non-Intersection,May,B: Evident Injury,16:46:00,Bicyclist Left Turn - Same Direction,2011,Yes,No,Daylight,Straight - Level,State Secondary Route,Dry,"Two-Way, Not Divided",None,No Special Feature,Coarse Asphalt,2 lanes,"34.9023469268, -77.5445022326"
3031,None - Rural Crash,Lenoir,Coastal,Residential,Rural (<30% Developed),NA,Rural,5 - 15 MPH,No Control Present,Clear,No,13,11-15,No,NA,With Traffic,C: Possible Injury,Travel Lane,Black,Female,NA,NA,No,NA,0-5 mph,Unknown Injury,Unknown/Missing,NA,Passenger Car,No,30MAY2011,Monday,Motorist Overtaking Bicyclist,19,Non-Intersection,May,C: Possible Injury,19:10:00,Motorist Overtaking - Other / Unknown,2011,Yes,Yes,Daylight,Straight - Level,Local Street,"Sand, Mud, Dirt, Gravel","Two-Way, Not Divided","Rut, Holes, Bumps",No Special Feature,Gravel,2 lanes,"35.326847015, -77.6748022932"
3034,Wilmington,New Hanover,Coastal,Residential,Rural (<30% Developed),NA,Urban,NA,No Control Present,Clear,No,54,50-59,No,NA,With Traffic,Unknown Injury,Travel Lane,White,Male,44,40-49,No,NA,NA,Unknown Injury,White,Male,Van,No,11MAY2011,Wednesday,Motorist Right Turn / Merge,13,Intersection,May,Unknown Injury,13:40:00,Motorist Right Turn - Same Direction,2011,No,No,NA,NA,NA,NA,NA,None,No Special Feature,NA,NA,"34.175746755, -77.8944023035"
3036,None - Rural Crash,Yadkin,Mountains,Residential,Rural (<30% Developed),NA,Rural,50 - 55  MPH,"Double Yellow Line, No Passing Zone",Clear,No,41,40-49,No,NA,With Traffic,B: Evident Injury,Travel Lane,White,Male,22,20-24,No,NA,0-5 mph,O: No Injury,White,Female,Passenger Car,No,24MAY2011,Tuesday,Motorist Left Turn / Merge,18,Intersection,May,B: Evident Injury,18:54:00,Motorist Left Turn - Opposite Direction,2011,Yes,No,Daylight,Straight - Level,State Secondary Route,Dry,"Two-Way, Not Divided",None,T-Intersection,Smooth Asphalt,2 lanes,"36.063937068, -80.6083032185"
3037,Lumberton,Robeson,Coastal,Commercial,Mixed (30% To 70% Developed),NA,Urban,50 - 55  MPH,No Control Present,Clear,No,51,50-59,Yes,NA,Not Applicable,K: Killed,NA,Black,Female,53,50-59,No,NA,46-50 mph,O: No Injury,Black,Male,Pickup,Yes,03JUN2011,Friday,Bicyclist Failed to Yield - Midblock,23,Non-Intersection,June,K: Killed,23:29:00,Bicyclist Ride Out - Midblock - Unknown,2011,Yes,No,Dark - Roadway Not Lighted,Straight - Level,NC Route,Dry,"Two-Way, Not Divided",None,No Special Feature,Smooth Asphalt,3 lanes,"34.5900968078, -79.0429026698"
3040,Goldsboro,Wayne,Coastal,Commercial,Urban (>70% Developed),NA,Urban,30 - 35  MPH,Other,Clear,No,21,20-24,No,NA,Not Applicable,C: Possible Injury,NA,White,Male,43,40-49,No,NA,21-25 mph,O: No Injury,White,Female,Sport Utility,No,20MAY2011,Friday,Bicyclist Failed to Yield - Midblock,14,Non-Intersection,May,C: Possible Injury,14:20:00,Bicyclist Ride Out - Other Midblock,2011,Yes,No,Daylight,Straight - Level,Local Street,Dry,"Two-Way, Divided, Unprotected Median",None,Related To Intersection,Coarse Asphalt,6 lanes,"35.3706870149, -77.9537023793"
3044,None - Rural Crash,New Hanover,Coastal,Residential,Mixed (30% To 70% Developed),NA,Rural,30 - 35  MPH,"Double Yellow Line, No Passing Zone",Clear,No,52,50-59,No,NA,With Traffic,B: Evident Injury,Travel Lane,White,Male,70+,70+,No,NA,11-15 mph,O: No Injury,White,Male,Passenger Car,No,04JUN2011,Saturday,Motorist Left Turn / Merge,20,Intersection,June,B: Evident Injury,20:25:00,Motorist Left Turn - Opposite Direction,2011,Yes,No,Dusk,Straight - Level,State Secondary Route,Dry,"Two-Way, Not Divided",None,Y-Intersection,Coarse Asphalt,2 lanes,"34.2675967772, -77.8131022828"
3052,Charlotte,Mecklenburg,Piedmont,Residential,Urban (>70% Developed),NA,Urban,30 - 35  MPH,No Control Present,Clear,No,28,25-29,No,NA,Not Applicable,C: Possible Injury,Sidewalk / Crosswalk / Driveway Crossing,Hispanic,Male,40,40-49,No,NA,26-30 mph,O: No Injury,Black,Female,Passenger Car,No,18MAY2011,Wednesday,Crossing Paths - Other Circumstances,14,Intersection,May,C: Possible Injury,14:42:00,Crossing Paths - Intersection - Other / Unknown,2011,No,No,Daylight,Straight - Grade,Local Street,Dry,"Two-Way, Not Divided",None,No Special Feature,Smooth Asphalt,4 lanes,"35.2337168838, -80.8427032424"
3057,Gastonia,Gaston,Piedmont,Commercial,Urban (>70% Developed),NA,Urban,40 - 45  MPH,Stop And Go Signal,Clear,No,70+,70+,No,NA,With Traffic,O: No Injury,Travel Lane,Black,Female,52,50-59,No,NA,31-35 mph,C: Possible Injury,White,Male,Passenger Car,No,22MAY2011,Sunday,Motorist Overtaking Bicyclist,15,Intersection,May,C: Possible Injury,15:24:00,Motorist Overtaking - Other / Unknown,2011,Yes,No,Daylight,Straight - Grade,NC Route,Dry,"Two-Way, Not Divided",None,Four-Way Intersection,Smooth Asphalt,3 lanes,"35.2856968805, -81.2398033637"
3065,Zebulon,Wake,Piedmont,Commercial,Urban (>70% Developed),NA,Rural,30 - 35  MPH,Stop Sign,Clear,No,10,6-10,No,NA,Not Applicable,C: Possible Injury,Travel Lane,Black,Male,18,0-19,No,NA,0-5 mph,O: No Injury,Black,Female,Passenger Car,No,11JUN2011,Saturday,Parallel Paths - Other Circumstances,15,Intersection,June,C: Possible Injury,15:40:00,Parallel Paths - Other / Unknown,2011,No,No,Daylight,Straight - Level,Local Street,Dry,"Two-Way, Not Divided",None,No Special Feature,Coarse Asphalt,3 lanes,"35.8202870989, -78.3273025164"
3066,None - Rural Crash,Randolph,Piedmont,"Farms, Woods, Pastures",Rural (<30% Developed),NA,Rural,NA,"Double Yellow Line, No Passing Zone",Clear,No,19,16-19,No,NA,With Traffic,C: Possible Injury,Travel Lane,Black,Male,NA,NA,Missing,NA,NA,Unknown Injury,Unknown/Missing,NA,Passenger Car,No,12JUN2011,Sunday,Motorist Overtaking Bicyclist,1,Non-Intersection,June,C: Possible Injury,01:14:00,Motorist Overtaking - Other / Unknown,2011,Yes,Yes,Dark - Unknown Lighting,Straight - Level,US Route,Dry,"Two-Way, Not Divided",None,"Driveway, Public",Smooth Asphalt,2 lanes,"35.8850370604, -79.8056029675"
3069,Cherokee Reservation,Swain,Mountains,Residential,Rural (<30% Developed),NA,Rural,40 - 45  MPH,Flashing Signal With Stop Sign,Clear,No,20,20-24,No,NA,Facing Traffic,B: Evident Injury,Travel Lane,Hispanic,Female,49,40-49,No,NA,11-15 mph,O: No Injury,Hispanic,Male,Pickup,No,14JUN2011,Tuesday,Motorist Right Turn / Merge,7,Intersection,June,B: Evident Injury,07:52:00,Motorist Right Turn - Opposite Direction,2011,Yes,No,Daylight,Straight - Level,Local Street,Dry,"Two-Way, Divided, Unprotected Median",None,No Special Feature,Smooth Asphalt,5 lanes,"35.4770868414, -83.320503989"
3072,Chapel Hill,Orange,Piedmont,Commercial,Urban (>70% Developed),NA,Urban,5 - 15 MPH,Stop Sign,Clear,No,23,20-24,No,NA,Facing Traffic,C: Possible Injury,Sidewalk / Crosswalk / Driveway Crossing,White,Male,28,25-29,No,NA,NA,O: No Injury,White,Female,Sport Utility,No,27MAY2011,Friday,Motorist Failed to Yield - Sign-Controlled Intersection,10,Intersection,May,C: Possible Injury,10:07:00,Motorist Drive Out - Sign-Controlled Intersection,2011,Yes,No,Daylight,Straight - Grade,"Private Road, Driveway",Dry,"Two-Way, Not Divided",None,"Driveway, Public",Smooth Asphalt,5 lanes,"35.9304670971, -79.0549027427"
3078,Durham,Durham,Piedmont,Residential,Urban (>70% Developed),NA,Urban,30 - 35  MPH,Stop Sign,Clear,No,12,11-15,No,NA,NA,C: Possible Injury,Travel Lane,Black,Male,48,40-49,No,NA,26-30 mph,O: No Injury,Hispanic,Female,Passenger Car,No,15JUN2011,Wednesday,Bicyclist Failed to Yield - Sign-Controlled Intersection,20,Intersection,June,C: Possible Injury,20:20:00,Bicyclist Ride Out - Sign-Controlled Intersection,2011,No,No,Daylight,Curve - Level,Local Street,Dry,"Two-Way, Not Divided",None,No Special Feature,Smooth Asphalt,2 lanes,"36.0015671187, -78.8668026895"
3087,None - Rural Crash,Lee,Piedmont,"Farms, Woods, Pastures",Rural (<30% Developed),NA,Rural,50 - 55  MPH,"Double Yellow Line, No Passing Zone",Clear,No,41,40-49,Yes,NA,Facing Traffic,O: No Injury,Travel Lane,Black,Male,35,30-39,No,NA,46-50 mph,O: No Injury,Black,Male,Passenger Car,Yes,17JUN2011,Friday,Head-On,22,Non-Intersection,June,O: No Injury,22:10:00,Head-On - Bicyclist,2011,Yes,No,Dark - Roadway Not Lighted,Straight - Level,State Secondary Route,Dry,"Two-Way, Not Divided",None,No Special Feature,Smooth Asphalt,2 lanes,"35.4551669873, -79.2879027882"
3095,Mooresville,Iredell,Piedmont,Commercial,Urban (>70% Developed),NA,Urban,30 - 35  MPH,Stop Sign,Clear,No,19,16-19,No,NA,Facing Traffic,O: No Injury,Sidewalk / Crosswalk / Driveway Crossing,Black,Female,44,40-49,No,NA,31-35 mph,B: Evident Injury,White,Male,Van,No,03JUN2011,Friday,Motorist Left Turn / Merge,14,Intersection,June,B: Evident Injury,14:58:00,Motorist Left Turn - Same Direction,2011,No,No,Daylight,Straight - Level,Local Street,Dry,"Two-Way, Not Divided",None,No Special Feature,Smooth Asphalt,2 lanes,"35.5861969594, -80.8193032549"
3108,Salisbury,Rowan,Piedmont,Residential,Urban (>70% Developed),NA,Urban,30 - 35  MPH,No Control Present,Clear,No,52,50-59,Yes,NA,With Traffic,C: Possible Injury,Sidewalk / Crosswalk / Driveway Crossing,Black,Male,26,25-29,No,NA,16-20 mph,O: No Injury,White,Female,Passenger Car,Yes,14JUN2011,Tuesday,Parallel Paths - Other Circumstances,17,Non-Intersection,June,C: Possible Injury,17:50:00,Bicyclist Ride Out - Parallel Path,2011,Yes,No,Daylight,Straight - Level,NA,Dry,"Two-Way, Divided, Unprotected Median",None,No Special Feature,Smooth Asphalt,2 lanes,"35.6601069881, -80.4802031577"
3109,Raleigh,Wake,Piedmont,Residential,Urban (>70% Developed),NA,Urban,40 - 45  MPH,Stop Sign,Clear,No,12,11-15,No,NA,With Traffic,B: Evident Injury,Travel Lane,Black,Male,19,0-19,No,NA,0-5 mph,O: No Injury,White,Female,Passenger Car,No,18JUN2011,Saturday,Motorist Right Turn / Merge,12,Intersection,June,B: Evident Injury,12:44:00,Motorist Right Turn - Same Direction,2011,Yes,No,Daylight,Straight - Hillcrest,Local Street,Dry,"Two-Way, Divided, Unprotected Median",None,Four-Way Intersection,Smooth Asphalt,5 lanes,"35.7572870731, -78.6998026257"
3116,Asheville,Buncombe,Mountains,Commercial,Mixed (30% To 70% Developed),NA,Urban,20 - 25  MPH,Stop Sign,Clear,No,12,11-15,No,NA,With Traffic,O: No Injury,Travel Lane,White,Male,NA,NA,Missing,NA,16-20 mph,Unknown Injury,Unknown/Missing,NA,NA,No,04JUN2011,Saturday,Bicyclist Failed to Yield - Sign-Controlled Intersection,12,Intersection,June,O: No Injury,12:50:00,Bicyclist Ride Out - Sign-Controlled Intersection,2011,No,Yes,Daylight,Straight - Level,Local Street,Dry,"Two-Way, Not Divided",None,Four-Way Intersection,Coarse Asphalt,2 lanes,"35.5778368913, -82.5796037769"
3120,Winston-Salem,Forsyth,Piedmont,Residential,Urban (>70% Developed),NA,Urban,30 - 35  MPH,Flashing Signal With Stop Sign,Clear,No,49,40-49,No,NA,With Traffic,C: Possible Injury,NA,Black,Male,23,20-24,No,NA,6-10 mph,O: No Injury,Black,Male,Passenger Car,No,30MAY2011,Monday,Crossing Paths - Other Circumstances,19,Intersection-Related,May,C: Possible Injury,19:10:00,Crossing Paths - Intersection - Other / Unknown,2011,Yes,No,Daylight,Straight - Level,Local Street,Dry,"Two-Way, Not Divided",None,Four-Way Intersection,Smooth Asphalt,2 lanes,"36.1220370951, -80.222303106"
3129,Durham,Durham,Piedmont,Residential,Urban (>70% Developed),NA,Urban,30 - 35  MPH,No Control Present,Clear,No,15,11-15,No,NA,With Traffic,C: Possible Injury,Travel Lane,White,Male,20,20-24,No,NA,11-15 mph,O: No Injury,Hispanic,Male,Passenger Car,No,30JUN2011,Thursday,Bicyclist Left Turn / Merge,14,Intersection,June,C: Possible Injury,14:23:00,Bicyclist Left Turn - Same Direction,2011,Yes,No,Daylight,Straight - Level,Local Street,Dry,"Two-Way, Not Divided",Road Surface Condition,Four-Way Intersection,Smooth Asphalt,2 lanes,"36.0402771256, -78.9121027059"
3145,Charlotte,Mecklenburg,Piedmont,Commercial,Urban (>70% Developed),NA,Urban,30 - 35  MPH,Stop Sign,Clear,No,18,16-19,No,NA,Facing Traffic,Unknown Injury,Sidewalk / Crosswalk / Driveway Crossing,Black,Male,46,40-49,No,NA,0-5 mph,O: No Injury,White,Male,Pickup,No,11JUN2011,Saturday,Loss of Control / Turning Error,13,Intersection,June,O: No Injury,13:57:00,"Bicyclist Lost Control - Oversteering, Improper Braking, Speed",2011,Yes,No,Daylight,Straight - Level,Local Street,Dry,"Two-Way, Not Divided",None,No Special Feature,Coarse Asphalt,2 lanes,"35.2487168905, -80.7542032162"
3149,Raleigh,Wake,Piedmont,Industrial,Urban (>70% Developed),NA,Urban,30 - 35  MPH,Stop And Go Signal,Clear,No,31,30-39,Yes,NA,With Traffic,B: Evident Injury,Travel Lane,White,Male,21,20-24,No,NA,6-10 mph,O: No Injury,Hispanic,Male,Passenger Car,Yes,02JUL2011,Saturday,Motorist Left Turn / Merge,23,Intersection,July,B: Evident Injury,23:09:00,Motorist Left Turn - Opposite Direction,2011,Yes,No,Dark - Lighted Roadway,Straight - Level,Local Street,Dry,"Two-Way, Not Divided",None,Four-Way Intersection,Smooth Asphalt,6 lanes,"35.7805070797, -78.6417026094"
3154,High Point,Guilford,Piedmont,Residential,Urban (>70% Developed),NA,Urban,NA,No Control Present,Clear,No,12,11-15,No,NA,Not Applicable,B: Evident Injury,Non-Roadway,Black,Male,NA,NA,Missing,NA,NA,Unknown Injury,Unknown/Missing,NA,NA,No,15JUN2011,Wednesday,Bicyclist Failed to Yield - Midblock,19,Non-Intersection,June,B: Evident Injury,19:30:00,Bicyclist Ride Out - Commercial Driveway / Alley,2011,No,Yes,Daylight,Straight - Bottom,Local Street,Dry,"Two-Way, Not Divided",None,No Special Feature,Smooth Asphalt,2 lanes,"35.9991770755, -80.0371030432"
3156,Charlotte,Mecklenburg,Piedmont,Commercial,Urban (>70% Developed),NA,Urban,30 - 35  MPH,Stop And Go Signal,Cloudy,No,51,50-59,No,NA,Facing Traffic,B: Evident Injury,Sidewalk / Crosswalk / Driveway Crossing,Black,Male,41,40-49,No,NA,0-5 mph,O: No Injury,White,Female,Passenger Car,No,16JUN2011,Thursday,Bicyclist Failed to Yield - Signalized Intersection,8,Intersection,June,B: Evident Injury,08:37:00,Bicyclist Ride Out - Signalized  Intersection,2011,Yes,No,Dawn,Straight - Level,Local Street,Dry,"Two-Way, Not Divided",None,Four-Way Intersection,Smooth Asphalt,4 lanes,"35.1906468759, -80.8109032303"
3162,Garner,Wake,Piedmont,Commercial,Urban (>70% Developed),NA,Urban,30 - 35  MPH,No Control Present,Cloudy,No,16,16-19,No,NA,Not Applicable,C: Possible Injury,Sidewalk / Crosswalk / Driveway Crossing,White,Male,33,30-39,No,NA,0-5 mph,O: No Injury,White,Female,Passenger Car,No,05JUL2011,Tuesday,Non-Roadway,17,Non-Roadway,July,C: Possible Injury,17:23:00,Non-Roadway,2011,No,No,Daylight,Straight - Grade,Public Vehicular Area,Dry,"Two-Way, Not Divided",None,"Driveway, Public",Coarse Asphalt,NA,"35.694277062, -78.615902597"
3169,Asheville,Buncombe,Mountains,Institutional,Urban (>70% Developed),NA,Urban,20 - 25  MPH,Stop Sign,Clear,No,20,20-24,No,NA,With Traffic,B: Evident Injury,Travel Lane,White,Male,70+,70+,No,NA,0-5 mph,O: No Injury,White,Male,Passenger Car,No,12JUL2011,Tuesday,Motorist Failed to Yield - Sign-Controlled Intersection,15,Intersection,July,B: Evident Injury,15:50:00,Motorist Drive Out - Sign-Controlled Intersection,2011,No,No,Daylight,Curve - Grade,Local Street,Dry,"Two-Way, Not Divided",None,T-Intersection,Smooth Asphalt,2 lanes,"35.5739768914, -82.5541037693"
3172,Rocky Mount,Nash,Coastal,Residential,Urban (>70% Developed),NA,Urban,5 - 15 MPH,Stop Sign,Clear,No,6,6-10,No,NA,With Traffic,B: Evident Injury,Travel Lane,Black,Female,19,0-19,No,NA,6-10 mph,O: No Injury,Black,Female,Sport Utility,No,18MAY2011,Wednesday,Bicyclist Failed to Yield - Sign-Controlled Intersection,16,Intersection,May,B: Evident Injury,16:08:00,Bicyclist Ride Through - Sign-Controlled Intersection,2011,Yes,No,Daylight,Straight - Level,Local Street,Dry,"Two-Way, Not Divided",None,No Special Feature,Smooth Asphalt,2 lanes,"35.9680971459, -77.8866023899"
3181,Belmont,Gaston,Piedmont,Residential,Mixed (30% To 70% Developed),NA,Urban,40 - 45  MPH,No Control Present,Clear,No,61,60-69,No,NA,With Traffic,B: Evident Injury,Travel Lane,White,Male,19,0-19,No,NA,41-45 mph,O: No Injury,White,Male,Passenger Car,No,31MAY2011,Tuesday,Motorist Overtaking Bicyclist,5,Non-Intersection,May,B: Evident Injury,05:48:00,Motorist Overtaking - Other / Unknown,2011,No,No,Dawn,Straight - Level,Local Street,Dry,"Two-Way, Not Divided",None,No Special Feature,Coarse Asphalt,2 lanes,"35.2559768807, -81.0512033055"
3183,None - Rural Crash,Cumberland,Coastal,"Farms, Woods, Pastures",Mixed (30% To 70% Developed),NA,Rural,40 - 45  MPH,"Double Yellow Line, No Passing Zone",Clear,No,17,16-19,No,NA,Not Applicable,O: No Injury,Other,Black,Male,44,40-49,No,NA,41-45 mph,O: No Injury,White,Male,Pickup,No,15JUL2011,Friday,Bicyclist Failed to Yield - Midblock,12,Non-Intersection,July,O: No Injury,12:19:00,Bicyclist Ride Out - Other Midblock,2011,No,No,Daylight,Straight - Level,State Secondary Route,Dry,"Two-Way, Not Divided",None,Non-Intersection Median Crossing,Coarse Asphalt,2 lanes,"34.9901069004, -78.9041026482"
3200,Charlotte,Mecklenburg,Piedmont,Commercial,Urban (>70% Developed),NA,Urban,30 - 35  MPH,Stop And Go Signal,Clear,No,15,11-15,No,NA,With Traffic,B: Evident Injury,Sidewalk / Crosswalk / Driveway Crossing,Black,Male,24,20-24,No,NA,11-15 mph,O: No Injury,Hispanic,Male,"Light Truck (Mini-Van, Panel)",No,02JUL2011,Saturday,Motorist Right Turn / Merge,21,Intersection,July,B: Evident Injury,21:36:00,Motorist Right Turn - Same Direction,2011,Yes,No,Dark - Lighted Roadway,Straight - Level,Local Street,Dry,"Two-Way, Not Divided",None,No Special Feature,Smooth Asphalt,4 lanes,"35.2140468819, -80.7712032194"
3202,Raleigh,Wake,Piedmont,Residential,Urban (>70% Developed),NA,Urban,20 - 25  MPH,No Control Present,Clear,No,17,16-19,No,NA,Not Applicable,C: Possible Injury,Sidewalk / Crosswalk / Driveway Crossing,Hispanic,Male,33,30-39,No,NA,6-10 mph,O: No Injury,Black,Male,Passenger Car,No,20JUL2011,Wednesday,Bicyclist Failed to Yield - Midblock,18,Non-Intersection,July,C: Possible Injury,18:53:00,Bicyclist Ride Out - Other Midblock,2011,Yes,No,Daylight,Straight - Level,Local Street,Dry,"Two-Way, Not Divided",None,No Special Feature,Smooth Asphalt,2 lanes,"35.7857270841, -78.5468025817"
3205,Wilmington,New Hanover,Coastal,Residential,Urban (>70% Developed),NA,Urban,30 - 35  MPH,No Control Present,Clear,No,56,50-59,No,NA,With Traffic,B: Evident Injury,Travel Lane,White,Male,70+,70+,No,NA,31-35 mph,O: No Injury,White,Male,Passenger Car,No,04JUL2011,Monday,Motorist Overtaking Bicyclist,17,Non-Intersection,July,B: Evident Injury,17:42:00,Motorist Overtaking - Other / Unknown,2011,Yes,No,Daylight,Straight - Level,Local Street,Dry,"Two-Way, Not Divided",None,No Special Feature,Coarse Asphalt,2 lanes,"34.2196667655, -77.8617022952"
3208,None - Rural Crash,New Hanover,Coastal,Commercial,Mixed (30% To 70% Developed),NA,Rural,40 - 45  MPH,No Control Present,Clear,No,41,40-49,No,NA,Facing Traffic,A: Disabling Injury,Travel Lane,White,Female,55,50-59,No,NA,6-10 mph,O: No Injury,White,Female,Sport Utility,No,23JUL2011,Saturday,Motorist Failed to Yield - Midblock,13,Non-Intersection,July,A: Disabling Injury,13:20:00,Motorist Drive Out - Other Midblock,2011,Yes,No,Daylight,Straight - Level,US Route,Dry,"Two-Way, Divided, Unprotected Median",None,"Driveway, Public",Coarse Asphalt,4 lanes,"34.0794167328, -77.8946022989"