object_id,city,county,region,development,locality,on_road,rural_urban,speed_limit,traffic_control,weather,workzone,bike_age,bike_age_group,bike_alcohol,bike_alcohol_drugs,bike_direction,bike_injury,bike_position,bike_race,bike_sex,driver_age,driver_age_group,driver_alcohol,driver_alcohol_drugs,driver_est_speed,driver_injury,driver_race,driver_sex,driver_vehicle_type,crash_alcohol,crash_date,crash_day,crash_group,crash_hour,crash_location,crash_month,crash_severity,crash_time,crash_type,crash_year,ambulance_req,hit_run,light_condition,road_character,road_class,road_condition,road_configuration,road_defects,road_feature,road_surface,num_lanes,geo_point
3217,Carrboro,Orange,Piedmont,Commercial,Urban (>70% Developed),NA,Urban,20 - 25  MPH,No Control Present,Clear,No,70+,70+,No,NA,With Traffic,K: Killed,Travel Lane,White,Male,70+,70+,No,NA,11-15 mph,O: No Injury,White,Male,Passenger Car,No,09JUL2011,Saturday,Motorist Overtaking Bicyclist,10,Non-Intersection,July,K: Killed,10:12:00,Motorist Overtaking - Bicyclist Swerved,2011,Yes,No,Daylight,Straight - Level,State Secondary Route,Dry,"Two-Way, Not Divided",None,No Special Feature,Smooth Asphalt,NA,"35.9100670923, -79.0745027481"
3221,None - Rural Crash,New Hanover,Coastal,Residential,Urban (>70% Developed),NA,Rural,30 - 35  MPH,Stop Sign,Cloudy,No,12,11-15,No,NA,Facing Traffic,C: Possible Injury,Travel Lane,White,Male,57,50-59,No,NA,16-20 mph,O: No Injury,White,Male,Pickup,No,26JUL2011,Tuesday,Bicyclist Failed to Yield - Sign-Controlled Intersection,18,Intersection,July,C: Possible Injury,18:01:00,Bicyclist Ride Through - Sign-Controlled Intersection,2011,No,No,Daylight,Straight - Level,State Secondary Route,Wet,"Two-Way, Not Divided",None,T-Intersection,Smooth Asphalt,2 lanes,"34.3116567853, -77.8822023062"
3222,High Point,Guilford,Piedmont,Commercial,Urban (>70% Developed),NA,Urban,30 - 35  MPH,No Control Present,Cloudy,No,30,30-39,No,NA,With Traffic,Unknown Injury,Travel Lane,White,Male,NA,NA,Missing,NA,NA,Unknown Injury,Unknown/Missing,NA,Passenger Car,No,04JUL2011,Monday,Motorist Left Turn / Merge,23,Intersection,July,Unknown Injury,23:27:00,Motorist Left Turn - Opposite Direction,2011,No,Yes,Dark - Lighted Roadway,Straight - Level,Local Street,Dry,"Two-Way, Not Divided",None,T-Intersection,Smooth Asphalt,2 lanes,"35.9538770675, -79.9929030276"
3224,Raleigh,Wake,Piedmont,Commercial,Urban (>70% Developed),NA,Urban,30 - 35  MPH,Stop And Go Signal,Clear,No,13,11-15,No,NA,With Traffic,O: No Injury,Travel Lane,White,Male,54,50-59,No,NA,11-15 mph,O: No Injury,Other,Female,Passenger Car,No,26JUL2011,Tuesday,Bicyclist Left Turn / Merge,14,Intersection-Related,July,O: No Injury,14:01:00,Bicyclist Left Turn - Same Direction,2011,No,No,Daylight,Straight - Level,NC Route,Dry,"Two-Way, Divided, Positive Median Barrier",None,Related To Intersection,Coarse Asphalt,6 lanes,"35.8829771003, -78.6792026262"
3226,Wilmington,New Hanover,Coastal,Commercial,Mixed (30% To 70% Developed),NA,Urban,NA,Stop And Go Signal,Clear,No,34,30-39,No,NA,Facing Traffic,C: Possible Injury,Travel Lane,White,Male,NA,NA,Missing,NA,NA,Unknown Injury,Unknown/Missing,NA,NA,No,01JUL2011,Friday,Crossing Paths - Other Circumstances,21,Intersection,July,C: Possible Injury,21:48:00,Signalized Intersection - Other / Unknown,2011,No,Yes,Daylight,Straight - Level,Local Street,Dry,"Two-Way, Not Divided",None,No Special Feature,Coarse Asphalt,9 or more lanes,"34.2048067603, -77.9241023136"
3227,Durham,Durham,Piedmont,Residential,Urban (>70% Developed),NA,Urban,40 - 45  MPH,Stop And Go Signal,Clear,No,30,30-39,No,NA,With Traffic,C: Possible Injury,Bike Lane / Paved Shoulder,White,Male,NA,NA,Missing,NA,21-25 mph,Unknown Injury,Unknown/Missing,NA,Sport Utility,No,28JUL2011,Thursday,Motorist Right Turn / Merge,18,Intersection,July,C: Possible Injury,18:17:00,Motorist Right Turn - Same Direction,2011,No,Yes,Daylight,Straight - Level,Local Street,Dry,"Two-Way, Divided, Unprotected Median",None,Four-Way Intersection,Smooth Asphalt,6 lanes,"35.9479371057, -78.9238027041"
3234,None - Rural Crash,Cumberland,Coastal,"Farms, Woods, Pastures",Mixed (30% To 70% Developed),NA,Rural,40 - 45  MPH,No Control Present,Clear,No,17,16-19,No,NA,Not Applicable,O: No Injury,Travel Lane,Black,Male,62,60-69,No,NA,36-40 mph,O: No Injury,White,Male,Sport Utility,No,27JUL2011,Wednesday,Bicyclist Failed to Yield - Midblock,16,Non-Intersection,July,O: No Injury,16:57:00,Bicyclist Ride Out - Other Midblock,2011,No,No,Daylight,Straight - Level,State Secondary Route,Dry,"Two-Way, Divided, Unprotected Median",None,No Special Feature,Smooth Asphalt,4 lanes,"34.9995269026, -78.8978026462"
3241,Fayetteville,Cumberland,Coastal,Residential,Urban (>70% Developed),NA,Urban,40 - 45  MPH,Stop And Go Signal,Clear,No,16,16-19,No,NA,Facing Traffic,B: Evident Injury,Travel Lane,Black,Male,26,25-29,No,NA,21-25 mph,O: No Injury,White,Male,Passenger Car,No,26JUL2011,Tuesday,Motorist Right Turn / Merge,21,Intersection,July,B: Evident Injury,21:28:00,Motorist Right Turn - Opposite Direction,2011,Yes,No,Dark - Lighted Roadway,Straight - Grade,Local Street,Dry,"Two-Way, Not Divided",None,Four-Way Intersection,Coarse Asphalt,2 lanes,"35.0257269063, -78.9423026614"
3243,None - Rural Crash,Johnston,Coastal,"Farms, Woods, Pastures",Rural (<30% Developed),NA,Rural,50 - 55  MPH,"Double Yellow Line, No Passing Zone",Clear,No,50,50-59,No,NA,Facing Traffic,B: Evident Injury,Travel Lane,Black,Male,57,50-59,No,NA,41-45 mph,O: No Injury,White,Male,Van,No,01AUG2011,Monday,Head-On,21,Non-Intersection,August,B: Evident Injury,21:55:00,Head-On - Bicyclist,2011,Yes,No,Dark - Roadway Not Lighted,Curve - Level,NC Route,Dry,"Two-Way, Not Divided",None,No Special Feature,Coarse Asphalt,2 lanes,"35.3149569859, -78.4577025294"
3256,Charlotte,Mecklenburg,Piedmont,Residential,Mixed (30% To 70% Developed),NA,Urban,5 - 15 MPH,No Control Present,Cloudy,No,13,11-15,No,NA,With Traffic,C: Possible Injury,Travel Lane,Black,Male,37,30-39,No,NA,6-10 mph,C: Possible Injury,White,Female,Passenger Car,No,25JUL2011,Monday,Loss of Control / Turning Error,15,Intersection,July,C: Possible Injury,15:41:00,"Bicyclist Lost Control - Oversteering, Improper Braking, Speed",2011,No,No,Daylight,Straight - Level,Local Street,Dry,"Two-Way, Not Divided",None,No Special Feature,Smooth Asphalt,2 lanes,"35.2270968819, -80.8431032414"
3262,Raleigh,Wake,Piedmont,Residential,Urban (>70% Developed),NA,Urban,30 - 35  MPH,No Control Present,Clear,No,29,25-29,No,NA,With Traffic,C: Possible Injury,Travel Lane,White,Male,21,20-24,No,NA,16-20 mph,O: No Injury,White,Female,Passenger Car,No,03AUG2011,Wednesday,Motorist Left Turn / Merge,16,Intersection,August,C: Possible Injury,16:31:00,Motorist Left Turn - Opposite Direction,2011,Yes,No,Daylight,Straight - Grade,Local Street,Dry,"Two-Way, Not Divided",None,Four-Way Intersection,Smooth Asphalt,2 lanes,"35.7931270812, -78.6730026197"
3265,Albemarle,Stanly,Piedmont,Commercial,Urban (>70% Developed),NA,Urban,20 - 25  MPH,Stop Sign,Clear,No,14,11-15,No,NA,With Traffic,C: Possible Injury,Other,White,Male,53,50-59,No,NA,0-5 mph,O: No Injury,White,Female,Passenger Car,No,29JUL2011,Friday,Motorist Failed to Yield - Sign-Controlled Intersection,9,Intersection,July,C: Possible Injury,09:00:00,Motorist Drive Out - Sign-Controlled Intersection,2011,Yes,No,Daylight,Straight - Level,Local Street,Dry,"Two-Way, Not Divided",None,T-Intersection,Smooth Asphalt,2 lanes,"35.3874669403, -80.1945030564"
3267,None - Rural Crash,Bladen,Coastal,"Farms, Woods, Pastures",Rural (<30% Developed),NA,Rural,50 - 55  MPH,No Control Present,Clear,No,56,50-59,No,NA,With Traffic,B: Evident Injury,Bike Lane / Paved Shoulder,White,Male,NA,NA,Missing,NA,51-55 mph,Unknown Injury,Unknown/Missing,NA,Passenger Car,No,08AUG2011,Monday,Motorist Overtaking Bicyclist,18,Non-Intersection,August,B: Evident Injury,18:30:00,Motorist Overtaking - Other / Unknown,2011,No,Yes,Daylight,Straight - Level,State Secondary Route,Dry,"Two-Way, Not Divided",None,No Special Feature,Smooth Asphalt,2 lanes,"34.6280868287, -78.6630025574"
3276,Chapel Hill,Orange,Piedmont,Commercial,Mixed (30% To 70% Developed),NA,Urban,20 - 25  MPH,No Control Present,Clear,No,39,30-39,No,NA,Facing Traffic,C: Possible Injury,Travel Lane,Asian,Female,54,50-59,No,NA,0-5 mph,O: No Injury,White,Male,Passenger Car,No,04AUG2011,Thursday,Motorist Failed to Yield - Sign-Controlled Intersection,16,Intersection,August,C: Possible Injury,16:33:00,Motorist Drive Out - Sign-Controlled Intersection,2011,Yes,No,Daylight,Curve - Level,Local Street,Dry,"Two-Way, Divided, Positive Median Barrier",None,T-Intersection,Smooth Asphalt,4 lanes,"35.9073770935, -79.0209027318"
3277,Gibsonville,Alamance,Piedmont,Residential,Urban (>70% Developed),NA,Urban,30 - 35  MPH,Stop Sign,Cloudy,No,43,40-49,Yes,NA,With Traffic,K: Killed,Travel Lane,Black,Male,28,25-29,No,NA,31-35 mph,O: No Injury,White,Male,NA,Yes,31JUL2011,Sunday,Motorist Overtaking Bicyclist,20,Intersection-Related,July,K: Killed,20:58:00,Motorist Overtaking - Other / Unknown,2011,Yes,Yes,Dark - Lighted Roadway,Curve - Level,Local Street,Dry,"Two-Way, Not Divided",None,T-Intersection,Smooth Asphalt,2 lanes,"36.1003371156, -79.5336028967"
3288,Raleigh,Wake,Piedmont,Residential,Urban (>70% Developed),NA,Urban,20 - 25  MPH,Stop Sign,Clear,No,12,11-15,No,NA,With Traffic,B: Evident Injury,Travel Lane,Black,Male,26,25-29,No,NA,11-15 mph,O: No Injury,Hispanic,Male,Passenger Car,No,14AUG2011,Sunday,Bicyclist Failed to Yield - Sign-Controlled Intersection,19,Intersection,August,B: Evident Injury,19:35:00,Bicyclist Ride Through - Sign-Controlled Intersection,2011,Yes,Yes,Daylight,Straight - Grade,Local Street,Dry,"Two-Way, Not Divided",None,T-Intersection,Coarse Asphalt,2 lanes,"35.7688370784, -78.6022025969"
3293,Hendersonville,Henderson,Mountains,Commercial,Urban (>70% Developed),NA,Urban,30 - 35  MPH,Stop And Go Signal,Clear,No,17,16-19,No,NA,With Traffic,C: Possible Injury,Travel Lane,White,Male,52,50-59,No,NA,6-10 mph,O: No Injury,White,Male,Pickup,No,20JUL2011,Wednesday,Bicyclist Left Turn / Merge,11,Non-Intersection,July,C: Possible Injury,11:53:00,Bicyclist Left Turn - Opposite Direction,2011,Yes,No,Daylight,Straight - Level,Local Street,Dry,"Two-Way, Divided, Unprotected Median",None,No Special Feature,Coarse Asphalt,5 lanes,"35.3068168387, -82.4550037247"
3305,Carrboro,Orange,Piedmont,Commercial,Urban (>70% Developed),NA,Urban,30 - 35  MPH,"Double Yellow Line, No Passing Zone",Cloudy,No,17,16-19,No,NA,With Traffic,C: Possible Injury,Sidewalk / Crosswalk / Driveway Crossing,Black,Male,NA,NA,No,NA,0-5 mph,Unknown Injury,Unknown/Missing,NA,NA,No,13AUG2011,Saturday,Motorist Failed to Yield - Midblock,13,Non-Intersection,August,C: Possible Injury,13:17:00,Motorist Drive Out - Commercial Driveway / Alley,2011,No,Yes,Daylight,Straight - Level,NC Route,Wet,"Two-Way, Divided, Unprotected Median",None,No Special Feature,Smooth Asphalt,4 lanes,"35.9474871004, -79.0587027449"
3308,Raleigh,Wake,Piedmont,Commercial,Urban (>70% Developed),NA,Urban,30 - 35  MPH,Stop Sign,Clear,No,27,25-29,No,NA,Facing Traffic,O: No Injury,Bike Lane / Paved Shoulder,White,Male,59,50-59,No,NA,0-5 mph,O: No Injury,White,Female,Passenger Car,No,19AUG2011,Friday,Motorist Failed to Yield - Sign-Controlled Intersection,17,Intersection,August,O: No Injury,17:36:00,Motorist Drive Out - Sign-Controlled Intersection,2011,No,Yes,Daylight,Straight - Level,Local Street,Dry,"Two-Way, Not Divided",None,Four-Way Intersection,Coarse Asphalt,2 lanes,"35.7892270798, -78.6938026262"
3309,Wilmington,New Hanover,Coastal,Commercial,Urban (>70% Developed),NA,Urban,20 - 25  MPH,Stop Sign,Clear,No,17,16-19,No,NA,With Traffic,A: Disabling Injury,Travel Lane,White,Male,68,60-69,No,NA,21-25 mph,O: No Injury,White,Male,Pickup,No,09AUG2011,Tuesday,Bicyclist Failed to Yield - Sign-Controlled Intersection,22,Intersection,August,A: Disabling Injury,22:01:00,Bicyclist Ride Out - Sign-Controlled Intersection,2011,No,No,Dark - Lighted Roadway,Straight - Grade,Local Street,Dry,"Two-Way, Not Divided",None,No Special Feature,Coarse Asphalt,NA,"34.2431167677, -77.9504023238"
3311,Raleigh,Wake,Piedmont,Commercial,Urban (>70% Developed),NA,Urban,30 - 35  MPH,No Control Present,Clear,No,20,20-24,No,NA,Facing Traffic,O: No Injury,Travel Lane,White,Male,47,40-49,No,NA,6-10 mph,O: No Injury,Black,Male,Passenger Car,No,17AUG2011,Wednesday,Motorist Left Turn / Merge,12,Non-Intersection,August,O: No Injury,12:41:00,Motorist Left Turn - Same Direction,2011,No,No,Daylight,Straight - Level,Local Street,Dry,"Two-Way, Divided, Unprotected Median",None,No Special Feature,Smooth Asphalt,5 lanes,"35.7892770804, -78.6751026201"
3313,None - Rural Crash,Johnston,Coastal,Residential,Mixed (30% To 70% Developed),NA,Rural,40 - 45  MPH,"Double Yellow Line, No Passing Zone",Clear,No,14,11-15,No,NA,With Traffic,A: Disabling Injury,Travel Lane,White,Male,15,0-19,No,NA,41-45 mph,O: No Injury,White,Male,Pickup,No,22AUG2011,Monday,Bicyclist Left Turn / Merge,9,Intersection,August,A: Disabling Injury,09:10:00,Bicyclist Left Turn - Same Direction,2011,Yes,No,Daylight,Straight - Level,State Secondary Route,Dry,"Two-Way, Not Divided",None,No Special Feature,Coarse Asphalt,2 lanes,"35.679077065, -78.4292025398"
3320,Charlotte,Mecklenburg,Piedmont,Commercial,Urban (>70% Developed),NA,Urban,30 - 35  MPH,Stop Sign,Clear,No,24,20-24,No,NA,With Traffic,O: No Injury,Sidewalk / Crosswalk / Driveway Crossing,Hispanic,Male,NA,NA,Missing,NA,0-5 mph,Unknown Injury,Unknown/Missing,NA,NA,No,19AUG2011,Friday,Other / Unknown - Insufficient Details,12,Intersection,August,O: No Injury,12:50:00,Unknown Approach Paths,2011,No,Yes,Daylight,Straight - Level,Public Vehicular Area,Dry,"Two-Way, Divided, Positive Median Barrier",None,"Driveway, Public",Coarse Asphalt,NA,"35.2532368897, -80.7802032246"
3325,None - Rural Crash,Craven,Coastal,"Farms, Woods, Pastures",Rural (<30% Developed),NA,Rural,50 - 55  MPH,No Control Present,Clear,No,40,40-49,No,NA,With Traffic,B: Evident Injury,Bike Lane / Paved Shoulder,White,Male,NA,NA,Missing,NA,21-25 mph,Unknown Injury,Unknown/Missing,NA,Passenger Car,No,29AUG2011,Monday,Motorist Overtaking Bicyclist,1,Non-Intersection,August,B: Evident Injury,01:22:00,Motorist Overtaking - Other / Unknown,2011,Yes,Yes,Dark - Roadway Not Lighted,Straight - Level,US Route,Dry,"Two-Way, Divided, Positive Median Barrier",None,Bridge,Concrete,4 lanes,"35.0991569871, -77.0179020815"
3326,Charlotte,Mecklenburg,Piedmont,Commercial,Urban (>70% Developed),NA,Urban,30 - 35  MPH,Stop And Go Signal,Clear,No,30,30-39,No,NA,With Traffic,B: Evident Injury,Travel Lane,White,Male,22,20-24,No,NA,26-30 mph,B: Evident Injury,Black,Female,Motorcycle,No,16AUG2011,Tuesday,Motorist Failed to Yield - Signalized Intersection,8,Intersection,August,B: Evident Injury,08:57:00,Motorist Drive Through - Signalized Intersection,2011,No,No,Dawn,Straight - Level,Local Street,Dry,"Two-Way, Not Divided",None,No Special Feature,Smooth Asphalt,7 lanes,"35.2256568822, -80.8453032423"
3332,Hamlet,Richmond,Piedmont,Commercial,Mixed (30% To 70% Developed),NA,Urban,30 - 35  MPH,Stop Sign,Clear,No,14,11-15,No,NA,With Traffic,C: Possible Injury,Travel Lane,Black,Male,19,0-19,No,NA,31-35 mph,O: No Injury,Black,Male,Sport Utility,No,16AUG2011,Tuesday,Bicyclist Failed to Yield - Sign-Controlled Intersection,16,Intersection,August,C: Possible Injury,16:28:00,Bicyclist Ride Through - Sign-Controlled Intersection,2011,No,No,Daylight,Straight - Hillcrest,Local Street,Dry,"Two-Way, Not Divided",None,No Special Feature,Coarse Asphalt,2 lanes,"34.8859368498, -79.6985028821"
3336,Burlington,Alamance,Piedmont,Residential,Urban (>70% Developed),NA,Urban,30 - 35  MPH,Stop Sign,Clear,No,8,6-10,No,NA,With Traffic,O: No Injury,Travel Lane,Black,Female,54,50-59,No,NA,31-35 mph,O: No Injury,White,Female,Passenger Car,No,22AUG2011,Monday,Bicyclist Failed to Yield - Sign-Controlled Intersection,13,Intersection,August,O: No Injury,13:33:00,Bicyclist Ride Through - Sign-Controlled Intersection,2011,No,No,Daylight,Straight - Grade,Local Street,Dry,"Two-Way, Not Divided",None,T-Intersection,Smooth Asphalt,2 lanes,"36.0884171163, -79.4417028683"
3337,Asheville,Buncombe,Mountains,Commercial,Urban (>70% Developed),NA,Urban,30 - 35  MPH,No Control Present,Clear,No,36,30-39,No,NA,With Traffic,B: Evident Injury,Travel Lane,White,Male,58,50-59,No,NA,0-5 mph,O: No Injury,White,Male,Pickup,No,19AUG2011,Friday,Motorist Left Turn / Merge,11,Non-Intersection,August,B: Evident Injury,11:26:00,Motorist Left Turn - Opposite Direction,2011,Yes,No,Daylight,Curve - Grade,US Route,Dry,"Two-Way, Divided, Unprotected Median",None,T-Intersection,Smooth Asphalt,5 lanes,"35.5664568901, -82.5444037656"
3339,Elon College,Alamance,Piedmont,Residential,Urban (>70% Developed),NA,Urban,NA,No Control Present,Clear,No,16,16-19,No,NA,Not Applicable,B: Evident Injury,Non-Roadway,White,Male,35,30-39,No,NA,NA,O: No Injury,White,Male,Van,No,22AUG2011,Monday,Non-Roadway,13,Non-Roadway,August,B: Evident Injury,13:54:00,Non-Roadway,2011,Yes,No,Daylight,Straight - Grade,Public Vehicular Area,Dry,"Two-Way, Not Divided",None,"Driveway, Public",Smooth Asphalt,2 lanes,"36.1106471181, -79.5201028935"
3340,Winston-Salem,Forsyth,Piedmont,Residential,Urban (>70% Developed),NA,Urban,20 - 25  MPH,No Control Present,Clear,No,10,6-10,No,NA,Not Applicable,B: Evident Injury,Travel Lane,White,Male,55,50-59,No,NA,26-30 mph,O: No Injury,White,Male,Passenger Car,No,24AUG2011,Wednesday,Bicyclist Failed to Yield - Midblock,19,Non-Intersection,August,B: Evident Injury,19:09:00,Bicyclist Ride Out - Other Midblock,2011,Yes,No,Daylight,Straight - Level,Local Street,Dry,"Two-Way, Not Divided",None,No Special Feature,Smooth Asphalt,2 lanes,"36.0632570828, -80.2252031035"
3348,Raleigh,Wake,Piedmont,Institutional,Urban (>70% Developed),NA,Urban,20 - 25  MPH,Stop And Go Signal,Clear,No,19,16-19,No,NA,With Traffic,B: Evident Injury,Travel Lane,White,Male,NA,NA,Missing,NA,0-5 mph,Unknown Injury,Unknown/Missing,NA,Pickup,No,31AUG2011,Wednesday,Loss of Control / Turning Error,11,Intersection,August,B: Evident Injury,11:55:00,Bicyclist Lost Control - Other / Unknown,2011,Yes,No,Daylight,Straight - Level,Local Street,Dry,"Two-Way, Divided, Positive Median Barrier",None,T-Intersection,Smooth Asphalt,3 lanes,"35.7875370806, -78.6670026176"
3350,Holly Springs,Wake,Piedmont,Commercial,Urban (>70% Developed),NA,Urban,20 - 25  MPH,No Control Present,Clear,No,8,6-10,No,NA,Not Applicable,O: No Injury,Non-Roadway,Black,Male,33,30-39,No,NA,6-10 mph,O: No Injury,Black,Female,Passenger Car,No,31AUG2011,Wednesday,Non-Roadway,17,Non-Roadway,August,O: No Injury,17:47:00,Non-Roadway,2011,No,No,Daylight,Straight - Level,Public Vehicular Area,Dry,"Two-Way, Not Divided",None,No Special Feature,Smooth Asphalt,2 lanes,"35.6597170481, -78.8066026533"
3361,None - Rural Crash,Johnston,Coastal,"Farms, Woods, Pastures",Rural (<30% Developed),NA,Rural,50 - 55  MPH,No Control Present,Clear,No,49,40-49,No,NA,With Traffic,B: Evident Injury,Travel Lane,White,Male,NA,NA,No,NA,51-55 mph,Unknown Injury,Unknown/Missing,NA,Pickup,No,04SEP2011,Sunday,Motorist Overtaking Bicyclist,15,Non-Intersection,September,B: Evident Injury,15:43:00,Motorist Overtaking - Other / Unknown,2011,Yes,Yes,Daylight,Straight - Level,State Secondary Route,Dry,"Two-Way, Not Divided",None,No Special Feature,Coarse Asphalt,2 lanes,"35.484887017, -78.6057025832"
3368,Charlotte,Mecklenburg,Piedmont,Commercial,Urban (>70% Developed),NA,Urban,30 - 35  MPH,Stop Sign,Clear,No,13,11-15,No,NA,Not Applicable,B: Evident Injury,Non-Roadway,Black,Male,20,20-24,No,NA,11-15 mph,O: No Injury,Black,Female,Passenger Car,No,02SEP2011,Friday,Non-Roadway,18,Non-Roadway,September,B: Evident Injury,18:19:00,Non-Roadway,2011,No,No,Daylight,Straight - Level,Public Vehicular Area,Dry,"Two-Way, Not Divided",None,No Special Feature,Smooth Asphalt,NA,"35.3103569031, -80.752303219"
3370,None - Rural Crash,Durham,Piedmont,Residential,Mixed (30% To 70% Developed),NA,Rural,30 - 35  MPH,"Double Yellow Line, No Passing Zone",Clear,No,58,50-59,No,NA,With Traffic,C: Possible Injury,Travel Lane,Black,Male,NA,NA,No,NA,21-25 mph,Unknown Injury,Unknown/Missing,NA,"Single Unit Truck (2-Axle, 6-Tire)",No,28AUG2011,Sunday,Motorist Overtaking Bicyclist,11,Non-Intersection,August,C: Possible Injury,11:05:00,Motorist Overtaking - Misjudged Space,2011,No,Yes,Daylight,Straight - Grade,State Secondary Route,Dry,"Two-Way, Not Divided",None,"Driveway, Private",Smooth Asphalt,2 lanes,"35.9512471087, -78.8474026814"
3373,Wilmington,New Hanover,Coastal,Commercial,Urban (>70% Developed),NA,Urban,30 - 35  MPH,No Control Present,Cloudy,No,43,40-49,No,NA,Facing Traffic,C: Possible Injury,Sidewalk / Crosswalk / Driveway Crossing,Black,Male,59,50-59,No,NA,6-10 mph,O: No Injury,White,Female,Pickup,No,26AUG2011,Friday,Motorist Left Turn / Merge,8,Non-Intersection,August,C: Possible Injury,08:28:00,Motorist Left Turn - Same Direction,2011,Yes,No,Daylight,Straight - Level,Local Street,Wet,"Two-Way, Divided, Unprotected Median",None,No Special Feature,Smooth Asphalt,NA,"34.2313667671, -77.8789023016"
3385,Gastonia,Gaston,Piedmont,Commercial,Urban (>70% Developed),NA,Urban,30 - 35  MPH,Stop And Go Signal,Clear,No,18,16-19,No,NA,With Traffic,C: Possible Injury,Sidewalk / Crosswalk / Driveway Crossing,Black,Male,70+,70+,No,NA,NA,O: No Injury,White,Male,Pickup,No,02SEP2011,Friday,Motorist Right Turn / Merge,11,Intersection,September,C: Possible Injury,11:38:00,Motorist Right Turn - Same Direction,2011,Yes,No,Daylight,Straight - Grade,Local Street,Dry,"Two-Way, Not Divided",None,Four-Way Intersection,Smooth Asphalt,5 lanes,"35.265506878, -81.1776033434"
3387,Wendell,Wake,Piedmont,Residential,Urban (>70% Developed),NA,Urban,30 - 35  MPH,Stop Sign,Clear,No,52,50-59,No,NA,With Traffic,B: Evident Injury,Travel Lane,Black,Male,54,50-59,No,NA,31-35 mph,O: No Injury,White,Female,Passenger Car,No,14SEP2011,Wednesday,Bicyclist Right Turn / Merge,12,Intersection,September,B: Evident Injury,12:25:00,Bicyclist Right Turn - Same Direction,2011,Yes,No,Daylight,Straight - Level,Local Street,Dry,"Two-Way, Not Divided",None,T-Intersection,Coarse Asphalt,2 lanes,"35.778117089, -78.3620025251"
3390,None - Rural Crash,Pitt,Coastal,"Farms, Woods, Pastures",Rural (<30% Developed),NA,Rural,50 - 55  MPH,No Control Present,Clear,No,20,20-24,Yes,NA,With Traffic,K: Killed,Travel Lane,Black,Male,59,50-59,No,NA,51-55 mph,C: Possible Injury,Black,Male,Passenger Car,Yes,15SEP2011,Thursday,Motorist Overtaking Bicyclist,3,Non-Intersection,September,K: Killed,03:09:00,Motorist Overtaking - Undetected Bicyclist,2011,Yes,No,Dark - Roadway Not Lighted,Straight - Level,NC Route,Dry,"Two-Way, Divided, Unprotected Median",None,No Special Feature,Coarse Asphalt,4 lanes,"35.7412371158, -77.3593022172"
3393,Stedman,Cumberland,Coastal,Commercial,Urban (>70% Developed),NA,Rural,30 - 35  MPH,No Control Present,Clear,No,21,20-24,No,NA,With Traffic,C: Possible Injury,Other,White,Male,NA,NA,Missing,NA,11-15 mph,Unknown Injury,Unknown/Missing,NA,NA,No,08SEP2011,Thursday,Motorist Right Turn / Merge,18,Intersection,September,C: Possible Injury,18:31:00,Motorist Right Turn - Same Direction,2011,No,Yes,Daylight,Straight - Level,State Secondary Route,Dry,"Two-Way, Not Divided",None,Related To Intersection,Smooth Asphalt,2 lanes,"35.013606912, -78.6936025854"
3394,None - Rural Crash,Davidson,Piedmont,Residential,Rural (<30% Developed),NA,Rural,50 - 55  MPH,"Double Yellow Line, No Passing Zone",Clear,No,7,6-10,No,NA,Not Applicable,O: No Injury,Driveway / Alley,White,Female,16,0-19,No,NA,21-25 mph,O: No Injury,White,Female,Passenger Car,No,18SEP2011,Sunday,Bicyclist Failed to Yield - Midblock,12,Non-Intersection,September,O: No Injury,12:35:00,Bicyclist Ride Out - Residential Driveway,2011,No,No,Daylight,Straight - Grade,State Secondary Route,Dry,"Two-Way, Not Divided",None,Related To Intersection,Coarse Asphalt,2 lanes,"35.7636870256, -80.0572030356"
3397,Davidson,Mecklenburg,Piedmont,Residential,Urban (>70% Developed),NA,Urban,30 - 35  MPH,No Control Present,Clear,No,45,40-49,No,NA,With Traffic,B: Evident Injury,Travel Lane,White,Male,16,0-19,No,NA,6-10 mph,O: No Injury,White,Female,Passenger Car,No,08SEP2011,Thursday,Motorist Left Turn / Merge,15,Intersection,September,B: Evident Injury,15:46:00,Motorist Left Turn - Opposite Direction,2011,Yes,No,Daylight,Straight - Level,Local Street,Dry,"Two-Way, Divided, Unprotected Median",None,No Special Feature,Smooth Asphalt,2 lanes,"35.4888069385, -80.8276032512"
3398,Wilmington,New Hanover,Coastal,Residential,Urban (>70% Developed),NA,Urban,20 - 25  MPH,No Control Present,Clear,No,51,50-59,No,NA,With Traffic,B: Evident Injury,Sidewalk / Crosswalk / Driveway Crossing,White,Male,67,60-69,No,NA,0-5 mph,O: No Injury,White,Female,Passenger Car,No,07SEP2011,Wednesday,Motorist Failed to Yield - Midblock,18,Non-Intersection,September,B: Evident Injury,18:54:00,Motorist Drive Out - Other Midblock,2011,Yes,No,Daylight,Straight - Level,Local Street,Dry,"Two-Way, Divided, Unprotected Median",NA,No Special Feature,Coarse Asphalt,2 lanes,"34.1945267591, -77.8800023005"
3399,Carrboro,Orange,Piedmont,Commercial,Urban (>70% Developed),NA,Urban,30 - 35  MPH,No Control Present,Clear,No,51,50-59,No,NA,Facing Traffic,C: Possible Injury,Sidewalk / Crosswalk / Driveway Crossing,Black,Male,42,40-49,No,NA,11-15 mph,O: No Injury,White,Male,Pickup,No,12SEP2011,Monday,Motorist Failed to Yield - Midblock,14,Non-Intersection,September,C: Possible Injury,14:09:00,Motorist Drive Out - Commercial Driveway / Alley,2011,Yes,No,Daylight,Straight - Level,NA,Dry,"Two-Way, Not Divided",None,"Driveway, Public",Smooth Asphalt,4 lanes,"35.9109370928, -79.0673027457"