object_id,city,county,region,development,locality,on_road,rural_urban,speed_limit,traffic_control,weather,workzone,bike_age,bike_age_group,bike_alcohol,bike_alcohol_drugs,bike_direction,bike_injury,bike_position,bike_race,bike_sex,driver_age,driver_age_group,driver_alcohol,driver_alcohol_drugs,driver_est_speed,driver_injury,driver_race,driver_sex,driver_vehicle_type,crash_alcohol,crash_date,crash_day,crash_group,crash_hour,crash_location,crash_month,crash_severity,crash_time,crash_type,crash_year,ambulance_req,hit_run,light_condition,road_character,road_class,road_condition,road_configuration,road_defects,road_feature,road_surface,num_lanes,geo_point
3409,Winston-Salem,Forsyth,Piedmont,Residential,Urban (>70% Developed),NA,Urban,30 - 35  MPH,Stop Sign,Clear,No,25,25-29,No,NA,With Traffic,B: Evident Injury,Travel Lane,White,Male,48,40-49,No,NA,NA,O: No Injury,White,Male,Passenger Car,No,15SEP2011,Thursday,Bicyclist Failed to Yield - Sign-Controlled Intersection,16,Intersection,September,B: Evident Injury,16:01:00,Bicyclist Ride Through - Sign-Controlled Intersection,2011,Yes,No,Daylight,Straight - Level,Local Street,Dry,"Two-Way, Not Divided",None,Four-Way Intersection,Smooth Asphalt,2 lanes,"36.0880770853, -80.2762031201"
3411,Charlotte,Mecklenburg,Piedmont,Commercial,Urban (>70% Developed),NA,Urban,30 - 35  MPH,No Control Present,Clear,No,11,11-15,No,NA,Not Applicable,C: Possible Injury,Non-Roadway,White,Male,34,30-39,No,NA,6-10 mph,O: No Injury,White,Female,Passenger Car,No,15SEP2011,Thursday,Non-Roadway,17,Non-Roadway,September,C: Possible Injury,17:40:00,Non-Roadway,2011,No,No,Daylight,Straight - Level,Public Vehicular Area,Dry,"Two-Way, Not Divided",None,No Special Feature,Coarse Asphalt,2 lanes,"35.1166068584, -80.8582032399"
3412,Boone,Watauga,Mountains,Commercial,Urban (>70% Developed),NA,Urban,40 - 45  MPH,"Double Yellow Line, No Passing Zone",Clear,No,21,20-24,No,NA,With Traffic,C: Possible Injury,Travel Lane,White,Male,20,20-24,No,NA,41-45 mph,O: No Injury,White,Male,Passenger Car,No,12SEP2011,Monday,Bicyclist Left Turn / Merge,9,Non-Intersection,September,C: Possible Injury,09:43:00,Bicyclist Left Turn - Same Direction,2011,Yes,No,Daylight,Straight - Grade,US Route,Dry,"Two-Way, Not Divided",None,No Special Feature,Smooth Asphalt,4 lanes,"36.1872270537, -81.6528035373"
3424,Charlotte,Mecklenburg,Piedmont,Commercial,Urban (>70% Developed),NA,Urban,30 - 35  MPH,No Control Present,Cloudy,No,48,40-49,No,NA,Facing Traffic,B: Evident Injury,Sidewalk / Crosswalk / Driveway Crossing,Black,Male,28,25-29,Yes,NA,NA,O: No Injury,White,Male,Passenger Car,Yes,21SEP2011,Wednesday,Motorist Failed to Yield - Midblock,9,Non-Intersection,September,B: Evident Injury,09:05:00,Motorist Drive Out - Commercial Driveway / Alley,2011,No,No,Daylight,Straight - Grade,Local Street,Wet,"One-Way, Not Divided",None,"Driveway, Public",Concrete,2 lanes,"35.2010968769, -80.8434032405"
3425,Wilmington,New Hanover,Coastal,Residential,Urban (>70% Developed),NA,Urban,20 - 25  MPH,Stop Sign,Clear,No,6,6-10,No,NA,Facing Traffic,B: Evident Injury,Travel Lane,White,Female,38,30-39,No,NA,26-30 mph,O: No Injury,Black,Female,Van,No,15SEP2011,Thursday,Bicyclist Failed to Yield - Sign-Controlled Intersection,16,Intersection,September,B: Evident Injury,16:16:00,Bicyclist Ride Through - Sign-Controlled Intersection,2011,Yes,No,Daylight,Straight - Level,Local Street,Dry,"Two-Way, Not Divided",None,No Special Feature,Coarse Asphalt,4 lanes,"34.1878667582, -77.8804022999"
3426,Raleigh,Wake,Piedmont,Commercial,Urban (>70% Developed),NA,Urban,5 - 15 MPH,No Control Present,Clear,No,70+,70+,No,NA,Not Applicable,O: No Injury,Non-Roadway,White,Female,NA,NA,Missing,NA,0-5 mph,Unknown Injury,Unknown/Missing,NA,Passenger Car,No,21SEP2011,Wednesday,Non-Roadway,18,Non-Roadway,September,O: No Injury,18:35:00,Non-Roadway,2011,Yes,No,Daylight,Straight - Grade,Public Vehicular Area,Dry,"Two-Way, Not Divided",None,"Driveway, Public",Smooth Asphalt,2 lanes,"35.8864971052, -78.5666025931"
3428,None - Rural Crash,Vance,Piedmont,"Farms, Woods, Pastures",Rural (<30% Developed),NA,Rural,40 - 45  MPH,"Double Yellow Line, No Passing Zone",Cloudy,No,13,11-15,No,NA,With Traffic,B: Evident Injury,Travel Lane,Black,Male,17,0-19,No,NA,41-45 mph,O: No Injury,White,Male,Sport Utility,No,28SEP2011,Wednesday,Motorist Overtaking Bicyclist,7,Non-Intersection,September,B: Evident Injury,07:22:00,Motorist Overtaking - Bicyclist Swerved,2011,Yes,No,Daylight,Straight - Level,NC Route,Wet,"Two-Way, Not Divided",None,No Special Feature,Smooth Asphalt,2 lanes,"36.3056772007, -78.3798025585"
3432,Charlotte,Mecklenburg,Piedmont,Commercial,Urban (>70% Developed),NA,Urban,30 - 35  MPH,Stop And Go Signal,Clear,No,48,40-49,No,NA,With Traffic,B: Evident Injury,Sidewalk / Crosswalk / Driveway Crossing,Hispanic,Female,28,25-29,No,NA,0-5 mph,O: No Injury,Black,Female,Passenger Car,No,22SEP2011,Thursday,Motorist Failed to Yield - Signalized Intersection,19,Intersection,September,B: Evident Injury,19:02:00,Motorist Drive Out - Right Turn on Red,2011,Yes,No,Daylight,Straight - Level,Local Street,Dry,"Two-Way, Divided, Unprotected Median",None,T-Intersection,Smooth Asphalt,5 lanes,"35.2243768797, -80.8911032561"
3433,Cary,Wake,Piedmont,Commercial,Urban (>70% Developed),NA,Urban,40 - 45  MPH,No Control Present,Rain,No,19,16-19,No,NA,With Traffic,B: Evident Injury,Travel Lane,White,Male,39,30-39,No,NA,36-40 mph,O: No Injury,White,Female,Passenger Car,No,21SEP2011,Wednesday,Motorist Overtaking Bicyclist,19,Intersection-Related,September,B: Evident Injury,19:40:00,Motorist Overtaking - Other / Unknown,2011,Yes,No,Dark - Roadway Not Lighted,Straight - Level,State Secondary Route,Wet,"Two-Way, Not Divided",None,No Special Feature,Smooth Asphalt,2 lanes,"35.7915470774, -78.7744026508"
3437,None - Rural Crash,Franklin,Piedmont,"Farms, Woods, Pastures",Rural (<30% Developed),NA,Rural,50 - 55  MPH,No Control Present,Clear,No,60,60-69,No,NA,With Traffic,C: Possible Injury,Travel Lane,White,Male,34,30-39,No,NA,36-40 mph,O: No Injury,White,Female,Passenger Car,No,13SEP2011,Tuesday,Motorist Overtaking Bicyclist,7,Non-Intersection,September,C: Possible Injury,07:34:00,Motorist Overtaking - Misjudged Space,2011,Yes,No,Daylight,Straight - Grade,State Secondary Route,Dry,"Two-Way, Not Divided",None,No Special Feature,Smooth Asphalt,2 lanes,"36.0775871485, -78.4977025821"
3439,None - Rural Crash,Randolph,Piedmont,Residential,Urban (>70% Developed),NA,Rural,30 - 35  MPH,No Control Present,Clear,No,10,6-10,No,NA,Not Applicable,A: Disabling Injury,Driveway / Alley,Hispanic,Female,66,60-69,No,NA,16-20 mph,O: No Injury,White,Female,Passenger Car,No,30SEP2011,Friday,Bicyclist Failed to Yield - Midblock,14,Non-Intersection,September,A: Disabling Injury,14:07:00,Bicyclist Ride Out - Residential Driveway,2011,Yes,No,Daylight,Straight - Grade,State Secondary Route,Dry,"Two-Way, Not Divided",None,"Driveway, Private",Coarse Asphalt,2 lanes,"35.6721370147, -79.8193029597"
3446,Chapel Hill,Orange,Piedmont,Institutional,Mixed (30% To 70% Developed),NA,Urban,20 - 25  MPH,Stop And Go Signal,Clear,No,60,60-69,No,NA,With Traffic,O: No Injury,Travel Lane,White,Male,59,50-59,No,NA,11-15 mph,Unknown Injury,Black,Female,Other Bus,No,07SEP2011,Wednesday,Bicyclist Overtaking Motorist,11,Intersection,September,O: No Injury,11:00:00,Bicyclist Overtaking - Passing on Left,2011,No,No,Daylight,Straight - Level,Local Street,Dry,"Two-Way, Not Divided",None,No Special Feature,Smooth Asphalt,2 lanes,"35.9037570912, -79.0527027412"
3447,None - Rural Crash,Martin,Coastal,"Farms, Woods, Pastures",Rural (<30% Developed),NA,Rural,50 - 55  MPH,"Double Yellow Line, No Passing Zone",Clear,No,52,50-59,No,NA,With Traffic,B: Evident Injury,Travel Lane,White,Male,16,0-19,No,NA,51-55 mph,O: No Injury,White,Male,Passenger Car,No,12SEP2011,Monday,Bicyclist Left Turn / Merge,7,Non-Intersection,September,B: Evident Injury,07:42:00,Bicyclist Left Turn - Same Direction,2011,Yes,No,Daylight,Straight - Level,State Secondary Route,Dry,"Two-Way, Not Divided",None,No Special Feature,Coarse Asphalt,2 lanes,"35.7604471266, -77.1542021564"
3449,Durham,Durham,Piedmont,Commercial,Urban (>70% Developed),NA,Urban,30 - 35  MPH,Stop And Go Signal,Clear,No,30,30-39,No,NA,With Traffic,O: No Injury,Travel Lane,Black,Male,32,30-39,No,NA,31-35 mph,O: No Injury,White,Female,Passenger Car,No,05OCT2011,Wednesday,Bicyclist Failed to Yield - Signalized Intersection,10,Intersection,October,O: No Injury,10:48:00,Bicyclist Ride Through - Signalized Intersection,2011,No,No,Daylight,Straight - Level,Local Street,Dry,"One-Way, Not Divided",None,No Special Feature,Smooth Asphalt,2 lanes,"36.0366971257, -78.8958027008"
3450,Asheboro,Randolph,Piedmont,Residential,Urban (>70% Developed),NA,Urban,30 - 35  MPH,Stop And Go Signal,Cloudy,No,21,20-24,No,NA,With Traffic,C: Possible Injury,Travel Lane,Black,Male,NA,NA,Missing,NA,6-10 mph,Unknown Injury,Unknown/Missing,NA,NA,No,28SEP2011,Wednesday,Crossing Paths - Other Circumstances,22,Intersection,September,C: Possible Injury,22:59:00,Signalized Intersection - Other / Unknown,2011,Yes,Yes,Dark - Lighted Roadway,Straight - Level,Local Street,Dry,"Two-Way, Not Divided",None,Four-Way Intersection,Smooth Asphalt,2 lanes,"35.7051970223, -79.8070029577"
3452,None - Rural Crash,Onslow,Coastal,"Farms, Woods, Pastures",Rural (<30% Developed),NA,Rural,50 - 55  MPH,No Control Present,Clear,No,63,60-69,No,NA,With Traffic,C: Possible Injury,Travel Lane,White,Female,70+,70+,No,NA,46-50 mph,O: No Injury,White,Male,Pickup,No,06OCT2011,Thursday,Motorist Overtaking Bicyclist,15,Non-Intersection,October,C: Possible Injury,15:50:00,Motorist Overtaking - Misjudged Space,2011,No,No,Daylight,Straight - Level,NC Route,Dry,"Two-Way, Divided, Unprotected Median",None,No Special Feature,Smooth Asphalt,4 lanes,"34.7068768922, -77.2799021427"
3453,Franklinton,Franklin,Piedmont,Residential,Mixed (30% To 70% Developed),NA,Rural,30 - 35  MPH,Stop Sign,Clear,No,19,16-19,No,NA,With Traffic,B: Evident Injury,Travel Lane,Black,Male,NA,NA,Missing,NA,NA,Unknown Injury,Unknown/Missing,NA,Pickup,No,26SEP2011,Monday,Motorist Overtaking Bicyclist,18,Intersection,September,B: Evident Injury,18:50:00,Motorist Overtaking - Other / Unknown,2011,Yes,Yes,Daylight,Straight - Level,Local Street,Dry,"Two-Way, Not Divided",None,T-Intersection,Smooth Asphalt,2 lanes,"36.0918671521, -78.464802573"
3457,Wilmington,New Hanover,Coastal,Residential,Urban (>70% Developed),NA,Urban,30 - 35  MPH,Stop Sign,Clear,No,20,20-24,No,NA,With Traffic,C: Possible Injury,Travel Lane,Black,Male,NA,NA,Missing,NA,NA,Unknown Injury,Unknown/Missing,NA,Passenger Car,No,29SEP2011,Thursday,Motorist Failed to Yield - Sign-Controlled Intersection,13,Intersection,September,C: Possible Injury,13:22:00,Motorist Drive Out - Sign-Controlled Intersection,2011,Yes,Yes,Daylight,Straight - Level,Local Street,Dry,"Two-Way, Not Divided",None,No Special Feature,Smooth Asphalt,2 lanes,"34.2278067654, -77.9317023171"
1876,None - Rural Crash,Yadkin,Mountains,"Farms, Woods, Pastures",Rural (<30% Developed),NA,Rural,50 - 55  MPH,Human Control,Clear,No,23,20-24,No,NA,Facing Traffic,A: Disabling Injury,Travel Lane,White,Male,63,60-69,No,NA,31-35 mph,O: No Injury,White,Female,Passenger Car,No,03MAR2012,Saturday,Head-On,16,Non-Intersection,March,A: Disabling Injury,16:02:00,Head-On - Bicyclist,2012,Yes,No,Daylight,Straight - Level,State Secondary Route,Dry,"Two-Way, Not Divided",None,No Special Feature,Smooth Asphalt,2 lanes,"36.1718070955, -80.4778031849"
1996,None - Rural Crash,Wake,Piedmont,Residential,Rural (<30% Developed),NA,Rural,40 - 45  MPH,"Double Yellow Line, No Passing Zone",Clear,No,52,50-59,No,NA,Not Applicable,B: Evident Injury,NA,White,Female,NA,NA,Missing,NA,36-40 mph,Unknown Injury,Unknown/Missing,NA,NA,No,29APR2012,Sunday,Bicyclist Failed to Yield - Midblock,16,Non-Intersection,April,B: Evident Injury,16:57:00,Bicyclist Ride Out - Midblock - Unknown,2012,No,Yes,Daylight,Curve - Grade,State Secondary Route,Dry,"Two-Way, Not Divided",None,No Special Feature,Smooth Asphalt,2 lanes,"35.7860170707, -78.9230026947"
1982,Chapel Hill,Orange,Piedmont,Residential,Urban (>70% Developed),NA,Urban,20 - 25  MPH,Stop Sign,Clear,No,19,16-19,No,NA,Facing Traffic,B: Evident Injury,Sidewalk / Crosswalk / Driveway Crossing,White,Female,60,60-69,No,NA,NA,O: No Injury,White,Male,Pickup,No,27APR2012,Friday,Motorist Failed to Yield - Sign-Controlled Intersection,13,Intersection,April,B: Evident Injury,13:55:00,Motorist Drive Out - Sign-Controlled Intersection,2012,Yes,No,Daylight,Straight - Grade,Local Street,Dry,"Two-Way, Not Divided",None,T-Intersection,Smooth Asphalt,5 lanes,"35.9045470908, -79.0647027444"
2001,Raleigh,Wake,Piedmont,Residential,Urban (>70% Developed),NA,Urban,30 - 35  MPH,Stop Sign,Cloudy,No,15,11-15,No,NA,With Traffic,B: Evident Injury,Travel Lane,Black,Male,46,40-49,No,NA,21-25 mph,O: No Injury,Black,Male,Pickup,No,05MAY2012,Saturday,Bicyclist Failed to Yield - Sign-Controlled Intersection,14,Intersection,May,B: Evident Injury,14:44:00,Bicyclist Ride Through - Sign-Controlled Intersection,2012,Yes,No,Daylight,Straight - Grade,Local Street,"Water (Standing, Moving)","Two-Way, Not Divided",None,Four-Way Intersection,Smooth Asphalt,NA,"35.7368770737, -78.5409025765"
2012,Charlotte,Mecklenburg,Piedmont,Commercial,Mixed (30% To 70% Developed),NA,Urban,40 - 45  MPH,No Control Present,Clear,No,50,50-59,No,NA,With Traffic,C: Possible Injury,Travel Lane,White,Male,NA,NA,Missing,NA,31-35 mph,Unknown Injury,Unknown/Missing,NA,NA,No,11MAY2012,Friday,Motorist Overtaking Bicyclist,21,Non-Intersection,May,C: Possible Injury,21:51:00,Motorist Overtaking - Other / Unknown,2012,No,Yes,Daylight,Straight - Level,Interstate,Dry,"Two-Way, Not Divided",None,No Special Feature,Smooth Asphalt,2 lanes,"35.3407969071, -80.8359032454"
2015,None - Rural Crash,Lenoir,Coastal,Residential,Mixed (30% To 70% Developed),NA,Rural,50 - 55  MPH,No Control Present,Clear,No,12,11-15,No,NA,With Traffic,C: Possible Injury,Travel Lane,White,Male,18,0-19,No,NA,41-45 mph,O: No Injury,White,Male,Passenger Car,No,11MAY2012,Friday,Bicyclist Left Turn / Merge,19,Non-Intersection,May,C: Possible Injury,19:30:00,Bicyclist Left Turn - Opposite Direction,2012,Yes,No,Daylight,Straight - Level,State Secondary Route,Dry,"Two-Way, Not Divided",None,No Special Feature,Smooth Asphalt,2 lanes,"35.2426669986, -77.6125022697"
1988,Raleigh,Wake,Piedmont,Commercial,Urban (>70% Developed),NA,Urban,30 - 35  MPH,No Control Present,Clear,No,53,50-59,No,NA,With Traffic,B: Evident Injury,Travel Lane,White,Female,28,25-29,No,NA,31-35 mph,O: No Injury,White,Female,Sport Utility,No,11APR2012,Wednesday,Motorist Left Turn / Merge,15,Intersection-Related,April,B: Evident Injury,15:15:00,Motorist Left Turn - Opposite Direction,2012,No,No,Daylight,Straight - Hillcrest,Local Street,Dry,"Two-Way, Not Divided",None,No Special Feature,Coarse Asphalt,3 lanes,"35.7907670814, -78.659402616"
1972,Warsaw,Duplin,Coastal,Commercial,Urban (>70% Developed),NA,Rural,30 - 35  MPH,Stop Sign,Clear,No,51,50-59,No,NA,Not Applicable,B: Evident Injury,Travel Lane,Hispanic,Male,35,30-39,No,NA,16-20 mph,O: No Injury,Black,Female,Passenger Car,No,18MAR2012,Sunday,Crossing Paths - Other Circumstances,19,Intersection-Related,March,B: Evident Injury,19:25:00,Crossing Paths - Uncontrolled Intersection,2012,No,No,Dusk,Straight - Level,Local Street,Dry,"Two-Way, Not Divided",None,Four-Way Intersection,Smooth Asphalt,2 lanes,"34.9987569297, -78.0941024034"
2903,Mount Olive,Wayne,Coastal,Commercial,Urban (>70% Developed),NA,Rural,30 - 35  MPH,No Control Present,Clear,No,20,20-24,No,NA,With Traffic,C: Possible Injury,Travel Lane,White,Male,50,50-59,No,NA,26-30 mph,O: No Injury,White,Male,"Single Unit Truck (2-Axle, 6-Tire)",No,01APR2011,Friday,Bicyclist Failed to Yield - Sign-Controlled Intersection,14,Intersection,April,C: Possible Injury,14:40:00,Bicyclist Ride Out - Sign-Controlled Intersection,2011,Yes,No,Daylight,Straight - Level,NC Route,Dry,"Two-Way, Divided, Unprotected Median",None,T-Intersection,Smooth Asphalt,5 lanes,"35.2045269752, -78.0646024053"
2913,None - Rural Crash,Cumberland,Coastal,Commercial,Urban (>70% Developed),NA,Rural,40 - 45  MPH,Stop Sign,Clear,No,53,50-59,No,NA,With Traffic,C: Possible Injury,Travel Lane,White,Male,46,40-49,No,NA,11-15 mph,O: No Injury,Other,Male,Passenger Car,No,15APR2011,Friday,Motorist Failed to Yield - Sign-Controlled Intersection,18,Intersection,April,C: Possible Injury,18:25:00,Motorist Drive Out - Sign-Controlled Intersection,2011,Yes,No,Daylight,Straight - Level,State Secondary Route,Dry,"Two-Way, Not Divided",None,No Special Feature,Smooth Asphalt,5 lanes,"35.0127069042, -78.9190026534"
2872,Charlotte,Mecklenburg,Piedmont,Commercial,Urban (>70% Developed),NA,Urban,20 - 25  MPH,Stop And Go Signal,Clear,No,28,25-29,No,NA,Facing Traffic,C: Possible Injury,Sidewalk / Crosswalk / Driveway Crossing,White,Male,46,40-49,No,NA,0-5 mph,O: No Injury,White,Male,Passenger Car,No,17MAR2011,Thursday,Motorist Left Turn / Merge,16,Intersection,March,C: Possible Injury,16:58:00,Motorist Left Turn - Same Direction,2011,No,No,Daylight,Straight - Level,Local Street,Dry,"One-Way, Not Divided",None,Four-Way Intersection,Smooth Asphalt,2 lanes,"35.2264168822, -80.8442032424"
2912,None - Rural Crash,Lee,Piedmont,"Farms, Woods, Pastures",Rural (<30% Developed),NA,Rural,50 - 55  MPH,No Control Present,Clear,No,45,40-49,No,NA,With Traffic,C: Possible Injury,Travel Lane,White,Male,39,30-39,No,NA,0-5 mph,O: No Injury,White,Male,Pickup,No,14APR2011,Thursday,Motorist Failed to Yield - Midblock,12,Non-Intersection,April,C: Possible Injury,12:55:00,Motorist Drive Out - Residential Driveway,2011,No,No,Daylight,Straight - Level,State Secondary Route,Dry,"Two-Way, Not Divided",None,"Driveway, Private",Smooth Asphalt,2 lanes,"35.4378169897, -79.0982027296"
2889,Wilmington,New Hanover,Coastal,Commercial,Urban (>70% Developed),NA,Urban,40 - 45  MPH,No Control Present,Cloudy,No,NA,NA,Missing,NA,With Traffic,Unknown Injury,Travel Lane,Unknown/Missing,NA,66,60-69,No,NA,11-15 mph,O: No Injury,White,Female,Passenger Car,No,26MAR2011,Saturday,Motorist Left Turn / Merge,16,Intersection,March,O: No Injury,16:26:00,Motorist Left Turn - Opposite Direction,2011,No,No,Daylight,Straight - Level,Local Street,Dry,"Two-Way, Not Divided",None,No Special Feature,Smooth Asphalt,4 lanes,"34.1671167511, -77.9462023191"
2884,Raleigh,Wake,Piedmont,Commercial,Urban (>70% Developed),NA,Urban,30 - 35  MPH,Stop And Go Signal,Cloudy,No,25,25-29,No,NA,With Traffic,C: Possible Injury,Travel Lane,White,Male,70+,70+,No,NA,6-10 mph,O: No Injury,White,Female,Passenger Car,No,11MAR2011,Friday,Motorist Failed to Yield - Signalized Intersection,11,Intersection,March,C: Possible Injury,11:25:00,Motorist Drive Out - Signalized Intersection,2011,No,No,Daylight,Straight - Level,Local Street,Dry,"Two-Way, Not Divided",None,T-Intersection,Smooth Asphalt,5 lanes,"35.7993070834, -78.6605026161"
2869,Charlotte,Mecklenburg,Piedmont,Commercial,Mixed (30% To 70% Developed),NA,Urban,40 - 45  MPH,Stop Sign,Clear,No,46,40-49,No,NA,With Traffic,B: Evident Injury,Travel Lane,White,Male,41,40-49,No,NA,31-35 mph,O: No Injury,White,Male,Passenger Car,No,18MAR2011,Friday,Motorist Left Turn / Merge,6,Intersection,March,B: Evident Injury,06:57:00,Motorist Left Turn - Opposite Direction,2011,Yes,No,Dark - Lighted Roadway,Straight - Level,Local Street,Dry,"Two-Way, Not Divided",None,Four-Way Intersection,Smooth Asphalt,2 lanes,"35.1258768554, -80.9805032777"
2866,Wrightsville Beach,New Hanover,Coastal,Residential,Urban (>70% Developed),NA,Rural,30 - 35  MPH,No Control Present,Clear,No,16,16-19,No,NA,Facing Traffic,O: No Injury,Travel Lane,White,Male,45,40-49,No,NA,0-5 mph,O: No Injury,White,Female,Sport Utility,No,30JAN2011,Sunday,Parallel Paths - Other Circumstances,16,Intersection,January,O: No Injury,16:30:00,Parallel Paths - Other / Unknown,2011,No,No,Daylight,Straight - Level,Local Street,Dry,"Two-Way, Not Divided",None,No Special Feature,Smooth Asphalt,4 lanes,"34.213776766, -77.8055022782"
2863,Kinston,Lenoir,Coastal,Commercial,Urban (>70% Developed),NA,Urban,40 - 45  MPH,No Control Present,Clear,No,53,50-59,No,NA,With Traffic,C: Possible Injury,Other,Black,Male,64,60-69,No,NA,41-45 mph,O: No Injury,White,Male,Van,No,24MAR2011,Thursday,Loss of Control / Turning Error,7,Non-Intersection,March,C: Possible Injury,07:01:00,Motorist Lost Control - Other / Unknown,2011,Yes,No,Daylight,Straight - Level,US Route,Dry,"Two-Way, Not Divided",None,No Special Feature,Smooth Asphalt,2 lanes,"35.2617370018, -77.6465022809"
2400,Winston-Salem,Forsyth,Piedmont,Commercial,Urban (>70% Developed),NA,Urban,30 - 35  MPH,Stop And Go Signal,Clear,No,12,11-15,No,NA,With Traffic,O: No Injury,Sidewalk / Crosswalk / Driveway Crossing,Black,Male,58,50-59,No,NA,6-10 mph,O: No Injury,White,Female,Sport Utility,No,21AUG2012,Tuesday,Bicyclist Failed to Yield - Signalized Intersection,16,Intersection-Related,August,O: No Injury,16:14:00,Bicyclist Ride Through - Signalized Intersection,2012,No,No,Daylight,Straight - Level,Local Street,Dry,"Two-Way, Divided, Unprotected Median",None,Related To Intersection,Smooth Asphalt,2 lanes,"36.0687670843, -80.2067030979"
2420,Charlotte,Mecklenburg,Piedmont,Commercial,Urban (>70% Developed),NA,Urban,5 - 15 MPH,No Control Present,Clear,No,33,30-39,No,NA,Facing Traffic,O: No Injury,Sidewalk / Crosswalk / Driveway Crossing,Black,Male,NA,NA,Missing,NA,0-5 mph,Unknown Injury,Unknown/Missing,NA,NA,No,13SEP2012,Thursday,Motorist Failed to Yield - Midblock,13,Non-Intersection,September,O: No Injury,13:15:00,Motorist Drive Out - Commercial Driveway / Alley,2012,No,Yes,Daylight,Straight - Level,NA,Dry,"Two-Way, Divided, Positive Median Barrier",None,No Special Feature,Concrete,6 lanes,"35.239496883, -80.8856032552"
2443,Greenville,Pitt,Coastal,Commercial,Urban (>70% Developed),NA,Urban,20 - 25  MPH,Stop And Go Signal,Clear,No,26,25-29,No,NA,Facing Traffic,C: Possible Injury,Sidewalk / Crosswalk / Driveway Crossing,White,Male,18,0-19,No,NA,0-5 mph,O: No Injury,White,Female,Passenger Car,No,21SEP2012,Friday,Crossing Paths - Other Circumstances,14,Intersection-Related,September,C: Possible Injury,14:38:00,Crossing Paths - Intersection - Other / Unknown,2012,Yes,No,Daylight,Straight - Level,Local Street,Dry,"Two-Way, Divided, Unprotected Median",None,Four-Way Intersection,Coarse Asphalt,4 lanes,"35.6111370867, -77.3729022151"
2440,None - Rural Crash,Columbus,Coastal,Residential,Rural (<30% Developed),NA,Rural,50 - 55  MPH,"Double Yellow Line, No Passing Zone",Clear,No,52,50-59,No,NA,With Traffic,B: Evident Injury,Travel Lane,White,Male,70+,70+,No,NA,51-55 mph,O: No Injury,White,Female,Passenger Car,No,17SEP2012,Monday,Motorist Overtaking Bicyclist,20,Non-Intersection,September,B: Evident Injury,20:41:00,Motorist Overtaking - Other / Unknown,2012,No,No,Dark - Roadway Not Lighted,Straight - Level,State Secondary Route,Dry,"Two-Way, Not Divided",None,No Special Feature,Coarse Asphalt,2 lanes,"34.3610667677, -78.7513025709"
2457,Fayetteville,Cumberland,Coastal,Commercial,Urban (>70% Developed),NA,Urban,30 - 35  MPH,Stop And Go Signal,Clear,No,15,11-15,No,NA,Facing Traffic,C: Possible Injury,Travel Lane,Black,Male,60,60-69,No,NA,31-35 mph,O: No Injury,White,Male,Passenger Car,No,15SEP2012,Saturday,Bicyclist Failed to Yield - Signalized Intersection,15,Intersection,September,C: Possible Injury,15:15:00,Bicyclist Ride Out - Signalized  Intersection,2012,No,No,Daylight,Straight - Level,Local Street,Dry,"Two-Way, Divided, Unprotected Median",None,Four-Way Intersection,Smooth Asphalt,7 lanes,"35.0670969153, -78.9504026662"
2462,Morehead City,Carteret,Coastal,Residential,Urban (>70% Developed),NA,Urban,30 - 35  MPH,Stop Sign,Clear,No,63,60-69,No,NA,Facing Traffic,B: Evident Injury,Travel Lane,White,Male,62,60-69,No,NA,0-5 mph,O: No Injury,White,Male,Passenger Car,No,15SEP2012,Saturday,Motorist Failed to Yield - Sign-Controlled Intersection,11,Intersection,September,B: Evident Injury,11:55:00,Motorist Drive Out - Sign-Controlled Intersection,2012,Yes,No,Daylight,Straight - Level,Local Street,Dry,"Two-Way, Divided, Unprotected Median",None,No Special Feature,Smooth Asphalt,2 lanes,"34.7290869148, -76.7289019756"
2476,Boone,Watauga,Mountains,Commercial,Urban (>70% Developed),NA,Urban,20 - 25  MPH,Stop And Go Signal,Clear,No,18,16-19,No,NA,With Traffic,B: Evident Injury,Bike Lane / Paved Shoulder,White,Male,19,0-19,No,NA,6-10 mph,O: No Injury,White,Female,Passenger Car,No,28SEP2012,Friday,Motorist Right Turn / Merge,7,Intersection,September,B: Evident Injury,07:33:00,Motorist Right Turn - Same Direction,2012,No,No,Daylight,Straight - Level,Local Street,Dry,"Two-Way, Not Divided",None,Four-Way Intersection,Smooth Asphalt,4 lanes,"36.2172870588, -81.6852035495"
2449,Wilmington,New Hanover,Coastal,Commercial,Urban (>70% Developed),NA,Urban,40 - 45  MPH,No Control Present,Clear,No,44,40-49,No,NA,With Traffic,B: Evident Injury,Travel Lane,Hispanic,Male,41,40-49,No,NA,41-45 mph,O: No Injury,White,Male,Pickup,No,17SEP2012,Monday,Motorist Overtaking Bicyclist,5,Non-Intersection,September,B: Evident Injury,05:53:00,Motorist Overtaking - Other / Unknown,2012,Yes,No,Dusk,Straight - Level,Local Street,Dry,"Two-Way, Not Divided",None,No Special Feature,Concrete,2 lanes,"34.2135467631, -77.8799023012"