object_id,city,county,region,development,locality,on_road,rural_urban,speed_limit,traffic_control,weather,workzone,bike_age,bike_age_group,bike_alcohol,bike_alcohol_drugs,bike_direction,bike_injury,bike_position,bike_race,bike_sex,driver_age,driver_age_group,driver_alcohol,driver_alcohol_drugs,driver_est_speed,driver_injury,driver_race,driver_sex,driver_vehicle_type,crash_alcohol,crash_date,crash_day,crash_group,crash_hour,crash_location,crash_month,crash_severity,crash_time,crash_type,crash_year,ambulance_req,hit_run,light_condition,road_character,road_class,road_condition,road_configuration,road_defects,road_feature,road_surface,num_lanes,geo_point
2423,Wilmington,New Hanover,Coastal,Institutional,Urban (>70% Developed),NA,Urban,5 - 15 MPH,No Control Present,Clear,No,18,16-19,No,NA,Not Applicable,O: No Injury,Non-Roadway,White,Male,NA,NA,Missing,NA,0-5 mph,Unknown Injury,Unknown/Missing,NA,Passenger Car,No,17SEP2012,Monday,Non-Roadway,13,Non-Roadway,September,O: No Injury,13:43:00,Non-Roadway,2012,No,No,Daylight,Straight - Level,Public Vehicular Area,Dry,"Two-Way, Not Divided",None,No Special Feature,Smooth Asphalt,NA,"34.2210267651, -77.8695022985"
2431,Durham,Durham,Piedmont,Residential,Urban (>70% Developed),NA,Urban,5 - 15 MPH,No Control Present,Clear,No,8,6-10,No,NA,Not Applicable,C: Possible Injury,Non-Roadway,Black,Male,17,0-19,No,NA,6-10 mph,O: No Injury,Asian,Female,Sport Utility,No,19SEP2012,Wednesday,Non-Roadway,16,Non-Roadway,September,C: Possible Injury,16:19:00,Non-Roadway,2012,Yes,No,Daylight,Straight - Level,Public Vehicular Area,Dry,"One-Way, Not Divided",None,No Special Feature,Coarse Asphalt,NA,"35.9783271161, -78.8095026714"
2343,Ramseur,Randolph,Piedmont,"Farms, Woods, Pastures",Rural (<30% Developed),NA,Rural,50 - 55  MPH,"Double Yellow Line, No Passing Zone",Clear,No,10,6-10,No,NA,Not Applicable,B: Evident Injury,Sidewalk / Crosswalk / Driveway Crossing,White,Male,53,50-59,No,NA,51-55 mph,O: No Injury,White,Male,Pickup,No,23AUG2012,Thursday,Bicyclist Failed to Yield - Midblock,17,Non-Intersection,August,B: Evident Injury,17:19:00,Bicyclist Ride Out - Residential Driveway,2012,Yes,No,Daylight,Straight - Grade,State Secondary Route,Dry,"Two-Way, Not Divided",None,"Driveway, Private",Smooth Asphalt,2 lanes,"35.776237043, -79.6500029146"
2335,Wilmington,New Hanover,Coastal,Commercial,Urban (>70% Developed),NA,Urban,30 - 35  MPH,Stop And Go Signal,Clear,No,49,40-49,No,NA,Facing Traffic,C: Possible Injury,Sidewalk / Crosswalk / Driveway Crossing,White,Male,20,20-24,No,NA,6-10 mph,O: No Injury,White,Male,Passenger Car,No,18AUG2012,Saturday,Motorist Failed to Yield - Signalized Intersection,13,Intersection,August,C: Possible Injury,13:27:00,Motorist Drive Out - Right Turn on Red,2012,Yes,No,Daylight,Straight - Level,Local Street,Dry,"Two-Way, Not Divided",None,T-Intersection,Smooth Asphalt,3 lanes,"34.2561567749, -77.8259022868"
2398,Fayetteville,Cumberland,Coastal,Residential,Urban (>70% Developed),NA,Urban,30 - 35  MPH,Stop Sign,Clear,No,15,11-15,No,NA,With Traffic,C: Possible Injury,Travel Lane,Black,Male,18,0-19,No,NA,26-30 mph,O: No Injury,White,Male,Passenger Car,No,20AUG2012,Monday,Bicyclist Failed to Yield - Sign-Controlled Intersection,18,Intersection,August,C: Possible Injury,18:33:00,Bicyclist Ride Through - Sign-Controlled Intersection,2012,Yes,No,Daylight,Straight - Level,Local Street,Dry,"Two-Way, Not Divided",None,No Special Feature,Coarse Asphalt,2 lanes,"35.0387669087, -78.9643026686"
2371,Raleigh,Wake,Piedmont,Commercial,Urban (>70% Developed),NA,Urban,30 - 35  MPH,No Control Present,Clear,No,46,40-49,No,NA,With Traffic,B: Evident Injury,Travel Lane,Black,Male,NA,NA,Missing,NA,31-35 mph,Unknown Injury,Unknown/Missing,NA,Pickup,No,14AUG2012,Tuesday,Bicyclist Left Turn / Merge,23,Non-Intersection,August,B: Evident Injury,23:56:00,Bicyclist Left Turn - Same Direction,2012,Yes,Yes,Dark - Lighted Roadway,Straight - Grade,Local Street,Dry,"Two-Way, Not Divided",None,No Special Feature,Smooth Asphalt,3 lanes,"35.7560570751, -78.631302605"
2380,None - Rural Crash,Alamance,Piedmont,"Farms, Woods, Pastures",Rural (<30% Developed),NA,Rural,50 - 55  MPH,No Control Present,Clear,No,45,40-49,No,NA,With Traffic,O: No Injury,Travel Lane,White,Male,25,25-29,No,NA,26-30 mph,C: Possible Injury,White,Male,Passenger Car,No,26AUG2012,Sunday,Motorist Overtaking Bicyclist,10,Non-Intersection,August,C: Possible Injury,10:14:00,Motorist Overtaking - Misjudged Space,2012,No,Yes,Dawn,Straight - Grade,State Secondary Route,Dry,"Two-Way, Not Divided",None,No Special Feature,Smooth Asphalt,2 lanes,"35.9551970934, -79.2916028154"
2366,Durham,Durham,Piedmont,Commercial,Urban (>70% Developed),NA,Urban,30 - 35  MPH,Stop Sign,Clear,No,23,20-24,No,NA,With Traffic,C: Possible Injury,Travel Lane,Asian,Female,36,30-39,No,NA,31-35 mph,O: No Injury,White,Male,Sport Utility,No,29AUG2012,Wednesday,Bicyclist Failed to Yield - Sign-Controlled Intersection,9,Intersection,August,C: Possible Injury,09:50:00,Bicyclist Ride Out - Sign-Controlled Intersection,2012,No,No,Daylight,Straight - Level,Local Street,Dry,"One-Way, Not Divided",None,No Special Feature,Smooth Asphalt,2 lanes,"35.9991771166, -78.9101027028"
2374,Asheville,Buncombe,Mountains,Commercial,Urban (>70% Developed),NA,Urban,20 - 25  MPH,No Control Present,Clear,No,8,6-10,No,NA,Not Applicable,B: Evident Injury,Non-Roadway,Asian,Male,63,60-69,No,NA,21-25 mph,O: No Injury,White,Female,Passenger Car,No,26AUG2012,Sunday,Bicyclist Failed to Yield - Midblock,18,Non-Intersection,August,B: Evident Injury,18:40:00,Bicyclist Ride Out - Other Midblock,2012,Yes,No,Daylight,Straight - Level,Local Street,Dry,"Two-Way, Not Divided",None,No Special Feature,Smooth Asphalt,2 lanes,"35.6298469032, -82.5539037726"
2354,None - Rural Crash,Dare,Coastal,Commercial,Urban (>70% Developed),NA,Rural,30 - 35  MPH,"Double Yellow Line, No Passing Zone",Clear,No,51,50-59,No,NA,With Traffic,C: Possible Injury,Travel Lane,White,Male,41,40-49,No,NA,31-35 mph,O: No Injury,White,Male,Pickup,No,27AUG2012,Monday,Motorist Overtaking Bicyclist,9,Non-Intersection,August,C: Possible Injury,09:15:00,Motorist Overtaking - Other / Unknown,2012,No,No,Daylight,Curve - Level,NC Route,Dry,"Two-Way, Not Divided",None,"Driveway, Public",Coarse Asphalt,2 lanes,"35.2659670723, -75.5201016309"
2399,Lewisville,Forsyth,Piedmont,Commercial,Urban (>70% Developed),NA,Urban,30 - 35  MPH,Stop And Go Signal,Clear,No,68,60-69,No,NA,With Traffic,B: Evident Injury,Travel Lane,White,Male,45,40-49,No,NA,11-15 mph,O: No Injury,White,Male,Passenger Car,No,28AUG2012,Tuesday,Loss of Control / Turning Error,6,Intersection-Related,August,B: Evident Injury,06:09:00,Motorist Turning Error - Left Turn,2012,Yes,No,Dawn,Straight - Level,Local Street,Dry,"Two-Way, Not Divided",None,T-Intersection,Smooth Asphalt,2 lanes,"36.0986770823, -80.4164031621"
2352,Fayetteville,Cumberland,Coastal,Commercial,Urban (>70% Developed),NA,Urban,30 - 35  MPH,No Control Present,Cloudy,No,35,30-39,No,NA,Facing Traffic,O: No Injury,Travel Lane,White,Male,NA,NA,Missing,NA,NA,Unknown Injury,Unknown/Missing,NA,NA,No,17AUG2012,Friday,Head-On,23,Non-Intersection,August,O: No Injury,23:47:00,Head-On - Bicyclist,2012,No,Yes,Dark - Lighted Roadway,Straight - Level,Local Street,Dry,"Two-Way, Not Divided",None,No Special Feature,Coarse Asphalt,2 lanes,"35.0148669058, -78.8973026471"
2493,Winston-Salem,Forsyth,Piedmont,Commercial,Urban (>70% Developed),NA,Urban,40 - 45  MPH,Stop And Go Signal,Clear,No,32,30-39,No,NA,With Traffic,C: Possible Injury,Travel Lane,Black,Male,47,40-49,No,NA,36-40 mph,O: No Injury,White,Male,Passenger Car,No,19SEP2012,Wednesday,Bicyclist Failed to Yield - Signalized Intersection,6,Intersection-Related,September,C: Possible Injury,06:56:00,Bicyclist Ride Through - Signalized Intersection,2012,No,No,Daylight,Straight - Level,Local Street,Dry,"Two-Way, Divided, Positive Median Barrier",None,No Special Feature,Smooth Asphalt,5 lanes,"36.065917082, -80.2520031111"
2485,Charlotte,Mecklenburg,Piedmont,Commercial,Urban (>70% Developed),NA,Urban,30 - 35  MPH,No Control Present,Clear,No,15,11-15,No,NA,With Traffic,C: Possible Injury,Bike Lane / Paved Shoulder,White,Male,23,20-24,No,NA,0-5 mph,O: No Injury,White,Male,Passenger Car,No,26SEP2012,Wednesday,Motorist Right Turn / Merge,10,Non-Intersection,September,C: Possible Injury,10:23:00,Motorist Right Turn - Same Direction,2012,Yes,No,Daylight,Straight - Level,Local Street,Dry,"Two-Way, Not Divided",None,No Special Feature,Smooth Asphalt,2 lanes,"35.1992468762, -80.8410032397"
2497,Greenville,Pitt,Coastal,Institutional,Urban (>70% Developed),NA,Urban,30 - 35  MPH,Stop And Go Signal,Clear,No,18,16-19,No,NA,Facing Traffic,B: Evident Injury,Travel Lane,White,Male,23,20-24,No,NA,0-5 mph,O: No Injury,Black,Male,Pickup,No,26SEP2012,Wednesday,Motorist Left Turn / Merge,14,Intersection,September,B: Evident Injury,14:40:00,Motorist Left Turn - Opposite Direction,2012,No,No,Daylight,Straight - Level,State Secondary Route,Dry,"Two-Way, Divided, Unprotected Median",None,Four-Way Intersection,Coarse Asphalt,5 lanes,"35.6040070861, -77.361802211"
2494,Lenoir,Caldwell,Mountains,Commercial,Mixed (30% To 70% Developed),NA,Urban,40 - 45  MPH,No Control Present,Rain,No,54,50-59,No,NA,With Traffic,B: Evident Injury,Travel Lane,White,Male,22,20-24,No,NA,36-40 mph,O: No Injury,White,Male,Passenger Car,No,07OCT2012,Sunday,Motorist Overtaking Bicyclist,6,Non-Intersection,October,B: Evident Injury,06:13:00,Motorist Overtaking - Other / Unknown,2012,Yes,No,Dark - Lighted Roadway,Straight - Level,Local Street,Wet,"Two-Way, Not Divided",None,No Special Feature,Smooth Asphalt,5 lanes,"35.9022369986, -81.5456034888"
2490,None - Rural Crash,Pender,Coastal,"Farms, Woods, Pastures",Rural (<30% Developed),NA,Rural,50 - 55  MPH,No Control Present,Clear,No,14,11-15,No,NA,Facing Traffic,B: Evident Injury,Travel Lane,White,Male,31,30-39,No,NA,26-30 mph,O: No Injury,Hispanic,Male,Pickup,No,04OCT2012,Thursday,Bicyclist Right Turn / Merge,19,Intersection,October,B: Evident Injury,19:41:00,Bicyclist Right Turn - Same Direction,2012,Yes,No,Dusk,Straight - Level,State Secondary Route,Dry,"Two-Way, Not Divided",None,T-Intersection,Smooth Asphalt,2 lanes,"34.5178568319, -77.8431023039"
2512,Kernersville,Forsyth,Piedmont,Commercial,Urban (>70% Developed),NA,Urban,40 - 45  MPH,Stop Sign,Clear,No,64,60-69,No,NA,Not Applicable,B: Evident Injury,Non-Roadway,White,Male,53,50-59,No,NA,21-25 mph,O: No Injury,White,Female,Passenger Car,No,05OCT2012,Friday,Motorist Left Turn / Merge,16,Intersection,October,B: Evident Injury,16:33:00,Motorist Left Turn - Opposite Direction,2012,Yes,No,Daylight,Straight - Level,NC Route,Dry,"Two-Way, Divided, Unprotected Median",None,T-Intersection,Smooth Asphalt,5 lanes,"36.0953070953, -80.061203056"
2489,Asheville,Buncombe,Mountains,Commercial,Urban (>70% Developed),NA,Urban,30 - 35  MPH,No Control Present,Clear,No,42,40-49,No,NA,With Traffic,Unknown Injury,Travel Lane,White,Male,31,30-39,No,NA,0-5 mph,O: No Injury,White,Male,Pickup,No,20SEP2012,Thursday,Motorist Left Turn / Merge,13,Intersection,September,O: No Injury,13:02:00,Motorist Left Turn - Opposite Direction,2012,No,No,Daylight,Straight - Level,Local Street,Dry,"Two-Way, Not Divided",None,"Driveway, Private",Smooth Asphalt,2 lanes,"35.5700168903, -82.5456037665"
2503,Elizabeth City,Pasquotank,Coastal,Institutional,Urban (>70% Developed),NA,Urban,5 - 15 MPH,Stop Sign,Clear,No,28,25-29,No,NA,With Traffic,C: Possible Injury,Travel Lane,White,Male,19,0-19,No,NA,0-5 mph,O: No Injury,White,Male,Van,No,25SEP2012,Tuesday,Backing Vehicle,12,Intersection-Related,September,C: Possible Injury,12:30:00,Backing Vehicle,2012,Yes,No,Daylight,Straight - Level,Local Street,Dry,"Two-Way, Not Divided",None,T-Intersection,Smooth Asphalt,2 lanes,"36.3257372795, -76.2227018991"
2599,Fayetteville,Cumberland,Coastal,Commercial,Urban (>70% Developed),NA,Urban,30 - 35  MPH,Stop And Go Signal,Clear,No,23,20-24,No,NA,With Traffic,C: Possible Injury,Sidewalk / Crosswalk / Driveway Crossing,Black,Male,NA,NA,Missing,NA,16-20 mph,Unknown Injury,Unknown/Missing,NA,NA,No,29OCT2012,Monday,Crossing Paths - Other Circumstances,6,Intersection,October,C: Possible Injury,06:01:00,Signalized Intersection - Other / Unknown,2012,No,Yes,Dark - Lighted Roadway,Straight - Level,Local Street,Dry,"Two-Way, Not Divided",None,Four-Way Intersection,Coarse Asphalt,5 lanes,"35.0504469138, -78.8791026436"
2589,None - Rural Crash,Washington,Coastal,Residential,Mixed (30% To 70% Developed),NA,Rural,50 - 55  MPH,"Double Yellow Line, No Passing Zone",Clear,No,57,50-59,Yes,NA,Facing Traffic,O: No Injury,Travel Lane,Black,Male,47,40-49,No,NA,41-45 mph,O: No Injury,White,Male,Passenger Car,Yes,01NOV2012,Thursday,Bicyclist Right Turn / Merge,19,Non-Intersection,November,O: No Injury,19:00:00,Bicyclist Right Turn - Same Direction,2012,No,No,Dark - Roadway Not Lighted,Straight - Grade,State Secondary Route,Dry,"Two-Way, Not Divided",None,No Special Feature,Smooth Asphalt,2 lanes,"35.8879671703, -76.6692020138"
2572,None - Rural Crash,Rowan,Piedmont,"Farms, Woods, Pastures",Rural (<30% Developed),NA,Rural,50 - 55  MPH,"Double Yellow Line, No Passing Zone",Clear,No,25,25-29,No,NA,With Traffic,B: Evident Injury,Travel Lane,White,Male,21,20-24,No,NA,51-55 mph,O: No Injury,White,Male,Pickup,No,30OCT2012,Tuesday,Motorist Overtaking Bicyclist,6,Non-Intersection,October,B: Evident Injury,06:05:00,Motorist Overtaking - Undetected Bicyclist,2012,Yes,No,Dark - Roadway Not Lighted,Curve - Level,State Secondary Route,Dry,"Two-Way, Not Divided",None,No Special Feature,Smooth Asphalt,2 lanes,"35.6139369777, -80.4946031595"
2565,Wilmington,New Hanover,Coastal,Commercial,Urban (>70% Developed),NA,Urban,20 - 25  MPH,Stop Sign,Clear,No,21,20-24,No,NA,Facing Traffic,C: Possible Injury,Travel Lane,Black,Male,31,30-39,No,NA,0-5 mph,O: No Injury,White,Female,Passenger Car,No,07OCT2012,Sunday,Motorist Failed to Yield - Sign-Controlled Intersection,11,Intersection,October,C: Possible Injury,11:52:00,Motorist Drive Out - Sign-Controlled Intersection,2012,Yes,No,Daylight,Straight - Level,Public Vehicular Area,Dry,"Two-Way, Not Divided",None,No Special Feature,Coarse Asphalt,2 lanes,"34.2197267647, -77.8847023027"
2564,Knightdale,Wake,Piedmont,Commercial,Urban (>70% Developed),NA,Urban,40 - 45  MPH,No Control Present,Clear,No,27,25-29,Yes,NA,With Traffic,C: Possible Injury,Travel Lane,White,Male,NA,NA,No,NA,31-35 mph,Unknown Injury,Unknown/Missing,NA,Pickup,Yes,25OCT2012,Thursday,Motorist Overtaking Bicyclist,19,Non-Intersection,October,C: Possible Injury,19:22:00,Motorist Overtaking - Other / Unknown,2012,Yes,Yes,Dark - Roadway Not Lighted,Straight - Level,Local Street,Dry,"Two-Way, Not Divided",None,No Special Feature,Coarse Asphalt,2 lanes,"35.8127270922, -78.4694025591"
2582,Oxford,Granville,Piedmont,Residential,Mixed (30% To 70% Developed),NA,Urban,20 - 25  MPH,No Control Present,Clear,No,13,11-15,No,NA,Not Applicable,B: Evident Injury,Driveway / Alley,Black,Male,22,20-24,No,NA,16-20 mph,O: No Injury,Black,Female,Passenger Car,No,01SEP2012,Saturday,Bicyclist Failed to Yield - Midblock,15,Non-Intersection,September,B: Evident Injury,15:36:00,Bicyclist Ride Out - Commercial Driveway / Alley,2012,Yes,No,Daylight,Straight - Level,Local Street,Dry,"Two-Way, Not Divided",None,No Special Feature,Coarse Asphalt,NA,"36.3271571978, -78.5991026268"
2563,Winston-Salem,Forsyth,Piedmont,Commercial,Urban (>70% Developed),NA,Urban,30 - 35  MPH,Stop And Go Signal,Clear,No,56,50-59,No,NA,With Traffic,C: Possible Injury,Travel Lane,White,Male,44,40-49,No,NA,11-15 mph,O: No Injury,Hispanic,Female,Sport Utility,No,14OCT2012,Sunday,Motorist Right Turn / Merge,18,Intersection,October,C: Possible Injury,18:30:00,Motorist Right Turn - Same Direction,2012,No,No,Dusk,Straight - Grade,Local Street,Dry,"Two-Way, Divided, Positive Median Barrier",None,Four-Way Intersection,Smooth Asphalt,7 lanes,"36.1290670943, -80.2875031257"
2568,None - Rural Crash,Guilford,Piedmont,Institutional,Urban (>70% Developed),NA,Rural,20 - 25  MPH,Stop Sign,Clear,No,21,20-24,No,NA,With Traffic,C: Possible Injury,Travel Lane,White,Male,19,0-19,No,NA,21-25 mph,O: No Injury,White,Female,Passenger Car,No,18OCT2012,Thursday,Motorist Right Turn / Merge,10,Intersection,October,C: Possible Injury,10:33:00,Motorist Right Turn - Same Direction,2012,No,No,Daylight,Straight - Level,Local Street,Dry,"Two-Way, Divided, Positive Median Barrier",None,No Special Feature,Smooth Asphalt,2 lanes,"36.0652970977, -79.8127029796"
2607,Asheville,Buncombe,Mountains,Commercial,Urban (>70% Developed),NA,Urban,30 - 35  MPH,Stop And Go Signal,Clear,No,24,20-24,No,NA,With Traffic,C: Possible Injury,Travel Lane,White,Male,20,20-24,No,NA,0-5 mph,O: No Injury,White,Female,Passenger Car,No,24OCT2012,Wednesday,Motorist Left Turn / Merge,19,Intersection,October,C: Possible Injury,19:17:00,Motorist Left Turn - Opposite Direction,2012,Yes,No,Dark - Lighted Roadway,Straight - Grade,Local Street,Dry,"Two-Way, Not Divided",None,Four-Way Intersection,Coarse Asphalt,3 lanes,"35.5979268959, -82.55370377"
2562,Raleigh,Wake,Piedmont,Commercial,Urban (>70% Developed),NA,Urban,5 - 15 MPH,No Control Present,Clear,No,25,25-29,No,NA,Not Applicable,O: No Injury,Non-Roadway,White,Male,48,40-49,No,NA,0-5 mph,O: No Injury,Black,Female,Passenger Car,No,19OCT2012,Friday,Non-Roadway,15,Non-Roadway,October,O: No Injury,15:50:00,Non-Roadway,2012,No,No,Daylight,Straight - Grade,Public Vehicular Area,Dry,"Two-Way, Not Divided",None,"Driveway, Public",Coarse Asphalt,NA,"35.838437093, -78.6129026038"
2644,Greenville,Pitt,Coastal,Residential,Urban (>70% Developed),NA,Urban,40 - 45  MPH,Stop Sign,Clear,No,29,25-29,No,NA,Facing Traffic,B: Evident Injury,Sidewalk / Crosswalk / Driveway Crossing,White,Male,33,30-39,No,NA,0-5 mph,O: No Injury,White,Female,Sport Utility,No,19NOV2012,Monday,Motorist Failed to Yield - Sign-Controlled Intersection,20,Intersection,November,B: Evident Injury,20:08:00,Motorist Drive Out - Sign-Controlled Intersection,2012,Yes,No,Dark - Lighted Roadway,Straight - Level,Local Street,Dry,"Two-Way, Not Divided",None,T-Intersection,Coarse Asphalt,7 lanes,"35.5776570798, -77.3628022109"
2639,None - Rural Crash,Pasquotank,Coastal,Residential,Mixed (30% To 70% Developed),NA,Rural,30 - 35  MPH,"Double Yellow Line, No Passing Zone",Clear,No,7,6-10,No,NA,Facing Traffic,C: Possible Injury,Travel Lane,White,Male,18,0-19,No,NA,31-35 mph,O: No Injury,White,Female,Passenger Car,No,17NOV2012,Saturday,Bicyclist Right Turn / Merge,13,Non-Intersection,November,C: Possible Injury,13:55:00,Bicyclist Right Turn - Same Direction,2012,No,No,Daylight,Straight - Level,State Secondary Route,Dry,"Two-Way, Not Divided",None,No Special Feature,Smooth Asphalt,2 lanes,"36.242257259, -76.3143019232"
2636,Elizabethtown,Bladen,Coastal,Commercial,Mixed (30% To 70% Developed),NA,Rural,30 - 35  MPH,Stop And Go Signal,Clear,No,22,20-24,No,NA,With Traffic,B: Evident Injury,Travel Lane,White,Male,16,0-19,No,NA,11-15 mph,O: No Injury,White,Female,Passenger Car,No,24OCT2012,Wednesday,Bicyclist Failed to Yield - Signalized Intersection,16,Intersection,October,B: Evident Injury,16:47:00,Bicyclist Ride Through - Signalized Intersection,2012,Yes,No,Daylight,Straight - Level,State Secondary Route,Dry,"Two-Way, Not Divided",None,Four-Way Intersection,Smooth Asphalt,2 lanes,"34.6280668308, -78.6079025403"
2622,Charlotte,Mecklenburg,Piedmont,Commercial,Urban (>70% Developed),NA,Urban,30 - 35  MPH,Stop And Go Signal,Clear,No,26,25-29,No,NA,Facing Traffic,B: Evident Injury,Sidewalk / Crosswalk / Driveway Crossing,White,Male,58,50-59,No,NA,0-5 mph,O: No Injury,White,Male,Pickup,No,23OCT2012,Tuesday,Crossing Paths - Other Circumstances,16,Intersection,October,B: Evident Injury,16:21:00,Signalized Intersection - Other / Unknown,2012,No,No,Daylight,Curve - Level,Local Street,Dry,"Two-Way, Divided, Positive Median Barrier",None,T-Intersection,Coarse Asphalt,6 lanes,"35.1943468737, -80.873303249"
2618,Greenville,Pitt,Coastal,Commercial,Urban (>70% Developed),NA,Urban,40 - 45  MPH,No Control Present,Clear,No,50,50-59,No,NA,Facing Traffic,O: No Injury,Sidewalk / Crosswalk / Driveway Crossing,White,Male,20,20-24,No,NA,0-5 mph,O: No Injury,White,Female,Passenger Car,No,10NOV2012,Saturday,Crossing Paths - Other Circumstances,9,Intersection,November,O: No Injury,09:56:00,Signalized Intersection - Other / Unknown,2012,No,No,Daylight,Straight - Level,Local Street,Dry,"Two-Way, Divided, Unprotected Median",None,No Special Feature,Smooth Asphalt,5 lanes,"35.5910770822, -77.3783022164"
2619,Greensboro,Guilford,Piedmont,Institutional,Urban (>70% Developed),NA,Urban,20 - 25  MPH,Stop And Go Signal,Clear,No,52,50-59,No,NA,With Traffic,C: Possible Injury,Bike Lane / Paved Shoulder,Black,Male,23,20-24,No,NA,6-10 mph,O: No Injury,White,Male,Passenger Car,No,02NOV2012,Friday,Motorist Right Turn / Merge,15,Intersection,November,C: Possible Injury,15:28:00,Motorist Right Turn - Same Direction,2012,Yes,No,Daylight,Straight - Level,Local Street,Dry,"Two-Way, Divided, Unprotected Median",None,Four-Way Intersection,Smooth Asphalt,2 lanes,"36.0652770979, -79.8128029789"
2633,Greensboro,Guilford,Piedmont,Commercial,Urban (>70% Developed),NA,Urban,30 - 35  MPH,Stop And Go Signal,Clear,No,63,60-69,No,NA,With Traffic,O: No Injury,Travel Lane,Black,Male,44,40-49,No,NA,31-35 mph,C: Possible Injury,Other,Female,Passenger Car,No,16NOV2012,Friday,Loss of Control / Turning Error,13,Intersection-Related,November,C: Possible Injury,13:46:00,Motorist Lost Control - Other / Unknown,2012,Yes,No,Daylight,Straight - Level,Local Street,Dry,"One-Way, Not Divided",None,No Special Feature,Smooth Asphalt,4 lanes,"36.0724371008, -79.7914029732"
2626,Concord,Cabarrus,Piedmont,Residential,Urban (>70% Developed),NA,Urban,40 - 45  MPH,No Control Present,Clear,No,16,16-19,No,NA,With Traffic,C: Possible Injury,Travel Lane,Black,Male,25,25-29,No,NA,41-45 mph,O: No Injury,White,Female,Passenger Car,No,03NOV2012,Saturday,Bicyclist Left Turn / Merge,15,Non-Intersection,November,C: Possible Injury,15:25:00,Bicyclist Left Turn - Same Direction,2012,No,No,Daylight,Straight - Level,NC Route,Dry,"Two-Way, Divided, Unprotected Median",None,No Special Feature,Smooth Asphalt,2 lanes,"35.4340569342, -80.6328031904"
2643,Gastonia,Gaston,Piedmont,Commercial,Urban (>70% Developed),NA,Urban,30 - 35  MPH,Stop Sign,Clear,No,12,11-15,No,NA,Facing Traffic,B: Evident Injury,Sidewalk / Crosswalk / Driveway Crossing,Black,Male,35,30-39,Yes,NA,16-20 mph,O: No Injury,White,Female,Passenger Car,Yes,20OCT2012,Saturday,Motorist Left Turn / Merge,19,Intersection,October,B: Evident Injury,19:35:00,Motorist Left Turn - Same Direction,2012,Yes,No,Dusk,Straight - Level,Local Street,Dry,"Two-Way, Not Divided",None,T-Intersection,Smooth Asphalt,2 lanes,"35.262266877, -81.1957033489"
2623,Carrboro,Orange,Piedmont,Commercial,Urban (>70% Developed),NA,Urban,20 - 25  MPH,Stop And Go Signal,Clear,No,57,50-59,No,NA,With Traffic,B: Evident Injury,Travel Lane,White,Male,58,50-59,No,NA,11-15 mph,O: No Injury,Black,Male,Pickup,No,04NOV2012,Sunday,Motorist Overtaking Bicyclist,15,Intersection-Related,November,B: Evident Injury,15:29:00,Motorist Overtaking - Bicyclist Swerved,2012,Yes,No,Daylight,Straight - Level,Local Street,Dry,"Two-Way, Not Divided",None,No Special Feature,Coarse Asphalt,NA,"35.910947092, -79.0670027453"
2810,Charlotte,Mecklenburg,Piedmont,Commercial,Urban (>70% Developed),NA,Urban,30 - 35  MPH,Stop Sign,Cloudy,No,44,40-49,No,NA,With Traffic,C: Possible Injury,Sidewalk / Crosswalk / Driveway Crossing,Black,Male,NA,NA,Missing,NA,0-5 mph,Unknown Injury,Unknown/Missing,NA,NA,No,07FEB2011,Monday,Motorist Failed to Yield - Sign-Controlled Intersection,10,Intersection,February,C: Possible Injury,10:26:00,Motorist Drive Out - Sign-Controlled Intersection,2011,No,Yes,Daylight,Straight - Level,Local Street,Dry,"Two-Way, Not Divided",None,Four-Way Intersection,Smooth Asphalt,2 lanes,"35.2183768804, -80.8538032449"
2828,Greensboro,Guilford,Piedmont,Residential,Urban (>70% Developed),NA,Urban,20 - 25  MPH,Stop Sign,Clear,No,8,6-10,No,NA,With Traffic,C: Possible Injury,Travel Lane,Black,Female,26,25-29,No,NA,26-30 mph,O: No Injury,White,Male,Passenger Car,No,23FEB2011,Wednesday,Bicyclist Failed to Yield - Sign-Controlled Intersection,17,Intersection,February,C: Possible Injury,17:39:00,Bicyclist Ride Through - Sign-Controlled Intersection,2011,Yes,No,Daylight,Straight - Level,Local Street,Dry,"Two-Way, Not Divided",None,Four-Way Intersection,Smooth Asphalt,2 lanes,"36.0515070934, -79.847902989"
2801,Yanceyville,Caswell,Piedmont,Residential,Urban (>70% Developed),NA,Rural,30 - 35  MPH,No Control Present,Clear,No,7,6-10,No,NA,With Traffic,B: Evident Injury,Travel Lane,Black,Male,24,20-24,No,NA,31-35 mph,O: No Injury,Black,Female,Passenger Car,No,13FEB2011,Sunday,Bicyclist Failed to Yield - Sign-Controlled Intersection,16,Intersection,February,B: Evident Injury,16:29:00,Bicyclist Ride Through - Sign-Controlled Intersection,2011,Yes,No,Daylight,Straight - Level,Local Street,Dry,"Two-Way, Not Divided",None,T-Intersection,Coarse Asphalt,2 lanes,"36.4072471873, -79.3436028565"
2822,Salisbury,Rowan,Piedmont,Residential,Urban (>70% Developed),NA,Urban,50 - 55  MPH,No Control Present,Clear,No,23,20-24,No,NA,With Traffic,A: Disabling Injury,Travel Lane,White,Male,32,30-39,No,NA,51-55 mph,O: No Injury,White,Male,Pickup,No,15FEB2011,Tuesday,Motorist Overtaking Bicyclist,19,Non-Intersection,February,A: Disabling Injury,19:25:00,Motorist Overtaking - Undetected Bicyclist,2011,Yes,No,Dark - Roadway Not Lighted,Straight - Level,Local Street,Dry,"Two-Way, Not Divided",None,No Special Feature,Coarse Asphalt,5 lanes,"35.6298469801, -80.522403168"