object_id,city,county,region,development,locality,on_road,rural_urban,speed_limit,traffic_control,weather,workzone,bike_age,bike_age_group,bike_alcohol,bike_alcohol_drugs,bike_direction,bike_injury,bike_position,bike_race,bike_sex,driver_age,driver_age_group,driver_alcohol,driver_alcohol_drugs,driver_est_speed,driver_injury,driver_race,driver_sex,driver_vehicle_type,crash_alcohol,crash_date,crash_day,crash_group,crash_hour,crash_location,crash_month,crash_severity,crash_time,crash_type,crash_year,ambulance_req,hit_run,light_condition,road_character,road_class,road_condition,road_configuration,road_defects,road_feature,road_surface,num_lanes,geo_point
2825,Charlotte,Mecklenburg,Piedmont,Residential,Urban (>70% Developed),NA,Urban,30 - 35  MPH,Stop Sign,Clear,No,28,25-29,No,NA,With Traffic,C: Possible Injury,Travel Lane,Hispanic,Male,55,50-59,No,NA,31-35 mph,O: No Injury,Black,Male,"Light Truck (Mini-Van, Panel)",No,19FEB2011,Saturday,Motorist Left Turn / Merge,10,Intersection,February,C: Possible Injury,10:44:00,Motorist Left Turn - Opposite Direction,2011,No,No,Dawn,Straight - Bottom,Local Street,Dry,"Two-Way, Not Divided",None,No Special Feature,Coarse Asphalt,4 lanes,"35.2270968819, -80.8431032414"
2813,Greensboro,Guilford,Piedmont,Commercial,Urban (>70% Developed),NA,Urban,30 - 35  MPH,No Control Present,Clear,No,45,40-49,No,NA,Facing Traffic,C: Possible Injury,Travel Lane,White,Male,38,30-39,No,NA,0-5 mph,O: No Injury,White,Male,Pickup,No,10FEB2011,Thursday,Loss of Control / Turning Error,16,Intersection,February,C: Possible Injury,16:02:00,Bicyclist Lost Control - Mechanical Problems,2011,Yes,No,Daylight,Straight - Level,Local Street,Dry,"Two-Way, Not Divided",None,Related To Intersection,Smooth Asphalt,6 lanes,"36.0630670982, -79.8091029777"
2833,Asheville,Buncombe,Mountains,Institutional,Urban (>70% Developed),NA,Urban,30 - 35  MPH,No Control Present,Clear,No,36,30-39,No,NA,With Traffic,C: Possible Injury,Travel Lane,White,Male,19,0-19,No,NA,0-5 mph,O: No Injury,Other,Male,Passenger Car,No,16FEB2011,Wednesday,Bicyclist Overtaking Motorist,12,Non-Intersection,February,C: Possible Injury,12:15:00,Bicyclist Overtaking - Passing on Right,2011,No,No,Daylight,Straight - Level,Local Street,Dry,"Two-Way, Not Divided",None,"Driveway, Public",Smooth Asphalt,2 lanes,"35.5963968961, -82.5488037689"
2799,Wilmington,New Hanover,Coastal,Commercial,Urban (>70% Developed),NA,Urban,5 - 15 MPH,No Control Present,Clear,No,23,20-24,No,NA,Facing Traffic,B: Evident Injury,Sidewalk / Crosswalk / Driveway Crossing,White,Male,44,40-49,No,NA,0-5 mph,O: No Injury,White,Male,"Single Unit Truck (2-Axle, 6-Tire)",No,27JAN2011,Thursday,Motorist Failed to Yield - Midblock,17,Non-Intersection,January,B: Evident Injury,17:58:00,Motorist Drive Out - Commercial Driveway / Alley,2011,Yes,No,Dark - Lighted Roadway,Straight - Level,Public Vehicular Area,Dry,"Two-Way, Not Divided",None,No Special Feature,Coarse Asphalt,NA,"34.241786769, -77.8948023067"
2795,Winston-Salem,Forsyth,Piedmont,Residential,Urban (>70% Developed),NA,Urban,30 - 35  MPH,No Control Present,Clear,No,49,40-49,Yes,NA,With Traffic,B: Evident Injury,Travel Lane,Black,Male,NA,NA,Missing,NA,11-15 mph,Unknown Injury,Unknown/Missing,NA,Single Unit Truck (3 Or More Axles),Yes,15JAN2011,Saturday,Bicyclist Overtaking Motorist,23,Non-Intersection,January,B: Evident Injury,23:27:00,Bicyclist Overtaking - Parked Vehicle,2011,No,No,Dark - Unknown Lighting,Straight - Grade,Local Street,Dry,"Two-Way, Not Divided",None,No Special Feature,Smooth Asphalt,2 lanes,"36.1172570927, -80.246303113"
2779,None - Rural Crash,Lenoir,Coastal,Residential,Rural (<30% Developed),NA,Rural,50 - 55  MPH,"Double Yellow Line, No Passing Zone",Clear,No,12,11-15,No,NA,Not Applicable,B: Evident Injury,Driveway / Alley,White,Male,NA,NA,No,NA,41-45 mph,Unknown Injury,Unknown/Missing,NA,NA,No,21JAN2011,Friday,Bicyclist Failed to Yield - Midblock,16,Non-Intersection,January,B: Evident Injury,16:00:00,Bicyclist Ride Out - Residential Driveway,2011,Yes,Yes,Daylight,Straight - Level,State Secondary Route,Dry,"Two-Way, Not Divided",None,No Special Feature,Coarse Asphalt,2 lanes,"35.31690701, -77.7647023201"
2768,None - Rural Crash,Person,Piedmont,"Farms, Woods, Pastures",Rural (<30% Developed),NA,Rural,50 - 55  MPH,"Double Yellow Line, No Passing Zone",Clear,No,42,40-49,No,NA,With Traffic,C: Possible Injury,Travel Lane,White,Female,40,40-49,No,NA,46-50 mph,O: No Injury,White,Female,Van,No,03JAN2011,Monday,Motorist Overtaking Bicyclist,18,Intersection-Related,January,C: Possible Injury,18:56:00,Motorist Overtaking - Undetected Bicyclist,2011,Yes,No,Dark - Roadway Not Lighted,Straight - Level,State Secondary Route,Dry,"Two-Way, Not Divided",None,No Special Feature,Smooth Asphalt,2 lanes,"36.3921971994, -78.9370027329"
2762,Carrboro,Orange,Piedmont,Commercial,Urban (>70% Developed),NA,Urban,30 - 35  MPH,Stop And Go Signal,Clear,No,24,20-24,No,NA,With Traffic,B: Evident Injury,Travel Lane,White,Female,NA,NA,Missing,NA,6-10 mph,Unknown Injury,Unknown/Missing,NA,NA,No,10DEC2012,Monday,Parallel Paths - Other Circumstances,17,Non-Intersection,December,B: Evident Injury,17:13:00,Motorist Turn / Merge - Other / Unknown,2012,Yes,Yes,Dusk,Straight - Bottom,Local Street,Dry,"Two-Way, Divided, Positive Median Barrier",None,Four-Way Intersection,Smooth Asphalt,4 lanes,"35.9050570902, -79.0883027513"
2765,Charlotte,Mecklenburg,Piedmont,Commercial,Urban (>70% Developed),NA,Urban,40 - 45  MPH,Stop And Go Signal,Clear,No,30,30-39,Missing,NA,With Traffic,B: Evident Injury,Travel Lane,White,Male,56,50-59,No,NA,16-20 mph,O: No Injury,Black,Female,"Light Truck (Mini-Van, Panel)",No,20MAY2012,Sunday,Motorist Left Turn / Merge,17,Intersection-Related,May,B: Evident Injury,17:19:00,Motorist Left Turn - Opposite Direction,2012,Yes,No,Daylight,Straight - Level,Local Street,Dry,"Two-Way, Divided, Unprotected Median",None,Four-Way Intersection,Smooth Asphalt,4 lanes,"35.2059068747, -80.9223032645"
2794,None - Rural Crash,Bertie,Coastal,"Farms, Woods, Pastures",Rural (<30% Developed),NA,Rural,50 - 55  MPH,No Control Present,Clear,No,28,25-29,Yes,NA,Not Applicable,K: Killed,Driveway / Alley,Black,Female,33,30-39,No,NA,51-55 mph,O: No Injury,White,Male,Pickup,Yes,30JAN2011,Sunday,Bicyclist Failed to Yield - Midblock,18,Non-Intersection,January,K: Killed,18:36:00,Bicyclist Ride Out - Residential Driveway,2011,Yes,No,Dark - Roadway Not Lighted,Straight - Level,NC Route,Dry,"Two-Way, Not Divided",None,"Driveway, Private",Smooth Asphalt,2 lanes,"36.2269772398, -76.7707020628"
2800,Raleigh,Wake,Piedmont,Industrial,Urban (>70% Developed),NA,Urban,30 - 35  MPH,No Control Present,Clear,No,25,25-29,Yes,NA,Not Applicable,O: No Injury,Non-Roadway,White,Female,34,30-39,No,NA,11-15 mph,O: No Injury,Black,Male,Passenger Car,Yes,15JAN2011,Saturday,Bicyclist Failed to Yield - Midblock,16,Non-Intersection,January,O: No Injury,16:00:00,Bicyclist Ride Out - Commercial Driveway / Alley,2011,No,No,Daylight,Straight - Grade,Local Street,Dry,"Two-Way, Not Divided",None,No Special Feature,Smooth Asphalt,2 lanes,"35.780997079, -78.655802614"
2767,Dunn,Harnett,Coastal,Residential,Urban (>70% Developed),NA,Urban,30 - 35  MPH,No Control Present,Clear,No,12,11-15,No,NA,With Traffic,B: Evident Injury,Travel Lane,Black,Male,36,30-39,No,NA,31-35 mph,O: No Injury,Black,Female,Passenger Car,No,12OCT2012,Friday,Motorist Overtaking Bicyclist,6,Non-Intersection,October,B: Evident Injury,06:48:00,Motorist Overtaking - Other / Unknown,2012,Yes,No,Dark - Roadway Not Lighted,Straight - Level,Local Street,Dry,"Two-Way, Not Divided",None,No Special Feature,Coarse Asphalt,2 lanes,"35.3040169781, -78.6202025787"
2772,None - Rural Crash,Randolph,Piedmont,Commercial,Urban (>70% Developed),NA,Rural,40 - 45  MPH,No Control Present,Clear,No,44,40-49,No,NA,With Traffic,C: Possible Injury,Travel Lane,White,Male,25,25-29,No,NA,0-5 mph,O: No Injury,White,Female,Passenger Car,No,07JAN2011,Friday,Motorist Failed to Yield - Midblock,7,Non-Intersection,January,C: Possible Injury,07:40:00,Motorist Drive Out - Other Midblock,2011,Yes,No,Daylight,Straight - Level,US Route,Dry,"Two-Way, Not Divided",None,"Driveway, Public",Smooth Asphalt,3 lanes,"35.6731570144, -79.8204029604"
2709,None - Rural Crash,Orange,Piedmont,"Farms, Woods, Pastures",Rural (<30% Developed),NA,Rural,50 - 55  MPH,"Double Yellow Line, No Passing Zone",Cloudy,No,53,50-59,No,NA,With Traffic,A: Disabling Injury,Travel Lane,White,Male,67,60-69,No,NA,51-55 mph,O: No Injury,White,Male,Pickup,No,12DEC2012,Wednesday,Motorist Overtaking Bicyclist,17,Non-Intersection,December,A: Disabling Injury,17:40:00,Motorist Overtaking - Other / Unknown,2012,Yes,No,Dark - Roadway Not Lighted,Straight - Level,NC Route,Wet,"Two-Way, Not Divided",None,No Special Feature,Smooth Asphalt,2 lanes,"36.1962371548, -79.0098027433"
2706,Lumberton,Robeson,Coastal,Commercial,Urban (>70% Developed),NA,Urban,30 - 35  MPH,Stop And Go Signal,Cloudy,No,49,40-49,No,NA,Facing Traffic,B: Evident Injury,Travel Lane,Black,Male,NA,NA,Missing,NA,31-35 mph,Unknown Injury,Unknown/Missing,NA,NA,No,27NOV2012,Tuesday,Motorist Failed to Yield - Signalized Intersection,19,Intersection,November,B: Evident Injury,19:46:00,Motorist Drive Out - Right Turn on Red,2012,Yes,Yes,Dark - Lighted Roadway,Straight - Level,Local Street,Wet,"Two-Way, Not Divided",None,T-Intersection,Coarse Asphalt,2 lanes,"34.6142468144, -79.0184026637"
2701,None - Rural Crash,Iredell,Piedmont,Residential,Mixed (30% To 70% Developed),NA,Rural,50 - 55  MPH,"Double Yellow Line, No Passing Zone",Rain,No,42,40-49,No,NA,With Traffic,B: Evident Injury,Travel Lane,White,Male,20,20-24,No,NA,41-45 mph,O: No Injury,White,Female,Passenger Car,No,10DEC2012,Monday,Motorist Overtaking Bicyclist,16,Non-Intersection,December,B: Evident Injury,16:50:00,Motorist Overtaking - Other / Unknown,2012,Yes,No,Daylight,Straight - Level,State Secondary Route,Wet,"Two-Way, Not Divided",None,No Special Feature,Smooth Asphalt,2 lanes,"35.6459269728, -80.8092032551"
2740,Charlotte,Mecklenburg,Piedmont,Commercial,Urban (>70% Developed),NA,Urban,5 - 15 MPH,Stop Sign,Cloudy,No,25,25-29,No,NA,Facing Traffic,B: Evident Injury,Sidewalk / Crosswalk / Driveway Crossing,Black,Female,30,30-39,No,NA,0-5 mph,O: No Injury,Black,Female,Sport Utility,No,29DEC2012,Saturday,Motorist Failed to Yield - Midblock,16,Non-Intersection,December,B: Evident Injury,16:04:00,Motorist Drive Out - Commercial Driveway / Alley,2012,Yes,No,Daylight,Straight - Level,Local Street,Dry,"Two-Way, Not Divided",None,No Special Feature,Smooth Asphalt,2 lanes,"35.2038268806, -80.7533032134"
2700,None - Rural Crash,Buncombe,Mountains,Residential,Rural (<30% Developed),NA,Rural,50 - 55  MPH,"Double Yellow Line, No Passing Zone",Clear,No,49,40-49,No,NA,With Traffic,C: Possible Injury,Travel Lane,White,Male,59,50-59,No,NA,51-55 mph,O: No Injury,White,Female,Passenger Car,No,04DEC2012,Tuesday,Motorist Overtaking Bicyclist,14,Non-Intersection,December,C: Possible Injury,14:36:00,Motorist Overtaking - Other / Unknown,2012,Yes,No,Daylight,Curve - Grade,State Secondary Route,Dry,"Two-Way, Not Divided",None,No Special Feature,Smooth Asphalt,2 lanes,"35.6558069041, -82.657803804"
2753,Pineville,Mecklenburg,Piedmont,Commercial,Urban (>70% Developed),NA,Rural,30 - 35  MPH,Stop And Go Signal,Rain,No,19,16-19,No,NA,Facing Traffic,C: Possible Injury,Travel Lane,Black,Male,24,20-24,No,NA,0-5 mph,O: No Injury,White,Female,Passenger Car,No,20DEC2012,Thursday,Motorist Failed to Yield - Signalized Intersection,20,Intersection,December,C: Possible Injury,20:09:00,Motorist Drive Out - Right Turn on Red,2012,No,No,Dark - Lighted Roadway,Straight - Level,Local Street,Wet,"Two-Way, Not Divided",None,Four-Way Intersection,Smooth Asphalt,6 lanes,"35.0894668518, -80.8706032427"
2712,Charlotte,Mecklenburg,Piedmont,Residential,Urban (>70% Developed),NA,Urban,30 - 35  MPH,No Control Present,Clear,No,23,20-24,Yes,NA,With Traffic,C: Possible Injury,Travel Lane,Black,Male,NA,NA,Missing,NA,6-10 mph,Unknown Injury,Unknown/Missing,NA,NA,Yes,14DEC2012,Friday,Bicyclist Left Turn / Merge,18,Non-Intersection,December,C: Possible Injury,18:53:00,Bicyclist Left Turn - Same Direction,2012,Yes,Yes,Dark - Lighted Roadway,Straight - Level,Local Street,Dry,"Two-Way, Not Divided",None,No Special Feature,Smooth Asphalt,2 lanes,"35.2599168875, -80.8978032596"
2695,Shelby,Cleveland,Mountains,Commercial,Mixed (30% To 70% Developed),NA,Urban,40 - 45  MPH,Stop And Go Signal,Clear,No,NA,NA,No,NA,With Traffic,Unknown Injury,Travel Lane,Unknown/Missing,NA,43,40-49,No,NA,6-10 mph,O: No Injury,White,Male,Sport Utility,No,16NOV2012,Friday,Motorist Left Turn / Merge,16,Intersection,November,O: No Injury,16:03:00,Motorist Left Turn - Opposite Direction,2012,No,No,Daylight,Straight - Level,US Route,Dry,"Two-Way, Divided, Positive Median Barrier",None,Four-Way Intersection,Smooth Asphalt,3 lanes,"35.2935468689, -81.5983034706"
2758,New Bern,Craven,Coastal,Commercial,Urban (>70% Developed),NA,Urban,30 - 35  MPH,Stop Sign,Clear,No,67,60-69,No,NA,Facing Traffic,C: Possible Injury,Travel Lane,Black,Male,70+,70+,No,NA,0-5 mph,O: No Injury,White,Female,Passenger Car,No,24MAY2012,Thursday,Motorist Failed to Yield - Sign-Controlled Intersection,12,Intersection,May,C: Possible Injury,12:44:00,Motorist Drive Out - Sign-Controlled Intersection,2012,No,No,Daylight,Straight - Level,Local Street,Dry,"Two-Way, Not Divided",None,T-Intersection,Smooth Asphalt,4 lanes,"35.1129669884, -77.0681020981"
2756,Rocky Mount,Nash,Coastal,Commercial,Urban (>70% Developed),NA,Urban,30 - 35  MPH,No Control Present,Clear,No,14,11-15,No,NA,Not Applicable,O: No Injury,Non-Roadway,Black,Male,62,60-69,No,NA,16-20 mph,O: No Injury,Black,Female,Passenger Car,No,27DEC2012,Thursday,Bicyclist Failed to Yield - Midblock,12,Non-Intersection,December,O: No Injury,12:27:00,Bicyclist Ride Out - Commercial Driveway / Alley,2012,No,No,Daylight,Straight - Level,Local Street,Dry,"Two-Way, Not Divided",None,No Special Feature,Smooth Asphalt,4 lanes,"35.9558571455, -77.8214023692"
2656,Greensboro,Guilford,Piedmont,Commercial,Urban (>70% Developed),NA,Urban,5 - 15 MPH,No Control Present,Clear,No,NA,NA,Missing,NA,Facing Traffic,Unknown Injury,Sidewalk / Crosswalk / Driveway Crossing,Unknown/Missing,NA,51,50-59,No,NA,0-5 mph,O: No Injury,Black,Male,Passenger Car,No,20JUN2012,Wednesday,Motorist Failed to Yield - Midblock,15,Non-Intersection,June,O: No Injury,15:46:00,Motorist Drive Out - Commercial Driveway / Alley,2012,Yes,Yes,Daylight,Straight - Level,Local Street,Dry,"Two-Way, Not Divided",None,"Driveway, Public",Coarse Asphalt,3 lanes,"36.0393870935, -79.7991029732"
2676,Concord,Cabarrus,Piedmont,Residential,Urban (>70% Developed),NA,Urban,40 - 45  MPH,No Control Present,Clear,No,18,16-19,No,NA,With Traffic,C: Possible Injury,Travel Lane,Hispanic,Male,38,30-39,No,NA,41-45 mph,O: No Injury,White,Male,"Single Unit Truck (2-Axle, 6-Tire)",No,12NOV2012,Monday,Motorist Overtaking Bicyclist,17,Non-Intersection,November,C: Possible Injury,17:40:00,Motorist Overtaking - Undetected Bicyclist,2012,Yes,No,Dark - Lighted Roadway,Straight - Level,Local Street,Dry,"Two-Way, Divided, Unprotected Median",None,No Special Feature,Smooth Asphalt,2 lanes,"35.3823269215, -80.6848032034"
2687,Asheville,Buncombe,Mountains,Commercial,Urban (>70% Developed),NA,Urban,40 - 45  MPH,Stop Sign,Clear,No,53,50-59,No,NA,Facing Traffic,B: Evident Injury,Sidewalk / Crosswalk / Driveway Crossing,White,Male,44,40-49,No,NA,NA,O: No Injury,White,Female,Passenger Car,No,10NOV2012,Saturday,Motorist Failed to Yield - Sign-Controlled Intersection,13,Intersection,November,B: Evident Injury,13:11:00,Motorist Drive Out - Sign-Controlled Intersection,2012,No,No,Daylight,Straight - Grade,US Route,Dry,"Two-Way, Divided, Unprotected Median",None,T-Intersection,Smooth Asphalt,4 lanes,"35.5769368895, -82.6116037866"
2662,Durham,Durham,Piedmont,Residential,Urban (>70% Developed),NA,Urban,30 - 35  MPH,Stop Sign,Clear,No,23,20-24,No,NA,With Traffic,B: Evident Injury,Travel Lane,Black,Male,48,40-49,No,NA,0-5 mph,O: No Injury,White,Male,Passenger Car,No,27NOV2012,Tuesday,Motorist Failed to Yield - Sign-Controlled Intersection,22,Intersection,November,B: Evident Injury,22:39:00,Motorist Drive Out - Sign-Controlled Intersection,2012,Yes,No,Dark - Roadway Not Lighted,Straight - Level,Local Street,Wet,"Two-Way, Not Divided",None,No Special Feature,Smooth Asphalt,2 lanes,"35.8903470926, -78.9433027068"
2653,Greenville,Pitt,Coastal,Residential,Mixed (30% To 70% Developed),NA,Urban,30 - 35  MPH,Stop Sign,Clear,No,18,16-19,No,NA,With Traffic,B: Evident Injury,Travel Lane,Black,Male,57,50-59,No,NA,11-15 mph,O: No Injury,Black,Female,Passenger Car,No,25NOV2012,Sunday,Bicyclist Failed to Yield - Sign-Controlled Intersection,14,Intersection,November,B: Evident Injury,14:53:00,Bicyclist Ride Through - Sign-Controlled Intersection,2012,Yes,No,Daylight,Straight - Level,Local Street,Dry,"Two-Way, Not Divided",None,Four-Way Intersection,Coarse Asphalt,2 lanes,"35.6131070868, -77.3827022181"
2648,Southern Pines,Moore,Piedmont,Residential,Urban (>70% Developed),NA,Urban,30 - 35  MPH,Stop Sign,Clear,No,60,60-69,No,NA,Facing Traffic,B: Evident Injury,Travel Lane,Black,Male,17,0-19,No,NA,31-35 mph,O: No Injury,White,Female,Passenger Car,No,03NOV2012,Saturday,Bicyclist Failed to Yield - Sign-Controlled Intersection,17,Intersection,November,B: Evident Injury,17:14:00,Bicyclist Ride Through - Sign-Controlled Intersection,2012,Yes,No,Daylight,Straight - Grade,Local Street,Dry,"Two-Way, Not Divided",None,T-Intersection,Coarse Asphalt,2 lanes,"35.166666921, -79.4080028084"
2692,None - Rural Crash,Robeson,Coastal,Residential,Mixed (30% To 70% Developed),NA,Rural,50 - 55  MPH,No Control Present,Clear,No,70+,70+,No,NA,With Traffic,K: Killed,Travel Lane,Native American,Male,70+,70+,No,NA,51-55 mph,O: No Injury,White,Male,Pickup,No,29NOV2012,Thursday,Motorist Overtaking Bicyclist,17,Non-Intersection,November,K: Killed,17:51:00,Motorist Overtaking - Bicyclist Swerved,2012,Yes,No,Dark - Roadway Not Lighted,Straight - Level,State Secondary Route,Dry,"Two-Way, Not Divided",None,No Special Feature,Coarse Asphalt,2 lanes,"34.8007868436, -79.3386027696"
2672,None - Rural Crash,Gaston,Piedmont,Residential,Mixed (30% To 70% Developed),NA,Rural,40 - 45  MPH,"Double Yellow Line, No Passing Zone",Clear,No,36,30-39,No,NA,With Traffic,C: Possible Injury,Travel Lane,White,Male,70+,70+,No,NA,36-40 mph,O: No Injury,White,Female,Passenger Car,No,21NOV2012,Wednesday,Motorist Overtaking Bicyclist,12,Intersection,November,C: Possible Injury,12:46:00,Motorist Overtaking - Other / Unknown,2012,No,No,Daylight,Straight - Level,NC Route,Dry,"Two-Way, Not Divided",None,T-Intersection,Coarse Asphalt,2 lanes,"35.1872968628, -81.1496033311"
3761,None - Rural Crash,Moore,Piedmont,Commercial,Urban (>70% Developed),NA,Rural,NA,Stop Sign,Cloudy,No,48,40-49,No,NA,Facing Traffic,B: Evident Injury,Sidewalk / Crosswalk / Driveway Crossing,White,Male,57,50-59,No,NA,0-5 mph,O: No Injury,White,Male,Passenger Car,No,12MAR2010,Friday,Motorist Failed to Yield - Sign-Controlled Intersection,14,Intersection,March,B: Evident Injury,14:10:00,Motorist Drive Out - Sign-Controlled Intersection,2010,Yes,No,Daylight,Straight - Level,Public Vehicular Area,Dry,"Two-Way, Not Divided",None,"Driveway, Public",Coarse Asphalt,NA,"35.1493369165, -79.4187428111"
3762,Concord,Cabarrus,Piedmont,Commercial,Urban (>70% Developed),NA,Urban,50 - 55  MPH,No Control Present,Clear,No,35,30-39,No,NA,With Traffic,K: Killed,Travel Lane,White,Male,24,20-24,No,NA,51-55 mph,O: No Injury,White,Female,Passenger Car,No,17MAR2010,Wednesday,Motorist Overtaking Bicyclist,7,Non-Intersection,March,K: Killed,07:30:00,Motorist Overtaking - Misjudged Space,2010,Yes,No,Daylight,Straight - Level,NC Route,Dry,"Two-Way, Divided, Positive Median Barrier",None,No Special Feature,Coarse Asphalt,2 lanes,"35.3732709241, -80.5515231623"
3765,Raleigh,Wake,Piedmont,Commercial,Urban (>70% Developed),NA,Urban,30 - 35  MPH,Stop And Go Signal,Clear,No,NA,NA,Missing,NA,Facing Traffic,Unknown Injury,Sidewalk / Crosswalk / Driveway Crossing,Unknown/Missing,NA,63,60-69,No,NA,0-5 mph,O: No Injury,White,Male,Pickup,No,17MAR2010,Wednesday,Motorist Failed to Yield - Signalized Intersection,17,Intersection,March,C: Possible Injury,17:44:00,Motorist Drive Out - Right Turn on Red,2010,Yes,No,Daylight,Straight - Level,Local Street,Dry,"Two-Way, Divided, Unprotected Median",None,Four-Way Intersection,Smooth Asphalt,4 lanes,"35.8151930873, -78.6261466068"
3779,Boone,Watauga,Mountains,Institutional,Urban (>70% Developed),NA,Urban,20 - 25  MPH,No Control Present,Clear,No,23,20-24,No,NA,With Traffic,B: Evident Injury,Travel Lane,White,Male,52,50-59,No,NA,0-5 mph,O: No Injury,White,Male,"Light Truck (Mini-Van, Panel)",No,31MAR2010,Wednesday,Motorist Left Turn / Merge,11,Non-Intersection,March,B: Evident Injury,11:58:00,Motorist Left Turn - Opposite Direction,2010,Yes,No,Daylight,Straight - Level,Local Street,Dry,"Two-Way, Not Divided",None,No Special Feature,Smooth Asphalt,4 lanes,"36.2171270588, -81.6848175489"
3782,Laurinburg,Scotland,Coastal,Residential,Urban (>70% Developed),NA,Urban,30 - 35  MPH,Stop And Go Signal,Clear,No,17,16-19,No,NA,Facing Traffic,C: Possible Injury,Travel Lane,Black,Male,23,20-24,No,NA,0-5 mph,C: Possible Injury,Native American,Female,Passenger Car,No,31MAR2010,Wednesday,Motorist Failed to Yield - Signalized Intersection,8,Intersection,March,C: Possible Injury,08:21:00,Motorist Drive Through - Signalized Intersection,2010,Yes,No,Dusk,Straight - Level,US Route,Dry,"Two-Way, Not Divided",None,No Special Feature,Smooth Asphalt,2 lanes,"34.7722668331, -79.4575988039"
3785,Charlotte,Mecklenburg,Piedmont,Commercial,Rural (<30% Developed),NA,Urban,30 - 35  MPH,Stop And Go Signal,Clear,No,15,11-15,No,NA,With Traffic,Unknown Injury,Travel Lane,Unknown/Missing,NA,47,40-49,No,NA,0-5 mph,O: No Injury,White,Male,Passenger Car,No,01APR2010,Thursday,Crossing Paths - Other Circumstances,14,Intersection,April,O: No Injury,14:28:00,Crossing Paths - Intersection - Other / Unknown,2010,No,No,Daylight,Straight - Level,Local Street,Dry,"Two-Way, Divided, Positive Median Barrier",None,No Special Feature,Smooth Asphalt,4 lanes,"35.1179668588, -80.8558132399"
3787,Hope Mills,Cumberland,Coastal,Residential,Mixed (30% To 70% Developed),NA,Urban,40 - 45  MPH,"Double Yellow Line, No Passing Zone",Clear,No,6,6-10,No,NA,With Traffic,C: Possible Injury,Bike Lane / Paved Shoulder,Other,Female,52,50-59,No,NA,31-35 mph,C: Possible Injury,Black,Male,Van,No,11APR2010,Sunday,Bicyclist Left Turn / Merge,14,Non-Intersection,April,C: Possible Injury,14:57:00,Bicyclist Left Turn - Same Direction,2010,Yes,No,Daylight,Straight - Level,State Secondary Route,Dry,"Two-Way, Not Divided",None,No Special Feature,Coarse Asphalt,2 lanes,"34.9792818965, -78.9252726539"
3798,Sanford,Lee,Piedmont,Residential,Urban (>70% Developed),NA,Urban,30 - 35  MPH,Stop Sign,Clear,No,9,6-10,No,NA,With Traffic,B: Evident Injury,Travel Lane,Black,Male,65,60-69,No,NA,11-15 mph,O: No Injury,White,Female,Passenger Car,No,03APR2010,Saturday,Bicyclist Failed to Yield - Sign-Controlled Intersection,19,Intersection,April,B: Evident Injury,19:36:00,Bicyclist Ride Out - Sign-Controlled Intersection,2010,No,No,Daylight,Straight - Grade,Local Street,Dry,"Two-Way, Not Divided",None,T-Intersection,Coarse Asphalt,2 lanes,"35.4813299961, -79.1852677581"
3801,Wilson,Wilson,Coastal,Commercial,Urban (>70% Developed),NA,Urban,30 - 35  MPH,Stop Sign,Rain,No,37,30-39,No,NA,With Traffic,C: Possible Injury,Travel Lane,Black,Male,53,50-59,No,NA,31-35 mph,O: No Injury,White,Male,Sport Utility,No,09FEB2010,Tuesday,Motorist Failed to Yield - Sign-Controlled Intersection,14,Intersection,February,C: Possible Injury,14:30:00,Motorist Drive Out - Sign-Controlled Intersection,2010,No,No,Daylight,Straight - Level,Local Street,Wet,"Two-Way, Not Divided",None,No Special Feature,Coarse Asphalt,2 lanes,"35.7572740991, -77.9326023933"
3811,Durham,Durham,Piedmont,Commercial,Urban (>70% Developed),NA,Urban,20 - 25  MPH,No Control Present,Clear,No,10,6-10,No,NA,Not Applicable,C: Possible Injury,Non-Roadway,Black,Female,NA,NA,Missing,NA,0-5 mph,Unknown Injury,Unknown/Missing,NA,Sport Utility,No,18APR2010,Sunday,Non-Roadway,16,Non-Roadway,April,C: Possible Injury,16:59:00,Non-Roadway,2010,Yes,Yes,Daylight,Straight - Level,Public Vehicular Area,Dry,"Two-Way, Not Divided",None,No Special Feature,Smooth Asphalt,NA,"35.8995170963, -78.8982426936"
3812,Pembroke,Robeson,Coastal,Residential,Urban (>70% Developed),NA,Rural,20 - 25  MPH,No Control Present,Clear,No,20,20-24,No,NA,With Traffic,C: Possible Injury,Travel Lane,Native American,Male,NA,NA,Missing,NA,36-40 mph,Unknown Injury,Unknown/Missing,NA,NA,No,18APR2010,Sunday,Head-On,11,Non-Intersection,April,C: Possible Injury,11:53:00,Head-On - Motorist,2010,Yes,Yes,Daylight,Straight - Level,Local Street,Dry,"Two-Way, Not Divided",None,No Special Feature,Coarse Asphalt,2 lanes,"34.6794238218, -79.1971927204"