object_id,city,county,region,development,locality,on_road,rural_urban,speed_limit,traffic_control,weather,workzone,bike_age,bike_age_group,bike_alcohol,bike_alcohol_drugs,bike_direction,bike_injury,bike_position,bike_race,bike_sex,driver_age,driver_age_group,driver_alcohol,driver_alcohol_drugs,driver_est_speed,driver_injury,driver_race,driver_sex,driver_vehicle_type,crash_alcohol,crash_date,crash_day,crash_group,crash_hour,crash_location,crash_month,crash_severity,crash_time,crash_type,crash_year,ambulance_req,hit_run,light_condition,road_character,road_class,road_condition,road_configuration,road_defects,road_feature,road_surface,num_lanes,geo_point
3825,Concord,Cabarrus,Piedmont,Residential,Urban (>70% Developed),NA,Urban,30 - 35  MPH,Stop Sign,Clear,No,42,40-49,Yes,NA,With Traffic,B: Evident Injury,Travel Lane,Black,Male,29,25-29,No,NA,16-20 mph,O: No Injury,Unknown/Missing,Female,Passenger Car,Yes,11APR2010,Sunday,Motorist Failed to Yield - Sign-Controlled Intersection,17,Intersection,April,B: Evident Injury,17:51:00,Motorist Drive Through - Sign-Controlled Intersection,2010,Yes,No,Daylight,Straight - Hillcrest,Local Street,Dry,"Two-Way, Not Divided",None,Four-Way Intersection,Smooth Asphalt,4 lanes,"35.4103199311, -80.5883631761"
3827,Raleigh,Wake,Piedmont,Commercial,Urban (>70% Developed),NA,Urban,30 - 35  MPH,Stop And Go Signal,Clear,No,23,20-24,No,NA,With Traffic,C: Possible Injury,Travel Lane,White,Male,57,50-59,No,NA,11-15 mph,O: No Injury,White,Female,Passenger Car,No,30MAR2010,Tuesday,Loss of Control / Turning Error,8,Intersection,March,C: Possible Injury,08:39:00,Bicyclist Lost Control - Surface Conditions,2010,No,No,Daylight,Straight - Level,Local Street,Dry,"Two-Way, Not Divided",None,No Special Feature,Smooth Asphalt,5 lanes,"35.7888220807, -78.6732326202"
3828,Cary,Wake,Piedmont,Commercial,Urban (>70% Developed),NA,Urban,30 - 35  MPH,No Control Present,Cloudy,No,25,25-29,No,NA,With Traffic,B: Evident Injury,Travel Lane,White,Male,23,20-24,No,NA,11-15 mph,O: No Injury,White,Male,Passenger Car,No,20APR2010,Tuesday,Motorist Left Turn / Merge,21,Intersection,April,B: Evident Injury,21:40:00,Motorist Left Turn - Opposite Direction,2010,Yes,No,Dark - Roadway Not Lighted,Straight - Level,State Secondary Route,Dry,"Two-Way, Not Divided",None,T-Intersection,Smooth Asphalt,5 lanes,"35.7555730708, -78.7393126381"
3830,None - Rural Crash,Wayne,Coastal,"Farms, Woods, Pastures",Rural (<30% Developed),NA,Rural,50 - 55  MPH,No Control Present,Clear,No,34,30-39,No,NA,With Traffic,A: Disabling Injury,Travel Lane,White,Female,32,30-39,No,NA,51-55 mph,O: No Injury,White,Male,Sport Utility,No,09APR2010,Friday,Motorist Overtaking Bicyclist,19,Non-Intersection,April,A: Disabling Injury,19:27:00,Motorist Overtaking - Other / Unknown,2010,Yes,No,Daylight,Straight - Level,State Secondary Route,Dry,"Two-Way, Not Divided",None,No Special Feature,Coarse Asphalt,2 lanes,"35.4087670172, -78.122002433"
3842,None - Rural Crash,New Hanover,Coastal,Commercial,Urban (>70% Developed),NA,Rural,40 - 45  MPH,No Control Present,Clear,No,61,60-69,No,NA,Facing Traffic,C: Possible Injury,Travel Lane,White,Male,30,30-39,No,NA,0-5 mph,O: No Injury,White,Female,Passenger Car,No,26APR2010,Monday,Head-On,11,Non-Intersection,April,C: Possible Injury,11:00:00,Head-On - Bicyclist,2010,Yes,No,Daylight,Straight - Level,State Secondary Route,Dry,"Two-Way, Not Divided",None,T-Intersection,Coarse Asphalt,3 lanes,"34.2640787765, -77.8324822894"
3857,Kannapolis,Cabarrus,Piedmont,Residential,Urban (>70% Developed),NA,Urban,30 - 35  MPH,No Control Present,Clear,No,17,16-19,No,NA,With Traffic,B: Evident Injury,Travel Lane,Hispanic,Male,63,60-69,No,NA,16-20 mph,O: No Injury,White,Female,Passenger Car,No,24APR2010,Saturday,Bicyclist Failed to Yield - Sign-Controlled Intersection,12,Intersection,April,B: Evident Injury,12:25:00,Bicyclist Ride Out - Sign-Controlled Intersection,2010,Yes,No,Daylight,Straight - Bottom,Local Street,Dry,"Two-Way, Not Divided",None,Four-Way Intersection,Smooth Asphalt,2 lanes,"35.5020329481, -80.6382531959"
3858,Cary,Wake,Piedmont,Commercial,Urban (>70% Developed),NA,Urban,20 - 25  MPH,Stop Sign,Clear,No,5,0-5,No,NA,Facing Traffic,B: Evident Injury,Sidewalk / Crosswalk / Driveway Crossing,Other,Male,52,50-59,No,NA,6-10 mph,O: No Injury,White,Female,Sport Utility,No,01MAY2010,Saturday,Bicyclist Failed to Yield - Sign-Controlled Intersection,18,Intersection,May,B: Evident Injury,18:36:00,Bicyclist Ride Out - Sign-Controlled Intersection,2010,Yes,No,Daylight,Straight - Level,Public Vehicular Area,Dry,"Two-Way, Not Divided",None,"Driveway, Public",Smooth Asphalt,NA,"35.7894240747, -78.8280226671"
3862,Burlington,Alamance,Piedmont,Residential,Urban (>70% Developed),NA,Urban,30 - 35  MPH,Stop Sign,Clear,No,45,40-49,No,NA,Facing Traffic,B: Evident Injury,Travel Lane,Black,Male,50,50-59,No,NA,NA,O: No Injury,Black,Male,Van,No,23APR2010,Friday,Bicyclist Failed to Yield - Sign-Controlled Intersection,20,Intersection,April,B: Evident Injury,20:58:00,Bicyclist Ride Out - Sign-Controlled Intersection,2010,No,No,Dark - Lighted Roadway,Straight - Level,US Route,Dry,"One-Way, Not Divided",None,Four-Way Intersection,Smooth Asphalt,3 lanes,"36.1029051205, -79.4277628651"
3863,Charlotte,Mecklenburg,Piedmont,Residential,Urban (>70% Developed),NA,Urban,30 - 35  MPH,Stop And Go Signal,Clear,No,65,60-69,No,NA,With Traffic,B: Evident Injury,Travel Lane,White,Male,52,50-59,No,NA,21-25 mph,O: No Injury,White,Female,Passenger Car,No,25APR2010,Sunday,Motorist Right Turn / Merge,18,Intersection,April,B: Evident Injury,18:27:00,Motorist Right Turn - Same Direction,2010,Yes,No,Daylight,Straight - Level,Local Street,Dry,"Two-Way, Divided, Unprotected Median",None,Four-Way Intersection,Smooth Asphalt,3 lanes,"35.1326018629, -80.808993227"
3864,Charlotte,Mecklenburg,Piedmont,Commercial,Mixed (30% To 70% Developed),NA,Urban,40 - 45  MPH,Stop Sign,Clear,No,37,30-39,No,NA,With Traffic,B: Evident Injury,Travel Lane,White,Male,70+,70+,No,NA,6-10 mph,O: No Injury,White,Male,Pickup,No,25APR2010,Sunday,Motorist Failed to Yield - Signalized Intersection,14,Intersection,April,B: Evident Injury,14:50:00,Motorist Drive Out - Signalized Intersection,2010,No,No,Daylight,Straight - Level,Local Street,Dry,"Two-Way, Not Divided",None,T-Intersection,Smooth Asphalt,2 lanes,"35.2266988774, -80.9699032791"
3865,None - Rural Crash,Catawba,Piedmont,Residential,Mixed (30% To 70% Developed),NA,Rural,40 - 45  MPH,"Double Yellow Line, No Passing Zone",Clear,No,23,20-24,No,NA,With Traffic,B: Evident Injury,Travel Lane,White,Male,42,40-49,No,NA,16-20 mph,O: No Injury,White,Female,Passenger Car,No,04MAY2010,Tuesday,Motorist Overtaking Bicyclist,7,Non-Intersection,May,B: Evident Injury,07:09:00,Motorist Overtaking - Bicyclist Swerved,2010,No,No,Daylight,Straight - Level,State Secondary Route,Dry,"Two-Way, Not Divided",None,No Special Feature,Smooth Asphalt,2 lanes,"35.6738429674, -81.1126533472"
3866,Greensboro,Guilford,Piedmont,Commercial,Urban (>70% Developed),NA,Urban,30 - 35  MPH,Stop And Go Signal,Clear,No,18,16-19,No,NA,With Traffic,B: Evident Injury,Sidewalk / Crosswalk / Driveway Crossing,Black,Male,39,30-39,No,NA,26-30 mph,O: No Injury,Black,Female,Passenger Car,No,01APR2010,Thursday,Motorist Right Turn / Merge,14,Intersection,April,B: Evident Injury,14:24:00,Motorist Right Turn - Same Direction,2010,Yes,No,Daylight,Straight - Hillcrest,Local Street,Dry,"One-Way, Not Divided",None,No Special Feature,Smooth Asphalt,3 lanes,"36.0731671008, -79.7831829705"
3867,Asheville,Buncombe,Mountains,Residential,Urban (>70% Developed),NA,Urban,30 - 35  MPH,Stop Sign,Clear,No,23,20-24,No,NA,With Traffic,C: Possible Injury,Travel Lane,White,Male,64,60-69,No,NA,6-10 mph,O: No Injury,White,Female,Sport Utility,No,12APR2010,Monday,Motorist Failed to Yield - Sign-Controlled Intersection,18,Intersection,April,C: Possible Injury,18:48:00,Motorist Drive Out - Sign-Controlled Intersection,2010,No,No,Daylight,Straight - Bottom,Local Street,Dry,"Two-Way, Not Divided",None,Four-Way Intersection,Smooth Asphalt,2 lanes,"35.5827768898, -82.6288237914"
3873,Charlotte,Mecklenburg,Piedmont,Residential,Urban (>70% Developed),NA,Urban,40 - 45  MPH,Stop And Go Signal,Clear,No,23,20-24,No,NA,NA,B: Evident Injury,Sidewalk / Crosswalk / Driveway Crossing,White,Male,70+,70+,No,NA,6-10 mph,O: No Injury,White,Male,Passenger Car,No,29APR2010,Thursday,Motorist Failed to Yield - Signalized Intersection,9,Intersection,April,B: Evident Injury,09:25:00,Motorist Drive Out - Right Turn on Red,2010,No,No,Daylight,Straight - Grade,Local Street,Dry,"Two-Way, Divided, Positive Median Barrier",None,Four-Way Intersection,Smooth Asphalt,4 lanes,"35.0704718509, -80.7732432128"
3878,Kinston,Lenoir,Coastal,Residential,Urban (>70% Developed),NA,Urban,30 - 35  MPH,No Control Present,Clear,No,9,6-10,No,NA,Not Applicable,B: Evident Injury,Travel Lane,Black,Male,70+,70+,No,NA,31-35 mph,O: No Injury,White,Female,Van,No,07MAY2010,Friday,Bicyclist Failed to Yield - Midblock,17,Non-Intersection,May,B: Evident Injury,17:58:00,Bicyclist Ride Out - Other Midblock,2010,Yes,No,Daylight,Straight - Level,NC Route,Dry,"Two-Way, Not Divided",None,No Special Feature,Smooth Asphalt,4 lanes,"35.2646130047, -77.5723972587"
3884,Raleigh,Wake,Piedmont,Residential,Urban (>70% Developed),NA,Urban,30 - 35  MPH,Stop Sign,Clear,No,10,6-10,No,NA,With Traffic,C: Possible Injury,Travel Lane,Asian,Male,43,40-49,No,NA,26-30 mph,O: No Injury,Black,Male,Passenger Car,No,20APR2010,Tuesday,Bicyclist Failed to Yield - Sign-Controlled Intersection,17,Intersection,April,C: Possible Injury,17:57:00,Bicyclist Ride Through - Sign-Controlled Intersection,2010,Yes,No,Daylight,Straight - Hillcrest,Local Street,Dry,"Two-Way, Divided, Unprotected Median",None,Four-Way Intersection,Coarse Asphalt,2 lanes,"35.7479270712, -78.6807126198"
3885,Raleigh,Wake,Piedmont,Commercial,Urban (>70% Developed),NA,Urban,30 - 35  MPH,Stop Sign,Clear,No,22,20-24,No,NA,With Traffic,B: Evident Injury,Travel Lane,White,Male,NA,NA,Missing,NA,16-20 mph,Unknown Injury,Unknown/Missing,NA,NA,No,06APR2010,Tuesday,Motorist Failed to Yield - Sign-Controlled Intersection,9,Intersection,April,B: Evident Injury,09:29:00,Motorist Drive Through - Sign-Controlled Intersection,2010,No,Yes,Daylight,Straight - Hillcrest,Local Street,Dry,"Two-Way, Divided, Unprotected Median",None,T-Intersection,Coarse Asphalt,4 lanes,"35.7909170801, -78.6800526216"
3891,Charlotte,Mecklenburg,Piedmont,Residential,Urban (>70% Developed),NA,Urban,30 - 35  MPH,Stop Sign,Clear,No,15,11-15,No,NA,Facing Traffic,B: Evident Injury,Bike Lane / Paved Shoulder,Black,Male,50,50-59,No,NA,0-5 mph,O: No Injury,Black,Female,Passenger Car,No,29APR2010,Thursday,Motorist Failed to Yield - Sign-Controlled Intersection,8,Intersection,April,B: Evident Injury,08:29:00,Motorist Drive Out - Sign-Controlled Intersection,2010,No,No,Daylight,Straight - Level,Local Street,Dry,"Two-Way, Divided, Positive Median Barrier",None,Four-Way Intersection,Smooth Asphalt,4 lanes,"35.0964228539, -80.8596332398"
3895,Cary,Wake,Piedmont,Commercial,Urban (>70% Developed),NA,Urban,40 - 45  MPH,Stop And Go Signal,Clear,No,NA,NA,No,NA,NA,Unknown Injury,Travel Lane,Unknown/Missing,NA,32,30-39,No,NA,0-5 mph,O: No Injury,White,Female,Passenger Car,No,12MAY2010,Wednesday,Bicyclist Failed to Yield - Signalized Intersection,15,Intersection,May,O: No Injury,15:34:00,Bicyclist Ride Through - Signalized Intersection,2010,No,No,Daylight,Straight - Level,State Secondary Route,Dry,"Two-Way, Divided, Unprotected Median",None,Four-Way Intersection,Coarse Asphalt,4 lanes,"35.8294140857, -78.7730026525"
3903,Charlotte,Mecklenburg,Piedmont,Residential,Urban (>70% Developed),NA,Urban,20 - 25  MPH,Stop Sign,Clear,No,43,40-49,No,NA,Facing Traffic,B: Evident Injury,Sidewalk / Crosswalk / Driveway Crossing,White,Male,19,0-19,No,NA,6-10 mph,O: No Injury,White,Male,Sport Utility,No,04MAY2010,Tuesday,Motorist Failed to Yield - Sign-Controlled Intersection,18,Intersection,May,B: Evident Injury,18:30:00,Motorist Drive Through - Sign-Controlled Intersection,2010,Yes,No,Daylight,Straight - Level,Local Street,Dry,"Two-Way, Divided, Unprotected Median",None,No Special Feature,Smooth Asphalt,4 lanes,"35.3133229053, -80.7039232054"
3904,Davidson,Mecklenburg,Piedmont,Residential,Urban (>70% Developed),NA,Urban,30 - 35  MPH,"Double Yellow Line, No Passing Zone",Clear,No,20,20-24,No,NA,With Traffic,C: Possible Injury,Travel Lane,White,Male,39,30-39,No,NA,21-25 mph,O: No Injury,White,Female,"Light Truck (Mini-Van, Panel)",No,06MAY2010,Thursday,Motorist Overtaking Bicyclist,13,Non-Intersection,May,C: Possible Injury,13:57:00,Motorist Overtaking - Bicyclist Swerved,2010,Yes,No,Daylight,Curve - Level,Local Street,Dry,"Two-Way, Divided, Unprotected Median",None,No Special Feature,Smooth Asphalt,2 lanes,"35.5044819412, -80.8533132605"
3907,Winston-Salem,Forsyth,Piedmont,Residential,Urban (>70% Developed),NA,Urban,30 - 35  MPH,No Control Present,Clear,No,8,6-10,No,NA,With Traffic,B: Evident Injury,Travel Lane,Black,Male,25,25-29,No,NA,21-25 mph,O: No Injury,Black,Male,Passenger Car,No,02MAY2010,Sunday,Loss of Control / Turning Error,19,Intersection,May,B: Evident Injury,19:16:00,Bicyclist Lost Control - Mechanical Problems,2010,Yes,No,Daylight,Straight - Level,Local Street,Dry,"Two-Way, Divided, Unprotected Median",None,No Special Feature,Smooth Asphalt,2 lanes,"36.1108050918, -80.2472531124"
3918,Chapel Hill,Orange,Piedmont,Commercial,Urban (>70% Developed),NA,Urban,30 - 35  MPH,Stop And Go Signal,Clear,No,22,20-24,No,NA,Facing Traffic,B: Evident Injury,Sidewalk / Crosswalk / Driveway Crossing,White,Male,54,50-59,No,NA,6-10 mph,O: No Injury,White,Female,Passenger Car,No,06MAY2010,Thursday,Motorist Failed to Yield - Signalized Intersection,16,Intersection,May,B: Evident Injury,16:23:00,Motorist Drive Out - Signalized Intersection,2010,No,No,Daylight,Straight - Level,NC Route,Dry,"Two-Way, Divided, Unprotected Median",None,Four-Way Intersection,Smooth Asphalt,6 lanes,"35.9638401042, -79.0581327461"
3920,Greensboro,Guilford,Piedmont,Commercial,Urban (>70% Developed),NA,Urban,5 - 15 MPH,No Control Present,Clear,No,40,40-49,No,NA,Facing Traffic,B: Evident Injury,Sidewalk / Crosswalk / Driveway Crossing,White,Male,25,25-29,No,NA,0-5 mph,O: No Injury,White,Female,Passenger Car,No,07MAY2010,Friday,Motorist Failed to Yield - Midblock,22,Non-Intersection,May,B: Evident Injury,22:13:00,Motorist Drive Out - Commercial Driveway / Alley,2010,No,No,Dark - Lighted Roadway,Straight - Level,Public Vehicular Area,Dry,"One-Way, Not Divided",None,"Driveway, Public",Smooth Asphalt,NA,"36.0399200917, -79.8480229885"
3940,Whiteville,Columbus,Coastal,Residential,Urban (>70% Developed),NA,Urban,30 - 35  MPH,Stop Sign,Clear,No,16,16-19,No,NA,With Traffic,B: Evident Injury,Travel Lane,Black,Male,41,40-49,No,NA,11-15 mph,O: No Injury,Black,Male,Passenger Car,No,13MAY2010,Thursday,Bicyclist Failed to Yield - Sign-Controlled Intersection,16,Intersection,May,B: Evident Injury,16:26:00,Bicyclist Ride Through - Sign-Controlled Intersection,2010,Yes,No,Daylight,Straight - Grade,Local Street,Dry,"Two-Way, Not Divided",None,Four-Way Intersection,Smooth Asphalt,8 lanes,"34.331469762, -78.7100425565"
3946,Charlotte,Mecklenburg,Piedmont,Commercial,Urban (>70% Developed),NA,Urban,NA,No Control Present,Clear,No,31,30-39,No,NA,With Traffic,C: Possible Injury,Travel Lane,White,Male,NA,NA,Missing,NA,NA,Unknown Injury,Unknown/Missing,NA,NA,No,14MAY2010,Friday,Motorist Overtaking Bicyclist,16,Non-Intersection,May,C: Possible Injury,16:16:00,Motorist Overtaking - Misjudged Space,2010,Yes,No,Daylight,Straight - Level,Local Street,Dry,"Two-Way, Divided, Unprotected Median",None,No Special Feature,Smooth Asphalt,4 lanes,"35.2247798823, -80.8403232405"
3963,Durham,Durham,Piedmont,Commercial,Urban (>70% Developed),NA,Urban,20 - 25  MPH,No Control Present,Cloudy,No,54,50-59,No,NA,Facing Traffic,B: Evident Injury,Travel Lane,Hispanic,Male,35,30-39,No,NA,0-5 mph,O: No Injury,Black,Female,Passenger Car,No,25MAY2010,Tuesday,Crossing Paths - Other Circumstances,14,Non-Intersection,May,B: Evident Injury,14:50:00,Crossing Paths - Midblock - Other / Unknown,2010,Yes,No,Daylight,Straight - Level,Local Street,Dry,"Two-Way, Not Divided",None,"Driveway, Public",Smooth Asphalt,4 lanes,"36.0062571181, -78.9205127066"
3964,None - Rural Crash,Gaston,Piedmont,"Farms, Woods, Pastures",Rural (<30% Developed),NA,Rural,50 - 55  MPH,"Double Yellow Line, No Passing Zone",Clear,No,31,30-39,No,NA,Not Applicable,C: Possible Injury,Non-Roadway,White,Male,57,50-59,No,NA,46-50 mph,O: No Injury,White,Female,Sport Utility,No,05JUN2010,Saturday,Bicyclist Failed to Yield - Midblock,9,Non-Intersection,June,C: Possible Injury,09:19:00,Bicyclist Ride Out - Other Midblock,2010,No,No,Daylight,Straight - Level,NC Route,Dry,"Two-Way, Not Divided",None,"Driveway, Public",Smooth Asphalt,2 lanes,"35.3598318936, -81.2988133846"
3965,None - Rural Crash,Randolph,Piedmont,"Farms, Woods, Pastures",Rural (<30% Developed),NA,Rural,50 - 55  MPH,"Double Yellow Line, No Passing Zone",Clear,No,70+,70+,No,NA,With Traffic,B: Evident Injury,Travel Lane,White,Male,33,30-39,No,NA,31-35 mph,O: No Injury,White,Female,Passenger Car,No,04JUN2010,Friday,Bicyclist Failed to Yield - Sign-Controlled Intersection,10,Intersection,June,B: Evident Injury,10:14:00,Bicyclist Ride Out - Sign-Controlled Intersection,2010,Yes,No,Daylight,Straight - Level,State Secondary Route,Dry,"Two-Way, Not Divided",None,T-Intersection,Smooth Asphalt,2 lanes,"35.6232170028, -79.8604729692"
3967,Raleigh,Wake,Piedmont,Residential,Mixed (30% To 70% Developed),NA,Urban,40 - 45  MPH,Stop Sign,Clear,No,11,11-15,No,NA,Facing Traffic,B: Evident Injury,Travel Lane,Black,Male,20,20-24,No,NA,31-35 mph,O: No Injury,Black,Female,Passenger Car,No,25APR2010,Sunday,Bicyclist Failed to Yield - Sign-Controlled Intersection,18,Intersection,April,B: Evident Injury,18:49:00,Bicyclist Ride Out - Sign-Controlled Intersection,2010,Yes,No,Daylight,Straight - Level,Local Street,Dry,"Two-Way, Divided, Unprotected Median",None,Four-Way Intersection,Smooth Asphalt,2 lanes,"35.7584670776, -78.5611425846"
3968,None - Rural Crash,Forsyth,Piedmont,"Farms, Woods, Pastures",Rural (<30% Developed),NA,Rural,40 - 45  MPH,"Double Yellow Line, No Passing Zone",Clear,No,16,16-19,No,NA,With Traffic,C: Possible Injury,Travel Lane,Black,Male,30,30-39,No,NA,46-50 mph,O: No Injury,Black,Male,Passenger Car,No,04JUN2010,Friday,Motorist Overtaking Bicyclist,18,Non-Intersection,June,C: Possible Injury,18:30:00,Motorist Overtaking - Bicyclist Swerved,2010,Yes,No,Daylight,Curve - Level,State Secondary Route,Dry,"Two-Way, Not Divided",None,No Special Feature,Coarse Asphalt,2 lanes,"36.2364341237, -80.0832470704"
3971,Raleigh,Wake,Piedmont,Residential,Urban (>70% Developed),NA,Urban,20 - 25  MPH,No Control Present,Clear,No,12,11-15,No,NA,Not Applicable,C: Possible Injury,Driveway / Alley,White,Female,31,30-39,No,NA,16-20 mph,O: No Injury,White,Male,Passenger Car,No,04MAY2010,Tuesday,Bicyclist Failed to Yield - Midblock,19,Non-Intersection,May,C: Possible Injury,19:17:00,Bicyclist Ride Out - Commercial Driveway / Alley,2010,No,No,Daylight,Straight - Level,Local Street,Dry,"Two-Way, Not Divided",None,No Special Feature,Smooth Asphalt,2 lanes,"35.7939270828, -78.645592612"
3980,Gastonia,Gaston,Piedmont,Residential,Urban (>70% Developed),NA,Urban,30 - 35  MPH,Stop Sign,Rain,No,41,40-49,No,NA,NA,C: Possible Injury,Travel Lane,White,Male,NA,NA,Missing,NA,6-10 mph,Unknown Injury,Unknown/Missing,NA,NA,No,24MAY2010,Monday,Other / Unknown - Insufficient Details,21,Intersection-Related,May,C: Possible Injury,21:06:00,Unknown Approach Paths,2010,No,Yes,Dark - Lighted Roadway,Straight - Level,NC Route,Wet,"Two-Way, Not Divided",None,T-Intersection,Smooth Asphalt,2 lanes,"35.245592874, -81.1839933439"
3981,Elizabeth City,Pasquotank,Coastal,Commercial,Urban (>70% Developed),NA,Urban,30 - 35  MPH,No Control Present,Clear,No,53,50-59,No,NA,NA,C: Possible Injury,Travel Lane,Black,Female,45,40-49,No,NA,0-5 mph,O: No Injury,White,Male,Passenger Car,No,20MAY2010,Thursday,Crossing Paths - Other Circumstances,11,Non-Intersection,May,C: Possible Injury,11:20:00,Crossing Paths - Midblock - Other / Unknown,2010,No,No,Daylight,Straight - Level,Local Street,Dry,"Two-Way, Not Divided",None,"Driveway, Private",Smooth Asphalt,5 lanes,"36.2946052724, -76.2404819025"
3988,None - Rural Crash,Onslow,Coastal,"Farms, Woods, Pastures",Rural (<30% Developed),NA,Rural,40 - 45  MPH,No Control Present,Rain,No,27,25-29,No,NA,Facing Traffic,C: Possible Injury,Travel Lane,White,Male,21,20-24,No,NA,41-45 mph,O: No Injury,White,Male,Pickup,No,13JUN2010,Sunday,Head-On,22,Non-Intersection,June,C: Possible Injury,22:16:00,Head-On - Bicyclist,2010,No,No,Dark - Roadway Not Lighted,Straight - Level,State Secondary Route,Wet,"Two-Way, Not Divided",None,T-Intersection,Smooth Asphalt,2 lanes,"34.7247418881, -77.5227522168"
3989,None - Rural Crash,Cumberland,Coastal,Residential,Rural (<30% Developed),NA,Rural,40 - 45  MPH,"Double Yellow Line, No Passing Zone",Clear,No,NA,NA,No,NA,With Traffic,Unknown Injury,Travel Lane,Unknown/Missing,NA,38,30-39,No,NA,41-45 mph,O: No Injury,White,Male,Truck/Trailer,No,28MAY2010,Friday,Motorist Overtaking Bicyclist,3,Non-Intersection,May,O: No Injury,03:56:00,Motorist Overtaking - Undetected Bicyclist,2010,No,No,Dark - Roadway Not Lighted,Straight - Level,State Secondary Route,Dry,"Two-Way, Not Divided",None,No Special Feature,Smooth Asphalt,2 lanes,"34.9988969011, -78.9318026566"
3992,Wilmington,New Hanover,Coastal,Commercial,Urban (>70% Developed),NA,Urban,40 - 45  MPH,Stop And Go Signal,Cloudy,No,38,30-39,No,NA,With Traffic,A: Disabling Injury,Travel Lane,White,Male,18,0-19,No,NA,41-45 mph,O: No Injury,White,Male,Passenger Car,No,26MAY2010,Wednesday,Crossing Paths - Other Circumstances,22,Intersection,May,A: Disabling Injury,22:24:00,Signalized Intersection - Other / Unknown,2010,Yes,No,Dark - Lighted Roadway,Straight - Level,Local Street,Wet,"Two-Way, Divided, Positive Median Barrier",None,No Special Feature,Smooth Asphalt,7 lanes,"34.2364267686, -77.8726722997"
3994,None - Rural Crash,Cherokee,Mountains,"Farms, Woods, Pastures",Rural (<30% Developed),NA,Rural,60 - 75 MPH,No Control Present,Clear,No,50,50-59,No,NA,With Traffic,B: Evident Injury,Travel Lane,White,Female,70+,70+,No,NA,46-50 mph,O: No Injury,White,Female,Pickup,No,05JUN2010,Saturday,Motorist Overtaking Bicyclist,9,Non-Intersection,June,B: Evident Injury,09:31:00,Motorist Overtaking - Misjudged Space,2010,Yes,No,Daylight,Straight - Hillcrest,US Route,Dry,"Two-Way, Divided, Unprotected Median",None,No Special Feature,Smooth Asphalt,4 lanes,"35.1762187543, -83.9219041473"
1003,Kannapolis,Cabarrus,Piedmont,Residential,Urban (>70% Developed),CENTER GROVE RD,Urban,30 - 35  MPH,Stop Sign,Clear,No,45,40-49,No,NA,With Traffic,C: Possible Injury,Travel Lane,White,Male,31,30-39,No,NA,0-5 mph,O: No Injury,Hispanic,Female,Van,No,28MAR2013,Thursday,Motorist Failed to Yield - Sign-Controlled Intersection,10,Intersection,March,C: Possible Injury,10:15:00,Motorist Drive Out - Sign-Controlled Intersection,2013,Yes,No,Daylight,Straight - Hillcrest,Local Street,Dry,"Two-Way, Not Divided",None,Related To Intersection,Smooth Asphalt,2 lanes,"35.4825069462, -80.5851031789"
1004,Hickory,Catawba,Piedmont,Residential,Urban (>70% Developed),SOUTH CENTER ST,Urban,20 - 25  MPH,Stop Sign,Cloudy,No,7,6-10,No,NA,Facing Traffic,O: No Injury,Sidewalk / Crosswalk / Driveway Crossing,Black,Male,25,25-29,No,NA,0-5 mph,O: No Injury,White,Female,Sport Utility,No,31MAR2013,Sunday,Motorist Failed to Yield - Sign-Controlled Intersection,16,Intersection,March,O: No Injury,16:27:00,Motorist Drive Out - Sign-Controlled Intersection,2013,Yes,No,Daylight,Straight - Level,Local Street,Dry,"Two-Way, Not Divided",None,T-Intersection,Coarse Asphalt,2 lanes,"35.7211569685, -81.3385034173"
1006,None - Rural Crash,Nash,Coastal,"Farms, Woods, Pastures",Rural (<30% Developed),SR 1915,Rural,50 - 55  MPH,"Double Yellow Line, No Passing Zone",Clear,No,12,11-15,No,NA,With Traffic,A: Disabling Injury,Bike Lane / Paved Shoulder,Black,Male,36,30-39,No,NA,41-45 mph,O: No Injury,White,Male,Pickup,No,12APR2013,Friday,Motorist Overtaking Bicyclist,19,Non-Intersection,April,A: Disabling Injury,19:21:00,Motorist Overtaking - Bicyclist Swerved,2013,Yes,No,Daylight,Straight - Grade,State Secondary Route,Dry,"Two-Way, Not Divided",None,No Special Feature,Coarse Asphalt,2 lanes,"35.9383971333, -78.0818024486"
1011,Wilmington,New Hanover,Coastal,Commercial,Urban (>70% Developed),MARKET ST,Urban,30 - 35  MPH,No Control Present,Clear,No,26,25-29,Yes,NA,Facing Traffic,C: Possible Injury,Sidewalk / Crosswalk / Driveway Crossing,Black,Male,54,50-59,No,NA,0-5 mph,O: No Injury,White,Male,Passenger Car,Yes,28MAR2013,Thursday,Loss of Control / Turning Error,15,Non-Intersection,March,C: Possible Injury,15:53:00,Bicyclist Lost Control - Mechanical Problems,2013,Yes,No,Daylight,Straight - Level,Local Street,Dry,"One-Way, Not Divided",None,Other,Smooth Asphalt,5 lanes,"34.2419067693, -77.8943023067"
1015,Hickory,Catawba,Piedmont,Residential,Urban (>70% Developed),PVA 1910 20TH AVE DR NE,Urban,NA,No Control Present,Clear,No,12,11-15,No,NA,Not Applicable,C: Possible Injury,Non-Roadway,Black,Male,24,20-24,No,NA,11-15 mph,O: No Injury,White,Female,Passenger Car,No,06APR2013,Saturday,Non-Roadway,13,Non-Roadway,April,C: Possible Injury,13:56:00,Non-Roadway,2013,Yes,No,Daylight,Straight - Level,Public Vehicular Area,Dry,"Two-Way, Divided, Unprotected Median",None,No Special Feature,Smooth Asphalt,NA,"35.756676977, -81.3012034083"