object_id,city,county,region,development,locality,on_road,rural_urban,speed_limit,traffic_control,weather,workzone,bike_age,bike_age_group,bike_alcohol,bike_alcohol_drugs,bike_direction,bike_injury,bike_position,bike_race,bike_sex,driver_age,driver_age_group,driver_alcohol,driver_alcohol_drugs,driver_est_speed,driver_injury,driver_race,driver_sex,driver_vehicle_type,crash_alcohol,crash_date,crash_day,crash_group,crash_hour,crash_location,crash_month,crash_severity,crash_time,crash_type,crash_year,ambulance_req,hit_run,light_condition,road_character,road_class,road_condition,road_configuration,road_defects,road_feature,road_surface,num_lanes,geo_point
1022,Jacksonville,Onslow,Coastal,Commercial,Urban (>70% Developed),GUM BRANCH RD,Urban,40 - 45  MPH,No Control Present,Clear,No,20,20-24,No,NA,Facing Traffic,B: Evident Injury,Sidewalk / Crosswalk / Driveway Crossing,White,Male,25,25-29,No,NA,0-5 mph,O: No Injury,White,Female,Sport Utility,No,14JAN2013,Monday,Crossing Paths - Other Circumstances,17,Intersection-Related,January,B: Evident Injury,17:32:00,Crossing Paths - Intersection - Other / Unknown,2013,Yes,No,Dawn,Straight - Level,Local Street,Dry,"Two-Way, Divided, Unprotected Median",None,"Driveway, Public",Smooth Asphalt,5 lanes,"34.7761369035, -77.4126021865"
1034,Fayetteville,Cumberland,Coastal,Residential,Urban (>70% Developed),RIM RD,Urban,40 - 45  MPH,No Control Present,Clear,No,50,50-59,No,NA,With Traffic,C: Possible Injury,Travel Lane,Black,Male,NA,NA,Missing,NA,41-45 mph,Unknown Injury,Unknown/Missing,NA,NA,No,06APR2013,Saturday,Motorist Overtaking Bicyclist,2,Non-Intersection,April,C: Possible Injury,02:22:00,Motorist Overtaking - Other / Unknown,2013,No,Yes,Dark - Lighted Roadway,Straight - Level,Local Street,Dry,"Two-Way, Divided, Unprotected Median",None,No Special Feature,Coarse Asphalt,2 lanes,"35.0447569065, -79.0471026942"
1042,Fairview,Union,Piedmont,"Farms, Woods, Pastures",Rural (<30% Developed),SR 1004,Rural,40 - 45  MPH,Stop Sign,Clear,No,19,16-19,No,NA,With Traffic,B: Evident Injury,Travel Lane,Hispanic,Male,49,40-49,No,NA,41-45 mph,O: No Injury,White,Male,Sport Utility,No,26APR2013,Friday,Bicyclist Failed to Yield - Sign-Controlled Intersection,18,Intersection,April,B: Evident Injury,18:10:00,Bicyclist Ride Through - Sign-Controlled Intersection,2013,Yes,No,Daylight,Straight - Level,State Secondary Route,Dry,"Two-Way, Not Divided",None,Four-Way Intersection,Smooth Asphalt,2 lanes,"35.1101968674, -80.5677031533"
1056,Charlotte,Mecklenburg,Piedmont,Residential,Urban (>70% Developed),SPLIT OAK DR,Urban,30 - 35  MPH,No Control Present,Cloudy,No,14,11-15,No,NA,With Traffic,C: Possible Injury,Travel Lane,White,Male,41,40-49,No,NA,6-10 mph,O: No Injury,Hispanic,Female,Sport Utility,No,01MAY2013,Wednesday,Bicyclist Failed to Yield - Sign-Controlled Intersection,17,Intersection,May,C: Possible Injury,17:01:00,Bicyclist Ride Through - Sign-Controlled Intersection,2013,Yes,No,Daylight,Straight - Level,Local Street,Dry,"Two-Way, Not Divided",None,No Special Feature,Coarse Asphalt,2 lanes,"35.1927768793, -80.711503201"
1061,Greenville,Pitt,Coastal,Residential,Urban (>70% Developed),ROOSEVELT AV,Urban,20 - 25  MPH,No Control Present,Clear,No,32,30-39,No,NA,With Traffic,C: Possible Injury,Travel Lane,Black,Male,46,40-49,No,NA,0-5 mph,O: No Injury,White,Male,Pickup,No,26APR2013,Friday,Backing Vehicle,14,Non-Intersection,April,C: Possible Injury,14:34:00,Backing Vehicle,2013,Yes,No,Daylight,Straight - Level,Local Street,Dry,"Two-Way, Not Divided",None,No Special Feature,Coarse Asphalt,2 lanes,"35.6123470871, -77.3843022183"
1069,Gastonia,Gaston,Piedmont,Residential,Urban (>70% Developed),PVA 2634 TERRA DR,Urban,30 - 35  MPH,No Control Present,Clear,No,5,0-5,No,NA,NA,B: Evident Injury,NA,Black,Male,41,40-49,No,NA,26-30 mph,O: No Injury,White,Female,Passenger Car,No,26APR2013,Friday,Other/Unknown - Insufficient Details,18,Non-Intersection,April,B: Evident Injury,18:32:00,Unknown Approach Paths,2013,Yes,No,Daylight,Straight - Level,Local Street,Dry,"Two-Way, Not Divided",None,No Special Feature,Coarse Asphalt,2 lanes,"35.2321968725, -81.1361033289"
1071,Fayetteville,Cumberland,Coastal,Residential,Urban (>70% Developed),MURCHISON RD,Urban,30 - 35  MPH,Stop And Go Signal,Clear,No,40,40-49,No,NA,Facing Traffic,C: Possible Injury,Sidewalk / Crosswalk / Driveway Crossing,Black,Male,39,30-39,No,NA,11-15 mph,O: No Injury,Black,Male,Passenger Car,No,24APR2013,Wednesday,Motorist Failed to Yield - Signalized Intersection,13,Intersection,April,C: Possible Injury,13:01:00,Motorist Drive Out - Right Turn on Red,2013,Yes,No,Daylight,Straight - Level,Local Street,Dry,"Two-Way, Divided, Unprotected Median",None,T-Intersection,Coarse Asphalt,4 lanes,"35.0758769191, -78.8977026506"
1072,Raleigh,Wake,Piedmont,Commercial,Urban (>70% Developed),SIX FORKS RD,Urban,NA,No Control Present,Clear,No,27,25-29,No,NA,With Traffic,B: Evident Injury,Travel Lane,White,Male,61,60-69,No,NA,NA,O: No Injury,White,Male,Pickup,No,04MAY2013,Saturday,Motorist Overtaking Bicyclist,12,Non-Intersection,May,B: Evident Injury,12:50:00,Motorist Overtaking - Other / Unknown,2013,No,No,Daylight,Straight - Level,Local Street,Dry,"Two-Way, Not Divided",None,No Special Feature,Coarse Asphalt,4 lanes,"35.900417105, -78.6521026191"
1078,Hendersonville,Henderson,Mountains,Residential,Urban (>70% Developed),ASHE ST,Urban,20 - 25  MPH,Stop Sign,Clear,No,34,30-39,No,NA,Facing Traffic,O: No Injury,Travel Lane,Black,Male,NA,NA,Missing,NA,6-10 mph,Unknown Injury,Unknown/Missing,NA,Sport Utility,No,09APR2013,Tuesday,Motorist Failed to Yield - Sign-Controlled Intersection,17,Intersection,April,O: No Injury,17:34:00,Motorist Drive Out - Sign-Controlled Intersection,2013,No,Yes,Daylight,Straight - Level,Local Street,Dry,"Two-Way, Not Divided",None,T-Intersection,Coarse Asphalt,2 lanes,"35.3257068428, -82.4582037263"
1080,Raleigh,Wake,Piedmont,Commercial,Urban (>70% Developed),HILLSBOROUGH ST,Urban,20 - 25  MPH,Yield Sign,Clear,No,26,25-29,No,NA,With Traffic,O: No Injury,Travel Lane,White,Male,NA,NA,Missing,NA,11-15 mph,Unknown Injury,Unknown/Missing,NA,NA,No,30APR2013,Tuesday,Motorist Failed to Yield - Sign-Controlled Intersection,10,Intersection,April,O: No Injury,10:35:00,Motorist Drive Out - Sign-Controlled Intersection,2013,Yes,Yes,Daylight,Straight - Level,Local Street,Dry,NA,None,No Special Feature,Smooth Asphalt,4 lanes,"35.7861070801, -78.6627026167"
1087,Asheville,Buncombe,Mountains,Commercial,Urban (>70% Developed),NC 191,Urban,30 - 35  MPH,No Control Present,Clear,No,55,50-59,No,NA,With Traffic,C: Possible Injury,Travel Lane,White,Female,NA,NA,Missing,NA,31-35 mph,Unknown Injury,Unknown/Missing,NA,NA,No,23APR2013,Tuesday,Motorist Overtaking Bicyclist,10,Non-Intersection,April,C: Possible Injury,10:13:00,Motorist Overtaking - Misjudged Space,2013,No,Yes,Daylight,Straight - Grade,NC Route,Dry,"Two-Way, Not Divided",None,No Special Feature,Coarse Asphalt,4 lanes,"35.5628168875, -82.5945037802"
1093,Greensboro,Guilford,Piedmont,Institutional,Urban (>70% Developed),WALKER AVE,Urban,20 - 25  MPH,No Control Present,Clear,No,21,20-24,No,NA,With Traffic,B: Evident Injury,Travel Lane,White,Male,22,20-24,No,NA,NA,O: No Injury,Black,Male,Passenger Car,No,24APR2013,Wednesday,Motorist Failed to Yield - Sign-Controlled Intersection,9,Intersection-Related,April,B: Evident Injury,09:46:00,Motorist Drive Through - Sign-Controlled Intersection,2013,No,Yes,Daylight,Straight - Hillcrest,Local Street,NA,"Two-Way, Not Divided",None,No Special Feature,Smooth Asphalt,NA,"36.0683170988, -79.8112029787"
1096,Raleigh,Wake,Piedmont,Commercial,Urban (>70% Developed),HILLSBOROUGH ST,Urban,30 - 35  MPH,No Control Present,Clear,No,45,40-49,No,NA,With Traffic,B: Evident Injury,Travel Lane,White,Male,31,30-39,No,NA,0-5 mph,O: No Injury,White,Female,Passenger Car,No,09MAY2013,Thursday,Motorist Left Turn / Merge,13,Non-Intersection,May,B: Evident Injury,13:35:00,Motorist Left Turn - Opposite Direction,2013,Yes,No,Daylight,Straight - Level,Public Vehicular Area,Dry,"Two-Way, Not Divided",None,Other,Smooth Asphalt,NA,"35.7885970802, -78.6717026191"
1100,Atlantic Beach,Carteret,Coastal,Residential,Urban (>70% Developed),LEE DR,Rural,20 - 25  MPH,No Control Present,Clear,No,5,0-5,No,NA,Not Applicable,B: Evident Injury,Driveway / Alley,White,Male,58,50-59,No,NA,6-10 mph,O: No Injury,White,Male,Sport Utility,No,05MAY2013,Sunday,Bicyclist Failed to Yield - Midblock,12,Non-Intersection,May,B: Evident Injury,12:43:00,Bicyclist Ride Out - Residential Driveway,2013,Yes,No,Daylight,Straight - Hillcrest,Local Street,Dry,"Two-Way, Not Divided",None,"Driveway, Private",Smooth Asphalt,2 lanes,"34.7012769074, -76.7775019893"
1107,Greenville,Pitt,Coastal,Institutional,Urban (>70% Developed),FACULTY WAY,Urban,5 - 15 MPH,Stop Sign,Clear,No,22,20-24,No,NA,With Traffic,O: No Injury,Travel Lane,White,Male,18,0-19,No,NA,6-10 mph,O: No Injury,White,Female,Passenger Car,No,03MAY2013,Friday,Bicyclist Left Turn / Merge,15,Non-Intersection,May,O: No Injury,15:35:00,Bicyclist Left Turn - Opposite Direction,2013,No,No,Daylight,Straight - Level,Local Street,Dry,"Two-Way, Divided, Unprotected Median",None,No Special Feature,Smooth Asphalt,2 lanes,"35.6090670867, -77.3695022143"
1112,Raleigh,Wake,Piedmont,Residential,Urban (>70% Developed),GLASCOCK ST,Urban,20 - 25  MPH,Stop And Go Signal,Rain,No,36,30-39,No,NA,Facing Traffic,O: No Injury,Sidewalk / Crosswalk / Driveway Crossing,Black,Male,50,50-59,No,NA,0-5 mph,O: No Injury,Black,Male,Activity Bus,No,20MAY2013,Monday,Crossing Paths - Other Circumstances,18,Intersection,May,O: No Injury,18:29:00,Crossing Paths - Intersection - Other / Unknown,2013,Yes,No,Daylight,Straight - Level,Local Street,Wet,"Two-Way, Not Divided",None,No Special Feature,Smooth Asphalt,3 lanes,"35.7928870835, -78.6133026014"
1115,Fayetteville,Cumberland,Coastal,Commercial,Urban (>70% Developed),SANTE FE DR,Urban,40 - 45  MPH,Stop And Go Signal,Clear,No,24,20-24,No,NA,Facing Traffic,O: No Injury,Travel Lane,White,Male,29,25-29,No,NA,6-10 mph,O: No Injury,Black,Male,Passenger Car,No,08MAY2013,Wednesday,Bicyclist Failed to Yield - Signalized Intersection,16,Intersection,May,O: No Injury,16:43:00,Bicyclist Ride Out - Signalized  Intersection,2013,No,Yes,Daylight,Straight - Level,Local Street,Dry,"Two-Way, Not Divided",None,No Special Feature,Coarse Asphalt,5 lanes,"35.0898369185, -78.9828026766"
1123,Carolina Shores,Brunswick,Coastal,Residential,Urban (>70% Developed),PVA SAND DOLLAR DR,Rural,50 - 55  MPH,No Control Present,Clear,No,70+,70+,No,NA,With Traffic,B: Evident Injury,Travel Lane,White,Male,31,30-39,No,NA,0-5 mph,O: No Injury,White,Male,Pickup,No,25MAY2013,Saturday,Motorist Overtaking Bicyclist,17,Non-Intersection,May,B: Evident Injury,17:30:00,Motorist Overtaking - Other / Unknown,2013,Yes,No,Daylight,Straight - Level,Public Vehicular Area,Dry,"Two-Way, Not Divided",None,No Special Feature,Coarse Asphalt,NA,"33.9000366709, -78.577502496"
1124,None - Rural Crash,Cleveland,Mountains,Commercial,Urban (>70% Developed),GRAHAM ST,Rural,20 - 25  MPH,Stop And Go Signal,Clear,No,24,20-24,No,NA,Facing Traffic,C: Possible Injury,Sidewalk / Crosswalk / Driveway Crossing,Black,Male,60,60-69,No,NA,0-5 mph,O: No Injury,White,Female,Pickup,No,09MAY2013,Thursday,Bicyclist Failed to Yield - Signalized Intersection,14,Intersection,May,C: Possible Injury,14:49:00,Bicyclist Failed to Clear - Trapped,2013,Yes,No,Daylight,Straight - Level,Local Street,Dry,"Two-Way, Not Divided",None,No Special Feature,Smooth Asphalt,5 lanes,"35.2893368699, -81.5375034516"
1126,Greensboro,Guilford,Piedmont,Residential,Urban (>70% Developed),KAY ST,Urban,20 - 25  MPH,Stop Sign,Clear,No,5,0-5,No,NA,With Traffic,C: Possible Injury,Travel Lane,Black,Male,36,30-39,No,NA,21-25 mph,O: No Injury,White,Male,Pickup,No,21MAY2013,Tuesday,Bicyclist Failed to Yield - Sign-Controlled Intersection,17,Intersection,May,C: Possible Injury,17:49:00,Bicyclist Ride Through - Sign-Controlled Intersection,2013,Yes,No,Daylight,Straight - Level,Local Street,Dry,"Two-Way, Not Divided",None,Related To Intersection,Coarse Asphalt,2 lanes,"36.0984471064, -79.7692029675"
1136,Charlotte,Mecklenburg,Piedmont,Residential,Rural (<30% Developed),PP 6319 AMOS SMITH RD,Urban,20 - 25  MPH,No Control Present,Clear,No,31,30-39,No,NA,With Traffic,Unknown Injury,Travel Lane,White,Male,16,0-19,No,NA,0-5 mph,Unknown Injury,White,Male,Passenger Car,No,19MAY2013,Sunday,Backing Vehicle,15,Non-Intersection,May,Unknown Injury,15:52:00,Backing Vehicle,2013,No,No,Daylight,Straight - Level,"Private Road, Driveway",Dry,"Two-Way, Not Divided",None,"Driveway, Private",Smooth Asphalt,2 lanes,"35.213326873, -81.0043032887"
1138,Durham,Durham,Piedmont,Commercial,Urban (>70% Developed),CORNWALLIS RD,Urban,30 - 35  MPH,No Control Present,Clear,No,35,30-39,No,NA,With Traffic,C: Possible Injury,Travel Lane,White,Male,68,60-69,No,NA,31-35 mph,O: No Injury,White,Male,Pickup,No,30MAY2013,Thursday,Motorist Overtaking Bicyclist,8,Non-Intersection,May,C: Possible Injury,08:13:00,Motorist Overtaking - Undetected Bicyclist,2013,No,No,Daylight,Straight - Level,Local Street,Dry,"Two-Way, Not Divided",None,No Special Feature,Smooth Asphalt,2 lanes,"35.9838171116, -78.958002717"
1141,Oak Island,Brunswick,Coastal,Commercial,Urban (>70% Developed),PVA 5002 E OAK ISLAND DR,Urban,5 - 15 MPH,Other,Cloudy,No,7,6-10,No,NA,Not Applicable,B: Evident Injury,Non-Roadway,White,Male,48,40-49,No,NA,0-5 mph,O: No Injury,White,Female,Passenger Car,No,28APR2013,Sunday,Non-Roadway,12,Non-Roadway,April,B: Evident Injury,12:01:00,Non-Roadway,2013,No,No,Daylight,Straight - Level,Public Vehicular Area,Dry,"One-Way, Not Divided",None,"Driveway, Public",Smooth Asphalt,NA,"33.9127666892, -78.1128023575"
1143,Greensboro,Guilford,Piedmont,Commercial,Urban (>70% Developed),PLEASANT GARDEN RD,Urban,30 - 35  MPH,No Control Present,Clear,No,31,30-39,No,NA,With Traffic,B: Evident Injury,Travel Lane,White,Male,70+,70+,No,NA,21-25 mph,O: No Injury,White,Female,Passenger Car,No,09MAY2013,Thursday,Bicyclist Left Turn / Merge,15,Intersection,May,B: Evident Injury,15:04:00,Bicyclist Left Turn - Same Direction,2013,Yes,No,Daylight,Straight - Level,Local Street,Dry,"Two-Way, Not Divided",None,T-Intersection,Coarse Asphalt,2 lanes,"36.0234670906, -79.7743029653"
1152,None - Rural Crash,Orange,Piedmont,"Farms, Woods, Pastures",Rural (<30% Developed),NC 57,Rural,50 - 55  MPH,Other,Clear,No,58,50-59,No,NA,With Traffic,A: Disabling Injury,Travel Lane,White,Male,70+,70+,No,NA,41-45 mph,O: No Injury,White,Female,Van,No,02JUN2013,Sunday,Motorist Overtaking Bicyclist,11,Non-Intersection,June,A: Disabling Injury,11:09:00,Motorist Overtaking - Other / Unknown,2013,Yes,No,Daylight,Straight - Level,NC Route,Dry,"Two-Way, Divided, Unprotected Median",None,No Special Feature,Smooth Asphalt,2 lanes,"36.1527871441, -79.0614027576"
1155,Durham,Durham,Piedmont,Residential,Urban (>70% Developed),CAMPUS WALK AVE,Urban,20 - 25  MPH,No Control Present,Cloudy,No,26,25-29,No,NA,With Traffic,C: Possible Injury,Travel Lane,White,Male,27,25-29,No,NA,6-10 mph,O: No Injury,White,Female,Passenger Car,No,05JUN2013,Wednesday,Motorist Left Turn / Merge,17,Non-Intersection,June,C: Possible Injury,17:51:00,Motorist Left Turn - Opposite Direction,2013,No,No,Daylight,Straight - Grade,Local Street,Dry,"Two-Way, Not Divided",None,No Special Feature,Smooth Asphalt,2 lanes,"36.0098571179, -78.9506027156"
1162,Leland,Brunswick,Coastal,Commercial,Rural (<30% Developed),OLD FAYETTEVILLE RD,Rural,40 - 45  MPH,Stop Sign,Clear,No,70+,70+,No,NA,With Traffic,K: Killed,Travel Lane,White,Male,20,20-24,No,NA,26-30 mph,O: No Injury,White,Female,Passenger Car,No,23MAY2013,Thursday,Motorist Failed to Yield - Sign-Controlled Intersection,18,Intersection,May,K: Killed,18:56:00,Motorist Drive Out - Sign-Controlled Intersection,2013,Yes,No,Daylight,Curve - Level,Local Street,Dry,"Two-Way, Not Divided",None,Four-Way Intersection,Coarse Asphalt,4 lanes,"34.2358167639, -78.0048023399"
1170,Charlotte,Mecklenburg,Piedmont,Residential,Urban (>70% Developed),QUEENS ROAD WEST,Urban,30 - 35  MPH,No Control Present,Clear,No,50,50-59,No,NA,With Traffic,B: Evident Injury,Travel Lane,White,Male,NA,NA,Missing,NA,NA,Unknown Injury,Unknown/Missing,NA,Passenger Car,No,01JUN2013,Saturday,Bicyclist Overtaking Motorist,8,Non-Intersection,June,B: Evident Injury,08:18:00,Bicyclist Overtaking - Parked Vehicle,2013,Yes,No,Daylight,Straight - Level,Local Street,Dry,"Two-Way, Divided, Unprotected Median",None,No Special Feature,Smooth Asphalt,4 lanes,"35.1871068739, -80.8400032384"
1181,None - Rural Crash,Lenoir,Coastal,"Farms, Woods, Pastures",Rural (<30% Developed),SR 2021,Rural,30 - 35  MPH,"Double Yellow Line, No Passing Zone",Cloudy,No,47,40-49,No,NA,With Traffic,C: Possible Injury,Travel Lane,White,Male,41,40-49,No,NA,26-30 mph,O: No Injury,White,Female,Passenger Car,No,19JUN2013,Wednesday,Bicyclist Left Turn / Merge,14,Intersection,June,C: Possible Injury,14:56:00,Bicyclist Left Turn - Same Direction,2013,Yes,No,Daylight,Straight - Level,State Secondary Route,Dry,"Two-Way, Not Divided",None,T-Intersection,Coarse Asphalt,2 lanes,"35.2701670027, -77.6645022869"
1186,Raleigh,Wake,Piedmont,Commercial,Urban (>70% Developed),S SALISBURY ST,Urban,30 - 35  MPH,Stop And Go Signal,Clear,No,26,25-29,No,NA,Facing Traffic,C: Possible Injury,Travel Lane,White,Female,NA,NA,Missing,NA,11-15 mph,Unknown Injury,Unknown/Missing,NA,NA,No,20JUN2013,Thursday,Crossing Paths - Other Circumstances,3,Intersection,June,C: Possible Injury,03:29:00,Signalized Intersection - Other / Unknown,2013,No,Yes,Dark - Lighted Roadway,Straight - Level,Local Street,Dry,"One-Way, Not Divided",None,No Special Feature,Smooth Asphalt,3 lanes,"35.7803470796, -78.6402026096"
1188,Wilmington,New Hanover,Coastal,Residential,Urban (>70% Developed),WRIGHTSVILLE AVE,Urban,20 - 25  MPH,Stop Sign,Clear,No,46,40-49,No,NA,Facing Traffic,B: Evident Injury,Sidewalk / Crosswalk / Driveway Crossing,White,Male,44,40-49,No,NA,0-5 mph,O: No Injury,White,Male,Sport Utility,No,16MAY2013,Thursday,Motorist Failed to Yield - Sign-Controlled Intersection,8,Intersection,May,B: Evident Injury,08:00:00,Motorist Drive Out - Sign-Controlled Intersection,2013,Yes,No,Daylight,Straight - Level,Local Street,Dry,"Two-Way, Divided, Unprotected Median",None,Related To Intersection,Smooth Asphalt,4 lanes,"34.2255867654, -77.9057023089"
1194,Asheville,Buncombe,Mountains,Residential,Urban (>70% Developed),COLUMBINE RD,Urban,20 - 25  MPH,Stop Sign,Clear,No,13,11-15,No,NA,With Traffic,B: Evident Injury,Travel Lane,White,Male,46,40-49,No,NA,NA,O: No Injury,Unknown/Missing,Female,Passenger Car,No,26MAY2013,Sunday,Loss of Control / Turning Error,18,Intersection,May,B: Evident Injury,18:21:00,Bicyclist Turning Error - Right Turn,2013,No,No,Daylight,Straight - Level,Local Street,Dry,"Two-Way, Not Divided",None,No Special Feature,Coarse Asphalt,2 lanes,"35.4866768734, -82.544303761"
1200,Charlotte,Mecklenburg,Piedmont,Commercial,Urban (>70% Developed),GENERAL COMMERCE DRIVE,Urban,20 - 25  MPH,No Control Present,Clear,No,40,40-49,Missing,NA,With Traffic,O: No Injury,Travel Lane,Hispanic,Male,48,40-49,No,NA,21-25 mph,C: Possible Injury,Black,Female,Sport Utility,No,11JUN2013,Tuesday,Head-On,18,Intersection-Related,June,B: Evident Injury,18:30:00,Head-On - Motorist,2013,Yes,No,Daylight,Straight - Level,Local Street,Dry,"Two-Way, Not Divided",Other,T-Intersection,Smooth Asphalt,2 lanes,"35.2610068922, -80.7624032196"
1262,None - Rural Crash,Edgecombe,Coastal,"Farms, Woods, Pastures",Rural (<30% Developed),SR 1004,Rural,50 - 55  MPH,No Control Present,Clear,No,15,11-15,No,NA,Facing Traffic,B: Evident Injury,Travel Lane,White,Male,23,20-24,No,NA,41-45 mph,O: No Injury,White,Female,Passenger Car,No,16JUL2013,Tuesday,Bicyclist Right Turn / Merge,19,Non-Intersection,July,B: Evident Injury,19:05:00,Bicyclist Right Turn - Same Direction,2013,Yes,No,Daylight,Straight - Level,State Secondary Route,Dry,"Two-Way, Not Divided",None,No Special Feature,Smooth Asphalt,2 lanes,"35.7365371034, -77.672602313"
1332,Washington,Beaufort,Coastal,Residential,Urban (>70% Developed),E 15TH ST,Urban,30 - 35  MPH,Stop Sign,Clear,No,66,60-69,No,NA,Facing Traffic,C: Possible Injury,Travel Lane,Black,Male,20,20-24,No,NA,6-10 mph,O: No Injury,White,Female,Passenger Car,No,24JUL2013,Wednesday,Loss of Control / Turning Error,9,Intersection,July,C: Possible Injury,09:00:00,Motorist Turning Error - Other,2013,Yes,No,Daylight,Straight - Level,Local Street,Dry,"Two-Way, Not Divided",None,Four-Way Intersection,Coarse Asphalt,4 lanes,"35.5545370853, -77.0446021122"
1373,Fayetteville,Cumberland,Coastal,Commercial,Urban (>70% Developed),SKIBO RD,Urban,40 - 45  MPH,Stop Sign,Clear,No,10,6-10,No,NA,Facing Traffic,C: Possible Injury,Sidewalk / Crosswalk / Driveway Crossing,Black,Female,22,20-24,No,NA,6-10 mph,O: No Injury,White,Male,Passenger Car,No,28JUL2013,Sunday,Motorist Failed to Yield - Sign-Controlled Intersection,11,Intersection,July,C: Possible Injury,11:04:00,Motorist Drive Out - Sign-Controlled Intersection,2013,Yes,No,Daylight,Straight - Level,Local Street,Dry,"Two-Way, Divided, Positive Median Barrier",None,No Special Feature,Coarse Asphalt,6 lanes,"35.066236914, -78.9670026704"
1394,Durham,Durham,Piedmont,Commercial,Urban (>70% Developed),WESTERN BYPASS,Urban,30 - 35  MPH,No Control Present,Clear,No,24,20-24,No,NA,With Traffic,B: Evident Injury,Travel Lane,Asian,Female,66,60-69,No,NA,31-35 mph,O: No Injury,White,Male,Passenger Car,No,26AUG2013,Monday,Motorist Overtaking Bicyclist,14,Non-Intersection,August,B: Evident Injury,14:49:00,Motorist Overtaking - Other / Unknown,2013,Yes,No,Daylight,Straight - Grade,Local Street,Dry,"Two-Way, Not Divided",None,No Special Feature,Coarse Asphalt,2 lanes,"35.9795371105, -78.9579027166"
1396,None - Rural Crash,Brunswick,Coastal,"Farms, Woods, Pastures",Rural (<30% Developed),NC 87,Rural,50 - 55  MPH,No Control Present,Clear,No,31,30-39,No,NA,With Traffic,O: No Injury,Bike Lane / Paved Shoulder,White,Female,48,40-49,No,NA,51-55 mph,O: No Injury,Black,Male,Passenger Car,No,28AUG2013,Wednesday,Motorist Overtaking Bicyclist,7,Non-Intersection,August,O: No Injury,07:55:00,Motorist Overtaking - Other / Unknown,2013,No,No,Daylight,Straight - Level,NC Route,Dry,"Two-Way, Not Divided",None,No Special Feature,Coarse Asphalt,2 lanes,"34.2834067707, -78.1405023831"
1397,None - Rural Crash,Alamance,Piedmont,"Farms, Woods, Pastures",Rural (<30% Developed),SR 1735,Rural,40 - 45  MPH,No Control Present,Clear,No,25,25-29,No,NA,With Traffic,C: Possible Injury,Travel Lane,White,Male,NA,NA,No,NA,41-45 mph,Unknown Injury,Unknown/Missing,NA,Passenger Car,No,26AUG2013,Monday,Motorist Overtaking Bicyclist,22,Non-Intersection,August,C: Possible Injury,22:48:00,Motorist Overtaking - Undetected Bicyclist,2013,Yes,Yes,Dark - Roadway Not Lighted,Straight - Level,State Secondary Route,Dry,"Two-Way, Not Divided",None,No Special Feature,Smooth Asphalt,2 lanes,"36.1256271262, -79.3869028545"
1410,Gastonia,Gaston,Piedmont,Residential,Urban (>70% Developed),N PRYOR ST,Urban,30 - 35  MPH,Stop Sign,Cloudy,No,14,11-15,No,NA,With Traffic,C: Possible Injury,Travel Lane,Black,Male,24,20-24,No,NA,26-30 mph,O: No Injury,Black,Female,Passenger Car,No,07AUG2013,Wednesday,Bicyclist Failed to Yield - Sign-Controlled Intersection,16,Intersection,August,C: Possible Injury,16:01:00,Bicyclist Ride Through - Sign-Controlled Intersection,2013,Yes,No,Daylight,Straight - Grade,Local Street,Dry,"Two-Way, Not Divided",None,Four-Way Intersection,Smooth Asphalt,2 lanes,"35.2727168792, -81.1924033488"
1419,None - Rural Crash,Onslow,Coastal,Residential,Rural (<30% Developed),NC 53,Rural,40 - 45  MPH,No Control Present,Clear,No,22,20-24,Yes,NA,With Traffic,B: Evident Injury,Travel Lane,Hispanic,Male,34,30-39,No,NA,41-45 mph,O: No Injury,White,Female,Van,Yes,04SEP2013,Wednesday,Motorist Overtaking Bicyclist,21,Non-Intersection,September,B: Evident Injury,21:47:00,Motorist Overtaking - Misjudged Space,2013,Yes,No,Dark - Roadway Not Lighted,Straight - Level,NC Route,Dry,"Two-Way, Not Divided",None,No Special Feature,Smooth Asphalt,2 lanes,"34.7359068913, -77.5189022169"
1424,Durham,Durham,Piedmont,Commercial,Urban (>70% Developed),PVA 401 E LAKEWOOD AVE,Urban,5 - 15 MPH,No Control Present,Clear,No,30,30-39,Yes,NA,Not Applicable,C: Possible Injury,Non-Roadway,Black,Male,40,40-49,No,NA,0-5 mph,O: No Injury,Hispanic,Female,Passenger Car,Yes,08SEP2013,Sunday,Non-Roadway,18,Non-Roadway,September,C: Possible Injury,18:11:00,Non-Roadway,2013,Yes,No,Daylight,Straight - Level,Public Vehicular Area,Dry,"Two-Way, Not Divided",None,No Special Feature,Coarse Asphalt,NA,"35.9874371148, -78.8997026986"
1429,Jacksonville,Onslow,Coastal,Residential,Urban (>70% Developed),US 17,Urban,40 - 45  MPH,No Control Present,Cloudy,No,20,20-24,No,NA,With Traffic,C: Possible Injury,Travel Lane,White,Female,66,60-69,No,NA,41-45 mph,O: No Injury,Unknown/Missing,NA,Passenger Car,No,16AUG2013,Friday,Motorist Overtaking Bicyclist,17,Non-Intersection,August,C: Possible Injury,17:53:00,Motorist Overtaking - Misjudged Space,2013,Yes,No,Daylight,Curve - Level,US Route,Dry,"Two-Way, Not Divided",None,No Special Feature,Smooth Asphalt,6 lanes,"34.751936897, -77.4497021958"
1432,Smithfield,Johnston,Coastal,Commercial,Urban (>70% Developed),PVA 1230 NORTH BRIGHTLEAF,Urban,5 - 15 MPH,No Control Present,Rain,No,33,30-39,No,NA,Not Applicable,O: No Injury,Non-Roadway,Black,Female,NA,NA,Missing,NA,0-5 mph,Unknown Injury,Unknown/Missing,NA,Pickup,No,17AUG2013,Saturday,Non-Roadway,17,Non-Roadway,August,O: No Injury,17:30:00,Non-Roadway,2013,No,No,Daylight,Straight - Level,Public Vehicular Area,Wet,"Two-Way, Not Divided",None,No Special Feature,Smooth Asphalt,2 lanes,"35.5179770351, -78.3145024971"