object_id,city,county,region,development,locality,on_road,rural_urban,speed_limit,traffic_control,weather,workzone,bike_age,bike_age_group,bike_alcohol,bike_alcohol_drugs,bike_direction,bike_injury,bike_position,bike_race,bike_sex,driver_age,driver_age_group,driver_alcohol,driver_alcohol_drugs,driver_est_speed,driver_injury,driver_race,driver_sex,driver_vehicle_type,crash_alcohol,crash_date,crash_day,crash_group,crash_hour,crash_location,crash_month,crash_severity,crash_time,crash_type,crash_year,ambulance_req,hit_run,light_condition,road_character,road_class,road_condition,road_configuration,road_defects,road_feature,road_surface,num_lanes,geo_point
1448,None - Rural Crash,Durham,Piedmont,Residential,Rural (<30% Developed),SR 1453,Rural,40 - 45  MPH,"Double Yellow Line, No Passing Zone",Clear,No,52,50-59,No,NA,With Traffic,B: Evident Injury,Travel Lane,White,Female,47,40-49,No,NA,41-45 mph,O: No Injury,White,Male,Pickup,No,08SEP2013,Sunday,Loss of Control / Turning Error,10,Non-Intersection,September,B: Evident Injury,10:21:00,Motorist Lost Control - Mechanical Problems,2013,Yes,No,Daylight,Straight - Grade,State Secondary Route,Dry,"Two-Way, Not Divided",None,No Special Feature,Smooth Asphalt,2 lanes,"36.1071471375, -78.9710027267"
1467,Wilmington,New Hanover,Coastal,Residential,Urban (>70% Developed),MACMILLAN AVE,Urban,30 - 35  MPH,No Control Present,Clear,No,21,20-24,No,NA,Facing Traffic,B: Evident Injury,Bike Lane / Paved Shoulder,White,Male,62,60-69,No,NA,6-10 mph,O: No Injury,White,Male,Pickup,No,26AUG2013,Monday,Motorist Left Turn / Merge,11,Intersection,August,B: Evident Injury,11:07:00,Motorist Left Turn - Same Direction,2013,Yes,No,Daylight,Straight - Level,Local Street,Dry,"One-Way, Not Divided",None,No Special Feature,Coarse Asphalt,2 lanes,"34.2181767645, -77.8786023005"
4296,Wilmington,New Hanover,Coastal,Residential,Urban (>70% Developed),NA,Urban,20 - 25  MPH,Stop Sign,Clear,No,30,30-39,No,NA,Facing Traffic,C: Possible Injury,Bike Lane / Paved Shoulder,White,Male,56,50-59,No,NA,0-5 mph,O: No Injury,White,Male,Pickup,No,24AUG2010,Tuesday,Motorist Failed to Yield - Sign-Controlled Intersection,6,Intersection,August,C: Possible Injury,06:57:00,Motorist Drive Out - Sign-Controlled Intersection,2010,Yes,No,Daylight,Straight - Level,US Route,Dry,"Two-Way, Divided, Unprotected Median",None,No Special Feature,Smooth Asphalt,6 lanes,"34.1481867485, -77.9012173041"
4303,Raleigh,Wake,Piedmont,Institutional,Urban (>70% Developed),NA,Urban,20 - 25  MPH,Stop Sign,Clear,No,18,16-19,No,NA,Facing Traffic,A: Disabling Injury,Sidewalk / Crosswalk / Driveway Crossing,White,Female,NA,NA,Missing,NA,0-5 mph,Unknown Injury,Unknown/Missing,NA,NA,No,31AUG2010,Tuesday,Motorist Failed to Yield - Sign-Controlled Intersection,22,Intersection,August,A: Disabling Injury,22:07:00,Motorist Drive Out - Sign-Controlled Intersection,2010,No,Yes,Daylight,Straight - Grade,Local Street,Dry,"Two-Way, Not Divided",None,"Driveway, Public",Smooth Asphalt,2 lanes,"35.7819470788, -78.6715826191"
4307,None - Rural Crash,Pamlico,Coastal,"Farms, Woods, Pastures",Rural (<30% Developed),NA,Rural,50 - 55  MPH,No Control Present,Clear,No,62,60-69,No,NA,With Traffic,C: Possible Injury,Travel Lane,Black,Male,58,50-59,No,NA,36-40 mph,O: No Injury,Black,Female,Van,No,09SEP2010,Thursday,Motorist Overtaking Bicyclist,7,Non-Intersection,September,C: Possible Injury,07:34:00,Motorist Overtaking - Misjudged Space,2010,Yes,No,Dawn,Straight - Level,State Secondary Route,Dry,"Two-Way, Not Divided",None,No Special Feature,Smooth Asphalt,2 lanes,"35.0163719785, -76.7281019887"
4310,Thomasville,Davidson,Piedmont,Residential,Urban (>70% Developed),NA,Urban,30 - 35  MPH,School Zone Signs,Clear,No,19,16-19,No,NA,With Traffic,B: Evident Injury,Travel Lane,White,Male,61,60-69,No,NA,NA,C: Possible Injury,Black,Male,Passenger Car,No,01SEP2010,Wednesday,Loss of Control / Turning Error,18,Non-Intersection,September,B: Evident Injury,18:06:00,Bicyclist Lost Control - Other / Unknown,2010,Yes,No,Daylight,Straight - Grade,Local Street,Dry,"Two-Way, Not Divided",None,No Special Feature,Coarse Asphalt,2 lanes,"35.8911890517, -80.0793030497"
4312,Morganton,Burke,Mountains,Commercial,Urban (>70% Developed),NA,Urban,40 - 45  MPH,No Control Present,Clear,No,15,11-15,No,NA,With Traffic,B: Evident Injury,Travel Lane,Asian,Male,48,40-49,No,NA,16-20 mph,O: No Injury,White,Male,Pickup,No,05SEP2010,Sunday,Bicyclist Left Turn / Merge,13,Non-Intersection,September,B: Evident Injury,13:19:00,Bicyclist Left Turn - Same Direction,2010,Yes,No,Daylight,Curve - Hillcrest,Local Street,Dry,"Two-Way, Not Divided",None,No Special Feature,Smooth Asphalt,2 lanes,"35.7244789541, -81.7437775376"
4317,Charlotte,Mecklenburg,Piedmont,Commercial,Urban (>70% Developed),NA,Urban,40 - 45  MPH,Stop And Go Signal,Clear,No,13,11-15,No,NA,Facing Traffic,C: Possible Injury,Sidewalk / Crosswalk / Driveway Crossing,White,Male,70+,70+,No,NA,0-5 mph,C: Possible Injury,White,Male,Passenger Car,No,06SEP2010,Monday,Motorist Failed to Yield - Signalized Intersection,17,Intersection,September,C: Possible Injury,17:34:00,Motorist Drive Out - Signalized Intersection,2010,Yes,No,Daylight,Straight - Level,Local Street,Dry,"Two-Way, Divided, Unprotected Median",None,Four-Way Intersection,Smooth Asphalt,6 lanes,"35.1546168685, -80.7950532237"
4320,None - Rural Crash,Hoke,Coastal,"Farms, Woods, Pastures",Rural (<30% Developed),NA,Rural,50 - 55  MPH,No Control Present,Clear,No,52,50-59,No,NA,With Traffic,A: Disabling Injury,Travel Lane,White,Male,NA,NA,No,NA,NA,Unknown Injury,Unknown/Missing,NA,NA,No,10SEP2010,Friday,Motorist Overtaking Bicyclist,21,Non-Intersection,September,A: Disabling Injury,21:16:00,Motorist Overtaking - Other / Unknown,2010,Yes,Yes,Daylight,Straight - Level,NC Route,Dry,"Two-Way, Not Divided",None,No Special Feature,Coarse Asphalt,2 lanes,"34.9577818826, -79.1979027348"
4323,Wilmington,New Hanover,Coastal,Commercial,Urban (>70% Developed),NA,Urban,20 - 25  MPH,Stop And Go Signal,Clear,No,18,16-19,No,NA,With Traffic,B: Evident Injury,Travel Lane,White,Female,50,50-59,No,NA,0-5 mph,O: No Injury,Black,Male,Passenger Car,No,30AUG2010,Monday,Motorist Failed to Yield - Signalized Intersection,12,Intersection,August,B: Evident Injury,12:28:00,Motorist Drive Out - Signalized Intersection,2010,Yes,No,Daylight,Straight - Level,Local Street,Dry,"Two-Way, Not Divided",None,Four-Way Intersection,Coarse Asphalt,2 lanes,"34.2400507674, -77.9467123225"
4340,Durham,Durham,Piedmont,Residential,Urban (>70% Developed),NA,Urban,30 - 35  MPH,Stop And Go Signal,Clear,No,11,11-15,No,NA,With Traffic,B: Evident Injury,NA,Other,Male,44,40-49,No,NA,0-5 mph,O: No Injury,White,Female,Sport Utility,No,18SEP2010,Saturday,Motorist Failed to Yield - Signalized Intersection,17,Intersection,September,B: Evident Injury,17:43:00,Motorist Drive Through - Signalized Intersection,2010,Yes,No,Daylight,Straight - Level,Local Street,Dry,"One-Way, Not Divided",None,No Special Feature,Smooth Asphalt,2 lanes,"36.0098491195, -78.9083127026"
4344,None - Rural Crash,Henderson,Mountains,Commercial,Urban (>70% Developed),NA,Rural,40 - 45  MPH,No Control Present,Clear,No,42,40-49,No,NA,With Traffic,B: Evident Injury,Travel Lane,White,Male,41,40-49,No,NA,41-45 mph,O: No Injury,Black,Male,Pickup,No,20SEP2010,Monday,Motorist Right Turn / Merge,13,Non-Intersection,September,B: Evident Injury,13:35:00,Motorist Right Turn - Same Direction,2010,No,No,Daylight,Straight - Level,US Route,Dry,"Two-Way, Divided, Unprotected Median",None,No Special Feature,Smooth Asphalt,5 lanes,"35.3948088557, -82.4986937427"
4354,Chapel Hill,Orange,Piedmont,Residential,Urban (>70% Developed),NA,Urban,NA,No Control Present,Clear,No,19,16-19,No,NA,With Traffic,B: Evident Injury,Travel Lane,White,Female,NA,NA,Missing,NA,NA,Unknown Injury,Unknown/Missing,NA,Passenger Car,No,18SEP2010,Saturday,Motorist Right Turn / Merge,21,Intersection,September,B: Evident Injury,21:24:00,Motorist Right Turn - Same Direction,2010,No,Yes,Dark - Lighted Roadway,Straight - Level,Local Street,Dry,"Two-Way, Not Divided",None,T-Intersection,Smooth Asphalt,4 lanes,"35.9088670919, -79.0593327425"
4357,Durham,Durham,Piedmont,Residential,Urban (>70% Developed),NA,Urban,30 - 35  MPH,Stop And Go Signal,Clear,No,51,50-59,No,NA,With Traffic,B: Evident Injury,Travel Lane,White,Male,37,30-39,No,NA,16-20 mph,O: No Injury,Asian,Female,Sport Utility,No,20SEP2010,Monday,Motorist Left Turn / Merge,18,Intersection,September,B: Evident Injury,18:50:00,Motorist Left Turn - Opposite Direction,2010,Yes,No,Daylight,Straight - Level,Local Street,Dry,"Two-Way, Not Divided",None,Four-Way Intersection,Coarse Asphalt,2 lanes,"36.0374711237, -78.9355527129"
4359,Asheville,Buncombe,Mountains,Residential,Urban (>70% Developed),NA,Urban,30 - 35  MPH,No Control Present,Clear,No,46,40-49,No,NA,With Traffic,B: Evident Injury,Travel Lane,White,Male,24,20-24,No,NA,11-15 mph,O: No Injury,White,Female,Sport Utility,No,14SEP2010,Tuesday,Motorist Left Turn / Merge,18,Intersection,September,B: Evident Injury,18:43:00,Motorist Left Turn - Opposite Direction,2010,Yes,No,Daylight,Straight - Level,State Secondary Route,Dry,"Two-Way, Divided, Unprotected Median",None,T-Intersection,Concrete,3 lanes,"35.5776698914, -82.5762837752"
4365,None - Rural Crash,Guilford,Piedmont,"Farms, Woods, Pastures",Rural (<30% Developed),NA,Rural,40 - 45  MPH,"Double Yellow Line, No Passing Zone",Clear,No,58,50-59,No,NA,With Traffic,B: Evident Injury,Travel Lane,White,Male,39,30-39,No,NA,41-45 mph,O: No Injury,White,Male,Passenger Car,No,25SEP2010,Saturday,Motorist Overtaking Bicyclist,6,Non-Intersection,September,B: Evident Injury,06:40:00,Motorist Overtaking - Other / Unknown,2010,No,No,Dawn,Straight - Level,State Secondary Route,Dry,"Two-Way, Not Divided",None,No Special Feature,Smooth Asphalt,2 lanes,"36.0973240977, -79.996033036"
4368,Fayetteville,Cumberland,Coastal,Commercial,Mixed (30% To 70% Developed),NA,Urban,40 - 45  MPH,No Control Present,Clear,No,57,50-59,No,NA,With Traffic,B: Evident Injury,Travel Lane,Black,Male,49,40-49,No,NA,46-50 mph,O: No Injury,White,Male,Passenger Car,No,18SEP2010,Saturday,Motorist Overtaking Bicyclist,22,Non-Intersection,September,B: Evident Injury,22:54:00,Motorist Overtaking - Other / Unknown,2010,Yes,No,Dark - Lighted Roadway,Straight - Level,Local Street,Dry,"Two-Way, Divided, Unprotected Median",None,No Special Feature,Smooth Asphalt,5 lanes,"35.1511869363, -78.8705166466"
4369,None - Rural Crash,New Hanover,Coastal,Commercial,Urban (>70% Developed),NA,Rural,40 - 45  MPH,No Control Present,Clear,No,55,50-59,Yes,NA,With Traffic,C: Possible Injury,Travel Lane,Black,Male,52,50-59,No,NA,21-25 mph,O: No Injury,Black,Female,Passenger Car,Yes,20SEP2010,Monday,Loss of Control / Turning Error,19,Non-Intersection,September,C: Possible Injury,19:36:00,Bicyclist Lost Control - Other / Unknown,2010,Yes,No,Dark - Roadway Not Lighted,Straight - Level,Local Street,Dry,"Two-Way, Divided, Positive Median Barrier",None,No Special Feature,Smooth Asphalt,8 lanes,"34.1958567583, -77.9063363076"
4374,None - Rural Crash,Randolph,Piedmont,"Farms, Woods, Pastures",Rural (<30% Developed),NA,Rural,50 - 55  MPH,No Control Present,Clear,No,48,40-49,No,NA,With Traffic,K: Killed,Bike Lane / Paved Shoulder,White,Male,NA,NA,No,NA,51-55 mph,Unknown Injury,Unknown/Missing,NA,Pickup,No,26SEP2010,Sunday,Loss of Control / Turning Error,7,Non-Intersection,September,K: Killed,07:43:00,Motorist Lost Control - Other / Unknown,2010,Yes,Yes,NA,Straight - Level,US Route,Dry,"Two-Way, Divided, Unprotected Median",None,No Special Feature,Smooth Asphalt,4 lanes,"35.8416320587, -79.5987629019"
4382,Hendersonville,Henderson,Mountains,Commercial,Urban (>70% Developed),NA,Urban,30 - 35  MPH,Stop Sign,Clear,No,11,11-15,No,NA,Facing Traffic,C: Possible Injury,Sidewalk / Crosswalk / Driveway Crossing,Black,Male,40,40-49,No,NA,NA,O: No Injury,White,Male,Passenger Car,No,06JUN2010,Sunday,Motorist Failed to Yield - Sign-Controlled Intersection,17,Intersection,June,C: Possible Injury,17:15:00,Motorist Drive Out - Sign-Controlled Intersection,2010,No,No,Daylight,Straight - Level,Local Street,Dry,"Two-Way, Not Divided",None,T-Intersection,Coarse Asphalt,2 lanes,"35.3112018393, -82.4615237261"
4389,None - Rural Crash,Sampson,Coastal,"Farms, Woods, Pastures",Rural (<30% Developed),NA,Rural,50 - 55  MPH,"Double Yellow Line, No Passing Zone",Cloudy,No,48,40-49,Yes,NA,With Traffic,C: Possible Injury,Bike Lane / Paved Shoulder,Hispanic,Male,NA,NA,Missing,NA,NA,Unknown Injury,Unknown/Missing,NA,Passenger Car,Yes,30SEP2010,Thursday,Loss of Control / Turning Error,23,Non-Intersection,September,C: Possible Injury,23:29:00,Motorist Lost Control - Other / Unknown,2010,Yes,Yes,Dark - Roadway Not Lighted,Curve - Grade,NC Route,Wet,"Two-Way, Not Divided",None,No Special Feature,Coarse Asphalt,2 lanes,"34.9646709076, -78.5121525284"
4396,Pineville,Mecklenburg,Piedmont,Commercial,Urban (>70% Developed),NA,Rural,5 - 15 MPH,No Control Present,Rain,No,24,20-24,No,NA,Not Applicable,C: Possible Injury,Non-Roadway,Hispanic,Male,39,30-39,Yes,NA,21-25 mph,O: No Injury,White,Male,Pickup,Yes,19AUG2010,Thursday,Non-Roadway,22,Non-Roadway,August,C: Possible Injury,22:36:00,Non-Roadway,2010,No,No,Dark - Lighted Roadway,Straight - Level,Public Vehicular Area,Wet,"Two-Way, Not Divided",None,No Special Feature,Smooth Asphalt,NA,"35.0941968533, -80.8673532418"
4399,Chapel Hill,Orange,Piedmont,Residential,Urban (>70% Developed),NA,Urban,30 - 35  MPH,No Control Present,Clear,No,32,30-39,No,NA,With Traffic,C: Possible Injury,Travel Lane,White,Male,61,60-69,No,NA,31-35 mph,O: No Injury,White,Female,Passenger Car,No,28SEP2010,Tuesday,Motorist Overtaking Bicyclist,19,Intersection-Related,September,C: Possible Injury,19:03:00,Motorist Overtaking - Undetected Bicyclist,2010,Yes,No,Daylight,Straight - Level,Local Street,Dry,"Two-Way, Not Divided",None,No Special Feature,Smooth Asphalt,2 lanes,"35.9397000987, -79.0546827436"
4404,None - Rural Crash,Northampton,Coastal,"Farms, Woods, Pastures",Rural (<30% Developed),NA,Rural,50 - 55  MPH,"Double Yellow Line, No Passing Zone",Clear,No,13,11-15,No,NA,With Traffic,C: Possible Injury,Travel Lane,Black,Male,70+,70+,No,NA,46-50 mph,O: No Injury,White,Male,Pickup,No,18SEP2010,Saturday,Motorist Overtaking Bicyclist,11,Non-Intersection,September,C: Possible Injury,11:31:00,Motorist Overtaking - Bicyclist Swerved,2010,Yes,No,Daylight,Curve - Level,NC Route,Dry,"Two-Way, Not Divided",None,No Special Feature,Smooth Asphalt,2 lanes,"36.4887232815, -77.2015122087"
4408,Charlotte,Mecklenburg,Piedmont,Residential,Urban (>70% Developed),NA,Urban,20 - 25  MPH,No Control Present,Rain,No,28,25-29,No,NA,With Traffic,B: Evident Injury,Travel Lane,White,Male,19,0-19,No,NA,11-15 mph,O: No Injury,Black,Male,Passenger Car,No,30SEP2010,Thursday,Crossing Paths - Other Circumstances,23,Intersection,September,B: Evident Injury,23:14:00,Crossing Paths - Intersection - Other / Unknown,2010,Yes,No,Dark - Roadway Not Lighted,Straight - Grade,Local Street,Wet,"Two-Way, Not Divided",None,No Special Feature,Smooth Asphalt,2 lanes,"35.2981328929, -80.9588432805"
4419,Raleigh,Wake,Piedmont,Commercial,Urban (>70% Developed),NA,Urban,30 - 35  MPH,No Control Present,Clear,No,51,50-59,No,NA,Facing Traffic,C: Possible Injury,Travel Lane,Black,Male,25,25-29,No,NA,0-5 mph,O: No Injury,White,Male,Passenger Car,No,04AUG2010,Wednesday,Head-On,17,Non-Intersection,August,C: Possible Injury,17:45:00,Head-On - Bicyclist,2010,Yes,No,Daylight,Straight - Level,Local Street,Dry,"One-Way, Not Divided",None,No Special Feature,Smooth Asphalt,2 lanes,"35.743633072, -78.6470226089"
4422,Havelock,Craven,Coastal,Residential,Urban (>70% Developed),NA,Urban,20 - 25  MPH,Stop Sign,Cloudy,No,21,20-24,No,NA,With Traffic,O: No Injury,Travel Lane,Black,Female,17,0-19,No,NA,6-10 mph,O: No Injury,White,Female,Passenger Car,No,26SEP2010,Sunday,Motorist Failed to Yield - Sign-Controlled Intersection,20,Intersection,September,O: No Injury,20:12:00,Motorist Drive Out - Sign-Controlled Intersection,2010,No,No,Dark - Roadway Not Lighted,Straight - Level,Local Street,Dry,"Two-Way, Not Divided",None,Four-Way Intersection,Smooth Asphalt,2 lanes,"34.8676869403, -76.8932920328"
4426,Asheville,Buncombe,Mountains,Commercial,Urban (>70% Developed),NA,Urban,20 - 25  MPH,Stop And Go Signal,Clear,No,56,50-59,No,NA,With Traffic,C: Possible Injury,Travel Lane,White,Female,70+,70+,No,NA,6-10 mph,O: No Injury,White,Female,Passenger Car,No,02OCT2010,Saturday,Motorist Left Turn / Merge,17,Intersection,October,C: Possible Injury,17:38:00,Motorist Left Turn - Opposite Direction,2010,No,No,Daylight,Straight - Level,Local Street,Dry,"Two-Way, Not Divided",None,No Special Feature,Smooth Asphalt,2 lanes,"35.5776588902, -82.5927637803"
4427,Wilmington,New Hanover,Coastal,Commercial,Urban (>70% Developed),NA,Urban,30 - 35  MPH,No Control Present,Clear,No,53,50-59,No,NA,With Traffic,B: Evident Injury,Travel Lane,Black,Male,22,20-24,No,NA,21-25 mph,O: No Injury,White,Female,Sport Utility,No,04OCT2010,Monday,Motorist Overtaking Bicyclist,21,Non-Intersection,October,B: Evident Injury,21:47:00,Motorist Overtaking - Undetected Bicyclist,2010,Yes,No,Dark - Roadway Not Lighted,Straight - Level,Local Street,Dry,"Two-Way, Not Divided",None,No Special Feature,Coarse Asphalt,2 lanes,"34.2436937711, -77.8622762965"
4429,Statesville,Iredell,Piedmont,Residential,Urban (>70% Developed),NA,Urban,30 - 35  MPH,Stop Sign,Clear,No,26,25-29,No,NA,Facing Traffic,C: Possible Injury,NA,White,Female,70+,70+,No,NA,6-10 mph,O: No Injury,White,Male,Passenger Car,No,07OCT2010,Thursday,Motorist Failed to Yield - Sign-Controlled Intersection,14,Intersection,October,C: Possible Injury,14:55:00,Motorist Drive Out - Sign-Controlled Intersection,2010,Yes,No,Daylight,Straight - Level,Local Street,Dry,"Two-Way, Not Divided",None,No Special Feature,Smooth Asphalt,2 lanes,"35.7907400006, -80.8809832844"
4433,None - Rural Crash,Granville,Piedmont,"Farms, Woods, Pastures",Rural (<30% Developed),NA,Rural,50 - 55  MPH,No Control Present,Clear,No,55,50-59,Yes,NA,With Traffic,C: Possible Injury,Bike Lane / Paved Shoulder,Hispanic,Male,37,30-39,Yes,NA,46-50 mph,O: No Injury,White,Male,Passenger Car,Yes,10OCT2010,Sunday,Bicyclist Left Turn / Merge,18,Intersection,October,C: Possible Injury,18:50:00,Bicyclist Left Turn - Same Direction,2010,Yes,No,Dark - Roadway Not Lighted,Straight - Grade,NC Route,Dry,"Two-Way, Not Divided",None,No Special Feature,Smooth Asphalt,2 lanes,"36.1422371588, -78.5791926097"
4448,None - Rural Crash,Union,Piedmont,"Farms, Woods, Pastures",Rural (<30% Developed),NA,Rural,40 - 45  MPH,"Double Yellow Line, No Passing Zone",Clear,No,16,16-19,No,NA,With Traffic,B: Evident Injury,Travel Lane,White,Male,45,40-49,No,NA,41-45 mph,O: No Injury,White,Female,Van,No,20OCT2010,Wednesday,Bicyclist Left Turn / Merge,18,Intersection-Related,October,B: Evident Injury,18:35:00,Bicyclist Left Turn - Same Direction,2010,Yes,No,Daylight,Straight - Grade,State Secondary Route,Dry,"Two-Way, Not Divided",None,T-Intersection,Smooth Asphalt,2 lanes,"35.016656842, -80.7091431906"
4455,New Bern,Craven,Coastal,Residential,Urban (>70% Developed),NA,Urban,20 - 25  MPH,Stop Sign,Clear,No,52,50-59,No,NA,With Traffic,C: Possible Injury,Travel Lane,White,Female,42,40-49,No,NA,6-10 mph,O: No Injury,Black,Male,Passenger Car,No,12OCT2010,Tuesday,Motorist Failed to Yield - Sign-Controlled Intersection,18,Intersection,October,C: Possible Injury,18:02:00,Motorist Drive Out - Sign-Controlled Intersection,2010,No,No,Daylight,Straight - Level,Local Street,Dry,NA,None,"Five-Point, Or More",Smooth Asphalt,2 lanes,"35.1067499874, -77.0501580914"
4461,Charlotte,Mecklenburg,Piedmont,Residential,Urban (>70% Developed),NA,Urban,30 - 35  MPH,No Control Present,Clear,No,55,50-59,No,NA,With Traffic,C: Possible Injury,Travel Lane,White,Male,NA,NA,Missing,NA,31-35 mph,Unknown Injury,Unknown/Missing,NA,Passenger Car,No,16OCT2010,Saturday,Bicyclist Overtaking Motorist,14,Non-Intersection,October,C: Possible Injury,14:39:00,Bicyclist Overtaking - Parked Vehicle,2010,No,No,Daylight,Straight - Level,Local Street,Dry,"Two-Way, Not Divided",None,No Special Feature,Concrete,2 lanes,"35.0342018432, -80.7921932166"
4466,Greensboro,Guilford,Piedmont,Residential,Urban (>70% Developed),NA,Urban,30 - 35  MPH,Other,Cloudy,No,37,30-39,No,NA,Facing Traffic,C: Possible Injury,Bike Lane / Paved Shoulder,White,Male,NA,NA,Missing,NA,6-10 mph,Unknown Injury,Unknown/Missing,NA,NA,No,18OCT2010,Monday,Motorist Failed to Yield - Sign-Controlled Intersection,19,Intersection,October,C: Possible Injury,19:00:00,Motorist Drive Through - Sign-Controlled Intersection,2010,Yes,Yes,Dark - Lighted Roadway,Straight - Grade,Local Street,Dry,"Two-Way, Not Divided",None,Shared-Use Paths Or Trails,Smooth Asphalt,6 lanes,"36.0638650975, -79.8265129836"
4475,Chapel Hill,Orange,Piedmont,Institutional,Mixed (30% To 70% Developed),NA,Urban,20 - 25  MPH,Stop And Go Signal,Clear,No,20,20-24,No,NA,With Traffic,B: Evident Injury,Sidewalk / Crosswalk / Driveway Crossing,Asian,Female,27,25-29,No,NA,11-15 mph,Unknown Injury,Black,Male,Other Bus,No,21OCT2010,Thursday,Parallel Paths - Other Circumstances,15,Non-Intersection,October,B: Evident Injury,15:34:00,Bicyclist Ride Out - Parallel Path,2010,Yes,No,Daylight,Straight - Level,Local Street,Dry,"Two-Way, Not Divided",None,No Special Feature,Smooth Asphalt,4 lanes,"35.9032130918, -79.0479327393"
4476,Wilmington,New Hanover,Coastal,Commercial,Urban (>70% Developed),NA,Urban,30 - 35  MPH,Stop And Go Signal,Clear,No,52,50-59,No,NA,Facing Traffic,C: Possible Injury,Sidewalk / Crosswalk / Driveway Crossing,Black,Male,36,30-39,No,NA,6-10 mph,O: No Injury,Black,Male,Passenger Car,No,19OCT2010,Tuesday,Bicyclist Failed to Yield - Signalized Intersection,15,Intersection,October,C: Possible Injury,15:42:00,Bicyclist Ride Through - Signalized Intersection,2010,Yes,No,Daylight,Straight - Level,US Route,Dry,"Two-Way, Not Divided",None,Four-Way Intersection,Smooth Asphalt,5 lanes,"34.2403517689, -77.9046523091"
4478,Laurinburg,Scotland,Coastal,Residential,Urban (>70% Developed),NA,Urban,30 - 35  MPH,No Control Present,Clear,No,22,20-24,No,NA,Facing Traffic,C: Possible Injury,Travel Lane,Black,Female,21,20-24,No,NA,6-10 mph,O: No Injury,Black,Female,Passenger Car,No,24OCT2010,Sunday,Backing Vehicle,16,Non-Intersection,October,C: Possible Injury,16:15:00,Backing Vehicle,2010,Yes,No,Daylight,NA,NA,Dry,NA,None,No Special Feature,NA,NA,"34.7680568319, -79.4744628087"
4480,Charlotte,Mecklenburg,Piedmont,Residential,Urban (>70% Developed),NA,Urban,30 - 35  MPH,Stop And Go Signal,Clear,No,64,60-69,No,NA,With Traffic,C: Possible Injury,Travel Lane,Black,Male,26,25-29,No,NA,11-15 mph,O: No Injury,White,Male,Van,No,20OCT2010,Wednesday,Motorist Right Turn / Merge,15,Intersection,October,C: Possible Injury,15:12:00,Motorist Right Turn on Red - Same Direction,2010,Yes,No,Daylight,Straight - Level,Local Street,Dry,"Two-Way, Not Divided",None,Four-Way Intersection,Smooth Asphalt,4 lanes,"35.2723168918, -80.854423248"
4482,Charlotte,Mecklenburg,Piedmont,Commercial,Urban (>70% Developed),NA,Urban,50 - 55  MPH,No Control Present,Clear,No,48,40-49,No,NA,With Traffic,K: Killed,Travel Lane,White,Male,20,20-24,No,NA,46-50 mph,O: No Injury,Asian,Male,Pickup,No,22OCT2010,Friday,Motorist Overtaking Bicyclist,12,Non-Intersection,October,K: Killed,12:14:00,Motorist Overtaking - Bicyclist Swerved,2010,Yes,No,Daylight,Straight - Level,US Route,Dry,"Two-Way, Divided, Unprotected Median",None,No Special Feature,Coarse Asphalt,5 lanes,"35.2418018802, -80.9843472842"
4483,Rocky Mount,Nash,Coastal,Commercial,Urban (>70% Developed),NA,Urban,30 - 35  MPH,No Control Present,Clear,No,53,50-59,No,NA,With Traffic,B: Evident Injury,Travel Lane,Black,Male,41,40-49,No,NA,0-5 mph,O: No Injury,Hispanic,Female,Passenger Car,No,24SEP2010,Friday,Crossing Paths - Other Circumstances,17,Intersection,September,B: Evident Injury,17:22:00,Crossing Paths - Uncontrolled Intersection,2010,Yes,No,Daylight,Straight - Level,Local Street,Dry,"Two-Way, Divided, Unprotected Median",None,Four-Way Intersection,Coarse Asphalt,4 lanes,"35.9305171409, -77.8136723662"
4487,None - Rural Crash,Buncombe,Mountains,Residential,Mixed (30% To 70% Developed),NA,Rural,30 - 35  MPH,"Double Yellow Line, No Passing Zone",Clear,No,55,50-59,No,NA,With Traffic,C: Possible Injury,Travel Lane,White,Male,70+,70+,No,NA,31-35 mph,O: No Injury,White,Male,Passenger Car,No,01NOV2010,Monday,Motorist Overtaking Bicyclist,7,Non-Intersection,November,C: Possible Injury,07:25:00,Motorist Overtaking - Misjudged Space,2010,Yes,No,Dark - Roadway Not Lighted,Curve - Grade,State Secondary Route,Dry,"Two-Way, Not Divided",None,No Special Feature,Smooth Asphalt,2 lanes,"35.6207569045, -82.4721137478"
4498,Boone,Watauga,Mountains,Institutional,Urban (>70% Developed),NA,Urban,20 - 25  MPH,No Control Present,Clear,No,23,20-24,No,NA,With Traffic,B: Evident Injury,Bike Lane / Paved Shoulder,White,Female,26,25-29,No,NA,0-5 mph,O: No Injury,White,Female,Passenger Car,No,02NOV2010,Tuesday,Motorist Left Turn / Merge,7,Non-Intersection,November,B: Evident Injury,07:46:00,Motorist Left Turn - Opposite Direction,2010,Yes,No,Dawn,Straight - Level,Local Street,Dry,"Two-Way, Not Divided",None,"Driveway, Public",Smooth Asphalt,4 lanes,"36.2125810582, -81.6809935473"