object_id,city,county,region,development,locality,on_road,rural_urban,speed_limit,traffic_control,weather,workzone,bike_age,bike_age_group,bike_alcohol,bike_alcohol_drugs,bike_direction,bike_injury,bike_position,bike_race,bike_sex,driver_age,driver_age_group,driver_alcohol,driver_alcohol_drugs,driver_est_speed,driver_injury,driver_race,driver_sex,driver_vehicle_type,crash_alcohol,crash_date,crash_day,crash_group,crash_hour,crash_location,crash_month,crash_severity,crash_time,crash_type,crash_year,ambulance_req,hit_run,light_condition,road_character,road_class,road_condition,road_configuration,road_defects,road_feature,road_surface,num_lanes,geo_point
4503,Raleigh,Wake,Piedmont,Residential,Mixed (30% To 70% Developed),NA,Urban,30 - 35  MPH,Stop Sign,Clear,No,69,60-69,No,NA,With Traffic,C: Possible Injury,Travel Lane,White,Male,NA,NA,Missing,NA,6-10 mph,Unknown Injury,Unknown/Missing,NA,NA,No,13OCT2010,Wednesday,Motorist Failed to Yield - Signalized Intersection,13,Intersection,October,C: Possible Injury,13:05:00,Motorist Drive Out - Signalized Intersection,2010,Yes,Yes,Daylight,Straight - Grade,Local Street,Dry,"Two-Way, Divided, Unprotected Median",None,T-Intersection,Smooth Asphalt,7 lanes,"35.7722200763, -78.685236623"
4505,None - Rural Crash,Burke,Mountains,"Farms, Woods, Pastures",Rural (<30% Developed),NA,Rural,50 - 55  MPH,"Double Yellow Line, No Passing Zone",Clear,No,19,16-19,No,NA,With Traffic,B: Evident Injury,Travel Lane,White,Male,19,0-19,No,NA,51-55 mph,O: No Injury,White,Male,Pickup,No,01NOV2010,Monday,Motorist Overtaking Bicyclist,20,Non-Intersection,November,B: Evident Injury,20:54:00,Motorist Overtaking - Other / Unknown,2010,Yes,No,Dark - Roadway Not Lighted,Curve - Level,State Secondary Route,Dry,"Two-Way, Not Divided",None,No Special Feature,Coarse Asphalt,2 lanes,"35.7250209617, -81.5422934783"
4506,Unionville,Union,Piedmont,Residential,Rural (<30% Developed),NA,Urban,40 - 45  MPH,"Double Yellow Line, No Passing Zone",Clear,No,61,60-69,No,NA,With Traffic,C: Possible Injury,Travel Lane,White,Male,25,25-29,No,NA,41-45 mph,O: No Injury,White,Female,Sport Utility,No,06NOV2010,Saturday,Motorist Left Turn / Merge,18,Non-Intersection,November,C: Possible Injury,18:59:00,Motorist Left Turn - Opposite Direction,2010,Yes,No,Dusk,Straight - Level,State Secondary Route,Dry,"Two-Way, Not Divided",None,"Driveway, Private",Smooth Asphalt,2 lanes,"35.0503528543, -80.5573331475"
4510,Raleigh,Wake,Piedmont,Commercial,Urban (>70% Developed),NA,Urban,30 - 35  MPH,Stop And Go Signal,Clear,No,24,20-24,No,NA,With Traffic,O: No Injury,Travel Lane,White,Male,19,0-19,No,NA,16-20 mph,O: No Injury,Black,Male,Passenger Car,No,17OCT2010,Sunday,Bicyclist Left Turn / Merge,0,Intersection,October,O: No Injury,00:02:00,Bicyclist Left Turn - Opposite Direction,2010,No,No,Dark - Lighted Roadway,Straight - Level,Local Street,Dry,"Two-Way, Not Divided",None,No Special Feature,Smooth Asphalt,2 lanes,"35.7769350788, -78.6392776088"
4512,Kinston,Lenoir,Coastal,Residential,Urban (>70% Developed),NA,Urban,30 - 35  MPH,No Control Present,Clear,No,17,16-19,No,NA,Not Applicable,C: Possible Injury,Travel Lane,Black,Male,70+,70+,No,NA,16-20 mph,O: No Injury,Black,Female,Van,No,22OCT2010,Friday,Crossing Paths - Other Circumstances,17,Intersection,October,C: Possible Injury,17:51:00,Crossing Paths - Intersection - Other / Unknown,2010,Yes,Yes,Daylight,Straight - Level,Local Street,Dry,"Two-Way, Not Divided",None,T-Intersection,Coarse Asphalt,2 lanes,"35.262660005, -77.5710122582"
4517,None - Rural Crash,Currituck,Coastal,Residential,Urban (>70% Developed),NA,Rural,20 - 25  MPH,Stop Sign,Clear,No,48,40-49,No,NA,Facing Traffic,C: Possible Injury,Travel Lane,White,Male,25,25-29,No,NA,0-5 mph,O: No Injury,Black,Male,Passenger Car,No,24SEP2010,Friday,Motorist Failed to Yield - Sign-Controlled Intersection,11,Intersection,September,C: Possible Injury,11:17:00,Motorist Drive Out - Sign-Controlled Intersection,2010,Yes,No,Daylight,Straight - Level,State Secondary Route,Dry,"Two-Way, Not Divided",None,T-Intersection,Coarse Asphalt,2 lanes,"36.4931373176, -76.1646818903"
4519,Durham,Durham,Piedmont,Residential,Urban (>70% Developed),NA,Urban,20 - 25  MPH,Stop Sign,Clear,No,12,11-15,No,NA,With Traffic,O: No Injury,Travel Lane,Black,Male,67,60-69,No,NA,11-15 mph,O: No Injury,Black,Female,Passenger Car,No,13NOV2010,Saturday,Loss of Control / Turning Error,10,Intersection,November,O: No Injury,10:00:00,Bicyclist Turning Error - Right Turn,2010,No,No,Daylight,Straight - Level,Local Street,Dry,"Two-Way, Not Divided",None,T-Intersection,Coarse Asphalt,2 lanes,"35.9621841096, -78.898252697"
4525,Vander,Cumberland,Coastal,Residential,Rural (<30% Developed),NA,Rural,50 - 55  MPH,"Double Yellow Line, No Passing Zone",Clear,No,63,60-69,No,NA,Facing Traffic,B: Evident Injury,Travel Lane,White,Male,17,0-19,No,NA,41-45 mph,O: No Injury,White,Male,Pickup,No,21OCT2010,Thursday,Head-On,19,Non-Intersection,October,B: Evident Injury,19:40:00,Head-On - Bicyclist,2010,Yes,No,Dark - Roadway Not Lighted,Straight - Level,State Secondary Route,Dry,"Two-Way, Not Divided",None,No Special Feature,Smooth Asphalt,2 lanes,"35.0189369128, -78.7179325932"
4526,Greenville,Pitt,Coastal,Institutional,Urban (>70% Developed),NA,Urban,5 - 15 MPH,No Control Present,Clear,No,19,16-19,No,NA,With Traffic,Unknown Injury,Travel Lane,White,Male,58,50-59,No,NA,0-5 mph,O: No Injury,White,Female,Passenger Car,No,27OCT2010,Wednesday,Motorist Left Turn / Merge,12,Non-Intersection,October,O: No Injury,12:46:00,Motorist Left Turn - Opposite Direction,2010,No,No,Daylight,Straight - Level,Local Street,Dry,"Two-Way, Not Divided",None,No Special Feature,Smooth Asphalt,2 lanes,"35.6027370854, -77.3621922119"
4531,Gastonia,Gaston,Piedmont,Commercial,Urban (>70% Developed),NA,Urban,40 - 45  MPH,Stop And Go Signal,Clear,No,57,50-59,No,NA,Facing Traffic,C: Possible Injury,Travel Lane,Black,Male,65,60-69,No,NA,NA,O: No Injury,White,Male,Pickup,No,10NOV2010,Wednesday,Motorist Failed to Yield - Signalized Intersection,15,Intersection,November,C: Possible Injury,15:22:00,Motorist Drive Out - Right Turn on Red,2010,Yes,No,Daylight,Straight - Grade,US Route,Dry,"Two-Way, Not Divided",None,Four-Way Intersection,Smooth Asphalt,5 lanes,"35.2336718706, -81.194193347"
4536,Asheville,Buncombe,Mountains,Commercial,Urban (>70% Developed),NA,Urban,30 - 35  MPH,Stop Sign,Clear,No,26,25-29,No,NA,With Traffic,C: Possible Injury,Travel Lane,White,Male,70+,70+,No,NA,6-10 mph,O: No Injury,White,Female,Passenger Car,No,10NOV2010,Wednesday,Motorist Failed to Yield - Sign-Controlled Intersection,17,Intersection,November,C: Possible Injury,17:37:00,Motorist Drive Out - Sign-Controlled Intersection,2010,Yes,No,Dusk,Straight - Hillcrest,Local Street,Dry,"Two-Way, Not Divided",None,T-Intersection,Smooth Asphalt,2 lanes,"35.5839228924, -82.5700037741"
4538,Carthage,Moore,Piedmont,Residential,Mixed (30% To 70% Developed),NA,Rural,40 - 45  MPH,No Control Present,Clear,No,70+,70+,No,NA,With Traffic,B: Evident Injury,Travel Lane,White,Male,70+,70+,No,NA,41-45 mph,O: No Injury,White,Male,Pickup,No,14NOV2010,Sunday,Motorist Overtaking Bicyclist,8,Intersection,November,B: Evident Injury,08:07:00,Motorist Overtaking - Other / Unknown,2010,Yes,No,Daylight,Straight - Level,Local Street,Dry,"Two-Way, Not Divided",None,No Special Feature,Coarse Asphalt,2 lanes,"35.3247449552, -79.4023428155"
4541,None - Rural Crash,Guilford,Piedmont,Residential,Mixed (30% To 70% Developed),NA,Rural,30 - 35  MPH,"Double Yellow Line, No Passing Zone",Clear,No,51,50-59,No,NA,With Traffic,A: Disabling Injury,Travel Lane,Black,Male,30,30-39,No,NA,31-35 mph,O: No Injury,White,Male,Van,No,11NOV2010,Thursday,Motorist Overtaking Bicyclist,7,Non-Intersection,November,A: Disabling Injury,07:27:00,Motorist Overtaking - Other / Unknown,2010,Yes,No,Daylight,Straight - Level,State Secondary Route,Dry,"Two-Way, Not Divided",None,No Special Feature,Smooth Asphalt,2 lanes,"36.0188820828, -79.9678630237"
4546,Greensboro,Guilford,Piedmont,Commercial,Urban (>70% Developed),NA,Urban,20 - 25  MPH,Stop Sign,Clear,No,22,20-24,No,NA,With Traffic,B: Evident Injury,Travel Lane,White,Male,50,50-59,No,NA,21-25 mph,O: No Injury,Black,Female,Passenger Car,No,12NOV2010,Friday,Motorist Left Turn / Merge,9,Intersection,November,B: Evident Injury,09:11:00,Motorist Left Turn - Opposite Direction,2010,Yes,No,Daylight,Curve - Bottom,Local Street,Dry,"Two-Way, Not Divided",None,T-Intersection,Smooth Asphalt,3 lanes,"36.0681340995, -79.7899629723"
4550,None - Rural Crash,Wake,Piedmont,"Farms, Woods, Pastures",Rural (<30% Developed),NA,Rural,40 - 45  MPH,"Double Yellow Line, No Passing Zone",Clear,No,25,25-29,No,NA,With Traffic,C: Possible Injury,Travel Lane,White,Male,68,60-69,No,NA,31-35 mph,C: Possible Injury,White,Male,Passenger Car,No,23NOV2010,Tuesday,Motorist Left Turn / Merge,6,Intersection,November,C: Possible Injury,06:37:00,Motorist Left Turn - Opposite Direction,2010,Yes,No,Dark - Roadway Not Lighted,Straight - Level,State Secondary Route,Dry,"Two-Way, Not Divided",None,Four-Way Intersection,Coarse Asphalt,2 lanes,"35.7089720617, -78.7101826267"
4554,Wilmington,New Hanover,Coastal,Commercial,Urban (>70% Developed),NA,Urban,20 - 25  MPH,Stop Sign,Clear,No,70+,70+,No,NA,Facing Traffic,B: Evident Injury,Multi-use Path,White,Male,22,20-24,No,NA,0-5 mph,O: No Injury,White,Female,Passenger Car,No,10NOV2010,Wednesday,Motorist Failed to Yield - Sign-Controlled Intersection,15,Intersection,November,B: Evident Injury,15:31:00,Motorist Drive Out - Sign-Controlled Intersection,2010,Yes,No,Daylight,Straight - Level,NC Route,Dry,"Two-Way, Divided, Unprotected Median",None,No Special Feature,Coarse Asphalt,6 lanes,"34.232603769, -77.8288322868"
4560,High Point,Guilford,Piedmont,Residential,Rural (<30% Developed),NA,Urban,30 - 35  MPH,Stop Sign,Clear,No,27,25-29,No,NA,With Traffic,C: Possible Injury,Travel Lane,Black,Male,39,30-39,No,NA,0-5 mph,O: No Injury,Black,Male,Passenger Car,No,17NOV2010,Wednesday,Backing Vehicle,15,Intersection,November,C: Possible Injury,15:15:00,Backing Vehicle,2010,Yes,No,Daylight,Straight - Level,Local Street,Dry,"Two-Way, Not Divided",None,T-Intersection,Coarse Asphalt,2 lanes,"35.9894670767, -79.9602080192"
4566,Davidson,Mecklenburg,Piedmont,"Farms, Woods, Pastures",Mixed (30% To 70% Developed),NA,Urban,30 - 35  MPH,Yield Sign,Clear,No,37,30-39,No,NA,NA,Unknown Injury,Travel Lane,White,Male,47,40-49,No,NA,11-15 mph,O: No Injury,White,Female,Sport Utility,No,21NOV2010,Sunday,Other / Unknown - Insufficient Details,12,Non-Intersection,November,O: No Injury,12:25:00,Unknown Approach Paths,2010,No,No,Daylight,Curve - Grade,Local Street,Dry,"One-Way, Not Divided",None,Other,Smooth Asphalt,1 lane,"35.4838749382, -80.8198582494"
4569,None - Rural Crash,Franklin,Piedmont,Residential,Mixed (30% To 70% Developed),NA,Rural,40 - 45  MPH,"Double Yellow Line, No Passing Zone",Clear,No,28,25-29,Yes,NA,Facing Traffic,B: Evident Injury,Travel Lane,Black,Male,47,40-49,No,NA,41-45 mph,O: No Injury,White,Female,Pickup,Yes,03DEC2010,Friday,Motorist Overtaking Bicyclist,18,Non-Intersection,December,B: Evident Injury,18:12:00,Motorist Overtaking - Bicyclist Swerved,2010,Yes,No,Dark - Roadway Not Lighted,Curve - Level,NC Route,Dry,"Two-Way, Not Divided",None,No Special Feature,Smooth Asphalt,2 lanes,"35.9979391393, -78.2775675111"
4571,Raleigh,Wake,Piedmont,Institutional,Urban (>70% Developed),NA,Urban,20 - 25  MPH,Stop And Go Signal,Clear,No,53,50-59,No,NA,With Traffic,B: Evident Injury,Travel Lane,White,Male,49,40-49,No,NA,11-15 mph,O: No Injury,Black,Male,Van,No,23NOV2010,Tuesday,Loss of Control / Turning Error,6,Intersection,November,B: Evident Injury,06:34:00,Motorist Turning Error - Left Turn,2010,Yes,No,Dawn,Straight - Level,Local Street,Dry,"Two-Way, Not Divided",None,T-Intersection,Smooth Asphalt,2 lanes,"35.7866770801, -78.6640626164"
4576,Charlotte,Mecklenburg,Piedmont,Commercial,Urban (>70% Developed),NA,Urban,30 - 35  MPH,Stop Sign,Cloudy,No,39,30-39,No,NA,With Traffic,C: Possible Injury,Travel Lane,Black,Male,40,40-49,No,NA,6-10 mph,O: No Injury,Black,Male,Passenger Car,No,29NOV2010,Monday,Motorist Left Turn / Merge,8,Intersection,November,C: Possible Injury,08:00:00,Motorist Left Turn - Opposite Direction,2010,No,No,Daylight,Straight - Grade,Local Street,Dry,"Two-Way, Not Divided",None,No Special Feature,Smooth Asphalt,2 lanes,"35.3753199159, -80.7852232322"
4579,Raleigh,Wake,Piedmont,Commercial,Urban (>70% Developed),NA,Urban,40 - 45  MPH,No Control Present,Clear,No,41,40-49,No,NA,With Traffic,B: Evident Injury,Travel Lane,White,Male,23,20-24,No,NA,41-45 mph,O: No Injury,White,Male,Passenger Car,No,08NOV2010,Monday,Motorist Left Turn / Merge,10,Non-Intersection,November,B: Evident Injury,10:20:00,Motorist Left Turn - Opposite Direction,2010,Yes,No,Daylight,Straight - Grade,Local Street,Dry,"Two-Way, Divided, Unprotected Median",None,No Special Feature,Smooth Asphalt,5 lanes,"35.7790710782, -78.6767326202"
4582,None - Rural Crash,Yadkin,Mountains,"Farms, Woods, Pastures",Rural (<30% Developed),NA,Rural,50 - 55  MPH,"Double Yellow Line, No Passing Zone",Clear,No,50,50-59,No,NA,With Traffic,C: Possible Injury,Travel Lane,White,Male,70+,70+,No,NA,31-35 mph,O: No Injury,White,Male,Pickup,No,05DEC2010,Sunday,Motorist Overtaking Bicyclist,16,Non-Intersection,December,C: Possible Injury,16:21:00,Motorist Overtaking - Misjudged Space,2010,Yes,No,Daylight,Straight - Level,State Secondary Route,Dry,"Two-Way, Divided, Unprotected Median",None,No Special Feature,Smooth Asphalt,2 lanes,"36.1536170925, -80.4721481826"
4583,None - Rural Crash,New Hanover,Coastal,Residential,Urban (>70% Developed),NA,Rural,50 - 55  MPH,No Control Present,Clear,No,14,11-15,No,NA,With Traffic,O: No Injury,Travel Lane,White,Male,32,30-39,No,NA,41-45 mph,O: No Injury,White,Female,Passenger Car,No,09DEC2010,Thursday,Motorist Overtaking Bicyclist,17,Non-Intersection,December,O: No Injury,17:50:00,Motorist Overtaking - Misjudged Space,2010,No,No,Dark - Roadway Not Lighted,Straight - Level,US Route,Dry,"Two-Way, Not Divided",None,No Special Feature,Smooth Asphalt,2 lanes,"34.2150107621, -77.9263323153"
4584,Raleigh,Wake,Piedmont,Residential,Urban (>70% Developed),NA,Urban,40 - 45  MPH,No Control Present,Clear,No,37,30-39,No,NA,With Traffic,A: Disabling Injury,Travel Lane,White,Male,30,30-39,Yes,NA,46-50 mph,O: No Injury,Black,Female,Passenger Car,Yes,14NOV2010,Sunday,Motorist Overtaking Bicyclist,3,Non-Intersection,November,A: Disabling Injury,03:44:00,Motorist Overtaking - Other / Unknown,2010,Yes,No,Dark - Lighted Roadway,Straight - Grade,US Route,Dry,"Two-Way, Divided, Unprotected Median",None,No Special Feature,Smooth Asphalt,4 lanes,"35.7800370812, -78.5985285966"
4586,Lumberton,Robeson,Coastal,Commercial,Urban (>70% Developed),NA,Urban,40 - 45  MPH,No Control Present,Clear,No,54,50-59,No,NA,Not Applicable,C: Possible Injury,Travel Lane,White,Male,42,40-49,No,NA,41-45 mph,Unknown Injury,White,Female,Passenger Car,No,12NOV2010,Friday,Bicyclist Failed to Yield - Midblock,17,Non-Intersection,November,C: Possible Injury,17:36:00,Bicyclist Ride Out - Other Midblock,2010,Yes,No,Dusk,Straight - Level,NC Route,Dry,"Two-Way, Not Divided",None,No Special Feature,Coarse Asphalt,4 lanes,"34.6281568181, -78.9872086547"
4587,Chapel Hill,Orange,Piedmont,Commercial,Urban (>70% Developed),NA,Urban,30 - 35  MPH,Stop And Go Signal,Clear,No,63,60-69,No,NA,With Traffic,C: Possible Injury,Travel Lane,White,Male,58,50-59,No,NA,NA,O: No Injury,White,Male,Passenger Car,No,30NOV2010,Tuesday,Motorist Left Turn / Merge,9,Intersection,November,C: Possible Injury,09:32:00,Motorist Left Turn - Opposite Direction,2010,Yes,No,Daylight,Straight - Grade,State Secondary Route,Dry,"Two-Way, Not Divided",None,Four-Way Intersection,Smooth Asphalt,5 lanes,"35.9276870969, -79.0301727355"
4594,None - Rural Crash,Beaufort,Coastal,Commercial,Rural (<30% Developed),NA,Rural,30 - 35  MPH,No Control Present,Cloudy,No,14,11-15,No,NA,With Traffic,O: No Injury,Travel Lane,Black,Male,70+,70+,No,NA,31-35 mph,O: No Injury,White,Female,Passenger Car,No,23NOV2010,Tuesday,Motorist Overtaking Bicyclist,16,Non-Intersection,November,O: No Injury,16:34:00,Motorist Overtaking - Bicyclist Swerved,2010,No,No,Daylight,Straight - Level,NC Route,Dry,"Two-Way, Not Divided",None,T-Intersection,Smooth Asphalt,4 lanes,"35.5324770821, -77.020932104"
4604,None - Rural Crash,Dare,Coastal,Residential,Urban (>70% Developed),NA,Rural,30 - 35  MPH,"Double Yellow Line, No Passing Zone",Cloudy,No,11,11-15,No,NA,With Traffic,C: Possible Injury,Travel Lane,White,Male,57,50-59,No,NA,31-35 mph,O: No Injury,White,Female,Sport Utility,No,11NOV2010,Thursday,Motorist Overtaking Bicyclist,10,Non-Intersection,November,C: Possible Injury,10:59:00,Motorist Overtaking - Bicyclist Swerved,2010,Yes,No,Daylight,Straight - Level,US Route,Dry,"Two-Way, Not Divided",None,No Special Feature,Coarse Asphalt,2 lanes,"35.9038972032, -75.7733317392"
4606,Rocky Mount,Nash,Coastal,Residential,Urban (>70% Developed),NA,Urban,30 - 35  MPH,Stop Sign,Clear,No,57,50-59,No,NA,Facing Traffic,O: No Injury,Sidewalk / Crosswalk / Driveway Crossing,Black,Male,44,40-49,No,NA,0-5 mph,O: No Injury,Black,Female,Sport Utility,No,21NOV2010,Sunday,Motorist Failed to Yield - Midblock,13,Non-Intersection,November,O: No Injury,13:56:00,Motorist Drive Out - Commercial Driveway / Alley,2010,No,No,Daylight,Straight - Level,Public Vehicular Area,Dry,"Two-Way, Not Divided",None,"Driveway, Public",Smooth Asphalt,2 lanes,"35.9308971409, -77.8132623654"
4611,Durham,Durham,Piedmont,Residential,Urban (>70% Developed),NA,Urban,30 - 35  MPH,No Control Present,Rain,No,9,6-10,No,NA,With Traffic,C: Possible Injury,Travel Lane,Black,Male,22,20-24,No,NA,16-20 mph,O: No Injury,Black,Female,Passenger Car,No,25DEC2010,Saturday,Motorist Overtaking Bicyclist,17,Intersection-Related,December,C: Possible Injury,17:53:00,Motorist Overtaking - Other / Unknown,2010,No,No,Dark - Lighted Roadway,Straight - Level,Local Street,Wet,"Two-Way, Not Divided",None,No Special Feature,Smooth Asphalt,2 lanes,"36.0011901184, -78.8857526955"
4617,Raleigh,Wake,Piedmont,Residential,Urban (>70% Developed),NA,Urban,30 - 35  MPH,Stop And Go Signal,Clear,No,37,30-39,No,NA,With Traffic,C: Possible Injury,Sidewalk / Crosswalk / Driveway Crossing,Black,Male,56,50-59,No,NA,31-35 mph,O: No Injury,White,Female,Passenger Car,No,13DEC2010,Monday,Parallel Paths - Other Circumstances,20,Non-Intersection,December,C: Possible Injury,20:03:00,Bicyclist Ride Out - Parallel Path,2010,Yes,No,Dark - Lighted Roadway,Straight - Level,Local Street,Dry,"One-Way, Not Divided",None,T-Intersection,Smooth Asphalt,1 lane,"35.8237170893, -78.6328376096"
4626,Woodfin,Buncombe,Mountains,Residential,Mixed (30% To 70% Developed),NA,Rural,30 - 35  MPH,No Control Present,Rain,No,40,40-49,No,NA,Facing Traffic,B: Evident Injury,Travel Lane,White,Female,32,30-39,No,NA,0-5 mph,O: No Injury,White,Female,Passenger Car,No,27AUG2010,Friday,Head-On,18,Non-Intersection,August,B: Evident Injury,18:01:00,Head-On - Bicyclist,2010,No,No,Daylight,Curve - Level,State Secondary Route,Wet,"Two-Way, Not Divided",None,No Special Feature,Smooth Asphalt,2 lanes,"35.6193468984, -82.6050737861"
4630,Raleigh,Wake,Piedmont,Residential,Urban (>70% Developed),NA,Urban,20 - 25  MPH,Stop Sign,Clear,No,13,11-15,No,NA,With Traffic,A: Disabling Injury,Travel Lane,Black,Male,70+,70+,No,NA,6-10 mph,O: No Injury,Black,Male,Van,No,24DEC2010,Friday,Bicyclist Failed to Yield - Sign-Controlled Intersection,13,Intersection,December,A: Disabling Injury,13:50:00,Bicyclist Ride Through - Sign-Controlled Intersection,2010,Yes,No,Daylight,Straight - Grade,Local Street,Dry,"Two-Way, Not Divided",None,T-Intersection,Coarse Asphalt,2 lanes,"35.7673100782, -78.6086025994"
4634,Greenville,Pitt,Coastal,Commercial,Urban (>70% Developed),NA,Urban,50 - 55  MPH,Stop And Go Signal,Clear,No,44,40-49,No,NA,Not Applicable,C: Possible Injury,Travel Lane,Black,Male,36,30-39,No,NA,31-35 mph,O: No Injury,Black,Male,Passenger Car,No,23NOV2010,Tuesday,Bicyclist Failed to Yield - Signalized Intersection,14,Intersection-Related,November,C: Possible Injury,14:59:00,Bicyclist Ride Through - Signalized Intersection,2010,No,No,Daylight,Straight - Level,NC Route,Dry,"Two-Way, Divided, Unprotected Median",None,No Special Feature,Smooth Asphalt,2 lanes,"35.6167710878, -77.3913022207"
4635,None - Rural Crash,Alamance,Piedmont,Institutional,Mixed (30% To 70% Developed),NA,Rural,20 - 25  MPH,No Control Present,Clear,No,22,20-24,No,NA,Facing Traffic,C: Possible Injury,Sidewalk / Crosswalk / Driveway Crossing,White,Male,58,50-59,No,NA,0-5 mph,O: No Injury,White,Female,Passenger Car,No,06MAY2010,Thursday,Motorist Failed to Yield - Midblock,16,Non-Intersection,May,C: Possible Injury,16:00:00,Motorist Drive Out - Other Midblock,2010,No,No,Daylight,Straight - Level,State Secondary Route,Dry,"Two-Way, Not Divided",None,"Driveway, Public",Smooth Asphalt,2 lanes,"36.1031371174, -79.500222887"
4638,Conover,Catawba,Piedmont,Commercial,Urban (>70% Developed),NA,Urban,30 - 35  MPH,Stop Sign,Cloudy,No,42,40-49,No,NA,Facing Traffic,C: Possible Injury,Sidewalk / Crosswalk / Driveway Crossing,White,Male,67,60-69,No,NA,21-25 mph,O: No Injury,White,Male,Passenger Car,No,06JAN2009,Tuesday,Motorist Right Turn / Merge,13,Intersection,January,C: Possible Injury,13:30:00,Motorist Right Turn - Opposite Direction,2009,No,No,Daylight,Straight - Level,Local Street,Wet,"Two-Way, Not Divided",None,Four-Way Intersection,Smooth Asphalt,2 lanes,"35.7038269698, -81.220218381"
4640,Durham,Durham,Piedmont,Residential,Urban (>70% Developed),NA,Urban,5 - 15 MPH,No Control Present,Clear,No,25,25-29,No,NA,Not Applicable,B: Evident Injury,Travel Lane,White,Male,29,25-29,No,NA,11-15 mph,O: No Injury,Hispanic,Female,Passenger Car,No,09JAN2009,Friday,Non-Roadway,22,Non-Roadway,January,B: Evident Injury,22:37:00,Non-Roadway,2009,No,No,Dark - Lighted Roadway,Straight - Bottom,Public Vehicular Area,Dry,"Two-Way, Divided, Unprotected Median",None,T-Intersection,Coarse Asphalt,2 lanes,"36.0107721184, -78.943432714"
4641,Cary,Wake,Piedmont,Residential,Urban (>70% Developed),NA,Urban,40 - 45  MPH,No Control Present,Clear,No,29,25-29,No,NA,With Traffic,C: Possible Injury,Travel Lane,Black,Male,25,25-29,No,NA,41-45 mph,O: No Injury,Other,Male,Motorcycle,No,14JAN2009,Wednesday,Motorist Overtaking Bicyclist,16,Non-Intersection,January,C: Possible Injury,16:49:00,Motorist Overtaking - Bicyclist Swerved,2009,Yes,No,Daylight,Straight - Level,State Secondary Route,Dry,"Two-Way, Not Divided",None,No Special Feature,Smooth Asphalt,5 lanes,"35.8243940845, -78.7706826516"
4644,Durham,Durham,Piedmont,Commercial,Urban (>70% Developed),NA,Urban,30 - 35  MPH,Stop Sign,Clear,No,47,40-49,No,NA,Facing Traffic,C: Possible Injury,Travel Lane,Black,Male,52,50-59,No,NA,6-10 mph,O: No Injury,White,Female,Passenger Car,No,23JAN2009,Friday,Loss of Control / Turning Error,20,Intersection,January,C: Possible Injury,20:22:00,Motorist Turning Error - Other,2009,Yes,No,Dark - Lighted Roadway,Straight - Level,Local Street,Dry,"Two-Way, Not Divided",None,No Special Feature,Smooth Asphalt,5 lanes,"36.0363571248, -78.8948327007"
4655,Charlotte,Mecklenburg,Piedmont,Residential,Urban (>70% Developed),NA,Urban,30 - 35  MPH,Stop Sign,Clear,No,24,20-24,No,NA,With Traffic,C: Possible Injury,Travel Lane,White,Male,29,25-29,No,NA,0-5 mph,O: No Injury,White,Male,Passenger Car,No,12JAN2009,Monday,Motorist Left Turn / Merge,7,Intersection,January,C: Possible Injury,07:56:00,Motorist Left Turn - Opposite Direction,2009,No,No,Daylight,Straight - Level,Local Street,Dry,"Two-Way, Not Divided",None,T-Intersection,Smooth Asphalt,4 lanes,"35.2166818806, -80.8211032347"
4657,Wilmington,New Hanover,Coastal,Commercial,Urban (>70% Developed),NA,Urban,NA,No Control Present,Cloudy,No,22,20-24,No,NA,Not Applicable,B: Evident Injury,Travel Lane,Black,Male,NA,NA,Missing,NA,NA,Unknown Injury,Unknown/Missing,NA,NA,No,13JAN2009,Tuesday,Crossing Paths - Other Circumstances,19,Intersection,January,B: Evident Injury,19:57:00,Crossing Paths - Intersection - Other / Unknown,2009,Yes,Yes,Dark - Lighted Roadway,Straight - Level,US Route,Wet,"Two-Way, Not Divided",None,No Special Feature,Coarse Asphalt,5 lanes,"34.2425767698, -77.8908563058"
4662,Raleigh,Wake,Piedmont,Residential,Urban (>70% Developed),NA,Urban,5 - 15 MPH,No Control Present,Clear,No,6,6-10,No,NA,With Traffic,B: Evident Injury,Travel Lane,Hispanic,Male,30,30-39,No,NA,11-15 mph,O: No Injury,Hispanic,Male,Sport Utility,No,10JAN2009,Saturday,Crossing Paths - Other Circumstances,17,Intersection,January,B: Evident Injury,17:48:00,Crossing Paths - Uncontrolled Intersection,2009,Yes,No,Daylight,Straight - Level,"Private Road, Driveway",Dry,"Two-Way, Not Divided",None,No Special Feature,Smooth Asphalt,2 lanes,"35.7429990722, -78.6362486062"
4664,Kannapolis,Rowan,Piedmont,Residential,Urban (>70% Developed),NA,Urban,40 - 45  MPH,No Control Present,Clear,No,11,11-15,No,NA,With Traffic,A: Disabling Injury,Bike Lane / Paved Shoulder,Black,Male,60,60-69,No,NA,31-35 mph,O: No Injury,White,Male,Passenger Car,No,24JAN2009,Saturday,Motorist Overtaking Bicyclist,18,Non-Intersection,January,A: Disabling Injury,18:31:00,Motorist Overtaking - Bicyclist Swerved,2009,No,No,Dark - Roadway Not Lighted,Straight - Level,State Secondary Route,Dry,"Two-Way, Not Divided",None,No Special Feature,Smooth Asphalt,2 lanes,"35.5275869546, -80.6143031903"