object_id,city,county,region,development,locality,on_road,rural_urban,speed_limit,traffic_control,weather,workzone,bike_age,bike_age_group,bike_alcohol,bike_alcohol_drugs,bike_direction,bike_injury,bike_position,bike_race,bike_sex,driver_age,driver_age_group,driver_alcohol,driver_alcohol_drugs,driver_est_speed,driver_injury,driver_race,driver_sex,driver_vehicle_type,crash_alcohol,crash_date,crash_day,crash_group,crash_hour,crash_location,crash_month,crash_severity,crash_time,crash_type,crash_year,ambulance_req,hit_run,light_condition,road_character,road_class,road_condition,road_configuration,road_defects,road_feature,road_surface,num_lanes,geo_point
4671,None - Rural Crash,Currituck,Coastal,Residential,Mixed (30% To 70% Developed),NA,Rural,NA,No Control Present,Clear,No,70+,70+,No,NA,With Traffic,A: Disabling Injury,Travel Lane,White,Male,29,25-29,No,NA,0-5 mph,O: No Injury,White,Male,Sport Utility,No,06FEB2009,Friday,Bicyclist Failed to Yield - Midblock,14,Non-Intersection,February,A: Disabling Injury,14:30:00,Bicyclist Ride Out - Midblock - Unknown,2009,Yes,No,Daylight,Curve - Grade,Public Vehicular Area,Dry,"Two-Way, Not Divided",None,"Driveway, Private",Coarse Asphalt,2 lanes,"36.3493272983, -75.8222717766"
4684,None - Rural Crash,Robeson,Coastal,Residential,Mixed (30% To 70% Developed),NA,Rural,50 - 55  MPH,No Control Present,Clear,No,43,40-49,No,NA,With Traffic,C: Possible Injury,Travel Lane,Native American,Male,26,25-29,No,NA,51-55 mph,O: No Injury,Black,Female,Sport Utility,No,05MAR2009,Thursday,Motorist Overtaking Bicyclist,17,Non-Intersection,March,C: Possible Injury,17:43:00,Motorist Overtaking - Undetected Bicyclist,2009,No,No,Daylight,Straight - Level,NC Route,Dry,"Two-Way, Not Divided",None,No Special Feature,Coarse Asphalt,2 lanes,"34.8489908612, -79.1282067085"
4691,None - Rural Crash,Union,Piedmont,Residential,Mixed (30% To 70% Developed),NA,Rural,30 - 35  MPH,Stop Sign,Clear,No,7,6-10,No,NA,With Traffic,B: Evident Injury,Travel Lane,White,Male,58,50-59,No,NA,21-25 mph,O: No Injury,White,Female,Passenger Car,No,10MAR2009,Tuesday,Bicyclist Failed to Yield - Sign-Controlled Intersection,18,Intersection,March,B: Evident Injury,18:54:00,Bicyclist Ride Through - Sign-Controlled Intersection,2009,Yes,No,Daylight,Straight - Grade,State Secondary Route,Dry,"Two-Way, Not Divided",None,Four-Way Intersection,Smooth Asphalt,2 lanes,"35.0342768483, -80.6512231741"
4692,Matthews,Mecklenburg,Piedmont,Commercial,Urban (>70% Developed),NA,Urban,20 - 25  MPH,Stop Sign,Clear,No,52,50-59,No,NA,Facing Traffic,B: Evident Injury,Travel Lane,Black,Male,34,30-39,No,NA,0-5 mph,O: No Injury,White,Male,Passenger Car,No,23FEB2009,Monday,Motorist Failed to Yield - Sign-Controlled Intersection,15,Intersection,February,B: Evident Injury,15:55:00,Motorist Drive Out - Sign-Controlled Intersection,2009,Yes,No,Daylight,Straight - Grade,NC Route,Dry,"Two-Way, Divided, Unprotected Median",None,T-Intersection,Smooth Asphalt,4 lanes,"35.1239768652, -80.7081791962"
4693,None - Rural Crash,Currituck,Coastal,"Farms, Woods, Pastures",Rural (<30% Developed),NA,Rural,50 - 55  MPH,No Control Present,Clear,No,55,50-59,Yes,NA,With Traffic,C: Possible Injury,Travel Lane,Hispanic,Male,47,40-49,No,NA,51-55 mph,O: No Injury,Black,Male,Passenger Car,Yes,15FEB2009,Sunday,Motorist Overtaking Bicyclist,20,Non-Intersection,February,C: Possible Injury,20:26:00,Motorist Overtaking - Bicyclist Swerved,2009,Yes,No,Dark - Roadway Not Lighted,Straight - Level,US Route,Dry,"Two-Way, Not Divided",None,No Special Feature,Smooth Asphalt,2 lanes,"36.3872173001, -75.9971818322"
4694,Greensboro,Guilford,Piedmont,Institutional,Urban (>70% Developed),NA,Urban,20 - 25  MPH,Stop And Go Signal,Clear,No,20,20-24,No,NA,With Traffic,B: Evident Injury,Bike Lane / Paved Shoulder,White,Male,22,20-24,No,NA,6-10 mph,O: No Injury,White,Female,Passenger Car,No,11FEB2009,Wednesday,Motorist Right Turn / Merge,13,Intersection-Related,February,B: Evident Injury,13:54:00,Motorist Right Turn - Same Direction,2009,Yes,No,Daylight,Straight - Level,Local Street,Dry,"Two-Way, Divided, Unprotected Median",None,T-Intersection,Smooth Asphalt,4 lanes,"36.0652920977, -79.8127529792"
4696,Trinity,Randolph,Piedmont,"Farms, Woods, Pastures",Rural (<30% Developed),NA,Urban,50 - 55  MPH,Other,Clear,No,48,40-49,No,NA,With Traffic,C: Possible Injury,Travel Lane,White,Male,69,60-69,No,NA,6-10 mph,O: No Injury,White,Male,Passenger Car,No,11MAR2009,Wednesday,Crossing Paths - Other Circumstances,14,Intersection,March,C: Possible Injury,14:50:00,Crossing Paths - Intersection - Other / Unknown,2009,No,No,Daylight,Straight - Level,State Secondary Route,NA,"Two-Way, Not Divided",None,T-Intersection,Smooth Asphalt,2 lanes,"35.8629600471, -80.0352530347"
4697,None - Rural Crash,Johnston,Coastal,"Farms, Woods, Pastures",Rural (<30% Developed),NA,Rural,50 - 55  MPH,"Double Yellow Line, No Passing Zone",Clear,No,51,50-59,No,NA,With Traffic,C: Possible Injury,Travel Lane,White,Male,51,50-59,No,NA,0-5 mph,O: No Injury,White,Male,Passenger Car,No,05MAR2009,Thursday,Bicyclist Overtaking Motorist,16,Intersection-Related,March,C: Possible Injury,16:45:00,Bicyclist Overtaking - Other / Unknown,2009,Yes,No,Daylight,Straight - Level,State Secondary Route,Dry,"Two-Way, Not Divided",None,T-Intersection,Smooth Asphalt,2 lanes,"35.3724369991, -78.4447885288"
4705,Statesville,Iredell,Piedmont,Residential,Urban (>70% Developed),NA,Urban,30 - 35  MPH,No Control Present,Clear,No,26,25-29,Yes,NA,NA,B: Evident Injury,NA,White,Male,NA,NA,Missing,NA,NA,Unknown Injury,Unknown/Missing,NA,NA,Yes,12MAR2009,Thursday,Other / Unknown - Insufficient Details,20,Intersection-Related,March,B: Evident Injury,20:15:00,Unknown Approach Paths,2009,No,Yes,Dark - Lighted Roadway,Straight - Level,Local Street,Dry,"Two-Way, Not Divided",None,No Special Feature,Smooth Asphalt,2 lanes,"35.782332998, -80.8959332889"
4712,Elizabeth City,Pasquotank,Coastal,Residential,Mixed (30% To 70% Developed),NA,Urban,20 - 25  MPH,Stop Sign,Clear,No,9,6-10,No,NA,NA,C: Possible Injury,NA,Black,Male,55,50-59,No,NA,16-20 mph,O: No Injury,Black,Male,Passenger Car,No,17MAR2009,Tuesday,Other / Unknown - Insufficient Details,17,Intersection,March,C: Possible Injury,17:30:00,Unknown Approach Paths,2009,Yes,No,Daylight,Straight - Level,Local Street,Dry,"Two-Way, Divided, Unprotected Median",None,No Special Feature,Grooved Concrete,2 lanes,"36.3061572749, -76.2294519005"
4714,Charlotte,Mecklenburg,Piedmont,Residential,Urban (>70% Developed),NA,Urban,20 - 25  MPH,No Control Present,Clear,No,9,6-10,No,NA,Not Applicable,B: Evident Injury,Multi-use Path,Black,Male,69,60-69,No,NA,16-20 mph,O: No Injury,White,Female,Van,No,17MAR2009,Tuesday,Bicyclist Failed to Yield - Midblock,17,Non-Intersection,March,B: Evident Injury,17:39:00,Bicyclist Ride Out - Other Midblock,2009,Yes,No,Daylight,Straight - Level,Local Street,Dry,"Two-Way, Not Divided",None,No Special Feature,Smooth Asphalt,2 lanes,"35.3817699176, -80.7720532286"
4722,Durham,Durham,Piedmont,Residential,Urban (>70% Developed),NA,Urban,30 - 35  MPH,Stop And Go Signal,Clear,No,47,40-49,No,NA,With Traffic,B: Evident Injury,Travel Lane,Black,Male,NA,NA,Missing,NA,11-15 mph,Unknown Injury,Unknown/Missing,NA,Passenger Car,No,04APR2009,Saturday,Motorist Overtaking Bicyclist,3,Intersection,April,B: Evident Injury,03:30:00,Motorist Overtaking - Other / Unknown,2009,Yes,Yes,Dark - Lighted Roadway,Straight - Level,Local Street,Dry,"Two-Way, Not Divided",None,No Special Feature,Concrete,2 lanes,"36.0071871189, -78.8854926953"
4723,Concord,Cabarrus,Piedmont,Residential,Urban (>70% Developed),NA,Urban,20 - 25  MPH,Stop Sign,Clear,No,10,6-10,No,NA,Facing Traffic,B: Evident Injury,Travel Lane,Black,Male,38,30-39,No,NA,0-5 mph,O: No Injury,White,Female,Sport Utility,No,21MAR2009,Saturday,Motorist Failed to Yield - Sign-Controlled Intersection,11,Intersection-Related,March,B: Evident Injury,11:52:00,Motorist Drive Out - Sign-Controlled Intersection,2009,Yes,No,Daylight,Straight - Level,Local Street,Dry,"Two-Way, Not Divided",None,T-Intersection,Coarse Asphalt,2 lanes,"35.4000009278, -80.6034731799"
4727,Wilmington,New Hanover,Coastal,Residential,Urban (>70% Developed),NA,Urban,30 - 35  MPH,Stop And Go Signal,Cloudy,No,29,25-29,No,NA,With Traffic,C: Possible Injury,Travel Lane,White,Female,70+,70+,No,NA,31-35 mph,O: No Injury,White,Male,Passenger Car,No,14MAR2009,Saturday,Motorist Overtaking Bicyclist,9,Non-Intersection,March,C: Possible Injury,09:55:00,Motorist Overtaking - Other / Unknown,2009,No,No,Daylight,Straight - Level,Local Street,Dry,"Two-Way, Not Divided",None,No Special Feature,Coarse Asphalt,2 lanes,"34.2137067638, -77.881462301"
4742,None - Rural Crash,Robeson,Coastal,"Farms, Woods, Pastures",Rural (<30% Developed),NA,Rural,50 - 55  MPH,No Control Present,Clear,No,49,40-49,No,NA,With Traffic,A: Disabling Injury,Travel Lane,Black,Male,35,30-39,No,NA,51-55 mph,O: No Injury,Native American,Female,Sport Utility,No,08APR2009,Wednesday,Parallel Paths - Other Circumstances,19,Non-Intersection,April,A: Disabling Injury,19:10:00,Parallel Paths - Other / Unknown,2009,Yes,No,Daylight,Straight - Level,State Secondary Route,Dry,"Two-Way, Not Divided",None,No Special Feature,Coarse Asphalt,2 lanes,"34.8517168632, -79.0915826976"
704,Wilmington,New Hanover,Coastal,Commercial,Urban (>70% Developed),S KERR AVE,Urban,30 - 35  MPH,No Control Present,Clear,No,21,20-24,NA,No,With Traffic,A: Disabling Injury,Bike Lane / Paved Shoulder,White,Male,70+,70+,NA,No,26-30 mph,O: No Injury,White,Female,Passenger Car,No,24OCT2014,Friday,Motorist Left Turn / Merge,15,Intersection,October,A: Disabling Injury,15:30:00,Motorist Left Turn - Opposite Direction,2014,Yes,No,Daylight,Straight - Level,Local Street,Dry,"Two-Way, Not Divided",None,No Special Feature,Smooth Asphalt,2 lanes,"34.2231067653, -77.8859623036"
710,Charlotte,Mecklenburg,Piedmont,Residential,Urban (>70% Developed),LAWYERS ROAD,Urban,30 - 35  MPH,No Control Present,Clear,No,34,30-39,NA,No,With Traffic,C: Possible Injury,Travel Lane,White,Male,70+,70+,NA,No,0-5 mph,O: No Injury,White,Female,Passenger Car,No,04NOV2014,Tuesday,Motorist Overtaking Bicyclist,17,Non-Intersection,November,C: Possible Injury,17:34:00,Motorist Overtaking - Misjudged Space,2014,Yes,No,Dawn,Straight - Level,Local Street,Dry,"Two-Way, Divided, Unprotected Median",None,No Special Feature,Smooth Asphalt,2 lanes,"35.1897198798, -80.6983671965"
712,Wrightsville Beach,NA,Coastal,Residential,Mixed (30% To 70% Developed),NORTH LUMINA AVE,Rural,20 - 25  MPH,No Control Present,Clear,No,25,25-29,NA,No,With Traffic,B: Evident Injury,Travel Lane,White,Male,28,25-29,NA,No,0-5 mph,O: No Injury,Black,Male,Passenger Car,No,24OCT2014,Friday,Parallel Paths - Other Circumstances,14,Non-Intersection,October,B: Evident Injury,14:52:00,Motorist Turn / Merge - Other / Unknown,2014,No,No,Daylight,Straight - Level,Local Street,Dry,"Two-Way, Not Divided",None,No Special Feature,Smooth Asphalt,2 lanes,"34.2188707674, -77.7879722739"
719,Waxhaw,Union,Piedmont,Residential,Urban (>70% Developed),WAXHAW MARVIN RD,Rural,40 - 45  MPH,No Control Present,Clear,No,56,50-59,NA,No,With Traffic,B: Evident Injury,Travel Lane,White,Male,17,0-19,NA,No,41-45 mph,O: No Injury,White,Male,Passenger Car,No,19OCT2014,Sunday,Motorist Left Turn / Merge,10,Intersection,October,B: Evident Injury,10:34:00,Motorist Left Turn - Opposite Direction,2014,Yes,No,Daylight,Straight - Grade,Local Street,Dry,"Two-Way, Not Divided",None,No Special Feature,Coarse Asphalt,2 lanes,"34.9441708241, -80.7712032047"
720,Winston-Salem,Forsyth,Piedmont,Commercial,Rural (<30% Developed),INDIANA AVE,Urban,40 - 45  MPH,No Control Present,Clear,No,16,16-19,NA,No,Not Applicable,B: Evident Injury,Non-Roadway,Black,Male,34,30-39,NA,No,0-5 mph,O: No Injury,Black,Male,Sport Utility,No,27OCT2014,Monday,Bicyclist Failed to Yield - Midblock,19,Non-Intersection,October,B: Evident Injury,19:21:00,Bicyclist Ride Out - Commercial Driveway / Alley,2014,Yes,No,Dark - Lighted Roadway,Straight - Level,Local Street,Dry,"Two-Way, Not Divided",None,No Special Feature,Coarse Asphalt,4 lanes,"36.1397430976, -80.249243115"
729,Washington,Beaufort,Coastal,Commercial,Urban (>70% Developed),US 17,Urban,30 - 35  MPH,Stop And Go Signal,Clear,No,36,30-39,NA,No,Facing Traffic,O: No Injury,Travel Lane,White,Male,70+,70+,NA,No,31-35 mph,O: No Injury,White,Female,Passenger Car,No,28OCT2014,Tuesday,Bicyclist Failed to Yield - Signalized Intersection,16,Intersection,October,O: No Injury,16:42:00,Bicyclist Ride Through - Signalized Intersection,2014,No,No,Daylight,Straight - Level,US Route,Dry,"Two-Way, Not Divided",None,Four-Way Intersection,Coarse Asphalt,5 lanes,"35.5447970827, -77.060872117"
740,Rolesville,Wake,Piedmont,Residential,Urban (>70% Developed),WEST YOUNG ST,Rural,30 - 35  MPH,Stop Sign,Clear,No,70+,70+,NA,No,Facing Traffic,B: Evident Injury,Travel Lane,White,Male,33,30-39,NA,No,0-5 mph,O: No Injury,White,Female,"Light Truck (Mini-Van, Panel)",No,12NOV2014,Wednesday,Motorist Failed to Yield - Sign-Controlled Intersection,20,Intersection,November,B: Evident Injury,20:14:00,Motorist Drive Out - Sign-Controlled Intersection,2014,Yes,No,Daylight,Straight - Level,Local Street,Dry,"Two-Way, Not Divided",None,No Special Feature,Smooth Asphalt,2 lanes,"35.9310451184, -78.4575425622"
742,Charlotte,Mecklenburg,Piedmont,Commercial,Rural (<30% Developed),N TRYON STREET,Urban,20 - 25  MPH,No Control Present,Clear,No,23,20-24,NA,No,With Traffic,C: Possible Injury,Travel Lane,Black,Male,40,40-49,NA,No,NA,O: No Injury,Black,Male,Van,No,21NOV2014,Friday,Bicyclist Overtaking Motorist,11,Non-Intersection,November,C: Possible Injury,11:54:00,Bicyclist Overtaking - Extended Door,2014,Yes,No,Daylight,Straight - Level,Local Street,Dry,"Two-Way, Not Divided",None,No Special Feature,Smooth Asphalt,4 lanes,"35.2287018826, -80.8410632418"
744,Winston-Salem,Forsyth,Piedmont,Residential,Urban (>70% Developed),REYNOLDA RD,Urban,30 - 35  MPH,No Control Present,Clear,No,31,30-39,NA,No,With Traffic,C: Possible Injury,Travel Lane,White,Male,29,25-29,NA,No,6-10 mph,O: No Injury,White,Male,Passenger Car,No,12NOV2014,Wednesday,Bicyclist Left Turn / Merge,8,Non-Intersection,November,C: Possible Injury,08:15:00,Bicyclist Left Turn - Opposite Direction,2014,No,No,Daylight,Straight - Level,Local Street,Dry,"Two-Way, Divided, Positive Median Barrier",None,T-Intersection,Smooth Asphalt,4 lanes,"36.140270096, -80.296393129"
748,Charlotte,Mecklenburg,Piedmont,Commercial,Urban (>70% Developed),THE PLAZA,Urban,30 - 35  MPH,No Control Present,Clear,No,35,30-39,NA,No,Facing Traffic,B: Evident Injury,Sidewalk / Crosswalk / Driveway Crossing,White,Male,42,40-49,NA,No,11-15 mph,O: No Injury,Black,Female,Passenger Car,No,30NOV2014,Sunday,Motorist Right Turn / Merge,17,Non-Intersection,November,B: Evident Injury,17:52:00,Motorist Right Turn - Opposite Direction,2014,Yes,No,Dusk,Straight - Level,Local Street,Dry,"Two-Way, Divided, Unprotected Median",None,No Special Feature,Concrete,4 lanes,"35.2498268896, -80.7804632241"
749,Asheville,Buncombe,Mountains,Residential,Urban (>70% Developed),MYRTLE AVE,Urban,20 - 25  MPH,Stop Sign,Clear,No,NA,NA,NA,No,With Traffic,Unknown Injury,Travel Lane,Unknown/Missing,NA,35,30-39,NA,No,0-5 mph,O: No Injury,White,Female,Passenger Car,No,12NOV2014,Wednesday,Motorist Left Turn / Merge,15,Intersection,November,O: No Injury,15:43:00,Motorist Left Turn - Opposite Direction,2014,No,No,Daylight,Straight - Level,Local Street,Dry,"Two-Way, Divided, Unprotected Median",None,T-Intersection,Coarse Asphalt,2 lanes,"35.579691892, -82.5533537686"
752,Belmont,Gaston,Piedmont,Commercial,Urban (>70% Developed),29,Urban,50 - 55  MPH,No Control Present,Clear,No,70+,70+,NA,No,With Traffic,B: Evident Injury,Bike Lane / Paved Shoulder,White,Female,50,50-59,NA,No,21-25 mph,O: No Injury,White,Male,Sport Utility,No,22NOV2014,Saturday,Motorist Overtaking Bicyclist,15,Non-Intersection,November,B: Evident Injury,15:02:00,Motorist Overtaking - Bicyclist Swerved,2014,No,No,Daylight,Straight - Level,NC Route,Dry,"Two-Way, Not Divided",None,No Special Feature,Coarse Asphalt,2 lanes,"35.2466688798, -81.0134382935"
755,Harmony,Iredell,Piedmont,Commercial,Urban (>70% Developed),SR 1843,Rural,40 - 45  MPH,"Double Yellow Line, No Passing Zone",Clear,No,65,60-69,NA,No,Not Applicable,B: Evident Injury,Non-Roadway,Black,Male,62,60-69,NA,No,41-45 mph,O: No Injury,White,Female,Sport Utility,No,24NOV2014,Monday,Bicyclist Failed to Yield - Midblock,10,Non-Intersection,November,B: Evident Injury,10:05:00,Bicyclist Ride Out - Commercial Driveway / Alley,2014,Yes,No,Daylight,Straight - Level,State Secondary Route,Dry,"Two-Way, Not Divided",None,T-Intersection,Smooth Asphalt,2 lanes,"35.9546970388, -80.7724332611"
756,Durham,Durham,Piedmont,Commercial,Urban (>70% Developed),N ROXBORO RD,Urban,40 - 45  MPH,No Control Present,Clear,No,56,50-59,NA,No,With Traffic,K: Killed,Travel Lane,White,Male,NA,NA,NA,Missing,36-40 mph,Unknown Injury,Unknown/Missing,NA,NA,No,19NOV2014,Wednesday,Motorist Overtaking Bicyclist,9,Intersection-Related,November,K: Killed,09:38:00,Motorist Overtaking - Other / Unknown,2014,Yes,Yes,Dark - Lighted Roadway,Curve - Level,Local Street,Dry,"Two-Way, Not Divided",None,T-Intersection,Smooth Asphalt,4 lanes,"36.0643571305, -78.9048327053"
757,Greensboro,Guilford,Piedmont,Commercial,Urban (>70% Developed),W LEE ST,Urban,30 - 35  MPH,Stop And Go Signal,Clear,No,20,20-24,NA,"Yes-Drugs, impairment suspected",With Traffic,B: Evident Injury,Sidewalk / Crosswalk / Driveway Crossing,White,Male,32,30-39,NA,No,31-35 mph,O: No Injury,Black,Male,Passenger Car,No,20NOV2014,Thursday,Bicyclist Failed to Yield - Signalized Intersection,18,Intersection,November,B: Evident Injury,18:45:00,Bicyclist Ride Through - Signalized Intersection,2014,Yes,No,Dark - Lighted Roadway,Straight - Level,Local Street,Dry,"Two-Way, Divided, Positive Median Barrier",None,Four-Way Intersection,Smooth Asphalt,5 lanes,"36.0621450971, -79.8156079796"
761,Greensboro,Guilford,Piedmont,Institutional,Mixed (30% To 70% Developed),SPRING GARDEN ST,Urban,30 - 35  MPH,Stop And Go Signal,Clear,No,25,25-29,NA,No,Facing Traffic,B: Evident Injury,Travel Lane,White,Male,40,40-49,NA,No,0-5 mph,O: No Injury,White,Male,Pickup,No,13NOV2014,Thursday,Motorist Failed to Yield - Signalized Intersection,14,Intersection,November,B: Evident Injury,14:45:00,Motorist Drive Out - Right Turn on Red,2014,Yes,No,Daylight,Straight - Level,Local Street,Dry,"Two-Way, Not Divided",None,T-Intersection,Smooth Asphalt,2 lanes,"36.0623050957, -79.8609129931"
762,None - Rural Crash,Brunswick,Coastal,Commercial,Urban (>70% Developed),NC 133,Rural,40 - 45  MPH,"Double Yellow Line, No Passing Zone",Clear,Yes,22,20-24,NA,No,Facing Traffic,C: Possible Injury,Bike Lane / Paved Shoulder,Hispanic,Male,18,0-19,NA,No,31-35 mph,O: No Injury,White,Female,Sport Utility,No,27NOV2014,Thursday,Loss of Control / Turning Error,13,Non-Intersection,November,C: Possible Injury,13:46:00,"Motorist Lost Control - Oversteering, Improper Braking, Speed",2014,Yes,No,Daylight,Straight - Level,NC Route,Dry,"Two-Way, Not Divided",None,No Special Feature,Coarse Asphalt,2 lanes,"33.9468106987, -78.0533323408"
765,None - Rural Crash,Johnston,Coastal,"Farms, Woods, Pastures",Rural (<30% Developed),SR 1560,Rural,50 - 55  MPH,"Double Yellow Line, No Passing Zone",Clear,No,17,16-19,NA,No,With Traffic,B: Evident Injury,Travel Lane,Black,Male,28,25-29,NA,No,51-55 mph,B: Evident Injury,White,Male,Motorcycle,No,30NOV2014,Sunday,Motorist Overtaking Bicyclist,16,Non-Intersection,November,B: Evident Injury,16:15:00,Motorist Overtaking - Bicyclist Swerved,2014,No,No,Daylight,Straight - Bottom,State Secondary Route,Dry,"Two-Way, Not Divided",None,No Special Feature,Smooth Asphalt,2 lanes,"35.6091300487, -78.4665625472"
769,Greensboro,Guilford,Piedmont,Institutional,Urban (>70% Developed),WIMBUSH WAY,Urban,20 - 25  MPH,Stop Sign,Clear,No,24,20-24,NA,No,Facing Traffic,Unknown Injury,Sidewalk / Crosswalk / Driveway Crossing,White,Male,25,25-29,NA,No,0-5 mph,O: No Injury,Black,Female,Passenger Car,No,13NOV2014,Thursday,Motorist Failed to Yield - Sign-Controlled Intersection,14,Intersection,November,O: No Injury,14:00:00,Motorist Drive Through - Sign-Controlled Intersection,2014,No,No,Daylight,Straight - Level,Local Street,Dry,"Two-Way, Not Divided",None,T-Intersection,Smooth Asphalt,2 lanes,"36.0740071014, -79.7704629667"
773,Winterville,Pitt,Coastal,Commercial,Urban (>70% Developed),MILL ST,Urban,50 - 55  MPH,Stop Sign,Clear,No,34,30-39,NA,No,With Traffic,Unknown Injury,Travel Lane,Unknown/Missing,NA,50,50-59,NA,"Yes-Alcohol,  impairment suspected",41-45 mph,O: No Injury,White,Male,Sport Utility,Yes,15NOV2014,Saturday,Motorist Overtaking Bicyclist,17,Intersection-Related,November,O: No Injury,17:50:00,Motorist Overtaking - Other / Unknown,2014,No,Yes,Daylight,Straight - Level,Local Street,Dry,"Two-Way, Not Divided",None,No Special Feature,Smooth Asphalt,2 lanes,"35.5146440645, -77.4079382205"
786,Fayetteville,Cumberland,Coastal,Commercial,Urban (>70% Developed),SKIBO RD,Urban,40 - 45  MPH,Stop And Go Signal,Cloudy,No,21,20-24,NA,No,Facing Traffic,C: Possible Injury,Sidewalk / Crosswalk / Driveway Crossing,White,Female,49,40-49,NA,No,0-5 mph,O: No Injury,Black,Male,Pickup,No,06DEC2014,Saturday,Motorist Failed to Yield - Signalized Intersection,10,Intersection,December,C: Possible Injury,10:40:00,Motorist Drive Out - Right Turn on Red,2014,Yes,No,Daylight,Straight - Level,Local Street,Dry,"Two-Way, Divided, Positive Median Barrier",None,T-Intersection,Coarse Asphalt,7 lanes,"35.0776769167, -78.958582669"
789,Wilmington,NA,Coastal,Institutional,Urban (>70% Developed),REYNOLDS DR,Urban,20 - 25  MPH,No Control Present,Clear,No,40,40-49,NA,"Yes-Alcohol and Drugs, no impairment detected",Facing Traffic,B: Evident Injury,Bike Lane / Paved Shoulder,White,Male,40,40-49,NA,No,0-5 mph,O: No Injury,White,Female,Passenger Car,Yes,12NOV2014,Wednesday,Motorist Left Turn / Merge,13,Non-Intersection,November,B: Evident Injury,13:53:00,Motorist Left Turn - Same Direction,2014,Yes,No,Daylight,Straight - Level,Local Street,Dry,"Two-Way, Divided, Unprotected Median",None,No Special Feature,Coarse Asphalt,2 lanes,"34.2267867673, -77.8665022974"
800,Charlotte,Mecklenburg,Piedmont,Institutional,Urban (>70% Developed),SOUTH BLVD,Urban,30 - 35  MPH,No Control Present,Clear,No,19,16-19,NA,No,With Traffic,B: Evident Injury,Sidewalk / Crosswalk / Driveway Crossing,White,Male,NA,NA,NA,Missing,31-35 mph,Unknown Injury,Unknown/Missing,NA,NA,No,26DEC2014,Friday,Loss of Control / Turning Error,14,Non-Intersection,December,B: Evident Injury,14:50:00,Motorist Lost Control - Other / Unknown,2014,Yes,Yes,Dusk,Straight - Grade,Local Street,Dry,"Two-Way, Not Divided",None,No Special Feature,Smooth Asphalt,4 lanes,"35.1804838707, -80.875733249"
814,Belmont,Gaston,Piedmont,Residential,Urban (>70% Developed),MAIN STREET,Urban,30 - 35  MPH,No Control Present,Rain,No,68,60-69,NA,Missing,With Traffic,B: Evident Injury,Travel Lane,White,Male,NA,NA,NA,No,11-15 mph,Unknown Injury,Unknown/Missing,NA,"Light Truck (Mini-Van, Panel)",No,22DEC2014,Monday,Bicyclist Overtaking Motorist,10,Non-Intersection,December,B: Evident Injury,10:00:00,Bicyclist Overtaking - Parked Vehicle,2014,Yes,No,Daylight,Straight - Level,NC Route,Wet,"Two-Way, Not Divided",None,No Special Feature,Coarse Asphalt,2 lanes,"35.2494808798, -81.0417133021"
819,Raleigh,Wake,Piedmont,Residential,Urban (>70% Developed),GORMAN ST,Urban,30 - 35  MPH,No Control Present,Clear,No,20,20-24,NA,No,With Traffic,C: Possible Injury,Travel Lane,White,Male,27,25-29,NA,No,31-35 mph,C: Possible Injury,White,Male,Passenger Car,No,30DEC2014,Tuesday,Motorist Overtaking Bicyclist,22,Non-Intersection,December,C: Possible Injury,22:44:00,Motorist Overtaking - Undetected Bicyclist,2014,Yes,No,Dark - Roadway Not Lighted,Straight - Hillcrest,Local Street,Dry,"Two-Way, Not Divided",None,No Special Feature,Smooth Asphalt,3 lanes,"35.7800770782, -78.6872026233"
820,High Point,Guilford,Piedmont,Residential,Urban (>70% Developed),EASTCHESTER DR,Urban,40 - 45  MPH,No Control Present,Clear,No,48,40-49,NA,No,With Traffic,C: Possible Injury,Travel Lane,Black,Male,NA,NA,NA,Missing,NA,Unknown Injury,Unknown/Missing,NA,NA,No,15DEC2014,Monday,Motorist Overtaking Bicyclist,17,Non-Intersection,December,C: Possible Injury,17:22:00,Motorist Overtaking - Undetected Bicyclist,2014,Yes,Yes,Dark - Lighted Roadway,Straight - Level,NC Route,Dry,"Two-Way, Divided, Unprotected Median",None,No Special Feature,Smooth Asphalt,4 lanes,"36.0000790773, -79.9931930304"
824,Raleigh,Wake,Piedmont,Commercial,Urban (>70% Developed),E EDENTON ST,Urban,30 - 35  MPH,Stop And Go Signal,Clear,No,18,16-19,NA,No,With Traffic,C: Possible Injury,Travel Lane,Black,Male,NA,NA,NA,Missing,6-10 mph,Unknown Injury,Unknown/Missing,NA,Passenger Car,No,30DEC2014,Tuesday,Loss of Control / Turning Error,13,Intersection-Related,December,C: Possible Injury,13:30:00,Motorist Turning Error - Other,2014,No,Yes,Daylight,Straight - Level,Local Street,Dry,"One-Way, Not Divided",None,Four-Way Intersection,Smooth Asphalt,2 lanes,"35.7812670796, -78.6415326095"
830,Burlington,Alamance,Piedmont,Residential,Urban (>70% Developed),US 70,Urban,40 - 45  MPH,Stop Sign,Rain,No,54,50-59,NA,No,With Traffic,B: Evident Injury,Travel Lane,White,Male,16,0-19,NA,No,6-10 mph,O: No Injury,White,Female,Passenger Car,No,31OCT2014,Friday,Motorist Failed to Yield - Sign-Controlled Intersection,23,Intersection,October,B: Evident Injury,23:05:00,Motorist Drive Out - Sign-Controlled Intersection,2014,Yes,No,Dark - Roadway Not Lighted,Straight - Level,US Route,Wet,"Two-Way, Not Divided",None,T-Intersection,Concrete,2 lanes,"36.0803711117, -79.5214728922"