object_id,city,county,region,development,locality,on_road,rural_urban,speed_limit,traffic_control,weather,workzone,bike_age,bike_age_group,bike_alcohol,bike_alcohol_drugs,bike_direction,bike_injury,bike_position,bike_race,bike_sex,driver_age,driver_age_group,driver_alcohol,driver_alcohol_drugs,driver_est_speed,driver_injury,driver_race,driver_sex,driver_vehicle_type,crash_alcohol,crash_date,crash_day,crash_group,crash_hour,crash_location,crash_month,crash_severity,crash_time,crash_type,crash_year,ambulance_req,hit_run,light_condition,road_character,road_class,road_condition,road_configuration,road_defects,road_feature,road_surface,num_lanes,geo_point
832,Asheville,Buncombe,Mountains,Commercial,Urban (>70% Developed),70,Urban,30 - 35  MPH,No Control Present,Cloudy,No,49,40-49,NA,No,With Traffic,B: Evident Injury,Travel Lane,White,Male,41,40-49,NA,No,16-20 mph,O: No Injury,White,Male,Passenger Car,No,14DEC2014,Sunday,Motorist Overtaking Bicyclist,16,Non-Intersection,December,B: Evident Injury,16:42:00,Motorist Overtaking - Misjudged Space,2014,Yes,No,Daylight,Straight - Grade,US Route,Dry,"Two-Way, Divided, Unprotected Median",None,No Special Feature,Smooth Asphalt,5 lanes,"35.5907818959, -82.5303997627"
852,Raleigh,Wake,Piedmont,Commercial,Urban (>70% Developed),I 40,Urban,20 - 25  MPH,Stop And Go Signal,Clear,No,41,40-49,No,NA,Facing Traffic,C: Possible Injury,Travel Lane,Hispanic,Male,36,30-39,No,NA,0-5 mph,O: No Injury,Black,Female,Sport Utility,No,02JAN2013,Wednesday,Motorist Failed to Yield - Signalized Intersection,19,Intersection,January,C: Possible Injury,19:56:00,Motorist Drive Out - Right Turn on Red,2013,Yes,No,Dark - Lighted Roadway,Straight - Grade,Interstate,Dry,"One-Way, Not Divided",None,On or Off Ramp,Smooth Asphalt,2 lanes,"35.7540870742, -78.6489026109"
860,Charlotte,Mecklenburg,Piedmont,Residential,Mixed (30% To 70% Developed),LAWYERS RD,Urban,40 - 45  MPH,Stop And Go Signal,Clear,No,18,16-19,No,NA,Facing Traffic,B: Evident Injury,Sidewalk / Crosswalk / Driveway Crossing,White,Female,NA,NA,Missing,NA,31-35 mph,Unknown Injury,Unknown/Missing,NA,NA,No,04JAN2013,Friday,Crossing Paths - Other Circumstances,17,Intersection,January,B: Evident Injury,17:52:00,Signalized Intersection - Other / Unknown,2013,No,Yes,Dark - Lighted Roadway,Straight - Level,Local Street,Dry,"Two-Way, Not Divided",None,No Special Feature,Smooth Asphalt,4 lanes,"35.2057968815, -80.7258032057"
868,Raleigh,Wake,Piedmont,Commercial,Urban (>70% Developed),S MCDOWELL ST,Urban,30 - 35  MPH,Stop And Go Signal,Clear,No,20,20-24,No,NA,Facing Traffic,B: Evident Injury,Sidewalk / Crosswalk / Driveway Crossing,Black,Male,27,25-29,No,NA,0-5 mph,O: No Injury,Black,Male,"Single Unit Truck (2-Axle, 6-Tire)",No,14JAN2013,Monday,Bicyclist Failed to Yield - Signalized Intersection,17,Intersection,January,B: Evident Injury,17:36:00,Bicyclist Ride Out - Signalized  Intersection,2013,Yes,No,Dusk,Straight - Level,Local Street,Dry,"One-Way, Not Divided",None,No Special Feature,Smooth Asphalt,3 lanes,"35.7742570783, -78.6420026099"
873,Charlotte,Mecklenburg,Piedmont,Commercial,Urban (>70% Developed),WEMBLEY DRIVE,Urban,20 - 25  MPH,Stop Sign,Clear,No,15,11-15,No,NA,With Traffic,C: Possible Injury,Sidewalk / Crosswalk / Driveway Crossing,Black,Male,64,60-69,No,NA,6-10 mph,O: No Injury,Black,Male,Passenger Car,No,26JAN2013,Saturday,Motorist Failed to Yield - Sign-Controlled Intersection,15,Intersection,January,C: Possible Injury,15:30:00,Motorist Drive Out - Sign-Controlled Intersection,2013,Yes,No,Daylight,Straight - Level,Local Street,Dry,"Two-Way, Not Divided",None,T-Intersection,Smooth Asphalt,2 lanes,"35.2170568816, -80.7919032256"
878,Kinston,Lenoir,Coastal,Commercial,Urban (>70% Developed),PARROTT AVE,Urban,30 - 35  MPH,Stop Sign,Clear,No,14,11-15,No,NA,Facing Traffic,O: No Injury,Sidewalk / Crosswalk / Driveway Crossing,Black,Male,30,30-39,No,NA,0-5 mph,O: No Injury,White,Male,Pickup,No,31JAN2013,Thursday,Backing Vehicle,18,Intersection-Related,January,O: No Injury,18:08:00,Backing Vehicle,2013,No,No,Dark - Lighted Roadway,Straight - Level,Local Street,Dry,"Two-Way, Not Divided",None,T-Intersection,Coarse Asphalt,2 lanes,"35.2834270089, -77.5885022647"
888,Raleigh,Wake,Piedmont,Residential,Urban (>70% Developed),N BOYLAN AVE,Urban,30 - 35  MPH,No Control Present,Clear,No,49,40-49,No,NA,With Traffic,C: Possible Injury,Travel Lane,Black,Male,38,30-39,No,NA,6-10 mph,C: Possible Injury,White,Male,Passenger Car,No,10FEB2013,Sunday,Crossing Paths - Other Circumstances,14,Non-Intersection,February,C: Possible Injury,14:51:00,Crossing Paths - Midblock - Other / Unknown,2013,Yes,No,Daylight,Straight - Grade,Local Street,Dry,"Two-Way, Not Divided",None,No Special Feature,Smooth Asphalt,2 lanes,"35.7881570808, -78.6488026119"
890,Kannapolis,Cabarrus,Piedmont,Commercial,Mixed (30% To 70% Developed),DAKOTA ST,Urban,30 - 35  MPH,Stop Sign,Clear,No,46,40-49,No,NA,With Traffic,B: Evident Injury,Travel Lane,Hispanic,Male,49,40-49,No,NA,11-15 mph,O: No Injury,Black,Female,Passenger Car,No,24JAN2013,Thursday,Motorist Right Turn / Merge,17,Intersection,January,B: Evident Injury,17:21:00,Motorist Right Turn - Same Direction,2013,Yes,No,Dusk,Straight - Level,Local Street,Dry,"Two-Way, Not Divided",None,T-Intersection,Smooth Asphalt,2 lanes,"35.4672169418, -80.6100031855"
894,Charlotte,Mecklenburg,Piedmont,Commercial,Urban (>70% Developed),ALLEGHANY ST,Urban,30 - 35  MPH,Stop And Go Signal,Clear,No,45,40-49,No,NA,With Traffic,C: Possible Injury,Sidewalk / Crosswalk / Driveway Crossing,Black,Male,37,30-39,No,NA,11-15 mph,O: No Injury,Hispanic,Male,Pickup,No,06FEB2013,Wednesday,Motorist Right Turn / Merge,6,Intersection,February,C: Possible Injury,06:56:00,Motorist Right Turn - Same Direction,2013,Yes,No,Dawn,Straight - Level,Local Street,Dry,"Two-Way, Divided, Unprotected Median",None,Four-Way Intersection,Coarse Asphalt,9 or more lanes,"35.2383868827, -80.8973032587"
900,Raleigh,Wake,Piedmont,Institutional,Urban (>70% Developed),HILLSBOROUGH ST,Urban,30 - 35  MPH,No Control Present,Cloudy,No,29,25-29,No,NA,With Traffic,C: Possible Injury,Bike Lane / Paved Shoulder,White,Male,21,20-24,No,NA,21-25 mph,O: No Injury,Other,Female,Passenger Car,No,14FEB2013,Thursday,Motorist Right Turn / Merge,13,Intersection-Related,February,C: Possible Injury,13:35:00,Motorist Right Turn - Same Direction,2013,Yes,No,Daylight,Straight - Level,Local Street,Dry,"Two-Way, Divided, Unprotected Median",None,"Driveway, Public",Coarse Asphalt,3 lanes,"35.7882270799, -78.6698026186"
902,Gastonia,Gaston,Piedmont,Commercial,Urban (>70% Developed),610 COX RD,Urban,NA,No Control Present,Clear,No,23,20-24,No,NA,Facing Traffic,C: Possible Injury,Travel Lane,White,Male,27,25-29,No,NA,0-5 mph,O: No Injury,White,Female,Passenger Car,No,18JAN2013,Friday,Motorist Failed to Yield - Midblock,17,Non-Intersection,January,C: Possible Injury,17:03:00,Motorist Drive Out - Commercial Driveway / Alley,2013,Yes,No,Daylight,Straight - Level,State Secondary Route,Dry,"Two-Way, Not Divided",None,No Special Feature,Smooth Asphalt,5 lanes,"35.2693668807, -81.1341033306"
905,Greenville,Pitt,Coastal,Residential,Urban (>70% Developed),COUNTY HOME RD,Urban,40 - 45  MPH,No Control Present,Clear,No,31,30-39,No,NA,With Traffic,C: Possible Injury,Bike Lane / Paved Shoulder,Black,Male,NA,NA,Missing,NA,36-40 mph,Unknown Injury,Unknown/Missing,NA,NA,No,12FEB2013,Tuesday,Motorist Overtaking Bicyclist,13,Intersection-Related,February,C: Possible Injury,13:19:00,Motorist Overtaking - Misjudged Space,2013,Yes,Yes,Daylight,Straight - Level,Local Street,Dry,"Two-Way, Not Divided",None,No Special Feature,Smooth Asphalt,2 lanes,"35.5606970763, -77.3550022073"
917,Wilmington,New Hanover,Coastal,Commercial,Urban (>70% Developed),PVA CAROLINA BEACH RD,Urban,NA,No Control Present,Clear,No,54,50-59,No,NA,Facing Traffic,C: Possible Injury,Travel Lane,Black,Male,28,25-29,No,NA,NA,O: No Injury,White,Male,Sport Utility,No,10FEB2013,Sunday,Motorist Failed to Yield - Midblock,11,Non-Intersection,February,C: Possible Injury,11:11:00,Motorist Drive Out - Commercial Driveway / Alley,2013,Yes,No,Daylight,Straight - Level,Public Vehicular Area,Dry,"Two-Way, Not Divided",None,"Driveway, Public",Gravel,NA,"34.197336758, -77.9378023171"
921,High Point,Guilford,Piedmont,Commercial,Urban (>70% Developed),N MAIN ST,Urban,NA,No Control Present,Cloudy,No,30,30-39,No,NA,Facing Traffic,C: Possible Injury,Sidewalk / Crosswalk / Driveway Crossing,White,Male,51,50-59,No,NA,NA,O: No Injury,White,Female,Passenger Car,No,13FEB2013,Wednesday,Motorist Failed to Yield - Midblock,13,Non-Intersection,February,C: Possible Injury,13:09:00,Motorist Drive Out - Commercial Driveway / Alley,2013,No,No,Daylight,Straight - Grade,Local Street,Wet,"Two-Way, Not Divided",None,Other,Concrete,5 lanes,"35.9759270719, -80.0192030363"
923,Conover,Catawba,Piedmont,Commercial,Urban (>70% Developed),BOUNDARY ST SW,Urban,30 - 35  MPH,No Control Present,Clear,No,44,40-49,No,NA,With Traffic,C: Possible Injury,Travel Lane,White,Male,NA,NA,Missing,NA,31-35 mph,Unknown Injury,Unknown/Missing,NA,Passenger Car,No,03MAR2013,Sunday,Motorist Overtaking Bicyclist,1,Non-Intersection,March,C: Possible Injury,01:30:00,Motorist Overtaking - Undetected Bicyclist,2013,Yes,Yes,Dark - Roadway Not Lighted,Straight - Level,Local Street,Dry,"Two-Way, Not Divided",None,No Special Feature,Smooth Asphalt,2 lanes,"35.6950669673, -81.2292033834"
925,Greensboro,Guilford,Piedmont,Commercial,Urban (>70% Developed),W LEE ST,Urban,30 - 35  MPH,Stop And Go Signal,Rain,No,53,50-59,No,NA,With Traffic,B: Evident Injury,Travel Lane,White,Male,23,20-24,No,NA,0-5 mph,O: No Injury,Black,Female,Passenger Car,No,22FEB2013,Friday,Motorist Failed to Yield - Signalized Intersection,20,Intersection,February,B: Evident Injury,20:06:00,Motorist Drive Out - Signalized Intersection,2013,Yes,No,Dark - Lighted Roadway,Straight - Grade,Local Street,Wet,"Two-Way, Divided, Unprotected Median",None,Four-Way Intersection,Smooth Asphalt,5 lanes,"36.0645630985, -79.7909429725"
928,Forest City,Rutherford,Mountains,Commercial,Mixed (30% To 70% Developed),OAK ST,Urban,40 - 45  MPH,No Control Present,Clear,No,63,60-69,No,NA,With Traffic,B: Evident Injury,Travel Lane,Black,Male,NA,NA,Missing,NA,NA,Unknown Injury,Unknown/Missing,NA,NA,No,20FEB2013,Wednesday,Motorist Overtaking Bicyclist,18,Intersection-Related,February,B: Evident Injury,18:56:00,Motorist Overtaking - Other / Unknown,2013,Yes,Yes,Dark - Lighted Roadway,Straight - Grade,Local Street,Dry,"Two-Way, Not Divided",None,No Special Feature,Smooth Asphalt,4 lanes,"35.3335868664, -81.8848035574"
949,Whiteville,Columbus,Coastal,Commercial,Urban (>70% Developed),N JK POWELL BLVD,Urban,30 - 35  MPH,No Control Present,Clear,No,65,60-69,No,NA,Facing Traffic,C: Possible Injury,Sidewalk / Crosswalk / Driveway Crossing,Black,Male,23,20-24,No,NA,0-5 mph,O: No Injury,White,Female,Sport Utility,No,15MAR2013,Friday,Motorist Failed to Yield - Midblock,13,Non-Intersection,March,C: Possible Injury,13:53:00,Motorist Drive Out - Commercial Driveway / Alley,2013,Yes,No,Daylight,Straight - Level,Local Street,Dry,"Two-Way, Not Divided",None,No Special Feature,Coarse Asphalt,2 lanes,"34.3296367623, -78.7077025558"
950,Durham,Durham,Piedmont,Residential,Urban (>70% Developed),BERWYN AVE,Urban,30 - 35  MPH,No Control Present,Clear,No,8,6-10,No,NA,NA,O: No Injury,NA,Hispanic,Male,66,60-69,No,NA,36-40 mph,O: No Injury,Black,Female,Passenger Car,No,16MAR2013,Saturday,Bicyclist Failed to Yield - Midblock,12,Non-Intersection,March,O: No Injury,12:30:00,Bicyclist Ride Out - Other Midblock,2013,No,No,Daylight,Straight - Level,Local Street,Dry,"Two-Way, Not Divided",None,No Special Feature,Smooth Asphalt,2 lanes,"36.0337971252, -78.8819026965"
952,None - Rural Crash,Union,Piedmont,Residential,Mixed (30% To 70% Developed),SR 1316,Rural,40 - 45  MPH,No Control Present,Clear,No,54,50-59,No,NA,With Traffic,O: No Injury,Travel Lane,White,Male,31,30-39,No,NA,41-45 mph,O: No Injury,White,Female,Sport Utility,No,16MAR2013,Saturday,Motorist Overtaking Bicyclist,10,Non-Intersection,March,O: No Injury,10:30:00,Motorist Overtaking - Other / Unknown,2013,No,No,Daylight,Straight - Level,State Secondary Route,Dry,"Two-Way, Divided, Unprotected Median",None,No Special Feature,Smooth Asphalt,4 lanes,"35.0121168389, -80.7743032098"
957,None - Rural Crash,Robeson,Coastal,Commercial,Rural (<30% Developed),SR 1340,Rural,30 - 35  MPH,Yield Sign,Cloudy,No,24,20-24,No,NA,Not Applicable,O: No Injury,Sidewalk / Crosswalk / Driveway Crossing,White,Male,43,40-49,No,NA,31-35 mph,O: No Injury,Native American,Female,Passenger Car,No,19MAR2013,Tuesday,Crossing Paths - Other Circumstances,8,Non-Intersection,March,O: No Injury,08:15:00,Crossing Paths - Midblock - Other / Unknown,2013,No,No,Daylight,Straight - Level,State Secondary Route,Dry,"Two-Way, Not Divided",None,No Special Feature,Coarse Asphalt,5 lanes,"34.6856568234, -79.1993027211"
959,None - Rural Crash,Scotland,Coastal,Commercial,Mixed (30% To 70% Developed),NC 71,Rural,50 - 55  MPH,"Double Yellow Line, No Passing Zone",Cloudy,No,56,50-59,No,NA,With Traffic,K: Killed,Travel Lane,Native American,Male,65,60-69,No,NA,51-55 mph,O: No Injury,Native American,Male,Passenger Car,No,17MAR2013,Sunday,Motorist Overtaking Bicyclist,11,Non-Intersection,March,K: Killed,11:35:00,Motorist Overtaking - Other / Unknown,2013,Yes,No,Daylight,Curve - Level,NC Route,Dry,"Two-Way, Not Divided",None,No Special Feature,Smooth Asphalt,2 lanes,"34.7709568376, -79.3354027669"
961,None - Rural Crash,Hoke,Coastal,Residential,Urban (>70% Developed),SR 1334,Rural,20 - 25  MPH,No Control Present,Clear,No,9,6-10,No,NA,Not Applicable,B: Evident Injury,Driveway / Alley,Black,Female,40,40-49,No,NA,16-20 mph,O: No Injury,Other,Male,Passenger Car,No,19MAR2013,Tuesday,Bicyclist Failed to Yield - Midblock,18,Non-Intersection,March,B: Evident Injury,18:45:00,Bicyclist Ride Out - Residential Driveway,2013,Yes,No,Daylight,Straight - Level,State Secondary Route,Dry,"Two-Way, Not Divided",None,"Driveway, Private",Coarse Asphalt,2 lanes,"35.0490269055, -79.121902717"
965,Raleigh,Wake,Piedmont,Residential,Urban (>70% Developed),HILLSBOROUGH ST,Urban,30 - 35  MPH,No Control Present,Clear,No,30,30-39,No,NA,With Traffic,O: No Injury,Bike Lane / Paved Shoulder,White,Male,26,25-29,No,NA,6-10 mph,O: No Injury,Black,Male,Sport Utility,No,22MAR2013,Friday,Motorist Left Turn / Merge,10,Intersection,March,O: No Injury,10:24:00,Motorist Left Turn - Opposite Direction,2013,No,No,Daylight,Straight - Level,Local Street,Dry,"Two-Way, Not Divided",None,Four-Way Intersection,Smooth Asphalt,3 lanes,"35.7854470799, -78.6605026154"
968,Rocky Mount,Nash,Coastal,Commercial,Urban (>70% Developed),PVA W RALEIGH BLVD,Urban,20 - 25  MPH,No Control Present,Clear,No,22,20-24,No,NA,Not Applicable,C: Possible Injury,Non-Roadway,Black,Male,24,20-24,No,NA,0-5 mph,O: No Injury,Black,Male,Police,No,30MAR2013,Saturday,Non-Roadway,19,Non-Roadway,March,C: Possible Injury,19:37:00,Non-Roadway,2013,Yes,No,Dusk,Straight - Level,Public Vehicular Area,Dry,"Two-Way, Not Divided",None,"Driveway, Public",Coarse Asphalt,2 lanes,"35.9338171417, -77.8095023648"
978,Greenville,Pitt,Coastal,Residential,Urban (>70% Developed),LINE AV,Urban,30 - 35  MPH,Stop And Go Signal,Clear,No,54,50-59,Yes,NA,With Traffic,B: Evident Injury,Travel Lane,Black,Male,25,25-29,No,NA,31-35 mph,O: No Injury,Black,Male,Passenger Car,Yes,07APR2013,Sunday,Bicyclist Failed to Yield - Signalized Intersection,21,Intersection,April,B: Evident Injury,21:19:00,Bicyclist Ride Through - Signalized Intersection,2013,Yes,No,Dark - Lighted Roadway,Straight - Level,Local Street,Dry,"Two-Way, Not Divided",None,No Special Feature,Coarse Asphalt,3 lanes,"35.608127086, -77.39100222"
982,None - Rural Crash,Jones,Coastal,"Farms, Woods, Pastures",Rural (<30% Developed),NC 41,Rural,40 - 45  MPH,No Control Present,Clear,No,46,40-49,No,NA,With Traffic,K: Killed,Travel Lane,Black,Male,21,20-24,No,NA,41-45 mph,O: No Injury,Black,Male,Passenger Car,No,02APR2013,Tuesday,Motorist Overtaking Bicyclist,20,Non-Intersection,April,K: Killed,20:48:00,Motorist Overtaking - Other / Unknown,2013,Yes,No,Dark - Roadway Not Lighted,Straight - Level,NC Route,Dry,"Two-Way, Not Divided",None,No Special Feature,Smooth Asphalt,2 lanes,"35.0721169704, -77.3495021812"
983,Kinston,Lenoir,Coastal,Residential,Urban (>70% Developed),CAREY RD,Urban,30 - 35  MPH,Stop Sign,Clear,No,17,16-19,No,NA,Facing Traffic,C: Possible Injury,Travel Lane,Black,Male,61,60-69,No,NA,26-30 mph,O: No Injury,White,Male,Pickup,No,10APR2013,Wednesday,Bicyclist Failed to Yield - Sign-Controlled Intersection,12,Intersection,April,C: Possible Injury,12:55:00,Bicyclist Ride Out - Sign-Controlled Intersection,2013,Yes,No,Daylight,Straight - Level,Local Street,Dry,"Two-Way, Not Divided",None,Four-Way Intersection,Coarse Asphalt,2 lanes,"35.2690270048, -77.5953022661"
986,Claremont,Catawba,Piedmont,Commercial,Urban (>70% Developed),NORTH OXFORD STREET,Rural,30 - 35  MPH,No Control Present,Cloudy,No,54,50-59,No,NA,With Traffic,B: Evident Injury,Travel Lane,White,Male,26,25-29,No,NA,26-30 mph,O: No Injury,White,Female,Sport Utility,No,11APR2013,Thursday,Motorist Overtaking Bicyclist,19,Non-Intersection,April,B: Evident Injury,19:05:00,Motorist Overtaking - Other / Unknown,2013,Yes,No,Daylight,Straight - Grade,Local Street,Dry,"Two-Way, Not Divided",None,No Special Feature,Smooth Asphalt,2 lanes,"35.7203269753, -81.1562033624"
987,Durham,Durham,Piedmont,Residential,Urban (>70% Developed),PLUM ST,Urban,NA,Stop Sign,Clear,No,51,50-59,Yes,NA,With Traffic,B: Evident Injury,Sidewalk / Crosswalk / Driveway Crossing,Black,Male,NA,NA,Missing,NA,NA,Unknown Injury,Unknown/Missing,NA,NA,Yes,12APR2013,Friday,Bicyclist Failed to Yield - Sign-Controlled Intersection,20,Intersection,April,B: Evident Injury,20:00:00,Bicyclist Ride Through - Sign-Controlled Intersection,2013,Yes,Yes,Dark - Lighted Roadway,Straight - Bottom,Local Street,Dry,"Two-Way, Not Divided",None,No Special Feature,Smooth Asphalt,2 lanes,"35.9739071125, -78.8866026943"
992,None - Rural Crash,New Hanover,Coastal,Residential,Mixed (30% To 70% Developed),SR 2078,Rural,30 - 35  MPH,No Control Present,Clear,No,17,16-19,No,NA,Not Applicable,B: Evident Injury,Driveway / Alley,White,Female,61,60-69,No,NA,16-20 mph,O: No Injury,White,Male,Pickup,No,10APR2013,Wednesday,Bicyclist Failed to Yield - Midblock,16,Non-Intersection,April,B: Evident Injury,16:27:00,Bicyclist Ride Out - Residential Driveway,2013,Yes,No,Daylight,Straight - Level,State Secondary Route,Dry,"Two-Way, Not Divided",None,"Driveway, Private",Coarse Asphalt,2 lanes,"34.2800167784, -77.871802302"
4002,Charlotte,Mecklenburg,Piedmont,Commercial,Urban (>70% Developed),NA,Urban,30 - 35  MPH,Stop And Go Signal,Clear,No,38,30-39,No,NA,Facing Traffic,B: Evident Injury,Sidewalk / Crosswalk / Driveway Crossing,White,Male,63,60-69,No,NA,6-10 mph,O: No Injury,White,Male,Passenger Car,No,27MAY2010,Thursday,Motorist Failed to Yield - Signalized Intersection,12,Intersection,May,B: Evident Injury,12:46:00,Motorist Drive Out - Right Turn on Red,2010,Yes,No,Daylight,Straight - Grade,Local Street,Dry,"Two-Way, Not Divided",None,Four-Way Intersection,Smooth Asphalt,3 lanes,"35.1687468693, -80.8506132414"
4011,None - Rural Crash,Bertie,Coastal,"Farms, Woods, Pastures",Rural (<30% Developed),NA,Rural,50 - 55  MPH,"Double Yellow Line, No Passing Zone",Clear,No,10,6-10,No,NA,Not Applicable,B: Evident Injury,Driveway / Alley,Black,Male,70+,70+,No,NA,51-55 mph,O: No Injury,Black,Male,Passenger Car,No,14JUN2010,Monday,Bicyclist Failed to Yield - Midblock,12,Non-Intersection,June,B: Evident Injury,12:07:00,Bicyclist Ride Out - Residential Driveway,2010,Yes,No,Daylight,Curve - Level,State Secondary Route,Dry,"Two-Way, Not Divided",None,"Driveway, Private",Coarse Asphalt,2 lanes,"36.2178072354, -76.8574420881"
4017,Asheboro,Randolph,Piedmont,Commercial,Urban (>70% Developed),NA,Urban,40 - 45  MPH,Stop And Go Signal,Clear,No,21,20-24,No,NA,With Traffic,C: Possible Injury,Travel Lane,White,Male,58,50-59,No,NA,11-15 mph,O: No Injury,White,Female,"Light Truck (Mini-Van, Panel)",No,01JUN2010,Tuesday,Bicyclist Failed to Yield - Signalized Intersection,15,Intersection,June,C: Possible Injury,15:22:00,Bicyclist Ride Through - Signalized Intersection,2010,Yes,No,Daylight,Straight - Grade,US Route,Dry,"Two-Way, Not Divided",None,Four-Way Intersection,Smooth Asphalt,5 lanes,"35.6912720189, -79.8018929548"
4018,High Point,Guilford,Piedmont,Commercial,Urban (>70% Developed),NA,Urban,30 - 35  MPH,No Control Present,Clear,No,18,16-19,No,NA,Facing Traffic,B: Evident Injury,Travel Lane,White,Male,34,30-39,No,NA,21-25 mph,O: No Injury,White,Male,Passenger Car,No,01JUN2010,Tuesday,Bicyclist Right Turn / Merge,16,Intersection,June,B: Evident Injury,16:34:00,Bicyclist Right Turn - Same Direction,2010,Yes,No,Daylight,Straight - Bottom,Local Street,Dry,"Two-Way, Not Divided",None,No Special Feature,Coarse Asphalt,4 lanes,"35.945367065, -80.0140130326"
4020,None - Rural Crash,Dare,Coastal,Commercial,Urban (>70% Developed),NA,Rural,30 - 35  MPH,"Double Yellow Line, No Passing Zone",Clear,No,8,6-10,No,NA,Not Applicable,C: Possible Injury,Non-Roadway,White,Female,64,60-69,No,NA,31-35 mph,O: No Injury,White,Male,Sport Utility,No,21JUN2010,Monday,Bicyclist Failed to Yield - Midblock,14,Non-Intersection,June,C: Possible Injury,14:45:00,Bicyclist Ride Out - Commercial Driveway / Alley,2010,Yes,No,Daylight,Straight - Level,NC Route,Dry,"Two-Way, Not Divided",None,"Driveway, Public",Smooth Asphalt,2 lanes,"35.5797421424, -75.46716163"
4026,High Point,Guilford,Piedmont,Institutional,Urban (>70% Developed),NA,Urban,40 - 45  MPH,Stop And Go Signal,Clear,No,33,30-39,No,NA,Not Applicable,B: Evident Injury,Sidewalk / Crosswalk / Driveway Crossing,Black,Male,70+,70+,No,NA,NA,O: No Injury,White,Male,Pickup,No,09JUN2010,Wednesday,Backing Vehicle,14,Intersection,June,B: Evident Injury,14:35:00,Backing Vehicle,2010,No,No,Daylight,Straight - Level,Local Street,Dry,"Two-Way, Divided, Positive Median Barrier",None,Related To Intersection,Smooth Asphalt,4 lanes,"35.9793540735, -79.9962530299"
4029,Charlotte,Mecklenburg,Piedmont,Commercial,Urban (>70% Developed),NA,Urban,5 - 15 MPH,Stop And Go Signal,Clear,No,18,16-19,No,NA,NA,C: Possible Injury,Sidewalk / Crosswalk / Driveway Crossing,White,Female,30,30-39,No,NA,0-5 mph,O: No Injury,White,Female,Sport Utility,No,15JUN2010,Tuesday,Crossing Paths - Other Circumstances,13,Intersection,June,C: Possible Injury,13:23:00,Signalized Intersection - Other / Unknown,2010,Yes,No,Daylight,Straight - Level,Local Street,Dry,"Two-Way, Not Divided",None,No Special Feature,Smooth Asphalt,5 lanes,"35.1720118702, -80.8512732411"
4035,Greensboro,Guilford,Piedmont,Residential,Urban (>70% Developed),NA,Urban,30 - 35  MPH,Stop Sign,Clear,No,31,30-39,No,NA,Facing Traffic,C: Possible Injury,Travel Lane,White,Female,48,40-49,No,NA,0-5 mph,O: No Injury,Black,Male,Passenger Car,No,07JUN2010,Monday,Motorist Failed to Yield - Sign-Controlled Intersection,17,Intersection,June,C: Possible Injury,17:08:00,Motorist Drive Out - Sign-Controlled Intersection,2010,Yes,No,Daylight,Straight - Level,Local Street,Dry,"Two-Way, Divided, Positive Median Barrier",None,No Special Feature,Smooth Asphalt,5 lanes,"36.0897101027, -79.8272429853"
4040,Durham,Durham,Piedmont,Residential,Urban (>70% Developed),NA,Urban,20 - 25  MPH,No Control Present,Cloudy,No,18,16-19,No,NA,With Traffic,C: Possible Injury,Sidewalk / Crosswalk / Driveway Crossing,Black,Male,25,25-29,No,NA,11-15 mph,O: No Injury,White,Male,Passenger Car,No,23JUN2010,Wednesday,Crossing Paths - Other Circumstances,17,Intersection,June,C: Possible Injury,17:37:00,Crossing Paths - Intersection - Other / Unknown,2010,Yes,No,Daylight,Straight - Level,Local Street,Wet,"One-Way, Not Divided",None,No Special Feature,Smooth Asphalt,4 lanes,"36.0121911195, -78.9056627016"
4043,Charlotte,Mecklenburg,Piedmont,Commercial,Urban (>70% Developed),NA,Urban,40 - 45  MPH,Stop And Go Signal,Clear,No,40,40-49,No,NA,With Traffic,O: No Injury,Travel Lane,White,Male,NA,NA,Missing,NA,6-10 mph,Unknown Injury,Unknown/Missing,NA,NA,No,06JUN2010,Sunday,Other / Unusual Circumstances,11,Intersection,June,O: No Injury,11:31:00,Motorist Intentionally Caused,2010,No,Yes,Daylight,Straight - Level,Local Street,Dry,"Two-Way, Divided, Positive Median Barrier",None,Four-Way Intersection,Smooth Asphalt,2 lanes,"35.0875498536, -80.8117782254"
4044,None - Rural Crash,Robeson,Coastal,"Farms, Woods, Pastures",Rural (<30% Developed),NA,Rural,50 - 55  MPH,No Control Present,Clear,No,52,50-59,No,NA,With Traffic,O: No Injury,Bike Lane / Paved Shoulder,White,Male,16,0-19,No,NA,51-55 mph,O: No Injury,White,Male,Passenger Car,No,06JUN2010,Sunday,Parallel Paths - Other Circumstances,14,Non-Intersection,June,C: Possible Injury,14:51:00,Parallel Paths - Other / Unknown,2010,Yes,No,Daylight,Straight - Level,NC Route,Dry,"Two-Way, Not Divided",None,No Special Feature,Coarse Asphalt,2 lanes,"34.8842538708, -79.079462695"
4046,Charlotte,Mecklenburg,Piedmont,Residential,Urban (>70% Developed),NA,Urban,NA,No Control Present,Clear,No,22,20-24,No,NA,Facing Traffic,B: Evident Injury,Sidewalk / Crosswalk / Driveway Crossing,White,Female,41,40-49,No,NA,0-5 mph,O: No Injury,White,Female,Sport Utility,No,07JUN2010,Monday,Motorist Failed to Yield - Midblock,10,Non-Intersection,June,B: Evident Injury,10:09:00,Motorist Drive Out - Residential Driveway,2010,Yes,No,Daylight,Straight - Level,NA,Dry,"Two-Way, Not Divided",Non-Highway Work,Other,Concrete,NA,"35.1664268704, -80.8033932272"