object_id,city,county,region,development,locality,on_road,rural_urban,speed_limit,traffic_control,weather,workzone,bike_age,bike_age_group,bike_alcohol,bike_alcohol_drugs,bike_direction,bike_injury,bike_position,bike_race,bike_sex,driver_age,driver_age_group,driver_alcohol,driver_alcohol_drugs,driver_est_speed,driver_injury,driver_race,driver_sex,driver_vehicle_type,crash_alcohol,crash_date,crash_day,crash_group,crash_hour,crash_location,crash_month,crash_severity,crash_time,crash_type,crash_year,ambulance_req,hit_run,light_condition,road_character,road_class,road_condition,road_configuration,road_defects,road_feature,road_surface,num_lanes,geo_point
6188,Edenton,Chowan,Coastal,Residential,Rural (<30% Developed),NA,Urban,30 - 35  MPH,Stop Sign,Clear,No,62,60-69,No,NA,With Traffic,C: Possible Injury,Travel Lane,Unknown/Missing,Male,63,60-69,No,NA,11-15 mph,O: No Injury,White,Female,Passenger Car,No,21SEP2008,Sunday,Motorist Left Turn / Merge,7,Intersection,September,C: Possible Injury,07:40:00,Motorist Left Turn - Opposite Direction,2008,Yes,No,Dawn,Straight - Level,Local Street,Dry,"Two-Way, Not Divided",None,No Special Feature,Coarse Asphalt,4 lanes,"36.0699232114, -76.6057020036"
6190,None - Rural Crash,Rowan,Piedmont,"Farms, Woods, Pastures",Rural (<30% Developed),NA,Rural,NA,"Double Yellow Line, No Passing Zone",Rain,No,19,16-19,No,NA,With Traffic,O: No Injury,Travel Lane,White,Male,24,20-24,No,NA,NA,C: Possible Injury,White,Male,Pedalcycle,No,26SEP2008,Friday,Motorist Overtaking Bicyclist,23,Non-Intersection,September,C: Possible Injury,23:11:00,Motorist Overtaking - Other / Unknown,2008,Yes,No,Dark - Roadway Not Lighted,Straight - Level,US Route,Wet,"Two-Way, Not Divided",None,No Special Feature,Smooth Asphalt,2 lanes,"35.7247270009, -80.5001781672"
6197,Roxboro,Person,Piedmont,Commercial,Urban (>70% Developed),NA,Urban,30 - 35  MPH,Stop Sign,Clear,No,59,50-59,No,NA,With Traffic,C: Possible Injury,Travel Lane,Black,Male,46,40-49,No,NA,31-35 mph,O: No Injury,Unknown/Missing,Female,Pickup,No,03SEP2008,Wednesday,Bicyclist Failed to Yield - Sign-Controlled Intersection,10,Intersection,September,C: Possible Injury,10:37:00,Bicyclist Ride Through - Sign-Controlled Intersection,2008,No,No,Daylight,Straight - Grade,Local Street,Dry,"Two-Way, Not Divided",None,Four-Way Intersection,Coarse Asphalt,5 lanes,"36.3998831988, -78.9815327462"
6199,Belmont,Gaston,Piedmont,Residential,Urban (>70% Developed),NA,Urban,30 - 35  MPH,Stop Sign,Clear,No,21,20-24,No,NA,With Traffic,Unknown Injury,Travel Lane,White,Male,32,30-39,No,NA,31-35 mph,O: No Injury,White,Female,Passenger Car,No,27SEP2008,Saturday,Bicyclist Failed to Yield - Sign-Controlled Intersection,16,Intersection,September,O: No Injury,16:45:00,Bicyclist Ride Through - Sign-Controlled Intersection,2008,Yes,No,Daylight,Straight - Level,Local Street,Dry,"Two-Way, Not Divided",None,Related To Intersection,Smooth Asphalt,2 lanes,"35.232266876, -81.039403301"
6219,Charlotte,Mecklenburg,Piedmont,Residential,Mixed (30% To 70% Developed),NA,Urban,30 - 35  MPH,Stop Sign,Clear,No,22,20-24,No,NA,Facing Traffic,O: No Injury,Sidewalk / Crosswalk / Driveway Crossing,Hispanic,Male,47,40-49,No,NA,0-5 mph,O: No Injury,Other,Female,Passenger Car,No,14OCT2008,Tuesday,Motorist Failed to Yield - Sign-Controlled Intersection,7,Intersection,October,O: No Injury,07:18:00,Motorist Drive Out - Sign-Controlled Intersection,2008,Yes,No,Dawn,Straight - Grade,Local Street,Dry,"Two-Way, Not Divided",None,T-Intersection,Smooth Asphalt,1 lane,"35.2139008828, -80.7558332156"
6220,Morehead City,Carteret,Coastal,Residential,Urban (>70% Developed),NA,Urban,20 - 25  MPH,Stop Sign,Clear,No,42,40-49,No,NA,Facing Traffic,C: Possible Injury,Sidewalk / Crosswalk / Driveway Crossing,White,Female,17,0-19,No,NA,21-25 mph,O: No Injury,White,Male,Passenger Car,No,30SEP2008,Tuesday,Motorist Failed to Yield - Sign-Controlled Intersection,16,Intersection,September,C: Possible Injury,16:12:00,Motorist Drive Out - Sign-Controlled Intersection,2008,Yes,No,Daylight,Straight - Level,Local Street,Dry,"Two-Way, Divided, Unprotected Median",None,Four-Way Intersection,Smooth Asphalt,3 lanes,"34.723799914, -76.7310959762"
6223,Chapel Hill,Orange,Piedmont,Residential,Urban (>70% Developed),NA,Urban,20 - 25  MPH,No Control Present,Clear,No,20,20-24,No,NA,With Traffic,C: Possible Injury,NA,White,Male,22,20-24,Yes,NA,0-5 mph,O: No Injury,White,Male,Sport Utility,Yes,05OCT2008,Sunday,Motorist Failed to Yield - Midblock,9,Non-Intersection,October,C: Possible Injury,09:54:00,Motorist Drive Out - Commercial Driveway / Alley,2008,Yes,No,Daylight,Straight - Level,Public Vehicular Area,Dry,"Two-Way, Not Divided",None,"Driveway, Public",Smooth Asphalt,2 lanes,"35.9121320931, -79.062517744"
6225,Kings Mountain,Cleveland,Mountains,Residential,Mixed (30% To 70% Developed),NA,Urban,30 - 35  MPH,Stop And Go Signal,Clear,No,13,11-15,No,NA,NA,O: No Injury,NA,White,Female,NA,NA,Missing,NA,NA,Unknown Injury,Unknown/Missing,NA,NA,No,28SEP2008,Sunday,Other / Unknown - Insufficient Details,9,Unknown Location,September,O: No Injury,09:23:00,Unknown Location,2008,No,Yes,Daylight,Straight - Level,Local Street,Dry,"Two-Way, Divided, Unprotected Median",None,Four-Way Intersection,Smooth Asphalt,4 lanes,"35.240954867, -81.3468533921"
6226,Winston-Salem,Forsyth,Piedmont,Commercial,Urban (>70% Developed),NA,Urban,30 - 35  MPH,Stop And Go Signal,Clear,No,11,11-15,No,NA,With Traffic,B: Evident Injury,Sidewalk / Crosswalk / Driveway Crossing,White,Male,47,40-49,No,NA,31-35 mph,O: No Injury,White,Male,Pickup,No,03OCT2008,Friday,Crossing Paths - Other Circumstances,18,Intersection,October,B: Evident Injury,18:28:00,Signalized Intersection - Other / Unknown,2008,Yes,No,Daylight,Straight - Level,Local Street,Dry,"Two-Way, Divided, Unprotected Median",None,Four-Way Intersection,Smooth Asphalt,4 lanes,"36.0912240857, -80.2823531223"
6227,Winston-Salem,Forsyth,Piedmont,Commercial,Urban (>70% Developed),NA,Urban,30 - 35  MPH,Yield Sign,Cloudy,No,27,25-29,No,NA,With Traffic,B: Evident Injury,Travel Lane,White,Male,NA,NA,Missing,NA,0-5 mph,Unknown Injury,Unknown/Missing,NA,NA,No,08OCT2008,Wednesday,Motorist Failed to Yield - Sign-Controlled Intersection,6,Intersection,October,B: Evident Injury,06:15:00,Motorist Drive Out - Sign-Controlled Intersection,2008,No,Yes,Dark - Lighted Roadway,Straight - Grade,Public Vehicular Area,Dry,"Two-Way, Not Divided",None,Related To Intersection,Smooth Asphalt,3 lanes,"36.0900340865, -80.2739231192"
6231,None - Rural Crash,Rowan,Piedmont,Residential,Urban (>70% Developed),NA,Rural,50 - 55  MPH,No Control Present,Clear,No,9,6-10,No,NA,With Traffic,C: Possible Injury,Bike Lane / Paved Shoulder,White,Male,53,50-59,No,NA,51-55 mph,O: No Injury,White,Male,Passenger Car,No,16OCT2008,Thursday,Bicyclist Left Turn / Merge,16,Non-Intersection,October,C: Possible Injury,16:15:00,Bicyclist Left Turn - Same Direction,2008,Yes,No,Daylight,Straight - Level,State Secondary Route,Dry,"Two-Way, Not Divided",None,No Special Feature,Smooth Asphalt,2 lanes,"35.732963001, -80.5455131803"
6236,Jacksonville,Onslow,Coastal,Residential,Urban (>70% Developed),NA,Urban,30 - 35  MPH,Stop And Go Signal,Clear,No,20,20-24,No,NA,Facing Traffic,B: Evident Injury,Sidewalk / Crosswalk / Driveway Crossing,Hispanic,Male,55,50-59,No,NA,0-5 mph,O: No Injury,White,Male,"Light Truck (Mini-Van, Panel)",No,08OCT2008,Wednesday,Crossing Paths - Other Circumstances,19,Intersection,October,B: Evident Injury,19:42:00,Signalized Intersection - Other / Unknown,2008,Yes,No,Dark - Lighted Roadway,Straight - Level,Local Street,Dry,"Two-Way, Not Divided",None,Four-Way Intersection,Smooth Asphalt,2 lanes,"34.7772899026, -77.4269581903"
6240,Charlotte,Mecklenburg,Piedmont,Commercial,Urban (>70% Developed),NA,Urban,40 - 45  MPH,No Control Present,Clear,No,56,50-59,No,NA,With Traffic,B: Evident Injury,Travel Lane,White,Male,NA,NA,Missing,NA,41-45 mph,Unknown Injury,Unknown/Missing,NA,Pickup,No,21OCT2008,Tuesday,Motorist Overtaking Bicyclist,23,Non-Intersection,October,B: Evident Injury,23:18:00,Motorist Overtaking - Other / Unknown,2008,No,Yes,Dark - Lighted Roadway,Straight - Level,Local Street,Dry,"Two-Way, Not Divided",None,No Special Feature,Smooth Asphalt,3 lanes,"35.1729228674, -80.9267682642"
6249,Hickory,Catawba,Piedmont,Residential,Urban (>70% Developed),NA,Urban,30 - 35  MPH,Stop And Go Signal,Rain,No,44,40-49,No,NA,With Traffic,C: Possible Injury,Bike Lane / Paved Shoulder,White,Female,33,30-39,No,NA,31-35 mph,O: No Injury,Black,Male,Police,No,17OCT2008,Friday,Motorist Left Turn / Merge,6,Intersection,October,C: Possible Injury,06:37:00,Motorist Left Turn - Opposite Direction,2008,No,No,Dark - Lighted Roadway,Straight - Grade,Local Street,Wet,"Two-Way, Not Divided",None,No Special Feature,Smooth Asphalt,3 lanes,"35.7489239737, -81.3480534218"
6256,Wilmington,New Hanover,Coastal,Commercial,Urban (>70% Developed),NA,Urban,40 - 45  MPH,Missing,Clear,No,62,60-69,No,NA,With Traffic,K: Killed,Travel Lane,White,Male,49,40-49,No,NA,31-35 mph,O: No Injury,White,Female,Passenger Car,No,16OCT2008,Thursday,Motorist Right Turn / Merge,9,Non-Intersection,October,K: Killed,09:22:00,Motorist Right Turn - Same Direction,2008,Yes,No,Daylight,Straight - Level,Local Street,Dry,"Two-Way, Divided, Unprotected Median",None,No Special Feature,Smooth Asphalt,NA,"34.2269767686, -77.8280822858"
6272,Norwood,Stanly,Piedmont,Residential,Mixed (30% To 70% Developed),NA,Rural,30 - 35  MPH,Stop Sign,Clear,No,51,50-59,No,NA,With Traffic,B: Evident Injury,Travel Lane,Black,Female,36,30-39,No,NA,31-35 mph,O: No Injury,White,Male,Unknown Heavy Truck,No,18SEP2008,Thursday,Bicyclist Failed to Yield - Sign-Controlled Intersection,1,Intersection,September,B: Evident Injury,01:09:00,Bicyclist Ride Out - Sign-Controlled Intersection,2008,Yes,No,Dark - Lighted Roadway,Straight - Grade,Local Street,Dry,"Two-Way, Not Divided",None,T-Intersection,Coarse Asphalt,3 lanes,"35.2295409087, -80.1290630281"
6283,Cary,Wake,Piedmont,Residential,Urban (>70% Developed),NA,Urban,5 - 15 MPH,No Control Present,Clear,No,10,6-10,No,NA,Not Applicable,B: Evident Injury,Non-Roadway,Other,Male,NA,NA,Missing,NA,11-15 mph,Unknown Injury,Unknown/Missing,NA,Pickup,No,01NOV2008,Saturday,Non-Roadway,16,Non-Roadway,November,B: Evident Injury,16:50:00,Non-Roadway,2008,Yes,Yes,Daylight,Straight - Level,Public Vehicular Area,Dry,"Two-Way, Not Divided",None,"Driveway, Public",Smooth Asphalt,NA,"35.7656550725, -78.7474086408"
6286,None - Rural Crash,Nash,Coastal,Residential,Rural (<30% Developed),NA,Rural,40 - 45  MPH,Missing,Clear,No,41,40-49,Yes,NA,With Traffic,C: Possible Injury,Travel Lane,Black,Male,19,0-19,No,NA,0-5 mph,O: No Injury,White,Female,Passenger Car,Yes,23OCT2008,Thursday,Motorist Failed to Yield - Midblock,20,Non-Intersection,October,C: Possible Injury,20:30:00,Motorist Drive Out - Residential Driveway,2008,Yes,No,Dark - Roadway Not Lighted,Straight - Level,State Secondary Route,Dry,"Two-Way, Not Divided",None,"Driveway, Private",Coarse Asphalt,2 lanes,"36.0496671607, -77.9824624239"
6288,Trinity,Randolph,Piedmont,Commercial,Mixed (30% To 70% Developed),NA,Urban,40 - 45  MPH,Stop And Go Signal,Clear,No,36,30-39,No,NA,With Traffic,B: Evident Injury,Travel Lane,White,Male,40,40-49,No,NA,41-45 mph,O: No Injury,White,Male,Pickup,No,07OCT2008,Tuesday,Loss of Control / Turning Error,13,Non-Intersection,October,B: Evident Injury,13:11:00,Bicyclist Lost Control - Other / Unknown,2008,No,No,Daylight,Straight - Level,NC Route,Dry,"Two-Way, Not Divided",None,Four-Way Intersection,Smooth Asphalt,2 lanes,"35.8810720522, -80.004083026"
6291,None - Rural Crash,Carteret,Coastal,Residential,Mixed (30% To 70% Developed),NA,Rural,40 - 45  MPH,Stop Sign,Clear,No,68,60-69,No,NA,With Traffic,C: Possible Injury,Travel Lane,White,Male,NA,NA,Missing,NA,26-30 mph,Unknown Injury,Unknown/Missing,NA,Van,No,06NOV2008,Thursday,Motorist Overtaking Bicyclist,18,Intersection,November,C: Possible Injury,18:55:00,Motorist Overtaking - Misjudged Space,2008,Yes,Yes,Daylight,Straight - Level,State Secondary Route,Dry,"Two-Way, Not Divided",None,T-Intersection,Coarse Asphalt,2 lanes,"34.737784922, -76.5578119236"
6292,Atlantic Beach,Carteret,Coastal,Residential,Urban (>70% Developed),NA,Rural,40 - 45  MPH,Missing,Clear,No,65,60-69,No,NA,With Traffic,A: Disabling Injury,Travel Lane,White,Male,60,60-69,No,NA,41-45 mph,O: No Injury,White,Female,Passenger Car,No,21OCT2008,Tuesday,Motorist Overtaking Bicyclist,13,Non-Intersection,October,A: Disabling Injury,13:43:00,Motorist Overtaking - Bicyclist Swerved,2008,No,No,Daylight,NA,Local Street,Dry,NA,None,No Special Feature,NA,NA,"34.7011829085, -76.7492419811"
6296,High Point,Guilford,Piedmont,Residential,Urban (>70% Developed),NA,Urban,30 - 35  MPH,Stop Sign,Clear,No,20,20-24,No,NA,With Traffic,B: Evident Injury,Travel Lane,Black,Male,39,30-39,No,NA,16-20 mph,O: No Injury,White,Female,Van,No,22OCT2008,Wednesday,Bicyclist Failed to Yield - Sign-Controlled Intersection,17,Intersection,October,B: Evident Injury,17:19:00,Bicyclist Ride Through - Sign-Controlled Intersection,2008,Yes,No,Daylight,Straight - Grade,Local Street,Dry,"Two-Way, Not Divided",None,T-Intersection,Smooth Asphalt,2 lanes,"35.9412870646, -80.0010790285"
6300,Wilmington,New Hanover,Coastal,Commercial,Urban (>70% Developed),NA,Urban,20 - 25  MPH,Stop And Go Signal,Clear,No,27,25-29,No,NA,With Traffic,C: Possible Injury,Travel Lane,White,Male,70+,70+,No,NA,16-20 mph,O: No Injury,Black,Male,Passenger Car,No,26OCT2008,Sunday,Motorist Left Turn / Merge,16,Intersection,October,C: Possible Injury,16:46:00,Motorist Left Turn - Opposite Direction,2008,Yes,No,Daylight,Straight - Level,Local Street,Dry,"Two-Way, Not Divided",None,No Special Feature,Smooth Asphalt,2 lanes,"34.2287247653, -77.935872319"
6312,None - Rural Crash,Iredell,Piedmont,Residential,Rural (<30% Developed),NA,Rural,50 - 55  MPH,Stop Sign,Clear,No,17,16-19,No,NA,Not Applicable,K: Killed,Non-Roadway,White,Male,62,60-69,No,NA,46-50 mph,B: Evident Injury,White,Female,Passenger Car,No,27OCT2008,Monday,Bicyclist Failed to Yield - Midblock,18,Non-Intersection,October,K: Killed,18:10:00,Bicyclist Ride Out - Midblock - Unknown,2008,Yes,No,Dusk,Straight - Level,State Secondary Route,Dry,"Two-Way, Not Divided",None,T-Intersection,Smooth Asphalt,2 lanes,"35.6938769811, -80.8439732676"
6324,Thomasville,Davidson,Piedmont,Residential,Urban (>70% Developed),NA,Urban,40 - 45  MPH,School Zone Signs,Clear,No,15,11-15,No,NA,With Traffic,B: Evident Injury,Travel Lane,White,Male,70+,70+,No,NA,31-35 mph,O: No Injury,White,Female,Passenger Car,No,10NOV2008,Monday,Bicyclist Left Turn / Merge,18,Non-Intersection,November,B: Evident Injury,18:09:00,Bicyclist Left Turn - Same Direction,2008,Yes,No,Dark - Lighted Roadway,Straight - Level,Local Street,Dry,"Two-Way, Divided, Unprotected Median",None,No Special Feature,Coarse Asphalt,2 lanes,"35.9207770579, -80.063433047"
6327,None - Rural Crash,Sampson,Coastal,"Farms, Woods, Pastures",Rural (<30% Developed),NA,Rural,NA,"Double Yellow Line, No Passing Zone",Clear,No,42,40-49,Yes,NA,With Traffic,B: Evident Injury,Travel Lane,Black,Male,NA,NA,No,NA,NA,Unknown Injury,Unknown/Missing,NA,NA,Yes,28NOV2008,Friday,Head-On,18,Non-Intersection,November,B: Evident Injury,18:40:00,Head-On - Bicyclist,2008,Yes,Yes,Dark - Roadway Not Lighted,Straight - Grade,State Secondary Route,Dry,"Two-Way, Not Divided",None,Bridge Approach,Smooth Asphalt,2 lanes,"35.0906209465, -78.1765324333"
6330,Wilmington,New Hanover,Coastal,Commercial,Urban (>70% Developed),NA,Urban,40 - 45  MPH,Stop And Go Signal,Clear,No,18,16-19,No,NA,Facing Traffic,O: No Injury,Sidewalk / Crosswalk / Driveway Crossing,White,Male,24,20-24,No,NA,11-15 mph,O: No Injury,White,Female,Passenger Car,No,08NOV2008,Saturday,Motorist Right Turn / Merge,18,Intersection,November,O: No Injury,18:17:00,Motorist Right Turn - Opposite Direction,2008,No,No,Daylight,Straight - Level,Local Street,Dry,"Two-Way, Not Divided",None,No Special Feature,Coarse Asphalt,3 lanes,"34.2383037692, -77.8762323011"
6331,Greensboro,Guilford,Piedmont,Commercial,Urban (>70% Developed),NA,Urban,5 - 15 MPH,No Control Present,Clear,No,15,11-15,No,NA,Facing Traffic,C: Possible Injury,Sidewalk / Crosswalk / Driveway Crossing,White,Male,NA,NA,Missing,NA,0-5 mph,Unknown Injury,Unknown/Missing,NA,NA,No,22OCT2008,Wednesday,Motorist Failed to Yield - Midblock,19,Non-Intersection,October,C: Possible Injury,19:08:00,Motorist Drive Out - Commercial Driveway / Alley,2008,No,Yes,Dark - Lighted Roadway,Straight - Level,Public Vehicular Area,Dry,"Two-Way, Divided, Unprotected Median",None,"Driveway, Public",Coarse Asphalt,7 lanes,"36.1144571081, -79.8348429885"
6337,Raleigh,Wake,Piedmont,Commercial,Urban (>70% Developed),NA,Urban,NA,Stop Sign,Clear,No,50,50-59,No,NA,Facing Traffic,C: Possible Injury,Sidewalk / Crosswalk / Driveway Crossing,White,Male,53,50-59,No,NA,0-5 mph,O: No Injury,Black,Male,Sport Utility,No,22OCT2008,Wednesday,Motorist Failed to Yield - Midblock,7,Non-Intersection,October,C: Possible Injury,07:49:00,Motorist Drive Out - Other Midblock,2008,Yes,No,Daylight,Straight - Level,Public Vehicular Area,Dry,"Two-Way, Not Divided",None,No Special Feature,Smooth Asphalt,NA,"35.8187210881, -78.6246666069"
6340,Concord,Cabarrus,Piedmont,Residential,Urban (>70% Developed),NA,Urban,30 - 35  MPH,Stop Sign,Clear,No,44,40-49,No,NA,With Traffic,B: Evident Injury,Travel Lane,White,Female,70+,70+,No,NA,0-5 mph,O: No Injury,Black,Female,Passenger Car,No,09NOV2008,Sunday,Motorist Failed to Yield - Sign-Controlled Intersection,8,Intersection,November,B: Evident Injury,08:39:00,Motorist Drive Through - Sign-Controlled Intersection,2008,No,No,Daylight,Straight - Level,Local Street,Dry,"Two-Way, Not Divided",None,Four-Way Intersection,Coarse Asphalt,2 lanes,"35.3886869203, -80.7501032232"
6345,Raleigh,Wake,Piedmont,Commercial,Urban (>70% Developed),NA,Urban,40 - 45  MPH,No Control Present,Cloudy,No,30,30-39,No,NA,With Traffic,B: Evident Injury,Travel Lane,White,Male,42,40-49,No,NA,41-45 mph,O: No Injury,Black,Male,Passenger Car,No,20SEP2008,Saturday,Motorist Overtaking Bicyclist,6,Non-Intersection,September,B: Evident Injury,06:57:00,Motorist Overtaking - Other / Unknown,2008,Yes,No,Dark - Roadway Not Lighted,Straight - Level,Local Street,Dry,"Two-Way, Divided, Unprotected Median",None,No Special Feature,Coarse Asphalt,6 lanes,"35.8829221057, -78.5296525815"
6352,Cary,Wake,Piedmont,Commercial,Urban (>70% Developed),NA,Urban,5 - 15 MPH,No Control Present,Clear,No,25,25-29,No,NA,Facing Traffic,C: Possible Injury,Sidewalk / Crosswalk / Driveway Crossing,White,Female,56,50-59,No,NA,0-5 mph,O: No Injury,White,Male,Sport Utility,No,07DEC2008,Sunday,Motorist Failed to Yield - Sign-Controlled Intersection,17,Intersection,December,C: Possible Injury,17:54:00,Motorist Drive Out - Sign-Controlled Intersection,2008,Yes,No,Dusk,Straight - Level,Public Vehicular Area,Dry,"One-Way, Not Divided",None,No Special Feature,Smooth Asphalt,NA,"35.7633370708, -78.7833126523"
6355,Chapel Hill,Orange,Piedmont,Commercial,Urban (>70% Developed),NA,Urban,20 - 25  MPH,Stop And Go Signal,Cloudy,No,18,16-19,No,NA,With Traffic,B: Evident Injury,Sidewalk / Crosswalk / Driveway Crossing,White,Male,23,20-24,No,NA,6-10 mph,O: No Injury,White,Female,"Light Truck (Mini-Van, Panel)",No,13NOV2008,Thursday,Bicyclist Failed to Yield - Signalized Intersection,18,Intersection,November,B: Evident Injury,18:31:00,Bicyclist Ride Through - Signalized Intersection,2008,Yes,No,Dark - Lighted Roadway,Straight - Bottom,Local Street,Wet,"Two-Way, Not Divided",None,Four-Way Intersection,Smooth Asphalt,4 lanes,"35.9117770926, -79.0595887438"
6358,Durham,Durham,Piedmont,Commercial,Urban (>70% Developed),NA,Urban,30 - 35  MPH,No Control Present,Cloudy,No,14,11-15,No,NA,NA,C: Possible Injury,NA,Black,Male,43,40-49,No,NA,31-35 mph,O: No Injury,Black,Male,Passenger Car,No,09DEC2008,Tuesday,Other / Unknown - Insufficient Details,9,Intersection,December,C: Possible Injury,09:12:00,Unknown Approach Paths,2008,Yes,No,Daylight,Straight - Grade,Local Street,Dry,"Two-Way, Divided, Unprotected Median",None,No Special Feature,Coarse Asphalt,2 lanes,"35.995767117, -78.8859426956"
6368,Lumberton,Robeson,Coastal,Commercial,Urban (>70% Developed),NA,Urban,30 - 35  MPH,Stop Sign,Clear,No,17,16-19,No,NA,With Traffic,C: Possible Injury,Sidewalk / Crosswalk / Driveway Crossing,White,Male,51,50-59,No,NA,31-35 mph,O: No Injury,Black,Male,Pickup,No,21NOV2008,Friday,Motorist Failed to Yield - Sign-Controlled Intersection,15,Intersection,November,C: Possible Injury,15:27:00,Motorist Drive Out - Sign-Controlled Intersection,2008,Yes,No,Daylight,Straight - Level,Local Street,Dry,"Two-Way, Not Divided",None,No Special Feature,Coarse Asphalt,4 lanes,"34.6186138155, -79.0046026591"
6373,None - Rural Crash,Rowan,Piedmont,"Farms, Woods, Pastures",Rural (<30% Developed),NA,Rural,NA,"Double Yellow Line, No Passing Zone",Clear,No,61,60-69,No,NA,With Traffic,O: No Injury,Travel Lane,White,Male,60,60-69,No,NA,NA,A: Disabling Injury,White,Male,Pedalcycle,No,28NOV2008,Friday,Motorist Left Turn / Merge,12,Intersection,November,A: Disabling Injury,12:12:00,Motorist Left Turn - Opposite Direction,2008,Yes,No,Daylight,Straight - Level,State Secondary Route,Dry,"Two-Way, Not Divided",None,T-Intersection,Smooth Asphalt,2 lanes,"35.7155169905, -80.7307432351"
6375,Durham,Durham,Piedmont,Residential,Urban (>70% Developed),NA,Urban,NA,No Control Present,Clear,No,15,11-15,No,NA,Facing Traffic,C: Possible Injury,Sidewalk / Crosswalk / Driveway Crossing,Black,Male,NA,NA,Missing,NA,NA,Unknown Injury,Unknown/Missing,NA,Passenger Car,No,14DEC2008,Sunday,Motorist Failed to Yield - Midblock,17,Non-Intersection,December,C: Possible Injury,17:45:00,Motorist Drive Out - Residential Driveway,2008,Yes,Yes,Dark - Lighted Roadway,Straight - Level,Public Vehicular Area,Dry,"Two-Way, Not Divided",None,T-Intersection,Smooth Asphalt,4 lanes,"35.9666271096, -78.9166527029"
6378,None - Rural Crash,Robeson,Coastal,"Farms, Woods, Pastures",Rural (<30% Developed),NA,Rural,50 - 55  MPH,"Double Yellow Line, No Passing Zone",Clear,No,39,30-39,No,NA,With Traffic,C: Possible Injury,Bike Lane / Paved Shoulder,Native American,Male,28,25-29,No,NA,51-55 mph,O: No Injury,Native American,Male,Sport Utility,No,27NOV2008,Thursday,Bicyclist Left Turn / Merge,9,Non-Intersection,November,C: Possible Injury,09:45:00,Bicyclist Left Turn - Same Direction,2008,Yes,No,Daylight,Straight - Level,State Secondary Route,Dry,"Two-Way, Not Divided",None,Bridge,Coarse Asphalt,2 lanes,"34.6877088229, -79.2391227334"
6385,Raleigh,Wake,Piedmont,Commercial,Urban (>70% Developed),NA,Urban,40 - 45  MPH,Stop And Go Signal,Clear,No,58,50-59,No,NA,Facing Traffic,O: No Injury,Sidewalk / Crosswalk / Driveway Crossing,White,Male,56,50-59,No,NA,0-5 mph,O: No Injury,Black,Female,NA,No,02OCT2008,Thursday,Motorist Failed to Yield - Signalized Intersection,10,Intersection,October,O: No Injury,10:29:00,Motorist Drive Out - Right Turn on Red,2008,No,Yes,Daylight,Straight - Level,Local Street,Dry,"Two-Way, Not Divided",None,Four-Way Intersection,Smooth Asphalt,6 lanes,"35.8613690982, -78.6002376013"
6388,Raleigh,Wake,Piedmont,Residential,Mixed (30% To 70% Developed),NA,Urban,20 - 25  MPH,Missing,Clear,No,27,25-29,No,NA,With Traffic,O: No Injury,Travel Lane,White,Male,NA,NA,Missing,NA,11-15 mph,Unknown Injury,Unknown/Missing,NA,NA,No,15SEP2008,Monday,Motorist Overtaking Bicyclist,0,Non-Intersection,September,O: No Injury,00:15:00,Motorist Overtaking - Misjudged Space,2008,No,Yes,Dark - Lighted Roadway,Straight - Grade,Local Street,Dry,"Two-Way, Not Divided",None,No Special Feature,Smooth Asphalt,2 lanes,"35.779632078, -78.6730526189"
6391,None - Rural Crash,Gaston,Piedmont,"Farms, Woods, Pastures",Rural (<30% Developed),NA,Rural,40 - 45  MPH,"Double Yellow Line, No Passing Zone",Cloudy,No,33,30-39,Yes,NA,With Traffic,K: Killed,Travel Lane,White,Male,33,30-39,Yes,NA,41-45 mph,O: No Injury,White,Female,Passenger Car,Yes,06DEC2008,Saturday,Motorist Overtaking Bicyclist,22,Non-Intersection,December,K: Killed,22:16:00,Motorist Overtaking - Other / Unknown,2008,Yes,No,Dark - Roadway Not Lighted,Straight - Level,NC Route,Dry,"Two-Way, Not Divided",None,No Special Feature,Coarse Asphalt,2 lanes,"35.1861338622, -81.1468083298"
6392,Raleigh,Wake,Piedmont,Residential,Urban (>70% Developed),NA,Urban,30 - 35  MPH,Stop Sign,Clear,No,14,11-15,No,NA,Facing Traffic,C: Possible Injury,Sidewalk / Crosswalk / Driveway Crossing,White,Male,33,30-39,No,NA,0-5 mph,O: No Injury,White,Male,Passenger Car,No,01OCT2008,Wednesday,Motorist Failed to Yield - Sign-Controlled Intersection,18,Intersection,October,C: Possible Injury,18:31:00,Motorist Drive Out - Sign-Controlled Intersection,2008,No,No,Daylight,Straight - Level,Local Street,Dry,"Two-Way, Not Divided",None,No Special Feature,Smooth Asphalt,2 lanes,"35.8534870956, -78.642397614"
2670,Clinton,Sampson,Coastal,Residential,Urban (>70% Developed),NA,Urban,30 - 35  MPH,No Control Present,Clear,No,70+,70+,No,NA,NA,O: No Injury,Bike Lane / Paved Shoulder,Hispanic,Male,57,50-59,No,NA,31-35 mph,O: No Injury,Black,Female,Passenger Car,No,28NOV2012,Wednesday,Bicyclist Failed to Yield - Midblock,13,Non-Intersection,November,O: No Injury,13:56:00,Bicyclist Ride Out - Midblock - Unknown,2012,No,No,Daylight,Straight - Level,Local Street,Dry,"Two-Way, Not Divided",None,No Special Feature,Coarse Asphalt,2 lanes,"34.9888369189, -78.3310024753"