object_id,city,county,region,development,locality,on_road,rural_urban,speed_limit,traffic_control,weather,workzone,bike_age,bike_age_group,bike_alcohol,bike_alcohol_drugs,bike_direction,bike_injury,bike_position,bike_race,bike_sex,driver_age,driver_age_group,driver_alcohol,driver_alcohol_drugs,driver_est_speed,driver_injury,driver_race,driver_sex,driver_vehicle_type,crash_alcohol,crash_date,crash_day,crash_group,crash_hour,crash_location,crash_month,crash_severity,crash_time,crash_type,crash_year,ambulance_req,hit_run,light_condition,road_character,road_class,road_condition,road_configuration,road_defects,road_feature,road_surface,num_lanes,geo_point
2650,Durham,Durham,Piedmont,Residential,Urban (>70% Developed),NA,Urban,30 - 35  MPH,Stop And Go Signal,Clear,No,46,40-49,No,NA,Facing Traffic,C: Possible Injury,Travel Lane,Black,Male,48,40-49,No,NA,6-10 mph,O: No Injury,Black,Female,Passenger Car,No,21NOV2012,Wednesday,Crossing Paths - Other Circumstances,0,Intersection,November,C: Possible Injury,00:45:00,Signalized Intersection - Other / Unknown,2012,Yes,No,Daylight,Straight - Level,Local Street,Dry,"Two-Way, Not Divided",None,No Special Feature,Coarse Asphalt,3 lanes,"36.01774712, -78.9363027113"
2844,Fayetteville,Cumberland,Coastal,"Farms, Woods, Pastures",Mixed (30% To 70% Developed),NA,Urban,40 - 45  MPH,No Control Present,Cloudy,No,54,50-59,Yes,NA,With Traffic,O: No Injury,Non-Roadway,Black,Male,27,25-29,No,NA,41-45 mph,O: No Injury,Black,Female,Passenger Car,Yes,11MAR2011,Friday,Motorist Overtaking Bicyclist,19,Non-Intersection,March,O: No Injury,19:11:00,Motorist Overtaking - Other / Unknown,2011,No,No,Dark - Roadway Not Lighted,Straight - Level,Local Street,Dry,"Two-Way, Not Divided",None,No Special Feature,Coarse Asphalt,2 lanes,"35.0576169104, -79.0178026854"
2843,Wilmington,New Hanover,Coastal,Commercial,Urban (>70% Developed),NA,Urban,30 - 35  MPH,No Control Present,Clear,No,19,16-19,No,NA,Facing Traffic,Unknown Injury,Sidewalk / Crosswalk / Driveway Crossing,Black,Male,60,60-69,No,NA,0-5 mph,O: No Injury,White,Female,Passenger Car,No,01MAR2011,Tuesday,Motorist Failed to Yield - Midblock,17,Non-Intersection,March,O: No Injury,17:11:00,Motorist Drive Out - Commercial Driveway / Alley,2011,No,No,Daylight,Straight - Level,NA,Dry,"Two-Way, Not Divided",None,"Driveway, Public",Concrete,NA,"34.2393167697, -77.8662022984"
2839,Charlotte,Mecklenburg,Piedmont,Commercial,Urban (>70% Developed),NA,Urban,30 - 35  MPH,Stop And Go Signal,Cloudy,No,58,50-59,No,NA,With Traffic,O: No Injury,Sidewalk / Crosswalk / Driveway Crossing,Black,Male,40,40-49,No,NA,0-5 mph,O: No Injury,White,Male,Police,No,24FEB2011,Thursday,Motorist Right Turn / Merge,16,Intersection,February,O: No Injury,16:20:00,Motorist Right Turn - Same Direction,2011,No,No,Daylight,Straight - Level,Local Street,Dry,"Two-Way, Divided, Unprotected Median",None,No Special Feature,Smooth Asphalt,5 lanes,"35.2135268782, -80.8840032536"
2847,Clemmons,Forsyth,Piedmont,Commercial,Urban (>70% Developed),NA,Urban,60 - 75 MPH,Stop And Go Signal,Clear,No,44,40-49,No,NA,With Traffic,C: Possible Injury,Travel Lane,White,Male,50,50-59,No,NA,11-15 mph,O: No Injury,White,Male,Pickup,No,07MAR2011,Monday,Bicyclist Failed to Yield - Signalized Intersection,13,Intersection,March,C: Possible Injury,13:51:00,Bicyclist Ride Through - Signalized Intersection,2011,Yes,No,Daylight,Straight - Level,Local Street,Dry,"Two-Way, Not Divided",None,On or Off Ramp,Smooth Asphalt,4 lanes,"36.0340970701, -80.3841031492"
2854,Asheville,Buncombe,Mountains,Commercial,Urban (>70% Developed),NA,Urban,20 - 25  MPH,Stop And Go Signal,Cloudy,No,22,20-24,No,NA,With Traffic,C: Possible Injury,Travel Lane,White,Male,70+,70+,No,NA,11-15 mph,O: No Injury,White,Female,Pickup,No,10MAR2011,Thursday,Motorist Left Turn / Merge,16,Intersection,March,C: Possible Injury,16:09:00,Motorist Left Turn - Opposite Direction,2011,Yes,No,Daylight,Straight - Level,Local Street,Dry,"Two-Way, Not Divided",None,Four-Way Intersection,Smooth Asphalt,4 lanes,"35.5911568948, -82.5565037707"
2836,Asheville,Buncombe,Mountains,Commercial,Urban (>70% Developed),NA,Urban,30 - 35  MPH,Stop And Go Signal,Clear,No,21,20-24,No,NA,With Traffic,O: No Injury,Travel Lane,White,Male,44,40-49,No,NA,11-15 mph,O: No Injury,Black,Female,Passenger Car,No,11FEB2011,Friday,Loss of Control / Turning Error,10,Intersection,February,O: No Injury,10:33:00,Bicyclist Lost Control - Mechanical Problems,2011,No,No,Daylight,NA,US Route,Dry,"Two-Way, Not Divided",None,T-Intersection,Smooth Asphalt,3 lanes,"35.5976468965, -82.5361037647"
2968,Charlotte,Mecklenburg,Piedmont,Commercial,Urban (>70% Developed),NA,Urban,40 - 45  MPH,No Control Present,Clear,No,48,40-49,No,NA,Facing Traffic,B: Evident Injury,Sidewalk / Crosswalk / Driveway Crossing,Black,Male,60,60-69,No,NA,NA,O: No Injury,Black,Male,Pickup,No,26APR2011,Tuesday,Motorist Failed to Yield - Midblock,21,Non-Intersection,April,B: Evident Injury,21:39:00,Motorist Drive Out - Commercial Driveway / Alley,2011,No,No,Dark - Lighted Roadway,Straight - Hillcrest,Public Vehicular Area,Dry,"Two-Way, Not Divided",None,No Special Feature,Smooth Asphalt,NA,"35.2704868913, -80.8553032483"
2959,Wilmington,New Hanover,Coastal,Commercial,Urban (>70% Developed),NA,Urban,40 - 45  MPH,No Control Present,Clear,No,43,40-49,No,NA,Facing Traffic,B: Evident Injury,Sidewalk / Crosswalk / Driveway Crossing,White,Male,67,60-69,No,NA,0-5 mph,O: No Injury,White,Male,Passenger Car,No,20APR2011,Wednesday,Motorist Failed to Yield - Midblock,9,Non-Intersection,April,B: Evident Injury,09:44:00,Motorist Drive Out - Commercial Driveway / Alley,2011,Yes,No,Daylight,Straight - Level,US Route,Dry,"Two-Way, Not Divided",None,No Special Feature,Smooth Asphalt,5 lanes,"34.1953767574, -77.9367023176"
2918,None - Rural Crash,Onslow,Coastal,Residential,Urban (>70% Developed),NA,Rural,40 - 45  MPH,Stop Sign,Clear,No,12,11-15,No,NA,With Traffic,C: Possible Injury,Travel Lane,White,Female,32,30-39,No,NA,31-35 mph,O: No Injury,White,Female,Passenger Car,No,20APR2011,Wednesday,Bicyclist Failed to Yield - Sign-Controlled Intersection,17,Intersection,April,C: Possible Injury,17:25:00,Bicyclist Ride Out - Sign-Controlled Intersection,2011,Yes,No,Daylight,Straight - Level,State Secondary Route,Dry,"Two-Way, Not Divided",None,T-Intersection,Smooth Asphalt,2 lanes,"34.7445368937, -77.4823022058"
2967,None - Rural Crash,Mecklenburg,Piedmont,"Farms, Woods, Pastures",Rural (<30% Developed),NA,Rural,50 - 55  MPH,No Control Present,Clear,No,28,25-29,No,NA,With Traffic,Unknown Injury,Travel Lane,White,Female,46,40-49,No,NA,41-45 mph,O: No Injury,White,Male,Sport Utility,No,23APR2011,Saturday,Motorist Overtaking Bicyclist,13,Non-Intersection,April,O: No Injury,13:47:00,Motorist Overtaking - Other / Unknown,2011,No,No,Daylight,Straight - Level,NC Route,Dry,"Two-Way, Not Divided",None,No Special Feature,Smooth Asphalt,2 lanes,"35.4428469311, -80.7756032331"
2962,Troutman,Iredell,Piedmont,Residential,Urban (>70% Developed),NA,Rural,20 - 25  MPH,No Control Present,Clear,No,8,6-10,No,NA,With Traffic,B: Evident Injury,Travel Lane,White,Male,25,25-29,No,NA,21-25 mph,O: No Injury,Black,Female,Passenger Car,No,06APR2011,Wednesday,Motorist Overtaking Bicyclist,17,Non-Intersection,April,B: Evident Injury,17:05:00,Motorist Overtaking - Bicyclist Swerved,2011,Yes,No,Daylight,Straight - Level,Local Street,Dry,"Two-Way, Not Divided",None,No Special Feature,Smooth Asphalt,2 lanes,"35.6946869794, -80.9002032842"
2926,Cary,Wake,Piedmont,Residential,Urban (>70% Developed),NA,Urban,30 - 35  MPH,Stop Sign,Clear,No,17,16-19,No,NA,With Traffic,B: Evident Injury,Travel Lane,White,Male,32,30-39,No,NA,31-35 mph,O: No Injury,White,Male,Passenger Car,No,23APR2011,Saturday,Motorist Left Turn / Merge,21,Intersection,April,B: Evident Injury,21:39:00,Motorist Left Turn - Opposite Direction,2011,Yes,No,Dark - Roadway Not Lighted,Straight - Level,State Secondary Route,Dry,"Two-Way, Not Divided",None,T-Intersection,Smooth Asphalt,2 lanes,"35.7915470772, -78.781102653"
2920,Raleigh,Wake,Piedmont,Residential,Urban (>70% Developed),NA,Urban,30 - 35  MPH,No Control Present,Clear,No,42,40-49,No,NA,With Traffic,B: Evident Injury,Travel Lane,White,Female,20,20-24,No,NA,0-5 mph,O: No Injury,White,Female,Sport Utility,No,07APR2011,Thursday,Motorist Left Turn / Merge,14,Non-Intersection,April,B: Evident Injury,14:33:00,Motorist Left Turn - Opposite Direction,2011,Yes,No,Daylight,Curve - Grade,Local Street,Dry,"Two-Way, Not Divided",None,No Special Feature,Coarse Asphalt,2 lanes,"35.8206470881, -78.6530026153"
2940,Durham,Durham,Piedmont,Commercial,Urban (>70% Developed),NA,Urban,20 - 25  MPH,Stop And Go Signal,Clear,No,60,60-69,No,NA,With Traffic,C: Possible Injury,Travel Lane,White,Male,53,50-59,No,NA,0-5 mph,O: No Injury,Black,Female,Sport Utility,No,29APR2011,Friday,Motorist Left Turn / Merge,7,Intersection,April,C: Possible Injury,07:47:00,Motorist Left Turn - Opposite Direction,2011,Yes,No,Daylight,Straight - Level,Local Street,Dry,"Two-Way, Not Divided",None,"Five-Point, Or More",Smooth Asphalt,2 lanes,"35.9969771163, -78.9039027014"
2969,Apex,Wake,Piedmont,Commercial,Urban (>70% Developed),NA,Urban,30 - 35  MPH,Stop Sign,Clear,No,42,40-49,No,NA,With Traffic,B: Evident Injury,Travel Lane,White,Male,33,30-39,No,NA,0-5 mph,O: No Injury,White,Male,Sport Utility,No,08MAY2011,Sunday,Bicyclist Overtaking Motorist,14,Intersection,May,B: Evident Injury,14:21:00,Bicyclist Overtaking - Other / Unknown,2011,Yes,No,Daylight,Straight - Grade,Local Street,Dry,"Two-Way, Not Divided",None,No Special Feature,Smooth Asphalt,2 lanes,"35.7262370604, -78.8514026702"
7,Charlotte,Mecklenburg,Piedmont,Commercial,Mixed (30% To 70% Developed),ALBEMARLE RD,Urban,40 - 45  MPH,Stop Sign,Clear,No,48,40-49,NA,No,With Traffic,B: Evident Injury,Sidewalk / Crosswalk / Driveway Crossing,White,Male,70+,70+,NA,No,NA,O: No Injury,White,Female,Passenger Car,No,15JAN2014,Wednesday,Motorist Failed to Yield - Midblock,14,Non-Intersection,January,B: Evident Injury,14:50:00,Motorist Drive Out - Commercial Driveway / Alley,2014,Yes,No,Daylight,Straight - Level,Local Street,Dry,"Two-Way, Divided, Unprotected Median",None,No Special Feature,Smooth Asphalt,4 lanes,"35.2117968842, -80.6895931954"
13,Raleigh,Wake,Piedmont,Residential,Urban (>70% Developed),AVENT FERRY RD,Urban,40 - 45  MPH,Stop And Go Signal,Clear,No,42,40-49,NA,No,Facing Traffic,C: Possible Injury,Travel Lane,White,Male,30,30-39,NA,No,0-5 mph,O: No Injury,Black,Female,Passenger Car,No,21JAN2014,Tuesday,Bicyclist Failed to Yield - Signalized Intersection,17,Intersection,January,C: Possible Injury,17:18:00,Bicyclist Ride Through - Signalized Intersection,2014,Yes,No,Dusk,Straight - Level,Local Street,Dry,"Two-Way, Divided, Unprotected Median",None,T-Intersection,Coarse Asphalt,5 lanes,"35.7690770759, -78.6912426242"
2981,Raleigh,Wake,Piedmont,Commercial,Urban (>70% Developed),NA,Urban,30 - 35  MPH,Stop And Go Signal,Clear,No,18,16-19,No,NA,Facing Traffic,C: Possible Injury,Travel Lane,Hispanic,Male,42,40-49,No,NA,0-5 mph,O: No Injury,White,Female,Passenger Car,No,19APR2011,Tuesday,Bicyclist Failed to Yield - Signalized Intersection,5,Intersection,April,C: Possible Injury,05:46:00,Bicyclist Ride Through - Signalized Intersection,2011,No,No,Dark - Roadway Not Lighted,Straight - Level,Local Street,Dry,"Two-Way, Divided, Positive Median Barrier",None,Four-Way Intersection,Coarse Asphalt,5 lanes,"35.7979670868, -78.5565025849"
21,Charlotte,Mecklenburg,Piedmont,Residential,Urban (>70% Developed),SELWYN AV,Urban,30 - 35  MPH,No Control Present,Clear,No,60,60-69,NA,No,With Traffic,B: Evident Injury,Bike Lane / Paved Shoulder,White,Male,23,20-24,NA,No,6-10 mph,O: No Injury,White,Female,Sport Utility,No,01FEB2014,Saturday,Motorist Overtaking Bicyclist,15,Intersection-Related,February,B: Evident Injury,15:58:00,Motorist Overtaking - Other / Unknown,2014,Yes,No,Daylight,Straight - Level,Local Street,Dry,"Two-Way, Not Divided",None,No Special Feature,Smooth Asphalt,3 lanes,"35.1809868731, -80.836583237"
2980,Raleigh,Wake,Piedmont,Commercial,Urban (>70% Developed),NA,Urban,30 - 35  MPH,Yield Sign,Clear,No,18,16-19,No,NA,With Traffic,B: Evident Injury,Travel Lane,White,Female,44,40-49,No,NA,11-15 mph,O: No Injury,Black,Male,Passenger Car,No,01MAY2011,Sunday,Motorist Failed to Yield - Sign-Controlled Intersection,23,Intersection,May,B: Evident Injury,23:43:00,Motorist Drive Out - Sign-Controlled Intersection,2011,Yes,No,Dark - Lighted Roadway,Curve - Level,Local Street,Dry,"Two-Way, Divided, Unprotected Median",None,Traffic Circle/Roundabout,Smooth Asphalt,2 lanes,"35.7831570792, -78.6653026171"
2995,Boone,Watauga,Mountains,Commercial,Mixed (30% To 70% Developed),NA,Urban,30 - 35  MPH,No Control Present,Clear,No,20,20-24,No,NA,Facing Traffic,B: Evident Injury,Sidewalk / Crosswalk / Driveway Crossing,White,Female,49,40-49,No,NA,0-5 mph,O: No Injury,White,Male,Sport Utility,No,06MAY2011,Friday,Motorist Failed to Yield - Midblock,16,Non-Intersection,May,B: Evident Injury,16:19:00,Motorist Drive Out - Commercial Driveway / Alley,2011,No,No,Daylight,Straight - Level,US Route,Dry,"Two-Way, Not Divided",None,"Driveway, Private",Smooth Asphalt,5 lanes,"36.2035770574, -81.6663035426"
10,None - Rural Crash,Washington,Coastal,"Farms, Woods, Pastures",Rural (<30% Developed),NC 45,Rural,40 - 45  MPH,No Control Present,Clear,No,36,30-39,NA,No,With Traffic,B: Evident Injury,Travel Lane,Black,Male,70+,70+,NA,No,21-25 mph,O: No Injury,White,Female,Passenger Car,No,13JAN2014,Monday,Motorist Overtaking Bicyclist,17,Non-Intersection,January,B: Evident Injury,17:34:00,Motorist Overtaking - Other / Unknown,2014,Yes,No,Dusk,Straight - Level,NC Route,Dry,"Two-Way, Not Divided",None,No Special Feature,Smooth Asphalt,2 lanes,"35.8408851582, -76.7354020322"
26,Burlington,Alamance,Piedmont,Commercial,Urban (>70% Developed),109 S ANTHONY ST,Urban,30 - 35  MPH,No Control Present,Cloudy,No,51,50-59,NA,No,Facing Traffic,C: Possible Injury,Travel Lane,Black,Male,65,60-69,NA,No,0-5 mph,O: No Injury,White,Male,Passenger Car,No,12FEB2014,Wednesday,Backing Vehicle,9,Non-Intersection,February,C: Possible Injury,09:30:00,Backing Vehicle,2014,Yes,No,Daylight,Straight - Level,Local Street,Dry,"Two-Way, Not Divided",None,No Special Feature,Smooth Asphalt,2 lanes,"36.0833391161, -79.4258428629"
2536,Greensboro,Guilford,Piedmont,Commercial,Urban (>70% Developed),NA,Urban,5 - 15 MPH,No Control Present,Clear,No,38,30-39,No,NA,Facing Traffic,B: Evident Injury,Sidewalk / Crosswalk / Driveway Crossing,White,Male,34,30-39,No,NA,6-10 mph,O: No Injury,White,Female,Passenger Car,No,18OCT2012,Thursday,Motorist Failed to Yield - Midblock,17,Non-Intersection,October,B: Evident Injury,17:02:00,Motorist Drive Out - Commercial Driveway / Alley,2012,Yes,No,Daylight,Straight - Level,Public Vehicular Area,Dry,"Two-Way, Not Divided",None,"Driveway, Public",Smooth Asphalt,2 lanes,"36.0463670934, -79.8388029855"
2541,Greensboro,Guilford,Piedmont,Commercial,Urban (>70% Developed),NA,Urban,20 - 25  MPH,Stop And Go Signal,Clear,No,28,25-29,No,NA,Facing Traffic,C: Possible Injury,Sidewalk / Crosswalk / Driveway Crossing,Black,Male,35,30-39,No,NA,0-5 mph,O: No Injury,Black,Female,Van,No,19OCT2012,Friday,Bicyclist Failed to Yield - Signalized Intersection,8,Intersection,October,C: Possible Injury,08:55:00,Bicyclist Ride Through - Signalized Intersection,2012,Yes,No,Daylight,Straight - Level,Local Street,Dry,"One-Way, Not Divided",None,Four-Way Intersection,Smooth Asphalt,3 lanes,"36.0733871006, -79.7868029719"
2534,Gastonia,Gaston,Piedmont,Residential,Urban (>70% Developed),NA,Urban,30 - 35  MPH,No Control Present,Clear,No,32,30-39,No,NA,Not Applicable,B: Evident Injury,Non-Roadway,White,Male,NA,NA,Missing,NA,6-10 mph,Unknown Injury,Unknown/Missing,NA,NA,No,28SEP2012,Friday,Crossing Paths - Other Circumstances,21,Intersection-Related,September,B: Evident Injury,21:21:00,Crossing Paths - Uncontrolled Intersection,2012,Yes,Yes,Dark - Lighted Roadway,Straight - Level,Local Street,Dry,"Two-Way, Not Divided",None,No Special Feature,Coarse Asphalt,2 lanes,"35.2630768763, -81.2055033514"
2560,Winston-Salem,Forsyth,Piedmont,Residential,Urban (>70% Developed),NA,Urban,30 - 35  MPH,No Control Present,Clear,No,37,30-39,No,NA,With Traffic,B: Evident Injury,Travel Lane,White,Male,NA,NA,Missing,NA,31-35 mph,Unknown Injury,Unknown/Missing,NA,NA,No,10OCT2012,Wednesday,Motorist Overtaking Bicyclist,18,Non-Intersection,October,B: Evident Injury,18:14:00,Motorist Overtaking - Other / Unknown,2012,Yes,Yes,Daylight,Straight - Level,Local Street,Dry,"Two-Way, Divided, Unprotected Median",None,No Special Feature,Coarse Asphalt,2 lanes,"36.0856570898, -80.1580030844"
2515,Greensboro,Guilford,Piedmont,Residential,Urban (>70% Developed),NA,Urban,30 - 35  MPH,Stop And Go Signal,Clear,No,22,20-24,No,NA,With Traffic,C: Possible Injury,Travel Lane,Other,Male,19,0-19,No,NA,36-40 mph,O: No Injury,White,Female,Passenger Car,No,22SEP2012,Saturday,Motorist Left Turn / Merge,1,Intersection,September,C: Possible Injury,01:06:00,Motorist Left Turn - Opposite Direction,2012,Yes,No,Dark - Roadway Not Lighted,Straight - Level,Local Street,Dry,"Two-Way, Divided, Unprotected Median",None,Four-Way Intersection,Smooth Asphalt,2 lanes,"36.0686570983, -79.8232029828"
2525,Raleigh,Wake,Piedmont,Commercial,Urban (>70% Developed),NA,Urban,40 - 45  MPH,Stop And Go Signal,Clear,No,17,16-19,No,NA,Facing Traffic,B: Evident Injury,Sidewalk / Crosswalk / Driveway Crossing,White,Male,22,20-24,No,NA,0-5 mph,O: No Injury,White,Female,Sport Utility,No,13OCT2012,Saturday,Motorist Failed to Yield - Signalized Intersection,12,Intersection,October,B: Evident Injury,12:33:00,Motorist Drive Out - Right Turn on Red,2012,Yes,No,Daylight,Straight - Level,Local Street,Dry,"Two-Way, Not Divided",None,T-Intersection,Smooth Asphalt,3 lanes,"35.8795371017, -78.6252026098"
2561,Winston-Salem,Forsyth,Piedmont,Residential,Urban (>70% Developed),NA,Urban,20 - 25  MPH,No Control Present,Clear,No,9,6-10,No,NA,NA,C: Possible Injury,NA,Hispanic,Female,NA,NA,Missing,NA,NA,Unknown Injury,Unknown/Missing,NA,Passenger Car,No,12OCT2012,Friday,Bicyclist Failed to Yield - Midblock,16,Non-Intersection,October,C: Possible Injury,16:29:00,Bicyclist Ride Out - Midblock - Unknown,2012,No,Yes,Daylight,Straight - Level,Local Street,Dry,"Two-Way, Not Divided",None,No Special Feature,Smooth Asphalt,2 lanes,"36.0668770832, -80.2200031015"
2533,Rockwell,Rowan,Piedmont,Commercial,Urban (>70% Developed),NA,Rural,30 - 35  MPH,No Control Present,Clear,No,19,16-19,No,NA,With Traffic,B: Evident Injury,Travel Lane,White,Male,48,40-49,No,NA,26-30 mph,B: Evident Injury,White,Male,Motorcycle,No,05OCT2012,Friday,Motorist Overtaking Bicyclist,18,Non-Intersection,October,B: Evident Injury,18:05:00,Motorist Overtaking - Bicyclist Swerved,2012,Yes,No,Daylight,Curve - Level,US Route,Dry,"Two-Way, Not Divided",None,No Special Feature,Smooth Asphalt,3 lanes,"35.5556869683, -80.4136031311"
2555,Lumberton,Robeson,Coastal,Commercial,Urban (>70% Developed),NA,Urban,30 - 35  MPH,No Control Present,Clear,No,61,60-69,No,NA,With Traffic,O: No Injury,Travel Lane,White,Male,70+,70+,No,NA,31-35 mph,O: No Injury,Black,Female,Passenger Car,No,04OCT2012,Thursday,Motorist Overtaking Bicyclist,14,Intersection,October,O: No Injury,14:04:00,Motorist Overtaking - Other / Unknown,2012,No,No,Daylight,Straight - Level,Local Street,Dry,"Two-Way, Not Divided",None,No Special Feature,Coarse Asphalt,5 lanes,"34.6638668255, -79.0003026602"
31,Raleigh,Wake,Piedmont,Residential,Urban (>70% Developed),CREST RD,Urban,30 - 35  MPH,Stop Sign,Clear,No,25,25-29,NA,No,Facing Traffic,C: Possible Injury,Sidewalk / Crosswalk / Driveway Crossing,White,Male,19,0-19,NA,No,11-15 mph,O: No Injury,White,Female,Sport Utility,No,20FEB2014,Thursday,Motorist Failed to Yield - Sign-Controlled Intersection,15,Intersection,February,C: Possible Injury,15:04:00,Motorist Drive Out - Sign-Controlled Intersection,2014,Yes,No,Daylight,Straight - Level,Local Street,Dry,"Two-Way, Divided, Unprotected Median",None,No Special Feature,Smooth Asphalt,6 lanes,"35.7723040765, -78.6853286227"
40,Monroe,Union,Piedmont,Industrial,Mixed (30% To 70% Developed),CHARLOTTE HWY,Urban,40 - 45  MPH,No Control Present,"Snow, Sleet, Hail, Freezing Rain/Drizzle",No,20,20-24,NA,No,With Traffic,C: Possible Injury,Travel Lane,White,Male,38,30-39,NA,No,16-20 mph,O: No Injury,Black,Male,Passenger Car,No,04FEB2014,Tuesday,Bicyclist Left Turn / Merge,9,Non-Intersection,February,C: Possible Injury,09:08:00,Bicyclist Left Turn - Same Direction,2014,Yes,No,Daylight,Straight - Level,State Secondary Route,Wet,"Two-Way, Not Divided",None,No Special Feature,Smooth Asphalt,2 lanes,"35.0314518482, -80.6173631636"
65,Asheville,Buncombe,Mountains,Commercial,Urban (>70% Developed),US 25,Urban,20 - 25  MPH,Flashing Stop And Go Signal,Clear,No,26,25-29,NA,No,With Traffic,B: Evident Injury,Travel Lane,White,Male,31,30-39,NA,No,16-20 mph,O: No Injury,White,Male,Passenger Car,No,25FEB2014,Tuesday,Bicyclist Failed to Yield - Signalized Intersection,21,Intersection,February,B: Evident Injury,21:17:00,Bicyclist Ride Through - Signalized Intersection,2014,Yes,No,Dark - Lighted Roadway,Straight - Grade,US Route,Dry,"Two-Way, Not Divided",None,No Special Feature,Coarse Asphalt,2 lanes,"35.5966218958, -82.5522537691"
56,Gastonia,Gaston,Piedmont,Commercial,Urban (>70% Developed),330 N. MARIETTA ST,Urban,NA,No Control Present,Clear,No,47,40-49,NA,No,With Traffic,C: Possible Injury,Sidewalk / Crosswalk / Driveway Crossing,White,Male,26,25-29,NA,No,NA,O: No Injury,Black,Male,"Light Truck (Mini-Van, Panel)",No,24FEB2014,Monday,Motorist Failed to Yield - Midblock,10,Non-Intersection,February,C: Possible Injury,10:57:00,Motorist Drive Out - Other Midblock,2014,Yes,No,Daylight,Straight - Grade,Public Vehicular Area,Dry,NA,None,No Special Feature,Smooth Asphalt,NA,"35.2668028786, -81.182123345"
61,None - Rural Crash,Dare,Coastal,Residential,Mixed (30% To 70% Developed),SR 1168,Rural,30 - 35  MPH,Stop Sign,Clear,No,64,60-69,NA,No,With Traffic,K: Killed,Travel Lane,White,Male,54,50-59,NA,No,26-30 mph,O: No Injury,White,Male,Passenger Car,No,09MAR2014,Sunday,Bicyclist Failed to Yield - Sign-Controlled Intersection,15,Intersection,March,K: Killed,15:30:00,Bicyclist Ride Through - Sign-Controlled Intersection,2014,Yes,No,Daylight,Straight - Level,State Secondary Route,Dry,"Two-Way, Not Divided",None,Four-Way Intersection,Smooth Asphalt,2 lanes,"35.8418991939, -75.650621699"
50,None - Rural Crash,Lincoln,Piedmont,"Farms, Woods, Pastures",Rural (<30% Developed),SR 1222,Rural,40 - 45  MPH,Stop Sign,Clear,No,23,20-24,NA,No,With Traffic,C: Possible Injury,Travel Lane,White,Male,44,40-49,NA,No,36-40 mph,O: No Injury,White,Female,Sport Utility,No,02MAR2014,Sunday,Bicyclist Left Turn / Merge,19,Intersection,March,C: Possible Injury,19:50:00,Bicyclist Left Turn - Same Direction,2014,Yes,No,Dark - Roadway Not Lighted,Straight - Level,State Secondary Route,Dry,"Two-Way, Not Divided",None,T-Intersection,Coarse Asphalt,2 lanes,"35.4452889128, -81.2683233804"
36,Greenville,Pitt,Coastal,Residential,Urban (>70% Developed),KINGSTON CI,Urban,NA,No Control Present,Clear,No,51,50-59,NA,No,Facing Traffic,C: Possible Injury,Sidewalk / Crosswalk / Driveway Crossing,White,Male,23,20-24,NA,No,0-5 mph,O: No Injury,White,Female,Sport Utility,No,24FEB2014,Monday,Crossing Paths - Other Circumstances,16,Intersection,February,C: Possible Injury,16:11:00,Crossing Paths - Intersection - Other / Unknown,2014,Yes,No,Dark - Lighted Roadway,NA,NA,Dry,NA,None,No Special Feature,NA,NA,"35.5932610842, -77.3415422052"
28,Greenville,Pitt,Coastal,Residential,Mixed (30% To 70% Developed),EASTRIDGE CT,Urban,30 - 35  MPH,No Control Present,Clear,No,6,6-10,NA,No,Not Applicable,B: Evident Injury,Travel Lane,Black,Female,48,40-49,NA,No,0-5 mph,O: No Injury,White,Female,"Light Truck (Mini-Van, Panel)",No,14FEB2014,Friday,Other / Unusual Circumstances,17,Non-Intersection,February,B: Evident Injury,17:47:00,Play Vehicle-Related,2014,Yes,No,Daylight,Straight - Level,Local Street,Dry,"Two-Way, Not Divided",None,Other,Coarse Asphalt,2 lanes,"35.604627084, -77.4275822313"
44,None - Rural Crash,Duplin,Coastal,Commercial,Mixed (30% To 70% Developed),NC 41,Rural,50 - 55  MPH,No Control Present,Rain,No,59,50-59,NA,NA,With Traffic,K: Killed,Travel Lane,White,Male,31,30-39,NA,NA,51-55 mph,O: No Injury,Hispanic,Male,Van,No,26FEB2014,Wednesday,Motorist Overtaking Bicyclist,13,Non-Intersection,February,K: Killed,13:35:00,Motorist Overtaking - Other / Unknown,2014,Yes,No,Daylight,Straight - Level,NC Route,Wet,"Two-Way, Not Divided",None,No Special Feature,Coarse Asphalt,2 lanes,"34.7416528776, -77.9692023529"
32,None - Rural Crash,Guilford,Piedmont,Residential,Urban (>70% Developed),SR 1462,Rural,30 - 35  MPH,No Control Present,Clear,No,17,16-19,NA,No,With Traffic,C: Possible Injury,Travel Lane,White,Male,70+,70+,NA,No,16-20 mph,O: No Injury,White,Male,Pickup,No,21FEB2014,Friday,Head-On,21,Non-Intersection,February,C: Possible Injury,21:40:00,Head-On - Bicyclist,2014,No,No,Dark - Roadway Not Lighted,Straight - Level,State Secondary Route,Dry,"Two-Way, Not Divided",None,No Special Feature,Smooth Asphalt,2 lanes,"35.9845230774, -79.899423001"