object_id,city,county,region,development,locality,on_road,rural_urban,speed_limit,traffic_control,weather,workzone,bike_age,bike_age_group,bike_alcohol,bike_alcohol_drugs,bike_direction,bike_injury,bike_position,bike_race,bike_sex,driver_age,driver_age_group,driver_alcohol,driver_alcohol_drugs,driver_est_speed,driver_injury,driver_race,driver_sex,driver_vehicle_type,crash_alcohol,crash_date,crash_day,crash_group,crash_hour,crash_location,crash_month,crash_severity,crash_time,crash_type,crash_year,ambulance_req,hit_run,light_condition,road_character,road_class,road_condition,road_configuration,road_defects,road_feature,road_surface,num_lanes,geo_point
153,Kinston,Lenoir,Coastal,Residential,Mixed (30% To 70% Developed),MITCHELL ST,Urban,30 - 35  MPH,Stop Sign,Clear,No,47,40-49,NA,No,Facing Traffic,C: Possible Injury,Travel Lane,Black,Male,NA,NA,NA,Missing,11-15 mph,Unknown Injury,Unknown/Missing,NA,Passenger Car,No,25APR2014,Friday,Motorist Failed to Yield - Sign-Controlled Intersection,18,Intersection,April,C: Possible Injury,18:38:00,Motorist Drive Through - Sign-Controlled Intersection,2014,Yes,Yes,Daylight,Straight - Level,Local Street,Dry,"Two-Way, Not Divided",None,No Special Feature,Coarse Asphalt,2 lanes,"35.2664750046, -77.5842822622"
134,Charlotte,Mecklenburg,Piedmont,Commercial,Urban (>70% Developed),PVA E WT HARRIS BLVD,Urban,20 - 25  MPH,Stop Sign,Clear,No,33,30-39,NA,No,Facing Traffic,B: Evident Injury,Sidewalk / Crosswalk / Driveway Crossing,Black,Male,42,40-49,NA,No,0-5 mph,O: No Injury,White,Male,Van,No,10APR2014,Thursday,Motorist Failed to Yield - Midblock,13,Non-Intersection,April,B: Evident Injury,13:40:00,Motorist Drive Out - Residential Driveway,2014,Yes,No,Daylight,Straight - Grade,Public Vehicular Area,Dry,"Two-Way, Not Divided",None,"Driveway, Public",Coarse Asphalt,NA,"35.2301818872, -80.7285832083"
148,None - Rural Crash,Wake,Piedmont,"Farms, Woods, Pastures",Rural (<30% Developed),SR 1010,Rural,40 - 45  MPH,"Double Yellow Line, No Passing Zone",Clear,No,52,50-59,NA,No,With Traffic,A: Disabling Injury,Travel Lane,White,Male,32,30-39,NA,"Yes-Drugs, impairment suspected",41-45 mph,O: No Injury,White,Male,Passenger Car,No,12APR2014,Saturday,Motorist Overtaking Bicyclist,8,Non-Intersection,April,A: Disabling Injury,08:24:00,Motorist Overtaking - Other / Unknown,2014,Yes,No,Daylight,Straight - Level,State Secondary Route,Dry,"Two-Way, Not Divided",None,No Special Feature,Coarse Asphalt,2 lanes,"35.6853570553, -78.752372638"
173,Roanoke Rapids,Halifax,Coastal,Commercial,Urban (>70% Developed),HINSON ST,Urban,30 - 35  MPH,Stop Sign,Clear,No,15,11-15,NA,No,Facing Traffic,O: No Injury,Bike Lane / Paved Shoulder,Black,Male,33,30-39,NA,No,0-5 mph,O: No Injury,White,Female,Sport Utility,No,06MAY2014,Tuesday,Motorist Failed to Yield - Sign-Controlled Intersection,11,Intersection,May,O: No Injury,11:50:00,Motorist Drive Out - Sign-Controlled Intersection,2014,Yes,No,Daylight,Straight - Hillcrest,Local Street,Dry,"Two-Way, Not Divided",None,T-Intersection,Smooth Asphalt,3 lanes,"36.4486732563, -77.6615773474"
137,Lumberton,Robeson,Coastal,Commercial,Urban (>70% Developed),NC 211,Urban,40 - 45  MPH,Stop Sign,Clear,No,59,50-59,NA,No,Facing Traffic,B: Evident Injury,Travel Lane,Native American,Male,35,30-39,NA,No,6-10 mph,O: No Injury,White,Female,Passenger Car,No,05APR2014,Saturday,Motorist Failed to Yield - Midblock,11,Non-Intersection,April,B: Evident Injury,11:38:00,Motorist Drive Out - Commercial Driveway / Alley,2014,No,No,Daylight,Straight - Level,NC Route,Dry,"Two-Way, Not Divided",None,"Driveway, Public",Coarse Asphalt,5 lanes,"34.6373128198, -78.9984126582"
169,Albemarle,Stanly,Piedmont,Commercial,Urban (>70% Developed),KINGSLEY DR,Urban,30 - 35  MPH,No Control Present,Clear,No,58,50-59,NA,No,With Traffic,B: Evident Injury,Travel Lane,White,Male,56,50-59,NA,No,NA,O: No Injury,White,Male,Truck/Trailer,No,03APR2014,Thursday,Bicyclist Overtaking Motorist,16,Non-Intersection,April,B: Evident Injury,16:22:00,Bicyclist Overtaking - Parked Vehicle,2014,Yes,No,Daylight,Straight - Level,Local Street,Dry,"Two-Way, Not Divided",None,No Special Feature,Coarse Asphalt,2 lanes,"35.3505669311, -80.222827063"
161,Clemmons,Forsyth,Piedmont,Residential,Urban (>70% Developed),STADIUM DR,Urban,30 - 35  MPH,No Control Present,Clear,No,42,40-49,NA,No,With Traffic,O: No Injury,Travel Lane,White,Male,67,60-69,NA,No,31-35 mph,O: No Injury,Black,Male,Pickup,No,10APR2014,Thursday,Motorist Overtaking Bicyclist,20,Non-Intersection,April,O: No Injury,20:36:00,Motorist Overtaking - Undetected Bicyclist,2014,No,No,Dark - Lighted Roadway,Curve - Level,Local Street,Dry,"Two-Way, Not Divided",None,No Special Feature,Smooth Asphalt,2 lanes,"36.0272170693, -80.3753531467"
123,Greenville,Pitt,Coastal,Commercial,Urban (>70% Developed),PVA 715 S MEMORIAL DR,Urban,NA,No Control Present,Clear,No,44,40-49,NA,No,Not Applicable,C: Possible Injury,Non-Roadway,Black,Male,NA,NA,NA,Missing,0-5 mph,Unknown Injury,Unknown/Missing,NA,NA,No,04APR2014,Friday,Non-Roadway,15,Non-Roadway,April,C: Possible Injury,15:48:00,Non-Roadway,2014,Yes,Yes,Daylight,Straight - Level,Public Vehicular Area,Dry,"Two-Way, Not Divided",None,No Special Feature,Smooth Asphalt,NA,"35.606262085, -77.3951972218"
160,Asheville,Buncombe,Mountains,Residential,Urban (>70% Developed),NA,Urban,30 - 35  MPH,No Control Present,Clear,No,38,30-39,NA,No,With Traffic,C: Possible Injury,Travel Lane,White,Male,24,20-24,NA,No,26-30 mph,O: No Injury,White,Female,Passenger Car,No,11APR2014,Friday,Bicyclist Left Turn / Merge,16,Intersection,April,C: Possible Injury,16:10:00,Bicyclist Left Turn - Same Direction,2014,No,No,Daylight,Straight - Level,Local Street,Dry,"Two-Way, Divided, Unprotected Median",None,No Special Feature,Smooth Asphalt,2 lanes,"35.6025868965, -82.564503774"
112,Raleigh,Wake,Piedmont,Commercial,Urban (>70% Developed),436 S SALISBURY ST,Urban,30 - 35  MPH,No Control Present,Clear,No,52,50-59,NA,No,With Traffic,C: Possible Injury,Sidewalk / Crosswalk / Driveway Crossing,Black,Male,NA,NA,NA,Missing,0-5 mph,Unknown Injury,Unknown/Missing,NA,NA,No,24MAR2014,Monday,Motorist Failed to Yield - Midblock,18,Non-Intersection,March,C: Possible Injury,18:10:00,Motorist Drive Out - Commercial Driveway / Alley,2014,Yes,Yes,Daylight,Straight - Level,Public Vehicular Area,Dry,"One-Way, Not Divided",None,"Driveway, Public",Coarse Asphalt,NA,"35.7745550782, -78.6404976086"
121,Charlotte,Mecklenburg,Piedmont,Commercial,Urban (>70% Developed),EAST BLVD,Urban,30 - 35  MPH,No Control Present,Clear,No,29,25-29,NA,No,With Traffic,B: Evident Injury,Bike Lane / Paved Shoulder,White,Male,45,40-49,NA,No,6-10 mph,O: No Injury,White,Female,Passenger Car,No,02APR2014,Wednesday,Motorist Right Turn / Merge,17,Non-Intersection,April,B: Evident Injury,17:33:00,Motorist Right Turn - Same Direction,2014,No,No,Daylight,Straight - Grade,Local Street,Dry,"Two-Way, Divided, Positive Median Barrier",None,No Special Feature,Smooth Asphalt,3 lanes,"35.1994808763, -80.8413572399"
92,Asheville,Buncombe,Mountains,Commercial,Urban (>70% Developed),PATTON AVE,Urban,20 - 25  MPH,Stop And Go Signal,Clear,No,25,25-29,NA,No,Facing Traffic,C: Possible Injury,Travel Lane,White,Male,31,30-39,NA,No,6-10 mph,O: No Injury,White,Female,Passenger Car,No,28FEB2014,Friday,Motorist Failed to Yield - Signalized Intersection,13,Intersection,February,C: Possible Injury,13:48:00,Motorist Drive Out - Right Turn on Red,2014,No,No,Daylight,Straight - Grade,US Route,Dry,"One-Way, Not Divided",None,Four-Way Intersection,Smooth Asphalt,1 lane,"35.5948288956, -82.5525937696"
106,None - Rural Crash,Wake,Piedmont,"Farms, Woods, Pastures",Rural (<30% Developed),SR 2754,Rural,40 - 45  MPH,"Double Yellow Line, No Passing Zone",Clear,No,40,40-49,NA,No,With Traffic,B: Evident Injury,Travel Lane,White,Male,30,30-39,NA,No,41-45 mph,O: No Injury,White,Male,Passenger Car,No,01APR2014,Tuesday,Motorist Overtaking Bicyclist,14,Non-Intersection,April,B: Evident Injury,14:00:00,Motorist Overtaking - Other / Unknown,2014,Yes,No,Daylight,Straight - Level,State Secondary Route,Dry,"Two-Way, Not Divided",None,No Special Feature,Coarse Asphalt,2 lanes,"35.559520029, -78.7333026263"
91,Zebulon,Wake,Piedmont,Commercial,Urban (>70% Developed),PONY RD,Rural,30 - 35  MPH,No Control Present,Clear,No,29,25-29,NA,No,With Traffic,C: Possible Injury,Bike Lane / Paved Shoulder,Black,Male,29,25-29,NA,No,31-35 mph,O: No Injury,Black,Female,Passenger Car,No,26MAR2014,Wednesday,Bicyclist Left Turn / Merge,18,Non-Intersection,March,C: Possible Injury,18:24:00,Bicyclist Left Turn - Same Direction,2014,Yes,No,Daylight,Straight - Hillcrest,Local Street,Dry,"Two-Way, Not Divided",None,No Special Feature,Smooth Asphalt,2 lanes,"35.8182900983, -78.3287425165"
117,Wilson,Wilson,Coastal,Commercial,Urban (>70% Developed),NASH ST,Urban,30 - 35  MPH,No Control Present,Clear,No,21,20-24,NA,No,Facing Traffic,O: No Injury,Bike Lane / Paved Shoulder,White,Male,70+,70+,NA,No,31-35 mph,O: No Injury,White,Female,Passenger Car,No,21MAR2014,Friday,Loss of Control / Turning Error,10,Non-Intersection,March,O: No Injury,10:45:00,Bicyclist Lost Control - Surface Conditions,2014,No,No,Daylight,Straight - Level,Local Street,Dry,"Two-Way, Not Divided",Other,No Special Feature,Coarse Asphalt,5 lanes,"35.7566750997, -77.9324223936"
76,Ayden,Pitt,Coastal,Residential,Mixed (30% To 70% Developed),NC 102,Rural,50 - 55  MPH,No Control Present,Clear,No,40,40-49,NA,No,With Traffic,C: Possible Injury,Travel Lane,White,Male,44,40-49,NA,No,46-50 mph,O: No Injury,White,Female,Passenger Car,No,26FEB2014,Wednesday,Bicyclist Left Turn / Merge,18,Intersection,February,C: Possible Injury,18:11:00,Bicyclist Left Turn - Same Direction,2014,No,No,Dusk,Straight - Level,NC Route,Dry,"Two-Way, Not Divided",None,No Special Feature,Smooth Asphalt,2 lanes,"35.4767790546, -77.4538922335"
114,Charlotte,Mecklenburg,Piedmont,Commercial,Urban (>70% Developed),RANDOLPH RD,Urban,30 - 35  MPH,No Control Present,Clear,No,57,50-59,NA,No,With Traffic,C: Possible Injury,Travel Lane,Black,Male,38,30-39,NA,No,NA,O: No Injury,Black,Male,Van,No,03APR2014,Thursday,Motorist Left Turn / Merge,8,Intersection,April,C: Possible Injury,08:16:00,Motorist Left Turn - Opposite Direction,2014,Yes,No,Daylight,Straight - Level,Local Street,Dry,"Two-Way, Not Divided",None,Four-Way Intersection,Smooth Asphalt,6 lanes,"35.1832468741, -80.8066932289"
111,Raleigh,Wake,Piedmont,Residential,Urban (>70% Developed),PVA 1414 BROOKSIDE DR,Urban,5 - 15 MPH,No Control Present,Clear,No,7,6-10,NA,No,Not Applicable,C: Possible Injury,Non-Roadway,Black,Male,37,30-39,NA,No,11-15 mph,O: No Injury,White,Male,Passenger Car,No,20MAR2014,Thursday,Non-Roadway,19,Non-Roadway,March,C: Possible Injury,19:26:00,Non-Roadway,2014,Yes,No,Daylight,Straight - Level,Public Vehicular Area,Dry,"Two-Way, Not Divided",None,No Special Feature,Smooth Asphalt,NA,"35.7977750841, -78.623552605"
105,Jacksonville,Onslow,Coastal,Commercial,Urban (>70% Developed),RICHARDS DR,Urban,30 - 35  MPH,No Control Present,Clear,No,6,6-10,NA,No,Facing Traffic,C: Possible Injury,Travel Lane,White,Male,50,50-59,NA,No,6-10 mph,O: No Injury,Black,Female,Passenger Car,No,11MAR2014,Tuesday,Head-On,16,Non-Intersection,March,C: Possible Injury,16:20:00,Head-On - Bicyclist,2014,No,No,Daylight,Straight - Level,Local Street,Dry,"Two-Way, Not Divided",None,No Special Feature,Coarse Asphalt,2 lanes,"34.7507168975, -77.4136021852"
193,Wilmington,New Hanover,Coastal,Residential,Urban (>70% Developed),SHIPYARD BLVD,Urban,40 - 45  MPH,No Control Present,Cloudy,No,12,11-15,NA,No,NA,B: Evident Injury,Travel Lane,White,Male,48,40-49,NA,No,36-40 mph,O: No Injury,White,Male,Sport Utility,No,29APR2014,Tuesday,Loss of Control / Turning Error,16,Intersection,April,B: Evident Injury,16:38:00,Bicyclist Lost Control - Mechanical Problems,2014,No,No,Daylight,Straight - Level,Local Street,Dry,"Two-Way, Divided, Positive Median Barrier",None,No Special Feature,Coarse Asphalt,4 lanes,"34.1916307569, -77.9359223164"
182,Charlotte,Mecklenburg,Piedmont,Residential,Urban (>70% Developed),CITY VIEW DR,Urban,30 - 35  MPH,Stop Sign,Clear,No,14,11-15,NA,No,With Traffic,B: Evident Injury,Travel Lane,Black,Male,46,40-49,NA,No,6-10 mph,O: No Injury,Asian,Male,Sport Utility,No,26APR2014,Saturday,Bicyclist Failed to Yield - Sign-Controlled Intersection,20,Intersection,April,B: Evident Injury,20:44:00,Bicyclist Ride Through - Sign-Controlled Intersection,2014,No,No,Dusk,Straight - Level,Local Street,Dry,"Two-Way, Not Divided",None,No Special Feature,Smooth Asphalt,2 lanes,"35.181306876, -80.7472182111"
211,None - Rural Crash,Chatham,Piedmont,"Farms, Woods, Pastures",Rural (<30% Developed),SR 1912,Rural,50 - 55  MPH,Stop Sign,Clear,No,35,30-39,NA,No,With Traffic,B: Evident Injury,Travel Lane,White,Male,52,50-59,NA,No,0-5 mph,O: No Injury,White,Male,Sport Utility,No,24MAY2014,Saturday,Motorist Failed to Yield - Sign-Controlled Intersection,11,Intersection,May,B: Evident Injury,11:48:00,Motorist Drive Out - Sign-Controlled Intersection,2014,Yes,No,Daylight,Straight - Level,State Secondary Route,Dry,"Two-Way, Not Divided",None,Four-Way Intersection,Smooth Asphalt,2 lanes,"35.6430470372, -79.0051067126"
174,Rocky Mount,Nash,Coastal,Residential,Urban (>70% Developed),W RALEIGH BLVD,Urban,40 - 45  MPH,No Control Present,Clear,No,10,6-10,NA,No,Not Applicable,C: Possible Injury,Travel Lane,Black,Female,50,50-59,NA,No,31-35 mph,O: No Injury,Black,Female,Passenger Car,No,06MAY2014,Tuesday,Bicyclist Failed to Yield - Midblock,17,Non-Intersection,May,C: Possible Injury,17:44:00,Bicyclist Ride Out - Midblock - Unknown,2014,Yes,No,Daylight,Straight - Level,Local Street,Dry,"Two-Way, Not Divided",None,No Special Feature,Grooved Concrete,4 lanes,"35.9230301392, -77.8224823686"
215,Greensboro,Guilford,Piedmont,Commercial,Urban (>70% Developed),THIRD ST,Urban,30 - 35  MPH,No Control Present,Clear,No,26,25-29,NA,No,Not Applicable,C: Possible Injury,Non-Roadway,Black,Male,16,0-19,NA,No,6-10 mph,O: No Injury,Black,Female,Passenger Car,No,31MAY2014,Saturday,Bicyclist Failed to Yield - Midblock,9,Non-Intersection,May,C: Possible Injury,09:53:00,Bicyclist Ride Out - Commercial Driveway / Alley,2014,Yes,No,Daylight,Straight - Level,Local Street,Dry,"Two-Way, Not Divided",None,"Driveway, Public",Smooth Asphalt,2 lanes,"36.0889121045, -79.7747929695"
198,Durham,Durham,Piedmont,Commercial,Urban (>70% Developed),EAST CHAPEL HILL ST,Urban,20 - 25  MPH,Stop And Go Signal,Clear,No,37,30-39,NA,No,With Traffic,O: No Injury,Travel Lane,White,Male,26,25-29,NA,No,11-15 mph,O: No Injury,Black,Female,Passenger Car,No,21MAY2014,Wednesday,Motorist Left Turn / Merge,17,Intersection,May,O: No Injury,17:00:00,Motorist Left Turn - Opposite Direction,2014,No,No,Daylight,Straight - Level,Local Street,Dry,"Two-Way, Not Divided",None,Four-Way Intersection,Smooth Asphalt,2 lanes,"35.9969371167, -78.9017127001"
205,Erwin,Harnett,Coastal,Commercial,Urban (>70% Developed),PVA ERWIN MILLS LOT,Rural,NA,No Control Present,Cloudy,No,32,30-39,NA,No,Not Applicable,B: Evident Injury,Non-Roadway,Black,Male,48,40-49,NA,No,0-5 mph,O: No Injury,White,Male,Police,No,15MAY2014,Thursday,Non-Roadway,15,Non-Roadway,May,B: Evident Injury,15:56:00,Non-Roadway,2014,Yes,No,Daylight,Straight - Level,Public Vehicular Area,Dry,"Two-Way, Not Divided",None,"Driveway, Public",Coarse Asphalt,NA,"35.3303219816, -78.6771025972"
1304,Greenville,Pitt,Coastal,Residential,Urban (>70% Developed),PVA MERIDIAN DRIVE,Urban,5 - 15 MPH,Stop Sign,Clear,No,10,6-10,No,NA,Facing Traffic,C: Possible Injury,Sidewalk / Crosswalk / Driveway Crossing,Black,Male,NA,NA,Missing,NA,0-5 mph,Unknown Injury,Unknown/Missing,NA,NA,No,28JUL2013,Sunday,Motorist Failed to Yield - Sign-Controlled Intersection,21,Intersection-Related,July,C: Possible Injury,21:05:00,Motorist Drive Out - Sign-Controlled Intersection,2013,Yes,Yes,Dusk,Straight - Level,Public Vehicular Area,Dry,"Two-Way, Not Divided",None,"Driveway, Public",Coarse Asphalt,2 lanes,"35.5918270815, -77.398102222"
1314,Hendersonville,Henderson,Mountains,Commercial,Urban (>70% Developed),SOUTH GROVE ST,Urban,20 - 25  MPH,Stop And Go Signal,Clear,No,27,25-29,No,NA,With Traffic,O: No Injury,Sidewalk / Crosswalk / Driveway Crossing,White,Male,29,25-29,No,NA,0-5 mph,O: No Injury,White,Female,Sport Utility,No,05AUG2013,Monday,Motorist Right Turn / Merge,11,Intersection,August,O: No Injury,11:01:00,Motorist Right Turn on Red - Same Direction,2013,No,No,Daylight,Straight - Level,Local Street,Dry,"Two-Way, Not Divided",None,No Special Feature,Smooth Asphalt,2 lanes,"35.3146668404, -82.4573037251"
1305,Asheville,Buncombe,Mountains,Commercial,Urban (>70% Developed),HILLARD AVE,Urban,20 - 25  MPH,Stop And Go Signal,Cloudy,No,19,16-19,No,NA,Facing Traffic,B: Evident Injury,Travel Lane,White,Female,62,60-69,No,NA,11-15 mph,O: No Injury,White,Male,Passenger Car,No,07JUL2013,Sunday,Loss of Control / Turning Error,13,Intersection,July,B: Evident Injury,13:17:00,Bicyclist Lost Control - Mechanical Problems,2013,Yes,No,Daylight,Straight - Grade,Local Street,Dry,"Two-Way, Not Divided",None,Four-Way Intersection,Coarse Asphalt,2 lanes,"35.5912068949, -82.552703769"
1311,Lilesville,Anson,Piedmont,Residential,Urban (>70% Developed),SR 1730,Rural,30 - 35  MPH,"Double Yellow Line, No Passing Zone",Clear,No,7,6-10,No,NA,With Traffic,C: Possible Injury,Travel Lane,Black,Male,59,50-59,No,NA,26-30 mph,O: No Injury,Black,Male,Passenger Car,No,19JUL2013,Friday,Motorist Overtaking Bicyclist,19,Non-Intersection,July,C: Possible Injury,19:51:00,Motorist Overtaking - Undetected Bicyclist,2013,Yes,No,Dusk,Curve - Level,State Secondary Route,Dry,"Two-Way, Not Divided",None,No Special Feature,Coarse Asphalt,2 lanes,"34.9742068582, -80.0054029776"
1337,High Point,Guilford,Piedmont,Residential,Urban (>70% Developed),NATHAN HUNT DR,Urban,30 - 35  MPH,Stop And Go Signal,Cloudy,No,24,20-24,No,NA,Facing Traffic,C: Possible Injury,Travel Lane,Black,Male,50,50-59,No,NA,0-5 mph,O: No Injury,White,Female,Passenger Car,No,12JUL2013,Friday,Loss of Control / Turning Error,10,Intersection,July,C: Possible Injury,10:15:00,Motorist Turning Error - Right Turn,2013,Yes,No,Daylight,Straight - Level,Local Street,Dry,"Two-Way, Not Divided",None,Four-Way Intersection,Smooth Asphalt,3 lanes,"35.9467670668, -79.9798030226"
1347,Nags Head,Dare,Coastal,Residential,Urban (>70% Developed),NC 12,Rural,30 - 35  MPH,No Control Present,Clear,No,4,0-5,No,NA,Facing Traffic,C: Possible Injury,Sidewalk / Crosswalk / Driveway Crossing,White,Male,61,60-69,No,NA,31-35 mph,O: No Injury,White,Female,Sport Utility,No,18JUL2013,Thursday,Other / Unusual Circumstances,17,Intersection,July,C: Possible Injury,17:22:00,Play Vehicle-Related,2013,Yes,No,Daylight,Straight - Level,US Route,Dry,"Two-Way, Not Divided",None,T-Intersection,Smooth Asphalt,2 lanes,"35.9706672224, -75.6316016987"
1328,None - Rural Crash,Union,Piedmont,"Farms, Woods, Pastures",Rural (<30% Developed),SR 1117,Rural,50 - 55  MPH,Stop Sign,Cloudy,No,47,40-49,No,NA,Facing Traffic,O: No Injury,Travel Lane,White,Female,70+,70+,No,NA,11-15 mph,O: No Injury,White,Male,Pickup,No,07AUG2013,Wednesday,Loss of Control / Turning Error,10,Intersection,August,O: No Injury,10:22:00,Motorist Turning Error - Left Turn,2013,No,No,Daylight,Straight - Level,State Secondary Route,Dry,"Two-Way, Not Divided",None,T-Intersection,Smooth Asphalt,2 lanes,"34.9034768173, -80.7215031885"
1324,Clemmons,Forsyth,Piedmont,Commercial,Urban (>70% Developed),CLEMMONS RD,Urban,30 - 35  MPH,Stop Sign,Cloudy,No,34,30-39,No,NA,Facing Traffic,B: Evident Injury,Travel Lane,Hispanic,Male,40,40-49,No,NA,6-10 mph,O: No Injury,White,Male,Pickup,No,11JUL2013,Thursday,Loss of Control / Turning Error,16,Intersection,July,B: Evident Injury,16:34:00,Motorist Turning Error - Right Turn,2013,Yes,No,Daylight,Straight - Grade,Local Street,Dry,"Two-Way, Not Divided",None,T-Intersection,Smooth Asphalt,4 lanes,"36.0252570685, -80.3708031452"
1319,Pineville,Mecklenburg,Piedmont,Residential,Urban (>70% Developed),PVA CAMDEN HABERSHAM APT,Rural,NA,No Control Present,Clear,No,50,50-59,No,NA,Not Applicable,A: Disabling Injury,Non-Roadway,Hispanic,Female,22,20-24,No,NA,0-5 mph,O: No Injury,White,Male,Passenger Car,No,16JUN2013,Sunday,Non-Roadway,16,Non-Roadway,June,A: Disabling Injury,16:32:00,Non-Roadway,2013,No,No,Daylight,Straight - Grade,Public Vehicular Area,Dry,"Two-Way, Not Divided",None,No Special Feature,Smooth Asphalt,2 lanes,"35.090366852, -80.8627032405"
1451,Kings Mountain,Cleveland,Mountains,Residential,Urban (>70% Developed),PHIFER ROAD,Urban,30 - 35  MPH,No Control Present,Clear,No,13,11-15,No,NA,Facing Traffic,C: Possible Injury,Sidewalk / Crosswalk / Driveway Crossing,White,Male,17,0-19,No,NA,11-15 mph,O: No Injury,White,Male,Passenger Car,No,12SEP2013,Thursday,Motorist Failed to Yield - Midblock,15,Non-Intersection,September,C: Possible Injury,15:40:00,Motorist Drive Out - Other Midblock,2013,Yes,No,Daylight,Straight - Hillcrest,Local Street,Dry,"Two-Way, Divided, Unprotected Median",None,No Special Feature,Smooth Asphalt,2 lanes,"35.2326968639, -81.3697033992"
1441,Greenville,Pitt,Coastal,Commercial,Urban (>70% Developed),PVA 609 SE GREENVILLE BLV,Urban,5 - 15 MPH,No Control Present,Clear,No,52,50-59,No,NA,Facing Traffic,O: No Injury,Sidewalk / Crosswalk / Driveway Crossing,White,Male,41,40-49,No,NA,0-5 mph,O: No Injury,White,Female,Passenger Car,No,20AUG2013,Tuesday,Motorist Failed to Yield - Midblock,15,Non-Intersection,August,O: No Injury,15:46:00,Motorist Drive Out - Commercial Driveway / Alley,2013,Yes,No,Daylight,Straight - Level,Public Vehicular Area,Dry,"Two-Way, Not Divided",None,"Driveway, Public",Smooth Asphalt,NA,"35.5850170813, -77.3712022129"
1449,None - Rural Crash,Craven,Coastal,"Farms, Woods, Pastures",Rural (<30% Developed),NC 43,Rural,50 - 55  MPH,"Double Yellow Line, No Passing Zone",Clear,No,69,60-69,No,NA,With Traffic,K: Killed,Travel Lane,White,Female,64,60-69,No,NA,51-55 mph,O: No Injury,White,Male,"Single Unit Truck (2-Axle, 6-Tire)",No,07SEP2013,Saturday,Bicyclist Left Turn / Merge,9,Intersection-Related,September,K: Killed,09:39:00,Bicyclist Left Turn - Same Direction,2013,Yes,No,Daylight,Straight - Level,NC Route,Dry,"Two-Way, Not Divided",None,No Special Feature,Smooth Asphalt,3 lanes,"35.193137004, -77.1320021212"
1443,Elizabeth City,Pasquotank,Coastal,Residential,Urban (>70% Developed),NORTH ROAD ST,Urban,40 - 45  MPH,Stop And Go Signal,Clear,Yes,16,16-19,No,NA,With Traffic,B: Evident Injury,Travel Lane,Black,Male,28,25-29,Yes,NA,41-45 mph,O: No Injury,Black,Male,Passenger Car,Yes,07AUG2013,Wednesday,Motorist Overtaking Bicyclist,22,Intersection,August,B: Evident Injury,22:00:00,Motorist Overtaking - Other / Unknown,2013,Yes,No,Dark - Lighted Roadway,Straight - Level,Local Street,Dry,"Two-Way, Not Divided",None,Related To Intersection,Smooth Asphalt,4 lanes,"36.3176572785, -76.2175018973"
1452,Black Mountain,Buncombe,Mountains,Residential,Urban (>70% Developed),MONTREAT RD,Urban,20 - 25  MPH,Stop Sign,Clear,No,13,11-15,No,NA,With Traffic,C: Possible Injury,Travel Lane,White,Male,21,20-24,No,NA,0-5 mph,O: No Injury,White,Female,Van,No,12SEP2013,Thursday,Bicyclist Failed to Yield - Sign-Controlled Intersection,17,Intersection,September,C: Possible Injury,17:40:00,Bicyclist Ride Through - Sign-Controlled Intersection,2013,Yes,No,Daylight,Straight - Level,Local Street,Dry,"Two-Way, Not Divided",None,No Special Feature,Smooth Asphalt,1 lane,"35.6302169123, -82.3193037031"
1458,Charlotte,Mecklenburg,Piedmont,Residential,Urban (>70% Developed),RAMA,Urban,30 - 35  MPH,No Control Present,Clear,No,66,60-69,No,NA,With Traffic,B: Evident Injury,Travel Lane,White,Male,40,40-49,No,NA,31-35 mph,B: Evident Injury,Hispanic,Female,Passenger Car,No,14SEP2013,Saturday,Motorist Overtaking Bicyclist,6,Non-Intersection,September,B: Evident Injury,06:59:00,Motorist Overtaking - Undetected Bicyclist,2013,Yes,No,Dawn,Straight - Level,Local Street,Dry,"Two-Way, Divided, Unprotected Median",None,No Special Feature,Coarse Asphalt,4 lanes,"35.1733568734, -80.7697032167"
1442,Greenville,Pitt,Coastal,Commercial,Urban (>70% Developed),STANTONSBURG RD,Urban,40 - 45  MPH,No Control Present,Clear,No,20,20-24,No,NA,Facing Traffic,B: Evident Injury,Travel Lane,Black,Female,41,40-49,No,NA,36-40 mph,O: No Injury,Other,Female,Sport Utility,No,07SEP2013,Saturday,Bicyclist Failed to Yield - Midblock,12,Non-Intersection,September,B: Evident Injury,12:49:00,Bicyclist Ride Out - Midblock - Unknown,2013,Yes,No,Daylight,Straight - Level,Local Street,Dry,"Two-Way, Not Divided",None,No Special Feature,Coarse Asphalt,5 lanes,"35.604927084, -77.4110022261"
1454,Winston-Salem,Forsyth,Piedmont,Residential,Urban (>70% Developed),LEIGHT ST,Urban,30 - 35  MPH,Stop Sign,Clear,No,30,30-39,No,NA,Facing Traffic,C: Possible Injury,Sidewalk / Crosswalk / Driveway Crossing,Black,Male,30,30-39,No,NA,6-10 mph,O: No Injury,Hispanic,Male,Pickup,No,18AUG2013,Sunday,Loss of Control / Turning Error,17,Intersection-Related,August,C: Possible Injury,17:31:00,Motorist Turning Error - Right Turn,2013,No,No,Daylight,Straight - Level,Local Street,Dry,"Two-Way, Not Divided",None,T-Intersection,Concrete,2 lanes,"36.0707770847, -80.1990030959"
1463,Fayetteville,Cumberland,Coastal,Commercial,Urban (>70% Developed),OWEN DR,Urban,40 - 45  MPH,No Control Present,Clear,No,45,40-49,No,NA,With Traffic,O: No Injury,Travel Lane,Black,Male,47,40-49,Yes,NA,6-10 mph,O: No Injury,White,Male,Motorcycle,Yes,27AUG2013,Tuesday,Motorist Overtaking Bicyclist,1,Non-Intersection,August,O: No Injury,01:16:00,Motorist Overtaking - Other / Unknown,2013,No,No,Dark - Lighted Roadway,Straight - Level,Local Street,Dry,"Two-Way, Not Divided",None,No Special Feature,Smooth Asphalt,5 lanes,"35.0180169055, -78.9081026511"