object_id,city,county,region,development,locality,on_road,rural_urban,speed_limit,traffic_control,weather,workzone,bike_age,bike_age_group,bike_alcohol,bike_alcohol_drugs,bike_direction,bike_injury,bike_position,bike_race,bike_sex,driver_age,driver_age_group,driver_alcohol,driver_alcohol_drugs,driver_est_speed,driver_injury,driver_race,driver_sex,driver_vehicle_type,crash_alcohol,crash_date,crash_day,crash_group,crash_hour,crash_location,crash_month,crash_severity,crash_time,crash_type,crash_year,ambulance_req,hit_run,light_condition,road_character,road_class,road_condition,road_configuration,road_defects,road_feature,road_surface,num_lanes,geo_point
1460,None - Rural Crash,New Hanover,Coastal,Commercial,Urban (>70% Developed),PVA FOODLION,Rural,NA,No Control Present,Clear,No,35,30-39,No,NA,Not Applicable,C: Possible Injury,Non-Roadway,White,Male,49,40-49,No,NA,0-5 mph,O: No Injury,White,Female,Passenger Car,No,14SEP2013,Saturday,Non-Roadway,0,Non-Roadway,September,C: Possible Injury,00:15:00,Non-Roadway,2013,No,No,Dark - Roadway Not Lighted,Straight - Level,Public Vehicular Area,Dry,"Two-Way, Not Divided",None,"Driveway, Public",Coarse Asphalt,2 lanes,"34.3097867846, -77.878102305"
1481,None - Rural Crash,Wake,Piedmont,Residential,Rural (<30% Developed),NC 96,Rural,40 - 45  MPH,"Double Yellow Line, No Passing Zone",Clear,No,20,20-24,No,NA,With Traffic,B: Evident Injury,Travel Lane,Black,Female,NA,NA,No,NA,41-45 mph,Unknown Injury,Unknown/Missing,NA,Sport Utility,No,20SEP2013,Friday,Motorist Overtaking Bicyclist,23,Intersection,September,B: Evident Injury,23:12:00,Motorist Overtaking - Other / Unknown,2013,Yes,Yes,Dark - Roadway Not Lighted,Straight - Hillcrest,NC Route,Dry,"Two-Way, Not Divided",None,No Special Feature,Coarse Asphalt,2 lanes,"35.8149570985, -78.3084025108"
1469,None - Rural Crash,Robeson,Coastal,"Farms, Woods, Pastures",Rural (<30% Developed),NC 71,Rural,50 - 55  MPH,No Control Present,Clear,No,54,50-59,Yes,NA,Not Applicable,O: No Injury,Driveway / Alley,Native American,Male,70+,70+,No,NA,41-45 mph,O: No Injury,Black,Male,Passenger Car,Yes,18SEP2013,Wednesday,Bicyclist Failed to Yield - Midblock,20,Non-Intersection,September,O: No Injury,20:03:00,Bicyclist Ride Out - Residential Driveway,2013,No,No,Dark - Roadway Not Lighted,Straight - Level,NC Route,Dry,"Two-Way, Not Divided",None,No Special Feature,Coarse Asphalt,2 lanes,"34.8027768471, -79.2448027416"
1497,Salisbury,Rowan,Piedmont,Residential,Urban (>70% Developed),E CEMETERY ST,Urban,30 - 35  MPH,Stop Sign,Clear,No,57,50-59,No,NA,With Traffic,Unknown Injury,Travel Lane,Black,Male,43,40-49,No,NA,21-25 mph,O: No Injury,White,Female,Sport Utility,No,26SEP2013,Thursday,Bicyclist Failed to Yield - Sign-Controlled Intersection,16,Intersection,September,O: No Injury,16:26:00,Bicyclist Ride Through - Sign-Controlled Intersection,2013,No,No,Daylight,Straight - Level,Local Street,Dry,"Two-Way, Not Divided",None,Four-Way Intersection,Smooth Asphalt,2 lanes,"35.6662869897, -80.4602031518"
1471,Ahoskie,Hertford,Coastal,Residential,Rural (<30% Developed),CATHERINE CREEK RD,Rural,30 - 35  MPH,No Control Present,Clear,No,40,40-49,Yes,NA,With Traffic,C: Possible Injury,Travel Lane,Black,Male,70+,70+,No,NA,31-35 mph,O: No Injury,Black,Female,Passenger Car,Yes,03AUG2013,Saturday,Parallel Paths - Other Circumstances,20,Intersection,August,C: Possible Injury,20:39:00,Parallel Paths - Other / Unknown,2013,Yes,No,Dark - Lighted Roadway,Straight - Level,Local Street,Dry,"Two-Way, Not Divided",None,No Special Feature,Coarse Asphalt,3 lanes,"36.2811972447, -76.9796021294"
1522,Charlotte,Mecklenburg,Piedmont,Commercial,Urban (>70% Developed),PVA 2732 WILKINSON BV,Urban,40 - 45  MPH,No Control Present,Clear,No,42,40-49,No,NA,Facing Traffic,C: Possible Injury,Sidewalk / Crosswalk / Driveway Crossing,Black,Male,40,40-49,No,NA,NA,O: No Injury,Black,Male,Sport Utility,No,30SEP2013,Monday,Motorist Failed to Yield - Midblock,19,Non-Intersection,September,C: Possible Injury,19:42:00,Motorist Drive Out - Commercial Driveway / Alley,2013,Yes,No,Dusk,Straight - Level,Public Vehicular Area,Dry,"Two-Way, Not Divided",None,No Special Feature,Smooth Asphalt,2 lanes,"35.2242868802, -80.8871032546"
1535,Jacksonville,Onslow,Coastal,Commercial,Urban (>70% Developed),NC 53,Urban,40 - 45  MPH,No Control Present,Clear,No,53,50-59,No,NA,Facing Traffic,C: Possible Injury,Travel Lane,Black,Male,20,20-24,No,NA,0-5 mph,O: No Injury,White,Female,Passenger Car,No,06SEP2013,Friday,Motorist Failed to Yield - Sign-Controlled Intersection,10,Intersection,September,C: Possible Injury,10:30:00,Motorist Drive Out - Sign-Controlled Intersection,2013,Yes,No,Daylight,Straight - Level,NC Route,Dry,"Two-Way, Not Divided",None,No Special Feature,Smooth Asphalt,7 lanes,"34.7689869028, -77.3853021775"
1539,Granite Falls,Caldwell,Mountains,Commercial,Urban (>70% Developed),PINEWOOD RD,Rural,30 - 35  MPH,No Control Present,Clear,No,14,11-15,No,NA,Not Applicable,B: Evident Injury,Travel Lane,White,Male,51,50-59,No,NA,16-20 mph,O: No Injury,White,Female,Passenger Car,No,23AUG2013,Friday,Bicyclist Failed to Yield - Midblock,16,Non-Intersection,August,B: Evident Injury,16:23:00,Bicyclist Ride Out - Commercial Driveway / Alley,2013,Yes,No,Daylight,Straight - Level,Local Street,Dry,"Two-Way, Not Divided",None,No Special Feature,Smooth Asphalt,2 lanes,"35.8114369843, -81.4337034509"
1509,None - Rural Crash,New Hanover,Coastal,Residential,Mixed (30% To 70% Developed),SR 1565,Rural,20 - 25  MPH,No Control Present,Clear,No,9,6-10,No,NA,With Traffic,C: Possible Injury,Travel Lane,Black,Female,61,60-69,No,NA,0-5 mph,O: No Injury,White,Female,Passenger Car,No,29SEP2013,Sunday,Bicyclist Overtaking Motorist,20,Non-Intersection,September,C: Possible Injury,20:30:00,Bicyclist Overtaking - Parked Vehicle,2013,No,No,Daylight,Straight - Level,State Secondary Route,Dry,"Two-Way, Not Divided",None,No Special Feature,Smooth Asphalt,2 lanes,"34.1567167506, -77.8939023026"
1533,Raleigh,Wake,Piedmont,Commercial,Urban (>70% Developed),E DAVIE ST,Urban,30 - 35  MPH,Stop And Go Signal,Clear,No,37,30-39,Yes,NA,Facing Traffic,K: Killed,Travel Lane,Black,Male,52,50-59,No,NA,11-15 mph,O: No Injury,Black,Male,Other Bus,Yes,18SEP2013,Wednesday,Bicyclist Failed to Yield - Signalized Intersection,23,Intersection,September,K: Killed,23:03:00,Bicyclist Ride Through - Signalized Intersection,2013,No,No,Dark - Lighted Roadway,Straight - Level,Local Street,Dry,"One-Way, Not Divided",None,Four-Way Intersection,Smooth Asphalt,2 lanes,"35.7755870786, -78.6383026084"
1599,Raleigh,Wake,Piedmont,Residential,Urban (>70% Developed),LAKE BOONE TRL,Urban,40 - 45  MPH,Stop And Go Signal,Clear,No,32,30-39,No,NA,Facing Traffic,B: Evident Injury,Sidewalk / Crosswalk / Driveway Crossing,White,Male,49,40-49,No,NA,0-5 mph,O: No Injury,White,Male,Van,No,02NOV2013,Saturday,Motorist Failed to Yield - Signalized Intersection,11,Intersection,November,B: Evident Injury,11:55:00,Motorist Drive Out - Right Turn on Red,2013,Yes,No,Daylight,Straight - Level,Local Street,Dry,"Two-Way, Divided, Unprotected Median",None,Four-Way Intersection,Coarse Asphalt,5 lanes,"35.815547085, -78.7051026312"
1577,Raleigh,Wake,Piedmont,Commercial,Urban (>70% Developed),AVENT FERRY RD,Urban,40 - 45  MPH,Stop Sign,Cloudy,No,21,20-24,No,NA,Facing Traffic,C: Possible Injury,Sidewalk / Crosswalk / Driveway Crossing,White,Male,50,50-59,No,NA,0-5 mph,O: No Injury,Black,Female,Passenger Car,No,18OCT2013,Friday,Motorist Failed to Yield - Sign-Controlled Intersection,11,Intersection,October,C: Possible Injury,11:07:00,Motorist Drive Out - Sign-Controlled Intersection,2013,No,No,Daylight,Straight - Level,Local Street,Dry,"Two-Way, Not Divided",None,No Special Feature,Coarse Asphalt,4 lanes,"35.7677870752, -78.695602625"
1477,Durham,Durham,Piedmont,Residential,Urban (>70% Developed),CHAPEL HILL RD,Urban,30 - 35  MPH,No Control Present,Cloudy,No,52,50-59,No,NA,With Traffic,C: Possible Injury,Travel Lane,White,Male,23,20-24,No,NA,31-35 mph,O: No Injury,Black,Male,Passenger Car,No,20SEP2013,Friday,Motorist Right Turn / Merge,13,Non-Intersection,September,C: Possible Injury,13:31:00,Motorist Right Turn - Same Direction,2013,No,No,Daylight,Straight - Level,Public Vehicular Area,Dry,"Two-Way, Not Divided",None,No Special Feature,Smooth Asphalt,2 lanes,"35.9898171147, -78.9243027071"
1479,None - Rural Crash,Dare,Coastal,Residential,Rural (<30% Developed),SR 1113,Rural,50 - 55  MPH,Human Control,Clear,No,25,25-29,No,NA,Facing Traffic,C: Possible Injury,Travel Lane,White,Male,30,30-39,No,NA,6-10 mph,O: No Injury,White,Male,Sport Utility,No,21SEP2013,Saturday,Head-On,8,Non-Intersection,September,C: Possible Injury,08:18:00,Head-On - Bicyclist,2013,Yes,No,Daylight,Straight - Level,State Secondary Route,Dry,"Two-Way, Not Divided",None,T-Intersection,Coarse Asphalt,2 lanes,"35.9065972042, -75.7748017399"
12,Cary,Wake,Piedmont,Commercial,Urban (>70% Developed),JAMES JACKSON AVE,Urban,30 - 35  MPH,No Control Present,Clear,No,55,50-59,NA,No,With Traffic,O: No Injury,Travel Lane,White,Male,41,40-49,NA,No,16-20 mph,O: No Injury,Asian,Male,Passenger Car,No,08JAN2014,Wednesday,Bicyclist Left Turn / Merge,19,Non-Intersection,January,O: No Injury,19:05:00,Bicyclist Left Turn - Same Direction,2014,No,No,Dark - Lighted Roadway,Straight - Level,Local Street,Dry,"Two-Way, Not Divided",None,No Special Feature,Smooth Asphalt,2 lanes,"35.7998990781, -78.8135786623"
16,Asheboro,Randolph,Piedmont,Commercial,Urban (>70% Developed),US 64,Urban,40 - 45  MPH,No Control Present,Rain,No,53,50-59,NA,No,With Traffic,C: Possible Injury,Travel Lane,White,Male,38,30-39,NA,No,NA,O: No Injury,Black,Female,Sport Utility,No,06JAN2014,Monday,Motorist Failed to Yield - Midblock,7,Non-Intersection,January,C: Possible Injury,07:14:00,Motorist Drive Out - Commercial Driveway / Alley,2014,Yes,No,Dawn,Straight - Level,US Route,Wet,"Two-Way, Not Divided",None,No Special Feature,Smooth Asphalt,5 lanes,"35.6870340175, -79.8262329619"
23,Greensboro,Guilford,Piedmont,Residential,Urban (>70% Developed),TEXTILE DR,Urban,30 - 35  MPH,Stop Sign,Clear,No,20,20-24,NA,No,With Traffic,B: Evident Injury,Travel Lane,Black,Male,NA,NA,NA,NA,6-10 mph,Unknown Injury,Unknown/Missing,NA,Passenger Car,No,20JAN2014,Monday,Parallel Paths - Other Circumstances,19,Intersection,January,B: Evident Injury,19:43:00,Motorist Turn / Merge - Other / Unknown,2014,Yes,Yes,Dark - Roadway Not Lighted,Straight - Level,Local Street,Dry,"Two-Way, Not Divided",None,No Special Feature,Smooth Asphalt,4 lanes,"36.0956531062, -79.7699229679"
33,Raleigh,Wake,Piedmont,Commercial,Urban (>70% Developed),WAKE FOREST RD,Urban,30 - 35  MPH,No Control Present,Clear,No,67,60-69,NA,No,With Traffic,C: Possible Injury,Travel Lane,White,Male,46,40-49,NA,No,0-5 mph,O: No Injury,Black,Male,Passenger Car,No,07FEB2014,Friday,Motorist Failed to Yield - Signalized Intersection,14,Intersection,February,C: Possible Injury,14:45:00,Motorist Drive Out - Right Turn on Red,2014,No,No,Daylight,Straight - Level,Local Street,Dry,"Two-Way, Not Divided",None,No Special Feature,Coarse Asphalt,NA,"35.8197930883, -78.6238026068"
38,High Point,Guilford,Piedmont,Commercial,Urban (>70% Developed),COLLEGE DR,Urban,40 - 45  MPH,Flashing Stop And Go Signal,Clear,No,54,50-59,NA,No,Facing Traffic,B: Evident Injury,Travel Lane,Black,Male,70+,70+,NA,No,36-40 mph,O: No Injury,White,Male,Sport Utility,No,20JAN2014,Monday,Bicyclist Failed to Yield - Signalized Intersection,17,Intersection,January,B: Evident Injury,17:49:00,Bicyclist Ride Through - Signalized Intersection,2014,Yes,No,Dark - Lighted Roadway,Straight - Level,Local Street,Dry,"Two-Way, Divided, Unprotected Median",None,No Special Feature,Coarse Asphalt,4 lanes,"35.9537040676, -79.9919770275"
39,None - Rural Crash,Duplin,Coastal,"Farms, Woods, Pastures",Rural (<30% Developed),1307,Rural,50 - 55  MPH,No Control Present,Clear,No,12,11-15,NA,No,Not Applicable,B: Evident Injury,Driveway / Alley,Other,Male,17,0-19,NA,No,26-30 mph,O: No Injury,Black,Male,Passenger Car,No,24FEB2014,Monday,Bicyclist Failed to Yield - Midblock,16,Non-Intersection,February,B: Evident Injury,16:27:00,Bicyclist Ride Out - Residential Driveway,2014,Yes,No,Daylight,Straight - Level,State Secondary Route,Dry,"Two-Way, Not Divided",None,No Special Feature,Coarse Asphalt,2 lanes,"35.0577419456, -77.9987223774"
46,Charlotte,Mecklenburg,Piedmont,Residential,Urban (>70% Developed),EAST BLVD,Urban,30 - 35  MPH,No Control Present,Clear,No,30,30-39,NA,No,With Traffic,C: Possible Injury,Travel Lane,White,Male,60,60-69,NA,No,26-30 mph,O: No Injury,White,Female,Passenger Car,No,21FEB2014,Friday,Motorist Right Turn / Merge,16,Intersection,February,C: Possible Injury,16:39:00,Motorist Right Turn - Same Direction,2014,Yes,No,Daylight,Straight - Level,Local Street,Dry,"Two-Way, Divided, Positive Median Barrier",None,No Special Feature,Smooth Asphalt,2 lanes,"35.1955898758, -80.8378932381"
49,Durham,Durham,Piedmont,Commercial,Urban (>70% Developed),N ROXBORO ST,Urban,30 - 35  MPH,No Control Present,Clear,No,49,40-49,NA,"Yes-Alcohol,  impairment suspected",Facing Traffic,C: Possible Injury,Travel Lane,Black,Male,32,30-39,NA,No,26-30 mph,O: No Injury,White,Male,Pickup,Yes,03MAR2014,Monday,Motorist Overtaking Bicyclist,6,Non-Intersection,March,C: Possible Injury,06:08:00,Motorist Overtaking - Undetected Bicyclist,2014,Yes,No,Dark - Lighted Roadway,Straight - Level,Local Street,Dry,"Two-Way, Divided, Unprotected Median",None,No Special Feature,Smooth Asphalt,4 lanes,"36.033721125, -78.891337699"
52,Charlotte,Mecklenburg,Piedmont,Commercial,Mixed (30% To 70% Developed),E WOODLAWN RD,Urban,30 - 35  MPH,No Control Present,Clear,No,20,20-24,NA,"Yes-Alcohol,  impairment suspected",Not Applicable,B: Evident Injury,Travel Lane,Hispanic,Male,43,40-49,NA,No,36-40 mph,O: No Injury,White,Female,Passenger Car,Yes,04MAR2014,Tuesday,Bicyclist Failed to Yield - Midblock,22,Non-Intersection,March,B: Evident Injury,22:51:00,Bicyclist Ride Out - Other Midblock,2014,Yes,No,Dark - Lighted Roadway,Straight - Level,Local Street,Dry,"Two-Way, Not Divided",None,No Special Feature,Coarse Asphalt,4 lanes,"35.1722628697, -80.8546932424"
70,Mint Hill,Mecklenburg,Piedmont,Residential,Urban (>70% Developed),WILSON GROVE RD,Urban,40 - 45  MPH,No Control Present,Clear,No,25,25-29,NA,No,With Traffic,C: Possible Injury,Travel Lane,Black,Male,NA,NA,NA,Missing,41-45 mph,Unknown Injury,Unknown/Missing,NA,NA,No,31JAN2014,Friday,Motorist Right Turn / Merge,12,Intersection,January,C: Possible Injury,12:20:00,Motorist Right Turn - Same Direction,2014,No,Yes,Daylight,Straight - Level,State Secondary Route,Dry,"Two-Way, Not Divided",None,T-Intersection,Smooth Asphalt,4 lanes,"35.2015268831, -80.6754731906"
71,Selma,Johnston,Coastal,Residential,Urban (>70% Developed),W LIZZIE ST,Urban,30 - 35  MPH,Stop Sign,Cloudy,No,16,16-19,NA,No,Facing Traffic,C: Possible Injury,Bike Lane / Paved Shoulder,White,Male,46,40-49,NA,No,6-10 mph,O: No Injury,Black,Female,Passenger Car,No,03FEB2014,Monday,Motorist Right Turn / Merge,18,Intersection,February,C: Possible Injury,18:25:00,Motorist Right Turn - Opposite Direction,2014,Yes,No,Dark - Unknown Lighting,Straight - Hillcrest,Local Street,Dry,"Two-Way, Not Divided",None,T-Intersection,Smooth Asphalt,3 lanes,"35.5403470404, -78.2810524882"
72,Mooresville,Iredell,Piedmont,"Farms, Woods, Pastures",Rural (<30% Developed),21,Urban,40 - 45  MPH,"Double Yellow Line, No Passing Zone",Clear,No,42,40-49,NA,No,With Traffic,O: No Injury,Travel Lane,White,Female,65,60-69,NA,No,36-40 mph,C: Possible Injury,Black,Male,Sport Utility,No,09FEB2014,Sunday,Motorist Overtaking Bicyclist,20,Non-Intersection,February,C: Possible Injury,20:02:00,Motorist Overtaking - Undetected Bicyclist,2014,Yes,No,Dark - Roadway Not Lighted,Straight - Level,US Route,Dry,"Two-Way, Not Divided",None,No Special Feature,Smooth Asphalt,2 lanes,"35.5999939616, -80.8389032606"
73,Zebulon,Wake,Piedmont,Commercial,Urban (>70% Developed),NC 97,Rural,30 - 35  MPH,Stop Sign,Rain,No,56,50-59,NA,"Yes-Alcohol,  impairment suspected",With Traffic,B: Evident Injury,Travel Lane,Black,Male,27,25-29,NA,No,31-35 mph,O: No Injury,White,Female,Passenger Car,Yes,17MAR2014,Monday,Loss of Control / Turning Error,20,Intersection,March,B: Evident Injury,20:14:00,Bicyclist Lost Control - Mechanical Problems,2014,No,No,Dark - Lighted Roadway,Straight - Level,NC Route,Wet,"Two-Way, Not Divided",None,No Special Feature,Coarse Asphalt,2 lanes,"35.8259001012, -78.3098925114"
78,Fayetteville,Cumberland,Coastal,Residential,Urban (>70% Developed),DODGE DR,Urban,20 - 25  MPH,Stop Sign,Clear,No,44,40-49,NA,No,With Traffic,C: Possible Injury,Travel Lane,Hispanic,Male,70+,70+,NA,No,0-5 mph,O: No Injury,Black,Male,Pickup,No,09FEB2014,Sunday,Motorist Failed to Yield - Sign-Controlled Intersection,18,Intersection,February,C: Possible Injury,18:21:00,Motorist Drive Out - Sign-Controlled Intersection,2014,Yes,No,Dark - Lighted Roadway,Straight - Level,Local Street,Dry,"Two-Way, Not Divided",None,Four-Way Intersection,Coarse Asphalt,5 lanes,"35.0926999195, -78.9786786763"
79,Fayetteville,Cumberland,Coastal,Commercial,Urban (>70% Developed),PVA 6891 CLIFFDALE RD,Urban,5 - 15 MPH,No Control Present,Clear,No,54,50-59,NA,No,Not Applicable,C: Possible Injury,Non-Roadway,Black,Male,NA,NA,NA,Missing,0-5 mph,Unknown Injury,Unknown/Missing,NA,NA,No,15FEB2014,Saturday,Non-Roadway,12,Non-Roadway,February,C: Possible Injury,12:13:00,Non-Roadway,2014,No,Yes,Daylight,Straight - Level,Public Vehicular Area,Dry,"Two-Way, Not Divided",None,No Special Feature,Coarse Asphalt,NA,"35.0594929109, -79.0115426838"
81,None - Rural Crash,Henderson,Mountains,"Farms, Woods, Pastures",Rural (<30% Developed),1196,Rural,50 - 55  MPH,"Double Yellow Line, No Passing Zone",Clear,No,16,16-19,NA,No,With Traffic,A: Disabling Injury,Travel Lane,White,Female,21,20-24,NA,No,11-15 mph,O: No Injury,White,Female,Passenger Car,No,19MAR2014,Wednesday,Motorist Left Turn / Merge,17,Non-Intersection,March,A: Disabling Injury,17:01:00,Motorist Left Turn - Opposite Direction,2014,Yes,No,Daylight,Curve - Grade,State Secondary Route,Dry,"Two-Way, Not Divided",None,"Driveway, Private",Smooth Asphalt,2 lanes,"35.2733528285, -82.5489437498"
90,Greenville,Pitt,Coastal,Residential,Urban (>70% Developed),HOLDEN DR,Urban,30 - 35  MPH,Stop Sign,Clear,No,8,6-10,NA,No,Facing Traffic,B: Evident Injury,Travel Lane,Black,Male,19,0-19,NA,No,16-20 mph,C: Possible Injury,White,Male,Passenger Car,No,09MAR2014,Sunday,Bicyclist Failed to Yield - Sign-Controlled Intersection,18,Intersection,March,B: Evident Injury,18:59:00,Bicyclist Ride Through - Sign-Controlled Intersection,2014,Yes,No,Daylight,Straight - Level,Local Street,Dry,"Two-Way, Not Divided",None,Four-Way Intersection,Smooth Asphalt,2 lanes,"35.5677640774, -77.3637872101"
95,Lumberton,Robeson,Coastal,Residential,Urban (>70% Developed),PVA 300 PEARL ST,Urban,NA,No Control Present,Clear,No,30,30-39,NA,No,Not Applicable,O: No Injury,Travel Lane,Black,Male,25,25-29,NA,No,0-5 mph,O: No Injury,Black,Female,Passenger Car,No,11MAR2014,Tuesday,Non-Roadway,17,Non-Roadway,March,O: No Injury,17:12:00,Non-Roadway,2014,No,No,Daylight,Straight - Level,Public Vehicular Area,Dry,"Two-Way, Not Divided",None,No Special Feature,Coarse Asphalt,NA,"34.5947338091, -79.0355176679"
96,None - Rural Crash,Haywood,Mountains,Residential,Mixed (30% To 70% Developed),1883,Rural,30 - 35  MPH,"Double Yellow Line, No Passing Zone",Clear,No,15,11-15,NA,No,Not Applicable,C: Possible Injury,Travel Lane,White,Male,18,0-19,NA,No,26-30 mph,O: No Injury,White,Female,Passenger Car,No,27MAR2014,Thursday,Bicyclist Failed to Yield - Midblock,18,Non-Intersection,March,C: Possible Injury,18:29:00,Bicyclist Ride Out - Other Midblock,2014,Yes,No,Daylight,Straight - Level,State Secondary Route,Dry,"Two-Way, Not Divided",None,No Special Feature,Coarse Asphalt,2 lanes,"35.4811928584, -82.8926738638"
98,Charlotte,Mecklenburg,Piedmont,Residential,Urban (>70% Developed),JULIA AV,Urban,30 - 35  MPH,No Control Present,Clear,No,5,0-5,NA,No,Not Applicable,B: Evident Injury,Travel Lane,Black,Male,53,50-59,NA,No,31-35 mph,O: No Injury,Black,Male,Passenger Car,No,24MAR2014,Monday,Bicyclist Failed to Yield - Midblock,17,Non-Intersection,March,B: Evident Injury,17:54:00,Bicyclist Ride Out - Other Midblock,2014,Yes,No,Daylight,Straight - Level,Local Street,Dry,"One-Way, Not Divided",None,No Special Feature,Smooth Asphalt,2 lanes,"35.2661928903, -80.839458243"
99,Mount Airy,Surry,Mountains,Residential,Urban (>70% Developed),WORTH ST,Urban,30 - 35  MPH,Stop And Go Signal,Cloudy,No,15,11-15,NA,No,NA,C: Possible Injury,Travel Lane,Black,Male,70+,70+,NA,No,26-30 mph,O: No Injury,White,Male,Passenger Car,No,22MAR2014,Saturday,Crossing Paths - Other Circumstances,13,Intersection,March,C: Possible Injury,13:20:00,Signalized Intersection - Other / Unknown,2014,No,No,Daylight,Straight - Bottom,Local Street,Dry,"Two-Way, Not Divided",None,Four-Way Intersection,Smooth Asphalt,2 lanes,"36.4903771575, -80.6061032425"
102,New Bern,Craven,Coastal,Commercial,Urban (>70% Developed),17,Urban,50 - 55  MPH,Stop Sign,Clear,No,51,50-59,NA,No,Facing Traffic,C: Possible Injury,Travel Lane,White,Female,41,40-49,NA,No,0-5 mph,O: No Injury,Asian,Male,Passenger Car,No,27MAR2014,Thursday,Motorist Failed to Yield - Midblock,16,Non-Intersection,March,C: Possible Injury,16:46:00,Motorist Drive Out - Commercial Driveway / Alley,2014,Yes,No,Daylight,Straight - Level,US Route,Dry,"Two-Way, Divided, Unprotected Median",None,No Special Feature,Smooth Asphalt,6 lanes,"35.105306986, -77.0813221012"
103,Raleigh,Wake,Piedmont,Residential,Urban (>70% Developed),N RALEIGH BLVD,Urban,40 - 45  MPH,Stop And Go Signal,Clear,No,20,20-24,NA,No,With Traffic,B: Evident Injury,Travel Lane,Black,Male,39,30-39,NA,No,36-40 mph,O: No Injury,Black,Male,Passenger Car,No,30MAR2014,Sunday,Bicyclist Failed to Yield - Signalized Intersection,17,Intersection,March,B: Evident Injury,17:01:00,Bicyclist Ride Through - Signalized Intersection,2014,Yes,No,Daylight,Straight - Level,Local Street,Dry,"Two-Way, Not Divided",None,No Special Feature,Coarse Asphalt,6 lanes,"35.77761408, -78.6139126015"
104,Jacksonville,Onslow,Coastal,Commercial,Urban (>70% Developed),ONSLOW DR,Urban,30 - 35  MPH,Stop And Go Signal,Clear,No,24,20-24,NA,No,Facing Traffic,C: Possible Injury,Sidewalk / Crosswalk / Driveway Crossing,White,Male,38,30-39,NA,No,31-35 mph,O: No Injury,White,Male,Pickup,No,08MAR2014,Saturday,Crossing Paths - Other Circumstances,23,Intersection,March,C: Possible Injury,23:25:00,Crossing Paths - Uncontrolled Intersection,2014,Yes,No,Dark - Lighted Roadway,Straight - Level,State Secondary Route,Dry,"Two-Way, Divided, Unprotected Median",None,Four-Way Intersection,Smooth Asphalt,3 lanes,"34.7608328997, -77.4151821862"
109,Raleigh,Wake,Piedmont,Commercial,Urban (>70% Developed),WAKEFIELD PINES DR,Urban,20 - 25  MPH,No Control Present,Clear,No,16,16-19,NA,No,With Traffic,B: Evident Injury,Travel Lane,White,Male,NA,NA,NA,Missing,16-20 mph,Unknown Injury,Unknown/Missing,NA,NA,No,01APR2014,Tuesday,Parallel Paths - Other Circumstances,21,Non-Intersection,April,B: Evident Injury,21:56:00,Parallel Paths - Other / Unknown,2014,Yes,Yes,Dark - Lighted Roadway,Straight - Hillcrest,Local Street,Dry,"Two-Way, Not Divided",None,No Special Feature,Smooth Asphalt,2 lanes,"35.941882117, -78.5582325928"
115,None - Rural Crash,Duplin,Coastal,"Farms, Woods, Pastures",Rural (<30% Developed),SR 1102,Rural,50 - 55  MPH,"Double Yellow Line, No Passing Zone",Clear,No,56,50-59,NA,"Yes- Alcohol and Drugs, impairment suspected",With Traffic,C: Possible Injury,Travel Lane,Black,Male,70+,70+,NA,No,36-40 mph,O: No Injury,Black,Male,Pickup,Yes,01APR2014,Tuesday,Motorist Overtaking Bicyclist,19,Non-Intersection,April,C: Possible Injury,19:10:00,Motorist Overtaking - Other / Unknown,2014,Yes,No,Daylight,Straight - Level,State Secondary Route,Dry,"Two-Way, Not Divided",None,No Special Feature,Coarse Asphalt,2 lanes,"34.8218418949, -77.9585523541"
120,Charlotte,Mecklenburg,Piedmont,Commercial,Urban (>70% Developed),E W T HARRIS BLVD,Urban,NA,No Control Present,Clear,No,13,11-15,NA,No,Facing Traffic,C: Possible Injury,Sidewalk / Crosswalk / Driveway Crossing,Black,Male,25,25-29,NA,No,6-10 mph,O: No Injury,Black,Female,Passenger Car,No,06APR2014,Sunday,Motorist Failed to Yield - Midblock,18,Non-Intersection,April,C: Possible Injury,18:23:00,Motorist Drive Out - Commercial Driveway / Alley,2014,Yes,No,Daylight,Curve - Grade,Public Vehicular Area,Dry,"Two-Way, Not Divided",None,No Special Feature,Smooth Asphalt,2 lanes,"35.199866881, -80.7260032049"
125,Charlotte,Mecklenburg,Piedmont,Commercial,Urban (>70% Developed),W SUGAR CREEK RD,Urban,30 - 35  MPH,Stop And Go Signal,Clear,No,57,50-59,NA,No,With Traffic,C: Possible Injury,Sidewalk / Crosswalk / Driveway Crossing,Black,Male,63,60-69,NA,No,0-5 mph,O: No Injury,Black,Male,Sport Utility,No,09APR2014,Wednesday,Motorist Failed to Yield - Signalized Intersection,8,Intersection,April,C: Possible Injury,08:02:00,Motorist Drive Out - Signalized Intersection,2014,Yes,No,Daylight,Straight - Level,Local Street,Dry,"Two-Way, Not Divided",None,Four-Way Intersection,Smooth Asphalt,6 lanes,"35.2766148944, -80.7933532292"
126,Statesville,Iredell,Piedmont,Commercial,Urban (>70% Developed),OAKDALE DR,Urban,30 - 35  MPH,Stop Sign,Clear,No,52,50-59,NA,No,With Traffic,K: Killed,Travel Lane,White,Male,33,30-39,NA,No,6-10 mph,O: No Injury,White,Male,Sport Utility,No,03APR2014,Thursday,Motorist Failed to Yield - Sign-Controlled Intersection,18,Intersection,April,K: Killed,18:06:00,Motorist Drive Out - Sign-Controlled Intersection,2014,Yes,No,Daylight,Straight - Grade,State Secondary Route,Dry,"Two-Way, Not Divided",None,Four-Way Intersection,Smooth Asphalt,2 lanes,"35.7989340022, -80.8819832846"