object_id,city,county,region,development,locality,on_road,rural_urban,speed_limit,traffic_control,weather,workzone,bike_age,bike_age_group,bike_alcohol,bike_alcohol_drugs,bike_direction,bike_injury,bike_position,bike_race,bike_sex,driver_age,driver_age_group,driver_alcohol,driver_alcohol_drugs,driver_est_speed,driver_injury,driver_race,driver_sex,driver_vehicle_type,crash_alcohol,crash_date,crash_day,crash_group,crash_hour,crash_location,crash_month,crash_severity,crash_time,crash_type,crash_year,ambulance_req,hit_run,light_condition,road_character,road_class,road_condition,road_configuration,road_defects,road_feature,road_surface,num_lanes,geo_point
132,Raleigh,Wake,Piedmont,Commercial,Urban (>70% Developed),FALLS OF NEUSE RD,Urban,5 - 15 MPH,Stop And Go Signal,Clear,No,60,60-69,NA,No,Facing Traffic,B: Evident Injury,Sidewalk / Crosswalk / Driveway Crossing,Other,Male,16,0-19,NA,No,0-5 mph,O: No Injury,White,Male,Passenger Car,No,10APR2014,Thursday,Motorist Failed to Yield - Signalized Intersection,9,Intersection,April,B: Evident Injury,09:04:00,Motorist Drive Out - Signalized Intersection,2014,No,No,Daylight,Straight - Level,Public Vehicular Area,Dry,"Two-Way, Not Divided",None,"Driveway, Public",Smooth Asphalt,NA,"35.8751871006, -78.6233526096"
135,Raleigh,Wake,Piedmont,Commercial,Urban (>70% Developed),E MARTIN ST,Urban,30 - 35  MPH,Stop And Go Signal,Cloudy,Yes,28,25-29,NA,No,With Traffic,C: Possible Injury,Travel Lane,Black,Male,70+,70+,NA,No,6-10 mph,O: No Injury,Black,Male,Passenger Car,No,15APR2014,Tuesday,Motorist Left Turn / Merge,10,Intersection,April,C: Possible Injury,10:30:00,Motorist Left Turn - Opposite Direction,2014,Yes,No,Daylight,Straight - Level,Local Street,Wet,"Two-Way, Not Divided",Work Zone,Four-Way Intersection,Smooth Asphalt,NA,"35.7768130791, -78.6366526081"
139,Pembroke,Robeson,Coastal,Commercial,Urban (>70% Developed),EAST THIRD STREET,Rural,30 - 35  MPH,No Control Present,Cloudy,No,48,40-49,NA,"Yes-Alcohol,  impairment suspected",With Traffic,C: Possible Injury,Travel Lane,Native American,Male,18,0-19,NA,No,21-25 mph,O: No Injury,Native American,Male,Sport Utility,Yes,15APR2014,Tuesday,Motorist Overtaking Bicyclist,16,Non-Intersection,April,C: Possible Injury,16:56:00,Motorist Overtaking - Undetected Bicyclist,2014,Yes,No,Daylight,Straight - Level,Local Street,Wet,"Two-Way, Divided, Unprotected Median",None,No Special Feature,Coarse Asphalt,4 lanes,"34.6776418224, -79.1905727185"
140,Elizabeth City,Pasquotank,Coastal,Commercial,Urban (>70% Developed),N ROAD ST,Urban,40 - 45  MPH,No Control Present,Cloudy,Yes,16,16-19,NA,No,With Traffic,B: Evident Injury,Sidewalk / Crosswalk / Driveway Crossing,White,Male,31,30-39,NA,No,41-45 mph,O: No Injury,Black,Female,Passenger Car,No,15APR2014,Tuesday,Bicyclist Left Turn / Merge,12,Non-Intersection,April,B: Evident Injury,12:10:00,Bicyclist Left Turn - Same Direction,2014,Yes,No,Daylight,Straight - Level,Local Street,Wet,"Two-Way, Divided, Unprotected Median",None,No Special Feature,Coarse Asphalt,4 lanes,"36.3147692777, -76.2179518965"
141,Charlotte,Mecklenburg,Piedmont,Residential,Urban (>70% Developed),KILDARE DR,Urban,20 - 25  MPH,Stop Sign,Rain,No,36,30-39,NA,No,Facing Traffic,C: Possible Injury,Travel Lane,White,Male,62,60-69,NA,No,0-5 mph,O: No Injury,Black,Female,Passenger Car,No,18APR2014,Friday,Motorist Failed to Yield - Sign-Controlled Intersection,21,Intersection,April,C: Possible Injury,21:21:00,Motorist Drive Out - Sign-Controlled Intersection,2014,Yes,No,Dark - Lighted Roadway,Straight - Level,Local Street,Wet,"Two-Way, Not Divided",None,No Special Feature,Smooth Asphalt,2 lanes,"35.2466368893, -80.7563892166"
150,None - Rural Crash,Randolph,Piedmont,"Farms, Woods, Pastures",Rural (<30% Developed),SR 2900,Rural,50 - 55  MPH,No Control Present,Clear,No,13,11-15,NA,No,Not Applicable,A: Disabling Injury,Travel Lane,Black,Male,70+,70+,NA,No,41-45 mph,C: Possible Injury,White,Female,Passenger Car,No,21APR2014,Monday,Bicyclist Failed to Yield - Midblock,17,Non-Intersection,April,A: Disabling Injury,17:05:00,Bicyclist Ride Out - Midblock - Unknown,2014,Yes,No,Daylight,Straight - Level,State Secondary Route,Dry,"Two-Way, Not Divided",None,No Special Feature,Smooth Asphalt,2 lanes,"35.5881870013, -79.6896329162"
151,None - Rural Crash,Buncombe,Mountains,Residential,Rural (<30% Developed),3074,Rural,40 - 45  MPH,"Double Yellow Line, No Passing Zone",Rain,No,21,20-24,NA,No,With Traffic,C: Possible Injury,Travel Lane,White,Male,61,60-69,NA,No,0-5 mph,O: No Injury,White,Male,Passenger Car,No,19APR2014,Saturday,Motorist Left Turn / Merge,15,Non-Intersection,April,C: Possible Injury,15:03:00,Motorist Left Turn - Opposite Direction,2014,No,No,Daylight,Straight - Grade,State Secondary Route,Wet,"Two-Way, Not Divided",None,"Driveway, Private",Smooth Asphalt,2 lanes,"35.5394928862, -82.4869937469"
157,Boone,Watauga,Mountains,Residential,Urban (>70% Developed),NA,Urban,20 - 25  MPH,Stop And Go Signal,Clear,No,19,16-19,NA,No,With Traffic,C: Possible Injury,Sidewalk / Crosswalk / Driveway Crossing,White,Female,53,50-59,NA,No,6-10 mph,O: No Injury,White,Female,Passenger Car,No,25APR2014,Friday,Motorist Right Turn / Merge,17,Non-Intersection,April,C: Possible Injury,17:30:00,Motorist Right Turn - Same Direction,2014,No,No,Daylight,Straight - Level,Local Street,Dry,"Two-Way, Divided, Unprotected Median",None,No Special Feature,Smooth Asphalt,4 lanes,"36.2154170584, -81.6831775481"
165,Fayetteville,Cumberland,Coastal,Residential,Urban (>70% Developed),SEVENTY FIRST SCHOOL R,Urban,40 - 45  MPH,No Control Present,Cloudy,No,19,16-19,NA,No,With Traffic,B: Evident Injury,Bike Lane / Paved Shoulder,Black,Male,NA,NA,NA,Missing,NA,Unknown Injury,Unknown/Missing,NA,NA,No,14APR2014,Monday,Bicyclist Left Turn / Merge,21,Non-Intersection,April,B: Evident Injury,21:20:00,Bicyclist Left Turn - Same Direction,2014,Yes,Yes,Dark - Lighted Roadway,Straight - Level,Local Street,Dry,"Two-Way, Not Divided",None,No Special Feature,Coarse Asphalt,2 lanes,"35.0568729106, -79.0120126838"
171,Greenville,Pitt,Coastal,Commercial,Urban (>70% Developed),PVA 211 E ARLINGTON BV,Urban,30 - 35  MPH,No Control Present,Clear,No,19,16-19,NA,No,Facing Traffic,C: Possible Injury,Sidewalk / Crosswalk / Driveway Crossing,Black,Female,26,25-29,NA,No,0-5 mph,O: No Injury,White,Female,Passenger Car,No,01MAY2014,Thursday,Motorist Failed to Yield - Midblock,12,Non-Intersection,May,C: Possible Injury,12:32:00,Motorist Drive Out - Commercial Driveway / Alley,2014,Yes,No,Daylight,Straight - Level,Local Street,Dry,"Two-Way, Not Divided",None,No Special Feature,Smooth Asphalt,5 lanes,"35.588569082, -77.3744072148"
179,Raleigh,Wake,Piedmont,Commercial,Urban (>70% Developed),HILLSBOROUGH ST,Urban,5 - 15 MPH,No Control Present,Cloudy,No,23,20-24,NA,No,Facing Traffic,C: Possible Injury,Sidewalk / Crosswalk / Driveway Crossing,White,Female,39,30-39,NA,No,0-5 mph,O: No Injury,White,Female,Van,No,07MAY2014,Wednesday,Motorist Failed to Yield - Midblock,11,Non-Intersection,May,C: Possible Injury,11:22:00,Motorist Drive Out - Commercial Driveway / Alley,2014,Yes,No,Daylight,Straight - Level,Public Vehicular Area,Dry,"Two-Way, Divided, Unprotected Median",None,No Special Feature,Smooth Asphalt,3 lanes,"35.7849730799, -78.6593626149"
180,None - Rural Crash,Caldwell,Mountains,Residential,Mixed (30% To 70% Developed),SR 1233,Rural,20 - 25  MPH,No Control Present,Clear,No,NA,NA,NA,No,With Traffic,B: Evident Injury,Travel Lane,White,Male,41,40-49,NA,No,11-15 mph,O: No Injury,White,Female,Sport Utility,No,03MAY2014,Saturday,Crossing Paths - Other Circumstances,10,Intersection,May,B: Evident Injury,10:02:00,Crossing Paths - Uncontrolled Intersection,2014,No,No,Daylight,Straight - Level,State Secondary Route,Dry,"Two-Way, Not Divided",None,T-Intersection,Coarse Asphalt,2 lanes,"35.7961339778, -81.5219234757"
181,Lumberton,Robeson,Coastal,Residential,Urban (>70% Developed),7TH ST,Urban,30 - 35  MPH,"Double Yellow Line, No Passing Zone",Clear,No,70+,70+,NA,No,Facing Traffic,B: Evident Injury,Travel Lane,White,Male,47,40-49,NA,No,31-35 mph,O: No Injury,Black,Male,Passenger Car,No,28MAR2014,Friday,Head-On,15,Non-Intersection,March,B: Evident Injury,15:03:00,Head-On - Bicyclist,2014,No,No,Daylight,Straight - Grade,Local Street,Dry,"Two-Way, Not Divided",None,No Special Feature,Coarse Asphalt,2 lanes,"34.6212838164, -78.992742656"
184,None - Rural Crash,Catawba,Piedmont,"Farms, Woods, Pastures",Rural (<30% Developed),SR 1849,Rural,40 - 45  MPH,Stop Sign,Clear,No,14,11-15,NA,No,With Traffic,O: No Injury,Travel Lane,Black,Male,61,60-69,NA,No,31-35 mph,O: No Injury,White,Male,Passenger Car,No,28APR2014,Monday,Bicyclist Failed to Yield - Sign-Controlled Intersection,13,Intersection,April,O: No Injury,13:46:00,Bicyclist Ride Through - Sign-Controlled Intersection,2014,No,No,Daylight,Curve - Level,State Secondary Route,Dry,"Two-Way, Not Divided",None,T-Intersection,Smooth Asphalt,2 lanes,"35.5834799511, -81.0289633165"
187,Raleigh,Wake,Piedmont,Commercial,Urban (>70% Developed),E EDENTON ST,Urban,30 - 35  MPH,Stop And Go Signal,Clear,No,28,25-29,NA,No,With Traffic,O: No Injury,Travel Lane,White,Male,35,30-39,NA,No,21-25 mph,O: No Injury,White,Male,Passenger Car,No,05MAY2014,Monday,Bicyclist Failed to Yield - Signalized Intersection,18,Intersection,May,O: No Injury,18:45:00,Bicyclist Ride Through - Signalized Intersection,2014,No,No,Daylight,Straight - Level,Local Street,Dry,"One-Way, Not Divided",None,Four-Way Intersection,Smooth Asphalt,6 lanes,"35.7810620797, -78.6347926082"
189,Weddington,Union,Piedmont,Residential,Mixed (30% To 70% Developed),SR 1344,Urban,40 - 45  MPH,"Double Yellow Line, No Passing Zone",Clear,No,49,40-49,NA,No,With Traffic,B: Evident Injury,Travel Lane,White,Male,70+,70+,NA,No,31-35 mph,O: No Injury,White,Male,Van,No,07MAY2014,Wednesday,Motorist Overtaking Bicyclist,19,Non-Intersection,May,B: Evident Injury,19:35:00,Motorist Overtaking - Other / Unknown,2014,Yes,No,Daylight,Straight - Level,State Secondary Route,Dry,"Two-Way, Not Divided",None,No Special Feature,Smooth Asphalt,2 lanes,"35.045660847, -80.7392832015"
191,Raleigh,Wake,Piedmont,Commercial,Urban (>70% Developed),GORMAN ST,Urban,30 - 35  MPH,Stop Sign,Clear,No,22,20-24,NA,No,With Traffic,C: Possible Injury,Travel Lane,Other,Male,68,60-69,NA,No,26-30 mph,O: No Injury,Black,Male,Passenger Car,No,17MAY2014,Saturday,Bicyclist Failed to Yield - Sign-Controlled Intersection,14,Intersection,May,C: Possible Injury,14:08:00,Bicyclist Ride Through - Sign-Controlled Intersection,2014,Yes,No,Daylight,Straight - Level,Local Street,Dry,"Two-Way, Not Divided",None,No Special Feature,Concrete,2 lanes,"35.7860440792, -78.6870626236"
196,Cary,Wake,Piedmont,Residential,Urban (>70% Developed),NW CARY PKWY,Urban,40 - 45  MPH,No Control Present,Clear,No,31,30-39,NA,No,With Traffic,O: No Injury,Travel Lane,White,Female,32,30-39,NA,No,NA,O: No Injury,White,Female,Passenger Car,No,29APR2014,Tuesday,Bicyclist Overtaking Motorist,18,Non-Intersection,April,O: No Injury,18:22:00,Bicyclist Overtaking - Other / Unknown,2014,No,No,Daylight,Straight - Level,State Secondary Route,Dry,"Two-Way, Divided, Unprotected Median",None,No Special Feature,Smooth Asphalt,4 lanes,"35.7901070752, -78.8273626668"
209,Wilmington,NA,Coastal,Commercial,Urban (>70% Developed),4400 MARKET ST,Urban,5 - 15 MPH,Stop And Go Signal,Cloudy,No,25,25-29,NA,No,Facing Traffic,C: Possible Injury,Sidewalk / Crosswalk / Driveway Crossing,Black,Male,70+,70+,NA,No,11-15 mph,O: No Injury,Black,Male,Passenger Car,No,15MAY2014,Thursday,Motorist Failed to Yield - Midblock,17,Non-Intersection,May,C: Possible Injury,17:01:00,Motorist Drive Out - Commercial Driveway / Alley,2014,No,No,Daylight,Straight - Level,Local Street,Dry,"Two-Way, Not Divided",None,No Special Feature,Coarse Asphalt,4 lanes,"34.2422517693, -77.8921623057"
214,None - Rural Crash,Onslow,Coastal,"Farms, Woods, Pastures",Rural (<30% Developed),SR 1434,Rural,50 - 55  MPH,"Double Yellow Line, No Passing Zone",Clear,No,30,30-39,NA,No,With Traffic,C: Possible Injury,Other,White,Male,59,50-59,NA,No,41-45 mph,O: No Injury,White,Male,Pickup,No,12MAY2014,Monday,Motorist Overtaking Bicyclist,21,Non-Intersection,May,C: Possible Injury,21:55:00,Motorist Overtaking - Other / Unknown,2014,No,No,Dark - Roadway Not Lighted,Straight - Level,State Secondary Route,Dry,"Two-Way, Not Divided",None,No Special Feature,Smooth Asphalt,2 lanes,"34.7149838978, -77.1630571071"
218,Surf City,Pender,Coastal,Commercial,Mixed (30% To 70% Developed),ROLAND AVE,Rural,30 - 35  MPH,Stop And Go Signal,Clear,No,10,6-10,NA,No,With Traffic,C: Possible Injury,Travel Lane,White,Male,20,20-24,NA,No,31-35 mph,O: No Injury,White,Male,Passenger Car,No,01JUN2014,Sunday,Bicyclist Failed to Yield - Signalized Intersection,13,Intersection,June,C: Possible Injury,13:00:00,Bicyclist Ride Through - Signalized Intersection,2014,No,No,Daylight,Straight - Level,Local Street,Dry,"Two-Way, Divided, Unprotected Median",None,Four-Way Intersection,Coarse Asphalt,3 lanes,"34.4263528219, -77.5454822094"
228,Durham,Durham,Piedmont,Commercial,Urban (>70% Developed),MOREHEAD AVE,Urban,30 - 35  MPH,Stop Sign,Clear,No,13,11-15,NA,No,Facing Traffic,C: Possible Injury,Travel Lane,Black,Male,37,30-39,NA,No,0-5 mph,O: No Injury,Hispanic,Male,"Light Truck (Mini-Van, Panel)",No,01JUN2014,Sunday,Motorist Failed to Yield - Sign-Controlled Intersection,21,Intersection,June,C: Possible Injury,21:50:00,Motorist Drive Out - Sign-Controlled Intersection,2014,Yes,No,Dark - Lighted Roadway,Straight - Level,Local Street,Dry,"Two-Way, Not Divided",None,No Special Feature,Coarse Asphalt,2 lanes,"35.9919811145, -78.9214887061"
231,Raleigh,Wake,Piedmont,Residential,Urban (>70% Developed),E MARTIN ST,Urban,30 - 35  MPH,Stop Sign,Clear,No,7,6-10,NA,No,With Traffic,B: Evident Injury,Travel Lane,Black,Male,70+,70+,NA,No,26-30 mph,O: No Injury,Black,Male,"Light Truck (Mini-Van, Panel)",No,29MAY2014,Thursday,Bicyclist Failed to Yield - Sign-Controlled Intersection,18,Intersection,May,B: Evident Injury,18:04:00,Bicyclist Ride Through - Sign-Controlled Intersection,2014,Yes,No,Daylight,Straight - Hillcrest,Local Street,Dry,"Two-Way, Not Divided",Non-Highway Work,No Special Feature,Grooved Concrete,2 lanes,"35.7762070792, -78.6182526028"
237,Raleigh,Wake,Piedmont,Residential,Urban (>70% Developed),PVA 3302 NEW BERN RIDGE DR,Urban,20 - 25  MPH,No Control Present,Clear,No,5,0-5,NA,No,Not Applicable,B: Evident Injury,Non-Roadway,Black,Male,26,25-29,NA,No,11-15 mph,O: No Injury,Black,Female,Passenger Car,No,05JUN2014,Thursday,Non-Roadway,20,Non-Roadway,June,B: Evident Injury,20:23:00,Non-Roadway,2014,Yes,No,Dark - Lighted Roadway,Straight - Level,Public Vehicular Area,Dry,"Two-Way, Not Divided",None,"Driveway, Public",Smooth Asphalt,NA,"35.792317084, -78.5816925918"
238,None - Rural Crash,Dare,Coastal,Residential,Urban (>70% Developed),SR 1217,Rural,30 - 35  MPH,"Double Yellow Line, No Passing Zone",Clear,No,21,20-24,NA,No,With Traffic,B: Evident Injury,Travel Lane,White,Male,43,40-49,NA,No,31-35 mph,O: No Injury,White,Male,Pickup,No,23MAY2014,Friday,Motorist Left Turn / Merge,9,Intersection,May,B: Evident Injury,09:09:00,Motorist Left Turn - Opposite Direction,2014,Yes,No,Daylight,Straight - Level,State Secondary Route,Dry,"Two-Way, Not Divided",None,T-Intersection,Coarse Asphalt,2 lanes,"36.0132132291, -75.711785726"
241,Greensboro,Guilford,Piedmont,Commercial,Urban (>70% Developed),E FRIENDLY AV,Urban,30 - 35  MPH,Stop And Go Signal,Clear,No,51,50-59,NA,No,Facing Traffic,B: Evident Injury,Travel Lane,Hispanic,Male,56,50-59,NA,No,21-25 mph,O: No Injury,White,Male,Passenger Car,No,10JUN2014,Tuesday,Bicyclist Failed to Yield - Signalized Intersection,16,Intersection,June,B: Evident Injury,16:42:00,Bicyclist Ride Through - Signalized Intersection,2014,Yes,No,Daylight,Straight - Level,Local Street,Dry,"Two-Way, Divided, Unprotected Median",None,No Special Feature,Smooth Asphalt,2 lanes,"36.0730131008, -79.7832429712"
242,Lumberton,Robeson,Coastal,Commercial,Urban (>70% Developed),ROBERTS AVE,Urban,40 - 45  MPH,No Control Present,Cloudy,No,35,30-39,NA,No,Facing Traffic,Unknown Injury,Bike Lane / Paved Shoulder,Unknown/Missing,NA,NA,NA,NA,Missing,6-10 mph,Unknown Injury,Unknown/Missing,NA,NA,No,27MAY2014,Tuesday,Motorist Failed to Yield - Midblock,22,Non-Intersection,May,Unknown Injury,22:46:00,Motorist Drive Out - Commercial Driveway / Alley,2014,No,Yes,Dark - Lighted Roadway,Straight - Level,Local Street,Wet,"Two-Way, Not Divided",None,No Special Feature,Coarse Asphalt,5 lanes,"34.6142868156, -78.9799926516"
243,Raleigh,Wake,Piedmont,Residential,Urban (>70% Developed),N NEW HOPE RD,Urban,20 - 25  MPH,No Control Present,Clear,No,24,20-24,NA,No,Facing Traffic,C: Possible Injury,Sidewalk / Crosswalk / Driveway Crossing,Hispanic,Male,NA,NA,NA,Missing,6-10 mph,Unknown Injury,Unknown/Missing,NA,Sport Utility,No,11JUN2014,Wednesday,Motorist Failed to Yield - Midblock,14,Non-Intersection,June,C: Possible Injury,14:56:00,Motorist Drive Out - Residential Driveway,2014,Yes,Yes,Dusk,Straight - Level,Public Vehicular Area,Dry,"Two-Way, Not Divided",None,No Special Feature,Coarse Asphalt,2 lanes,"35.8501120965, -78.5785475943"
248,Durham,Durham,Piedmont,Residential,Urban (>70% Developed),E GEER ST,Urban,NA,Stop And Go Signal,Cloudy,No,28,25-29,NA,No,With Traffic,C: Possible Injury,Sidewalk / Crosswalk / Driveway Crossing,White,Female,NA,NA,NA,Missing,NA,Unknown Injury,Unknown/Missing,NA,Passenger Car,No,15JUN2014,Sunday,Motorist Left Turn / Merge,21,Intersection,June,C: Possible Injury,21:08:00,Motorist Left Turn - Opposite Direction,2014,No,Yes,Dark - Lighted Roadway,Straight - Level,Local Street,Dry,"Two-Way, Not Divided",None,Four-Way Intersection,Smooth Asphalt,2 lanes,"36.0033671186, -78.8930726978"
253,None - Rural Crash,Moore,Piedmont,Commercial,Rural (<30% Developed),SR 2077,Rural,40 - 45  MPH,No Control Present,Clear,No,43,40-49,NA,No,With Traffic,B: Evident Injury,Travel Lane,White,Male,24,20-24,NA,No,41-45 mph,O: No Injury,White,Male,"Single Unit Truck (2-Axle, 6-Tire)",No,02JUN2014,Monday,Motorist Overtaking Bicyclist,7,Non-Intersection,June,B: Evident Injury,07:52:00,Motorist Overtaking - Other / Unknown,2014,Yes,No,Daylight,Straight - Level,State Secondary Route,Dry,"Two-Way, Not Divided",None,No Special Feature,Coarse Asphalt,2 lanes,"35.0974649056, -79.402338804"
259,Greenville,Pitt,Coastal,Institutional,Urban (>70% Developed),S PITT ST,Urban,20 - 25  MPH,Stop And Go Signal,Clear,No,21,20-24,NA,No,With Traffic,C: Possible Injury,Sidewalk / Crosswalk / Driveway Crossing,Other,Female,65,60-69,NA,No,16-20 mph,O: No Injury,White,Male,Pickup,No,13JUN2014,Friday,Loss of Control / Turning Error,12,Intersection,June,C: Possible Injury,12:20:00,Bicyclist Lost Control - Mechanical Problems,2014,Yes,No,Daylight,Straight - Level,Local Street,Dry,"One-Way, Not Divided",None,No Special Feature,Smooth Asphalt,2 lanes,"35.611767087, -77.3761522167"
261,None - Rural Crash,Cleveland,Mountains,Institutional,Mixed (30% To 70% Developed),198,Rural,40 - 45  MPH,"Double Yellow Line, No Passing Zone",Clear,No,52,50-59,NA,No,With Traffic,B: Evident Injury,Travel Lane,White,Male,NA,NA,NA,Missing,21-25 mph,Unknown Injury,Unknown/Missing,NA,NA,No,04JUN2014,Wednesday,Motorist Left Turn / Merge,22,Intersection,June,B: Evident Injury,22:46:00,Motorist Left Turn - Opposite Direction,2014,Yes,Yes,Dark - Roadway Not Lighted,Straight - Level,NC Route,Dry,"Two-Way, Not Divided",None,T-Intersection,Coarse Asphalt,2 lanes,"35.2035748517, -81.5316834449"
283,Charlotte,Mecklenburg,Piedmont,Residential,Rural (<30% Developed),PVA 7029 FERNWOOD DRIVE,Urban,5 - 15 MPH,No Control Present,Clear,No,7,6-10,NA,No,Not Applicable,C: Possible Injury,Non-Roadway,Black,Male,32,30-39,NA,No,0-5 mph,O: No Injury,White,Male,Passenger Car,No,25JUN2014,Wednesday,Non-Roadway,18,Non-Roadway,June,C: Possible Injury,18:52:00,Non-Roadway,2014,Yes,No,Daylight,Straight - Level,Public Vehicular Area,Dry,"Two-Way, Not Divided",None,No Special Feature,Smooth Asphalt,2 lanes,"35.1544338697, -80.7531392113"
301,Greensboro,Guilford,Piedmont,Commercial,Urban (>70% Developed),RANDLEMAN RD,Urban,5 - 15 MPH,No Control Present,Clear,No,70+,70+,NA,No,Not Applicable,K: Killed,Travel Lane,Black,Male,57,50-59,NA,No,26-30 mph,O: No Injury,Black,Male,"Single Unit Truck (2-Axle, 6-Tire)",No,20JUN2014,Friday,Crossing Paths - Other Circumstances,10,Intersection,June,K: Killed,10:44:00,Crossing Paths - Uncontrolled Intersection,2014,Yes,No,Daylight,Straight - Grade,Local Street,Dry,"Two-Way, Not Divided",None,No Special Feature,Smooth Asphalt,6 lanes,"36.0359800924, -79.8002829739"
308,None - Rural Crash,Union,Piedmont,"Farms, Woods, Pastures",Rural (<30% Developed),SR 1137,Rural,40 - 45  MPH,"Double Yellow Line, No Passing Zone",Clear,No,23,20-24,NA,"Yes-Alcohol,  impairment suspected",With Traffic,B: Evident Injury,Travel Lane,White,Male,NA,NA,NA,NA,31-35 mph,Unknown Injury,Unknown/Missing,NA,NA,Yes,27JUN2014,Friday,Loss of Control / Turning Error,12,Non-Intersection,June,B: Evident Injury,12:25:00,Motorist Lost Control - Other / Unknown,2014,Yes,Yes,Dark - Roadway Not Lighted,Straight - Level,State Secondary Route,Dry,"Two-Way, Not Divided",None,No Special Feature,Smooth Asphalt,2 lanes,"34.9221108227, -80.6744331757"
311,Holden Beach,Brunswick,Coastal,Commercial,Urban (>70% Developed),SR 1116,Rural,30 - 35  MPH,No Control Present,Clear,No,32,30-39,NA,No,With Traffic,B: Evident Injury,Travel Lane,White,Male,19,0-19,NA,No,6-10 mph,O: No Injury,White,Female,Passenger Car,No,08JUN2014,Sunday,Motorist Left Turn / Merge,7,Intersection,June,B: Evident Injury,07:56:00,Motorist Left Turn - Same Direction,2014,No,No,Daylight,Straight - Level,State Secondary Route,Dry,"Two-Way, Not Divided",None,T-Intersection,Coarse Asphalt,2 lanes,"33.913966684, -78.2693124043"
322,Greensboro,Guilford,Piedmont,Commercial,Urban (>70% Developed),S EUGENE ST,Urban,30 - 35  MPH,Stop And Go Signal,Clear,No,28,25-29,NA,No,With Traffic,B: Evident Injury,Travel Lane,Black,Male,19,0-19,NA,No,31-35 mph,O: No Injury,Black,Female,Passenger Car,No,13JUL2014,Sunday,Motorist Failed to Yield - Signalized Intersection,16,Intersection,July,B: Evident Injury,16:59:00,Motorist Drive Through - Signalized Intersection,2014,Yes,No,Daylight,Straight - Level,Local Street,Dry,"Two-Way, Divided, Unprotected Median",None,Four-Way Intersection,Smooth Asphalt,5 lanes,"36.0689470995, -79.794237974"
323,Charlotte,Mecklenburg,Piedmont,Commercial,Urban (>70% Developed),PVA 8445 DAVIS LAKE PY,Urban,5 - 15 MPH,Stop Sign,Clear,No,17,16-19,NA,No,Not Applicable,B: Evident Injury,Sidewalk / Crosswalk / Driveway Crossing,White,Male,26,25-29,NA,No,6-10 mph,O: No Injury,Hispanic,Male,Sport Utility,No,06JUL2014,Sunday,Non-Roadway,17,Non-Roadway,July,B: Evident Injury,17:00:00,Non-Roadway,2014,No,No,Daylight,Straight - Grade,Public Vehicular Area,Dry,"Two-Way, Not Divided",Other,"Driveway, Public",Smooth Asphalt,2 lanes,"35.3346439062, -80.8129992386"
326,Franklin,Macon,Mountains,Commercial,Urban (>70% Developed),US 441,Rural,40 - 45  MPH,Stop And Go Signal,Clear,No,17,16-19,NA,No,With Traffic,A: Disabling Injury,Sidewalk / Crosswalk / Driveway Crossing,White,Male,25,25-29,NA,No,11-15 mph,O: No Injury,White,Female,Van,No,17JUL2014,Thursday,Motorist Left Turn / Merge,22,Intersection,July,A: Disabling Injury,22:03:00,Motorist Left Turn - Opposite Direction,2014,Yes,No,Dark - Roadway Not Lighted,Straight - Level,US Route,Dry,"Two-Way, Not Divided",None,Four-Way Intersection,Smooth Asphalt,5 lanes,"35.1872667785, -83.3711939866"
335,Greenville,Pitt,Coastal,Residential,Urban (>70% Developed),MILLBROOK ST,Urban,40 - 45  MPH,No Control Present,Clear,No,57,50-59,NA,"Yes- Alcohol and Drugs, impairment suspected",With Traffic,C: Possible Injury,Travel Lane,White,Male,NA,NA,NA,Missing,41-45 mph,Unknown Injury,Unknown/Missing,NA,NA,Yes,13JUL2014,Sunday,Motorist Overtaking Bicyclist,21,Intersection-Related,July,C: Possible Injury,21:16:00,Motorist Overtaking - Other / Unknown,2014,No,Yes,Dusk,Straight - Level,Local Street,Dry,"Two-Way, Not Divided",None,No Special Feature,Coarse Asphalt,2 lanes,"35.5890340817, -77.3885372194"
336,Gastonia,Gaston,Piedmont,Residential,Mixed (30% To 70% Developed),SPENCER AVE,Urban,30 - 35  MPH,No Control Present,Clear,No,27,25-29,NA,No,With Traffic,C: Possible Injury,Travel Lane,White,Male,NA,NA,NA,Missing,11-15 mph,Unknown Injury,Unknown/Missing,NA,NA,No,04JUN2014,Wednesday,Motorist Overtaking Bicyclist,21,Non-Intersection,June,C: Possible Injury,21:37:00,Motorist Overtaking - Other / Unknown,2014,No,Yes,Dark - Lighted Roadway,Straight - Level,Local Street,Dry,"Two-Way, Divided, Unprotected Median",None,No Special Feature,Smooth Asphalt,2 lanes,"35.247679873, -81.2024133497"
338,None - Rural Crash,Robeson,Coastal,"Farms, Woods, Pastures",Rural (<30% Developed),PP KELSEY DR,Rural,5 - 15 MPH,No Control Present,Clear,No,22,20-24,NA,No,Facing Traffic,C: Possible Injury,Travel Lane,Native American,Male,42,40-49,NA,No,0-5 mph,O: No Injury,Native American,Male,Passenger Car,No,05JUN2014,Thursday,Motorist Failed to Yield - Sign-Controlled Intersection,7,Intersection,June,C: Possible Injury,07:43:00,Motorist Drive Out - Sign-Controlled Intersection,2014,Yes,No,Daylight,Straight - Level,NC Route,Dry,"Two-Way, Not Divided",None,"Driveway, Private",Coarse Asphalt,2 lanes,"34.6393568214, -78.9570926459"