object_id,city,county,region,development,locality,on_road,rural_urban,speed_limit,traffic_control,weather,workzone,bike_age,bike_age_group,bike_alcohol,bike_alcohol_drugs,bike_direction,bike_injury,bike_position,bike_race,bike_sex,driver_age,driver_age_group,driver_alcohol,driver_alcohol_drugs,driver_est_speed,driver_injury,driver_race,driver_sex,driver_vehicle_type,crash_alcohol,crash_date,crash_day,crash_group,crash_hour,crash_location,crash_month,crash_severity,crash_time,crash_type,crash_year,ambulance_req,hit_run,light_condition,road_character,road_class,road_condition,road_configuration,road_defects,road_feature,road_surface,num_lanes,geo_point
1482,Morrisville,Wake,Piedmont,Residential,Urban (>70% Developed),PVA SUMMIT RIDGE LOOP,Urban,5 - 15 MPH,Stop Sign,Clear,No,14,11-15,No,NA,Facing Traffic,B: Evident Injury,Sidewalk / Crosswalk / Driveway Crossing,Black,Male,22,20-24,No,NA,0-5 mph,O: No Injury,Black,Female,Passenger Car,No,09SEP2013,Monday,Crossing Paths - Other Circumstances,15,Intersection,September,B: Evident Injury,15:20:00,Sign-Controlled Intersection - Other / Unknown,2013,Yes,No,Daylight,Straight - Level,Public Vehicular Area,Dry,"Two-Way, Not Divided",None,Y-Intersection,Smooth Asphalt,2 lanes,"35.8124270799, -78.8184026646"
1464,Clinton,Sampson,Coastal,Residential,Urban (>70% Developed),JOHNSON ST,Urban,30 - 35  MPH,No Control Present,Clear,No,15,11-15,No,NA,With Traffic,B: Evident Injury,Travel Lane,White,Male,NA,NA,No,NA,31-35 mph,Unknown Injury,Unknown/Missing,NA,Pickup,No,16SEP2013,Monday,Crossing Paths - Other Circumstances,15,Intersection,September,B: Evident Injury,15:53:00,Sign-Controlled Intersection - Other / Unknown,2013,Yes,Yes,Daylight,Straight - Level,Local Street,Dry,"Two-Way, Divided, Unprotected Median",None,Four-Way Intersection,Coarse Asphalt,2 lanes,"35.0016669219, -78.3269024748"
1480,Charlotte,Mecklenburg,Piedmont,Residential,Mixed (30% To 70% Developed),DIXIE RIVER RD,Urban,40 - 45  MPH,No Control Present,Clear,No,43,40-49,No,NA,With Traffic,B: Evident Injury,Travel Lane,White,Male,35,30-39,No,NA,0-5 mph,O: No Injury,White,Male,Pickup,No,15SEP2013,Sunday,Parallel Paths - Other Circumstances,18,Intersection-Related,September,B: Evident Injury,18:59:00,Motorist Turn / Merge - Other / Unknown,2013,Yes,No,Daylight,Straight - Level,Local Street,Dry,"Two-Way, Divided, Unprotected Median",None,No Special Feature,Smooth Asphalt,1 lane,"35.1626368639, -80.9701032765"
1472,None - Rural Crash,Brunswick,Coastal,"Farms, Woods, Pastures",Rural (<30% Developed),US 17,Rural,50 - 55  MPH,No Control Present,Clear,No,51,50-59,No,NA,With Traffic,B: Evident Injury,Travel Lane,White,Male,19,0-19,No,NA,41-45 mph,O: No Injury,White,Male,Sport Utility,No,18SEP2013,Wednesday,Motorist Overtaking Bicyclist,7,Non-Intersection,September,B: Evident Injury,07:38:00,Motorist Overtaking - Undetected Bicyclist,2013,Yes,No,Daylight,Straight - Level,US Route,Dry,"Two-Way, Not Divided",None,No Special Feature,Coarse Asphalt,2 lanes,"34.0376467128, -78.2227023962"
1468,Raleigh,Wake,Piedmont,Residential,Urban (>70% Developed),PINE KNOLL DRIVE,Urban,30 - 35  MPH,Stop Sign,Clear,No,12,11-15,No,NA,With Traffic,A: Disabling Injury,Travel Lane,Black,Female,36,30-39,No,NA,31-35 mph,O: No Injury,White,Male,Passenger Car,No,14SEP2013,Saturday,Crossing Paths - Other Circumstances,18,Intersection,September,A: Disabling Injury,18:15:00,Sign-Controlled Intersection - Other / Unknown,2013,Yes,No,Daylight,Straight - Grade,Local Street,Dry,"Two-Way, Not Divided",None,T-Intersection,Smooth Asphalt,2 lanes,"35.8287270923, -78.5874025958"
1490,None - Rural Crash,Wake,Piedmont,"Farms, Woods, Pastures",Rural (<30% Developed),SR 2000,Rural,40 - 45  MPH,Stop And Go Signal,Clear,No,65,60-69,No,NA,Facing Traffic,C: Possible Injury,Sidewalk / Crosswalk / Driveway Crossing,White,Male,32,30-39,No,NA,0-5 mph,O: No Injury,Hispanic,Female,Van,No,23SEP2013,Monday,Motorist Failed to Yield - Sign-Controlled Intersection,14,Intersection,September,C: Possible Injury,14:11:00,Motorist Drive Out - Sign-Controlled Intersection,2013,No,No,Daylight,Straight - Level,State Secondary Route,Dry,"Two-Way, Not Divided",None,No Special Feature,Coarse Asphalt,2 lanes,"35.9167171108, -78.5942026027"
1486,Elizabeth City,Pasquotank,Coastal,Commercial,Urban (>70% Developed),W EHRINGHAUS ST,Urban,30 - 35  MPH,Stop And Go Signal,Clear,No,30,30-39,No,NA,With Traffic,C: Possible Injury,Travel Lane,Black,Female,50,50-59,No,NA,0-5 mph,O: No Injury,Black,Female,Passenger Car,No,13SEP2013,Friday,Bicyclist Failed to Yield - Signalized Intersection,22,Intersection,September,C: Possible Injury,22:36:00,Bicyclist Ride Through - Signalized Intersection,2013,Yes,No,Dark - Lighted Roadway,Straight - Level,Local Street,Dry,"Two-Way, Not Divided",None,Four-Way Intersection,Smooth Asphalt,4 lanes,"36.2949372726, -76.2387019027"
1492,Hendersonville,Henderson,Mountains,Residential,Urban (>70% Developed),5TH AVE,Urban,20 - 25  MPH,Stop And Go Signal,Clear,No,38,30-39,No,NA,With Traffic,O: No Injury,Travel Lane,White,Male,46,40-49,No,NA,0-5 mph,O: No Injury,White,Female,Passenger Car,No,17SEP2013,Tuesday,Backing Vehicle,17,Intersection-Related,September,O: No Injury,17:15:00,Backing Vehicle,2013,No,Yes,Daylight,Straight - Level,Local Street,Dry,"Two-Way, Not Divided",None,No Special Feature,Smooth Asphalt,2 lanes,"35.3169768409, -82.4664037288"
1461,Roanoke Rapids,Halifax,Coastal,Residential,Urban (>70% Developed),PP W 3RD ST,Urban,20 - 25  MPH,No Control Present,Other,No,15,11-15,No,NA,NA,B: Evident Injury,Sidewalk / Crosswalk / Driveway Crossing,Black,Female,23,20-24,No,NA,21-25 mph,O: No Injury,Black,Female,Passenger Car,No,11SEP2013,Wednesday,Loss of Control / Turning Error,16,Intersection-Related,September,B: Evident Injury,16:00:00,Motorist Lost Control - Other / Unknown,2013,No,No,Daylight,Straight - Level,NA,NA,"Two-Way, Not Divided",NA,Other,Concrete,2 lanes,"36.4685072608, -77.6535023459"
1453,Burlington,Alamance,Piedmont,Residential,Rural (<30% Developed),CHANDLER AVE,Urban,20 - 25  MPH,No Control Present,Clear,No,32,30-39,No,NA,With Traffic,B: Evident Injury,Travel Lane,White,Male,NA,NA,Missing,NA,NA,Unknown Injury,Unknown/Missing,NA,NA,No,06SEP2013,Friday,Parallel Paths - Other Circumstances,17,Non-Intersection,September,B: Evident Injury,17:00:00,Parallel Paths - Other / Unknown,2013,No,Yes,Daylight,Straight - Level,Local Street,Dry,"Two-Way, Not Divided",None,No Special Feature,Smooth Asphalt,2 lanes,"36.1104471219, -79.4246028651"
1444,Kernersville,Forsyth,Piedmont,Commercial,Urban (>70% Developed),NC 66,Urban,40 - 45  MPH,No Control Present,Clear,No,45,40-49,No,NA,With Traffic,Unknown Injury,Travel Lane,White,Male,17,0-19,No,NA,6-10 mph,O: No Injury,White,Male,Passenger Car,No,22AUG2013,Thursday,Motorist Failed to Yield - Sign-Controlled Intersection,13,Intersection,August,O: No Injury,13:06:00,Motorist Drive Out - Sign-Controlled Intersection,2013,Yes,No,Daylight,Straight - Level,Local Street,Dry,"Two-Way, Not Divided",None,No Special Feature,Smooth Asphalt,NA,"36.0953270949, -80.0612030552"
1434,Goldsboro,Wayne,Coastal,Commercial,Urban (>70% Developed),E NEW HOPE RD,Urban,30 - 35  MPH,Stop And Go Signal,Cloudy,No,13,11-15,No,NA,Facing Traffic,B: Evident Injury,Travel Lane,Black,Male,57,50-59,No,NA,11-15 mph,O: No Injury,White,Female,Sport Utility,No,22AUG2013,Thursday,Bicyclist Failed to Yield - Midblock,16,Non-Intersection,August,B: Evident Injury,16:18:00,Bicyclist Ride Out - Midblock - Unknown,2013,Yes,No,Daylight,Straight - Level,Local Street,Dry,"Two-Way, Not Divided",None,No Special Feature,Smooth Asphalt,3 lanes,"35.38863702, -77.9196023699"
1456,Raleigh,Wake,Piedmont,Commercial,Urban (>70% Developed),BOYLAN AVE,Urban,30 - 35  MPH,No Control Present,Clear,No,13,11-15,No,NA,With Traffic,O: No Injury,Sidewalk / Crosswalk / Driveway Crossing,White,Male,27,25-29,No,NA,0-5 mph,O: No Injury,Asian,Female,Passenger Car,No,30AUG2013,Friday,Motorist Right Turn / Merge,16,Intersection,August,O: No Injury,16:26:00,Motorist Right Turn - Same Direction,2013,No,No,Daylight,Straight - Level,Local Street,Dry,"Two-Way, Not Divided",None,Four-Way Intersection,Smooth Asphalt,4 lanes,"35.7807570799, -78.6490026123"
1518,Charlotte,Mecklenburg,Piedmont,Commercial,Urban (>70% Developed),2607 W ARROWOOD RD,Urban,40 - 45  MPH,Stop Sign,Clear,No,58,50-59,No,NA,Not Applicable,C: Possible Injury,Sidewalk / Crosswalk / Driveway Crossing,White,Male,54,50-59,No,NA,26-30 mph,O: No Injury,Black,Female,Passenger Car,No,02OCT2013,Wednesday,Crossing Paths - Other Circumstances,6,Intersection,October,C: Possible Injury,06:34:00,Sign-Controlled Intersection - Other / Unknown,2013,Yes,No,Dark - Lighted Roadway,Straight - Level,Local Street,Dry,"Two-Way, Divided, Positive Median Barrier",None,No Special Feature,Concrete,4 lanes,"35.1474968622, -80.9300032631"
1521,Salisbury,Rowan,Piedmont,Commercial,Urban (>70% Developed),W INNES ST,Urban,30 - 35  MPH,No Control Present,Clear,No,70+,70+,No,NA,Facing Traffic,O: No Injury,Sidewalk / Crosswalk / Driveway Crossing,White,Male,68,60-69,No,NA,0-5 mph,O: No Injury,White,Female,Passenger Car,No,03OCT2013,Thursday,Motorist Failed to Yield - Midblock,12,Non-Intersection,October,O: No Injury,12:23:00,Motorist Drive Out - Commercial Driveway / Alley,2013,No,No,Daylight,Straight - Level,Local Street,Dry,"Two-Way, Not Divided",None,No Special Feature,Concrete,2 lanes,"35.6828069925, -80.4823031589"
1517,Chapel Hill,Orange,Piedmont,Commercial,Urban (>70% Developed),US 15,Urban,40 - 45  MPH,No Control Present,Clear,No,19,16-19,No,NA,Not Applicable,C: Possible Injury,Travel Lane,Black,Male,67,60-69,No,NA,6-10 mph,O: No Injury,White,Female,Passenger Car,No,13SEP2013,Friday,Bicyclist Failed to Yield - Midblock,15,Non-Intersection,September,C: Possible Injury,15:43:00,Bicyclist Ride Out - Midblock - Unknown,2013,No,No,Daylight,Straight - Level,NC Route,Dry,"Two-Way, Divided, Positive Median Barrier",None,No Special Feature,Concrete,2 lanes,"35.9421271004, -79.0179027321"
1510,Fayetteville,Cumberland,Coastal,Commercial,Urban (>70% Developed),5439 YADKIN,Urban,20 - 25  MPH,No Control Present,Clear,No,57,50-59,No,NA,Facing Traffic,O: No Injury,Travel Lane,Hispanic,Male,49,40-49,No,NA,0-5 mph,O: No Injury,Black,Female,Passenger Car,No,31AUG2013,Saturday,Motorist Failed to Yield - Midblock,8,Non-Intersection,August,O: No Injury,08:42:00,Motorist Drive Out - Commercial Driveway / Alley,2013,No,No,Daylight,Straight - Level,Local Street,Dry,"Two-Way, Not Divided",None,No Special Feature,Coarse Asphalt,4 lanes,"35.0864869179, -78.9782026758"
1516,None - Rural Crash,Onslow,Coastal,Residential,Mixed (30% To 70% Developed),SR 1503,Rural,40 - 45  MPH,No Control Present,Clear,No,38,30-39,No,NA,With Traffic,B: Evident Injury,Travel Lane,White,Female,25,25-29,No,NA,6-10 mph,O: No Injury,White,Male,Pickup,No,29SEP2013,Sunday,Motorist Left Turn / Merge,15,Non-Intersection,September,B: Evident Injury,15:35:00,Motorist Left Turn - Opposite Direction,2013,Yes,No,Daylight,Straight - Level,State Secondary Route,Dry,"Two-Way, Not Divided",None,"Driveway, Public",Smooth Asphalt,2 lanes,"34.6603268848, -77.1876021126"
1506,Raleigh,Wake,Piedmont,Residential,Urban (>70% Developed),NEW HOPE CHURCH RD,Urban,20 - 25  MPH,No Control Present,Clear,No,17,16-19,No,NA,With Traffic,A: Disabling Injury,Travel Lane,Hispanic,Male,25,25-29,No,NA,0-5 mph,O: No Injury,Black,Male,Passenger Car,No,27SEP2013,Friday,Motorist Left Turn / Merge,21,Intersection,September,A: Disabling Injury,21:30:00,Motorist Left Turn - Opposite Direction,2013,Yes,No,Other,Straight - Grade,Local Street,Dry,"Two-Way, Not Divided",Other,T-Intersection,Smooth Asphalt,4 lanes,"35.8354770931, -78.5967025991"
1502,Kinston,Lenoir,Coastal,Residential,Mixed (30% To 70% Developed),S TRINON ST,Urban,20 - 25  MPH,No Control Present,Clear,No,53,50-59,No,NA,Facing Traffic,B: Evident Injury,Travel Lane,Black,Male,NA,NA,Missing,NA,26-30 mph,Unknown Injury,Unknown/Missing,NA,Passenger Car,No,28SEP2013,Saturday,Head-On,15,Non-Intersection,September,B: Evident Injury,15:17:00,Head-On - Bicyclist,2013,No,Yes,Daylight,Curve - Level,Local Street,Dry,"Two-Way, Not Divided",None,No Special Feature,Smooth Asphalt,2 lanes,"35.2559970032, -77.5711022576"
1038,Wilmington,New Hanover,Coastal,Residential,Urban (>70% Developed),MARKET ST,Urban,30 - 35  MPH,Stop Sign,Clear,No,51,50-59,Yes,NA,With Traffic,B: Evident Injury,Travel Lane,Black,Male,62,60-69,No,NA,26-30 mph,O: No Injury,White,Female,Passenger Car,Yes,14APR2013,Sunday,Bicyclist Failed to Yield - Sign-Controlled Intersection,17,Intersection,April,B: Evident Injury,17:16:00,Bicyclist Ride Through - Sign-Controlled Intersection,2013,Yes,No,Daylight,Straight - Level,Local Street,Dry,"Two-Way, Divided, Unprotected Median",None,No Special Feature,Smooth Asphalt,2 lanes,"34.2357967667, -77.9422023213"
1033,Winston-Salem,Forsyth,Piedmont,Residential,Urban (>70% Developed),SUNNYSIDE AVE (1800BLK,Urban,30 - 35  MPH,No Control Present,Cloudy,No,30,30-39,No,NA,With Traffic,C: Possible Injury,Travel Lane,White,Male,26,25-29,No,NA,26-30 mph,O: No Injury,White,Male,Passenger Car,No,15APR2013,Monday,Motorist Left Turn / Merge,21,Intersection,April,C: Possible Injury,21:22:00,Motorist Left Turn - Opposite Direction,2013,Yes,No,Dark - Lighted Roadway,Straight - Grade,Local Street,Dry,"Two-Way, Not Divided",None,Y-Intersection,Smooth Asphalt,2 lanes,"36.0748670842, -80.2398031087"
1010,Durham,Durham,Piedmont,Commercial,Urban (>70% Developed),BROAD STREET,Urban,30 - 35  MPH,Stop And Go Signal,Clear,No,12,11-15,No,NA,Not Applicable,B: Evident Injury,Non-Roadway,Black,Male,70+,70+,No,NA,31-35 mph,O: No Injury,White,Male,Passenger Car,No,11APR2013,Thursday,Bicyclist Failed to Yield - Signalized Intersection,18,Intersection,April,B: Evident Injury,18:46:00,Bicyclist Ride Through - Signalized Intersection,2013,Yes,No,Daylight,Straight - Level,Local Street,Dry,"Two-Way, Not Divided",None,No Special Feature,Coarse Asphalt,2 lanes,"36.027267123, -78.9143027055"
1001,Chapel Hill,Orange,Piedmont,Commercial,Urban (>70% Developed),US 15,Urban,40 - 45  MPH,Stop And Go Signal,Clear,No,70+,70+,No,NA,With Traffic,O: No Injury,Sidewalk / Crosswalk / Driveway Crossing,White,Male,70+,70+,No,NA,6-10 mph,O: No Injury,White,Female,Passenger Car,No,02APR2013,Tuesday,Motorist Left Turn / Merge,16,Intersection,April,O: No Injury,16:15:00,Motorist Left Turn - Same Direction,2013,No,No,Daylight,Straight - Level,US Route,Dry,"Two-Way, Divided, Unprotected Median",None,Four-Way Intersection,Smooth Asphalt,4 lanes,"35.9302370983, -79.0243027339"
1002,None - Rural Crash,Chatham,Piedmont,Residential,Mixed (30% To 70% Developed),SR 1012,Rural,50 - 55  MPH,No Control Present,Cloudy,No,18,16-19,No,NA,With Traffic,C: Possible Injury,Travel Lane,White,Male,45,40-49,No,NA,51-55 mph,O: No Injury,White,Male,Pickup,No,04APR2013,Thursday,Motorist Overtaking Bicyclist,10,Intersection,April,C: Possible Injury,10:55:00,Motorist Overtaking - Other / Unknown,2013,Yes,No,Daylight,Straight - Level,State Secondary Route,Wet,"Two-Way, Not Divided",None,T-Intersection,Smooth Asphalt,2 lanes,"35.6887670417, -79.15350276"
1027,Carrboro,Orange,Piedmont,Commercial,Urban (>70% Developed),E WEAVER ST,Urban,20 - 25  MPH,Stop And Go Signal,Clear,No,37,30-39,No,NA,With Traffic,C: Possible Injury,Travel Lane,White,Male,20,20-24,No,NA,0-5 mph,O: No Injury,White,Female,Passenger Car,No,16MAR2013,Saturday,Bicyclist Overtaking Motorist,19,Non-Intersection,March,C: Possible Injury,19:03:00,Bicyclist Overtaking - Passing on Right,2013,Yes,No,Daylight,Straight - Level,Local Street,Dry,"Two-Way, Not Divided",None,Four-Way Intersection,Coarse Asphalt,3 lanes,"35.9110170919, -79.0720027473"
1076,Concord,Cabarrus,Piedmont,Commercial,Urban (>70% Developed),MCCACHERN BLVD,Urban,NA,Stop Sign,Cloudy,No,20,20-24,No,NA,With Traffic,C: Possible Injury,Travel Lane,White,Male,NA,NA,Missing,NA,NA,Unknown Injury,Unknown/Missing,NA,NA,No,29APR2013,Monday,Bicyclist Failed to Yield - Sign-Controlled Intersection,15,Intersection-Related,April,C: Possible Injury,15:41:00,Bicyclist Ride Through - Sign-Controlled Intersection,2013,Yes,Yes,Daylight,Straight - Grade,Local Street,Dry,"Two-Way, Divided, Unprotected Median",None,T-Intersection,Smooth Asphalt,2 lanes,"35.411066931, -80.5778031724"
1068,Raleigh,Wake,Piedmont,Commercial,Urban (>70% Developed),S SAUNDERS ST,Urban,40 - 45  MPH,No Control Present,Clear,No,17,16-19,No,NA,Facing Traffic,C: Possible Injury,Sidewalk / Crosswalk / Driveway Crossing,Hispanic,Male,30,30-39,No,NA,0-5 mph,O: No Injury,Black,Male,Pickup,No,03MAY2013,Friday,Motorist Failed to Yield - Midblock,8,Non-Intersection,May,C: Possible Injury,08:21:00,Motorist Drive Out - Commercial Driveway / Alley,2013,No,No,Daylight,Straight - Level,Local Street,Dry,"Two-Way, Divided, Unprotected Median",None,"Driveway, Public",Smooth Asphalt,5 lanes,"35.7466770724, -78.6491026107"
1059,Durham,Durham,Piedmont,Industrial,Urban (>70% Developed),GARRETT RD,Urban,40 - 45  MPH,No Control Present,Clear,No,15,11-15,No,NA,With Traffic,C: Possible Injury,Sidewalk / Crosswalk / Driveway Crossing,Black,Male,30,30-39,No,NA,41-45 mph,O: No Injury,White,Male,Sport Utility,No,29APR2013,Monday,Bicyclist Failed to Yield - Signalized Intersection,18,Intersection,April,C: Possible Injury,18:50:00,Bicyclist Ride Out - Signalized  Intersection,2013,No,No,Daylight,Straight - Level,Local Street,Dry,"Two-Way, Not Divided",None,No Special Feature,Smooth Asphalt,2 lanes,"35.9486771036, -78.9689027175"
1070,None - Rural Crash,Wake,Piedmont,"Farms, Woods, Pastures",Rural (<30% Developed),SR 2215,Rural,40 - 45  MPH,"Double Yellow Line, No Passing Zone",Clear,No,39,30-39,No,NA,With Traffic,B: Evident Injury,Travel Lane,White,Male,50,50-59,No,NA,16-20 mph,O: No Injury,White,Male,Passenger Car,No,07MAY2013,Tuesday,Bicyclist Left Turn / Merge,15,Non-Intersection,May,B: Evident Injury,15:05:00,Bicyclist Left Turn - Same Direction,2013,Yes,No,Daylight,Straight - Level,State Secondary Route,Dry,"Two-Way, Not Divided",None,No Special Feature,Smooth Asphalt,2 lanes,"35.8304370968, -78.457402557"
1058,Raleigh,Wake,Piedmont,Residential,Urban (>70% Developed),PEACE ST,Urban,30 - 35  MPH,Stop And Go Signal,Clear,No,27,25-29,No,NA,With Traffic,C: Possible Injury,Travel Lane,White,Male,64,60-69,No,NA,0-5 mph,O: No Injury,White,Female,Passenger Car,No,14APR2013,Sunday,Bicyclist Overtaking Motorist,14,Intersection,April,C: Possible Injury,14:35:00,Bicyclist Overtaking - Passing on Right,2013,Yes,No,Daylight,Straight - Level,Local Street,Dry,"Two-Way, Divided, Unprotected Median",None,Four-Way Intersection,Smooth Asphalt,3 lanes,"35.7885970814, -78.6488026119"
1065,None - Rural Crash,Davidson,Piedmont,Residential,Rural (<30% Developed),SR 1457,Rural,40 - 45  MPH,"Double Yellow Line, No Passing Zone",Cloudy,No,11,11-15,No,NA,Facing Traffic,B: Evident Injury,Travel Lane,White,Male,29,25-29,No,NA,41-45 mph,O: No Injury,White,Female,Passenger Car,No,03MAY2013,Friday,Head-On,17,Non-Intersection,May,B: Evident Injury,17:40:00,Head-On - Bicyclist,2013,Yes,No,Daylight,Straight - Level,State Secondary Route,Dry,"Two-Way, Not Divided",None,No Special Feature,Coarse Asphalt,2 lanes,"35.86799704, -80.2578031019"
1073,None - Rural Crash,Wake,Piedmont,Commercial,Mixed (30% To 70% Developed),PVA RESCO MART 2,Rural,NA,No Control Present,Clear,No,12,11-15,No,NA,Not Applicable,C: Possible Injury,Non-Roadway,Hispanic,Female,61,60-69,No,NA,0-5 mph,O: No Injury,White,Male,Van,No,02MAY2013,Thursday,Non-Roadway,17,Non-Roadway,May,C: Possible Injury,17:30:00,Non-Roadway,2013,Yes,No,Daylight,Straight - Level,Public Vehicular Area,Dry,"Two-Way, Not Divided",None,"Driveway, Public",Smooth Asphalt,1 lane,"35.6782670575, -78.6578026094"
421,Charlotte,Mecklenburg,Piedmont,Residential,Urban (>70% Developed),COMMONWEALTH AV,Urban,30 - 35  MPH,Stop And Go Signal,Cloudy,No,50,50-59,NA,"Yes-Alcohol,  impairment suspected",With Traffic,B: Evident Injury,Travel Lane,White,Male,47,40-49,NA,"Yes-Alcohol,  impairment suspected",11-15 mph,O: No Injury,White,Male,Passenger Car,Yes,09AUG2014,Saturday,Motorist Overtaking Bicyclist,20,Intersection,August,B: Evident Injury,20:28:00,Motorist Overtaking - Undetected Bicyclist,2014,Yes,No,Dark - Lighted Roadway,Straight - Grade,Local Street,Dry,"Two-Way, Not Divided",None,Four-Way Intersection,Smooth Asphalt,2 lanes,"35.2097768805, -80.7949482269"
422,Raleigh,Wake,Piedmont,Institutional,Urban (>70% Developed),VARSITY DR,Urban,20 - 25  MPH,Stop Sign,Clear,No,26,25-29,NA,No,With Traffic,B: Evident Injury,Travel Lane,Asian,Male,29,25-29,NA,No,6-10 mph,O: No Injury,Other,Male,Passenger Car,No,03JUN2014,Tuesday,Motorist Failed to Yield - Sign-Controlled Intersection,19,Intersection,June,B: Evident Injury,19:02:00,Motorist Drive Out - Sign-Controlled Intersection,2014,Yes,No,Daylight,Straight - Level,Local Street,Wet,"Two-Way, Divided, Positive Median Barrier",None,Alley Intersection,Smooth Asphalt,4 lanes,"35.7741470774, -78.6780876209"
420,Durham,Durham,Piedmont,Commercial,Mixed (30% To 70% Developed),FLOWERS DR,Urban,20 - 25  MPH,Stop Sign,Clear,No,28,25-29,NA,No,With Traffic,B: Evident Injury,Bike Lane / Paved Shoulder,White,Male,41,40-49,NA,No,6-10 mph,O: No Injury,White,Female,Passenger Car,No,20JUN2014,Friday,Motorist Right Turn / Merge,8,Non-Intersection,June,B: Evident Injury,08:59:00,Motorist Right Turn - Same Direction,2014,Yes,No,Daylight,Straight - Grade,Local Street,Dry,"Two-Way, Divided, Unprotected Median",None,No Special Feature,Coarse Asphalt,2 lanes,"36.0066331172, -78.9330627101"
412,Raleigh,Wake,Piedmont,Residential,Urban (>70% Developed),N KING CHARLES RD,Urban,30 - 35  MPH,No Control Present,Clear,No,51,50-59,NA,No,With Traffic,C: Possible Injury,Travel Lane,White,Male,63,60-69,NA,No,11-15 mph,O: No Injury,Black,Male,Pickup,No,12JUL2014,Saturday,Motorist Overtaking Bicyclist,12,Intersection,July,C: Possible Injury,12:44:00,Motorist Overtaking - Other / Unknown,2014,Yes,No,Daylight,Straight - Level,Local Street,Dry,"One-Way, Not Divided",None,Traffic Circle/Roundabout,Smooth Asphalt,1 lane,"35.783611081, -78.6109566009"
404,Kill Devil Hills,Dare,Coastal,Commercial,Urban (>70% Developed),NC 12,Urban,30 - 35  MPH,No Control Present,Cloudy,No,17,16-19,NA,No,Facing Traffic,O: No Injury,Bike Lane / Paved Shoulder,White,Female,27,25-29,NA,No,NA,O: No Injury,White,Male,Pickup,No,20JUN2014,Friday,Motorist Failed to Yield - Signalized Intersection,15,Intersection,June,O: No Injury,15:28:00,Motorist Drive Out - Signalized Intersection,2014,No,No,Daylight,Straight - Level,NC Route,Dry,"Two-Way, Not Divided",None,T-Intersection,Coarse Asphalt,NA,"35.999757228, -75.6488667056"
389,Greenville,Pitt,Coastal,Residential,Urban (>70% Developed),HOOKER RD,Urban,40 - 45  MPH,No Control Present,Clear,No,61,60-69,NA,No,NA,B: Evident Injury,Travel Lane,White,Male,24,20-24,NA,No,0-5 mph,O: No Injury,White,Male,Passenger Car,No,28JUL2014,Monday,Motorist Left Turn / Merge,16,Intersection,July,B: Evident Injury,16:14:00,Motorist Left Turn - Opposite Direction,2014,Yes,No,Daylight,Straight - Level,Local Street,Dry,"Two-Way, Not Divided",None,Four-Way Intersection,Coarse Asphalt,5 lanes,"35.5963470828, -77.3905422201"
396,None - Rural Crash,Gaston,Piedmont,Industrial,Mixed (30% To 70% Developed),US 321,Rural,50 - 55  MPH,No Control Present,Clear,No,20,20-24,NA,No,Facing Traffic,B: Evident Injury,Travel Lane,White,Male,46,40-49,NA,No,51-55 mph,O: No Injury,White,Male,Sport Utility,No,24JUN2014,Tuesday,Head-On,0,Non-Intersection,June,B: Evident Injury,00:30:00,Head-On - Bicyclist,2014,Yes,No,Dark - Roadway Not Lighted,Straight - Level,US Route,Dry,"Two-Way, Divided, Unprotected Median",None,No Special Feature,Smooth Asphalt,NA,"35.1864198599, -81.2068973483"
410,Claremont,Catawba,Piedmont,Commercial,Urban (>70% Developed),PVA ST MARK'S CHURCH,Rural,20 - 25  MPH,No Control Present,Clear,No,10,6-10,NA,No,Not Applicable,O: No Injury,Sidewalk / Crosswalk / Driveway Crossing,White,Female,45,40-49,NA,Missing,0-5 mph,O: No Injury,White,Female,Passenger Car,No,13AUG2014,Wednesday,Non-Roadway,21,Non-Roadway,August,O: No Injury,21:39:00,Non-Roadway,2014,No,No,Daylight,Straight - Level,Public Vehicular Area,Dry,NA,None,"Driveway, Public",Smooth Asphalt,NA,"35.7151029745, -81.1478733597"
400,None - Rural Crash,Chatham,Piedmont,Residential,Urban (>70% Developed),PVA CLYNELISH CLOSE,Rural,5 - 15 MPH,No Control Present,Cloudy,No,68,60-69,NA,No,Not Applicable,A: Disabling Injury,Non-Roadway,White,Male,35,30-39,NA,No,0-5 mph,O: No Injury,Black,Female,Passenger Car,No,10JUL2014,Thursday,Non-Roadway,16,Non-Roadway,July,A: Disabling Injury,16:46:00,Non-Roadway,2014,Yes,No,Daylight,Curve - Level,Public Vehicular Area,Dry,"Two-Way, Not Divided",None,No Special Feature,Smooth Asphalt,NA,"35.792607066, -79.095606748"
409,Raleigh,Wake,Piedmont,Residential,Urban (>70% Developed),PVA 5979 FOXHALL VILLAGE R,Urban,5 - 15 MPH,No Control Present,Cloudy,No,8,6-10,NA,No,Not Applicable,C: Possible Injury,Non-Roadway,Black,Male,33,30-39,NA,NA,0-5 mph,O: No Injury,Hispanic,Male,Van,No,25JUL2014,Friday,Non-Roadway,19,Non-Roadway,July,C: Possible Injury,19:31:00,Non-Roadway,2014,Yes,No,Daylight,Straight - Level,Public Vehicular Area,NA,"One-Way, Not Divided",None,No Special Feature,Smooth Asphalt,NA,"35.8404570957, -78.5443975833"