object_id,city,county,region,development,locality,on_road,rural_urban,speed_limit,traffic_control,weather,workzone,bike_age,bike_age_group,bike_alcohol,bike_alcohol_drugs,bike_direction,bike_injury,bike_position,bike_race,bike_sex,driver_age,driver_age_group,driver_alcohol,driver_alcohol_drugs,driver_est_speed,driver_injury,driver_race,driver_sex,driver_vehicle_type,crash_alcohol,crash_date,crash_day,crash_group,crash_hour,crash_location,crash_month,crash_severity,crash_time,crash_type,crash_year,ambulance_req,hit_run,light_condition,road_character,road_class,road_condition,road_configuration,road_defects,road_feature,road_surface,num_lanes,geo_point
457,Oak Island,Brunswick,Coastal,Residential,Urban (>70% Developed),COUNTRY CLUB DR,Urban,40 - 45  MPH,No Control Present,Clear,No,22,20-24,NA,No,With Traffic,B: Evident Injury,Bike Lane / Paved Shoulder,White,Male,NA,NA,NA,Missing,41-45 mph,Unknown Injury,Unknown/Missing,NA,NA,No,27JUN2014,Friday,Motorist Overtaking Bicyclist,2,Non-Intersection,June,B: Evident Injury,02:21:00,Motorist Overtaking - Other / Unknown,2014,Yes,Yes,Dark - Lighted Roadway,Straight - Level,Local Street,Dry,"Two-Way, Not Divided",None,No Special Feature,Smooth Asphalt,2 lanes,"33.9126196898, -78.0733723449"
447,Kill Devil Hills,Dare,Coastal,Commercial,Urban (>70% Developed),US 158,Urban,40 - 45  MPH,Stop And Go Signal,Clear,No,20,20-24,NA,No,Facing Traffic,C: Possible Injury,Sidewalk / Crosswalk / Driveway Crossing,White,Male,70+,70+,NA,No,0-5 mph,O: No Injury,White,Female,Sport Utility,No,06AUG2014,Wednesday,Motorist Failed to Yield - Signalized Intersection,15,Intersection,August,C: Possible Injury,15:48:00,Motorist Drive Out - Right Turn on Red,2014,No,No,Daylight,Straight - Level,US Route,Dry,"Two-Way, Not Divided",None,Four-Way Intersection,Coarse Asphalt,5 lanes,"36.0044172286, -75.655501708"
462,None - Rural Crash,Rutherford,Mountains,Residential,Mixed (30% To 70% Developed),SR 1972,Rural,30 - 35  MPH,"Double Yellow Line, No Passing Zone",Clear,No,9,6-10,NA,No,Not Applicable,B: Evident Injury,Non-Roadway,White,Male,54,50-59,NA,No,16-20 mph,O: No Injury,White,Male,Pickup,No,26AUG2014,Tuesday,Bicyclist Failed to Yield - Midblock,16,Non-Intersection,August,B: Evident Injury,16:44:00,Bicyclist Ride Out - Other Midblock,2014,Yes,No,Daylight,Straight - Grade,State Secondary Route,Dry,"Two-Way, Not Divided",None,No Special Feature,Smooth Asphalt,2 lanes,"35.2390568507, -81.763377516"
423,New Bern,Craven,Coastal,Residential,Urban (>70% Developed),POLLOCK ST,Urban,20 - 25  MPH,Stop Sign,Clear,No,41,40-49,NA,No,With Traffic,B: Evident Injury,Travel Lane,Black,Male,69,60-69,NA,No,16-20 mph,O: No Injury,Black,Male,Pickup,No,05AUG2014,Tuesday,Bicyclist Failed to Yield - Sign-Controlled Intersection,22,Intersection,August,B: Evident Injury,22:21:00,Bicyclist Ride Through - Sign-Controlled Intersection,2014,Yes,No,Dark - Lighted Roadway,Straight - Level,Local Street,Dry,"Two-Way, Not Divided",None,Four-Way Intersection,Coarse Asphalt,2 lanes,"35.1066999874, -77.0518320923"
446,Charlotte,Mecklenburg,Piedmont,Residential,Urban (>70% Developed),PP 6635 MOUNTING ROCK RD,Urban,20 - 25  MPH,No Control Present,Clear,No,6,6-10,NA,No,With Traffic,B: Evident Injury,Sidewalk / Crosswalk / Driveway Crossing,Hispanic,Male,46,40-49,NA,No,0-5 mph,O: No Injury,Black,Male,Passenger Car,No,26AUG2014,Tuesday,Backing Vehicle,20,Non-Intersection,August,B: Evident Injury,20:19:00,Backing Vehicle,2014,Yes,No,Dark - Lighted Roadway,Straight - Grade,"Private Road, Driveway",Dry,"Two-Way, Not Divided",None,"Driveway, Private",Concrete,2 lanes,"35.1579698646, -80.9136532596"
458,Oak Island,Brunswick,Coastal,Commercial,Urban (>70% Developed),E OAK ISLAND DR,Urban,30 - 35  MPH,No Control Present,Clear,No,25,25-29,NA,No,With Traffic,B: Evident Injury,Travel Lane,White,Male,49,40-49,NA,No,16-20 mph,O: No Injury,White,Male,Sport Utility,No,01JUL2014,Tuesday,Bicyclist Left Turn / Merge,21,Intersection,July,B: Evident Injury,21:45:00,Bicyclist Left Turn - Opposite Direction,2014,No,No,Dark - Lighted Roadway,Straight - Level,Local Street,Dry,"Two-Way, Not Divided",None,Four-Way Intersection,Smooth Asphalt,3 lanes,"33.9087966893, -78.075372346"
432,New Bern,Craven,Coastal,Commercial,Urban (>70% Developed),TRENT RD,Urban,30 - 35  MPH,Stop Sign,Rain,No,22,20-24,NA,No,Facing Traffic,C: Possible Injury,Travel Lane,Asian,Male,33,30-39,NA,No,0-5 mph,O: No Injury,White,Female,Passenger Car,No,09AUG2014,Saturday,Motorist Failed to Yield - Sign-Controlled Intersection,13,Intersection,August,C: Possible Injury,13:46:00,Motorist Drive Out - Sign-Controlled Intersection,2014,Yes,No,Daylight,Straight - Level,Local Street,Wet,"Two-Way, Not Divided",None,T-Intersection,Smooth Asphalt,2 lanes,"35.1005269853, -77.0778070997"
427,Raleigh,Wake,Piedmont,Residential,Urban (>70% Developed),RIDGE RD,Urban,30 - 35  MPH,No Control Present,Cloudy,No,23,20-24,NA,No,With Traffic,B: Evident Injury,Travel Lane,White,Male,28,25-29,NA,No,31-35 mph,O: No Injury,White,Male,Sport Utility,No,18AUG2014,Monday,Motorist Right Turn / Merge,19,Non-Intersection,August,B: Evident Injury,19:12:00,Motorist Right Turn - Same Direction,2014,Yes,No,Daylight,Straight - Grade,Local Street,Dry,"Two-Way, Not Divided",None,No Special Feature,Smooth Asphalt,2 lanes,"35.8268040882, -78.6767026229"
474,Mooresville,Iredell,Piedmont,Commercial,Urban (>70% Developed),N MAIN ST,Urban,30 - 35  MPH,No Control Present,Clear,No,51,50-59,NA,No,With Traffic,B: Evident Injury,Travel Lane,White,Female,69,60-69,NA,No,6-10 mph,O: No Injury,White,Female,Passenger Car,No,23AUG2014,Saturday,Motorist Left Turn / Merge,10,Intersection,August,B: Evident Injury,10:28:00,Motorist Left Turn - Opposite Direction,2014,Yes,No,Daylight,Straight - Level,Local Street,Dry,"Two-Way, Not Divided",None,T-Intersection,Smooth Asphalt,2 lanes,"35.5862069602, -80.8065932512"
437,Monroe,Union,Piedmont,Residential,Urban (>70% Developed),WINTHROP LN,Urban,20 - 25  MPH,No Control Present,Cloudy,No,5,0-5,NA,No,Not Applicable,B: Evident Injury,Driveway / Alley,White,Male,25,25-29,NA,No,6-10 mph,O: No Injury,White,Female,Sport Utility,No,18JUL2014,Friday,Bicyclist Failed to Yield - Midblock,19,Non-Intersection,July,B: Evident Injury,19:18:00,Multiple Threat - Midblock,2014,Yes,No,Daylight,Straight - Level,Local Street,Dry,"Two-Way, Not Divided",None,"Driveway, Private",Smooth Asphalt,2 lanes,"35.0157118454, -80.601283158"
499,Wilmington,New Hanover,Coastal,Commercial,Urban (>70% Developed),CASTLE ST,Urban,20 - 25  MPH,Stop And Go Signal,Clear,No,33,30-39,NA,"Yes-Alcohol,  impairment suspected",With Traffic,C: Possible Injury,Travel Lane,White,Male,40,40-49,NA,No,11-15 mph,O: No Injury,Black,Male,Passenger Car,Yes,26JUL2014,Saturday,Bicyclist Failed to Yield - Signalized Intersection,19,Intersection,July,C: Possible Injury,19:45:00,Bicyclist Ride Through - Signalized Intersection,2014,Yes,No,Daylight,Straight - Level,Local Street,Dry,"Two-Way, Not Divided",None,Four-Way Intersection,Concrete,2 lanes,"34.228720765, -77.9358423187"
482,Hendersonville,Henderson,Mountains,Commercial,Urban (>70% Developed),US 64,Urban,30 - 35  MPH,Stop Sign,Clear,No,52,50-59,NA,No,With Traffic,B: Evident Injury,Travel Lane,White,Male,38,30-39,NA,No,0-5 mph,O: No Injury,White,Male,Passenger Car,No,30AUG2014,Saturday,Motorist Failed to Yield - Sign-Controlled Intersection,16,Intersection,August,B: Evident Injury,16:37:00,Motorist Drive Out - Sign-Controlled Intersection,2014,Yes,No,Daylight,Straight - Level,Local Street,Dry,"One-Way, Not Divided",None,No Special Feature,Smooth Asphalt,2 lanes,"35.3500698487, -82.4306137193"
503,Charlotte,Mecklenburg,Piedmont,Residential,Mixed (30% To 70% Developed),BACK CREEK CHURCH RD,Urban,30 - 35  MPH,Stop Sign,Clear,No,35,30-39,NA,No,With Traffic,B: Evident Injury,Travel Lane,White,Female,17,0-19,NA,No,31-35 mph,O: No Injury,White,Female,Passenger Car,No,07SEP2014,Sunday,Loss of Control / Turning Error,11,Intersection,September,B: Evident Injury,11:50:00,Motorist Turning Error - Left Turn,2014,Yes,No,Daylight,Straight - Level,Local Street,Dry,"Two-Way, Not Divided",None,No Special Feature,Coarse Asphalt,4 lanes,"35.2801698988, -80.6990632017"
481,Beaufort,Carteret,Coastal,Residential,Urban (>70% Developed),POLLOCK ST,Rural,20 - 25  MPH,Stop Sign,Clear,No,30,30-39,NA,No,With Traffic,B: Evident Injury,Travel Lane,White,Female,57,50-59,NA,No,0-5 mph,O: No Injury,White,Female,Passenger Car,No,04SEP2014,Thursday,Motorist Failed to Yield - Sign-Controlled Intersection,20,Intersection,September,B: Evident Injury,20:40:00,Motorist Drive Out - Sign-Controlled Intersection,2014,Yes,No,Dark - Lighted Roadway,Straight - Level,Local Street,Dry,"Two-Way, Not Divided",None,Four-Way Intersection,Smooth Asphalt,2 lanes,"34.7165369144, -76.6612619544"
498,Gastonia,Gaston,Piedmont,Commercial,Urban (>70% Developed),PVA 3250 E FRANKLIN BLVD,Urban,5 - 15 MPH,Stop Sign,Clear,No,17,16-19,NA,No,Not Applicable,C: Possible Injury,Non-Roadway,Black,Male,35,30-39,NA,No,11-15 mph,O: No Injury,White,Male,Passenger Car,No,24JUL2014,Thursday,Non-Roadway,5,Non-Roadway,July,C: Possible Injury,05:22:00,Non-Roadway,2014,No,No,Dark - Lighted Roadway,Straight - Grade,Public Vehicular Area,Dry,"Two-Way, Divided, Positive Median Barrier",None,Four-Way Intersection,Smooth Asphalt,5 lanes,"35.2597968785, -81.124583327"
497,None - Rural Crash,NA,Coastal,Commercial,Urban (>70% Developed),421,Rural,40 - 45  MPH,No Control Present,Clear,No,24,20-24,NA,No,Facing Traffic,C: Possible Injury,Travel Lane,White,Female,35,30-39,NA,No,0-5 mph,O: No Injury,White,Male,Pickup,No,04SEP2014,Thursday,Motorist Failed to Yield - Midblock,19,Non-Intersection,September,C: Possible Injury,19:39:00,Motorist Drive Out - Commercial Driveway / Alley,2014,Yes,No,Daylight,Straight - Level,US Route,Dry,"One-Way, Not Divided",None,"Driveway, Public",Smooth Asphalt,2 lanes,"34.1091667394, -77.9002223018"
487,River Bend,Craven,Coastal,Residential,Urban (>70% Developed),PVA 30 SHORELINE DR,Rural,NA,No Control Present,Clear,No,18,16-19,NA,No,Not Applicable,B: Evident Injury,Non-Roadway,Black,Male,70+,70+,NA,No,0-5 mph,O: No Injury,White,Female,Passenger Car,No,17JUL2014,Thursday,Non-Roadway,17,Non-Roadway,July,B: Evident Injury,17:05:00,Non-Roadway,2014,Yes,No,Daylight,Straight - Level,Public Vehicular Area,Dry,"Two-Way, Not Divided",None,No Special Feature,Smooth Asphalt,NA,"35.0760909773, -77.1505421204"
1356,None - Rural Crash,Vance,Piedmont,Commercial,Mixed (30% To 70% Developed),US 1,Rural,50 - 55  MPH,No Control Present,Clear,No,35,30-39,No,NA,With Traffic,B: Evident Injury,Travel Lane,Asian,Male,NA,NA,No,NA,51-55 mph,Unknown Injury,Unknown/Missing,NA,Passenger Car,No,13AUG2013,Tuesday,Loss of Control / Turning Error,15,Non-Intersection,August,B: Evident Injury,15:10:00,Motorist Lost Control - Other / Unknown,2013,Yes,Yes,Daylight,Straight - Level,US Route,Dry,"Two-Way, Divided, Unprotected Median",None,No Special Feature,Smooth Asphalt,4 lanes,"36.1844971723, -78.4478025728"
1372,Hendersonville,Henderson,Mountains,Commercial,Urban (>70% Developed),6TH AVE WEST,Urban,30 - 35  MPH,Stop Sign,Clear,No,12,11-15,No,NA,With Traffic,C: Possible Injury,Travel Lane,White,Female,43,40-49,No,NA,26-30 mph,O: No Injury,White,Female,Passenger Car,No,19AUG2013,Monday,Bicyclist Failed to Yield - Sign-Controlled Intersection,17,Intersection,August,C: Possible Injury,17:47:00,Bicyclist Ride Through - Sign-Controlled Intersection,2013,Yes,No,Daylight,Straight - Hillcrest,Local Street,Dry,"Two-Way, Not Divided",None,Four-Way Intersection,Coarse Asphalt,3 lanes,"35.3196768407, -82.4735037309"
1379,Roanoke Rapids,Halifax,Coastal,Residential,Urban (>70% Developed),5TH ST,Urban,NA,Stop Sign,Clear,No,61,60-69,No,NA,With Traffic,B: Evident Injury,Travel Lane,White,Male,NA,NA,No,NA,NA,Unknown Injury,Unknown/Missing,NA,Passenger Car,No,22AUG2013,Thursday,Motorist Failed to Yield - Sign-Controlled Intersection,11,Intersection,August,B: Evident Injury,11:29:00,Motorist Drive Through - Sign-Controlled Intersection,2013,Yes,Yes,Daylight,Straight - Level,Local Street,Dry,"Two-Way, Not Divided",None,No Special Feature,Smooth Asphalt,3 lanes,"36.4667272608, -77.6598023478"
1366,Wilmington,New Hanover,Coastal,Commercial,Urban (>70% Developed),NEW CENTRE DR,Urban,30 - 35  MPH,Stop Sign,Clear,No,20,20-24,No,NA,Facing Traffic,C: Possible Injury,Sidewalk / Crosswalk / Driveway Crossing,White,Female,44,40-49,No,NA,0-5 mph,O: No Injury,White,Male,Passenger Car,No,04AUG2013,Sunday,Motorist Failed to Yield - Midblock,14,Non-Intersection,August,C: Possible Injury,14:53:00,Motorist Drive Out - Commercial Driveway / Alley,2013,No,No,Daylight,Straight - Level,Local Street,Dry,"Two-Way, Not Divided",None,"Driveway, Public",Coarse Asphalt,4 lanes,"34.2360467688, -77.8719023"
1711,None - Rural Crash,Johnston,Coastal,"Farms, Woods, Pastures",Rural (<30% Developed),NC 39,Rural,50 - 55  MPH,"Double Yellow Line, No Passing Zone",Clear,No,23,20-24,No,NA,Facing Traffic,B: Evident Injury,Bike Lane / Paved Shoulder,Hispanic,Male,31,30-39,No,NA,46-50 mph,O: No Injury,Black,Male,Passenger Car,No,27DEC2013,Friday,Bicyclist Right Turn / Merge,18,Non-Intersection,December,B: Evident Injury,18:43:00,Bicyclist Right Turn - Opposite Direction,2013,Yes,No,Dark - Roadway Not Lighted,Straight - Grade,NC Route,Dry,"Two-Way, Not Divided",None,No Special Feature,Coarse Asphalt,2 lanes,"35.7644870895, -78.2655024952"
1693,Fayetteville,Cumberland,Coastal,Commercial,Urban (>70% Developed),PVA 3408 MURCHISON RD,Urban,5 - 15 MPH,No Control Present,Clear,No,22,20-24,No,NA,Facing Traffic,B: Evident Injury,Sidewalk / Crosswalk / Driveway Crossing,White,Male,24,20-24,No,NA,0-5 mph,O: No Injury,Black,Male,Passenger Car,No,05NOV2013,Tuesday,Motorist Right Turn / Merge,20,Non-Intersection,November,B: Evident Injury,20:08:00,Motorist Right Turn - Opposite Direction,2013,No,No,Dark - Lighted Roadway,Straight - Level,Public Vehicular Area,Dry,"Two-Way, Not Divided",None,No Special Feature,Coarse Asphalt,2 lanes,"35.0965869228, -78.9154026564"
1691,None - Rural Crash,Rowan,Piedmont,Residential,Mixed (30% To 70% Developed),SR 1915,Rural,40 - 45  MPH,No Control Present,Cloudy,No,16,16-19,No,NA,With Traffic,B: Evident Injury,Travel Lane,White,Male,NA,NA,No,NA,41-45 mph,Unknown Injury,Unknown/Missing,NA,Passenger Car,No,13DEC2013,Friday,Motorist Overtaking Bicyclist,21,Non-Intersection,December,B: Evident Injury,21:00:00,Motorist Overtaking - Other / Unknown,2013,Yes,Yes,Dark - Roadway Not Lighted,Straight - Level,State Secondary Route,Dry,"Two-Way, Not Divided",None,No Special Feature,Smooth Asphalt,2 lanes,"35.7214670005, -80.4918031645"
1713,Chapel Hill,Orange,Piedmont,Commercial,Mixed (30% To 70% Developed),MARTIN LUTHER KING JR,Urban,30 - 35  MPH,Stop And Go Signal,Clear,No,12,11-15,No,NA,Facing Traffic,B: Evident Injury,Travel Lane,Black,Male,18,0-19,No,NA,31-35 mph,O: No Injury,White,Male,Passenger Car,No,21NOV2013,Thursday,Bicyclist Failed to Yield - Signalized Intersection,18,Intersection,November,B: Evident Injury,18:56:00,Bicyclist Ride Through - Signalized Intersection,2013,Yes,No,Dark - Lighted Roadway,Straight - Level,Local Street,Dry,"Two-Way, Not Divided",None,Four-Way Intersection,Smooth Asphalt,5 lanes,"35.9351070975, -79.0562027432"
1708,None - Rural Crash,Wayne,Coastal,"Farms, Woods, Pastures",Rural (<30% Developed),US 13,Rural,50 - 55  MPH,"Double Yellow Line, No Passing Zone",Rain,No,23,20-24,No,NA,With Traffic,B: Evident Injury,Travel Lane,White,Male,NA,NA,No,NA,51-55 mph,Unknown Injury,Unknown/Missing,NA,NA,No,26DEC2013,Thursday,Parallel Paths - Other Circumstances,9,Non-Intersection,December,B: Evident Injury,09:31:00,Parallel Paths - Other / Unknown,2013,Yes,Yes,Daylight,Straight - Level,US Route,"Water (Standing, Moving)","Two-Way, Not Divided",None,No Special Feature,Coarse Asphalt,2 lanes,"35.3191370003, -78.0632024107"
1719,Monroe,Union,Piedmont,Commercial,Mixed (30% To 70% Developed),US 74,Urban,50 - 55  MPH,No Control Present,Clear,No,54,50-59,No,NA,With Traffic,C: Possible Injury,Bike Lane / Paved Shoulder,White,Male,57,50-59,No,NA,31-35 mph,O: No Injury,Asian,Female,Sport Utility,No,14NOV2013,Thursday,Loss of Control / Turning Error,17,Non-Intersection,November,C: Possible Injury,17:00:00,Motorist Lost Control - Other / Unknown,2013,Yes,No,Daylight,Straight - Grade,US Route,Dry,"Two-Way, Divided, Unprotected Median",None,No Special Feature,Smooth Asphalt,4 lanes,"34.9774068411, -80.4987031259"
1695,None - Rural Crash,Hoke,Coastal,Residential,Mixed (30% To 70% Developed),SR 1004,Rural,40 - 45  MPH,"Double Yellow Line, No Passing Zone",Clear,No,21,20-24,No,NA,With Traffic,B: Evident Injury,Travel Lane,White,Male,60,60-69,No,NA,0-5 mph,O: No Injury,Black,Male,Sport Utility,No,17DEC2013,Tuesday,Motorist Left Turn / Merge,16,Intersection,December,B: Evident Injury,16:11:00,Motorist Left Turn - Opposite Direction,2013,Yes,No,Daylight,Straight - Level,State Secondary Route,Dry,"Two-Way, Not Divided",None,T-Intersection,Smooth Asphalt,2 lanes,"34.9486068853, -79.0566026918"
1720,Raleigh,Wake,Piedmont,Commercial,Urban (>70% Developed),GLENWOOD AVE,Urban,30 - 35  MPH,Stop And Go Signal,Rain,No,42,40-49,No,NA,With Traffic,A: Disabling Injury,Travel Lane,Black,Male,34,30-39,No,NA,0-5 mph,O: No Injury,White,Female,Sport Utility,No,29DEC2013,Sunday,Motorist Left Turn / Merge,2,Intersection,December,A: Disabling Injury,02:00:00,Motorist Left Turn - Opposite Direction,2013,Yes,No,Dark - Lighted Roadway,Straight - Grade,Local Street,Wet,"Two-Way, Not Divided",None,Four-Way Intersection,Smooth Asphalt,6 lanes,"35.7862270807, -78.6473026113"
1690,Winston-Salem,Forsyth,Piedmont,Residential,Urban (>70% Developed),GLENN AVE,Urban,30 - 35  MPH,No Control Present,Cloudy,No,13,11-15,No,NA,Not Applicable,C: Possible Injury,Non-Roadway,Black,Male,70+,70+,No,NA,16-20 mph,O: No Injury,Black,Male,Passenger Car,No,05NOV2013,Tuesday,Bicyclist Failed to Yield - Midblock,17,Non-Intersection,November,C: Possible Injury,17:21:00,Bicyclist Ride Out - Other Midblock,2013,Yes,No,Dusk,Curve - Grade,Local Street,Dry,"Two-Way, Not Divided",None,Alley Intersection,Smooth Asphalt,2 lanes,"36.1294370953, -80.2407031117"
1694,Raleigh,Wake,Piedmont,Commercial,Urban (>70% Developed),HARRINGSTON ST,Urban,30 - 35  MPH,No Control Present,Clear,No,22,20-24,No,NA,With Traffic,B: Evident Injury,Travel Lane,White,Male,66,60-69,No,NA,11-15 mph,O: No Injury,White,Female,Van,No,06DEC2013,Friday,Motorist Right Turn / Merge,18,Non-Intersection,December,B: Evident Injury,18:30:00,Motorist Right Turn - Same Direction,2013,Yes,No,Dark - Lighted Roadway,Straight - Level,Local Street,Dry,"Two-Way, Not Divided",None,No Special Feature,Smooth Asphalt,2 lanes,"35.78289708, -78.6448026106"
1783,Charlotte,Mecklenburg,Piedmont,Commercial,Urban (>70% Developed),NA,Urban,20 - 25  MPH,Stop Sign,Clear,No,21,20-24,No,NA,Facing Traffic,C: Possible Injury,Sidewalk / Crosswalk / Driveway Crossing,White,Male,59,50-59,No,NA,NA,O: No Injury,White,Female,Sport Utility,No,09FEB2012,Thursday,Motorist Failed to Yield - Sign-Controlled Intersection,12,Intersection,February,C: Possible Injury,12:19:00,Motorist Drive Out - Sign-Controlled Intersection,2012,No,No,Daylight,Straight - Grade,Local Street,Dry,"Two-Way, Divided, Positive Median Barrier",None,T-Intersection,Smooth Asphalt,2 lanes,"35.2985469009, -80.7368032138"
1782,Asheville,Buncombe,Mountains,Commercial,Urban (>70% Developed),NA,Urban,20 - 25  MPH,Stop And Go Signal,"Snow, Sleet, Hail, Freezing Rain/Drizzle",No,26,25-29,No,NA,With Traffic,C: Possible Injury,Travel Lane,Asian,Female,24,20-24,Yes,NA,21-25 mph,O: No Injury,White,Male,Sport Utility,Yes,15JAN2012,Sunday,Motorist Failed to Yield - Signalized Intersection,0,Intersection,January,C: Possible Injury,00:58:00,Motorist Drive Through - Signalized Intersection,2012,No,Yes,Dark - Lighted Roadway,Straight - Level,US Route,Wet,"Two-Way, Not Divided",None,On or Off Ramp,Smooth Asphalt,3 lanes,"35.5780368907, -82.5832037778"
1771,None - Rural Crash,Scotland,Coastal,Residential,Rural (<30% Developed),NA,Rural,50 - 55  MPH,Stop Sign,Clear,No,47,40-49,Yes,NA,Facing Traffic,O: No Injury,Travel Lane,Black,Male,23,20-24,No,NA,11-15 mph,B: Evident Injury,Native American,Female,Passenger Car,Yes,28JAN2012,Saturday,Motorist Failed to Yield - Sign-Controlled Intersection,18,Intersection,January,B: Evident Injury,18:00:00,Motorist Drive Out - Sign-Controlled Intersection,2012,Yes,No,Dark - Roadway Not Lighted,Straight - Level,State Secondary Route,Dry,"Two-Way, Not Divided",None,T-Intersection,Smooth Asphalt,2 lanes,"34.7303768248, -79.4532027995"
1766,Walkertown,Forsyth,Piedmont,Residential,Mixed (30% To 70% Developed),NA,Rural,40 - 45  MPH,"Double Yellow Line, No Passing Zone",Cloudy,No,37,30-39,No,NA,With Traffic,B: Evident Injury,Travel Lane,White,Male,46,40-49,No,NA,41-45 mph,O: No Injury,White,Male,Truck/Trailer,No,26JAN2012,Thursday,Motorist Overtaking Bicyclist,6,Non-Intersection,January,B: Evident Injury,06:16:00,Motorist Overtaking - Other / Unknown,2012,Yes,No,Dark - Roadway Not Lighted,Straight - Level,NC Route,Dry,"Two-Way, Not Divided",None,No Special Feature,Smooth Asphalt,2 lanes,"36.178597108, -80.1921031002"
1770,Huntersville,Mecklenburg,Piedmont,Commercial,Urban (>70% Developed),NA,Urban,30 - 35  MPH,Stop Sign,Clear,No,46,40-49,No,NA,With Traffic,B: Evident Injury,Bike Lane / Paved Shoulder,White,Male,63,60-69,No,NA,0-5 mph,O: No Injury,White,Male,Passenger Car,No,05JAN2012,Thursday,Motorist Failed to Yield - Sign-Controlled Intersection,17,Intersection,January,B: Evident Injury,17:03:00,Motorist Drive Out - Sign-Controlled Intersection,2012,Yes,No,Daylight,Straight - Grade,Local Street,Dry,"Two-Way, Not Divided",None,T-Intersection,Smooth Asphalt,3 lanes,"35.4023069191, -80.8619032569"
1777,Wrightsville Beach,New Hanover,Coastal,Residential,Urban (>70% Developed),NA,Rural,30 - 35  MPH,"Double Yellow Line, No Passing Zone",Clear,No,28,25-29,No,NA,With Traffic,O: No Injury,Travel Lane,Other,Male,26,25-29,Missing,NA,0-5 mph,O: No Injury,White,Male,Police,No,07FEB2012,Tuesday,Bicyclist Overtaking Motorist,20,Non-Intersection,February,O: No Injury,20:05:00,Bicyclist Overtaking - Parked Vehicle,2012,No,No,Dark - Lighted Roadway,Straight - Level,US Route,Dry,"Two-Way, Not Divided",None,No Special Feature,Smooth Asphalt,5 lanes,"34.2130767655, -77.804502278"
1776,Charlotte,Mecklenburg,Piedmont,Residential,Urban (>70% Developed),NA,Urban,20 - 25  MPH,No Control Present,Clear,No,37,30-39,No,NA,With Traffic,B: Evident Injury,Travel Lane,White,Male,31,30-39,No,NA,21-25 mph,O: No Injury,White,Male,Passenger Car,No,28JAN2012,Saturday,Motorist Left Turn / Merge,0,Intersection,January,B: Evident Injury,00:41:00,Motorist Left Turn - Opposite Direction,2012,Yes,No,Dark - Lighted Roadway,Curve - Level,Local Street,Dry,"Two-Way, Not Divided",None,T-Intersection,Smooth Asphalt,2 lanes,"35.2155968811, -80.8150032328"
1806,Raleigh,Wake,Piedmont,Institutional,Urban (>70% Developed),NA,Urban,5 - 15 MPH,No Control Present,Clear,No,21,20-24,No,NA,With Traffic,B: Evident Injury,Travel Lane,White,Male,21,20-24,No,NA,0-5 mph,O: No Injury,Black,Male,Passenger Car,No,15FEB2012,Wednesday,Bicyclist Overtaking Motorist,11,Intersection,February,B: Evident Injury,11:00:00,Bicyclist Overtaking - Passing on Left,2012,No,No,Daylight,Straight - Level,Local Street,Dry,"One-Way, Not Divided",None,T-Intersection,Smooth Asphalt,1 lane,"35.7833670798, -78.6669026171"
1785,Cary,Wake,Piedmont,Commercial,Mixed (30% To 70% Developed),NA,Urban,5 - 15 MPH,Stop Sign,Cloudy,No,40,40-49,No,NA,Not Applicable,B: Evident Injury,Non-Roadway,White,Male,56,50-59,No,NA,0-5 mph,O: No Injury,Black,Male,Pickup,No,20JAN2012,Friday,Non-Roadway,12,Non-Roadway,January,B: Evident Injury,12:57:00,Non-Roadway,2012,No,No,Daylight,Straight - Level,Public Vehicular Area,Dry,"Two-Way, Not Divided",None,"Driveway, Public",Smooth Asphalt,1 lane,"35.7721170726, -78.7824026522"
1727,High Point,Guilford,Piedmont,Institutional,Urban (>70% Developed),N ELM ST,Urban,30 - 35  MPH,Flashing Signal With Stop Sign,"Snow, Sleet, Hail, Freezing Rain/Drizzle",No,53,50-59,No,NA,With Traffic,C: Possible Injury,Travel Lane,Black,Male,23,20-24,No,NA,31-35 mph,O: No Injury,White,Female,Passenger Car,No,27NOV2013,Wednesday,Bicyclist Failed to Yield - Sign-Controlled Intersection,11,Intersection,November,C: Possible Injury,11:52:00,Bicyclist Ride Through - Sign-Controlled Intersection,2013,Yes,No,Daylight,Straight - Level,Local Street,Wet,"Two-Way, Not Divided",None,Four-Way Intersection,Smooth Asphalt,4 lanes,"35.9606170686, -80.0108030324"
4188,Clinton,Sampson,Coastal,Residential,Urban (>70% Developed),NA,Urban,30 - 35  MPH,Stop Sign,Clear,No,8,6-10,No,NA,With Traffic,C: Possible Injury,Travel Lane,Black,Male,62,60-69,No,NA,31-35 mph,O: No Injury,White,Female,Passenger Car,No,09AUG2010,Monday,Bicyclist Failed to Yield - Sign-Controlled Intersection,18,Intersection,August,C: Possible Injury,18:19:00,Bicyclist Ride Through - Sign-Controlled Intersection,2010,No,No,Daylight,Straight - Level,Local Street,Dry,"Two-Way, Not Divided",None,Four-Way Intersection,Coarse Asphalt,2 lanes,"34.9965389205, -78.341662478"
4190,Hendersonville,Henderson,Mountains,Commercial,Urban (>70% Developed),NA,Urban,20 - 25  MPH,No Control Present,Clear,No,25,25-29,No,NA,With Traffic,C: Possible Injury,Travel Lane,White,Male,59,50-59,No,NA,21-25 mph,O: No Injury,White,Female,Passenger Car,No,02JUL2010,Friday,Bicyclist Left Turn / Merge,15,Intersection,July,C: Possible Injury,15:28:00,Bicyclist Left Turn - Same Direction,2010,Yes,No,Daylight,Straight - Level,Local Street,Dry,"Two-Way, Not Divided",None,No Special Feature,Smooth Asphalt,2 lanes,"35.3137318405, -82.4571437258"