object_id,city,county,region,development,locality,on_road,rural_urban,speed_limit,traffic_control,weather,workzone,bike_age,bike_age_group,bike_alcohol,bike_alcohol_drugs,bike_direction,bike_injury,bike_position,bike_race,bike_sex,driver_age,driver_age_group,driver_alcohol,driver_alcohol_drugs,driver_est_speed,driver_injury,driver_race,driver_sex,driver_vehicle_type,crash_alcohol,crash_date,crash_day,crash_group,crash_hour,crash_location,crash_month,crash_severity,crash_time,crash_type,crash_year,ambulance_req,hit_run,light_condition,road_character,road_class,road_condition,road_configuration,road_defects,road_feature,road_surface,num_lanes,geo_point
4193,Wilmington,New Hanover,Coastal,Residential,Urban (>70% Developed),NA,Urban,20 - 25  MPH,No Control Present,Cloudy,No,NA,NA,Missing,NA,Not Applicable,Unknown Injury,Travel Lane,Unknown/Missing,NA,NA,NA,Missing,NA,NA,Unknown Injury,Unknown/Missing,NA,NA,No,01AUG2010,Sunday,Bicyclist Failed to Yield - Midblock,14,Non-Intersection,August,B: Evident Injury,14:28:00,Bicyclist Ride Out - Other Midblock,2010,No,Yes,Daylight,Straight - Level,Local Street,Dry,"Two-Way, Not Divided",None,No Special Feature,Smooth Asphalt,2 lanes,"34.2445097691, -77.9039223101"
4202,None - Rural Crash,Durham,Piedmont,"Farms, Woods, Pastures",Rural (<30% Developed),NA,Rural,40 - 45  MPH,Stop Sign,Clear,No,37,30-39,No,NA,With Traffic,B: Evident Injury,Travel Lane,White,Male,70+,70+,No,NA,0-5 mph,O: No Injury,White,Male,Sport Utility,No,13AUG2010,Friday,Motorist Failed to Yield - Sign-Controlled Intersection,18,Intersection,August,B: Evident Injury,18:00:00,Motorist Drive Out - Sign-Controlled Intersection,2010,No,No,Daylight,Curve - Grade,State Secondary Route,Dry,"Two-Way, Not Divided",None,Four-Way Intersection,Coarse Asphalt,2 lanes,"36.0100571162, -78.9900427273"
4213,High Point,Guilford,Piedmont,Residential,Urban (>70% Developed),NA,Urban,30 - 35  MPH,Stop And Go Signal,Clear,No,36,30-39,No,NA,Facing Traffic,C: Possible Injury,Travel Lane,Black,Male,39,30-39,No,NA,6-10 mph,O: No Injury,White,Male,Pickup,No,26JUL2010,Monday,Crossing Paths - Other Circumstances,8,Intersection,July,C: Possible Injury,08:52:00,Signalized Intersection - Other / Unknown,2010,Yes,No,Daylight,Straight - Level,Local Street,Dry,"Two-Way, Not Divided",None,Four-Way Intersection,Smooth Asphalt,4 lanes,"35.9317070634, -79.9782530217"
4215,Kitty Hawk,Dare,Coastal,Commercial,Urban (>70% Developed),NA,Rural,50 - 55  MPH,Stop And Go Signal,Clear,No,16,16-19,No,NA,With Traffic,B: Evident Injury,Multi-use Path,White,Male,50,50-59,No,NA,0-5 mph,O: No Injury,White,Male,Passenger Car,No,05JUL2010,Monday,Bicyclist Failed to Yield - Sign-Controlled Intersection,18,Intersection,July,B: Evident Injury,18:07:00,Bicyclist Ride Through - Sign-Controlled Intersection,2010,Yes,No,Daylight,Straight - Bottom,US Route,Dry,"Two-Way, Not Divided",None,Four-Way Intersection,Coarse Asphalt,7 lanes,"36.0991242477, -75.7205017331"
4216,Greensboro,Guilford,Piedmont,Residential,Urban (>70% Developed),NA,Urban,30 - 35  MPH,Stop And Go Signal,Clear,No,37,30-39,No,NA,With Traffic,B: Evident Injury,Sidewalk / Crosswalk / Driveway Crossing,White,Female,23,20-24,No,NA,11-15 mph,O: No Injury,White,Male,Pickup,No,07AUG2010,Saturday,Motorist Left Turn / Merge,10,Intersection,August,B: Evident Injury,10:02:00,Motorist Left Turn - Opposite Direction,2010,Yes,No,Daylight,Straight - Grade,Local Street,Dry,"Two-Way, Not Divided",None,No Special Feature,Smooth Asphalt,5 lanes,"36.0386690891, -79.9067630059"
4224,Wilmington,New Hanover,Coastal,Commercial,Mixed (30% To 70% Developed),NA,Urban,40 - 45  MPH,Stop And Go Signal,Clear,No,27,25-29,No,NA,With Traffic,C: Possible Injury,Travel Lane,White,Male,27,25-29,No,NA,21-25 mph,O: No Injury,White,Female,Passenger Car,No,06AUG2010,Friday,Motorist Left Turn / Merge,7,Intersection,August,C: Possible Injury,07:49:00,Motorist Left Turn - Opposite Direction,2010,Yes,No,Daylight,Straight - Level,Local Street,Dry,"Two-Way, Not Divided",None,No Special Feature,Coarse Asphalt,5 lanes,"34.1946707575, -77.9362623168"
4226,Asheville,Buncombe,Mountains,Residential,Urban (>70% Developed),NA,Urban,20 - 25  MPH,Stop Sign,Clear,No,18,16-19,No,NA,With Traffic,B: Evident Injury,Travel Lane,Black,Male,33,30-39,No,NA,21-25 mph,O: No Injury,White,Female,Sport Utility,No,29JUL2010,Thursday,Bicyclist Failed to Yield - Sign-Controlled Intersection,19,Intersection,July,B: Evident Injury,19:39:00,Bicyclist Ride Through - Sign-Controlled Intersection,2010,No,No,Daylight,Straight - Hillcrest,Local Street,Dry,"Two-Way, Not Divided",None,T-Intersection,Coarse Asphalt,2 lanes,"35.5702508898, -82.5783537755"
4230,Asheboro,Randolph,Piedmont,Residential,Urban (>70% Developed),NA,Urban,30 - 35  MPH,No Control Present,Clear,No,38,30-39,No,NA,With Traffic,C: Possible Injury,Travel Lane,White,Male,70+,70+,No,NA,16-20 mph,O: No Injury,White,Male,Passenger Car,No,08AUG2010,Sunday,Motorist Failed to Yield - Sign-Controlled Intersection,18,Intersection,August,C: Possible Injury,18:35:00,Motorist Drive Through - Sign-Controlled Intersection,2010,No,No,Daylight,Straight - Grade,Local Street,Dry,"Two-Way, Not Divided",None,Four-Way Intersection,Smooth Asphalt,2 lanes,"35.704877022, -79.8041129568"
4231,Goldsboro,Wayne,Coastal,Commercial,Urban (>70% Developed),NA,Urban,30 - 35  MPH,No Control Present,Clear,No,21,20-24,No,NA,Facing Traffic,B: Evident Injury,Sidewalk / Crosswalk / Driveway Crossing,Black,Male,22,20-24,No,NA,21-25 mph,O: No Injury,Black,Female,Passenger Car,No,30JUL2010,Friday,Parallel Paths - Other Circumstances,14,Non-Intersection,July,B: Evident Injury,14:28:00,Bicyclist Ride Out - Parallel Path,2010,Yes,No,Daylight,Straight - Level,Local Street,Dry,"Two-Way, Not Divided",None,No Special Feature,Coarse Asphalt,2 lanes,"35.3872750175, -77.9910123917"
4233,Oak Island,Brunswick,Coastal,Residential,Urban (>70% Developed),NA,Urban,30 - 35  MPH,No Control Present,Clear,No,9,6-10,No,NA,With Traffic,B: Evident Injury,Travel Lane,White,Male,16,0-19,No,NA,21-25 mph,O: No Injury,White,Female,Passenger Car,No,19JUL2010,Monday,Crossing Paths - Other Circumstances,20,Intersection,July,B: Evident Injury,20:00:00,Crossing Paths - Intersection - Other / Unknown,2010,Yes,No,Dusk,Straight - Level,Local Street,Dry,"Two-Way, Not Divided",None,Four-Way Intersection,Grooved Concrete,2 lanes,"33.9123716882, -78.1329423629"
4235,Durham,Durham,Piedmont,Commercial,Urban (>70% Developed),NA,Urban,30 - 35  MPH,Stop Sign,Cloudy,No,51,50-59,No,NA,With Traffic,C: Possible Injury,Travel Lane,White,Male,44,40-49,No,NA,0-5 mph,O: No Injury,Black,Female,Passenger Car,No,20AUG2010,Friday,Motorist Failed to Yield - Sign-Controlled Intersection,2,Intersection,August,C: Possible Injury,02:01:00,Motorist Drive Out - Sign-Controlled Intersection,2010,Yes,No,Dark - Lighted Roadway,Straight - Level,Local Street,Dry,"Two-Way, Not Divided",None,No Special Feature,Smooth Asphalt,3 lanes,"36.0291091235, -78.9124787049"
4238,Jacksonville,Onslow,Coastal,Commercial,Urban (>70% Developed),NA,Urban,5 - 15 MPH,No Control Present,Clear,No,24,20-24,No,NA,Not Applicable,O: No Injury,Non-Roadway,White,Male,34,30-39,No,NA,11-15 mph,O: No Injury,Black,Female,Passenger Car,No,10AUG2010,Tuesday,Non-Roadway,15,Non-Roadway,August,O: No Injury,15:45:00,Non-Roadway,2010,No,No,Daylight,Straight - Level,Public Vehicular Area,Dry,"Two-Way, Not Divided",None,No Special Feature,Smooth Asphalt,NA,"34.7767629038, -77.39129218"
4239,Fayetteville,Cumberland,Coastal,Residential,Urban (>70% Developed),NA,Urban,20 - 25  MPH,No Control Present,Clear,No,17,16-19,No,NA,Facing Traffic,C: Possible Injury,Travel Lane,Black,Male,70+,70+,No,NA,0-5 mph,O: No Injury,White,Male,Passenger Car,No,09AUG2010,Monday,Head-On,17,Non-Intersection,August,C: Possible Injury,17:29:00,Head-On - Bicyclist,2010,Yes,No,Daylight,Straight - Level,Local Street,Dry,"Two-Way, Divided, Positive Median Barrier",None,No Special Feature,Coarse Asphalt,2 lanes,"35.0764369151, -78.9948126798"
4241,Marietta,Robeson,Coastal,Residential,Mixed (30% To 70% Developed),NA,Rural,40 - 45  MPH,No Control Present,Clear,No,29,25-29,No,NA,With Traffic,B: Evident Injury,Travel Lane,Black,Male,33,30-39,No,NA,31-35 mph,O: No Injury,Black,Female,Passenger Car,No,12AUG2010,Thursday,Other / Unusual Circumstances,0,Non-Intersection,August,B: Evident Injury,00:35:00,Unusual Circumstances,2010,Yes,No,Dark - Roadway Not Lighted,Straight - Level,State Secondary Route,Dry,"Two-Way, Not Divided",None,No Special Feature,Smooth Asphalt,2 lanes,"34.3597437543, -79.1215086823"
4244,Charlotte,Mecklenburg,Piedmont,Residential,Urban (>70% Developed),NA,Urban,40 - 45  MPH,Yield Sign,Clear,No,36,30-39,No,NA,Facing Traffic,C: Possible Injury,Travel Lane,Black,Male,26,25-29,No,NA,16-20 mph,O: No Injury,Black,Female,Passenger Car,No,13AUG2010,Friday,Motorist Failed to Yield - Sign-Controlled Intersection,15,Intersection,August,C: Possible Injury,15:20:00,Motorist Drive Out - Sign-Controlled Intersection,2010,Yes,No,Daylight,Straight - Level,Local Street,Dry,"Two-Way, Not Divided",None,No Special Feature,Smooth Asphalt,4 lanes,"35.1560548708, -80.74836321"
4245,Charlotte,Mecklenburg,Piedmont,Residential,Urban (>70% Developed),NA,Urban,20 - 25  MPH,Stop Sign,Clear,No,56,50-59,No,NA,NA,B: Evident Injury,Travel Lane,Black,Male,48,40-49,No,NA,21-25 mph,O: No Injury,Black,Female,Sport Utility,No,13AUG2010,Friday,Bicyclist Failed to Yield - Sign-Controlled Intersection,13,Intersection,August,B: Evident Injury,13:16:00,Bicyclist Ride Through - Sign-Controlled Intersection,2010,Yes,No,Daylight,Straight - Level,Local Street,Dry,"Two-Way, Not Divided","Rut, Holes, Bumps",Four-Way Intersection,Smooth Asphalt,2 lanes,"35.2362168849, -80.8145032342"
4254,Hickory,Catawba,Piedmont,Residential,Urban (>70% Developed),NA,Urban,30 - 35  MPH,Stop And Go Signal,Clear,No,22,20-24,No,NA,Facing Traffic,C: Possible Injury,Sidewalk / Crosswalk / Driveway Crossing,White,Female,68,60-69,No,NA,NA,O: No Injury,White,Female,Passenger Car,No,13AUG2010,Friday,Motorist Failed to Yield - Signalized Intersection,20,Intersection,August,C: Possible Injury,20:31:00,Motorist Drive Out - Signalized Intersection,2010,Yes,No,Dark - Lighted Roadway,Straight - Level,Local Street,Dry,"One-Way, Not Divided",None,Four-Way Intersection,Smooth Asphalt,3 lanes,"35.7395389733, -81.3235534139"
4255,Eden,Rockingham,Piedmont,Residential,Urban (>70% Developed),NA,Urban,30 - 35  MPH,No Control Present,Clear,No,27,25-29,Yes,NA,With Traffic,K: Killed,Travel Lane,White,Male,20,20-24,No,NA,31-35 mph,O: No Injury,Black,Male,Passenger Car,Yes,17AUG2010,Tuesday,Bicyclist Failed to Yield - Sign-Controlled Intersection,3,Intersection,August,K: Killed,03:41:00,Bicyclist Ride Through - Sign-Controlled Intersection,2010,Yes,Yes,Dark - Lighted Roadway,Straight - Level,Local Street,Dry,"Two-Way, Not Divided",None,No Special Feature,Smooth Asphalt,2 lanes,"36.5132331967, -79.6957029689"
4258,Nags Head,Dare,Coastal,Commercial,Mixed (30% To 70% Developed),NA,Rural,50 - 55  MPH,Stop And Go Signal,Clear,No,55,50-59,No,NA,Facing Traffic,B: Evident Injury,Travel Lane,White,Male,31,30-39,No,NA,6-10 mph,O: No Injury,White,Male,Sport Utility,No,12JUN2010,Saturday,Bicyclist Failed to Yield - Signalized Intersection,21,Intersection,June,B: Evident Injury,21:27:00,Bicyclist Ride Through - Signalized Intersection,2010,Yes,No,Dark - Lighted Roadway,Straight - Level,US Route,Dry,"Two-Way, Divided, Unprotected Median",None,Four-Way Intersection,Coarse Asphalt,5 lanes,"35.9803272245, -75.6422917034"
4261,None - Rural Crash,Warren,Piedmont,"Farms, Woods, Pastures",Rural (<30% Developed),NA,Rural,50 - 55  MPH,"Double Yellow Line, No Passing Zone",Clear,No,42,40-49,No,NA,With Traffic,C: Possible Injury,Travel Lane,White,Male,70+,70+,No,NA,16-20 mph,O: No Injury,White,Male,Passenger Car,No,08AUG2010,Sunday,Motorist Overtaking Bicyclist,13,Non-Intersection,August,C: Possible Injury,13:28:00,Motorist Overtaking - Misjudged Space,2010,Yes,No,Daylight,Straight - Level,NC Route,Dry,"Two-Way, Not Divided",None,No Special Feature,Smooth Asphalt,2 lanes,"36.5349992655, -77.9383024361"
4265,Charlotte,Mecklenburg,Piedmont,Residential,Urban (>70% Developed),NA,Urban,30 - 35  MPH,No Control Present,Cloudy,No,52,50-59,No,NA,With Traffic,C: Possible Injury,Travel Lane,White,Male,43,40-49,No,NA,0-5 mph,O: No Injury,White,Male,Sport Utility,No,21AUG2010,Saturday,Motorist Left Turn / Merge,7,Non-Intersection,August,C: Possible Injury,07:50:00,Motorist Left Turn - Opposite Direction,2010,Yes,No,Daylight,Straight - Grade,Local Street,Dry,"Two-Way, Not Divided",None,No Special Feature,Smooth Asphalt,2 lanes,"35.1791668724, -80.8287082355"
4267,Charlotte,Mecklenburg,Piedmont,Residential,Urban (>70% Developed),NA,Urban,40 - 45  MPH,Stop And Go Signal,Cloudy,No,33,30-39,No,NA,With Traffic,B: Evident Injury,Travel Lane,White,Male,70+,70+,No,NA,11-15 mph,O: No Injury,Hispanic,Male,Passenger Car,No,19AUG2010,Thursday,Bicyclist Left Turn / Merge,5,Intersection,August,B: Evident Injury,05:14:00,Bicyclist Left Turn - Opposite Direction,2010,Yes,No,Dark - Lighted Roadway,Straight - Level,NC Route,Wet,"Two-Way, Not Divided",None,Four-Way Intersection,Smooth Asphalt,4 lanes,"35.0832928516, -80.8308732306"
4272,Charlotte,Mecklenburg,Piedmont,Commercial,Urban (>70% Developed),NA,Urban,20 - 25  MPH,Stop Sign,Cloudy,No,17,16-19,No,NA,Facing Traffic,C: Possible Injury,Sidewalk / Crosswalk / Driveway Crossing,Black,Female,31,30-39,No,NA,NA,O: No Injury,White,Female,Passenger Car,No,19AUG2010,Thursday,Loss of Control / Turning Error,7,Intersection,August,C: Possible Injury,07:53:00,Bicyclist Lost Control - Other / Unknown,2010,Yes,No,Daylight,Straight - Level,Local Street,Wet,"Two-Way, Divided, Positive Median Barrier",None,T-Intersection,Smooth Asphalt,2 lanes,"35.0919108534, -80.8443482354"
4274,Hickory,Catawba,Piedmont,Residential,Urban (>70% Developed),NA,Urban,20 - 25  MPH,Stop Sign,Clear,No,14,11-15,No,NA,With Traffic,B: Evident Injury,Travel Lane,Black,Male,38,30-39,No,NA,21-25 mph,O: No Injury,White,Male,Passenger Car,No,22AUG2010,Sunday,Bicyclist Failed to Yield - Signalized Intersection,12,Intersection,August,B: Evident Injury,12:41:00,Bicyclist Ride Through - Signalized Intersection,2010,Yes,No,Daylight,Straight - Grade,Local Street,Dry,"Two-Way, Not Divided",None,Four-Way Intersection,Smooth Asphalt,2 lanes,"35.7200119686, -81.3386034169"
4279,None - Rural Crash,Wake,Piedmont,Residential,Mixed (30% To 70% Developed),NA,Rural,40 - 45  MPH,"Double Yellow Line, No Passing Zone",Clear,No,48,40-49,No,NA,With Traffic,B: Evident Injury,Travel Lane,White,Male,32,30-39,No,NA,11-15 mph,O: No Injury,White,Male,Pickup,No,31AUG2010,Tuesday,Motorist Left Turn / Merge,6,Intersection,August,B: Evident Injury,06:03:00,Motorist Left Turn - Opposite Direction,2010,Yes,No,Dark - Roadway Not Lighted,Straight - Grade,State Secondary Route,Dry,"Two-Way, Not Divided",None,No Special Feature,Smooth Asphalt,2 lanes,"35.636887048, -78.6712326109"
4283,Greensboro,Guilford,Piedmont,Institutional,Urban (>70% Developed),NA,Urban,20 - 25  MPH,No Control Present,Cloudy,No,21,20-24,No,NA,With Traffic,C: Possible Injury,Bike Lane / Paved Shoulder,White,Male,25,25-29,No,NA,0-5 mph,O: No Injury,White,Female,Pickup,No,25AUG2010,Wednesday,Motorist Right Turn / Merge,18,Non-Intersection,August,C: Possible Injury,18:29:00,Motorist Right Turn - Same Direction,2010,Yes,No,Daylight,Straight - Level,Local Street,Dry,"Two-Way, Divided, Positive Median Barrier",None,"Driveway, Public",Smooth Asphalt,2 lanes,"36.0657670987, -79.8108329782"
4286,Charlotte,Mecklenburg,Piedmont,Residential,Urban (>70% Developed),NA,Urban,5 - 15 MPH,Stop Sign,Clear,No,52,50-59,No,NA,Facing Traffic,C: Possible Injury,Sidewalk / Crosswalk / Driveway Crossing,Black,Male,31,30-39,No,NA,6-10 mph,O: No Injury,Black,Male,Passenger Car,No,24AUG2010,Tuesday,Motorist Failed to Yield - Sign-Controlled Intersection,17,Intersection,August,C: Possible Injury,17:32:00,Motorist Drive Out - Sign-Controlled Intersection,2010,No,No,Daylight,Straight - Level,Local Street,Dry,"Two-Way, Divided, Unprotected Median",None,T-Intersection,Smooth Asphalt,2 lanes,"35.1180148545, -80.9558672696"
4293,Weldon,Halifax,Coastal,"Farms, Woods, Pastures",Mixed (30% To 70% Developed),NA,Rural,40 - 45  MPH,No Control Present,Clear,No,55,50-59,No,NA,With Traffic,Unknown Injury,Travel Lane,White,Male,70+,70+,No,NA,41-45 mph,Unknown Injury,Black,Male,Passenger Car,No,04SEP2010,Saturday,Motorist Overtaking Bicyclist,7,Non-Intersection,September,Unknown Injury,07:45:00,Motorist Overtaking - Other / Unknown,2010,Yes,Yes,Daylight,Straight - Level,NA,Dry,"Two-Way, Divided, Unprotected Median",None,No Special Feature,Concrete,2 lanes,"36.4129972512, -77.6073523287"
4300,Fayetteville,Cumberland,Coastal,Commercial,Urban (>70% Developed),NA,Urban,NA,Stop Sign,Clear,No,39,30-39,No,NA,Facing Traffic,C: Possible Injury,Sidewalk / Crosswalk / Driveway Crossing,Black,Male,27,25-29,No,NA,NA,O: No Injury,Hispanic,Female,Pickup,No,01SEP2010,Wednesday,Motorist Failed to Yield - Sign-Controlled Intersection,9,Intersection,September,C: Possible Injury,09:59:00,Motorist Drive Out - Sign-Controlled Intersection,2010,No,No,Daylight,Straight - Level,Local Street,Dry,"Two-Way, Not Divided",None,No Special Feature,Coarse Asphalt,2 lanes,"35.0486019114, -78.9378126614"
4304,Burlington,Alamance,Piedmont,Commercial,Urban (>70% Developed),NA,Urban,30 - 35  MPH,Stop And Go Signal,Clear,No,46,40-49,Yes,NA,Facing Traffic,B: Evident Injury,Travel Lane,Black,Male,50,50-59,No,NA,21-25 mph,O: No Injury,White,Male,Passenger Car,Yes,02SEP2010,Thursday,Bicyclist Failed to Yield - Signalized Intersection,13,Intersection-Related,September,B: Evident Injury,13:06:00,Bicyclist Ride Through - Signalized Intersection,2010,Yes,No,Daylight,Straight - Level,NC Route,Dry,"Two-Way, Not Divided",None,T-Intersection,Smooth Asphalt,4 lanes,"36.0888091168, -79.4303928654"
4309,Dallas,Gaston,Piedmont,Residential,Urban (>70% Developed),NA,Rural,20 - 25  MPH,Stop Sign,Clear,No,12,11-15,No,NA,With Traffic,B: Evident Injury,Travel Lane,White,Male,70+,70+,No,NA,16-20 mph,C: Possible Injury,Black,Female,Passenger Car,No,13AUG2010,Friday,Bicyclist Failed to Yield - Sign-Controlled Intersection,17,Intersection,August,B: Evident Injury,17:31:00,Bicyclist Ride Out - Sign-Controlled Intersection,2010,Yes,No,Daylight,Straight - Bottom,Local Street,Dry,"Two-Way, Not Divided",None,T-Intersection,Smooth Asphalt,2 lanes,"35.3111368877, -81.1780583463"
4316,Cary,Wake,Piedmont,Residential,Urban (>70% Developed),NA,Urban,20 - 25  MPH,Stop Sign,Clear,No,31,30-39,Yes,NA,With Traffic,O: No Injury,Travel Lane,Hispanic,Male,43,40-49,No,NA,16-20 mph,O: No Injury,Asian,Male,"Light Truck (Mini-Van, Panel)",Yes,10SEP2010,Friday,Bicyclist Failed to Yield - Sign-Controlled Intersection,22,Intersection,September,O: No Injury,22:09:00,Bicyclist Ride Through - Sign-Controlled Intersection,2010,No,No,Dark - Lighted Roadway,Straight - Level,Local Street,Dry,"Two-Way, Not Divided",None,Four-Way Intersection,Smooth Asphalt,2 lanes,"35.785064076, -78.7786276515"
4321,None - Rural Crash,Robeson,Coastal,Residential,Rural (<30% Developed),NA,Rural,50 - 55  MPH,"Double Yellow Line, No Passing Zone",Clear,No,42,40-49,Yes,NA,With Traffic,C: Possible Injury,Travel Lane,Native American,Male,28,25-29,No,NA,41-45 mph,O: No Injury,Native American,Male,Passenger Car,Yes,13SEP2010,Monday,Motorist Overtaking Bicyclist,19,Non-Intersection,September,C: Possible Injury,19:58:00,Motorist Overtaking - Bicyclist Swerved,2010,Yes,No,Dark - Roadway Not Lighted,Straight - Level,NC Route,Dry,"Two-Way, Not Divided",None,No Special Feature,Coarse Asphalt,2 lanes,"34.7020298283, -79.1507667081"
4326,Durham,Durham,Piedmont,Commercial,Urban (>70% Developed),NA,Urban,20 - 25  MPH,Stop And Go Signal,Clear,No,29,25-29,No,NA,With Traffic,B: Evident Injury,Travel Lane,White,Male,43,40-49,No,NA,6-10 mph,C: Possible Injury,Black,Male,Motorcycle,No,13SEP2010,Monday,Motorist Left Turn / Merge,18,Intersection,September,B: Evident Injury,18:12:00,Motorist Left Turn - Opposite Direction,2010,Yes,No,Daylight,Straight - Grade,Local Street,Dry,"Two-Way, Divided, Unprotected Median",None,Four-Way Intersection,Smooth Asphalt,5 lanes,"35.9636491097, -78.9074577004"
4334,Leland,Brunswick,Coastal,Residential,Urban (>70% Developed),NA,Rural,40 - 45  MPH,No Control Present,Clear,No,44,40-49,No,NA,Facing Traffic,B: Evident Injury,Travel Lane,Hispanic,Male,NA,NA,Missing,NA,41-45 mph,Unknown Injury,Unknown/Missing,NA,NA,No,28AUG2010,Saturday,Head-On,20,Non-Intersection,August,B: Evident Injury,20:38:00,Head-On - Bicyclist,2010,Yes,Yes,Dark - Roadway Not Lighted,Straight - Level,Local Street,Dry,"Two-Way, Not Divided",None,No Special Feature,Smooth Asphalt,2 lanes,"34.2362967645, -78.0135223427"
4341,None - Rural Crash,Caldwell,Mountains,"Farms, Woods, Pastures",Rural (<30% Developed),NA,Rural,50 - 55  MPH,"Double Yellow Line, No Passing Zone",Clear,No,41,40-49,No,NA,With Traffic,B: Evident Injury,Travel Lane,White,Male,53,50-59,No,NA,0-5 mph,O: No Injury,White,Male,Motorcycle,No,19SEP2010,Sunday,Motorist Left Turn / Merge,9,Non-Intersection,September,B: Evident Injury,09:32:00,Motorist Left Turn - Same Direction,2010,Yes,No,Daylight,Straight - Grade,State Secondary Route,Dry,"Two-Way, Not Divided",None,No Special Feature,Smooth Asphalt,2 lanes,"36.0485800325, -81.4732834756"
4346,Washington,Beaufort,Coastal,Commercial,Urban (>70% Developed),NA,Urban,40 - 45  MPH,No Control Present,Clear,No,52,50-59,No,NA,Facing Traffic,C: Possible Injury,Travel Lane,White,Male,17,0-19,No,NA,0-5 mph,O: No Injury,Black,Female,Passenger Car,No,14SEP2010,Tuesday,Motorist Failed to Yield - Midblock,14,Non-Intersection,September,C: Possible Injury,14:14:00,Motorist Drive Out - Commercial Driveway / Alley,2010,Yes,No,Daylight,Straight - Level,Local Street,Dry,"Two-Way, Not Divided",None,"Driveway, Public",Coarse Asphalt,5 lanes,"35.5465310839, -77.032742108"
4350,Charlotte,Mecklenburg,Piedmont,Commercial,Mixed (30% To 70% Developed),NA,Urban,5 - 15 MPH,Stop Sign,Clear,No,12,11-15,No,NA,Facing Traffic,O: No Injury,Travel Lane,Black,Male,19,0-19,No,NA,0-5 mph,O: No Injury,White,Female,Passenger Car,No,09SEP2010,Thursday,Motorist Failed to Yield - Sign-Controlled Intersection,21,Intersection,September,O: No Injury,21:34:00,Motorist Drive Out - Sign-Controlled Intersection,2010,No,No,Dark - Lighted Roadway,Straight - Level,Public Vehicular Area,Dry,"Two-Way, Divided, Unprotected Median",None,No Special Feature,Smooth Asphalt,2 lanes,"35.2129238852, -80.6870831948"
4353,Boone,Watauga,Mountains,Institutional,Urban (>70% Developed),NA,Urban,20 - 25  MPH,"Double Yellow Line, No Passing Zone",Clear,No,24,20-24,No,NA,With Traffic,B: Evident Injury,Bike Lane / Paved Shoulder,White,Male,25,25-29,No,NA,6-10 mph,O: No Injury,White,Female,Passenger Car,No,17SEP2010,Friday,Motorist Left Turn / Merge,11,Non-Intersection,September,B: Evident Injury,11:48:00,Motorist Left Turn - Opposite Direction,2010,No,No,Daylight,Straight - Level,Local Street,Dry,"Two-Way, Not Divided",None,No Special Feature,Smooth Asphalt,4 lanes,"36.2125730586, -81.6810235478"
4358,Concord,Cabarrus,Piedmont,Commercial,Mixed (30% To 70% Developed),NA,Urban,30 - 35  MPH,Stop And Go Signal,Clear,No,48,40-49,No,NA,With Traffic,B: Evident Injury,Travel Lane,White,Male,19,0-19,No,NA,16-20 mph,O: No Injury,White,Female,Passenger Car,No,14SEP2010,Tuesday,Bicyclist Failed to Yield - Signalized Intersection,16,Intersection,September,B: Evident Injury,16:33:00,Bicyclist Ride Out - Signalized  Intersection,2010,Yes,No,Daylight,Straight - Level,Local Street,Dry,"Two-Way, Divided, Positive Median Barrier",None,Four-Way Intersection,Smooth Asphalt,3 lanes,"35.3981999275, -80.599757178"
4367,Greensboro,Guilford,Piedmont,Residential,Urban (>70% Developed),NA,Urban,30 - 35  MPH,Flashing Stop And Go Signal,Clear,No,34,30-39,No,NA,With Traffic,C: Possible Injury,Travel Lane,White,Male,20,20-24,No,NA,0-5 mph,O: No Injury,White,Female,Passenger Car,No,19SEP2010,Sunday,Motorist Left Turn / Merge,17,Intersection,September,C: Possible Injury,17:49:00,Motorist Left Turn - Opposite Direction,2010,Yes,No,Daylight,Straight - Hillcrest,Local Street,Dry,"Two-Way, Not Divided",None,No Special Feature,Smooth Asphalt,2 lanes,"36.0686270981, -79.8231629828"
4371,Gastonia,Gaston,Piedmont,Commercial,Urban (>70% Developed),NA,Urban,30 - 35  MPH,Stop And Go Signal,Clear,No,27,25-29,No,NA,With Traffic,C: Possible Injury,Sidewalk / Crosswalk / Driveway Crossing,Black,Male,52,50-59,No,NA,0-5 mph,O: No Injury,White,Female,Passenger Car,No,19SEP2010,Sunday,Bicyclist Failed to Yield - Signalized Intersection,16,Intersection,September,C: Possible Injury,16:51:00,Bicyclist Ride Out - Signalized  Intersection,2010,Yes,No,Daylight,Straight - Grade,US Route,Dry,"Two-Way, Not Divided",None,Four-Way Intersection,Smooth Asphalt,5 lanes,"35.238736872, -81.194759347"
4380,Charlotte,Mecklenburg,Piedmont,Commercial,Urban (>70% Developed),NA,Urban,20 - 25  MPH,Stop Sign,Clear,No,61,60-69,No,NA,With Traffic,C: Possible Injury,Travel Lane,Black,Male,56,50-59,No,NA,NA,O: No Injury,White,Female,Passenger Car,No,21SEP2010,Tuesday,Motorist Right Turn / Merge,12,Intersection,September,C: Possible Injury,12:51:00,Motorist Right Turn - Same Direction,2010,Yes,No,Daylight,Straight - Level,Local Street,Dry,"Two-Way, Not Divided",None,T-Intersection,Smooth Asphalt,2 lanes,"35.176716871, -80.8509432419"