object_id,city,county,region,development,locality,on_road,rural_urban,speed_limit,traffic_control,weather,workzone,bike_age,bike_age_group,bike_alcohol,bike_alcohol_drugs,bike_direction,bike_injury,bike_position,bike_race,bike_sex,driver_age,driver_age_group,driver_alcohol,driver_alcohol_drugs,driver_est_speed,driver_injury,driver_race,driver_sex,driver_vehicle_type,crash_alcohol,crash_date,crash_day,crash_group,crash_hour,crash_location,crash_month,crash_severity,crash_time,crash_type,crash_year,ambulance_req,hit_run,light_condition,road_character,road_class,road_condition,road_configuration,road_defects,road_feature,road_surface,num_lanes,geo_point
4381,Charlotte,Mecklenburg,Piedmont,Commercial,Mixed (30% To 70% Developed),NA,Urban,30 - 35  MPH,No Control Present,Clear,No,59,50-59,No,NA,With Traffic,O: No Injury,Travel Lane,White,Male,49,40-49,No,NA,26-30 mph,O: No Injury,White,Male,Commercial Bus,No,22SEP2010,Wednesday,Loss of Control / Turning Error,9,Non-Intersection,September,O: No Injury,09:13:00,Bicyclist Lost Control - Other / Unknown,2010,No,No,Daylight,Straight - Level,Local Street,Dry,"Two-Way, Not Divided",Debris,No Special Feature,Smooth Asphalt,2 lanes,"35.2961368972, -80.8395872443"
4383,High Point,Guilford,Piedmont,Commercial,Urban (>70% Developed),NA,Urban,30 - 35  MPH,Stop Sign,Cloudy,No,36,30-39,No,NA,Facing Traffic,C: Possible Injury,Travel Lane,Black,Male,70+,70+,No,NA,NA,O: No Injury,White,Male,Passenger Car,No,17SEP2010,Friday,Crossing Paths - Other Circumstances,9,Intersection,September,C: Possible Injury,09:41:00,Sign-Controlled Intersection - Other / Unknown,2010,Yes,No,Daylight,Straight - Level,Local Street,Dry,"Two-Way, Not Divided",None,T-Intersection,Coarse Asphalt,2 lanes,"35.9445220648, -80.0340830387"
4391,Concord,Cabarrus,Piedmont,Residential,Urban (>70% Developed),NA,Urban,30 - 35  MPH,Stop Sign,Clear,No,15,11-15,No,NA,Facing Traffic,C: Possible Injury,Sidewalk / Crosswalk / Driveway Crossing,White,Male,70+,70+,No,NA,0-5 mph,O: No Injury,White,Female,Passenger Car,No,21SEP2010,Tuesday,Crossing Paths - Other Circumstances,18,Intersection,September,C: Possible Injury,18:34:00,Sign-Controlled Intersection - Other / Unknown,2010,Yes,No,Daylight,Straight - Level,Local Street,Dry,"One-Way, Not Divided",None,No Special Feature,Coarse Asphalt,1 lane,"35.415706932, -80.5869431758"
4394,Pineville,Mecklenburg,Piedmont,Commercial,Urban (>70% Developed),NA,Rural,30 - 35  MPH,Stop And Go Signal,Clear,No,49,40-49,No,NA,With Traffic,B: Evident Injury,Travel Lane,Black,Female,70+,70+,No,NA,6-10 mph,O: No Injury,White,Male,Passenger Car,No,04SEP2010,Saturday,Crossing Paths - Other Circumstances,8,Intersection,September,B: Evident Injury,08:22:00,Signalized Intersection - Other / Unknown,2010,No,No,Daylight,Straight - Level,Local Street,Dry,"Two-Way, Not Divided",None,Four-Way Intersection,Smooth Asphalt,2 lanes,"35.0948468531, -80.866393242"
4398,None - Rural Crash,New Hanover,Coastal,Residential,Urban (>70% Developed),NA,Rural,40 - 45  MPH,No Control Present,Clear,No,17,16-19,No,NA,With Traffic,A: Disabling Injury,Travel Lane,White,Male,44,40-49,No,NA,31-35 mph,O: No Injury,White,Female,Sport Utility,No,05OCT2010,Tuesday,Motorist Overtaking Bicyclist,6,Non-Intersection,October,A: Disabling Injury,06:43:00,Motorist Overtaking - Other / Unknown,2010,No,No,Dawn,Straight - Level,State Secondary Route,Dry,"Two-Way, Not Divided",None,No Special Feature,Smooth Asphalt,5 lanes,"34.264126776, -77.8328882894"
4400,Charlotte,Mecklenburg,Piedmont,Commercial,Urban (>70% Developed),NA,Urban,40 - 45  MPH,Stop Sign,Rain,No,59,50-59,No,NA,With Traffic,B: Evident Injury,Travel Lane,White,Male,53,50-59,No,NA,6-10 mph,O: No Injury,Black,Male,Pickup,No,29SEP2010,Wednesday,Motorist Failed to Yield - Sign-Controlled Intersection,19,Intersection,September,B: Evident Injury,19:32:00,Motorist Drive Out - Sign-Controlled Intersection,2010,Yes,No,Dark - Roadway Not Lighted,Straight - Hillcrest,Local Street,Wet,"One-Way, Not Divided",None,On or Off Ramp,Concrete,1 lane,"35.3074168991, -80.8468332472"
4409,Charlotte,Mecklenburg,Piedmont,Commercial,Urban (>70% Developed),NA,Urban,30 - 35  MPH,No Control Present,Cloudy,No,46,40-49,No,NA,With Traffic,B: Evident Injury,Sidewalk / Crosswalk / Driveway Crossing,Black,Male,32,30-39,No,NA,0-5 mph,O: No Injury,Black,Male,Passenger Car,No,03OCT2010,Sunday,Motorist Right Turn / Merge,13,Non-Intersection,October,B: Evident Injury,13:43:00,Motorist Right Turn - Same Direction,2010,Yes,No,Daylight,Straight - Level,Local Street,Dry,"Two-Way, Not Divided",None,No Special Feature,Concrete,2 lanes,"35.2009838764, -80.84347824"
4411,None - Rural Crash,Cleveland,Mountains,Residential,Urban (>70% Developed),NA,Rural,50 - 55  MPH,"Double Yellow Line, No Passing Zone",Clear,No,12,11-15,No,NA,With Traffic,B: Evident Injury,Travel Lane,White,Male,37,30-39,No,NA,36-40 mph,O: No Injury,White,Female,Passenger Car,No,09OCT2010,Saturday,Bicyclist Failed to Yield - Midblock,9,Non-Intersection,October,B: Evident Injury,09:50:00,Bicyclist Ride Out - Other Midblock,2010,Yes,No,Daylight,Straight - Level,State Secondary Route,Dry,"Two-Way, Not Divided",None,No Special Feature,Smooth Asphalt,2 lanes,"35.2876768658, -81.6403334826"
4431,None - Rural Crash,Chatham,Piedmont,Residential,Mixed (30% To 70% Developed),NA,Rural,5 - 15 MPH,"Double Yellow Line, No Passing Zone",Clear,No,15,11-15,No,NA,Not Applicable,C: Possible Injury,Non-Roadway,Unknown/Missing,Male,NA,NA,No,NA,NA,Unknown Injury,Unknown/Missing,NA,NA,No,05OCT2010,Tuesday,Non-Roadway,17,Non-Roadway,October,C: Possible Injury,17:20:00,Non-Roadway,2010,Yes,Yes,Daylight,Straight - Level,State Secondary Route,Dry,"Two-Way, Not Divided",None,No Special Feature,Smooth Asphalt,2 lanes,"35.7702440542, -79.2852728036"
4434,Lenoir,Caldwell,Mountains,Residential,Urban (>70% Developed),NA,Urban,40 - 45  MPH,No Control Present,Cloudy,No,20,20-24,No,NA,With Traffic,B: Evident Injury,Travel Lane,White,Male,40,40-49,No,NA,46-50 mph,O: No Injury,White,Male,Sport Utility,No,13OCT2010,Wednesday,Motorist Overtaking Bicyclist,20,Non-Intersection,October,B: Evident Injury,20:09:00,Motorist Overtaking - Undetected Bicyclist,2010,Yes,No,Dark - Roadway Not Lighted,Straight - Level,Local Street,Dry,"Two-Way, Not Divided",None,No Special Feature,Coarse Asphalt,5 lanes,"35.9235410035, -81.5477484908"
4435,None - Rural Crash,Buncombe,Mountains,Residential,Urban (>70% Developed),NA,Rural,30 - 35  MPH,"Double Yellow Line, No Passing Zone",Clear,No,31,30-39,No,NA,With Traffic,C: Possible Injury,Travel Lane,White,Male,70+,70+,No,NA,31-35 mph,O: No Injury,White,Male,Pickup,No,14OCT2010,Thursday,Motorist Overtaking Bicyclist,17,Intersection,October,C: Possible Injury,17:36:00,Motorist Overtaking - Misjudged Space,2010,Yes,No,Daylight,Straight - Grade,State Secondary Route,Dry,"Two-Way, Not Divided",None,T-Intersection,Coarse Asphalt,2 lanes,"35.5643968843, -82.6732938032"
4439,None - Rural Crash,Johnston,Coastal,"Farms, Woods, Pastures",Rural (<30% Developed),NA,Rural,40 - 45  MPH,"Double Yellow Line, No Passing Zone",Clear,No,39,30-39,No,NA,With Traffic,C: Possible Injury,Travel Lane,Hispanic,Male,NA,NA,No,NA,41-45 mph,Unknown Injury,Unknown/Missing,NA,Passenger Car,No,12OCT2010,Tuesday,Motorist Overtaking Bicyclist,19,Non-Intersection,October,C: Possible Injury,19:30:00,Motorist Overtaking - Other / Unknown,2010,No,Yes,Dark - Roadway Not Lighted,Straight - Level,State Secondary Route,Dry,"Two-Way, Not Divided",None,No Special Feature,Coarse Asphalt,2 lanes,"35.6732400618, -78.4858125572"
4443,Zebulon,Wake,Piedmont,Commercial,Urban (>70% Developed),NA,Rural,30 - 35  MPH,No Control Present,Clear,No,61,60-69,No,NA,With Traffic,B: Evident Injury,Travel Lane,White,Male,26,25-29,No,NA,0-5 mph,O: No Injury,White,Female,Passenger Car,No,15OCT2010,Friday,Bicyclist Left Turn / Merge,18,Non-Intersection,October,B: Evident Injury,18:48:00,Bicyclist Left Turn - Same Direction,2010,Yes,No,Dusk,Straight - Level,Local Street,Dry,"Two-Way, Not Divided",None,No Special Feature,Coarse Asphalt,3 lanes,"35.8389311031, -78.3245425164"
4447,Charlotte,Mecklenburg,Piedmont,Commercial,Urban (>70% Developed),NA,Urban,40 - 45  MPH,Stop And Go Signal,Clear,No,25,25-29,No,NA,Facing Traffic,C: Possible Injury,Sidewalk / Crosswalk / Driveway Crossing,Hispanic,Male,23,20-24,No,NA,6-10 mph,O: No Injury,Black,Female,Sport Utility,No,19JUN2010,Saturday,Bicyclist Failed to Yield - Signalized Intersection,9,Intersection,June,C: Possible Injury,09:12:00,Bicyclist Ride Through - Signalized Intersection,2010,Yes,No,Daylight,Straight - Level,Local Street,Dry,"Two-Way, Not Divided",None,Four-Way Intersection,Smooth Asphalt,4 lanes,"35.3004719009, -80.7535332193"
4449,None - Rural Crash,Johnston,Coastal,"Farms, Woods, Pastures",Rural (<30% Developed),NA,Rural,50 - 55  MPH,"Double Yellow Line, No Passing Zone",Clear,No,35,30-39,No,NA,With Traffic,C: Possible Injury,Travel Lane,White,Male,56,50-59,No,NA,51-55 mph,O: No Injury,Black,Male,Pickup,No,20OCT2010,Wednesday,Motorist Overtaking Bicyclist,19,Non-Intersection,October,C: Possible Injury,19:08:00,Motorist Overtaking - Misjudged Space,2010,Yes,No,Dark - Roadway Not Lighted,Straight - Level,State Secondary Route,Dry,"Two-Way, Not Divided",None,Bridge Approach,Coarse Asphalt,2 lanes,"35.3993520027, -78.5002725466"
4450,Salisbury,Rowan,Piedmont,Residential,Urban (>70% Developed),NA,Urban,40 - 45  MPH,No Control Present,Clear,No,23,20-24,No,NA,With Traffic,B: Evident Injury,Travel Lane,White,Female,NA,NA,Missing,NA,36-40 mph,Unknown Injury,Unknown/Missing,NA,Van,No,20OCT2010,Wednesday,Motorist Overtaking Bicyclist,22,Non-Intersection,October,B: Evident Injury,22:09:00,Motorist Overtaking - Other / Unknown,2010,Yes,Yes,Dark - Roadway Not Lighted,Straight - Grade,Local Street,Dry,"Two-Way, Not Divided",None,No Special Feature,Coarse Asphalt,2 lanes,"35.6507789859, -80.4869631587"
4454,Burlington,Alamance,Piedmont,Residential,Urban (>70% Developed),NA,Urban,30 - 35  MPH,No Control Present,Clear,No,8,6-10,No,NA,Not Applicable,B: Evident Injury,Non-Roadway,Hispanic,Male,49,40-49,No,NA,21-25 mph,O: No Injury,Black,Male,Passenger Car,No,16OCT2010,Saturday,Bicyclist Failed to Yield - Midblock,17,Non-Intersection,October,B: Evident Injury,17:30:00,Bicyclist Ride Out - Other Midblock,2010,Yes,No,Daylight,Straight - Grade,Local Street,Dry,"Two-Way, Not Divided",None,No Special Feature,Coarse Asphalt,2 lanes,"36.0861731164, -79.4362828665"
4456,None - Rural Crash,Brunswick,Coastal,Residential,Rural (<30% Developed),NA,Rural,5 - 15 MPH,No Control Present,Clear,No,9,6-10,No,NA,Not Applicable,C: Possible Injury,Non-Roadway,White,Male,24,20-24,No,NA,6-10 mph,O: No Injury,Hispanic,Male,Passenger Car,No,19OCT2010,Tuesday,Non-Roadway,16,Non-Roadway,October,C: Possible Injury,16:43:00,Non-Roadway,2010,No,No,Daylight,Straight - Level,Public Vehicular Area,Dry,"Two-Way, Not Divided",None,No Special Feature,Soil,2 lanes,"34.0196447013, -78.4699924696"
4463,Chapel Hill,Orange,Piedmont,Commercial,Urban (>70% Developed),NA,Urban,20 - 25  MPH,Stop And Go Signal,Clear,No,38,30-39,No,NA,With Traffic,B: Evident Injury,Travel Lane,White,Male,68,60-69,No,NA,16-20 mph,O: No Injury,White,Female,Passenger Car,No,16OCT2010,Saturday,Motorist Left Turn / Merge,16,Intersection,October,B: Evident Injury,16:58:00,Motorist Left Turn - Opposite Direction,2010,Yes,No,Daylight,Straight - Level,Local Street,Dry,"Two-Way, Not Divided",None,T-Intersection,Smooth Asphalt,2 lanes,"35.9111440925, -79.0637527441"
4465,Raleigh,Wake,Piedmont,Residential,Urban (>70% Developed),NA,Urban,30 - 35  MPH,Stop Sign,Clear,No,22,20-24,No,NA,With Traffic,C: Possible Injury,Travel Lane,Black,Female,36,30-39,No,NA,31-35 mph,O: No Injury,White,Male,Passenger Car,No,22SEP2010,Wednesday,Bicyclist Failed to Yield - Sign-Controlled Intersection,18,Intersection,September,C: Possible Injury,18:09:00,Bicyclist Ride Through - Sign-Controlled Intersection,2010,Yes,No,Daylight,Straight - Level,Local Street,Dry,"Two-Way, Not Divided",None,Four-Way Intersection,Coarse Asphalt,2 lanes,"35.7849670802, -78.6490276126"
4467,None - Rural Crash,Wayne,Coastal,"Farms, Woods, Pastures",Rural (<30% Developed),NA,Rural,50 - 55  MPH,"Double Yellow Line, No Passing Zone",Clear,No,50,50-59,No,NA,With Traffic,C: Possible Injury,Travel Lane,White,Male,41,40-49,No,NA,31-35 mph,O: No Injury,White,Female,Sport Utility,No,15OCT2010,Friday,Motorist Overtaking Bicyclist,7,Non-Intersection,October,C: Possible Injury,07:51:00,Motorist Overtaking - Undetected Bicyclist,2010,Yes,No,Daylight,Curve - Level,State Secondary Route,Dry,"Two-Way, Not Divided",None,No Special Feature,Coarse Asphalt,2 lanes,"35.4091270186, -78.0876874225"
4469,Charlotte,Mecklenburg,Piedmont,Residential,Urban (>70% Developed),NA,Urban,20 - 25  MPH,No Control Present,Clear,No,8,6-10,No,NA,Not Applicable,A: Disabling Injury,Driveway / Alley,Black,Female,60,60-69,No,NA,21-25 mph,O: No Injury,Black,Male,Passenger Car,No,16OCT2010,Saturday,Bicyclist Failed to Yield - Midblock,13,Non-Intersection,October,A: Disabling Injury,13:58:00,Bicyclist Ride Out - Residential Driveway,2010,Yes,No,Daylight,Straight - Grade,Local Street,Dry,"Two-Way, Not Divided",None,No Special Feature,Smooth Asphalt,2 lanes,"35.2144428779, -80.8794232515"
4471,Hickory,Catawba,Piedmont,Commercial,Urban (>70% Developed),NA,Urban,30 - 35  MPH,No Control Present,Clear,No,50,50-59,No,NA,With Traffic,B: Evident Injury,Travel Lane,White,Male,49,40-49,No,NA,0-5 mph,O: No Injury,White,Female,Van,No,20OCT2010,Wednesday,Motorist Right Turn / Merge,17,Non-Intersection,October,B: Evident Injury,17:15:00,Motorist Right Turn - Same Direction,2010,Yes,No,Daylight,Straight - Level,Local Street,Dry,"Two-Way, Not Divided",None,No Special Feature,Smooth Asphalt,2 lanes,"35.769854979, -81.3291834165"
4488,Raleigh,Wake,Piedmont,Institutional,Urban (>70% Developed),NA,Urban,5 - 15 MPH,No Control Present,Cloudy,No,20,20-24,No,NA,With Traffic,B: Evident Injury,Travel Lane,White,Male,27,25-29,No,NA,0-5 mph,O: No Injury,Hispanic,Female,Passenger Car,No,25OCT2010,Monday,Bicyclist Overtaking Motorist,12,Non-Intersection,October,B: Evident Injury,12:41:00,Bicyclist Overtaking - Passing on Left,2010,Yes,No,Daylight,Straight - Level,Local Street,Wet,"One-Way, Not Divided",None,No Special Feature,Smooth Asphalt,1 lane,"35.78503408, -78.6656126173"
4499,Durham,Durham,Piedmont,Residential,Urban (>70% Developed),NA,Urban,30 - 35  MPH,Stop And Go Signal,Clear,No,59,50-59,No,NA,With Traffic,B: Evident Injury,Travel Lane,White,Male,38,30-39,No,NA,11-15 mph,O: No Injury,White,Female,Passenger Car,No,25SEP2010,Saturday,Motorist Overtaking Bicyclist,10,Intersection,September,B: Evident Injury,10:28:00,Motorist Overtaking - Misjudged Space,2010,Yes,No,Daylight,Straight - Level,NC Route,Dry,"Two-Way, Divided, Unprotected Median",None,No Special Feature,Grooved Concrete,3 lanes,"35.9009320943, -78.9595927125"
186,Raleigh,Wake,Piedmont,Commercial,Urban (>70% Developed),METHOD RD,Urban,30 - 35  MPH,No Control Present,Clear,No,24,20-24,NA,No,With Traffic,O: No Injury,Travel Lane,White,Male,63,60-69,NA,No,0-5 mph,O: No Injury,Black,Female,Passenger Car,No,10MAY2014,Saturday,Motorist Failed to Yield - Midblock,21,Non-Intersection,May,O: No Injury,21:32:00,Motorist Drive Out - Commercial Driveway / Alley,2014,No,No,Dark - Roadway Not Lighted,Straight - Level,Local Street,Dry,"Two-Way, Not Divided",None,No Special Feature,Smooth Asphalt,2 lanes,"35.7846710783, -78.6937926263"
190,Raleigh,Wake,Piedmont,Commercial,Urban (>70% Developed),NEW BERN PL,Urban,30 - 35  MPH,Stop Sign,Clear,No,43,40-49,NA,No,With Traffic,C: Possible Injury,Sidewalk / Crosswalk / Driveway Crossing,White,Male,18,0-19,NA,No,6-10 mph,O: No Injury,White,Male,Sport Utility,No,17MAY2014,Saturday,Motorist Right Turn / Merge,23,Intersection,May,C: Possible Injury,23:34:00,Motorist Right Turn - Same Direction,2014,Yes,No,Dark - Lighted Roadway,Straight - Level,Local Street,Dry,"Two-Way, Not Divided",None,T-Intersection,Coarse Asphalt,2 lanes,"35.7803610796, -78.6380326092"
194,Raleigh,Wake,Piedmont,Residential,Urban (>70% Developed),PVA HALLIWELL DR,Urban,20 - 25  MPH,No Control Present,Clear,No,8,6-10,NA,No,Not Applicable,B: Evident Injury,Non-Roadway,Black,Male,NA,NA,NA,Missing,0-5 mph,Unknown Injury,Unknown/Missing,NA,Passenger Car,No,11MAY2014,Sunday,Non-Roadway,18,Non-Roadway,May,B: Evident Injury,18:30:00,Non-Roadway,2014,Yes,No,Daylight,Straight - Grade,Public Vehicular Area,Dry,"Two-Way, Not Divided",None,No Special Feature,Smooth Asphalt,2 lanes,"35.7771100773, -78.6915326242"
195,Hickory,Catawba,Piedmont,Residential,Urban (>70% Developed),3RD AV CT SW,Urban,30 - 35  MPH,No Control Present,Clear,No,24,20-24,NA,No,With Traffic,C: Possible Injury,Travel Lane,Black,Female,NA,NA,NA,NA,16-20 mph,Unknown Injury,Unknown/Missing,NA,Passenger Car,No,26APR2014,Saturday,Crossing Paths - Other Circumstances,18,Intersection,April,C: Possible Injury,18:00:00,Crossing Paths - Intersection - Other / Unknown,2014,No,Yes,Dark - Lighted Roadway,Straight - Level,Local Street,Dry,"Two-Way, Not Divided",None,No Special Feature,Smooth Asphalt,2 lanes,"35.7280989696, -81.341513418"
213,None - Rural Crash,Guilford,Piedmont,"Farms, Woods, Pastures",Rural (<30% Developed),NC 61,Rural,50 - 55  MPH,No Control Present,Clear,No,14,11-15,NA,No,With Traffic,B: Evident Injury,Travel Lane,White,Male,17,0-19,NA,No,36-40 mph,O: No Injury,White,Female,Passenger Car,No,23MAY2014,Friday,Motorist Overtaking Bicyclist,20,Non-Intersection,May,B: Evident Injury,20:34:00,Motorist Overtaking - Bicyclist Swerved,2014,Yes,No,Daylight,Straight - Level,NC Route,Dry,"Two-Way, Not Divided",None,No Special Feature,Coarse Asphalt,2 lanes,"36.1689971289, -79.5731689132"
216,Salisbury,Rowan,Piedmont,Residential,Urban (>70% Developed),OLD CONCORD RD,Urban,30 - 35  MPH,Stop Sign,Clear,No,66,60-69,NA,No,With Traffic,B: Evident Injury,Travel Lane,White,Male,40,40-49,NA,No,31-35 mph,O: No Injury,Black,Male,Pickup,No,31MAY2014,Saturday,Bicyclist Failed to Yield - Sign-Controlled Intersection,13,Intersection,May,B: Evident Injury,13:15:00,Bicyclist Ride Through - Sign-Controlled Intersection,2014,Yes,No,Daylight,Curve - Level,Local Street,Dry,"Two-Way, Not Divided",None,T-Intersection,Smooth Asphalt,4 lanes,"35.6566269872, -80.4709731544"
220,Indian Trail,Union,Piedmont,Commercial,Urban (>70% Developed),OLD MONROE RD,Urban,40 - 45  MPH,No Control Present,Clear,No,17,16-19,NA,No,Not Applicable,B: Evident Injury,Travel Lane,White,Male,27,25-29,NA,No,0-5 mph,O: No Injury,Black,Female,Passenger Car,No,03JUN2014,Tuesday,Crossing Paths - Other Circumstances,16,Intersection-Related,June,B: Evident Injury,16:05:00,Signalized Intersection - Other / Unknown,2014,No,No,Daylight,Straight - Level,State Secondary Route,Dry,"Two-Way, Divided, Positive Median Barrier",None,No Special Feature,Smooth Asphalt,2 lanes,"35.047646851, -80.6458391735"
221,Rolesville,Wake,Piedmont,Residential,Urban (>70% Developed),ROGERS RD,Rural,40 - 45  MPH,Stop Sign,Clear,No,15,11-15,NA,No,Facing Traffic,B: Evident Injury,Sidewalk / Crosswalk / Driveway Crossing,White,Male,35,30-39,NA,No,41-45 mph,O: No Injury,Black,Male,Passenger Car,No,10MAY2014,Saturday,Bicyclist Failed to Yield - Sign-Controlled Intersection,22,Intersection,May,B: Evident Injury,22:34:00,Bicyclist Ride Through - Sign-Controlled Intersection,2014,Yes,No,Dark - Lighted Roadway,Straight - Grade,Local Street,Dry,"Two-Way, Not Divided",None,Four-Way Intersection,Smooth Asphalt,2 lanes,"35.9334601182, -78.4800225688"
223,None - Rural Crash,Wake,Piedmont,"Farms, Woods, Pastures",Rural (<30% Developed),SR 1127,Rural,40 - 45  MPH,"Double Yellow Line, No Passing Zone",Clear,No,51,50-59,NA,No,With Traffic,B: Evident Injury,Travel Lane,White,Male,59,50-59,NA,No,46-50 mph,O: No Injury,Black,Female,Sport Utility,No,01JUN2014,Sunday,Bicyclist Overtaking Motorist,9,Intersection,June,B: Evident Injury,09:19:00,Bicyclist Overtaking - Other / Unknown,2014,Yes,No,Daylight,Straight - Level,State Secondary Route,Dry,"Two-Way, Not Divided",None,T-Intersection,Smooth Asphalt,2 lanes,"35.6548610429, -78.9257826886"
225,Durham,Durham,Piedmont,Commercial,Urban (>70% Developed),UNIVERSITY DR,Urban,30 - 35  MPH,No Control Present,Clear,No,25,25-29,NA,No,With Traffic,C: Possible Injury,Travel Lane,White,Male,70+,70+,NA,No,16-20 mph,O: No Injury,White,Male,Passenger Car,No,05JUN2014,Thursday,Motorist Left Turn / Merge,18,Intersection,June,C: Possible Injury,18:48:00,Motorist Left Turn - Opposite Direction,2014,No,No,Daylight,Straight - Level,Local Street,Dry,"Two-Way, Not Divided",None,T-Intersection,Smooth Asphalt,2 lanes,"35.9676371088, -78.9425427105"
227,Zebulon,Wake,Piedmont,Commercial,Urban (>70% Developed),W GANNON AVE,Rural,30 - 35  MPH,Stop Sign,Clear,No,37,30-39,NA,No,Facing Traffic,C: Possible Injury,Travel Lane,Hispanic,Female,49,40-49,NA,No,6-10 mph,O: No Injury,White,Female,Passenger Car,No,03JUN2014,Tuesday,Motorist Failed to Yield - Sign-Controlled Intersection,14,Intersection,June,C: Possible Injury,14:29:00,Motorist Drive Out - Sign-Controlled Intersection,2014,Yes,No,Daylight,Straight - Level,Local Street,Dry,"Two-Way, Not Divided",None,No Special Feature,Coarse Asphalt,3 lanes,"35.8202890991, -78.3270625161"
229,New Bern,Craven,Coastal,Residential,Urban (>70% Developed),PLYMOUTH DR,Urban,20 - 25  MPH,No Control Present,Cloudy,No,5,0-5,NA,No,Not Applicable,B: Evident Injury,Driveway / Alley,White,Male,21,20-24,NA,No,21-25 mph,O: No Injury,Black,Male,Passenger Car,No,27MAY2014,Tuesday,Bicyclist Failed to Yield - Midblock,18,Non-Intersection,May,B: Evident Injury,18:39:00,Bicyclist Ride Out - Residential Driveway,2014,Yes,No,Daylight,Straight - Level,Local Street,Dry,"Two-Way, Not Divided",None,No Special Feature,Smooth Asphalt,2 lanes,"35.1244569903, -77.0949121067"
235,Durham,Durham,Piedmont,Commercial,Urban (>70% Developed),W MAIN ST,Urban,20 - 25  MPH,Stop And Go Signal,Cloudy,No,25,25-29,NA,No,With Traffic,C: Possible Injury,Bike Lane / Paved Shoulder,White,Male,38,30-39,NA,No,21-25 mph,O: No Injury,White,Female,Sport Utility,No,04JUN2014,Wednesday,Motorist Left Turn / Merge,17,Intersection,June,C: Possible Injury,17:58:00,Motorist Left Turn - Opposite Direction,2014,Yes,No,Daylight,Straight - Level,Local Street,Dry,"Two-Way, Divided, Unprotected Median",None,No Special Feature,Smooth Asphalt,2 lanes,"36.0012171176, -78.9112527027"
239,Hendersonville,Henderson,Mountains,Residential,Urban (>70% Developed),N MAIN ST,Urban,20 - 25  MPH,Stop And Go Signal,Rain,No,14,11-15,NA,No,With Traffic,B: Evident Injury,Travel Lane,White,Male,20,20-24,NA,No,11-15 mph,O: No Injury,White,Male,Passenger Car,No,11JUN2014,Wednesday,Motorist Left Turn / Merge,19,Intersection,June,B: Evident Injury,19:46:00,Motorist Left Turn - Opposite Direction,2014,Yes,No,Daylight,Straight - Level,US Route,Wet,"Two-Way, Not Divided",None,No Special Feature,Smooth Asphalt,2 lanes,"35.315866841, -82.4599537263"
244,Raleigh,Wake,Piedmont,Commercial,Urban (>70% Developed),PVA 5604 PEACENEST DR,Urban,30 - 35  MPH,No Control Present,Clear,No,3,0-5,NA,No,Not Applicable,A: Disabling Injury,Non-Roadway,Hispanic,Male,28,25-29,NA,No,0-5 mph,O: No Injury,White,Female,Passenger Car,No,28MAY2014,Wednesday,Non-Roadway,11,Non-Roadway,May,A: Disabling Injury,11:33:00,Non-Roadway,2014,Yes,No,Daylight,Straight - Level,Public Vehicular Area,Dry,"Two-Way, Not Divided",None,"Driveway, Public",Smooth Asphalt,2 lanes,"35.7854840841, -78.5415925795"
245,Durham,Durham,Piedmont,Commercial,Urban (>70% Developed),WILLARD ST,Urban,20 - 25  MPH,Stop Sign,Clear,No,44,40-49,NA,No,With Traffic,B: Evident Injury,Travel Lane,White,Female,27,25-29,NA,No,6-10 mph,B: Evident Injury,White,Male,Passenger Car,No,11JUN2014,Wednesday,Loss of Control / Turning Error,13,Intersection,June,B: Evident Injury,13:36:00,Motorist Turning Error - Left Turn,2014,Yes,No,Daylight,Straight - Hillcrest,Local Street,Dry,"Two-Way, Not Divided",None,T-Intersection,Coarse Asphalt,2 lanes,"35.9968471162, -78.9075627017"
263,None - Rural Crash,Durham,Piedmont,Commercial,Urban (>70% Developed),98,Rural,40 - 45  MPH,No Control Present,Clear,No,12,11-15,NA,No,Not Applicable,B: Evident Injury,Non-Roadway,Black,Male,52,50-59,NA,No,41-45 mph,O: No Injury,White,Male,Pickup,No,14JUN2014,Saturday,Bicyclist Failed to Yield - Midblock,13,Non-Intersection,June,B: Evident Injury,13:35:00,Bicyclist Ride Out - Commercial Driveway / Alley,2014,Yes,No,Daylight,Straight - Level,NC Route,Dry,"Two-Way, Not Divided",None,"Driveway, Public",Smooth Asphalt,4 lanes,"35.9813651159, -78.8205326749"
264,Cary,Wake,Piedmont,Commercial,Urban (>70% Developed),1105 WALNUT ST,Urban,20 - 25  MPH,No Control Present,Clear,No,15,11-15,NA,No,Not Applicable,B: Evident Injury,Non-Roadway,White,Male,37,30-39,NA,No,11-15 mph,O: No Injury,Hispanic,Female,Sport Utility,No,11MAY2014,Sunday,Non-Roadway,16,Non-Roadway,May,B: Evident Injury,16:38:00,Non-Roadway,2014,Yes,No,Daylight,Straight - Level,Public Vehicular Area,Dry,"Two-Way, Not Divided",None,No Special Feature,Smooth Asphalt,2 lanes,"35.774587074, -78.7584326443"