object_id,city,county,region,development,locality,on_road,rural_urban,speed_limit,traffic_control,weather,workzone,bike_age,bike_age_group,bike_alcohol,bike_alcohol_drugs,bike_direction,bike_injury,bike_position,bike_race,bike_sex,driver_age,driver_age_group,driver_alcohol,driver_alcohol_drugs,driver_est_speed,driver_injury,driver_race,driver_sex,driver_vehicle_type,crash_alcohol,crash_date,crash_day,crash_group,crash_hour,crash_location,crash_month,crash_severity,crash_time,crash_type,crash_year,ambulance_req,hit_run,light_condition,road_character,road_class,road_condition,road_configuration,road_defects,road_feature,road_surface,num_lanes,geo_point
272,Raleigh,Wake,Piedmont,Commercial,Urban (>70% Developed),FALLS OF NEUSE RD,Urban,40 - 45  MPH,No Control Present,Clear,No,38,30-39,NA,No,With Traffic,C: Possible Injury,Travel Lane,Hispanic,Male,20,20-24,NA,No,0-5 mph,O: No Injury,Black,Male,Sport Utility,No,10JUN2014,Tuesday,Motorist Failed to Yield - Sign-Controlled Intersection,19,Intersection,June,C: Possible Injury,19:57:00,Motorist Drive Out - Sign-Controlled Intersection,2014,Yes,No,Daylight,Straight - Level,Local Street,Dry,"Two-Way, Not Divided",None,Four-Way Intersection,Coarse Asphalt,5 lanes,"35.849040095, -78.6146526048"
273,Raleigh,Wake,Piedmont,Commercial,Urban (>70% Developed),OBERLIN RD,Urban,30 - 35  MPH,Stop And Go Signal,Clear,No,24,20-24,NA,No,With Traffic,B: Evident Injury,Travel Lane,White,Male,68,60-69,NA,NA,31-35 mph,Unknown Injury,White,Male,Sport Utility,No,13JUN2014,Friday,Motorist Left Turn / Merge,11,Intersection,June,B: Evident Injury,11:45:00,Motorist Left Turn - Opposite Direction,2014,No,No,Daylight,Straight - Level,Local Street,Dry,"Two-Way, Not Divided",None,T-Intersection,Smooth Asphalt,4 lanes,"35.7920140815, -78.6627626173"
275,Oak Island,Brunswick,Coastal,Residential,Urban (>70% Developed),E YACHT DR,Urban,30 - 35  MPH,No Control Present,Clear,No,37,30-39,NA,No,With Traffic,B: Evident Injury,Travel Lane,White,Female,39,30-39,NA,No,0-5 mph,O: No Injury,White,Male,Pickup,No,12MAY2014,Monday,Motorist Failed to Yield - Sign-Controlled Intersection,16,Intersection,May,B: Evident Injury,16:30:00,Motorist Drive Out - Sign-Controlled Intersection,2014,Yes,No,Daylight,Straight - Level,Local Street,Dry,"Two-Way, Not Divided",None,Four-Way Intersection,Smooth Asphalt,2 lanes,"33.9258106908, -78.1525923701"
277,None - Rural Crash,New Hanover,Coastal,Residential,Urban (>70% Developed),SR 1100,Rural,50 - 55  MPH,"Double Yellow Line, No Passing Zone",Clear,No,67,60-69,NA,No,With Traffic,B: Evident Injury,Bike Lane / Paved Shoulder,White,Male,47,40-49,NA,No,46-50 mph,O: No Injury,White,Male,Pickup,No,05JUN2014,Thursday,Motorist Overtaking Bicyclist,14,Non-Intersection,June,B: Evident Injury,14:05:00,Motorist Overtaking - Other / Unknown,2014,No,No,Daylight,Straight - Level,State Secondary Route,Dry,"Two-Way, Not Divided",None,No Special Feature,Smooth Asphalt,2 lanes,"34.11424974, -77.9221023088"
278,High Point,Guilford,Piedmont,Industrial,Urban (>70% Developed),PENDLETON ST,Urban,30 - 35  MPH,Stop And Go Signal,Cloudy,No,8,6-10,NA,No,Facing Traffic,B: Evident Injury,Sidewalk / Crosswalk / Driveway Crossing,Black,Male,36,30-39,NA,No,21-25 mph,O: No Injury,White,Male,Police,No,10MAY2014,Saturday,Bicyclist Failed to Yield - Signalized Intersection,12,Intersection-Related,May,B: Evident Injury,12:25:00,Bicyclist Ride Through - Signalized Intersection,2014,Yes,No,Daylight,Straight - Grade,Local Street,Dry,"Two-Way, Not Divided",None,Related To Intersection,Coarse Asphalt,3 lanes,"35.9657770716, -79.9699280213"
280,Charlotte,Mecklenburg,Piedmont,Residential,Urban (>70% Developed),RODEY AVE,Urban,30 - 35  MPH,No Control Present,Clear,No,5,0-5,NA,No,Not Applicable,C: Possible Injury,Travel Lane,Black,Male,26,25-29,NA,No,31-35 mph,O: No Injury,Black,Male,Passenger Car,No,26JUN2014,Thursday,Other / Unusual Circumstances,20,Non-Intersection,June,C: Possible Injury,20:32:00,Play Vehicle-Related,2014,Yes,No,Dusk,Straight - Level,Local Street,Dry,"Two-Way, Not Divided",None,No Special Feature,Smooth Asphalt,2 lanes,"35.2584868889, -80.8310932395"
288,Charlotte,Mecklenburg,Piedmont,Commercial,Urban (>70% Developed),FREEDOM DRIVE,Urban,40 - 45  MPH,Stop And Go Signal,Clear,No,15,11-15,NA,No,Facing Traffic,C: Possible Injury,Sidewalk / Crosswalk / Driveway Crossing,Black,Male,NA,NA,NA,Missing,41-45 mph,Unknown Injury,White,Male,NA,No,30JUN2014,Monday,Bicyclist Failed to Yield - Signalized Intersection,15,Intersection,June,C: Possible Injury,15:12:00,Bicyclist Failed to Clear - Trapped,2014,No,Yes,Daylight,Straight - Bottom,Local Street,Dry,"Two-Way, Divided, Unprotected Median",None,Four-Way Intersection,Coarse Asphalt,6 lanes,"35.2359798825, -80.8806832534"
292,Raleigh,Wake,Piedmont,Residential,Urban (>70% Developed),FENTON ST,Urban,20 - 25  MPH,Stop Sign,Clear,No,7,6-10,NA,No,With Traffic,B: Evident Injury,Travel Lane,White,Male,42,40-49,NA,No,16-20 mph,O: No Injury,White,Male,Pickup,No,29JUN2014,Sunday,Bicyclist Failed to Yield - Sign-Controlled Intersection,17,Intersection,June,B: Evident Injury,17:18:00,Bicyclist Ride Through - Sign-Controlled Intersection,2014,Yes,No,Daylight,Straight - Level,Local Street,Dry,"Two-Way, Not Divided",None,Four-Way Intersection,Coarse Asphalt,2 lanes,"35.7995940846, -78.6161226033"
298,Cramerton,Gaston,Piedmont,Residential,Urban (>70% Developed),HIDDEN PASTURES DR,Rural,20 - 25  MPH,No Control Present,Clear,No,15,11-15,NA,No,Not Applicable,B: Evident Injury,Driveway / Alley,White,Male,47,40-49,NA,No,16-20 mph,O: No Injury,White,Male,Pickup,No,04JUN2014,Wednesday,Bicyclist Failed to Yield - Midblock,16,Non-Intersection,June,B: Evident Injury,16:53:00,Bicyclist Ride Out - Commercial Driveway / Alley,2014,No,No,Daylight,Straight - Level,Public Vehicular Area,Dry,"Two-Way, Not Divided",None,T-Intersection,Smooth Asphalt,2 lanes,"35.2295668741, -81.0833333134"
309,None - Rural Crash,Pitt,Coastal,Residential,Rural (<30% Developed),SR 1401,Rural,50 - 55  MPH,"Double Yellow Line, No Passing Zone",Clear,No,24,20-24,NA,No,Not Applicable,B: Evident Injury,Driveway / Alley,Black,Male,66,60-69,NA,No,36-40 mph,O: No Injury,White,Male,Pickup,No,29JUN2014,Sunday,Bicyclist Failed to Yield - Sign-Controlled Intersection,12,Intersection,June,B: Evident Injury,12:49:00,Bicyclist Ride Through - Sign-Controlled Intersection,2014,Yes,No,Daylight,Straight - Level,State Secondary Route,Dry,"Two-Way, Not Divided",None,"Driveway, Public",Coarse Asphalt,2 lanes,"35.6669870964, -77.4445722396"
313,None - Rural Crash,Buncombe,Mountains,"Farms, Woods, Pastures",Rural (<30% Developed),NC 191,Rural,40 - 45  MPH,No Control Present,Clear,No,53,50-59,NA,No,With Traffic,B: Evident Injury,Travel Lane,Hispanic,Male,18,0-19,NA,No,36-40 mph,O: No Injury,White,Male,Pickup,No,04JUL2014,Friday,Motorist Overtaking Bicyclist,15,Non-Intersection,July,B: Evident Injury,15:23:00,Motorist Overtaking - Undetected Bicyclist,2014,Yes,No,Daylight,Straight - Grade,NC Route,Dry,"Two-Way, Not Divided",None,No Special Feature,Smooth Asphalt,5 lanes,"35.5109508761, -82.6002537784"
319,Raleigh,Wake,Piedmont,Residential,Urban (>70% Developed),E EDENTON ST,Urban,30 - 35  MPH,Stop And Go Signal,Clear,No,18,16-19,NA,No,With Traffic,C: Possible Injury,Travel Lane,Black,Male,32,30-39,NA,No,26-30 mph,O: No Injury,Black,Female,Sport Utility,No,12JUL2014,Saturday,Bicyclist Failed to Yield - Signalized Intersection,15,Intersection,July,C: Possible Injury,15:18:00,Bicyclist Ride Through - Signalized Intersection,2014,No,No,Daylight,Straight - Level,Local Street,Dry,"Two-Way, Not Divided",None,Other,Smooth Asphalt,4 lanes,"35.7808790798, -78.6289466059"
6397,Raleigh,Wake,Piedmont,Residential,Mixed (30% To 70% Developed),NA,Urban,40 - 45  MPH,Stop Sign,Clear,No,35,30-39,No,NA,With Traffic,B: Evident Injury,Travel Lane,White,Male,26,25-29,Yes,NA,0-5 mph,O: No Injury,White,Male,NA,Yes,30JUL2008,Wednesday,Motorist Failed to Yield - Sign-Controlled Intersection,23,Intersection,July,B: Evident Injury,23:00:00,Motorist Drive Out - Sign-Controlled Intersection,2008,Yes,Yes,Dark - Lighted Roadway,Straight - Level,Local Street,Dry,"Two-Way, Divided, Unprotected Median",None,No Special Feature,Smooth Asphalt,2 lanes,"35.7869900778, -78.7327026375"
6399,Pinetops,Edgecombe,Coastal,Residential,Urban (>70% Developed),NA,Rural,20 - 25  MPH,No Control Present,Clear,No,15,11-15,No,NA,NA,B: Evident Injury,Travel Lane,Black,Male,28,25-29,No,NA,16-20 mph,O: No Injury,White,Female,Sport Utility,No,26JUN2008,Thursday,Loss of Control / Turning Error,17,Intersection,June,B: Evident Injury,17:37:00,Bicyclist Lost Control - Mechanical Problems,2008,Yes,No,Daylight,Straight - Level,Local Street,Dry,"Two-Way, Not Divided",None,No Special Feature,Smooth Asphalt,5 lanes,"35.7899931166, -77.6426023061"
6415,Charlotte,Mecklenburg,Piedmont,Institutional,Urban (>70% Developed),NA,Urban,30 - 35  MPH,Other,Clear,No,17,16-19,No,NA,Facing Traffic,B: Evident Injury,Sidewalk / Crosswalk / Driveway Crossing,White,Male,60,60-69,No,NA,6-10 mph,O: No Injury,White,Male,Passenger Car,No,03MAR2008,Monday,Loss of Control / Turning Error,7,Intersection,March,B: Evident Injury,07:20:00,Motorist Lost Control - Mechanical Problems,2008,Yes,No,Daylight,Straight - Grade,NC Route,Dry,"Two-Way, Divided, Unprotected Median",None,Four-Way Intersection,Smooth Asphalt,2 lanes,"35.1101468601, -80.7617932108"
6421,Chapel Hill,Orange,Piedmont,Commercial,Urban (>70% Developed),NA,Urban,5 - 15 MPH,Stop And Go Signal,Cloudy,No,27,25-29,No,NA,With Traffic,C: Possible Injury,Sidewalk / Crosswalk / Driveway Crossing,White,Female,21,20-24,No,NA,0-5 mph,O: No Injury,White,Female,Passenger Car,No,16DEC2008,Tuesday,Crossing Paths - Other Circumstances,18,Intersection,December,C: Possible Injury,18:07:00,Signalized Intersection - Other / Unknown,2008,No,No,Dark - Lighted Roadway,Straight - Level,Public Vehicular Area,Wet,"Two-Way, Not Divided",None,No Special Feature,Smooth Asphalt,NA,"35.9118040928, -79.0595927434"
6427,Raleigh,Wake,Piedmont,Commercial,Urban (>70% Developed),NA,Urban,40 - 45  MPH,Stop Sign,Clear,No,25,25-29,No,NA,Facing Traffic,C: Possible Injury,Sidewalk / Crosswalk / Driveway Crossing,Black,Male,50,50-59,No,NA,0-5 mph,O: No Injury,Black,Male,Passenger Car,No,02NOV2008,Sunday,Motorist Failed to Yield - Sign-Controlled Intersection,16,Intersection,November,C: Possible Injury,16:48:00,Motorist Drive Out - Sign-Controlled Intersection,2008,Yes,No,Daylight,Straight - Level,Local Street,Dry,"Two-Way, Divided, Positive Median Barrier",None,No Special Feature,Smooth Asphalt,3 lanes,"35.8495070965, -78.583468596"
6434,Charlotte,Mecklenburg,Piedmont,Commercial,Urban (>70% Developed),NA,Urban,30 - 35  MPH,Stop And Go Signal,Cloudy,No,42,40-49,No,NA,NA,C: Possible Injury,Sidewalk / Crosswalk / Driveway Crossing,Black,Male,49,40-49,No,NA,11-15 mph,O: No Injury,Black,Male,"Light Truck (Mini-Van, Panel)",No,27DEC2008,Saturday,Other / Unknown - Insufficient Details,17,Intersection,December,C: Possible Injury,17:56:00,Unknown Approach Paths,2008,Yes,No,Dark - Lighted Roadway,Straight - Level,Local Street,Wet,"Two-Way, Divided, Unprotected Median",None,Four-Way Intersection,Smooth Asphalt,8 lanes,"35.2100818815, -80.7572232153"
6440,Raleigh,Wake,Piedmont,Commercial,Urban (>70% Developed),NA,Urban,30 - 35  MPH,Missing,Clear,No,14,11-15,No,NA,Not Applicable,B: Evident Injury,Bike Lane / Paved Shoulder,Black,Male,51,50-59,No,NA,16-20 mph,O: No Injury,White,Male,Passenger Car,No,24NOV2008,Monday,Bicyclist Failed to Yield - Midblock,17,Non-Intersection,November,B: Evident Injury,17:22:00,Bicyclist Ride Out - Midblock - Unknown,2008,Yes,No,Dusk,Straight - Level,Local Street,Dry,"Two-Way, Not Divided",None,No Special Feature,Coarse Asphalt,2 lanes,"35.866180101, -78.5646465914"
6443,Mooresville,Iredell,Piedmont,Commercial,Urban (>70% Developed),NA,Urban,40 - 45  MPH,No Control Present,Clear,No,18,16-19,No,NA,With Traffic,B: Evident Injury,Other,White,Male,51,50-59,No,NA,41-45 mph,O: No Injury,White,Male,Passenger Car,No,09JAN2008,Wednesday,Parallel Paths - Other Circumstances,14,Non-Intersection,January,B: Evident Injury,14:57:00,Bicyclist Ride Out - Parallel Path,2008,Yes,No,Daylight,Straight - Level,NC Route,Dry,"Two-Way, Not Divided",None,No Special Feature,Coarse Asphalt,2 lanes,"35.5804669571, -80.8399932603"
6447,Washington,Beaufort,Coastal,Commercial,Urban (>70% Developed),NA,Urban,30 - 35  MPH,No Control Present,Clear,No,13,11-15,No,NA,With Traffic,B: Evident Injury,Travel Lane,Black,Male,30,30-39,No,NA,NA,O: No Injury,White,Female,Passenger Car,No,16OCT2008,Thursday,Bicyclist Left Turn / Merge,17,Non-Intersection,October,B: Evident Injury,17:15:00,Bicyclist Left Turn - Same Direction,2008,Yes,No,Daylight,Straight - Level,Local Street,Dry,"Two-Way, Not Divided",None,No Special Feature,Coarse Asphalt,4 lanes,"35.549091084, -77.0572761161"
6450,Edenton,Chowan,Coastal,Institutional,Mixed (30% To 70% Developed),NA,Urban,NA,Stop And Go Signal,Clear,No,70+,70+,No,NA,With Traffic,B: Evident Injury,Sidewalk / Crosswalk / Driveway Crossing,Black,Male,28,25-29,No,NA,NA,O: No Injury,Black,Male,Passenger Car,No,30DEC2008,Tuesday,Motorist Left Turn / Merge,11,Intersection,December,B: Evident Injury,11:40:00,Motorist Left Turn - Opposite Direction,2008,Yes,No,Daylight,Straight - Level,Local Street,Dry,"Two-Way, Not Divided",None,T-Intersection,Smooth Asphalt,2 lanes,"36.0608672097, -76.608122004"
6453,Greensboro,Guilford,Piedmont,Residential,Urban (>70% Developed),NA,Urban,30 - 35  MPH,No Control Present,Clear,No,18,16-19,No,NA,Not Applicable,B: Evident Injury,Non-Roadway,Black,Male,21,20-24,No,NA,NA,O: No Injury,Black,Male,NA,No,03AUG2008,Sunday,Bicyclist Failed to Yield - Midblock,19,Non-Intersection,August,B: Evident Injury,19:00:00,Bicyclist Ride Out - Commercial Driveway / Alley,2008,Yes,Yes,Daylight,Straight - Grade,Local Street,Dry,"Two-Way, Not Divided",None,Railroad Crossing,Smooth Asphalt,2 lanes,"36.0736731013, -79.7641129644"
6454,Greensboro,Guilford,Piedmont,Residential,Rural (<30% Developed),NA,Urban,30 - 35  MPH,No Control Present,Clear,No,49,40-49,No,NA,NA,C: Possible Injury,Travel Lane,Black,Male,22,20-24,No,NA,0-5 mph,O: No Injury,Black,Male,Passenger Car,No,22JUL2008,Tuesday,Other / Unknown - Insufficient Details,0,Non-Intersection,July,C: Possible Injury,00:30:00,Unknown Approach Paths,2008,Yes,No,Dark - Lighted Roadway,Straight - Level,Local Street,Wet,"Two-Way, Not Divided",None,No Special Feature,Smooth Asphalt,2 lanes,"36.0656500989, -79.7825829702"
6456,Greensboro,Guilford,Piedmont,Residential,Urban (>70% Developed),NA,Urban,30 - 35  MPH,Stop Sign,Clear,No,13,11-15,No,NA,NA,C: Possible Injury,Travel Lane,Black,Male,57,50-59,No,NA,31-35 mph,O: No Injury,Black,Male,Pickup,No,05AUG2008,Tuesday,Bicyclist Failed to Yield - Sign-Controlled Intersection,11,Intersection,August,C: Possible Injury,11:55:00,Bicyclist Ride Through - Sign-Controlled Intersection,2008,No,No,Daylight,Straight - Level,Local Street,Dry,"Two-Way, Divided, Unprotected Median",None,Four-Way Intersection,Smooth Asphalt,2 lanes,"36.0529320946, -79.8387329863"
6461,Charlotte,Mecklenburg,Piedmont,Commercial,Urban (>70% Developed),NA,Urban,40 - 45  MPH,No Control Present,Clear,No,41,40-49,No,NA,With Traffic,K: Killed,Travel Lane,White,Male,22,20-24,No,NA,36-40 mph,O: No Injury,Asian,Male,Passenger Car,No,01DEC2008,Monday,Motorist Overtaking Bicyclist,14,Non-Intersection,December,K: Killed,14:11:00,Motorist Overtaking - Other / Unknown,2008,No,No,Daylight,Straight - Level,Local Street,Dry,"Two-Way, Divided, Unprotected Median",None,No Special Feature,Smooth Asphalt,5 lanes,"35.2881198982, -80.7597082199"
6464,Durham,Durham,Piedmont,Residential,Urban (>70% Developed),NA,Urban,30 - 35  MPH,No Control Present,Clear,No,31,30-39,No,NA,With Traffic,B: Evident Injury,Travel Lane,White,Male,46,40-49,No,NA,0-5 mph,O: No Injury,White,Male,Passenger Car,No,05NOV2008,Wednesday,Parking / Bus-Related,17,Non-Intersection,November,B: Evident Injury,17:58:00,Motorist Drive In / Out - Parking,2008,Yes,No,Dark - Roadway Not Lighted,Straight - Level,Local Street,Dry,"Two-Way, Not Divided",None,No Special Feature,Smooth Asphalt,2 lanes,"36.005561118, -78.9107827028"
6465,Wilson,Wilson,Coastal,Residential,Urban (>70% Developed),NA,Urban,30 - 35  MPH,Stop Sign,Clear,No,15,11-15,No,NA,Facing Traffic,C: Possible Injury,Sidewalk / Crosswalk / Driveway Crossing,Black,Male,37,30-39,No,NA,0-5 mph,O: No Injury,Black,Female,Sport Utility,No,23SEP2008,Tuesday,Motorist Failed to Yield - Sign-Controlled Intersection,19,Intersection,September,C: Possible Injury,19:51:00,Motorist Drive Out - Sign-Controlled Intersection,2008,No,No,Dusk,Straight - Level,Local Street,Dry,"Two-Way, Not Divided",None,No Special Feature,Coarse Asphalt,2 lanes,"35.7168610909, -77.9335123919"
6467,Durham,Durham,Piedmont,Residential,Urban (>70% Developed),NA,Urban,30 - 35  MPH,No Control Present,Clear,No,11,11-15,No,NA,With Traffic,B: Evident Injury,Sidewalk / Crosswalk / Driveway Crossing,Black,Male,35,30-39,No,NA,31-35 mph,O: No Injury,White,Male,Passenger Car,No,02JAN2007,Tuesday,Parallel Paths - Other Circumstances,16,Non-Intersection,January,B: Evident Injury,16:41:00,Bicyclist Ride Out - Parallel Path,2007,Yes,No,Daylight,Straight - Level,Local Street,Dry,"Two-Way, Divided, Unprotected Median",None,No Special Feature,Smooth Asphalt,1 lane,"36.039497126, -78.8838986973"
6468,Cary,Wake,Piedmont,Residential,Urban (>70% Developed),NA,Urban,30 - 35  MPH,Stop And Go Signal,Clear,No,20,20-24,No,NA,Facing Traffic,C: Possible Injury,Sidewalk / Crosswalk / Driveway Crossing,Hispanic,Male,64,60-69,No,NA,0-5 mph,O: No Injury,White,Male,Passenger Car,No,12JAN2007,Friday,Motorist Failed to Yield - Signalized Intersection,9,Intersection,January,C: Possible Injury,09:34:00,Motorist Drive Out - Right Turn on Red,2007,Yes,No,Daylight,Straight - Grade,Local Street,Dry,"Two-Way, Divided, Unprotected Median",None,Four-Way Intersection,Smooth Asphalt,3 lanes,"35.751125068, -78.7828026505"
6471,Fayetteville,Cumberland,Coastal,Commercial,Urban (>70% Developed),NA,Urban,30 - 35  MPH,"Double Yellow Line, No Passing Zone",Clear,No,45,40-49,No,NA,With Traffic,B: Evident Injury,Travel Lane,Black,Male,51,50-59,No,NA,31-35 mph,O: No Injury,Black,Female,Van,No,12JAN2007,Friday,Motorist Overtaking Bicyclist,12,Non-Intersection,January,B: Evident Injury,12:41:00,Motorist Overtaking - Bicyclist Swerved,2007,Yes,No,Daylight,Straight - Level,Local Street,Dry,"Two-Way, Not Divided",None,No Special Feature,Coarse Asphalt,2 lanes,"34.9994349024, -78.9044526487"
6472,Salisbury,Rowan,Piedmont,Residential,Urban (>70% Developed),NA,Urban,30 - 35  MPH,Stop And Go Signal,Clear,No,58,50-59,No,NA,With Traffic,B: Evident Injury,Sidewalk / Crosswalk / Driveway Crossing,White,Male,NA,NA,No,NA,21-25 mph,Unknown Injury,Unknown/Missing,NA,Passenger Car,No,31JAN2007,Wednesday,Bicyclist Failed to Yield - Signalized Intersection,9,Intersection,January,B: Evident Injury,09:25:00,Bicyclist Ride Out - Signalized  Intersection,2007,Yes,Yes,Daylight,Straight - Grade,Local Street,Dry,"Two-Way, Not Divided",None,Four-Way Intersection,Smooth Asphalt,2 lanes,"35.6666749888, -80.477593157"
6486,Gastonia,Gaston,Piedmont,Commercial,Urban (>70% Developed),NA,Urban,NA,No Control Present,Clear,No,31,30-39,Yes,NA,Facing Traffic,B: Evident Injury,Sidewalk / Crosswalk / Driveway Crossing,Hispanic,Male,29,25-29,No,NA,0-5 mph,O: No Injury,White,Male,Pickup,Yes,06JAN2007,Saturday,Motorist Failed to Yield - Midblock,13,Non-Intersection,January,B: Evident Injury,13:30:00,Motorist Drive Out - Commercial Driveway / Alley,2007,No,No,Daylight,Straight - Level,Public Vehicular Area,Dry,"Two-Way, Not Divided",None,"Driveway, Public",Smooth Asphalt,NA,"35.2623018785, -81.1534733363"
6494,None - Rural Crash,Orange,Piedmont,"Farms, Woods, Pastures",Rural (<30% Developed),NA,Rural,40 - 45  MPH,No Control Present,Clear,No,21,20-24,No,NA,With Traffic,C: Possible Injury,Travel Lane,White,Male,NA,NA,Missing,NA,16-20 mph,Unknown Injury,Unknown/Missing,NA,NA,No,09JAN2007,Tuesday,Motorist Overtaking Bicyclist,8,Non-Intersection,January,C: Possible Injury,08:41:00,Motorist Overtaking - Misjudged Space,2007,Yes,Yes,Daylight,Straight - Level,State Secondary Route,Dry,"Two-Way, Not Divided",None,No Special Feature,Smooth Asphalt,2 lanes,"35.9382390969, -79.1048027585"
6499,Wilmington,New Hanover,Coastal,Commercial,Urban (>70% Developed),NA,Urban,40 - 45  MPH,No Control Present,Clear,No,18,16-19,No,NA,Not Applicable,B: Evident Injury,Driveway / Alley,Hispanic,Male,23,20-24,No,NA,11-15 mph,O: No Injury,Black,Male,Passenger Car,No,13JAN2007,Saturday,Bicyclist Failed to Yield - Midblock,10,Non-Intersection,January,B: Evident Injury,10:14:00,Bicyclist Ride Out - Commercial Driveway / Alley,2007,Yes,No,Daylight,Straight - Level,Local Street,Dry,"Two-Way, Not Divided",None,No Special Feature,Smooth Asphalt,4 lanes,"34.2092887623, -77.886902303"
6500,Farmville,Pitt,Coastal,Residential,Mixed (30% To 70% Developed),NA,Rural,30 - 35  MPH,Stop Sign,Clear,No,10,6-10,No,NA,With Traffic,Unknown Injury,Travel Lane,Black,Male,52,50-59,No,NA,21-25 mph,O: No Injury,White,Female,Passenger Car,No,14JAN2007,Sunday,Bicyclist Failed to Yield - Sign-Controlled Intersection,16,Intersection,January,O: No Injury,16:45:00,Bicyclist Ride Through - Sign-Controlled Intersection,2007,No,No,Daylight,Straight - Level,Local Street,Dry,"Two-Way, Not Divided",None,Four-Way Intersection,Smooth Asphalt,2 lanes,"35.5956830759, -77.5907422811"
6511,Charlotte,Mecklenburg,Piedmont,Residential,Urban (>70% Developed),NA,Urban,20 - 25  MPH,Stop Sign,Clear,No,32,30-39,No,NA,With Traffic,O: No Injury,Travel Lane,Black,Male,44,40-49,No,NA,0-5 mph,O: No Injury,White,Male,Passenger Car,No,19JAN2007,Friday,Loss of Control / Turning Error,11,Intersection-Related,January,O: No Injury,11:38:00,Bicyclist Turning Error - Right Turn,2007,No,No,Daylight,Straight - Level,Local Street,Dry,"Two-Way, Not Divided",None,No Special Feature,Smooth Asphalt,2 lanes,"35.211970879, -80.8553882444"
6513,Lexington,Davidson,Piedmont,Commercial,Urban (>70% Developed),NA,Urban,30 - 35  MPH,Stop And Go Signal,Cloudy,No,60,60-69,No,NA,With Traffic,B: Evident Injury,Travel Lane,White,Male,58,50-59,No,NA,0-5 mph,O: No Injury,White,Female,Passenger Car,No,21JAN2007,Sunday,Bicyclist Failed to Yield - Signalized Intersection,15,Intersection,January,B: Evident Injury,15:46:00,Bicyclist Ride Through - Signalized Intersection,2007,Yes,No,Daylight,Straight - Level,Local Street,Wet,"Two-Way, Not Divided",None,Four-Way Intersection,Coarse Asphalt,7 lanes,"35.8141740287, -80.2641171007"
6520,Durham,Durham,Piedmont,Commercial,Urban (>70% Developed),NA,Urban,40 - 45  MPH,No Control Present,Clear,No,52,50-59,No,NA,With Traffic,A: Disabling Injury,Travel Lane,White,Male,20,20-24,No,NA,41-45 mph,O: No Injury,White,Female,Passenger Car,No,02APR2007,Monday,Motorist Overtaking Bicyclist,20,Non-Intersection,April,A: Disabling Injury,20:25:00,Motorist Overtaking - Undetected Bicyclist,2007,Yes,No,Dark - Roadway Not Lighted,Straight - Grade,Local Street,Dry,"Two-Way, Divided, Unprotected Median",None,On or Off Ramp,Smooth Asphalt,4 lanes,"35.9666511079, -78.9674927182"
6525,Washington,Beaufort,Coastal,Residential,Urban (>70% Developed),NA,Urban,30 - 35  MPH,No Control Present,Clear,No,23,20-24,No,NA,NA,C: Possible Injury,Travel Lane,Black,Male,61,60-69,No,NA,26-30 mph,O: No Injury,White,Male,Pickup,No,29JAN2007,Monday,Bicyclist Failed to Yield - Sign-Controlled Intersection,14,Intersection,January,C: Possible Injury,14:32:00,Bicyclist Ride Out - Sign-Controlled Intersection,2007,Yes,No,Daylight,Straight - Level,Local Street,Dry,"Two-Way, Not Divided",None,T-Intersection,Coarse Asphalt,4 lanes,"35.5522610855, -77.0417121111"
6534,Raleigh,Wake,Piedmont,Residential,Urban (>70% Developed),NA,Urban,30 - 35  MPH,Stop And Go Signal,Clear,No,15,11-15,No,NA,With Traffic,C: Possible Injury,Travel Lane,White,Male,45,40-49,No,NA,0-5 mph,O: No Injury,White,Male,Passenger Car,No,09FEB2007,Friday,Motorist Right Turn / Merge,15,Non-Intersection,February,C: Possible Injury,15:33:00,Motorist Right Turn - Same Direction,2007,Yes,No,Daylight,Straight - Level,Local Street,Dry,"Two-Way, Divided, Positive Median Barrier",None,T-Intersection,Smooth Asphalt,4 lanes,"35.9462621175, -78.5663025961"
6539,None - Rural Crash,Wake,Piedmont,"Farms, Woods, Pastures",Rural (<30% Developed),NA,Rural,40 - 45  MPH,"Double Yellow Line, No Passing Zone",Clear,No,45,40-49,No,NA,With Traffic,C: Possible Injury,Travel Lane,White,Male,NA,NA,No,NA,16-20 mph,Unknown Injury,Unknown/Missing,NA,Passenger Car,No,14FEB2007,Wednesday,Other / Unusual Circumstances,17,Non-Intersection,February,C: Possible Injury,17:26:00,Motorist Intentionally Caused,2007,No,Yes,Daylight,Curve - Hillcrest,State Secondary Route,Dry,"Two-Way, Not Divided",None,"Driveway, Private",Coarse Asphalt,2 lanes,"35.6836170564, -78.723442629"
6544,Charlotte,Mecklenburg,Piedmont,Residential,Urban (>70% Developed),NA,Urban,30 - 35  MPH,Stop Sign,Clear,No,38,30-39,No,NA,With Traffic,A: Disabling Injury,Travel Lane,White,Male,53,50-59,No,NA,6-10 mph,O: No Injury,Black,Female,Passenger Car,No,20FEB2007,Tuesday,Motorist Left Turn / Merge,7,Intersection,February,A: Disabling Injury,07:59:00,Motorist Left Turn - Opposite Direction,2007,Yes,No,Daylight,Straight - Grade,Local Street,Dry,"Two-Way, Not Divided",None,Four-Way Intersection,Smooth Asphalt,2 lanes,"35.1981568771, -80.8079632293"
6551,Burlington,Alamance,Piedmont,Residential,Mixed (30% To 70% Developed),NA,Urban,30 - 35  MPH,"Double Yellow Line, No Passing Zone",Clear,No,20,20-24,No,NA,With Traffic,B: Evident Injury,Travel Lane,White,Male,66,60-69,No,NA,31-35 mph,O: No Injury,White,Male,Truck/Trailer,No,26JAN2007,Friday,Parallel Paths - Other Circumstances,17,Non-Intersection,January,B: Evident Injury,17:30:00,Parallel Paths - Other / Unknown,2007,Yes,No,Daylight,Straight - Level,NC Route,Dry,"Two-Way, Not Divided",None,No Special Feature,Grooved Concrete,2 lanes,"36.0626071097, -79.4701128759"