object_id,city,county,region,development,locality,on_road,rural_urban,speed_limit,traffic_control,weather,workzone,bike_age,bike_age_group,bike_alcohol,bike_alcohol_drugs,bike_direction,bike_injury,bike_position,bike_race,bike_sex,driver_age,driver_age_group,driver_alcohol,driver_alcohol_drugs,driver_est_speed,driver_injury,driver_race,driver_sex,driver_vehicle_type,crash_alcohol,crash_date,crash_day,crash_group,crash_hour,crash_location,crash_month,crash_severity,crash_time,crash_type,crash_year,ambulance_req,hit_run,light_condition,road_character,road_class,road_condition,road_configuration,road_defects,road_feature,road_surface,num_lanes,geo_point
6552,None - Rural Crash,Columbus,Coastal,Residential,Rural (<30% Developed),NA,Rural,50 - 55  MPH,"Double Yellow Line, No Passing Zone",Clear,No,14,11-15,No,NA,Facing Traffic,C: Possible Injury,Travel Lane,White,Male,30,30-39,No,NA,36-40 mph,B: Evident Injury,Black,Male,Tractor/Semi-Trailer,No,20MAR2007,Tuesday,Bicyclist Right Turn / Merge,19,Non-Intersection,March,B: Evident Injury,19:10:00,Bicyclist Right Turn - Same Direction,2007,Yes,No,Daylight,Straight - Level,State Secondary Route,Dry,"Two-Way, Not Divided",None,No Special Feature,Coarse Asphalt,2 lanes,"34.4502017817, -78.9176586252"
6554,Asheville,Buncombe,Mountains,Commercial,Urban (>70% Developed),NA,Urban,30 - 35  MPH,No Control Present,Clear,No,34,30-39,No,NA,With Traffic,B: Evident Injury,Travel Lane,White,Male,24,20-24,No,NA,31-35 mph,O: No Injury,White,Female,Passenger Car,No,23FEB2007,Friday,Bicyclist Left Turn / Merge,23,Non-Intersection,February,B: Evident Injury,23:27:00,Bicyclist Left Turn - Same Direction,2007,Yes,No,Dark - Roadway Not Lighted,Straight - Grade,US Route,Dry,"Two-Way, Not Divided",None,No Special Feature,Coarse Asphalt,4 lanes,"35.5751768894, -82.613597786"
6559,Fayetteville,Cumberland,Coastal,Commercial,Urban (>70% Developed),NA,Urban,30 - 35  MPH,Stop And Go Signal,Clear,No,55,50-59,No,NA,Facing Traffic,C: Possible Injury,Sidewalk / Crosswalk / Driveway Crossing,Black,Male,19,0-19,No,NA,0-5 mph,O: No Injury,Black,Female,Passenger Car,No,28FEB2007,Wednesday,Bicyclist Failed to Yield - Signalized Intersection,14,Intersection,February,C: Possible Injury,14:01:00,Bicyclist Ride Through - Signalized Intersection,2007,No,No,Daylight,Straight - Level,Local Street,Dry,"Two-Way, Not Divided",None,No Special Feature,Smooth Asphalt,5 lanes,"35.0760419185, -78.8977026499"
6575,Charlotte,Mecklenburg,Piedmont,Commercial,Urban (>70% Developed),NA,Urban,30 - 35  MPH,No Control Present,Clear,No,36,30-39,No,NA,Facing Traffic,C: Possible Injury,Travel Lane,White,Female,55,50-59,No,NA,0-5 mph,O: No Injury,White,Female,Van,No,09MAR2007,Friday,Motorist Failed to Yield - Midblock,17,Non-Intersection,March,C: Possible Injury,17:54:00,Motorist Drive Out - Commercial Driveway / Alley,2007,No,No,Daylight,Straight - Level,Local Street,Dry,"Two-Way, Divided, Positive Median Barrier",None,No Special Feature,Smooth Asphalt,4 lanes,"35.1973408778, -80.7925032247"
6578,Albemarle,Stanly,Piedmont,Residential,Urban (>70% Developed),NA,Urban,30 - 35  MPH,Stop Sign,Clear,No,6,6-10,No,NA,NA,B: Evident Injury,Travel Lane,White,Male,55,50-59,No,NA,26-30 mph,O: No Injury,White,Male,Passenger Car,No,11MAR2007,Sunday,Bicyclist Failed to Yield - Sign-Controlled Intersection,13,Intersection,March,B: Evident Injury,13:55:00,Bicyclist Ride Through - Sign-Controlled Intersection,2007,Yes,No,Daylight,Straight - Bottom,Local Street,Dry,"Two-Way, Not Divided",None,T-Intersection,Coarse Asphalt,2 lanes,"35.3531669332, -80.1932930542"
6585,None - Rural Crash,Guilford,Piedmont,"Farms, Woods, Pastures",Rural (<30% Developed),NA,Rural,40 - 45  MPH,"Double Yellow Line, No Passing Zone",Clear,No,44,40-49,No,NA,With Traffic,B: Evident Injury,Travel Lane,White,Male,67,60-69,No,NA,0-5 mph,O: No Injury,White,Male,"Single Unit Truck (2-Axle, 6-Tire)",No,14MAR2007,Wednesday,Motorist Failed to Yield - Midblock,15,Non-Intersection,March,B: Evident Injury,15:16:00,Motorist Drive Out - Commercial Driveway / Alley,2007,Yes,No,Daylight,Curve - Bottom,State Secondary Route,Dry,"Two-Way, Not Divided",None,"Driveway, Public",Smooth Asphalt,2 lanes,"36.0649870919, -79.9700430265"
6587,Raleigh,Wake,Piedmont,Commercial,Urban (>70% Developed),NA,Urban,30 - 35  MPH,No Control Present,Clear,No,10,6-10,No,NA,Not Applicable,B: Evident Injury,Non-Roadway,Black,Male,56,50-59,No,NA,21-25 mph,O: No Injury,White,Male,Passenger Car,No,14MAR2007,Wednesday,Bicyclist Failed to Yield - Midblock,19,Non-Intersection,March,B: Evident Injury,19:00:00,Bicyclist Ride Out - Midblock - Unknown,2007,Yes,No,Daylight,Straight - Level,Local Street,Dry,"Two-Way, Not Divided",None,No Special Feature,Smooth Asphalt,2 lanes,"35.8491570972, -78.5639725902"
6610,Cary,Wake,Piedmont,Residential,Mixed (30% To 70% Developed),NA,Urban,20 - 25  MPH,Stop Sign,Clear,No,36,30-39,No,NA,Facing Traffic,C: Possible Injury,Sidewalk / Crosswalk / Driveway Crossing,Hispanic,Male,49,40-49,No,NA,0-5 mph,O: No Injury,White,Female,Sport Utility,No,07JUN2007,Thursday,Motorist Failed to Yield - Sign-Controlled Intersection,11,Intersection,June,C: Possible Injury,11:59:00,Motorist Drive Out - Sign-Controlled Intersection,2007,Yes,No,Daylight,Straight - Hillcrest,Local Street,Dry,"Two-Way, Not Divided",None,T-Intersection,Smooth Asphalt,2 lanes,"35.7669670722, -78.7740526489"
6611,Charlotte,Mecklenburg,Piedmont,Residential,Urban (>70% Developed),NA,Urban,30 - 35  MPH,No Control Present,Clear,No,49,40-49,No,NA,Facing Traffic,B: Evident Injury,Sidewalk / Crosswalk / Driveway Crossing,Black,Male,67,60-69,No,NA,21-25 mph,O: No Injury,Black,Female,Passenger Car,No,08JUN2007,Friday,Head-On,16,Non-Intersection,June,B: Evident Injury,16:02:00,Head-On - Bicyclist,2007,No,No,Daylight,Straight - Level,Local Street,Dry,"Two-Way, Not Divided",None,No Special Feature,Smooth Asphalt,2 lanes,"35.2624728897, -80.8510232456"
6612,Gastonia,Gaston,Piedmont,Residential,Urban (>70% Developed),NA,Urban,30 - 35  MPH,Stop Sign,Clear,No,15,11-15,No,NA,NA,B: Evident Injury,Travel Lane,White,Male,NA,NA,Missing,NA,31-35 mph,Unknown Injury,Unknown/Missing,NA,NA,No,25MAR2007,Sunday,Bicyclist Failed to Yield - Sign-Controlled Intersection,18,Intersection,March,B: Evident Injury,18:26:00,Bicyclist Ride Through - Sign-Controlled Intersection,2007,Yes,Yes,Daylight,Straight - Level,Local Street,Dry,"Two-Way, Not Divided",None,Four-Way Intersection,Concrete,2 lanes,"35.2607108773, -81.1749133427"
6619,None - Rural Crash,Beaufort,Coastal,"Farms, Woods, Pastures",Rural (<30% Developed),NA,Rural,50 - 55  MPH,No Control Present,Clear,No,14,11-15,No,NA,With Traffic,B: Evident Injury,Travel Lane,White,Female,NA,NA,Missing,NA,NA,Unknown Injury,Unknown/Missing,NA,NA,No,27MAR2007,Tuesday,Motorist Overtaking Bicyclist,18,Non-Intersection,March,B: Evident Injury,18:40:00,Motorist Overtaking - Bicyclist Swerved,2007,Yes,Yes,Dusk,Straight - Level,State Secondary Route,Dry,"Two-Way, Not Divided",None,No Special Feature,Smooth Asphalt,2 lanes,"35.4910500833, -76.7024020039"
6624,Raleigh,Wake,Piedmont,Residential,Urban (>70% Developed),NA,Urban,30 - 35  MPH,No Control Present,Clear,No,13,11-15,No,NA,Not Applicable,C: Possible Injury,NA,Black,Male,67,60-69,No,NA,31-35 mph,O: No Injury,Black,Male,Passenger Car,No,24MAR2007,Saturday,Bicyclist Failed to Yield - Midblock,15,Non-Intersection,March,C: Possible Injury,15:29:00,Bicyclist Ride Out - Midblock - Unknown,2007,Yes,No,Daylight,Curve - Level,Local Street,Dry,"Two-Way, Not Divided",None,No Special Feature,Smooth Asphalt,2 lanes,"35.81968709, -78.5753825915"
6646,Charlotte,Mecklenburg,Piedmont,Residential,Urban (>70% Developed),NA,Urban,5 - 15 MPH,No Control Present,Clear,No,6,6-10,No,NA,Facing Traffic,O: No Injury,Sidewalk / Crosswalk / Driveway Crossing,White,Male,61,60-69,No,NA,0-5 mph,O: No Injury,Black,Female,Passenger Car,No,03APR2007,Tuesday,Motorist Failed to Yield - Midblock,15,Non-Intersection,April,O: No Injury,15:17:00,Motorist Drive Out - Commercial Driveway / Alley,2007,No,No,Daylight,Straight - Level,Public Vehicular Area,Dry,"One-Way, Not Divided",None,No Special Feature,Smooth Asphalt,1 lane,"35.202830881, -80.7373932094"
6649,None - Rural Crash,Randolph,Piedmont,Residential,Urban (>70% Developed),NA,Rural,30 - 35  MPH,"Double Yellow Line, No Passing Zone",Clear,No,7,6-10,No,NA,Not Applicable,B: Evident Injury,Driveway / Alley,White,Female,17,0-19,No,NA,26-30 mph,O: No Injury,White,Male,Sport Utility,No,04APR2007,Wednesday,Bicyclist Failed to Yield - Midblock,18,Non-Intersection,April,B: Evident Injury,18:30:00,Bicyclist Ride Out - Residential Driveway,2007,No,No,Daylight,Straight - Level,State Secondary Route,Dry,"Two-Way, Not Divided",None,"Driveway, Private",Smooth Asphalt,2 lanes,"35.8034550393, -79.8916829883"
6651,East Spencer,Rowan,Piedmont,Residential,Urban (>70% Developed),NA,Rural,30 - 35  MPH,Stop Sign,Clear,No,11,11-15,No,NA,With Traffic,A: Disabling Injury,Travel Lane,Black,Male,24,20-24,No,NA,26-30 mph,O: No Injury,Black,Female,Passenger Car,No,04APR2007,Wednesday,Bicyclist Failed to Yield - Sign-Controlled Intersection,10,Intersection,April,A: Disabling Injury,10:35:00,Bicyclist Ride Out - Sign-Controlled Intersection,2007,Yes,No,Daylight,Straight - Hillcrest,Local Street,Dry,"Two-Way, Not Divided",None,No Special Feature,Coarse Asphalt,2 lanes,"35.6866869949, -80.4278131431"
6658,Fayetteville,Cumberland,Coastal,Commercial,Urban (>70% Developed),NA,Urban,30 - 35  MPH,Stop And Go Signal,Clear,No,41,40-49,No,NA,With Traffic,Unknown Injury,Sidewalk / Crosswalk / Driveway Crossing,Black,Male,23,20-24,No,NA,0-5 mph,O: No Injury,Black,Female,Passenger Car,No,28JUN2007,Thursday,Motorist Right Turn / Merge,17,Intersection,June,O: No Injury,17:17:00,Motorist Right Turn - Same Direction,2007,Yes,No,Daylight,Straight - Level,Local Street,Dry,"Two-Way, Divided, Unprotected Median",None,Four-Way Intersection,Coarse Asphalt,5 lanes,"35.0535869145, -78.8876026464"
6659,Charlotte,Mecklenburg,Piedmont,Residential,Urban (>70% Developed),NA,Urban,NA,No Control Present,Clear,No,23,20-24,No,NA,Facing Traffic,C: Possible Injury,Sidewalk / Crosswalk / Driveway Crossing,White,Female,70+,70+,No,NA,0-5 mph,O: No Injury,White,Male,Passenger Car,No,07APR2007,Saturday,Motorist Failed to Yield - Midblock,14,Non-Intersection,April,C: Possible Injury,14:19:00,Motorist Drive Out - Residential Driveway,2007,No,No,Daylight,Straight - Level,Public Vehicular Area,Dry,"Two-Way, Not Divided",None,"Driveway, Public",Concrete,NA,"35.1686068708, -80.8049032278"
6662,Charlotte,Mecklenburg,Piedmont,Commercial,Urban (>70% Developed),NA,Urban,5 - 15 MPH,No Control Present,Clear,No,21,20-24,No,NA,NA,B: Evident Injury,Sidewalk / Crosswalk / Driveway Crossing,White,Female,53,50-59,No,NA,0-5 mph,O: No Injury,White,Male,Passenger Car,No,29JUN2007,Friday,Motorist Failed to Yield - Midblock,13,Non-Intersection,June,B: Evident Injury,13:40:00,Motorist Drive Out - Commercial Driveway / Alley,2007,Yes,No,Daylight,Straight - Level,Public Vehicular Area,Dry,"Two-Way, Not Divided",None,No Special Feature,Concrete,2 lanes,"35.2013728777, -80.8250132353"
6669,Charlotte,Mecklenburg,Piedmont,Residential,Urban (>70% Developed),NA,Urban,30 - 35  MPH,Stop Sign,Clear,No,16,16-19,No,NA,Facing Traffic,B: Evident Injury,Sidewalk / Crosswalk / Driveway Crossing,Black,Male,29,25-29,No,NA,0-5 mph,O: No Injury,White,Female,Passenger Car,No,03JUL2007,Tuesday,Motorist Failed to Yield - Sign-Controlled Intersection,13,Intersection,July,B: Evident Injury,13:25:00,Motorist Drive Out - Sign-Controlled Intersection,2007,Yes,No,Daylight,Straight - Level,Local Street,Dry,"Two-Way, Divided, Unprotected Median",None,T-Intersection,Smooth Asphalt,2 lanes,"35.2290868866, -80.7445132123"
6673,Benson,Johnston,Coastal,Residential,Mixed (30% To 70% Developed),NA,Rural,30 - 35  MPH,Stop Sign,Clear,No,25,25-29,No,NA,With Traffic,B: Evident Injury,Travel Lane,Hispanic,Male,52,50-59,No,NA,31-35 mph,O: No Injury,White,Female,Passenger Car,No,01JUL2007,Sunday,Bicyclist Failed to Yield - Sign-Controlled Intersection,9,Intersection,July,B: Evident Injury,09:48:00,Bicyclist Ride Through - Sign-Controlled Intersection,2007,Yes,No,Daylight,Straight - Level,NC Route,Dry,"Two-Way, Not Divided",None,Four-Way Intersection,Smooth Asphalt,2 lanes,"35.3829269974, -78.5506025609"
6683,North Wilkesboro,Wilkes,Mountains,Commercial,Urban (>70% Developed),NA,Rural,30 - 35  MPH,No Control Present,Rain,No,34,30-39,Yes,NA,NA,C: Possible Injury,NA,White,Male,40,40-49,No,NA,21-25 mph,O: No Injury,White,Female,Passenger Car,Yes,14APR2007,Saturday,Bicyclist Failed to Yield - Midblock,21,Non-Intersection,April,C: Possible Injury,21:30:00,Bicyclist Ride Out - Midblock - Unknown,2007,No,No,Dark - Lighted Roadway,Straight - Level,Local Street,Wet,"Two-Way, Not Divided",None,No Special Feature,Smooth Asphalt,5 lanes,"36.1591450671, -81.1545973869"
6684,None - Rural Crash,Buncombe,Mountains,"Farms, Woods, Pastures",Rural (<30% Developed),NA,Rural,50 - 55  MPH,No Control Present,Clear,No,20,20-24,No,NA,With Traffic,A: Disabling Injury,Travel Lane,White,Male,40,40-49,Yes,NA,36-40 mph,O: No Injury,White,Female,Passenger Car,Yes,16APR2007,Monday,Motorist Overtaking Bicyclist,22,Non-Intersection,April,A: Disabling Injury,22:50:00,Motorist Overtaking - Other / Unknown,2007,Yes,No,Dark - Roadway Not Lighted,Straight - Grade,US Route,Dry,"Two-Way, Not Divided",None,No Special Feature,Smooth Asphalt,5 lanes,"35.5924768997, -82.4378537351"
6685,None - Rural Crash,Richmond,Piedmont,Residential,Urban (>70% Developed),NA,Rural,30 - 35  MPH,No Control Present,Clear,No,5,0-5,No,NA,With Traffic,B: Evident Injury,Travel Lane,White,Male,41,40-49,No,NA,0-5 mph,O: No Injury,White,Male,Pickup,No,16APR2007,Monday,Backing Vehicle,15,Non-Intersection,April,B: Evident Injury,15:30:00,Backing Vehicle,2007,Yes,No,Daylight,Straight - Level,State Secondary Route,Dry,"Two-Way, Not Divided",None,"Driveway, Private",Coarse Asphalt,2 lanes,"34.9212138546, -79.7682929039"
6688,Winston-Salem,Forsyth,Piedmont,Commercial,Urban (>70% Developed),NA,Urban,30 - 35  MPH,Stop Sign,Clear,No,29,25-29,No,NA,With Traffic,C: Possible Injury,Travel Lane,Black,Male,70+,70+,No,NA,16-20 mph,O: No Injury,White,Male,Passenger Car,No,17APR2007,Tuesday,Motorist Overtaking Bicyclist,10,Non-Intersection,April,C: Possible Injury,10:25:00,Motorist Overtaking - Bicyclist Swerved,2007,Yes,No,Daylight,Straight - Level,Local Street,Dry,"Two-Way, Divided, Positive Median Barrier",None,No Special Feature,Coarse Asphalt,2 lanes,"36.1011870893, -80.2612231157"
6694,Charlotte,Mecklenburg,Piedmont,Residential,Urban (>70% Developed),NA,Urban,40 - 45  MPH,Stop And Go Signal,Other,No,21,20-24,No,NA,With Traffic,B: Evident Injury,Sidewalk / Crosswalk / Driveway Crossing,Black,Male,40,40-49,No,NA,6-10 mph,O: No Injury,White,Female,Sport Utility,No,18APR2007,Wednesday,Motorist Right Turn / Merge,21,Intersection,April,B: Evident Injury,21:48:00,Motorist Right Turn - Same Direction,2007,Yes,No,Dark - Lighted Roadway,Straight - Level,Local Street,Dry,"Two-Way, Not Divided",None,No Special Feature,Smooth Asphalt,4 lanes,"35.1594918647, -80.9207732609"
6704,Granite Falls,Caldwell,Mountains,Residential,Urban (>70% Developed),NA,Rural,30 - 35  MPH,Stop Sign,Clear,No,13,11-15,No,NA,Facing Traffic,B: Evident Injury,Travel Lane,White,Male,27,25-29,No,NA,16-20 mph,O: No Injury,White,Male,Passenger Car,No,22APR2007,Sunday,Bicyclist Failed to Yield - Sign-Controlled Intersection,17,Intersection,April,B: Evident Injury,17:31:00,Bicyclist Ride Through - Sign-Controlled Intersection,2007,Yes,No,Daylight,Straight - Grade,Local Street,Dry,"Two-Way, Not Divided",None,No Special Feature,Smooth Asphalt,1 lane,"35.7944439805, -81.4334034489"
6711,None - Rural Crash,Pitt,Coastal,"Farms, Woods, Pastures",Rural (<30% Developed),NA,Rural,50 - 55  MPH,No Control Present,Clear,No,15,11-15,No,NA,With Traffic,B: Evident Injury,Travel Lane,White,Male,41,40-49,No,NA,31-35 mph,O: No Injury,Black,Male,Van,No,24APR2007,Tuesday,Motorist Overtaking Bicyclist,17,Non-Intersection,April,B: Evident Injury,17:27:00,Motorist Overtaking - Other / Unknown,2007,Yes,No,Daylight,Straight - Level,State Secondary Route,Dry,"Two-Way, Not Divided",None,No Special Feature,Coarse Asphalt,2 lanes,"35.4500870505, -77.4108372186"
6721,None - Rural Crash,Stanly,Piedmont,Institutional,Mixed (30% To 70% Developed),NA,Rural,50 - 55  MPH,"Double Yellow Line, No Passing Zone",Clear,No,52,50-59,No,NA,With Traffic,B: Evident Injury,Travel Lane,White,Female,70+,70+,No,NA,36-40 mph,O: No Injury,White,Female,Passenger Car,No,26APR2007,Thursday,Motorist Overtaking Bicyclist,13,Non-Intersection,April,B: Evident Injury,13:33:00,Motorist Overtaking - Other / Unknown,2007,Yes,No,Daylight,Straight - Grade,State Secondary Route,Dry,"Two-Way, Not Divided",None,No Special Feature,Smooth Asphalt,2 lanes,"35.4112919435, -80.2330030696"
6731,Charlotte,Mecklenburg,Piedmont,Commercial,Urban (>70% Developed),NA,Urban,5 - 15 MPH,No Control Present,Clear,No,14,11-15,No,NA,With Traffic,C: Possible Injury,Travel Lane,Asian,Male,NA,NA,Missing,NA,11-15 mph,Unknown Injury,Unknown/Missing,NA,NA,No,29APR2007,Sunday,Motorist Overtaking Bicyclist,14,Non-Intersection,April,C: Possible Injury,14:15:00,Motorist Overtaking - Misjudged Space,2007,Yes,Yes,Daylight,Straight - Level,Local Street,Dry,"Two-Way, Not Divided",None,No Special Feature,Smooth Asphalt,2 lanes,"35.0980028574, -80.778623216"
6732,Jacksonville,Onslow,Coastal,Commercial,Urban (>70% Developed),NA,Urban,40 - 45  MPH,No Control Present,Clear,No,46,40-49,No,NA,NA,B: Evident Injury,Non-Roadway,Black,Male,36,30-39,No,NA,11-15 mph,O: No Injury,White,Female,Passenger Car,No,30APR2007,Monday,Non-Roadway,13,Non-Roadway,April,B: Evident Injury,13:00:00,Non-Roadway,2007,No,Yes,Daylight,Straight - Level,Public Vehicular Area,Dry,NA,None,Other,Smooth Asphalt,NA,"34.7655599013, -77.4092271851"
6733,Asheboro,Randolph,Piedmont,Residential,Mixed (30% To 70% Developed),NA,Urban,30 - 35  MPH,Stop Sign,Clear,No,13,11-15,No,NA,With Traffic,C: Possible Injury,Travel Lane,Black,Male,43,40-49,No,NA,16-20 mph,O: No Injury,White,Female,Passenger Car,No,30APR2007,Monday,Bicyclist Failed to Yield - Sign-Controlled Intersection,16,Intersection,April,C: Possible Injury,16:33:00,Bicyclist Ride Through - Sign-Controlled Intersection,2007,Yes,No,Daylight,Straight - Grade,Local Street,Dry,"Two-Way, Not Divided",None,T-Intersection,Smooth Asphalt,2 lanes,"35.702323021, -79.8219029621"
6748,Charlotte,Mecklenburg,Piedmont,Residential,Urban (>70% Developed),NA,Urban,30 - 35  MPH,No Control Present,Cloudy,No,39,30-39,No,NA,With Traffic,B: Evident Injury,Travel Lane,White,Male,51,50-59,No,NA,26-30 mph,O: No Injury,Black,Female,Passenger Car,No,31JUL2007,Tuesday,Motorist Left Turn / Merge,6,Intersection,July,B: Evident Injury,06:16:00,Motorist Left Turn - Opposite Direction,2007,Yes,No,Dawn,Straight - Level,Local Street,Dry,"Two-Way, Not Divided",None,No Special Feature,Smooth Asphalt,4 lanes,"35.135443863, -80.8389932353"
6758,Wilmington,New Hanover,Coastal,Residential,Mixed (30% To 70% Developed),NA,Urban,30 - 35  MPH,No Control Present,Cloudy,No,23,20-24,No,NA,With Traffic,B: Evident Injury,Travel Lane,White,Male,NA,NA,Missing,NA,31-35 mph,Unknown Injury,Unknown/Missing,NA,NA,No,09MAY2007,Wednesday,Motorist Overtaking Bicyclist,1,Non-Intersection,May,B: Evident Injury,01:25:00,Motorist Overtaking - Undetected Bicyclist,2007,Yes,Yes,Dark - Lighted Roadway,Straight - Level,Public Vehicular Area,Dry,"Two-Way, Not Divided",None,No Special Feature,Smooth Asphalt,2 lanes,"34.2247307673, -77.8507482926"
6767,Raleigh,Wake,Piedmont,Commercial,Urban (>70% Developed),NA,Urban,30 - 35  MPH,Stop And Go Signal,Clear,No,32,30-39,No,NA,With Traffic,C: Possible Injury,Travel Lane,White,Male,27,25-29,No,NA,0-5 mph,O: No Injury,White,Male,Pickup,No,11MAY2007,Friday,Motorist Overtaking Bicyclist,9,Non-Intersection,May,C: Possible Injury,09:08:00,Motorist Overtaking - Other / Unknown,2007,No,No,Daylight,Straight - Level,Local Street,Dry,"One-Way, Not Divided",None,No Special Feature,Smooth Asphalt,8 lanes,"35.7765730788, -78.6366676083"
6773,Durham,Durham,Piedmont,Residential,Urban (>70% Developed),NA,Urban,40 - 45  MPH,Stop And Go Signal,Clear,No,8,6-10,No,NA,With Traffic,C: Possible Injury,NA,Black,Female,58,50-59,No,NA,0-5 mph,O: No Injury,Other,Male,Passenger Car,No,13AUG2007,Monday,Bicyclist Failed to Yield - Signalized Intersection,17,Intersection,August,C: Possible Injury,17:24:00,Bicyclist Failed to Clear - Multiple Threat,2007,Yes,No,Daylight,Straight - Level,Local Street,Dry,"Two-Way, Not Divided",None,Four-Way Intersection,Smooth Asphalt,3 lanes,"35.9394941044, -78.9066566988"
6775,Greensboro,Guilford,Piedmont,Residential,Urban (>70% Developed),NA,Urban,30 - 35  MPH,Stop Sign,Clear,No,54,50-59,No,NA,NA,C: Possible Injury,Travel Lane,White,Male,27,25-29,No,NA,6-10 mph,O: No Injury,Black,Male,Passenger Car,No,14MAY2007,Monday,Other / Unknown - Insufficient Details,12,Intersection,May,C: Possible Injury,12:00:00,Unknown Approach Paths,2007,No,No,Daylight,Straight - Level,Local Street,Dry,"Two-Way, Not Divided",None,Four-Way Intersection,Concrete,2 lanes,"36.0525390951, -79.8123929785"
6778,Morehead City,Carteret,Coastal,Residential,Urban (>70% Developed),NA,Urban,20 - 25  MPH,No Control Present,Clear,No,10,6-10,No,NA,Not Applicable,B: Evident Injury,Driveway / Alley,Black,Male,28,25-29,No,NA,21-25 mph,O: No Injury,White,Male,Pickup,No,15MAY2007,Tuesday,Bicyclist Failed to Yield - Midblock,17,Non-Intersection,May,B: Evident Injury,17:04:00,Bicyclist Ride Out - Commercial Driveway / Alley,2007,Yes,No,Daylight,Straight - Level,Local Street,Dry,"Two-Way, Not Divided",None,No Special Feature,Smooth Asphalt,2 lanes,"34.722040914, -76.70975197"
6782,Charlotte,Mecklenburg,Piedmont,Residential,Urban (>70% Developed),NA,Urban,20 - 25  MPH,No Control Present,Clear,No,34,30-39,No,NA,With Traffic,B: Evident Injury,Travel Lane,White,Male,34,30-39,Yes,NA,16-20 mph,O: No Injury,White,Male,Van,Yes,15MAY2007,Tuesday,Motorist Left Turn / Merge,23,Intersection,May,B: Evident Injury,23:13:00,Motorist Left Turn - Opposite Direction,2007,No,Yes,Dark - Lighted Roadway,Straight - Level,Local Street,Dry,"Two-Way, Not Divided",None,No Special Feature,Smooth Asphalt,3 lanes,"35.2311398844, -80.8080532317"
6788,Durham,Durham,Piedmont,Commercial,Urban (>70% Developed),NA,Urban,30 - 35  MPH,Stop And Go Signal,Clear,No,55,50-59,No,NA,Facing Traffic,C: Possible Injury,Travel Lane,Black,Male,NA,NA,Missing,NA,11-15 mph,Unknown Injury,Unknown/Missing,NA,Sport Utility,No,17AUG2007,Friday,Bicyclist Failed to Yield - Signalized Intersection,19,Intersection,August,C: Possible Injury,19:30:00,Bicyclist Ride Through - Signalized Intersection,2007,Yes,Yes,Dusk,Straight - Level,Local Street,Dry,"Two-Way, Not Divided",None,Four-Way Intersection,Smooth Asphalt,2 lanes,"35.9919671172, -78.8657626893"
6794,None - Rural Crash,Iredell,Piedmont,"Farms, Woods, Pastures",Rural (<30% Developed),NA,Rural,50 - 55  MPH,No Control Present,Clear,No,51,50-59,No,NA,With Traffic,B: Evident Injury,Travel Lane,White,Male,32,30-39,No,NA,41-45 mph,O: No Injury,White,Male,Pickup,No,21MAY2007,Monday,Motorist Overtaking Bicyclist,7,Non-Intersection,May,B: Evident Injury,07:05:00,Motorist Overtaking - Undetected Bicyclist,2007,Yes,No,Daylight,Straight - Grade,State Secondary Route,Dry,"Two-Way, Not Divided",None,No Special Feature,Coarse Asphalt,2 lanes,"35.7745319913, -81.0242193261"
6796,Duck,Dare,Coastal,Commercial,Urban (>70% Developed),NA,Rural,20 - 25  MPH,No Control Present,Clear,No,45,40-49,No,NA,With Traffic,O: No Injury,Bike Lane / Paved Shoulder,White,Male,49,40-49,No,NA,16-20 mph,O: No Injury,White,Male,Van,No,06APR2007,Friday,Motorist Left Turn / Merge,16,Non-Intersection,April,O: No Injury,16:30:00,Motorist Left Turn - Opposite Direction,2007,Yes,No,Daylight,Straight - Level,NC Route,Dry,"Two-Way, Divided, Unprotected Median",None,No Special Feature,Smooth Asphalt,3 lanes,"36.1654372604, -75.7530517466"
6803,None - Rural Crash,New Hanover,Coastal,Residential,Urban (>70% Developed),NA,Rural,50 - 55  MPH,No Control Present,Clear,No,54,50-59,No,NA,With Traffic,C: Possible Injury,Travel Lane,White,Male,51,50-59,No,NA,51-55 mph,O: No Injury,White,Female,Passenger Car,No,22MAY2007,Tuesday,Motorist Overtaking Bicyclist,19,Non-Intersection,May,C: Possible Injury,19:10:00,Motorist Overtaking - Misjudged Space,2007,Yes,No,Daylight,Straight - Level,US Route,Dry,"Two-Way, Divided, Unprotected Median",None,No Special Feature,Smooth Asphalt,4 lanes,"34.0874667351, -77.8962522999"
6808,Raleigh,Wake,Piedmont,Residential,Mixed (30% To 70% Developed),NA,Urban,40 - 45  MPH,Stop And Go Signal,Clear,No,16,16-19,No,NA,With Traffic,B: Evident Injury,Sidewalk / Crosswalk / Driveway Crossing,Black,Male,28,25-29,No,NA,0-5 mph,O: No Injury,White,Male,Passenger Car,No,23MAY2007,Wednesday,Bicyclist Failed to Yield - Signalized Intersection,15,Intersection,May,B: Evident Injury,15:36:00,Bicyclist Ride Out - Signalized  Intersection,2007,No,No,Daylight,Straight - Level,Local Street,Dry,"Two-Way, Not Divided",None,No Special Feature,Smooth Asphalt,4 lanes,"35.873195098, -78.6916126302"