object_id,city,county,region,development,locality,on_road,rural_urban,speed_limit,traffic_control,weather,workzone,bike_age,bike_age_group,bike_alcohol,bike_alcohol_drugs,bike_direction,bike_injury,bike_position,bike_race,bike_sex,driver_age,driver_age_group,driver_alcohol,driver_alcohol_drugs,driver_est_speed,driver_injury,driver_race,driver_sex,driver_vehicle_type,crash_alcohol,crash_date,crash_day,crash_group,crash_hour,crash_location,crash_month,crash_severity,crash_time,crash_type,crash_year,ambulance_req,hit_run,light_condition,road_character,road_class,road_condition,road_configuration,road_defects,road_feature,road_surface,num_lanes,geo_point
6813,Jacksonville,Onslow,Coastal,Commercial,Urban (>70% Developed),NA,Urban,NA,No Control Present,Clear,No,17,16-19,No,NA,NA,C: Possible Injury,Non-Roadway,Black,Male,38,30-39,No,NA,0-5 mph,O: No Injury,White,Male,Pickup,No,24MAY2007,Thursday,Non-Roadway,14,Non-Roadway,May,C: Possible Injury,14:31:00,Non-Roadway,2007,Yes,No,Daylight,Straight - Level,Public Vehicular Area,Dry,"Two-Way, Not Divided",None,No Special Feature,Concrete,NA,"34.7824699058, -77.3859621778"
6818,Asheville,Buncombe,Mountains,Residential,Urban (>70% Developed),NA,Urban,30 - 35  MPH,Stop Sign,Clear,No,12,11-15,No,NA,Facing Traffic,B: Evident Injury,Travel Lane,Black,Male,16,0-19,No,NA,11-15 mph,O: No Injury,Other,Female,Passenger Car,No,24MAY2007,Thursday,Motorist Left Turn / Merge,15,Intersection,May,B: Evident Injury,15:47:00,Motorist Left Turn - Same Direction,2007,Yes,No,Daylight,Straight - Grade,Local Street,Dry,"Two-Way, Not Divided",None,T-Intersection,Smooth Asphalt,2 lanes,"35.5800318926, -82.559793771"
6823,High Point,Guilford,Piedmont,Residential,Mixed (30% To 70% Developed),NA,Urban,20 - 25  MPH,Stop Sign,Clear,No,8,6-10,No,NA,NA,B: Evident Injury,Travel Lane,Black,Male,55,50-59,No,NA,21-25 mph,O: No Injury,Black,Female,Passenger Car,No,29APR2007,Sunday,Bicyclist Failed to Yield - Sign-Controlled Intersection,19,Intersection,April,B: Evident Injury,19:39:00,Bicyclist Ride Through - Sign-Controlled Intersection,2007,Yes,No,Daylight,Straight - Hillcrest,Local Street,Dry,"Two-Way, Not Divided",None,No Special Feature,Coarse Asphalt,2 lanes,"35.9581410685, -79.9948930284"
6824,None - Rural Crash,Pasquotank,Coastal,Residential,Rural (<30% Developed),NA,Rural,40 - 45  MPH,"Double Yellow Line, No Passing Zone",Clear,No,42,40-49,Yes,NA,Facing Traffic,A: Disabling Injury,Travel Lane,Black,Male,19,0-19,No,NA,41-45 mph,O: No Injury,Black,Male,Passenger Car,Yes,26MAY2007,Saturday,Bicyclist Right Turn / Merge,6,Non-Intersection,May,A: Disabling Injury,06:45:00,Bicyclist Right Turn - Same Direction,2007,Yes,No,Daylight,Straight - Level,State Secondary Route,Dry,"Two-Way, Not Divided",None,No Special Feature,Smooth Asphalt,2 lanes,"36.3068192754, -76.2415869036"
6826,Emerald Isle,Carteret,Coastal,Commercial,Urban (>70% Developed),NA,Rural,40 - 45  MPH,No Control Present,Clear,No,14,11-15,No,NA,Facing Traffic,B: Evident Injury,Sidewalk / Crosswalk / Driveway Crossing,White,Male,47,40-49,No,NA,26-30 mph,O: No Injury,White,Male,Pickup,No,27MAY2007,Sunday,Crossing Paths - Other Circumstances,21,Intersection,May,B: Evident Injury,21:56:00,Crossing Paths - Intersection - Other / Unknown,2007,No,No,Dark - Lighted Roadway,Straight - Level,NC Route,Dry,"Two-Way, Not Divided",None,"Driveway, Public",Smooth Asphalt,3 lanes,"34.6633218903, -77.0419720676"
6829,Charlotte,Mecklenburg,Piedmont,Residential,Urban (>70% Developed),NA,Urban,20 - 25  MPH,Stop Sign,Clear,No,59,50-59,No,NA,NA,B: Evident Injury,Travel Lane,White,Male,39,30-39,No,NA,6-10 mph,O: No Injury,White,Female,Sport Utility,No,28MAY2007,Monday,Crossing Paths - Other Circumstances,9,Intersection,May,B: Evident Injury,09:02:00,Sign-Controlled Intersection - Other / Unknown,2007,No,No,Daylight,Straight - Level,Public Vehicular Area,Dry,"Two-Way, Not Divided",None,No Special Feature,Smooth Asphalt,2 lanes,"35.2282398842, -80.8051332308"
6832,Wilmington,New Hanover,Coastal,Residential,Urban (>70% Developed),NA,Urban,30 - 35  MPH,Stop And Go Signal,Clear,No,23,20-24,No,NA,Facing Traffic,C: Possible Injury,Travel Lane,White,Female,67,60-69,No,NA,6-10 mph,O: No Injury,White,Female,Passenger Car,No,29MAY2007,Tuesday,Bicyclist Failed to Yield - Signalized Intersection,14,Intersection,May,C: Possible Injury,14:43:00,Bicyclist Ride Through - Signalized Intersection,2007,No,No,Daylight,Straight - Level,Local Street,Dry,"Two-Way, Not Divided",None,"Driveway, Public",Smooth Asphalt,3 lanes,"34.2315967679, -77.8796323022"
6838,Chapel Hill,Orange,Piedmont,Residential,Urban (>70% Developed),NA,Urban,20 - 25  MPH,Stop Sign,Clear,No,22,20-24,Yes,NA,With Traffic,C: Possible Injury,Travel Lane,Unknown/Missing,Male,48,40-49,No,NA,6-10 mph,O: No Injury,Black,Male,Sport Utility,Yes,31MAY2007,Thursday,Motorist Failed to Yield - Sign-Controlled Intersection,23,Intersection,May,C: Possible Injury,23:09:00,Motorist Drive Out - Sign-Controlled Intersection,2007,No,No,Dark - Roadway Not Lighted,Straight - Level,Local Street,Dry,"Two-Way, Not Divided",None,No Special Feature,Smooth Asphalt,4 lanes,"35.9160570939, -79.0480067397"
6841,Charlotte,Mecklenburg,Piedmont,Residential,Urban (>70% Developed),NA,Urban,20 - 25  MPH,No Control Present,Clear,No,10,6-10,No,NA,With Traffic,O: No Injury,Sidewalk / Crosswalk / Driveway Crossing,Black,Female,34,30-39,No,NA,0-5 mph,O: No Injury,Black,Female,Passenger Car,No,03SEP2007,Monday,Backing Vehicle,17,Non-Intersection,September,O: No Injury,17:22:00,Backing Vehicle,2007,No,No,Daylight,Straight - Level,Local Street,Dry,"Two-Way, Not Divided",None,"Driveway, Private",Smooth Asphalt,2 lanes,"35.2954209026, -80.6942782017"
6851,None - Rural Crash,Scotland,Coastal,"Farms, Woods, Pastures",Rural (<30% Developed),NA,Rural,50 - 55  MPH,No Control Present,Clear,No,14,11-15,No,NA,With Traffic,C: Possible Injury,Other,Native American,Male,26,25-29,No,NA,41-45 mph,O: No Injury,White,Female,Passenger Car,No,04JUN2007,Monday,Bicyclist Left Turn / Merge,18,Non-Intersection,June,C: Possible Injury,18:36:00,Bicyclist Left Turn - Same Direction,2007,No,No,Daylight,Straight - Level,State Secondary Route,Dry,"Two-Way, Not Divided",None,No Special Feature,Smooth Asphalt,2 lanes,"34.8486548482, -79.5209128262"
6854,Hickory,Catawba,Piedmont,Residential,Urban (>70% Developed),NA,Urban,20 - 25  MPH,Stop Sign,Clear,No,7,6-10,No,NA,With Traffic,B: Evident Injury,Travel Lane,White,Male,70+,70+,No,NA,21-25 mph,O: No Injury,White,Female,Passenger Car,No,05JUN2007,Tuesday,Bicyclist Failed to Yield - Sign-Controlled Intersection,20,Intersection,June,B: Evident Injury,20:03:00,Bicyclist Ride Through - Sign-Controlled Intersection,2007,No,No,Daylight,Straight - Level,Local Street,Dry,"Two-Way, Not Divided",None,Four-Way Intersection,Smooth Asphalt,2 lanes,"35.7379909713, -81.3519834219"
6870,None - Rural Crash,Buncombe,Mountains,"Farms, Woods, Pastures",Rural (<30% Developed),NA,Rural,50 - 55  MPH,"Double Yellow Line, No Passing Zone",Clear,No,11,11-15,No,NA,Not Applicable,B: Evident Injury,Driveway / Alley,White,Male,32,30-39,No,NA,26-30 mph,O: No Injury,White,Male,Pickup,No,10JUN2007,Sunday,Bicyclist Failed to Yield - Midblock,22,Non-Intersection,June,B: Evident Injury,22:55:00,Bicyclist Ride Out - Residential Driveway,2007,Yes,No,Dusk,Curve - Grade,State Secondary Route,Dry,"Two-Way, Not Divided",None,"Driveway, Private",Smooth Asphalt,2 lanes,"35.5116988882, -82.2814596848"
6872,Charlotte,Mecklenburg,Piedmont,Residential,Urban (>70% Developed),NA,Urban,20 - 25  MPH,Stop Sign,Clear,No,28,25-29,No,NA,With Traffic,B: Evident Injury,Travel Lane,White,Male,35,30-39,No,NA,0-5 mph,O: No Injury,White,Male,Sport Utility,No,16SEP2007,Sunday,Bicyclist Left Turn / Merge,10,Intersection,September,B: Evident Injury,10:21:00,Bicyclist Left Turn - Same Direction,2007,Yes,No,Daylight,Straight - Level,Local Street,Dry,"Two-Way, Not Divided",None,T-Intersection,Smooth Asphalt,2 lanes,"35.1398188636, -80.8429632368"
6874,High Point,Guilford,Piedmont,Residential,Urban (>70% Developed),NA,Urban,30 - 35  MPH,Stop Sign,Clear,No,29,25-29,No,NA,NA,B: Evident Injury,Travel Lane,Black,Male,53,50-59,No,NA,31-35 mph,Unknown Injury,Black,Female,Pickup,No,10JUN2007,Sunday,Bicyclist Failed to Yield - Sign-Controlled Intersection,15,Intersection,June,B: Evident Injury,15:51:00,Bicyclist Ride Through - Sign-Controlled Intersection,2007,Yes,No,Daylight,Straight - Grade,Local Street,Dry,"Two-Way, Not Divided",None,Four-Way Intersection,Smooth Asphalt,2 lanes,"35.9526970676, -79.9896630263"
6884,None - Rural Crash,Bertie,Coastal,"Farms, Woods, Pastures",Rural (<30% Developed),NA,Rural,50 - 55  MPH,"Double Yellow Line, No Passing Zone",Clear,No,6,6-10,No,NA,Not Applicable,C: Possible Injury,Driveway / Alley,Black,Male,70+,70+,No,NA,31-35 mph,O: No Injury,Black,Male,Passenger Car,No,13JUN2007,Wednesday,Bicyclist Failed to Yield - Midblock,16,Non-Intersection,June,C: Possible Injury,16:13:00,Bicyclist Ride Out - Residential Driveway,2007,No,No,Daylight,Straight - Level,State Secondary Route,Dry,"Two-Way, Not Divided",None,"Driveway, Private",Coarse Asphalt,2 lanes,"36.0155441821, -77.1386661644"
6889,Rocky Mount,Nash,Coastal,Commercial,Urban (>70% Developed),NA,Urban,30 - 35  MPH,No Control Present,Clear,No,13,11-15,No,NA,NA,C: Possible Injury,Non-Roadway,White,Male,70+,70+,No,NA,0-5 mph,O: No Injury,White,Male,Passenger Car,No,14JUN2007,Thursday,Non-Roadway,15,Non-Roadway,June,C: Possible Injury,15:55:00,Non-Roadway,2007,No,No,Daylight,Straight - Level,Public Vehicular Area,Dry,"Two-Way, Not Divided",None,No Special Feature,Smooth Asphalt,NA,"35.9630771464, -77.8497023789"
6890,Charlotte,Mecklenburg,Piedmont,Commercial,Urban (>70% Developed),NA,Urban,30 - 35  MPH,No Control Present,Clear,No,22,20-24,No,NA,With Traffic,B: Evident Injury,Bike Lane / Paved Shoulder,White,Male,22,20-24,No,NA,6-10 mph,O: No Injury,White,Female,Passenger Car,No,18SEP2007,Tuesday,Motorist Right Turn / Merge,13,Intersection,September,B: Evident Injury,13:18:00,Motorist Right Turn - Same Direction,2007,Yes,No,Daylight,Straight - Level,Local Street,Dry,"Two-Way, Divided, Unprotected Median",None,No Special Feature,Smooth Asphalt,4 lanes,"35.2006568769, -80.8430282409"
6892,Cleveland,Rowan,Piedmont,Commercial,Urban (>70% Developed),NA,Rural,50 - 55  MPH,No Control Present,Clear,No,6,6-10,No,NA,Not Applicable,C: Possible Injury,Non-Roadway,White,Male,65,60-69,No,NA,21-25 mph,O: No Injury,White,Male,Tractor/Semi-Trailer,No,04SEP2007,Tuesday,Bicyclist Failed to Yield - Midblock,8,Non-Intersection,September,C: Possible Injury,08:45:00,Bicyclist Ride Out - Commercial Driveway / Alley,2007,No,No,Daylight,Straight - Level,US Route,Dry,"Two-Way, Not Divided",None,"Driveway, Public",Grooved Concrete,2 lanes,"35.7306319945, -80.6957832262"
6895,Wilson,Wilson,Coastal,Commercial,Mixed (30% To 70% Developed),NA,Urban,30 - 35  MPH,Stop And Go Signal,Clear,No,16,16-19,No,NA,Facing Traffic,C: Possible Injury,NA,Black,Male,18,0-19,No,NA,31-35 mph,O: No Injury,Hispanic,Male,Passenger Car,No,15JUN2007,Friday,Bicyclist Failed to Yield - Signalized Intersection,14,Intersection,June,C: Possible Injury,14:40:00,Bicyclist Ride Through - Signalized Intersection,2007,Yes,No,Daylight,Straight - Level,Local Street,Dry,"Two-Way, Not Divided",None,Four-Way Intersection,Smooth Asphalt,2 lanes,"35.7250470929, -77.9101723848"
6900,None - Rural Crash,Hyde,Coastal,Commercial,Urban (>70% Developed),NA,Rural,5 - 15 MPH,"Double Yellow Line, No Passing Zone",Clear,No,70+,70+,No,NA,Facing Traffic,B: Evident Injury,Bike Lane / Paved Shoulder,White,Female,29,25-29,No,NA,0-5 mph,O: No Injury,White,Male,Pickup,No,18JUN2007,Monday,Motorist Failed to Yield - Midblock,13,Non-Intersection,June,B: Evident Injury,13:57:00,Motorist Drive Out - Commercial Driveway / Alley,2007,Yes,No,Daylight,Straight - Level,NC Route,"Sand, Mud, Dirt, Gravel","Two-Way, Not Divided",None,"Driveway, Public",Gravel,2 lanes,"35.1071770227, -75.9726417625"
6902,Rocky Mount,Nash,Coastal,Commercial,Urban (>70% Developed),NA,Urban,30 - 35  MPH,Stop And Go Signal,Clear,No,42,40-49,No,NA,Facing Traffic,C: Possible Injury,Travel Lane,Black,Male,54,50-59,No,NA,11-15 mph,O: No Injury,Black,Female,Passenger Car,No,18JUN2007,Monday,Bicyclist Failed to Yield - Signalized Intersection,9,Intersection,June,C: Possible Injury,09:29:00,Bicyclist Ride Through - Signalized Intersection,2007,Yes,No,Daylight,Straight - Grade,Local Street,Dry,"Two-Way, Divided, Unprotected Median",None,Four-Way Intersection,Smooth Asphalt,4 lanes,"35.955989146, -77.8226523697"
6904,Jamestown,Guilford,Piedmont,"Farms, Woods, Pastures",Rural (<30% Developed),NA,Rural,40 - 45  MPH,"Double Yellow Line, No Passing Zone",Clear,No,22,20-24,No,NA,With Traffic,B: Evident Injury,Travel Lane,White,Female,39,30-39,No,NA,36-40 mph,O: No Injury,White,Female,Passenger Car,No,21JUN2007,Thursday,Bicyclist Left Turn / Merge,18,Non-Intersection,June,B: Evident Injury,18:48:00,Bicyclist Left Turn - Same Direction,2007,No,No,Daylight,Straight - Grade,State Secondary Route,Dry,"Two-Way, Not Divided",None,Shared-Use Paths Or Trails,Smooth Asphalt,2 lanes,"36.0127710824, -79.9478630164"
6905,Roanoke Rapids,Halifax,Coastal,Commercial,Urban (>70% Developed),NA,Urban,20 - 25  MPH,No Control Present,Clear,No,7,6-10,No,NA,Not Applicable,B: Evident Injury,Driveway / Alley,Black,Female,28,25-29,No,NA,16-20 mph,O: No Injury,Black,Male,Passenger Car,No,21JUN2007,Thursday,Bicyclist Failed to Yield - Midblock,19,Non-Intersection,June,B: Evident Injury,19:31:00,Bicyclist Ride Out - Commercial Driveway / Alley,2007,Yes,No,Daylight,Straight - Level,Local Street,Dry,"Two-Way, Not Divided",None,Alley Intersection,Concrete,2 lanes,"36.4680272609, -77.6518923449"
6909,None - Rural Crash,Granville,Piedmont,Residential,Mixed (30% To 70% Developed),NA,Rural,20 - 25  MPH,No Control Present,Rain,No,45,40-49,No,NA,With Traffic,K: Killed,Travel Lane,Black,Male,NA,NA,Missing,NA,21-25 mph,Unknown Injury,Unknown/Missing,NA,NA,No,15APR2007,Sunday,Motorist Overtaking Bicyclist,22,Non-Intersection,April,K: Killed,22:04:00,Motorist Overtaking - Undetected Bicyclist,2007,Yes,Yes,Dark - Roadway Not Lighted,Straight - Level,Local Street,Wet,"Two-Way, Not Divided",None,No Special Feature,Smooth Asphalt,2 lanes,"36.2941201929, -78.5467226086"
6910,Raleigh,Wake,Piedmont,Residential,Urban (>70% Developed),NA,Urban,30 - 35  MPH,Stop And Go Signal,Cloudy,No,31,30-39,No,NA,With Traffic,C: Possible Injury,Travel Lane,Hispanic,Male,70+,70+,No,NA,0-5 mph,O: No Injury,Black,Female,Passenger Car,No,20JUN2007,Wednesday,Motorist Right Turn / Merge,21,Intersection,June,C: Possible Injury,21:06:00,Motorist Right Turn on Red - Same Direction,2007,No,No,Dark - Lighted Roadway,Straight - Level,Local Street,Dry,"Two-Way, Divided, Unprotected Median",None,Four-Way Intersection,Coarse Asphalt,4 lanes,"35.7776750802, -78.6141386009"
1576,Lumberton,Robeson,Coastal,Commercial,Mixed (30% To 70% Developed),FAYETTEVILLE RD,Urban,40 - 45  MPH,Stop And Go Signal,Cloudy,No,57,50-59,No,NA,With Traffic,C: Possible Injury,Travel Lane,Black,Male,69,60-69,No,NA,0-5 mph,O: No Injury,Black,Male,Pickup,No,06OCT2013,Sunday,Bicyclist Failed to Yield - Signalized Intersection,15,Intersection,October,C: Possible Injury,15:16:00,Bicyclist Failed to Clear - Trapped,2013,Yes,No,Daylight,Straight - Level,Local Street,Dry,"Two-Way, Not Divided",None,Four-Way Intersection,Coarse Asphalt,5 lanes,"34.6340068189, -79.0033026598"
1507,Winston-Salem,Forsyth,Piedmont,Commercial,Urban (>70% Developed),COUNTRY CLUB RD,Urban,30 - 35  MPH,No Control Present,Clear,No,49,40-49,No,NA,With Traffic,C: Possible Injury,Travel Lane,White,Male,25,25-29,No,NA,26-30 mph,O: No Injury,White,Female,Passenger Car,No,29AUG2013,Thursday,Motorist Right Turn / Merge,8,Non-Intersection,August,C: Possible Injury,08:34:00,Motorist Right Turn - Same Direction,2013,No,No,Daylight,Straight - Grade,State Secondary Route,Dry,"Two-Way, Not Divided",None,No Special Feature,Smooth Asphalt,4 lanes,"36.0811970817, -80.339103138"
1532,Charlotte,Mecklenburg,Piedmont,Industrial,Urban (>70% Developed),N GRAHAM ST,Urban,30 - 35  MPH,Stop And Go Signal,Clear,No,35,30-39,No,NA,Not Applicable,B: Evident Injury,Sidewalk / Crosswalk / Driveway Crossing,White,Male,27,25-29,No,NA,NA,O: No Injury,Black,Male,Passenger Car,No,26SEP2013,Thursday,Bicyclist Failed to Yield - Signalized Intersection,17,Intersection,September,B: Evident Injury,17:39:00,Bicyclist Ride Through - Signalized Intersection,2013,No,No,Daylight,Straight - Level,Local Street,Dry,"Two-Way, Divided, Unprotected Median",None,No Special Feature,Smooth Asphalt,4 lanes,"35.2388468847, -80.8364032407"
1554,Charlotte,Mecklenburg,Piedmont,Residential,Urban (>70% Developed),E 18TH ST,Urban,20 - 25  MPH,Stop Sign,Clear,No,32,30-39,No,NA,With Traffic,A: Disabling Injury,Travel Lane,Black,Female,37,30-39,No,NA,21-25 mph,O: No Injury,Black,Female,Passenger Car,No,08OCT2013,Tuesday,Bicyclist Failed to Yield - Sign-Controlled Intersection,19,Intersection,October,A: Disabling Injury,19:04:00,Bicyclist Ride Through - Sign-Controlled Intersection,2013,Yes,No,Dusk,Straight - Hillcrest,Local Street,Dry,"Two-Way, Not Divided",None,No Special Feature,Grooved Concrete,2 lanes,"35.2332668842, -80.8213032362"
1571,Spring Lake,Cumberland,Coastal,Commercial,Urban (>70% Developed),LILLINGTON HWY,Urban,30 - 35  MPH,No Control Present,Clear,No,20,20-24,No,NA,With Traffic,C: Possible Injury,Travel Lane,Hispanic,Male,41,40-49,No,NA,31-35 mph,O: No Injury,White,Male,Pickup,No,13SEP2013,Friday,Crossing Paths - Other Circumstances,18,Intersection-Related,September,C: Possible Injury,18:14:00,Crossing Paths - Uncontrolled Intersection,2013,No,No,Daylight,Straight - Level,missing,Dry,"Two-Way, Divided, Unprotected Median",None,No Special Feature,Coarse Asphalt,4 lanes,"35.1701869364, -78.9718026772"
1559,Wilmington,New Hanover,Coastal,Residential,Urban (>70% Developed),PRINCESS PLACE DR,Urban,30 - 35  MPH,Stop And Go Signal,Clear,No,22,20-24,No,NA,With Traffic,C: Possible Injury,Travel Lane,White,Male,57,50-59,No,NA,6-10 mph,O: No Injury,White,Male,Passenger Car,No,02OCT2013,Wednesday,Motorist Left Turn / Merge,19,Intersection,October,C: Possible Injury,19:19:00,Motorist Left Turn - Opposite Direction,2013,Yes,No,Dark - Roadway Not Lighted,Straight - Grade,Local Street,Dry,"Two-Way, Not Divided",None,Four-Way Intersection,Smooth Asphalt,3 lanes,"34.2434867693, -77.9199023142"
1570,None - Rural Crash,Harnett,Coastal,Residential,Rural (<30% Developed),SR 1143,Rural,50 - 55  MPH,"Double Yellow Line, No Passing Zone",Rain,No,14,11-15,No,NA,Facing Traffic,C: Possible Injury,Travel Lane,White,Male,32,30-39,No,NA,41-45 mph,O: No Injury,White,Male,Pickup,No,10OCT2013,Thursday,Bicyclist Right Turn / Merge,17,Non-Intersection,October,C: Possible Injury,17:58:00,Bicyclist Right Turn - Same Direction,2013,No,No,Daylight,Straight - Level,State Secondary Route,Wet,"Two-Way, Not Divided",None,No Special Feature,Coarse Asphalt,2 lanes,"35.2728169545, -79.0901027184"
1624,Jacksonville,Onslow,Coastal,Commercial,Urban (>70% Developed),PVA 454 WESTERN BLVD,Urban,NA,Stop Sign,Clear,No,20,20-24,No,NA,Facing Traffic,B: Evident Injury,Sidewalk / Crosswalk / Driveway Crossing,White,Female,65,60-69,No,NA,0-5 mph,O: No Injury,White,Female,Passenger Car,No,16OCT2013,Wednesday,Motorist Failed to Yield - Sign-Controlled Intersection,16,Intersection,October,B: Evident Injury,16:14:00,Motorist Drive Out - Sign-Controlled Intersection,2013,Yes,No,Daylight,Straight - Level,Public Vehicular Area,Dry,"Two-Way, Not Divided",None,On or Off Ramp,Smooth Asphalt,NA,"34.7746069037, -77.3891021784"
1622,None - Rural Crash,New Hanover,Coastal,Commercial,Urban (>70% Developed),US 17,Rural,50 - 55  MPH,No Control Present,Clear,No,42,40-49,No,NA,With Traffic,C: Possible Injury,Travel Lane,Black,Male,51,50-59,No,NA,41-45 mph,O: No Injury,White,Male,Pickup,No,11NOV2013,Monday,Motorist Overtaking Bicyclist,19,Non-Intersection,November,C: Possible Injury,19:25:00,Motorist Overtaking - Other / Unknown,2013,Yes,No,Dark - Roadway Not Lighted,Straight - Level,US Route,Dry,"Two-Way, Divided, Unprotected Median",None,No Special Feature,Coarse Asphalt,5 lanes,"34.307581788, -77.7810122751"
1630,Kinston,Lenoir,Coastal,Commercial,Mixed (30% To 70% Developed),US 70,Urban,40 - 45  MPH,Stop And Go Signal,Clear,No,44,40-49,No,NA,Facing Traffic,C: Possible Injury,Travel Lane,Black,Male,41,40-49,No,NA,0-5 mph,O: No Injury,White,Female,Passenger Car,No,14NOV2013,Thursday,Motorist Failed to Yield - Signalized Intersection,16,Intersection,November,C: Possible Injury,16:38:00,Motorist Drive Out - Right Turn on Red,2013,Yes,No,Dusk,Straight - Level,US Route,Dry,"Two-Way, Not Divided",None,T-Intersection,Coarse Asphalt,5 lanes,"35.2690870046, -77.6166022726"
1631,Mooresville,Iredell,Piedmont,Residential,Urban (>70% Developed),SHEARERS RD,Urban,40 - 45  MPH,No Control Present,Clear,No,62,60-69,No,NA,With Traffic,B: Evident Injury,Travel Lane,White,Male,31,30-39,No,NA,NA,O: No Injury,Black,Male,Van,No,16OCT2013,Wednesday,Bicyclist Overtaking Motorist,12,Non-Intersection,October,B: Evident Injury,12:17:00,Bicyclist Overtaking - Parked Vehicle,2013,No,No,Daylight,Straight - Grade,Local Street,Dry,"Two-Way, Not Divided",None,No Special Feature,Coarse Asphalt,2 lanes,"35.5310569483, -80.7989032458"
1541,Sanford,Lee,Piedmont,Commercial,Urban (>70% Developed),JEFFERSON DAVIS HWY,Urban,40 - 45  MPH,No Control Present,Clear,No,31,30-39,Yes,NA,Not Applicable,B: Evident Injury,Travel Lane,White,Male,44,40-49,No,NA,36-40 mph,O: No Injury,White,Female,Passenger Car,Yes,11SEP2013,Wednesday,Bicyclist Failed to Yield - Midblock,20,Non-Intersection,September,B: Evident Injury,20:08:00,Bicyclist Ride Out - Other Midblock,2013,Yes,No,Dark - Lighted Roadway,Straight - Level,Local Street,Dry,"Two-Way, Divided, Unprotected Median",None,Non-Intersection Median Crossing,Smooth Asphalt,7 lanes,"35.4390669859, -79.2175027653"
1553,Winston-Salem,Forsyth,Piedmont,Commercial,Urban (>70% Developed),1100 BLK BURKE ST,Urban,30 - 35  MPH,No Control Present,Clear,No,30,30-39,Yes,NA,With Traffic,C: Possible Injury,Travel Lane,White,Male,NA,NA,Missing,NA,NA,Unknown Injury,Unknown/Missing,NA,Sport Utility,Yes,25AUG2013,Sunday,Bicyclist Overtaking Motorist,3,Intersection-Related,August,C: Possible Injury,03:10:00,Bicyclist Overtaking - Parked Vehicle,2013,No,No,Dark - Lighted Roadway,Straight - Level,Local Street,Dry,"Two-Way, Not Divided",None,No Special Feature,Smooth Asphalt,2 lanes,"36.0962870886, -80.2565031146"
1547,Wrightsville Beach,New Hanover,Coastal,Commercial,Urban (>70% Developed),EAST SALISBURY STREET,Rural,20 - 25  MPH,Stop And Go Signal,Rain,No,35,30-39,No,NA,With Traffic,O: No Injury,Travel Lane,White,Male,30,30-39,No,NA,11-15 mph,O: No Injury,White,Male,Police,No,08OCT2013,Tuesday,Bicyclist Failed to Yield - Signalized Intersection,13,Intersection,October,O: No Injury,13:30:00,Bicyclist Ride Through - Signalized Intersection,2013,No,No,Daylight,Straight - Level,Local Street,Wet,"Two-Way, Divided, Unprotected Median",None,Four-Way Intersection,Coarse Asphalt,2 lanes,"34.2149867662, -77.7907022738"
1550,None - Rural Crash,Wake,Piedmont,Residential,Mixed (30% To 70% Developed),SR 1381,Rural,40 - 45  MPH,"Double Yellow Line, No Passing Zone",Cloudy,No,53,50-59,No,NA,With Traffic,B: Evident Injury,Travel Lane,White,Female,69,60-69,No,NA,31-35 mph,O: No Injury,White,Male,Passenger Car,No,12OCT2013,Saturday,Motorist Overtaking Bicyclist,8,Non-Intersection,October,B: Evident Injury,08:41:00,Motorist Overtaking - Other / Unknown,2013,Yes,No,Daylight,Straight - Level,State Secondary Route,Dry,"Two-Way, Not Divided",None,No Special Feature,Coarse Asphalt,2 lanes,"35.7333870669, -78.7241026325"
1551,Wilmington,New Hanover,Coastal,Commercial,Urban (>70% Developed),PVA 4614 MARKET ST,Urban,5 - 15 MPH,No Control Present,Clear,No,21,20-24,No,NA,Not Applicable,C: Possible Injury,Non-Roadway,Black,Male,49,40-49,No,NA,0-5 mph,O: No Injury,Black,Male,Passenger Car,No,03OCT2013,Thursday,Non-Roadway,15,Non-Roadway,October,C: Possible Injury,15:05:00,Non-Roadway,2013,Yes,No,Daylight,Straight - Level,Public Vehicular Area,Dry,"Two-Way, Not Divided",None,No Special Feature,Coarse Asphalt,2 lanes,"34.2428267693, -77.8876023046"
1621,Wilmington,New Hanover,Coastal,Commercial,Mixed (30% To 70% Developed),INDEPENDENCE BLVD,Urban,40 - 45  MPH,Stop Sign,Clear,No,51,50-59,No,NA,Facing Traffic,B: Evident Injury,Multi-use Path,White,Female,44,40-49,No,NA,0-5 mph,O: No Injury,White,Male,Passenger Car,No,25OCT2013,Friday,Motorist Failed to Yield - Sign-Controlled Intersection,14,Intersection,October,B: Evident Injury,14:09:00,Motorist Drive Out - Sign-Controlled Intersection,2013,Yes,No,Daylight,Straight - Level,Local Street,Dry,"Two-Way, Divided, Unprotected Median",None,No Special Feature,Coarse Asphalt,6 lanes,"34.198076759, -77.9087023085"
1612,None - Rural Crash,Buncombe,Mountains,Institutional,Urban (>70% Developed),PVA NORTH WEST LN,Rural,5 - 15 MPH,No Control Present,Clear,No,19,16-19,No,NA,With Traffic,B: Evident Injury,Travel Lane,White,Female,22,20-24,No,NA,11-15 mph,O: No Injury,White,Male,Passenger Car,No,12NOV2013,Tuesday,Motorist Left Turn / Merge,20,Intersection,November,B: Evident Injury,20:07:00,Motorist Left Turn - Opposite Direction,2013,No,No,Dark - Roadway Not Lighted,Straight - Grade,Public Vehicular Area,Dry,"Two-Way, Not Divided",None,"Driveway, Public",Coarse Asphalt,NA,"35.6134569034, -82.4435037388"