object_id,city,county,region,development,locality,on_road,rural_urban,speed_limit,traffic_control,weather,workzone,bike_age,bike_age_group,bike_alcohol,bike_alcohol_drugs,bike_direction,bike_injury,bike_position,bike_race,bike_sex,driver_age,driver_age_group,driver_alcohol,driver_alcohol_drugs,driver_est_speed,driver_injury,driver_race,driver_sex,driver_vehicle_type,crash_alcohol,crash_date,crash_day,crash_group,crash_hour,crash_location,crash_month,crash_severity,crash_time,crash_type,crash_year,ambulance_req,hit_run,light_condition,road_character,road_class,road_condition,road_configuration,road_defects,road_feature,road_surface,num_lanes,geo_point
1604,Roxboro,Person,Piedmont,Commercial,Urban (>70% Developed),REAMS AVE,Urban,30 - 35  MPH,Stop And Go Signal,Clear,No,56,50-59,No,NA,With Traffic,C: Possible Injury,Travel Lane,Black,Female,66,60-69,No,NA,16-20 mph,O: No Injury,White,Female,Sport Utility,No,23SEP2013,Monday,Motorist Overtaking Bicyclist,19,Intersection-Related,September,C: Possible Injury,19:44:00,Motorist Overtaking - Undetected Bicyclist,2013,No,No,Dark - Lighted Roadway,Straight - Level,Local Street,Dry,"Two-Way, Not Divided",None,No Special Feature,Coarse Asphalt,3 lanes,"36.3961871986, -78.9851027474"
1652,None - Rural Crash,Duplin,Coastal,"Farms, Woods, Pastures",Rural (<30% Developed),US 117,Rural,50 - 55  MPH,No Control Present,Clear,No,24,20-24,No,NA,Facing Traffic,C: Possible Injury,Travel Lane,White,Male,NA,NA,Missing,NA,NA,Unknown Injury,Unknown/Missing,NA,Passenger Car,No,21NOV2013,Thursday,Loss of Control / Turning Error,18,Non-Intersection,November,C: Possible Injury,18:48:00,Motorist Lost Control - Other / Unknown,2013,Yes,Yes,Dark - Roadway Not Lighted,Straight - Level,US Route,Dry,"Two-Way, Not Divided",None,No Special Feature,Smooth Asphalt,2 lanes,"34.8665969025, -78.0380023799"
1639,Greenville,Pitt,Coastal,Residential,Urban (>70% Developed),FORD ST,Urban,20 - 25  MPH,Stop Sign,Clear,No,23,20-24,No,NA,Facing Traffic,C: Possible Injury,Sidewalk / Crosswalk / Driveway Crossing,Other,Male,29,25-29,No,NA,6-10 mph,O: No Injury,Black,Female,Passenger Car,No,20NOV2013,Wednesday,Motorist Failed to Yield - Sign-Controlled Intersection,15,Intersection-Related,November,C: Possible Injury,15:23:00,Motorist Drive Out - Sign-Controlled Intersection,2013,Yes,No,Daylight,Straight - Level,Local Street,Dry,"Two-Way, Not Divided",None,T-Intersection,Smooth Asphalt,2 lanes,"35.6129270868, -77.3877022197"
1647,None - Rural Crash,Wake,Piedmont,"Farms, Woods, Pastures",Rural (<30% Developed),SR 1011,Rural,50 - 55  MPH,"Double Yellow Line, No Passing Zone",Clear,No,50,50-59,No,NA,With Traffic,B: Evident Injury,Travel Lane,White,Male,22,20-24,No,NA,6-10 mph,O: No Injury,White,Male,Passenger Car,No,20NOV2013,Wednesday,Motorist Left Turn / Merge,16,Intersection,November,B: Evident Injury,16:13:00,Motorist Left Turn - Opposite Direction,2013,Yes,No,Daylight,Straight - Level,State Secondary Route,Dry,"Two-Way, Not Divided",None,No Special Feature,Coarse Asphalt,2 lanes,"35.7132470616, -78.7539026398"
1651,None - Rural Crash,Brunswick,Coastal,Commercial,Urban (>70% Developed),NC 211,Rural,40 - 45  MPH,Stop Sign,Clear,No,43,40-49,No,NA,With Traffic,C: Possible Injury,Travel Lane,Hispanic,Male,57,50-59,No,NA,6-10 mph,O: No Injury,White,Male,Sport Utility,No,23NOV2013,Saturday,Motorist Failed to Yield - Midblock,18,Non-Intersection,November,C: Possible Injury,18:05:00,Motorist Drive Out - Commercial Driveway / Alley,2013,Yes,No,Dark - Roadway Not Lighted,Straight - Level,NC Route,Dry,"Two-Way, Not Divided",None,"Driveway, Public",Coarse Asphalt,2 lanes,"33.9434466989, -78.0292023332"
1637,Durham,Durham,Piedmont,Residential,Urban (>70% Developed),S ROXBORO ST,Urban,30 - 35  MPH,No Control Present,Clear,No,11,11-15,No,NA,Facing Traffic,O: No Injury,Travel Lane,Black,Male,60,60-69,No,NA,21-25 mph,O: No Injury,Black,Male,Motorcycle,No,18NOV2013,Monday,Bicyclist Left Turn / Merge,19,Intersection,November,O: No Injury,19:18:00,Bicyclist Left Turn - Same Direction,2013,No,No,Dark - Roadway Not Lighted,Straight - Level,Local Street,Dry,"Two-Way, Not Divided",None,Four-Way Intersection,Smooth Asphalt,2 lanes,"35.9796271128, -78.9057027006"
1636,Raleigh,Wake,Piedmont,Commercial,Urban (>70% Developed),HILLSBOROUGH ST,Urban,30 - 35  MPH,No Control Present,Clear,No,23,20-24,No,NA,With Traffic,O: No Injury,Travel Lane,White,Male,49,40-49,No,NA,0-5 mph,O: No Injury,White,Male,Passenger Car,No,04NOV2013,Monday,Motorist Left Turn / Merge,18,Intersection,November,O: No Injury,18:00:00,Motorist Left Turn - Opposite Direction,2013,No,No,Dark - Lighted Roadway,Straight - Level,Local Street,Dry,"Two-Way, Not Divided",None,No Special Feature,Smooth Asphalt,2 lanes,"35.7805070797, -78.6417026094"
1649,Roanoke Rapids,Halifax,Coastal,Commercial,Urban (>70% Developed),PP MEDICAL CENTER DR,Urban,5 - 15 MPH,No Control Present,Clear,No,52,50-59,No,NA,Not Applicable,B: Evident Injury,Driveway / Alley,White,Male,54,50-59,No,NA,0-5 mph,O: No Injury,White,Female,Sport Utility,No,21NOV2013,Thursday,Non-Roadway,8,Non-Roadway,November,B: Evident Injury,08:20:00,Non-Roadway,2013,Yes,No,Daylight,Straight - Level,"Private Road, Driveway",Dry,"Two-Way, Not Divided",None,No Special Feature,Smooth Asphalt,2 lanes,"36.4327572536, -77.645802341"
7001,Rocky Mount,Nash,Coastal,Commercial,Urban (>70% Developed),NA,Urban,30 - 35  MPH,No Control Present,Clear,No,41,40-49,No,NA,With Traffic,C: Possible Injury,NA,Black,Male,36,30-39,No,NA,21-25 mph,O: No Injury,Black,Male,Passenger Car,No,18JUL2007,Wednesday,Motorist Right Turn / Merge,13,Non-Intersection,July,C: Possible Injury,13:01:00,Motorist Right Turn - Same Direction,2007,Yes,No,Daylight,Straight - Level,Local Street,Dry,"Two-Way, Not Divided",None,No Special Feature,Coarse Asphalt,2 lanes,"35.931335141, -77.8124723652"
7009,Charlotte,Mecklenburg,Piedmont,Commercial,Urban (>70% Developed),NA,Urban,20 - 25  MPH,No Control Present,Clear,No,17,16-19,No,NA,Facing Traffic,C: Possible Injury,Sidewalk / Crosswalk / Driveway Crossing,Black,Male,59,50-59,No,NA,0-5 mph,O: No Injury,Black,Male,Passenger Car,No,20OCT2007,Saturday,Motorist Failed to Yield - Midblock,14,Non-Intersection,October,C: Possible Injury,14:07:00,Motorist Drive Out - Commercial Driveway / Alley,2007,Yes,No,Daylight,Straight - Level,Public Vehicular Area,Dry,"Two-Way, Divided, Unprotected Median",None,"Driveway, Public",Concrete,NA,"35.2106928767, -80.9048932596"
7011,None - Rural Crash,Guilford,Piedmont,Residential,Urban (>70% Developed),NA,Rural,40 - 45  MPH,"Double Yellow Line, No Passing Zone",Clear,No,19,16-19,No,NA,With Traffic,B: Evident Injury,Travel Lane,White,Male,NA,NA,No,NA,41-45 mph,Unknown Injury,Unknown/Missing,NA,NA,No,15JUL2007,Sunday,Motorist Overtaking Bicyclist,21,Non-Intersection,July,B: Evident Injury,21:00:00,Motorist Overtaking - Other / Unknown,2007,Yes,Yes,Dark - Roadway Not Lighted,Straight - Level,State Secondary Route,Dry,"Two-Way, Not Divided",None,"Driveway, Private",Coarse Asphalt,2 lanes,"36.0657111032, -79.6713829366"
7012,None - Rural Crash,Mcdowell,Mountains,"Farms, Woods, Pastures",Rural (<30% Developed),NA,Rural,50 - 55  MPH,"Double Yellow Line, No Passing Zone",Clear,No,20,20-24,No,NA,With Traffic,B: Evident Injury,Travel Lane,White,Female,52,50-59,No,NA,51-55 mph,O: No Injury,White,Male,Motorcycle,No,15JUL2007,Sunday,Head-On,9,Non-Intersection,July,B: Evident Injury,09:30:00,Head-On - Bicyclist,2007,Yes,No,Daylight,Curve - Grade,NC Route,Dry,"Two-Way, Not Divided",None,No Special Feature,Smooth Asphalt,2 lanes,"35.7632399461, -82.1580536632"
7014,Raleigh,Wake,Piedmont,Commercial,Urban (>70% Developed),NA,Urban,30 - 35  MPH,No Control Present,Clear,No,7,6-10,Yes,NA,Not Applicable,B: Evident Injury,Driveway / Alley,Black,Male,54,50-59,No,NA,0-5 mph,O: No Injury,Black,Male,Van,Yes,16JUL2007,Monday,Bicyclist Failed to Yield - Midblock,18,Non-Intersection,July,B: Evident Injury,18:19:00,Bicyclist Ride Out - Residential Driveway,2007,Yes,No,Daylight,Straight - Level,Local Street,Dry,"Two-Way, Not Divided",None,No Special Feature,Smooth Asphalt,2 lanes,"35.7695650782, -78.6234826037"
7016,Rocky Mount,Nash,Coastal,Residential,Urban (>70% Developed),NA,Urban,30 - 35  MPH,No Control Present,Cloudy,No,12,11-15,No,NA,Not Applicable,C: Possible Injury,NA,Black,Male,NA,NA,Missing,NA,NA,Unknown Injury,Unknown/Missing,NA,NA,No,17JUL2007,Tuesday,Bicyclist Failed to Yield - Midblock,17,Non-Intersection,July,C: Possible Injury,17:57:00,Bicyclist Ride Out - Midblock - Unknown,2007,Yes,Yes,Daylight,Straight - Level,Local Street,Dry,"Two-Way, Not Divided",None,No Special Feature,Smooth Asphalt,2 lanes,"35.9270091405, -77.8048723635"
7027,Norwood,Stanly,Piedmont,Residential,Urban (>70% Developed),NA,Rural,20 - 25  MPH,Stop Sign,Clear,No,5,0-5,No,NA,With Traffic,C: Possible Injury,Travel Lane,Black,Male,48,40-49,No,NA,21-25 mph,O: No Injury,White,Female,Passenger Car,No,21JUL2007,Saturday,Bicyclist Failed to Yield - Sign-Controlled Intersection,13,Intersection,July,C: Possible Injury,13:10:00,Bicyclist Ride Through - Sign-Controlled Intersection,2007,Yes,No,Daylight,Straight - Hillcrest,Local Street,Dry,"Two-Way, Not Divided",None,T-Intersection,Coarse Asphalt,2 lanes,"35.2301209088, -80.1286570281"
7028,Raleigh,Wake,Piedmont,Commercial,Urban (>70% Developed),NA,Urban,40 - 45  MPH,Stop And Go Signal,Clear,No,51,50-59,No,NA,Facing Traffic,C: Possible Injury,Sidewalk / Crosswalk / Driveway Crossing,Black,Male,59,50-59,No,NA,0-5 mph,O: No Injury,White,Male,Passenger Car,No,21JUL2007,Saturday,Bicyclist Failed to Yield - Signalized Intersection,8,Intersection,July,C: Possible Injury,08:53:00,Bicyclist Ride Out - Signalized  Intersection,2007,Yes,No,Daylight,Straight - Level,Local Street,Dry,"Two-Way, Divided, Unprotected Median",None,Four-Way Intersection,Smooth Asphalt,5 lanes,"35.7698670779, -78.6145426009"
7033,Asheville,Buncombe,Mountains,Residential,Urban (>70% Developed),NA,Urban,30 - 35  MPH,Stop Sign,Clear,No,37,30-39,No,NA,With Traffic,B: Evident Injury,Travel Lane,White,Male,23,20-24,No,NA,11-15 mph,O: No Injury,Black,Male,Passenger Car,No,22JUL2007,Sunday,Motorist Failed to Yield - Sign-Controlled Intersection,12,Intersection,July,B: Evident Injury,12:21:00,Motorist Drive Out - Sign-Controlled Intersection,2007,No,No,Daylight,Curve - Grade,Local Street,Dry,"Two-Way, Divided, Unprotected Median",None,No Special Feature,Smooth Asphalt,2 lanes,"35.6005548977, -82.5407297668"
7034,None - Rural Crash,Alamance,Piedmont,"Farms, Woods, Pastures",Rural (<30% Developed),NA,Rural,50 - 55  MPH,"Double Yellow Line, No Passing Zone",Clear,No,12,11-15,No,NA,Not Applicable,B: Evident Injury,Driveway / Alley,Black,Male,58,50-59,No,NA,41-45 mph,O: No Injury,Hispanic,Male,Van,No,23JUL2007,Monday,Bicyclist Failed to Yield - Midblock,17,Non-Intersection,July,B: Evident Injury,17:45:00,Bicyclist Ride Out - Residential Driveway,2007,Yes,No,Daylight,Straight - Level,NC Route,Dry,"Two-Way, Not Divided",None,"Driveway, Private",Smooth Asphalt,2 lanes,"36.0249631068, -79.3405488341"
7037,Plymouth,Washington,Coastal,Residential,Mixed (30% To 70% Developed),NA,Rural,NA,No Control Present,Clear,No,44,40-49,Yes,NA,NA,B: Evident Injury,Travel Lane,Black,Male,29,25-29,No,NA,NA,O: No Injury,White,Male,Sport Utility,Yes,23JUL2007,Monday,Bicyclist Failed to Yield - Sign-Controlled Intersection,19,Intersection,July,B: Evident Injury,19:59:00,Bicyclist Ride Through - Sign-Controlled Intersection,2007,Yes,No,Daylight,NA,Local Street,Wet,NA,None,No Special Feature,NA,NA,"35.8592571614, -76.7496120376"
7043,Elon College,Alamance,Piedmont,Commercial,Urban (>70% Developed),NA,Urban,30 - 35  MPH,Stop And Go Signal,Clear,No,30,30-39,Yes,NA,With Traffic,B: Evident Injury,Travel Lane,White,Male,69,60-69,No,NA,11-15 mph,O: No Injury,White,Female,Van,Yes,25JUL2007,Wednesday,Motorist Left Turn / Merge,23,Intersection,July,B: Evident Injury,23:05:00,Motorist Left Turn - Opposite Direction,2007,No,No,Dark - Roadway Not Lighted,Straight - Level,Local Street,Dry,"Two-Way, Not Divided",None,No Special Feature,Smooth Asphalt,3 lanes,"36.1028821167, -79.5194878924"
7058,Hickory,Catawba,Piedmont,Commercial,Urban (>70% Developed),NA,Urban,30 - 35  MPH,Stop Sign,Clear,No,58,50-59,No,NA,With Traffic,C: Possible Injury,Travel Lane,White,Male,22,20-24,No,NA,6-10 mph,O: No Injury,White,Male,Pickup,No,27JUL2007,Friday,Bicyclist Left Turn / Merge,16,Intersection,July,C: Possible Injury,16:38:00,Bicyclist Left Turn - Opposite Direction,2007,Yes,No,Daylight,Straight - Level,Local Street,Dry,"Two-Way, Not Divided",None,Four-Way Intersection,Coarse Asphalt,2 lanes,"35.701811966, -81.2887834013"
7059,Grantsboro,Pamlico,Coastal,Commercial,Mixed (30% To 70% Developed),NA,Rural,40 - 45  MPH,No Control Present,Clear,No,51,50-59,Yes,NA,With Traffic,B: Evident Injury,Travel Lane,Black,Male,45,40-49,No,NA,41-45 mph,O: No Injury,White,Male,Sport Utility,Yes,28JUL2007,Saturday,Motorist Overtaking Bicyclist,21,Non-Intersection,July,B: Evident Injury,21:07:00,Motorist Overtaking - Undetected Bicyclist,2007,No,No,Dark - Roadway Not Lighted,Straight - Level,NC Route,Dry,"Two-Way, Not Divided",Work Zone,No Special Feature,Coarse Asphalt,2 lanes,"35.1401510014, -76.8446920305"
7060,Kannapolis,Cabarrus,Piedmont,Commercial,Urban (>70% Developed),NA,Urban,40 - 45  MPH,No Control Present,Clear,No,57,50-59,No,NA,With Traffic,B: Evident Injury,Travel Lane,Native American,Male,NA,NA,Missing,NA,6-10 mph,Unknown Injury,Unknown/Missing,NA,NA,No,28JUL2007,Saturday,Other / Unusual Circumstances,19,Non-Intersection,July,B: Evident Injury,19:57:00,Motorist Intentionally Caused,2007,Yes,Yes,Daylight,Straight - Level,Local Street,Dry,"Two-Way, Not Divided",None,No Special Feature,Smooth Asphalt,4 lanes,"35.5033369494, -80.6118831878"
7073,None - Rural Crash,Dare,Coastal,Commercial,Urban (>70% Developed),NA,Rural,30 - 35  MPH,No Control Present,Clear,No,38,30-39,No,NA,With Traffic,B: Evident Injury,Bike Lane / Paved Shoulder,White,Female,70+,70+,No,NA,0-5 mph,O: No Injury,White,Male,Pickup,No,31JUL2007,Tuesday,Motorist Failed to Yield - Midblock,16,Non-Intersection,July,B: Evident Injury,16:18:00,Motorist Drive Out - Commercial Driveway / Alley,2007,Yes,No,Daylight,Straight - Level,NC Route,Dry,"Two-Way, Not Divided",None,"Driveway, Public",Coarse Asphalt,2 lanes,"35.3445430893, -75.5040916294"
7077,Hickory,Catawba,Piedmont,Commercial,Urban (>70% Developed),NA,Urban,40 - 45  MPH,No Control Present,Clear,No,58,50-59,No,NA,With Traffic,B: Evident Injury,Travel Lane,White,Male,56,50-59,No,NA,36-40 mph,O: No Injury,White,Male,Van,No,31JUL2007,Tuesday,Motorist Overtaking Bicyclist,21,Non-Intersection,July,B: Evident Injury,21:35:00,Motorist Overtaking - Bicyclist Swerved,2007,Yes,No,Dark - Lighted Roadway,Straight - Grade,Local Street,Dry,"Two-Way, Not Divided",None,No Special Feature,Coarse Asphalt,5 lanes,"35.7266989706, -81.3232074122"
7080,Monroe,Union,Piedmont,Commercial,Urban (>70% Developed),NA,Urban,30 - 35  MPH,Stop And Go Signal,Clear,No,19,16-19,No,NA,Facing Traffic,C: Possible Injury,Sidewalk / Crosswalk / Driveway Crossing,Black,Male,16,0-19,No,NA,0-5 mph,O: No Injury,Black,Female,Passenger Car,No,01AUG2007,Wednesday,Loss of Control / Turning Error,15,Intersection,August,C: Possible Injury,15:47:00,Bicyclist Lost Control - Mechanical Problems,2007,Yes,No,Daylight,Straight - Level,Local Street,Dry,"Two-Way, Not Divided",None,Four-Way Intersection,Smooth Asphalt,2 lanes,"34.9814448408, -80.5438731393"
7113,Raleigh,Wake,Piedmont,Residential,Urban (>70% Developed),NA,Urban,40 - 45  MPH,No Control Present,Clear,No,31,30-39,No,NA,With Traffic,C: Possible Injury,Travel Lane,White,Male,NA,NA,Missing,NA,16-20 mph,Unknown Injury,Unknown/Missing,NA,NA,No,12AUG2007,Sunday,Motorist Overtaking Bicyclist,18,Non-Intersection,August,C: Possible Injury,18:45:00,Motorist Overtaking - Other / Unknown,2007,Yes,Yes,Daylight,Straight - Level,Local Street,Dry,"Two-Way, Divided, Unprotected Median",None,No Special Feature,Smooth Asphalt,4 lanes,"35.8556550982, -78.5752225934"
7119,Greenville,Pitt,Coastal,Institutional,Urban (>70% Developed),NA,Urban,5 - 15 MPH,No Control Present,Clear,No,20,20-24,No,NA,NA,B: Evident Injury,Non-Roadway,White,Female,NA,NA,Missing,NA,0-5 mph,Unknown Injury,Unknown/Missing,NA,NA,No,13AUG2007,Monday,Non-Roadway,15,Non-Roadway,August,B: Evident Injury,15:00:00,Non-Roadway,2007,No,Yes,Daylight,Curve - Level,Public Vehicular Area,Dry,"Two-Way, Not Divided",None,"Driveway, Public",Smooth Asphalt,1 lane,"35.6068030861, -77.3694622141"
7121,High Point,Guilford,Piedmont,Residential,Urban (>70% Developed),NA,Urban,30 - 35  MPH,Stop Sign,Clear,No,20,20-24,No,NA,With Traffic,B: Evident Injury,Travel Lane,White,Male,61,60-69,No,NA,21-25 mph,O: No Injury,White,Female,Sport Utility,No,13AUG2007,Monday,Bicyclist Failed to Yield - Sign-Controlled Intersection,14,Intersection,August,B: Evident Injury,14:22:00,Bicyclist Ride Through - Sign-Controlled Intersection,2007,Yes,No,Daylight,Straight - Level,Local Street,Dry,"Two-Way, Not Divided",None,T-Intersection,Smooth Asphalt,2 lanes,"35.9415010652, -80.0028930294"
7140,Havelock,Craven,Coastal,Commercial,Urban (>70% Developed),NA,Urban,40 - 45  MPH,No Control Present,Clear,No,14,11-15,No,NA,With Traffic,O: No Injury,Travel Lane,Black,Male,70+,70+,No,NA,16-20 mph,O: No Injury,White,Male,Passenger Car,No,18AUG2007,Saturday,Parallel Paths - Other Circumstances,14,Non-Intersection,August,O: No Injury,14:47:00,Parallel Paths - Other / Unknown,2007,Yes,No,Daylight,Straight - Level,State Secondary Route,Dry,"Two-Way, Not Divided",None,No Special Feature,Smooth Asphalt,2 lanes,"34.9057769473, -76.9335720463"
7144,Asheboro,Randolph,Piedmont,Residential,Urban (>70% Developed),NA,Urban,40 - 45  MPH,"Double Yellow Line, No Passing Zone",Clear,No,14,11-15,No,NA,Not Applicable,B: Evident Injury,Driveway / Alley,Black,Female,68,60-69,No,NA,41-45 mph,O: No Injury,White,Male,Passenger Car,No,19AUG2007,Sunday,Bicyclist Failed to Yield - Midblock,17,Non-Intersection,August,B: Evident Injury,17:01:00,Bicyclist Ride Out - Commercial Driveway / Alley,2007,Yes,No,Daylight,Straight - Level,US Route,Dry,"Two-Way, Not Divided",None,"Driveway, Private",Smooth Asphalt,2 lanes,"35.6580370118, -79.8214329593"
7145,Durham,Durham,Piedmont,Residential,Mixed (30% To 70% Developed),NA,Urban,30 - 35  MPH,No Control Present,Clear,No,70+,70+,No,NA,With Traffic,B: Evident Injury,Travel Lane,White,Male,34,30-39,No,NA,31-35 mph,O: No Injury,Asian,Female,Passenger Car,No,27NOV2007,Tuesday,Motorist Right Turn / Merge,9,Non-Intersection,November,B: Evident Injury,09:45:00,Motorist Right Turn - Same Direction,2007,Yes,No,Daylight,Straight - Hillcrest,Local Street,Dry,"Two-Way, Not Divided",None,No Special Feature,Coarse Asphalt,2 lanes,"36.0128571186, -78.948142715"
7155,Greensboro,Guilford,Piedmont,Residential,Urban (>70% Developed),NA,Urban,30 - 35  MPH,No Control Present,Cloudy,No,10,6-10,No,NA,Facing Traffic,B: Evident Injury,Travel Lane,Black,Female,23,20-24,No,NA,21-25 mph,O: No Injury,Black,Female,Passenger Car,No,22AUG2007,Wednesday,Crossing Paths - Other Circumstances,12,Intersection,August,B: Evident Injury,12:05:00,Crossing Paths - Intersection - Other / Unknown,2007,Yes,No,Daylight,Straight - Level,Local Street,Dry,"Two-Way, Not Divided",None,T-Intersection,Coarse Asphalt,3 lanes,"36.1463431162, -79.7851529756"
7156,None - Rural Crash,Cumberland,Coastal,Commercial,Mixed (30% To 70% Developed),NA,Rural,40 - 45  MPH,No Control Present,Clear,No,12,11-15,No,NA,With Traffic,C: Possible Injury,Travel Lane,Black,Male,68,60-69,No,NA,41-45 mph,O: No Injury,White,Male,Passenger Car,No,23AUG2007,Thursday,Bicyclist Left Turn / Merge,15,Non-Intersection,August,C: Possible Injury,15:17:00,Bicyclist Left Turn - Same Direction,2007,Yes,No,Daylight,Straight - Hillcrest,State Secondary Route,Dry,"Two-Way, Not Divided",None,No Special Feature,Smooth Asphalt,5 lanes,"35.0102989025, -78.9523826631"
7160,Boone,Watauga,Mountains,Commercial,Urban (>70% Developed),NA,Urban,30 - 35  MPH,Stop And Go Signal,Cloudy,No,20,20-24,No,NA,With Traffic,B: Evident Injury,Travel Lane,White,Male,29,25-29,No,NA,16-20 mph,O: No Injury,White,Male,Sport Utility,No,24AUG2007,Friday,Bicyclist Overtaking Motorist,16,Intersection-Related,August,B: Evident Injury,16:59:00,Bicyclist Overtaking - Other / Unknown,2007,Yes,No,Daylight,Straight - Level,NC Route,Wet,"Two-Way, Not Divided",None,Four-Way Intersection,Smooth Asphalt,7 lanes,"36.2055390569, -81.6696935439"
7162,Raleigh,Wake,Piedmont,Commercial,Urban (>70% Developed),NA,Urban,40 - 45  MPH,No Control Present,Clear,No,65,60-69,No,NA,With Traffic,A: Disabling Injury,Travel Lane,Black,Male,NA,NA,Missing,NA,41-45 mph,Unknown Injury,Unknown/Missing,NA,NA,No,18AUG2007,Saturday,Motorist Overtaking Bicyclist,1,Intersection,August,A: Disabling Injury,01:27:00,Motorist Overtaking - Undetected Bicyclist,2007,Yes,Yes,Dark - Lighted Roadway,Straight - Grade,Local Street,Dry,"Two-Way, Divided, Unprotected Median",None,On or Off Ramp,Smooth Asphalt,6 lanes,"35.812177088, -78.6092426013"
7164,Wilson,Wilson,Coastal,Residential,Urban (>70% Developed),NA,Urban,30 - 35  MPH,No Control Present,Clear,No,10,6-10,No,NA,With Traffic,B: Evident Injury,Travel Lane,White,Male,20,20-24,No,NA,31-35 mph,O: No Injury,White,Male,Passenger Car,No,21AUG2007,Tuesday,Bicyclist Left Turn / Merge,17,Non-Intersection,August,B: Evident Injury,17:13:00,Bicyclist Left Turn - Same Direction,2007,Yes,No,Daylight,Curve - Level,Local Street,Dry,"Two-Way, Not Divided",None,No Special Feature,Smooth Asphalt,2 lanes,"35.7348020951, -77.9281723906"
7165,Raleigh,Wake,Piedmont,Residential,Urban (>70% Developed),NA,Urban,30 - 35  MPH,Stop Sign,Clear,No,22,20-24,No,NA,With Traffic,C: Possible Injury,Travel Lane,White,Female,37,30-39,No,NA,21-25 mph,O: No Injury,White,Female,Passenger Car,No,23AUG2007,Thursday,Motorist Failed to Yield - Sign-Controlled Intersection,20,Intersection,August,C: Possible Injury,20:07:00,Motorist Drive Out - Sign-Controlled Intersection,2007,No,No,Dark - Roadway Not Lighted,Straight - Level,Local Street,Dry,"Two-Way, Divided, Unprotected Median",None,Four-Way Intersection,Concrete,2 lanes,"35.7931440815, -78.6730426204"
7166,Charlotte,Mecklenburg,Piedmont,Residential,Urban (>70% Developed),NA,Urban,20 - 25  MPH,No Control Present,Clear,No,9,6-10,No,NA,NA,C: Possible Injury,Non-Roadway,Black,Female,24,20-24,No,NA,0-5 mph,O: No Injury,Hispanic,Male,Sport Utility,No,01DEC2007,Saturday,Non-Roadway,15,Non-Roadway,December,C: Possible Injury,15:20:00,Non-Roadway,2007,Yes,No,Daylight,Straight - Level,Public Vehicular Area,Dry,"Two-Way, Not Divided",None,No Special Feature,Smooth Asphalt,NA,"35.3049918988, -80.8473432478"
7167,None - Rural Crash,Orange,Piedmont,"Farms, Woods, Pastures",Rural (<30% Developed),NA,Rural,50 - 55  MPH,"Double Yellow Line, No Passing Zone",Clear,No,30,30-39,No,NA,With Traffic,B: Evident Injury,Travel Lane,White,Female,25,25-29,No,NA,46-50 mph,O: No Injury,White,Female,Passenger Car,No,25AUG2007,Saturday,Motorist Overtaking Bicyclist,9,Non-Intersection,August,B: Evident Injury,09:22:00,Motorist Overtaking - Other / Unknown,2007,Yes,No,Daylight,Curve - Hillcrest,State Secondary Route,Dry,"Two-Way, Not Divided",None,No Special Feature,Smooth Asphalt,2 lanes,"36.0803271286, -79.0587727527"
7174,None - Rural Crash,New Hanover,Coastal,"Farms, Woods, Pastures",Rural (<30% Developed),NA,Rural,50 - 55  MPH,No Control Present,Clear,No,15,11-15,No,NA,With Traffic,B: Evident Injury,Travel Lane,White,Male,29,25-29,No,NA,51-55 mph,O: No Injury,White,Male,Sport Utility,No,29AUG2007,Wednesday,Bicyclist Left Turn / Merge,16,Non-Intersection,August,B: Evident Injury,16:19:00,Bicyclist Left Turn - Same Direction,2007,Yes,No,Daylight,Straight - Level,US Route,Dry,"Two-Way, Divided, Unprotected Median",None,No Special Feature,Coarse Asphalt,4 lanes,"34.0510367266, -77.8997922998"
7182,Conetoe,Edgecombe,Coastal,Residential,Urban (>70% Developed),NA,Rural,30 - 35  MPH,Stop Sign,Clear,No,9,6-10,No,NA,With Traffic,C: Possible Injury,Travel Lane,Black,Male,26,25-29,No,NA,31-35 mph,O: No Injury,Black,Male,Sport Utility,No,01SEP2007,Saturday,Bicyclist Failed to Yield - Sign-Controlled Intersection,19,Intersection,September,C: Possible Injury,19:06:00,Bicyclist Ride Through - Sign-Controlled Intersection,2007,Yes,No,Daylight,Straight - Level,State Secondary Route,Dry,"Two-Way, Not Divided",None,Four-Way Intersection,Coarse Asphalt,2 lanes,"35.8198271287, -77.4615572525"
7183,None - Rural Crash,Hertford,Coastal,Residential,Mixed (30% To 70% Developed),NA,Rural,40 - 45  MPH,"Double Yellow Line, No Passing Zone",Clear,No,21,20-24,No,NA,With Traffic,K: Killed,Travel Lane,Black,Male,19,0-19,No,NA,56-60 mph,B: Evident Injury,Black,Male,Passenger Car,No,01SEP2007,Saturday,Head-On,22,Non-Intersection,September,K: Killed,22:50:00,Head-On - Motorist,2007,Yes,No,Daylight,Straight - Level,State Secondary Route,Dry,"Two-Way, Not Divided",None,"Driveway, Public",Coarse Asphalt,2 lanes,"36.4372672729, -77.1185021805"
7187,Fayetteville,Cumberland,Coastal,Residential,Urban (>70% Developed),NA,Urban,NA,Stop Sign,Clear,No,20,20-24,No,NA,With Traffic,O: No Injury,NA,White,Male,NA,NA,Missing,NA,NA,Unknown Injury,Unknown/Missing,NA,NA,No,21AUG2007,Tuesday,Motorist Failed to Yield - Sign-Controlled Intersection,8,Intersection,August,O: No Injury,08:45:00,Motorist Drive Out - Sign-Controlled Intersection,2007,No,Yes,Daylight,Curve - Hillcrest,Local Street,Dry,"Two-Way, Not Divided",None,T-Intersection,Coarse Asphalt,4 lanes,"35.0620949151, -78.9186276556"