object_id,city,county,region,development,locality,on_road,rural_urban,speed_limit,traffic_control,weather,workzone,bike_age,bike_age_group,bike_alcohol,bike_alcohol_drugs,bike_direction,bike_injury,bike_position,bike_race,bike_sex,driver_age,driver_age_group,driver_alcohol,driver_alcohol_drugs,driver_est_speed,driver_injury,driver_race,driver_sex,driver_vehicle_type,crash_alcohol,crash_date,crash_day,crash_group,crash_hour,crash_location,crash_month,crash_severity,crash_time,crash_type,crash_year,ambulance_req,hit_run,light_condition,road_character,road_class,road_condition,road_configuration,road_defects,road_feature,road_surface,num_lanes,geo_point
7188,Charlotte,Mecklenburg,Piedmont,Commercial,Urban (>70% Developed),NA,Urban,30 - 35  MPH,Stop And Go Signal,Clear,No,14,11-15,No,NA,NA,B: Evident Injury,NA,Black,Male,23,20-24,No,NA,0-5 mph,O: No Injury,Black,Female,Passenger Car,No,07DEC2007,Friday,Other / Unknown - Insufficient Details,21,Intersection-Related,December,B: Evident Injury,21:13:00,Unknown Approach Paths,2007,Yes,No,Dark - Lighted Roadway,Straight - Level,Local Street,Dry,"Two-Way, Divided, Unprotected Median",None,Four-Way Intersection,Smooth Asphalt,2 lanes,"35.2682448902, -80.8538832468"
7190,Washington,Beaufort,Coastal,Commercial,Urban (>70% Developed),NA,Urban,30 - 35  MPH,No Control Present,Clear,Yes,27,25-29,No,NA,Facing Traffic,B: Evident Injury,Travel Lane,White,Male,24,20-24,No,NA,0-5 mph,O: No Injury,White,Female,Sport Utility,No,03SEP2007,Monday,Motorist Failed to Yield - Midblock,14,Non-Intersection,September,B: Evident Injury,14:51:00,Motorist Drive Out - Commercial Driveway / Alley,2007,Yes,No,Daylight,Straight - Level,Local Street,Dry,"Two-Way, Not Divided",None,No Special Feature,Coarse Asphalt,4 lanes,"35.563590087, -77.0623321183"
7191,Statesville,Iredell,Piedmont,Residential,Urban (>70% Developed),NA,Urban,30 - 35  MPH,Flashing Signal With Stop Sign,Clear,No,17,16-19,No,NA,Facing Traffic,B: Evident Injury,Multi-use Path,Black,Male,51,50-59,No,NA,31-35 mph,O: No Injury,White,Female,Passenger Car,No,03SEP2007,Monday,Motorist Failed to Yield - Sign-Controlled Intersection,17,Intersection,September,B: Evident Injury,17:59:00,Motorist Drive Out - Sign-Controlled Intersection,2007,Yes,No,Dusk,Straight - Level,Local Street,Dry,"Two-Way, Not Divided",None,Four-Way Intersection,Smooth Asphalt,2 lanes,"35.7993670017, -80.8907532875"
7199,None - Rural Crash,Craven,Coastal,Commercial,Urban (>70% Developed),NA,Rural,50 - 55  MPH,Stop And Go Signal,Clear,No,12,11-15,Yes,NA,NA,C: Possible Injury,NA,White,Male,31,30-39,No,NA,0-5 mph,O: No Injury,White,Male,Pickup,Yes,06SEP2007,Thursday,Bicyclist Failed to Yield - Signalized Intersection,18,Intersection,September,C: Possible Injury,18:14:00,Bicyclist Ride Out - Signalized  Intersection,2007,No,No,Daylight,Straight - Grade,US Route,Dry,"Two-Way, Divided, Unprotected Median",None,Four-Way Intersection,Coarse Asphalt,4 lanes,"35.0816219831, -77.0311020849"
7202,Wilmington,New Hanover,Coastal,Residential,Urban (>70% Developed),NA,Urban,20 - 25  MPH,No Control Present,Clear,No,34,30-39,Yes,NA,NA,B: Evident Injury,NA,Black,Male,29,25-29,Yes,NA,21-25 mph,O: No Injury,White,Male,Passenger Car,Yes,26AUG2007,Sunday,Other / Unknown - Insufficient Details,4,Non-Intersection,August,B: Evident Injury,04:06:00,Unknown Approach Paths,2007,Yes,No,Dark - Lighted Roadway,Straight - Level,Local Street,Dry,"Two-Way, Not Divided",None,No Special Feature,Smooth Asphalt,2 lanes,"34.2361217674, -77.9023523093"
7204,None - Rural Crash,Halifax,Coastal,Residential,Mixed (30% To 70% Developed),NA,Rural,40 - 45  MPH,"Double Yellow Line, No Passing Zone",Clear,No,14,11-15,No,NA,With Traffic,C: Possible Injury,Travel Lane,Black,Male,NA,NA,Missing,NA,NA,Unknown Injury,Unknown/Missing,NA,NA,No,01SEP2007,Saturday,Motorist Overtaking Bicyclist,12,Non-Intersection,September,C: Possible Injury,12:09:00,Motorist Overtaking - Misjudged Space,2007,No,Yes,Daylight,Curve - Level,State Secondary Route,Dry,"Two-Way, Not Divided",None,No Special Feature,Smooth Asphalt,2 lanes,"36.409587247, -77.6877083533"
7205,Morganton,Burke,Mountains,Commercial,Urban (>70% Developed),NA,Urban,40 - 45  MPH,Stop And Go Signal,Clear,No,39,30-39,No,NA,With Traffic,B: Evident Injury,NA,White,Male,52,50-59,No,NA,0-5 mph,O: No Injury,White,Female,Sport Utility,No,31AUG2007,Friday,Motorist Right Turn / Merge,16,Intersection,August,B: Evident Injury,16:56:00,Motorist Right Turn - Same Direction,2007,No,No,Daylight,Straight - Grade,Local Street,Dry,"Two-Way, Divided, Unprotected Median",None,T-Intersection,Coarse Asphalt,5 lanes,"35.7353009588, -81.6753335181"
7206,None - Rural Crash,Orange,Piedmont,"Farms, Woods, Pastures",Mixed (30% To 70% Developed),NA,Rural,30 - 35  MPH,No Control Present,Clear,No,34,30-39,No,NA,With Traffic,B: Evident Injury,Travel Lane,White,Male,18,0-19,No,NA,11-15 mph,O: No Injury,White,Female,Passenger Car,No,12OCT2007,Friday,Motorist Left Turn / Merge,17,Non-Intersection,October,B: Evident Injury,17:10:00,Motorist Left Turn - Opposite Direction,2007,Yes,No,Daylight,Straight - Grade,State Secondary Route,Dry,"Two-Way, Not Divided",None,"Driveway, Private",Smooth Asphalt,2 lanes,"35.9903901087, -79.0729827518"
7207,Erwin,Harnett,Coastal,Commercial,Urban (>70% Developed),NA,Rural,30 - 35  MPH,No Control Present,Clear,No,14,11-15,No,NA,Not Applicable,B: Evident Injury,Non-Roadway,Black,Male,16,0-19,No,NA,11-15 mph,O: No Injury,White,Male,Passenger Car,No,05SEP2007,Wednesday,Bicyclist Failed to Yield - Signalized Intersection,14,Intersection-Related,September,B: Evident Injury,14:51:00,Bicyclist Ride Out - Signalized  Intersection,2007,No,No,Daylight,Straight - Level,Local Street,Dry,"Two-Way, Not Divided",None,"Driveway, Private",Coarse Asphalt,2 lanes,"35.3353069827, -78.6726625962"
7208,Rocky Mount,Edgecombe,Coastal,Residential,Urban (>70% Developed),NA,Urban,30 - 35  MPH,Stop Sign,Clear,No,10,6-10,No,NA,With Traffic,C: Possible Injury,Travel Lane,Black,Female,62,60-69,No,NA,16-20 mph,O: No Injury,Black,Male,Van,No,29AUG2007,Wednesday,Loss of Control / Turning Error,16,Intersection,August,C: Possible Injury,16:02:00,Bicyclist Turning Error - Right Turn,2007,No,No,Daylight,Straight - Level,Local Street,Dry,"Two-Way, Not Divided",None,Four-Way Intersection,Smooth Asphalt,2 lanes,"35.9354321431, -77.7827173572"
7209,None - Rural Crash,Pitt,Coastal,"Farms, Woods, Pastures",Rural (<30% Developed),NA,Rural,50 - 55  MPH,No Control Present,Clear,No,36,30-39,No,NA,With Traffic,B: Evident Injury,Travel Lane,White,Male,38,30-39,No,NA,16-20 mph,O: No Injury,White,Female,Passenger Car,No,06OCT2007,Saturday,Motorist Left Turn / Merge,10,Intersection,October,B: Evident Injury,10:17:00,Motorist Left Turn - Opposite Direction,2007,Yes,No,Daylight,Straight - Level,State Secondary Route,Dry,"Two-Way, Not Divided",None,T-Intersection,Smooth Asphalt,2 lanes,"35.5221590703, -77.3019281892"
7212,Charlotte,Mecklenburg,Piedmont,Commercial,Urban (>70% Developed),NA,Urban,30 - 35  MPH,Stop And Go Signal,Clear,Yes,51,50-59,No,NA,Facing Traffic,C: Possible Injury,Sidewalk / Crosswalk / Driveway Crossing,White,Male,38,30-39,No,NA,26-30 mph,O: No Injury,White,Male,Passenger Car,No,12DEC2007,Wednesday,Motorist Left Turn / Merge,10,Intersection,December,C: Possible Injury,10:34:00,Motorist Left Turn - Same Direction,2007,No,No,Daylight,Straight - Level,Local Street,Dry,"Two-Way, Not Divided",None,Four-Way Intersection,Smooth Asphalt,4 lanes,"35.2229528815, -80.8379132401"
7215,New Bern,Craven,Coastal,Commercial,Urban (>70% Developed),NA,Urban,40 - 45  MPH,Stop And Go Signal,Clear,No,42,40-49,No,NA,Facing Traffic,C: Possible Injury,Travel Lane,Hispanic,Male,31,30-39,No,NA,NA,O: No Injury,Other,Female,Sport Utility,No,07SEP2007,Friday,Motorist Failed to Yield - Signalized Intersection,15,Intersection,September,C: Possible Injury,15:26:00,Motorist Drive Out - Right Turn on Red,2007,Yes,No,Daylight,Straight - Level,US Route,Dry,"Two-Way, Not Divided",None,Four-Way Intersection,Smooth Asphalt,4 lanes,"35.113386988, -77.096352106"
7218,None - Rural Crash,New Hanover,Coastal,Residential,Urban (>70% Developed),NA,Rural,30 - 35  MPH,Stop And Go Signal,Clear,No,37,30-39,No,NA,Facing Traffic,C: Possible Injury,Sidewalk / Crosswalk / Driveway Crossing,Black,Male,52,50-59,No,NA,0-5 mph,O: No Injury,Black,Male,Passenger Car,No,07SEP2007,Friday,Motorist Failed to Yield - Signalized Intersection,13,Intersection,September,C: Possible Injury,13:26:00,Motorist Drive Out - Right Turn on Red,2007,Yes,No,Daylight,Straight - Grade,Local Street,Dry,"Two-Way, Divided, Unprotected Median",None,Traffic Circle/Roundabout,Coarse Asphalt,4 lanes,"34.2358667668, -77.9431863207"
7220,Greensboro,Guilford,Piedmont,Residential,Urban (>70% Developed),NA,Urban,30 - 35  MPH,Stop Sign,Clear,No,9,6-10,No,NA,With Traffic,B: Evident Injury,Travel Lane,Black,Male,20,20-24,No,NA,26-30 mph,O: No Injury,Black,Male,Passenger Car,No,08SEP2007,Saturday,Loss of Control / Turning Error,14,Intersection,September,B: Evident Injury,14:03:00,Bicyclist Lost Control - Mechanical Problems,2007,Yes,No,Daylight,Straight - Level,Local Street,Dry,"Two-Way, Not Divided",None,T-Intersection,Smooth Asphalt,2 lanes,"36.0588970967, -79.806352977"
7222,New Bern,Craven,Coastal,Commercial,Urban (>70% Developed),NA,Urban,30 - 35  MPH,No Control Present,Cloudy,No,23,20-24,No,NA,With Traffic,B: Evident Injury,Travel Lane,Hispanic,Female,70+,70+,No,NA,0-5 mph,O: No Injury,White,Male,Passenger Car,No,09SEP2007,Sunday,Bicyclist Overtaking Motorist,10,Non-Intersection,September,B: Evident Injury,10:23:00,Bicyclist Overtaking - Other / Unknown,2007,No,No,Daylight,Straight - Level,Local Street,Dry,"Two-Way, Not Divided",None,No Special Feature,Smooth Asphalt,2 lanes,"35.1079669878, -77.049542092"
7224,None - Rural Crash,Rockingham,Piedmont,"Farms, Woods, Pastures",Rural (<30% Developed),NA,Rural,40 - 45  MPH,"Double Yellow Line, No Passing Zone",Clear,No,16,16-19,No,NA,Facing Traffic,C: Possible Injury,Travel Lane,White,Male,31,30-39,No,NA,NA,O: No Injury,White,Female,Sport Utility,No,10SEP2007,Monday,Motorist Failed to Yield - Sign-Controlled Intersection,21,Intersection,September,C: Possible Injury,21:14:00,Motorist Drive Out - Sign-Controlled Intersection,2007,No,No,Dark - Roadway Not Lighted,Curve - Grade,State Secondary Route,Dry,"Two-Way, Not Divided",None,T-Intersection,Coarse Asphalt,2 lanes,"36.5049971899, -79.8294930093"
7232,Rocky Mount,Nash,Coastal,Residential,Urban (>70% Developed),NA,Urban,30 - 35  MPH,No Control Present,Clear,No,45,40-49,No,NA,Facing Traffic,B: Evident Injury,Travel Lane,Black,Male,32,30-39,No,NA,31-35 mph,O: No Injury,White,Male,Police,No,12SEP2007,Wednesday,Head-On,21,Non-Intersection,September,B: Evident Injury,21:44:00,Head-On - Bicyclist,2007,Yes,No,Dark - Lighted Roadway,Straight - Grade,Local Street,Dry,"One-Way, Not Divided",None,No Special Feature,Smooth Asphalt,2 lanes,"35.9467311448, -77.8037923641"
7234,Sunset Beach,Brunswick,Coastal,Residential,Urban (>70% Developed),NA,Rural,30 - 35  MPH,Stop Sign,Clear,No,14,11-15,No,NA,With Traffic,C: Possible Injury,Travel Lane,White,Male,19,0-19,No,NA,11-15 mph,O: No Injury,White,Female,Sport Utility,No,10SEP2007,Monday,Bicyclist Failed to Yield - Sign-Controlled Intersection,17,Intersection,September,C: Possible Injury,17:35:00,Bicyclist Ride Through - Sign-Controlled Intersection,2007,Yes,No,Daylight,Straight - Level,Local Street,Dry,"Two-Way, Not Divided",None,Four-Way Intersection,Smooth Asphalt,4 lanes,"33.894450673, -78.4913524707"
7240,Kinston,Lenoir,Coastal,Residential,Urban (>70% Developed),NA,Urban,20 - 25  MPH,Stop Sign,Clear,No,52,50-59,Yes,NA,With Traffic,C: Possible Injury,Travel Lane,Black,Male,30,30-39,No,NA,0-5 mph,O: No Injury,Black,Female,Sport Utility,Yes,26DEC2007,Wednesday,Motorist Failed to Yield - Sign-Controlled Intersection,13,Intersection,December,C: Possible Injury,13:31:00,Motorist Drive Out - Sign-Controlled Intersection,2007,No,No,Dark - Roadway Not Lighted,Straight - Level,"Private Road, Driveway",Wet,"Two-Way, Not Divided",None,T-Intersection,Coarse Asphalt,2 lanes,"35.2601370044, -77.5710522583"
7253,None - Rural Crash,Lincoln,Piedmont,Residential,Mixed (30% To 70% Developed),NA,Rural,40 - 45  MPH,No Control Present,Clear,No,54,50-59,No,NA,With Traffic,C: Possible Injury,Travel Lane,White,Male,48,40-49,No,NA,36-40 mph,O: No Injury,White,Female,Passenger Car,No,17SEP2007,Monday,Motorist Overtaking Bicyclist,5,Non-Intersection,September,C: Possible Injury,05:42:00,Motorist Overtaking - Undetected Bicyclist,2007,Yes,No,Dark - Roadway Not Lighted,Straight - Level,NC Route,Dry,"Two-Way, Not Divided",None,No Special Feature,Coarse Asphalt,2 lanes,"35.426426907, -81.3090733916"
7258,Kings Mountain,Cleveland,Mountains,Commercial,Mixed (30% To 70% Developed),NA,Urban,20 - 25  MPH,Stop Sign,Clear,No,16,16-19,No,NA,Facing Traffic,B: Evident Injury,Travel Lane,Black,Male,66,60-69,No,NA,16-20 mph,B: Evident Injury,White,Female,Sport Utility,No,18SEP2007,Tuesday,Bicyclist Failed to Yield - Sign-Controlled Intersection,16,Intersection,September,B: Evident Injury,16:32:00,Bicyclist Ride Through - Sign-Controlled Intersection,2007,Yes,No,Daylight,Straight - Bottom,Local Street,Dry,"Two-Way, Not Divided",None,T-Intersection,Smooth Asphalt,4 lanes,"35.2376548663, -81.3423333911"
7262,Newton,Catawba,Piedmont,Residential,Mixed (30% To 70% Developed),NA,Urban,40 - 45  MPH,"Double Yellow Line, No Passing Zone",Clear,No,13,11-15,No,NA,With Traffic,B: Evident Injury,Travel Lane,White,Male,59,50-59,No,NA,36-40 mph,O: No Injury,White,Male,Police,No,19SEP2007,Wednesday,Motorist Overtaking Bicyclist,19,Non-Intersection,September,B: Evident Injury,19:41:00,Motorist Overtaking - Other / Unknown,2007,Yes,No,Dusk,Straight - Level,NC Route,Dry,"Two-Way, Not Divided",None,No Special Feature,Smooth Asphalt,2 lanes,"35.6470469563, -81.2608433895"
7272,Hickory,Catawba,Piedmont,Residential,Urban (>70% Developed),NA,Urban,5 - 15 MPH,No Control Present,Cloudy,No,45,40-49,No,NA,With Traffic,O: No Injury,Travel Lane,Black,Male,23,20-24,No,NA,0-5 mph,O: No Injury,Black,Male,Passenger Car,No,21SEP2007,Friday,Backing Vehicle,18,Non-Intersection,September,O: No Injury,18:40:00,Backing Vehicle,2007,No,No,Daylight,Straight - Grade,Local Street,Dry,"Two-Way, Not Divided",None,No Special Feature,Coarse Asphalt,2 lanes,"35.7188829685, -81.3398034169"
7276,Gastonia,Gaston,Piedmont,Residential,Urban (>70% Developed),NA,Urban,30 - 35  MPH,No Control Present,Clear,No,41,40-49,No,NA,Facing Traffic,C: Possible Injury,Travel Lane,Black,Male,NA,NA,Missing,NA,31-35 mph,Unknown Injury,Unknown/Missing,NA,NA,No,24SEP2007,Monday,Head-On,4,Non-Intersection,September,C: Possible Injury,04:00:00,Head-On - Bicyclist,2007,Yes,Yes,Dark - Lighted Roadway,Straight - Level,Local Street,Dry,"Two-Way, Not Divided",None,No Special Feature,Smooth Asphalt,2 lanes,"35.2638868766, -81.208013352"
7281,Jacksonville,Onslow,Coastal,Commercial,Urban (>70% Developed),NA,Urban,30 - 35  MPH,No Control Present,Clear,No,53,50-59,No,NA,With Traffic,O: No Injury,Travel Lane,White,Male,60,60-69,No,NA,0-5 mph,O: No Injury,White,Female,Passenger Car,No,26SEP2007,Wednesday,Motorist Failed to Yield - Midblock,0,Non-Intersection,September,O: No Injury,00:56:00,Motorist Drive Out - Commercial Driveway / Alley,2007,No,No,Dark - Lighted Roadway,Straight - Level,Local Street,Dry,"Two-Way, Not Divided",None,No Special Feature,Smooth Asphalt,4 lanes,"34.7443668971, -77.3792621739"
7294,Apex,Wake,Piedmont,Commercial,Urban (>70% Developed),NA,Urban,40 - 45  MPH,Stop And Go Signal,Clear,No,51,50-59,No,NA,With Traffic,C: Possible Injury,Travel Lane,White,Male,20,20-24,No,NA,NA,O: No Injury,White,Female,Passenger Car,No,01OCT2007,Monday,Motorist Left Turn / Merge,18,Intersection,October,C: Possible Injury,18:04:00,Motorist Left Turn - Opposite Direction,2007,Yes,No,Daylight,Straight - Level,NC Route,Dry,"Two-Way, Not Divided",None,Four-Way Intersection,Smooth Asphalt,4 lanes,"35.7609370675, -78.8757426791"
7311,None - Rural Crash,Iredell,Piedmont,Residential,Mixed (30% To 70% Developed),NA,Rural,40 - 45  MPH,"Double Yellow Line, No Passing Zone",Clear,No,34,30-39,No,NA,With Traffic,B: Evident Injury,Travel Lane,White,Male,70+,70+,No,NA,21-25 mph,O: No Injury,White,Male,Passenger Car,No,09OCT2007,Tuesday,Motorist Overtaking Bicyclist,12,Non-Intersection,October,B: Evident Injury,12:05:00,Motorist Overtaking - Other / Unknown,2007,Yes,No,Daylight,Straight - Level,State Secondary Route,Dry,"Two-Way, Not Divided",None,No Special Feature,Smooth Asphalt,2 lanes,"35.5306809485, -80.7988132448"
7315,Greensboro,Guilford,Piedmont,Residential,Urban (>70% Developed),NA,Urban,30 - 35  MPH,Stop Sign,Clear,No,70+,70+,No,NA,With Traffic,B: Evident Injury,Multi-use Path,White,Male,64,60-69,No,NA,31-35 mph,O: No Injury,White,Female,Sport Utility,No,10OCT2007,Wednesday,Motorist Failed to Yield - Sign-Controlled Intersection,8,Intersection,October,B: Evident Injury,08:16:00,Motorist Drive Out - Sign-Controlled Intersection,2007,Yes,No,Daylight,Straight - Level,Local Street,Dry,"Two-Way, Divided, Unprotected Median",None,T-Intersection,Smooth Asphalt,2 lanes,"36.1369471121, -79.846952993"
7321,Nags Head,Dare,Coastal,Residential,Urban (>70% Developed),NA,Rural,5 - 15 MPH,No Control Present,Clear,No,48,40-49,No,NA,With Traffic,C: Possible Injury,Multi-use Path,White,Female,29,25-29,No,NA,0-5 mph,O: No Injury,White,Male,Passenger Car,No,25AUG2007,Saturday,Motorist Failed to Yield - Midblock,9,Non-Intersection,August,C: Possible Injury,09:43:00,Motorist Drive Out - Commercial Driveway / Alley,2007,Yes,No,Daylight,NA,NC Route,Dry,NA,Obstruction In Roadway,"Driveway, Private",Concrete,NA,"35.8687202025, -75.5755176766"
7328,Emerald Isle,Carteret,Coastal,Commercial,Urban (>70% Developed),NA,Rural,20 - 25  MPH,Stop Sign,Clear,No,20,20-24,No,NA,With Traffic,C: Possible Injury,Bike Lane / Paved Shoulder,White,Male,42,40-49,No,NA,6-10 mph,O: No Injury,White,Male,Pickup,No,16OCT2007,Tuesday,Crossing Paths - Other Circumstances,11,Intersection,October,B: Evident Injury,11:44:00,Crossing Paths - Intersection - Other / Unknown,2007,Yes,No,Daylight,Straight - Level,Local Street,Dry,"Two-Way, Not Divided",None,"Driveway, Public",Smooth Asphalt,2 lanes,"34.6657438916, -77.0311220647"
7330,Hickory,Catawba,Piedmont,Commercial,Urban (>70% Developed),NA,Urban,40 - 45  MPH,No Control Present,Clear,No,17,16-19,No,NA,Facing Traffic,C: Possible Injury,Travel Lane,Black,Male,NA,NA,Missing,NA,0-5 mph,Unknown Injury,Unknown/Missing,NA,NA,No,16OCT2007,Tuesday,Motorist Failed to Yield - Midblock,18,Non-Intersection,October,C: Possible Injury,18:10:00,Motorist Drive Out - Commercial Driveway / Alley,2007,Yes,Yes,Daylight,Straight - Level,Local Street,"Water (Standing, Moving)","Two-Way, Not Divided",None,No Special Feature,Smooth Asphalt,5 lanes,"35.7429039741, -81.3016334076"
7331,Kannapolis,Cabarrus,Piedmont,Residential,Mixed (30% To 70% Developed),NA,Urban,30 - 35  MPH,Stop Sign,Clear,No,14,11-15,No,NA,With Traffic,O: No Injury,Travel Lane,Black,Male,42,40-49,No,NA,21-25 mph,O: No Injury,Native American,Male,Sport Utility,No,17OCT2007,Wednesday,Bicyclist Failed to Yield - Sign-Controlled Intersection,18,Intersection,October,O: No Injury,18:55:00,Bicyclist Ride Through - Sign-Controlled Intersection,2007,No,No,Dusk,Straight - Grade,Local Street,Dry,"Two-Way, Not Divided",None,No Special Feature,Smooth Asphalt,2 lanes,"35.4868349462, -80.616748189"
7332,None - Rural Crash,Harnett,Coastal,"Farms, Woods, Pastures",Rural (<30% Developed),NA,Rural,50 - 55  MPH,"Double Yellow Line, No Passing Zone",Clear,No,41,40-49,Yes,NA,With Traffic,C: Possible Injury,Bike Lane / Paved Shoulder,White,Male,39,30-39,No,NA,41-45 mph,O: No Injury,White,Male,Passenger Car,Yes,18OCT2007,Thursday,Motorist Overtaking Bicyclist,20,Non-Intersection,October,C: Possible Injury,20:10:00,Motorist Overtaking - Bicyclist Swerved,2007,Yes,No,Dark - Roadway Not Lighted,Straight - Level,NC Route,Dry,"Two-Way, Not Divided",None,No Special Feature,Coarse Asphalt,2 lanes,"35.3453269761, -78.9368026766"
7338,Wilson,Wilson,Coastal,Residential,Rural (<30% Developed),NA,Urban,30 - 35  MPH,Stop Sign,Clear,No,36,30-39,Yes,NA,With Traffic,B: Evident Injury,Travel Lane,Black,Male,37,30-39,No,NA,16-20 mph,O: No Injury,Hispanic,Male,Pickup,Yes,20OCT2007,Saturday,Motorist Failed to Yield - Sign-Controlled Intersection,18,Intersection,October,B: Evident Injury,18:29:00,Motorist Drive Out - Sign-Controlled Intersection,2007,Yes,No,Daylight,Straight - Level,Local Street,Dry,"Two-Way, Not Divided",None,Four-Way Intersection,Coarse Asphalt,2 lanes,"35.7312470941, -77.9156123862"
7339,High Point,Guilford,Piedmont,Residential,Urban (>70% Developed),NA,Urban,30 - 35  MPH,No Control Present,Clear,No,29,25-29,No,NA,With Traffic,B: Evident Injury,Travel Lane,White,Male,70+,70+,No,NA,6-10 mph,O: No Injury,Black,Female,Passenger Car,No,20OCT2007,Saturday,Motorist Right Turn / Merge,14,Intersection,October,B: Evident Injury,14:00:00,Motorist Right Turn - Same Direction,2007,Yes,No,Daylight,Straight - Bottom,Local Street,Dry,"Two-Way, Not Divided",None,No Special Feature,Smooth Asphalt,2 lanes,"35.9735870718, -79.9890030271"
7342,Raleigh,Wake,Piedmont,Commercial,Urban (>70% Developed),NA,Urban,40 - 45  MPH,No Control Present,Cloudy,No,20,20-24,No,NA,Not Applicable,B: Evident Injury,Driveway / Alley,Black,Male,22,20-24,No,NA,36-40 mph,O: No Injury,White,Male,Passenger Car,No,22OCT2007,Monday,Bicyclist Failed to Yield - Midblock,13,Non-Intersection,October,B: Evident Injury,13:11:00,Multiple Threat - Midblock,2007,Yes,No,Daylight,Straight - Grade,Local Street,Dry,"Two-Way, Divided, Unprotected Median",None,T-Intersection,Smooth Asphalt,5 lanes,"35.7799870787, -78.6761426199"
7351,None - Rural Crash,Davidson,Piedmont,"Farms, Woods, Pastures",Rural (<30% Developed),NA,Rural,50 - 55  MPH,"Double Yellow Line, No Passing Zone",Clear,No,53,50-59,Yes,NA,With Traffic,A: Disabling Injury,Travel Lane,White,Male,44,40-49,No,NA,31-35 mph,O: No Injury,White,Female,Sport Utility,Yes,27OCT2007,Saturday,Motorist Overtaking Bicyclist,11,Non-Intersection,October,A: Disabling Injury,11:33:00,Motorist Overtaking - Other / Unknown,2007,Yes,No,Daylight,Straight - Grade,State Secondary Route,Dry,"Two-Way, Not Divided",None,No Special Feature,Smooth Asphalt,2 lanes,"35.9807070674, -80.1595630788"
453,None - Rural Crash,Iredell,Piedmont,"Farms, Woods, Pastures",Rural (<30% Developed),SR 2305,Rural,40 - 45  MPH,"Double Yellow Line, No Passing Zone",Cloudy,No,53,50-59,NA,No,With Traffic,K: Killed,Travel Lane,White,Male,38,30-39,NA,"Yes-Drugs, impairment suspected",41-45 mph,O: No Injury,White,Male,Pickup,No,16JUN2014,Monday,Head-On,17,Non-Intersection,June,K: Killed,17:27:00,Head-On - Motorist,2014,Yes,Yes,Daylight,Curve - Grade,State Secondary Route,Dry,"Two-Way, Not Divided",None,No Special Feature,Smooth Asphalt,2 lanes,"35.8030010082, -80.739528243"
461,None - Rural Crash,Guilford,Piedmont,Residential,Mixed (30% To 70% Developed),2565,Rural,40 - 45  MPH,Stop And Go Signal,Clear,No,63,60-69,NA,No,With Traffic,C: Possible Injury,Travel Lane,Black,Male,48,40-49,NA,No,0-5 mph,O: No Injury,White,Male,Sport Utility,No,06AUG2014,Wednesday,Motorist Failed to Yield - Sign-Controlled Intersection,20,Intersection-Related,August,C: Possible Injury,20:34:00,Motorist Drive Through - Sign-Controlled Intersection,2014,No,No,Daylight,Straight - Level,State Secondary Route,Dry,"Two-Way, Not Divided",None,Y-Intersection,Smooth Asphalt,2 lanes,"36.1513091193, -79.7278089583"
463,Charlotte,Mecklenburg,Piedmont,Residential,Urban (>70% Developed),CENTRAL AVENUE,Urban,30 - 35  MPH,Stop Sign,Clear,No,23,20-24,NA,No,With Traffic,B: Evident Injury,Travel Lane,Black,Male,NA,NA,NA,Missing,6-10 mph,Unknown Injury,Unknown/Missing,NA,NA,No,01SEP2014,Monday,Motorist Failed to Yield - Sign-Controlled Intersection,19,Intersection,September,B: Evident Injury,19:28:00,Motorist Drive Through - Sign-Controlled Intersection,2014,No,Yes,Dawn,Straight - Level,Local Street,Dry,"Two-Way, Divided, Unprotected Median",None,No Special Feature,Smooth Asphalt,6 lanes,"35.216120882, -80.7861592247"
464,High Point,Guilford,Piedmont,Residential,Urban (>70% Developed),CEDROW DR,Urban,30 - 35  MPH,No Control Present,Clear,No,16,16-19,NA,No,With Traffic,A: Disabling Injury,Travel Lane,Black,Male,35,30-39,NA,No,36-40 mph,O: No Injury,Black,Female,Sport Utility,No,21AUG2014,Thursday,Bicyclist Left Turn / Merge,15,Non-Intersection,August,A: Disabling Injury,15:21:00,Bicyclist Left Turn - Same Direction,2014,Yes,No,Daylight,Curve - Level,Local Street,Dry,"Two-Way, Not Divided",None,Bridge,Concrete,2 lanes,"35.9734340729, -79.974923023"
470,Durham,Durham,Piedmont,Residential,Urban (>70% Developed),GRAY AVE,Urban,20 - 25  MPH,Stop Sign,Clear,No,17,16-19,NA,No,With Traffic,B: Evident Injury,Travel Lane,Black,Male,32,30-39,NA,"Yes-Alcohol,  impairment suspected",31-35 mph,O: No Injury,Black,Male,Sport Utility,Yes,24AUG2014,Sunday,Bicyclist Failed to Yield - Sign-Controlled Intersection,9,Intersection,August,B: Evident Injury,09:16:00,Bicyclist Ride Through - Sign-Controlled Intersection,2014,Yes,No,Dark - Lighted Roadway,Straight - Grade,Local Street,Dry,"Two-Way, Not Divided",None,Four-Way Intersection,Smooth Asphalt,2 lanes,"35.9992071179, -78.8878126966"