object_id,city,county,region,development,locality,on_road,rural_urban,speed_limit,traffic_control,weather,workzone,bike_age,bike_age_group,bike_alcohol,bike_alcohol_drugs,bike_direction,bike_injury,bike_position,bike_race,bike_sex,driver_age,driver_age_group,driver_alcohol,driver_alcohol_drugs,driver_est_speed,driver_injury,driver_race,driver_sex,driver_vehicle_type,crash_alcohol,crash_date,crash_day,crash_group,crash_hour,crash_location,crash_month,crash_severity,crash_time,crash_type,crash_year,ambulance_req,hit_run,light_condition,road_character,road_class,road_condition,road_configuration,road_defects,road_feature,road_surface,num_lanes,geo_point
475,Goldsboro,Wayne,Coastal,Commercial,Urban (>70% Developed),ASH ST,Urban,30 - 35  MPH,No Control Present,Clear,No,61,60-69,NA,No,With Traffic,C: Possible Injury,Travel Lane,Black,Male,58,50-59,NA,No,0-5 mph,O: No Injury,White,Female,Sport Utility,No,22AUG2014,Friday,Crossing Paths - Other Circumstances,11,Intersection-Related,August,C: Possible Injury,11:20:00,Crossing Paths - Uncontrolled Intersection,2014,Yes,No,Daylight,Straight - Level,Local Street,Dry,"Two-Way, Not Divided",None,"Driveway, Public",Smooth Asphalt,6 lanes,"35.3724320154, -77.95423238"
477,Goldsboro,Wayne,Coastal,Commercial,Urban (>70% Developed),N GEORGE ST,Urban,30 - 35  MPH,Stop Sign,Clear,No,15,11-15,NA,No,NA,C: Possible Injury,Travel Lane,Black,Male,22,20-24,NA,No,0-5 mph,O: No Injury,White,Male,Pickup,No,12AUG2014,Tuesday,Motorist Failed to Yield - Sign-Controlled Intersection,15,Intersection,August,C: Possible Injury,15:51:00,Motorist Drive Out - Sign-Controlled Intersection,2014,Yes,No,Daylight,Straight - Level,State Secondary Route,Dry,"Two-Way, Not Divided",None,T-Intersection,Smooth Asphalt,2 lanes,"35.3992420203, -77.9943223939"
480,Kannapolis,Rowan,Piedmont,Residential,Urban (>70% Developed),W 9TH ST,Urban,30 - 35  MPH,Stop Sign,Clear,No,7,6-10,NA,No,With Traffic,B: Evident Injury,Travel Lane,Black,Male,23,20-24,NA,No,11-15 mph,O: No Injury,White,Male,Passenger Car,No,14AUG2014,Thursday,Bicyclist Left Turn / Merge,19,Intersection,August,B: Evident Injury,19:23:00,Bicyclist Left Turn - Opposite Direction,2014,No,No,Daylight,Straight - Grade,Local Street,Dry,"Two-Way, Not Divided",None,T-Intersection,Smooth Asphalt,2 lanes,"35.5091889506, -80.6218731914"
490,None - Rural Crash,Cleveland,Mountains,Residential,Urban (>70% Developed),SR 2266,Rural,20 - 25  MPH,No Control Present,Clear,No,7,6-10,NA,No,With Traffic,B: Evident Injury,Travel Lane,White,Male,NA,NA,NA,NA,21-25 mph,Unknown Injury,Unknown/Missing,NA,Passenger Car,No,21AUG2014,Thursday,Motorist Overtaking Bicyclist,20,Intersection,August,B: Evident Injury,20:27:00,Motorist Overtaking - Other / Unknown,2014,Yes,Yes,Dark - Roadway Not Lighted,Straight - Grade,State Secondary Route,Dry,"Two-Way, Not Divided",None,Four-Way Intersection,Coarse Asphalt,2 lanes,"35.2089298584, -81.3875334031"
511,Durham,Durham,Piedmont,Commercial,Urban (>70% Developed),HOPE VALLEY RD,Urban,5 - 15 MPH,No Control Present,Clear,No,15,11-15,NA,No,Facing Traffic,B: Evident Injury,Sidewalk / Crosswalk / Driveway Crossing,Black,Female,NA,NA,NA,Missing,11-15 mph,Unknown Injury,Unknown/Missing,NA,"Light Truck (Mini-Van, Panel)",No,02SEP2014,Tuesday,Motorist Failed to Yield - Midblock,14,Non-Intersection,September,B: Evident Injury,14:50:00,Motorist Drive Out - Commercial Driveway / Alley,2014,Yes,Yes,Daylight,Straight - Level,Local Street,Dry,"Two-Way, Divided, Unprotected Median",None,No Special Feature,Coarse Asphalt,2 lanes,"35.9219070985, -78.9578277132"
522,Raleigh,Wake,Piedmont,Residential,Urban (>70% Developed),ANDERSON DR,Urban,30 - 35  MPH,No Control Present,Rain,No,36,30-39,NA,No,With Traffic,B: Evident Injury,Travel Lane,White,Male,70+,70+,NA,No,6-10 mph,O: No Injury,White,Female,Passenger Car,No,13SEP2014,Saturday,Motorist Left Turn / Merge,10,Intersection,September,B: Evident Injury,10:46:00,Motorist Left Turn - Opposite Direction,2014,Yes,No,Daylight,Straight - Grade,Local Street,Wet,"Two-Way, Not Divided",None,Four-Way Intersection,Smooth Asphalt,2 lanes,"35.8207670883, -78.6344926101"
527,Charlotte,Mecklenburg,Piedmont,Commercial,Mixed (30% To 70% Developed),21,Urban,40 - 45  MPH,No Control Present,Clear,No,20,20-24,NA,No,With Traffic,C: Possible Injury,Bike Lane / Paved Shoulder,Other,Male,NA,NA,NA,Missing,41-45 mph,Unknown Injury,Unknown/Missing,NA,NA,No,10SEP2014,Wednesday,Motorist Overtaking Bicyclist,23,Non-Intersection,September,C: Possible Injury,23:35:00,Motorist Overtaking - Other / Unknown,2014,Yes,Yes,Dark - Roadway Not Lighted,Straight - Level,NC Route,Dry,"Two-Way, Not Divided",None,No Special Feature,Smooth Asphalt,3 lanes,"35.3297669041, -80.8433332476"
530,Wilmington,New Hanover,Coastal,Commercial,Mixed (30% To 70% Developed),CEDAR AVE,Urban,30 - 35  MPH,No Control Present,Clear,No,24,20-24,NA,No,With Traffic,B: Evident Injury,Travel Lane,White,Male,24,20-24,NA,No,16-20 mph,O: No Injury,White,Female,Passenger Car,No,09AUG2014,Saturday,Loss of Control / Turning Error,2,Intersection-Related,August,B: Evident Injury,02:26:00,Motorist Turning Error - Left Turn,2014,Yes,No,Dark - Roadway Not Lighted,Straight - Level,Local Street,Dry,"Two-Way, Not Divided",None,No Special Feature,Coarse Asphalt,2 lanes,"34.2170467638, -77.8853823027"
539,Durham,Durham,Piedmont,Residential,Rural (<30% Developed),FAYETTEVILLE ST,Urban,30 - 35  MPH,Stop Sign,Cloudy,No,13,11-15,NA,No,Facing Traffic,O: No Injury,Bike Lane / Paved Shoulder,Black,Male,53,50-59,NA,No,0-5 mph,O: No Injury,Black,Female,Passenger Car,No,15SEP2014,Monday,Motorist Failed to Yield - Sign-Controlled Intersection,17,Intersection,September,O: No Injury,17:34:00,Motorist Drive Out - Sign-Controlled Intersection,2014,No,No,Daylight,Straight - Level,Local Street,Dry,"Two-Way, Not Divided",None,Four-Way Intersection,Smooth Asphalt,2 lanes,"35.9722571111, -78.9010266988"
547,Calabash,Brunswick,Coastal,Residential,Mixed (30% To 70% Developed),US 179,Rural,40 - 45  MPH,"Double Yellow Line, No Passing Zone",Clear,No,62,60-69,NA,No,With Traffic,B: Evident Injury,Travel Lane,White,Female,32,30-39,NA,No,41-45 mph,O: No Injury,White,Male,Pickup,No,01SEP2014,Monday,Motorist Overtaking Bicyclist,16,Non-Intersection,September,B: Evident Injury,16:34:00,Motorist Overtaking - Misjudged Space,2014,Yes,No,Daylight,Straight - Level,NC Route,Dry,"Two-Way, Not Divided",None,No Special Feature,Coarse Asphalt,2 lanes,"33.8925366706, -78.5493024878"
554,Durham,Durham,Piedmont,Commercial,Urban (>70% Developed),N MANGUM ST,Urban,30 - 35  MPH,No Control Present,Clear,No,59,50-59,NA,No,Facing Traffic,B: Evident Injury,NA,Black,Male,48,40-49,NA,No,0-5 mph,O: No Injury,Black,Female,Passenger Car,No,19SEP2014,Friday,Motorist Failed to Yield - Midblock,13,Non-Intersection,September,B: Evident Injury,13:02:00,Motorist Drive Out - Commercial Driveway / Alley,2014,Yes,No,Daylight,Straight - Level,Interstate,Dry,"One-Way, Not Divided",None,No Special Feature,Coarse Asphalt,3 lanes,"36.001483118, -78.8953886987"
557,Hendersonville,Henderson,Mountains,Commercial,Urban (>70% Developed),GROVE STREET,Urban,20 - 25  MPH,No Control Present,Cloudy,No,39,30-39,NA,No,With Traffic,C: Possible Injury,Travel Lane,Hispanic,Male,26,25-29,NA,No,11-15 mph,O: No Injury,Black,Male,Passenger Car,No,09SEP2014,Tuesday,Motorist Left Turn / Merge,17,Intersection,September,C: Possible Injury,17:24:00,Motorist Left Turn - Opposite Direction,2014,Yes,No,Daylight,Straight - Grade,Local Street,Dry,"Two-Way, Not Divided",None,No Special Feature,Coarse Asphalt,2 lanes,"35.3127128401, -82.4570837255"
573,Raleigh,Wake,Piedmont,Residential,Urban (>70% Developed),BROWN OWL DR,Urban,20 - 25  MPH,No Control Present,Cloudy,No,14,11-15,NA,No,Facing Traffic,O: No Injury,Travel Lane,Black,Male,33,30-39,NA,No,6-10 mph,O: No Injury,Black,Female,Passenger Car,No,25SEP2014,Thursday,Head-On,19,Non-Intersection,September,O: No Injury,19:26:00,Head-On - Bicyclist,2014,No,No,Dusk,Straight - Level,Local Street,Dry,"Two-Way, Not Divided",None,No Special Feature,Coarse Asphalt,2 lanes,"35.7517070761, -78.5664725852"
585,Raleigh,Wake,Piedmont,Institutional,Urban (>70% Developed),WESTERN BLVD,Urban,40 - 45  MPH,Stop And Go Signal,Clear,No,26,25-29,NA,No,Facing Traffic,B: Evident Injury,Sidewalk / Crosswalk / Driveway Crossing,White,Male,24,20-24,NA,No,0-5 mph,O: No Injury,Black,Male,Passenger Car,No,28SEP2014,Sunday,Motorist Failed to Yield - Signalized Intersection,7,Intersection,September,B: Evident Injury,07:12:00,Motorist Drive Out - Right Turn on Red,2014,Yes,No,Daylight,Curve - Grade,Local Street,Dry,"Two-Way, Divided, Unprotected Median",None,Four-Way Intersection,Smooth Asphalt,3 lanes,"35.7751670783, -78.6567226141"
588,Wilmington,NA,Coastal,Residential,Mixed (30% To 70% Developed),462 RACINE DR,Urban,5 - 15 MPH,Stop Sign,Clear,No,19,16-19,NA,No,Facing Traffic,C: Possible Injury,Sidewalk / Crosswalk / Driveway Crossing,White,Female,57,50-59,NA,No,0-5 mph,O: No Injury,White,Male,Van,No,28AUG2014,Thursday,Motorist Failed to Yield - Sign-Controlled Intersection,22,Intersection,August,C: Possible Injury,22:12:00,Motorist Drive Out - Sign-Controlled Intersection,2014,No,No,Dark - Roadway Not Lighted,Straight - Level,Public Vehicular Area,Dry,"Two-Way, Not Divided",None,No Special Feature,Coarse Asphalt,2 lanes,"34.2309597676, -77.8712222994"
590,None - Rural Crash,NA,Coastal,Commercial,Mixed (30% To 70% Developed),421,Rural,40 - 45  MPH,No Control Present,Clear,No,29,25-29,NA,No,With Traffic,C: Possible Injury,Travel Lane,White,Male,47,40-49,NA,No,36-40 mph,O: No Injury,White,Male,Passenger Car,No,27SEP2014,Saturday,Motorist Overtaking Bicyclist,20,Non-Intersection,September,C: Possible Injury,20:33:00,Motorist Overtaking - Other / Unknown,2014,Yes,No,Dark - Roadway Not Lighted,Straight - Level,US Route,Dry,"Two-Way, Divided, Unprotected Median",None,No Special Feature,Coarse Asphalt,4 lanes,"34.1573397496, -77.9102423075"
591,Fayetteville,Cumberland,Coastal,Residential,Mixed (30% To 70% Developed),HARVEY DR,Urban,20 - 25  MPH,No Control Present,Clear,No,8,6-10,NA,No,Not Applicable,O: No Injury,Driveway / Alley,Black,Male,NA,NA,NA,Missing,0-5 mph,Unknown Injury,Unknown/Missing,NA,NA,No,31AUG2014,Sunday,Loss of Control / Turning Error,16,Non-Intersection,August,O: No Injury,16:12:00,Motorist Lost Control - Other / Unknown,2014,No,Yes,Daylight,Straight - Level,Local Street,Dry,"Two-Way, Not Divided",None,No Special Feature,Coarse Asphalt,2 lanes,"35.0899189217, -78.9129966554"
593,Wilmington,NA,Coastal,Commercial,Mixed (30% To 70% Developed),5099 RANDALL PKY,Urban,5 - 15 MPH,No Control Present,Clear,No,23,20-24,NA,No,With Traffic,B: Evident Injury,Sidewalk / Crosswalk / Driveway Crossing,Black,Male,32,30-39,NA,No,0-5 mph,O: No Injury,Black,Male,Passenger Car,No,05SEP2014,Friday,Motorist Failed to Yield - Midblock,10,Non-Intersection,September,B: Evident Injury,10:40:00,Motorist Drive Out - Commercial Driveway / Alley,2014,Yes,No,Daylight,Straight - Level,Public Vehicular Area,Dry,"Two-Way, Not Divided",None,No Special Feature,Smooth Asphalt,2 lanes,"34.2314067673, -77.8787823009"
604,Gastonia,Gaston,Piedmont,Residential,Urban (>70% Developed),W FRANKLIN BLVD,Urban,30 - 35  MPH,No Control Present,Clear,No,48,40-49,NA,No,With Traffic,B: Evident Injury,Travel Lane,White,Male,NA,NA,NA,Missing,46-50 mph,Unknown Injury,Unknown/Missing,NA,NA,No,22SEP2014,Monday,Motorist Overtaking Bicyclist,19,Non-Intersection,September,B: Evident Injury,19:15:00,Motorist Overtaking - Other / Unknown,2014,Yes,Yes,Dusk,Straight - Level,US Route,Dry,"Two-Way, Not Divided",None,No Special Feature,Coarse Asphalt,6 lanes,"35.2617668767, -81.2008633499"
607,Wilmington,New Hanover,Coastal,Institutional,Urban (>70% Developed),MEDICAL CTR DR,Urban,20 - 25  MPH,Stop Sign,Clear,No,52,50-59,NA,No,With Traffic,B: Evident Injury,Sidewalk / Crosswalk / Driveway Crossing,White,Male,17,0-19,NA,No,6-10 mph,O: No Injury,White,Female,Passenger Car,No,16SEP2014,Tuesday,Motorist Failed to Yield - Sign-Controlled Intersection,14,Intersection,September,B: Evident Injury,14:46:00,Motorist Drive Out - Sign-Controlled Intersection,2014,Yes,No,Daylight,Straight - Level,Local Street,Dry,"Two-Way, Not Divided",None,No Special Feature,Coarse Asphalt,NA,"34.2012867587, -77.9311923163"
617,None - Rural Crash,Rockingham,Piedmont,"Farms, Woods, Pastures",Mixed (30% To 70% Developed),SR 1605,Rural,40 - 45  MPH,"Double Yellow Line, No Passing Zone",Clear,No,50,50-59,NA,"Yes-Alcohol,  impairment suspected",With Traffic,C: Possible Injury,Travel Lane,White,Male,NA,NA,NA,NA,41-45 mph,Unknown Injury,Unknown/Missing,NA,NA,Yes,26SEP2014,Friday,Motorist Overtaking Bicyclist,22,Non-Intersection,September,C: Possible Injury,22:05:00,Motorist Overtaking - Other / Unknown,2014,Yes,Yes,Dark - Roadway Not Lighted,Straight - Level,State Secondary Route,Dry,"Two-Way, Not Divided",None,No Special Feature,Smooth Asphalt,2 lanes,"36.5298371965, -79.7965630003"
622,Asheville,Buncombe,Mountains,Commercial,Urban (>70% Developed),667 MERRIMON AVE,Urban,5 - 15 MPH,No Control Present,Clear,No,29,25-29,NA,No,Facing Traffic,C: Possible Injury,Sidewalk / Crosswalk / Driveway Crossing,White,Female,68,60-69,NA,No,0-5 mph,O: No Injury,White,Male,Motorcycle,No,07SEP2014,Sunday,Motorist Failed to Yield - Midblock,12,Non-Intersection,September,C: Possible Injury,12:10:00,Motorist Drive Out - Commercial Driveway / Alley,2014,Yes,No,Daylight,Straight - Level,Public Vehicular Area,Dry,"Two-Way, Not Divided",None,No Special Feature,Coarse Asphalt,2 lanes,"35.6217569015, -82.5544397721"
627,None - Rural Crash,Dare,Coastal,Residential,Mixed (30% To 70% Developed),SR 1232,Rural,20 - 25  MPH,"Double Yellow Line, No Passing Zone",Clear,No,14,11-15,NA,No,Facing Traffic,B: Evident Injury,Multi-use Path,White,Male,29,25-29,NA,No,21-25 mph,O: No Injury,Hispanic,Male,Pickup,No,01OCT2014,Wednesday,Motorist Right Turn / Merge,7,Intersection,October,B: Evident Injury,07:56:00,Motorist Right Turn - Opposite Direction,2014,Yes,No,Daylight,Straight - Level,State Secondary Route,Dry,"Two-Way, Not Divided",None,T-Intersection,Coarse Asphalt,2 lanes,"35.9895932254, -75.6666277109"
633,Greensboro,Guilford,Piedmont,Commercial,Urban (>70% Developed),MARKET STREET,Urban,30 - 35  MPH,No Control Present,Clear,Yes,57,50-59,NA,No,With Traffic,B: Evident Injury,Bike Lane / Paved Shoulder,White,Female,57,50-59,NA,No,36-40 mph,O: No Injury,White,Male,Van,No,05OCT2014,Sunday,Loss of Control / Turning Error,12,Non-Intersection,October,B: Evident Injury,12:42:00,Bicyclist Lost Control - Surface Conditions,2014,Yes,No,Daylight,Straight - Level,Local Street,Dry,"Two-Way, Divided, Unprotected Median",Work Zone,No Special Feature,Smooth Asphalt,2 lanes,"36.1009770991, -79.9789330315"
634,Raleigh,Wake,Piedmont,Institutional,Urban (>70% Developed),CATES AVE,Urban,5 - 15 MPH,No Control Present,Clear,No,18,16-19,NA,NA,Not Applicable,B: Evident Injury,Travel Lane,White,Male,34,30-39,NA,NA,0-5 mph,O: No Injury,Black,Male,Passenger Car,No,15SEP2014,Monday,Bicyclist Failed to Yield - Midblock,15,Non-Intersection,September,B: Evident Injury,15:08:00,Bicyclist Ride Out - Other Midblock,2014,Yes,No,Daylight,Straight - Level,Local Street,Dry,"Two-Way, Not Divided",None,"Driveway, Public",Smooth Asphalt,2 lanes,"35.7834970791, -78.671132619"
640,Asheville,Buncombe,Mountains,Residential,Urban (>70% Developed),EDGEWOOD RD,Urban,20 - 25  MPH,Stop Sign,Cloudy,No,18,16-19,NA,No,With Traffic,C: Possible Injury,Travel Lane,White,Male,22,20-24,NA,No,0-5 mph,O: No Injury,White,Male,Passenger Car,No,29SEP2014,Monday,Motorist Failed to Yield - Sign-Controlled Intersection,15,Intersection,September,C: Possible Injury,15:42:00,Motorist Drive Out - Sign-Controlled Intersection,2014,Yes,No,Daylight,Straight - Level,Local Street,Wet,"Two-Way, Not Divided",None,No Special Feature,Smooth Asphalt,2 lanes,"35.6204269003, -82.5601337738"
647,None - Rural Crash,Dare,Coastal,Commercial,Urban (>70% Developed),NC 12,Rural,40 - 45  MPH,No Control Present,Clear,No,23,20-24,NA,No,With Traffic,B: Evident Injury,Multi-use Path,White,Male,57,50-59,NA,No,0-5 mph,O: No Injury,White,Male,Pickup,No,12OCT2014,Sunday,Motorist Right Turn / Merge,6,Non-Intersection,October,B: Evident Injury,06:58:00,Motorist Right Turn - Same Direction,2014,Yes,No,Daylight,Straight - Level,NC Route,Dry,"Two-Way, Not Divided",None,"Driveway, Public",Smooth Asphalt,2 lanes,"35.9064272094, -75.5987616863"
659,Greensboro,Guilford,Piedmont,Institutional,Urban (>70% Developed),SPRING GARDEN ST,Urban,20 - 25  MPH,No Control Present,Clear,No,24,20-24,NA,No,With Traffic,C: Possible Injury,Bike Lane / Paved Shoulder,White,Male,22,20-24,NA,No,0-5 mph,O: No Injury,White,Male,Passenger Car,No,18OCT2014,Saturday,Motorist Right Turn / Merge,10,Non-Intersection,October,C: Possible Injury,10:57:00,Motorist Right Turn - Same Direction,2014,Yes,No,Daylight,Straight - Level,Local Street,Dry,"Two-Way, Divided, Positive Median Barrier",None,No Special Feature,Coarse Asphalt,2 lanes,"36.0657870983, -79.8108629785"
660,Asheville,Buncombe,Mountains,Residential,Urban (>70% Developed),EMMA RD,Urban,30 - 35  MPH,No Control Present,Clear,No,40,40-49,NA,"Yes-Alcohol, no impairment detected",With Traffic,C: Possible Injury,Travel Lane,White,Female,NA,NA,NA,Missing,NA,Unknown Injury,Unknown/Missing,NA,NA,Yes,03OCT2014,Friday,Motorist Overtaking Bicyclist,2,Non-Intersection,October,C: Possible Injury,02:28:00,Motorist Overtaking - Undetected Bicyclist,2014,Yes,Yes,Dark - Roadway Not Lighted,Straight - Level,Local Street,Dry,"Two-Way, Divided, Unprotected Median",None,No Special Feature,Smooth Asphalt,2 lanes,"35.5936268946, -82.5737437754"
666,Raleigh,Wake,Piedmont,Commercial,Urban (>70% Developed),ST MARYS ST,Urban,30 - 35  MPH,No Control Present,Clear,No,19,16-19,NA,No,With Traffic,C: Possible Injury,Travel Lane,Black,Male,25,25-29,NA,No,21-25 mph,O: No Injury,White,Male,Passenger Car,No,14OCT2014,Tuesday,Motorist Left Turn / Merge,19,Intersection,October,C: Possible Injury,19:05:00,Motorist Left Turn - Opposite Direction,2014,Yes,No,Dark - Lighted Roadway,Straight - Grade,Local Street,Dry,"Two-Way, Not Divided",None,No Special Feature,Smooth Asphalt,4 lanes,"35.7863990804, -78.6507626128"
668,Raleigh,Wake,Piedmont,Commercial,Urban (>70% Developed),W HARGETT ST,Urban,20 - 25  MPH,No Control Present,Clear,No,24,20-24,NA,No,With Traffic,B: Evident Injury,Travel Lane,White,Male,19,0-19,NA,Missing,0-5 mph,O: No Injury,Black,Male,Sport Utility,No,07OCT2014,Tuesday,Bicyclist Overtaking Motorist,14,Non-Intersection,October,B: Evident Injury,14:55:00,Bicyclist Overtaking - Extended Door,2014,No,No,Daylight,Straight - Level,Local Street,Dry,"Two-Way, Not Divided",None,No Special Feature,Smooth Asphalt,3 lanes,"35.7783270788, -78.6414826094"
670,Mount Airy,Surry,Mountains,Residential,Urban (>70% Developed),N SOUTH STREET,Urban,20 - 25  MPH,Stop Sign,Cloudy,No,5,0-5,NA,No,With Traffic,C: Possible Injury,Travel Lane,Black,Male,65,60-69,NA,No,21-25 mph,O: No Injury,White,Female,Sport Utility,No,10OCT2014,Friday,Bicyclist Failed to Yield - Sign-Controlled Intersection,14,Intersection,October,C: Possible Injury,14:08:00,Bicyclist Ride Through - Sign-Controlled Intersection,2014,No,No,Daylight,Straight - Hillcrest,Local Street,Dry,"Two-Way, Not Divided",None,T-Intersection,Smooth Asphalt,2 lanes,"36.509162161, -80.6156192457"
674,Raleigh,Wake,Piedmont,Residential,Urban (>70% Developed),PLEASANT PINES DR,Urban,30 - 35  MPH,Stop Sign,Clear,No,47,40-49,NA,No,With Traffic,B: Evident Injury,Travel Lane,White,Female,NA,NA,NA,Missing,11-15 mph,Unknown Injury,Unknown/Missing,NA,NA,No,22OCT2014,Wednesday,Bicyclist Left Turn / Merge,23,Intersection,October,B: Evident Injury,23:07:00,Bicyclist Left Turn - Opposite Direction,2014,No,Yes,Daylight,Straight - Level,Local Street,Dry,"Two-Way, Not Divided",None,No Special Feature,Coarse Asphalt,2 lanes,"35.8696770962, -78.7130626358"
686,Asheboro,Randolph,Piedmont,Commercial,Urban (>70% Developed),S PARK ST,Urban,30 - 35  MPH,No Control Present,Clear,No,57,50-59,NA,No,With Traffic,B: Evident Injury,Travel Lane,White,Male,27,25-29,NA,No,31-35 mph,O: No Injury,Hispanic,Male,Passenger Car,No,18OCT2014,Saturday,Motorist Left Turn / Merge,19,Non-Intersection,October,B: Evident Injury,19:01:00,Motorist Left Turn - Opposite Direction,2014,Yes,No,Dusk,Straight - Bottom,Local Street,Dry,"Two-Way, Not Divided",None,No Special Feature,Smooth Asphalt,2 lanes,"35.7050320215, -79.8204629619"
687,Asheboro,Randolph,Piedmont,Commercial,Urban (>70% Developed),NC 42,Urban,30 - 35  MPH,Stop And Go Signal,Clear,No,40,40-49,NA,No,With Traffic,C: Possible Injury,Sidewalk / Crosswalk / Driveway Crossing,White,Female,58,50-59,NA,No,0-5 mph,O: No Injury,White,Male,Sport Utility,No,19OCT2014,Sunday,Motorist Left Turn / Merge,19,Intersection,October,C: Possible Injury,19:04:00,Motorist Left Turn - Opposite Direction,2014,Yes,No,Dark - Lighted Roadway,Straight - Level,NC Route,Dry,"Two-Way, Not Divided",None,Four-Way Intersection,Smooth Asphalt,3 lanes,"35.7067140218, -79.8067429574"
690,Elizabeth City,Pasquotank,Coastal,Commercial,Urban (>70% Developed),PVA 1609 W EHRINGHAUS ST,Urban,20 - 25  MPH,No Control Present,Clear,No,59,50-59,NA,No,Facing Traffic,O: No Injury,Sidewalk / Crosswalk / Driveway Crossing,White,Male,38,30-39,NA,No,0-5 mph,O: No Injury,Black,Male,Passenger Car,No,29OCT2014,Wednesday,Motorist Failed to Yield - Midblock,13,Non-Intersection,October,O: No Injury,13:15:00,Motorist Drive Out - Commercial Driveway / Alley,2014,Yes,No,Daylight,Straight - Level,Public Vehicular Area,Dry,"Two-Way, Divided, Unprotected Median",None,"Driveway, Public",Coarse Asphalt,3 lanes,"36.2918392713, -76.247181905"
691,Kill Devil Hills,Dare,Coastal,Commercial,Urban (>70% Developed),THIRD ST,Urban,20 - 25  MPH,No Control Present,Clear,No,26,25-29,NA,No,With Traffic,O: No Injury,Travel Lane,White,Male,60,60-69,NA,No,16-20 mph,O: No Injury,White,Female,Passenger Car,No,17OCT2014,Friday,Bicyclist Failed to Yield - Signalized Intersection,13,Intersection,October,O: No Injury,13:18:00,Bicyclist Ride Through - Signalized Intersection,2014,No,No,Daylight,Straight - Level,Local Street,Dry,"Two-Way, Not Divided",None,No Special Feature,Coarse Asphalt,2 lanes,"36.0339692344, -75.6729517145"
699,Charlotte,Mecklenburg,Piedmont,Residential,Urban (>70% Developed),THE PLAZA,Urban,30 - 35  MPH,No Control Present,Clear,No,63,60-69,NA,No,Not Applicable,O: No Injury,Travel Lane,Black,Male,30,30-39,NA,No,16-20 mph,O: No Injury,Black,Female,Passenger Car,No,29AUG2014,Friday,Bicyclist Failed to Yield - Midblock,17,Non-Intersection,August,O: No Injury,17:54:00,Bicyclist Ride Out - Midblock - Unknown,2014,No,No,Daylight,Straight - Level,Local Street,Dry,"Two-Way, Not Divided",None,No Special Feature,Smooth Asphalt,2 lanes,"35.2480118886, -80.7848232253"
713,Raleigh,Wake,Piedmont,Commercial,Urban (>70% Developed),S SALISBURY ST,Urban,20 - 25  MPH,Stop And Go Signal,Clear,No,26,25-29,NA,No,With Traffic,B: Evident Injury,Travel Lane,White,Male,25,25-29,NA,No,26-30 mph,O: No Injury,White,Female,Passenger Car,No,07NOV2014,Friday,Motorist Overtaking Bicyclist,17,Intersection,November,B: Evident Injury,17:51:00,Motorist Overtaking - Bicyclist Swerved,2014,Yes,No,Dusk,Straight - Level,Local Street,Dry,"One-Way, Not Divided",None,No Special Feature,Coarse Asphalt,3 lanes,"35.7796510793, -78.640116609"
718,Kings Mountain,Cleveland,Mountains,Commercial,Urban (>70% Developed),YORK RD,Urban,30 - 35  MPH,No Control Present,Clear,No,41,40-49,NA,No,With Traffic,C: Possible Injury,Travel Lane,White,Male,52,50-59,NA,No,0-5 mph,O: No Injury,White,Female,Passenger Car,No,14NOV2014,Friday,Motorist Failed to Yield - Midblock,15,Non-Intersection,November,C: Possible Injury,15:00:00,Motorist Drive Out - Commercial Driveway / Alley,2014,Yes,No,Daylight,Straight - Level,Local Street,Dry,"Two-Way, Divided, Unprotected Median",None,No Special Feature,Coarse Asphalt,3 lanes,"35.2311168649, -81.3329933875"
721,Asheville,Buncombe,Mountains,Residential,Urban (>70% Developed),HAYWOOD RDW,Urban,20 - 25  MPH,Stop And Go Signal,Clear,No,34,30-39,NA,No,With Traffic,C: Possible Injury,Travel Lane,White,Male,NA,NA,NA,Missing,0-5 mph,Unknown Injury,Unknown/Missing,NA,NA,No,03NOV2014,Monday,Motorist Overtaking Bicyclist,18,Intersection-Related,November,C: Possible Injury,18:16:00,Motorist Overtaking - Other / Unknown,2014,Yes,Yes,Dark - Lighted Roadway,Straight - Level,Local Street,Dry,"Two-Way, Divided, Unprotected Median",None,Related To Intersection,Smooth Asphalt,3 lanes,"35.5778498907, -82.5820887771"
727,Greenville,Pitt,Coastal,Commercial,Mixed (30% To 70% Developed),GREENPARK DR,Urban,20 - 25  MPH,Stop Sign,Clear,No,48,40-49,NA,No,With Traffic,B: Evident Injury,Travel Lane,Black,Male,28,25-29,NA,No,16-20 mph,O: No Injury,Black,Male,Pickup,No,30OCT2014,Thursday,Motorist Left Turn / Merge,23,Non-Intersection,October,B: Evident Injury,23:28:00,Motorist Left Turn - Opposite Direction,2014,Yes,No,Dark - Lighted Roadway,Straight - Level,Local Street,Dry,"Two-Way, Not Divided",None,No Special Feature,Smooth Asphalt,2 lanes,"35.6126670871, -77.3663582132"
731,None - Rural Crash,Orange,Piedmont,"Farms, Woods, Pastures",Rural (<30% Developed),SR 1144,Rural,40 - 45  MPH,"Double Yellow Line, No Passing Zone",Clear,No,34,30-39,NA,No,With Traffic,C: Possible Injury,Travel Lane,White,Male,NA,NA,NA,NA,16-20 mph,Unknown Injury,Unknown/Missing,NA,Sport Utility,No,18NOV2014,Tuesday,Motorist Left Turn / Merge,20,Intersection,November,C: Possible Injury,20:23:00,Motorist Left Turn - Opposite Direction,2014,No,Yes,Dark - Roadway Not Lighted,Straight - Level,State Secondary Route,Dry,"Two-Way, Not Divided",None,T-Intersection,Coarse Asphalt,2 lanes,"36.0678771234, -79.1242127718"