object_id,city,county,region,development,locality,on_road,rural_urban,speed_limit,traffic_control,weather,workzone,bike_age,bike_age_group,bike_alcohol,bike_alcohol_drugs,bike_direction,bike_injury,bike_position,bike_race,bike_sex,driver_age,driver_age_group,driver_alcohol,driver_alcohol_drugs,driver_est_speed,driver_injury,driver_race,driver_sex,driver_vehicle_type,crash_alcohol,crash_date,crash_day,crash_group,crash_hour,crash_location,crash_month,crash_severity,crash_time,crash_type,crash_year,ambulance_req,hit_run,light_condition,road_character,road_class,road_condition,road_configuration,road_defects,road_feature,road_surface,num_lanes,geo_point
738,Duck,Dare,Coastal,Residential,Mixed (30% To 70% Developed),DUCK ROAD,Rural,40 - 45  MPH,No Control Present,Clear,No,61,60-69,NA,No,With Traffic,C: Possible Injury,Travel Lane,White,Male,NA,NA,NA,Missing,41-45 mph,Unknown Injury,Unknown/Missing,NA,NA,No,19OCT2014,Sunday,Motorist Overtaking Bicyclist,16,Non-Intersection,October,C: Possible Injury,16:30:00,Motorist Overtaking - Other / Unknown,2014,No,Yes,Daylight,Straight - Level,NC Route,Dry,"Two-Way, Not Divided",None,No Special Feature,Coarse Asphalt,2 lanes,"36.2147102712, -75.7680217535"
741,Rutherfordton,Rutherford,Mountains,Commercial,Urban (>70% Developed),RAILROAD AVE,Rural,40 - 45  MPH,Stop And Go Signal,Cloudy,No,32,30-39,NA,No,Not Applicable,C: Possible Injury,Non-Roadway,White,Female,32,30-39,NA,No,41-45 mph,O: No Injury,White,Female,Sport Utility,No,31OCT2014,Friday,Bicyclist Failed to Yield - Midblock,17,Non-Intersection,October,C: Possible Injury,17:05:00,Bicyclist Ride Out - Commercial Driveway / Alley,2014,Yes,No,Daylight,Straight - Level,US Route,Wet,"Two-Way, Divided, Unprotected Median",None,Four-Way Intersection,Smooth Asphalt,3 lanes,"35.376711873, -81.9445985778"
745,Brevard,Transylvania,Mountains,Commercial,Urban (>70% Developed),PVA FOREST GATE PLAZA PVA,Urban,20 - 25  MPH,No Control Present,Clear,No,21,20-24,NA,No,Not Applicable,B: Evident Injury,Non-Roadway,White,Male,50,50-59,NA,No,11-15 mph,O: No Injury,White,Male,Passenger Car,No,06NOV2014,Thursday,Non-Roadway,16,Non-Roadway,November,B: Evident Injury,16:45:00,Non-Roadway,2014,Yes,No,Daylight,Straight - Grade,Public Vehicular Area,Dry,"Two-Way, Not Divided",None,No Special Feature,Smooth Asphalt,2 lanes,"35.2743638227, -82.7049597965"
747,New Bern,Craven,Coastal,Commercial,Urban (>70% Developed),55,Urban,40 - 45  MPH,"Double Yellow Line, No Passing Zone",Clear,No,65,60-69,NA,No,With Traffic,C: Possible Injury,Bike Lane / Paved Shoulder,White,Female,35,30-39,NA,No,31-35 mph,O: No Injury,White,Female,Passenger Car,No,08OCT2014,Wednesday,Motorist Left Turn / Merge,15,Non-Intersection,October,C: Possible Injury,15:48:00,Motorist Left Turn - Opposite Direction,2014,Yes,No,Daylight,Straight - Grade,Local Street,Dry,"Two-Way, Not Divided",None,"Driveway, Private",Coarse Asphalt,4 lanes,"35.1231529898, -77.0842381032"
753,Fayetteville,Cumberland,Coastal,Commercial,Urban (>70% Developed),BUNCE RD,Urban,30 - 35  MPH,No Control Present,Clear,No,32,30-39,NA,No,Not Applicable,C: Possible Injury,Non-Roadway,Black,Male,27,25-29,NA,No,0-5 mph,O: No Injury,White,Male,Sport Utility,No,10NOV2014,Monday,Bicyclist Failed to Yield - Midblock,19,Non-Intersection,November,C: Possible Injury,19:33:00,Bicyclist Ride Out - Other Midblock,2014,Yes,No,Dark - Lighted Roadway,Straight - Level,Local Street,Dry,"Two-Way, Divided, Unprotected Median",None,No Special Feature,Coarse Asphalt,3 lanes,"35.0572849115, -79.0028486813"
764,None - Rural Crash,Guilford,Piedmont,Residential,Mixed (30% To 70% Developed),SR 1546,Rural,40 - 45  MPH,No Control Present,Clear,No,70+,70+,NA,No,With Traffic,B: Evident Injury,Travel Lane,White,Male,17,0-19,NA,No,41-45 mph,O: No Injury,Asian,Male,Passenger Car,No,24NOV2014,Monday,Motorist Right Turn / Merge,15,Intersection,November,B: Evident Injury,15:59:00,Motorist Right Turn - Same Direction,2014,Yes,No,Daylight,Straight - Level,State Secondary Route,Dry,"Two-Way, Divided, Unprotected Median",None,T-Intersection,Smooth Asphalt,4 lanes,"36.0320700871, -79.9220830098"
766,None - Rural Crash,Pitt,Coastal,"Farms, Woods, Pastures",Rural (<30% Developed),US 264,Rural,50 - 55  MPH,No Control Present,Clear,No,17,16-19,NA,No,With Traffic,C: Possible Injury,Travel Lane,Black,Male,27,25-29,NA,No,51-55 mph,O: No Injury,Black,Female,Passenger Car,No,17NOV2014,Monday,Motorist Overtaking Bicyclist,18,Non-Intersection,November,C: Possible Injury,18:10:00,Motorist Overtaking - Undetected Bicyclist,2014,Yes,No,Dark - Roadway Not Lighted,Straight - Level,US Route,Dry,"Two-Way, Divided, Unprotected Median",None,No Special Feature,Smooth Asphalt,3 lanes,"35.6181520955, -77.1657661526"
767,Smithfield,Johnston,Coastal,Commercial,Urban (>70% Developed),US 301,Urban,50 - 55  MPH,No Control Present,Clear,No,56,50-59,NA,No,With Traffic,B: Evident Injury,Travel Lane,Black,Male,37,30-39,NA,No,51-55 mph,O: No Injury,White,Female,Passenger Car,No,05DEC2014,Friday,Loss of Control / Turning Error,4,Intersection,December,B: Evident Injury,04:18:00,Motorist Lost Control - Alcohol / Drug Impairment,2014,No,No,Dark - Lighted Roadway,Straight - Level,US Route,Dry,"Two-Way, Not Divided",None,No Special Feature,Coarse Asphalt,5 lanes,"35.5119740323, -78.3372625034"
770,Wilmington,New Hanover,Coastal,Residential,Urban (>70% Developed),WOOSTER ST,Urban,30 - 35  MPH,No Control Present,Clear,No,13,11-15,NA,No,Facing Traffic,B: Evident Injury,Travel Lane,Black,Male,27,25-29,NA,No,16-20 mph,O: No Injury,White,Female,Sport Utility,No,25NOV2014,Tuesday,Bicyclist Failed to Yield - Signalized Intersection,16,Intersection,November,B: Evident Injury,16:58:00,Bicyclist Ride Through - Signalized Intersection,2014,Yes,No,Dark - Lighted Roadway,Straight - Level,Local Street,Dry,"One-Way, Not Divided",None,Four-Way Intersection,Coarse Asphalt,3 lanes,"34.2265197649, -77.9315823173"
774,Lumberton,Robeson,Coastal,Commercial,Urban (>70% Developed),CEDAR ST,Urban,30 - 35  MPH,Stop Sign,Clear,No,18,16-19,NA,No,NA,O: No Injury,Travel Lane,Black,Male,62,60-69,NA,No,21-25 mph,O: No Injury,White,Male,Pickup,No,22NOV2014,Saturday,Loss of Control / Turning Error,12,Intersection,November,O: No Injury,12:32:00,Bicyclist Lost Control - Mechanical Problems,2014,Yes,No,Daylight,Straight - Level,Local Street,Dry,"Two-Way, Not Divided",None,Four-Way Intersection,Coarse Asphalt,2 lanes,"34.621516816, -79.0035326599"
783,Wilmington,New Hanover,Coastal,Residential,Urban (>70% Developed),MARKET ST,Urban,30 - 35  MPH,No Control Present,Clear,No,19,16-19,NA,No,Not Applicable,C: Possible Injury,Non-Roadway,White,Male,25,25-29,NA,No,31-35 mph,O: No Injury,Black,Female,Passenger Car,No,26NOV2014,Wednesday,Bicyclist Failed to Yield - Midblock,15,Non-Intersection,November,C: Possible Injury,15:47:00,Bicyclist Ride Out - Commercial Driveway / Alley,2014,No,No,Daylight,Straight - Level,Local Street,Dry,"Two-Way, Not Divided",None,No Special Feature,Smooth Asphalt,4 lanes,"34.2383227677, -77.9163923128"
791,Red Springs,Robeson,Coastal,Residential,Urban (>70% Developed),HUBERT MCLEAN RD,Rural,30 - 35  MPH,No Control Present,Clear,No,30,30-39,NA,No,With Traffic,Unknown Injury,Travel Lane,Black,Male,NA,NA,NA,Missing,31-35 mph,Unknown Injury,Unknown/Missing,NA,Passenger Car,No,01DEC2014,Monday,Motorist Overtaking Bicyclist,18,Non-Intersection,December,Unknown Injury,18:06:00,Motorist Overtaking - Other / Unknown,2014,No,Yes,Dark - Roadway Not Lighted,Straight - Level,Local Street,Dry,"Two-Way, Not Divided",NA,No Special Feature,Coarse Asphalt,2 lanes,"34.8041568495, -79.1867777242"
795,Raleigh,Wake,Piedmont,Commercial,Urban (>70% Developed),E HARGETT ST,Urban,30 - 35  MPH,Stop And Go Signal,Clear,No,44,40-49,NA,No,Facing Traffic,B: Evident Injury,Sidewalk / Crosswalk / Driveway Crossing,Hispanic,Male,70+,70+,NA,No,16-20 mph,O: No Injury,Asian,Male,Passenger Car,No,16DEC2014,Tuesday,Motorist Left Turn / Merge,7,Intersection,December,B: Evident Injury,07:10:00,Motorist Left Turn - Opposite Direction,2014,Yes,No,Dark - Lighted Roadway,Straight - Level,Local Street,Dry,"Two-Way, Not Divided",None,Four-Way Intersection,Smooth Asphalt,2 lanes,"35.7781710794, -78.6365026083"
796,Wilmington,NA,Coastal,Residential,Urban (>70% Developed),CASTLE ST,Urban,30 - 35  MPH,Stop And Go Signal,Cloudy,No,27,25-29,NA,No,Facing Traffic,B: Evident Injury,Sidewalk / Crosswalk / Driveway Crossing,White,Male,33,30-39,NA,No,0-5 mph,O: No Injury,White,Female,Passenger Car,No,06DEC2014,Saturday,Motorist Failed to Yield - Signalized Intersection,7,Intersection,December,B: Evident Injury,07:31:00,Motorist Drive Out - Signalized Intersection,2014,Yes,No,Daylight,Straight - Level,Local Street,Wet,"Two-Way, Not Divided",None,No Special Feature,Smooth Asphalt,3 lanes,"34.2280527643, -77.9450173208"
798,Wilmington,New Hanover,Coastal,Institutional,Urban (>70% Developed),WALTON DR,Urban,20 - 25  MPH,No Control Present,Clear,No,19,16-19,NA,No,With Traffic,C: Possible Injury,Sidewalk / Crosswalk / Driveway Crossing,White,Male,NA,NA,NA,Missing,16-20 mph,Unknown Injury,Unknown/Missing,NA,NA,No,05SEP2014,Friday,Motorist Left Turn / Merge,9,Intersection,September,C: Possible Injury,09:50:00,Motorist Left Turn - Opposite Direction,2014,No,Yes,Daylight,Straight - Level,Local Street,Dry,"Two-Way, Not Divided",None,T-Intersection,Smooth Asphalt,2 lanes,"34.2187297647, -77.8696822984"
802,None - Rural Crash,Cumberland,Coastal,Residential,Rural (<30% Developed),SR 2226,Rural,50 - 55  MPH,"Double Yellow Line, No Passing Zone",Rain,No,54,50-59,NA,"Yes-Alcohol,  impairment suspected",With Traffic,C: Possible Injury,Travel Lane,Native American,Male,57,50-59,NA,No,11-15 mph,Unknown Injury,White,Male,Passenger Car,Yes,24DEC2014,Wednesday,Motorist Overtaking Bicyclist,14,Non-Intersection,December,C: Possible Injury,14:17:00,Motorist Overtaking - Bicyclist Swerved,2014,Yes,No,Daylight,Straight - Level,State Secondary Route,Wet,"Two-Way, Not Divided",None,No Special Feature,Coarse Asphalt,2 lanes,"34.9316738921, -78.7642226034"
803,None - Rural Crash,Columbus,Coastal,Residential,Rural (<30% Developed),PP NORRIS RES,Rural,NA,No Control Present,Clear,No,11,11-15,NA,No,Not Applicable,B: Evident Injury,Non-Roadway,White,Male,32,30-39,NA,No,16-20 mph,O: No Injury,White,Female,Passenger Car,No,18DEC2014,Thursday,Non-Roadway,17,Non-Roadway,December,B: Evident Injury,17:00:00,Non-Roadway,2014,Yes,No,Daylight,Straight - Level,"Private Road, Driveway",Dry,"Two-Way, Not Divided",None,"Driveway, Private",Sand,NA,"34.1487867167, -78.876692598"
806,None - Rural Crash,New Hanover,Coastal,Commercial,Urban (>70% Developed),US 421,Rural,40 - 45  MPH,No Control Present,Cloudy,No,21,20-24,NA,No,With Traffic,B: Evident Injury,Travel Lane,White,Male,24,20-24,NA,No,31-35 mph,O: No Injury,Black,Female,Passenger Car,No,23DEC2014,Tuesday,Motorist Overtaking Bicyclist,13,Non-Intersection,December,B: Evident Injury,13:18:00,Motorist Overtaking - Bicyclist Swerved,2014,No,No,Daylight,Straight - Level,US Route,Dry,"Two-Way, Divided, Unprotected Median",None,Related To Intersection,Coarse Asphalt,4 lanes,"34.1475587482, -77.9006423045"
807,New Bern,Craven,Coastal,Commercial,Urban (>70% Developed),HOTEL DR,Urban,30 - 35  MPH,Stop Sign,Clear,No,17,16-19,NA,No,Facing Traffic,C: Possible Injury,Travel Lane,Black,Male,NA,NA,NA,Missing,0-5 mph,Unknown Injury,Unknown/Missing,NA,NA,No,31DEC2014,Wednesday,Motorist Failed to Yield - Sign-Controlled Intersection,12,Intersection,December,C: Possible Injury,12:25:00,Motorist Drive Out - Sign-Controlled Intersection,2014,No,Yes,Daylight,Straight - Level,Local Street,Dry,"Two-Way, Not Divided",None,T-Intersection,Smooth Asphalt,3 lanes,"35.1005769852, -77.0777760996"
810,None - Rural Crash,Gaston,Piedmont,"Farms, Woods, Pastures",Rural (<30% Developed),SR 1902,Rural,40 - 45  MPH,"Double Yellow Line, No Passing Zone",Clear,No,16,16-19,NA,No,Facing Traffic,K: Killed,Travel Lane,White,Male,16,0-19,NA,No,36-40 mph,O: No Injury,White,Female,Sport Utility,No,18DEC2014,Thursday,Head-On,19,Non-Intersection,December,K: Killed,19:54:00,Head-On - Bicyclist,2014,Yes,No,Dark - Roadway Not Lighted,Straight - Level,State Secondary Route,Dry,"Two-Way, Not Divided",None,No Special Feature,Smooth Asphalt,2 lanes,"35.371714904, -81.095843325"
827,None - Rural Crash,Cleveland,Mountains,"Farms, Woods, Pastures",Mixed (30% To 70% Developed),SR 1161,Rural,40 - 45  MPH,"Double Yellow Line, No Passing Zone",Clear,No,23,20-24,NA,No,With Traffic,C: Possible Injury,Travel Lane,White,Male,NA,NA,NA,Missing,41-45 mph,Unknown Injury,Unknown/Missing,NA,NA,No,04NOV2014,Tuesday,Motorist Overtaking Bicyclist,20,Non-Intersection,November,C: Possible Injury,20:00:00,Motorist Overtaking - Other / Unknown,2014,No,Yes,Dark - Roadway Not Lighted,Curve - Hillcrest,State Secondary Route,Dry,"Two-Way, Not Divided",None,No Special Feature,Smooth Asphalt,2 lanes,"35.2974538674, -81.6467734849"
828,Wilmington,New Hanover,Coastal,Residential,Urban (>70% Developed),BARCLAY HILLS DR,Urban,30 - 35  MPH,Stop Sign,Clear,No,30,30-39,NA,No,With Traffic,O: No Injury,Bike Lane / Paved Shoulder,White,Female,NA,NA,NA,Missing,16-20 mph,Unknown Injury,Unknown/Missing,NA,NA,No,26DEC2014,Friday,Motorist Right Turn / Merge,13,Intersection,December,O: No Injury,13:41:00,Motorist Right Turn - Same Direction,2014,No,Yes,Daylight,Straight - Level,Local Street,Dry,"Two-Way, Not Divided",None,Four-Way Intersection,Smooth Asphalt,5 lanes,"34.24325477, -77.8966023068"
833,Garner,Wake,Piedmont,Residential,Urban (>70% Developed),CORWIN RD,Urban,20 - 25  MPH,No Control Present,Clear,No,14,11-15,NA,No,With Traffic,C: Possible Injury,Travel Lane,Hispanic,Male,NA,NA,NA,NA,21-25 mph,Unknown Injury,Unknown/Missing,NA,Passenger Car,No,30OCT2014,Thursday,Head-On,16,Non-Intersection,October,C: Possible Injury,16:30:00,Head-On - Motorist,2014,Yes,Yes,Daylight,Straight - Level,Local Street,Dry,"Two-Way, Not Divided",None,No Special Feature,Coarse Asphalt,2 lanes,"35.7265500687, -78.6136575979"
834,Burlington,Alamance,Piedmont,Commercial,Urban (>70% Developed),87,Urban,30 - 35  MPH,Stop Sign,Clear,No,57,50-59,NA,"Yes-Alcohol and Drugs, no impairment detected",Facing Traffic,C: Possible Injury,Travel Lane,Black,Male,31,30-39,NA,No,0-5 mph,O: No Injury,Black,Female,Passenger Car,Yes,12JUN2014,Thursday,Motorist Failed to Yield - Sign-Controlled Intersection,12,Intersection,June,C: Possible Injury,12:23:00,Motorist Drive Out - Sign-Controlled Intersection,2014,Yes,No,Daylight,Straight - Bottom,NC Route,Dry,"Two-Way, Not Divided",None,T-Intersection,Coarse Asphalt,4 lanes,"36.0751791147, -79.41496286"
839,Jamestown,Guilford,Piedmont,Commercial,Urban (>70% Developed),SR 4121,Rural,30 - 35  MPH,"Double Yellow Line, No Passing Zone",Clear,No,57,50-59,NA,No,With Traffic,B: Evident Injury,Travel Lane,White,Male,33,30-39,NA,No,21-25 mph,O: No Injury,White,Male,Passenger Car,No,15OCT2014,Wednesday,Motorist Right Turn / Merge,17,Non-Intersection,October,B: Evident Injury,17:48:00,Motorist Right Turn - Same Direction,2014,Yes,No,Daylight,Straight - Grade,State Secondary Route,Dry,"Two-Way, Not Divided",None,"Driveway, Public",Smooth Asphalt,3 lanes,"35.9948840784, -79.9354630121"
848,Chapel Hill,Orange,Piedmont,Institutional,Urban (>70% Developed),S COLUMBIA ST,Urban,20 - 25  MPH,No Control Present,Clear,No,24,20-24,NA,No,With Traffic,C: Possible Injury,Travel Lane,Black,Male,29,25-29,NA,No,NA,O: No Injury,White,Male,Sport Utility,No,17APR2014,Thursday,Bicyclist Overtaking Motorist,18,Non-Intersection,April,C: Possible Injury,18:22:00,Bicyclist Overtaking - Extended Door,2014,No,No,Daylight,Straight - Level,Local Street,Dry,NA,None,No Special Feature,Smooth Asphalt,3 lanes,"35.9054070917, -79.0535027416"
849,Chapel Hill,Orange,Piedmont,Institutional,Urban (>70% Developed),RALEIGH ST,Urban,20 - 25  MPH,No Control Present,Cloudy,No,20,20-24,NA,No,With Traffic,C: Possible Injury,Travel Lane,White,Male,63,60-69,NA,No,0-5 mph,O: No Injury,White,Male,Sport Utility,No,04APR2014,Friday,Motorist Right Turn / Merge,11,Non-Intersection,April,C: Possible Injury,11:58:00,Motorist Right Turn - Same Direction,2014,No,No,Daylight,Straight - Level,Local Street,Dry,"Two-Way, Divided, Unprotected Median",None,No Special Feature,Smooth Asphalt,2 lanes,"35.9120590934, -79.0472027399"
851,None - Rural Crash,Gaston,Piedmont,"Farms, Woods, Pastures",Rural (<30% Developed),SR 2000,Rural,40 - 45  MPH,"Double Yellow Line, No Passing Zone",Clear,No,16,16-19,No,NA,With Traffic,B: Evident Injury,Travel Lane,White,Male,31,30-39,No,NA,41-45 mph,O: No Injury,White,Male,Pickup,No,02JAN2013,Wednesday,Motorist Overtaking Bicyclist,20,Non-Intersection,January,B: Evident Injury,20:35:00,Motorist Overtaking - Undetected Bicyclist,2013,No,No,Dark - Roadway Not Lighted,Straight - Level,State Secondary Route,Dry,"Two-Way, Not Divided",None,No Special Feature,Smooth Asphalt,2 lanes,"35.2896868874, -81.0685033121"
863,None - Rural Crash,Union,Piedmont,"Farms, Woods, Pastures",Rural (<30% Developed),SR 1514,Rural,50 - 55  MPH,"Double Yellow Line, No Passing Zone",Clear,No,70+,70+,No,NA,With Traffic,C: Possible Injury,Travel Lane,White,Male,NA,NA,Missing,NA,41-45 mph,Unknown Injury,Unknown/Missing,NA,Passenger Car,No,12JAN2013,Saturday,Motorist Overtaking Bicyclist,13,Non-Intersection,January,C: Possible Injury,13:15:00,Motorist Overtaking - Other / Unknown,2013,Yes,Yes,Daylight,Straight - Grade,State Secondary Route,Dry,"Two-Way, Not Divided",None,No Special Feature,Smooth Asphalt,2 lanes,"35.0927368632, -80.5851031573"
867,Lumberton,Robeson,Coastal,Commercial,Urban (>70% Developed),US 301,Urban,40 - 45  MPH,No Control Present,Cloudy,No,65,60-69,No,NA,With Traffic,B: Evident Injury,Travel Lane,White,Male,NA,NA,No,NA,41-45 mph,Unknown Injury,Unknown/Missing,NA,"Light Truck (Mini-Van, Panel)",No,18JAN2013,Friday,Motorist Overtaking Bicyclist,6,Non-Intersection,January,B: Evident Injury,06:30:00,Motorist Overtaking - Other / Unknown,2013,No,Yes,Dawn,Straight - Level,US Route,Wet,"Two-Way, Not Divided",None,No Special Feature,Coarse Asphalt,4 lanes,"34.6485768218, -79.0001026593"
869,None - Rural Crash,Orange,Piedmont,"Farms, Woods, Pastures",Rural (<30% Developed),SR 1709,Rural,40 - 45  MPH,"Double Yellow Line, No Passing Zone",Clear,No,61,60-69,No,NA,With Traffic,B: Evident Injury,Travel Lane,White,Male,17,0-19,No,NA,31-35 mph,O: No Injury,Hispanic,Female,Passenger Car,No,20JAN2013,Sunday,Motorist Right Turn / Merge,16,Intersection,January,B: Evident Injury,16:40:00,Motorist Right Turn - Same Direction,2013,Yes,No,Daylight,Straight - Grade,State Secondary Route,Dry,"Two-Way, Not Divided",None,T-Intersection,Smooth Asphalt,2 lanes,"36.0584971235, -79.0666027537"
879,Greenville,Pitt,Coastal,Commercial,Rural (<30% Developed),COLLEGE HILL DR,Urban,20 - 25  MPH,Stop And Go Signal,Clear,No,22,20-24,No,NA,With Traffic,C: Possible Injury,Travel Lane,White,Male,NA,NA,Missing,NA,0-5 mph,Unknown Injury,Unknown/Missing,NA,Passenger Car,No,29JAN2013,Tuesday,Motorist Right Turn / Merge,13,Intersection,January,C: Possible Injury,13:53:00,Motorist Right Turn - Same Direction,2013,No,Yes,Daylight,Straight - Level,Local Street,Dry,"Two-Way, Not Divided",None,Four-Way Intersection,Coarse Asphalt,3 lanes,"35.6039770855, -77.3618022112"
889,Wilmington,New Hanover,Coastal,Commercial,Urban (>70% Developed),PVA MILITARY CUTOFF RD,Urban,NA,No Control Present,Clear,No,22,20-24,No,NA,Not Applicable,B: Evident Injury,Non-Roadway,White,Male,19,0-19,No,NA,6-10 mph,O: No Injury,White,Male,Sport Utility,No,22JAN2013,Tuesday,Non-Roadway,16,Non-Roadway,January,B: Evident Injury,16:24:00,Non-Roadway,2013,Yes,No,Daylight,Straight - Level,Public Vehicular Area,Dry,"Two-Way, Not Divided",None,"Driveway, Public",Coarse Asphalt,NA,"34.2419567714, -77.8288022871"
891,None - Rural Crash,Henderson,Mountains,Residential,Mixed (30% To 70% Developed),SR 1539,Rural,40 - 45  MPH,"Double Yellow Line, No Passing Zone",Clear,No,60,60-69,No,NA,With Traffic,B: Evident Injury,Travel Lane,White,Male,70+,70+,No,NA,31-35 mph,O: No Injury,White,Female,Passenger Car,No,06FEB2013,Wednesday,Bicyclist Overtaking Motorist,16,Non-Intersection,February,B: Evident Injury,16:05:00,Bicyclist Overtaking - Other / Unknown,2013,Yes,No,Daylight,Straight - Grade,State Secondary Route,Dry,"Two-Way, Not Divided",None,No Special Feature,Smooth Asphalt,2 lanes,"35.4246568629, -82.480503739"
895,None - Rural Crash,New Hanover,Coastal,Residential,Urban (>70% Developed),US 117,Rural,40 - 45  MPH,"Double Yellow Line, No Passing Zone",Clear,No,55,50-59,No,NA,With Traffic,B: Evident Injury,Travel Lane,White,Male,21,20-24,No,NA,41-45 mph,O: No Injury,Asian,Male,Passenger Car,No,16FEB2013,Saturday,Bicyclist Right Turn / Merge,13,Intersection-Related,February,B: Evident Injury,13:14:00,Bicyclist Right Turn - Same Direction,2013,No,No,Daylight,Straight - Level,US Route,Dry,"Two-Way, Divided, Unprotected Median",None,No Special Feature,Smooth Asphalt,6 lanes,"34.2668667756, -77.8693022998"
903,Greensboro,Guilford,Piedmont,Commercial,Urban (>70% Developed),E BESSEMER AV,Urban,30 - 35  MPH,No Control Present,Clear,No,21,20-24,No,NA,With Traffic,C: Possible Injury,Travel Lane,White,Male,70+,70+,No,NA,11-15 mph,O: No Injury,Black,Female,Sport Utility,No,15FEB2013,Friday,Motorist Left Turn / Merge,14,Intersection-Related,February,C: Possible Injury,14:25:00,Motorist Left Turn - Opposite Direction,2013,Yes,No,Daylight,Straight - Level,Local Street,Dry,"Two-Way, Not Divided",None,"Driveway, Public",Smooth Asphalt,5 lanes,"36.0851371034, -79.7723029685"
908,Raleigh,Wake,Piedmont,Commercial,Urban (>70% Developed),FALLS OF NEUSE RD,Urban,40 - 45  MPH,Stop And Go Signal,Clear,No,55,50-59,No,NA,With Traffic,O: No Injury,Travel Lane,White,Male,27,25-29,No,NA,6-10 mph,O: No Injury,Black,Male,Passenger Car,No,20FEB2013,Wednesday,Motorist Left Turn / Merge,18,Intersection,February,O: No Injury,18:42:00,Motorist Left Turn - Opposite Direction,2013,No,Yes,Dark - Lighted Roadway,Straight - Level,Local Street,Dry,"Two-Way, Not Divided",None,T-Intersection,Smooth Asphalt,9 or more lanes,"35.8728971003, -78.6224026084"
911,Arapahoe,Pamlico,Coastal,"Farms, Woods, Pastures",Rural (<30% Developed),NC 306,Rural,30 - 35  MPH,"Double Yellow Line, No Passing Zone",Clear,No,16,16-19,No,NA,With Traffic,C: Possible Injury,Travel Lane,White,Male,16,0-19,No,NA,31-35 mph,O: No Injury,White,Male,Sport Utility,No,18FEB2013,Monday,Motorist Overtaking Bicyclist,19,Non-Intersection,February,C: Possible Injury,19:13:00,Motorist Overtaking - Bicyclist Swerved,2013,Yes,No,Dark - Roadway Not Lighted,Straight - Level,NC Route,Dry,"Two-Way, Not Divided",None,No Special Feature,Smooth Asphalt,2 lanes,"35.0261369771, -76.8258020199"
913,Fayetteville,Cumberland,Coastal,Commercial,Urban (>70% Developed),HAY ST,Urban,30 - 35  MPH,"Double Yellow Line, No Passing Zone",Clear,No,21,20-24,No,NA,With Traffic,C: Possible Injury,Sidewalk / Crosswalk / Driveway Crossing,White,Male,NA,NA,No,NA,26-30 mph,Unknown Injury,Unknown/Missing,NA,NA,No,12FEB2013,Tuesday,Parallel Paths - Other Circumstances,17,Intersection,February,C: Possible Injury,17:02:00,Bicyclist Ride Out - Parallel Path,2013,No,Yes,Daylight,Straight - Hillcrest,Local Street,Dry,"Two-Way, Divided, Unprotected Median",None,No Special Feature,Coarse Asphalt,4 lanes,"35.0560669149, -78.8950026489"
915,Raleigh,Wake,Piedmont,Commercial,Urban (>70% Developed),FAYETTEVILLE ST,Urban,20 - 25  MPH,Stop And Go Signal,Clear,No,33,30-39,No,NA,With Traffic,C: Possible Injury,Sidewalk / Crosswalk / Driveway Crossing,White,Female,40,40-49,No,NA,6-10 mph,O: No Injury,Black,Male,Passenger Car,No,23FEB2013,Saturday,Motorist Right Turn / Merge,19,Intersection,February,C: Possible Injury,19:35:00,Motorist Right Turn - Same Direction,2013,No,Yes,Dark - Lighted Roadway,Straight - Level,Local Street,Dry,"Two-Way, Not Divided",None,No Special Feature,Smooth Asphalt,2 lanes,"35.7795270793, -78.6392026086"
916,New Bern,Craven,Coastal,Institutional,Urban (>70% Developed),EDUCATIONAL DR,Urban,NA,No Control Present,Clear,No,31,30-39,No,NA,Not Applicable,C: Possible Injury,Non-Roadway,Black,Male,29,25-29,Missing,NA,NA,O: No Injury,White,Female,Van,No,15FEB2013,Friday,Non-Roadway,11,Non-Roadway,February,C: Possible Injury,11:45:00,Non-Roadway,2013,No,No,Daylight,Straight - Level,Public Vehicular Area,Dry,"Two-Way, Not Divided",None,No Special Feature,Smooth Asphalt,2 lanes,"35.109316987, -77.0793021012"
924,Greensboro,Guilford,Piedmont,Commercial,Urban (>70% Developed),VAN WERT,Urban,30 - 35  MPH,Stop Sign,Cloudy,No,20,20-24,No,NA,With Traffic,C: Possible Injury,Sidewalk / Crosswalk / Driveway Crossing,White,Male,68,60-69,No,NA,0-5 mph,O: No Injury,Black,Female,Van,No,25FEB2013,Monday,Motorist Left Turn / Merge,18,Intersection,February,C: Possible Injury,18:52:00,Motorist Left Turn - Same Direction,2013,Yes,No,Dark - Lighted Roadway,Straight - Grade,Local Street,Dry,"Two-Way, Not Divided",None,T-Intersection,Coarse Asphalt,2 lanes,"36.060987097, -79.8186029803"
926,Huntersville,Mecklenburg,Piedmont,Residential,Rural (<30% Developed),NC 73,Urban,40 - 45  MPH,No Control Present,Clear,No,67,60-69,No,NA,With Traffic,B: Evident Injury,Travel Lane,Black,Male,25,25-29,Yes,NA,46-50 mph,O: No Injury,White,Male,Pickup,Yes,24FEB2013,Sunday,Motorist Overtaking Bicyclist,14,Non-Intersection,February,B: Evident Injury,14:24:00,Motorist Overtaking - Other / Unknown,2013,Yes,Yes,Daylight,Straight - Level,NC Route,Dry,"Two-Way, Not Divided",None,No Special Feature,Smooth Asphalt,2 lanes,"35.4283869221, -80.9322032792"