object_id,city,county,region,development,locality,on_road,rural_urban,speed_limit,traffic_control,weather,workzone,bike_age,bike_age_group,bike_alcohol,bike_alcohol_drugs,bike_direction,bike_injury,bike_position,bike_race,bike_sex,driver_age,driver_age_group,driver_alcohol,driver_alcohol_drugs,driver_est_speed,driver_injury,driver_race,driver_sex,driver_vehicle_type,crash_alcohol,crash_date,crash_day,crash_group,crash_hour,crash_location,crash_month,crash_severity,crash_time,crash_type,crash_year,ambulance_req,hit_run,light_condition,road_character,road_class,road_condition,road_configuration,road_defects,road_feature,road_surface,num_lanes,geo_point
930,Raleigh,Wake,Piedmont,Commercial,Urban (>70% Developed),CAPITAL BLVD,Urban,5 - 15 MPH,No Control Present,Clear,No,60,60-69,No,NA,Facing Traffic,C: Possible Injury,Travel Lane,Other,Male,25,25-29,No,NA,0-5 mph,O: No Injury,Black,Female,Passenger Car,No,04MAR2013,Monday,Motorist Failed to Yield - Midblock,17,Non-Intersection,March,C: Possible Injury,17:47:00,Motorist Drive Out - Commercial Driveway / Alley,2013,No,No,Daylight,Straight - Level,Local Street,Dry,"Two-Way, Divided, Positive Median Barrier",None,Other,Concrete,6 lanes,"35.8188070892, -78.5958025979"
943,Greenville,Pitt,Coastal,Commercial,Urban (>70% Developed),ARLINGTON BLVD,Urban,30 - 35  MPH,No Control Present,Clear,No,31,30-39,No,NA,With Traffic,C: Possible Injury,Travel Lane,Other,Male,46,40-49,No,NA,0-5 mph,O: No Injury,Black,Female,Passenger Car,No,07MAR2013,Thursday,Bicyclist Overtaking Motorist,16,Non-Intersection,March,C: Possible Injury,16:24:00,Bicyclist Overtaking - Other / Unknown,2013,No,No,Daylight,Straight - Level,Local Street,Dry,"Two-Way, Divided, Positive Median Barrier",None,No Special Feature,Coarse Asphalt,4 lanes,"35.5912270821, -77.3799022159"
944,Raleigh,Wake,Piedmont,Residential,Urban (>70% Developed),NEW LEESVILLE RD,Urban,40 - 45  MPH,No Control Present,Clear,No,48,40-49,No,NA,With Traffic,C: Possible Injury,Travel Lane,White,Male,49,40-49,No,NA,26-30 mph,O: No Injury,Other,Female,Passenger Car,No,09MAR2013,Saturday,Motorist Overtaking Bicyclist,14,Non-Intersection,March,C: Possible Injury,14:52:00,Motorist Overtaking - Other / Unknown,2013,Yes,No,Daylight,Straight - Level,Local Street,Dry,"Two-Way, Divided, Unprotected Median",None,No Special Feature,Smooth Asphalt,2 lanes,"35.9208671058, -78.7415026474"
945,Lumberton,Robeson,Coastal,Commercial,Urban (>70% Developed),ROBERTS AVE,Urban,40 - 45  MPH,Stop And Go Signal,Cloudy,No,47,40-49,No,NA,Facing Traffic,C: Possible Injury,Travel Lane,Black,Male,70+,70+,No,NA,16-20 mph,O: No Injury,White,Male,Passenger Car,No,13MAR2013,Wednesday,Bicyclist Failed to Yield - Signalized Intersection,20,Intersection,March,C: Possible Injury,20:02:00,Bicyclist Ride Out - Signalized  Intersection,2013,No,No,Dawn,Straight - Level,Local Street,Dry,"Two-Way, Not Divided",None,Four-Way Intersection,Coarse Asphalt,5 lanes,"34.6323868192, -78.9925026564"
954,Kannapolis,Cabarrus,Piedmont,Commercial,Urban (>70% Developed),BARNETT ST,Urban,30 - 35  MPH,Stop Sign,Clear,No,43,40-49,No,NA,With Traffic,C: Possible Injury,Travel Lane,White,Male,63,60-69,No,NA,0-5 mph,O: No Injury,Black,Male,Passenger Car,No,04MAR2013,Monday,Motorist Failed to Yield - Sign-Controlled Intersection,15,Intersection,March,C: Possible Injury,15:08:00,Motorist Drive Out - Sign-Controlled Intersection,2013,Yes,No,Daylight,Straight - Level,Local Street,Dry,"Two-Way, Not Divided",None,T-Intersection,Smooth Asphalt,2 lanes,"35.4777669439, -80.6115031859"
956,Chapel Hill,Orange,Piedmont,Residential,Urban (>70% Developed),W BARBEE CHAPEL RD,Urban,30 - 35  MPH,Stop And Go Signal,Cloudy,No,64,60-69,No,NA,Facing Traffic,C: Possible Injury,Sidewalk / Crosswalk / Driveway Crossing,Black,Male,60,60-69,No,NA,6-10 mph,O: No Injury,White,Female,Passenger Car,No,06MAR2013,Wednesday,Motorist Failed to Yield - Signalized Intersection,10,Intersection,March,C: Possible Injury,10:28:00,Motorist Drive Out - Right Turn on Red,2013,No,No,Daylight,Straight - Level,Local Street,Dry,"Two-Way, Not Divided",None,No Special Feature,Smooth Asphalt,3 lanes,"35.9054270932, -79.0163027298"
963,Asheboro,Randolph,Piedmont,Commercial,Urban (>70% Developed),US 220,Urban,NA,No Control Present,Clear,No,13,11-15,No,NA,With Traffic,C: Possible Injury,Travel Lane,Hispanic,Male,42,40-49,No,NA,NA,O: No Injury,White,Female,Passenger Car,No,11MAR2013,Monday,Motorist Overtaking Bicyclist,19,Intersection-Related,March,C: Possible Injury,19:07:00,Motorist Overtaking - Bicyclist Swerved,2013,Yes,No,Dawn,Straight - Level,US Route,Dry,"Two-Way, Divided, Unprotected Median",None,No Special Feature,Concrete,3 lanes,"35.6868270172, -79.8164029592"
967,None - Rural Crash,Randolph,Piedmont,"Farms, Woods, Pastures",Rural (<30% Developed),SR 1526,Rural,50 - 55  MPH,"Double Yellow Line, No Passing Zone",Clear,No,54,50-59,No,NA,With Traffic,O: No Injury,Travel Lane,White,Male,68,60-69,No,NA,41-45 mph,O: No Injury,White,Male,Pickup,No,28MAR2013,Thursday,Motorist Overtaking Bicyclist,17,Non-Intersection,March,O: No Injury,17:08:00,Motorist Overtaking - Other / Unknown,2013,No,No,Daylight,Straight - Grade,State Secondary Route,Dry,"Two-Way, Not Divided",None,Railroad Crossing,Coarse Asphalt,2 lanes,"35.8573970507, -79.9058029954"
969,Salisbury,Rowan,Piedmont,Residential,Urban (>70% Developed),LINCOLNTON RD,Urban,30 - 35  MPH,No Control Present,Clear,No,12,11-15,No,NA,With Traffic,B: Evident Injury,Sidewalk / Crosswalk / Driveway Crossing,Black,Female,28,25-29,No,NA,31-35 mph,O: No Injury,White,Female,Passenger Car,No,29MAR2013,Friday,Parallel Paths - Other Circumstances,18,Non-Intersection,March,B: Evident Injury,18:18:00,Bicyclist Ride Out - Parallel Path,2013,Yes,No,Daylight,Straight - Level,Local Street,Dry,"Two-Way, Divided, Unprotected Median",None,"Driveway, Public",Smooth Asphalt,2 lanes,"35.6646969882, -80.4887031605"
1745,Winston-Salem,Forsyth,Piedmont,Commercial,Urban (>70% Developed),STRATFORD RD,Urban,40 - 45  MPH,"Double Yellow Line, No Passing Zone",Clear,No,51,50-59,No,NA,With Traffic,C: Possible Injury,Travel Lane,White,Male,22,20-24,No,NA,0-5 mph,O: No Injury,Hispanic,Male,Sport Utility,No,10SEP2013,Tuesday,Motorist Overtaking Bicyclist,22,Intersection-Related,September,C: Possible Injury,22:43:00,Motorist Overtaking - Undetected Bicyclist,2013,Yes,No,Dark - Lighted Roadway,Straight - Level,Local Street,Dry,"Two-Way, Divided, Unprotected Median",None,No Special Feature,Smooth Asphalt,4 lanes,"36.0637170789, -80.310503129"
1728,Wilmington,New Hanover,Coastal,Residential,Urban (>70% Developed),WRIGHTSVILLE AVE,Urban,30 - 35  MPH,Stop And Go Signal,Clear,No,52,50-59,Yes,NA,Facing Traffic,B: Evident Injury,Travel Lane,White,Female,28,25-29,No,NA,26-30 mph,O: No Injury,Black,Male,Passenger Car,Yes,02DEC2013,Monday,Bicyclist Failed to Yield - Signalized Intersection,22,Intersection,December,B: Evident Injury,22:50:00,Bicyclist Ride Through - Signalized Intersection,2013,Yes,No,Dark - Lighted Roadway,Straight - Level,Local Street,Dry,"Two-Way, Not Divided",None,Four-Way Intersection,Coarse Asphalt,2 lanes,"34.2137067634, -77.8816023018"
1729,Wilmington,New Hanover,Coastal,"Farms, Woods, Pastures",Urban (>70% Developed),MARKET ST,Urban,40 - 45  MPH,No Control Present,Clear,No,28,25-29,No,NA,With Traffic,A: Disabling Injury,Bike Lane / Paved Shoulder,Black,Male,62,60-69,No,NA,41-45 mph,O: No Injury,White,Female,Passenger Car,No,11DEC2013,Wednesday,Motorist Overtaking Bicyclist,18,Non-Intersection,December,A: Disabling Injury,18:18:00,Motorist Overtaking - Other / Unknown,2013,Yes,No,Dark - Lighted Roadway,Straight - Level,US Route,Dry,"Two-Way, Not Divided",None,No Special Feature,Smooth Asphalt,5 lanes,"34.257746775, -77.8381022901"
1736,Cary,Wake,Piedmont,Residential,Urban (>70% Developed),MORRISVILLE PKWY,Urban,30 - 35  MPH,Stop And Go Signal,Clear,No,23,20-24,No,NA,With Traffic,O: No Injury,Sidewalk / Crosswalk / Driveway Crossing,Black,Male,44,40-49,No,NA,11-15 mph,O: No Injury,Asian,Female,"Light Truck (Mini-Van, Panel)",No,13DEC2013,Friday,Motorist Left Turn / Merge,8,Intersection,December,O: No Injury,08:08:00,Motorist Left Turn - Opposite Direction,2013,Yes,No,Daylight,Straight - Level,Local Street,Dry,"Two-Way, Divided, Unprotected Median",None,Four-Way Intersection,Smooth Asphalt,8 lanes,"35.8136270797, -78.8483026743"
1721,Raleigh,Wake,Piedmont,Commercial,Urban (>70% Developed),US 401,Urban,30 - 35  MPH,Stop Sign,Clear,No,15,11-15,No,NA,Facing Traffic,C: Possible Injury,Bike Lane / Paved Shoulder,White,Male,50,50-59,No,NA,11-15 mph,O: No Injury,White,Male,Sport Utility,No,13NOV2013,Wednesday,Motorist Failed to Yield - Sign-Controlled Intersection,18,Intersection,November,C: Possible Injury,18:45:00,Motorist Drive Out - Sign-Controlled Intersection,2013,Yes,No,Dark - Roadway Not Lighted,Straight - Level,US Route,Dry,"Two-Way, Not Divided",None,T-Intersection,Smooth Asphalt,3 lanes,"35.911827114, -78.4756025668"
1744,Ayden,Pitt,Coastal,"Farms, Woods, Pastures",Mixed (30% To 70% Developed),NC 11,Rural,60 - 75 MPH,Stop Sign,Clear,No,69,60-69,No,NA,With Traffic,B: Evident Injury,Travel Lane,White,Male,30,30-39,No,NA,56-60 mph,B: Evident Injury,Black,Female,Passenger Car,No,21NOV2013,Thursday,Crossing Paths - Other Circumstances,17,Intersection,November,B: Evident Injury,17:15:00,Sign-Controlled Intersection - Other / Unknown,2013,Yes,No,Dark - Unknown Lighting,Straight - Level,NC Route,Dry,"Two-Way, Divided, Unprotected Median",None,No Special Feature,Smooth Asphalt,4 lanes,"35.4919570597, -77.4285022267"
1750,Raleigh,Wake,Piedmont,Commercial,Urban (>70% Developed),NA,Urban,30 - 35  MPH,Stop And Go Signal,Clear,No,45,40-49,No,NA,Facing Traffic,O: No Injury,Sidewalk / Crosswalk / Driveway Crossing,Black,Male,43,40-49,No,NA,31-35 mph,O: No Injury,White,Male,Passenger Car,No,06JAN2012,Friday,Bicyclist Failed to Yield - Signalized Intersection,11,Intersection,January,O: No Injury,11:35:00,Bicyclist Ride Through - Signalized Intersection,2012,No,No,Daylight,Straight - Level,Local Street,Dry,"One-Way, Not Divided",None,Four-Way Intersection,Smooth Asphalt,4 lanes,"35.7826170803, -78.6417026104"
1752,None - Rural Crash,Pitt,Coastal,Residential,Mixed (30% To 70% Developed),NA,Rural,50 - 55  MPH,No Control Present,Cloudy,No,21,20-24,No,NA,Not Applicable,A: Disabling Injury,Travel Lane,White,Male,31,30-39,No,NA,31-35 mph,O: No Injury,White,Female,Van,No,09JAN2012,Monday,Head-On,18,Non-Intersection,January,A: Disabling Injury,18:25:00,Head-On - Motorist,2012,Yes,No,Dark - Roadway Not Lighted,Straight - Level,US Route,Wet,"Two-Way, Not Divided",None,No Special Feature,Coarse Asphalt,5 lanes,"35.5807270828, -77.3013021924"
1724,Greenville,Pitt,Coastal,Residential,Urban (>70% Developed),YORK RD,Urban,30 - 35  MPH,No Control Present,Clear,No,39,30-39,No,NA,Facing Traffic,B: Evident Injury,Travel Lane,White,Female,41,40-49,No,NA,31-35 mph,O: No Injury,White,Male,Sport Utility,No,26SEP2013,Thursday,Head-On,7,Non-Intersection,September,B: Evident Injury,07:11:00,Head-On - Bicyclist,2013,Yes,No,Daylight,Straight - Level,Local Street,Dry,"Two-Way, Not Divided",None,No Special Feature,Coarse Asphalt,2 lanes,"35.5838570824, -77.3405022039"
1852,Charlotte,Mecklenburg,Piedmont,Commercial,Urban (>70% Developed),NA,Urban,30 - 35  MPH,Stop And Go Signal,Clear,No,42,40-49,No,NA,Facing Traffic,C: Possible Injury,Sidewalk / Crosswalk / Driveway Crossing,Black,Male,42,40-49,No,NA,0-5 mph,O: No Injury,White,Male,"Single Unit Truck (2-Axle, 6-Tire)",No,20MAR2012,Tuesday,Motorist Failed to Yield - Signalized Intersection,7,Intersection,March,C: Possible Injury,07:17:00,Motorist Drive Out - Right Turn on Red,2012,Yes,No,Daylight,Straight - Level,Local Street,Dry,"Two-Way, Not Divided",None,No Special Feature,Smooth Asphalt,2 lanes,"35.2338968838, -80.8492032437"
1857,Charlotte,Mecklenburg,Piedmont,Commercial,Urban (>70% Developed),NA,Urban,30 - 35  MPH,Stop Sign,Clear,No,28,25-29,Missing,NA,Facing Traffic,B: Evident Injury,Sidewalk / Crosswalk / Driveway Crossing,White,Male,55,50-59,No,NA,0-5 mph,O: No Injury,White,Male,Passenger Car,No,20MAR2012,Tuesday,Motorist Failed to Yield - Sign-Controlled Intersection,11,Intersection,March,B: Evident Injury,11:33:00,Motorist Drive Out - Sign-Controlled Intersection,2012,Yes,No,Daylight,Straight - Level,Local Street,Dry,"Two-Way, Divided, Unprotected Median",None,T-Intersection,Smooth Asphalt,2 lanes,"35.1488168659, -80.8325032346"
1863,None - Rural Crash,Dare,Coastal,Residential,Urban (>70% Developed),NA,Rural,20 - 25  MPH,"Double Yellow Line, No Passing Zone",Clear,No,12,11-15,No,NA,With Traffic,B: Evident Injury,Bike Lane / Paved Shoulder,White,Male,70+,70+,No,NA,21-25 mph,O: No Injury,White,Male,Passenger Car,No,23MAR2012,Friday,Loss of Control / Turning Error,7,Non-Intersection,March,B: Evident Injury,07:42:00,Bicyclist Lost Control - Other / Unknown,2012,Yes,No,Daylight,Straight - Level,US Route,Dry,"Two-Way, Not Divided",None,No Special Feature,Coarse Asphalt,2 lanes,"35.2676170719, -75.5321016347"
1869,Durham,Durham,Piedmont,Commercial,Urban (>70% Developed),NA,Urban,30 - 35  MPH,No Control Present,Clear,No,32,30-39,No,NA,With Traffic,C: Possible Injury,Travel Lane,White,Male,NA,NA,Missing,NA,0-5 mph,Unknown Injury,Unknown/Missing,NA,Van,No,23MAR2012,Friday,Loss of Control / Turning Error,16,Non-Intersection,March,C: Possible Injury,16:00:00,Bicyclist Lost Control - Mechanical Problems,2012,No,No,Daylight,Straight - Level,Local Street,Dry,"Two-Way, Not Divided",None,No Special Feature,Coarse Asphalt,2 lanes,"36.0075671181, -78.9210027071"
1881,Durham,Durham,Piedmont,Residential,Urban (>70% Developed),NA,Urban,40 - 45  MPH,No Control Present,Clear,No,43,40-49,No,NA,With Traffic,C: Possible Injury,Travel Lane,White,Female,28,25-29,No,NA,31-35 mph,O: No Injury,Other,Male,Passenger Car,No,02APR2012,Monday,Motorist Overtaking Bicyclist,19,Non-Intersection,April,C: Possible Injury,19:22:00,Motorist Overtaking - Undetected Bicyclist,2012,No,No,Daylight,Straight - Hillcrest,Local Street,Dry,"Two-Way, Divided, Unprotected Median",None,No Special Feature,Smooth Asphalt,4 lanes,"36.0168571208, -78.9019027015"
1867,Lumberton,Robeson,Coastal,Commercial,Urban (>70% Developed),NA,Urban,30 - 35  MPH,Stop And Go Signal,Clear,No,43,40-49,No,NA,With Traffic,C: Possible Injury,Travel Lane,White,Male,25,25-29,No,NA,31-35 mph,O: No Injury,White,Female,Passenger Car,No,27MAR2012,Tuesday,Bicyclist Failed to Yield - Signalized Intersection,13,Intersection,March,C: Possible Injury,13:00:00,Bicyclist Failed to Clear - Trapped,2012,No,No,Daylight,Straight - Level,Local Street,Dry,"Two-Way, Not Divided",None,Four-Way Intersection,Coarse Asphalt,8 lanes,"34.6120768152, -78.980302652"
1879,Aberdeen,Moore,Piedmont,Residential,Urban (>70% Developed),NA,Rural,30 - 35  MPH,Stop Sign,Clear,No,23,20-24,No,NA,With Traffic,B: Evident Injury,Travel Lane,White,Male,20,20-24,No,NA,26-30 mph,O: No Injury,Black,Female,Passenger Car,No,21MAR2012,Wednesday,Loss of Control / Turning Error,12,Intersection,March,B: Evident Injury,12:39:00,Bicyclist Lost Control - Mechanical Problems,2012,Yes,No,Daylight,Straight - Level,Local Street,Dry,"Two-Way, Not Divided",None,No Special Feature,Coarse Asphalt,2 lanes,"35.1305069123, -79.432602814"
1877,None - Rural Crash,Cabarrus,Piedmont,Residential,Rural (<30% Developed),NA,Rural,5 - 15 MPH,No Control Present,Clear,No,5,0-5,No,NA,With Traffic,B: Evident Injury,Travel Lane,White,Male,36,30-39,No,NA,6-10 mph,O: No Injury,White,Female,Passenger Car,No,28MAR2012,Wednesday,Head-On,18,Non-Intersection,March,B: Evident Injury,18:33:00,Head-On - Bicyclist,2012,Yes,No,Daylight,Straight - Grade,Local Street,Dry,"Two-Way, Not Divided",None,No Special Feature,Smooth Asphalt,2 lanes,"35.3504169199, -80.5295031545"
1950,Charlotte,Mecklenburg,Piedmont,Commercial,Urban (>70% Developed),NA,Urban,40 - 45  MPH,Stop Sign,Clear,No,29,25-29,No,NA,Facing Traffic,C: Possible Injury,Sidewalk / Crosswalk / Driveway Crossing,Black,Male,48,40-49,No,NA,0-5 mph,O: No Injury,White,Female,Passenger Car,No,13APR2012,Friday,Motorist Failed to Yield - Midblock,13,Non-Intersection,April,C: Possible Injury,13:40:00,Motorist Drive Out - Commercial Driveway / Alley,2012,Yes,No,Daylight,Straight - Level,Local Street,Dry,"Two-Way, Not Divided",None,T-Intersection,Smooth Asphalt,2 lanes,"35.2117768841, -80.689603195"
1960,None - Rural Crash,Cleveland,Mountains,"Farms, Woods, Pastures",Rural (<30% Developed),NA,Rural,40 - 45  MPH,"Double Yellow Line, No Passing Zone",Clear,No,42,40-49,No,NA,With Traffic,O: No Injury,Travel Lane,White,Male,38,30-39,No,NA,36-40 mph,O: No Injury,White,Female,Sport Utility,No,26APR2012,Thursday,Motorist Right Turn / Merge,18,Intersection,April,O: No Injury,18:10:00,Motorist Right Turn - Same Direction,2012,No,No,Daylight,Straight - Level,State Secondary Route,Dry,"Two-Way, Not Divided",None,T-Intersection,Smooth Asphalt,2 lanes,"35.3254768741, -81.6214034789"
1957,Vass,Moore,Piedmont,Commercial,Rural (<30% Developed),NA,Rural,60 - 75 MPH,No Control Present,Clear,No,26,25-29,No,NA,With Traffic,B: Evident Injury,Bike Lane / Paved Shoulder,White,Female,53,50-59,No,NA,56-60 mph,O: No Injury,White,Male,Passenger Car,No,27APR2012,Friday,Motorist Overtaking Bicyclist,11,Non-Intersection,April,B: Evident Injury,11:58:00,Motorist Overtaking - Other / Unknown,2012,Yes,No,Daylight,Straight - Level,US Route,Dry,"Two-Way, Divided, Positive Median Barrier",None,No Special Feature,Smooth Asphalt,4 lanes,"35.2470569427, -79.2792027738"
1948,Greensboro,Guilford,Piedmont,Commercial,Urban (>70% Developed),NA,Urban,30 - 35  MPH,Stop And Go Signal,Clear,No,28,25-29,No,NA,With Traffic,C: Possible Injury,Bike Lane / Paved Shoulder,Asian,Male,21,20-24,No,NA,6-10 mph,O: No Injury,White,Female,Passenger Car,No,02APR2012,Monday,Motorist Left Turn / Merge,19,Intersection,April,C: Possible Injury,19:39:00,Motorist Left Turn - Opposite Direction,2012,No,No,Daylight,Straight - Level,Local Street,Dry,"Two-Way, Not Divided",None,Four-Way Intersection,Smooth Asphalt,2 lanes,"36.0637470972, -79.8239029828"
1952,Stallings,Union,Piedmont,Residential,Mixed (30% To 70% Developed),NA,Urban,40 - 45  MPH,No Control Present,Clear,No,45,40-49,No,NA,With Traffic,B: Evident Injury,Travel Lane,White,Male,59,50-59,No,NA,6-10 mph,O: No Injury,White,Female,Passenger Car,No,07APR2012,Saturday,Motorist Left Turn / Merge,3,Non-Intersection,April,B: Evident Injury,03:48:00,Motorist Left Turn - Opposite Direction,2012,Yes,No,Daylight,Curve - Hillcrest,Local Street,Dry,"Two-Way, Not Divided",None,No Special Feature,Smooth Asphalt,2 lanes,"35.1061768622, -80.6747031855"
1964,Wilmington,New Hanover,Coastal,Residential,Urban (>70% Developed),NA,Urban,30 - 35  MPH,Stop Sign,Clear,No,54,50-59,No,NA,With Traffic,B: Evident Injury,Travel Lane,Black,Male,32,30-39,No,NA,21-25 mph,O: No Injury,Black,Male,Pickup,No,20APR2012,Friday,Crossing Paths - Other Circumstances,18,Intersection,April,B: Evident Injury,18:51:00,Sign-Controlled Intersection - Other / Unknown,2012,Yes,No,Daylight,Straight - Level,Local Street,Dry,"One-Way, Not Divided",None,No Special Feature,Coarse Asphalt,3 lanes,"34.2264867651, -77.9330023172"
1945,Wilmington,New Hanover,Coastal,Residential,Urban (>70% Developed),NA,Urban,40 - 45  MPH,Stop And Go Signal,Clear,No,44,40-49,No,NA,With Traffic,B: Evident Injury,Travel Lane,White,Male,22,20-24,No,NA,6-10 mph,O: No Injury,White,Male,Passenger Car,No,10APR2012,Tuesday,Motorist Left Turn / Merge,17,Intersection,April,B: Evident Injury,17:36:00,Motorist Left Turn - Opposite Direction,2012,Yes,No,Daylight,Curve - Grade,Local Street,Dry,"Two-Way, Not Divided",None,T-Intersection,Smooth Asphalt,3 lanes,"34.1951567598, -77.8708022973"
1961,None - Rural Crash,Henderson,Mountains,"Farms, Woods, Pastures",Rural (<30% Developed),NA,Rural,40 - 45  MPH,"Double Yellow Line, No Passing Zone",Rain,No,42,40-49,No,NA,With Traffic,B: Evident Injury,Travel Lane,White,Male,24,20-24,No,NA,36-40 mph,O: No Injury,Hispanic,Male,Passenger Car,No,25APR2012,Wednesday,Head-On,20,Non-Intersection,April,B: Evident Injury,20:01:00,Head-On - Motorist,2012,Yes,No,Dusk,Curve - Level,State Secondary Route,Wet,"Two-Way, Not Divided",None,Bridge,Concrete,2 lanes,"35.4058868574, -82.5157037479"
1975,Wilson,Wilson,Coastal,Residential,Urban (>70% Developed),NA,Urban,30 - 35  MPH,No Control Present,Clear,No,9,6-10,No,NA,With Traffic,O: No Injury,Travel Lane,Black,Male,61,60-69,No,NA,NA,O: No Injury,Black,Male,Van,No,29MAR2012,Thursday,Bicyclist Left Turn / Merge,17,Intersection-Related,March,O: No Injury,17:47:00,Bicyclist Left Turn - Same Direction,2012,No,No,Daylight,Straight - Bottom,Local Street,Dry,"Two-Way, Not Divided",None,No Special Feature,Smooth Asphalt,5 lanes,"35.7447370977, -77.9090023849"
1979,Raleigh,Wake,Piedmont,"Farms, Woods, Pastures",Urban (>70% Developed),NA,Urban,40 - 45  MPH,No Control Present,Clear,No,38,30-39,No,NA,With Traffic,B: Evident Injury,Bike Lane / Paved Shoulder,White,Male,39,30-39,Yes,NA,41-45 mph,O: No Injury,White,Female,Van,Yes,29APR2012,Sunday,Loss of Control / Turning Error,21,Non-Intersection,April,B: Evident Injury,21:53:00,Motorist Lost Control - Other / Unknown,2012,Yes,No,Dark - Roadway Not Lighted,Straight - Level,Local Street,Dry,"Two-Way, Divided, Unprotected Median",None,No Special Feature,Smooth Asphalt,4 lanes,"35.7955270809, -78.7019026287"
2003,Charlotte,Mecklenburg,Piedmont,Residential,Urban (>70% Developed),NA,Urban,30 - 35  MPH,Stop Sign,Clear,No,46,40-49,Missing,NA,With Traffic,C: Possible Injury,Travel Lane,White,Male,23,20-24,No,NA,NA,O: No Injury,White,Female,Passenger Car,No,05MAY2012,Saturday,Motorist Failed to Yield - Sign-Controlled Intersection,13,Intersection,May,C: Possible Injury,13:06:00,Motorist Drive Out - Sign-Controlled Intersection,2012,No,No,Daylight,Straight - Grade,Local Street,Dry,"Two-Way, Divided, Unprotected Median",None,Four-Way Intersection,Smooth Asphalt,4 lanes,"35.1862568733, -80.8402032391"
2000,Raleigh,Wake,Piedmont,Commercial,Urban (>70% Developed),NA,Urban,30 - 35  MPH,Other,Clear,No,20,20-24,No,NA,Facing Traffic,C: Possible Injury,Sidewalk / Crosswalk / Driveway Crossing,White,Female,44,40-49,No,NA,0-5 mph,O: No Injury,White,Male,Passenger Car,No,24APR2012,Tuesday,Motorist Failed to Yield - Midblock,12,Non-Intersection,April,C: Possible Injury,12:14:00,Motorist Drive Out - Commercial Driveway / Alley,2012,Yes,No,Daylight,Straight - Level,Public Vehicular Area,Dry,"Two-Way, Not Divided",None,"Driveway, Public",Smooth Asphalt,2 lanes,"35.7786270797, -78.6383026087"
2007,Stanley,Gaston,Piedmont,Commercial,Urban (>70% Developed),NA,Rural,NA,No Control Present,Clear,No,36,30-39,No,NA,Facing Traffic,C: Possible Injury,Sidewalk / Crosswalk / Driveway Crossing,White,Male,70+,70+,No,NA,NA,O: No Injury,White,Female,Passenger Car,No,01MAR2012,Thursday,Loss of Control / Turning Error,17,Non-Intersection,March,C: Possible Injury,17:10:00,Bicyclist Lost Control - Mechanical Problems,2012,No,No,Daylight,Straight - Grade,Public Vehicular Area,Dry,"Two-Way, Not Divided",None,T-Intersection,Smooth Asphalt,NA,"35.3550469007, -81.0912033227"
1998,None - Rural Crash,Gaston,Piedmont,Commercial,Mixed (30% To 70% Developed),NA,Rural,50 - 55  MPH,No Control Present,Clear,No,51,50-59,No,NA,With Traffic,B: Evident Injury,Travel Lane,White,Male,33,30-39,No,NA,51-55 mph,O: No Injury,White,Male,Pickup,No,03MAY2012,Thursday,Motorist Overtaking Bicyclist,19,Non-Intersection,May,B: Evident Injury,19:45:00,Motorist Overtaking - Misjudged Space,2012,No,No,Daylight,Straight - Grade,NC Route,Dry,"Two-Way, Divided, Unprotected Median",None,No Special Feature,Smooth Asphalt,4 lanes,"35.4017769013, -81.3357033987"
1980,None - Rural Crash,Jones,Coastal,Residential,Rural (<30% Developed),NA,Rural,40 - 45  MPH,No Control Present,Clear,No,NA,NA,No,NA,With Traffic,Unknown Injury,Travel Lane,Unknown/Missing,NA,38,30-39,No,NA,41-45 mph,O: No Injury,White,Female,Van,No,03MAY2012,Thursday,Motorist Overtaking Bicyclist,17,Non-Intersection,May,O: No Injury,17:07:00,Motorist Overtaking - Bicyclist Swerved,2012,No,No,Daylight,Straight - Level,NC Route,Dry,"Two-Way, Not Divided",None,No Special Feature,Coarse Asphalt,2 lanes,"35.0967969756, -77.343202181"
2004,Boone,Watauga,Mountains,Institutional,Urban (>70% Developed),NA,Urban,20 - 25  MPH,No Control Present,Rain,No,20,20-24,No,NA,With Traffic,B: Evident Injury,Travel Lane,White,Female,43,40-49,No,NA,6-10 mph,O: No Injury,White,Female,Passenger Car,No,08MAY2012,Tuesday,Motorist Left Turn / Merge,10,Non-Intersection,May,B: Evident Injury,10:50:00,Motorist Left Turn - Opposite Direction,2012,Yes,No,Daylight,Straight - Level,Local Street,Wet,"Two-Way, Not Divided",None,No Special Feature,Smooth Asphalt,4 lanes,"36.2143570581, -81.6826035475"
1981,Raleigh,Wake,Piedmont,Commercial,Urban (>70% Developed),NA,Urban,30 - 35  MPH,No Control Present,Clear,No,65,60-69,No,NA,With Traffic,C: Possible Injury,Travel Lane,Black,Male,62,60-69,No,NA,6-10 mph,O: No Injury,Black,Female,Passenger Car,No,13APR2012,Friday,Motorist Left Turn / Merge,15,Intersection,April,C: Possible Injury,15:39:00,Motorist Left Turn - Opposite Direction,2012,Yes,No,Daylight,Straight - Level,Local Street,Dry,"One-Way, Not Divided",None,No Special Feature,Smooth Asphalt,4 lanes,"35.7797970805, -78.6206026038"