object_id,city,county,region,development,locality,on_road,rural_urban,speed_limit,traffic_control,weather,workzone,bike_age,bike_age_group,bike_alcohol,bike_alcohol_drugs,bike_direction,bike_injury,bike_position,bike_race,bike_sex,driver_age,driver_age_group,driver_alcohol,driver_alcohol_drugs,driver_est_speed,driver_injury,driver_race,driver_sex,driver_vehicle_type,crash_alcohol,crash_date,crash_day,crash_group,crash_hour,crash_location,crash_month,crash_severity,crash_time,crash_type,crash_year,ambulance_req,hit_run,light_condition,road_character,road_class,road_condition,road_configuration,road_defects,road_feature,road_surface,num_lanes,geo_point
2919,None - Rural Crash,Orange,Piedmont,Residential,Mixed (30% To 70% Developed),NA,Rural,40 - 45  MPH,"Double Yellow Line, No Passing Zone",Clear,No,44,40-49,Yes,NA,With Traffic,C: Possible Injury,Travel Lane,White,Male,NA,NA,No,NA,26-30 mph,Unknown Injury,Unknown/Missing,NA,NA,Yes,07APR2011,Thursday,Motorist Overtaking Bicyclist,0,Intersection-Related,April,C: Possible Injury,00:49:00,Motorist Overtaking - Other / Unknown,2011,Yes,Yes,Dark - Roadway Not Lighted,Straight - Grade,State Secondary Route,Dry,"Two-Way, Not Divided",None,No Special Feature,Smooth Asphalt,9 or more lanes,"36.0322271212, -78.9896027284"
2924,None - Rural Crash,Onslow,Coastal,"Farms, Woods, Pastures",Rural (<30% Developed),NA,Rural,30 - 35  MPH,No Control Present,Clear,No,18,16-19,No,NA,With Traffic,A: Disabling Injury,Bike Lane / Paved Shoulder,White,Male,NA,NA,Missing,NA,11-15 mph,Unknown Injury,Unknown/Missing,NA,Van,No,23APR2011,Saturday,Motorist Left Turn / Merge,22,Intersection,April,A: Disabling Injury,22:30:00,Motorist Left Turn - Opposite Direction,2011,No,Yes,Dark - Roadway Not Lighted,Straight - Level,State Secondary Route,Dry,"Two-Way, Not Divided",None,T-Intersection,Coarse Asphalt,2 lanes,"34.7273368955, -77.3160021539"
2947,None - Rural Crash,New Hanover,Coastal,Residential,Urban (>70% Developed),NA,Rural,50 - 55  MPH,Stop Sign,Clear,No,21,20-24,No,NA,With Traffic,B: Evident Injury,Travel Lane,White,Male,43,40-49,No,NA,0-5 mph,O: No Injury,White,Female,Sport Utility,No,29APR2011,Friday,Motorist Failed to Yield - Sign-Controlled Intersection,17,Intersection,April,B: Evident Injury,17:00:00,Motorist Drive Out - Sign-Controlled Intersection,2011,No,No,Daylight,Straight - Level,State Secondary Route,Dry,"Two-Way, Not Divided",None,T-Intersection,Smooth Asphalt,2 lanes,"34.0734967316, -77.8953022991"
2897,None - Rural Crash,Craven,Coastal,"Farms, Woods, Pastures",Rural (<30% Developed),NA,Rural,50 - 55  MPH,No Control Present,Clear,No,20,20-24,No,NA,With Traffic,A: Disabling Injury,Travel Lane,Black,Male,41,40-49,No,NA,41-45 mph,O: No Injury,Black,Female,Sport Utility,No,07APR2011,Thursday,Motorist Overtaking Bicyclist,7,Non-Intersection,April,A: Disabling Injury,07:51:00,Motorist Overtaking - Other / Unknown,2011,Yes,No,Daylight,Straight - Level,State Secondary Route,Dry,"Two-Way, Not Divided",None,No Special Feature,Smooth Asphalt,2 lanes,"35.2887970164, -77.3874022036"
2899,Raleigh,Wake,Piedmont,Commercial,Urban (>70% Developed),NA,Urban,40 - 45  MPH,Stop And Go Signal,Clear,No,25,25-29,No,NA,Facing Traffic,C: Possible Injury,Travel Lane,Black,Male,45,40-49,No,NA,0-5 mph,O: No Injury,White,Female,Passenger Car,No,29MAR2011,Tuesday,Parallel Paths - Other Circumstances,16,Non-Intersection,March,C: Possible Injury,16:17:00,Bicyclist Ride Out - Parallel Path,2011,Yes,No,Daylight,Straight - Level,Local Street,Dry,"Two-Way, Divided, Positive Median Barrier",None,No Special Feature,Smooth Asphalt,6 lanes,"35.8551870974, -78.5810025956"
2937,None - Rural Crash,Onslow,Coastal,"Farms, Woods, Pastures",Rural (<30% Developed),NA,Rural,40 - 45  MPH,No Control Present,Clear,No,64,60-69,No,NA,With Traffic,B: Evident Injury,Travel Lane,Black,Male,30,30-39,No,NA,16-20 mph,O: No Injury,White,Male,Passenger Car,No,26APR2011,Tuesday,Motorist Overtaking Bicyclist,6,Non-Intersection,April,B: Evident Injury,06:30:00,Motorist Overtaking - Misjudged Space,2011,Yes,No,Dawn,Straight - Level,State Secondary Route,NA,"Two-Way, Not Divided",None,No Special Feature,Coarse Asphalt,2 lanes,"34.7711269043, -77.3557021688"
2950,Greensboro,Guilford,Piedmont,Residential,Urban (>70% Developed),NA,Urban,30 - 35  MPH,No Control Present,Clear,No,10,6-10,No,NA,Not Applicable,C: Possible Injury,Travel Lane,Black,Male,21,20-24,No,NA,21-25 mph,O: No Injury,Black,Female,Passenger Car,No,20APR2011,Wednesday,Bicyclist Failed to Yield - Midblock,15,Non-Intersection,April,C: Possible Injury,15:33:00,Bicyclist Ride Out - Other Midblock,2011,Yes,No,Daylight,Straight - Level,Local Street,Dry,"Two-Way, Not Divided",None,No Special Feature,Smooth Asphalt,2 lanes,"36.0722570967, -79.8809030006"
2896,None - Rural Crash,New Hanover,Coastal,Residential,Mixed (30% To 70% Developed),NA,Rural,50 - 55  MPH,No Control Present,Clear,No,46,40-49,No,NA,With Traffic,K: Killed,Travel Lane,White,Male,63,60-69,Yes,NA,51-55 mph,O: No Injury,White,Male,Passenger Car,Yes,03APR2011,Sunday,Motorist Overtaking Bicyclist,9,Non-Intersection,April,K: Killed,09:30:00,Motorist Overtaking - Other / Unknown,2011,Yes,No,Daylight,Straight - Level,State Secondary Route,Dry,"Two-Way, Not Divided",None,No Special Feature,Coarse Asphalt,2 lanes,"34.0992467368, -77.9216023084"
2930,Dunn,Harnett,Coastal,Commercial,Urban (>70% Developed),NA,Urban,30 - 35  MPH,Stop Sign,Clear,No,49,40-49,No,NA,Facing Traffic,C: Possible Injury,Travel Lane,Black,Male,21,20-24,No,NA,0-5 mph,O: No Injury,White,Female,Sport Utility,No,16APR2011,Saturday,Head-On,20,Intersection,April,C: Possible Injury,20:30:00,Head-On - Bicyclist,2011,Yes,No,Dark - Roadway Not Lighted,Straight - Level,State Secondary Route,Wet,"Two-Way, Not Divided",None,Four-Way Intersection,Smooth Asphalt,2 lanes,"35.3045069784, -78.6062025743"
2911,Winston-Salem,Forsyth,Piedmont,Commercial,Urban (>70% Developed),NA,Urban,NA,No Control Present,Clear,No,9,6-10,No,NA,Not Applicable,B: Evident Injury,Non-Roadway,Black,Female,50,50-59,No,NA,0-5 mph,O: No Injury,Black,Male,Passenger Car,No,10APR2011,Sunday,Non-Roadway,18,Non-Roadway,April,B: Evident Injury,18:37:00,Non-Roadway,2011,Yes,No,Daylight,Straight - Level,Public Vehicular Area,Dry,"Two-Way, Not Divided",None,No Special Feature,Smooth Asphalt,NA,"36.0715970814, -80.2909031235"
2978,Raleigh,Wake,Piedmont,Residential,Urban (>70% Developed),NA,Urban,30 - 35  MPH,No Control Present,Clear,No,14,11-15,No,NA,With Traffic,B: Evident Injury,Sidewalk / Crosswalk / Driveway Crossing,Black,Female,NA,NA,Missing,NA,16-20 mph,Unknown Injury,Unknown/Missing,NA,NA,No,03MAY2011,Tuesday,Loss of Control / Turning Error,19,Non-Intersection,May,B: Evident Injury,19:11:00,Motorist Lost Control - Other / Unknown,2011,Yes,Yes,Daylight,Straight - Level,Local Street,Dry,"Two-Way, Divided, Unprotected Median",None,No Special Feature,Smooth Asphalt,3 lanes,"35.7732370765, -78.6923026252"
2982,Cary,Wake,Piedmont,Residential,Urban (>70% Developed),NA,Urban,30 - 35  MPH,Stop And Go Signal,Clear,No,13,11-15,No,NA,Facing Traffic,B: Evident Injury,Sidewalk / Crosswalk / Driveway Crossing,Asian,Male,22,20-24,No,NA,0-5 mph,O: No Injury,White,Female,Sport Utility,No,28APR2011,Thursday,Motorist Failed to Yield - Signalized Intersection,7,Intersection,April,B: Evident Injury,07:45:00,Motorist Drive Out - Right Turn on Red,2011,No,No,Daylight,Straight - Level,Local Street,Dry,"Two-Way, Divided, Unprotected Median",None,T-Intersection,Smooth Asphalt,2 lanes,"35.7732970706, -78.8478026722"
2979,Raleigh,Wake,Piedmont,Residential,Urban (>70% Developed),NA,Urban,30 - 35  MPH,Stop And Go Signal,Clear,No,54,50-59,No,NA,Facing Traffic,B: Evident Injury,Sidewalk / Crosswalk / Driveway Crossing,Hispanic,Male,70+,70+,No,NA,0-5 mph,O: No Injury,Black,Male,Passenger Car,No,24APR2011,Sunday,Bicyclist Failed to Yield - Signalized Intersection,23,Intersection,April,B: Evident Injury,23:10:00,Bicyclist Ride Out - Signalized  Intersection,2011,Yes,No,Daylight,Straight - Level,Local Street,Dry,"Two-Way, Not Divided",None,Four-Way Intersection,Smooth Asphalt,5 lanes,"35.7678070774, -78.6248026042"
2951,Greensboro,Guilford,Piedmont,Commercial,Urban (>70% Developed),NA,Urban,30 - 35  MPH,Stop And Go Signal,Clear,No,25,25-29,No,NA,With Traffic,O: No Injury,Travel Lane,White,Male,24,20-24,No,NA,31-35 mph,O: No Injury,Black,Female,Passenger Car,No,17APR2011,Sunday,Motorist Failed to Yield - Signalized Intersection,1,Intersection,April,O: No Injury,01:36:00,Motorist Drive Through - Signalized Intersection,2011,Yes,No,Dark - Lighted Roadway,Straight - Level,Local Street,Dry,"Two-Way, Not Divided",None,Related To Intersection,Smooth Asphalt,6 lanes,"36.0782271019, -79.7938029737"
2958,Charlotte,Mecklenburg,Piedmont,Commercial,Urban (>70% Developed),NA,Urban,20 - 25  MPH,Stop And Go Signal,Clear,No,37,30-39,No,NA,With Traffic,B: Evident Injury,Travel Lane,White,Male,26,25-29,No,NA,16-20 mph,O: No Injury,White,Female,Passenger Car,No,20APR2011,Wednesday,Motorist Failed to Yield - Signalized Intersection,19,Intersection,April,B: Evident Injury,19:41:00,Motorist Drive Out - Signalized Intersection,2011,Yes,No,Daylight,Straight - Grade,Local Street,Dry,"One-Way, Not Divided",None,Four-Way Intersection,Smooth Asphalt,3 lanes,"35.2306068826, -80.8429032423"
2961,None - Rural Crash,Wake,Piedmont,Residential,Rural (<30% Developed),NA,Rural,40 - 45  MPH,"Double Yellow Line, No Passing Zone",Clear,No,17,16-19,No,NA,With Traffic,B: Evident Injury,Travel Lane,Black,Male,22,20-24,No,NA,41-45 mph,O: No Injury,Black,Female,Passenger Car,No,05MAY2011,Thursday,Bicyclist Left Turn / Merge,20,Non-Intersection,May,B: Evident Injury,20:24:00,Bicyclist Left Turn - Same Direction,2011,Yes,No,Dusk,Straight - Level,State Secondary Route,Dry,"Two-Way, Not Divided",None,No Special Feature,Smooth Asphalt,2 lanes,"35.8590470999, -78.5459025845"
2975,Murfreesboro,Hertford,Coastal,Commercial,Urban (>70% Developed),NA,Rural,30 - 35  MPH,"Double Yellow Line, No Passing Zone",Clear,No,61,60-69,No,NA,With Traffic,C: Possible Injury,Travel Lane,Black,Male,70+,70+,No,NA,16-20 mph,O: No Injury,Black,Female,Passenger Car,No,20APR2011,Wednesday,Bicyclist Left Turn / Merge,14,Intersection-Related,April,C: Possible Injury,14:27:00,Bicyclist Left Turn - Same Direction,2011,Yes,No,Daylight,Straight - Level,US Route,Dry,"Two-Way, Not Divided",None,"Driveway, Public",Coarse Asphalt,3 lanes,"36.4416772738, -77.1191021808"
2976,Raleigh,Wake,Piedmont,Residential,Urban (>70% Developed),NA,Urban,30 - 35  MPH,No Control Present,Clear,No,3,0-5,No,NA,NA,C: Possible Injury,Travel Lane,Black,Female,50,50-59,No,NA,46-50 mph,O: No Injury,Black,Male,Motorcycle,No,14APR2011,Thursday,Bicyclist Failed to Yield - Midblock,12,Non-Intersection,April,C: Possible Injury,12:42:00,Bicyclist Ride Out - Midblock - Unknown,2011,Yes,No,Daylight,Straight - Level,Local Street,Dry,"Two-Way, Not Divided",None,No Special Feature,Smooth Asphalt,2 lanes,"35.7739370787, -78.6272026048"
2964,Durham,Durham,Piedmont,Residential,Urban (>70% Developed),NA,Urban,40 - 45  MPH,No Control Present,Clear,No,52,50-59,No,NA,With Traffic,B: Evident Injury,Travel Lane,White,Male,48,40-49,No,NA,6-10 mph,O: No Injury,Black,Female,Sport Utility,No,05MAY2011,Thursday,Motorist Left Turn / Merge,13,Intersection,May,B: Evident Injury,13:23:00,Motorist Left Turn - Opposite Direction,2011,Yes,No,Daylight,Straight - Level,Local Street,Dry,"Two-Way, Not Divided",None,No Special Feature,Coarse Asphalt,2 lanes,"35.903287096, -78.9228027017"
2952,Charlotte,Mecklenburg,Piedmont,Commercial,Urban (>70% Developed),NA,Urban,5 - 15 MPH,Stop Sign,Clear,No,12,11-15,No,NA,Not Applicable,O: No Injury,Travel Lane,Black,Male,NA,NA,Missing,NA,NA,Unknown Injury,Unknown/Missing,NA,NA,No,18APR2011,Monday,Non-Roadway,19,Non-Roadway,April,B: Evident Injury,19:20:00,Non-Roadway,2011,Yes,Yes,Dusk,Straight - Level,Public Vehicular Area,Dry,"Two-Way, Not Divided",None,No Special Feature,Smooth Asphalt,2 lanes,"35.2246268797, -80.8941032566"
3,Raleigh,Wake,Piedmont,Residential,Urban (>70% Developed),MARSH CREEK RD,Urban,40 - 45  MPH,Stop And Go Signal,Clear,No,64,60-69,NA,No,Facing Traffic,C: Possible Injury,Sidewalk / Crosswalk / Driveway Crossing,Black,Male,52,50-59,NA,No,0-5 mph,O: No Injury,White,Female,Passenger Car,No,08JAN2014,Wednesday,Crossing Paths - Other Circumstances,16,Intersection,January,C: Possible Injury,16:27:00,Signalized Intersection - Other / Unknown,2014,Yes,No,Daylight,Straight - Level,Local Street,Dry,"Two-Way, Not Divided",None,T-Intersection,Coarse Asphalt,4 lanes,"35.8218570911, -78.5693025904"
2990,Charlotte,Mecklenburg,Piedmont,Commercial,Urban (>70% Developed),NA,Urban,5 - 15 MPH,No Control Present,Clear,No,23,20-24,No,NA,Facing Traffic,O: No Injury,Sidewalk / Crosswalk / Driveway Crossing,White,Male,NA,NA,Missing,NA,0-5 mph,Unknown Injury,Unknown/Missing,NA,Taxicab,No,09MAY2011,Monday,Motorist Failed to Yield - Midblock,19,Non-Intersection,May,O: No Injury,19:33:00,Motorist Drive Out - Commercial Driveway / Alley,2011,No,Yes,Daylight,Straight - Level,"Private Road, Driveway",Dry,"One-Way, Not Divided",None,"Driveway, Private",Concrete,NA,"35.2256568822, -80.8453032423"
2984,None - Rural Crash,Franklin,Piedmont,Residential,Rural (<30% Developed),NA,Rural,50 - 55  MPH,"Double Yellow Line, No Passing Zone",Clear,No,52,50-59,No,NA,With Traffic,C: Possible Injury,Travel Lane,Other,Female,57,50-59,No,NA,41-45 mph,O: No Injury,White,Female,Passenger Car,No,03MAY2011,Tuesday,Motorist Overtaking Bicyclist,7,Non-Intersection,May,C: Possible Injury,07:19:00,Motorist Overtaking - Misjudged Space,2011,No,No,Daylight,Straight - Grade,State Secondary Route,Dry,"Two-Way, Not Divided",None,No Special Feature,Smooth Asphalt,2 lanes,"36.0853171494, -78.5187025885"
2991,Charlotte,Mecklenburg,Piedmont,Residential,Urban (>70% Developed),NA,Urban,20 - 25  MPH,Stop Sign,Clear,No,8,6-10,No,NA,Not Applicable,B: Evident Injury,Travel Lane,Black,Male,19,0-19,No,NA,16-20 mph,O: No Injury,Black,Male,Passenger Car,No,08MAY2011,Sunday,Bicyclist Failed to Yield - Sign-Controlled Intersection,14,Intersection-Related,May,B: Evident Injury,14:33:00,Bicyclist Ride Through - Sign-Controlled Intersection,2011,Yes,No,Daylight,Straight - Level,Local Street,Dry,"Two-Way, Not Divided",None,No Special Feature,Smooth Asphalt,2 lanes,"35.2421668872, -80.8018032307"
2989,None - Rural Crash,Sampson,Coastal,"Farms, Woods, Pastures",Rural (<30% Developed),NA,Rural,50 - 55  MPH,"Double Yellow Line, No Passing Zone",Cloudy,No,46,40-49,No,NA,With Traffic,C: Possible Injury,Travel Lane,White,Male,60,60-69,No,NA,41-45 mph,O: No Injury,Black,Female,Passenger Car,No,17MAY2011,Tuesday,Motorist Overtaking Bicyclist,21,Intersection,May,C: Possible Injury,21:04:00,Motorist Overtaking - Other / Unknown,2011,No,No,Dusk,Curve - Level,US Route,Wet,"Two-Way, Not Divided",None,T-Intersection,Smooth Asphalt,2 lanes,"34.8209768812, -78.3581024749"
2986,Wilmington,New Hanover,Coastal,Residential,Urban (>70% Developed),NA,Urban,20 - 25  MPH,No Control Present,Clear,No,7,6-10,No,NA,With Traffic,C: Possible Injury,NA,Black,Female,41,40-49,No,NA,0-5 mph,O: No Injury,Black,Female,Sport Utility,No,21APR2011,Thursday,Motorist Right Turn / Merge,14,Non-Intersection,April,C: Possible Injury,14:15:00,Motorist Right Turn - Same Direction,2011,Yes,No,Daylight,Straight - Level,Local Street,Dry,"One-Way, Not Divided",None,No Special Feature,Coarse Asphalt,2 lanes,"34.2489867705, -77.9078023106"
2983,Durham,Durham,Piedmont,Commercial,Urban (>70% Developed),NA,Urban,30 - 35  MPH,No Control Present,Clear,No,26,25-29,No,NA,With Traffic,O: No Injury,Travel Lane,White,Male,65,60-69,No,NA,26-30 mph,O: No Injury,White,Male,Passenger Car,No,10MAY2011,Tuesday,Motorist Left Turn / Merge,17,Non-Intersection,May,O: No Injury,17:16:00,Motorist Left Turn - Opposite Direction,2011,No,No,Daylight,Straight - Level,Local Street,Dry,"Two-Way, Not Divided",None,No Special Feature,Smooth Asphalt,2 lanes,"35.9947871165, -78.9028027005"
1263,Stallings,Union,Piedmont,"Farms, Woods, Pastures",Mixed (30% To 70% Developed),IDLEWILD ROAD,Urban,40 - 45  MPH,No Control Present,Clear,No,56,50-59,No,NA,With Traffic,C: Possible Injury,Travel Lane,Hispanic,Male,33,30-39,No,NA,41-45 mph,O: No Injury,White,Female,Sport Utility,No,22JUN2013,Saturday,Motorist Overtaking Bicyclist,6,Non-Intersection,June,C: Possible Injury,06:03:00,Motorist Overtaking - Undetected Bicyclist,2013,Yes,No,Dark - Roadway Not Lighted,Straight - Grade,State Secondary Route,Dry,"Two-Way, Not Divided",None,No Special Feature,Smooth Asphalt,2 lanes,"35.1206068663, -80.647103178"
1310,None - Rural Crash,Harnett,Coastal,"Farms, Woods, Pastures",Rural (<30% Developed),NC 55,Rural,50 - 55  MPH,"Double Yellow Line, No Passing Zone",Clear,No,20,20-24,No,NA,With Traffic,C: Possible Injury,Travel Lane,Hispanic,Male,64,60-69,No,NA,51-55 mph,O: No Injury,White,Female,Passenger Car,No,04AUG2013,Sunday,Motorist Overtaking Bicyclist,20,Non-Intersection,August,C: Possible Injury,20:53:00,Motorist Overtaking - Other / Unknown,2013,No,No,Dark - Roadway Not Lighted,Straight - Level,NC Route,Dry,"Two-Way, Not Divided",None,No Special Feature,Smooth Asphalt,2 lanes,"35.4491370072, -78.686302606"
1301,Raleigh,Wake,Piedmont,Institutional,Urban (>70% Developed),DIXIE FOREST RD,Urban,30 - 35  MPH,Stop Sign,Cloudy,No,24,20-24,No,NA,Facing Traffic,B: Evident Injury,Sidewalk / Crosswalk / Driveway Crossing,White,Male,51,50-59,No,NA,0-5 mph,O: No Injury,Black,Male,Van,No,30JUL2013,Tuesday,Motorist Failed to Yield - Sign-Controlled Intersection,17,Intersection,July,B: Evident Injury,17:51:00,Motorist Drive Out - Sign-Controlled Intersection,2013,No,No,Daylight,NA,Local Street,Dry,"Two-Way, Not Divided",None,T-Intersection,Smooth Asphalt,5 lanes,"35.8633470989, -78.6026026023"
1296,Kenly,Johnston,Coastal,Commercial,Urban (>70% Developed),SOUTH CHURCH STREET,Rural,30 - 35  MPH,Stop Sign,Clear,No,34,30-39,No,NA,Not Applicable,B: Evident Injury,Non-Roadway,White,Male,70+,70+,No,NA,16-20 mph,B: Evident Injury,White,Female,Passenger Car,No,27JUL2013,Saturday,Other / Unusual Circumstances,17,Intersection,July,B: Evident Injury,17:07:00,Unusual Circumstances,2013,Yes,No,Daylight,Straight - Level,Local Street,Dry,"Two-Way, Divided, Unprotected Median",None,"Driveway, Public",Coarse Asphalt,5 lanes,"35.5952270579, -78.1263024435"
1295,Charlotte,Mecklenburg,Piedmont,Residential,Urban (>70% Developed),PINEBURR RD,Urban,20 - 25  MPH,No Control Present,Rain,No,19,16-19,No,NA,With Traffic,B: Evident Injury,Travel Lane,Black,Female,NA,NA,Missing,NA,0-5 mph,Unknown Injury,Unknown/Missing,NA,NA,No,27JUN2013,Thursday,Backing Vehicle,19,Non-Intersection,June,B: Evident Injury,19:00:00,Backing Vehicle,2013,Yes,Yes,Daylight,Straight - Grade,Local Street,Wet,"Two-Way, Not Divided",None,No Special Feature,Smooth Asphalt,2 lanes,"35.1531968697, -80.7553032117"
1583,Charlotte,Mecklenburg,Piedmont,Commercial,Mixed (30% To 70% Developed),4220 NORTH TRYON ST,Urban,40 - 45  MPH,Stop And Go Signal,Clear,No,23,20-24,No,NA,With Traffic,C: Possible Injury,Travel Lane,White,Male,NA,NA,Missing,NA,41-45 mph,Unknown Injury,Unknown/Missing,NA,Unknown Heavy Truck,No,26OCT2013,Saturday,Motorist Overtaking Bicyclist,14,Non-Intersection,October,C: Possible Injury,14:50:00,Motorist Overtaking - Other / Unknown,2013,No,Yes,Daylight,Straight - Level,Local Street,Dry,"Two-Way, Divided, Positive Median Barrier",None,No Special Feature,Coarse Asphalt,2 lanes,"35.2580668905, -80.795303229"
1563,None - Rural Crash,Edgecombe,Coastal,Commercial,Urban (>70% Developed),SR 1146,Rural,40 - 45  MPH,"Double Yellow Line, No Passing Zone",Cloudy,No,53,50-59,Yes,NA,With Traffic,B: Evident Injury,Travel Lane,White,Male,64,60-69,No,NA,36-40 mph,O: No Injury,White,Female,Sport Utility,Yes,15OCT2013,Tuesday,Motorist Overtaking Bicyclist,19,Non-Intersection,October,B: Evident Injury,19:32:00,Motorist Overtaking - Undetected Bicyclist,2013,Yes,No,Dark - Roadway Not Lighted,Straight - Grade,State Secondary Route,Dry,"Two-Way, Not Divided",None,No Special Feature,Coarse Asphalt,2 lanes,"35.8553871254, -77.7949023562"
1590,Charlotte,Mecklenburg,Piedmont,Commercial,Urban (>70% Developed),N DAVIDSON ST,Urban,30 - 35  MPH,No Control Present,Clear,No,53,50-59,No,NA,With Traffic,C: Possible Injury,Bike Lane / Paved Shoulder,Black,Male,NA,NA,Missing,NA,6-10 mph,Unknown Injury,Unknown/Missing,NA,NA,No,20OCT2013,Sunday,Parallel Paths - Other Circumstances,14,Non-Intersection,October,C: Possible Injury,14:18:00,Parallel Paths - Other / Unknown,2013,Yes,Yes,Daylight,Straight - Level,Local Street,Dry,"Two-Way, Not Divided",None,No Special Feature,Smooth Asphalt,2 lanes,"35.2414068865, -80.8129032331"
1586,Alliance,Pamlico,Coastal,Residential,Urban (>70% Developed),NC 55,Rural,30 - 35  MPH,No Control Present,Clear,No,15,11-15,No,NA,With Traffic,B: Evident Injury,Sidewalk / Crosswalk / Driveway Crossing,White,Male,70+,70+,No,NA,31-35 mph,O: No Injury,White,Male,Sport Utility,No,27OCT2013,Sunday,Bicyclist Left Turn / Merge,20,Non-Intersection,October,B: Evident Injury,20:12:00,Bicyclist Left Turn - Same Direction,2013,Yes,No,Dark - Roadway Not Lighted,Straight - Level,NC Route,Dry,"Two-Way, Divided, Unprotected Median",None,"Driveway, Private",Smooth Asphalt,5 lanes,"35.1439970046, -76.7875020133"
1592,Lewisville,Forsyth,Piedmont,Residential,Mixed (30% To 70% Developed),SEQUOIA DR,Urban,30 - 35  MPH,Stop Sign,Clear,No,49,40-49,No,NA,With Traffic,C: Possible Injury,Travel Lane,White,Male,63,60-69,No,NA,11-15 mph,O: No Injury,White,Female,Passenger Car,No,29OCT2013,Tuesday,Motorist Failed to Yield - Sign-Controlled Intersection,7,Intersection,October,C: Possible Injury,07:22:00,Motorist Drive Through - Sign-Controlled Intersection,2013,Yes,No,Daylight,Straight - Level,Local Street,Dry,"Two-Way, Not Divided",None,Four-Way Intersection,Smooth Asphalt,2 lanes,"36.092727082, -80.406003159"
1594,Raleigh,Wake,Piedmont,Commercial,Urban (>70% Developed),CAPITAL BLVD,Urban,40 - 45  MPH,No Control Present,Clear,No,42,40-49,No,NA,Facing Traffic,C: Possible Injury,Travel Lane,White,Male,57,50-59,No,NA,6-10 mph,O: No Injury,White,Male,Pickup,No,29OCT2013,Tuesday,Bicyclist Failed to Yield - Signalized Intersection,16,Intersection,October,C: Possible Injury,16:56:00,Bicyclist Ride Through - Signalized Intersection,2013,Yes,No,Daylight,Straight - Level,US Route,Dry,"Two-Way, Divided, Positive Median Barrier",None,Four-Way Intersection,Coarse Asphalt,3 lanes,"35.8113270874, -78.6108026019"
1566,Wilmington,New Hanover,Coastal,Commercial,Urban (>70% Developed),PVA MARKET ST,Urban,NA,No Control Present,Cloudy,No,53,50-59,No,NA,Facing Traffic,B: Evident Injury,Sidewalk / Crosswalk / Driveway Crossing,White,Male,21,20-24,No,NA,NA,O: No Injury,Black,Male,Passenger Car,No,20SEP2013,Friday,Motorist Failed to Yield - Midblock,14,Non-Intersection,September,B: Evident Injury,14:29:00,Motorist Drive Out - Commercial Driveway / Alley,2013,Yes,No,Daylight,Straight - Level,US Route,Dry,"Two-Way, Not Divided",None,"Driveway, Public",Concrete,5 lanes,"34.2438167705, -77.8830023035"
1573,Greenville,Pitt,Coastal,Commercial,Urban (>70% Developed),PORTERTOWN RD,Urban,30 - 35  MPH,No Control Present,Clear,No,46,40-49,No,NA,With Traffic,C: Possible Injury,Travel Lane,White,Female,37,30-39,No,NA,0-5 mph,O: No Injury,White,Male,Sport Utility,No,20OCT2013,Sunday,Bicyclist Left Turn / Merge,18,Non-Intersection,October,C: Possible Injury,18:04:00,Bicyclist Left Turn - Same Direction,2013,Yes,No,Daylight,Straight - Level,Local Street,Dry,"Two-Way, Not Divided",None,No Special Feature,Smooth Asphalt,5 lanes,"35.5830070827, -77.3118021953"
1561,Elizabeth City,Pasquotank,Coastal,Residential,Urban (>70% Developed),ROANOKE AVE,Urban,20 - 25  MPH,No Control Present,Cloudy,No,49,40-49,No,NA,Facing Traffic,O: No Injury,Travel Lane,Black,Male,49,40-49,No,NA,16-20 mph,O: No Injury,Black,Male,Passenger Car,No,08OCT2013,Tuesday,Parallel Paths - Other Circumstances,13,Non-Intersection,October,O: No Injury,13:56:00,Parallel Paths - Other / Unknown,2013,No,No,Daylight,Straight - Level,Local Street,Dry,"Two-Way, Not Divided",None,No Special Feature,Smooth Asphalt,2 lanes,"36.285667271, -76.2318019001"
1581,Erwin,Harnett,Coastal,Residential,Mixed (30% To 70% Developed),DENIM DR,Rural,40 - 45  MPH,No Control Present,Rain,No,29,25-29,No,NA,With Traffic,C: Possible Injury,Travel Lane,White,Male,67,60-69,No,NA,11-15 mph,O: No Injury,Black,Male,Pickup,No,07OCT2013,Monday,Bicyclist Right Turn / Merge,14,Non-Intersection,October,C: Possible Injury,14:53:00,Bicyclist Right Turn - Opposite Direction,2013,Yes,No,Daylight,Straight - Level,NA,Wet,"Two-Way, Not Divided",None,No Special Feature,Coarse Asphalt,2 lanes,"35.3207769804, -78.6564025896"
1548,None - Rural Crash,Wake,Piedmont,"Farms, Woods, Pastures",Rural (<30% Developed),SR 1301,Rural,40 - 45  MPH,"Double Yellow Line, No Passing Zone",Cloudy,No,62,60-69,No,NA,With Traffic,C: Possible Injury,Travel Lane,White,Female,NA,NA,Missing,NA,41-45 mph,Unknown Injury,Unknown/Missing,NA,Passenger Car,No,12SEP2013,Thursday,Motorist Overtaking Bicyclist,19,Non-Intersection,September,C: Possible Injury,19:06:00,Motorist Overtaking - Other / Unknown,2013,No,Yes,Daylight,Straight - Level,State Secondary Route,Dry,"Two-Way, Not Divided",None,No Special Feature,Smooth Asphalt,2 lanes,"35.5707670299, -78.7714026375"
1536,Charlotte,Mecklenburg,Piedmont,Commercial,Urban (>70% Developed),NORTH TRYON STREET,Urban,40 - 45  MPH,Stop And Go Signal,Cloudy,No,53,50-59,No,NA,Facing Traffic,C: Possible Injury,Sidewalk / Crosswalk / Driveway Crossing,Black,Male,55,50-59,No,NA,0-5 mph,O: No Injury,Black,Female,Passenger Car,No,08OCT2013,Tuesday,Motorist Failed to Yield - Signalized Intersection,15,Intersection,October,C: Possible Injury,15:31:00,Motorist Drive Out - Right Turn on Red,2013,No,No,Daylight,Straight - Level,Local Street,Dry,"Two-Way, Divided, Unprotected Median",None,T-Intersection,Smooth Asphalt,2 lanes,"35.2528968891, -80.8083032327"