object_id,city,county,region,development,locality,on_road,rural_urban,speed_limit,traffic_control,weather,workzone,bike_age,bike_age_group,bike_alcohol,bike_alcohol_drugs,bike_direction,bike_injury,bike_position,bike_race,bike_sex,driver_age,driver_age_group,driver_alcohol,driver_alcohol_drugs,driver_est_speed,driver_injury,driver_race,driver_sex,driver_vehicle_type,crash_alcohol,crash_date,crash_day,crash_group,crash_hour,crash_location,crash_month,crash_severity,crash_time,crash_type,crash_year,ambulance_req,hit_run,light_condition,road_character,road_class,road_condition,road_configuration,road_defects,road_feature,road_surface,num_lanes,geo_point
1546,None - Rural Crash,Rockingham,Piedmont,"Farms, Woods, Pastures",Rural (<30% Developed),US 29,Rural,50 - 55  MPH,Stop Sign,Clear,No,58,50-59,Yes,NA,With Traffic,K: Killed,Travel Lane,Black,Male,41,40-49,No,NA,51-55 mph,B: Evident Injury,White,Male,Sport Utility,Yes,10OCT2013,Thursday,Bicyclist Failed to Yield - Sign-Controlled Intersection,19,Intersection,October,K: Killed,19:39:00,Bicyclist Ride Through - Sign-Controlled Intersection,2013,Yes,No,Dark - Roadway Not Lighted,Straight - Level,US Route,Dry,"Two-Way, Divided, Unprotected Median",None,No Special Feature,Smooth Asphalt,5 lanes,"36.2498771423, -79.6633029441"
1558,None - Rural Crash,Lee,Piedmont,"Farms, Woods, Pastures",Rural (<30% Developed),SR 1167,Rural,50 - 55  MPH,"Double Yellow Line, No Passing Zone",Cloudy,No,11,11-15,No,NA,Not Applicable,B: Evident Injury,Driveway / Alley,White,Male,49,40-49,Yes,NA,41-45 mph,O: No Injury,White,Male,Pickup,Yes,16OCT2013,Wednesday,Crossing Paths - Other Circumstances,19,Intersection,October,B: Evident Injury,19:03:00,Crossing Paths - Uncontrolled Intersection,2013,Yes,No,Dusk,Straight - Level,State Secondary Route,Dry,"Two-Way, Not Divided",None,T-Intersection,Coarse Asphalt,2 lanes,"35.3548069702, -79.1620027447"
1542,Charlotte,Mecklenburg,Piedmont,Commercial,Urban (>70% Developed),PROVIDENCE ROAD,Urban,30 - 35  MPH,Stop And Go Signal,Clear,No,10,6-10,No,NA,Not Applicable,O: No Injury,Sidewalk / Crosswalk / Driveway Crossing,White,Male,26,25-29,No,NA,0-5 mph,O: No Injury,White,Female,Passenger Car,No,25SEP2013,Wednesday,Motorist Left Turn / Merge,7,Intersection,September,O: No Injury,07:45:00,Motorist Left Turn - Opposite Direction,2013,Yes,No,Daylight,Straight - Level,Local Street,Wet,"Two-Way, Not Divided",None,Four-Way Intersection,Smooth Asphalt,7 lanes,"35.2024168777, -80.8249032356"
1526,None - Rural Crash,Edgecombe,Coastal,"Farms, Woods, Pastures",Mixed (30% To 70% Developed),NC 97,Rural,50 - 55  MPH,No Control Present,Cloudy,No,42,40-49,No,NA,With Traffic,C: Possible Injury,Travel Lane,Black,Male,49,40-49,No,NA,51-55 mph,O: No Injury,White,Female,Passenger Car,No,06OCT2013,Sunday,Bicyclist Left Turn / Merge,14,Non-Intersection,October,C: Possible Injury,14:16:00,Bicyclist Left Turn - Same Direction,2013,Yes,No,Daylight,Straight - Level,NC Route,Dry,"Two-Way, Not Divided",None,No Special Feature,Coarse Asphalt,2 lanes,"35.9649471545, -77.6361023136"
1555,Raleigh,Wake,Piedmont,Commercial,Urban (>70% Developed),HILLSBOROUGH ST,Urban,30 - 35  MPH,Stop And Go Signal,Cloudy,No,31,30-39,No,NA,With Traffic,O: No Injury,Sidewalk / Crosswalk / Driveway Crossing,White,Male,33,30-39,No,NA,6-10 mph,O: No Injury,Black,Female,Passenger Car,No,12OCT2013,Saturday,Motorist Left Turn / Merge,9,Intersection,October,O: No Injury,09:03:00,Motorist Left Turn - Opposite Direction,2013,Yes,No,Daylight,Straight - Level,Local Street,Dry,"Two-Way, Not Divided",None,No Special Feature,Coarse Asphalt,3 lanes,"35.7853270799, -78.6605026157"
1524,None - Rural Crash,Lee,Piedmont,"Farms, Woods, Pastures",Rural (<30% Developed),SR 1318,Rural,50 - 55  MPH,No Control Present,Clear,No,43,40-49,Yes,NA,With Traffic,A: Disabling Injury,Other,Black,Male,42,40-49,Yes,NA,46-50 mph,O: No Injury,White,Male,Pickup,Yes,05OCT2013,Saturday,Bicyclist Left Turn / Merge,18,Non-Intersection,October,A: Disabling Injury,18:48:00,Bicyclist Left Turn - Same Direction,2013,Yes,Yes,Daylight,Straight - Level,State Secondary Route,Dry,"Two-Way, Not Divided",None,No Special Feature,Smooth Asphalt,2 lanes,"35.4556469871, -79.2925027891"
1534,Stanfield,Stanly,Piedmont,Residential,Mixed (30% To 70% Developed),SR 1144,Rural,30 - 35  MPH,No Control Present,Clear,No,33,30-39,No,NA,With Traffic,B: Evident Injury,Travel Lane,White,Female,33,30-39,Yes,NA,31-35 mph,O: No Injury,White,Male,NA,Yes,10SEP2013,Tuesday,Motorist Overtaking Bicyclist,19,Non-Intersection,September,B: Evident Injury,19:13:00,Motorist Overtaking - Other / Unknown,2013,Yes,Yes,Daylight,Straight - Grade,State Secondary Route,Dry,"Two-Way, Not Divided",None,"Driveway, Private",Smooth Asphalt,2 lanes,"35.2333868983, -80.4350031206"
1540,Spencer,Rowan,Piedmont,Commercial,Urban (>70% Developed),US 29,Rural,30 - 35  MPH,No Control Present,Clear,No,53,50-59,No,NA,With Traffic,Unknown Injury,Travel Lane,White,Male,70+,70+,No,NA,11-15 mph,O: No Injury,White,Female,Passenger Car,No,15SEP2013,Sunday,Motorist Failed to Yield - Sign-Controlled Intersection,12,Intersection,September,O: No Injury,12:16:00,Motorist Drive Out - Sign-Controlled Intersection,2013,No,No,Daylight,Straight - Grade,NC Route,Dry,"Two-Way, Not Divided",None,"Driveway, Public",Coarse Asphalt,4 lanes,"35.6927769966, -80.4257031424"
1625,Raleigh,Wake,Piedmont,Commercial,Urban (>70% Developed),HILLSBOROUGH ST,Urban,30 - 35  MPH,No Control Present,Clear,No,28,25-29,No,NA,With Traffic,C: Possible Injury,Bike Lane / Paved Shoulder,White,Male,NA,NA,Missing,NA,0-5 mph,Unknown Injury,Unknown/Missing,NA,Sport Utility,No,13NOV2013,Wednesday,Bicyclist Overtaking Motorist,11,Non-Intersection,November,C: Possible Injury,11:53:00,Bicyclist Overtaking - Parked Vehicle,2013,No,No,Daylight,Straight - Level,Local Street,Dry,"Two-Way, Divided, Positive Median Barrier",None,No Special Feature,Smooth Asphalt,2 lanes,"35.7880670804, -78.6692026184"
1596,Raleigh,Wake,Piedmont,Residential,Urban (>70% Developed),DIXON DR,Urban,30 - 35  MPH,Stop And Go Signal,Clear,No,21,20-24,No,NA,Facing Traffic,O: No Injury,Sidewalk / Crosswalk / Driveway Crossing,Black,Male,51,50-59,No,NA,11-15 mph,O: No Injury,White,Male,"Light Truck (Mini-Van, Panel)",No,30OCT2013,Wednesday,Bicyclist Failed to Yield - Signalized Intersection,12,Intersection,October,O: No Injury,12:16:00,Bicyclist Ride Through - Signalized Intersection,2013,Yes,No,Daylight,Straight - Level,Local Street,Dry,"Two-Way, Not Divided",None,No Special Feature,Smooth Asphalt,3 lanes,"35.8562770951, -78.6505026159"
1616,New Bern,Craven,Coastal,Residential,Mixed (30% To 70% Developed),NATIONAL AVE,Urban,30 - 35  MPH,Stop Sign,Clear,No,17,16-19,No,NA,With Traffic,C: Possible Injury,Travel Lane,Black,Male,NA,NA,Missing,NA,11-15 mph,Unknown Injury,Unknown/Missing,NA,NA,No,07NOV2013,Thursday,Bicyclist Failed to Yield - Sign-Controlled Intersection,18,Intersection-Related,November,C: Possible Injury,18:31:00,Bicyclist Ride Out - Sign-Controlled Intersection,2013,No,Yes,Dusk,Straight - Level,Local Street,Dry,"Two-Way, Not Divided",None,No Special Feature,Smooth Asphalt,2 lanes,"35.1188069902, -77.0479020919"
1607,None - Rural Crash,Lincoln,Piedmont,Residential,Rural (<30% Developed),SR 1754,Rural,30 - 35  MPH,"Double Yellow Line, No Passing Zone",Clear,No,54,50-59,No,NA,With Traffic,C: Possible Injury,Travel Lane,White,Female,38,30-39,No,NA,31-35 mph,O: No Injury,Hispanic,Female,Pickup,No,10NOV2013,Sunday,Loss of Control / Turning Error,15,Intersection-Related,November,C: Possible Injury,15:21:00,Motorist Turning Error - Left Turn,2013,No,No,Daylight,Straight - Level,State Secondary Route,Dry,"Two-Way, Not Divided",None,Four-Way Intersection,Coarse Asphalt,2 lanes,"35.5057169365, -80.9905033012"
1620,High Point,Guilford,Piedmont,Commercial,Urban (>70% Developed),NW CLOVERLEAF PL,Urban,30 - 35  MPH,Stop Sign,Clear,No,22,20-24,No,NA,Facing Traffic,C: Possible Injury,Travel Lane,Black,Male,70+,70+,No,NA,0-5 mph,O: No Injury,White,Male,Passenger Car,No,09OCT2013,Wednesday,Motorist Failed to Yield - Sign-Controlled Intersection,6,Intersection,October,C: Possible Injury,06:27:00,Motorist Drive Out - Sign-Controlled Intersection,2013,No,No,Dark - Lighted Roadway,Straight - Level,Local Street,Dry,"Two-Way, Not Divided",None,T-Intersection,Coarse Asphalt,5 lanes,"35.9362970639, -79.9927030264"
1635,Asheville,Buncombe,Mountains,Residential,Urban (>70% Developed),SULPHUR SPRINGS RD,Urban,30 - 35  MPH,No Control Present,Clear,No,33,30-39,No,NA,With Traffic,B: Evident Injury,Travel Lane,White,Male,24,20-24,Yes,NA,11-15 mph,O: No Injury,White,Male,Sport Utility,Yes,19OCT2013,Saturday,Motorist Left Turn / Merge,0,Intersection,October,B: Evident Injury,00:02:00,Motorist Left Turn - Opposite Direction,2013,No,No,Dark - Lighted Roadway,Curve - Grade,Local Street,Dry,"Two-Way, Not Divided",None,T-Intersection,Coarse Asphalt,2 lanes,"35.5755868891, -82.6105037853"
1634,Raleigh,Wake,Piedmont,Residential,Urban (>70% Developed),WHITTINGTON DR,Urban,20 - 25  MPH,Stop Sign,Clear,No,11,11-15,No,NA,With Traffic,O: No Injury,Travel Lane,White,Male,44,40-49,No,NA,21-25 mph,O: No Injury,White,Male,Passenger Car,No,05NOV2013,Tuesday,Bicyclist Failed to Yield - Sign-Controlled Intersection,21,Intersection,November,O: No Injury,21:06:00,Bicyclist Ride Through - Sign-Controlled Intersection,2013,No,No,Daylight,Straight - Level,Local Street,Dry,"Two-Way, Not Divided",None,T-Intersection,Smooth Asphalt,NA,"35.9206271122, -78.5808025992"
2175,Hickory,Catawba,Piedmont,Commercial,Urban (>70% Developed),NA,Urban,30 - 35  MPH,No Control Present,Clear,No,15,11-15,No,NA,With Traffic,B: Evident Injury,Sidewalk / Crosswalk / Driveway Crossing,Native American,Male,NA,NA,Missing,NA,16-20 mph,Unknown Injury,Unknown/Missing,NA,NA,No,28JUN2012,Thursday,Parallel Paths - Other Circumstances,11,Non-Intersection,June,B: Evident Injury,11:05:00,Bicyclist Ride Out - Parallel Path,2012,No,Yes,Daylight,Straight - Level,Local Street,Dry,"Two-Way, Not Divided",None,No Special Feature,Coarse Asphalt,3 lanes,"35.753986975, -81.3433034206"
2169,None - Rural Crash,Transylvania,Mountains,"Farms, Woods, Pastures",Rural (<30% Developed),NA,Rural,40 - 45  MPH,"Double Yellow Line, No Passing Zone",Clear,No,17,16-19,No,NA,Not Applicable,B: Evident Injury,Driveway / Alley,White,Male,17,0-19,No,NA,36-40 mph,O: No Injury,White,Male,Pickup,No,02JUL2012,Monday,Bicyclist Failed to Yield - Midblock,15,Non-Intersection,July,B: Evident Injury,15:04:00,Bicyclist Ride Out - Residential Driveway,2012,Yes,No,Daylight,Curve - Level,State Secondary Route,Dry,"Two-Way, Not Divided",None,No Special Feature,Smooth Asphalt,2 lanes,"35.2239468115, -82.7044037931"
2141,Raleigh,Wake,Piedmont,Residential,Urban (>70% Developed),NA,Urban,40 - 45  MPH,Stop And Go Signal,Cloudy,No,21,20-24,No,NA,With Traffic,B: Evident Injury,Sidewalk / Crosswalk / Driveway Crossing,White,Female,63,60-69,No,NA,6-10 mph,O: No Injury,White,Male,Pickup,No,11JUN2012,Monday,Motorist Right Turn / Merge,17,Intersection,June,B: Evident Injury,17:55:00,Motorist Right Turn - Same Direction,2012,No,No,Daylight,Straight - Level,Local Street,Wet,"Two-Way, Divided, Unprotected Median",None,Four-Way Intersection,Smooth Asphalt,9 or more lanes,"35.7772170777, -78.6786026208"
2136,None - Rural Crash,Craven,Coastal,Residential,Urban (>70% Developed),NA,Rural,40 - 45  MPH,"Double Yellow Line, No Passing Zone",Clear,No,16,16-19,No,NA,With Traffic,B: Evident Injury,Travel Lane,White,Male,40,40-49,No,NA,26-30 mph,O: No Injury,White,Male,Pickup,No,14JUN2012,Thursday,Bicyclist Left Turn / Merge,17,Non-Intersection,June,B: Evident Injury,17:10:00,Bicyclist Left Turn - Same Direction,2012,No,No,Daylight,Straight - Level,State Secondary Route,Dry,"Two-Way, Not Divided",None,No Special Feature,Coarse Asphalt,2 lanes,"34.907036948, -76.9375020477"
2142,None - Rural Crash,Lenoir,Coastal,Residential,Rural (<30% Developed),NA,Rural,40 - 45  MPH,No Control Present,Clear,No,16,16-19,No,NA,With Traffic,B: Evident Injury,Travel Lane,Black,Male,48,40-49,No,NA,41-45 mph,O: No Injury,Black,Female,Passenger Car,No,20JUN2012,Wednesday,Motorist Overtaking Bicyclist,13,Non-Intersection,June,B: Evident Injury,13:55:00,Motorist Overtaking - Bicyclist Swerved,2012,Yes,No,Daylight,Straight - Level,State Secondary Route,Dry,"Two-Way, Not Divided",None,No Special Feature,Coarse Asphalt,2 lanes,"35.2894770121, -77.5274022465"
2140,Salisbury,Rowan,Piedmont,Commercial,Urban (>70% Developed),NA,Urban,NA,Stop Sign,Clear,No,17,16-19,No,NA,Facing Traffic,C: Possible Injury,Travel Lane,White,Male,22,20-24,No,NA,NA,O: No Injury,Hispanic,Male,Passenger Car,No,20JUN2012,Wednesday,Motorist Failed to Yield - Sign-Controlled Intersection,11,Intersection,June,C: Possible Injury,11:37:00,Motorist Drive Out - Sign-Controlled Intersection,2012,No,No,Daylight,Straight - Level,Local Street,Dry,"Two-Way, Not Divided",None,T-Intersection,Smooth Asphalt,2 lanes,"35.6411469825, -80.5098031649"
2138,Charlotte,Mecklenburg,Piedmont,Commercial,Urban (>70% Developed),NA,Urban,40 - 45  MPH,Stop And Go Signal,Clear,No,45,40-49,No,NA,With Traffic,C: Possible Injury,Travel Lane,White,Male,NA,NA,Missing,NA,6-10 mph,Unknown Injury,Unknown/Missing,NA,NA,No,15JUN2012,Friday,Motorist Overtaking Bicyclist,16,Intersection,June,C: Possible Injury,16:22:00,Motorist Overtaking - Other / Unknown,2012,No,Yes,Daylight,Straight - Level,Local Street,Dry,"Two-Way, Not Divided",None,No Special Feature,Concrete,4 lanes,"35.2354068845, -80.8404032417"
320,Kannapolis,Cabarrus,Piedmont,Residential,Urban (>70% Developed),CONCORD LAKE RD,Urban,40 - 45  MPH,No Control Present,Clear,No,14,11-15,NA,No,Facing Traffic,C: Possible Injury,Travel Lane,Black,Male,40,40-49,NA,No,16-20 mph,O: No Injury,White,Male,Pickup,No,29JUN2014,Sunday,Head-On,16,Non-Intersection,June,C: Possible Injury,16:07:00,Head-On - Bicyclist,2014,Yes,No,Daylight,Straight - Grade,Local Street,Dry,"Two-Way, Not Divided",None,No Special Feature,Smooth Asphalt,2 lanes,"35.4579539401, -80.601483182"
325,Raleigh,Wake,Piedmont,Commercial,Urban (>70% Developed),HILLSBOROUGH ST,Urban,30 - 35  MPH,No Control Present,Clear,No,28,25-29,NA,No,With Traffic,O: No Injury,Travel Lane,White,Male,39,30-39,NA,No,26-30 mph,O: No Injury,White,Male,Passenger Car,No,25JUN2014,Wednesday,Motorist Overtaking Bicyclist,11,Non-Intersection,June,O: No Injury,11:40:00,Motorist Overtaking - Other / Unknown,2014,No,No,Daylight,Straight - Level,Local Street,Dry,"Two-Way, Divided, Unprotected Median",None,No Special Feature,Smooth Asphalt,2 lanes,"35.7937670811, -78.6850076236"
328,None - Rural Crash,Craven,Coastal,"Farms, Woods, Pastures",Rural (<30% Developed),US 70,Rural,50 - 55  MPH,Stop Sign,Clear,No,12,11-15,NA,No,Not Applicable,B: Evident Injury,Travel Lane,Other,Male,55,50-59,NA,"Yes-Alcohol,  impairment suspected",56-60 mph,O: No Injury,White,Male,Pickup,Yes,12JUN2014,Thursday,Crossing Paths - Other Circumstances,14,Intersection,June,B: Evident Injury,14:05:00,Sign-Controlled Intersection - Other / Unknown,2014,No,No,Daylight,Curve - Grade,US Route,Dry,"Two-Way, Divided, Unprotected Median",None,Four-Way Intersection,Coarse Asphalt,4 lanes,"34.9886769644, -76.9820580653"
341,None - Rural Crash,Wayne,Coastal,Residential,Mixed (30% To 70% Developed),SR 1880,Rural,20 - 25  MPH,No Control Present,Clear,No,7,6-10,NA,No,Not Applicable,O: No Injury,Driveway / Alley,White,Male,70+,70+,NA,No,11-15 mph,O: No Injury,White,Female,Passenger Car,No,05JUL2014,Saturday,Bicyclist Failed to Yield - Midblock,11,Non-Intersection,July,O: No Injury,11:55:00,Bicyclist Ride Out - Residential Driveway,2014,No,No,Daylight,Straight - Level,State Secondary Route,Dry,"Two-Way, Not Divided",None,"Driveway, Private",Coarse Asphalt,2 lanes,"35.3251720082, -77.8607323488"
343,None - Rural Crash,Bladen,Coastal,"Farms, Woods, Pastures",Rural (<30% Developed),US 701,Rural,50 - 55  MPH,No Control Present,Clear,No,46,40-49,NA,No,With Traffic,C: Possible Injury,Bike Lane / Paved Shoulder,White,Male,48,40-49,NA,No,51-55 mph,O: No Injury,White,Male,Pickup,No,03JUL2014,Thursday,Motorist Right Turn / Merge,10,Non-Intersection,July,C: Possible Injury,10:25:00,Motorist Right Turn - Same Direction,2014,No,No,Daylight,Straight - Level,US Route,Dry,"Two-Way, Not Divided",None,No Special Feature,Smooth Asphalt,2 lanes,"34.6484708371, -78.5678225292"
362,None - Rural Crash,Guilford,Piedmont,"Farms, Woods, Pastures",Rural (<30% Developed),SR 2778,Rural,40 - 45  MPH,Stop Sign,Clear,No,63,60-69,NA,No,With Traffic,C: Possible Injury,Travel Lane,Black,Male,NA,NA,NA,Missing,6-10 mph,Unknown Injury,Unknown/Missing,NA,Sport Utility,No,29JUL2014,Tuesday,Motorist Failed to Yield - Sign-Controlled Intersection,9,Intersection,July,C: Possible Injury,09:20:00,Motorist Drive Out - Sign-Controlled Intersection,2014,No,Yes,Daylight,Straight - Level,State Secondary Route,Dry,"Two-Way, Not Divided",None,Four-Way Intersection,Smooth Asphalt,2 lanes,"36.1798771285, -79.6467389359"
366,Burlington,Alamance,Piedmont,Residential,Urban (>70% Developed),MOREHEAD ST,Urban,30 - 35  MPH,Stop Sign,Cloudy,No,9,6-10,NA,No,Facing Traffic,B: Evident Injury,Travel Lane,Black,Male,46,40-49,NA,No,26-30 mph,O: No Injury,White,Female,Sport Utility,No,13JUN2014,Friday,Bicyclist Failed to Yield - Sign-Controlled Intersection,14,Intersection,June,B: Evident Injury,14:27:00,Bicyclist Ride Through - Sign-Controlled Intersection,2014,Yes,No,Daylight,Straight - Grade,Local Street,Dry,"Two-Way, Not Divided",None,Four-Way Intersection,Smooth Asphalt,NA,"36.0842621165, -79.4324728659"
377,Raleigh,Wake,Piedmont,Commercial,Urban (>70% Developed),BLOUNT ST,Urban,30 - 35  MPH,No Control Present,Clear,No,27,25-29,NA,No,Not Applicable,C: Possible Injury,Sidewalk / Crosswalk / Driveway Crossing,White,Male,55,50-59,NA,No,21-25 mph,O: No Injury,Black,Female,Van,No,30JUL2014,Wednesday,Bicyclist Failed to Yield - Midblock,16,Non-Intersection,July,C: Possible Injury,16:15:00,Multiple Threat - Midblock,2014,No,No,Daylight,Straight - Level,Local Street,Dry,"One-Way, Not Divided",None,No Special Feature,Smooth Asphalt,3 lanes,"35.7776170797, -78.6365926079"
380,Asheville,Buncombe,Mountains,Commercial,Urban (>70% Developed),19,Urban,30 - 35  MPH,Flashing Stop And Go Signal,Rain,No,12,11-15,NA,No,Facing Traffic,C: Possible Injury,Sidewalk / Crosswalk / Driveway Crossing,White,Male,57,50-59,NA,No,0-5 mph,O: No Injury,White,Female,Passenger Car,No,18JUL2014,Friday,Crossing Paths - Other Circumstances,17,Intersection,July,C: Possible Injury,17:49:00,Signalized Intersection - Other / Unknown,2014,No,No,Daylight,Straight - Level,US Route,Dry,"Two-Way, Divided, Unprotected Median",None,No Special Feature,Smooth Asphalt,3 lanes,"35.577898891, -82.582313778"
382,None - Rural Crash,Davidson,Piedmont,Residential,Mixed (30% To 70% Developed),SR 2183,Rural,40 - 45  MPH,"Double Yellow Line, No Passing Zone",Cloudy,No,48,40-49,NA,No,With Traffic,C: Possible Injury,Bike Lane / Paved Shoulder,White,Male,31,30-39,NA,No,31-35 mph,O: No Injury,White,Female,Passenger Car,No,27JUL2014,Sunday,Motorist Overtaking Bicyclist,22,Non-Intersection,July,C: Possible Injury,22:05:00,Motorist Overtaking - Other / Unknown,2014,Yes,No,Dusk,Straight - Level,State Secondary Route,Dry,"Two-Way, Not Divided",None,No Special Feature,Smooth Asphalt,2 lanes,"35.8358950393, -80.092953051"
387,Kings Mountain,Cleveland,Mountains,Residential,Urban (>70% Developed),SHELBY RD,Urban,30 - 35  MPH,No Control Present,Clear,No,22,20-24,NA,No,Facing Traffic,B: Evident Injury,Travel Lane,White,Male,59,50-59,NA,No,11-15 mph,O: No Injury,White,Female,"Light Truck (Mini-Van, Panel)",No,07AUG2014,Thursday,Motorist Failed to Yield - Sign-Controlled Intersection,7,Intersection,August,B: Evident Injury,07:50:00,Motorist Drive Out - Sign-Controlled Intersection,2014,Yes,No,Daylight,Straight - Hillcrest,Local Street,Dry,"Two-Way, Divided, Positive Median Barrier",None,No Special Feature,Smooth Asphalt,4 lanes,"35.2397068658, -81.3695173989"
390,Charlotte,Mecklenburg,Piedmont,Commercial,Urban (>70% Developed),CLANTON RD,Urban,NA,No Control Present,Cloudy,No,56,50-59,NA,No,Facing Traffic,C: Possible Injury,Sidewalk / Crosswalk / Driveway Crossing,Black,Male,55,50-59,NA,No,NA,O: No Injury,White,Male,Pickup,No,31JUL2014,Thursday,Motorist Failed to Yield - Midblock,17,Non-Intersection,July,C: Possible Injury,17:44:00,Motorist Drive Out - Commercial Driveway / Alley,2014,Yes,No,Daylight,Straight - Level,Local Street,Dry,"Two-Way, Not Divided",None,"Driveway, Public",Concrete,2 lanes,"35.1965208746, -80.879329251"
391,Elizabeth City,Pasquotank,Coastal,Commercial,Mixed (30% To 70% Developed),N ROAD ST,Urban,40 - 45  MPH,Stop And Go Signal,Clear,No,59,50-59,NA,No,With Traffic,B: Evident Injury,Bike Lane / Paved Shoulder,Black,Male,40,40-49,NA,No,36-40 mph,O: No Injury,White,Male,Sport Utility,No,07AUG2014,Thursday,Motorist Overtaking Bicyclist,18,Intersection-Related,August,B: Evident Injury,18:32:00,Motorist Overtaking - Bicyclist Swerved,2014,Yes,No,Daylight,Straight - Level,Local Street,Dry,"Two-Way, Divided, Unprotected Median",None,No Special Feature,Smooth Asphalt,5 lanes,"36.324252279, -76.2220858984"
401,None - Rural Crash,Forsyth,Piedmont,"Farms, Woods, Pastures",Rural (<30% Developed),SR 1455,Rural,40 - 45  MPH,"Double Yellow Line, No Passing Zone",Clear,No,50,50-59,NA,No,With Traffic,B: Evident Injury,Travel Lane,White,Female,23,20-24,NA,No,41-45 mph,O: No Injury,White,Male,Pickup,No,29JUL2014,Tuesday,Motorist Overtaking Bicyclist,19,Non-Intersection,July,B: Evident Injury,19:10:00,Motorist Overtaking - Misjudged Space,2014,Yes,No,Daylight,Straight - Grade,State Secondary Route,Dry,"Two-Way, Not Divided",None,No Special Feature,Coarse Asphalt,2 lanes,"36.1745450993, -80.39339316"
402,None - Rural Crash,Harnett,Coastal,"Farms, Woods, Pastures",Rural (<30% Developed),SR 1115,Rural,40 - 45  MPH,"Double Yellow Line, No Passing Zone",Clear,No,15,11-15,NA,No,With Traffic,O: No Injury,Travel Lane,White,Male,60,60-69,NA,No,41-45 mph,C: Possible Injury,White,Male,Motorcycle,No,29JUL2014,Tuesday,Motorist Overtaking Bicyclist,18,Non-Intersection,July,C: Possible Injury,18:44:00,Motorist Overtaking - Other / Unknown,2014,No,No,Daylight,Straight - Hillcrest,State Secondary Route,Dry,"Two-Way, Not Divided",None,No Special Feature,Coarse Asphalt,2 lanes,"35.3265639682, -79.0484427089"
405,Patterson Springs,Cleveland,Mountains,Residential,Mixed (30% To 70% Developed),NC 180,Rural,40 - 45  MPH,"Double Yellow Line, No Passing Zone",Cloudy,No,13,11-15,NA,No,With Traffic,C: Possible Injury,Travel Lane,Black,Male,61,60-69,NA,No,31-35 mph,O: No Injury,White,Male,Pickup,No,27JUL2014,Sunday,Motorist Overtaking Bicyclist,22,Non-Intersection,July,C: Possible Injury,22:36:00,Motorist Overtaking - Undetected Bicyclist,2014,Yes,No,Dark - Roadway Not Lighted,Straight - Level,NC Route,Wet,"Two-Way, Not Divided",None,No Special Feature,Smooth Asphalt,2 lanes,"35.2304798585, -81.5177634432"
415,None - Rural Crash,Johnston,Coastal,"Farms, Woods, Pastures",Rural (<30% Developed),SR 2105,Rural,40 - 45  MPH,No Control Present,Clear,No,11,11-15,NA,No,With Traffic,C: Possible Injury,Travel Lane,Hispanic,Male,57,50-59,NA,No,26-30 mph,O: No Injury,White,Female,Passenger Car,No,29JUL2014,Tuesday,Other / Unusual Circumstances,20,Non-Intersection,July,C: Possible Injury,20:01:00,Play Vehicle-Related,2014,No,No,Dusk,Straight - Level,State Secondary Route,Dry,"Two-Way, Not Divided",None,No Special Feature,Coarse Asphalt,2 lanes,"35.7433200859, -78.2260384813"
416,Burlington,Alamance,Piedmont,Commercial,Urban (>70% Developed),S MEBANE ST,Urban,30 - 35  MPH,Stop And Go Signal,Clear,No,14,11-15,NA,No,With Traffic,B: Evident Injury,Travel Lane,Hispanic,Male,67,60-69,NA,No,31-35 mph,O: No Injury,White,Female,Passenger Car,No,14AUG2014,Thursday,Bicyclist Failed to Yield - Signalized Intersection,12,Intersection-Related,August,B: Evident Injury,12:15:00,Bicyclist Ride Through - Signalized Intersection,2014,Yes,No,Daylight,Straight - Grade,Local Street,Dry,"Two-Way, Not Divided",None,Four-Way Intersection,Smooth Asphalt,5 lanes,"36.0850971158, -79.4407528677"
418,None - Rural Crash,Sampson,Coastal,"Farms, Woods, Pastures",Rural (<30% Developed),SR 1476,Rural,50 - 55  MPH,No Control Present,Cloudy,No,55,50-59,NA,No,With Traffic,B: Evident Injury,Travel Lane,White,Male,64,60-69,NA,No,31-35 mph,O: No Injury,Black,Female,Passenger Car,No,16JUL2014,Wednesday,Motorist Overtaking Bicyclist,5,Non-Intersection,July,B: Evident Injury,05:59:00,Motorist Overtaking - Other / Unknown,2014,Yes,No,Dawn,Straight - Level,State Secondary Route,Dry,"Two-Way, Not Divided",None,No Special Feature,Coarse Asphalt,2 lanes,"35.1996839594, -78.5107065401"
419,Wrightsville Beach,NA,Coastal,Residential,Urban (>70% Developed),N LUMINA AVE,Rural,20 - 25  MPH,No Control Present,Clear,No,23,20-24,NA,No,With Traffic,B: Evident Injury,Travel Lane,White,Male,25,25-29,NA,"Yes-Alcohol,  impairment suspected",16-20 mph,O: No Injury,White,Male,NA,Yes,04JUL2014,Friday,Motorist Overtaking Bicyclist,16,Intersection-Related,July,B: Evident Injury,16:48:00,Motorist Overtaking - Other / Unknown,2014,No,Yes,Daylight,Straight - Level,Local Street,Dry,"Two-Way, Not Divided",None,No Special Feature,Coarse Asphalt,2 lanes,"34.2171427676, -77.7891722732"