object_id,city,county,region,development,locality,on_road,rural_urban,speed_limit,traffic_control,weather,workzone,bike_age,bike_age_group,bike_alcohol,bike_alcohol_drugs,bike_direction,bike_injury,bike_position,bike_race,bike_sex,driver_age,driver_age_group,driver_alcohol,driver_alcohol_drugs,driver_est_speed,driver_injury,driver_race,driver_sex,driver_vehicle_type,crash_alcohol,crash_date,crash_day,crash_group,crash_hour,crash_location,crash_month,crash_severity,crash_time,crash_type,crash_year,ambulance_req,hit_run,light_condition,road_character,road_class,road_condition,road_configuration,road_defects,road_feature,road_surface,num_lanes,geo_point
429,Hickory,Catawba,Piedmont,Residential,Urban (>70% Developed),2ND AVE,Urban,30 - 35  MPH,Stop And Go Signal,Clear,No,14,11-15,NA,No,Facing Traffic,C: Possible Injury,Sidewalk / Crosswalk / Driveway Crossing,White,Male,30,30-39,NA,No,21-25 mph,O: No Injury,White,Male,Pickup,No,02JUL2014,Wednesday,Bicyclist Failed to Yield - Signalized Intersection,15,Intersection,July,C: Possible Injury,15:13:00,Bicyclist Ride Out - Signalized  Intersection,2014,No,Yes,Daylight,Straight - Grade,Local Street,Dry,"Two-Way, Not Divided",None,Related To Intersection,Coarse Asphalt,2 lanes,"35.7354419708, -81.367793426"
431,Washington,Beaufort,Coastal,Commercial,Urban (>70% Developed),JOHN SMALL AVE,Urban,30 - 35  MPH,No Control Present,Clear,No,34,30-39,NA,No,Facing Traffic,B: Evident Injury,Travel Lane,White,Male,56,50-59,NA,No,21-25 mph,O: No Injury,White,Male,Passenger Car,No,30JUL2014,Wednesday,Bicyclist Failed to Yield - Sign-Controlled Intersection,5,Intersection,July,B: Evident Injury,05:14:00,Bicyclist Ride Out - Sign-Controlled Intersection,2014,Yes,No,Dark - Lighted Roadway,Straight - Level,Local Street,Dry,"Two-Way, Not Divided",None,Four-Way Intersection,Coarse Asphalt,5 lanes,"35.5466910843, -77.0333421086"
434,High Point,Guilford,Piedmont,Commercial,Urban (>70% Developed),EASTCHESTER DR,Urban,NA,Stop Sign,Clear,No,14,11-15,NA,No,Not Applicable,C: Possible Injury,Non-Roadway,Black,Male,17,0-19,NA,No,6-10 mph,O: No Injury,White,Female,Passenger Car,No,20JUL2014,Sunday,Non-Roadway,21,Non-Roadway,July,C: Possible Injury,21:42:00,Non-Roadway,2014,Yes,No,Daylight,Straight - Level,Public Vehicular Area,Dry,"Two-Way, Not Divided",None,"Driveway, Public",Coarse Asphalt,NA,"35.9837030731, -80.0198430374"
440,None - Rural Crash,Haywood,Mountains,"Farms, Woods, Pastures",Mixed (30% To 70% Developed),SR 1513,Rural,40 - 45  MPH,"Double Yellow Line, No Passing Zone",Clear,No,52,50-59,NA,No,With Traffic,C: Possible Injury,Travel Lane,White,Male,17,0-19,NA,No,21-25 mph,O: No Injury,White,Male,Sport Utility,No,16AUG2014,Saturday,Head-On,9,Intersection-Related,August,C: Possible Injury,09:47:00,Head-On - Motorist,2014,Yes,No,Daylight,Straight - Level,State Secondary Route,Dry,"Two-Way, Not Divided",None,T-Intersection,Smooth Asphalt,2 lanes,"35.2349868709, -81.2002833492"
449,Cary,Wake,Piedmont,Commercial,Urban (>70% Developed),KILDAIRE FARM RD,Urban,30 - 35  MPH,Stop And Go Signal,Clear,No,NA,NA,NA,No,Facing Traffic,Unknown Injury,Travel Lane,White,Female,32,30-39,NA,No,6-10 mph,O: No Injury,White,Female,Sport Utility,No,11JUL2014,Friday,Bicyclist Failed to Yield - Signalized Intersection,8,Intersection,July,O: No Injury,08:55:00,Bicyclist Ride Through - Signalized Intersection,2014,No,No,Daylight,Straight - Level,State Secondary Route,Dry,"Two-Way, Not Divided",None,Four-Way Intersection,Smooth Asphalt,6 lanes,"35.7712470731, -78.7816626511"
452,Mooresville,Iredell,Piedmont,Commercial,Mixed (30% To 70% Developed),PROMENADE DR,Urban,30 - 35  MPH,Stop Sign,Clear,No,34,30-39,NA,No,Facing Traffic,B: Evident Injury,Sidewalk / Crosswalk / Driveway Crossing,White,Female,17,0-19,NA,No,0-5 mph,O: No Injury,White,Female,Sport Utility,No,16AUG2014,Saturday,Motorist Failed to Yield - Sign-Controlled Intersection,11,Intersection,August,B: Evident Injury,11:09:00,Motorist Drive Out - Sign-Controlled Intersection,2014,Yes,No,Daylight,Straight - Hillcrest,Local Street,Dry,"Two-Way, Not Divided",None,T-Intersection,Smooth Asphalt,2 lanes,"35.5778369554, -80.8864532742"
454,None - Rural Crash,Pitt,Coastal,"Farms, Woods, Pastures",Mixed (30% To 70% Developed),NC 43,Rural,50 - 55  MPH,No Control Present,Clear,No,26,25-29,NA,No,With Traffic,C: Possible Injury,Travel Lane,Other,Female,63,60-69,NA,No,31-35 mph,O: No Injury,White,Female,Passenger Car,No,13AUG2014,Wednesday,Motorist Overtaking Bicyclist,18,Non-Intersection,August,C: Possible Injury,18:16:00,Motorist Overtaking - Other / Unknown,2014,Yes,No,Daylight,Straight - Level,NC Route,Dry,"Two-Way, Not Divided",None,No Special Feature,Coarse Asphalt,2 lanes,"35.7021021016, -77.516302263"
455,None - Rural Crash,Randolph,Piedmont,"Farms, Woods, Pastures",Rural (<30% Developed),NC 22,Rural,50 - 55  MPH,"Double Yellow Line, No Passing Zone",Clear,No,42,40-49,NA,No,With Traffic,B: Evident Injury,Travel Lane,White,Male,28,25-29,NA,No,51-55 mph,O: No Injury,Native American,Male,Pickup,No,26AUG2014,Tuesday,Motorist Overtaking Bicyclist,10,Non-Intersection,August,B: Evident Injury,10:37:00,Motorist Overtaking - Other / Unknown,2014,No,No,Daylight,Straight - Level,NC Route,Dry,"Two-Way, Not Divided",None,No Special Feature,Smooth Asphalt,2 lanes,"35.7104910294, -79.6291129045"
459,Rocky Mount,Nash,Coastal,Commercial,Urban (>70% Developed),SUNSET AVE,Urban,30 - 35  MPH,Stop And Go Signal,Clear,No,54,50-59,NA,No,Facing Traffic,B: Evident Injury,Sidewalk / Crosswalk / Driveway Crossing,White,Male,36,30-39,NA,No,0-5 mph,O: No Injury,Black,Female,Sport Utility,No,29AUG2014,Friday,Motorist Failed to Yield - Signalized Intersection,15,Intersection,August,B: Evident Injury,15:23:00,Motorist Drive Out - Signalized Intersection,2014,Yes,No,Daylight,Straight - Level,Local Street,Dry,"One-Way, Not Divided",None,No Special Feature,Smooth Asphalt,3 lanes,"35.9439421444, -77.8015923632"
466,Wilmington,New Hanover,Coastal,Commercial,Urban (>70% Developed),N FRONT ST,Urban,20 - 25  MPH,Stop Sign,Clear,No,21,20-24,NA,No,Facing Traffic,C: Possible Injury,Sidewalk / Crosswalk / Driveway Crossing,Black,Male,70+,70+,NA,No,0-5 mph,O: No Injury,White,Male,Passenger Car,No,19AUG2014,Tuesday,Crossing Paths - Other Circumstances,7,Intersection,August,C: Possible Injury,07:45:00,Sign-Controlled Intersection - Other / Unknown,2014,No,No,Daylight,Straight - Level,Local Street,Dry,"Two-Way, Not Divided",None,Four-Way Intersection,Coarse Asphalt,2 lanes,"34.2364987664, -77.948772323"
469,Gastonia,Gaston,Piedmont,Residential,Urban (>70% Developed),HILLCREST AVE,Urban,30 - 35  MPH,Stop Sign,Clear,No,12,11-15,NA,No,With Traffic,C: Possible Injury,Travel Lane,Black,Male,25,25-29,NA,No,31-35 mph,O: No Injury,Black,Female,Passenger Car,No,11JUL2014,Friday,Bicyclist Failed to Yield - Sign-Controlled Intersection,18,Intersection,July,C: Possible Injury,18:08:00,Bicyclist Ride Through - Sign-Controlled Intersection,2014,Yes,No,Daylight,Straight - Level,Local Street,Dry,"Two-Way, Not Divided",None,Four-Way Intersection,Coarse Asphalt,2 lanes,"35.2487668741, -81.1979133486"
473,Greenville,Pitt,Coastal,Commercial,Urban (>70% Developed),PVA 703 SE GREENVILLE BLVD,Urban,30 - 35  MPH,Stop Sign,Clear,No,51,50-59,NA,No,Facing Traffic,C: Possible Injury,Sidewalk / Crosswalk / Driveway Crossing,Black,Male,67,60-69,NA,No,0-5 mph,O: No Injury,Black,Female,Passenger Car,No,03SEP2014,Wednesday,Motorist Failed to Yield - Sign-Controlled Intersection,16,Intersection,September,C: Possible Injury,16:33:00,Motorist Drive Out - Sign-Controlled Intersection,2014,Yes,No,Daylight,Straight - Level,Public Vehicular Area,Dry,"Two-Way, Not Divided",None,No Special Feature,Coarse Asphalt,NA,"35.5870470821, -77.3722862137"
478,Boone,Watauga,Mountains,Commercial,Urban (>70% Developed),E KING ST,Urban,30 - 35  MPH,No Control Present,Cloudy,No,22,20-24,NA,No,Facing Traffic,B: Evident Injury,Bike Lane / Paved Shoulder,White,Male,25,25-29,NA,No,6-10 mph,O: No Injury,White,Male,Passenger Car,No,03SEP2014,Wednesday,Motorist Failed to Yield - Midblock,6,Non-Intersection,September,B: Evident Injury,06:15:00,Motorist Drive Out - Other Midblock,2014,Yes,No,Daylight,Straight - Grade,Local Street,Dry,"Two-Way, Divided, Unprotected Median",None,No Special Feature,Coarse Asphalt,4 lanes,"36.2160770589, -81.6731035458"
488,Hickory,Catawba,Piedmont,Commercial,Urban (>70% Developed),OLD LENOIR RD,Urban,30 - 35  MPH,Yield Sign,Cloudy,No,44,40-49,NA,No,With Traffic,O: No Injury,Travel Lane,White,Male,66,60-69,NA,No,6-10 mph,O: No Injury,White,Male,Passenger Car,No,22JUL2014,Tuesday,Motorist Failed to Yield - Sign-Controlled Intersection,6,Intersection,July,O: No Injury,06:03:00,Motorist Drive Out - Sign-Controlled Intersection,2014,No,No,Dark - Lighted Roadway,Straight - Grade,Local Street,Wet,"Two-Way, Not Divided",None,T-Intersection,Coarse Asphalt,6 lanes,"35.747420973, -81.3640134258"
489,Raleigh,Wake,Piedmont,Commercial,Urban (>70% Developed),HILLLSBOURGH ST,Urban,30 - 35  MPH,No Control Present,Rain,No,29,25-29,NA,No,With Traffic,C: Possible Injury,Bike Lane / Paved Shoulder,White,Male,23,20-24,NA,No,0-5 mph,O: No Injury,White,Female,Passenger Car,No,18AUG2014,Monday,Motorist Left Turn / Merge,19,Non-Intersection,August,C: Possible Injury,19:46:00,Motorist Left Turn - Opposite Direction,2014,Yes,No,Daylight,Straight - Level,Local Street,Wet,"Two-Way, Not Divided",None,No Special Feature,Smooth Asphalt,2 lanes,"35.7850670802, -78.6599526158"
494,Durham,Durham,Piedmont,Commercial,Urban (>70% Developed),ANDERSON ST,Urban,5 - 15 MPH,Stop Sign,Rain,No,20,20-24,NA,No,With Traffic,C: Possible Injury,Bike Lane / Paved Shoulder,White,Male,23,20-24,NA,No,0-5 mph,O: No Injury,White,Female,Sport Utility,No,08SEP2014,Monday,Motorist Failed to Yield - Midblock,20,Non-Intersection,September,C: Possible Injury,20:10:00,Motorist Drive Out - Commercial Driveway / Alley,2014,Yes,No,Dark - Lighted Roadway,Straight - Level,Local Street,Wet,"Two-Way, Not Divided",None,T-Intersection,Smooth Asphalt,3 lanes,"36.0063271176, -78.9299227088"
495,High Point,Guilford,Piedmont,"Farms, Woods, Pastures",Urban (>70% Developed),SANDY RIDGE RD,Urban,40 - 45  MPH,Stop Sign,Cloudy,No,34,30-39,NA,No,With Traffic,C: Possible Injury,Travel Lane,White,Female,70+,70+,NA,No,36-40 mph,O: No Injury,White,Female,Passenger Car,No,08AUG2014,Friday,Motorist Right Turn / Merge,11,Intersection,August,C: Possible Injury,11:01:00,Motorist Right Turn - Same Direction,2014,No,No,Daylight,Straight - Level,Local Street,Dry,"Two-Way, Not Divided",None,T-Intersection,Smooth Asphalt,2 lanes,"36.0649470911, -80.0076780375"
25,None - Rural Crash,Buncombe,Mountains,Commercial,Mixed (30% To 70% Developed),SR 3550,Rural,30 - 35  MPH,"Double Yellow Line, No Passing Zone","Snow, Sleet, Hail, Freezing Rain/Drizzle",No,15,11-15,NA,No,With Traffic,B: Evident Injury,Travel Lane,White,Male,NA,NA,NA,NA,11-15 mph,Unknown Injury,Unknown/Missing,NA,Pickup,No,12FEB2014,Wednesday,Bicyclist Left Turn / Merge,21,Non-Intersection,February,B: Evident Injury,21:25:00,Bicyclist Left Turn - Same Direction,2014,Yes,Yes,Dark - Roadway Not Lighted,Straight - Level,State Secondary Route,Snow,"Two-Way, Not Divided",None,No Special Feature,Coarse Asphalt,2 lanes,"35.4723168711, -82.5267437549"
17,Lumberton,Robeson,Coastal,Commercial,Urban (>70% Developed),CARTHAGE RD,Urban,30 - 35  MPH,No Control Present,Clear,No,60,60-69,NA,"Yes-Alcohol,  impairment suspected",With Traffic,C: Possible Injury,Travel Lane,Native American,Male,45,40-49,NA,No,31-35 mph,O: No Injury,Black,Female,Sport Utility,Yes,03JAN2014,Friday,Motorist Overtaking Bicyclist,19,Intersection,January,C: Possible Injury,19:33:00,Motorist Overtaking - Undetected Bicyclist,2014,No,No,Dark - Lighted Roadway,Straight - Grade,Local Street,Dry,"Two-Way, Divided, Unprotected Median",None,No Special Feature,Coarse Asphalt,2 lanes,"34.6336868179, -79.0240576658"
19,None - Rural Crash,Wake,Piedmont,"Farms, Woods, Pastures",Rural (<30% Developed),SR 1605,Rural,40 - 45  MPH,"Double Yellow Line, No Passing Zone",Clear,No,18,16-19,NA,No,Not Applicable,O: No Injury,Sidewalk / Crosswalk / Driveway Crossing,White,Male,18,0-19,NA,No,46-50 mph,O: No Injury,White,Male,Passenger Car,No,02FEB2014,Sunday,Bicyclist Failed to Yield - Midblock,15,Non-Intersection,February,O: No Injury,15:01:00,Bicyclist Ride Out - Other Midblock,2014,No,No,Daylight,Straight - Level,State Secondary Route,Dry,"Two-Way, Not Divided",None,Shared-Use Paths Or Trails,Coarse Asphalt,2 lanes,"35.7735770682, -78.9238826951"
18,Durham,Durham,Piedmont,Commercial,Urban (>70% Developed),ERWIN RD,Urban,40 - 45  MPH,Stop And Go Signal,Clear,No,29,25-29,NA,No,With Traffic,B: Evident Injury,Sidewalk / Crosswalk / Driveway Crossing,White,Male,NA,NA,NA,Missing,16-20 mph,Unknown Injury,Unknown/Missing,NA,Passenger Car,No,31JAN2014,Friday,Motorist Left Turn / Merge,19,Intersection,January,B: Evident Injury,19:53:00,Motorist Left Turn - Opposite Direction,2014,Yes,Yes,Dark - Lighted Roadway,Straight - Level,Local Street,Dry,"Two-Way, Not Divided",None,Four-Way Intersection,Coarse Asphalt,4 lanes,"36.0075941169, -78.9461427145"
27,Raleigh,Wake,Piedmont,Residential,Urban (>70% Developed),BROOKSIDE DR,Urban,30 - 35  MPH,No Control Present,Clear,No,31,30-39,NA,No,Not Applicable,B: Evident Injury,Travel Lane,White,Male,NA,NA,NA,Missing,21-25 mph,Unknown Injury,Unknown/Missing,NA,NA,No,15FEB2014,Saturday,Crossing Paths - Other Circumstances,1,Intersection-Related,February,B: Evident Injury,01:18:00,Crossing Paths - Uncontrolled Intersection,2014,Yes,Yes,Dark - Lighted Roadway,Straight - Level,Local Street,Wet,"Two-Way, Not Divided",None,No Special Feature,Smooth Asphalt,2 lanes,"35.7985670839, -78.6244926051"
6,Greensboro,Guilford,Piedmont,Institutional,Urban (>70% Developed),E MARKET ST,Urban,30 - 35  MPH,Stop And Go Signal,Cloudy,No,21,20-24,NA,No,With Traffic,C: Possible Injury,Travel Lane,Black,Male,50,50-59,NA,No,31-35 mph,O: No Injury,Black,Female,Passenger Car,No,14JAN2014,Tuesday,Loss of Control / Turning Error,18,Intersection,January,C: Possible Injury,18:27:00,Bicyclist Lost Control - Mechanical Problems,2014,Yes,No,Dark - Lighted Roadway,Straight - Grade,Local Street,Dry,"Two-Way, Divided, Unprotected Median",None,Four-Way Intersection,Smooth Asphalt,NA,"36.0727041015, -79.7704829666"
37,None - Rural Crash,Alamance,Piedmont,"Farms, Woods, Pastures",Rural (<30% Developed),NC 119,Rural,40 - 45  MPH,"Double Yellow Line, No Passing Zone",Clear,No,49,40-49,NA,No,With Traffic,C: Possible Injury,Travel Lane,White,Male,27,25-29,NA,No,41-45 mph,O: No Injury,White,Male,Passenger Car,No,24FEB2014,Monday,Motorist Overtaking Bicyclist,22,Non-Intersection,February,C: Possible Injury,22:40:00,Motorist Overtaking - Other / Unknown,2014,Yes,No,Dark - Roadway Not Lighted,Curve - Level,NC Route,Dry,"Two-Way, Not Divided",None,No Special Feature,Smooth Asphalt,2 lanes,"36.0530011138, -79.3195228295"
14,Raleigh,Wake,Piedmont,Commercial,Mixed (30% To 70% Developed),AVENT FERRY RD,Urban,30 - 35  MPH,No Control Present,Clear,No,27,25-29,NA,No,With Traffic,Unknown Injury,Bike Lane / Paved Shoulder,White,Female,53,50-59,NA,No,11-15 mph,O: No Injury,White,Female,Passenger Car,No,08JAN2014,Wednesday,Motorist Right Turn / Merge,8,Non-Intersection,January,O: No Injury,08:01:00,Motorist Right Turn - Same Direction,2014,No,No,Daylight,Straight - Level,Local Street,Dry,"Two-Way, Not Divided",None,No Special Feature,Smooth Asphalt,2 lanes,"35.7677870749, -78.6957266255"
22,Raleigh,Wake,Piedmont,Commercial,Urban (>70% Developed),ROCK QUARRY RD,Urban,40 - 45  MPH,No Control Present,Cloudy,No,17,16-19,NA,No,Not Applicable,B: Evident Injury,Travel Lane,Black,Male,34,30-39,NA,No,21-25 mph,O: No Injury,White,Female,Sport Utility,No,11FEB2014,Tuesday,Bicyclist Failed to Yield - Midblock,13,Non-Intersection,February,B: Evident Injury,13:29:00,Bicyclist Ride Out - Other Midblock,2014,Yes,No,Daylight,Straight - Level,Local Street,Dry,"Two-Way, Not Divided",None,No Special Feature,Smooth Asphalt,5 lanes,"35.7553070755, -78.6123725999"
15,Greenville,Pitt,Coastal,Commercial,Rural (<30% Developed),264,Urban,40 - 45  MPH,No Control Present,Clear,No,26,25-29,NA,No,Facing Traffic,C: Possible Injury,Travel Lane,Black,Male,70+,70+,NA,No,6-10 mph,O: No Injury,White,Female,Sport Utility,No,25JAN2014,Saturday,Head-On,9,Intersection-Related,January,C: Possible Injury,09:59:00,Head-On - Bicyclist,2014,Yes,No,Daylight,Straight - Level,US Route,Dry,"Two-Way, Divided, Unprotected Median",None,No Special Feature,Smooth Asphalt,5 lanes,"35.5726690779, -77.396792221"
80,Raleigh,Wake,Piedmont,Commercial,Urban (>70% Developed),WESTERN BLVD,Urban,40 - 45  MPH,No Control Present,Clear,No,34,30-39,NA,"Yes-Alcohol,  impairment suspected",Facing Traffic,O: No Injury,Sidewalk / Crosswalk / Driveway Crossing,White,Male,49,40-49,NA,No,0-5 mph,O: No Injury,Black,Male,Sport Utility,Yes,11MAR2014,Tuesday,Motorist Failed to Yield - Midblock,1,Non-Intersection,March,O: No Injury,01:59:00,Motorist Drive Out - Commercial Driveway / Alley,2014,No,No,Dark - Lighted Roadway,Straight - Level,Local Street,Dry,"Two-Way, Divided, Unprotected Median",None,No Special Feature,Smooth Asphalt,2 lanes,"35.7819570786, -78.6786826216"
68,Charlotte,Mecklenburg,Piedmont,Residential,Urban (>70% Developed),LYNFIELD DRIVE,Urban,20 - 25  MPH,Stop Sign,Clear,No,43,40-49,NA,No,Facing Traffic,C: Possible Injury,Sidewalk / Crosswalk / Driveway Crossing,White,Male,70+,70+,NA,No,0-5 mph,O: No Injury,White,Female,Passenger Car,No,09MAR2014,Sunday,Motorist Failed to Yield - Sign-Controlled Intersection,16,Intersection-Related,March,C: Possible Injury,16:37:00,Motorist Drive Out - Sign-Controlled Intersection,2014,No,No,Daylight,Straight - Level,Local Street,Dry,"Two-Way, Not Divided",None,No Special Feature,Smooth Asphalt,2 lanes,"35.1863128776, -80.7368632077"
63,None - Rural Crash,Edgecombe,Coastal,"Farms, Woods, Pastures",Rural (<30% Developed),US 64,Rural,50 - 55  MPH,No Control Present,Clear,No,56,50-59,NA,"Yes-Alcohol,  impairment suspected",With Traffic,B: Evident Injury,Travel Lane,Black,Male,NA,NA,NA,NA,51-55 mph,Unknown Injury,Unknown/Missing,NA,NA,Yes,11MAR2014,Tuesday,Motorist Overtaking Bicyclist,20,Non-Intersection,March,B: Evident Injury,20:40:00,Motorist Overtaking - Other / Unknown,2014,Yes,Yes,Dark - Roadway Not Lighted,Straight - Level,US Route,Dry,"Two-Way, Not Divided",None,No Special Feature,Coarse Asphalt,2 lanes,"35.8497611347, -77.4922322638"
57,Asheboro,Randolph,Piedmont,Commercial,Urban (>70% Developed),PVA 509 SUNSET AVE,Urban,NA,No Control Present,Clear,No,20,20-24,NA,No,Facing Traffic,C: Possible Injury,Sidewalk / Crosswalk / Driveway Crossing,Black,Male,NA,NA,NA,Missing,0-5 mph,Unknown Injury,Unknown/Missing,NA,NA,No,18FEB2014,Tuesday,Motorist Failed to Yield - Midblock,14,Non-Intersection,February,C: Possible Injury,14:28:00,Motorist Drive Out - Commercial Driveway / Alley,2014,Yes,Yes,Daylight,Straight - Level,Public Vehicular Area,Dry,"Two-Way, Not Divided",None,"Driveway, Public",Concrete,NA,"35.7059510213, -79.8209829613"
58,Charlotte,Mecklenburg,Piedmont,Commercial,Urban (>70% Developed),E 9TH ST,Urban,30 - 35  MPH,Stop And Go Signal,Clear,No,45,40-49,NA,No,With Traffic,C: Possible Injury,Travel Lane,White,Male,NA,NA,NA,Missing,6-10 mph,Unknown Injury,Unknown/Missing,NA,Passenger Car,No,01MAR2014,Saturday,Motorist Failed to Yield - Signalized Intersection,14,Intersection,March,C: Possible Injury,14:39:00,Motorist Drive Through - Signalized Intersection,2014,Yes,Yes,Daylight,Straight - Level,Local Street,Dry,"Two-Way, Not Divided",None,No Special Feature,Smooth Asphalt,2 lanes,"35.2300708834, -80.8365032396"
108,None - Rural Crash,Guilford,Piedmont,"Farms, Woods, Pastures",Rural (<30% Developed),SR 1001,Rural,50 - 55  MPH,No Control Present,Clear,No,11,11-15,NA,No,With Traffic,B: Evident Injury,Travel Lane,White,Female,41,40-49,NA,No,46-50 mph,O: No Injury,White,Female,Passenger Car,No,01APR2014,Tuesday,Motorist Overtaking Bicyclist,20,Non-Intersection,April,B: Evident Injury,20:32:00,Motorist Overtaking - Undetected Bicyclist,2014,Yes,No,Dark - Roadway Not Lighted,Straight - Level,State Secondary Route,Dry,"Two-Way, Not Divided",None,No Special Feature,Coarse Asphalt,2 lanes,"36.2062141284, -79.7868679789"
107,Fuquay-Varina,Wake,Piedmont,Residential,Mixed (30% To 70% Developed),AIR PARK RD,Urban,40 - 45  MPH,"Double Yellow Line, No Passing Zone",Clear,No,16,16-19,NA,No,With Traffic,B: Evident Injury,Travel Lane,White,Female,56,50-59,NA,No,36-40 mph,O: No Injury,White,Female,Passenger Car,No,01APR2014,Tuesday,Bicyclist Left Turn / Merge,16,Non-Intersection,April,B: Evident Injury,16:05:00,Bicyclist Left Turn - Same Direction,2014,No,No,Daylight,Straight - Level,State Secondary Route,Dry,"Two-Way, Not Divided",None,No Special Feature,Coarse Asphalt,2 lanes,"35.6244170432, -78.7185026242"
55,Charlotte,Mecklenburg,Piedmont,Residential,Urban (>70% Developed),MOORES CHAPEL RD,Urban,30 - 35  MPH,No Control Present,Rain,No,55,50-59,NA,No,With Traffic,C: Possible Injury,Travel Lane,White,Male,70+,70+,NA,No,26-30 mph,O: No Injury,White,Male,Sport Utility,No,06MAR2014,Thursday,Motorist Overtaking Bicyclist,17,Non-Intersection,March,C: Possible Injury,17:03:00,Motorist Overtaking - Bicyclist Swerved,2014,Yes,No,Daylight,Straight - Level,Local Street,Wet,"Two-Way, Not Divided",None,No Special Feature,Coarse Asphalt,2 lanes,"35.2756298887, -80.9435232742"
66,None - Rural Crash,Guilford,Piedmont,"Farms, Woods, Pastures",Rural (<30% Developed),SR 1002,Rural,50 - 55  MPH,"Double Yellow Line, No Passing Zone",Clear,No,49,40-49,NA,No,With Traffic,K: Killed,Travel Lane,Hispanic,Male,19,0-19,NA,No,46-50 mph,O: No Injury,White,Male,Pickup,No,02FEB2014,Sunday,Motorist Overtaking Bicyclist,17,Non-Intersection,February,K: Killed,17:14:00,Motorist Overtaking - Other / Unknown,2014,Yes,No,Daylight,Straight - Hillcrest,State Secondary Route,Dry,"Two-Way, Not Divided",None,No Special Feature,Smooth Asphalt,2 lanes,"36.2366251329, -79.843792998"
74,Tarboro,Edgecombe,Coastal,Residential,Urban (>70% Developed),EDMONDSON AVE,Urban,20 - 25  MPH,Stop Sign,Clear,No,15,11-15,NA,No,NA,O: No Injury,Travel Lane,Black,Male,70+,70+,NA,No,16-20 mph,O: No Injury,Black,Female,Sport Utility,No,08FEB2014,Saturday,Bicyclist Failed to Yield - Sign-Controlled Intersection,18,Intersection,February,O: No Injury,18:31:00,Bicyclist Ride Through - Sign-Controlled Intersection,2014,Yes,No,Dusk,Straight - Level,Local Street,Dry,"Two-Way, Not Divided",None,Four-Way Intersection,Coarse Asphalt,2 lanes,"35.903835145, -77.531557279"
146,Wilmington,New Hanover,Coastal,Residential,Urban (>70% Developed),WILSHIRE BLVD,Urban,30 - 35  MPH,No Control Present,Clear,No,29,25-29,NA,No,With Traffic,C: Possible Injury,Bike Lane / Paved Shoulder,White,Male,38,30-39,NA,"Yes-Alcohol,  impairment suspected",31-35 mph,O: No Injury,White,Female,Sport Utility,Yes,05APR2014,Saturday,Motorist Overtaking Bicyclist,20,Non-Intersection,April,C: Possible Injury,20:43:00,Motorist Overtaking - Other / Unknown,2014,No,No,Dark - Roadway Not Lighted,Straight - Level,Local Street,Dry,"Two-Way, Not Divided",None,No Special Feature,Smooth Asphalt,2 lanes,"34.2206947644, -77.8898223039"
129,Cary,Wake,Piedmont,Commercial,Urban (>70% Developed),COMMONWEALTH CT,Urban,20 - 25  MPH,Stop And Go Signal,Clear,No,30,30-39,NA,No,Facing Traffic,C: Possible Injury,Sidewalk / Crosswalk / Driveway Crossing,White,Male,42,40-49,NA,No,11-15 mph,O: No Injury,White,Female,Sport Utility,No,24MAR2014,Monday,Motorist Failed to Yield - Signalized Intersection,16,Intersection,March,C: Possible Injury,16:43:00,Motorist Drive Out - Signalized Intersection,2014,No,No,Daylight,Straight - Level,Local Street,Dry,"Two-Way, Not Divided",None,No Special Feature,Smooth Asphalt,2 lanes,"35.767437072, -78.7826126523"
116,Wilmington,New Hanover,Coastal,Commercial,Urban (>70% Developed),CAROLINA BEACH RD,Urban,40 - 45  MPH,No Control Present,Clear,No,NA,NA,NA,No,With Traffic,Unknown Injury,Travel Lane,Unknown/Missing,NA,NA,NA,NA,Missing,NA,Unknown Injury,Unknown/Missing,NA,NA,No,26MAR2014,Wednesday,Motorist Overtaking Bicyclist,6,Non-Intersection,March,Unknown Injury,06:49:00,Motorist Overtaking - Other / Unknown,2014,No,Yes,Dawn,Straight - Level,Local Street,Dry,"Two-Way, Not Divided",None,No Special Feature,Smooth Asphalt,5 lanes,"34.1855997559, -77.9308573151"
118,Charlotte,Mecklenburg,Piedmont,Commercial,Urban (>70% Developed),W 4TH ST,Urban,20 - 25  MPH,Stop And Go Signal,Cloudy,No,69,60-69,NA,No,Facing Traffic,B: Evident Injury,Travel Lane,White,Male,43,40-49,NA,No,21-25 mph,O: No Injury,Black,Female,Passenger Car,No,03APR2014,Thursday,Bicyclist Failed to Yield - Signalized Intersection,9,Intersection,April,B: Evident Injury,09:42:00,Bicyclist Ride Through - Signalized Intersection,2014,Yes,No,Daylight,Straight - Grade,Local Street,Dry,"One-Way, Not Divided",None,Four-Way Intersection,Smooth Asphalt,3 lanes,"35.2273628821, -80.8453232425"
127,Raleigh,Wake,Piedmont,Commercial,Urban (>70% Developed),CAPITAL BLVD,Urban,40 - 45  MPH,No Control Present,Clear,No,36,30-39,NA,No,Facing Traffic,C: Possible Injury,Travel Lane,White,Male,40,40-49,NA,No,16-20 mph,O: No Injury,Black,Male,Sport Utility,No,04APR2014,Friday,Loss of Control / Turning Error,14,Intersection-Related,April,C: Possible Injury,14:54:00,Bicyclist Lost Control - Other / Unknown,2014,Yes,No,Daylight,Straight - Level,NA,Dry,"Two-Way, Divided, Positive Median Barrier",None,No Special Feature,Smooth Asphalt,4 lanes,"35.8238970909, -78.5874825956"