object_id,city,county,region,development,locality,on_road,rural_urban,speed_limit,traffic_control,weather,workzone,bike_age,bike_age_group,bike_alcohol,bike_alcohol_drugs,bike_direction,bike_injury,bike_position,bike_race,bike_sex,driver_age,driver_age_group,driver_alcohol,driver_alcohol_drugs,driver_est_speed,driver_injury,driver_race,driver_sex,driver_vehicle_type,crash_alcohol,crash_date,crash_day,crash_group,crash_hour,crash_location,crash_month,crash_severity,crash_time,crash_type,crash_year,ambulance_req,hit_run,light_condition,road_character,road_class,road_condition,road_configuration,road_defects,road_feature,road_surface,num_lanes,geo_point
122,Huntersville,Mecklenburg,Piedmont,Residential,Urban (>70% Developed),N MAIN ST,Urban,30 - 35  MPH,Stop Sign,Clear,No,24,20-24,NA,No,With Traffic,C: Possible Injury,Travel Lane,Black,Male,NA,NA,NA,Missing,0-5 mph,O: No Injury,Black,Male,NA,No,24MAR2014,Monday,Motorist Failed to Yield - Sign-Controlled Intersection,16,Intersection,March,C: Possible Injury,16:45:00,Motorist Drive Out - Sign-Controlled Intersection,2014,No,Yes,Daylight,Straight - Level,Local Street,Dry,"Two-Way, Not Divided",None,T-Intersection,Smooth Asphalt,2 lanes,"35.4174469232, -80.8404132511"
158,Raleigh,Wake,Piedmont,Residential,Urban (>70% Developed),MILLBANK ST,Urban,30 - 35  MPH,Stop Sign,Clear,No,23,20-24,NA,No,With Traffic,C: Possible Injury,Sidewalk / Crosswalk / Driveway Crossing,Black,Male,50,50-59,NA,No,6-10 mph,O: No Injury,Black,Male,Passenger Car,No,27APR2014,Sunday,Motorist Right Turn / Merge,15,Intersection,April,C: Possible Injury,15:09:00,Motorist Right Turn - Same Direction,2014,Yes,No,Daylight,Straight - Grade,Local Street,Dry,"Two-Way, Not Divided",None,T-Intersection,Smooth Asphalt,2 lanes,"35.7967670839, -78.6105326008"
163,Red Springs,Robeson,Coastal,Commercial,Urban (>70% Developed),PVA FOOD LION PVA,Rural,5 - 15 MPH,No Control Present,Clear,No,54,50-59,NA,"Yes-Alcohol, no impairment detected",Not Applicable,C: Possible Injury,Non-Roadway,Black,Male,56,50-59,NA,No,0-5 mph,O: No Injury,White,Male,Passenger Car,Yes,27APR2014,Sunday,Non-Roadway,19,Non-Roadway,April,C: Possible Injury,19:19:00,Non-Roadway,2014,No,No,Daylight,Straight - Level,Public Vehicular Area,Dry,"Two-Way, Not Divided",None,No Special Feature,Smooth Asphalt,2 lanes,"34.8098438519, -79.1692427188"
128,Waxhaw,Union,Piedmont,Commercial,Urban (>70% Developed),W NORTH MAIN ST,Rural,20 - 25  MPH,Stop Sign,Clear,No,45,40-49,NA,No,With Traffic,C: Possible Injury,Travel Lane,White,Male,17,0-19,NA,No,0-5 mph,O: No Injury,White,Female,Sport Utility,No,26MAR2014,Wednesday,Motorist Left Turn / Merge,18,Intersection,March,C: Possible Injury,18:41:00,Motorist Left Turn - Opposite Direction,2014,No,No,Daylight,Straight - Level,Local Street,Dry,"Two-Way, Not Divided",None,Four-Way Intersection,Coarse Asphalt,2 lanes,"34.9250138212, -80.7444491961"
167,Durham,Durham,Piedmont,Commercial,Urban (>70% Developed),GUESS RD,Urban,30 - 35  MPH,Stop Sign,Cloudy,No,48,40-49,NA,No,With Traffic,B: Evident Injury,Travel Lane,White,Male,46,40-49,NA,No,31-35 mph,O: No Injury,Black,Male,Sport Utility,No,02MAY2014,Friday,Loss of Control / Turning Error,11,Intersection,May,B: Evident Injury,11:00:00,Motorist Turning Error - Left Turn,2014,Yes,No,Daylight,Straight - Level,Local Street,Dry,"Two-Way, Not Divided",None,No Special Feature,Coarse Asphalt,5 lanes,"36.0397771245, -78.9295987114"
185,Clayton,Johnston,Coastal,Residential,Mixed (30% To 70% Developed),BARBERMILL RD,Urban,40 - 45  MPH,No Control Present,Clear,No,13,11-15,NA,No,With Traffic,C: Possible Injury,Travel Lane,Black,Male,30,30-39,NA,No,41-45 mph,O: No Injury,Black,Female,Passenger Car,No,23APR2014,Wednesday,Motorist Overtaking Bicyclist,20,Non-Intersection,April,C: Possible Injury,20:42:00,Motorist Overtaking - Undetected Bicyclist,2014,Yes,No,Dark - Roadway Not Lighted,Straight - Level,Local Street,Dry,"Two-Way, Not Divided",None,No Special Feature,Coarse Asphalt,2 lanes,"35.6364630544, -78.4745965513"
168,Charlotte,Mecklenburg,Piedmont,Residential,Urban (>70% Developed),WILKINSON BLVD,Urban,40 - 45  MPH,No Control Present,Clear,No,50,50-59,NA,No,With Traffic,B: Evident Injury,Travel Lane,White,Male,28,25-29,NA,No,NA,C: Possible Injury,White,Male,"Light Truck (Mini-Van, Panel)",No,01MAY2014,Thursday,Bicyclist Overtaking Motorist,18,Non-Intersection,May,B: Evident Injury,18:29:00,Bicyclist Overtaking - Other / Unknown,2014,Yes,No,Daylight,Straight - Level,Local Street,Dry,"Two-Way, Not Divided",None,Bridge,Concrete,4 lanes,"35.362639906, -80.9881232929"
176,Greensboro,Guilford,Piedmont,Residential,Urban (>70% Developed),BOTHWELL ST,Urban,30 - 35  MPH,Stop Sign,Clear,No,7,6-10,NA,No,With Traffic,B: Evident Injury,Travel Lane,Black,Male,70+,70+,NA,No,26-30 mph,C: Possible Injury,Black,Female,Passenger Car,No,06MAY2014,Tuesday,Bicyclist Failed to Yield - Sign-Controlled Intersection,17,Intersection-Related,May,B: Evident Injury,17:17:00,Bicyclist Ride Through - Sign-Controlled Intersection,2014,Yes,No,Daylight,Straight - Grade,Local Street,Dry,"Two-Way, Not Divided",None,T-Intersection,Coarse Asphalt,2 lanes,"36.0487470965, -79.7643829641"
1147,Raleigh,Wake,Piedmont,Residential,Urban (>70% Developed),GLENBROOK DR,Urban,30 - 35  MPH,No Control Present,Cloudy,No,16,16-19,No,NA,Facing Traffic,C: Possible Injury,Sidewalk / Crosswalk / Driveway Crossing,Black,Male,NA,NA,Missing,NA,6-10 mph,Unknown Injury,Unknown/Missing,NA,Sport Utility,No,03JUN2013,Monday,Motorist Failed to Yield - Sign-Controlled Intersection,13,Intersection-Related,June,C: Possible Injury,13:46:00,Motorist Drive Out - Sign-Controlled Intersection,2013,No,Yes,Daylight,Straight - Level,Local Street,Dry,"Two-Way, Not Divided",None,T-Intersection,Smooth Asphalt,2 lanes,"35.7721770792, -78.6006025971"
1168,Charlotte,Mecklenburg,Piedmont,Commercial,Urban (>70% Developed),MULBERRY CHURCH,Urban,20 - 25  MPH,Stop And Go Signal,Clear,No,24,20-24,No,NA,Facing Traffic,B: Evident Injury,Travel Lane,White,Male,33,30-39,No,NA,16-20 mph,O: No Injury,Black,Male,Passenger Car,No,08JUN2013,Saturday,Crossing Paths - Other Circumstances,23,Non-Intersection,June,B: Evident Injury,23:04:00,Crossing Paths - Midblock - Other / Unknown,2013,Yes,No,Dark - Lighted Roadway,Straight - Level,Local Street,Dry,"Two-Way, Divided, Unprotected Median",None,Non-Intersection Median Crossing,Smooth Asphalt,3 lanes,"35.2399968818, -80.9194032654"
1153,Gastonia,Gaston,Piedmont,Commercial,Urban (>70% Developed),W FRANKLIN BLVD,Urban,30 - 35  MPH,Stop And Go Signal,Clear,No,22,20-24,No,NA,Facing Traffic,C: Possible Injury,Sidewalk / Crosswalk / Driveway Crossing,White,Male,17,0-19,No,NA,31-35 mph,C: Possible Injury,White,Female,Sport Utility,No,15MAY2013,Wednesday,Bicyclist Failed to Yield - Signalized Intersection,16,Intersection,May,C: Possible Injury,16:17:00,Bicyclist Ride Out - Signalized  Intersection,2013,Yes,No,Daylight,Straight - Grade,US Route,Dry,"Two-Way, Not Divided",None,Four-Way Intersection,Grooved Concrete,6 lanes,"35.2608668762, -81.2072033526"
1159,Gastonia,Gaston,Piedmont,Commercial,Urban (>70% Developed),SOUTH WEBB ST,Urban,30 - 35  MPH,Stop Sign,Clear,No,20,20-24,No,NA,Facing Traffic,C: Possible Injury,Sidewalk / Crosswalk / Driveway Crossing,White,Male,50,50-59,No,NA,0-5 mph,O: No Injury,White,Female,Passenger Car,No,21MAY2013,Tuesday,Motorist Failed to Yield - Sign-Controlled Intersection,17,Intersection,May,C: Possible Injury,17:44:00,Motorist Drive Out - Sign-Controlled Intersection,2013,Yes,No,Daylight,Straight - Level,Local Street,Dry,"Two-Way, Not Divided",None,Four-Way Intersection,Smooth Asphalt,2 lanes,"35.2578068757, -81.2088033527"
1140,None - Rural Crash,Henderson,Mountains,"Farms, Woods, Pastures",Rural (<30% Developed),SR 1587,Rural,30 - 35  MPH,"Double Yellow Line, No Passing Zone",Clear,No,42,40-49,No,NA,With Traffic,B: Evident Injury,Travel Lane,White,Male,70+,70+,No,NA,16-20 mph,O: No Injury,White,Female,Passenger Car,No,17MAY2013,Friday,Loss of Control / Turning Error,11,Intersection-Related,May,B: Evident Injury,11:51:00,Motorist Turning Error - Left Turn,2013,Yes,No,Daylight,Straight - Level,State Secondary Route,Dry,"Two-Way, Not Divided",None,T-Intersection,Smooth Asphalt,2 lanes,"35.4249168675, -82.3592037032"
1167,None - Rural Crash,Currituck,Coastal,"Farms, Woods, Pastures",Rural (<30% Developed),NC 12,Rural,40 - 45  MPH,No Control Present,Clear,No,19,16-19,No,NA,With Traffic,A: Disabling Injury,Travel Lane,White,Female,20,20-24,No,NA,41-45 mph,O: No Injury,White,Male,Sport Utility,No,08JUN2013,Saturday,Motorist Overtaking Bicyclist,22,Non-Intersection,June,A: Disabling Injury,22:28:00,Motorist Overtaking - Bicyclist Swerved,2013,Yes,No,Dark - Roadway Not Lighted,Straight - Level,NC Route,Dry,"Two-Way, Not Divided",None,No Special Feature,Coarse Asphalt,2 lanes,"36.290857286, -75.801501768"
1163,Ocean Isle Beach,Brunswick,Coastal,Residential,Mixed (30% To 70% Developed),E FIRST ST,Rural,30 - 35  MPH,No Control Present,Clear,No,13,11-15,No,NA,With Traffic,B: Evident Injury,Travel Lane,White,Female,26,25-29,No,NA,31-35 mph,O: No Injury,White,Female,Passenger Car,No,27MAY2013,Monday,Crossing Paths - Other Circumstances,12,Intersection,May,B: Evident Injury,12:56:00,Crossing Paths - Uncontrolled Intersection,2013,Yes,No,Daylight,Straight - Level,Local Street,Dry,"Two-Way, Not Divided",None,No Special Feature,Smooth Asphalt,2 lanes,"33.8929366748, -78.4156024475"
1202,None - Rural Crash,Guilford,Piedmont,"Farms, Woods, Pastures",Rural (<30% Developed),SR 2755,Rural,50 - 55  MPH,"Double Yellow Line, No Passing Zone",Clear,No,56,50-59,No,NA,With Traffic,C: Possible Injury,Travel Lane,Black,Male,70+,70+,No,NA,0-5 mph,O: No Injury,White,Female,Van,No,27JUN2013,Thursday,Motorist Left Turn / Merge,12,Intersection,June,C: Possible Injury,12:40:00,Motorist Left Turn - Opposite Direction,2013,Yes,No,Daylight,Straight - Level,State Secondary Route,Dry,"Two-Way, Not Divided",None,T-Intersection,Smooth Asphalt,2 lanes,"36.1129171171, -79.5742029094"
1165,Lumberton,Robeson,Coastal,Residential,Urban (>70% Developed),WARWICK MILL RD,Urban,20 - 25  MPH,No Control Present,Clear,No,8,6-10,No,NA,Not Applicable,C: Possible Injury,Non-Roadway,Unknown/Missing,Female,42,40-49,No,NA,11-15 mph,O: No Injury,White,Female,Passenger Car,No,12JUN2013,Wednesday,Bicyclist Failed to Yield - Midblock,19,Non-Intersection,June,C: Possible Injury,19:53:00,Bicyclist Ride Out - Other Midblock,2013,No,No,Dawn,Straight - Level,Local Street,Dry,"Two-Way, Not Divided",None,No Special Feature,Coarse Asphalt,2 lanes,"34.6123868147, -78.9821026525"
1201,None - Rural Crash,Brunswick,Coastal,Commercial,Urban (>70% Developed),NC 211,Rural,40 - 45  MPH,"Double Yellow Line, No Passing Zone",Clear,No,19,16-19,No,NA,With Traffic,B: Evident Injury,Travel Lane,White,Male,50,50-59,No,NA,0-5 mph,O: No Injury,White,Male,Passenger Car,No,26JUN2013,Wednesday,Bicyclist Overtaking Motorist,13,Non-Intersection,June,B: Evident Injury,13:47:00,Bicyclist Overtaking - Other / Unknown,2013,Yes,No,Daylight,Straight - Level,NC Route,Dry,"Two-Way, Not Divided",None,No Special Feature,Coarse Asphalt,2 lanes,"33.9374466974, -78.025802332"
1092,Raleigh,Wake,Piedmont,Residential,Mixed (30% To 70% Developed),LONGSTREET DR,Urban,20 - 25  MPH,Stop Sign,Clear,No,11,11-15,No,NA,Facing Traffic,B: Evident Injury,Sidewalk / Crosswalk / Driveway Crossing,Hispanic,Male,34,30-39,No,NA,0-5 mph,O: No Injury,Black,Female,Passenger Car,No,04MAY2013,Saturday,Motorist Failed to Yield - Sign-Controlled Intersection,15,Intersection,May,B: Evident Injury,15:03:00,Motorist Drive Out - Sign-Controlled Intersection,2013,Yes,No,Daylight,Straight - Grade,Local Street,Dry,"Two-Way, Not Divided",None,No Special Feature,Smooth Asphalt,2 lanes,"35.8750570995, -78.6448026154"
1109,None - Rural Crash,Cumberland,Coastal,"Farms, Woods, Pastures",Rural (<30% Developed),NC 210,Rural,40 - 45  MPH,"Double Yellow Line, No Passing Zone",Cloudy,No,16,16-19,No,NA,With Traffic,B: Evident Injury,Travel Lane,Black,Male,25,25-29,Yes,NA,41-45 mph,O: No Injury,White,Male,Passenger Car,Yes,18MAY2013,Saturday,Motorist Overtaking Bicyclist,0,Non-Intersection,May,B: Evident Injury,00:20:00,Motorist Overtaking - Other / Unknown,2013,Yes,No,Dark - Roadway Not Lighted,Straight - Level,NC Route,Dry,"Two-Way, Not Divided",None,No Special Feature,Coarse Asphalt,4 lanes,"35.2185769483, -78.9423026712"
1137,Lumberton,Robeson,Coastal,Commercial,Mixed (30% To 70% Developed),ROBERTS AVE,Urban,30 - 35  MPH,No Control Present,Clear,No,23,20-24,No,NA,Facing Traffic,C: Possible Injury,Travel Lane,Black,Female,25,25-29,No,NA,0-5 mph,O: No Injury,Native American,Female,Passenger Car,No,22APR2013,Monday,Motorist Failed to Yield - Midblock,11,Non-Intersection,April,C: Possible Injury,11:54:00,Motorist Drive Out - Commercial Driveway / Alley,2013,No,No,Daylight,Straight - Level,Local Street,Dry,"Two-Way, Not Divided",None,No Special Feature,Coarse Asphalt,6 lanes,"34.6448668209, -79.0117026629"
1129,Greenville,Pitt,Coastal,Commercial,Urban (>70% Developed),US 264,Urban,40 - 45  MPH,Stop And Go Signal,Clear,No,53,50-59,No,NA,With Traffic,C: Possible Injury,Travel Lane,Black,Male,28,25-29,No,NA,41-45 mph,O: No Injury,White,Female,Passenger Car,No,28MAY2013,Tuesday,Bicyclist Failed to Yield - Signalized Intersection,14,Intersection,May,C: Possible Injury,14:06:00,Bicyclist Ride Out - Signalized  Intersection,2013,Yes,No,Daylight,Straight - Level,US Route,Dry,"Two-Way, Divided, Unprotected Median",None,Four-Way Intersection,Coarse Asphalt,5 lanes,"35.5744670783, -77.3872022177"
1060,Mooresville,Iredell,Piedmont,Commercial,Urban (>70% Developed),NC 150,Urban,40 - 45  MPH,Stop And Go Signal,Clear,No,18,16-19,No,NA,Facing Traffic,B: Evident Injury,Travel Lane,White,Male,19,0-19,No,NA,0-5 mph,O: No Injury,Hispanic,Male,Sport Utility,No,16APR2013,Tuesday,Bicyclist Failed to Yield - Signalized Intersection,12,Intersection,April,B: Evident Injury,12:16:00,Bicyclist Ride Through - Signalized Intersection,2013,Yes,No,Daylight,Straight - Grade,NC Route,Dry,"Two-Way, Not Divided",None,Four-Way Intersection,Smooth Asphalt,5 lanes,"35.5882569592, -80.8281032568"
1094,Asheville,Buncombe,Mountains,Commercial,Urban (>70% Developed),US 19,Urban,20 - 25  MPH,Stop And Go Signal,Clear,No,25,25-29,No,NA,With Traffic,B: Evident Injury,Sidewalk / Crosswalk / Driveway Crossing,White,Male,64,60-69,No,NA,6-10 mph,O: No Injury,White,Female,Passenger Car,No,25APR2013,Thursday,Motorist Left Turn / Merge,18,Intersection,April,B: Evident Injury,18:52:00,Motorist Left Turn - Opposite Direction,2013,Yes,No,Daylight,Straight - Level,US Route,Dry,"Two-Way, Not Divided",None,No Special Feature,Smooth Asphalt,6 lanes,"35.5784068908, -82.594303781"
1077,Charlotte,Mecklenburg,Piedmont,Residential,Urban (>70% Developed),8800 MOORES CHAPEL ROA,Urban,30 - 35  MPH,Stop Sign,Clear,No,23,20-24,No,NA,With Traffic,B: Evident Injury,Travel Lane,Hispanic,Male,42,40-49,Yes,NA,16-20 mph,O: No Injury,Black,Male,Passenger Car,Yes,08MAY2013,Wednesday,Motorist Right Turn / Merge,22,Intersection,May,B: Evident Injury,22:26:00,Motorist Right Turn - Same Direction,2013,No,No,Dark - Lighted Roadway,Straight - Level,Local Street,Dry,"Two-Way, Not Divided",None,T-Intersection,Smooth Asphalt,4 lanes,"35.2746768886, -80.9531032767"
1133,Thomasville,Davidson,Piedmont,Commercial,Mixed (30% To 70% Developed),EAST MAIN ST,Urban,30 - 35  MPH,Stop And Go Signal,Clear,No,7,6-10,No,NA,With Traffic,C: Possible Injury,Travel Lane,Black,Male,53,50-59,No,NA,0-5 mph,O: No Injury,Black,Male,Passenger Car,No,24MAY2013,Friday,Loss of Control / Turning Error,16,Intersection,May,C: Possible Injury,16:45:00,Bicyclist Turning Error - Right Turn,2013,Yes,No,Daylight,Straight - Bottom,Local Street,Dry,"Two-Way, Not Divided",None,Four-Way Intersection,Coarse Asphalt,3 lanes,"35.8856870504, -80.0738030481"
1082,Winston-Salem,Forsyth,Piedmont,Commercial,Urban (>70% Developed),800 REYNOLDA,Urban,20 - 25  MPH,Stop Sign,Clear,No,25,25-29,No,NA,With Traffic,C: Possible Injury,Travel Lane,White,Male,22,20-24,No,NA,21-25 mph,O: No Injury,White,Female,Passenger Car,No,02MAY2013,Thursday,Motorist Overtaking Bicyclist,13,Intersection,May,C: Possible Injury,13:19:00,Motorist Overtaking - Other / Unknown,2013,Yes,No,Daylight,Curve - Level,Local Street,Dry,"Two-Way, Not Divided",None,Related To Intersection,Smooth Asphalt,2 lanes,"36.1013570891, -80.2614031165"
1057,Wilmington,New Hanover,Coastal,Commercial,Rural (<30% Developed),CAROLINA BEACH RD,Urban,40 - 45  MPH,No Control Present,Clear,No,9,6-10,No,NA,NA,B: Evident Injury,NA,White,Male,51,50-59,No,NA,36-40 mph,O: No Injury,White,Male,Passenger Car,No,16APR2013,Tuesday,Bicyclist Failed to Yield - Midblock,7,Non-Intersection,April,B: Evident Injury,07:33:00,Bicyclist Ride Out - Other Midblock,2013,Yes,No,Daylight,Straight - Level,Local Street,Dry,"Two-Way, Not Divided",None,No Special Feature,Concrete,5 lanes,"34.1954167575, -77.9366023175"
1029,None - Rural Crash,Forsyth,Piedmont,"Farms, Woods, Pastures",Rural (<30% Developed),SR 1525,Rural,40 - 45  MPH,"Double Yellow Line, No Passing Zone",Clear,No,18,16-19,No,NA,With Traffic,B: Evident Injury,Travel Lane,White,Male,26,25-29,No,NA,31-35 mph,O: No Injury,White,Female,Passenger Car,No,03APR2013,Wednesday,Motorist Overtaking Bicyclist,19,Intersection-Related,April,B: Evident Injury,19:55:00,Motorist Overtaking - Undetected Bicyclist,2013,Yes,No,Dark - Roadway Not Lighted,Straight - Level,State Secondary Route,Dry,"Two-Way, Not Divided",None,No Special Feature,Coarse Asphalt,2 lanes,"36.138947092, -80.3986031596"
1045,Raleigh,Wake,Piedmont,Residential,Urban (>70% Developed),PETERSON ST,Urban,30 - 35  MPH,Stop Sign,Clear,No,16,16-19,No,NA,Facing Traffic,A: Disabling Injury,Sidewalk / Crosswalk / Driveway Crossing,Black,Male,35,30-39,No,NA,6-10 mph,O: No Injury,White,Female,Passenger Car,No,18APR2013,Thursday,Motorist Failed to Yield - Sign-Controlled Intersection,16,Intersection,April,A: Disabling Injury,16:44:00,Motorist Drive Out - Sign-Controlled Intersection,2013,Yes,No,Daylight,Straight - Level,Local Street,Dry,"Two-Way, Not Divided",None,T-Intersection,Smooth Asphalt,2 lanes,"35.7604870761, -78.6313026061"
1019,Elizabeth City,Pasquotank,Coastal,Commercial,Urban (>70% Developed),HALSTEAD BLVD,Urban,40 - 45  MPH,Stop And Go Signal,Clear,No,21,20-24,No,NA,With Traffic,C: Possible Injury,Travel Lane,White,Female,70+,70+,No,NA,36-40 mph,O: No Injury,White,Male,Passenger Car,No,10APR2013,Wednesday,Bicyclist Left Turn / Merge,23,Intersection-Related,April,C: Possible Injury,23:25:00,Bicyclist Left Turn - Same Direction,2013,Yes,No,Dark - Lighted Roadway,Straight - Grade,Local Street,Dry,"Two-Way, Divided, Unprotected Median",None,Four-Way Intersection,Smooth Asphalt,5 lanes,"36.292617272, -76.2456019042"
1026,Apex,Wake,Piedmont,Residential,Urban (>70% Developed),APEX PEAKWAY,Urban,30 - 35  MPH,No Control Present,Clear,No,50,50-59,No,NA,Facing Traffic,B: Evident Injury,Sidewalk / Crosswalk / Driveway Crossing,White,Male,48,40-49,No,NA,6-10 mph,O: No Injury,White,Female,Passenger Car,No,05APR2013,Friday,Motorist Right Turn / Merge,18,Intersection,April,B: Evident Injury,18:29:00,Motorist Right Turn - Opposite Direction,2013,Yes,No,Daylight,Straight - Level,Local Street,Dry,"Two-Way, Divided, Unprotected Median",None,Four-Way Intersection,Coarse Asphalt,4 lanes,"35.734087063, -78.8400026673"
1054,None - Rural Crash,Pamlico,Coastal,Residential,Mixed (30% To 70% Developed),NC 304,Rural,40 - 45  MPH,"Double Yellow Line, No Passing Zone",Clear,No,17,16-19,No,NA,With Traffic,C: Possible Injury,Travel Lane,Black,Male,19,0-19,No,NA,36-40 mph,O: No Injury,Black,Female,Passenger Car,No,07MAR2013,Thursday,Motorist Overtaking Bicyclist,14,Non-Intersection,March,C: Possible Injury,14:57:00,Motorist Overtaking - Other / Unknown,2013,Yes,No,Daylight,Straight - Level,NC Route,Dry,"Two-Way, Not Divided",None,No Special Feature,Smooth Asphalt,2 lanes,"35.1493570067, -76.7538020037"
1023,Greensboro,Guilford,Piedmont,Institutional,Urban (>70% Developed),SPRING GARDEN ST,Urban,20 - 25  MPH,Stop And Go Signal,Clear,No,18,16-19,No,NA,With Traffic,B: Evident Injury,Travel Lane,White,Male,21,20-24,No,NA,6-10 mph,O: No Injury,White,Female,Passenger Car,No,08APR2013,Monday,Motorist Right Turn / Merge,13,Intersection,April,B: Evident Injury,13:57:00,Motorist Right Turn - Same Direction,2013,Yes,No,Daylight,Straight - Level,Local Street,Dry,"Two-Way, Divided, Positive Median Barrier",None,Four-Way Intersection,Coarse Asphalt,1 lane,"36.0652970981, -79.8128029797"
1030,None - Rural Crash,Buncombe,Mountains,Residential,Mixed (30% To 70% Developed),PVA WOODFIELD DR,Rural,NA,Stop Sign,Cloudy,No,70+,70+,No,NA,With Traffic,C: Possible Injury,Travel Lane,White,Female,44,40-49,No,NA,0-5 mph,O: No Injury,White,Male,Pickup,No,24APR2013,Wednesday,Motorist Overtaking Bicyclist,16,Intersection-Related,April,C: Possible Injury,16:32:00,Motorist Overtaking - Undetected Bicyclist,2013,Yes,No,Daylight,Straight - Grade,Public Vehicular Area,Dry,"Two-Way, Not Divided",None,"Driveway, Public",Coarse Asphalt,2 lanes,"35.5544468901, -82.4803037465"
1044,Durham,Durham,Piedmont,Residential,Urban (>70% Developed),W CLUB BLVD,Urban,30 - 35  MPH,Stop And Go Signal,Clear,No,30,30-39,No,NA,With Traffic,C: Possible Injury,Travel Lane,White,Male,54,50-59,No,NA,6-10 mph,O: No Injury,Hispanic,Male,Sport Utility,No,24APR2013,Wednesday,Motorist Left Turn / Merge,18,Intersection,April,C: Possible Injury,18:36:00,Motorist Left Turn - Opposite Direction,2013,Yes,Yes,Daylight,Straight - Level,Local Street,Dry,"Two-Way, Divided, Positive Median Barrier",None,Four-Way Intersection,Smooth Asphalt,4 lanes,"36.0168771203, -78.9082027037"
1031,None - Rural Crash,New Hanover,Coastal,Residential,Urban (>70% Developed),SR 1524,Rural,40 - 45  MPH,No Control Present,Clear,No,47,40-49,No,NA,With Traffic,C: Possible Injury,Travel Lane,Black,Male,70+,70+,No,NA,41-45 mph,O: No Injury,White,Male,Sport Utility,No,23APR2013,Tuesday,Motorist Overtaking Bicyclist,18,Non-Intersection,April,C: Possible Injury,18:51:00,Motorist Overtaking - Misjudged Space,2013,Yes,No,Daylight,Straight - Level,State Secondary Route,Dry,"Two-Way, Not Divided",None,No Special Feature,Smooth Asphalt,2 lanes,"34.1072567392, -77.8912022992"
1032,None - Rural Crash,Onslow,Coastal,"Farms, Woods, Pastures",Rural (<30% Developed),SR 2338,Rural,30 - 35  MPH,No Control Present,Clear,No,11,11-15,No,NA,With Traffic,B: Evident Injury,Travel Lane,White,Male,39,30-39,No,NA,16-20 mph,O: No Injury,White,Male,Motorcycle,No,23APR2013,Tuesday,Motorist Overtaking Bicyclist,19,Non-Intersection,April,B: Evident Injury,19:00:00,Motorist Overtaking - Bicyclist Swerved,2013,No,No,Daylight,Curve - Level,State Secondary Route,Dry,"Two-Way, Not Divided",None,No Special Feature,Coarse Asphalt,2 lanes,"34.7611969032, -77.3091021544"
6912,Farmville,Pitt,Coastal,Residential,Mixed (30% To 70% Developed),NA,Rural,30 - 35  MPH,No Control Present,Clear,No,17,16-19,No,NA,Not Applicable,C: Possible Injury,Non-Roadway,Black,Male,63,60-69,No,NA,31-35 mph,O: No Injury,Black,Male,Passenger Car,No,21JUN2007,Thursday,Crossing Paths - Other Circumstances,15,Intersection-Related,June,C: Possible Injury,15:53:00,Crossing Paths - Intersection - Other / Unknown,2007,Yes,No,Daylight,Straight - Level,Local Street,Dry,"Two-Way, Not Divided",None,No Special Feature,Smooth Asphalt,2 lanes,"35.5889370745, -77.5916322808"
6919,Morehead City,Carteret,Coastal,Commercial,Urban (>70% Developed),NA,Urban,30 - 35  MPH,No Control Present,Clear,No,20,20-24,No,NA,Facing Traffic,O: No Injury,Travel Lane,White,Male,27,25-29,No,NA,0-5 mph,O: No Injury,Black,Male,Sport Utility,No,24JUN2007,Sunday,Motorist Failed to Yield - Midblock,15,Non-Intersection,June,O: No Injury,15:50:00,Motorist Drive Out - Commercial Driveway / Alley,2007,No,No,Daylight,Straight - Level,Local Street,Dry,"Two-Way, Not Divided",None,No Special Feature,Coarse Asphalt,4 lanes,"34.7273439134, -76.7696169884"
6921,Wilson,Wilson,Coastal,Commercial,Urban (>70% Developed),NA,Urban,40 - 45  MPH,Stop And Go Signal,Clear,No,23,20-24,No,NA,With Traffic,B: Evident Injury,Travel Lane,White,Male,NA,NA,Missing,NA,0-5 mph,Unknown Injury,Unknown/Missing,NA,NA,No,24JUN2007,Sunday,Motorist Failed to Yield - Signalized Intersection,12,Intersection,June,B: Evident Injury,12:26:00,Motorist Drive Out - Signalized Intersection,2007,No,Yes,Daylight,Straight - Level,Local Street,Dry,"Two-Way, Not Divided",None,Four-Way Intersection,Smooth Asphalt,5 lanes,"35.721252092, -77.915852386"
6929,Randleman,Randolph,Piedmont,Commercial,Urban (>70% Developed),NA,Rural,30 - 35  MPH,Stop And Go Signal,Clear,No,16,16-19,No,NA,Facing Traffic,B: Evident Injury,Travel Lane,White,Male,67,60-69,No,NA,21-25 mph,O: No Injury,White,Male,Pickup,No,28SEP2007,Friday,Bicyclist Failed to Yield - Signalized Intersection,19,Intersection,September,B: Evident Injury,19:31:00,Bicyclist Ride Through - Signalized Intersection,2007,Yes,No,Dark - Lighted Roadway,Straight - Level,State Secondary Route,Dry,"Two-Way, Not Divided",None,Four-Way Intersection,Smooth Asphalt,4 lanes,"35.8231070461, -79.821202968"