object_id,city,county,region,development,locality,on_road,rural_urban,speed_limit,traffic_control,weather,workzone,bike_age,bike_age_group,bike_alcohol,bike_alcohol_drugs,bike_direction,bike_injury,bike_position,bike_race,bike_sex,driver_age,driver_age_group,driver_alcohol,driver_alcohol_drugs,driver_est_speed,driver_injury,driver_race,driver_sex,driver_vehicle_type,crash_alcohol,crash_date,crash_day,crash_group,crash_hour,crash_location,crash_month,crash_severity,crash_time,crash_type,crash_year,ambulance_req,hit_run,light_condition,road_character,road_class,road_condition,road_configuration,road_defects,road_feature,road_surface,num_lanes,geo_point
6930,Charlotte,Mecklenburg,Piedmont,Residential,Urban (>70% Developed),NA,Urban,30 - 35  MPH,Stop Sign,Clear,No,53,50-59,No,NA,With Traffic,B: Evident Injury,Travel Lane,White,Male,70+,70+,No,NA,0-5 mph,O: No Injury,White,Female,Passenger Car,No,29SEP2007,Saturday,Motorist Failed to Yield - Sign-Controlled Intersection,11,Intersection,September,B: Evident Injury,11:33:00,Motorist Drive Out - Sign-Controlled Intersection,2007,Yes,No,Daylight,Straight - Level,Local Street,Dry,"Two-Way, Divided, Unprotected Median",None,Four-Way Intersection,Coarse Asphalt,4 lanes,"35.1835468732, -80.8397932386"
6931,None - Rural Crash,Orange,Piedmont,"Farms, Woods, Pastures",Rural (<30% Developed),NA,Rural,40 - 45  MPH,"Double Yellow Line, No Passing Zone",Clear,No,25,25-29,No,NA,With Traffic,B: Evident Injury,Travel Lane,White,Male,NA,NA,No,NA,11-15 mph,Unknown Injury,Unknown/Missing,NA,Pickup,No,16JUN2007,Saturday,Motorist Left Turn / Merge,19,Non-Intersection,June,B: Evident Injury,19:01:00,Motorist Left Turn - Opposite Direction,2007,Yes,Yes,Daylight,Curve - Hillcrest,State Secondary Route,Dry,"Two-Way, Not Divided",None,No Special Feature,Smooth Asphalt,2 lanes,"36.0329571184, -79.0568427493"
6940,None - Rural Crash,Guilford,Piedmont,Residential,Urban (>70% Developed),NA,Rural,5 - 15 MPH,No Control Present,Cloudy,No,16,16-19,No,NA,NA,C: Possible Injury,Travel Lane,Black,Male,32,30-39,No,NA,0-5 mph,O: No Injury,Hispanic,Male,Passenger Car,No,28JUN2007,Thursday,Non-Roadway,17,Non-Roadway,June,C: Possible Injury,17:43:00,Non-Roadway,2007,No,No,Daylight,Curve - Grade,Public Vehicular Area,Dry,"Two-Way, Not Divided",None,"Driveway, Public",Smooth Asphalt,NA,"36.130679107, -79.9347130195"
6944,None - Rural Crash,Brunswick,Coastal,Commercial,Urban (>70% Developed),NA,Rural,40 - 45  MPH,Stop And Go Signal,Clear,No,14,11-15,No,NA,Not Applicable,B: Evident Injury,Non-Roadway,White,Male,51,50-59,No,NA,31-35 mph,O: No Injury,Hispanic,Male,Van,No,29JUN2007,Friday,Bicyclist Failed to Yield - Midblock,12,Non-Intersection,June,B: Evident Injury,12:05:00,Bicyclist Ride Out - Commercial Driveway / Alley,2007,Yes,No,Daylight,Straight - Level,NC Route,Dry,"Two-Way, Not Divided",None,Related To Intersection,Smooth Asphalt,2 lanes,"33.8991426719, -78.5521224889"
6955,None - Rural Crash,New Hanover,Coastal,Commercial,Urban (>70% Developed),NA,Rural,50 - 55  MPH,No Control Present,Clear,No,50,50-59,No,NA,With Traffic,C: Possible Injury,Travel Lane,White,Male,45,40-49,No,NA,41-45 mph,O: No Injury,Black,Male,"Single Unit Truck (2-Axle, 6-Tire)",No,21SEP2007,Friday,Motorist Overtaking Bicyclist,9,Non-Intersection,September,C: Possible Injury,09:26:00,Motorist Overtaking - Misjudged Space,2007,Yes,No,Daylight,Straight - Level,NC Route,Dry,"Two-Way, Not Divided",None,No Special Feature,Smooth Asphalt,2 lanes,"34.3081967836, -77.9219383179"
6957,Oak Island,Brunswick,Coastal,Residential,Urban (>70% Developed),NA,Urban,30 - 35  MPH,Stop Sign,Clear,No,41,40-49,No,NA,Facing Traffic,C: Possible Injury,Sidewalk / Crosswalk / Driveway Crossing,White,Female,51,50-59,Yes,NA,31-35 mph,O: No Injury,White,Male,Pickup,Yes,01JUL2007,Sunday,Motorist Failed to Yield - Sign-Controlled Intersection,18,Intersection,July,C: Possible Injury,18:42:00,Motorist Drive Out - Sign-Controlled Intersection,2007,Yes,No,Daylight,Straight - Level,Local Street,Dry,"Two-Way, Not Divided",None,Four-Way Intersection,Smooth Asphalt,2 lanes,"33.9087746891, -78.0899623499"
6958,High Point,Guilford,Piedmont,Residential,Urban (>70% Developed),NA,Urban,30 - 35  MPH,Stop Sign,Clear,No,14,11-15,No,NA,NA,B: Evident Injury,Travel Lane,White,Female,26,25-29,No,NA,21-25 mph,O: No Injury,White,Male,Passenger Car,No,01JUL2007,Sunday,Bicyclist Failed to Yield - Sign-Controlled Intersection,15,Intersection,July,B: Evident Injury,15:21:00,Bicyclist Ride Through - Sign-Controlled Intersection,2007,Yes,No,Daylight,Straight - Level,Local Street,Dry,"Two-Way, Not Divided",None,No Special Feature,Coarse Asphalt,2 lanes,"35.9304270619, -80.029468037"
6980,Lumberton,Robeson,Coastal,Commercial,Urban (>70% Developed),NA,Urban,30 - 35  MPH,No Control Present,Cloudy,No,49,40-49,Yes,NA,Facing Traffic,C: Possible Injury,Sidewalk / Crosswalk / Driveway Crossing,Black,Male,70+,70+,No,NA,31-35 mph,O: No Injury,Black,Male,Passenger Car,Yes,07JUL2007,Saturday,Motorist Right Turn / Merge,16,Non-Intersection,July,C: Possible Injury,16:32:00,Motorist Right Turn - Opposite Direction,2007,Yes,No,Dusk,Straight - Level,Public Vehicular Area,Wet,"Two-Way, Not Divided",None,"Driveway, Public",Smooth Asphalt,4 lanes,"34.6177868148, -79.0153126633"
6981,None - Rural Crash,Wake,Piedmont,Residential,Rural (<30% Developed),NA,Rural,30 - 35  MPH,No Control Present,Clear,No,5,0-5,No,NA,Not Applicable,B: Evident Injury,NA,Black,Female,49,40-49,Yes,NA,41-45 mph,O: No Injury,Black,Male,Passenger Car,Yes,07JUL2007,Saturday,Loss of Control / Turning Error,15,Non-Intersection,July,B: Evident Injury,15:32:00,Motorist Lost Control - Alcohol / Drug Impairment,2007,Yes,No,Daylight,Straight - Level,State Secondary Route,Dry,"Two-Way, Not Divided",None,No Special Feature,Smooth Asphalt,2 lanes,"35.8485441028, -78.3935225383"
6987,Maxton,Robeson,Coastal,Residential,Mixed (30% To 70% Developed),NA,Rural,40 - 45  MPH,Stop Sign,Clear,No,15,11-15,No,NA,With Traffic,C: Possible Injury,Travel Lane,Black,Male,24,20-24,No,NA,26-30 mph,O: No Injury,Native American,Female,Passenger Car,No,10JUL2007,Tuesday,Motorist Overtaking Bicyclist,21,Intersection,July,C: Possible Injury,21:43:00,Motorist Overtaking - Other / Unknown,2007,Yes,No,Dark - Lighted Roadway,Straight - Level,NC Route,Dry,"Two-Way, Divided, Unprotected Median",None,Y-Intersection,Coarse Asphalt,2 lanes,"34.7591868346, -79.339762767"
6997,None - Rural Crash,Wake,Piedmont,"Farms, Woods, Pastures",Rural (<30% Developed),NA,Rural,40 - 45  MPH,"Double Yellow Line, No Passing Zone",Clear,No,NA,NA,No,NA,With Traffic,B: Evident Injury,Travel Lane,White,Male,42,40-49,No,NA,NA,O: No Injury,Asian,Female,Passenger Car,No,13JUL2007,Friday,Bicyclist Overtaking Motorist,17,Non-Intersection,July,B: Evident Injury,17:23:00,Bicyclist Overtaking - Other / Unknown,2007,Yes,No,Daylight,Straight - Level,State Secondary Route,Dry,"Two-Way, Not Divided",None,No Special Feature,Smooth Asphalt,2 lanes,"35.9178571093, -78.6339126152"
5009,Wrightsville Beach,New Hanover,Coastal,Residential,Urban (>70% Developed),NA,Rural,20 - 25  MPH,No Control Present,Clear,No,46,40-49,No,NA,With Traffic,C: Possible Injury,Travel Lane,White,Female,43,40-49,No,NA,NA,O: No Injury,White,Male,Sport Utility,No,31MAY2009,Sunday,Bicyclist Overtaking Motorist,11,Non-Intersection,May,C: Possible Injury,11:25:00,Bicyclist Overtaking - Extended Door,2009,Yes,No,Daylight,Straight - Level,Local Street,Dry,"Two-Way, Not Divided",None,No Special Feature,Coarse Asphalt,4 lanes,"34.1957767619, -77.805788278"
5010,Gastonia,Gaston,Piedmont,Residential,Urban (>70% Developed),NA,Urban,30 - 35  MPH,Stop Sign,Clear,No,13,11-15,No,NA,With Traffic,C: Possible Injury,Travel Lane,Black,Male,51,50-59,No,NA,21-25 mph,O: No Injury,White,Female,Passenger Car,No,18JUL2009,Saturday,Bicyclist Failed to Yield - Sign-Controlled Intersection,14,Intersection,July,C: Possible Injury,14:48:00,Bicyclist Ride Through - Sign-Controlled Intersection,2009,Yes,No,Daylight,Straight - Grade,Local Street,Dry,"Two-Way, Not Divided",None,T-Intersection,Smooth Asphalt,2 lanes,"35.2411228727, -81.184947344"
5014,Durham,Durham,Piedmont,Residential,Urban (>70% Developed),NA,Urban,5 - 15 MPH,No Control Present,Clear,No,26,25-29,No,NA,Not Applicable,O: No Injury,Non-Roadway,White,Male,24,20-24,No,NA,0-5 mph,O: No Injury,White,Male,Passenger Car,No,27JUL2009,Monday,Non-Roadway,8,Non-Roadway,July,O: No Injury,08:00:00,Non-Roadway,2009,No,No,Daylight,Straight - Grade,Public Vehicular Area,Dry,"Two-Way, Not Divided",None,No Special Feature,Smooth Asphalt,2 lanes,"35.9186131, -78.9119626993"
5015,None - Rural Crash,Iredell,Piedmont,Residential,Mixed (30% To 70% Developed),NA,Rural,40 - 45  MPH,No Control Present,Clear,No,32,30-39,No,NA,With Traffic,B: Evident Injury,Bike Lane / Paved Shoulder,White,Male,25,25-29,No,NA,41-45 mph,O: No Injury,White,Male,Pickup,No,21JUL2009,Tuesday,Bicyclist Left Turn / Merge,17,Non-Intersection,July,B: Evident Injury,17:35:00,Bicyclist Left Turn - Same Direction,2009,Yes,No,Daylight,Straight - Level,State Secondary Route,Dry,"Two-Way, Not Divided",None,No Special Feature,Smooth Asphalt,2 lanes,"35.617144965, -80.8374282617"
5023,None - Rural Crash,Durham,Piedmont,Residential,Mixed (30% To 70% Developed),NA,Rural,30 - 35  MPH,"Double Yellow Line, No Passing Zone",Clear,No,14,11-15,No,NA,Facing Traffic,B: Evident Injury,Travel Lane,Black,Male,51,50-59,No,NA,31-35 mph,O: No Injury,Black,Female,Passenger Car,No,19JUL2009,Sunday,Loss of Control / Turning Error,14,Non-Intersection,July,B: Evident Injury,14:53:00,Bicyclist Lost Control - Other / Unknown,2009,Yes,No,Daylight,Straight - Level,State Secondary Route,Dry,"Two-Way, Not Divided",None,No Special Feature,Smooth Asphalt,2 lanes,"36.047122128, -78.8885426986"
5027,Chapel Hill,Orange,Piedmont,Commercial,Urban (>70% Developed),NA,Urban,20 - 25  MPH,Stop Sign,Clear,No,25,25-29,No,NA,With Traffic,B: Evident Injury,Travel Lane,White,Male,54,50-59,No,NA,0-5 mph,O: No Injury,Black,Male,Passenger Car,No,25JUL2009,Saturday,Motorist Failed to Yield - Sign-Controlled Intersection,12,Intersection,July,B: Evident Injury,12:04:00,Motorist Drive Out - Sign-Controlled Intersection,2009,Yes,No,Daylight,Straight - Grade,Local Street,Dry,"Two-Way, Not Divided",None,T-Intersection,Smooth Asphalt,2 lanes,"35.9117270925, -79.0624127445"
5028,Cary,Wake,Piedmont,"Farms, Woods, Pastures",Rural (<30% Developed),NA,Urban,30 - 35  MPH,Stop And Go Signal,Clear,No,44,40-49,No,NA,With Traffic,C: Possible Injury,Travel Lane,White,Male,32,30-39,No,NA,31-35 mph,O: No Injury,White,Female,"Light Truck (Mini-Van, Panel)",No,03AUG2009,Monday,Motorist Right Turn / Merge,14,Intersection,August,C: Possible Injury,14:12:00,Motorist Right Turn - Same Direction,2009,No,No,Daylight,Straight - Level,State Secondary Route,Dry,"Two-Way, Not Divided",None,Four-Way Intersection,Smooth Asphalt,2 lanes,"35.8245170808, -78.8640426792"
5029,Huntersville,Mecklenburg,Piedmont,Residential,Mixed (30% To 70% Developed),NA,Urban,40 - 45  MPH,"Double Yellow Line, No Passing Zone",Clear,No,26,25-29,No,NA,With Traffic,B: Evident Injury,Travel Lane,White,Male,37,30-39,No,NA,31-35 mph,O: No Injury,White,Female,Pickup,No,26JUL2009,Sunday,Motorist Overtaking Bicyclist,8,Non-Intersection,July,B: Evident Injury,08:44:00,Motorist Overtaking - Other / Unknown,2009,No,No,Daylight,Curve - Grade,State Secondary Route,Dry,"Two-Way, Divided, Unprotected Median",None,No Special Feature,Smooth Asphalt,2 lanes,"35.4071609188, -80.9004332688"
5033,None - Rural Crash,Carteret,Coastal,Residential,Mixed (30% To 70% Developed),NA,Rural,50 - 55  MPH,No Control Present,Clear,No,16,16-19,No,NA,Facing Traffic,A: Disabling Injury,Bike Lane / Paved Shoulder,White,Female,18,0-19,No,NA,51-55 mph,O: No Injury,White,Male,Van,No,03AUG2009,Monday,Loss of Control / Turning Error,22,Non-Intersection,August,A: Disabling Injury,22:03:00,Bicyclist Lost Control - Other / Unknown,2009,Yes,Yes,Dark - Roadway Not Lighted,Straight - Level,NC Route,Dry,"Two-Way, Not Divided",None,No Special Feature,Smooth Asphalt,5 lanes,"34.7268589085, -76.9252620354"
5034,Whiteville,Columbus,Coastal,Residential,Urban (>70% Developed),NA,Urban,NA,No Control Present,Cloudy,No,15,11-15,No,NA,With Traffic,O: No Injury,Travel Lane,White,Male,NA,NA,Missing,NA,NA,Unknown Injury,Unknown/Missing,NA,NA,No,20JUL2009,Monday,Motorist Overtaking Bicyclist,8,Non-Intersection,July,O: No Injury,08:30:00,Motorist Overtaking - Misjudged Space,2009,No,Yes,Daylight,Straight - Hillcrest,Local Street,Wet,"One-Way, Not Divided",None,No Special Feature,Coarse Asphalt,2 lanes,"34.3430737654, -78.6907125512"
5057,Wilmington,New Hanover,Coastal,Commercial,Urban (>70% Developed),NA,Urban,30 - 35  MPH,Stop Sign,Clear,No,29,25-29,No,NA,Facing Traffic,C: Possible Injury,Sidewalk / Crosswalk / Driveway Crossing,White,Male,52,50-59,No,NA,0-5 mph,O: No Injury,Black,Male,Passenger Car,No,24JUL2009,Friday,Motorist Failed to Yield - Sign-Controlled Intersection,16,Intersection,July,C: Possible Injury,16:36:00,Motorist Drive Through - Sign-Controlled Intersection,2009,Yes,No,Daylight,Straight - Level,US Route,Dry,"Two-Way, Not Divided",None,T-Intersection,Coarse Asphalt,5 lanes,"34.2040367591, -77.9413623186"
5061,Greensboro,Guilford,Piedmont,Residential,Urban (>70% Developed),NA,Urban,20 - 25  MPH,Stop Sign,Clear,No,11,11-15,No,NA,Facing Traffic,B: Evident Injury,Travel Lane,Black,Male,NA,NA,Missing,NA,NA,Unknown Injury,Unknown/Missing,NA,NA,No,03AUG2009,Monday,Crossing Paths - Other Circumstances,18,Intersection,August,B: Evident Injury,18:01:00,Sign-Controlled Intersection - Other / Unknown,2009,No,Yes,Daylight,Straight - Level,Local Street,Dry,"Two-Way, Not Divided",None,No Special Feature,Smooth Asphalt,2 lanes,"36.0490030962, -79.7630829637"
5063,None - Rural Crash,Wake,Piedmont,"Farms, Woods, Pastures",Mixed (30% To 70% Developed),NA,Rural,40 - 45  MPH,"Double Yellow Line, No Passing Zone",Clear,No,42,40-49,No,NA,With Traffic,C: Possible Injury,Travel Lane,White,Female,50,50-59,No,NA,31-35 mph,O: No Injury,White,Male,Pickup,No,06AUG2009,Thursday,Motorist Overtaking Bicyclist,18,Non-Intersection,August,C: Possible Injury,18:53:00,Motorist Overtaking - Other / Unknown,2009,Yes,No,Daylight,Straight - Hillcrest,State Secondary Route,Dry,"Two-Way, Not Divided",None,No Special Feature,Coarse Asphalt,2 lanes,"36.0135841318, -78.5632425985"
5064,None - Rural Crash,Gaston,Piedmont,"Farms, Woods, Pastures",Rural (<30% Developed),NA,Rural,40 - 45  MPH,"Double Yellow Line, No Passing Zone",Cloudy,No,59,50-59,No,NA,With Traffic,C: Possible Injury,Travel Lane,White,Female,21,20-24,No,NA,31-35 mph,O: No Injury,White,Female,Passenger Car,No,16AUG2009,Sunday,Motorist Overtaking Bicyclist,18,Non-Intersection,August,C: Possible Injury,18:08:00,Motorist Overtaking - Misjudged Space,2009,Yes,No,Daylight,Straight - Level,State Secondary Route,Dry,"Two-Way, Not Divided",None,No Special Feature,Smooth Asphalt,2 lanes,"35.3887169104, -81.0012332978"
5067,Asheville,Buncombe,Mountains,Residential,Urban (>70% Developed),NA,Urban,20 - 25  MPH,No Control Present,Rain,No,7,6-10,No,NA,Not Applicable,B: Evident Injury,Non-Roadway,White,Male,NA,NA,Missing,NA,0-5 mph,Unknown Injury,Unknown/Missing,NA,Passenger Car,No,04AUG2009,Tuesday,Non-Roadway,18,Non-Roadway,August,B: Evident Injury,18:01:00,Non-Roadway,2009,Yes,No,Daylight,Straight - Level,Local Street,Wet,"Two-Way, Not Divided",None,No Special Feature,Coarse Asphalt,2 lanes,"35.5937108947, -82.5698437747"
5075,Raleigh,Wake,Piedmont,Residential,Urban (>70% Developed),NA,Urban,40 - 45  MPH,Stop And Go Signal,Clear,No,24,20-24,No,NA,Facing Traffic,C: Possible Injury,Travel Lane,White,Male,NA,NA,Missing,NA,21-25 mph,Unknown Injury,Unknown/Missing,NA,NA,No,29JUL2009,Wednesday,Motorist Right Turn / Merge,23,Intersection,July,C: Possible Injury,23:21:00,Motorist Right Turn - Opposite Direction,2009,Yes,Yes,Dark - Lighted Roadway,Straight - Level,Local Street,Dry,"Two-Way, Not Divided",None,T-Intersection,Coarse Asphalt,4 lanes,"35.7690170755, -78.6913126239"
5080,Raleigh,Wake,Piedmont,Residential,Urban (>70% Developed),NA,Urban,20 - 25  MPH,No Control Present,Clear,No,15,11-15,No,NA,Facing Traffic,O: No Injury,Sidewalk / Crosswalk / Driveway Crossing,Black,Male,41,40-49,No,NA,6-10 mph,O: No Injury,White,Male,Police,No,28JUL2009,Tuesday,Motorist Right Turn / Merge,0,Non-Intersection,July,O: No Injury,00:39:00,Motorist Right Turn - Opposite Direction,2009,No,No,Dark - Roadway Not Lighted,Straight - Level,Local Street,Wet,"Two-Way, Not Divided",None,No Special Feature,Smooth Asphalt,2 lanes,"35.7840420809, -78.6292426065"
5082,Shelby,Cleveland,Mountains,Residential,Mixed (30% To 70% Developed),NA,Urban,30 - 35  MPH,No Control Present,Clear,No,16,16-19,No,NA,With Traffic,C: Possible Injury,Travel Lane,Black,Male,29,25-29,No,NA,26-30 mph,O: No Injury,White,Female,Passenger Car,No,11AUG2009,Tuesday,Crossing Paths - Other Circumstances,0,Intersection,August,C: Possible Injury,00:08:00,Sign-Controlled Intersection - Other / Unknown,2009,Yes,No,Dark - Roadway Not Lighted,Straight - Grade,NC Route,Dry,"Two-Way, Not Divided",None,No Special Feature,Coarse Asphalt,2 lanes,"35.2931168705, -81.5300934502"
5089,Raleigh,Wake,Piedmont,Commercial,Urban (>70% Developed),NA,Urban,5 - 15 MPH,Stop Sign,Clear,No,31,30-39,No,NA,With Traffic,C: Possible Injury,Sidewalk / Crosswalk / Driveway Crossing,White,Male,26,25-29,No,NA,0-5 mph,O: No Injury,White,Male,Passenger Car,No,11AUG2009,Tuesday,Motorist Failed to Yield - Sign-Controlled Intersection,16,Intersection,August,C: Possible Injury,16:45:00,Motorist Drive Out - Sign-Controlled Intersection,2009,No,No,Daylight,Straight - Grade,Public Vehicular Area,Dry,"Two-Way, Not Divided",None,No Special Feature,Smooth Asphalt,NA,"35.8428370931, -78.6434526141"
5093,Lexington,Davidson,Piedmont,Commercial,Urban (>70% Developed),NA,Urban,20 - 25  MPH,Stop Sign,Clear,No,44,40-49,No,NA,Facing Traffic,C: Possible Injury,Sidewalk / Crosswalk / Driveway Crossing,Black,Male,58,50-59,No,NA,0-5 mph,O: No Injury,White,Female,Passenger Car,No,10AUG2009,Monday,Motorist Failed to Yield - Sign-Controlled Intersection,9,Intersection,August,C: Possible Injury,09:35:00,Motorist Drive Out - Sign-Controlled Intersection,2009,Yes,No,Daylight,Straight - Level,Local Street,Dry,"One-Way, Not Divided",None,No Special Feature,Smooth Asphalt,1 lane,"35.8941110342, -80.5614431941"
5099,None - Rural Crash,Union,Piedmont,Residential,Mixed (30% To 70% Developed),NA,Rural,50 - 55  MPH,"Double Yellow Line, No Passing Zone",Clear,No,70+,70+,No,NA,With Traffic,B: Evident Injury,Travel Lane,Hispanic,Male,40,40-49,No,NA,51-55 mph,O: No Injury,White,Male,Motorcycle,No,09AUG2009,Sunday,Motorist Overtaking Bicyclist,9,Non-Intersection,August,B: Evident Injury,09:08:00,Motorist Overtaking - Bicyclist Swerved,2009,Yes,No,Daylight,Straight - Level,NC Route,Dry,"Two-Way, Not Divided",None,No Special Feature,Smooth Asphalt,2 lanes,"34.9809948396, -80.575168149"
5101,Lumberton,Robeson,Coastal,Commercial,Urban (>70% Developed),NA,Urban,40 - 45  MPH,No Control Present,Clear,No,49,40-49,Yes,NA,Facing Traffic,A: Disabling Injury,Travel Lane,Black,Male,21,20-24,No,NA,51-55 mph,O: No Injury,Black,Male,Passenger Car,Yes,21AUG2009,Friday,Head-On,22,Non-Intersection,August,A: Disabling Injury,22:15:00,Head-On - Bicyclist,2009,Yes,No,Dark - Lighted Roadway,Straight - Level,NC Route,Dry,"Two-Way, Not Divided",None,No Special Feature,Coarse Asphalt,5 lanes,"34.6206468167, -78.9811926525"
5109,Durham,Durham,Piedmont,Commercial,Urban (>70% Developed),NA,Urban,20 - 25  MPH,No Control Present,Clear,No,15,11-15,No,NA,With Traffic,C: Possible Injury,Travel Lane,White,Male,42,40-49,No,NA,0-5 mph,O: No Injury,Black,Male,Passenger Car,No,02SEP2009,Wednesday,Bicyclist Overtaking Motorist,20,Intersection-Related,September,C: Possible Injury,20:25:00,Bicyclist Overtaking - Other / Unknown,2009,Yes,No,Dusk,Straight - Grade,Local Street,Dry,"One-Way, Not Divided",None,No Special Feature,Smooth Asphalt,4 lanes,"35.9938371159, -78.9015326996"
5112,Wilmington,New Hanover,Coastal,Residential,Urban (>70% Developed),NA,Urban,20 - 25  MPH,No Control Present,Clear,No,7,6-10,No,NA,Not Applicable,B: Evident Injury,Non-Roadway,White,Male,60,60-69,No,NA,6-10 mph,O: No Injury,White,Male,Passenger Car,No,24AUG2009,Monday,Bicyclist Failed to Yield - Midblock,17,Non-Intersection,August,B: Evident Injury,17:38:00,Bicyclist Ride Out - Other Midblock,2009,Yes,No,Daylight,Straight - Level,Local Street,Dry,"Two-Way, Not Divided",None,"Driveway, Public",Smooth Asphalt,2 lanes,"34.1927407583, -77.9088083083"
5113,None - Rural Crash,Lenoir,Coastal,"Farms, Woods, Pastures",Rural (<30% Developed),NA,Rural,50 - 55  MPH,Stop Sign,Clear,No,18,16-19,No,NA,Facing Traffic,O: No Injury,NA,Black,Male,27,25-29,No,NA,51-55 mph,O: No Injury,Black,Female,Passenger Car,No,16AUG2009,Sunday,Motorist Failed to Yield - Sign-Controlled Intersection,15,Intersection,August,O: No Injury,15:30:00,Motorist Drive Out - Sign-Controlled Intersection,2009,No,No,Daylight,Straight - Level,NC Route,Dry,"Two-Way, Divided, Unprotected Median",None,T-Intersection,Coarse Asphalt,4 lanes,"35.3421320248, -77.4762062334"
5114,None - Rural Crash,Columbus,Coastal,"Farms, Woods, Pastures",Rural (<30% Developed),NA,Rural,30 - 35  MPH,No Control Present,Clear,No,12,11-15,No,NA,With Traffic,B: Evident Injury,Travel Lane,Black,Male,22,20-24,No,NA,31-35 mph,O: No Injury,Black,Female,Passenger Car,No,03SEP2009,Thursday,Motorist Overtaking Bicyclist,16,Non-Intersection,September,B: Evident Injury,16:23:00,Motorist Overtaking - Bicyclist Swerved,2009,Yes,No,Daylight,Straight - Level,State Secondary Route,Dry,"Two-Way, Not Divided",None,No Special Feature,Grooved Concrete,2 lanes,"34.3106417533, -78.8314425921"
5118,Charlotte,Mecklenburg,Piedmont,Residential,Urban (>70% Developed),NA,Urban,20 - 25  MPH,Stop And Go Signal,Cloudy,No,64,60-69,No,NA,Facing Traffic,C: Possible Injury,Sidewalk / Crosswalk / Driveway Crossing,White,Female,54,50-59,No,NA,0-5 mph,O: No Injury,White,Male,Tractor/Semi-Trailer,No,23AUG2009,Sunday,Motorist Failed to Yield - Signalized Intersection,10,Intersection,August,C: Possible Injury,10:11:00,Motorist Drive Out - Right Turn on Red,2009,Yes,No,Daylight,Straight - Level,Local Street,Dry,"Two-Way, Not Divided",None,Four-Way Intersection,Smooth Asphalt,2 lanes,"35.1780168729, -80.8009532264"
5128,None - Rural Crash,Wake,Piedmont,"Farms, Woods, Pastures",Rural (<30% Developed),NA,Rural,40 - 45  MPH,"Double Yellow Line, No Passing Zone",Clear,No,36,30-39,No,NA,With Traffic,C: Possible Injury,Travel Lane,White,Male,36,30-39,No,NA,41-45 mph,O: No Injury,Hispanic,Male,Pickup,No,04SEP2009,Friday,Motorist Right Turn / Merge,13,Non-Intersection,September,C: Possible Injury,13:15:00,Motorist Right Turn - Same Direction,2009,Yes,No,Daylight,Straight - Level,State Secondary Route,Dry,"Two-Way, Not Divided",None,"Driveway, Private",Smooth Asphalt,2 lanes,"35.7064200585, -78.8037526544"
5140,Rocky Mount,Edgecombe,Coastal,Residential,Mixed (30% To 70% Developed),NA,Urban,30 - 35  MPH,Stop Sign,Clear,No,62,60-69,No,NA,With Traffic,B: Evident Injury,Travel Lane,Black,Male,NA,NA,Missing,NA,21-25 mph,Unknown Injury,Unknown/Missing,NA,NA,No,19JUL2009,Sunday,Bicyclist Failed to Yield - Sign-Controlled Intersection,14,Intersection,July,B: Evident Injury,14:07:00,Bicyclist Ride Through - Sign-Controlled Intersection,2009,Yes,Yes,Daylight,Straight - Level,Local Street,Dry,"Two-Way, Not Divided",None,No Special Feature,Grooved Concrete,4 lanes,"35.9304991412, -77.79222236"
5148,Asheville,Buncombe,Mountains,Commercial,Urban (>70% Developed),NA,Urban,40 - 45  MPH,Stop Sign,Clear,No,68,60-69,No,NA,With Traffic,B: Evident Injury,Travel Lane,White,Male,19,0-19,No,NA,36-40 mph,O: No Injury,White,Male,Passenger Car,No,30AUG2009,Sunday,Motorist Left Turn / Merge,12,Intersection,August,B: Evident Injury,12:33:00,Motorist Left Turn - Opposite Direction,2009,No,No,Daylight,Straight - Level,Local Street,Dry,"Two-Way, Not Divided",None,No Special Feature,Smooth Asphalt,2 lanes,"35.6085868974, -82.5771977782"
5154,None - Rural Crash,Durham,Piedmont,"Farms, Woods, Pastures",Rural (<30% Developed),NA,Rural,40 - 45  MPH,Stop Sign,Clear,No,35,30-39,No,NA,With Traffic,B: Evident Injury,Travel Lane,White,Female,54,50-59,No,NA,6-10 mph,O: No Injury,White,Male,Sport Utility,No,30AUG2009,Sunday,Bicyclist Failed to Yield - Sign-Controlled Intersection,18,Intersection,August,B: Evident Injury,18:32:00,Bicyclist Ride Through - Sign-Controlled Intersection,2009,No,No,Daylight,Straight - Level,State Secondary Route,Dry,"Two-Way, Not Divided",None,Four-Way Intersection,Smooth Asphalt,2 lanes,"35.9541871135, -78.7312426457"
5161,Raleigh,Wake,Piedmont,Institutional,Urban (>70% Developed),NA,Urban,20 - 25  MPH,No Control Present,Clear,No,22,20-24,No,NA,With Traffic,B: Evident Injury,Travel Lane,White,Male,24,20-24,No,NA,16-20 mph,O: No Injury,Black,Male,Passenger Car,No,08SEP2009,Tuesday,Bicyclist Left Turn / Merge,15,Intersection,September,B: Evident Injury,15:38:00,Bicyclist Left Turn - Same Direction,2009,Yes,No,Daylight,Straight - Level,Local Street,Dry,"One-Way, Not Divided",None,No Special Feature,Smooth Asphalt,2 lanes,"35.7818370788, -78.6677226178"
5164,Raleigh,Wake,Piedmont,Commercial,Urban (>70% Developed),NA,Urban,30 - 35  MPH,Stop And Go Signal,Clear,No,25,25-29,No,NA,With Traffic,B: Evident Injury,Travel Lane,White,Male,70+,70+,No,NA,31-35 mph,O: No Injury,White,Male,Passenger Car,No,20AUG2009,Thursday,Motorist Left Turn / Merge,11,Intersection,August,B: Evident Injury,11:16:00,Motorist Left Turn - Opposite Direction,2009,Yes,No,Daylight,Straight - Level,Local Street,Dry,"Two-Way, Divided, Unprotected Median",None,Four-Way Intersection,Coarse Asphalt,3 lanes,"35.7799520794, -78.6490326115"