object_id,city,county,region,development,locality,on_road,rural_urban,speed_limit,traffic_control,weather,workzone,bike_age,bike_age_group,bike_alcohol,bike_alcohol_drugs,bike_direction,bike_injury,bike_position,bike_race,bike_sex,driver_age,driver_age_group,driver_alcohol,driver_alcohol_drugs,driver_est_speed,driver_injury,driver_race,driver_sex,driver_vehicle_type,crash_alcohol,crash_date,crash_day,crash_group,crash_hour,crash_location,crash_month,crash_severity,crash_time,crash_type,crash_year,ambulance_req,hit_run,light_condition,road_character,road_class,road_condition,road_configuration,road_defects,road_feature,road_surface,num_lanes,geo_point
5166,Marvin,Union,Piedmont,Residential,Urban (>70% Developed),NA,Rural,30 - 35  MPH,Stop Sign,Clear,No,30,30-39,No,NA,With Traffic,B: Evident Injury,Travel Lane,White,Male,35,30-39,No,NA,0-5 mph,O: No Injury,White,Female,Van,No,19SEP2009,Saturday,Motorist Failed to Yield - Sign-Controlled Intersection,15,Intersection,September,B: Evident Injury,15:20:00,Motorist Drive Out - Sign-Controlled Intersection,2009,Yes,No,Daylight,Straight - Level,State Secondary Route,Dry,"Two-Way, Not Divided",None,Four-Way Intersection,Smooth Asphalt,2 lanes,"35.0096048364, -80.8149932216"
5193,Kill Devil Hills,Dare,Coastal,Commercial,Urban (>70% Developed),NA,Urban,NA,No Control Present,Clear,No,37,30-39,Yes,NA,Not Applicable,C: Possible Injury,Non-Roadway,White,Male,46,40-49,No,NA,0-5 mph,O: No Injury,White,Male,Passenger Car,Yes,17SEP2009,Thursday,Non-Roadway,16,Non-Roadway,September,C: Possible Injury,16:32:00,Non-Roadway,2009,Yes,No,Daylight,Straight - Level,Public Vehicular Area,Dry,"Two-Way, Not Divided",None,"Driveway, Public",Coarse Asphalt,NA,"36.0130302308, -75.6614167099"
5194,None - Rural Crash,Buncombe,Mountains,"Farms, Woods, Pastures",Rural (<30% Developed),NA,Rural,40 - 45  MPH,No Control Present,Rain,No,21,20-24,No,NA,With Traffic,B: Evident Injury,Travel Lane,White,Male,39,30-39,No,NA,41-45 mph,O: No Injury,White,Male,Passenger Car,No,20SEP2009,Sunday,Motorist Overtaking Bicyclist,22,Non-Intersection,September,B: Evident Injury,22:56:00,Motorist Overtaking - Undetected Bicyclist,2009,Yes,No,Dark - Roadway Not Lighted,Curve - Level,US Route,Wet,"Two-Way, Divided, Unprotected Median",None,No Special Feature,Smooth Asphalt,4 lanes,"35.5864818974, -82.457293741"
5196,Nags Head,Dare,Coastal,Residential,Mixed (30% To 70% Developed),NA,Rural,NA,No Control Present,Clear,No,14,11-15,No,NA,Facing Traffic,C: Possible Injury,Sidewalk / Crosswalk / Driveway Crossing,White,Male,23,20-24,No,NA,0-5 mph,O: No Injury,White,Female,Sport Utility,No,08JUL2009,Wednesday,Motorist Failed to Yield - Midblock,9,Non-Intersection,July,C: Possible Injury,09:20:00,Motorist Drive Out - Commercial Driveway / Alley,2009,No,No,Daylight,Straight - Level,"Private Road, Driveway",Dry,"Two-Way, Not Divided",None,"Driveway, Private",Concrete,1 lane,"35.8737822028, -75.5780316776"
5215,Asheville,Buncombe,Mountains,Residential,Urban (>70% Developed),NA,Urban,20 - 25  MPH,No Control Present,Rain,No,8,6-10,No,NA,Facing Traffic,B: Evident Injury,Travel Lane,Black,Male,18,0-19,No,NA,NA,O: No Injury,White,Male,Passenger Car,No,27AUG2009,Thursday,Head-On,16,Non-Intersection,August,B: Evident Injury,16:56:00,Head-On - Bicyclist,2009,Yes,No,Daylight,Curve - Grade,Local Street,Wet,"Two-Way, Not Divided",None,No Special Feature,Concrete,NA,"35.5718218881, -82.6219137891"
5220,Raleigh,Wake,Piedmont,Commercial,Urban (>70% Developed),NA,Urban,30 - 35  MPH,No Control Present,Clear,No,21,20-24,No,NA,With Traffic,C: Possible Injury,Travel Lane,White,Male,NA,NA,Missing,NA,31-35 mph,Unknown Injury,Unknown/Missing,NA,NA,No,11SEP2009,Friday,Motorist Overtaking Bicyclist,14,Non-Intersection,September,C: Possible Injury,14:37:00,Motorist Overtaking - Misjudged Space,2009,No,Yes,Daylight,Straight - Level,Local Street,Dry,"Two-Way, Not Divided",None,No Special Feature,Smooth Asphalt,4 lanes,"35.7890970804, -78.6746026202"
5227,Winston-Salem,Forsyth,Piedmont,Residential,Urban (>70% Developed),NA,Urban,30 - 35  MPH,Stop Sign,Clear,No,58,50-59,No,NA,With Traffic,B: Evident Injury,Travel Lane,White,Male,55,50-59,No,NA,31-35 mph,O: No Injury,White,Female,Passenger Car,No,03OCT2009,Saturday,Motorist Left Turn / Merge,12,Intersection,October,B: Evident Injury,12:30:00,Motorist Left Turn - Opposite Direction,2009,Yes,No,Dawn,Curve - Level,Local Street,Dry,"Two-Way, Not Divided",None,T-Intersection,Smooth Asphalt,2 lanes,"36.109901088, -80.3256791364"
5228,Greensboro,Guilford,Piedmont,Commercial,Urban (>70% Developed),NA,Urban,20 - 25  MPH,Stop And Go Signal,Clear,No,52,50-59,No,NA,With Traffic,B: Evident Injury,Travel Lane,Black,Male,19,0-19,No,NA,16-20 mph,O: No Injury,Black,Female,Passenger Car,No,30SEP2009,Wednesday,Motorist Overtaking Bicyclist,12,Intersection,September,B: Evident Injury,12:52:00,Motorist Overtaking - Misjudged Space,2009,Yes,No,Daylight,Straight - Level,Local Street,Dry,"One-Way, Not Divided",None,Four-Way Intersection,Smooth Asphalt,6 lanes,"36.0724521007, -79.7903429727"
5229,None - Rural Crash,Brunswick,Coastal,"Farms, Woods, Pastures",Mixed (30% To 70% Developed),NA,Rural,50 - 55  MPH,Stop Sign,Clear,No,16,16-19,No,NA,With Traffic,A: Disabling Injury,Travel Lane,White,Male,62,60-69,No,NA,51-55 mph,O: No Injury,White,Male,Passenger Car,No,13OCT2009,Tuesday,Bicyclist Failed to Yield - Sign-Controlled Intersection,17,Intersection,October,A: Disabling Injury,17:56:00,Bicyclist Ride Through - Sign-Controlled Intersection,2009,Yes,No,Daylight,Straight - Level,NC Route,Dry,"Two-Way, Not Divided",None,"Driveway, Public",Coarse Asphalt,3 lanes,"33.9142366772, -78.4913724708"
5230,Roanoke Rapids,Halifax,Coastal,Commercial,Urban (>70% Developed),NA,Urban,30 - 35  MPH,Stop And Go Signal,Clear,No,9,6-10,No,NA,With Traffic,B: Evident Injury,Travel Lane,Black,Male,NA,NA,Missing,NA,11-15 mph,Unknown Injury,Unknown/Missing,NA,NA,No,27SEP2009,Sunday,Motorist Failed to Yield - Signalized Intersection,15,Intersection,September,B: Evident Injury,15:44:00,Motorist Drive Through - Signalized Intersection,2009,Yes,Yes,Daylight,Straight - Level,NC Route,Dry,"Two-Way, Not Divided",None,No Special Feature,Coarse Asphalt,3 lanes,"36.4421972554, -77.6689473486"
5232,None - Rural Crash,Stokes,Piedmont,Residential,Mixed (30% To 70% Developed),NA,Rural,40 - 45  MPH,"Double Yellow Line, No Passing Zone",Clear,No,51,50-59,No,NA,With Traffic,B: Evident Injury,Travel Lane,White,Female,48,40-49,No,NA,41-45 mph,O: No Injury,White,Male,Van,No,03OCT2009,Saturday,Motorist Overtaking Bicyclist,10,Non-Intersection,October,B: Evident Injury,10:45:00,Motorist Overtaking - Other / Unknown,2009,Yes,No,Daylight,Straight - Grade,State Secondary Route,Dry,"Two-Way, Not Divided",None,No Special Feature,Smooth Asphalt,2 lanes,"36.2787241214, -80.4021231687"
5238,None - Rural Crash,Beaufort,Coastal,Residential,Rural (<30% Developed),NA,Rural,50 - 55  MPH,"Double Yellow Line, No Passing Zone",Clear,No,16,16-19,No,NA,NA,B: Evident Injury,NA,White,Male,20,20-24,No,NA,41-45 mph,O: No Injury,White,Male,Passenger Car,No,11OCT2009,Sunday,Bicyclist Failed to Yield - Midblock,21,Non-Intersection,October,B: Evident Injury,21:22:00,Bicyclist Ride Out - Midblock - Unknown,2009,Yes,No,Dark - Roadway Not Lighted,Straight - Level,State Secondary Route,Dry,"Two-Way, Not Divided",None,No Special Feature,Coarse Asphalt,2 lanes,"35.5583790898, -76.9387420797"
5250,None - Rural Crash,Robeson,Coastal,"Farms, Woods, Pastures",Rural (<30% Developed),NA,Rural,50 - 55  MPH,No Control Present,Clear,No,60,60-69,No,NA,With Traffic,A: Disabling Injury,Travel Lane,White,Male,24,20-24,No,NA,51-55 mph,O: No Injury,Native American,Male,Pickup,No,19OCT2009,Monday,Motorist Overtaking Bicyclist,7,Non-Intersection,October,A: Disabling Injury,07:50:00,Motorist Overtaking - Other / Unknown,2009,Yes,No,Daylight,Straight - Level,State Secondary Route,Dry,"Two-Way, Not Divided",None,No Special Feature,Coarse Asphalt,2 lanes,"34.8164248515, -79.2014567288"
5255,Rocky Mount,Nash,Coastal,Residential,Urban (>70% Developed),NA,Urban,30 - 35  MPH,Stop And Go Signal,Clear,No,27,25-29,No,NA,Facing Traffic,C: Possible Injury,Travel Lane,Black,Male,39,30-39,No,NA,6-10 mph,O: No Injury,White,Male,Sport Utility,No,23SEP2009,Wednesday,Crossing Paths - Other Circumstances,19,Intersection,September,C: Possible Injury,19:22:00,Signalized Intersection - Other / Unknown,2009,Yes,No,Dusk,Straight - Level,Local Street,Dry,"One-Way, Not Divided",None,T-Intersection,Coarse Asphalt,2 lanes,"35.9427071436, -77.801862363"
5260,None - Rural Crash,Burke,Mountains,Residential,Urban (>70% Developed),NA,Rural,40 - 45  MPH,No Control Present,Clear,No,15,11-15,No,NA,Not Applicable,B: Evident Injury,Driveway / Alley,White,Male,70+,70+,No,NA,41-45 mph,O: No Injury,White,Female,Pickup,No,24OCT2009,Saturday,Bicyclist Failed to Yield - Midblock,16,Non-Intersection,October,B: Evident Injury,16:18:00,Bicyclist Ride Out - Residential Driveway,2009,Yes,No,Daylight,Straight - Level,State Secondary Route,Dry,"Two-Way, Not Divided",None,"Driveway, Private",Smooth Asphalt,2 lanes,"35.776202963, -81.7859135527"
5261,Wilmington,New Hanover,Coastal,Commercial,Urban (>70% Developed),NA,Urban,30 - 35  MPH,No Control Present,Clear,No,52,50-59,Yes,NA,Facing Traffic,B: Evident Injury,Travel Lane,White,Male,39,30-39,No,NA,0-5 mph,O: No Injury,White,Male,Pickup,Yes,09OCT2009,Friday,Motorist Failed to Yield - Midblock,18,Non-Intersection,October,B: Evident Injury,18:25:00,Motorist Drive Out - Residential Driveway,2009,Yes,No,Daylight,Straight - Level,Local Street,Dry,"Two-Way, Not Divided",None,"Driveway, Private",Smooth Asphalt,2 lanes,"34.2378917682, -77.8888623043"
5271,Kannapolis,Cabarrus,Piedmont,Residential,Urban (>70% Developed),NA,Urban,30 - 35  MPH,Stop Sign,Clear,No,8,6-10,No,NA,With Traffic,B: Evident Injury,Travel Lane,White,Male,70+,70+,No,NA,26-30 mph,O: No Injury,White,Male,Passenger Car,No,16OCT2009,Friday,Bicyclist Failed to Yield - Sign-Controlled Intersection,18,Intersection,October,B: Evident Injury,18:14:00,Bicyclist Ride Through - Sign-Controlled Intersection,2009,Yes,No,Daylight,Straight - Grade,Local Street,Dry,"Two-Way, Not Divided",None,Four-Way Intersection,Smooth Asphalt,2 lanes,"35.4985669472, -80.6402081965"
5275,None - Rural Crash,Haywood,Mountains,Residential,Mixed (30% To 70% Developed),NA,Rural,30 - 35  MPH,"Double Yellow Line, No Passing Zone",Cloudy,No,10,6-10,No,NA,With Traffic,B: Evident Injury,Travel Lane,White,Male,56,50-59,No,NA,26-30 mph,O: No Injury,White,Female,Passenger Car,No,18OCT2009,Sunday,Crossing Paths - Other Circumstances,15,Intersection,October,B: Evident Injury,15:21:00,Crossing Paths - Intersection - Other / Unknown,2009,Yes,No,Daylight,Straight - Grade,State Secondary Route,Dry,"Two-Way, Not Divided",None,T-Intersection,Coarse Asphalt,2 lanes,"35.5075328571, -83.0766839186"
5278,Salisbury,Rowan,Piedmont,Commercial,Urban (>70% Developed),NA,Urban,30 - 35  MPH,No Control Present,Clear,No,48,40-49,No,NA,Facing Traffic,O: No Injury,Sidewalk / Crosswalk / Driveway Crossing,Black,Male,30,30-39,No,NA,0-5 mph,O: No Injury,White,Male,Pickup,No,02NOV2009,Monday,Crossing Paths - Other Circumstances,20,Intersection,November,O: No Injury,20:51:00,Crossing Paths - Uncontrolled Intersection,2009,No,No,Dark - Roadway Not Lighted,Straight - Level,Local Street,Dry,"Two-Way, Not Divided",None,T-Intersection,Smooth Asphalt,4 lanes,"35.6609799888, -80.4625931521"
5280,Elizabethtown,Bladen,Coastal,Commercial,Urban (>70% Developed),NA,Rural,NA,No Control Present,Clear,No,56,50-59,No,NA,Facing Traffic,B: Evident Injury,Sidewalk / Crosswalk / Driveway Crossing,Black,Male,58,50-59,No,NA,0-5 mph,O: No Injury,White,Female,Passenger Car,No,23OCT2009,Friday,Motorist Failed to Yield - Midblock,10,Non-Intersection,October,B: Evident Injury,10:20:00,Motorist Drive Out - Commercial Driveway / Alley,2009,Yes,No,Daylight,Straight - Level,Public Vehicular Area,Dry,NA,None,"Driveway, Public",Smooth Asphalt,NA,"34.6242708298, -78.6078365406"
5283,Washington,Beaufort,Coastal,Residential,Urban (>70% Developed),NA,Urban,30 - 35  MPH,Stop Sign,Clear,No,25,25-29,No,NA,With Traffic,C: Possible Injury,Travel Lane,Black,Male,20,20-24,No,NA,16-20 mph,O: No Injury,Black,Female,Passenger Car,No,26OCT2009,Monday,Other / Unusual Circumstances,0,Intersection,October,C: Possible Injury,00:57:00,Motorist Intentionally Caused,2009,Yes,No,Dark - Lighted Roadway,Straight - Level,Local Street,Dry,"Two-Way, Not Divided",None,T-Intersection,Coarse Asphalt,2 lanes,"35.5547750852, -77.0574221162"
5285,None - Rural Crash,Onslow,Coastal,Residential,Mixed (30% To 70% Developed),NA,Rural,50 - 55  MPH,No Control Present,Clear,No,19,16-19,No,NA,With Traffic,B: Evident Injury,Travel Lane,White,Male,NA,NA,Missing,NA,51-55 mph,Unknown Injury,Unknown/Missing,NA,NA,No,27SEP2009,Sunday,Motorist Overtaking Bicyclist,23,Non-Intersection,September,B: Evident Injury,23:00:00,Motorist Overtaking - Other / Unknown,2009,Yes,Yes,Dark - Roadway Not Lighted,Straight - Level,US Route,Dry,"Two-Way, Not Divided",None,No Special Feature,Coarse Asphalt,5 lanes,"34.9097569275, -77.5708622407"
5291,Weldon,Halifax,Coastal,Residential,Urban (>70% Developed),NA,Rural,20 - 25  MPH,No Control Present,Cloudy,No,40,40-49,No,NA,With Traffic,B: Evident Injury,Travel Lane,Black,Male,43,40-49,No,NA,11-15 mph,O: No Injury,Black,Female,Passenger Car,No,24OCT2009,Saturday,Crossing Paths - Other Circumstances,17,Intersection,October,B: Evident Injury,17:41:00,Crossing Paths - Intersection - Other / Unknown,2009,Yes,No,Daylight,Straight - Grade,Local Street,Dry,"One-Way, Not Divided",None,No Special Feature,Smooth Asphalt,2 lanes,"36.4288272549, -77.5997123266"
5292,Kinston,Lenoir,Coastal,Commercial,Urban (>70% Developed),NA,Urban,20 - 25  MPH,Stop And Go Signal,Rain,No,50,50-59,No,NA,With Traffic,C: Possible Injury,Travel Lane,Black,Male,70+,70+,No,NA,0-5 mph,O: No Injury,Black,Female,Passenger Car,No,10NOV2009,Tuesday,Bicyclist Failed to Yield - Signalized Intersection,15,Intersection,November,C: Possible Injury,15:44:00,Bicyclist Ride Through - Signalized Intersection,2009,Yes,No,Daylight,Straight - Level,Local Street,Wet,"Two-Way, Not Divided",None,Four-Way Intersection,Smooth Asphalt,4 lanes,"35.2650670048, -77.5811222609"
5310,Wilmington,New Hanover,Coastal,Commercial,Urban (>70% Developed),NA,Urban,20 - 25  MPH,Stop And Go Signal,Clear,No,49,40-49,No,NA,Facing Traffic,C: Possible Injury,Sidewalk / Crosswalk / Driveway Crossing,Black,Male,25,25-29,No,NA,6-10 mph,O: No Injury,White,Female,Passenger Car,No,29OCT2009,Thursday,Motorist Failed to Yield - Signalized Intersection,12,Intersection,October,C: Possible Injury,12:03:00,Motorist Drive Out - Signalized Intersection,2009,Yes,No,Daylight,Straight - Level,Local Street,Dry,"Two-Way, Not Divided",None,Four-Way Intersection,Smooth Asphalt,6 lanes,"34.2282937649, -77.9425323201"
5319,None - Rural Crash,Alamance,Piedmont,"Farms, Woods, Pastures",Rural (<30% Developed),NA,Rural,40 - 45  MPH,"Double Yellow Line, No Passing Zone",Clear,No,30,30-39,No,NA,With Traffic,C: Possible Injury,Travel Lane,White,Male,24,20-24,No,NA,36-40 mph,O: No Injury,White,Male,Pickup,No,27NOV2009,Friday,Motorist Overtaking Bicyclist,6,Non-Intersection,November,C: Possible Injury,06:50:00,Motorist Overtaking - Misjudged Space,2009,Yes,No,Daylight,Straight - Level,State Secondary Route,Dry,"Two-Way, Not Divided",None,No Special Feature,Coarse Asphalt,2 lanes,"36.1654621306, -79.511742894"
5321,None - Rural Crash,Robeson,Coastal,"Farms, Woods, Pastures",Rural (<30% Developed),NA,Rural,50 - 55  MPH,"Double Yellow Line, No Passing Zone",Cloudy,No,23,20-24,Yes,NA,With Traffic,C: Possible Injury,Travel Lane,Native American,Male,28,25-29,No,NA,51-55 mph,O: No Injury,Native American,Male,Passenger Car,Yes,13NOV2009,Friday,Bicyclist Left Turn / Merge,22,Non-Intersection,November,B: Evident Injury,22:07:00,Bicyclist Left Turn - Same Direction,2009,Yes,No,Dark - Roadway Not Lighted,Straight - Level,State Secondary Route,Wet,"Two-Way, Not Divided",None,No Special Feature,Coarse Asphalt,2 lanes,"34.7011408246, -79.2520627382"
5323,None - Rural Crash,Lincoln,Piedmont,"Farms, Woods, Pastures",Rural (<30% Developed),NA,Rural,50 - 55  MPH,"Double Yellow Line, No Passing Zone",Clear,No,44,40-49,No,NA,With Traffic,B: Evident Injury,Travel Lane,White,Male,NA,NA,No,NA,51-55 mph,Unknown Injury,Unknown/Missing,NA,NA,No,29NOV2009,Sunday,Motorist Overtaking Bicyclist,9,Non-Intersection,November,B: Evident Injury,09:53:00,Motorist Overtaking - Other / Unknown,2009,Yes,Yes,Daylight,Straight - Level,State Secondary Route,Dry,"Two-Way, Not Divided",None,No Special Feature,Coarse Asphalt,2 lanes,"35.53185693, -81.302573396"
5324,High Point,Guilford,Piedmont,Commercial,Urban (>70% Developed),NA,Urban,40 - 45  MPH,No Control Present,Clear,No,54,50-59,No,NA,With Traffic,C: Possible Injury,Travel Lane,White,Male,18,0-19,No,NA,NA,O: No Injury,White,Male,Passenger Car,No,04NOV2009,Wednesday,Motorist Overtaking Bicyclist,6,Non-Intersection,November,C: Possible Injury,06:30:00,Motorist Overtaking - Undetected Bicyclist,2009,No,No,Dark - Lighted Roadway,Straight - Level,Local Street,Dry,"Two-Way, Not Divided",None,No Special Feature,Coarse Asphalt,5 lanes,"35.9880770738, -80.0263230387"
5328,Raleigh,Wake,Piedmont,Commercial,Urban (>70% Developed),NA,Urban,30 - 35  MPH,No Control Present,Clear,No,22,20-24,No,NA,With Traffic,C: Possible Injury,Travel Lane,White,Male,35,30-39,No,NA,0-5 mph,O: No Injury,Black,Female,Passenger Car,No,21OCT2009,Wednesday,Motorist Left Turn / Merge,19,Non-Intersection,October,C: Possible Injury,19:19:00,Motorist Left Turn - Opposite Direction,2009,Yes,No,Dark - Lighted Roadway,Straight - Level,Local Street,Dry,"Two-Way, Not Divided",None,No Special Feature,Smooth Asphalt,5 lanes,"35.7846270801, -78.6586826154"
5332,Raleigh,Wake,Piedmont,Commercial,Urban (>70% Developed),NA,Urban,30 - 35  MPH,Stop And Go Signal,Clear,No,25,25-29,No,NA,Facing Traffic,C: Possible Injury,Sidewalk / Crosswalk / Driveway Crossing,White,Male,46,40-49,No,NA,31-35 mph,O: No Injury,Black,Male,Passenger Car,No,20OCT2009,Tuesday,Motorist Failed to Yield - Signalized Intersection,12,Intersection,October,C: Possible Injury,12:12:00,Motorist Drive Out - Right Turn on Red,2009,No,No,Daylight,Straight - Level,Local Street,Dry,"Two-Way, Not Divided",None,T-Intersection,Smooth Asphalt,3 lanes,"35.7889740808, -78.6732026196"
5333,Salisbury,Rowan,Piedmont,Commercial,Urban (>70% Developed),NA,Urban,40 - 45  MPH,"Double Yellow Line, No Passing Zone",Clear,No,21,20-24,No,NA,With Traffic,B: Evident Injury,Travel Lane,Hispanic,Male,26,25-29,No,NA,26-30 mph,O: No Injury,Black,Female,Passenger Car,No,30NOV2009,Monday,Motorist Overtaking Bicyclist,22,Non-Intersection,November,B: Evident Injury,22:11:00,Motorist Overtaking - Other / Unknown,2009,Yes,No,Dark - Roadway Not Lighted,Straight - Level,Local Street,Dry,"Two-Way, Divided, Unprotected Median",None,No Special Feature,Smooth Asphalt,2 lanes,"35.650046986, -80.4726031541"
5334,None - Rural Crash,Chatham,Piedmont,"Farms, Woods, Pastures",Rural (<30% Developed),NA,Rural,50 - 55  MPH,No Control Present,Clear,No,46,40-49,Yes,NA,With Traffic,B: Evident Injury,Travel Lane,Black,Male,45,40-49,No,NA,51-55 mph,O: No Injury,Black,Female,Passenger Car,Yes,28NOV2009,Saturday,Motorist Overtaking Bicyclist,20,Non-Intersection,November,B: Evident Injury,20:32:00,Motorist Overtaking - Other / Unknown,2009,Yes,No,Dark - Roadway Not Lighted,Straight - Level,US Route,Dry,"Two-Way, Not Divided",None,No Special Feature,Smooth Asphalt,2 lanes,"35.7219190478, -79.1958427747"
5338,Goldsboro,Wayne,Coastal,Commercial,Urban (>70% Developed),NA,Urban,30 - 35  MPH,No Control Present,Clear,No,52,50-59,Yes,NA,Not Applicable,C: Possible Injury,Non-Roadway,Black,Male,70+,70+,No,NA,6-10 mph,C: Possible Injury,Black,Male,Pickup,Yes,17NOV2009,Tuesday,Bicyclist Failed to Yield - Midblock,12,Non-Intersection,November,C: Possible Injury,12:10:00,Bicyclist Ride Out - Commercial Driveway / Alley,2009,Yes,No,Daylight,Straight - Level,Local Street,Dry,"Two-Way, Not Divided",None,No Special Feature,Smooth Asphalt,2 lanes,"35.3831400169, -77.9877263912"
5339,Carrboro,Orange,Piedmont,Commercial,Urban (>70% Developed),NA,Urban,30 - 35  MPH,Stop Sign,Clear,No,29,25-29,No,NA,With Traffic,O: No Injury,Travel Lane,White,Male,22,20-24,No,NA,6-10 mph,O: No Injury,White,Male,Passenger Car,No,17NOV2009,Tuesday,Motorist Failed to Yield - Sign-Controlled Intersection,18,Intersection,November,O: No Injury,18:07:00,Motorist Drive Out - Sign-Controlled Intersection,2009,No,No,Dusk,Straight - Grade,Local Street,Dry,"Two-Way, Divided, Positive Median Barrier",None,On or Off Ramp,Smooth Asphalt,6 lanes,"35.9055440906, -79.0874227514"
5342,None - Rural Crash,Buncombe,Mountains,Residential,Rural (<30% Developed),NA,Rural,40 - 45  MPH,Stop Sign,Clear,No,25,25-29,No,NA,With Traffic,B: Evident Injury,Travel Lane,White,Male,70+,70+,No,NA,0-5 mph,O: No Injury,White,Male,Van,No,20NOV2009,Friday,Motorist Failed to Yield - Sign-Controlled Intersection,16,Intersection,November,B: Evident Injury,16:46:00,Motorist Drive Out - Sign-Controlled Intersection,2009,Yes,No,Daylight,Straight - Level,State Secondary Route,Dry,"Two-Way, Not Divided",None,Four-Way Intersection,Smooth Asphalt,2 lanes,"35.5204348841, -82.4366437314"
5344,Carrboro,Orange,Piedmont,Residential,Urban (>70% Developed),NA,Urban,20 - 25  MPH,No Control Present,Clear,No,27,25-29,No,NA,Not Applicable,C: Possible Injury,Driveway / Alley,White,Female,23,20-24,No,NA,0-5 mph,O: No Injury,White,Female,Passenger Car,No,20NOV2009,Friday,Loss of Control / Turning Error,21,Non-Intersection,November,C: Possible Injury,21:44:00,Bicyclist Lost Control - Other / Unknown,2009,Yes,No,Dark - Lighted Roadway,Straight - Hillcrest,Local Street,Dry,"Two-Way, Not Divided",None,No Special Feature,Smooth Asphalt,2 lanes,"35.9180020935, -79.0745267483"
5345,Fayetteville,Cumberland,Coastal,Residential,Urban (>70% Developed),NA,Urban,20 - 25  MPH,No Control Present,Cloudy,No,6,6-10,No,NA,Not Applicable,O: No Injury,NA,Black,Male,NA,NA,Missing,NA,21-25 mph,Unknown Injury,Unknown/Missing,NA,NA,No,22NOV2009,Sunday,Bicyclist Failed to Yield - Midblock,14,Non-Intersection,November,O: No Injury,14:31:00,Bicyclist Ride Out - Midblock - Unknown,2009,No,Yes,Daylight,Straight - Grade,Local Street,Dry,"Two-Way, Not Divided",None,No Special Feature,Coarse Asphalt,2 lanes,"35.0400119067, -79.0206626852"
5350,Greensboro,Guilford,Piedmont,Residential,Mixed (30% To 70% Developed),NA,Urban,30 - 35  MPH,Stop Sign,Rain,No,20,20-24,No,NA,Not Applicable,C: Possible Injury,Travel Lane,White,Male,37,30-39,No,NA,0-5 mph,O: No Injury,White,Female,Passenger Car,No,23NOV2009,Monday,Motorist Failed to Yield - Sign-Controlled Intersection,18,Intersection,November,C: Possible Injury,18:16:00,Motorist Drive Out - Sign-Controlled Intersection,2009,No,No,Dark - Roadway Not Lighted,Straight - Hillcrest,Local Street,Wet,"Two-Way, Divided, Unprotected Median",None,No Special Feature,Grooved Concrete,4 lanes,"36.1126131079, -79.8209429842"
5351,Newton,Catawba,Piedmont,Commercial,Urban (>70% Developed),NA,Urban,30 - 35  MPH,Stop And Go Signal,Cloudy,No,11,11-15,No,NA,With Traffic,B: Evident Injury,Sidewalk / Crosswalk / Driveway Crossing,Hispanic,Male,27,25-29,No,NA,6-10 mph,O: No Injury,Black,Male,Passenger Car,No,29NOV2009,Sunday,Motorist Left Turn / Merge,13,Intersection,November,B: Evident Injury,13:38:00,Motorist Left Turn - Opposite Direction,2009,No,No,Daylight,Straight - Level,NC Route,Dry,"Two-Way, Not Divided",None,T-Intersection,Coarse Asphalt,4 lanes,"35.6824069651, -81.218543379"
5364,Mount Holly,Gaston,Piedmont,Residential,Urban (>70% Developed),NA,Urban,40 - 45  MPH,"Double Yellow Line, No Passing Zone",Clear,No,47,40-49,No,NA,With Traffic,B: Evident Injury,Travel Lane,White,Male,55,50-59,No,NA,41-45 mph,B: Evident Injury,White,Female,Pickup,No,16NOV2009,Monday,Motorist Overtaking Bicyclist,16,Non-Intersection,November,B: Evident Injury,16:54:00,Motorist Overtaking - Undetected Bicyclist,2009,Yes,No,Daylight,Straight - Level,Local Street,Dry,"Two-Way, Not Divided",None,No Special Feature,Smooth Asphalt,2 lanes,"35.2707738845, -81.0350533011"
5374,Winston-Salem,Forsyth,Piedmont,Residential,Urban (>70% Developed),NA,Urban,30 - 35  MPH,No Control Present,Cloudy,No,50,50-59,No,NA,Not Applicable,B: Evident Injury,NA,Black,Male,38,30-39,No,NA,16-20 mph,O: No Injury,Black,Male,Passenger Car,No,30NOV2009,Monday,Bicyclist Failed to Yield - Midblock,6,Non-Intersection,November,B: Evident Injury,06:19:00,Bicyclist Ride Out - Midblock - Unknown,2009,Yes,No,Dark - Roadway Not Lighted,Straight - Grade,Local Street,Dry,"Two-Way, Not Divided",None,No Special Feature,Smooth Asphalt,2 lanes,"36.1217770935, -80.251948115"
5375,Fayetteville,Cumberland,Coastal,Commercial,Urban (>70% Developed),NA,Urban,30 - 35  MPH,No Control Present,Clear,No,12,11-15,No,NA,Not Applicable,O: No Injury,NA,White,Male,28,25-29,No,NA,16-20 mph,O: No Injury,Black,Male,Passenger Car,No,04DEC2009,Friday,Bicyclist Failed to Yield - Midblock,17,Non-Intersection,December,O: No Injury,17:17:00,Bicyclist Ride Out - Midblock - Unknown,2009,No,No,Dark - Roadway Not Lighted,Straight - Level,Local Street,Dry,"Two-Way, Not Divided",None,No Special Feature,Coarse Asphalt,3 lanes,"35.1309309307, -78.8992826533"