object_id,city,county,region,development,locality,on_road,rural_urban,speed_limit,traffic_control,weather,workzone,bike_age,bike_age_group,bike_alcohol,bike_alcohol_drugs,bike_direction,bike_injury,bike_position,bike_race,bike_sex,driver_age,driver_age_group,driver_alcohol,driver_alcohol_drugs,driver_est_speed,driver_injury,driver_race,driver_sex,driver_vehicle_type,crash_alcohol,crash_date,crash_day,crash_group,crash_hour,crash_location,crash_month,crash_severity,crash_time,crash_type,crash_year,ambulance_req,hit_run,light_condition,road_character,road_class,road_condition,road_configuration,road_defects,road_feature,road_surface,num_lanes,geo_point
3272,Wilmington,New Hanover,Coastal,Commercial,Urban (>70% Developed),NA,Urban,40 - 45  MPH,No Control Present,Clear,No,32,30-39,No,NA,Not Applicable,O: No Injury,Travel Lane,White,Male,30,30-39,No,NA,36-40 mph,O: No Injury,White,Female,Passenger Car,No,09JUL2011,Saturday,Bicyclist Failed to Yield - Midblock,21,Non-Intersection,July,O: No Injury,21:44:00,Bicyclist Ride Out - Other Midblock,2011,No,No,Dark - Lighted Roadway,Straight - Level,Local Street,Dry,NA,None,No Special Feature,Coarse Asphalt,NA,"34.2201367673, -77.8162022815"
3278,Winston-Salem,Forsyth,Piedmont,Commercial,Urban (>70% Developed),NA,Urban,30 - 35  MPH,No Control Present,Clear,No,63,60-69,No,NA,Facing Traffic,C: Possible Injury,Travel Lane,White,Male,20,20-24,No,NA,0-5 mph,O: No Injury,White,Female,Sport Utility,No,15JUL2011,Friday,Motorist Failed to Yield - Midblock,16,Non-Intersection,July,C: Possible Injury,16:17:00,Motorist Drive Out - Commercial Driveway / Alley,2011,No,No,Daylight,Straight - Level,State Secondary Route,Dry,"Two-Way, Not Divided",None,Four-Way Intersection,Smooth Asphalt,9 or more lanes,"36.0935170869, -80.2793031209"
3281,Summerfield,Guilford,Piedmont,"Farms, Woods, Pastures",Rural (<30% Developed),NA,Urban,40 - 45  MPH,"Double Yellow Line, No Passing Zone",Rain,No,50,50-59,No,NA,With Traffic,A: Disabling Injury,Travel Lane,White,Female,36,30-39,No,NA,36-40 mph,O: No Injury,Other,Female,"Light Truck (Mini-Van, Panel)",No,12AUG2011,Friday,Motorist Left Turn / Merge,18,Intersection,August,A: Disabling Injury,18:39:00,Motorist Left Turn - Opposite Direction,2011,Yes,No,Daylight,Straight - Level,NC Route,Wet,"Two-Way, Not Divided",None,T-Intersection,Smooth Asphalt,2 lanes,"36.2094471284, -79.8259029911"
3284,None - Rural Crash,Buncombe,Mountains,Residential,Urban (>70% Developed),NA,Rural,30 - 35  MPH,"Double Yellow Line, No Passing Zone",Clear,No,36,30-39,No,NA,With Traffic,A: Disabling Injury,Travel Lane,White,Male,44,40-49,No,NA,26-30 mph,O: No Injury,White,Female,Sport Utility,No,14AUG2011,Sunday,Motorist Left Turn / Merge,17,Intersection,August,A: Disabling Injury,17:00:00,Motorist Left Turn - Opposite Direction,2011,Yes,No,Daylight,Straight - Grade,State Secondary Route,Dry,"Two-Way, Not Divided",None,T-Intersection,Coarse Asphalt,2 lanes,"35.6329069091, -82.418403732"
3286,Charlotte,Mecklenburg,Piedmont,Commercial,Urban (>70% Developed),NA,Urban,30 - 35  MPH,Stop And Go Signal,Clear,No,19,16-19,No,NA,With Traffic,B: Evident Injury,Travel Lane,Black,Male,49,40-49,No,NA,6-10 mph,O: No Injury,Black,Female,Pickup,No,08AUG2011,Monday,Motorist Right Turn / Merge,14,Intersection,August,B: Evident Injury,14:41:00,Motorist Right Turn on Red - Same Direction,2011,Yes,No,Daylight,Straight - Level,Local Street,Dry,"Two-Way, Not Divided",None,T-Intersection,Smooth Asphalt,4 lanes,"35.2410768865, -80.7967032291"
3287,Raleigh,Wake,Piedmont,Commercial,Urban (>70% Developed),NA,Urban,30 - 35  MPH,Stop And Go Signal,Clear,No,21,20-24,No,NA,With Traffic,O: No Injury,Travel Lane,White,Male,48,40-49,No,NA,0-5 mph,O: No Injury,Black,Male,Passenger Car,No,13AUG2011,Saturday,Bicyclist Overtaking Motorist,23,Intersection-Related,August,O: No Injury,23:56:00,Bicyclist Overtaking - Passing on Right,2011,No,No,Dark - Lighted Roadway,Straight - Level,Local Street,Dry,"Two-Way, Not Divided",None,No Special Feature,Smooth Asphalt,2 lanes,"35.7755970787, -78.6393026084"
3289,None - Rural Crash,New Hanover,Coastal,Residential,Mixed (30% To 70% Developed),NA,Rural,40 - 45  MPH,"Double Yellow Line, No Passing Zone",Clear,No,14,11-15,No,NA,With Traffic,C: Possible Injury,Travel Lane,White,Male,48,40-49,No,NA,41-45 mph,O: No Injury,White,Male,Pickup,No,14AUG2011,Sunday,Bicyclist Left Turn / Merge,14,Non-Intersection,August,C: Possible Injury,14:56:00,Bicyclist Left Turn - Same Direction,2011,Yes,No,Daylight,Straight - Level,State Secondary Route,Dry,"Two-Way, Not Divided",None,Related To Intersection,Coarse Asphalt,2 lanes,"34.1351567465, -77.8771022966"
3290,Duck,Dare,Coastal,Commercial,Urban (>70% Developed),NA,Rural,NA,No Control Present,Clear,No,17,16-19,No,NA,Facing Traffic,B: Evident Injury,Multi-use Path,White,Male,37,30-39,No,NA,NA,O: No Injury,White,Female,Sport Utility,No,31JUL2011,Sunday,Motorist Failed to Yield - Midblock,10,Non-Intersection,July,B: Evident Injury,10:23:00,Motorist Drive Out - Commercial Driveway / Alley,2011,No,No,Daylight,Straight - Grade,NC Route,Dry,"Two-Way, Divided, Unprotected Median",None,"Driveway, Public",Coarse Asphalt,2 lanes,"36.1657972604, -75.7533017462"
3292,Jacksonville,Onslow,Coastal,Commercial,Urban (>70% Developed),NA,Urban,NA,No Control Present,Clear,No,51,50-59,No,NA,Facing Traffic,B: Evident Injury,Sidewalk / Crosswalk / Driveway Crossing,White,Female,NA,NA,Missing,NA,0-5 mph,Unknown Injury,Unknown/Missing,NA,NA,No,31JUL2011,Sunday,Motorist Failed to Yield - Midblock,11,Non-Intersection,July,B: Evident Injury,11:51:00,Motorist Drive Out - Commercial Driveway / Alley,2011,No,Yes,Daylight,Straight - Level,Public Vehicular Area,Dry,"Two-Way, Not Divided",None,"Driveway, Public",Smooth Asphalt,1 lane,"34.7602668995, -77.4158021867"
3296,Fayetteville,Cumberland,Coastal,Commercial,Urban (>70% Developed),NA,Urban,40 - 45  MPH,No Control Present,Clear,No,46,40-49,No,NA,Not Applicable,O: No Injury,Travel Lane,Black,Male,57,50-59,No,NA,16-20 mph,O: No Injury,Black,Male,Pickup,No,06AUG2011,Saturday,Motorist Left Turn / Merge,13,Non-Intersection,August,O: No Injury,13:45:00,Motorist Left Turn - Opposite Direction,2011,No,No,Daylight,Straight - Level,Local Street,Dry,"Two-Way, Divided, Unprotected Median",None,No Special Feature,Coarse Asphalt,6 lanes,"35.0989769235, -78.9144026567"
3297,None - Rural Crash,Wake,Piedmont,"Farms, Woods, Pastures",Rural (<30% Developed),NA,Rural,40 - 45  MPH,"Double Yellow Line, No Passing Zone",Clear,No,23,20-24,No,NA,With Traffic,B: Evident Injury,Travel Lane,White,Female,NA,NA,Missing,NA,41-45 mph,Unknown Injury,Unknown/Missing,NA,Passenger Car,No,27JUL2011,Wednesday,Motorist Overtaking Bicyclist,22,Non-Intersection,July,B: Evident Injury,22:18:00,Motorist Overtaking - Other / Unknown,2011,No,Yes,Dark - Roadway Not Lighted,Straight - Grade,State Secondary Route,Dry,"Two-Way, Not Divided",None,No Special Feature,Smooth Asphalt,2 lanes,"35.9798771269, -78.5097025799"
3302,Charlotte,Mecklenburg,Piedmont,Residential,Urban (>70% Developed),NA,Urban,30 - 35  MPH,Stop Sign,Clear,No,18,16-19,No,NA,With Traffic,C: Possible Injury,Travel Lane,Black,Male,56,50-59,No,NA,26-30 mph,O: No Injury,White,Female,Passenger Car,No,10AUG2011,Wednesday,Loss of Control / Turning Error,16,Intersection,August,C: Possible Injury,16:13:00,"Bicyclist Lost Control - Oversteering, Improper Braking, Speed",2011,No,No,Daylight,Straight - Grade,Local Street,Dry,"Two-Way, Divided, Unprotected Median",None,T-Intersection,Smooth Asphalt,2 lanes,"35.2335068839, -80.823203236"
3321,Durham,Durham,Piedmont,Residential,Urban (>70% Developed),NA,Urban,40 - 45  MPH,Stop And Go Signal,Clear,No,42,40-49,No,NA,With Traffic,C: Possible Injury,Travel Lane,White,Female,19,0-19,No,NA,16-20 mph,O: No Injury,Black,Female,Passenger Car,No,26AUG2011,Friday,Motorist Left Turn / Merge,11,Intersection,August,C: Possible Injury,11:55:00,Motorist Left Turn - Opposite Direction,2011,Yes,No,Daylight,Straight - Level,NC Route,Dry,"Two-Way, Not Divided",None,Four-Way Intersection,Smooth Asphalt,4 lanes,"35.9055070969, -78.9173026995"
3324,Durham,Durham,Piedmont,Commercial,Urban (>70% Developed),NA,Urban,20 - 25  MPH,No Control Present,Clear,No,30,30-39,No,NA,Not Applicable,C: Possible Injury,Non-Roadway,Black,Male,NA,NA,Missing,NA,6-10 mph,Unknown Injury,Unknown/Missing,NA,Passenger Car,No,26AUG2011,Friday,Non-Roadway,16,Non-Roadway,August,C: Possible Injury,16:04:00,Non-Roadway,2011,Yes,Yes,Daylight,Straight - Level,Public Vehicular Area,Dry,"Two-Way, Not Divided",None,No Special Feature,Smooth Asphalt,2 lanes,"35.9021670965, -78.8956026935"
3334,Raleigh,Wake,Piedmont,Commercial,Urban (>70% Developed),NA,Urban,30 - 35  MPH,Stop And Go Signal,Clear,No,21,20-24,No,NA,With Traffic,B: Evident Injury,Travel Lane,White,Female,19,0-19,No,NA,0-5 mph,O: No Injury,White,Male,Passenger Car,No,29AUG2011,Monday,Motorist Left Turn / Merge,12,Intersection,August,B: Evident Injury,12:40:00,Motorist Left Turn - Opposite Direction,2011,Yes,No,Daylight,Straight - Level,Local Street,Dry,"Two-Way, Not Divided",None,Four-Way Intersection,Smooth Asphalt,3 lanes,"35.7888870802, -78.6732026193"
3338,None - Rural Crash,Cleveland,Mountains,Residential,Rural (<30% Developed),NA,Rural,40 - 45  MPH,Stop Sign,Clear,No,58,50-59,No,NA,With Traffic,B: Evident Injury,Travel Lane,White,Male,46,40-49,No,NA,0-5 mph,O: No Injury,White,Male,Pickup,No,30AUG2011,Tuesday,Motorist Failed to Yield - Sign-Controlled Intersection,8,Intersection,August,B: Evident Injury,08:43:00,Motorist Drive Out - Sign-Controlled Intersection,2011,Yes,No,Daylight,Straight - Level,State Secondary Route,Dry,"Two-Way, Not Divided",None,Four-Way Intersection,Smooth Asphalt,2 lanes,"35.3199268778, -81.4957034412"
3342,Cary,Wake,Piedmont,Commercial,Urban (>70% Developed),NA,Urban,30 - 35  MPH,Stop And Go Signal,Clear,No,14,11-15,No,NA,With Traffic,B: Evident Injury,Travel Lane,Black,Male,29,25-29,No,NA,26-30 mph,O: No Injury,White,Male,Passenger Car,No,21AUG2011,Sunday,Bicyclist Failed to Yield - Signalized Intersection,13,Intersection,August,B: Evident Injury,13:47:00,Bicyclist Ride Out - Signalized  Intersection,2011,Yes,No,Daylight,Straight - Level,State Secondary Route,Dry,"Two-Way, Not Divided",None,No Special Feature,Smooth Asphalt,4 lanes,"35.771377073, -78.7853026531"
3343,None - Rural Crash,Brunswick,Coastal,"Farms, Woods, Pastures",Rural (<30% Developed),NA,Rural,40 - 45  MPH,No Control Present,Rain,No,18,16-19,No,NA,Facing Traffic,B: Evident Injury,Travel Lane,White,Male,29,25-29,No,NA,41-45 mph,O: No Injury,White,Female,Sport Utility,No,22AUG2011,Monday,Head-On,15,Non-Intersection,August,B: Evident Injury,15:25:00,Head-On - Bicyclist,2011,Yes,No,Daylight,Straight - Level,State Secondary Route,Wet,"Two-Way, Not Divided",None,No Special Feature,Coarse Asphalt,2 lanes,"33.942056688, -78.35120243"
3346,Sunset Beach,Brunswick,Coastal,Residential,Urban (>70% Developed),NA,Rural,20 - 25  MPH,Stop Sign,Clear,No,9,6-10,No,NA,With Traffic,B: Evident Injury,Travel Lane,White,Male,54,50-59,No,NA,6-10 mph,O: No Injury,White,Male,Sport Utility,No,18AUG2011,Thursday,Bicyclist Failed to Yield - Sign-Controlled Intersection,19,Intersection,August,B: Evident Injury,19:00:00,Bicyclist Ride Through - Sign-Controlled Intersection,2011,Yes,No,Daylight,Straight - Level,Local Street,Dry,"Two-Way, Not Divided",None,T-Intersection,Coarse Asphalt,2 lanes,"33.8711466672, -78.4983024713"
3347,Fayetteville,Cumberland,Coastal,Residential,Urban (>70% Developed),NA,Urban,20 - 25  MPH,No Control Present,Clear,No,61,60-69,No,NA,With Traffic,B: Evident Injury,Travel Lane,White,Male,31,30-39,No,NA,21-25 mph,O: No Injury,Asian,Female,Passenger Car,No,01SEP2011,Thursday,Motorist Overtaking Bicyclist,7,Intersection-Related,September,B: Evident Injury,07:23:00,Motorist Overtaking - Undetected Bicyclist,2011,Yes,No,Daylight,Straight - Level,Local Street,Dry,"Two-Way, Not Divided",None,No Special Feature,Smooth Asphalt,2 lanes,"35.0454169099, -78.9602026682"
3355,Durham,Durham,Piedmont,Residential,Mixed (30% To 70% Developed),NA,Urban,20 - 25  MPH,No Control Present,Clear,No,12,11-15,No,NA,With Traffic,B: Evident Injury,Travel Lane,Black,Male,18,0-19,No,NA,36-40 mph,O: No Injury,Black,Female,Passenger Car,No,04SEP2011,Sunday,Motorist Overtaking Bicyclist,17,Non-Intersection,September,B: Evident Injury,17:30:00,Motorist Overtaking - Bicyclist Swerved,2011,No,No,Daylight,Curve - Level,Local Street,Dry,"Two-Way, Not Divided",None,No Special Feature,Smooth Asphalt,2 lanes,"35.9592771085, -78.8973026964"
973,Gastonia,Gaston,Piedmont,Residential,Urban (>70% Developed),KENDRICK RD,Urban,NA,"Double Yellow Line, No Passing Zone",Clear,No,49,40-49,No,NA,With Traffic,B: Evident Injury,Travel Lane,White,Male,NA,NA,Missing,NA,31-35 mph,Unknown Injury,Unknown/Missing,NA,"Light Truck (Mini-Van, Panel)",No,17MAR2013,Sunday,Motorist Overtaking Bicyclist,14,Intersection,March,B: Evident Injury,14:25:00,Motorist Overtaking - Other / Unknown,2013,Yes,Yes,Daylight,Straight - Grade,State Secondary Route,Dry,"Two-Way, Not Divided",None,No Special Feature,Smooth Asphalt,2 lanes,"35.214406869, -81.1395033291"
975,Raleigh,Wake,Piedmont,Institutional,Urban (>70% Developed),W PEACE ST,Urban,30 - 35  MPH,Stop And Go Signal,Clear,No,37,30-39,No,NA,With Traffic,B: Evident Injury,Travel Lane,White,Male,40,40-49,No,NA,11-15 mph,O: No Injury,White,Male,Passenger Car,No,15MAR2013,Friday,Motorist Left Turn / Merge,11,Intersection,March,B: Evident Injury,11:04:00,Motorist Left Turn - Opposite Direction,2013,Yes,No,Daylight,Straight - Level,Local Street,Dry,"Two-Way, Not Divided",None,Four-Way Intersection,Smooth Asphalt,2 lanes,"35.7886370809, -78.6510026135"
979,Charlotte,Mecklenburg,Piedmont,Commercial,Urban (>70% Developed),THE PLAZA,Urban,30 - 35  MPH,No Control Present,Clear,No,58,50-59,No,NA,With Traffic,B: Evident Injury,Travel Lane,Black,Male,50,50-59,No,NA,26-30 mph,O: No Injury,Black,Female,Passenger Car,No,08APR2013,Monday,Bicyclist Failed to Yield - Sign-Controlled Intersection,13,Intersection,April,B: Evident Injury,13:42:00,Bicyclist Ride Out - Sign-Controlled Intersection,2013,Yes,No,Daylight,Straight - Level,Local Street,Dry,"Two-Way, Divided, Unprotected Median",None,No Special Feature,Smooth Asphalt,4 lanes,"35.2393068869, -80.7983032287"
985,Goldsboro,Wayne,Coastal,Residential,Urban (>70% Developed),PP 430 E ELM ST,Urban,NA,No Control Present,Rain,No,59,50-59,No,NA,With Traffic,O: No Injury,Sidewalk / Crosswalk / Driveway Crossing,Black,Male,NA,NA,No,NA,NA,C: Possible Injury,Black,Male,Pedalcycle,No,24MAR2013,Sunday,Motorist Failed to Yield - Midblock,14,Non-Intersection,March,C: Possible Injury,14:39:00,Motorist Drive Out - Commercial Driveway / Alley,2013,Yes,No,Daylight,Straight - Level,"Private Road, Driveway",Wet,"Two-Way, Not Divided",None,"Driveway, Private",Grooved Concrete,NA,"35.3754270147, -77.9924023914"
999,Mooresville,Iredell,Piedmont,Commercial,Urban (>70% Developed),SHEARERS RD,Urban,40 - 45  MPH,No Control Present,Cloudy,No,17,16-19,No,NA,With Traffic,B: Evident Injury,Travel Lane,White,Male,32,30-39,No,NA,16-20 mph,O: No Injury,Native American,Male,Passenger Car,No,31MAR2013,Sunday,Motorist Left Turn / Merge,16,Intersection,March,B: Evident Injury,16:44:00,Motorist Left Turn - Opposite Direction,2013,No,No,Daylight,Straight - Level,Local Street,Wet,"Two-Way, Not Divided",None,No Special Feature,Coarse Asphalt,2 lanes,"35.5557869532, -80.8110032505"
4003,Apex,Wake,Piedmont,Residential,Mixed (30% To 70% Developed),NA,Urban,20 - 25  MPH,Stop Sign,Clear,No,10,6-10,No,NA,With Traffic,B: Evident Injury,Travel Lane,White,Male,40,40-49,No,NA,16-20 mph,O: No Injury,White,Female,Police,No,15JUN2010,Tuesday,Bicyclist Failed to Yield - Sign-Controlled Intersection,7,Intersection,June,B: Evident Injury,07:57:00,Bicyclist Ride Through - Sign-Controlled Intersection,2010,Yes,No,Daylight,Straight - Level,Local Street,Dry,"Two-Way, Not Divided",None,T-Intersection,Smooth Asphalt,2 lanes,"35.7331350623, -78.8552826717"
4007,Asheville,Buncombe,Mountains,Commercial,Urban (>70% Developed),NA,Urban,20 - 25  MPH,Other,Clear,No,47,40-49,No,NA,With Traffic,B: Evident Injury,Travel Lane,White,Male,26,25-29,No,NA,6-10 mph,O: No Injury,White,Female,Pickup,No,28MAY2010,Friday,Motorist Right Turn / Merge,12,Intersection,May,B: Evident Injury,12:58:00,Motorist Right Turn - Same Direction,2010,Yes,No,Daylight,Straight - Level,Local Street,Dry,"Two-Way, Divided, Unprotected Median",None,No Special Feature,Smooth Asphalt,4 lanes,"35.5934068947, -82.5600777714"
4008,Fayetteville,Cumberland,Coastal,Commercial,Urban (>70% Developed),NA,Urban,40 - 45  MPH,No Control Present,Cloudy,No,61,60-69,Yes,NA,Not Applicable,B: Evident Injury,Travel Lane,Black,Male,18,0-19,No,NA,41-45 mph,O: No Injury,Black,Female,Passenger Car,Yes,28MAY2010,Friday,Crossing Paths - Other Circumstances,19,Non-Intersection,May,B: Evident Injury,19:45:00,Crossing Paths - Midblock - Other / Unknown,2010,Yes,No,Daylight,Curve - Level,US Route,Wet,"Two-Way, Not Divided",None,No Special Feature,Coarse Asphalt,6 lanes,"35.088904922, -78.8786426451"
4010,Shelby,Cleveland,Mountains,Residential,Urban (>70% Developed),NA,Urban,30 - 35  MPH,No Control Present,Clear,No,45,40-49,Yes,NA,With Traffic,B: Evident Injury,Travel Lane,White,Male,33,30-39,Yes,NA,16-20 mph,O: No Injury,White,Male,Passenger Car,Yes,30MAY2010,Sunday,Motorist Overtaking Bicyclist,21,Non-Intersection,May,B: Evident Injury,21:23:00,Motorist Overtaking - Undetected Bicyclist,2010,Yes,No,Dark - Lighted Roadway,Straight - Grade,State Secondary Route,Dry,"Two-Way, Not Divided",None,No Special Feature,Smooth Asphalt,2 lanes,"35.2645908666, -81.4755834321"
4013,Emerald Isle,Carteret,Coastal,Residential,Urban (>70% Developed),NA,Rural,20 - 25  MPH,Stop Sign,Clear,No,12,11-15,No,NA,Facing Traffic,B: Evident Injury,Travel Lane,White,Female,23,20-24,No,NA,21-25 mph,O: No Injury,Unknown/Missing,Female,Passenger Car,No,31MAY2010,Monday,Bicyclist Failed to Yield - Sign-Controlled Intersection,18,Intersection,May,B: Evident Injury,18:15:00,Bicyclist Ride Out - Sign-Controlled Intersection,2010,Yes,No,Daylight,Straight - Hillcrest,Local Street,Dry,"Two-Way, Not Divided",None,T-Intersection,Smooth Asphalt,4 lanes,"34.6650768913, -77.0175620606"
4014,None - Rural Crash,Brunswick,Coastal,"Farms, Woods, Pastures",Rural (<30% Developed),NA,Rural,50 - 55  MPH,"Double Yellow Line, No Passing Zone",Clear,No,35,30-39,No,NA,With Traffic,B: Evident Injury,Travel Lane,White,Male,65,60-69,No,NA,51-55 mph,O: No Injury,White,Male,Pickup,No,18JUN2010,Friday,Motorist Overtaking Bicyclist,7,Non-Intersection,June,B: Evident Injury,07:34:00,Motorist Overtaking - Misjudged Space,2010,Yes,No,Daylight,Straight - Level,NC Route,Dry,"Two-Way, Not Divided",None,No Special Feature,Coarse Asphalt,2 lanes,"33.9578387, -78.0710423461"
4023,Wilmington,New Hanover,Coastal,Residential,Urban (>70% Developed),NA,Urban,40 - 45  MPH,No Control Present,Clear,No,23,20-24,No,NA,Not Applicable,C: Possible Injury,Non-Roadway,White,Male,NA,NA,Missing,NA,NA,Unknown Injury,Unknown/Missing,NA,NA,No,30MAY2010,Sunday,Parallel Paths - Other Circumstances,0,Non-Intersection,May,C: Possible Injury,00:09:00,Parallel Paths - Other / Unknown,2010,No,Yes,Dark - Roadway Not Lighted,Straight - Level,Local Street,Dry,"Two-Way, Not Divided",None,No Special Feature,Coarse Asphalt,2 lanes,"34.226813766, -77.8862523035"
4031,None - Rural Crash,Alamance,Piedmont,"Farms, Woods, Pastures",Rural (<30% Developed),NA,Rural,50 - 55  MPH,No Control Present,"Fog, Smog, Smoke",No,54,50-59,Yes,NA,With Traffic,K: Killed,Travel Lane,Black,Male,43,40-49,Yes,NA,41-45 mph,O: No Injury,White,Male,Pickup,Yes,22MAY2010,Saturday,Motorist Overtaking Bicyclist,23,Non-Intersection,May,K: Killed,23:30:00,Motorist Overtaking - Other / Unknown,2010,Yes,No,Dark - Roadway Not Lighted,Straight - Level,State Secondary Route,Dry,"Two-Way, Not Divided",None,No Special Feature,Smooth Asphalt,2 lanes,"36.2291021518, -79.2963228324"
4033,Charlotte,Mecklenburg,Piedmont,Residential,Urban (>70% Developed),NA,Urban,20 - 25  MPH,No Control Present,Clear,No,13,11-15,No,NA,With Traffic,C: Possible Injury,Travel Lane,Black,Female,33,30-39,No,NA,21-25 mph,O: No Injury,White,Female,Passenger Car,No,04JUN2010,Friday,Bicyclist Right Turn / Merge,18,Non-Intersection,June,C: Possible Injury,18:08:00,Bicyclist Right Turn - Same Direction,2010,No,No,Daylight,Straight - Level,Local Street,Dry,"Two-Way, Not Divided",None,No Special Feature,Smooth Asphalt,2 lanes,"35.2722568883, -80.9501732763"
4036,Greensboro,Guilford,Piedmont,Residential,Urban (>70% Developed),NA,Urban,30 - 35  MPH,Stop And Go Signal,Clear,No,13,11-15,No,NA,With Traffic,C: Possible Injury,Sidewalk / Crosswalk / Driveway Crossing,Black,Male,63,60-69,No,NA,6-10 mph,O: No Injury,Black,Male,Passenger Car,No,07JUN2010,Monday,Crossing Paths - Other Circumstances,21,Intersection,June,C: Possible Injury,21:18:00,Signalized Intersection - Other / Unknown,2010,No,No,Dark - Lighted Roadway,Straight - Level,Local Street,Dry,"Two-Way, Divided, Unprotected Median",None,No Special Feature,Smooth Asphalt,4 lanes,"36.0331530898, -79.8501429887"
4039,Charlotte,Mecklenburg,Piedmont,Residential,Urban (>70% Developed),NA,Urban,30 - 35  MPH,Stop Sign,Clear,No,8,6-10,No,NA,With Traffic,A: Disabling Injury,Travel Lane,Hispanic,Female,27,25-29,No,NA,21-25 mph,O: No Injury,White,Male,"Single Unit Truck (2-Axle, 6-Tire)",No,16JUN2010,Wednesday,Bicyclist Failed to Yield - Sign-Controlled Intersection,14,Intersection,June,A: Disabling Injury,14:07:00,Bicyclist Ride Through - Sign-Controlled Intersection,2010,Yes,No,Daylight,Straight - Grade,Local Street,Dry,"Two-Way, Not Divided",None,T-Intersection,Smooth Asphalt,2 lanes,"35.1705168676, -80.9001432563"
4042,None - Rural Crash,Buncombe,Mountains,"Farms, Woods, Pastures",Rural (<30% Developed),NA,Rural,40 - 45  MPH,"Double Yellow Line, No Passing Zone",Clear,No,70+,70+,No,NA,With Traffic,O: No Injury,Travel Lane,White,Male,43,40-49,No,NA,16-20 mph,Unknown Injury,White,Male,Passenger Car,No,26JUN2010,Saturday,Motorist Overtaking Bicyclist,12,Non-Intersection,June,O: No Injury,12:11:00,Motorist Overtaking - Other / Unknown,2010,Yes,Yes,Daylight,Curve - Grade,State Secondary Route,Dry,"Two-Way, Not Divided",None,No Special Feature,Smooth Asphalt,2 lanes,"35.7584949291, -82.5660637835"
4051,Fayetteville,Cumberland,Coastal,Residential,Urban (>70% Developed),NA,Urban,5 - 15 MPH,Stop Sign,Clear,No,70+,70+,No,NA,Facing Traffic,C: Possible Injury,Sidewalk / Crosswalk / Driveway Crossing,Black,Male,31,30-39,No,NA,0-5 mph,O: No Injury,White,Female,Passenger Car,No,13MAY2010,Thursday,Motorist Failed to Yield - Sign-Controlled Intersection,12,Intersection,May,C: Possible Injury,12:16:00,Motorist Drive Out - Sign-Controlled Intersection,2010,Yes,No,Daylight,Straight - Level,Local Street,Dry,"Two-Way, Not Divided",None,No Special Feature,Coarse Asphalt,2 lanes,"35.0596039145, -78.910292653"
4059,Charlotte,Mecklenburg,Piedmont,Residential,Urban (>70% Developed),NA,Urban,30 - 35  MPH,Stop And Go Signal,Clear,No,12,11-15,No,NA,Not Applicable,B: Evident Injury,Sidewalk / Crosswalk / Driveway Crossing,Hispanic,Male,19,0-19,No,NA,0-5 mph,O: No Injury,White,Female,Passenger Car,No,21JUN2010,Monday,Bicyclist Failed to Yield - Signalized Intersection,16,Intersection,June,B: Evident Injury,16:00:00,Bicyclist Failed to Clear - Unknown,2010,Yes,No,Daylight,Straight - Level,Local Street,Dry,"Two-Way, Not Divided",None,No Special Feature,Smooth Asphalt,5 lanes,"35.1546168684, -80.7949032233"
4063,None - Rural Crash,Iredell,Piedmont,"Farms, Woods, Pastures",Rural (<30% Developed),NA,Rural,50 - 55  MPH,"Double Yellow Line, No Passing Zone",Clear,No,12,11-15,No,NA,With Traffic,B: Evident Injury,Travel Lane,White,Male,70+,70+,No,NA,0-5 mph,O: No Injury,White,Female,Passenger Car,No,02JUL2010,Friday,Bicyclist Left Turn / Merge,15,Non-Intersection,July,B: Evident Injury,15:19:00,Bicyclist Left Turn - Same Direction,2010,Yes,No,Daylight,Straight - Grade,State Secondary Route,Dry,"Two-Way, Not Divided",None,No Special Feature,Coarse Asphalt,2 lanes,"36.0116040441, -80.9615733213"
4065,None - Rural Crash,Sampson,Coastal,"Farms, Woods, Pastures",Rural (<30% Developed),NA,Rural,40 - 45  MPH,"Double Yellow Line, No Passing Zone",Clear,No,57,50-59,Yes,NA,With Traffic,B: Evident Injury,Travel Lane,Black,Male,34,30-39,No,NA,41-45 mph,O: No Injury,Black,Male,Passenger Car,Yes,02JUL2010,Friday,Motorist Overtaking Bicyclist,16,Non-Intersection,July,B: Evident Injury,16:37:00,Motorist Overtaking - Bicyclist Swerved,2010,Yes,No,Daylight,Straight - Level,State Secondary Route,Dry,"Two-Way, Not Divided",None,No Special Feature,Coarse Asphalt,2 lanes,"35.0332939296, -78.3188624732"
4067,None - Rural Crash,Harnett,Coastal,Residential,Mixed (30% To 70% Developed),NA,Rural,40 - 45  MPH,"Double Yellow Line, No Passing Zone",Clear,No,13,11-15,No,NA,With Traffic,B: Evident Injury,Travel Lane,White,Male,48,40-49,No,NA,36-40 mph,O: No Injury,Black,Female,Passenger Car,No,02JUL2010,Friday,Bicyclist Left Turn / Merge,10,Non-Intersection,July,B: Evident Injury,10:23:00,Bicyclist Left Turn - Same Direction,2010,Yes,No,Daylight,Straight - Level,State Secondary Route,Dry,"Two-Way, Not Divided",None,T-Intersection,Coarse Asphalt,2 lanes,"35.3123199651, -79.0431127064"