object_id,city,county,region,development,locality,on_road,rural_urban,speed_limit,traffic_control,weather,workzone,bike_age,bike_age_group,bike_alcohol,bike_alcohol_drugs,bike_direction,bike_injury,bike_position,bike_race,bike_sex,driver_age,driver_age_group,driver_alcohol,driver_alcohol_drugs,driver_est_speed,driver_injury,driver_race,driver_sex,driver_vehicle_type,crash_alcohol,crash_date,crash_day,crash_group,crash_hour,crash_location,crash_month,crash_severity,crash_time,crash_type,crash_year,ambulance_req,hit_run,light_condition,road_character,road_class,road_condition,road_configuration,road_defects,road_feature,road_surface,num_lanes,geo_point
4069,Durham,Durham,Piedmont,Residential,Urban (>70% Developed),NA,Urban,30 - 35  MPH,No Control Present,Clear,No,52,50-59,No,NA,With Traffic,C: Possible Injury,Travel Lane,White,Female,55,50-59,No,NA,21-25 mph,O: No Injury,Black,Female,Passenger Car,No,04JUL2010,Sunday,Motorist Overtaking Bicyclist,18,Non-Intersection,July,C: Possible Injury,18:43:00,Motorist Overtaking - Misjudged Space,2010,No,No,Daylight,Straight - Level,Local Street,Dry,"Two-Way, Not Divided",None,No Special Feature,Smooth Asphalt,2 lanes,"36.0780671332, -78.9228427112"
4074,Raleigh,Wake,Piedmont,Residential,Urban (>70% Developed),NA,Urban,30 - 35  MPH,Stop And Go Signal,Rain,No,33,30-39,No,NA,With Traffic,B: Evident Injury,Travel Lane,Native American,Male,58,50-59,No,NA,6-10 mph,O: No Injury,White,Male,Passenger Car,No,01JUN2010,Tuesday,Bicyclist Failed to Yield - Signalized Intersection,17,Intersection,June,B: Evident Injury,17:01:00,Bicyclist Ride Through - Signalized Intersection,2010,Yes,No,Daylight,Straight - Bottom,Local Street,Wet,"Two-Way, Divided, Positive Median Barrier",Road Surface Condition,No Special Feature,Smooth Asphalt,9 or more lanes,"35.7957270828, -78.6529826138"
4079,Charlotte,Mecklenburg,Piedmont,Residential,Urban (>70% Developed),NA,Urban,5 - 15 MPH,No Control Present,Clear,No,15,11-15,No,NA,Not Applicable,B: Evident Injury,Non-Roadway,White,Male,NA,NA,Missing,NA,16-20 mph,Unknown Injury,Unknown/Missing,NA,Passenger Car,No,22JUN2010,Tuesday,Non-Roadway,19,Non-Roadway,June,B: Evident Injury,19:54:00,Non-Roadway,2010,No,Yes,Dusk,Straight - Level,Public Vehicular Area,Dry,"Two-Way, Not Divided",None,No Special Feature,Smooth Asphalt,2 lanes,"35.1381098671, -80.7393982064"
4087,Greensboro,Guilford,Piedmont,Commercial,Urban (>70% Developed),NA,Urban,30 - 35  MPH,No Control Present,Clear,No,11,11-15,No,NA,Facing Traffic,C: Possible Injury,Sidewalk / Crosswalk / Driveway Crossing,Black,Male,40,40-49,No,NA,0-5 mph,O: No Injury,White,Female,Passenger Car,No,30JUN2010,Wednesday,Motorist Failed to Yield - Midblock,19,Non-Intersection,June,C: Possible Injury,19:08:00,Motorist Drive Out - Commercial Driveway / Alley,2010,No,No,Daylight,Straight - Level,Public Vehicular Area,Dry,"One-Way, Not Divided",None,No Special Feature,Smooth Asphalt,1 lane,"36.0489610937, -79.835238985"
4091,None - Rural Crash,Avery,Mountains,"Farms, Woods, Pastures",Rural (<30% Developed),NA,Rural,50 - 55  MPH,"Double Yellow Line, No Passing Zone",Clear,No,70+,70+,No,NA,With Traffic,C: Possible Injury,Travel Lane,White,Male,25,25-29,No,NA,41-45 mph,O: No Injury,White,Female,Sport Utility,No,09JUL2010,Friday,Motorist Overtaking Bicyclist,13,Non-Intersection,July,C: Possible Injury,13:38:00,Motorist Overtaking - Misjudged Space,2010,Yes,No,Daylight,Straight - Hillcrest,NC Route,Dry,"Two-Way, Not Divided",None,No Special Feature,Smooth Asphalt,2 lanes,"36.0097800077, -81.8940035991"
4103,Kill Devil Hills,Dare,Coastal,Commercial,Urban (>70% Developed),NA,Urban,NA,No Control Present,Clear,No,20,20-24,No,NA,Facing Traffic,B: Evident Injury,Sidewalk / Crosswalk / Driveway Crossing,White,Female,70+,70+,No,NA,0-5 mph,O: No Injury,White,Male,Sport Utility,No,01JUL2010,Thursday,Motorist Failed to Yield - Midblock,15,Non-Intersection,July,B: Evident Injury,15:05:00,Motorist Drive Out - Commercial Driveway / Alley,2010,Yes,No,Daylight,Straight - Level,"Private Road, Driveway",Dry,"Two-Way, Not Divided",None,"Driveway, Public",Coarse Asphalt,2 lanes,"36.0382872361, -75.6757067164"
4106,Durham,Durham,Piedmont,Residential,Urban (>70% Developed),NA,Urban,20 - 25  MPH,No Control Present,Clear,No,6,6-10,No,NA,Not Applicable,O: No Injury,Driveway / Alley,Black,Male,17,0-19,No,NA,21-25 mph,O: No Injury,Black,Male,Passenger Car,No,04JUN2010,Friday,Bicyclist Failed to Yield - Midblock,20,Non-Intersection,June,O: No Injury,20:17:00,Bicyclist Ride Out - Residential Driveway,2010,Yes,No,Dusk,Straight - Level,Local Street,Dry,"Two-Way, Not Divided",None,No Special Feature,Coarse Asphalt,2 lanes,"36.019327123, -78.8517486857"
4107,Charlotte,Mecklenburg,Piedmont,Residential,Urban (>70% Developed),NA,Urban,40 - 45  MPH,No Control Present,Cloudy,No,10,6-10,No,NA,With Traffic,B: Evident Injury,Bike Lane / Paved Shoulder,White,Female,59,50-59,No,NA,41-45 mph,O: No Injury,Black,Female,Passenger Car,No,29JUN2010,Tuesday,Motorist Overtaking Bicyclist,18,Non-Intersection,June,B: Evident Injury,18:04:00,Motorist Overtaking - Bicyclist Swerved,2010,Yes,No,Daylight,Straight - Level,Local Street,Dry,"Two-Way, Not Divided",None,No Special Feature,Smooth Asphalt,2 lanes,"35.1601098642, -80.9516632709"
4115,Statesville,Iredell,Piedmont,Residential,Urban (>70% Developed),NA,Urban,NA,No Control Present,Clear,No,NA,NA,No,NA,Facing Traffic,B: Evident Injury,Travel Lane,White,Male,19,0-19,No,NA,NA,O: No Injury,White,Male,Passenger Car,No,06JUL2010,Tuesday,Bicyclist Right Turn / Merge,22,Non-Intersection,July,B: Evident Injury,22:45:00,Bicyclist Right Turn - Opposite Direction,2010,Yes,No,Dark - Roadway Not Lighted,Straight - Level,Local Street,Dry,"Two-Way, Not Divided",None,No Special Feature,Smooth Asphalt,2 lanes,"35.7981940036, -80.8323532706"
4116,Durham,Durham,Piedmont,Institutional,Urban (>70% Developed),NA,Urban,20 - 25  MPH,No Control Present,Clear,No,21,20-24,No,NA,Not Applicable,C: Possible Injury,Travel Lane,White,Male,49,40-49,No,NA,11-15 mph,O: No Injury,Black,Female,Passenger Car,No,22JUL2010,Thursday,Non-Roadway,17,Non-Roadway,July,C: Possible Injury,17:48:00,Non-Roadway,2010,Yes,No,Daylight,Straight - Level,Public Vehicular Area,Dry,"Two-Way, Not Divided",None,No Special Feature,Smooth Asphalt,2 lanes,"35.9521071069, -78.9009126977"
4120,Raleigh,Wake,Piedmont,Residential,Urban (>70% Developed),NA,Urban,20 - 25  MPH,Stop Sign,Clear,No,47,40-49,No,NA,With Traffic,C: Possible Injury,Travel Lane,Hispanic,Male,35,30-39,No,NA,16-20 mph,O: No Injury,Black,Female,Passenger Car,No,11JUL2010,Sunday,Motorist Left Turn / Merge,20,Intersection,July,C: Possible Injury,20:22:00,Motorist Left Turn - Opposite Direction,2010,No,Yes,Daylight,Straight - Grade,Local Street,Dry,"Two-Way, Not Divided",None,Four-Way Intersection,Coarse Asphalt,8 lanes,"35.7681470777, -78.6227126038"
4132,Troutman,Iredell,Piedmont,Residential,Urban (>70% Developed),NA,Rural,20 - 25  MPH,Stop Sign,Clear,No,8,6-10,No,NA,With Traffic,B: Evident Injury,Travel Lane,Black,Male,NA,NA,Missing,NA,21-25 mph,Unknown Injury,Unknown/Missing,NA,NA,No,03JUN2010,Thursday,Bicyclist Failed to Yield - Sign-Controlled Intersection,20,Intersection,June,B: Evident Injury,20:36:00,Bicyclist Ride Out - Sign-Controlled Intersection,2010,Yes,Yes,Dark - Lighted Roadway,Straight - Level,Local Street,Dry,"Two-Way, Not Divided",None,T-Intersection,Smooth Asphalt,2 lanes,"35.6968609795, -80.9006632847"
4134,Charlotte,Mecklenburg,Piedmont,Commercial,Urban (>70% Developed),NA,Urban,40 - 45  MPH,No Control Present,Clear,No,17,16-19,No,NA,With Traffic,A: Disabling Injury,Travel Lane,Black,Male,35,30-39,No,NA,41-45 mph,O: No Injury,Hispanic,Male,Passenger Car,No,20JUL2010,Tuesday,Bicyclist Left Turn / Merge,11,Non-Intersection,July,A: Disabling Injury,11:41:00,Bicyclist Left Turn - Same Direction,2010,Yes,No,Daylight,Straight - Level,Local Street,Dry,"Two-Way, Divided, Unprotected Median",None,No Special Feature,Smooth Asphalt,4 lanes,"35.2774038956, -80.7661532217"
4138,None - Rural Crash,Surry,Mountains,Residential,Rural (<30% Developed),NA,Rural,30 - 35  MPH,"Double Yellow Line, No Passing Zone",Clear,No,40,40-49,No,NA,With Traffic,B: Evident Injury,Travel Lane,White,Female,70+,70+,No,NA,0-5 mph,O: No Injury,White,Female,Passenger Car,No,30JUL2010,Friday,Motorist Left Turn / Merge,17,Intersection,July,B: Evident Injury,17:01:00,Motorist Left Turn - Opposite Direction,2010,Yes,No,Daylight,Straight - Level,State Secondary Route,Dry,"Two-Way, Not Divided",None,T-Intersection,Smooth Asphalt,2 lanes,"36.4412841459, -80.6422432505"
4140,None - Rural Crash,Johnston,Coastal,Residential,Rural (<30% Developed),NA,Rural,50 - 55  MPH,No Control Present,Clear,No,25,25-29,No,NA,Facing Traffic,O: No Injury,Travel Lane,White,Male,NA,NA,Missing,NA,41-45 mph,Unknown Injury,Unknown/Missing,NA,Passenger Car,No,29JUL2010,Thursday,Loss of Control / Turning Error,21,Non-Intersection,July,O: No Injury,21:04:00,Motorist Lost Control - Other / Unknown,2010,No,Yes,Dark - Roadway Not Lighted,Straight - Level,State Secondary Route,Dry,"Two-Way, Not Divided",None,No Special Feature,Coarse Asphalt,2 lanes,"35.2881839803, -78.4532125268"
4147,Durham,Durham,Piedmont,Residential,Urban (>70% Developed),NA,Urban,NA,No Control Present,Clear,No,24,20-24,No,NA,With Traffic,C: Possible Injury,Travel Lane,White,Male,NA,NA,Missing,NA,NA,Unknown Injury,Unknown/Missing,NA,Passenger Car,No,02AUG2010,Monday,Bicyclist Failed to Yield - Midblock,14,Non-Intersection,August,C: Possible Injury,14:33:00,Bicyclist Ride Out - Commercial Driveway / Alley,2010,Yes,Yes,Daylight,Straight - Level,Local Street,Dry,"Two-Way, Not Divided",None,No Special Feature,Smooth Asphalt,2 lanes,"35.9928271169, -78.8658166894"
4149,Greensboro,Guilford,Piedmont,Commercial,Urban (>70% Developed),NA,Urban,30 - 35  MPH,No Control Present,Clear,No,43,40-49,No,NA,With Traffic,B: Evident Injury,Travel Lane,Black,Male,NA,NA,Missing,NA,NA,Unknown Injury,Unknown/Missing,NA,NA,No,20JUL2010,Tuesday,Motorist Overtaking Bicyclist,3,Non-Intersection,July,B: Evident Injury,03:24:00,Motorist Overtaking - Other / Unknown,2010,Yes,Yes,Dark - Lighted Roadway,Straight - Level,Local Street,Dry,"Two-Way, Divided, Unprotected Median",None,No Special Feature,Smooth Asphalt,5 lanes,"36.0480650931, -79.8361329851"
4151,Raleigh,Wake,Piedmont,Commercial,Urban (>70% Developed),NA,Urban,30 - 35  MPH,No Control Present,Clear,No,15,11-15,No,NA,Not Applicable,C: Possible Injury,Driveway / Alley,Black,Male,50,50-59,No,NA,0-5 mph,O: No Injury,Black,Male,Pickup,No,13JUL2010,Tuesday,Motorist Failed to Yield - Midblock,12,Non-Intersection,July,C: Possible Injury,12:42:00,Motorist Drive Out - Commercial Driveway / Alley,2010,Yes,No,Daylight,Straight - Level,Local Street,Dry,"Two-Way, Not Divided",None,T-Intersection,Smooth Asphalt,2 lanes,"35.8511540954, -78.6145886058"
4154,Greensboro,Guilford,Piedmont,Commercial,Mixed (30% To 70% Developed),NA,Urban,40 - 45  MPH,Stop And Go Signal,Clear,No,56,50-59,No,NA,With Traffic,C: Possible Injury,Sidewalk / Crosswalk / Driveway Crossing,White,Male,26,25-29,No,NA,6-10 mph,O: No Injury,Black,Male,Pickup,No,21JUL2010,Wednesday,Motorist Overtaking Bicyclist,15,Intersection,July,C: Possible Injury,15:38:00,Motorist Overtaking - Other / Unknown,2010,Yes,No,Daylight,Straight - Level,Local Street,Dry,"Two-Way, Not Divided",None,Related To Intersection,Smooth Asphalt,5 lanes,"36.0714111006, -79.7779569691"
4156,Wilson,Wilson,Coastal,Commercial,Urban (>70% Developed),NA,Urban,40 - 45  MPH,No Control Present,Clear,No,24,20-24,No,NA,Facing Traffic,O: No Injury,Travel Lane,White,Male,55,50-59,No,NA,6-10 mph,O: No Injury,White,Female,Passenger Car,No,19JUL2010,Monday,Motorist Failed to Yield - Midblock,16,Non-Intersection,July,O: No Injury,16:48:00,Motorist Drive Out - Other Midblock,2010,No,No,Daylight,Straight - Level,Local Street,Dry,"Two-Way, Not Divided",None,No Special Feature,Coarse Asphalt,5 lanes,"35.7671731011, -77.9448523975"
4158,Charlotte,Mecklenburg,Piedmont,Commercial,Urban (>70% Developed),NA,Urban,5 - 15 MPH,No Control Present,Rain,No,18,16-19,No,NA,Facing Traffic,C: Possible Injury,Sidewalk / Crosswalk / Driveway Crossing,Black,Male,28,25-29,No,NA,0-5 mph,O: No Injury,Asian,Male,Passenger Car,No,25JUL2010,Sunday,Motorist Failed to Yield - Midblock,21,Non-Intersection,July,C: Possible Injury,21:40:00,Motorist Drive Out - Commercial Driveway / Alley,2010,Yes,No,Dark - Unknown Lighting,Straight - Level,Local Street,Wet,"Two-Way, Not Divided",None,No Special Feature,Smooth Asphalt,NA,"35.2032998807, -80.7433582105"
4161,High Point,Guilford,Piedmont,Commercial,Urban (>70% Developed),NA,Urban,30 - 35  MPH,No Control Present,Clear,No,14,11-15,No,NA,Facing Traffic,C: Possible Injury,Sidewalk / Crosswalk / Driveway Crossing,Black,Male,33,30-39,No,NA,0-5 mph,O: No Injury,White,Male,NA,No,22JUL2010,Thursday,Motorist Failed to Yield - Midblock,11,Non-Intersection,July,C: Possible Injury,11:31:00,Motorist Drive Out - Commercial Driveway / Alley,2010,Yes,Yes,Daylight,Straight - Level,US Route,Dry,"Two-Way, Not Divided",None,No Special Feature,Coarse Asphalt,5 lanes,"35.9330400634, -79.989633025"
4165,None - Rural Crash,Wake,Piedmont,"Farms, Woods, Pastures",Rural (<30% Developed),NA,Rural,50 - 55  MPH,"Double Yellow Line, No Passing Zone",Rain,No,52,50-59,No,NA,With Traffic,B: Evident Injury,Bike Lane / Paved Shoulder,White,Male,NA,NA,No,NA,51-55 mph,Unknown Injury,Unknown/Missing,NA,Sport Utility,No,05AUG2010,Thursday,Motorist Overtaking Bicyclist,20,Non-Intersection,August,B: Evident Injury,20:46:00,Motorist Overtaking - Misjudged Space,2010,Yes,Yes,Dusk,Straight - Grade,NC Route,Wet,"Two-Way, Not Divided",None,No Special Feature,Smooth Asphalt,2 lanes,"35.5889430389, -78.6413125995"
4179,Charlotte,Mecklenburg,Piedmont,Commercial,Urban (>70% Developed),NA,Urban,30 - 35  MPH,No Control Present,Clear,No,53,50-59,No,NA,Facing Traffic,C: Possible Injury,Sidewalk / Crosswalk / Driveway Crossing,Black,Male,48,40-49,No,NA,0-5 mph,O: No Injury,Black,Male,Van,No,30JUL2010,Friday,Motorist Failed to Yield - Midblock,19,Non-Intersection,July,C: Possible Injury,19:00:00,Motorist Drive Out - Commercial Driveway / Alley,2010,Yes,No,Daylight,Straight - Level,Public Vehicular Area,Dry,"Two-Way, Not Divided",None,No Special Feature,Concrete,NA,"35.2997068995, -80.8010282328"
4186,Emerald Isle,Carteret,Coastal,Commercial,Urban (>70% Developed),NA,Rural,20 - 25  MPH,Stop And Go Signal,Clear,No,62,60-69,No,NA,Facing Traffic,B: Evident Injury,Multi-use Path,White,Male,40,40-49,No,NA,0-5 mph,O: No Injury,White,Male,Sport Utility,No,09JUL2010,Friday,Motorist Failed to Yield - Signalized Intersection,13,Intersection,July,B: Evident Injury,13:52:00,Motorist Drive Out - Right Turn on Red,2010,Yes,No,Daylight,Straight - Level,Local Street,Dry,"Two-Way, Not Divided",None,Four-Way Intersection,Smooth Asphalt,9 or more lanes,"34.6648318905, -77.0348760664"
4187,None - Rural Crash,Davidson,Piedmont,Residential,Rural (<30% Developed),NA,Rural,40 - 45  MPH,"Double Yellow Line, No Passing Zone",Clear,No,46,40-49,No,NA,With Traffic,B: Evident Injury,Travel Lane,White,Male,17,0-19,No,NA,6-10 mph,O: No Injury,White,Male,Pickup,No,10AUG2010,Tuesday,Backing Vehicle,16,Non-Intersection,August,B: Evident Injury,16:48:00,Backing Vehicle,2010,Yes,No,Daylight,Straight - Level,State Secondary Route,Dry,"Two-Way, Not Divided",None,No Special Feature,Smooth Asphalt,2 lanes,"35.9457700567, -80.258213106"
4201,Raleigh,Wake,Piedmont,Commercial,Urban (>70% Developed),NA,Urban,40 - 45  MPH,No Control Present,Clear,No,57,50-59,No,NA,Not Applicable,O: No Injury,Other,White,Male,NA,NA,Missing,NA,16-20 mph,Unknown Injury,Unknown/Missing,NA,NA,No,31JUL2010,Saturday,Crossing Paths - Other Circumstances,2,Intersection,July,O: No Injury,02:15:00,Crossing Paths - Intersection - Other / Unknown,2010,No,Yes,Dark - Lighted Roadway,Straight - Level,Local Street,Dry,"Two-Way, Not Divided",None,T-Intersection,Smooth Asphalt,7 lanes,"35.8377950931, -78.6129786046"
4211,Gastonia,Gaston,Piedmont,Residential,Urban (>70% Developed),NA,Urban,30 - 35  MPH,No Control Present,Cloudy,No,11,11-15,No,NA,Facing Traffic,C: Possible Injury,Travel Lane,White,Male,53,50-59,No,NA,11-15 mph,O: No Injury,Black,Male,Passenger Car,No,02AUG2010,Monday,Head-On,15,Non-Intersection,August,C: Possible Injury,15:06:00,Head-On - Bicyclist,2010,No,No,Daylight,Straight - Grade,Local Street,Dry,"Two-Way, Not Divided",None,No Special Feature,Smooth Asphalt,2 lanes,"35.2213168673, -81.2143283517"
4214,Rocky Mount,Edgecombe,Coastal,Residential,Urban (>70% Developed),NA,Urban,30 - 35  MPH,Stop And Go Signal,Clear,No,48,40-49,Yes,NA,With Traffic,A: Disabling Injury,Travel Lane,Black,Male,21,20-24,No,NA,31-35 mph,O: No Injury,Black,Female,Passenger Car,Yes,07JUN2010,Monday,Bicyclist Failed to Yield - Signalized Intersection,22,Intersection,June,A: Disabling Injury,22:46:00,Bicyclist Ride Through - Signalized Intersection,2010,Yes,No,Dark - Lighted Roadway,Straight - Level,Local Street,Dry,"Two-Way, Not Divided",None,Four-Way Intersection,Grooved Concrete,4 lanes,"35.9486611451, -77.7860973589"
4217,None - Rural Crash,Durham,Piedmont,"Farms, Woods, Pastures",Rural (<30% Developed),NA,Rural,40 - 45  MPH,"Double Yellow Line, No Passing Zone",Clear,No,52,50-59,No,NA,With Traffic,B: Evident Injury,Travel Lane,White,Male,49,40-49,No,NA,41-45 mph,O: No Injury,White,Male,Passenger Car,No,17AUG2010,Tuesday,Motorist Overtaking Bicyclist,7,Non-Intersection,August,B: Evident Injury,07:17:00,Motorist Overtaking - Misjudged Space,2010,Yes,No,Daylight,Straight - Hillcrest,State Secondary Route,Dry,"Two-Way, Not Divided",Other,No Special Feature,Smooth Asphalt,2 lanes,"36.225397165, -78.9029327125"
4218,None - Rural Crash,Carteret,Coastal,Commercial,Mixed (30% To 70% Developed),NA,Rural,50 - 55  MPH,No Control Present,Clear,No,17,16-19,No,NA,With Traffic,B: Evident Injury,Travel Lane,White,Male,21,20-24,No,NA,51-55 mph,O: No Injury,White,Male,Passenger Car,No,16AUG2010,Monday,Motorist Overtaking Bicyclist,23,Non-Intersection,August,B: Evident Injury,23:48:00,Motorist Overtaking - Undetected Bicyclist,2010,Yes,No,Dark - Roadway Not Lighted,Straight - Level,US Route,Dry,"Two-Way, Divided, Unprotected Median",None,No Special Feature,Coarse Asphalt,4 lanes,"34.7434299153, -76.824862006"
4220,Pineville,Mecklenburg,Piedmont,Commercial,Urban (>70% Developed),NA,Rural,30 - 35  MPH,No Control Present,Clear,No,46,40-49,No,NA,With Traffic,B: Evident Injury,Travel Lane,White,Male,48,40-49,No,NA,0-5 mph,O: No Injury,White,Female,Passenger Car,No,17JUL2010,Saturday,Motorist Left Turn / Merge,11,Non-Intersection,July,B: Evident Injury,11:52:00,Motorist Left Turn - Opposite Direction,2010,Yes,No,Daylight,Curve - Level,Local Street,Dry,"Two-Way, Not Divided",None,"Driveway, Public",Smooth Asphalt,2 lanes,"35.0946728533, -80.8670992416"
4221,Charlotte,Mecklenburg,Piedmont,Residential,Urban (>70% Developed),NA,Urban,30 - 35  MPH,Stop Sign,Clear,No,29,25-29,No,NA,Facing Traffic,O: No Injury,Travel Lane,Hispanic,Male,49,40-49,No,NA,6-10 mph,O: No Injury,Black,Female,Van,No,04AUG2010,Wednesday,Motorist Failed to Yield - Sign-Controlled Intersection,16,Intersection,August,O: No Injury,16:51:00,Motorist Drive Out - Sign-Controlled Intersection,2010,No,No,Daylight,Straight - Level,Local Street,Dry,"Two-Way, Not Divided",None,T-Intersection,Smooth Asphalt,2 lanes,"35.233782886, -80.7746032213"
4225,Wilmington,New Hanover,Coastal,Commercial,Urban (>70% Developed),NA,Urban,20 - 25  MPH,Stop Sign,Clear,No,40,40-49,No,NA,Facing Traffic,B: Evident Injury,Sidewalk / Crosswalk / Driveway Crossing,White,Female,70+,70+,No,NA,0-5 mph,O: No Injury,White,Male,Passenger Car,No,31JUL2010,Saturday,Motorist Failed to Yield - Sign-Controlled Intersection,17,Intersection,July,B: Evident Injury,17:59:00,Motorist Drive Out - Sign-Controlled Intersection,2010,Yes,No,Daylight,Straight - Level,Local Street,Dry,"Two-Way, Not Divided",None,T-Intersection,Smooth Asphalt,2 lanes,"34.2517617736, -77.826492287"
4246,None - Rural Crash,Lincoln,Piedmont,Residential,Rural (<30% Developed),NA,Rural,50 - 55  MPH,No Control Present,Clear,No,8,6-10,No,NA,Not Applicable,C: Possible Injury,Driveway / Alley,White,Male,25,25-29,No,NA,46-50 mph,O: No Injury,White,Female,Passenger Car,No,23AUG2010,Monday,Bicyclist Failed to Yield - Midblock,19,Non-Intersection,August,C: Possible Injury,19:20:00,Bicyclist Ride Out - Residential Driveway,2010,Yes,No,Daylight,Straight - Level,State Secondary Route,Dry,"Two-Way, Not Divided",None,"Driveway, Private",Coarse Asphalt,2 lanes,"35.4049139138, -81.0126433023"
4248,Jacksonville,Onslow,Coastal,Residential,Urban (>70% Developed),NA,Urban,20 - 25  MPH,Stop Sign,Cloudy,No,25,25-29,No,NA,Facing Traffic,C: Possible Injury,Sidewalk / Crosswalk / Driveway Crossing,White,Female,47,40-49,No,NA,0-5 mph,O: No Injury,White,Male,Pickup,No,03AUG2010,Tuesday,Motorist Failed to Yield - Midblock,15,Non-Intersection,August,C: Possible Injury,15:08:00,Motorist Drive Out - Other Midblock,2010,Yes,No,Daylight,Straight - Level,Local Street,Dry,"Two-Way, Not Divided",None,No Special Feature,Smooth Asphalt,2 lanes,"34.7727969029, -77.4089521846"
4256,Hickory,Catawba,Piedmont,Residential,Urban (>70% Developed),NA,Urban,30 - 35  MPH,Stop Sign,Cloudy,No,6,6-10,No,NA,With Traffic,B: Evident Injury,Travel Lane,Black,Male,24,20-24,No,NA,26-30 mph,O: No Injury,Black,Female,Passenger Car,No,17AUG2010,Tuesday,Bicyclist Failed to Yield - Sign-Controlled Intersection,17,Intersection,August,B: Evident Injury,17:11:00,Bicyclist Ride Out - Sign-Controlled Intersection,2010,Yes,No,Daylight,Straight - Level,Local Street,Dry,"Two-Way, Not Divided",None,Four-Way Intersection,Smooth Asphalt,NA,"35.7537529758, -81.3321184163"
4269,None - Rural Crash,Henderson,Mountains,Residential,Urban (>70% Developed),NA,Rural,30 - 35  MPH,"Double Yellow Line, No Passing Zone",Clear,No,14,11-15,No,NA,With Traffic,C: Possible Injury,Travel Lane,White,Male,70+,70+,No,NA,16-20 mph,O: No Injury,White,Male,Sport Utility,No,10AUG2010,Tuesday,Bicyclist Left Turn / Merge,14,Intersection,August,C: Possible Injury,14:02:00,Bicyclist Left Turn - Same Direction,2010,No,No,Daylight,Straight - Bottom,State Secondary Route,Dry,"Two-Way, Not Divided",None,T-Intersection,Coarse Asphalt,2 lanes,"35.2970988363, -82.479903731"
4273,Davidson,Mecklenburg,Piedmont,"Farms, Woods, Pastures",Rural (<30% Developed),NA,Urban,40 - 45  MPH,No Control Present,Clear,No,41,40-49,No,NA,With Traffic,B: Evident Injury,Travel Lane,White,Male,34,30-39,No,NA,16-20 mph,O: No Injury,Black,Male,"Single Unit Truck (2-Axle, 6-Tire)",No,19AUG2010,Thursday,Bicyclist Right Turn / Merge,16,Intersection,August,B: Evident Injury,16:53:00,Bicyclist Right Turn - Same Direction,2010,Yes,No,Daylight,Straight - Grade,Local Street,Dry,"Two-Way, Not Divided",None,No Special Feature,Smooth Asphalt,2 lanes,"35.4730599366, -80.7933932407"
4284,None - Rural Crash,Durham,Piedmont,"Farms, Woods, Pastures",Rural (<30% Developed),NA,Rural,30 - 35  MPH,Stop And Go Signal,Clear,No,26,25-29,No,NA,Not Applicable,B: Evident Injury,Multi-use Path,White,Female,47,40-49,No,NA,0-5 mph,O: No Injury,White,Male,Passenger Car,No,01SEP2010,Wednesday,Non-Roadway,8,Non-Roadway,September,B: Evident Injury,08:43:00,Non-Roadway,2010,Yes,No,Daylight,Straight - Level,State Secondary Route,Dry,"Two-Way, Not Divided",None,"Driveway, Private",Smooth Asphalt,2 lanes,"35.8891070948, -78.8806626874"
4291,Nags Head,Dare,Coastal,Commercial,Urban (>70% Developed),NA,Rural,30 - 35  MPH,No Control Present,Clear,No,62,60-69,No,NA,With Traffic,B: Evident Injury,Travel Lane,White,Male,59,50-59,No,NA,6-10 mph,O: No Injury,White,Male,Sport Utility,No,09AUG2010,Monday,Crossing Paths - Other Circumstances,6,Intersection,August,B: Evident Injury,06:46:00,Crossing Paths - Uncontrolled Intersection,2010,Yes,No,Daylight,Straight - Level,NC Route,Dry,"Two-Way, Not Divided",None,T-Intersection,Coarse Asphalt,2 lanes,"35.9572822198, -75.624141696"
4294,Statesville,Iredell,Piedmont,Residential,Rural (<30% Developed),NA,Urban,30 - 35  MPH,Stop Sign,Rain,No,34,30-39,No,NA,With Traffic,C: Possible Injury,Travel Lane,White,Male,60,60-69,No,NA,11-15 mph,O: No Injury,Black,Male,Passenger Car,No,19AUG2010,Thursday,Motorist Failed to Yield - Sign-Controlled Intersection,5,Intersection,August,C: Possible Injury,05:45:00,Motorist Drive Out - Sign-Controlled Intersection,2010,Yes,No,Dark - Lighted Roadway,Straight - Level,Local Street,Wet,"Two-Way, Divided, Unprotected Median",None,No Special Feature,Smooth Asphalt,2 lanes,"35.7726509966, -80.8796732833"
4298,None - Rural Crash,Wayne,Coastal,"Farms, Woods, Pastures",Rural (<30% Developed),NA,Rural,50 - 55  MPH,No Control Present,Clear,No,18,16-19,No,NA,With Traffic,O: No Injury,Travel Lane,White,Male,35,30-39,No,NA,51-55 mph,O: No Injury,White,Female,Sport Utility,No,07SEP2010,Tuesday,Motorist Overtaking Bicyclist,12,Non-Intersection,September,O: No Injury,12:03:00,Motorist Overtaking - Other / Unknown,2010,Yes,No,Daylight,Straight - Level,State Secondary Route,Dry,"Two-Way, Not Divided",None,No Special Feature,Smooth Asphalt,2 lanes,"35.2283319812, -78.0418523988"
4299,None - Rural Crash,Robeson,Coastal,Residential,Rural (<30% Developed),NA,Rural,50 - 55  MPH,"Double Yellow Line, No Passing Zone",Clear,No,47,40-49,Yes,NA,Facing Traffic,K: Killed,Travel Lane,Native American,Male,58,50-59,Yes,NA,36-40 mph,B: Evident Injury,Native American,Female,Passenger Car,Yes,03SEP2010,Friday,Motorist Left Turn / Merge,20,Non-Intersection,September,K: Killed,20:57:00,Motorist Left Turn - Same Direction,2010,Yes,No,Dark - Roadway Not Lighted,Straight - Level,State Secondary Route,Dry,"Two-Way, Not Divided",None,No Special Feature,Coarse Asphalt,2 lanes,"34.6623668208, -79.1196126959"