object_id,city,county,region,development,locality,on_road,rural_urban,speed_limit,traffic_control,weather,workzone,bike_age,bike_age_group,bike_alcohol,bike_alcohol_drugs,bike_direction,bike_injury,bike_position,bike_race,bike_sex,driver_age,driver_age_group,driver_alcohol,driver_alcohol_drugs,driver_est_speed,driver_injury,driver_race,driver_sex,driver_vehicle_type,crash_alcohol,crash_date,crash_day,crash_group,crash_hour,crash_location,crash_month,crash_severity,crash_time,crash_type,crash_year,ambulance_req,hit_run,light_condition,road_character,road_class,road_condition,road_configuration,road_defects,road_feature,road_surface,num_lanes,geo_point
4302,Williamston,Martin,Coastal,Commercial,Mixed (30% To 70% Developed),NA,Urban,40 - 45  MPH,No Control Present,Clear,No,NA,NA,Yes,NA,With Traffic,B: Evident Injury,Travel Lane,Hispanic,Male,40,40-49,No,NA,51-55 mph,O: No Injury,White,Male,Truck/Trailer,Yes,31AUG2010,Tuesday,Motorist Overtaking Bicyclist,22,Non-Intersection,August,B: Evident Injury,22:36:00,Motorist Overtaking - Other / Unknown,2010,Yes,No,Dark - Lighted Roadway,Straight - Level,US Route,Dry,"Two-Way, Divided, Positive Median Barrier",None,No Special Feature,Smooth Asphalt,4 lanes,"35.8521471504, -77.0466621283"
4327,Wilmington,New Hanover,Coastal,Commercial,Urban (>70% Developed),NA,Urban,30 - 35  MPH,No Control Present,Clear,No,37,30-39,No,NA,Facing Traffic,C: Possible Injury,Travel Lane,White,Male,43,40-49,No,NA,0-5 mph,O: No Injury,White,Female,Passenger Car,No,30AUG2010,Monday,Motorist Failed to Yield - Midblock,18,Non-Intersection,August,C: Possible Injury,18:03:00,Motorist Drive Out - Midblock - Unknown,2010,No,No,Daylight,Straight - Level,Public Vehicular Area,Dry,"Two-Way, Not Divided",None,No Special Feature,Smooth Asphalt,4 lanes,"34.2390927685, -77.9110283115"
4328,Raleigh,Wake,Piedmont,Commercial,Urban (>70% Developed),NA,Urban,30 - 35  MPH,"Double Yellow Line, No Passing Zone",Clear,No,24,20-24,No,NA,With Traffic,O: No Injury,Travel Lane,White,Male,49,40-49,No,NA,6-10 mph,O: No Injury,White,Male,NA,No,07AUG2010,Saturday,Motorist Overtaking Bicyclist,0,Non-Intersection,August,O: No Injury,00:21:00,Motorist Overtaking - Other / Unknown,2010,No,Yes,Dark - Lighted Roadway,Straight - Level,Local Street,Dry,"Two-Way, Not Divided",None,No Special Feature,Smooth Asphalt,2 lanes,"35.7813600798, -78.6475126112"
4333,Southern Pines,Moore,Piedmont,Commercial,Rural (<30% Developed),NA,Urban,NA,No Control Present,Clear,No,19,16-19,No,NA,Not Applicable,O: No Injury,Sidewalk / Crosswalk / Driveway Crossing,White,Male,24,20-24,No,NA,6-10 mph,O: No Injury,White,Female,Passenger Car,No,10SEP2010,Friday,Non-Roadway,7,Non-Roadway,September,O: No Injury,07:26:00,Non-Roadway,2010,No,No,Daylight,Straight - Bottom,Public Vehicular Area,Dry,"Two-Way, Not Divided",None,Bridge,Smooth Asphalt,NA,"35.1760929231, -79.388842804"
4338,None - Rural Crash,Camden,Coastal,"Farms, Woods, Pastures",Rural (<30% Developed),NA,Rural,50 - 55  MPH,No Control Present,Clear,No,12,11-15,No,NA,With Traffic,C: Possible Injury,Travel Lane,Black,Male,58,50-59,No,NA,31-35 mph,O: No Injury,Black,Female,Sport Utility,No,11SEP2010,Saturday,Loss of Control / Turning Error,18,Non-Intersection,September,C: Possible Injury,18:10:00,Bicyclist Lost Control - Other / Unknown,2010,Yes,No,Daylight,Straight - Level,State Secondary Route,Dry,"Two-Way, Not Divided",None,No Special Feature,Smooth Asphalt,2 lanes,"36.3386722859, -76.1307468716"
4343,Lumberton,Robeson,Coastal,Commercial,Urban (>70% Developed),NA,Urban,30 - 35  MPH,Other,Clear,No,52,50-59,No,NA,With Traffic,B: Evident Injury,Travel Lane,Native American,Male,68,60-69,No,NA,0-5 mph,O: No Injury,White,Male,Pickup,No,20SEP2010,Monday,Motorist Failed to Yield - Sign-Controlled Intersection,19,Intersection,September,B: Evident Injury,19:54:00,Motorist Drive Out - Sign-Controlled Intersection,2010,Yes,No,Dark - Lighted Roadway,Straight - Level,Local Street,Dry,"One-Way, Not Divided",None,Four-Way Intersection,Coarse Asphalt,6 lanes,"34.6239998162, -79.0085126614"
4347,Charlotte,Mecklenburg,Piedmont,Commercial,Urban (>70% Developed),NA,Urban,30 - 35  MPH,Stop And Go Signal,Clear,No,40,40-49,No,NA,With Traffic,O: No Injury,Travel Lane,Unknown/Missing,NA,27,25-29,No,NA,16-20 mph,O: No Injury,Black,Male,Sport Utility,No,07SEP2010,Tuesday,Motorist Left Turn / Merge,22,Intersection,September,O: No Injury,22:54:00,Motorist Left Turn - Opposite Direction,2010,Yes,No,Dark - Lighted Roadway,Straight - Level,Local Street,Dry,"Two-Way, Divided, Unprotected Median",None,Four-Way Intersection,Smooth Asphalt,4 lanes,"35.1887468732, -80.8754932498"
4348,Charlotte,Mecklenburg,Piedmont,Residential,Urban (>70% Developed),NA,Urban,30 - 35  MPH,No Control Present,Cloudy,No,17,16-19,No,NA,With Traffic,C: Possible Injury,Travel Lane,Black,Male,NA,NA,Missing,NA,31-35 mph,Unknown Injury,Unknown/Missing,NA,NA,No,11SEP2010,Saturday,Motorist Overtaking Bicyclist,16,Non-Intersection,September,C: Possible Injury,16:42:00,Motorist Overtaking - Other / Unknown,2010,No,Yes,Daylight,Straight - Level,Local Street,Dry,"Two-Way, Not Divided",None,No Special Feature,Smooth Asphalt,2 lanes,"35.2041118757, -80.8923632553"
4349,Charlotte,Mecklenburg,Piedmont,Residential,Urban (>70% Developed),NA,Urban,20 - 25  MPH,Stop Sign,Cloudy,No,8,6-10,No,NA,NA,C: Possible Injury,Travel Lane,Black,Female,66,60-69,No,NA,31-35 mph,O: No Injury,Black,Male,Passenger Car,No,11SEP2010,Saturday,Bicyclist Failed to Yield - Sign-Controlled Intersection,12,Intersection,September,C: Possible Injury,12:38:00,Bicyclist Ride Through - Sign-Controlled Intersection,2010,No,No,Daylight,Straight - Grade,Local Street,Dry,"Two-Way, Not Divided",None,No Special Feature,Smooth Asphalt,2 lanes,"35.280646895, -80.8179232373"
4355,Carrboro,Orange,Piedmont,Residential,Urban (>70% Developed),NA,Urban,20 - 25  MPH,No Control Present,Clear,No,23,20-24,No,NA,With Traffic,C: Possible Injury,Travel Lane,White,Male,NA,NA,No,NA,21-25 mph,Unknown Injury,Unknown/Missing,NA,NA,No,18SEP2010,Saturday,Motorist Overtaking Bicyclist,11,Non-Intersection,September,C: Possible Injury,11:35:00,Motorist Overtaking - Misjudged Space,2010,No,Yes,Daylight,Straight - Hillcrest,Local Street,Dry,"Two-Way, Not Divided",None,No Special Feature,Coarse Asphalt,2 lanes,"35.9034990904, -79.072432747"
4360,Charlotte,Mecklenburg,Piedmont,Residential,Urban (>70% Developed),NA,Urban,30 - 35  MPH,Stop Sign,Clear,No,13,11-15,No,NA,Facing Traffic,C: Possible Injury,NA,Black,Male,45,40-49,No,NA,0-5 mph,O: No Injury,White,Female,Passenger Car,No,13SEP2010,Monday,Motorist Failed to Yield - Sign-Controlled Intersection,17,Intersection,September,C: Possible Injury,17:40:00,Motorist Drive Out - Sign-Controlled Intersection,2010,No,No,Daylight,Straight - Grade,Local Street,Dry,"Two-Way, Not Divided",None,No Special Feature,Smooth Asphalt,5 lanes,"35.130976861, -80.8539932403"
4361,Charlotte,Mecklenburg,Piedmont,Residential,Urban (>70% Developed),NA,Urban,30 - 35  MPH,Stop Sign,Clear,No,10,6-10,No,NA,With Traffic,B: Evident Injury,Travel Lane,Black,Male,NA,NA,Missing,NA,21-25 mph,Unknown Injury,Unknown/Missing,NA,NA,No,13SEP2010,Monday,Bicyclist Failed to Yield - Sign-Controlled Intersection,19,Intersection,September,B: Evident Injury,19:58:00,Bicyclist Ride Out - Sign-Controlled Intersection,2010,No,Yes,Dark - Lighted Roadway,Straight - Level,Local Street,Dry,"Two-Way, Not Divided",None,No Special Feature,Smooth Asphalt,2 lanes,"35.2162928776, -80.909403261"
4362,Raleigh,Wake,Piedmont,Commercial,Urban (>70% Developed),NA,Urban,40 - 45  MPH,Stop And Go Signal,Clear,No,50,50-59,No,NA,Facing Traffic,B: Evident Injury,Sidewalk / Crosswalk / Driveway Crossing,Black,Male,38,30-39,No,NA,0-5 mph,O: No Injury,Black,Female,Passenger Car,No,31AUG2010,Tuesday,Motorist Failed to Yield - Signalized Intersection,23,Intersection,August,B: Evident Injury,23:36:00,Motorist Drive Out - Signalized Intersection,2010,Yes,No,Dark - Lighted Roadway,Straight - Level,Local Street,Dry,"Two-Way, Divided, Positive Median Barrier",None,On or Off Ramp,Smooth Asphalt,3 lanes,"35.7537950735, -78.6492186108"
4364,Greensboro,Guilford,Piedmont,Residential,Urban (>70% Developed),NA,Urban,30 - 35  MPH,Stop Sign,Clear,No,25,25-29,No,NA,With Traffic,C: Possible Injury,Travel Lane,White,Male,17,0-19,No,NA,6-10 mph,O: No Injury,White,Male,Passenger Car,No,18SEP2010,Saturday,Motorist Left Turn / Merge,20,Intersection,September,C: Possible Injury,20:50:00,Motorist Left Turn - Opposite Direction,2010,Yes,No,Dark - Lighted Roadway,Straight - Grade,Local Street,Dry,"Two-Way, Not Divided",None,Four-Way Intersection,Coarse Asphalt,2 lanes,"36.0657270979, -79.8319429844"
4372,Sunset Beach,Brunswick,Coastal,Residential,Urban (>70% Developed),NA,Rural,30 - 35  MPH,No Control Present,Clear,No,48,40-49,Yes,NA,Not Applicable,O: No Injury,Non-Roadway,White,Male,38,30-39,No,NA,0-5 mph,B: Evident Injury,White,Female,Sport Utility,Yes,14SEP2010,Tuesday,Bicyclist Failed to Yield - Midblock,8,Non-Intersection,September,B: Evident Injury,08:28:00,Bicyclist Ride Out - Other Midblock,2010,Yes,No,Daylight,Straight - Level,Local Street,Dry,"Two-Way, Not Divided",None,No Special Feature,Coarse Asphalt,2 lanes,"33.8699666665, -78.501238472"
4373,Charlotte,Mecklenburg,Piedmont,Residential,Mixed (30% To 70% Developed),NA,Urban,40 - 45  MPH,No Control Present,Clear,No,48,40-49,No,NA,With Traffic,B: Evident Injury,Travel Lane,White,Male,36,30-39,No,NA,36-40 mph,O: No Injury,Hispanic,Male,Pickup,No,19SEP2010,Sunday,Motorist Overtaking Bicyclist,7,Non-Intersection,September,B: Evident Injury,07:45:00,Motorist Overtaking - Undetected Bicyclist,2010,No,No,Daylight,Straight - Hillcrest,Local Street,Dry,"Two-Way, Not Divided","Traffic Control Device Inoperative, Not Visible Or Missing",No Special Feature,Smooth Asphalt,2 lanes,"35.2462368934, -80.6590031881"
4375,Mooresville,Iredell,Piedmont,Commercial,Urban (>70% Developed),NA,Urban,40 - 45  MPH,No Control Present,Clear,No,22,20-24,No,NA,Facing Traffic,C: Possible Injury,Travel Lane,White,Male,60,60-69,No,NA,0-5 mph,O: No Injury,Hispanic,Male,Sport Utility,No,15SEP2010,Wednesday,Motorist Failed to Yield - Midblock,15,Non-Intersection,September,C: Possible Injury,15:46:00,Motorist Drive Out - Other Midblock,2010,Yes,No,Daylight,Straight - Level,NC Route,Dry,"Two-Way, Not Divided",None,"Driveway, Public",Smooth Asphalt,5 lanes,"35.5899769593, -80.842593262"
4377,Charlotte,Mecklenburg,Piedmont,Residential,Urban (>70% Developed),NA,Urban,30 - 35  MPH,Stop And Go Signal,Clear,No,21,20-24,No,NA,Facing Traffic,B: Evident Injury,Bike Lane / Paved Shoulder,Black,Male,23,20-24,No,NA,26-30 mph,O: No Injury,Black,Female,Passenger Car,No,18SEP2010,Saturday,Crossing Paths - Other Circumstances,5,Intersection,September,B: Evident Injury,05:45:00,Signalized Intersection - Other / Unknown,2010,Yes,No,Dark - Roadway Not Lighted,Straight - Level,Local Street,Dry,"One-Way, Not Divided",None,No Special Feature,Smooth Asphalt,3 lanes,"35.2290718834, -80.8313782387"
4379,Greensboro,Guilford,Piedmont,Industrial,Urban (>70% Developed),NA,Urban,40 - 45  MPH,No Control Present,Cloudy,No,58,50-59,No,NA,With Traffic,B: Evident Injury,Travel Lane,White,Male,29,25-29,No,NA,36-40 mph,O: No Injury,White,Male,Pickup,No,22SEP2010,Wednesday,Motorist Overtaking Bicyclist,5,Non-Intersection,September,B: Evident Injury,05:20:00,Motorist Overtaking - Other / Unknown,2010,Yes,No,Dark - Lighted Roadway,Straight - Level,Local Street,Dry,"Two-Way, Not Divided",None,No Special Feature,Smooth Asphalt,5 lanes,"36.0789750968, -79.9263870137"
4387,Chapel Hill,Orange,Piedmont,Commercial,Urban (>70% Developed),NA,Urban,40 - 45  MPH,Stop And Go Signal,Clear,No,54,50-59,No,NA,With Traffic,B: Evident Injury,Travel Lane,White,Male,55,50-59,No,NA,16-20 mph,O: No Injury,White,Male,Passenger Car,No,22SEP2010,Wednesday,Motorist Overtaking Bicyclist,5,Intersection,September,B: Evident Injury,05:44:00,Motorist Overtaking - Other / Unknown,2010,Yes,No,Dark - Roadway Not Lighted,Straight - Hillcrest,Local Street,Dry,"Two-Way, Divided, Unprotected Median",None,T-Intersection,Coarse Asphalt,5 lanes,"35.9697141049, -79.0750327509"
4390,Burlington,Alamance,Piedmont,Commercial,Urban (>70% Developed),NA,Urban,40 - 45  MPH,No Control Present,Clear,No,45,40-49,No,NA,With Traffic,C: Possible Injury,Travel Lane,Black,Male,42,40-49,No,NA,41-45 mph,O: No Injury,White,Male,Passenger Car,No,28SEP2010,Tuesday,Crossing Paths - Other Circumstances,17,Intersection-Related,September,C: Possible Injury,17:24:00,Crossing Paths - Intersection - Other / Unknown,2010,No,No,Daylight,Straight - Level,Local Street,Dry,"Two-Way, Not Divided",None,No Special Feature,Grooved Concrete,5 lanes,"36.0676371128, -79.4261428622"
4392,None - Rural Crash,Hoke,Coastal,"Farms, Woods, Pastures",Rural (<30% Developed),NA,Rural,50 - 55  MPH,No Control Present,Clear,No,59,50-59,No,NA,With Traffic,C: Possible Injury,Travel Lane,Black,Male,NA,NA,No,NA,51-55 mph,Unknown Injury,Unknown/Missing,NA,Passenger Car,No,01OCT2010,Friday,Motorist Overtaking Bicyclist,11,Non-Intersection,October,C: Possible Injury,11:30:00,Motorist Overtaking - Other / Unknown,2010,Yes,Yes,Daylight,Straight - Level,US Route,Dry,"Two-Way, Divided, Unprotected Median",None,No Special Feature,Smooth Asphalt,4 lanes,"34.9998998915, -79.2119727407"
4393,Cary,Wake,Piedmont,Commercial,Urban (>70% Developed),NA,Urban,30 - 35  MPH,Stop And Go Signal,Cloudy,No,20,20-24,No,NA,With Traffic,C: Possible Injury,Sidewalk / Crosswalk / Driveway Crossing,Black,Male,52,50-59,No,NA,0-5 mph,O: No Injury,White,Male,Sport Utility,No,01OCT2010,Friday,Crossing Paths - Other Circumstances,12,Intersection,October,C: Possible Injury,12:13:00,Signalized Intersection - Other / Unknown,2010,Yes,No,Daylight,Straight - Level,State Secondary Route,Dry,"Two-Way, Not Divided",None,Four-Way Intersection,Smooth Asphalt,5 lanes,"35.767433072, -78.7826026519"
4395,Pineville,Mecklenburg,Piedmont,Commercial,Urban (>70% Developed),NA,Rural,30 - 35  MPH,Stop Sign,Clear,No,28,25-29,No,NA,Facing Traffic,C: Possible Injury,Sidewalk / Crosswalk / Driveway Crossing,Black,Male,20,20-24,No,NA,NA,O: No Injury,White,Male,Pickup,No,06AUG2010,Friday,Motorist Failed to Yield - Sign-Controlled Intersection,11,Intersection,August,C: Possible Injury,11:10:00,Motorist Drive Through - Sign-Controlled Intersection,2010,Yes,No,Daylight,Straight - Grade,Local Street,Dry,"Two-Way, Not Divided",None,T-Intersection,Smooth Asphalt,2 lanes,"35.0900948518, -80.8857682474"
4407,Charlotte,Mecklenburg,Piedmont,Commercial,Mixed (30% To 70% Developed),NA,Urban,40 - 45  MPH,Stop And Go Signal,Clear,No,38,30-39,No,NA,With Traffic,B: Evident Injury,Travel Lane,White,Male,53,50-59,No,NA,11-15 mph,O: No Injury,White,Male,Passenger Car,No,02OCT2010,Saturday,Motorist Left Turn / Merge,10,Intersection,October,B: Evident Injury,10:45:00,Motorist Left Turn - Opposite Direction,2010,No,No,Daylight,Straight - Level,NC Route,Dry,"Two-Way, Divided, Positive Median Barrier",None,No Special Feature,Smooth Asphalt,4 lanes,"35.0664398476, -80.8449932334"
4414,None - Rural Crash,Gaston,Piedmont,Residential,Urban (>70% Developed),NA,Rural,5 - 15 MPH,No Control Present,Clear,No,7,6-10,No,NA,Not Applicable,B: Evident Injury,Non-Roadway,White,Male,45,40-49,No,NA,0-5 mph,O: No Injury,White,Male,Van,No,09OCT2010,Saturday,Non-Roadway,19,Non-Roadway,October,B: Evident Injury,19:13:00,Non-Roadway,2010,Yes,No,Dusk,Straight - Level,Public Vehicular Area,Dry,"Two-Way, Not Divided",None,"Driveway, Public",Gravel,NA,"35.3134148893, -81.1510883382"
4416,Raleigh,Wake,Piedmont,Residential,Urban (>70% Developed),NA,Urban,30 - 35  MPH,Stop Sign,Clear,No,48,40-49,No,NA,Facing Traffic,B: Evident Injury,Sidewalk / Crosswalk / Driveway Crossing,White,Male,17,0-19,No,NA,0-5 mph,O: No Injury,Black,Male,Passenger Car,No,02SEP2010,Thursday,Motorist Failed to Yield - Sign-Controlled Intersection,18,Intersection,September,B: Evident Injury,18:20:00,Motorist Drive Out - Sign-Controlled Intersection,2010,No,No,Daylight,Straight - Level,Local Street,Dry,"Two-Way, Not Divided",None,T-Intersection,Smooth Asphalt,2 lanes,"35.8943591046, -78.6354166143"
4423,Winston-Salem,Forsyth,Piedmont,Institutional,Urban (>70% Developed),NA,Urban,30 - 35  MPH,Stop And Go Signal,Clear,No,49,40-49,No,NA,NA,B: Evident Injury,Sidewalk / Crosswalk / Driveway Crossing,Black,Male,19,0-19,No,NA,6-10 mph,O: No Injury,Black,Female,Passenger Car,No,05OCT2010,Tuesday,Motorist Left Turn / Merge,17,Intersection,October,B: Evident Injury,17:57:00,Motorist Left Turn - Opposite Direction,2010,Yes,No,Daylight,NA,Local Street,NA,"Two-Way, Divided, Unprotected Median",None,Related To Intersection,Smooth Asphalt,2 lanes,"36.090480088, -80.2281131061"
4424,None - Rural Crash,Pamlico,Coastal,"Farms, Woods, Pastures",Rural (<30% Developed),NA,Rural,50 - 55  MPH,Stop Sign,Clear,No,16,16-19,No,NA,Not Applicable,B: Evident Injury,Travel Lane,White,Male,58,50-59,No,NA,51-55 mph,B: Evident Injury,White,Male,Motorcycle,No,09OCT2010,Saturday,Crossing Paths - Other Circumstances,21,Intersection,October,B: Evident Injury,21:57:00,Crossing Paths - Intersection - Other / Unknown,2010,Yes,No,Dark - Roadway Not Lighted,Straight - Level,NC Route,Dry,"Two-Way, Divided, Unprotected Median",None,T-Intersection,Smooth Asphalt,5 lanes,"35.1354589988, -76.8967380469"
4430,Charlotte,Mecklenburg,Piedmont,Residential,Urban (>70% Developed),NA,Urban,30 - 35  MPH,No Control Present,Clear,No,31,30-39,No,NA,With Traffic,B: Evident Injury,Travel Lane,White,Male,47,40-49,No,NA,31-35 mph,O: No Injury,Black,Female,School Bus,No,04OCT2010,Monday,Motorist Right Turn / Merge,16,Non-Intersection,October,B: Evident Injury,16:46:00,Motorist Right Turn - Same Direction,2010,No,No,Daylight,Straight - Level,Local Street,Dry,"Two-Way, Divided, Positive Median Barrier",None,No Special Feature,Coarse Asphalt,2 lanes,"35.2312198847, -80.8080632316"
4436,Asheboro,Randolph,Piedmont,Commercial,Urban (>70% Developed),NA,Urban,30 - 35  MPH,No Control Present,Clear,No,13,11-15,No,NA,Not Applicable,C: Possible Injury,Driveway / Alley,Hispanic,Male,39,30-39,No,NA,31-35 mph,O: No Injury,White,Female,Passenger Car,No,05OCT2010,Tuesday,Bicyclist Failed to Yield - Midblock,17,Non-Intersection,October,C: Possible Injury,17:49:00,Bicyclist Ride Out - Residential Driveway,2010,Yes,No,Daylight,Straight - Level,State Secondary Route,Dry,"Two-Way, Not Divided",None,No Special Feature,Coarse Asphalt,2 lanes,"35.7703770358, -79.8086429611"
4444,None - Rural Crash,Burke,Mountains,Residential,Rural (<30% Developed),NA,Rural,30 - 35  MPH,"Double Yellow Line, No Passing Zone",Clear,No,6,6-10,No,NA,Not Applicable,B: Evident Injury,Non-Roadway,White,Female,50,50-59,No,NA,31-35 mph,O: No Injury,White,Male,Pickup,No,14OCT2010,Thursday,Bicyclist Failed to Yield - Midblock,19,Non-Intersection,October,B: Evident Injury,19:00:00,Bicyclist Ride Out - Commercial Driveway / Alley,2010,Yes,No,Dusk,Straight - Grade,State Secondary Route,Dry,"Two-Way, Not Divided",None,No Special Feature,Smooth Asphalt,2 lanes,"35.6750439442, -81.7340035319"
4445,Greensboro,Guilford,Piedmont,Commercial,Urban (>70% Developed),NA,Urban,30 - 35  MPH,No Control Present,Clear,No,45,40-49,No,NA,With Traffic,C: Possible Injury,Bike Lane / Paved Shoulder,Black,Male,46,40-49,No,NA,0-5 mph,O: No Injury,White,Male,Passenger Car,No,07OCT2010,Thursday,Motorist Right Turn / Merge,11,Non-Intersection,October,C: Possible Injury,11:42:00,Motorist Right Turn - Same Direction,2010,No,No,Daylight,Straight - Level,Local Street,Dry,"Two-Way, Not Divided",None,Alley Intersection,Smooth Asphalt,2 lanes,"36.0638270973, -79.8216229821"
4446,Greensboro,Guilford,Piedmont,Residential,Urban (>70% Developed),NA,Urban,20 - 25  MPH,Stop Sign,Clear,No,47,40-49,Yes,NA,NA,C: Possible Injury,Sidewalk / Crosswalk / Driveway Crossing,Black,Male,70+,70+,No,NA,11-15 mph,O: No Injury,White,Male,Sport Utility,Yes,05OCT2010,Tuesday,Motorist Failed to Yield - Sign-Controlled Intersection,12,Intersection,October,C: Possible Injury,12:38:00,Motorist Drive Out - Sign-Controlled Intersection,2010,Yes,No,Daylight,Straight - Level,Local Street,Dry,"Two-Way, Not Divided",None,Related To Intersection,Smooth Asphalt,2 lanes,"36.082827103, -79.789442973"
2132,None - Rural Crash,Gaston,Piedmont,Residential,Rural (<30% Developed),NA,Rural,40 - 45  MPH,"Double Yellow Line, No Passing Zone",Clear,No,12,11-15,No,NA,With Traffic,B: Evident Injury,Travel Lane,White,Male,30,30-39,No,NA,41-45 mph,O: No Injury,White,Male,Van,No,18JUN2012,Monday,Bicyclist Left Turn / Merge,19,Non-Intersection,June,B: Evident Injury,19:43:00,Bicyclist Left Turn - Same Direction,2012,Yes,No,Dusk,Straight - Level,NC Route,Dry,"Two-Way, Not Divided",None,No Special Feature,Smooth Asphalt,2 lanes,"35.3322968871, -81.3201033901"
2143,Charlotte,Mecklenburg,Piedmont,Commercial,Urban (>70% Developed),NA,Urban,30 - 35  MPH,No Control Present,Clear,No,24,20-24,No,NA,With Traffic,B: Evident Injury,Travel Lane,Black,Male,29,25-29,No,NA,6-10 mph,O: No Injury,Hispanic,Female,Van,No,04MAY2012,Friday,Motorist Left Turn / Merge,16,Non-Intersection,May,B: Evident Injury,16:17:00,Motorist Left Turn - Opposite Direction,2012,Yes,No,Daylight,Straight - Level,Local Street,Dry,"Two-Way, Not Divided",None,No Special Feature,Smooth Asphalt,4 lanes,"35.219466882, -80.8021032293"
2166,Asheboro,Randolph,Piedmont,Commercial,Urban (>70% Developed),NA,Urban,NA,No Control Present,Clear,No,57,50-59,No,NA,Not Applicable,C: Possible Injury,Non-Roadway,White,Male,65,60-69,No,NA,NA,O: No Injury,White,Male,Sport Utility,No,20JUN2012,Wednesday,Non-Roadway,17,Non-Roadway,June,C: Possible Injury,17:24:00,Non-Roadway,2012,No,No,Daylight,Straight - Level,Public Vehicular Area,Dry,"One-Way, Not Divided",None,"Driveway, Public",Smooth Asphalt,NA,"35.7055670213, -79.8155029598"
2195,Wilmington,New Hanover,Coastal,Commercial,Urban (>70% Developed),NA,Urban,5 - 15 MPH,No Control Present,Clear,No,26,25-29,No,NA,Facing Traffic,B: Evident Injury,Sidewalk / Crosswalk / Driveway Crossing,White,Female,42,40-49,No,NA,0-5 mph,O: No Injury,White,Female,Sport Utility,No,29JUN2012,Friday,Motorist Failed to Yield - Midblock,17,Non-Intersection,June,B: Evident Injury,17:26:00,Motorist Drive Out - Commercial Driveway / Alley,2012,Yes,No,Daylight,Straight - Level,Local Street,Dry,"One-Way, Not Divided",None,Related To Intersection,Smooth Asphalt,2 lanes,"34.2312967672, -77.879202301"
2188,None - Rural Crash,Harnett,Coastal,"Farms, Woods, Pastures",Rural (<30% Developed),NA,Rural,50 - 55  MPH,No Control Present,Clear,No,27,25-29,No,NA,Facing Traffic,C: Possible Injury,Bike Lane / Paved Shoulder,Black,Male,24,20-24,No,NA,41-45 mph,O: No Injury,White,Female,Van,No,02JUL2012,Monday,Loss of Control / Turning Error,12,Non-Intersection,July,C: Possible Injury,12:02:00,Motorist Lost Control - Other / Unknown,2012,Yes,No,Daylight,Straight - Level,State Secondary Route,Dry,"Two-Way, Not Divided",None,No Special Feature,Coarse Asphalt,2 lanes,"35.3740369905, -78.6989026058"
2190,Rocky Mount,Edgecombe,Coastal,Residential,Urban (>70% Developed),NA,Urban,30 - 35  MPH,Stop Sign,Clear,No,5,0-5,No,NA,With Traffic,C: Possible Injury,Travel Lane,Black,Female,22,20-24,No,NA,16-20 mph,O: No Injury,Black,Female,Passenger Car,No,17JUN2012,Sunday,Bicyclist Failed to Yield - Sign-Controlled Intersection,18,Intersection-Related,June,C: Possible Injury,18:57:00,Bicyclist Ride Through - Sign-Controlled Intersection,2012,No,No,Daylight,Straight - Level,Local Street,Dry,"Two-Way, Not Divided",None,Four-Way Intersection,Coarse Asphalt,2 lanes,"35.9269271404, -77.7896023587"
2176,Sunset Beach,Brunswick,Coastal,Residential,Mixed (30% To 70% Developed),NA,Rural,40 - 45  MPH,No Control Present,Clear,No,21,20-24,No,NA,With Traffic,O: No Injury,Travel Lane,White,Male,30,30-39,No,NA,41-45 mph,O: No Injury,White,Female,Passenger Car,No,23JUN2012,Saturday,Motorist Overtaking Bicyclist,23,Non-Intersection,June,O: No Injury,23:28:00,Motorist Overtaking - Other / Unknown,2012,No,No,Dark - Roadway Not Lighted,Curve - Grade,Local Street,Dry,"Two-Way, Not Divided",None,No Special Feature,Coarse Asphalt,2 lanes,"33.8919466719, -78.5050024746"
2213,None - Rural Crash,Wilson,Coastal,"Farms, Woods, Pastures",Rural (<30% Developed),NA,Rural,50 - 55  MPH,No Control Present,Cloudy,No,51,50-59,No,NA,With Traffic,B: Evident Injury,Travel Lane,White,Male,64,60-69,No,NA,51-55 mph,O: No Injury,Black,Male,Pickup,No,16JUL2012,Monday,Motorist Overtaking Bicyclist,8,Non-Intersection,July,B: Evident Injury,08:43:00,Motorist Overtaking - Misjudged Space,2012,Yes,No,Daylight,Straight - Level,State Secondary Route,Dry,"Two-Way, Not Divided",None,No Special Feature,Coarse Asphalt,2 lanes,"35.6679270809, -77.9153023828"
2218,None - Rural Crash,Greene,Coastal,Residential,Mixed (30% To 70% Developed),NA,Rural,40 - 45  MPH,No Control Present,Clear,No,20,20-24,No,NA,With Traffic,C: Possible Injury,Travel Lane,Black,Male,28,25-29,No,NA,36-40 mph,O: No Injury,White,Male,Passenger Car,No,17JUL2012,Tuesday,Motorist Overtaking Bicyclist,17,Non-Intersection,July,C: Possible Injury,17:24:00,Motorist Overtaking - Bicyclist Swerved,2012,Yes,No,Daylight,Straight - Level,NC Route,Dry,"Two-Way, Not Divided",None,No Special Feature,Coarse Asphalt,2 lanes,"35.4397470399, -77.6570022934"