object_id,city,county,region,development,locality,on_road,rural_urban,speed_limit,traffic_control,weather,workzone,bike_age,bike_age_group,bike_alcohol,bike_alcohol_drugs,bike_direction,bike_injury,bike_position,bike_race,bike_sex,driver_age,driver_age_group,driver_alcohol,driver_alcohol_drugs,driver_est_speed,driver_injury,driver_race,driver_sex,driver_vehicle_type,crash_alcohol,crash_date,crash_day,crash_group,crash_hour,crash_location,crash_month,crash_severity,crash_time,crash_type,crash_year,ambulance_req,hit_run,light_condition,road_character,road_class,road_condition,road_configuration,road_defects,road_feature,road_surface,num_lanes,geo_point
2205,Indian Trail,Union,Piedmont,Commercial,Urban (>70% Developed),NA,Urban,40 - 45  MPH,Stop And Go Signal,Clear,No,51,50-59,No,NA,With Traffic,C: Possible Injury,Travel Lane,White,Male,60,60-69,No,NA,0-5 mph,O: No Injury,White,Male,Pickup,No,09JUL2012,Monday,Motorist Left Turn / Merge,21,Intersection,July,C: Possible Injury,21:00:00,Motorist Left Turn - Opposite Direction,2012,Yes,No,Dark - Lighted Roadway,Straight - Level,State Secondary Route,Dry,"Two-Way, Not Divided",None,Four-Way Intersection,Smooth Asphalt,2 lanes,"35.0680768539, -80.6788031846"
2220,Durham,Durham,Piedmont,Residential,Urban (>70% Developed),NA,Urban,30 - 35  MPH,Stop Sign,Clear,No,28,25-29,Yes,NA,With Traffic,B: Evident Injury,Travel Lane,Black,Male,37,30-39,No,NA,31-35 mph,O: No Injury,Hispanic,Male,Sport Utility,Yes,15JUL2012,Sunday,Loss of Control / Turning Error,11,Intersection,July,B: Evident Injury,11:48:00,Bicyclist Turning Error - Right Turn,2012,Yes,No,Daylight,Straight - Grade,Local Street,Dry,"Two-Way, Not Divided",None,Four-Way Intersection,Smooth Asphalt,2 lanes,"35.9906571162, -78.8706026901"
2221,Kings Mountain,Cleveland,Mountains,Residential,Urban (>70% Developed),NA,Urban,20 - 25  MPH,Stop Sign,Clear,No,46,40-49,No,NA,With Traffic,B: Evident Injury,Travel Lane,White,Male,70+,70+,No,NA,16-20 mph,O: No Injury,White,Female,Passenger Car,No,10JUN2012,Sunday,Motorist Overtaking Bicyclist,9,Non-Intersection,June,B: Evident Injury,09:24:00,Motorist Overtaking - Other / Unknown,2012,No,No,Daylight,Straight - Grade,Local Street,Dry,"Two-Way, Not Divided",None,Y-Intersection,Smooth Asphalt,2 lanes,"35.2523068694, -81.3347033901"
2193,Goldsboro,Wayne,Coastal,Commercial,Urban (>70% Developed),NA,Urban,30 - 35  MPH,No Control Present,Clear,No,67,60-69,No,NA,With Traffic,B: Evident Injury,Other,Black,Male,26,25-29,No,NA,21-25 mph,O: No Injury,Black,Female,Passenger Car,No,29JUN2012,Friday,Bicyclist Left Turn / Merge,9,Intersection-Related,June,B: Evident Injury,09:28:00,Bicyclist Left Turn - Same Direction,2012,Yes,No,Daylight,Curve - Level,Local Street,Dry,"Two-Way, Not Divided",None,No Special Feature,Coarse Asphalt,5 lanes,"35.3902770193, -77.9461023784"
2231,Gastonia,Gaston,Piedmont,Commercial,Urban (>70% Developed),NA,Urban,NA,Stop Sign,Clear,No,20,20-24,No,NA,Facing Traffic,C: Possible Injury,Sidewalk / Crosswalk / Driveway Crossing,White,Male,NA,NA,Missing,NA,6-10 mph,Unknown Injury,Unknown/Missing,NA,NA,No,10JUL2012,Tuesday,Motorist Failed to Yield - Midblock,14,Non-Intersection,July,C: Possible Injury,14:05:00,Motorist Drive Out - Commercial Driveway / Alley,2012,No,Yes,Daylight,Straight - Grade,Public Vehicular Area,Dry,"Two-Way, Not Divided",None,"Driveway, Public",Concrete,NA,"35.2601268786, -81.1295033294"
2229,Kitty Hawk,Dare,Coastal,Commercial,Urban (>70% Developed),NA,Rural,50 - 55  MPH,No Control Present,Clear,No,29,25-29,No,NA,Facing Traffic,C: Possible Injury,Sidewalk / Crosswalk / Driveway Crossing,Other,Male,21,20-24,No,NA,0-5 mph,O: No Injury,White,Male,Pickup,No,21JUN2012,Thursday,Motorist Failed to Yield - Midblock,11,Non-Intersection,June,C: Possible Injury,11:52:00,Motorist Drive Out - Commercial Driveway / Alley,2012,Yes,No,Daylight,Straight - Level,US Route,Dry,"Two-Way, Divided, Unprotected Median",None,No Special Feature,Smooth Asphalt,5 lanes,"36.0659872409, -75.6933017229"
2241,Wilmington,New Hanover,Coastal,Residential,Urban (>70% Developed),NA,Urban,30 - 35  MPH,Stop Sign,Clear,No,63,60-69,No,NA,With Traffic,B: Evident Injury,Travel Lane,White,Male,49,40-49,No,NA,NA,O: No Injury,Black,Female,Passenger Car,No,08JUL2012,Sunday,Motorist Failed to Yield - Sign-Controlled Intersection,6,Intersection,July,B: Evident Injury,06:24:00,Motorist Drive Out - Sign-Controlled Intersection,2012,Yes,No,Daylight,Straight - Level,Local Street,Dry,"Two-Way, Divided, Unprotected Median",None,Four-Way Intersection,Coarse Asphalt,2 lanes,"34.2433467697, -77.8968023071"
2232,Gastonia,Gaston,Piedmont,Commercial,Urban (>70% Developed),NA,Urban,30 - 35  MPH,Stop And Go Signal,Clear,No,35,30-39,No,NA,With Traffic,C: Possible Injury,Travel Lane,Black,Male,55,50-59,No,NA,6-10 mph,O: No Injury,White,Female,Sport Utility,No,12JUL2012,Thursday,Crossing Paths - Other Circumstances,17,Intersection,July,C: Possible Injury,17:18:00,Signalized Intersection - Other / Unknown,2012,Yes,No,Daylight,Straight - Level,US Route,Dry,"Two-Way, Divided, Unprotected Median",None,Four-Way Intersection,Smooth Asphalt,6 lanes,"35.2605668758, -81.2085033524"
2223,Asheville,Buncombe,Mountains,Commercial,Urban (>70% Developed),NA,Urban,40 - 45  MPH,No Control Present,Clear,No,32,30-39,No,NA,With Traffic,A: Disabling Injury,Travel Lane,Black,Male,18,0-19,No,NA,41-45 mph,O: No Injury,White,Male,Passenger Car,No,28JUN2012,Thursday,Motorist Overtaking Bicyclist,21,Non-Intersection,June,A: Disabling Injury,21:50:00,Motorist Overtaking - Other / Unknown,2012,Yes,No,Dark - Roadway Not Lighted,Straight - Grade,NC Route,Dry,"Two-Way, Not Divided",None,No Special Feature,Smooth Asphalt,NA,"35.4460768654, -82.5329037551"
2236,Greenville,Pitt,Coastal,Commercial,Urban (>70% Developed),NA,Urban,40 - 45  MPH,Stop And Go Signal,Cloudy,No,32,30-39,No,NA,With Traffic,B: Evident Injury,Travel Lane,Black,Male,25,25-29,No,NA,41-45 mph,O: No Injury,Black,Male,Passenger Car,No,23JUL2012,Monday,Crossing Paths - Other Circumstances,22,Intersection,July,B: Evident Injury,22:21:00,Signalized Intersection - Other / Unknown,2012,Yes,No,Dark - Lighted Roadway,Straight - Level,US Route,Wet,"Two-Way, Not Divided",None,No Special Feature,Coarse Asphalt,5 lanes,"35.5858170816, -77.3706022128"
2235,Henderson,Vance,Piedmont,Commercial,Urban (>70% Developed),NA,Urban,30 - 35  MPH,No Control Present,Clear,No,36,30-39,No,NA,Not Applicable,C: Possible Injury,NA,Black,Male,23,20-24,No,NA,26-30 mph,O: No Injury,Black,Male,Passenger Car,No,18JUN2012,Monday,Bicyclist Failed to Yield - Midblock,17,Non-Intersection,June,C: Possible Injury,17:09:00,Bicyclist Ride Out - Other Midblock,2012,No,No,Daylight,Straight - Level,Local Street,Dry,"Two-Way, Not Divided",None,No Special Feature,Coarse Asphalt,4 lanes,"36.3325972062, -78.4022025663"
2738,None - Rural Crash,Duplin,Coastal,"Farms, Woods, Pastures",Rural (<30% Developed),NA,Rural,50 - 55  MPH,No Control Present,Rain,No,21,20-24,No,NA,With Traffic,A: Disabling Injury,Travel Lane,White,Male,NA,NA,Missing,NA,51-55 mph,Unknown Injury,Unknown/Missing,NA,NA,No,17DEC2012,Monday,Motorist Overtaking Bicyclist,19,Non-Intersection,December,A: Disabling Injury,19:05:00,Motorist Overtaking - Other / Unknown,2012,Yes,Yes,Dark - Roadway Not Lighted,Straight - Level,NC Route,Wet,"Two-Way, Divided, Unprotected Median",None,No Special Feature,Coarse Asphalt,4 lanes,"34.9246669239, -77.7785023038"
2736,None - Rural Crash,Richmond,Piedmont,"Farms, Woods, Pastures",Rural (<30% Developed),NA,Rural,50 - 55  MPH,Stop Sign,Clear,No,48,40-49,Yes,NA,With Traffic,A: Disabling Injury,Travel Lane,Black,Male,68,60-69,No,NA,51-55 mph,O: No Injury,White,Male,Sport Utility,Yes,25DEC2012,Tuesday,Bicyclist Failed to Yield - Sign-Controlled Intersection,13,Intersection,December,A: Disabling Injury,13:24:00,Bicyclist Ride Through - Sign-Controlled Intersection,2012,Yes,No,Daylight,Straight - Grade,NC Route,Dry,"Two-Way, Not Divided",None,Four-Way Intersection,Smooth Asphalt,2 lanes,"35.1095768943, -79.7960029223"
2746,Elizabeth City,Pasquotank,Coastal,Residential,Rural (<30% Developed),NA,Urban,40 - 45  MPH,No Control Present,Clear,No,NA,NA,Missing,NA,With Traffic,Unknown Injury,Travel Lane,Unknown/Missing,NA,44,40-49,No,NA,31-35 mph,O: No Injury,White,Male,Pickup,No,10DEC2012,Monday,Motorist Overtaking Bicyclist,17,Non-Intersection,December,O: No Injury,17:24:00,Motorist Overtaking - Other / Unknown,2012,No,No,Dark - Roadway Not Lighted,Straight - Level,State Secondary Route,Dry,"Two-Way, Not Divided",None,No Special Feature,Smooth Asphalt,2 lanes,"36.3709472868, -76.2931019225"
2747,Cary,Wake,Piedmont,Residential,Urban (>70% Developed),NA,Urban,20 - 25  MPH,Stop Sign,Clear,No,70+,70+,No,NA,Facing Traffic,C: Possible Injury,Sidewalk / Crosswalk / Driveway Crossing,White,Male,59,50-59,No,NA,0-5 mph,O: No Injury,White,Male,Passenger Car,No,14DEC2012,Friday,Motorist Failed to Yield - Sign-Controlled Intersection,10,Intersection,December,C: Possible Injury,10:45:00,Motorist Drive Out - Sign-Controlled Intersection,2012,No,No,Daylight,Straight - Level,Local Street,Dry,"Two-Way, Not Divided",None,Four-Way Intersection,Smooth Asphalt,2 lanes,"35.7669670723, -78.774002649"
2727,None - Rural Crash,Wake,Piedmont,"Farms, Woods, Pastures",Rural (<30% Developed),NA,Rural,50 - 55  MPH,No Control Present,Clear,No,30,30-39,No,NA,With Traffic,C: Possible Injury,Travel Lane,White,Male,39,30-39,No,NA,41-45 mph,O: No Injury,White,Male,Pickup,No,19DEC2012,Wednesday,Motorist Overtaking Bicyclist,18,Non-Intersection,December,C: Possible Injury,18:07:00,Motorist Overtaking - Other / Unknown,2012,Yes,No,Dark - Roadway Not Lighted,Straight - Level,NC Route,Dry,"Two-Way, Not Divided",None,No Special Feature,Coarse Asphalt,2 lanes,"35.5936670371, -78.717602623"
2731,Charlotte,Mecklenburg,Piedmont,Residential,Urban (>70% Developed),NA,Urban,20 - 25  MPH,No Control Present,Rain,No,49,40-49,No,NA,With Traffic,C: Possible Injury,Travel Lane,Black,Male,57,50-59,No,NA,NA,O: No Injury,Black,Male,Passenger Car,No,16DEC2012,Sunday,Bicyclist Overtaking Motorist,17,Non-Intersection,December,C: Possible Injury,17:27:00,Bicyclist Overtaking - Other / Unknown,2012,No,No,Dark - Lighted Roadway,Straight - Level,Local Street,Wet,"Two-Way, Not Divided",None,No Special Feature,Smooth Asphalt,2 lanes,"35.199796878, -80.804903229"
2726,Asheville,Buncombe,Mountains,Commercial,Urban (>70% Developed),NA,Urban,30 - 35  MPH,Stop And Go Signal,Clear,No,70+,70+,No,NA,With Traffic,C: Possible Injury,Travel Lane,White,Male,46,40-49,No,NA,16-20 mph,O: No Injury,Hispanic,Female,Passenger Car,No,29NOV2012,Thursday,Motorist Left Turn / Merge,12,Intersection,November,C: Possible Injury,12:54:00,Motorist Left Turn - Opposite Direction,2012,No,No,Daylight,Straight - Grade,Local Street,Dry,"Two-Way, Not Divided",None,T-Intersection,Coarse Asphalt,4 lanes,"35.5865268937, -82.5518037693"
2763,Thomasville,Davidson,Piedmont,Residential,Mixed (30% To 70% Developed),NA,Urban,30 - 35  MPH,No Control Present,Cloudy,No,11,11-15,No,NA,With Traffic,A: Disabling Injury,Travel Lane,Hispanic,Male,57,50-59,No,NA,21-25 mph,O: No Injury,White,Female,Passenger Car,No,11JUL2012,Wednesday,Head-On,20,Non-Intersection,July,A: Disabling Injury,20:32:00,Head-On - Bicyclist,2012,Yes,No,Dark - Lighted Roadway,Straight - Level,Local Street,Dry,"Two-Way, Not Divided",None,No Special Feature,Coarse Asphalt,2 lanes,"35.8897170524, -80.055303042"
2743,Goldsboro,Wayne,Coastal,Commercial,Urban (>70% Developed),NA,Urban,30 - 35  MPH,No Control Present,Cloudy,No,48,40-49,Yes,NA,With Traffic,K: Killed,Travel Lane,Black,Male,48,40-49,No,NA,26-30 mph,O: No Injury,White,Male,Pickup,Yes,20DEC2012,Thursday,Bicyclist Left Turn / Merge,17,Non-Intersection,December,K: Killed,17:51:00,Bicyclist Left Turn - Opposite Direction,2012,Yes,No,Dusk,Straight - Level,Local Street,Dry,"Two-Way, Not Divided",None,No Special Feature,Smooth Asphalt,5 lanes,"35.3877770182, -77.9805023888"
2766,Burlington,Alamance,Piedmont,Residential,Urban (>70% Developed),NA,Urban,30 - 35  MPH,Stop Sign,Clear,No,37,30-39,No,NA,With Traffic,B: Evident Injury,Travel Lane,Black,Female,52,50-59,No,NA,6-10 mph,O: No Injury,White,Female,Pickup,No,21AUG2012,Tuesday,Backing Vehicle,15,Intersection,August,B: Evident Injury,15:51:00,Backing Vehicle,2012,Yes,Yes,Daylight,Straight - Level,Local Street,Dry,"Two-Way, Not Divided",None,T-Intersection,Coarse Asphalt,2 lanes,"36.1077771212, -79.4236028639"
2548,Fayetteville,Cumberland,Coastal,Commercial,Urban (>70% Developed),NA,Urban,30 - 35  MPH,Stop And Go Signal,Clear,No,NA,NA,Missing,NA,Facing Traffic,Unknown Injury,Sidewalk / Crosswalk / Driveway Crossing,Unknown/Missing,NA,45,40-49,No,NA,0-5 mph,O: No Injury,White,Male,Passenger Car,No,06OCT2012,Saturday,Motorist Failed to Yield - Signalized Intersection,18,Intersection,October,O: No Injury,18:53:00,Motorist Drive Out - Right Turn on Red,2012,No,No,Dark - Lighted Roadway,Straight - Grade,Local Street,Dry,"Two-Way, Not Divided",None,Four-Way Intersection,Coarse Asphalt,6 lanes,"35.0881969208, -78.9268026603"
2581,Raleigh,Wake,Piedmont,Commercial,Urban (>70% Developed),NA,Urban,30 - 35  MPH,Stop And Go Signal,Clear,No,27,25-29,No,NA,Facing Traffic,Unknown Injury,Sidewalk / Crosswalk / Driveway Crossing,White,Female,53,50-59,No,NA,6-10 mph,O: No Injury,Black,Male,Passenger Car,No,22OCT2012,Monday,Crossing Paths - Other Circumstances,17,Intersection-Related,October,O: No Injury,17:15:00,Signalized Intersection - Other / Unknown,2012,Yes,No,Daylight,Straight - Level,Local Street,Dry,"Two-Way, Not Divided",None,No Special Feature,Smooth Asphalt,3 lanes,"35.7804970795, -78.6450026107"
2547,Charlotte,Mecklenburg,Piedmont,Residential,Urban (>70% Developed),NA,Urban,20 - 25  MPH,No Control Present,Clear,No,4,0-5,No,NA,Not Applicable,C: Possible Injury,Driveway / Alley,Black,Female,38,30-39,No,NA,0-5 mph,O: No Injury,Black,Female,Passenger Car,No,20OCT2012,Saturday,Bicyclist Failed to Yield - Midblock,18,Non-Intersection,October,C: Possible Injury,18:06:00,Bicyclist Ride Out - Residential Driveway,2012,Yes,No,Daylight,Straight - Level,Local Street,Dry,"Two-Way, Not Divided",None,No Special Feature,Smooth Asphalt,1 lane,"35.1740368755, -80.7132032006"
2640,Greensboro,Guilford,Piedmont,Commercial,Urban (>70% Developed),NA,Urban,20 - 25  MPH,No Control Present,Clear,No,22,20-24,No,NA,Facing Traffic,C: Possible Injury,Travel Lane,White,Female,30,30-39,No,NA,0-5 mph,O: No Injury,White,Male,Passenger Car,No,15NOV2012,Thursday,Crossing Paths - Other Circumstances,13,Intersection,November,C: Possible Injury,13:00:00,Crossing Paths - Intersection - Other / Unknown,2012,Yes,No,Daylight,Straight - Grade,Local Street,Dry,"One-Way, Not Divided",None,T-Intersection,Smooth Asphalt,1 lane,"36.0682870992, -79.8050029765"
2603,Wilmington,New Hanover,Coastal,Industrial,Urban (>70% Developed),NA,Urban,40 - 45  MPH,Stop And Go Signal,Clear,No,28,25-29,No,NA,With Traffic,B: Evident Injury,Travel Lane,White,Male,48,40-49,No,NA,11-15 mph,O: No Injury,White,Female,Van,No,20OCT2012,Saturday,Motorist Failed to Yield - Signalized Intersection,17,Intersection,October,B: Evident Injury,17:49:00,Motorist Drive Out - Right Turn on Red,2012,Yes,No,Dusk,Straight - Level,Local Street,Dry,"Two-Way, Not Divided",None,No Special Feature,Coarse Asphalt,4 lanes,"34.2308467673, -77.8771023005"
2575,None - Rural Crash,Cumberland,Coastal,"Farms, Woods, Pastures",Rural (<30% Developed),NA,Rural,40 - 45  MPH,No Control Present,Clear,No,59,50-59,No,NA,Facing Traffic,A: Disabling Injury,Travel Lane,Black,Male,63,60-69,No,NA,36-40 mph,O: No Injury,Black,Male,Passenger Car,No,26OCT2012,Friday,Head-On,16,Non-Intersection,October,A: Disabling Injury,16:04:00,Head-On - Bicyclist,2012,Yes,No,Daylight,Straight - Level,State Secondary Route,Dry,"Two-Way, Divided, Unprotected Median",None,No Special Feature,Coarse Asphalt,4 lanes,"35.0007369027, -78.9001026475"
2615,Greensboro,Guilford,Piedmont,Residential,Urban (>70% Developed),NA,Urban,20 - 25  MPH,No Control Present,Cloudy,No,13,11-15,No,NA,Facing Traffic,O: No Injury,Travel Lane,White,Male,48,40-49,No,NA,0-5 mph,O: No Injury,White,Male,Sport Utility,No,12NOV2012,Monday,Motorist Failed to Yield - Midblock,16,Non-Intersection,November,O: No Injury,16:42:00,Motorist Drive Out - Other Midblock,2012,Yes,No,Daylight,Straight - Level,Local Street,Wet,"Two-Way, Divided, Positive Median Barrier",Other,Other,Smooth Asphalt,2 lanes,"36.1423871105, -79.9254030178"
2598,Boone,Watauga,Mountains,Residential,Urban (>70% Developed),NA,Urban,NA,"Double Yellow Line, No Passing Zone",Clear,No,28,25-29,No,NA,With Traffic,O: No Injury,Travel Lane,White,Male,19,0-19,No,NA,NA,O: No Injury,White,Female,Passenger Car,No,19OCT2012,Friday,Bicyclist Overtaking Motorist,13,Intersection,October,O: No Injury,13:38:00,Bicyclist Overtaking - Passing on Right,2012,No,No,Daylight,Straight - Level,US Route,Dry,"Two-Way, Not Divided",None,T-Intersection,Smooth Asphalt,2 lanes,"36.218087059, -81.6830035488"
2579,Concord,Cabarrus,Piedmont,Commercial,Urban (>70% Developed),NA,Urban,40 - 45  MPH,Stop Sign,Clear,No,21,20-24,No,NA,Facing Traffic,B: Evident Injury,Travel Lane,White,Male,21,20-24,No,NA,11-15 mph,O: No Injury,White,Male,Sport Utility,No,13OCT2012,Saturday,Head-On,20,Intersection,October,B: Evident Injury,20:47:00,Head-On - Bicyclist,2012,Yes,No,Dark - Lighted Roadway,Straight - Level,US Route,Dry,"Two-Way, Divided, Unprotected Median",None,"Driveway, Public",Coarse Asphalt,4 lanes,"35.3518669143, -80.6889032023"
2552,None - Rural Crash,Wilson,Coastal,Residential,Mixed (30% To 70% Developed),NA,Rural,30 - 35  MPH,No Control Present,Clear,No,59,50-59,No,NA,With Traffic,B: Evident Injury,Travel Lane,Black,Male,44,40-49,No,NA,21-25 mph,O: No Injury,Black,Male,Passenger Car,No,11OCT2012,Thursday,Head-On,17,Intersection,October,B: Evident Injury,17:51:00,Head-On - Unknown,2012,Yes,No,Daylight,Curve - Bottom,Local Street,Dry,"Two-Way, Not Divided",None,No Special Feature,Coarse Asphalt,2 lanes,"35.7161370909, -77.919402387"
2652,None - Rural Crash,Cleveland,Mountains,Residential,Rural (<30% Developed),NA,Rural,40 - 45  MPH,"Double Yellow Line, No Passing Zone",Clear,No,18,16-19,No,NA,With Traffic,C: Possible Injury,Travel Lane,White,Male,50,50-59,No,NA,41-45 mph,O: No Injury,White,Female,Passenger Car,No,25NOV2012,Sunday,Motorist Overtaking Bicyclist,18,Intersection-Related,November,C: Possible Injury,18:06:00,Motorist Overtaking - Undetected Bicyclist,2012,Yes,No,Dark - Roadway Not Lighted,Straight - Level,State Secondary Route,Dry,"Two-Way, Not Divided",None,No Special Feature,Smooth Asphalt,2 lanes,"35.181706846, -81.5533034501"
2645,Cary,Wake,Piedmont,Commercial,Urban (>70% Developed),NA,Urban,NA,Stop Sign,Clear,No,33,30-39,No,NA,Facing Traffic,B: Evident Injury,Sidewalk / Crosswalk / Driveway Crossing,White,Male,40,40-49,No,NA,0-5 mph,O: No Injury,Black,Male,Passenger Car,No,05NOV2012,Monday,Motorist Failed to Yield - Sign-Controlled Intersection,9,Intersection-Related,November,B: Evident Injury,09:30:00,Motorist Drive Out - Sign-Controlled Intersection,2012,Yes,No,Daylight,Curve - Hillcrest,Local Street,Dry,"Two-Way, Divided, Unprotected Median",None,No Special Feature,Smooth Asphalt,5 lanes,"35.7612070719, -78.7440026401"
2684,None - Rural Crash,Orange,Piedmont,"Farms, Woods, Pastures",Rural (<30% Developed),NA,Rural,40 - 45  MPH,Stop Sign,Clear,No,22,20-24,No,NA,With Traffic,B: Evident Injury,Travel Lane,White,Male,40,40-49,No,NA,21-25 mph,O: No Injury,White,Male,Passenger Car,No,03DEC2012,Monday,Motorist Failed to Yield - Sign-Controlled Intersection,16,Intersection,December,B: Evident Injury,16:00:00,Motorist Drive Out - Sign-Controlled Intersection,2012,Yes,No,Daylight,Straight - Grade,State Secondary Route,Dry,"Two-Way, Not Divided",None,T-Intersection,Smooth Asphalt,2 lanes,"36.0328271194, -79.0383027434"
2661,Jonesville,Yadkin,Mountains,Residential,Mixed (30% To 70% Developed),NA,Rural,30 - 35  MPH,No Control Present,Rain,No,17,16-19,No,NA,With Traffic,C: Possible Injury,Travel Lane,White,Male,43,40-49,No,NA,31-35 mph,O: No Injury,White,Female,Sport Utility,No,27NOV2012,Tuesday,Bicyclist Failed to Yield - Sign-Controlled Intersection,11,Intersection,November,C: Possible Injury,11:15:00,Bicyclist Ride Through - Sign-Controlled Intersection,2012,No,No,Daylight,Straight - Grade,Local Street,Wet,"Two-Way, Not Divided",None,T-Intersection,Smooth Asphalt,2 lanes,"36.2398870956, -80.8489033003"
2681,Greensboro,Guilford,Piedmont,Institutional,Urban (>70% Developed),NA,Urban,20 - 25  MPH,No Control Present,Cloudy,No,19,16-19,No,NA,With Traffic,C: Possible Injury,Travel Lane,White,Male,24,20-24,No,NA,21-25 mph,O: No Injury,Other,Female,Passenger Car,No,15NOV2012,Thursday,Motorist Overtaking Bicyclist,11,Non-Intersection,November,C: Possible Injury,11:02:00,Motorist Overtaking - Bicyclist Swerved,2012,No,No,Daylight,Straight - Level,Local Street,Dry,"Two-Way, Divided, Unprotected Median",None,No Special Feature,Smooth Asphalt,3 lanes,"36.0663970983, -79.8063029771"
2685,Waynesville,Haywood,Mountains,Residential,Urban (>70% Developed),NA,Urban,20 - 25  MPH,Stop Sign,Clear,No,12,11-15,No,NA,With Traffic,A: Disabling Injury,Travel Lane,White,Male,59,50-59,No,NA,16-20 mph,O: No Injury,White,Female,Passenger Car,No,09OCT2012,Tuesday,Bicyclist Failed to Yield - Sign-Controlled Intersection,18,Intersection,October,A: Disabling Injury,18:26:00,Bicyclist Ride Through - Sign-Controlled Intersection,2012,No,No,Daylight,Straight - Grade,Local Street,Dry,"Two-Way, Not Divided",None,T-Intersection,Smooth Asphalt,NA,"35.4738568537, -82.9859038906"
2677,None - Rural Crash,Scotland,Coastal,Residential,Urban (>70% Developed),NA,Rural,50 - 55  MPH,No Control Present,Clear,No,50,50-59,Yes,NA,With Traffic,B: Evident Injury,NA,Black,Male,24,20-24,No,NA,51-55 mph,O: No Injury,White,Male,Pickup,Yes,29NOV2012,Thursday,Motorist Overtaking Bicyclist,22,Non-Intersection,November,B: Evident Injury,22:35:00,Motorist Overtaking - Other / Unknown,2012,Yes,No,Dark - Roadway Not Lighted,Straight - Level,State Secondary Route,Dry,"Two-Way, Not Divided",None,No Special Feature,Coarse Asphalt,2 lanes,"34.690476813, -79.529702821"
2682,Pembroke,Robeson,Coastal,Commercial,Urban (>70% Developed),NA,Rural,30 - 35  MPH,No Control Present,Clear,No,46,40-49,No,NA,Facing Traffic,C: Possible Injury,Travel Lane,Native American,Male,39,30-39,No,NA,26-30 mph,O: No Injury,Native American,Female,Passenger Car,No,30NOV2012,Friday,Head-On,14,Intersection,November,C: Possible Injury,14:50:00,Head-On - Bicyclist,2012,No,No,Daylight,Straight - Level,Local Street,Dry,"Two-Way, Divided, Unprotected Median",None,No Special Feature,Smooth Asphalt,2 lanes,"34.6843668235, -79.1885027178"
2667,Bunn,Franklin,Piedmont,Commercial,Rural (<30% Developed),NA,Rural,NA,No Control Present,Clear,No,18,16-19,No,NA,With Traffic,Unknown Injury,Travel Lane,White,Male,46,40-49,No,NA,NA,O: No Injury,Black,Male,Passenger Car,No,21OCT2012,Sunday,Loss of Control / Turning Error,18,Intersection,October,O: No Injury,18:06:00,Bicyclist Lost Control - Other / Unknown,2012,No,No,Daylight,Straight - Level,Local Street,Dry,"Two-Way, Divided, Unprotected Median",None,T-Intersection,Smooth Asphalt,NA,"35.9525971305, -78.2453024984"
2665,Raleigh,Wake,Piedmont,Commercial,Urban (>70% Developed),NA,Urban,5 - 15 MPH,No Control Present,Cloudy,No,20,20-24,No,NA,Not Applicable,C: Possible Injury,Non-Roadway,Black,Male,39,30-39,No,NA,11-15 mph,O: No Injury,Black,Male,Sport Utility,No,23NOV2012,Friday,Non-Roadway,14,Non-Roadway,November,C: Possible Injury,14:44:00,Non-Roadway,2012,Yes,No,Daylight,Straight - Level,Public Vehicular Area,Dry,"Two-Way, Not Divided",None,No Special Feature,Smooth Asphalt,2 lanes,"35.7548270754, -78.6148025997"
2791,Matthews,Mecklenburg,Piedmont,Residential,Urban (>70% Developed),NA,Urban,30 - 35  MPH,Stop And Go Signal,Clear,No,15,11-15,No,NA,With Traffic,B: Evident Injury,Sidewalk / Crosswalk / Driveway Crossing,White,Male,54,50-59,No,NA,31-35 mph,O: No Injury,White,Male,Pickup,No,30JAN2011,Sunday,Bicyclist Failed to Yield - Signalized Intersection,19,Intersection,January,B: Evident Injury,19:58:00,Bicyclist Ride Out - Signalized  Intersection,2011,Yes,No,Dark - Lighted Roadway,Straight - Level,Local Street,Dry,"Two-Way, Not Divided",None,No Special Feature,Smooth Asphalt,3 lanes,"35.108146861, -80.7292032016"
2790,Pineville,Mecklenburg,Piedmont,Commercial,Urban (>70% Developed),NA,Rural,30 - 35  MPH,Stop Sign,Cloudy,No,57,50-59,No,NA,Facing Traffic,B: Evident Injury,Sidewalk / Crosswalk / Driveway Crossing,Hispanic,Male,46,40-49,No,NA,NA,O: No Injury,White,Male,Passenger Car,No,07JAN2011,Friday,Motorist Failed to Yield - Sign-Controlled Intersection,9,Intersection,January,B: Evident Injury,09:58:00,Motorist Drive Out - Sign-Controlled Intersection,2011,Yes,No,Daylight,Straight - Level,Local Street,Dry,"Two-Way, Not Divided",None,T-Intersection,Smooth Asphalt,2 lanes,"35.0955968534, -80.8635032405"
2771,None - Rural Crash,Wake,Piedmont,Residential,Mixed (30% To 70% Developed),NA,Rural,40 - 45  MPH,"Double Yellow Line, No Passing Zone",Clear,No,62,60-69,No,NA,With Traffic,B: Evident Injury,Travel Lane,White,Male,63,60-69,No,NA,26-30 mph,O: No Injury,Black,Female,Sport Utility,No,06JAN2011,Thursday,Motorist Overtaking Bicyclist,16,Non-Intersection,January,B: Evident Injury,16:46:00,Motorist Overtaking - Undetected Bicyclist,2011,Yes,No,Daylight,Straight - Level,State Secondary Route,Dry,"Two-Way, Not Divided",None,No Special Feature,Smooth Asphalt,2 lanes,"35.7721070776, -78.6386026089"