object_id,city,county,region,development,locality,on_road,rural_urban,speed_limit,traffic_control,weather,workzone,bike_age,bike_age_group,bike_alcohol,bike_alcohol_drugs,bike_direction,bike_injury,bike_position,bike_race,bike_sex,driver_age,driver_age_group,driver_alcohol,driver_alcohol_drugs,driver_est_speed,driver_injury,driver_race,driver_sex,driver_vehicle_type,crash_alcohol,crash_date,crash_day,crash_group,crash_hour,crash_location,crash_month,crash_severity,crash_time,crash_type,crash_year,ambulance_req,hit_run,light_condition,road_character,road_class,road_condition,road_configuration,road_defects,road_feature,road_surface,num_lanes,geo_point
2781,Greensboro,Guilford,Piedmont,Commercial,Urban (>70% Developed),NA,Urban,20 - 25  MPH,Stop Sign,Cloudy,No,34,30-39,No,NA,With Traffic,B: Evident Injury,Travel Lane,White,Male,45,40-49,No,NA,6-10 mph,B: Evident Injury,White,Male,Passenger Car,No,18JAN2011,Tuesday,Motorist Failed to Yield - Sign-Controlled Intersection,13,Intersection,January,B: Evident Injury,13:19:00,Motorist Drive Out - Sign-Controlled Intersection,2011,No,No,Daylight,Straight - Grade,Local Street,Dry,"Two-Way, Not Divided",None,T-Intersection,Smooth Asphalt,3 lanes,"36.0681970999, -79.7901029725"
2782,Smithfield,Johnston,Coastal,Commercial,Urban (>70% Developed),NA,Urban,30 - 35  MPH,Stop And Go Signal,Clear,No,54,50-59,No,NA,With Traffic,O: No Injury,Travel Lane,White,Male,45,40-49,No,NA,6-10 mph,O: No Injury,Black,Female,Sport Utility,No,19JAN2011,Wednesday,Motorist Right Turn / Merge,12,Non-Intersection,January,O: No Injury,12:11:00,Motorist Right Turn - Same Direction,2011,No,No,Daylight,Straight - Level,US Route,Dry,"Two-Way, Not Divided",None,"Driveway, Public",Smooth Asphalt,5 lanes,"35.5200270351, -78.3103024952"
2792,Chapel Hill,Orange,Piedmont,Commercial,Urban (>70% Developed),NA,Urban,20 - 25  MPH,Stop And Go Signal,Clear,No,48,40-49,No,NA,With Traffic,Unknown Injury,Travel Lane,White,Male,28,25-29,No,NA,0-5 mph,O: No Injury,White,Male,Van,No,02FEB2011,Wednesday,Motorist Right Turn / Merge,17,Intersection,February,O: No Injury,17:22:00,Motorist Right Turn - Same Direction,2011,Yes,No,Daylight,Straight - Level,Local Street,Dry,"Two-Way, Not Divided",None,Four-Way Intersection,Smooth Asphalt,2 lanes,"35.9131870936, -79.0588027428"
7010,Charlotte,Mecklenburg,Piedmont,Commercial,Urban (>70% Developed),NA,Urban,30 - 35  MPH,No Control Present,Clear,No,34,30-39,No,NA,With Traffic,B: Evident Injury,Bike Lane / Paved Shoulder,White,Male,45,40-49,No,NA,31-35 mph,O: No Injury,White,Female,Sport Utility,No,21OCT2007,Sunday,Motorist Right Turn / Merge,16,Intersection,October,B: Evident Injury,16:02:00,Motorist Right Turn - Same Direction,2007,Yes,No,Daylight,Straight - Level,Local Street,Dry,"Two-Way, Divided, Unprotected Median",None,No Special Feature,Smooth Asphalt,4 lanes,"35.1997408768, -80.8417332396"
7013,Beaufort,Carteret,Coastal,Commercial,Urban (>70% Developed),NA,Rural,30 - 35  MPH,No Control Present,Clear,No,39,30-39,No,NA,With Traffic,C: Possible Injury,Bike Lane / Paved Shoulder,White,Male,31,30-39,No,NA,26-30 mph,O: No Injury,White,Female,Sport Utility,No,19OCT2007,Friday,Motorist Overtaking Bicyclist,12,Intersection,October,C: Possible Injury,12:40:00,Motorist Overtaking - Other / Unknown,2007,Yes,No,Daylight,Straight - Level,Local Street,Dry,"Two-Way, Divided, Unprotected Median",None,No Special Feature,Smooth Asphalt,3 lanes,"34.7316739182, -76.6381319484"
7020,None - Rural Crash,Craven,Coastal,"Farms, Woods, Pastures",Rural (<30% Developed),NA,Rural,40 - 45  MPH,No Control Present,Clear,No,8,6-10,No,NA,Not Applicable,C: Possible Injury,Driveway / Alley,Hispanic,Male,32,30-39,No,NA,41-45 mph,O: No Injury,White,Female,Van,No,19JUL2007,Thursday,Bicyclist Failed to Yield - Midblock,13,Non-Intersection,July,C: Possible Injury,13:51:00,Bicyclist Ride Out - Residential Driveway,2007,Yes,No,Daylight,Straight - Level,State Secondary Route,Dry,"Two-Way, Not Divided",None,"Driveway, Private",Coarse Asphalt,2 lanes,"35.163247, -77.0585820971"
7022,Fayetteville,Cumberland,Coastal,Commercial,Urban (>70% Developed),NA,Urban,40 - 45  MPH,No Control Present,Cloudy,No,9,6-10,No,NA,Not Applicable,C: Possible Injury,Driveway / Alley,Black,Female,40,40-49,No,NA,16-20 mph,O: No Injury,Black,Female,Sport Utility,No,20JUL2007,Friday,Bicyclist Failed to Yield - Midblock,16,Non-Intersection,July,C: Possible Injury,16:49:00,Bicyclist Ride Out - Commercial Driveway / Alley,2007,Yes,No,Daylight,Straight - Level,Local Street,Dry,"Two-Way, Not Divided",None,No Special Feature,Smooth Asphalt,4 lanes,"35.0654329125, -79.0136226852"
7023,None - Rural Crash,Guilford,Piedmont,Residential,Mixed (30% To 70% Developed),NA,Rural,50 - 55  MPH,Stop Sign,Clear,No,14,11-15,No,NA,Facing Traffic,B: Evident Injury,Travel Lane,Black,Male,53,50-59,No,NA,0-5 mph,O: No Injury,White,Male,Pickup,No,20JUL2007,Friday,Motorist Failed to Yield - Sign-Controlled Intersection,15,Intersection,July,B: Evident Injury,15:14:00,Motorist Drive Out - Sign-Controlled Intersection,2007,No,No,Daylight,Straight - Grade,State Secondary Route,Dry,"Two-Way, Not Divided",None,T-Intersection,Smooth Asphalt,4 lanes,"36.1520151194, -79.7221479566"
7025,Charlotte,Mecklenburg,Piedmont,Residential,Urban (>70% Developed),NA,Urban,30 - 35  MPH,Stop Sign,Rain,No,41,40-49,No,NA,Facing Traffic,O: No Injury,Sidewalk / Crosswalk / Driveway Crossing,White,Male,37,30-39,No,NA,0-5 mph,O: No Injury,Black,Female,Passenger Car,No,25OCT2007,Thursday,Motorist Failed to Yield - Sign-Controlled Intersection,19,Intersection,October,O: No Injury,19:30:00,Motorist Drive Out - Sign-Controlled Intersection,2007,No,No,Dark - Lighted Roadway,Straight - Level,Local Street,Wet,"Two-Way, Divided, Unprotected Median",None,T-Intersection,Smooth Asphalt,2 lanes,"35.1305068618, -80.8377332346"
7029,Cary,Wake,Piedmont,Commercial,Urban (>70% Developed),NA,Urban,30 - 35  MPH,Stop Sign,Rain,No,11,11-15,No,NA,Facing Traffic,O: No Injury,Sidewalk / Crosswalk / Driveway Crossing,Black,Male,37,30-39,No,NA,0-5 mph,O: No Injury,White,Male,Sport Utility,No,26OCT2007,Friday,Motorist Failed to Yield - Sign-Controlled Intersection,17,Intersection,October,O: No Injury,17:09:00,Motorist Drive Out - Sign-Controlled Intersection,2007,Yes,No,Daylight,Straight - Level,Local Street,Wet,"Two-Way, Divided, Unprotected Median",None,Four-Way Intersection,Smooth Asphalt,2 lanes,"35.7347410647, -78.7787276486"
7032,None - Rural Crash,Graham,Mountains,"Farms, Woods, Pastures",Rural (<30% Developed),NA,Rural,50 - 55  MPH,Stop Sign,Clear,No,32,30-39,No,NA,With Traffic,C: Possible Injury,Travel Lane,White,Male,24,20-24,No,NA,16-20 mph,O: No Injury,Native American,Female,Passenger Car,No,22JUL2007,Sunday,Motorist Failed to Yield - Sign-Controlled Intersection,8,Intersection,July,C: Possible Injury,08:15:00,Motorist Drive Out - Sign-Controlled Intersection,2007,Yes,No,Daylight,Straight - Level,US Route,Dry,"Two-Way, Not Divided","Shoulders Low, Soft Or High",T-Intersection,Smooth Asphalt,2 lanes,"35.2897097843, -83.7723041098"
7044,Durham,Durham,Piedmont,Residential,Urban (>70% Developed),NA,Urban,30 - 35  MPH,Stop And Go Signal,Clear,No,24,20-24,No,NA,NA,C: Possible Injury,Sidewalk / Crosswalk / Driveway Crossing,Black,Male,44,40-49,No,NA,0-5 mph,O: No Injury,White,Male,Sport Utility,No,31OCT2007,Wednesday,Motorist Failed to Yield - Signalized Intersection,19,Intersection,October,C: Possible Injury,19:42:00,Motorist Drive Out - Right Turn on Red,2007,Yes,No,Dark - Lighted Roadway,Straight - Level,Local Street,Dry,"Two-Way, Not Divided",None,No Special Feature,Smooth Asphalt,4 lanes,"35.9599341086, -78.9106167005"
7048,Raleigh,Wake,Piedmont,Residential,Urban (>70% Developed),NA,Urban,5 - 15 MPH,No Control Present,Clear,No,29,25-29,No,NA,NA,O: No Injury,Sidewalk / Crosswalk / Driveway Crossing,Black,Male,23,20-24,No,NA,6-10 mph,O: No Injury,White,Male,Passenger Car,No,26JUL2007,Thursday,Non-Roadway,16,Non-Roadway,July,O: No Injury,16:53:00,Non-Roadway,2007,No,No,Daylight,Straight - Grade,Public Vehicular Area,Dry,"One-Way, Not Divided",None,No Special Feature,Smooth Asphalt,1 lane,"35.768810077, -78.6464326106"
7050,Wilson,Wilson,Coastal,Residential,Urban (>70% Developed),NA,Urban,30 - 35  MPH,No Control Present,Clear,No,13,11-15,No,NA,NA,O: No Injury,Travel Lane,Black,Male,NA,NA,Missing,NA,0-5 mph,Unknown Injury,Unknown/Missing,NA,Passenger Car,No,26JUL2007,Thursday,Bicyclist Overtaking Motorist,10,Non-Intersection,July,O: No Injury,10:59:00,Bicyclist Overtaking - Parked Vehicle,2007,No,No,Daylight,Straight - Level,Local Street,Dry,"Two-Way, Not Divided",None,No Special Feature,Coarse Asphalt,2 lanes,"35.7246240923, -77.929216391"
7052,Rocky Mount,Edgecombe,Coastal,Residential,Urban (>70% Developed),NA,Urban,30 - 35  MPH,Stop And Go Signal,Clear,No,52,50-59,No,NA,Not Applicable,C: Possible Injury,Driveway / Alley,Black,Male,22,20-24,No,NA,0-5 mph,O: No Injury,Black,Female,Passenger Car,No,26JUL2007,Thursday,Motorist Right Turn / Merge,18,Non-Intersection,July,C: Possible Injury,18:58:00,Motorist Right Turn - Opposite Direction,2007,Yes,No,Daylight,Straight - Level,Local Street,Dry,"Two-Way, Not Divided",None,No Special Feature,Smooth Asphalt,5 lanes,"35.9446571449, -77.7764423556"
7067,Belmont,Gaston,Piedmont,Commercial,Urban (>70% Developed),NA,Urban,5 - 15 MPH,Stop Sign,Clear,No,42,40-49,No,NA,Facing Traffic,B: Evident Injury,Sidewalk / Crosswalk / Driveway Crossing,White,Male,40,40-49,No,NA,0-5 mph,O: No Injury,White,Female,Passenger Car,No,29JUL2007,Sunday,Motorist Failed to Yield - Sign-Controlled Intersection,9,Intersection,July,B: Evident Injury,09:51:00,Motorist Drive Out - Sign-Controlled Intersection,2007,Yes,No,Daylight,Straight - Grade,Local Street,Dry,"Two-Way, Not Divided",None,"Driveway, Public",Smooth Asphalt,NA,"35.2514148802, -81.0427283026"
7076,None - Rural Crash,Union,Piedmont,"Farms, Woods, Pastures",Rural (<30% Developed),NA,Rural,50 - 55  MPH,No Control Present,Cloudy,No,16,16-19,No,NA,With Traffic,C: Possible Injury,Travel Lane,Black,Male,45,40-49,No,NA,51-55 mph,O: No Injury,White,Female,Passenger Car,No,31JUL2007,Tuesday,Motorist Overtaking Bicyclist,9,Non-Intersection,July,C: Possible Injury,09:01:00,Motorist Overtaking - Bicyclist Swerved,2007,Yes,No,Daylight,Straight - Level,NC Route,Dry,"Two-Way, Not Divided",None,No Special Feature,Smooth Asphalt,2 lanes,"34.8682868121, -80.6665931699"
7087,None - Rural Crash,Durham,Piedmont,"Farms, Woods, Pastures",Rural (<30% Developed),NA,Rural,40 - 45  MPH,"Double Yellow Line, No Passing Zone",Clear,No,55,50-59,No,NA,With Traffic,B: Evident Injury,Travel Lane,White,Male,46,40-49,No,NA,11-15 mph,O: No Injury,White,Female,Passenger Car,No,04AUG2007,Saturday,Motorist Overtaking Bicyclist,11,Non-Intersection,August,B: Evident Injury,11:15:00,Motorist Overtaking - Bicyclist Swerved,2007,Yes,No,Daylight,Straight - Level,State Secondary Route,Dry,"Two-Way, Not Divided",None,No Special Feature,Smooth Asphalt,2 lanes,"35.8877710915, -78.9575427112"
7089,Spring Lake,Cumberland,Coastal,Commercial,Urban (>70% Developed),NA,Urban,20 - 25  MPH,No Control Present,Clear,No,45,40-49,No,NA,Not Applicable,B: Evident Injury,Driveway / Alley,Hispanic,Male,42,40-49,No,NA,41-45 mph,O: No Injury,Black,Male,Passenger Car,No,09NOV2007,Friday,Bicyclist Failed to Yield - Midblock,20,Non-Intersection,November,B: Evident Injury,20:34:00,Bicyclist Ride Out - Commercial Driveway / Alley,2007,Yes,No,Dark - Lighted Roadway,Straight - Level,Local Street,Dry,"Two-Way, Not Divided",None,No Special Feature,Coarse Asphalt,2 lanes,"35.1652289358, -78.973232678"
7090,None - Rural Crash,Hoke,Coastal,Commercial,Mixed (30% To 70% Developed),NA,Rural,40 - 45  MPH,"Double Yellow Line, No Passing Zone",Clear,No,44,40-49,No,NA,With Traffic,C: Possible Injury,Bike Lane / Paved Shoulder,Black,Male,70+,70+,No,NA,36-40 mph,O: No Injury,White,Male,Passenger Car,No,05AUG2007,Sunday,Motorist Overtaking Bicyclist,21,Non-Intersection,August,C: Possible Injury,21:15:00,Motorist Overtaking - Other / Unknown,2007,Yes,No,Dark - Roadway Not Lighted,Straight - Grade,US Route,Dry,"Two-Way, Not Divided",None,No Special Feature,Smooth Asphalt,2 lanes,"34.9824168886, -79.1918027344"
7093,None - Rural Crash,Chatham,Piedmont,"Farms, Woods, Pastures",Rural (<30% Developed),NA,Rural,50 - 55  MPH,"Double Yellow Line, No Passing Zone",Clear,No,27,25-29,No,NA,With Traffic,C: Possible Injury,Travel Lane,White,Male,NA,NA,Missing,NA,NA,Unknown Injury,Unknown/Missing,NA,NA,No,06AUG2007,Monday,Motorist Overtaking Bicyclist,13,Non-Intersection,August,C: Possible Injury,13:51:00,Motorist Overtaking - Misjudged Space,2007,No,Yes,Daylight,Straight - Level,State Secondary Route,Dry,"Two-Way, Not Divided",None,No Special Feature,Smooth Asphalt,2 lanes,"35.7422570588, -79.0024927166"
7096,None - Rural Crash,Franklin,Piedmont,Residential,Rural (<30% Developed),NA,Rural,20 - 25  MPH,No Control Present,Clear,No,6,6-10,No,NA,Not Applicable,B: Evident Injury,NA,White,Male,49,40-49,No,NA,6-10 mph,O: No Injury,White,Male,Pickup,No,07AUG2007,Tuesday,Bicyclist Failed to Yield - Midblock,17,Non-Intersection,August,B: Evident Injury,17:59:00,Bicyclist Ride Out - Midblock - Unknown,2007,Yes,No,Daylight,Straight - Level,State Secondary Route,Dry,"Two-Way, Not Divided",None,No Special Feature,Coarse Asphalt,2 lanes,"36.0448571406, -78.5239965886"
7108,Elizabeth City,Pasquotank,Coastal,Residential,Urban (>70% Developed),NA,Urban,20 - 25  MPH,Stop Sign,Cloudy,No,10,6-10,No,NA,NA,Unknown Injury,Sidewalk / Crosswalk / Driveway Crossing,White,Female,47,40-49,No,NA,6-10 mph,Unknown Injury,White,Female,Passenger Car,No,09AUG2007,Thursday,Parallel Paths - Other Circumstances,18,Non-Intersection,August,Unknown Injury,18:17:00,Bicyclist Ride Out - Parallel Path,2007,Yes,No,Daylight,Straight - Level,Local Street,Wet,"Two-Way, Not Divided",None,No Special Feature,Smooth Asphalt,2 lanes,"36.3016372745, -76.2264268994"
7111,Washington,Beaufort,Coastal,Commercial,Urban (>70% Developed),NA,Urban,30 - 35  MPH,Stop Sign,Clear,No,55,50-59,No,NA,With Traffic,B: Evident Injury,Travel Lane,Black,Male,NA,NA,Missing,NA,31-35 mph,Unknown Injury,Unknown/Missing,NA,NA,No,10AUG2007,Friday,Bicyclist Failed to Yield - Sign-Controlled Intersection,14,Intersection,August,B: Evident Injury,14:15:00,Bicyclist Ride Through - Sign-Controlled Intersection,2007,No,Yes,Daylight,Straight - Level,Local Street,Dry,"Two-Way, Not Divided",None,T-Intersection,Coarse Asphalt,2 lanes,"35.5472100836, -77.0515461145"
7114,Kannapolis,Cabarrus,Piedmont,Commercial,Urban (>70% Developed),NA,Urban,30 - 35  MPH,No Control Present,Clear,No,47,40-49,No,NA,Not Applicable,O: No Injury,Driveway / Alley,Unknown/Missing,Male,32,30-39,No,NA,26-30 mph,O: No Injury,White,Male,Van,No,13AUG2007,Monday,Bicyclist Failed to Yield - Midblock,12,Non-Intersection,August,O: No Injury,12:08:00,Bicyclist Ride Out - Commercial Driveway / Alley,2007,No,No,Daylight,Straight - Level,Local Street,Dry,"Two-Way, Not Divided",None,No Special Feature,Smooth Asphalt,2 lanes,"35.4811429446, -80.6131771874"
7123,Columbia,Tyrrell,Coastal,Residential,Urban (>70% Developed),NA,Rural,30 - 35  MPH,Stop And Go Signal,Clear,No,17,16-19,No,NA,Facing Traffic,B: Evident Injury,Travel Lane,Black,Female,56,50-59,No,NA,0-5 mph,O: No Injury,White,Male,Pickup,No,13AUG2007,Monday,Bicyclist Failed to Yield - Signalized Intersection,20,Intersection,August,B: Evident Injury,20:50:00,Bicyclist Failed to Clear - Trapped,2007,Yes,No,Dark - Lighted Roadway,Straight - Level,Local Street,Dry,"Two-Way, Not Divided",None,No Special Feature,Coarse Asphalt,2 lanes,"35.9180971906, -76.2492158872"
7124,Charlotte,Mecklenburg,Piedmont,Commercial,Urban (>70% Developed),NA,Urban,40 - 45  MPH,No Control Present,Clear,No,16,16-19,No,NA,NA,O: No Injury,Travel Lane,Black,Male,25,25-29,No,NA,31-35 mph,O: No Injury,White,Male,Passenger Car,No,20NOV2007,Tuesday,Bicyclist Failed to Yield - Sign-Controlled Intersection,17,Intersection,November,O: No Injury,17:45:00,Bicyclist Ride Out - Sign-Controlled Intersection,2007,No,No,Dusk,Straight - Level,Local Street,Dry,"Two-Way, Not Divided",None,T-Intersection,Smooth Asphalt,4 lanes,"35.0876268515, -80.8636582401"
7126,None - Rural Crash,Henderson,Mountains,Residential,Mixed (30% To 70% Developed),NA,Rural,5 - 15 MPH,No Control Present,Clear,No,9,6-10,No,NA,With Traffic,A: Disabling Injury,Travel Lane,White,Male,46,40-49,No,NA,0-5 mph,O: No Injury,White,Male,Sport Utility,No,14AUG2007,Tuesday,Head-On,17,Non-Intersection,August,A: Disabling Injury,17:16:00,Head-On - Bicyclist,2007,Yes,No,Daylight,Curve - Grade,Public Vehicular Area,Dry,"Two-Way, Not Divided",None,"Driveway, Public",Smooth Asphalt,2 lanes,"35.4176768607, -82.4908487417"
7129,East Spencer,Rowan,Piedmont,Residential,Urban (>70% Developed),NA,Rural,30 - 35  MPH,Stop Sign,Clear,No,13,11-15,No,NA,Facing Traffic,B: Evident Injury,Travel Lane,Black,Male,35,30-39,No,NA,31-35 mph,O: No Injury,Black,Female,Sport Utility,No,14AUG2007,Tuesday,Bicyclist Failed to Yield - Sign-Controlled Intersection,13,Intersection,August,B: Evident Injury,13:36:00,Bicyclist Ride Through - Sign-Controlled Intersection,2007,Yes,No,Daylight,Straight - Grade,Local Street,Dry,"Two-Way, Not Divided",None,No Special Feature,Coarse Asphalt,2 lanes,"35.6860369955, -80.4289891432"
7143,Wrightsville Beach,New Hanover,Coastal,Commercial,Urban (>70% Developed),NA,Rural,30 - 35  MPH,Stop And Go Signal,Clear,No,NA,NA,Missing,NA,Not Applicable,Unknown Injury,Non-Roadway,Unknown/Missing,NA,24,20-24,No,NA,0-5 mph,O: No Injury,Unknown/Missing,Male,Passenger Car,No,18AUG2007,Saturday,Bicyclist Failed to Yield - Signalized Intersection,17,Intersection-Related,August,O: No Injury,17:29:00,Bicyclist Ride Out - Signalized  Intersection,2007,Yes,No,Daylight,Straight - Level,Local Street,Dry,"Two-Way, Not Divided",None,No Special Feature,Coarse Asphalt,4 lanes,"34.2080487652, -77.7963282749"
7161,Pembroke,Robeson,Coastal,Commercial,Urban (>70% Developed),NA,Rural,30 - 35  MPH,Stop And Go Signal,Cloudy,No,10,6-10,No,NA,With Traffic,C: Possible Injury,Travel Lane,Native American,Male,33,30-39,No,NA,16-20 mph,O: No Injury,Other,Male,Passenger Car,No,24AUG2007,Friday,Bicyclist Failed to Yield - Signalized Intersection,16,Intersection,August,C: Possible Injury,16:20:00,Bicyclist Ride Through - Signalized Intersection,2007,No,No,Daylight,Straight - Level,Local Street,Dry,"Two-Way, Not Divided",None,Four-Way Intersection,Smooth Asphalt,5 lanes,"34.6782138225, -79.1914167191"
7163,Sharpsburg,Wilson,Coastal,Residential,Urban (>70% Developed),NA,Rural,40 - 45  MPH,Stop Sign,Clear,No,16,16-19,No,NA,With Traffic,O: No Injury,Travel Lane,White,Female,55,50-59,No,NA,0-5 mph,O: No Injury,Black,Female,Passenger Car,No,18AUG2007,Saturday,Bicyclist Failed to Yield - Sign-Controlled Intersection,15,Intersection,August,O: No Injury,15:00:00,Bicyclist Ride Through - Sign-Controlled Intersection,2007,No,No,Daylight,Straight - Level,Local Street,Dry,"Two-Way, Not Divided",None,No Special Feature,Smooth Asphalt,2 lanes,"35.865054126, -77.825632366"
7168,None - Rural Crash,Polk,Mountains,"Farms, Woods, Pastures",Rural (<30% Developed),NA,Rural,50 - 55  MPH,No Control Present,Clear,No,34,30-39,No,NA,With Traffic,B: Evident Injury,Travel Lane,White,Male,70+,70+,No,NA,41-45 mph,O: No Injury,White,Female,Passenger Car,No,25AUG2007,Saturday,Motorist Overtaking Bicyclist,17,Non-Intersection,August,B: Evident Injury,17:00:00,Motorist Overtaking - Misjudged Space,2007,Yes,No,Daylight,Straight - Level,NC Route,Dry,"Two-Way, Not Divided",None,No Special Feature,Smooth Asphalt,2 lanes,"35.30467885, -82.1641936383"
7179,Raleigh,Wake,Piedmont,Residential,Urban (>70% Developed),NA,Urban,40 - 45  MPH,No Control Present,Clear,No,18,16-19,No,NA,With Traffic,O: No Injury,NA,Hispanic,Female,NA,NA,Missing,NA,0-5 mph,Unknown Injury,Unknown/Missing,NA,NA,No,31AUG2007,Friday,Motorist Right Turn / Merge,14,Intersection,August,O: No Injury,14:00:00,Motorist Right Turn on Red - Same Direction,2007,Yes,Yes,Daylight,Straight - Level,Local Street,Dry,"Two-Way, Not Divided",None,No Special Feature,Smooth Asphalt,4 lanes,"35.7678570778, -78.6248326039"
7181,None - Rural Crash,Cumberland,Coastal,Residential,Mixed (30% To 70% Developed),NA,Rural,40 - 45  MPH,"Double Yellow Line, No Passing Zone",Clear,No,16,16-19,No,NA,With Traffic,B: Evident Injury,Other,White,Male,NA,NA,Missing,NA,41-45 mph,Unknown Injury,Unknown/Missing,NA,NA,No,01SEP2007,Saturday,Motorist Overtaking Bicyclist,4,Non-Intersection,September,B: Evident Injury,04:39:00,Motorist Overtaking - Other / Unknown,2007,No,Yes,Dark - Lighted Roadway,Straight - Level,State Secondary Route,Dry,"Two-Way, Not Divided",None,No Special Feature,Smooth Asphalt,2 lanes,"34.9790338944, -78.9988326756"
7184,None - Rural Crash,Chatham,Piedmont,"Farms, Woods, Pastures",Rural (<30% Developed),NA,Rural,50 - 55  MPH,Stop Sign,Clear,No,53,50-59,No,NA,With Traffic,B: Evident Injury,Travel Lane,White,Female,23,20-24,No,NA,51-55 mph,B: Evident Injury,White,Male,Sport Utility,No,31AUG2007,Friday,Other / Unusual Circumstances,8,Intersection,August,B: Evident Injury,08:22:00,Unusual Circumstances,2007,Yes,No,Daylight,Straight - Level,US Route,Dry,"Two-Way, Divided, Unprotected Median",None,Four-Way Intersection,Coarse Asphalt,2 lanes,"35.7388830558, -79.0574367338"
7185,Asheville,Buncombe,Mountains,Residential,Urban (>70% Developed),NA,Urban,30 - 35  MPH,Stop Sign,Clear,No,23,20-24,No,NA,With Traffic,B: Evident Injury,Travel Lane,White,Female,38,30-39,No,NA,0-5 mph,O: No Injury,White,Female,Passenger Car,No,02SEP2007,Sunday,Motorist Failed to Yield - Sign-Controlled Intersection,10,Intersection,September,B: Evident Injury,10:30:00,Motorist Drive Out - Sign-Controlled Intersection,2007,Yes,No,Daylight,Straight - Bottom,Local Street,Dry,"Two-Way, Not Divided",None,Four-Way Intersection,Coarse Asphalt,2 lanes,"35.5590268892, -82.5147587567"
7192,None - Rural Crash,Craven,Coastal,Residential,Urban (>70% Developed),NA,Rural,20 - 25  MPH,Stop Sign,Clear,No,7,6-10,No,NA,NA,B: Evident Injury,Travel Lane,Black,Male,25,25-29,No,NA,11-15 mph,O: No Injury,Black,Female,Van,No,04SEP2007,Tuesday,Bicyclist Failed to Yield - Sign-Controlled Intersection,15,Intersection,September,B: Evident Injury,15:30:00,Bicyclist Ride Through - Sign-Controlled Intersection,2007,No,No,Daylight,Straight - Level,Local Street,Dry,"Two-Way, Not Divided",None,Four-Way Intersection,Smooth Asphalt,2 lanes,"35.121363991, -77.0565720941"
7194,Winston-Salem,Forsyth,Piedmont,Commercial,Urban (>70% Developed),NA,Urban,40 - 45  MPH,No Control Present,Clear,No,52,50-59,Yes,NA,Facing Traffic,B: Evident Injury,Travel Lane,Black,Male,42,40-49,No,NA,41-45 mph,O: No Injury,White,Male,Sport Utility,Yes,05SEP2007,Wednesday,Bicyclist Failed to Yield - Sign-Controlled Intersection,20,Intersection,September,B: Evident Injury,20:05:00,Bicyclist Ride Through - Sign-Controlled Intersection,2007,Yes,No,Dark - Lighted Roadway,Straight - Level,Local Street,Dry,"Two-Way, Not Divided",None,Four-Way Intersection,Smooth Asphalt,2 lanes,"36.1576971027, -80.2050891025"
7197,Raleigh,Wake,Piedmont,Residential,Mixed (30% To 70% Developed),NA,Urban,30 - 35  MPH,Stop Sign,Clear,No,21,20-24,No,NA,With Traffic,C: Possible Injury,Travel Lane,Unknown/Missing,Male,25,25-29,No,NA,6-10 mph,O: No Injury,Unknown/Missing,Female,Pickup,No,05SEP2007,Wednesday,Motorist Right Turn / Merge,16,Intersection,September,C: Possible Injury,16:00:00,Motorist Right Turn - Same Direction,2007,No,No,Daylight,Straight - Level,Local Street,Dry,"Two-Way, Not Divided",None,Four-Way Intersection,Smooth Asphalt,4 lanes,"35.7943910835, -78.6074326005"
7201,None - Rural Crash,Gaston,Piedmont,Commercial,Rural (<30% Developed),NA,Rural,30 - 35  MPH,Stop And Go Signal,Clear,No,52,50-59,No,NA,With Traffic,B: Evident Injury,Travel Lane,White,Male,40,40-49,No,NA,NA,O: No Injury,White,Female,Passenger Car,No,06SEP2007,Thursday,Bicyclist Overtaking Motorist,12,Intersection-Related,September,B: Evident Injury,12:20:00,Bicyclist Overtaking - Other / Unknown,2007,No,No,Daylight,Straight - Level,State Secondary Route,Dry,"Two-Way, Not Divided",None,Y-Intersection,Smooth Asphalt,2 lanes,"35.2919228886, -81.0366773027"
7211,Roxboro,Person,Piedmont,Residential,Mixed (30% To 70% Developed),NA,Urban,50 - 55  MPH,"Double Yellow Line, No Passing Zone",Clear,No,50,50-59,No,NA,With Traffic,B: Evident Injury,Travel Lane,White,Male,21,20-24,No,NA,0-5 mph,O: No Injury,White,Male,Pickup,No,06SEP2007,Thursday,Backing Vehicle,12,Non-Intersection,September,B: Evident Injury,12:00:00,Backing Vehicle,2007,Yes,No,Daylight,Straight - Level,State Secondary Route,Dry,"Two-Way, Not Divided",None,"Driveway, Private",Smooth Asphalt,2 lanes,"36.3539071868, -79.052672765"
7217,Raleigh,Wake,Piedmont,Residential,Urban (>70% Developed),NA,Urban,30 - 35  MPH,No Control Present,Clear,No,15,11-15,No,NA,With Traffic,C: Possible Injury,Travel Lane,Black,Male,47,40-49,No,NA,16-20 mph,O: No Injury,Black,Female,Sport Utility,No,07SEP2007,Friday,Motorist Overtaking Bicyclist,16,Non-Intersection,September,C: Possible Injury,16:00:00,Motorist Overtaking - Bicyclist Swerved,2007,Yes,No,Daylight,Straight - Level,Local Street,Dry,"Two-Way, Not Divided",None,No Special Feature,Smooth Asphalt,2 lanes,"35.772057079, -78.6181426017"
7219,High Point,Guilford,Piedmont,Residential,Urban (>70% Developed),NA,Urban,30 - 35  MPH,No Control Present,Clear,No,9,6-10,No,NA,Not Applicable,C: Possible Injury,Non-Roadway,Black,Male,42,40-49,No,NA,6-10 mph,O: No Injury,Black,Male,Passenger Car,No,08SEP2007,Saturday,Bicyclist Failed to Yield - Midblock,19,Non-Intersection,September,C: Possible Injury,19:27:00,Bicyclist Ride Out - Other Midblock,2007,Yes,No,Daylight,Straight - Level,Local Street,Dry,"Two-Way, Not Divided",None,No Special Feature,Coarse Asphalt,2 lanes,"35.9603170695, -79.9798630236"