object_id,city,county,region,development,locality,on_road,rural_urban,speed_limit,traffic_control,weather,workzone,bike_age,bike_age_group,bike_alcohol,bike_alcohol_drugs,bike_direction,bike_injury,bike_position,bike_race,bike_sex,driver_age,driver_age_group,driver_alcohol,driver_alcohol_drugs,driver_est_speed,driver_injury,driver_race,driver_sex,driver_vehicle_type,crash_alcohol,crash_date,crash_day,crash_group,crash_hour,crash_location,crash_month,crash_severity,crash_time,crash_type,crash_year,ambulance_req,hit_run,light_condition,road_character,road_class,road_condition,road_configuration,road_defects,road_feature,road_surface,num_lanes,geo_point
7226,None - Rural Crash,Johnston,Coastal,Residential,Mixed (30% To 70% Developed),NA,Rural,50 - 55  MPH,No Control Present,Clear,No,6,6-10,No,NA,Not Applicable,B: Evident Injury,Driveway / Alley,White,Male,18,0-19,No,NA,21-25 mph,O: No Injury,White,Male,Passenger Car,No,09SEP2007,Sunday,Bicyclist Failed to Yield - Midblock,17,Non-Intersection,September,B: Evident Injury,17:13:00,Bicyclist Ride Out - Residential Driveway,2007,Yes,No,Daylight,Straight - Grade,Public Vehicular Area,Dry,"Two-Way, Not Divided",None,"Driveway, Private",Coarse Asphalt,2 lanes,"35.6639470641, -78.3798475242"
7228,Indian Trail,Union,Piedmont,Commercial,Urban (>70% Developed),NA,Urban,40 - 45  MPH,"Double Yellow Line, No Passing Zone",Clear,No,12,11-15,No,NA,Not Applicable,B: Evident Injury,NA,White,Male,27,25-29,No,NA,26-30 mph,O: No Injury,White,Female,Passenger Car,No,12SEP2007,Wednesday,Bicyclist Failed to Yield - Midblock,16,Non-Intersection,September,B: Evident Injury,16:23:00,Bicyclist Ride Out - Midblock - Unknown,2007,Yes,No,Daylight,Straight - Hillcrest,State Secondary Route,Dry,"Two-Way, Not Divided",None,No Special Feature,Smooth Asphalt,2 lanes,"35.0470728513, -80.6461731735"
7235,Wilmington,New Hanover,Coastal,Commercial,Urban (>70% Developed),NA,Urban,30 - 35  MPH,Stop And Go Signal,Clear,No,54,50-59,No,NA,Facing Traffic,C: Possible Injury,Sidewalk / Crosswalk / Driveway Crossing,Black,Male,56,50-59,No,NA,0-5 mph,O: No Injury,White,Male,Sport Utility,No,13SEP2007,Thursday,Motorist Failed to Yield - Signalized Intersection,15,Intersection,September,C: Possible Injury,15:02:00,Motorist Drive Out - Right Turn on Red,2007,Yes,No,Daylight,Straight - Level,Local Street,Dry,"Two-Way, Not Divided",None,Four-Way Intersection,Smooth Asphalt,3 lanes,"34.20242676, -77.9229373134"
1212,Morehead City,Carteret,Coastal,Commercial,Urban (>70% Developed),PENNY LANE,Urban,20 - 25  MPH,Stop And Go Signal,Clear,No,52,50-59,No,NA,Facing Traffic,C: Possible Injury,Multi-use Path,Black,Male,35,30-39,No,NA,0-5 mph,O: No Injury,White,Female,Sport Utility,No,24MAY2013,Friday,Motorist Failed to Yield - Sign-Controlled Intersection,13,Intersection,May,C: Possible Injury,13:21:00,Motorist Drive Out - Sign-Controlled Intersection,2013,Yes,No,Daylight,Straight - Level,Local Street,Dry,"Two-Way, Divided, Unprotected Median",None,T-Intersection,Smooth Asphalt,2 lanes,"34.7268769138, -76.7567019847"
1230,Charlotte,Mecklenburg,Piedmont,Residential,Urban (>70% Developed),WILLIAM REYNOLDS DR,Urban,20 - 25  MPH,No Control Present,Clear,No,6,6-10,No,NA,Not Applicable,C: Possible Injury,Driveway / Alley,Black,Male,17,0-19,No,NA,21-25 mph,O: No Injury,Black,Male,Passenger Car,No,04JUL2013,Thursday,Bicyclist Failed to Yield - Midblock,13,Non-Intersection,July,C: Possible Injury,13:30:00,Bicyclist Ride Out - Residential Driveway,2013,No,No,Daylight,Straight - Level,Local Street,Dry,"Two-Way, Not Divided",None,No Special Feature,Smooth Asphalt,2 lanes,"35.2478768908, -80.7271032081"
1231,None - Rural Crash,Davie,Piedmont,Residential,Rural (<30% Developed),SR 1738,Rural,20 - 25  MPH,No Control Present,Clear,No,11,11-15,No,NA,Not Applicable,B: Evident Injury,Non-Roadway,White,Male,33,30-39,No,NA,21-25 mph,O: No Injury,White,Female,Passenger Car,No,28JUN2013,Friday,Bicyclist Failed to Yield - Midblock,17,Non-Intersection,June,B: Evident Injury,17:09:00,Bicyclist Ride Out - Other Midblock,2013,Yes,No,Daylight,Straight - Hillcrest,"Private Road, Driveway",Dry,"Two-Way, Not Divided",None,No Special Feature,Smooth Asphalt,2 lanes,"35.9757470565, -80.4312031606"
1233,Lumberton,Robeson,Coastal,Residential,Urban (>70% Developed),E 1ST ST,Urban,20 - 25  MPH,No Control Present,Clear,No,59,50-59,No,NA,With Traffic,O: No Injury,Travel Lane,Black,Male,NA,NA,Missing,NA,21-25 mph,Unknown Injury,Unknown/Missing,NA,NA,No,26MAY2013,Sunday,Motorist Overtaking Bicyclist,13,Non-Intersection,May,O: No Injury,13:10:00,Motorist Overtaking - Other / Unknown,2013,No,Yes,Daylight,Straight - Level,Local Street,Dry,"Two-Way, Not Divided",None,No Special Feature,Coarse Asphalt,2 lanes,"34.6168368151, -78.994502657"
1302,Wilmington,New Hanover,Coastal,Commercial,Urban (>70% Developed),MARKET ST,Urban,40 - 45  MPH,No Control Present,Clear,No,21,20-24,No,NA,With Traffic,C: Possible Injury,Bike Lane / Paved Shoulder,White,Male,NA,NA,Missing,NA,41-45 mph,Unknown Injury,Unknown/Missing,NA,NA,No,06JUL2013,Saturday,Motorist Overtaking Bicyclist,1,Non-Intersection,July,C: Possible Injury,01:51:00,Motorist Overtaking - Other / Unknown,2013,No,Yes,Dark - Lighted Roadway,Straight - Level,Local Street,Dry,"Two-Way, Not Divided",None,No Special Feature,Smooth Asphalt,5 lanes,"34.2538467733, -77.8484022935"
1287,None - Rural Crash,Duplin,Coastal,Residential,Rural (<30% Developed),SR 1502,Rural,50 - 55  MPH,No Control Present,Cloudy,No,48,40-49,No,NA,With Traffic,B: Evident Injury,Travel Lane,Hispanic,Male,NA,NA,No,NA,51-55 mph,Unknown Injury,Unknown/Missing,NA,NA,No,03JUL2013,Wednesday,Motorist Overtaking Bicyclist,5,Non-Intersection,July,B: Evident Injury,05:00:00,Motorist Overtaking - Other / Unknown,2013,No,Yes,Dark - Roadway Not Lighted,Straight - Level,State Secondary Route,Wet,"Two-Way, Not Divided",None,No Special Feature,Coarse Asphalt,2 lanes,"35.139316967, -77.9007023526"
1291,Burlington,Alamance,Piedmont,Residential,Mixed (30% To 70% Developed),SELLARS MILL RD,Urban,30 - 35  MPH,No Control Present,Clear,No,11,11-15,No,NA,With Traffic,C: Possible Injury,Travel Lane,Hispanic,Male,69,60-69,No,NA,31-35 mph,O: No Injury,White,Female,Passenger Car,No,22JUL2013,Monday,Motorist Overtaking Bicyclist,20,Intersection-Related,July,C: Possible Injury,20:10:00,Motorist Overtaking - Bicyclist Swerved,2013,Yes,No,Daylight,Straight - Level,Local Street,Dry,"Two-Way, Divided, Unprotected Median",None,No Special Feature,Smooth Asphalt,3 lanes,"36.0898771182, -79.3988028558"
1292,Emerald Isle,Carteret,Coastal,Residential,Urban (>70% Developed),NC 58,Rural,40 - 45  MPH,No Control Present,Clear,No,23,20-24,No,NA,NA,C: Possible Injury,NA,White,Male,23,20-24,No,NA,6-10 mph,O: No Injury,White,Female,Passenger Car,No,06JUL2013,Saturday,Crossing Paths - Other Circumstances,12,Intersection-Related,July,C: Possible Injury,12:04:00,Crossing Paths - Uncontrolled Intersection,2013,No,No,Daylight,Straight - Level,NC Route,Dry,"Two-Way, Not Divided",None,No Special Feature,Smooth Asphalt,3 lanes,"34.6671268921, -77.0241020625"
1327,Emerald Isle,Carteret,Coastal,Commercial,Urban (>70% Developed),DEER HORN DUNES DR,Rural,20 - 25  MPH,Stop Sign,Clear,No,18,16-19,No,NA,Facing Traffic,C: Possible Injury,Sidewalk / Crosswalk / Driveway Crossing,White,Female,69,60-69,No,NA,0-5 mph,O: No Injury,White,Male,Sport Utility,No,05JUL2013,Friday,Crossing Paths - Other Circumstances,11,Intersection,July,C: Possible Injury,11:17:00,Crossing Paths - Intersection - Other / Unknown,2013,No,No,Daylight,Straight - Level,Local Street,Dry,"Two-Way, Not Divided",None,Four-Way Intersection,Smooth Asphalt,8 lanes,"34.659246889, -77.0634020741"
1339,Rocky Mount,Nash,Coastal,Residential,Urban (>70% Developed),WEATHERVANE HILL DR,Urban,30 - 35  MPH,No Control Present,Clear,No,11,11-15,No,NA,With Traffic,O: No Injury,Travel Lane,Black,Male,NA,NA,Missing,NA,NA,Unknown Injury,Unknown/Missing,NA,Passenger Car,No,27JUL2013,Saturday,Bicyclist Overtaking Motorist,20,Non-Intersection,July,O: No Injury,20:15:00,Bicyclist Overtaking - Parked Vehicle,2013,No,No,Dark - Lighted Roadway,Straight - Level,Local Street,Dry,"Two-Way, Not Divided",None,No Special Feature,Smooth Asphalt,2 lanes,"35.9357871414, -77.8370023734"
1330,Chapel Hill,Orange,Piedmont,Commercial,Urban (>70% Developed),US 15,Urban,40 - 45  MPH,No Control Present,Clear,No,70+,70+,No,NA,With Traffic,B: Evident Injury,Bike Lane / Paved Shoulder,White,Male,44,40-49,No,NA,41-45 mph,O: No Injury,White,Male,Tractor/Semi-Trailer,No,16JUL2013,Tuesday,Motorist Overtaking Bicyclist,16,Non-Intersection,July,B: Evident Injury,16:48:00,Motorist Overtaking - Other / Unknown,2013,Yes,No,Daylight,Straight - Level,US Route,Dry,"Two-Way, Divided, Unprotected Median",None,No Special Feature,Smooth Asphalt,4 lanes,"35.9254370974, -79.0247027332"
1342,Durham,Durham,Piedmont,Residential,Urban (>70% Developed),DUKE UNIVERSITY RD,Urban,30 - 35  MPH,No Control Present,Clear,No,25,25-29,No,NA,With Traffic,O: No Injury,Bike Lane / Paved Shoulder,White,Male,52,50-59,No,NA,0-5 mph,O: No Injury,Black,Female,Passenger Car,No,12AUG2013,Monday,Motorist Right Turn / Merge,9,Intersection,August,O: No Injury,09:35:00,Motorist Right Turn - Same Direction,2013,No,No,Daylight,Straight - Level,Local Street,Dry,"Two-Way, Not Divided",None,No Special Feature,Smooth Asphalt,2 lanes,"35.997207116, -78.9243027068"
1392,None - Rural Crash,Wilkes,Mountains,Residential,Mixed (30% To 70% Developed),SR 1186,Rural,NA,"Double Yellow Line, No Passing Zone",Clear,No,NA,NA,Missing,NA,With Traffic,Unknown Injury,Driveway / Alley,Unknown/Missing,NA,NA,NA,Missing,NA,NA,Unknown Injury,Unknown/Missing,NA,NA,No,25AUG2013,Sunday,Crossing Paths - Other Circumstances,16,Intersection,August,A: Disabling Injury,16:10:00,Crossing Paths - Uncontrolled Intersection,2013,Yes,No,Daylight,Straight - Level,State Secondary Route,Dry,"Two-Way, Not Divided",None,Four-Way Intersection,Smooth Asphalt,2 lanes,"36.1288370608, -81.1694033899"
1398,Charlotte,Mecklenburg,Piedmont,Residential,Urban (>70% Developed),BOULDER CREEK DR,Urban,NA,Stop And Go Signal,Clear,No,63,60-69,No,NA,With Traffic,C: Possible Injury,Travel Lane,White,Male,22,20-24,No,NA,NA,O: No Injury,Black,Female,Passenger Car,No,30AUG2013,Friday,Motorist Failed to Yield - Sign-Controlled Intersection,11,Intersection,August,C: Possible Injury,11:37:00,Motorist Drive Out - Sign-Controlled Intersection,2013,No,No,Daylight,Straight - Level,"Private Road, Driveway",Dry,"Two-Way, Not Divided",None,T-Intersection,Smooth Asphalt,2 lanes,"35.1128468533, -80.9705032738"
1380,None - Rural Crash,Scotland,Coastal,Residential,Rural (<30% Developed),US 501,Rural,50 - 55  MPH,No Control Present,Rain,No,35,30-39,Yes,NA,With Traffic,B: Evident Injury,Travel Lane,Native American,Male,45,40-49,No,NA,46-50 mph,O: No Injury,White,Male,Truck/Trailer,Yes,27JUL2013,Saturday,Motorist Overtaking Bicyclist,21,Non-Intersection,July,B: Evident Injury,21:57:00,Motorist Overtaking - Bicyclist Swerved,2013,Yes,No,Dark - Lighted Roadway,Straight - Level,US Route,Wet,"Two-Way, Not Divided",None,No Special Feature,Smooth Asphalt,2 lanes,"34.6790568146, -79.4226027883"
1400,None - Rural Crash,Currituck,Coastal,Residential,Mixed (30% To 70% Developed),NC 12,Rural,30 - 35  MPH,No Control Present,Clear,No,60,60-69,No,NA,With Traffic,B: Evident Injury,Bike Lane / Paved Shoulder,White,Male,70+,70+,No,NA,26-30 mph,O: No Injury,White,Male,Passenger Car,No,31AUG2013,Saturday,Motorist Left Turn / Merge,12,Intersection,August,B: Evident Injury,12:55:00,Motorist Left Turn - Opposite Direction,2013,Yes,No,Daylight,Straight - Level,NC Route,Dry,"Two-Way, Not Divided",None,No Special Feature,Coarse Asphalt,2 lanes,"36.3130472903, -75.8114017712"
1496,Beaufort,Carteret,Coastal,Residential,Urban (>70% Developed),WEST BEAUFORT RD,Rural,30 - 35  MPH,No Control Present,Clear,No,57,50-59,No,NA,With Traffic,C: Possible Injury,Travel Lane,White,Male,39,30-39,No,NA,31-35 mph,O: No Injury,White,Female,Passenger Car,No,24SEP2013,Tuesday,Motorist Overtaking Bicyclist,7,Non-Intersection,September,C: Possible Injury,07:20:00,Motorist Overtaking - Undetected Bicyclist,2013,No,No,Daylight,Straight - Level,Local Street,Dry,"Two-Way, Not Divided",None,No Special Feature,Smooth Asphalt,2 lanes,"34.7261769164, -76.6544019531"
1446,None - Rural Crash,Lincoln,Piedmont,"Farms, Woods, Pastures",Rural (<30% Developed),US 321,Rural,40 - 45  MPH,"Double Yellow Line, No Passing Zone",Clear,No,30,30-39,No,NA,With Traffic,C: Possible Injury,Travel Lane,White,Male,NA,NA,Missing,NA,41-45 mph,Unknown Injury,Unknown/Missing,NA,Passenger Car,No,11SEP2013,Wednesday,Motorist Overtaking Bicyclist,6,Non-Intersection,September,C: Possible Injury,06:45:00,Motorist Overtaking - Misjudged Space,2013,No,Yes,Dawn,Straight - Grade,US Route,Dry,"Two-Way, Not Divided",None,No Special Feature,Smooth Asphalt,2 lanes,"35.5263869315, -81.2268033726"
1447,Rocky Mount,Edgecombe,Coastal,Residential,Urban (>70% Developed),MERCER ST,Urban,30 - 35  MPH,Stop Sign,Clear,No,17,16-19,No,NA,Facing Traffic,C: Possible Injury,Sidewalk / Crosswalk / Driveway Crossing,Black,Male,49,40-49,No,NA,NA,O: No Injury,Hispanic,Male,Sport Utility,No,05AUG2013,Monday,Motorist Failed to Yield - Sign-Controlled Intersection,15,Intersection,August,C: Possible Injury,15:23:00,Motorist Drive Out - Sign-Controlled Intersection,2013,Yes,No,Daylight,Straight - Level,Local Street,Dry,"Two-Way, Not Divided",None,T-Intersection,Coarse Asphalt,2 lanes,"35.9422871443, -77.7832023574"
1437,Raleigh,Wake,Piedmont,Residential,Urban (>70% Developed),CURRITUCK DR,Urban,30 - 35  MPH,No Control Present,Clear,No,40,40-49,No,NA,With Traffic,O: No Injury,Travel Lane,White,Male,NA,NA,Missing,NA,41-45 mph,Unknown Injury,Unknown/Missing,NA,Passenger Car,No,09JUN2013,Sunday,Motorist Overtaking Bicyclist,19,Non-Intersection,June,O: No Injury,19:42:00,Motorist Overtaking - Misjudged Space,2013,Yes,Yes,Daylight,Straight - Level,Local Street,Dry,"Two-Way, Not Divided",None,No Special Feature,Smooth Asphalt,2 lanes,"35.8364670911, -78.6466026139"
1473,Charlotte,Mecklenburg,Piedmont,Residential,Urban (>70% Developed),REAGAN DR,Urban,30 - 35  MPH,Stop Sign,Clear,No,22,20-24,No,NA,With Traffic,C: Possible Injury,Travel Lane,Black,Male,NA,NA,Missing,NA,41-45 mph,Unknown Injury,Unknown/Missing,NA,NA,No,18SEP2013,Wednesday,Motorist Overtaking Bicyclist,16,Intersection,September,C: Possible Injury,16:06:00,Motorist Overtaking - Other / Unknown,2013,No,Yes,Daylight,Straight - Grade,Local Street,Dry,"Two-Way, Not Divided",None,T-Intersection,Smooth Asphalt,2 lanes,"35.2810868958, -80.7840032276"
1445,Thomasville,Davidson,Piedmont,Commercial,Urban (>70% Developed),LEXINGTON AVE,Urban,30 - 35  MPH,Stop And Go Signal,Clear,No,67,60-69,No,NA,With Traffic,O: No Injury,Travel Lane,White,Male,26,25-29,No,NA,NA,O: No Injury,Black,Female,Passenger Car,No,10SEP2013,Tuesday,Motorist Left Turn / Merge,11,Intersection,September,O: No Injury,11:02:00,Motorist Left Turn - Opposite Direction,2013,Yes,No,Daylight,Straight - Level,Local Street,Dry,"Two-Way, Not Divided",None,Four-Way Intersection,Smooth Asphalt,3 lanes,"35.8813370487, -80.0993030552"
1412,Kannapolis,Cabarrus,Piedmont,Residential,Urban (>70% Developed),BRANTLEY RD,Urban,30 - 35  MPH,Stop Sign,Clear,No,11,11-15,No,NA,With Traffic,C: Possible Injury,Travel Lane,Black,Female,19,0-19,No,NA,31-35 mph,O: No Injury,White,Male,Sport Utility,No,11AUG2013,Sunday,Bicyclist Failed to Yield - Sign-Controlled Intersection,20,Intersection,August,C: Possible Injury,20:44:00,Bicyclist Ride Through - Sign-Controlled Intersection,2013,Yes,No,Dark - Roadway Not Lighted,Straight - Level,Local Street,Dry,"Two-Way, Not Divided",None,Four-Way Intersection,Smooth Asphalt,2 lanes,"35.5006869491, -80.603903185"
1427,Jacksonville,Onslow,Coastal,Commercial,Urban (>70% Developed),NC 24,Urban,40 - 45  MPH,No Control Present,Cloudy,No,22,20-24,No,NA,Facing Traffic,B: Evident Injury,Travel Lane,Black,Male,26,25-29,No,NA,41-45 mph,O: No Injury,White,Male,Passenger Car,No,16AUG2013,Friday,Bicyclist Failed to Yield - Midblock,22,Non-Intersection,August,B: Evident Injury,22:04:00,Bicyclist Ride Out - Midblock - Unknown,2013,Yes,No,Dark - Lighted Roadway,Straight - Level,NC Route,Wet,"Two-Way, Divided, Unprotected Median",None,No Special Feature,Smooth Asphalt,6 lanes,"34.7556668969, -77.4744022039"
1403,Charlotte,Mecklenburg,Piedmont,Residential,Urban (>70% Developed),MICHAW CT,Urban,20 - 25  MPH,Stop Sign,Clear,No,11,11-15,No,NA,With Traffic,B: Evident Injury,Travel Lane,Black,Female,40,40-49,No,NA,11-15 mph,O: No Injury,Black,Male,Pickup,No,01SEP2013,Sunday,Bicyclist Failed to Yield - Sign-Controlled Intersection,13,Intersection,September,B: Evident Injury,13:11:00,Bicyclist Ride Through - Sign-Controlled Intersection,2013,Yes,No,Daylight,Straight - Bottom,Local Street,Dry,"Two-Way, Not Divided",None,T-Intersection,Smooth Asphalt,2 lanes,"35.3192369033, -80.8029032346"
1407,Carrboro,Orange,Piedmont,Residential,Urban (>70% Developed),S CAMELLIA,Urban,20 - 25  MPH,No Control Present,Clear,No,32,30-39,No,NA,With Traffic,O: No Injury,Travel Lane,Black,Male,NA,NA,Missing,NA,NA,Unknown Injury,Unknown/Missing,NA,Passenger Car,No,14AUG2013,Wednesday,Bicyclist Overtaking Motorist,18,Non-Intersection,August,O: No Injury,18:04:00,Bicyclist Overtaking - Parked Vehicle,2013,No,No,Daylight,Straight - Level,Local Street,Dry,"Two-Way, Not Divided",None,No Special Feature,Smooth Asphalt,2 lanes,"35.9419870979, -79.0907027548"
1417,None - Rural Crash,New Hanover,Coastal,Residential,Urban (>70% Developed),SR 2022,Rural,30 - 35  MPH,No Control Present,Clear,No,11,11-15,No,NA,With Traffic,O: No Injury,Travel Lane,Black,Male,31,30-39,No,NA,11-15 mph,O: No Injury,Black,Male,Sport Utility,No,31AUG2013,Saturday,Bicyclist Left Turn / Merge,11,Non-Intersection,August,O: No Injury,11:46:00,Bicyclist Left Turn - Same Direction,2013,No,No,Daylight,Straight - Level,State Secondary Route,Dry,"Two-Way, Not Divided",None,No Special Feature,Smooth Asphalt,2 lanes,"34.2616867742, -77.8676022996"
1529,Morehead City,Carteret,Coastal,Commercial,Urban (>70% Developed),US 70,Urban,40 - 45  MPH,Stop And Go Signal,Clear,No,20,20-24,No,NA,Facing Traffic,C: Possible Injury,Travel Lane,White,Male,54,50-59,No,NA,0-5 mph,O: No Injury,White,Female,Sport Utility,No,05SEP2013,Thursday,Motorist Failed to Yield - Signalized Intersection,8,Intersection,September,C: Possible Injury,08:37:00,Motorist Drive Out - Signalized Intersection,2013,Yes,No,Daylight,Straight - Level,US Route,Dry,"Two-Way, Divided, Unprotected Median",None,Four-Way Intersection,Smooth Asphalt,4 lanes,"34.7385169148, -76.8077020005"
1527,Durham,Durham,Piedmont,Commercial,Urban (>70% Developed),HOLLOWAY ST,Urban,30 - 35  MPH,Stop And Go Signal,Clear,No,48,40-49,No,NA,With Traffic,B: Evident Injury,Travel Lane,White,Male,NA,NA,Missing,NA,21-25 mph,Unknown Injury,Unknown/Missing,NA,Passenger Car,No,06OCT2013,Sunday,Motorist Right Turn / Merge,20,Intersection,October,B: Evident Injury,20:23:00,Motorist Right Turn - Same Direction,2013,Yes,Yes,Dark - Lighted Roadway,Straight - Level,Local Street,Dry,"Two-Way, Not Divided",None,No Special Feature,Coarse Asphalt,7 lanes,"35.9919771167, -78.8657026884"
1519,None - Rural Crash,Guilford,Piedmont,Residential,Mixed (30% To 70% Developed),NC 61,Rural,50 - 55  MPH,"Double Yellow Line, No Passing Zone",Clear,No,63,60-69,No,NA,With Traffic,K: Killed,Travel Lane,White,Male,33,30-39,No,NA,41-45 mph,O: No Injury,White,Male,Van,No,30SEP2013,Monday,Bicyclist Left Turn / Merge,19,Non-Intersection,September,K: Killed,19:15:00,Bicyclist Left Turn - Same Direction,2013,Yes,No,Dark - Roadway Not Lighted,Straight - Level,NC Route,Dry,"Two-Way, Not Divided",None,No Special Feature,Smooth Asphalt,2 lanes,"36.1552371263, -79.5682029104"
1505,Wilmington,New Hanover,Coastal,Commercial,Urban (>70% Developed),GREENFIELD ST,Urban,30 - 35  MPH,Stop Sign,Clear,No,49,40-49,No,NA,With Traffic,K: Killed,Travel Lane,White,Male,59,50-59,No,NA,41-45 mph,O: No Injury,White,Female,Sport Utility,No,22AUG2013,Thursday,Motorist Overtaking Bicyclist,11,Non-Intersection,August,K: Killed,11:51:00,Motorist Overtaking - Other / Unknown,2013,Yes,No,Daylight,Straight - Level,Local Street,Dry,"Two-Way, Not Divided",None,No Special Feature,Smooth Asphalt,3 lanes,"34.2167867626, -77.9421023201"
1525,Durham,Durham,Piedmont,Commercial,Urban (>70% Developed),PVA 701 STADIUM DRIVE,Urban,5 - 15 MPH,No Control Present,Clear,No,32,30-39,No,NA,Not Applicable,O: No Injury,Non-Roadway,White,Male,46,40-49,No,NA,0-5 mph,O: No Injury,White,Male,Passenger Car,No,06OCT2013,Sunday,Non-Roadway,11,Non-Roadway,October,O: No Injury,11:17:00,Non-Roadway,2013,No,No,Daylight,Straight - Grade,Public Vehicular Area,Dry,"Two-Way, Not Divided",None,No Special Feature,Smooth Asphalt,NA,"36.0325771246, -78.9028027021"
1014,None - Rural Crash,Robeson,Coastal,"Farms, Woods, Pastures",Rural (<30% Developed),SR 1563,Rural,50 - 55  MPH,"Double Yellow Line, No Passing Zone",Clear,No,12,11-15,No,NA,With Traffic,C: Possible Injury,Travel Lane,Native American,Female,59,50-59,No,NA,26-30 mph,O: No Injury,Native American,Female,Passenger Car,No,08APR2013,Monday,Motorist Overtaking Bicyclist,19,Non-Intersection,April,C: Possible Injury,19:39:00,Motorist Overtaking - Other / Unknown,2013,No,No,Daylight,Straight - Level,State Secondary Route,Dry,"Two-Way, Not Divided",None,No Special Feature,Coarse Asphalt,2 lanes,"34.7190568334, -79.1267027014"
1018,Raleigh,Wake,Piedmont,Residential,Urban (>70% Developed),SHERMAN AVE,Urban,20 - 25  MPH,Stop Sign,Clear,No,12,11-15,No,NA,With Traffic,C: Possible Injury,Travel Lane,Black,Male,21,20-24,No,NA,16-20 mph,O: No Injury,White,Female,Passenger Car,No,18APR2013,Thursday,Bicyclist Failed to Yield - Sign-Controlled Intersection,16,Intersection,April,C: Possible Injury,16:44:00,Bicyclist Ride Through - Sign-Controlled Intersection,2013,No,No,Daylight,Straight - Grade,Local Street,Dry,"Two-Way, Not Divided",None,No Special Feature,Smooth Asphalt,2 lanes,"35.7835970785, -78.688302624"
1009,Raleigh,Wake,Piedmont,Commercial,Urban (>70% Developed),HAMMOND RD,Urban,40 - 45  MPH,Stop And Go Signal,Clear,No,47,40-49,No,NA,With Traffic,A: Disabling Injury,Travel Lane,Other,Male,23,20-24,No,NA,41-45 mph,O: No Injury,White,Male,Passenger Car,No,16APR2013,Tuesday,Bicyclist Failed to Yield - Signalized Intersection,17,Intersection,April,A: Disabling Injury,17:28:00,Bicyclist Failed to Clear - Trapped,2013,Yes,No,Daylight,Straight - Level,Local Street,Dry,"Two-Way, Divided, Unprotected Median",None,Four-Way Intersection,Smooth Asphalt,8 lanes,"35.7425070715, -78.6406026071"
1017,Asheville,Buncombe,Mountains,Commercial,Urban (>70% Developed),HAYWOOD RD,Urban,20 - 25  MPH,No Control Present,Clear,No,16,16-19,No,NA,With Traffic,B: Evident Injury,Travel Lane,White,Male,46,40-49,No,NA,NA,O: No Injury,White,Female,Passenger Car,No,10APR2013,Wednesday,Bicyclist Overtaking Motorist,13,Non-Intersection,April,B: Evident Injury,13:59:00,Bicyclist Overtaking - Passing on Right,2013,No,No,Daylight,Straight - Level,Local Street,Dry,"Two-Way, Not Divided",None,No Special Feature,Smooth Asphalt,3 lanes,"35.5782168906, -82.5937037809"
1641,Greensboro,Guilford,Piedmont,Commercial,Urban (>70% Developed),SILVER AV,Urban,30 - 35  MPH,Stop And Go Signal,Cloudy,No,22,20-24,No,NA,Facing Traffic,C: Possible Injury,Sidewalk / Crosswalk / Driveway Crossing,Black,Male,NA,NA,Missing,NA,6-10 mph,Unknown Injury,Unknown/Missing,NA,Passenger Car,No,21NOV2013,Thursday,Motorist Failed to Yield - Sign-Controlled Intersection,11,Intersection,November,C: Possible Injury,11:25:00,Motorist Drive Out - Sign-Controlled Intersection,2013,Yes,Yes,Daylight,Straight - Level,Local Street,Dry,"Two-Way, Not Divided",None,T-Intersection,Smooth Asphalt,7 lanes,"36.0635470978, -79.8045029768"
1666,Raleigh,Wake,Piedmont,Commercial,Urban (>70% Developed),LASSITER MILL RD,Urban,30 - 35  MPH,Stop And Go Signal,Cloudy,No,37,30-39,No,NA,With Traffic,O: No Injury,Sidewalk / Crosswalk / Driveway Crossing,Hispanic,Male,45,40-49,No,NA,6-10 mph,O: No Injury,White,Female,Passenger Car,No,23NOV2013,Saturday,Bicyclist Failed to Yield - Signalized Intersection,15,Intersection,November,O: No Injury,15:31:00,Bicyclist Ride Out - Signalized  Intersection,2013,Yes,No,Daylight,Straight - Level,Local Street,Dry,"Two-Way, Divided, Unprotected Median",None,Four-Way Intersection,Smooth Asphalt,5 lanes,"35.8394870921, -78.6424026134"
1667,Charlotte,Mecklenburg,Piedmont,Residential,Urban (>70% Developed),KENSINGTON DR,Urban,20 - 25  MPH,Stop Sign,Cloudy,No,38,30-39,No,NA,Facing Traffic,C: Possible Injury,Sidewalk / Crosswalk / Driveway Crossing,Black,Male,37,30-39,No,NA,NA,O: No Injury,White,Male,Sport Utility,No,04DEC2013,Wednesday,Motorist Failed to Yield - Sign-Controlled Intersection,8,Intersection,December,C: Possible Injury,08:58:00,Motorist Drive Out - Sign-Controlled Intersection,2013,Yes,No,Daylight,Straight - Level,Local Street,Wet,"Two-Way, Not Divided",None,No Special Feature,Smooth Asphalt,2 lanes,"35.2250668831, -80.8095032312"