object_id,city,county,region,development,locality,on_road,rural_urban,speed_limit,traffic_control,weather,workzone,bike_age,bike_age_group,bike_alcohol,bike_alcohol_drugs,bike_direction,bike_injury,bike_position,bike_race,bike_sex,driver_age,driver_age_group,driver_alcohol,driver_alcohol_drugs,driver_est_speed,driver_injury,driver_race,driver_sex,driver_vehicle_type,crash_alcohol,crash_date,crash_day,crash_group,crash_hour,crash_location,crash_month,crash_severity,crash_time,crash_type,crash_year,ambulance_req,hit_run,light_condition,road_character,road_class,road_condition,road_configuration,road_defects,road_feature,road_surface,num_lanes,geo_point
1650,Charlotte,Mecklenburg,Piedmont,Commercial,Urban (>70% Developed),EAST 3RD STREET,Urban,30 - 35  MPH,Stop And Go Signal,Clear,No,18,16-19,No,NA,Facing Traffic,B: Evident Injury,Sidewalk / Crosswalk / Driveway Crossing,Black,Male,39,30-39,No,NA,0-5 mph,O: No Injury,Black,Male,Passenger Car,No,21NOV2013,Thursday,Bicyclist Failed to Yield - Signalized Intersection,17,Intersection,November,B: Evident Injury,17:40:00,Bicyclist Failed to Clear - Trapped,2013,No,No,Dusk,Straight - Level,Local Street,Dry,"One-Way, Not Divided",None,No Special Feature,Smooth Asphalt,3 lanes,"35.2222968816, -80.8413032411"
1688,Greensboro,Guilford,Piedmont,Residential,Urban (>70% Developed),S HOLDEN RD,Urban,30 - 35  MPH,Stop And Go Signal,Clear,No,35,30-39,No,NA,NA,B: Evident Injury,NA,White,Male,29,25-29,Yes,NA,46-50 mph,O: No Injury,White,Male,Passenger Car,Yes,15DEC2013,Sunday,Crossing Paths - Other Circumstances,23,Intersection-Related,December,B: Evident Injury,23:00:00,Crossing Paths - Intersection - Other / Unknown,2013,Yes,No,Dark - Lighted Roadway,Straight - Level,Local Street,Dry,"Two-Way, Divided, Unprotected Median",None,Four-Way Intersection,Smooth Asphalt,5 lanes,"36.0511370938, -79.8441029877"
1660,Gastonia,Gaston,Piedmont,Residential,Urban (>70% Developed),400 SCRUGGS ST,Urban,30 - 35  MPH,Stop Sign,Clear,No,17,16-19,No,NA,With Traffic,B: Evident Injury,Travel Lane,Black,Male,62,60-69,No,NA,11-15 mph,O: No Injury,Black,Female,Passenger Car,No,17SEP2013,Tuesday,Bicyclist Failed to Yield - Sign-Controlled Intersection,17,Intersection,September,B: Evident Injury,17:25:00,Bicyclist Ride Through - Sign-Controlled Intersection,2013,Yes,No,Daylight,Straight - Level,Local Street,Dry,"Two-Way, Not Divided",None,T-Intersection,Coarse Asphalt,2 lanes,"35.2656368773, -81.2050033521"
1679,Wilmington,New Hanover,Coastal,Residential,Urban (>70% Developed),RED CROSS ST,Urban,20 - 25  MPH,No Control Present,Clear,No,26,25-29,No,NA,With Traffic,C: Possible Injury,Travel Lane,White,Male,30,30-39,No,NA,21-25 mph,O: No Injury,Black,Female,Passenger Car,No,18NOV2013,Monday,Motorist Overtaking Bicyclist,11,Intersection-Related,November,C: Possible Injury,11:45:00,Motorist Overtaking - Bicyclist Swerved,2013,No,No,Daylight,Straight - Level,Local Street,Dry,"Two-Way, Not Divided",None,Related To Intersection,Smooth Asphalt,2 lanes,"34.241666768, -77.9415023208"
1671,Mooresville,Iredell,Piedmont,Residential,Urban (>70% Developed),FOREST GLEN RD,Urban,20 - 25  MPH,Stop Sign,Clear,No,15,11-15,No,NA,Not Applicable,B: Evident Injury,Non-Roadway,White,Male,49,40-49,No,NA,6-10 mph,O: No Injury,White,Female,Passenger Car,No,23OCT2013,Wednesday,Crossing Paths - Other Circumstances,18,Intersection-Related,October,B: Evident Injury,18:27:00,Crossing Paths - Intersection - Other / Unknown,2013,Yes,No,Dusk,Straight - Level,Local Street,Dry,"Two-Way, Not Divided",None,T-Intersection,Smooth Asphalt,2 lanes,"35.5731569577, -80.7898032449"
1680,Monroe,Union,Piedmont,Commercial,Mixed (30% To 70% Developed),SKYWAY DR,Urban,30 - 35  MPH,Stop And Go Signal,Clear,No,70+,70+,No,NA,Facing Traffic,C: Possible Injury,Travel Lane,Hispanic,Male,48,40-49,No,NA,0-5 mph,O: No Injury,White,Female,Pickup,No,04NOV2013,Monday,Motorist Right Turn / Merge,11,Intersection,November,C: Possible Injury,11:41:00,Motorist Right Turn - Opposite Direction,2013,Yes,No,Daylight,Straight - Grade,State Secondary Route,Dry,"Two-Way, Not Divided",None,Four-Way Intersection,Smooth Asphalt,4 lanes,"34.987846842, -80.549303141"
1669,Cary,Wake,Piedmont,Commercial,Urban (>70% Developed),BUCK JONES RD,Urban,NA,Stop Sign,Clear,No,43,40-49,No,NA,Facing Traffic,O: No Injury,Travel Lane,White,Female,18,0-19,No,NA,NA,C: Possible Injury,Black,Male,Pedalcycle,No,20OCT2013,Sunday,Motorist Failed to Yield - Midblock,15,Non-Intersection,October,C: Possible Injury,15:33:00,Motorist Drive Out - Commercial Driveway / Alley,2013,Yes,No,Daylight,Straight - Level,State Secondary Route,Dry,"Two-Way, Not Divided",None,No Special Feature,Smooth Asphalt,2 lanes,"35.7684670739, -78.7409026391"
1602,Asheville,Buncombe,Mountains,Commercial,Urban (>70% Developed),COXE AVE,Urban,30 - 35  MPH,"Double Yellow Line, No Passing Zone",Clear,No,38,30-39,No,NA,With Traffic,B: Evident Injury,Bike Lane / Paved Shoulder,White,Female,64,60-69,No,NA,NA,O: No Injury,White,Female,Sport Utility,No,04OCT2013,Friday,Bicyclist Overtaking Motorist,18,Non-Intersection,October,B: Evident Injury,18:48:00,Bicyclist Overtaking - Extended Door,2013,Yes,No,Dark - Lighted Roadway,Straight - Level,Local Street,Dry,"Two-Way, Not Divided",None,No Special Feature,Coarse Asphalt,2 lanes,"35.594066895, -82.555503771"
1588,Wilmington,New Hanover,Coastal,Industrial,Urban (>70% Developed),S FRONT ST,Urban,30 - 35  MPH,No Control Present,Clear,No,28,25-29,No,NA,Facing Traffic,B: Evident Injury,Travel Lane,White,Male,24,20-24,No,NA,6-10 mph,O: No Injury,Black,Female,Passenger Car,No,17SEP2013,Tuesday,Motorist Failed to Yield - Sign-Controlled Intersection,11,Intersection,September,B: Evident Injury,11:27:00,Motorist Drive Through - Sign-Controlled Intersection,2013,No,No,Daylight,Straight - Grade,Local Street,Dry,"Two-Way, Not Divided",None,No Special Feature,Coarse Asphalt,2 lanes,"34.2164467621, -77.9465023216"
1598,None - Rural Crash,Pitt,Coastal,"Farms, Woods, Pastures",Rural (<30% Developed),SR 1401,Rural,50 - 55  MPH,No Control Present,Clear,No,22,20-24,Yes,NA,With Traffic,B: Evident Injury,Travel Lane,Black,Male,59,50-59,No,NA,41-45 mph,O: No Injury,Black,Female,Passenger Car,Yes,28OCT2013,Monday,Motorist Overtaking Bicyclist,19,Non-Intersection,October,B: Evident Injury,19:06:00,Motorist Overtaking - Undetected Bicyclist,2013,Yes,No,Dark - Roadway Not Lighted,Straight - Level,State Secondary Route,Dry,"Two-Way, Not Divided",None,No Special Feature,Coarse Asphalt,2 lanes,"35.7045771037, -77.4788022526"
1591,High Point,Guilford,Piedmont,Institutional,Urban (>70% Developed),E COMMERCE,Urban,30 - 35  MPH,No Control Present,Clear,No,20,20-24,No,NA,With Traffic,C: Possible Injury,Sidewalk / Crosswalk / Driveway Crossing,Black,Male,36,30-39,No,NA,6-10 mph,O: No Injury,Black,Female,Passenger Car,No,23SEP2013,Monday,Loss of Control / Turning Error,8,Non-Intersection,September,C: Possible Injury,08:45:00,Bicyclist Lost Control - Mechanical Problems,2013,Yes,No,Daylight,Straight - Grade,Local Street,Dry,"Two-Way, Not Divided",None,"Driveway, Public",Smooth Asphalt,2 lanes,"35.9565270685, -79.9984030285"
1597,None - Rural Crash,Orange,Piedmont,"Farms, Woods, Pastures",Rural (<30% Developed),SR 1006,Rural,50 - 55  MPH,"Double Yellow Line, No Passing Zone",Clear,No,61,60-69,No,NA,With Traffic,B: Evident Injury,Travel Lane,White,Male,43,40-49,No,NA,51-55 mph,O: No Injury,White,Male,Sport Utility,No,06SEP2013,Friday,Motorist Overtaking Bicyclist,16,Non-Intersection,September,B: Evident Injury,16:55:00,Motorist Overtaking - Other / Unknown,2013,No,No,Daylight,Straight - Grade,State Secondary Route,Dry,"Two-Way, Not Divided",None,No Special Feature,Smooth Asphalt,2 lanes,"36.0064071091, -79.1724027831"
1595,None - Rural Crash,Robeson,Coastal,"Farms, Woods, Pastures",Rural (<30% Developed),SR 1777,Rural,50 - 55  MPH,No Control Present,Clear,No,13,11-15,No,NA,With Traffic,B: Evident Injury,Travel Lane,Native American,Male,26,25-29,No,NA,41-45 mph,O: No Injury,Hispanic,Male,Van,No,26OCT2013,Saturday,Bicyclist Left Turn / Merge,19,Non-Intersection,October,B: Evident Injury,19:02:00,Bicyclist Left Turn - Same Direction,2013,Yes,No,Dark - Roadway Not Lighted,Straight - Level,State Secondary Route,Dry,"Two-Way, Not Divided",None,No Special Feature,Coarse Asphalt,2 lanes,"34.811746853, -79.1442027109"
1578,Asheville,Buncombe,Mountains,Residential,Urban (>70% Developed),DEAVERVIEW RD,Urban,30 - 35  MPH,No Control Present,Clear,No,36,30-39,No,NA,With Traffic,C: Possible Injury,Travel Lane,White,Female,36,30-39,No,NA,11-15 mph,O: No Injury,White,Male,Passenger Car,No,19SEP2013,Thursday,Motorist Left Turn / Merge,21,Non-Intersection,September,C: Possible Injury,21:01:00,Motorist Left Turn - Opposite Direction,2013,No,No,Dark - Lighted Roadway,Straight - Level,Local Street,Dry,"Two-Way, Divided, Unprotected Median",None,No Special Feature,Smooth Asphalt,2 lanes,"35.5809468906, -82.6172037883"
1585,None - Rural Crash,Union,Piedmont,"Farms, Woods, Pastures",Rural (<30% Developed),SR 1740,Rural,50 - 55  MPH,No Control Present,Clear,No,58,50-59,No,NA,NA,C: Possible Injury,Travel Lane,Black,Male,43,40-49,No,NA,41-45 mph,O: No Injury,Black,Female,Passenger Car,No,08OCT2013,Tuesday,Parallel Paths - Other Circumstances,20,Non-Intersection,October,C: Possible Injury,20:13:00,Parallel Paths - Other / Unknown,2013,Yes,No,Dark - Roadway Not Lighted,Straight - Level,State Secondary Route,Dry,"Two-Way, Not Divided",None,No Special Feature,Coarse Asphalt,2 lanes,"34.9789168453, -80.3817030906"
1593,New Bern,Craven,Coastal,Commercial,Urban (>70% Developed),NEUSE BLVD,Urban,30 - 35  MPH,No Control Present,Clear,No,54,50-59,No,NA,Facing Traffic,C: Possible Injury,Bike Lane / Paved Shoulder,White,Female,46,40-49,No,NA,0-5 mph,O: No Injury,White,Female,Passenger Car,No,29OCT2013,Tuesday,Motorist Failed to Yield - Midblock,10,Non-Intersection,October,C: Possible Injury,10:13:00,Motorist Drive Out - Commercial Driveway / Alley,2013,Yes,No,Daylight,Straight - Level,Local Street,Dry,"Two-Way, Not Divided",None,No Special Feature,Smooth Asphalt,4 lanes,"35.1231669904, -77.0842021027"
1580,Hickory,Catawba,Piedmont,Residential,Urban (>70% Developed),NC 127,Urban,40 - 45  MPH,Stop Sign,Clear,No,12,11-15,No,NA,With Traffic,C: Possible Injury,Travel Lane,White,Male,18,0-19,No,NA,6-10 mph,O: No Injury,White,Female,Passenger Car,No,12SEP2013,Thursday,Motorist Right Turn / Merge,16,Intersection,September,C: Possible Injury,16:39:00,Motorist Right Turn - Same Direction,2013,Yes,No,Daylight,Straight - Level,NC Route,Dry,"Two-Way, Divided, Unprotected Median",None,Related To Intersection,Coarse Asphalt,5 lanes,"35.7785669812, -81.3254034159"
1626,Raleigh,Wake,Piedmont,Commercial,Urban (>70% Developed),PVA 5135 N NEW HOPE RD,Urban,5 - 15 MPH,No Control Present,Clear,No,18,16-19,No,NA,Facing Traffic,Unknown Injury,Sidewalk / Crosswalk / Driveway Crossing,Black,Male,NA,NA,Missing,NA,0-5 mph,Unknown Injury,Unknown/Missing,NA,Sport Utility,No,03NOV2013,Sunday,Crossing Paths - Other Circumstances,15,Non-Intersection,November,Unknown Injury,15:34:00,Crossing Paths - Midblock - Other / Unknown,2013,Yes,Yes,Daylight,Straight - Level,Public Vehicular Area,Dry,"Two-Way, Not Divided",None,No Special Feature,Smooth Asphalt,2 lanes,"35.8498770964, -78.5787025947"
1613,Durham,Durham,Piedmont,Residential,Urban (>70% Developed),CECIL ST,Urban,30 - 35  MPH,Stop And Go Signal,Clear,No,70+,70+,No,NA,Facing Traffic,B: Evident Injury,Sidewalk / Crosswalk / Driveway Crossing,Black,Male,19,0-19,No,NA,0-5 mph,O: No Injury,Other,Female,Passenger Car,No,12NOV2013,Tuesday,Motorist Failed to Yield - Signalized Intersection,9,Intersection,November,B: Evident Injury,09:09:00,Motorist Drive Out - Right Turn on Red,2013,No,No,Daylight,Straight - Level,Local Street,Dry,"Two-Way, Not Divided",None,No Special Feature,Smooth Asphalt,2 lanes,"35.9712671112, -78.9011026991"
1618,Raleigh,Wake,Piedmont,Commercial,Urban (>70% Developed),POOLE RD,Urban,40 - 45  MPH,Stop And Go Signal,Clear,No,24,20-24,No,NA,With Traffic,C: Possible Injury,Travel Lane,White,Female,33,30-39,No,NA,6-10 mph,O: No Injury,Hispanic,Male,Passenger Car,No,30OCT2013,Wednesday,Motorist Failed to Yield - Signalized Intersection,19,Intersection,October,C: Possible Injury,19:25:00,Motorist Drive Out - Right Turn on Red,2013,Yes,No,Dark - Lighted Roadway,Straight - Grade,Local Street,Dry,"Two-Way, Not Divided",None,"Driveway, Public",Smooth Asphalt,5 lanes,"35.7680470798, -78.5684025865"
1632,Asheville,Buncombe,Mountains,Commercial,Urban (>70% Developed),US 19,Urban,20 - 25  MPH,"Double Yellow Line, No Passing Zone",Clear,No,26,25-29,No,NA,With Traffic,C: Possible Injury,Travel Lane,White,Female,NA,NA,Missing,NA,6-10 mph,Unknown Injury,Unknown/Missing,NA,NA,No,15OCT2013,Tuesday,Motorist Left Turn / Merge,11,Intersection,October,C: Possible Injury,11:00:00,Motorist Left Turn - Opposite Direction,2013,No,Yes,Daylight,Straight - Level,US Route,Dry,"Two-Way, Not Divided",None,T-Intersection,Coarse Asphalt,4 lanes,"35.593406895, -82.5601037719"
1627,Durham,Durham,Piedmont,Commercial,Urban (>70% Developed),NEAL RD,Urban,30 - 35  MPH,No Control Present,Cloudy,No,45,40-49,No,NA,With Traffic,C: Possible Injury,Travel Lane,White,Male,26,25-29,No,NA,31-35 mph,O: No Injury,Black,Female,Passenger Car,No,15NOV2013,Friday,Motorist Overtaking Bicyclist,20,Non-Intersection,November,C: Possible Injury,20:49:00,Motorist Overtaking - Undetected Bicyclist,2013,Yes,No,Dark - Roadway Not Lighted,Straight - Level,Local Street,Dry,"Two-Way, Not Divided",None,No Special Feature,Coarse Asphalt,2 lanes,"36.0331371218, -78.9735027241"
1638,Albemarle,Stanly,Piedmont,Commercial,Urban (>70% Developed),NC 24,Urban,40 - 45  MPH,No Control Present,Clear,No,13,11-15,No,NA,Not Applicable,C: Possible Injury,Non-Roadway,Black,Male,59,50-59,No,NA,41-45 mph,O: No Injury,White,Male,Pickup,No,19OCT2013,Saturday,Bicyclist Failed to Yield - Midblock,18,Non-Intersection,October,C: Possible Injury,18:44:00,Bicyclist Ride Out - Commercial Driveway / Alley,2013,No,No,Dusk,Straight - Level,NC Route,Dry,"Two-Way, Divided, Unprotected Median",None,No Special Feature,Smooth Asphalt,5 lanes,"35.3438569312, -80.1742030487"
1603,Durham,Durham,Piedmont,Commercial,Urban (>70% Developed),W CHAPEL HILL ST,Urban,30 - 35  MPH,Stop And Go Signal,Clear,No,28,25-29,No,NA,With Traffic,C: Possible Injury,Travel Lane,White,Male,22,20-24,No,NA,11-15 mph,O: No Injury,White,Male,Passenger Car,No,04NOV2013,Monday,Motorist Left Turn / Merge,19,Intersection,November,C: Possible Injury,19:19:00,Motorist Left Turn - Opposite Direction,2013,No,No,Dark - Lighted Roadway,Straight - Level,Local Street,Dry,"Two-Way, Not Divided",None,No Special Feature,Coarse Asphalt,2 lanes,"35.9968871165, -78.9150027039"
1605,None - Rural Crash,Craven,Coastal,Residential,Urban (>70% Developed),US 17,Rural,50 - 55  MPH,No Control Present,Cloudy,No,51,50-59,No,NA,With Traffic,B: Evident Injury,Travel Lane,White,Male,26,25-29,No,NA,56-60 mph,O: No Injury,White,Female,Sport Utility,No,06OCT2013,Sunday,Bicyclist Left Turn / Merge,16,Non-Intersection,October,B: Evident Injury,16:30:00,Bicyclist Left Turn - Same Direction,2013,No,No,Daylight,Straight - Level,US Route,Dry,"Two-Way, Divided, Unprotected Median",None,No Special Feature,Smooth Asphalt,4 lanes,"35.08516698, -77.1497021214"
1617,Wilson,Wilson,Coastal,Residential,Urban (>70% Developed),ROUNTREE,Urban,30 - 35  MPH,Stop Sign,Rain,No,16,16-19,No,NA,With Traffic,B: Evident Injury,Sidewalk / Crosswalk / Driveway Crossing,Black,Male,24,20-24,No,NA,11-15 mph,O: No Injury,White,Male,Passenger Car,No,09OCT2013,Wednesday,Motorist Left Turn / Merge,16,Intersection,October,B: Evident Injury,16:50:00,Motorist Left Turn - Opposite Direction,2013,Yes,No,Daylight,Straight - Level,Local Street,Wet,"Two-Way, Not Divided",None,Four-Way Intersection,Smooth Asphalt,2 lanes,"35.7334570947, -77.9173023878"
1609,Salisbury,Rowan,Piedmont,Commercial,Urban (>70% Developed),PVA 850 W JAKE ALEXANDER,Urban,NA,No Control Present,Clear,No,17,16-19,No,NA,Not Applicable,B: Evident Injury,Non-Roadway,Black,Male,24,20-24,No,NA,11-15 mph,O: No Injury,Black,Female,Passenger Car,No,11NOV2013,Monday,Non-Roadway,10,Non-Roadway,November,B: Evident Injury,10:51:00,Non-Roadway,2013,No,No,Daylight,Straight - Level,Public Vehicular Area,Dry,"Two-Way, Not Divided",None,No Special Feature,Smooth Asphalt,NA,"35.6681269888, -80.4978031625"
1767,Wilmington,New Hanover,Coastal,Commercial,Urban (>70% Developed),NA,Urban,40 - 45  MPH,Stop And Go Signal,Clear,No,23,20-24,No,NA,With Traffic,C: Possible Injury,Sidewalk / Crosswalk / Driveway Crossing,White,Male,21,20-24,No,NA,6-10 mph,O: No Injury,White,Male,Pickup,No,07JAN2012,Saturday,Crossing Paths - Other Circumstances,20,Intersection,January,C: Possible Injury,20:09:00,Signalized Intersection - Other / Unknown,2012,No,No,Dark - Lighted Roadway,NA,NC Route,Dry,"Two-Way, Divided, Positive Median Barrier",None,No Special Feature,Coarse Asphalt,8 lanes,"34.2348367682, -77.8742023"
1787,Charlotte,Mecklenburg,Piedmont,Commercial,Urban (>70% Developed),NA,Urban,20 - 25  MPH,Stop Sign,Clear,No,22,20-24,No,NA,With Traffic,C: Possible Injury,Travel Lane,Black,Male,60,60-69,No,NA,0-5 mph,O: No Injury,Black,Female,Passenger Car,No,14FEB2012,Tuesday,Motorist Failed to Yield - Sign-Controlled Intersection,18,Intersection,February,C: Possible Injury,18:55:00,Motorist Drive Through - Sign-Controlled Intersection,2012,Yes,No,Dark - Roadway Not Lighted,Straight - Level,Local Street,Dry,"Two-Way, Not Divided",NA,T-Intersection,Smooth Asphalt,2 lanes,"35.2752968922, -80.854703248"
1796,Wilmington,New Hanover,Coastal,Commercial,Mixed (30% To 70% Developed),NA,Urban,40 - 45  MPH,Flashing Stop And Go Signal,Clear,No,24,20-24,No,NA,Not Applicable,B: Evident Injury,NA,White,Female,28,25-29,No,NA,NA,O: No Injury,White,Male,Passenger Car,No,01FEB2012,Wednesday,Bicyclist Failed to Yield - Midblock,12,Non-Intersection,February,B: Evident Injury,12:15:00,Bicyclist Ride Out - Midblock - Unknown,2012,Yes,No,Daylight,Straight - Level,NC Route,Dry,"Two-Way, Divided, Unprotected Median",None,No Special Feature,Smooth Asphalt,7 lanes,"34.242116769, -77.8933023066"
1792,Raleigh,Wake,Piedmont,Commercial,Urban (>70% Developed),NA,Urban,30 - 35  MPH,Yield Sign,Clear,No,21,20-24,No,NA,With Traffic,C: Possible Injury,Travel Lane,White,Male,16,0-19,No,NA,6-10 mph,O: No Injury,White,Female,Passenger Car,No,18FEB2012,Saturday,Motorist Failed to Yield - Sign-Controlled Intersection,18,Intersection,February,C: Possible Injury,18:13:00,Motorist Drive Out - Sign-Controlled Intersection,2012,Yes,No,Dusk,Straight - Level,Local Street,Dry,"Two-Way, Divided, Unprotected Median",None,Traffic Circle/Roundabout,Smooth Asphalt,2 lanes,"35.7862370806, -78.6624026164"
1795,Gastonia,Gaston,Piedmont,Commercial,Urban (>70% Developed),NA,Urban,30 - 35  MPH,Stop And Go Signal,Clear,No,49,40-49,No,NA,Facing Traffic,B: Evident Injury,Sidewalk / Crosswalk / Driveway Crossing,Black,Male,26,25-29,No,NA,0-5 mph,O: No Injury,Black,Female,Pickup,No,03FEB2012,Friday,Motorist Failed to Yield - Signalized Intersection,9,Intersection,February,B: Evident Injury,09:09:00,Motorist Drive Out - Right Turn on Red,2012,Yes,No,Daylight,Straight - Level,Local Street,Dry,"Two-Way, Not Divided",None,Four-Way Intersection,Coarse Asphalt,3 lanes,"35.2607068758, -81.2070033516"
1784,Wilmington,New Hanover,Coastal,Commercial,Urban (>70% Developed),NA,Urban,40 - 45  MPH,No Control Present,Clear,No,19,16-19,No,NA,NA,C: Possible Injury,NA,White,Male,68,60-69,No,NA,11-15 mph,O: No Injury,White,Female,Passenger Car,No,12JAN2012,Thursday,Bicyclist Failed to Yield - Midblock,17,Non-Intersection,January,C: Possible Injury,17:34:00,Bicyclist Ride Out - Midblock - Unknown,2012,Yes,No,Dark - Lighted Roadway,Straight - Level,Local Street,Dry,"Two-Way, Divided, Unprotected Median",None,No Special Feature,Smooth Asphalt,7 lanes,"34.2359767684, -77.8734023005"
1789,Chapel Hill,Orange,Piedmont,Institutional,Urban (>70% Developed),NA,Urban,30 - 35  MPH,Stop And Go Signal,Clear,No,18,16-19,No,NA,With Traffic,B: Evident Injury,Travel Lane,White,Male,45,40-49,No,NA,6-10 mph,O: No Injury,White,Male,Passenger Car,No,29JAN2012,Sunday,Motorist Left Turn / Merge,16,Intersection,January,B: Evident Injury,16:41:00,Motorist Left Turn - Opposite Direction,2012,Yes,No,Daylight,Straight - Level,Local Street,Dry,"Two-Way, Not Divided",None,Four-Way Intersection,Coarse Asphalt,4 lanes,"35.903717092, -79.0464027384"
1565,Fayetteville,Cumberland,Coastal,Commercial,Urban (>70% Developed),PVA 240 GREEN ST,Urban,5 - 15 MPH,No Control Present,Clear,No,22,20-24,No,NA,Facing Traffic,B: Evident Injury,Sidewalk / Crosswalk / Driveway Crossing,Hispanic,Male,64,60-69,No,NA,11-15 mph,O: No Injury,White,Female,Sport Utility,No,27SEP2013,Friday,Motorist Failed to Yield - Midblock,12,Non-Intersection,September,B: Evident Injury,12:12:00,Motorist Drive Out - Commercial Driveway / Alley,2013,Yes,No,Daylight,Straight - Level,Public Vehicular Area,Dry,"Two-Way, Not Divided",None,"Driveway, Public",Concrete,2 lanes,"35.0551169146, -78.8775026435"
1569,None - Rural Crash,Pender,Coastal,"Farms, Woods, Pastures",Rural (<30% Developed),SR 1412,Rural,50 - 55  MPH,"Double Yellow Line, No Passing Zone",Clear,No,46,40-49,No,NA,With Traffic,B: Evident Injury,Travel Lane,White,Male,NA,NA,No,NA,41-45 mph,Unknown Injury,Unknown/Missing,NA,Sport Utility,No,11OCT2013,Friday,Motorist Overtaking Bicyclist,7,Intersection-Related,October,B: Evident Injury,07:15:00,Motorist Overtaking - Other / Unknown,2013,Yes,Yes,Daylight,Straight - Level,State Secondary Route,Dry,"Two-Way, Not Divided",None,No Special Feature,Coarse Asphalt,2 lanes,"34.5158468297, -77.9154023262"
1549,Raleigh,Wake,Piedmont,Commercial,Urban (>70% Developed),PVA 2231 AVENT FERRY RD,Urban,5 - 15 MPH,Stop Sign,Cloudy,No,23,20-24,No,NA,Facing Traffic,C: Possible Injury,Sidewalk / Crosswalk / Driveway Crossing,Asian,Female,18,0-19,No,NA,0-5 mph,O: No Injury,White,Male,Sport Utility,No,27SEP2013,Friday,Motorist Failed to Yield - Sign-Controlled Intersection,12,Intersection,September,C: Possible Injury,12:45:00,Motorist Drive Out - Sign-Controlled Intersection,2013,No,No,Daylight,Straight - Grade,Local Street,Dry,"Two-Way, Not Divided",None,T-Intersection,Smooth Asphalt,4 lanes,"35.7782170783, -78.6775026207"
1562,Knightdale,Wake,Piedmont,Commercial,Urban (>70% Developed),KNIGHTDALE BLVD,Urban,40 - 45  MPH,Stop And Go Signal,Cloudy,No,18,16-19,Yes,NA,With Traffic,B: Evident Injury,Travel Lane,Black,Female,23,20-24,No,NA,31-35 mph,O: No Injury,Black,Male,Passenger Car,Yes,11OCT2013,Friday,Bicyclist Failed to Yield - Signalized Intersection,23,Intersection,October,B: Evident Injury,23:38:00,Bicyclist Failed to Clear - Unknown,2013,Yes,No,Dark - Roadway Not Lighted,Straight - Level,Local Street,Dry,"Two-Way, Divided, Unprotected Median",None,Four-Way Intersection,Coarse Asphalt,8 lanes,"35.7984270887, -78.4873025638"
1556,High Point,Guilford,Piedmont,Residential,Urban (>70% Developed),E KIVETT,Urban,30 - 35  MPH,Stop And Go Signal,Clear,No,18,16-19,No,NA,With Traffic,B: Evident Injury,Travel Lane,Black,Male,NA,NA,Missing,NA,NA,Unknown Injury,Unknown/Missing,NA,Passenger Car,No,10SEP2013,Tuesday,Motorist Failed to Yield - Signalized Intersection,21,Intersection,September,B: Evident Injury,21:30:00,Motorist Drive Out - Signalized Intersection,2013,No,Yes,Dark - Lighted Roadway,Straight - Level,Local Street,Dry,"Two-Way, Not Divided",None,T-Intersection,Coarse Asphalt,4 lanes,"35.9664570708, -79.9778030236"
1568,None - Rural Crash,Wilkes,Mountains,"Farms, Woods, Pastures",Rural (<30% Developed),SR 1753,Rural,50 - 55  MPH,"Double Yellow Line, No Passing Zone",Cloudy,No,58,50-59,No,NA,With Traffic,B: Evident Injury,Travel Lane,White,Male,42,40-49,No,NA,41-45 mph,O: No Injury,White,Male,Pickup,No,19OCT2013,Saturday,Motorist Overtaking Bicyclist,16,Non-Intersection,October,B: Evident Injury,16:17:00,Motorist Overtaking - Misjudged Space,2013,Yes,No,Daylight,Straight - Level,State Secondary Route,Wet,"Two-Way, Not Divided",None,No Special Feature,Smooth Asphalt,2 lanes,"36.3291571101, -80.9723033429"
1572,None - Rural Crash,Dare,Coastal,Commercial,Urban (>70% Developed),NC 12,Rural,40 - 45  MPH,No Control Present,Clear,No,27,25-29,No,NA,Facing Traffic,C: Possible Injury,Sidewalk / Crosswalk / Driveway Crossing,White,Male,41,40-49,No,NA,0-5 mph,O: No Injury,White,Male,Sport Utility,No,01OCT2013,Tuesday,Crossing Paths - Other Circumstances,10,Intersection,October,C: Possible Injury,10:42:00,Crossing Paths - Uncontrolled Intersection,2013,No,No,Daylight,Straight - Level,Local Street,Dry,"Two-Way, Not Divided",None,T-Intersection,Coarse Asphalt,2 lanes,"35.5904371449, -75.4683016301"
1560,Kinston,Lenoir,Coastal,Commercial,Urban (>70% Developed),NC 58,Urban,20 - 25  MPH,Stop And Go Signal,Clear,No,48,40-49,No,NA,With Traffic,C: Possible Injury,Travel Lane,Black,Male,NA,NA,Missing,NA,NA,Unknown Injury,Unknown/Missing,NA,Passenger Car,No,17OCT2013,Thursday,Motorist Overtaking Bicyclist,9,Non-Intersection,October,C: Possible Injury,09:45:00,Motorist Overtaking - Other / Unknown,2013,No,Yes,Daylight,Straight - Level,State Secondary Route,Dry,"Two-Way, Not Divided",None,Four-Way Intersection,Coarse Asphalt,4 lanes,"35.2620870038, -77.5812022616"
1557,Wilmington,New Hanover,Coastal,Commercial,Urban (>70% Developed),S KERR AVE,Urban,40 - 45  MPH,Stop And Go Signal,Cloudy,No,19,16-19,No,NA,With Traffic,B: Evident Injury,Travel Lane,White,Male,69,60-69,No,NA,31-35 mph,O: No Injury,Black,Female,Passenger Car,No,20SEP2013,Friday,Motorist Right Turn / Merge,11,Non-Intersection,September,B: Evident Injury,11:22:00,Motorist Right Turn - Same Direction,2013,No,No,Daylight,Straight - Level,Local Street,Dry,"Two-Way, Divided, Unprotected Median",None,No Special Feature,Smooth Asphalt,4 lanes,"34.2198267645, -77.8867023029"