object_id,city,county,region,development,locality,on_road,rural_urban,speed_limit,traffic_control,weather,workzone,bike_age,bike_age_group,bike_alcohol,bike_alcohol_drugs,bike_direction,bike_injury,bike_position,bike_race,bike_sex,driver_age,driver_age_group,driver_alcohol,driver_alcohol_drugs,driver_est_speed,driver_injury,driver_race,driver_sex,driver_vehicle_type,crash_alcohol,crash_date,crash_day,crash_group,crash_hour,crash_location,crash_month,crash_severity,crash_time,crash_type,crash_year,ambulance_req,hit_run,light_condition,road_character,road_class,road_condition,road_configuration,road_defects,road_feature,road_surface,num_lanes,geo_point
1564,Brevard,Transylvania,Mountains,Residential,Mixed (30% To 70% Developed),GREENVILLE HWY (276),Urban,30 - 35  MPH,No Control Present,Clear,No,10,6-10,No,NA,Not Applicable,C: Possible Injury,Non-Roadway,White,Male,70+,70+,No,NA,0-5 mph,O: No Injury,White,Female,Passenger Car,No,19MAR2013,Tuesday,Non-Roadway,9,Non-Roadway,March,C: Possible Injury,09:55:00,Non-Roadway,2013,Yes,No,Daylight,Straight - Hillcrest,Local Street,Dry,"Two-Way, Not Divided",None,No Special Feature,Smooth Asphalt,2 lanes,"35.2253468117, -82.724303799"
1741,Wilmington,New Hanover,Coastal,Commercial,Urban (>70% Developed),S COLLEGE RD,Urban,40 - 45  MPH,Stop And Go Signal,Clear,No,42,40-49,No,NA,Facing Traffic,B: Evident Injury,Travel Lane,White,Male,24,20-24,No,NA,0-5 mph,O: No Injury,Black,Female,Sport Utility,No,28DEC2013,Saturday,Motorist Failed to Yield - Signalized Intersection,18,Intersection,December,B: Evident Injury,18:38:00,Motorist Drive Out - Signalized Intersection,2013,Yes,No,Dark - Lighted Roadway,Straight - Level,NC Route,Dry,"Two-Way, Divided, Unprotected Median",None,T-Intersection,Smooth Asphalt,4 lanes,"34.2272367669, -77.8796023019"
1742,Elon,Alamance,Piedmont,Commercial,Urban (>70% Developed),W HAGGARD AVE,Urban,30 - 35  MPH,Stop Sign,Clear,No,54,50-59,No,NA,NA,C: Possible Injury,Travel Lane,White,Male,56,50-59,No,NA,31-35 mph,O: No Injury,White,Male,Single Unit Truck (3 Or More Axles),No,26DEC2013,Thursday,Bicyclist Failed to Yield - Sign-Controlled Intersection,11,Intersection-Related,December,C: Possible Injury,11:00:00,Bicyclist Ride Through - Sign-Controlled Intersection,2013,No,No,Daylight,Straight - Level,Local Street,Dry,"Two-Way, Not Divided",None,T-Intersection,Smooth Asphalt,2 lanes,"36.1019571166, -79.513402891"
1716,New Bern,Craven,Coastal,Residential,Urban (>70% Developed),COLONIAL DRIVE,Urban,30 - 35  MPH,Stop Sign,Clear,No,45,40-49,No,NA,With Traffic,B: Evident Injury,Travel Lane,White,Male,23,20-24,No,NA,0-5 mph,O: No Injury,Black,Female,Passenger Car,No,16DEC2013,Monday,Motorist Failed to Yield - Sign-Controlled Intersection,18,Intersection,December,B: Evident Injury,18:10:00,Motorist Drive Through - Sign-Controlled Intersection,2013,Yes,No,Dark - Lighted Roadway,Straight - Level,Local Street,Dry,"Two-Way, Not Divided",None,Four-Way Intersection,Smooth Asphalt,2 lanes,"35.1244469904, -77.0914021047"
1730,Ahoskie,Hertford,Coastal,Residential,Urban (>70% Developed),HAYES ST,Rural,30 - 35  MPH,No Control Present,Cloudy,No,30,30-39,No,NA,With Traffic,C: Possible Injury,Travel Lane,Black,Male,NA,NA,Missing,NA,11-15 mph,Unknown Injury,Unknown/Missing,NA,NA,No,14OCT2013,Monday,Motorist Overtaking Bicyclist,21,Intersection-Related,October,C: Possible Injury,21:10:00,Motorist Overtaking - Other / Unknown,2013,Yes,Yes,Daylight,Straight - Level,Local Street,Dry,"Two-Way, Not Divided",None,No Special Feature,Coarse Asphalt,2 lanes,"36.285857246, -76.9795021292"
1735,Chadbourn,Columbus,Coastal,Residential,Urban (>70% Developed),EAST INSTITUTE ST,Rural,30 - 35  MPH,No Control Present,Clear,No,54,50-59,No,NA,With Traffic,B: Evident Injury,Travel Lane,Native American,Male,65,60-69,No,NA,31-35 mph,O: No Injury,Black,Female,Passenger Car,No,22DEC2013,Sunday,Motorist Overtaking Bicyclist,17,Non-Intersection,December,B: Evident Injury,17:20:00,Motorist Overtaking - Bicyclist Swerved,2013,Yes,No,Daylight,Straight - Level,Local Street,Dry,"Two-Way, Not Divided",None,No Special Feature,Smooth Asphalt,2 lanes,"34.3145067553, -78.8169025887"
1703,Cary,Wake,Piedmont,Commercial,Urban (>70% Developed),NC 54,Urban,40 - 45  MPH,No Control Present,Clear,No,63,60-69,No,NA,With Traffic,C: Possible Injury,Travel Lane,White,Male,70+,70+,No,NA,26-30 mph,O: No Injury,Hispanic,Male,Sport Utility,No,14NOV2013,Thursday,Motorist Overtaking Bicyclist,18,Non-Intersection,November,C: Possible Injury,18:19:00,Motorist Overtaking - Undetected Bicyclist,2013,No,No,Dark - Roadway Not Lighted,Curve - Level,NC Route,Dry,"Two-Way, Not Divided",None,No Special Feature,Smooth Asphalt,2 lanes,"35.8042870791, -78.8055026612"
1756,Raleigh,Wake,Piedmont,Commercial,Urban (>70% Developed),NA,Urban,30 - 35  MPH,No Control Present,Clear,No,41,40-49,No,NA,Not Applicable,C: Possible Injury,Non-Roadway,White,Male,41,40-49,No,NA,6-10 mph,O: No Injury,White,Female,Passenger Car,No,10JAN2012,Tuesday,Motorist Right Turn / Merge,14,Non-Intersection,January,C: Possible Injury,14:05:00,Motorist Right Turn - Same Direction,2012,No,No,Daylight,Straight - Grade,Local Street,Dry,"Two-Way, Divided, Unprotected Median",None,No Special Feature,Smooth Asphalt,4 lanes,"35.7909170809, -78.6624026167"
1758,Charlotte,Mecklenburg,Piedmont,Residential,Mixed (30% To 70% Developed),NA,Urban,50 - 55  MPH,No Control Present,Cloudy,No,15,11-15,No,NA,With Traffic,B: Evident Injury,Travel Lane,Black,Male,56,50-59,No,NA,41-45 mph,O: No Injury,White,Male,Passenger Car,No,12JAN2012,Thursday,Bicyclist Left Turn / Merge,17,Non-Intersection,January,B: Evident Injury,17:13:00,Bicyclist Left Turn - Same Direction,2012,No,No,Daylight,Straight - Grade,NC Route,Dry,"Two-Way, Not Divided",None,No Special Feature,Smooth Asphalt,2 lanes,"35.0816668456, -80.9907032774"
1692,Chapel Hill,Orange,Piedmont,Institutional,Urban (>70% Developed),ARBORETUM LN,Urban,5 - 15 MPH,No Control Present,Clear,No,18,16-19,No,NA,Not Applicable,C: Possible Injury,Sidewalk / Crosswalk / Driveway Crossing,White,Male,43,40-49,No,NA,0-5 mph,C: Possible Injury,White,Male,Pickup,No,24SEP2013,Tuesday,Non-Roadway,16,Non-Roadway,September,C: Possible Injury,16:29:00,Non-Roadway,2013,No,No,Daylight,Straight - Level,Public Vehicular Area,Dry,"Two-Way, Not Divided",None,"Driveway, Public",Other,1 lane,"35.9137770938, -79.0500027403"
1710,Boone,Watauga,Mountains,Commercial,Urban (>70% Developed),NC 105,Urban,30 - 35  MPH,Stop And Go Signal,Clear,No,20,20-24,No,NA,With Traffic,O: No Injury,Travel Lane,White,Male,64,60-69,No,NA,NA,O: No Injury,White,Male,Pickup,No,14NOV2013,Thursday,Bicyclist Overtaking Motorist,16,Intersection,November,O: No Injury,16:35:00,Bicyclist Overtaking - Other / Unknown,2013,No,No,Daylight,Straight - Level,NC Route,Dry,"Two-Way, Not Divided",None,T-Intersection,Coarse Asphalt,5 lanes,"36.203587057, -81.6725035439"
1828,Wilmington,New Hanover,Coastal,Residential,Urban (>70% Developed),NA,Urban,30 - 35  MPH,Stop Sign,Clear,No,24,20-24,No,NA,With Traffic,C: Possible Injury,Sidewalk / Crosswalk / Driveway Crossing,Black,Female,21,20-24,No,NA,6-10 mph,O: No Injury,White,Male,Sport Utility,No,14FEB2012,Tuesday,Motorist Failed to Yield - Sign-Controlled Intersection,18,Intersection,February,C: Possible Injury,18:54:00,Motorist Drive Out - Sign-Controlled Intersection,2012,Yes,No,Dark - Lighted Roadway,Straight - Level,Local Street,Dry,"One-Way, Not Divided",None,No Special Feature,Smooth Asphalt,2 lanes,"34.2299467675, -77.8710022989"
1801,Hickory,Catawba,Piedmont,Commercial,Urban (>70% Developed),NA,Urban,30 - 35  MPH,Stop And Go Signal,Clear,No,47,40-49,No,NA,Not Applicable,C: Possible Injury,Non-Roadway,Black,Male,NA,NA,No,NA,NA,Unknown Injury,Unknown/Missing,NA,NA,No,06FEB2012,Monday,Crossing Paths - Other Circumstances,18,Intersection,February,C: Possible Injury,18:48:00,Signalized Intersection - Other / Unknown,2012,Yes,Yes,Dark - Lighted Roadway,Straight - Grade,Local Street,NA,"Two-Way, Divided, Unprotected Median",NA,No Special Feature,Smooth Asphalt,5 lanes,"35.7055869666, -81.2936034023"
1827,Charlotte,Mecklenburg,Piedmont,Residential,Urban (>70% Developed),NA,Urban,30 - 35  MPH,Stop Sign,Clear,No,20,20-24,Missing,NA,Facing Traffic,B: Evident Injury,Travel Lane,Asian,Male,23,20-24,No,NA,6-10 mph,O: No Injury,Asian,Female,Passenger Car,No,11MAR2012,Sunday,Motorist Failed to Yield - Sign-Controlled Intersection,15,Intersection,March,B: Evident Injury,15:37:00,Motorist Drive Out - Sign-Controlled Intersection,2012,No,No,Daylight,Straight - Level,Local Street,Dry,"Two-Way, Divided, Unprotected Median",None,No Special Feature,Smooth Asphalt,9 or more lanes,"35.240016887, -80.797803229"
1810,None - Rural Crash,Buncombe,Mountains,Residential,Urban (>70% Developed),NA,Rural,30 - 35  MPH,"Double Yellow Line, No Passing Zone",Clear,No,24,20-24,No,NA,With Traffic,C: Possible Injury,Travel Lane,White,Male,36,30-39,No,NA,16-20 mph,O: No Injury,White,Male,Passenger Car,No,01MAR2012,Thursday,Bicyclist Left Turn / Merge,17,Intersection,March,C: Possible Injury,17:49:00,Bicyclist Left Turn - Same Direction,2012,No,No,Daylight,Straight - Level,State Secondary Route,Dry,"Two-Way, Not Divided",None,T-Intersection,Coarse Asphalt,2 lanes,"35.4752468704, -82.5580037638"
1848,Pinehurst,Moore,Piedmont,Residential,Mixed (30% To 70% Developed),NA,Urban,30 - 35  MPH,Stop Sign,Clear,No,NA,NA,Yes,NA,With Traffic,Unknown Injury,Travel Lane,Unknown/Missing,NA,63,60-69,No,NA,6-10 mph,O: No Injury,White,Male,Pickup,Yes,28FEB2012,Tuesday,Motorist Failed to Yield - Sign-Controlled Intersection,7,Intersection,February,O: No Injury,07:10:00,Motorist Drive Out - Sign-Controlled Intersection,2012,No,No,Daylight,Straight - Level,NC Route,Dry,"Two-Way, Not Divided",None,T-Intersection,Smooth Asphalt,2 lanes,"35.191166924, -79.4722028292"
1820,Greensboro,Guilford,Piedmont,Residential,Urban (>70% Developed),NA,Urban,30 - 35  MPH,No Control Present,Rain,No,32,30-39,No,NA,With Traffic,B: Evident Injury,Travel Lane,Hispanic,Male,70+,70+,No,NA,31-35 mph,O: No Injury,Hispanic,Male,Passenger Car,No,16FEB2012,Thursday,Motorist Overtaking Bicyclist,19,Non-Intersection,February,B: Evident Injury,19:43:00,Motorist Overtaking - Other / Unknown,2012,Yes,No,Dark - Lighted Roadway,Straight - Level,Local Street,Wet,"Two-Way, Not Divided",None,No Special Feature,Smooth Asphalt,5 lanes,"36.1262371098, -79.8319029878"
1850,Gastonia,Gaston,Piedmont,Residential,Urban (>70% Developed),NA,Urban,30 - 35  MPH,Stop Sign,Cloudy,No,26,25-29,No,NA,With Traffic,C: Possible Injury,Travel Lane,White,Male,42,40-49,No,NA,16-20 mph,O: No Injury,Black,Male,Van,No,08MAR2012,Thursday,Bicyclist Failed to Yield - Sign-Controlled Intersection,15,Intersection,March,C: Possible Injury,15:22:00,Bicyclist Ride Through - Sign-Controlled Intersection,2012,Yes,No,Daylight,Straight - Grade,Local Street,Dry,"Two-Way, Not Divided",None,Four-Way Intersection,Coarse Asphalt,2 lanes,"35.2556768765, -81.1745033417"
5424,Charlotte,Mecklenburg,Piedmont,Commercial,Urban (>70% Developed),NA,Urban,5 - 15 MPH,Stop Sign,Clear,No,17,16-19,No,NA,Facing Traffic,C: Possible Injury,Travel Lane,Black,Male,NA,NA,Missing,NA,6-10 mph,Unknown Injury,Unknown/Missing,NA,NA,No,05SEP2009,Saturday,Motorist Failed to Yield - Sign-Controlled Intersection,20,Intersection,September,C: Possible Injury,20:24:00,Motorist Drive Out - Sign-Controlled Intersection,2009,Yes,Yes,Dark - Lighted Roadway,Straight - Level,Local Street,Dry,"Two-Way, Divided, Positive Median Barrier",None,T-Intersection,Smooth Asphalt,2 lanes,"35.0990288573, -80.7819332171"
5428,Charlotte,Mecklenburg,Piedmont,Commercial,Urban (>70% Developed),NA,Urban,30 - 35  MPH,Flashing Signal With Stop Sign,Clear,No,35,30-39,No,NA,With Traffic,C: Possible Injury,Travel Lane,White,Male,70+,70+,No,NA,6-10 mph,O: No Injury,Black,Female,Passenger Car,No,29SEP2009,Tuesday,Motorist Failed to Yield - Sign-Controlled Intersection,19,Intersection,September,C: Possible Injury,19:40:00,Motorist Drive Out - Sign-Controlled Intersection,2009,No,No,Dark - Lighted Roadway,Straight - Level,Local Street,Dry,"Two-Way, Not Divided",None,No Special Feature,Smooth Asphalt,2 lanes,"35.2147018794, -80.856963245"
5429,Fayetteville,Cumberland,Coastal,Commercial,Urban (>70% Developed),NA,Urban,30 - 35  MPH,No Control Present,Clear,No,23,20-24,No,NA,Facing Traffic,C: Possible Injury,Sidewalk / Crosswalk / Driveway Crossing,Black,Male,57,50-59,No,NA,6-10 mph,Unknown Injury,White,Male,Pickup,No,19AUG2009,Wednesday,Motorist Left Turn / Merge,8,Non-Intersection,August,C: Possible Injury,08:39:00,Motorist Left Turn - Same Direction,2009,No,No,Daylight,Straight - Level,Local Street,Dry,"Two-Way, Not Divided",None,No Special Feature,Grooved Concrete,3 lanes,"35.0898429186, -78.9856526781"
5439,Greensboro,Guilford,Piedmont,Residential,Urban (>70% Developed),NA,Urban,30 - 35  MPH,Human Control,Cloudy,No,52,50-59,No,NA,Facing Traffic,B: Evident Injury,Sidewalk / Crosswalk / Driveway Crossing,White,Female,28,25-29,No,NA,NA,O: No Injury,Black,Female,Sport Utility,No,27JUL2009,Monday,Motorist Failed to Yield - Sign-Controlled Intersection,15,Intersection,July,B: Evident Injury,15:46:00,Motorist Drive Out - Sign-Controlled Intersection,2009,Yes,No,Daylight,Straight - Bottom,Local Street,Dry,"Two-Way, Divided, Positive Median Barrier",None,T-Intersection,Smooth Asphalt,4 lanes,"36.0203010878, -79.8241329802"
5440,Charlotte,Mecklenburg,Piedmont,Commercial,Urban (>70% Developed),NA,Urban,30 - 35  MPH,Stop And Go Signal,Clear,No,24,20-24,No,NA,Facing Traffic,C: Possible Injury,Travel Lane,Hispanic,Male,55,50-59,No,NA,0-5 mph,O: No Injury,Black,Male,Passenger Car,No,29MAY2009,Friday,Motorist Left Turn / Merge,11,Intersection,May,C: Possible Injury,11:07:00,Motorist Left Turn - Opposite Direction,2009,No,No,Daylight,Straight - Level,Local Street,Dry,"Two-Way, Divided, Unprotected Median",None,No Special Feature,Smooth Asphalt,5 lanes,"35.1525638648, -80.8763232477"
5448,Charlotte,Mecklenburg,Piedmont,Residential,Urban (>70% Developed),NA,Urban,20 - 25  MPH,Stop Sign,Clear,No,51,50-59,No,NA,Facing Traffic,C: Possible Injury,Travel Lane,White,Male,22,20-24,No,NA,0-5 mph,O: No Injury,Black,Female,Passenger Car,No,13JAN2009,Tuesday,Motorist Failed to Yield - Sign-Controlled Intersection,18,Intersection,January,C: Possible Injury,18:47:00,Motorist Drive Out - Sign-Controlled Intersection,2009,No,No,Dark - Roadway Not Lighted,Straight - Level,Local Street,Dry,"Two-Way, Divided, Positive Median Barrier",None,T-Intersection,Smooth Asphalt,2 lanes,"35.1567768645, -80.9222132616"
5459,Charlotte,Mecklenburg,Piedmont,Commercial,Urban (>70% Developed),NA,Urban,30 - 35  MPH,Stop And Go Signal,Clear,No,58,50-59,No,NA,With Traffic,K: Killed,Travel Lane,White,Male,50,50-59,No,NA,21-25 mph,O: No Injury,Black,Female,Passenger Car,No,08FEB2008,Friday,Motorist Left Turn / Merge,15,Intersection,February,K: Killed,15:52:00,Motorist Left Turn - Opposite Direction,2008,Yes,No,Daylight,Curve - Hillcrest,Local Street,Dry,"Two-Way, Divided, Positive Median Barrier",None,Four-Way Intersection,Smooth Asphalt,3 lanes,"35.2034368787, -80.800573228"
5460,Charlotte,Mecklenburg,Piedmont,Residential,Urban (>70% Developed),NA,Urban,20 - 25  MPH,Stop Sign,Clear,No,9,6-10,No,NA,With Traffic,C: Possible Injury,Travel Lane,Black,Female,20,20-24,No,NA,6-10 mph,O: No Injury,Black,Female,Passenger Car,No,18FEB2008,Monday,Bicyclist Failed to Yield - Sign-Controlled Intersection,11,Intersection-Related,February,C: Possible Injury,11:50:00,Bicyclist Ride Through - Sign-Controlled Intersection,2008,No,No,Daylight,Straight - Grade,Local Street,Dry,"Two-Way, Not Divided",None,T-Intersection,Smooth Asphalt,2 lanes,"35.1592588653, -80.898133255"
5469,Charlotte,Mecklenburg,Piedmont,Commercial,Urban (>70% Developed),NA,Urban,30 - 35  MPH,Stop Sign,Clear,No,32,30-39,No,NA,Facing Traffic,O: No Injury,Travel Lane,Black,Male,46,40-49,No,NA,0-5 mph,O: No Injury,Black,Female,Commercial Bus,No,05MAR2008,Wednesday,Motorist Failed to Yield - Sign-Controlled Intersection,14,Intersection,March,O: No Injury,14:20:00,Motorist Drive Out - Sign-Controlled Intersection,2008,No,No,Daylight,Straight - Level,Local Street,Dry,"Two-Way, Not Divided",None,T-Intersection,Smooth Asphalt,3 lanes,"35.2879438948, -80.8584472498"
5472,Cary,Wake,Piedmont,Residential,Mixed (30% To 70% Developed),NA,Urban,40 - 45  MPH,No Control Present,Clear,No,46,40-49,No,NA,With Traffic,O: No Injury,Travel Lane,White,Female,NA,NA,Missing,NA,36-40 mph,Unknown Injury,Unknown/Missing,NA,Pickup,No,18MAR2008,Tuesday,Motorist Overtaking Bicyclist,18,Non-Intersection,March,O: No Injury,18:00:00,Motorist Overtaking - Misjudged Space,2008,No,Yes,Dusk,Straight - Grade,State Secondary Route,Dry,"Two-Way, Not Divided",None,No Special Feature,Coarse Asphalt,2 lanes,"35.8293950814, -78.9002486909"
5485,Statesville,Iredell,Piedmont,Commercial,Urban (>70% Developed),NA,Urban,30 - 35  MPH,Stop Sign,Clear,No,51,50-59,No,NA,With Traffic,C: Possible Injury,Travel Lane,White,Male,59,50-59,No,NA,0-5 mph,O: No Injury,White,Female,Passenger Car,No,09JAN2008,Wednesday,Motorist Failed to Yield - Sign-Controlled Intersection,15,Intersection,January,C: Possible Injury,15:05:00,Motorist Drive Through - Sign-Controlled Intersection,2008,Yes,No,Daylight,Straight - Level,Local Street,Dry,"Two-Way, Not Divided",None,T-Intersection,Smooth Asphalt,2 lanes,"35.7870929984, -80.918663295"
5496,Raleigh,Wake,Piedmont,Commercial,Urban (>70% Developed),NA,Urban,5 - 15 MPH,Missing,Clear,No,26,25-29,No,NA,Not Applicable,O: No Injury,Sidewalk / Crosswalk / Driveway Crossing,White,Male,56,50-59,No,NA,NA,O: No Injury,White,Female,Passenger Car,No,14JAN2008,Monday,Non-Roadway,18,Non-Roadway,January,O: No Injury,18:33:00,Non-Roadway,2008,No,No,Dark - Lighted Roadway,Straight - Level,Public Vehicular Area,Dry,"Two-Way, Not Divided",None,"Driveway, Public",Smooth Asphalt,NA,"35.8569440978, -78.5935425998"
5513,None - Rural Crash,Davie,Piedmont,Residential,Mixed (30% To 70% Developed),NA,Rural,50 - 55  MPH,Missing,Clear,No,41,40-49,No,NA,With Traffic,C: Possible Injury,Travel Lane,White,Male,61,60-69,No,NA,NA,O: No Injury,White,Male,Police,No,26JAN2008,Saturday,Parallel Paths - Other Circumstances,11,Non-Intersection,January,C: Possible Injury,11:30:00,Parallel Paths - Other / Unknown,2008,No,No,Daylight,Straight - Level,State Secondary Route,Dry,"Two-Way, Not Divided",None,No Special Feature,Smooth Asphalt,2 lanes,"35.983717054, -80.5336031911"
5519,Weaverville,Buncombe,Mountains,Residential,Urban (>70% Developed),NA,Rural,40 - 45  MPH,Missing,Cloudy,No,69,60-69,No,NA,With Traffic,C: Possible Injury,Travel Lane,White,Male,24,20-24,No,NA,41-45 mph,O: No Injury,White,Female,Passenger Car,No,29JAN2008,Tuesday,Motorist Overtaking Bicyclist,16,Non-Intersection,January,C: Possible Injury,16:35:00,Motorist Overtaking - Misjudged Space,2008,No,No,Daylight,Curve - Level,Local Street,Dry,"Two-Way, Not Divided",None,No Special Feature,Smooth Asphalt,2 lanes,"35.6888229149, -82.560643777"
5520,Wilmington,New Hanover,Coastal,Commercial,Urban (>70% Developed),NA,Urban,40 - 45  MPH,Missing,Clear,No,39,30-39,No,NA,With Traffic,A: Disabling Injury,Travel Lane,White,Male,46,40-49,No,NA,41-45 mph,O: No Injury,Black,Male,"Single Unit Truck (2-Axle, 6-Tire)",No,29JAN2008,Tuesday,Motorist Overtaking Bicyclist,13,Non-Intersection,January,A: Disabling Injury,13:13:00,Motorist Overtaking - Misjudged Space,2008,Yes,No,Daylight,Straight - Level,Local Street,Dry,"Two-Way, Not Divided",None,No Special Feature,Coarse Asphalt,5 lanes,"34.258410775, -77.8360822901"
5522,None - Rural Crash,Wake,Piedmont,"Farms, Woods, Pastures",Rural (<30% Developed),NA,Rural,40 - 45  MPH,"Double Yellow Line, No Passing Zone",Cloudy,No,17,16-19,No,NA,With Traffic,C: Possible Injury,Bike Lane / Paved Shoulder,White,Male,70+,70+,No,NA,21-25 mph,O: No Injury,White,Male,Pickup,No,30JAN2008,Wednesday,Motorist Overtaking Bicyclist,7,Non-Intersection,January,C: Possible Injury,07:32:00,Motorist Overtaking - Other / Unknown,2008,Yes,No,Daylight,Straight - Grade,State Secondary Route,Dry,"Two-Way, Not Divided",None,No Special Feature,Smooth Asphalt,2 lanes,"35.6603070505, -78.7467426353"
5524,Raleigh,Wake,Piedmont,Institutional,Urban (>70% Developed),NA,Urban,30 - 35  MPH,Stop And Go Signal,Clear,No,42,40-49,No,NA,With Traffic,B: Evident Injury,NA,Black,Female,22,20-24,No,NA,0-5 mph,O: No Injury,White,Female,Passenger Car,No,20JAN2008,Sunday,Motorist Right Turn / Merge,14,Non-Intersection,January,B: Evident Injury,14:11:00,Motorist Right Turn - Same Direction,2008,Yes,No,Daylight,Straight - Bottom,Local Street,Dry,"Two-Way, Not Divided",None,"Driveway, Public",Coarse Asphalt,3 lanes,"35.79033708, -78.6791526221"
5533,Chadbourn,Columbus,Coastal,Institutional,Urban (>70% Developed),NA,Rural,20 - 25  MPH,No Control Present,Clear,No,8,6-10,No,NA,Not Applicable,O: No Injury,Other,Black,Male,19,0-19,No,NA,6-10 mph,O: No Injury,Black,Male,Pickup,No,02FEB2008,Saturday,Bicyclist Failed to Yield - Midblock,14,Non-Intersection,February,O: No Injury,14:20:00,Bicyclist Ride Out - Other Midblock,2008,No,No,Daylight,Straight - Level,Local Street,Dry,"Two-Way, Not Divided",None,No Special Feature,Smooth Asphalt,2 lanes,"34.3257467571, -78.8213065902"
5535,None - Rural Crash,New Hanover,Coastal,Residential,Rural (<30% Developed),NA,Rural,30 - 35  MPH,Stop Sign,Other,No,13,11-15,No,NA,With Traffic,O: No Injury,Travel Lane,White,Male,56,50-59,No,NA,16-20 mph,O: No Injury,White,Female,Sport Utility,No,04FEB2008,Monday,Bicyclist Failed to Yield - Sign-Controlled Intersection,10,Intersection,February,O: No Injury,10:46:00,Bicyclist Ride Through - Sign-Controlled Intersection,2008,No,No,NA,Straight - Level,State Secondary Route,NA,"Two-Way, Not Divided",NA,Four-Way Intersection,Smooth Asphalt,2 lanes,"34.2740867771, -77.8841723054"
5538,Ahoskie,Hertford,Coastal,Residential,Urban (>70% Developed),NA,Rural,30 - 35  MPH,Stop Sign,Clear,No,68,60-69,No,NA,Facing Traffic,C: Possible Injury,Travel Lane,Black,Male,70+,70+,No,NA,6-10 mph,O: No Injury,Black,Female,Passenger Car,No,04FEB2008,Monday,Motorist Failed to Yield - Sign-Controlled Intersection,13,Intersection,February,C: Possible Injury,13:38:00,Motorist Drive Through - Sign-Controlled Intersection,2008,No,No,Daylight,Straight - Level,Local Street,Dry,"Two-Way, Not Divided",None,Y-Intersection,Smooth Asphalt,2 lanes,"36.282397245, -76.9799221296"
5541,Cary,Wake,Piedmont,Residential,Urban (>70% Developed),NA,Urban,20 - 25  MPH,Stop Sign,Clear,Yes,45,40-49,No,NA,Facing Traffic,B: Evident Injury,Other,White,Male,25,25-29,No,NA,0-5 mph,O: No Injury,White,Female,Passenger Car,No,19APR2008,Saturday,Motorist Failed to Yield - Sign-Controlled Intersection,9,Intersection,April,B: Evident Injury,09:00:00,Motorist Drive Out - Sign-Controlled Intersection,2008,Yes,No,Daylight,Straight - Level,Local Street,Dry,"Two-Way, Divided, Unprotected Median",None,T-Intersection,Smooth Asphalt,2 lanes,"35.7228540623, -78.7798226482"
5557,None - Rural Crash,Orange,Piedmont,Residential,Mixed (30% To 70% Developed),NA,Rural,40 - 45  MPH,Missing,Clear,No,47,40-49,No,NA,With Traffic,O: No Injury,Travel Lane,White,Female,NA,NA,Missing,NA,41-45 mph,Unknown Injury,Unknown/Missing,NA,NA,No,15FEB2008,Friday,Motorist Overtaking Bicyclist,13,Non-Intersection,February,O: No Injury,13:45:00,Motorist Overtaking - Misjudged Space,2008,No,Yes,Daylight,Straight - Level,State Secondary Route,Dry,"Two-Way, Not Divided",None,No Special Feature,Smooth Asphalt,2 lanes,"36.0578031263, -79.0030527338"
5566,Wilmington,New Hanover,Coastal,Commercial,Urban (>70% Developed),NA,Urban,40 - 45  MPH,No Control Present,Rain,No,43,40-49,No,NA,With Traffic,B: Evident Injury,Travel Lane,White,Male,47,40-49,No,NA,16-20 mph,O: No Injury,White,Female,Passenger Car,No,18FEB2008,Monday,Motorist Overtaking Bicyclist,6,Non-Intersection,February,B: Evident Injury,06:43:00,Motorist Overtaking - Undetected Bicyclist,2008,Yes,No,Dark - Unknown Lighting,Straight - Level,Local Street,Wet,"Two-Way, Divided, Positive Median Barrier",NA,No Special Feature,Coarse Asphalt,5 lanes,"34.2600887758, -77.8264022866"
5575,None - Rural Crash,Wayne,Coastal,"Farms, Woods, Pastures",Rural (<30% Developed),NA,Rural,50 - 55  MPH,No Control Present,Clear,No,15,11-15,No,NA,With Traffic,B: Evident Injury,Travel Lane,White,Male,36,30-39,No,NA,36-40 mph,O: No Injury,Hispanic,Male,Passenger Car,No,24FEB2008,Sunday,Motorist Overtaking Bicyclist,14,Non-Intersection,February,B: Evident Injury,14:10:00,Motorist Overtaking - Bicyclist Swerved,2008,Yes,No,Daylight,Straight - Level,State Secondary Route,Dry,"Two-Way, Not Divided",None,No Special Feature,Coarse Asphalt,2 lanes,"35.3023830025, -77.8908123576"
5591,None - Rural Crash,Forsyth,Piedmont,Residential,Mixed (30% To 70% Developed),NA,Rural,40 - 45  MPH,"Double Yellow Line, No Passing Zone",Clear,No,18,16-19,No,NA,With Traffic,C: Possible Injury,Travel Lane,White,Female,35,30-39,No,NA,46-50 mph,O: No Injury,White,Male,Passenger Car,No,03MAR2008,Monday,Bicyclist Left Turn / Merge,14,Non-Intersection,March,C: Possible Injury,14:00:00,Bicyclist Left Turn - Same Direction,2008,Yes,No,Daylight,Straight - Level,State Secondary Route,Dry,"Two-Way, Not Divided",None,No Special Feature,Smooth Asphalt,2 lanes,"36.043337082, -80.1159770697"