object_id,city,county,region,development,locality,on_road,rural_urban,speed_limit,traffic_control,weather,workzone,bike_age,bike_age_group,bike_alcohol,bike_alcohol_drugs,bike_direction,bike_injury,bike_position,bike_race,bike_sex,driver_age,driver_age_group,driver_alcohol,driver_alcohol_drugs,driver_est_speed,driver_injury,driver_race,driver_sex,driver_vehicle_type,crash_alcohol,crash_date,crash_day,crash_group,crash_hour,crash_location,crash_month,crash_severity,crash_time,crash_type,crash_year,ambulance_req,hit_run,light_condition,road_character,road_class,road_condition,road_configuration,road_defects,road_feature,road_surface,num_lanes,geo_point
5592,None - Rural Crash,Halifax,Coastal,"Farms, Woods, Pastures",Rural (<30% Developed),NA,Rural,50 - 55  MPH,Missing,Clear,No,17,16-19,No,NA,With Traffic,C: Possible Injury,Travel Lane,Black,Male,46,40-49,No,NA,51-55 mph,O: No Injury,Black,Female,Passenger Car,No,03MAR2008,Monday,Bicyclist Left Turn / Merge,17,Non-Intersection,March,C: Possible Injury,17:14:00,Bicyclist Left Turn - Same Direction,2008,Yes,No,Daylight,Straight - Level,NC Route,Dry,"Two-Way, Divided, Unprotected Median",None,No Special Feature,Smooth Asphalt,2 lanes,"36.2032042131, -77.4175222592"
5601,Rocky Mount,Nash,Coastal,Commercial,Urban (>70% Developed),NA,Urban,40 - 45  MPH,Stop Sign,Rain,No,43,40-49,Yes,NA,With Traffic,A: Disabling Injury,Travel Lane,Black,Male,NA,NA,Missing,NA,41-45 mph,Unknown Injury,Unknown/Missing,NA,NA,Yes,07MAR2008,Friday,Motorist Overtaking Bicyclist,20,Intersection,March,A: Disabling Injury,20:07:00,Motorist Overtaking - Other / Unknown,2008,Yes,Yes,Dark - Lighted Roadway,Straight - Level,Local Street,Wet,"Two-Way, Divided, Unprotected Median",None,T-Intersection,Smooth Asphalt,4 lanes,"35.9312391413, -77.8128123655"
5603,Kitty Hawk,Dare,Coastal,Commercial,Urban (>70% Developed),NA,Rural,50 - 55  MPH,Stop And Go Signal,Rain,No,13,11-15,No,NA,With Traffic,B: Evident Injury,Travel Lane,White,Female,31,30-39,No,NA,41-45 mph,O: No Injury,White,Male,Pickup,No,08MAR2008,Saturday,Bicyclist Failed to Yield - Signalized Intersection,11,Intersection,March,B: Evident Injury,11:30:00,Bicyclist Ride Through - Signalized Intersection,2008,Yes,No,Daylight,Straight - Hillcrest,Local Street,Wet,"Two-Way, Not Divided",None,Four-Way Intersection,Coarse Asphalt,5 lanes,"36.0983842472, -75.7230017331"
5606,Greensboro,Guilford,Piedmont,Commercial,Urban (>70% Developed),NA,Urban,40 - 45  MPH,Missing,Clear,No,40,40-49,Yes,NA,Facing Traffic,B: Evident Injury,Travel Lane,Black,Male,42,40-49,No,NA,41-45 mph,O: No Injury,Black,Female,Passenger Car,Yes,09MAR2008,Sunday,Bicyclist Right Turn / Merge,0,Intersection,March,B: Evident Injury,00:11:00,Bicyclist Right Turn - Same Direction,2008,Yes,No,Dark - Lighted Roadway,Straight - Grade,Local Street,Dry,"Two-Way, Divided, Positive Median Barrier",None,T-Intersection,Smooth Asphalt,6 lanes,"36.0874251044, -79.7635989661"
5608,Chapel Hill,Orange,Piedmont,Residential,Urban (>70% Developed),NA,Urban,20 - 25  MPH,Stop Sign,Clear,No,12,11-15,No,NA,Facing Traffic,B: Evident Injury,Sidewalk / Crosswalk / Driveway Crossing,White,Male,49,40-49,No,NA,0-5 mph,O: No Injury,White,Male,Passenger Car,No,11MAR2008,Tuesday,Motorist Failed to Yield - Sign-Controlled Intersection,15,Intersection,March,B: Evident Injury,15:24:00,Motorist Drive Out - Sign-Controlled Intersection,2008,Yes,No,Daylight,Straight - Bottom,Local Street,Dry,"Two-Way, Not Divided",None,T-Intersection,Smooth Asphalt,2 lanes,"35.9361370985, -79.0355427373"
5610,Huntersville,Mecklenburg,Piedmont,Commercial,Urban (>70% Developed),NA,Urban,40 - 45  MPH,"Double Yellow Line, No Passing Zone",Clear,No,48,40-49,No,NA,Facing Traffic,B: Evident Injury,Travel Lane,White,Male,55,50-59,No,NA,0-5 mph,O: No Injury,Hispanic,Male,Passenger Car,No,11MAR2008,Tuesday,Motorist Failed to Yield - Sign-Controlled Intersection,15,Intersection,March,B: Evident Injury,15:08:00,Motorist Drive Out - Sign-Controlled Intersection,2008,Yes,No,Daylight,Straight - Level,Local Street,Dry,"Two-Way, Not Divided",None,T-Intersection,Smooth Asphalt,2 lanes,"35.4418019272, -80.8573792576"
5619,Salisbury,Rowan,Piedmont,Residential,Urban (>70% Developed),NA,Urban,20 - 25  MPH,Stop Sign,Clear,No,5,0-5,No,NA,With Traffic,C: Possible Injury,Travel Lane,Black,Male,52,50-59,No,NA,16-20 mph,O: No Injury,White,Female,Passenger Car,No,09MAY2008,Friday,Bicyclist Failed to Yield - Sign-Controlled Intersection,18,Intersection,May,C: Possible Injury,18:28:00,Bicyclist Ride Through - Sign-Controlled Intersection,2008,Yes,No,Daylight,Straight - Grade,Local Street,Dry,"Two-Way, Not Divided",None,T-Intersection,Smooth Asphalt,2 lanes,"35.6769069914, -80.4743731566"
5627,Sanford,Lee,Piedmont,Commercial,Urban (>70% Developed),NA,Urban,NA,Stop And Go Signal,Cloudy,No,52,50-59,No,NA,Facing Traffic,B: Evident Injury,NA,Black,Male,70+,70+,No,NA,NA,O: No Injury,White,Male,Passenger Car,No,19MAR2008,Wednesday,Crossing Paths - Other Circumstances,15,Intersection,March,B: Evident Injury,15:26:00,Signalized Intersection - Other / Unknown,2008,No,No,Daylight,Straight - Hillcrest,Local Street,Dry,"Two-Way, Divided, Unprotected Median",None,Four-Way Intersection,Smooth Asphalt,4 lanes,"35.4765389957, -79.1784927558"
5636,Durham,Durham,Piedmont,Commercial,Urban (>70% Developed),NA,Urban,60 - 75 MPH,No Control Present,Clear,No,18,16-19,No,NA,With Traffic,C: Possible Injury,Bike Lane / Paved Shoulder,White,Male,38,30-39,No,NA,56-60 mph,O: No Injury,Black,Male,Passenger Car,No,14MAY2008,Wednesday,Parallel Paths - Other Circumstances,8,Non-Intersection,May,C: Possible Injury,08:50:00,Bicyclist Ride Out - Parallel Path,2008,Yes,No,Daylight,Straight - Level,Interstate,Dry,"Two-Way, Divided, Positive Median Barrier",None,On or Off Ramp,Concrete,7 lanes,"36.025817121, -78.9440187144"
5638,Gastonia,Gaston,Piedmont,Commercial,Urban (>70% Developed),NA,Urban,NA,Missing,Clear,No,46,40-49,No,NA,Facing Traffic,C: Possible Injury,Travel Lane,White,Male,62,60-69,No,NA,NA,O: No Injury,Black,Female,Passenger Car,No,26MAR2008,Wednesday,Motorist Failed to Yield - Midblock,14,Non-Intersection,March,C: Possible Injury,14:07:00,Motorist Drive Out - Commercial Driveway / Alley,2008,No,No,Daylight,Straight - Level,Local Street,Dry,"Two-Way, Not Divided",None,"Driveway, Public",Smooth Asphalt,5 lanes,"35.2663368788, -81.1678833412"
5655,Charlotte,Mecklenburg,Piedmont,Residential,Urban (>70% Developed),NA,Urban,40 - 45  MPH,Stop Sign,Cloudy,No,38,30-39,No,NA,With Traffic,B: Evident Injury,Travel Lane,White,Male,48,40-49,No,NA,16-20 mph,O: No Injury,Black,Male,Passenger Car,No,20MAY2008,Tuesday,Motorist Failed to Yield - Sign-Controlled Intersection,18,Intersection,May,B: Evident Injury,18:05:00,Motorist Drive Out - Sign-Controlled Intersection,2008,No,No,Daylight,Straight - Level,Local Street,Dry,"Two-Way, Divided, Unprotected Median",None,No Special Feature,Smooth Asphalt,6 lanes,"35.1762838749, -80.7564932129"
5665,Rocky Mount,Edgecombe,Coastal,Residential,Urban (>70% Developed),NA,Urban,30 - 35  MPH,Stop Sign,Clear,No,15,11-15,No,NA,With Traffic,B: Evident Injury,NA,Black,Male,34,30-39,No,NA,NA,O: No Injury,Black,Female,Passenger Car,No,11APR2008,Friday,Loss of Control / Turning Error,21,Intersection,April,B: Evident Injury,21:18:00,Bicyclist Lost Control - Mechanical Problems,2008,No,No,Daylight,Straight - Level,Local Street,Dry,"Two-Way, Not Divided",None,No Special Feature,Coarse Asphalt,2 lanes,"35.9240951399, -77.7882523584"
5671,Carrboro,Orange,Piedmont,Residential,Urban (>70% Developed),NA,Urban,30 - 35  MPH,No Control Present,Clear,No,36,30-39,No,NA,With Traffic,B: Evident Injury,NA,White,Male,50,50-59,No,NA,31-35 mph,O: No Injury,White,Female,Passenger Car,No,08APR2008,Tuesday,Motorist Overtaking Bicyclist,17,Intersection,April,B: Evident Injury,17:37:00,Motorist Overtaking - Bicyclist Swerved,2008,No,No,Daylight,Straight - Level,Local Street,Dry,"Two-Way, Not Divided",None,T-Intersection,Smooth Asphalt,2 lanes,"35.9090970918, -79.0778687486"
5677,Charlotte,Mecklenburg,Piedmont,Commercial,Urban (>70% Developed),NA,Urban,30 - 35  MPH,Stop And Go Signal,Clear,No,13,11-15,No,NA,NA,K: Killed,Travel Lane,Black,Female,33,30-39,No,NA,26-30 mph,O: No Injury,Black,Female,School Bus,No,23MAY2008,Friday,Other / Unknown - Insufficient Details,15,Intersection,May,K: Killed,15:34:00,Unknown Approach Paths,2008,Yes,No,Daylight,Straight - Level,Local Street,Dry,"Two-Way, Not Divided",None,No Special Feature,Smooth Asphalt,4 lanes,"35.2056068769, -80.8693882486"
5678,Charlotte,Mecklenburg,Piedmont,Residential,Urban (>70% Developed),NA,Urban,20 - 25  MPH,Stop Sign,Clear,No,5,0-5,No,NA,NA,A: Disabling Injury,NA,Black,Female,37,30-39,No,NA,0-5 mph,O: No Injury,Black,Female,School Bus,No,12MAY2008,Monday,Other / Unknown - Insufficient Details,16,Intersection-Related,May,A: Disabling Injury,16:56:00,Unknown Approach Paths,2008,Yes,No,Daylight,Straight - Grade,Local Street,Dry,"Two-Way, Not Divided",None,T-Intersection,Smooth Asphalt,2 lanes,"35.234400891, -80.6571381868"
5679,Landis,Rowan,Piedmont,Residential,Rural (<30% Developed),NA,Rural,40 - 45  MPH,Missing,Clear,No,10,6-10,No,NA,With Traffic,B: Evident Injury,Travel Lane,White,Male,45,40-49,No,NA,41-45 mph,O: No Injury,White,Male,Motorcycle,No,11APR2008,Friday,Bicyclist Left Turn / Merge,16,Non-Intersection,April,B: Evident Injury,16:51:00,Bicyclist Left Turn - Same Direction,2008,No,No,Daylight,NA,Local Street,Dry,NA,None,No Special Feature,NA,NA,"35.5581869614, -80.6014931877"
5684,Durham,Durham,Piedmont,Residential,Urban (>70% Developed),NA,Urban,30 - 35  MPH,Stop Sign,Clear,No,42,40-49,No,NA,With Traffic,C: Possible Injury,Travel Lane,Black,Male,NA,NA,No,NA,11-15 mph,Unknown Injury,Unknown/Missing,NA,Passenger Car,No,30MAY2008,Friday,Parallel Paths - Other Circumstances,23,Intersection,May,C: Possible Injury,23:23:00,Parallel Paths - Other / Unknown,2008,Yes,Yes,Dark - Lighted Roadway,Straight - Level,Local Street,Dry,"Two-Way, Not Divided",None,No Special Feature,Coarse Asphalt,2 lanes,"35.9865271143, -78.9028327003"
5693,Raleigh,Wake,Piedmont,Commercial,Urban (>70% Developed),NA,Urban,30 - 35  MPH,Stop And Go Signal,Clear,No,28,25-29,No,NA,With Traffic,B: Evident Injury,NA,White,Male,20,20-24,No,NA,6-10 mph,O: No Injury,White,Female,Passenger Car,No,17APR2008,Thursday,Motorist Left Turn / Merge,8,Intersection,April,B: Evident Injury,08:46:00,Motorist Left Turn - Opposite Direction,2008,Yes,No,Daylight,Straight - Level,Local Street,Dry,"Two-Way, Divided, Unprotected Median",None,Four-Way Intersection,Coarse Asphalt,5 lanes,"35.7944410811, -78.688722625"
5694,Raleigh,Wake,Piedmont,Commercial,Urban (>70% Developed),NA,Urban,30 - 35  MPH,Stop And Go Signal,Clear,No,35,30-39,No,NA,With Traffic,B: Evident Injury,Sidewalk / Crosswalk / Driveway Crossing,White,Male,29,25-29,No,NA,6-10 mph,O: No Injury,Other,Female,Van,No,17APR2008,Thursday,Motorist Left Turn / Merge,18,Intersection,April,B: Evident Injury,18:26:00,Motorist Left Turn - Opposite Direction,2008,Yes,No,Daylight,Straight - Level,Local Street,Dry,"Two-Way, Not Divided",None,Four-Way Intersection,Smooth Asphalt,8 lanes,"35.7885850816, -78.6453576116"
5699,Siler City,Chatham,Piedmont,Residential,Urban (>70% Developed),NA,Urban,30 - 35  MPH,Stop Sign,Clear,No,7,6-10,No,NA,Facing Traffic,B: Evident Injury,Travel Lane,Hispanic,Male,24,20-24,No,NA,26-30 mph,O: No Injury,Hispanic,Male,Passenger Car,No,17APR2008,Thursday,Loss of Control / Turning Error,18,Intersection,April,B: Evident Injury,18:31:00,Bicyclist Lost Control - Mechanical Problems,2008,Yes,No,Daylight,Straight - Level,Local Street,Dry,"Two-Way, Not Divided",None,T-Intersection,Smooth Asphalt,2 lanes,"35.7242840381, -79.4687528563"
5710,Cary,Wake,Piedmont,Commercial,Urban (>70% Developed),NA,Urban,5 - 15 MPH,No Control Present,Clear,No,64,60-69,No,NA,Not Applicable,B: Evident Injury,Driveway / Alley,White,Male,38,30-39,No,NA,0-5 mph,O: No Injury,Black,Female,Van,No,27MAY2008,Tuesday,Non-Roadway,16,Non-Roadway,May,B: Evident Injury,16:00:00,Non-Roadway,2008,No,No,Daylight,Straight - Level,Public Vehicular Area,Dry,"Two-Way, Not Divided",None,"Driveway, Public",Smooth Asphalt,NA,"35.7921070778, -78.7748226505"
5721,Rocky Mount,Nash,Coastal,Commercial,Urban (>70% Developed),NA,Urban,30 - 35  MPH,"Double Yellow Line, No Passing Zone",Clear,No,12,11-15,No,NA,Not Applicable,C: Possible Injury,NA,Black,Male,24,20-24,No,NA,16-20 mph,O: No Injury,Black,Male,Passenger Car,No,06MAY2008,Tuesday,Bicyclist Failed to Yield - Midblock,17,Non-Intersection,May,C: Possible Injury,17:07:00,Multiple Threat - Midblock,2008,Yes,No,Daylight,Straight - Level,Local Street,Dry,"Two-Way, Not Divided",None,Four-Way Intersection,Smooth Asphalt,4 lanes,"35.9507071454, -77.7932923613"
5724,Hendersonville,Henderson,Mountains,Commercial,Urban (>70% Developed),NA,Urban,30 - 35  MPH,Stop And Go Signal,Cloudy,No,12,11-15,No,NA,Facing Traffic,B: Evident Injury,Sidewalk / Crosswalk / Driveway Crossing,White,Male,48,40-49,No,NA,0-5 mph,O: No Injury,White,Male,Passenger Car,No,27APR2008,Sunday,Motorist Failed to Yield - Signalized Intersection,14,Intersection,April,B: Evident Injury,14:07:00,Motorist Drive Out - Right Turn on Red,2008,Yes,No,Daylight,Curve - Grade,Local Street,Wet,"Two-Way, Divided, Unprotected Median",None,Four-Way Intersection,Smooth Asphalt,2 lanes,"35.322924842, -82.462653727"
5737,Raleigh,Wake,Piedmont,Commercial,Urban (>70% Developed),NA,Urban,30 - 35  MPH,Stop And Go Signal,Clear,No,24,20-24,No,NA,With Traffic,B: Evident Injury,Travel Lane,White,Male,21,20-24,No,NA,16-20 mph,Unknown Injury,White,Female,Passenger Car,No,02MAY2008,Friday,Motorist Left Turn / Merge,22,Intersection,May,B: Evident Injury,22:06:00,Motorist Left Turn - Opposite Direction,2008,Yes,No,Dark - Lighted Roadway,Straight - Level,Local Street,Dry,"Two-Way, Divided, Unprotected Median",None,No Special Feature,Smooth Asphalt,4 lanes,"35.7831220799, -78.6560026142"
5738,None - Rural Crash,Carteret,Coastal,Commercial,Mixed (30% To 70% Developed),NA,Rural,30 - 35  MPH,Stop And Go Signal,Clear,No,14,11-15,No,NA,With Traffic,B: Evident Injury,Travel Lane,White,Male,70+,70+,No,NA,6-10 mph,O: No Injury,White,Female,Passenger Car,No,03MAY2008,Saturday,Motorist Overtaking Bicyclist,16,Intersection,May,B: Evident Injury,16:00:00,Motorist Overtaking - Misjudged Space,2008,Yes,No,Daylight,Straight - Level,NC Route,Dry,"Two-Way, Not Divided",None,Four-Way Intersection,Coarse Asphalt,2 lanes,"34.6648098912, -77.0350520655"
5739,None - Rural Crash,Duplin,Coastal,"Farms, Woods, Pastures",Rural (<30% Developed),NA,Rural,50 - 55  MPH,No Control Present,Clear,No,62,60-69,No,NA,With Traffic,B: Evident Injury,Bike Lane / Paved Shoulder,White,Male,NA,NA,Missing,NA,51-55 mph,Unknown Injury,Unknown/Missing,NA,NA,No,03MAY2008,Saturday,Motorist Right Turn / Merge,13,Non-Intersection,May,B: Evident Injury,13:00:00,Motorist Right Turn - Same Direction,2008,Yes,Yes,Daylight,Straight - Level,NC Route,Dry,"Two-Way, Not Divided",None,No Special Feature,Coarse Asphalt,2 lanes,"35.1109609629, -77.8185923252"
5748,Charlotte,Mecklenburg,Piedmont,Commercial,Urban (>70% Developed),NA,Urban,5 - 15 MPH,No Control Present,Clear,No,19,16-19,No,NA,Not Applicable,O: No Injury,Non-Roadway,White,Male,70+,70+,No,NA,6-10 mph,O: No Injury,Black,Female,Passenger Car,No,13JUN2008,Friday,Non-Roadway,16,Non-Roadway,June,O: No Injury,16:39:00,Non-Roadway,2008,No,No,Daylight,Straight - Level,Public Vehicular Area,Dry,"Two-Way, Not Divided",None,No Special Feature,Smooth Asphalt,2 lanes,"35.1065818551, -80.879043246"
5749,Kinston,Lenoir,Coastal,Residential,Urban (>70% Developed),NA,Urban,30 - 35  MPH,No Control Present,Clear,No,14,11-15,No,NA,With Traffic,B: Evident Injury,Bike Lane / Paved Shoulder,Black,Male,28,25-29,No,NA,31-35 mph,O: No Injury,Black,Female,Passenger Car,No,10JUN2008,Tuesday,Bicyclist Left Turn / Merge,17,Non-Intersection,June,B: Evident Injury,17:56:00,Bicyclist Left Turn - Same Direction,2008,Yes,No,Daylight,Straight - Level,NC Route,Dry,"Two-Way, Divided, Unprotected Median",None,No Special Feature,Smooth Asphalt,4 lanes,"35.2632630047, -77.5725272585"
5760,Winston-Salem,Forsyth,Piedmont,Residential,Urban (>70% Developed),NA,Urban,NA,Missing,Clear,No,23,20-24,No,NA,With Traffic,O: No Injury,Sidewalk / Crosswalk / Driveway Crossing,White,Female,33,30-39,No,NA,NA,C: Possible Injury,Black,Female,Pedestrian,No,09MAY2008,Friday,Backing Vehicle,15,Non-Intersection,May,C: Possible Injury,15:52:00,Backing Vehicle,2008,Yes,No,Daylight,Straight - Hillcrest,Local Street,Dry,"Two-Way, Divided, Unprotected Median",None,"Driveway, Private",Smooth Asphalt,2 lanes,"36.0655510831, -80.206317098"
5762,Sanford,Lee,Piedmont,Commercial,Urban (>70% Developed),NA,Urban,30 - 35  MPH,Stop Sign,Clear,No,51,50-59,No,NA,With Traffic,C: Possible Injury,Travel Lane,White,Male,64,60-69,No,NA,6-10 mph,O: No Injury,Black,Male,Passenger Car,No,10MAY2008,Saturday,Motorist Failed to Yield - Sign-Controlled Intersection,20,Intersection,May,C: Possible Injury,20:47:00,Motorist Drive Out - Sign-Controlled Intersection,2008,Yes,No,Dark - Roadway Not Lighted,Straight - Level,Local Street,Dry,"Two-Way, Not Divided",None,Four-Way Intersection,Smooth Asphalt,2 lanes,"35.5224530053, -79.1831387602"
5765,Lumberton,Robeson,Coastal,Residential,Urban (>70% Developed),NA,Urban,40 - 45  MPH,No Control Present,Clear,No,60,60-69,Yes,NA,With Traffic,K: Killed,Travel Lane,Native American,Male,NA,NA,Missing,NA,51-55 mph,Unknown Injury,Unknown/Missing,NA,NA,Yes,10MAY2008,Saturday,Motorist Overtaking Bicyclist,3,Non-Intersection,May,K: Killed,03:09:00,Motorist Overtaking - Other / Unknown,2008,Yes,Yes,Dark - Lighted Roadway,Curve - Level,Local Street,Dry,"Two-Way, Not Divided",None,No Special Feature,Coarse Asphalt,2 lanes,"34.6873998302, -79.0159726667"
5773,Burlington,Alamance,Piedmont,Residential,Urban (>70% Developed),NA,Urban,30 - 35  MPH,Stop And Go Signal,Clear,No,42,40-49,No,NA,With Traffic,B: Evident Injury,Bike Lane / Paved Shoulder,White,Male,64,60-69,No,NA,0-5 mph,O: No Injury,White,Female,Passenger Car,No,12MAY2008,Monday,Motorist Right Turn / Merge,11,Intersection,May,B: Evident Injury,11:39:00,Motorist Right Turn - Same Direction,2008,No,No,Daylight,Straight - Grade,NC Route,Dry,"Two-Way, Not Divided",None,T-Intersection,Smooth Asphalt,5 lanes,"36.067827113, -79.4235328623"
5779,None - Rural Crash,Davidson,Piedmont,"Farms, Woods, Pastures",Rural (<30% Developed),NA,Rural,40 - 45  MPH,Stop Sign,Cloudy,No,69,60-69,No,NA,With Traffic,A: Disabling Injury,Travel Lane,White,Male,40,40-49,No,NA,0-5 mph,O: No Injury,White,Female,Passenger Car,No,14MAY2008,Wednesday,Motorist Failed to Yield - Sign-Controlled Intersection,17,Intersection,May,A: Disabling Injury,17:35:00,Motorist Drive Out - Sign-Controlled Intersection,2008,Yes,No,Daylight,Straight - Grade,State Secondary Route,Dry,"Two-Way, Not Divided",None,Four-Way Intersection,Smooth Asphalt,2 lanes,"35.9338910585, -80.1370130697"
5787,Charlotte,Mecklenburg,Piedmont,Commercial,Urban (>70% Developed),NA,Urban,30 - 35  MPH,Stop And Go Signal,Clear,No,39,30-39,No,NA,With Traffic,O: No Injury,NA,Other,Male,28,25-29,No,NA,6-10 mph,O: No Injury,Black,Female,Passenger Car,No,20JUN2008,Friday,Bicyclist Failed to Yield - Signalized Intersection,7,Intersection,June,O: No Injury,07:03:00,Bicyclist Failed to Clear - Trapped,2008,No,No,Daylight,Straight - Level,Local Street,Dry,"Two-Way, Divided, Unprotected Median",None,Four-Way Intersection,Smooth Asphalt,6 lanes,"35.2290828822, -80.867023249"
5790,Fayetteville,Cumberland,Coastal,Commercial,Urban (>70% Developed),NA,Urban,40 - 45  MPH,No Control Present,Clear,No,63,60-69,No,NA,Facing Traffic,C: Possible Injury,Travel Lane,Asian,Male,30,30-39,No,NA,6-10 mph,O: No Injury,White,Male,Passenger Car,No,19MAY2008,Monday,Head-On,10,Non-Intersection,May,C: Possible Injury,10:55:00,Head-On - Bicyclist,2008,Yes,No,Daylight,Straight - Level,Local Street,Dry,"Two-Way, Not Divided",None,No Special Feature,Coarse Asphalt,6 lanes,"35.0915519182, -79.0106426853"
5794,None - Rural Crash,Buncombe,Mountains,Commercial,Mixed (30% To 70% Developed),NA,Rural,30 - 35  MPH,"Double Yellow Line, No Passing Zone",Clear,No,29,25-29,No,NA,With Traffic,B: Evident Injury,Travel Lane,White,Female,70+,70+,No,NA,31-35 mph,O: No Injury,White,Female,Passenger Car,No,21MAY2008,Wednesday,Motorist Left Turn / Merge,8,Non-Intersection,May,B: Evident Injury,08:03:00,Motorist Left Turn - Opposite Direction,2008,Yes,No,Daylight,Straight - Level,State Secondary Route,Dry,"Two-Way, Not Divided",None,Y-Intersection,Smooth Asphalt,2 lanes,"35.6043869041, -82.3918537226"
5808,Wilmington,New Hanover,Coastal,Commercial,Urban (>70% Developed),NA,Urban,NA,Missing,"Fog, Smog, Smoke",No,50,50-59,No,NA,Facing Traffic,C: Possible Injury,Sidewalk / Crosswalk / Driveway Crossing,Black,Male,24,20-24,No,NA,NA,O: No Injury,White,Female,Passenger Car,No,15MAY2008,Thursday,Motorist Failed to Yield - Midblock,12,Non-Intersection,May,C: Possible Injury,12:54:00,Motorist Drive Out - Other Midblock,2008,No,No,Daylight,Straight - Level,Local Street,Dry,"Two-Way, Divided, Positive Median Barrier",None,"Driveway, Public",Concrete,4 lanes,"34.1970067583, -77.9211223125"
5815,Charlotte,Mecklenburg,Piedmont,Commercial,Urban (>70% Developed),NA,Urban,30 - 35  MPH,Stop Sign,Clear,No,48,40-49,No,NA,With Traffic,B: Evident Injury,Travel Lane,White,Male,49,40-49,No,NA,6-10 mph,O: No Injury,White,Female,Passenger Car,No,07JUN2008,Saturday,Motorist Failed to Yield - Sign-Controlled Intersection,12,Intersection,June,B: Evident Injury,12:10:00,Motorist Drive Out - Sign-Controlled Intersection,2008,Yes,No,Daylight,Straight - Level,Local Street,Dry,"Two-Way, Not Divided",None,Four-Way Intersection,Smooth Asphalt,2 lanes,"35.0620488476, -80.819728226"
5822,Greensboro,Guilford,Piedmont,Institutional,Urban (>70% Developed),NA,Urban,30 - 35  MPH,Missing,Clear,No,51,50-59,Yes,NA,With Traffic,C: Possible Injury,Travel Lane,White,Male,37,30-39,No,NA,21-25 mph,O: No Injury,White,Female,Pickup,Yes,29MAY2008,Thursday,Bicyclist Left Turn / Merge,15,Intersection,May,C: Possible Injury,15:53:00,Bicyclist Left Turn - Opposite Direction,2008,No,No,Daylight,Straight - Bottom,Local Street,Dry,"Two-Way, Not Divided",None,Four-Way Intersection,Smooth Asphalt,3 lanes,"36.0632370975, -79.8154029801"
5825,Winston-Salem,Forsyth,Piedmont,Commercial,Urban (>70% Developed),NA,Urban,30 - 35  MPH,Missing,Clear,No,16,16-19,No,NA,Facing Traffic,B: Evident Injury,Bike Lane / Paved Shoulder,Black,Male,35,30-39,No,NA,0-5 mph,O: No Injury,Black,Male,Pickup,No,29MAY2008,Thursday,Motorist Failed to Yield - Midblock,18,Non-Intersection,May,B: Evident Injury,18:03:00,Motorist Drive Out - Other Midblock,2008,Yes,No,Daylight,Curve - Grade,Local Street,Dry,"Two-Way, Divided, Positive Median Barrier",None,No Special Feature,Coarse Asphalt,4 lanes,"36.0699990822, -80.2701981167"
5827,Raleigh,Wake,Piedmont,Residential,Urban (>70% Developed),NA,Urban,30 - 35  MPH,Stop Sign,Clear,No,24,20-24,No,NA,Facing Traffic,C: Possible Injury,Sidewalk / Crosswalk / Driveway Crossing,White,Male,39,30-39,No,NA,0-5 mph,O: No Injury,Black,Male,Sport Utility,No,30MAY2008,Friday,Motorist Failed to Yield - Sign-Controlled Intersection,15,Intersection,May,C: Possible Injury,15:40:00,Motorist Drive Out - Sign-Controlled Intersection,2008,Yes,No,Daylight,Straight - Grade,Local Street,Dry,"Two-Way, Divided, Unprotected Median",None,No Special Feature,Smooth Asphalt,2 lanes,"35.7666270745, -78.700222627"
5832,Salisbury,Rowan,Piedmont,Commercial,Urban (>70% Developed),NA,Urban,5 - 15 MPH,No Control Present,Clear,No,48,40-49,No,NA,Not Applicable,C: Possible Injury,Non-Roadway,White,Male,62,60-69,No,NA,0-5 mph,O: No Injury,White,Male,Pickup,No,30JUN2008,Monday,Non-Roadway,9,Non-Roadway,June,C: Possible Injury,09:43:00,Non-Roadway,2008,Yes,No,Daylight,Straight - Grade,Public Vehicular Area,Dry,"One-Way, Not Divided",None,"Driveway, Public",Smooth Asphalt,NA,"35.6990869944, -80.5316831743"
5834,None - Rural Crash,Chatham,Piedmont,"Farms, Woods, Pastures",Rural (<30% Developed),NA,Rural,50 - 55  MPH,"Double Yellow Line, No Passing Zone",Clear,No,50,50-59,No,NA,With Traffic,B: Evident Injury,Travel Lane,White,Male,56,50-59,No,NA,0-5 mph,O: No Injury,White,Male,Passenger Car,No,29JUN2008,Sunday,Motorist Left Turn / Merge,10,Non-Intersection,June,B: Evident Injury,10:03:00,Motorist Left Turn - Opposite Direction,2008,Yes,No,Daylight,Straight - Level,State Secondary Route,Dry,"Two-Way, Not Divided",None,No Special Feature,Coarse Asphalt,2 lanes,"35.8151850653, -79.2483927957"
5836,None - Rural Crash,Johnston,Coastal,"Farms, Woods, Pastures",Rural (<30% Developed),NA,Rural,50 - 55  MPH,No Control Present,Clear,No,12,11-15,No,NA,With Traffic,B: Evident Injury,Travel Lane,White,Male,20,20-24,No,NA,31-35 mph,O: No Injury,White,Female,Passenger Car,No,07JUN2008,Saturday,Bicyclist Left Turn / Merge,15,Non-Intersection,June,B: Evident Injury,15:20:00,Bicyclist Left Turn - Same Direction,2008,Yes,No,Daylight,Straight - Level,State Secondary Route,Dry,"Two-Way, Not Divided",None,No Special Feature,Smooth Asphalt,2 lanes,"35.5501890356, -78.4882525515"
5840,None - Rural Crash,Orange,Piedmont,"Farms, Woods, Pastures",Rural (<30% Developed),NA,Rural,50 - 55  MPH,"Double Yellow Line, No Passing Zone",Clear,No,59,50-59,No,NA,With Traffic,K: Killed,Travel Lane,White,Male,26,25-29,No,NA,51-55 mph,C: Possible Injury,White,Male,Sport Utility,No,03JUN2008,Tuesday,Loss of Control / Turning Error,8,Non-Intersection,June,K: Killed,08:02:00,Motorist Lost Control - Other / Unknown,2008,Yes,No,Daylight,Curve - Level,State Secondary Route,Dry,"Two-Way, Not Divided",None,No Special Feature,Smooth Asphalt,2 lanes,"36.1046401366, -78.9919327333"