object_id,city,county,region,development,locality,on_road,rural_urban,speed_limit,traffic_control,weather,workzone,bike_age,bike_age_group,bike_alcohol,bike_alcohol_drugs,bike_direction,bike_injury,bike_position,bike_race,bike_sex,driver_age,driver_age_group,driver_alcohol,driver_alcohol_drugs,driver_est_speed,driver_injury,driver_race,driver_sex,driver_vehicle_type,crash_alcohol,crash_date,crash_day,crash_group,crash_hour,crash_location,crash_month,crash_severity,crash_time,crash_type,crash_year,ambulance_req,hit_run,light_condition,road_character,road_class,road_condition,road_configuration,road_defects,road_feature,road_surface,num_lanes,geo_point
5843,Sharpsburg,Nash,Coastal,Commercial,Mixed (30% To 70% Developed),NA,Rural,40 - 45  MPH,Missing,Clear,No,45,40-49,No,NA,Not Applicable,C: Possible Injury,Non-Roadway,White,Female,21,20-24,No,NA,41-45 mph,O: No Injury,Black,Female,Passenger Car,No,10FEB2008,Sunday,Bicyclist Failed to Yield - Midblock,18,Non-Intersection,February,C: Possible Injury,18:00:00,Bicyclist Ride Out - Commercial Driveway / Alley,2008,Yes,No,Dark - Roadway Not Lighted,Straight - Level,Local Street,Dry,"Two-Way, Divided, Unprotected Median",None,No Special Feature,Coarse Asphalt,4 lanes,"35.8612701251, -77.8331473681"
5849,Jacksonville,Onslow,Coastal,Commercial,Urban (>70% Developed),NA,Urban,NA,Stop And Go Signal,Clear,No,60,60-69,No,NA,NA,O: No Injury,NA,White,Male,44,40-49,No,NA,NA,C: Possible Injury,Black,Male,Pedalcycle,No,06JUN2008,Friday,Crossing Paths - Other Circumstances,17,Intersection,June,C: Possible Injury,17:28:00,Signalized Intersection - Other / Unknown,2008,Yes,No,Daylight,Straight - Level,Local Street,Dry,"Two-Way, Not Divided",None,No Special Feature,Smooth Asphalt,7 lanes,"34.7449218974, -77.3792821741"
5851,None - Rural Crash,Nash,Coastal,"Farms, Woods, Pastures",Rural (<30% Developed),NA,Rural,50 - 55  MPH,Missing,Clear,No,9,6-10,No,NA,NA,B: Evident Injury,NA,White,Male,60,60-69,No,NA,51-55 mph,O: No Injury,Black,Male,Passenger Car,No,18JUN2008,Wednesday,Bicyclist Failed to Yield - Midblock,14,Non-Intersection,June,B: Evident Injury,14:49:00,Bicyclist Ride Out - Midblock - Unknown,2008,No,No,Daylight,Straight - Grade,US Route,Dry,"Two-Way, Not Divided",None,No Special Feature,Coarse Asphalt,2 lanes,"35.7906950992, -78.141522458"
5852,None - Rural Crash,Cumberland,Coastal,Residential,Urban (>70% Developed),NA,Rural,30 - 35  MPH,"Double Yellow Line, No Passing Zone",Clear,No,13,11-15,No,NA,With Traffic,B: Evident Injury,Bike Lane / Paved Shoulder,Asian,Male,36,30-39,No,NA,31-35 mph,O: No Injury,White,Female,Passenger Car,No,18JUN2008,Wednesday,Bicyclist Left Turn / Merge,20,Non-Intersection,June,B: Evident Injury,20:30:00,Bicyclist Left Turn - Same Direction,2008,Yes,No,Daylight,Straight - Level,State Secondary Route,Dry,"Two-Way, Not Divided",None,No Special Feature,Coarse Asphalt,2 lanes,"35.0169399044, -78.9401276607"
5866,None - Rural Crash,Pender,Coastal,Residential,Urban (>70% Developed),NA,Rural,30 - 35  MPH,Stop Sign,Clear,No,14,11-15,No,NA,Facing Traffic,B: Evident Injury,Travel Lane,White,Male,41,40-49,No,NA,26-30 mph,O: No Injury,White,Female,Passenger Car,No,13JUN2008,Friday,Bicyclist Failed to Yield - Sign-Controlled Intersection,15,Intersection,June,B: Evident Injury,15:15:00,Bicyclist Ride Out - Sign-Controlled Intersection,2008,Yes,No,Daylight,Straight - Level,State Secondary Route,Dry,"Two-Way, Not Divided",None,T-Intersection,Smooth Asphalt,2 lanes,"34.4028668139, -77.630132234"
5874,Raleigh,Wake,Piedmont,Commercial,Urban (>70% Developed),NA,Urban,30 - 35  MPH,No Control Present,Clear,No,19,16-19,No,NA,With Traffic,C: Possible Injury,Travel Lane,White,Male,35,30-39,No,NA,6-10 mph,O: No Injury,White,Male,Pickup,No,18JUN2008,Wednesday,Motorist Left Turn / Merge,19,Non-Intersection,June,C: Possible Injury,19:43:00,Motorist Left Turn - Opposite Direction,2008,Yes,No,Daylight,Straight - Level,Local Street,Dry,"Two-Way, Not Divided",None,No Special Feature,Coarse Asphalt,3 lanes,"35.7924870806, -78.6828026224"
5875,Raleigh,Wake,Piedmont,Residential,Mixed (30% To 70% Developed),NA,Urban,40 - 45  MPH,No Control Present,Clear,No,59,50-59,No,NA,With Traffic,C: Possible Injury,Travel Lane,White,Female,27,25-29,No,NA,36-40 mph,O: No Injury,Black,Female,Passenger Car,No,15JUN2008,Sunday,Motorist Overtaking Bicyclist,11,Non-Intersection,June,C: Possible Injury,11:11:00,Motorist Overtaking - Misjudged Space,2008,No,No,Daylight,Straight - Level,Local Street,Dry,"Two-Way, Divided, Positive Median Barrier",None,No Special Feature,Smooth Asphalt,5 lanes,"35.7837970785, -78.6997476272"
5879,Charlotte,Mecklenburg,Piedmont,Residential,Urban (>70% Developed),NA,Urban,30 - 35  MPH,Stop And Go Signal,Clear,No,17,16-19,No,NA,Facing Traffic,B: Evident Injury,Sidewalk / Crosswalk / Driveway Crossing,Hispanic,Male,70+,70+,No,NA,0-5 mph,O: No Injury,White,Female,Sport Utility,No,06JUN2008,Friday,Bicyclist Failed to Yield - Signalized Intersection,20,Intersection,June,B: Evident Injury,20:30:00,Bicyclist Ride Through - Signalized Intersection,2008,Yes,No,Daylight,Straight - Level,Local Street,Dry,"Two-Way, Not Divided",None,Four-Way Intersection,Smooth Asphalt,2 lanes,"35.1634248717, -80.7531392112"
5889,New Bern,Craven,Coastal,Residential,Urban (>70% Developed),NA,Urban,NA,No Control Present,Clear,No,8,6-10,No,NA,Not Applicable,B: Evident Injury,Non-Roadway,Black,Male,26,25-29,No,NA,0-5 mph,O: No Injury,White,Male,Passenger Car,No,20JUN2008,Friday,Non-Roadway,15,Non-Roadway,June,B: Evident Injury,15:05:00,Non-Roadway,2008,Yes,No,Daylight,Straight - Level,Public Vehicular Area,Dry,"Two-Way, Not Divided",None,No Special Feature,Smooth Asphalt,NA,"35.1219399915, -77.0509420927"
5900,Chapel Hill,Orange,Piedmont,Commercial,Urban (>70% Developed),NA,Urban,20 - 25  MPH,Stop Sign,Clear,No,NA,NA,No,NA,Facing Traffic,C: Possible Injury,Sidewalk / Crosswalk / Driveway Crossing,Black,Male,51,50-59,No,NA,NA,O: No Injury,White,Female,Passenger Car,No,21JUN2008,Saturday,Motorist Failed to Yield - Sign-Controlled Intersection,13,Intersection,June,C: Possible Injury,13:40:00,Motorist Drive Out - Sign-Controlled Intersection,2008,No,No,Daylight,Straight - Level,Local Street,Dry,"Two-Way, Not Divided",None,No Special Feature,Smooth Asphalt,2 lanes,"35.9110440926, -79.0661327455"
5906,Gastonia,Gaston,Piedmont,Residential,Urban (>70% Developed),NA,Urban,40 - 45  MPH,No Control Present,Clear,No,18,16-19,No,NA,With Traffic,C: Possible Injury,Sidewalk / Crosswalk / Driveway Crossing,White,Male,70+,70+,No,NA,36-40 mph,O: No Injury,White,Female,Passenger Car,No,25JUN2008,Wednesday,Parallel Paths - Other Circumstances,12,Non-Intersection,June,C: Possible Injury,12:09:00,Bicyclist Ride Out - Parallel Path,2008,Yes,No,Daylight,Straight - Grade,Local Street,Dry,"Two-Way, Not Divided",None,No Special Feature,Coarse Asphalt,5 lanes,"35.2570298757, -81.2034793505"
5908,Winston-Salem,Forsyth,Piedmont,Commercial,Urban (>70% Developed),NA,Urban,40 - 45  MPH,"Double Yellow Line, No Passing Zone",Clear,No,12,11-15,No,NA,With Traffic,B: Evident Injury,Travel Lane,Black,Male,70+,70+,No,NA,21-25 mph,O: No Injury,Black,Female,Passenger Car,No,26JUN2008,Thursday,Bicyclist Left Turn / Merge,11,Non-Intersection,June,B: Evident Injury,11:58:00,Bicyclist Left Turn - Same Direction,2008,Yes,No,Daylight,Straight - Grade,Local Street,Dry,"Two-Way, Not Divided",None,No Special Feature,Smooth Asphalt,2 lanes,"36.1809111054, -80.2720981243"
5911,None - Rural Crash,Chatham,Piedmont,"Farms, Woods, Pastures",Rural (<30% Developed),NA,Rural,50 - 55  MPH,"Double Yellow Line, No Passing Zone",Clear,No,32,30-39,No,NA,With Traffic,B: Evident Injury,Travel Lane,White,Female,32,30-39,No,NA,16-20 mph,Unknown Injury,Unknown/Missing,NA,NA,No,28JUN2008,Saturday,Other / Unusual Circumstances,16,Non-Intersection,June,B: Evident Injury,16:37:00,Motorist Intentionally Caused,2008,Yes,Yes,Daylight,Curve - Level,State Secondary Route,Dry,"Two-Way, Not Divided",None,No Special Feature,Coarse Asphalt,2 lanes,"35.6155540299, -79.0391877209"
5912,High Point,Guilford,Piedmont,Residential,Urban (>70% Developed),NA,Urban,30 - 35  MPH,No Control Present,Clear,No,12,11-15,No,NA,Facing Traffic,C: Possible Injury,Travel Lane,Black,Female,21,20-24,No,NA,11-15 mph,O: No Injury,Black,Female,Pickup,No,28JUN2008,Saturday,Motorist Left Turn / Merge,16,Non-Intersection,June,C: Possible Injury,16:09:00,Motorist Left Turn - Same Direction,2008,Yes,No,Daylight,Straight - Level,Local Street,Dry,"Two-Way, Not Divided",None,No Special Feature,Coarse Asphalt,2 lanes,"35.9714810731, -79.9556030169"
5914,Bogue,Carteret,Coastal,Commercial,Urban (>70% Developed),NA,Rural,NA,Missing,Cloudy,No,23,20-24,No,NA,With Traffic,B: Evident Injury,Travel Lane,Hispanic,Male,61,60-69,No,NA,0-5 mph,O: No Injury,White,Female,Sport Utility,No,29JUN2008,Sunday,Motorist Failed to Yield - Midblock,14,Non-Intersection,June,B: Evident Injury,14:11:00,Motorist Drive Out - Commercial Driveway / Alley,2008,Yes,No,Daylight,Straight - Level,NC Route,Dry,"Two-Way, Not Divided",None,"Driveway, Public",Smooth Asphalt,5 lanes,"34.698214898, -77.040892069"
5923,None - Rural Crash,Wake,Piedmont,Residential,Rural (<30% Developed),NA,Rural,40 - 45  MPH,"Double Yellow Line, No Passing Zone",Clear,No,50,50-59,No,NA,With Traffic,B: Evident Injury,Travel Lane,White,Male,37,30-39,No,NA,16-20 mph,O: No Injury,White,Male,"Light Truck (Mini-Van, Panel)",No,24JUN2008,Tuesday,Bicyclist Overtaking Motorist,12,Non-Intersection,June,B: Evident Injury,12:38:00,Bicyclist Overtaking - Other / Unknown,2008,Yes,No,Daylight,Straight - Level,State Secondary Route,Dry,"Two-Way, Not Divided",None,"Driveway, Public",Smooth Asphalt,2 lanes,"35.8543170921, -78.7256226396"
5927,Wilmington,New Hanover,Coastal,Residential,Urban (>70% Developed),NA,Urban,30 - 35  MPH,No Control Present,Clear,No,55,50-59,No,NA,With Traffic,B: Evident Injury,Sidewalk / Crosswalk / Driveway Crossing,White,Male,50,50-59,No,NA,0-5 mph,O: No Injury,White,Male,"Single Unit Truck (2-Axle, 6-Tire)",No,21MAY2008,Wednesday,Motorist Failed to Yield - Midblock,15,Non-Intersection,May,B: Evident Injury,15:56:00,Motorist Drive Out - Other Midblock,2008,Yes,No,Daylight,Straight - Grade,Local Street,Dry,"Two-Way, Not Divided",None,"Driveway, Private",Smooth Asphalt,4 lanes,"34.2372167668, -77.927082316"
5928,Jacksonville,Onslow,Coastal,Commercial,Urban (>70% Developed),NA,Urban,30 - 35  MPH,Other,Cloudy,No,16,16-19,No,NA,Not Applicable,C: Possible Injury,Sidewalk / Crosswalk / Driveway Crossing,White,Male,52,50-59,No,NA,16-20 mph,O: No Injury,White,Male,Pickup,No,10JUL2008,Thursday,Motorist Failed to Yield - Sign-Controlled Intersection,17,Intersection-Related,July,C: Possible Injury,17:44:00,Motorist Drive Through - Sign-Controlled Intersection,2008,Yes,No,Daylight,Straight - Level,Local Street,Dry,"Two-Way, Not Divided",None,No Special Feature,Smooth Asphalt,5 lanes,"34.7830609041, -77.4249421907"
5932,Durham,Durham,Piedmont,Commercial,Urban (>70% Developed),NA,Urban,30 - 35  MPH,No Control Present,Clear,No,56,50-59,No,NA,With Traffic,B: Evident Injury,Travel Lane,White,Male,26,25-29,No,NA,6-10 mph,O: No Injury,White,Male,Pickup,No,01AUG2008,Friday,Motorist Left Turn / Merge,6,Non-Intersection,August,B: Evident Injury,06:32:00,Motorist Left Turn - Opposite Direction,2008,Yes,No,Daylight,Straight - Level,Local Street,Dry,"Two-Way, Not Divided",None,No Special Feature,Smooth Asphalt,3 lanes,"36.0832371339, -78.9326227139"
5936,None - Rural Crash,Cumberland,Coastal,"Farms, Woods, Pastures",Rural (<30% Developed),NA,Rural,40 - 45  MPH,"Double Yellow Line, No Passing Zone",Clear,No,47,40-49,Yes,NA,With Traffic,C: Possible Injury,Travel Lane,White,Male,45,40-49,No,NA,41-45 mph,O: No Injury,White,Male,Passenger Car,Yes,04JUL2008,Friday,Motorist Overtaking Bicyclist,13,Non-Intersection,July,C: Possible Injury,13:26:00,Motorist Overtaking - Other / Unknown,2008,No,No,Daylight,Straight - Level,State Secondary Route,Dry,"Two-Way, Not Divided",None,No Special Feature,Coarse Asphalt,2 lanes,"34.9347218871, -78.9201326505"
5941,Indian Trail,Union,Piedmont,Residential,Urban (>70% Developed),NA,Urban,40 - 45  MPH,"Double Yellow Line, No Passing Zone",Clear,No,25,25-29,No,NA,With Traffic,B: Evident Injury,Travel Lane,White,Male,27,25-29,No,NA,41-45 mph,O: No Injury,White,Female,Passenger Car,No,07JUL2008,Monday,Motorist Right Turn / Merge,0,Intersection,July,B: Evident Injury,00:48:00,Motorist Right Turn - Same Direction,2008,Yes,No,Daylight,Straight - Level,State Secondary Route,Dry,"Two-Way, Not Divided",None,Four-Way Intersection,Smooth Asphalt,2 lanes,"35.0647968533, -80.6713671824"
5946,Greensboro,Guilford,Piedmont,Residential,Urban (>70% Developed),NA,Urban,30 - 35  MPH,Stop Sign,Clear,No,32,30-39,No,NA,Facing Traffic,C: Possible Injury,Sidewalk / Crosswalk / Driveway Crossing,Black,Male,35,30-39,No,NA,0-5 mph,O: No Injury,Black,Male,Pickup,No,08JUL2008,Tuesday,Motorist Failed to Yield - Sign-Controlled Intersection,21,Intersection,July,C: Possible Injury,21:24:00,Motorist Drive Out - Sign-Controlled Intersection,2008,No,No,Dark - Lighted Roadway,Straight - Level,Local Street,Dry,"Two-Way, Not Divided",None,T-Intersection,Smooth Asphalt,2 lanes,"36.0592650979, -79.7849229701"
5972,Garland,Sampson,Coastal,Residential,Urban (>70% Developed),NA,Rural,30 - 35  MPH,"Double Yellow Line, No Passing Zone",Clear,No,17,16-19,No,NA,With Traffic,B: Evident Injury,Travel Lane,Black,Male,57,50-59,No,NA,31-35 mph,O: No Injury,White,Female,Passenger Car,No,19JUL2008,Saturday,Bicyclist Left Turn / Merge,21,Non-Intersection,July,B: Evident Injury,21:59:00,Bicyclist Left Turn - Same Direction,2008,Yes,No,Dark - Roadway Not Lighted,Straight - Level,NC Route,Dry,"Two-Way, Not Divided",None,T-Intersection,Coarse Asphalt,2 lanes,"34.7921868742, -78.3998924857"
5978,None - Rural Crash,Catawba,Piedmont,"Farms, Woods, Pastures",Rural (<30% Developed),NA,Rural,50 - 55  MPH,"Double Yellow Line, No Passing Zone",Clear,No,27,25-29,No,NA,With Traffic,B: Evident Injury,Travel Lane,White,Male,56,50-59,No,NA,31-35 mph,O: No Injury,White,Male,Passenger Car,No,16AUG2008,Saturday,Motorist Overtaking Bicyclist,10,Non-Intersection,August,B: Evident Injury,10:15:00,Motorist Overtaking - Misjudged Space,2008,Yes,No,Daylight,Curve - Grade,State Secondary Route,Dry,"Two-Way, Not Divided",None,No Special Feature,Coarse Asphalt,2 lanes,"35.5703069401, -81.2608433853"
5981,None - Rural Crash,Pasquotank,Coastal,"Farms, Woods, Pastures",Rural (<30% Developed),NA,Rural,NA,"Double Yellow Line, No Passing Zone",Clear,No,20,20-24,No,NA,With Traffic,C: Possible Injury,Travel Lane,White,Male,NA,NA,Missing,NA,NA,Unknown Injury,Unknown/Missing,NA,Pickup,No,06AUG2008,Wednesday,Motorist Overtaking Bicyclist,0,Non-Intersection,August,C: Possible Injury,00:17:00,Motorist Overtaking - Other / Unknown,2008,Yes,Yes,Dark - Roadway Not Lighted,Straight - Level,State Secondary Route,Dry,"Two-Way, Not Divided",None,No Special Feature,Coarse Asphalt,2 lanes,"36.2511322627, -76.2532369049"
5990,None - Rural Crash,Catawba,Piedmont,Residential,Urban (>70% Developed),NA,Rural,20 - 25  MPH,Missing,Clear,No,16,16-19,No,NA,Not Applicable,B: Evident Injury,Driveway / Alley,White,Male,30,30-39,No,NA,16-20 mph,O: No Injury,White,Female,Passenger Car,No,22JUL2008,Tuesday,Bicyclist Failed to Yield - Midblock,15,Non-Intersection,July,B: Evident Injury,15:51:00,Bicyclist Ride Out - Residential Driveway,2008,Yes,No,Daylight,Straight - Level,State Secondary Route,Dry,"Two-Way, Not Divided",None,"Driveway, Private",Coarse Asphalt,2 lanes,"35.7542109772, -81.2828034019"
3537,Raleigh,Wake,Piedmont,Commercial,Urban (>70% Developed),NA,Urban,20 - 25  MPH,Stop Sign,Cloudy,No,21,20-24,No,NA,Facing Traffic,B: Evident Injury,Sidewalk / Crosswalk / Driveway Crossing,White,Male,38,30-39,No,NA,0-5 mph,O: No Injury,Other,Female,Sport Utility,No,04NOV2011,Friday,Motorist Failed to Yield - Sign-Controlled Intersection,16,Intersection,November,B: Evident Injury,16:34:00,Motorist Drive Out - Sign-Controlled Intersection,2011,Yes,No,Daylight,Straight - Grade,Local Street,Wet,"Two-Way, Not Divided",Road Surface Condition,T-Intersection,Smooth Asphalt,2 lanes,"35.7721070776, -78.6386026089"
3538,Raleigh,Wake,Piedmont,Residential,Mixed (30% To 70% Developed),NA,Urban,30 - 35  MPH,No Control Present,Clear,No,21,20-24,No,NA,With Traffic,O: No Injury,Bike Lane / Paved Shoulder,White,Male,19,0-19,No,NA,21-25 mph,O: No Injury,White,Male,Passenger Car,No,02NOV2011,Wednesday,Motorist Right Turn / Merge,18,Non-Intersection,November,O: No Injury,18:19:00,Motorist Right Turn - Same Direction,2011,Yes,No,Daylight,Straight - Level,Local Street,Dry,"Two-Way, Divided, Unprotected Median",None,No Special Feature,Coarse Asphalt,2 lanes,"35.78670708, -78.6640026164"
3539,Wilmington,New Hanover,Coastal,Residential,Mixed (30% To 70% Developed),NA,Urban,50 - 55  MPH,No Control Present,Clear,No,56,50-59,No,NA,With Traffic,B: Evident Injury,Bike Lane / Paved Shoulder,White,Male,NA,NA,Missing,NA,51-55 mph,Unknown Injury,Unknown/Missing,NA,NA,No,23OCT2011,Sunday,Loss of Control / Turning Error,2,Non-Intersection,October,B: Evident Injury,02:30:00,Motorist Lost Control - Other / Unknown,2011,No,Yes,Dark - Roadway Not Lighted,Straight - Level,US Route,Dry,"Two-Way, Divided, Unprotected Median",None,No Special Feature,Smooth Asphalt,6 lanes,"34.2547167726, -77.8793023024"
3541,Fayetteville,Cumberland,Coastal,Commercial,Urban (>70% Developed),NA,Urban,40 - 45  MPH,No Control Present,Clear,No,70+,70+,No,NA,With Traffic,B: Evident Injury,Travel Lane,White,Male,50,50-59,No,NA,0-5 mph,O: No Injury,White,Male,Pickup,No,25OCT2011,Tuesday,Motorist Overtaking Bicyclist,17,Non-Intersection,October,B: Evident Injury,17:12:00,Motorist Overtaking - Bicyclist Swerved,2011,No,No,Daylight,Straight - Grade,Local Street,Dry,"Two-Way, Not Divided",None,No Special Feature,Coarse Asphalt,7 lanes,"35.0434369102, -78.952002665"
3357,Wilmington,New Hanover,Coastal,Commercial,Urban (>70% Developed),NA,Urban,30 - 35  MPH,No Control Present,Clear,No,27,25-29,No,NA,With Traffic,C: Possible Injury,Sidewalk / Crosswalk / Driveway Crossing,White,Male,35,30-39,No,NA,6-10 mph,O: No Injury,White,Female,Passenger Car,No,19AUG2011,Friday,Motorist Failed to Yield - Midblock,17,Non-Intersection,August,C: Possible Injury,17:22:00,Motorist Drive Out - Commercial Driveway / Alley,2011,No,No,Daylight,Straight - Level,Public Vehicular Area,Dry,"Two-Way, Not Divided",None,"Driveway, Public",Smooth Asphalt,2 lanes,"34.2407467684, -77.9010023089"
3358,None - Rural Crash,Moore,Piedmont,"Farms, Woods, Pastures",Rural (<30% Developed),NA,Rural,40 - 45  MPH,"Double Yellow Line, No Passing Zone",Clear,No,61,60-69,No,NA,With Traffic,B: Evident Injury,Travel Lane,White,Male,45,40-49,No,NA,41-45 mph,O: No Injury,White,Female,Passenger Car,No,07SEP2011,Wednesday,Motorist Overtaking Bicyclist,9,Non-Intersection,September,B: Evident Injury,09:16:00,Motorist Overtaking - Undetected Bicyclist,2011,Yes,No,Daylight,Straight - Level,State Secondary Route,Dry,"Two-Way, Not Divided",None,No Special Feature,Smooth Asphalt,2 lanes,"35.2720669373, -79.5692028632"
3374,Fayetteville,Cumberland,Coastal,Commercial,Urban (>70% Developed),NA,Urban,40 - 45  MPH,No Control Present,Clear,No,70+,70+,No,NA,With Traffic,O: No Injury,Travel Lane,White,Male,41,40-49,No,NA,6-10 mph,O: No Injury,Native American,Female,Passenger Car,No,30AUG2011,Tuesday,Motorist Overtaking Bicyclist,19,Non-Intersection,August,O: No Injury,19:48:00,Motorist Overtaking - Other / Unknown,2011,No,No,Dusk,Straight - Level,Local Street,Dry,"Two-Way, Not Divided",None,No Special Feature,Coarse Asphalt,5 lanes,"35.0410369098, -78.93420266"
3382,Fuquay-Varina,Wake,Piedmont,Commercial,Urban (>70% Developed),NA,Urban,5 - 15 MPH,Stop Sign,Clear,No,15,11-15,No,NA,Facing Traffic,C: Possible Injury,Sidewalk / Crosswalk / Driveway Crossing,Native American,Male,28,25-29,No,NA,0-5 mph,O: No Injury,Native American,Male,Sport Utility,No,07AUG2011,Sunday,Motorist Failed to Yield - Midblock,14,Non-Intersection,August,C: Possible Injury,14:28:00,Motorist Drive Out - Commercial Driveway / Alley,2011,Yes,No,Daylight,Straight - Bottom,Public Vehicular Area,Dry,"Two-Way, Not Divided",None,"Driveway, Public",Smooth Asphalt,NA,"35.5682470285, -78.8012026468"
3384,None - Rural Crash,Durham,Piedmont,"Farms, Woods, Pastures",Rural (<30% Developed),NA,Rural,40 - 45  MPH,Stop Sign,Clear,No,41,40-49,No,NA,With Traffic,B: Evident Injury,Travel Lane,White,Female,70+,70+,No,NA,6-10 mph,O: No Injury,White,Male,Passenger Car,No,14SEP2011,Wednesday,Motorist Failed to Yield - Sign-Controlled Intersection,8,Intersection,September,B: Evident Injury,08:40:00,Motorist Drive Out - Sign-Controlled Intersection,2011,Yes,No,Daylight,Straight - Grade,State Secondary Route,Dry,"Two-Way, Not Divided",None,Four-Way Intersection,Smooth Asphalt,2 lanes,"36.0100771166, -78.9900027276"
3401,Greensboro,Guilford,Piedmont,Commercial,Urban (>70% Developed),NA,Urban,5 - 15 MPH,No Control Present,Clear,No,14,11-15,No,NA,Facing Traffic,C: Possible Injury,Sidewalk / Crosswalk / Driveway Crossing,Black,Male,36,30-39,No,NA,0-5 mph,O: No Injury,Black,Male,Sport Utility,No,08SEP2011,Thursday,Motorist Failed to Yield - Midblock,18,Non-Intersection,September,C: Possible Injury,18:07:00,Motorist Drive Out - Commercial Driveway / Alley,2011,Yes,No,Daylight,Straight - Grade,Public Vehicular Area,Dry,"Two-Way, Not Divided",None,"Driveway, Private",Smooth Asphalt,2 lanes,"36.0457570928, -79.8392029866"
3403,Asheville,Buncombe,Mountains,Commercial,Urban (>70% Developed),NA,Urban,30 - 35  MPH,Stop Sign,Clear,No,18,16-19,No,NA,With Traffic,C: Possible Injury,Travel Lane,White,Male,61,60-69,No,NA,16-20 mph,O: No Injury,White,Male,Passenger Car,No,29AUG2011,Monday,Bicyclist Failed to Yield - Sign-Controlled Intersection,12,Intersection,August,C: Possible Injury,12:43:00,Bicyclist Ride Out - Sign-Controlled Intersection,2011,No,No,Daylight,Straight - Level,US Route,Dry,"Two-Way, Divided, Unprotected Median",None,Four-Way Intersection,Smooth Asphalt,5 lanes,"35.5659668901, -82.5433037658"
3404,Southern Shores,Dare,Coastal,Residential,Urban (>70% Developed),NA,Rural,20 - 25  MPH,Stop And Go Signal,Clear,No,51,50-59,No,NA,Facing Traffic,Unknown Injury,Multi-use Path,Unknown/Missing,Female,47,40-49,No,NA,0-5 mph,O: No Injury,White,Male,Pickup,No,10SEP2011,Saturday,Bicyclist Failed to Yield - Sign-Controlled Intersection,14,Intersection,September,O: No Injury,14:18:00,Bicyclist Ride Through - Sign-Controlled Intersection,2011,No,No,Daylight,Straight - Level,Local Street,Dry,"Two-Way, Not Divided",None,T-Intersection,Smooth Asphalt,2 lanes,"36.114537251, -75.7202017335"
3405,Raleigh,Wake,Piedmont,Commercial,Mixed (30% To 70% Developed),NA,Urban,30 - 35  MPH,No Control Present,Cloudy,No,53,50-59,No,NA,Not Applicable,B: Evident Injury,Non-Roadway,White,Male,54,50-59,No,NA,0-5 mph,O: No Injury,White,Male,Passenger Car,No,19SEP2011,Monday,Non-Roadway,6,Non-Roadway,September,B: Evident Injury,06:58:00,Non-Roadway,2011,No,No,Dawn,Straight - Level,Public Vehicular Area,Dry,"Two-Way, Not Divided",None,"Driveway, Public",Smooth Asphalt,NA,"35.8587270937, -78.7120026357"
3416,Chapel Hill,Orange,Piedmont,Commercial,Urban (>70% Developed),NA,Urban,20 - 25  MPH,No Control Present,Clear,No,28,25-29,No,NA,With Traffic,B: Evident Injury,Travel Lane,White,Female,19,0-19,No,NA,0-5 mph,O: No Injury,White,Male,Passenger Car,No,20SEP2011,Tuesday,Motorist Left Turn / Merge,22,Intersection,September,B: Evident Injury,22:51:00,Motorist Left Turn - Opposite Direction,2011,Yes,No,Dark - Lighted Roadway,Straight - Level,Local Street,Dry,"Two-Way, Not Divided",None,No Special Feature,Smooth Asphalt,4 lanes,"35.9112170925, -79.0605027439"
3419,Jacksonville,Onslow,Coastal,Commercial,Urban (>70% Developed),NA,Urban,40 - 45  MPH,Stop And Go Signal,Cloudy,No,55,50-59,No,NA,Facing Traffic,C: Possible Injury,Sidewalk / Crosswalk / Driveway Crossing,Black,Male,33,30-39,No,NA,6-10 mph,O: No Injury,Black,Female,Passenger Car,No,20SEP2011,Tuesday,Motorist Failed to Yield - Signalized Intersection,8,Intersection,September,C: Possible Injury,08:00:00,Motorist Drive Out - Right Turn on Red,2011,Yes,No,Daylight,Straight - Level,US Route,Dry,"Two-Way, Not Divided",None,Four-Way Intersection,Smooth Asphalt,6 lanes,"34.7607068997, -77.4154021866"
3421,None - Rural Crash,Washington,Coastal,"Farms, Woods, Pastures",Rural (<30% Developed),NA,Rural,50 - 55  MPH,No Control Present,Clear,No,34,30-39,No,NA,Facing Traffic,C: Possible Injury,Travel Lane,Black,Male,55,50-59,No,NA,31-35 mph,O: No Injury,White,Male,Pickup,No,08AUG2011,Monday,Head-On,17,Intersection,August,C: Possible Injury,17:20:00,Head-On - Bicyclist,2011,Yes,No,Daylight,Straight - Level,State Secondary Route,Dry,"Two-Way, Not Divided",None,No Special Feature,Smooth Asphalt,2 lanes,"35.8844171684, -76.7084020263"
3435,None - Rural Crash,Lincoln,Piedmont,Residential,Mixed (30% To 70% Developed),NA,Rural,30 - 35  MPH,"Double Yellow Line, No Passing Zone",Clear,No,56,50-59,No,NA,With Traffic,B: Evident Injury,Travel Lane,White,Male,22,20-24,No,NA,46-50 mph,O: No Injury,White,Male,Passenger Car,No,26SEP2011,Monday,Head-On,17,Non-Intersection,September,B: Evident Injury,17:16:00,Head-On - Motorist,2011,Yes,No,Daylight,Straight - Level,State Secondary Route,Dry,"Two-Way, Not Divided",None,No Special Feature,Smooth Asphalt,2 lanes,"35.5387269415, -81.025203313"