object_id,city,county,region,development,locality,on_road,rural_urban,speed_limit,traffic_control,weather,workzone,bike_age,bike_age_group,bike_alcohol,bike_alcohol_drugs,bike_direction,bike_injury,bike_position,bike_race,bike_sex,driver_age,driver_age_group,driver_alcohol,driver_alcohol_drugs,driver_est_speed,driver_injury,driver_race,driver_sex,driver_vehicle_type,crash_alcohol,crash_date,crash_day,crash_group,crash_hour,crash_location,crash_month,crash_severity,crash_time,crash_type,crash_year,ambulance_req,hit_run,light_condition,road_character,road_class,road_condition,road_configuration,road_defects,road_feature,road_surface,num_lanes,geo_point
3438,Fayetteville,Cumberland,Coastal,Commercial,Urban (>70% Developed),NA,Urban,NA,No Control Present,Clear,No,70+,70+,No,NA,With Traffic,B: Evident Injury,Sidewalk / Crosswalk / Driveway Crossing,White,Male,NA,NA,Missing,NA,NA,Unknown Injury,Unknown/Missing,NA,NA,No,23SEP2011,Friday,Motorist Left Turn / Merge,21,Non-Intersection,September,B: Evident Injury,21:17:00,Motorist Left Turn - Opposite Direction,2011,No,Yes,Dark - Lighted Roadway,Straight - Level,Local Street,Dry,"Two-Way, Not Divided",None,"Driveway, Public",Coarse Asphalt,7 lanes,"35.0440769106, -78.9428026624"
3441,Raleigh,Wake,Piedmont,Residential,Urban (>70% Developed),NA,Urban,5 - 15 MPH,No Control Present,Clear,No,9,6-10,No,NA,Facing Traffic,B: Evident Injury,Travel Lane,Hispanic,Male,20,20-24,No,NA,16-20 mph,O: No Injury,Black,Male,Passenger Car,No,02OCT2011,Sunday,Parallel Paths - Other Circumstances,15,Non-Intersection,October,B: Evident Injury,15:22:00,Parallel Paths - Other / Unknown,2011,Yes,No,Daylight,Curve - Level,Local Street,Dry,"Two-Way, Not Divided",None,No Special Feature,Smooth Asphalt,2 lanes,"35.7371670723, -78.5747025869"
3442,Columbia,Tyrrell,Coastal,Residential,Urban (>70% Developed),NA,Rural,20 - 25  MPH,No Control Present,Clear,No,15,11-15,No,NA,Not Applicable,B: Evident Injury,Non-Roadway,White,Male,66,60-69,No,NA,11-15 mph,O: No Injury,White,Male,Pickup,No,05SEP2011,Monday,Bicyclist Failed to Yield - Midblock,18,Non-Intersection,September,B: Evident Injury,18:50:00,Bicyclist Ride Out - Commercial Driveway / Alley,2011,Yes,No,Daylight,Straight - Level,Local Street,Dry,"Two-Way, Not Divided",None,No Special Feature,Smooth Asphalt,2 lanes,"35.9189471912, -76.2526018882"
3448,Charlotte,Mecklenburg,Piedmont,Commercial,Mixed (30% To 70% Developed),NA,Urban,40 - 45  MPH,Stop Sign,Rain,No,64,60-69,No,NA,With Traffic,C: Possible Injury,Travel Lane,White,Male,41,40-49,No,NA,0-5 mph,O: No Injury,White,Female,Passenger Car,No,27SEP2011,Tuesday,Motorist Failed to Yield - Sign-Controlled Intersection,22,Intersection,September,C: Possible Injury,22:59:00,Motorist Drive Out - Sign-Controlled Intersection,2011,No,No,Dark - Lighted Roadway,Straight - Level,Local Street,Wet,"Two-Way, Not Divided",None,T-Intersection,Smooth Asphalt,2 lanes,"35.1794968658, -81.0200032919"
3456,Cary,Wake,Piedmont,Residential,Urban (>70% Developed),NA,Urban,40 - 45  MPH,Stop And Go Signal,Clear,No,12,11-15,No,NA,Facing Traffic,C: Possible Injury,Sidewalk / Crosswalk / Driveway Crossing,Asian,Male,48,40-49,No,NA,0-5 mph,O: No Injury,White,Female,Passenger Car,No,29SEP2011,Thursday,Bicyclist Failed to Yield - Signalized Intersection,7,Intersection,September,C: Possible Injury,07:39:00,Bicyclist Ride Through - Signalized Intersection,2011,Yes,No,Daylight,Straight - Bottom,State Secondary Route,Dry,"Two-Way, Divided, Unprotected Median",None,Four-Way Intersection,Smooth Asphalt,5 lanes,"35.7736770713, -78.8460026714"
3458,Wilmington,New Hanover,Coastal,Commercial,Urban (>70% Developed),NA,Urban,30 - 35  MPH,No Control Present,Rain,No,30,30-39,No,NA,With Traffic,C: Possible Injury,Travel Lane,White,Male,NA,NA,No,NA,NA,Unknown Injury,Unknown/Missing,NA,NA,No,22SEP2011,Thursday,Motorist Overtaking Bicyclist,21,Intersection,September,C: Possible Injury,21:30:00,Motorist Overtaking - Other / Unknown,2011,Yes,Yes,Dark - Roadway Not Lighted,Straight - Level,Local Street,Wet,"Two-Way, Not Divided",None,No Special Feature,Coarse Asphalt,3 lanes,"34.2231467657, -77.8861023031"
3468,Raleigh,Wake,Piedmont,Commercial,Urban (>70% Developed),NA,Urban,40 - 45  MPH,Stop And Go Signal,Clear,No,53,50-59,Yes,NA,Not Applicable,B: Evident Injury,Travel Lane,Hispanic,Male,36,30-39,No,NA,36-40 mph,O: No Injury,White,Female,Pickup,Yes,08OCT2011,Saturday,Bicyclist Failed to Yield - Midblock,18,Non-Intersection,October,B: Evident Injury,18:22:00,Bicyclist Ride Out - Other Midblock,2011,Yes,No,Daylight,Straight - Grade,Local Street,Dry,"Two-Way, Divided, Positive Median Barrier",None,Bridge,Smooth Asphalt,7 lanes,"35.7925470845, -78.5853025933"
3476,Statesville,Iredell,Piedmont,Commercial,Urban (>70% Developed),NA,Urban,30 - 35  MPH,Stop And Go Signal,Clear,No,23,20-24,No,NA,Facing Traffic,C: Possible Injury,Travel Lane,Black,Male,57,50-59,No,NA,NA,O: No Injury,White,Female,Passenger Car,No,06OCT2011,Thursday,Bicyclist Failed to Yield - Signalized Intersection,14,Intersection,October,C: Possible Injury,14:10:00,Bicyclist Ride Out - Signalized  Intersection,2011,Yes,No,Daylight,Straight - Level,Local Street,Dry,"Two-Way, Divided, Positive Median Barrier",None,Four-Way Intersection,Smooth Asphalt,4 lanes,"35.7911470016, -80.8610032779"
3481,Wilmington,New Hanover,Coastal,Residential,Urban (>70% Developed),NA,Urban,20 - 25  MPH,Stop Sign,Clear,No,31,30-39,No,NA,With Traffic,B: Evident Injury,Travel Lane,Black,Female,NA,NA,Missing,NA,11-15 mph,Unknown Injury,Unknown/Missing,NA,NA,No,07OCT2011,Friday,Parallel Paths - Other Circumstances,23,Intersection,October,B: Evident Injury,23:38:00,Parallel Paths - Other / Unknown,2011,Yes,Yes,Dark - Lighted Roadway,Straight - Level,Local Street,Dry,"Two-Way, Not Divided",None,No Special Feature,Smooth Asphalt,2 lanes,"34.2351467668, -77.9366023192"
3486,Greensboro,Guilford,Piedmont,Commercial,Urban (>70% Developed),NA,Urban,30 - 35  MPH,Stop And Go Signal,Rain,No,32,30-39,No,NA,Not Applicable,B: Evident Injury,Travel Lane,White,Male,41,40-49,No,NA,16-20 mph,O: No Injury,White,Female,Passenger Car,No,25SEP2011,Sunday,Bicyclist Failed to Yield - Signalized Intersection,19,Intersection-Related,September,B: Evident Injury,19:51:00,Bicyclist Ride Out - Signalized  Intersection,2011,Yes,No,Dark - Lighted Roadway,Straight - Level,Local Street,Wet,"Two-Way, Divided, Unprotected Median",None,No Special Feature,Smooth Asphalt,5 lanes,"36.0619670971, -79.8155029799"
3494,None - Rural Crash,Carteret,Coastal,Residential,Rural (<30% Developed),NA,Rural,50 - 55  MPH,"Double Yellow Line, No Passing Zone",Clear,No,30,30-39,No,NA,With Traffic,B: Evident Injury,Travel Lane,White,Male,68,60-69,No,NA,31-35 mph,O: No Injury,White,Male,Sport Utility,No,23OCT2011,Sunday,Motorist Overtaking Bicyclist,21,Non-Intersection,October,B: Evident Injury,21:30:00,Motorist Overtaking - Other / Unknown,2011,Yes,No,Dark - Roadway Not Lighted,Curve - Level,NC Route,Dry,"Two-Way, Not Divided",None,No Special Feature,Smooth Asphalt,2 lanes,"34.7495269224, -76.6512019528"
3495,None - Rural Crash,New Hanover,Coastal,Residential,Urban (>70% Developed),NA,Rural,50 - 55  MPH,No Control Present,Cloudy,No,20,20-24,Yes,NA,Not Applicable,B: Evident Injury,Travel Lane,White,Male,48,40-49,No,NA,51-55 mph,O: No Injury,White,Female,Passenger Car,Yes,22OCT2011,Saturday,Bicyclist Failed to Yield - Midblock,5,Non-Intersection,October,B: Evident Injury,05:45:00,Bicyclist Ride Out - Commercial Driveway / Alley,2011,Yes,No,Dark - Roadway Not Lighted,Straight - Grade,US Route,Dry,"Two-Way, Divided, Unprotected Median",None,Related To Intersection,Coarse Asphalt,5 lanes,"34.2682667759, -77.8690023005"
3501,Jacksonville,Onslow,Coastal,Commercial,Urban (>70% Developed),NA,Urban,NA,No Control Present,Clear,No,21,20-24,No,NA,Facing Traffic,C: Possible Injury,Sidewalk / Crosswalk / Driveway Crossing,White,Male,51,50-59,No,NA,0-5 mph,O: No Injury,White,Male,Passenger Car,No,06OCT2011,Thursday,Motorist Failed to Yield - Midblock,16,Non-Intersection,October,C: Possible Injury,16:10:00,Motorist Drive Out - Commercial Driveway / Alley,2011,Yes,No,Daylight,Straight - Level,Public Vehicular Area,Dry,"Two-Way, Not Divided",None,"Driveway, Private",Smooth Asphalt,NA,"34.7518168969, -77.4444021949"
3502,Raleigh,Wake,Piedmont,Residential,Urban (>70% Developed),NA,Urban,30 - 35  MPH,No Control Present,Clear,No,64,60-69,No,NA,With Traffic,B: Evident Injury,Travel Lane,White,Male,31,30-39,No,NA,31-35 mph,O: No Injury,Black,Male,Passenger Car,No,21OCT2011,Friday,Motorist Failed to Yield - Midblock,20,Non-Intersection,October,B: Evident Injury,20:36:00,Motorist Drive Out - Other Midblock,2011,Yes,No,Daylight,Straight - Level,Local Street,Dry,"Two-Way, Divided, Unprotected Median",None,T-Intersection,Smooth Asphalt,2 lanes,"35.7894770808, -78.6640026168"
3506,None - Rural Crash,Onslow,Coastal,"Farms, Woods, Pastures",Mixed (30% To 70% Developed),NA,Rural,40 - 45  MPH,No Control Present,Clear,No,46,40-49,Yes,NA,With Traffic,B: Evident Injury,Travel Lane,White,Male,59,50-59,No,NA,41-45 mph,O: No Injury,White,Male,Passenger Car,Yes,23OCT2011,Sunday,Motorist Overtaking Bicyclist,18,Non-Intersection,October,B: Evident Injury,18:52:00,Motorist Overtaking - Misjudged Space,2011,Yes,No,Dark - Roadway Not Lighted,Straight - Level,State Secondary Route,Dry,"Two-Way, Not Divided",None,No Special Feature,Smooth Asphalt,2 lanes,"34.7355269026, -77.1620021077"
3513,None - Rural Crash,Moore,Piedmont,"Farms, Woods, Pastures",Rural (<30% Developed),NA,Rural,50 - 55  MPH,No Control Present,Clear,No,70+,70+,No,NA,With Traffic,A: Disabling Injury,Travel Lane,White,Male,70+,70+,No,NA,41-45 mph,O: No Injury,White,Male,Van,No,25OCT2011,Tuesday,Motorist Overtaking Bicyclist,10,Non-Intersection,October,A: Disabling Injury,10:52:00,Motorist Overtaking - Other / Unknown,2011,Yes,No,Daylight,Straight - Level,State Secondary Route,Dry,"Two-Way, Not Divided",None,No Special Feature,Smooth Asphalt,2 lanes,"35.213636932, -79.3777028023"
3515,Raleigh,Wake,Piedmont,Institutional,Urban (>70% Developed),NA,Urban,20 - 25  MPH,No Control Present,Clear,No,51,50-59,No,NA,With Traffic,B: Evident Injury,Travel Lane,White,Male,21,20-24,No,NA,6-10 mph,O: No Injury,White,Female,Passenger Car,No,16OCT2011,Sunday,Motorist Left Turn / Merge,7,Non-Intersection,October,B: Evident Injury,07:37:00,Motorist Left Turn - Opposite Direction,2011,Yes,No,Dawn,Straight - Level,Local Street,Dry,"Two-Way, Not Divided",None,"Driveway, Public",Coarse Asphalt,2 lanes,"35.7851570795, -78.6756026207"
3516,Wilmington,New Hanover,Coastal,Commercial,Urban (>70% Developed),NA,Urban,30 - 35  MPH,No Control Present,Clear,No,21,20-24,No,NA,With Traffic,B: Evident Injury,Travel Lane,White,Male,NA,NA,Missing,NA,16-20 mph,Unknown Injury,Unknown/Missing,NA,NA,No,13OCT2011,Thursday,Motorist Failed to Yield - Midblock,19,Non-Intersection,October,B: Evident Injury,19:19:00,Motorist Drive Out - Commercial Driveway / Alley,2011,No,Yes,Daylight,Straight - Level,Local Street,Dry,"Two-Way, Divided, Unprotected Median",None,No Special Feature,Smooth Asphalt,2 lanes,"34.232336768, -77.8826023022"
3527,Greensboro,Guilford,Piedmont,Residential,Urban (>70% Developed),NA,Urban,NA,No Control Present,Clear,No,26,25-29,No,NA,With Traffic,C: Possible Injury,Travel Lane,Black,Male,22,20-24,No,NA,26-30 mph,O: No Injury,White,Male,Passenger Car,No,15OCT2011,Saturday,Motorist Overtaking Bicyclist,6,Non-Intersection,October,C: Possible Injury,06:04:00,Motorist Overtaking - Other / Unknown,2011,No,No,Dark - Roadway Not Lighted,Straight - Bottom,Local Street,Dry,"Two-Way, Divided, Unprotected Median",None,No Special Feature,Smooth Asphalt,5 lanes,"36.039177089, -79.9004030039"
3528,Greensboro,Guilford,Piedmont,Commercial,Urban (>70% Developed),NA,Urban,30 - 35  MPH,Stop And Go Signal,Clear,No,57,50-59,Yes,NA,With Traffic,C: Possible Injury,Sidewalk / Crosswalk / Driveway Crossing,White,Male,30,30-39,No,NA,0-5 mph,O: No Injury,Black,Female,Passenger Car,Yes,24OCT2011,Monday,Parallel Paths - Other Circumstances,17,Intersection,October,C: Possible Injury,17:29:00,Bicyclist Ride Out - Parallel Path,2011,Yes,No,Daylight,Straight - Level,Local Street,Dry,"Two-Way, Not Divided",None,Related To Intersection,Smooth Asphalt,8 lanes,"36.0397070914, -79.8495029894"
3531,None - Rural Crash,Beaufort,Coastal,Residential,Urban (>70% Developed),NA,Rural,40 - 45  MPH,"Double Yellow Line, No Passing Zone",Clear,No,14,11-15,No,NA,Facing Traffic,B: Evident Injury,Travel Lane,Hispanic,Male,20,20-24,No,NA,41-45 mph,O: No Injury,Black,Female,Passenger Car,No,11OCT2011,Tuesday,Bicyclist Right Turn / Merge,17,Non-Intersection,October,B: Evident Injury,17:13:00,Bicyclist Right Turn - Same Direction,2011,Yes,No,Daylight,Straight - Level,State Secondary Route,Dry,"Two-Way, Not Divided",None,No Special Feature,Coarse Asphalt,2 lanes,"35.5238270799, -77.0096020999"
6001,Charlotte,Mecklenburg,Piedmont,Residential,Urban (>70% Developed),NA,Urban,20 - 25  MPH,Stop Sign,Clear,No,26,25-29,No,NA,Facing Traffic,C: Possible Injury,Sidewalk / Crosswalk / Driveway Crossing,Hispanic,Male,70+,70+,No,NA,0-5 mph,O: No Injury,White,Female,Passenger Car,No,20AUG2008,Wednesday,Motorist Failed to Yield - Sign-Controlled Intersection,14,Intersection,August,C: Possible Injury,14:13:00,Motorist Drive Out - Sign-Controlled Intersection,2008,Yes,No,Daylight,Curve - Bottom,Local Street,Dry,"Two-Way, Not Divided",None,T-Intersection,Smooth Asphalt,2 lanes,"35.2337598859, -80.7746332218"
6004,Gastonia,Gaston,Piedmont,Commercial,Urban (>70% Developed),NA,Urban,40 - 45  MPH,No Control Present,Clear,No,22,20-24,No,NA,With Traffic,C: Possible Injury,Travel Lane,White,Male,NA,NA,Missing,NA,26-30 mph,Unknown Injury,Unknown/Missing,NA,NA,No,29JUL2008,Tuesday,Parallel Paths - Other Circumstances,11,Non-Intersection,July,C: Possible Injury,11:38:00,Parallel Paths - Other / Unknown,2008,Yes,Yes,Daylight,Straight - Grade,Local Street,Dry,"Two-Way, Not Divided",None,No Special Feature,Smooth Asphalt,5 lanes,"35.2651868783, -81.1698333408"
6005,None - Rural Crash,New Hanover,Coastal,Commercial,Mixed (30% To 70% Developed),NA,Rural,50 - 55  MPH,Missing,Cloudy,No,52,50-59,Yes,NA,Facing Traffic,C: Possible Injury,Travel Lane,White,Male,40,40-49,Yes,NA,0-5 mph,O: No Injury,White,Male,Sport Utility,Yes,23JUL2008,Wednesday,Motorist Failed to Yield - Midblock,17,Non-Intersection,July,C: Possible Injury,17:47:00,Motorist Drive Out - Residential Driveway,2008,Yes,No,Daylight,Straight - Level,US Route,Dry,"Two-Way, Divided, Unprotected Median",None,"Driveway, Private",Coarse Asphalt,5 lanes,"34.1131967408, -77.9006523027"
6007,Raleigh,Wake,Piedmont,Commercial,Urban (>70% Developed),NA,Urban,30 - 35  MPH,No Control Present,Clear,No,27,25-29,No,NA,With Traffic,C: Possible Injury,Travel Lane,Black,Male,26,25-29,No,NA,6-10 mph,O: No Injury,White,Female,Sport Utility,No,02JUL2008,Wednesday,Motorist Right Turn / Merge,10,Non-Intersection,July,C: Possible Injury,10:05:00,Motorist Right Turn - Same Direction,2008,No,No,Daylight,Straight - Level,Local Street,Dry,"Two-Way, Divided, Unprotected Median",None,No Special Feature,Coarse Asphalt,2 lanes,"35.7989720832, -78.6603426167"
6011,None - Rural Crash,Brunswick,Coastal,Commercial,Mixed (30% To 70% Developed),NA,Rural,40 - 45  MPH,"Double Yellow Line, No Passing Zone",Cloudy,No,32,30-39,Yes,NA,With Traffic,B: Evident Injury,Travel Lane,Hispanic,Male,NA,NA,Missing,NA,41-45 mph,Unknown Injury,Unknown/Missing,NA,NA,Yes,26JUL2008,Saturday,Head-On,1,Non-Intersection,July,B: Evident Injury,01:29:00,Head-On - Unknown,2008,Yes,Yes,Dark - Roadway Not Lighted,Straight - Level,NC Route,Dry,"Two-Way, Not Divided",None,No Special Feature,Smooth Asphalt,3 lanes,"33.9459566985, -78.0542523408"
6012,High Point,Guilford,Piedmont,Residential,Urban (>70% Developed),NA,Urban,40 - 45  MPH,No Control Present,Clear,No,8,6-10,No,NA,Not Applicable,C: Possible Injury,Travel Lane,Black,Female,55,50-59,No,NA,36-40 mph,O: No Injury,Black,Male,"Single Unit Truck (2-Axle, 6-Tire)",No,26JUL2008,Saturday,Crossing Paths - Other Circumstances,11,Intersection,July,C: Possible Injury,11:15:00,Crossing Paths - Uncontrolled Intersection,2008,Yes,No,Daylight,Straight - Grade,Local Street,Dry,"Two-Way, Divided, Positive Median Barrier",None,No Special Feature,Coarse Asphalt,4 lanes,"35.9662850709, -79.9899170266"
6014,Charlotte,Mecklenburg,Piedmont,Residential,Urban (>70% Developed),NA,Urban,30 - 35  MPH,Stop Sign,Cloudy,No,42,40-49,No,NA,With Traffic,C: Possible Injury,Travel Lane,White,Male,45,40-49,No,NA,0-5 mph,O: No Injury,Black,Female,Sport Utility,No,22AUG2008,Friday,Crossing Paths - Other Circumstances,10,Intersection,August,C: Possible Injury,10:27:00,Sign-Controlled Intersection - Other / Unknown,2008,No,No,Daylight,Straight - Level,Local Street,Dry,"Two-Way, Not Divided",None,T-Intersection,Smooth Asphalt,3 lanes,"35.2224418822, -80.8235832353"
6016,None - Rural Crash,Moore,Piedmont,"Farms, Woods, Pastures",Rural (<30% Developed),NA,Rural,50 - 55  MPH,"Double Yellow Line, No Passing Zone",Cloudy,No,34,30-39,No,NA,With Traffic,B: Evident Injury,Travel Lane,White,Male,36,30-39,No,NA,51-55 mph,O: No Injury,White,Male,Pickup,No,23AUG2008,Saturday,Motorist Overtaking Bicyclist,19,Non-Intersection,August,B: Evident Injury,19:45:00,Motorist Overtaking - Other / Unknown,2008,Yes,No,Dusk,Straight - Level,NC Route,Dry,"Two-Way, Not Divided",None,No Special Feature,Smooth Asphalt,2 lanes,"35.4960089811, -79.7091429165"
6019,Smithfield,Johnston,Coastal,Commercial,Urban (>70% Developed),NA,Urban,20 - 25  MPH,Stop And Go Signal,Clear,No,20,20-24,No,NA,Facing Traffic,B: Evident Injury,Sidewalk / Crosswalk / Driveway Crossing,Asian,Male,46,40-49,No,NA,6-10 mph,O: No Injury,Black,Male,Passenger Car,No,28JUL2008,Monday,Crossing Paths - Other Circumstances,14,Intersection,July,B: Evident Injury,14:42:00,Signalized Intersection - Other / Unknown,2008,Yes,No,Daylight,Straight - Level,Local Street,Dry,"Two-Way, Not Divided",None,Four-Way Intersection,Smooth Asphalt,2 lanes,"35.5101050316, -78.3430625046"
6025,Troutman,Iredell,Piedmont,Institutional,Mixed (30% To 70% Developed),NA,Rural,40 - 45  MPH,No Control Present,Cloudy,No,9,6-10,No,NA,With Traffic,C: Possible Injury,Travel Lane,White,Female,49,40-49,No,NA,21-25 mph,O: No Injury,White,Male,Pickup,No,31JUL2008,Thursday,Loss of Control / Turning Error,17,Intersection,July,C: Possible Injury,17:15:00,Bicyclist Lost Control - Mechanical Problems,2008,Yes,No,Daylight,Straight - Level,Local Street,Wet,"Two-Way, Not Divided",None,T-Intersection,Smooth Asphalt,2 lanes,"35.7165769834, -80.9061082872"
6028,Goldsboro,Wayne,Coastal,Commercial,Urban (>70% Developed),NA,Urban,40 - 45  MPH,Missing,Clear,No,33,30-39,No,NA,With Traffic,C: Possible Injury,Bike Lane / Paved Shoulder,Black,Male,53,50-59,No,NA,11-15 mph,O: No Injury,White,Male,Passenger Car,No,01AUG2008,Friday,Motorist Failed to Yield - Midblock,17,Non-Intersection,August,C: Possible Injury,17:56:00,Motorist Drive Out - Commercial Driveway / Alley,2008,Yes,No,Daylight,Straight - Level,US Route,Dry,"Two-Way, Divided, Unprotected Median",None,"Driveway, Public",Coarse Asphalt,4 lanes,"35.3503600122, -77.9218823696"
6030,Southern Pines,Moore,Piedmont,Residential,Mixed (30% To 70% Developed),NA,Urban,30 - 35  MPH,Yield Sign,Clear,No,14,11-15,No,NA,Facing Traffic,B: Evident Injury,Sidewalk / Crosswalk / Driveway Crossing,White,Male,NA,NA,Missing,NA,16-20 mph,Unknown Injury,Unknown/Missing,NA,NA,No,01AUG2008,Friday,Motorist Failed to Yield - Sign-Controlled Intersection,15,Intersection,August,B: Evident Injury,15:19:00,Motorist Drive Out - Sign-Controlled Intersection,2008,Yes,Yes,Daylight,Curve - Level,Local Street,Dry,"Two-Way, Not Divided",None,Traffic Circle/Roundabout,Coarse Asphalt,2 lanes,"35.1889339247, -79.4307428173"
6034,Beaufort,Carteret,Coastal,Residential,Mixed (30% To 70% Developed),NA,Rural,30 - 35  MPH,No Control Present,Clear,No,25,25-29,Yes,NA,With Traffic,C: Possible Injury,Travel Lane,White,Male,NA,NA,Missing,NA,31-35 mph,Unknown Injury,Unknown/Missing,NA,Pickup,Yes,18AUG2008,Monday,Motorist Overtaking Bicyclist,18,Intersection,August,C: Possible Injury,18:50:00,Motorist Overtaking - Misjudged Space,2008,No,Yes,Daylight,Straight - Level,NC Route,Dry,"Two-Way, Divided, Unprotected Median",None,No Special Feature,Smooth Asphalt,2 lanes,"34.7276909176, -76.6481319507"
6036,Rocky Mount,Nash,Coastal,Residential,Urban (>70% Developed),NA,Urban,30 - 35  MPH,No Control Present,Clear,No,53,50-59,No,NA,NA,B: Evident Injury,Sidewalk / Crosswalk / Driveway Crossing,Black,Male,49,40-49,No,NA,6-10 mph,O: No Injury,Black,Female,Passenger Car,No,25JUN2008,Wednesday,Motorist Failed to Yield - Midblock,22,Non-Intersection,June,B: Evident Injury,22:57:00,Motorist Drive Out - Commercial Driveway / Alley,2008,Yes,No,Dark - Lighted Roadway,Straight - Level,Public Vehicular Area,Dry,"Two-Way, Not Divided",None,No Special Feature,Smooth Asphalt,NA,"35.9310941406, -77.8127723656"
6040,Greensboro,Guilford,Piedmont,Residential,Urban (>70% Developed),NA,Urban,30 - 35  MPH,Stop Sign,Clear,No,43,40-49,No,NA,With Traffic,C: Possible Injury,Travel Lane,White,Male,16,0-19,No,NA,NA,O: No Injury,Black,Female,Passenger Car,No,02AUG2008,Saturday,Loss of Control / Turning Error,9,Intersection,August,C: Possible Injury,09:03:00,Bicyclist Lost Control - Mechanical Problems,2008,Yes,No,Daylight,Straight - Level,Local Street,Dry,"Two-Way, Not Divided",None,Related To Intersection,Smooth Asphalt,2 lanes,"36.1183431112, -79.7528179641"
6041,None - Rural Crash,Cumberland,Coastal,Residential,Rural (<30% Developed),NA,Rural,40 - 45  MPH,Missing,Clear,No,49,40-49,No,NA,With Traffic,B: Evident Injury,Travel Lane,Black,Male,31,30-39,No,NA,31-35 mph,O: No Injury,White,Female,Sport Utility,No,03AUG2008,Sunday,Motorist Overtaking Bicyclist,18,Non-Intersection,August,B: Evident Injury,18:35:00,Motorist Overtaking - Bicyclist Swerved,2008,No,No,Daylight,Straight - Level,State Secondary Route,Dry,"Two-Way, Not Divided",None,No Special Feature,Smooth Asphalt,2 lanes,"35.0327269133, -78.7966326178"
6043,None - Rural Crash,Richmond,Piedmont,"Farms, Woods, Pastures",Mixed (30% To 70% Developed),NA,Rural,50 - 55  MPH,"Double Yellow Line, No Passing Zone",Clear,No,12,11-15,No,NA,With Traffic,B: Evident Injury,Travel Lane,White,Male,56,50-59,No,NA,51-55 mph,O: No Injury,White,Male,Passenger Car,No,04AUG2008,Monday,Motorist Overtaking Bicyclist,16,Non-Intersection,August,B: Evident Injury,16:47:00,Motorist Overtaking - Other / Unknown,2008,Yes,No,Daylight,Straight - Grade,NC Route,Dry,"Two-Way, Not Divided",None,"Driveway, Private",Smooth Asphalt,2 lanes,"34.8597828446, -79.6950428797"
6044,Monroe,Union,Piedmont,Commercial,Urban (>70% Developed),NA,Urban,30 - 35  MPH,Stop And Go Signal,Clear,No,61,60-69,No,NA,Not Applicable,B: Evident Injury,Non-Roadway,Black,Male,63,60-69,No,NA,0-5 mph,O: No Injury,Hispanic,Male,Pickup,No,04AUG2008,Monday,Crossing Paths - Other Circumstances,20,Intersection-Related,August,B: Evident Injury,20:10:00,Crossing Paths - Uncontrolled Intersection,2008,Yes,No,Dusk,Straight - Level,Local Street,Dry,"Two-Way, Not Divided",None,Four-Way Intersection,Coarse Asphalt,3 lanes,"34.9726098385, -80.5489731408"
6052,Smithfield,Johnston,Coastal,Commercial,Urban (>70% Developed),NA,Urban,30 - 35  MPH,Stop And Go Signal,Clear,No,63,60-69,No,NA,Facing Traffic,C: Possible Injury,Sidewalk / Crosswalk / Driveway Crossing,Black,Male,58,50-59,No,NA,0-5 mph,O: No Injury,White,Male,Passenger Car,No,09AUG2008,Saturday,Motorist Failed to Yield - Signalized Intersection,12,Intersection,August,C: Possible Injury,12:51:00,Motorist Drive Out - Right Turn on Red,2008,Yes,No,Daylight,Straight - Level,Local Street,Dry,"Two-Way, Not Divided",None,No Special Feature,Coarse Asphalt,5 lanes,"35.5083870314, -78.3394925043"
6053,Cary,Wake,Piedmont,Commercial,Mixed (30% To 70% Developed),NA,Urban,40 - 45  MPH,Stop Sign,Clear,No,42,40-49,No,NA,With Traffic,B: Evident Injury,Travel Lane,White,Male,NA,NA,No,NA,NA,Unknown Injury,Unknown/Missing,NA,Passenger Car,No,03SEP2008,Wednesday,Motorist Left Turn / Merge,18,Intersection,September,B: Evident Injury,18:00:00,Motorist Left Turn - Opposite Direction,2008,No,Yes,Daylight,Straight - Level,State Secondary Route,Dry,"Two-Way, Not Divided",None,Four-Way Intersection,Smooth Asphalt,2 lanes,"35.7387470648, -78.8099126582"
6057,None - Rural Crash,Lenoir,Coastal,Residential,Mixed (30% To 70% Developed),NA,Rural,30 - 35  MPH,Stop Sign,Clear,No,13,11-15,No,NA,With Traffic,B: Evident Injury,Travel Lane,White,Male,18,0-19,No,NA,31-35 mph,O: No Injury,White,Female,Passenger Car,No,10AUG2008,Sunday,Bicyclist Failed to Yield - Sign-Controlled Intersection,18,Intersection,August,B: Evident Injury,18:30:00,Bicyclist Ride Through - Sign-Controlled Intersection,2008,Yes,No,Daylight,Straight - Level,State Secondary Route,Dry,"Two-Way, Not Divided",None,Four-Way Intersection,Coarse Asphalt,2 lanes,"35.2250399941, -77.6321662743"
6061,None - Rural Crash,Chatham,Piedmont,"Farms, Woods, Pastures",Rural (<30% Developed),NA,Rural,40 - 45  MPH,Stop Sign,Clear,No,48,40-49,No,NA,With Traffic,B: Evident Injury,Travel Lane,White,Female,70+,70+,No,NA,6-10 mph,O: No Injury,White,Female,Passenger Car,No,30AUG2008,Saturday,Motorist Failed to Yield - Sign-Controlled Intersection,8,Intersection,August,B: Evident Injury,08:45:00,Motorist Drive Out - Sign-Controlled Intersection,2008,Yes,No,Daylight,Straight - Level,State Secondary Route,Dry,"Two-Way, Not Divided",None,Four-Way Intersection,Smooth Asphalt,2 lanes,"35.6429740376, -79.0050927127"