object_id,city,county,region,development,locality,on_road,rural_urban,speed_limit,traffic_control,weather,workzone,bike_age,bike_age_group,bike_alcohol,bike_alcohol_drugs,bike_direction,bike_injury,bike_position,bike_race,bike_sex,driver_age,driver_age_group,driver_alcohol,driver_alcohol_drugs,driver_est_speed,driver_injury,driver_race,driver_sex,driver_vehicle_type,crash_alcohol,crash_date,crash_day,crash_group,crash_hour,crash_location,crash_month,crash_severity,crash_time,crash_type,crash_year,ambulance_req,hit_run,light_condition,road_character,road_class,road_condition,road_configuration,road_defects,road_feature,road_surface,num_lanes,geo_point
6063,None - Rural Crash,Burke,Mountains,Residential,Mixed (30% To 70% Developed),NA,Rural,40 - 45  MPH,"Double Yellow Line, No Passing Zone",Cloudy,No,18,16-19,No,NA,With Traffic,A: Disabling Injury,Travel Lane,White,Male,NA,NA,Missing,NA,41-45 mph,Unknown Injury,Unknown/Missing,NA,NA,No,31JUL2008,Thursday,Motorist Overtaking Bicyclist,21,Non-Intersection,July,A: Disabling Injury,21:30:00,Motorist Overtaking - Other / Unknown,2008,Yes,Yes,Dark - Roadway Not Lighted,Straight - Level,State Secondary Route,Wet,"Two-Way, Not Divided",None,No Special Feature,Smooth Asphalt,2 lanes,"35.7033169512, -81.6851385191"
6066,None - Rural Crash,Wayne,Coastal,"Farms, Woods, Pastures",Rural (<30% Developed),NA,Rural,50 - 55  MPH,No Control Present,Cloudy,No,45,40-49,No,NA,With Traffic,B: Evident Injury,Travel Lane,White,Male,18,0-19,No,NA,46-50 mph,O: No Injury,White,Female,Passenger Car,No,13AUG2008,Wednesday,Motorist Overtaking Bicyclist,21,Non-Intersection,August,B: Evident Injury,21:35:00,Motorist Overtaking - Other / Unknown,2008,Yes,No,Dark - Roadway Not Lighted,Straight - Level,US Route,Wet,"Two-Way, Divided, Unprotected Median",None,No Special Feature,Smooth Asphalt,4 lanes,"35.3861230164, -78.0140173987"
6067,Charlotte,Mecklenburg,Piedmont,Commercial,Urban (>70% Developed),NA,Urban,40 - 45  MPH,No Control Present,Clear,No,12,11-15,No,NA,Facing Traffic,C: Possible Injury,Sidewalk / Crosswalk / Driveway Crossing,Black,Male,28,25-29,No,NA,6-10 mph,O: No Injury,Hispanic,Male,Passenger Car,No,05SEP2008,Friday,Motorist Failed to Yield - Midblock,19,Non-Intersection,September,C: Possible Injury,19:05:00,Motorist Drive Out - Commercial Driveway / Alley,2008,Yes,No,Daylight,Straight - Grade,Local Street,Dry,"Two-Way, Divided, Unprotected Median",None,No Special Feature,Smooth Asphalt,4 lanes,"35.2218268857, -80.7241332058"
6070,None - Rural Crash,Dare,Coastal,Residential,Urban (>70% Developed),NA,Rural,30 - 35  MPH,"Double Yellow Line, No Passing Zone",Clear,No,45,40-49,Yes,NA,Facing Traffic,B: Evident Injury,Travel Lane,White,Male,62,60-69,No,NA,31-35 mph,O: No Injury,White,Male,Passenger Car,Yes,14AUG2008,Thursday,Head-On,14,Non-Intersection,August,B: Evident Injury,14:10:00,Head-On - Bicyclist,2008,Yes,No,Daylight,Straight - Level,NC Route,Dry,"Two-Way, Not Divided",None,No Special Feature,Smooth Asphalt,2 lanes,"35.5562091377, -75.468961629"
6072,Durham,Durham,Piedmont,Residential,Urban (>70% Developed),NA,Urban,5 - 15 MPH,Stop Sign,Clear,No,19,16-19,No,NA,Facing Traffic,C: Possible Injury,Sidewalk / Crosswalk / Driveway Crossing,Hispanic,Male,49,40-49,No,NA,0-5 mph,O: No Injury,White,Male,Passenger Car,No,04SEP2008,Thursday,Motorist Failed to Yield - Sign-Controlled Intersection,20,Intersection,September,C: Possible Injury,20:37:00,Motorist Drive Out - Sign-Controlled Intersection,2008,Yes,No,Dark - Lighted Roadway,Straight - Level,Local Street,Dry,"Two-Way, Not Divided",None,T-Intersection,Smooth Asphalt,2 lanes,"36.050083127, -78.9294727118"
6078,None - Rural Crash,Washington,Coastal,"Farms, Woods, Pastures",Rural (<30% Developed),NA,Rural,50 - 55  MPH,"Double Yellow Line, No Passing Zone",Clear,No,18,16-19,No,NA,With Traffic,B: Evident Injury,Travel Lane,Hispanic,Male,27,25-29,No,NA,51-55 mph,O: No Injury,White,Female,Passenger Car,No,15AUG2008,Friday,Motorist Overtaking Bicyclist,19,Non-Intersection,August,B: Evident Injury,19:50:00,Motorist Overtaking - Other / Unknown,2008,No,No,Dusk,Straight - Level,NC Route,Dry,"Two-Way, Not Divided",None,No Special Feature,Smooth Asphalt,2 lanes,"35.8559871617, -76.720412028"
6087,None - Rural Crash,Davidson,Piedmont,"Farms, Woods, Pastures",Rural (<30% Developed),NA,Rural,NA,"Double Yellow Line, No Passing Zone",Clear,No,45,40-49,No,NA,With Traffic,O: No Injury,Travel Lane,White,Male,20,20-24,No,NA,NA,B: Evident Injury,White,Male,Pedalcycle,No,18AUG2008,Monday,Motorist Overtaking Bicyclist,13,Non-Intersection,August,B: Evident Injury,13:45:00,Motorist Overtaking - Bicyclist Swerved,2008,No,No,Daylight,Straight - Grade,State Secondary Route,Dry,"Two-Way, Not Divided",None,No Special Feature,Smooth Asphalt,2 lanes,"35.9403220518, -80.3605991365"
6090,Asheville,Buncombe,Mountains,Commercial,Urban (>70% Developed),NA,Urban,30 - 35  MPH,Stop And Go Signal,Clear,No,22,20-24,No,NA,With Traffic,C: Possible Injury,Travel Lane,White,Female,48,40-49,No,NA,0-5 mph,O: No Injury,White,Female,Sport Utility,No,20AUG2008,Wednesday,Bicyclist Failed to Yield - Signalized Intersection,17,Intersection,August,C: Possible Injury,17:30:00,Bicyclist Ride Through - Signalized Intersection,2008,Yes,No,Daylight,Straight - Level,US Route,Dry,"Two-Way, Not Divided",None,T-Intersection,Smooth Asphalt,4 lanes,"35.6233069011, -82.5546337723"
6092,Charlotte,Mecklenburg,Piedmont,Commercial,Urban (>70% Developed),NA,Urban,30 - 35  MPH,No Control Present,Cloudy,No,30,30-39,No,NA,Facing Traffic,C: Possible Injury,Sidewalk / Crosswalk / Driveway Crossing,Black,Male,NA,NA,Missing,NA,6-10 mph,Unknown Injury,Unknown/Missing,NA,Passenger Car,No,10SEP2008,Wednesday,Motorist Failed to Yield - Midblock,15,Non-Intersection,September,C: Possible Injury,15:24:00,Motorist Drive Out - Commercial Driveway / Alley,2008,Yes,Yes,Daylight,Straight - Level,Local Street,Wet,"Two-Way, Not Divided",None,No Special Feature,Coarse Asphalt,2 lanes,"35.2185818808, -80.8328032381"
6099,Carrboro,Orange,Piedmont,Residential,Urban (>70% Developed),NA,Urban,30 - 35  MPH,Missing,Clear,No,23,20-24,No,NA,With Traffic,O: No Injury,Travel Lane,White,Female,57,50-59,No,NA,6-10 mph,O: No Injury,White,Male,Passenger Car,No,22AUG2008,Friday,Motorist Failed to Yield - Midblock,20,Non-Intersection,August,O: No Injury,20:06:00,Motorist Drive Out - Commercial Driveway / Alley,2008,Yes,No,Dusk,Straight - Level,Local Street,Dry,"Two-Way, Not Divided",None,No Special Feature,Coarse Asphalt,2 lanes,"35.9219670942, -79.0718527471"
6100,Charlotte,Mecklenburg,Piedmont,Residential,Urban (>70% Developed),NA,Urban,5 - 15 MPH,No Control Present,Clear,No,6,6-10,No,NA,With Traffic,B: Evident Injury,Travel Lane,Black,Male,38,30-39,No,NA,6-10 mph,O: No Injury,Black,Male,Van,No,13SEP2008,Saturday,Loss of Control / Turning Error,18,Non-Intersection,September,B: Evident Injury,18:43:00,Bicyclist Lost Control - Other / Unknown,2008,Yes,No,Daylight,Straight - Hillcrest,Local Street,Dry,"Two-Way, Not Divided",None,No Special Feature,Smooth Asphalt,2 lanes,"35.2555068896, -80.8068632324"
6114,Blowing Rock,Watauga,Mountains,Residential,Urban (>70% Developed),NA,Rural,20 - 25  MPH,No Control Present,Cloudy,No,21,20-24,No,NA,With Traffic,B: Evident Injury,Travel Lane,White,Male,25,25-29,No,NA,6-10 mph,O: No Injury,White,Male,Sport Utility,No,23AUG2008,Saturday,Motorist Left Turn / Merge,18,Non-Intersection,August,B: Evident Injury,18:34:00,Motorist Left Turn - Opposite Direction,2008,Yes,No,Daylight,Straight - Grade,Local Street,Dry,"Two-Way, Not Divided",None,No Special Feature,Coarse Asphalt,2 lanes,"36.1325910419, -81.6820175425"
6116,Goldsboro,Wayne,Coastal,Residential,Urban (>70% Developed),NA,Urban,20 - 25  MPH,No Control Present,Rain,No,22,20-24,No,NA,With Traffic,C: Possible Injury,Sidewalk / Crosswalk / Driveway Crossing,Black,Female,19,0-19,No,NA,31-35 mph,O: No Injury,Black,Female,Passenger Car,No,25AUG2008,Monday,Motorist Left Turn / Merge,21,Non-Intersection,August,C: Possible Injury,21:13:00,Motorist Left Turn - Opposite Direction,2008,Yes,No,Dark - Lighted Roadway,Straight - Level,Local Street,Wet,"Two-Way, Not Divided",None,No Special Feature,Coarse Asphalt,2 lanes,"35.3706740145, -77.9850323892"
6123,None - Rural Crash,Franklin,Piedmont,"Farms, Woods, Pastures",Rural (<30% Developed),NA,Rural,50 - 55  MPH,"Double Yellow Line, No Passing Zone",Clear,No,15,11-15,No,NA,With Traffic,C: Possible Injury,Travel Lane,Black,Male,43,40-49,No,NA,36-40 mph,O: No Injury,White,Male,Pickup,No,13SEP2008,Saturday,Bicyclist Left Turn / Merge,16,Non-Intersection,September,C: Possible Injury,16:30:00,Bicyclist Left Turn - Same Direction,2008,Yes,No,Daylight,Curve - Level,State Secondary Route,Dry,"Two-Way, Not Divided",None,No Special Feature,Coarse Asphalt,2 lanes,"36.0220371463, -78.2297424975"
6130,Gastonia,Gaston,Piedmont,Commercial,Urban (>70% Developed),NA,Urban,NA,Missing,Clear,No,NA,NA,Missing,NA,Facing Traffic,Unknown Injury,Travel Lane,Unknown/Missing,NA,32,30-39,No,NA,NA,C: Possible Injury,White,Male,Pedalcycle,No,02SEP2008,Tuesday,Motorist Failed to Yield - Midblock,14,Non-Intersection,September,C: Possible Injury,14:05:00,Motorist Drive Out - Commercial Driveway / Alley,2008,Yes,Yes,Daylight,Straight - Level,Local Street,Dry,"Two-Way, Not Divided",None,"Driveway, Public",Smooth Asphalt,5 lanes,"35.2682108807, -81.1339433312"
6132,Greensboro,Guilford,Piedmont,Residential,Urban (>70% Developed),NA,Urban,30 - 35  MPH,Stop And Go Signal,Clear,No,16,16-19,No,NA,Facing Traffic,C: Possible Injury,Sidewalk / Crosswalk / Driveway Crossing,White,Male,53,50-59,No,NA,NA,O: No Injury,White,Female,Van,No,02SEP2008,Tuesday,Motorist Failed to Yield - Signalized Intersection,18,Intersection,September,C: Possible Injury,18:38:00,Motorist Drive Out - Right Turn on Red,2008,No,No,Daylight,Straight - Level,Local Street,Dry,"Two-Way, Divided, Unprotected Median",None,Four-Way Intersection,Smooth Asphalt,5 lanes,"36.0876271013, -79.8455729904"
6136,Raleigh,Wake,Piedmont,Commercial,Urban (>70% Developed),NA,Urban,50 - 55  MPH,No Control Present,Cloudy,No,38,30-39,No,NA,With Traffic,K: Killed,Travel Lane,White,Male,36,30-39,No,NA,46-50 mph,O: No Injury,Black,Male,Passenger Car,No,16AUG2008,Saturday,Motorist Overtaking Bicyclist,6,Non-Intersection,August,K: Killed,06:04:00,Motorist Overtaking - Undetected Bicyclist,2008,Yes,No,Dark - Roadway Not Lighted,Straight - Level,Local Street,Dry,"Two-Way, Divided, Positive Median Barrier",None,No Special Feature,Coarse Asphalt,5 lanes,"35.8763731026, -78.5756725951"
6151,Wilmington,New Hanover,Coastal,Residential,Urban (>70% Developed),NA,Urban,30 - 35  MPH,Flashing Stop And Go Signal,Clear,No,40,40-49,Yes,NA,With Traffic,B: Evident Injury,Travel Lane,Black,Male,26,25-29,Yes,NA,11-15 mph,O: No Injury,White,Female,Passenger Car,Yes,06SEP2008,Saturday,Loss of Control / Turning Error,21,Intersection,September,B: Evident Injury,21:39:00,Motorist Turning Error - Left Turn,2008,Yes,No,Daylight,Straight - Level,Local Street,Dry,"Two-Way, Not Divided",None,Four-Way Intersection,Smooth Asphalt,4 lanes,"34.2391847673, -77.929082317"
6152,Durham,Durham,Piedmont,Commercial,Urban (>70% Developed),NA,Urban,30 - 35  MPH,Stop And Go Signal,Clear,No,26,25-29,No,NA,Facing Traffic,B: Evident Injury,Travel Lane,White,Male,47,40-49,No,NA,31-35 mph,O: No Injury,White,Male,Sport Utility,No,24SEP2008,Wednesday,Motorist Left Turn / Merge,20,Intersection,September,B: Evident Injury,20:31:00,Motorist Left Turn - Same Direction,2008,No,No,Dark - Roadway Not Lighted,Straight - Level,Local Street,Dry,"Two-Way, Divided, Unprotected Median",None,No Special Feature,Coarse Asphalt,2 lanes,"36.0041671172, -78.9205727062"
6155,None - Rural Crash,New Hanover,Coastal,Residential,Rural (<30% Developed),NA,Rural,50 - 55  MPH,Other,Clear,No,45,40-49,No,NA,With Traffic,K: Killed,Bike Lane / Paved Shoulder,White,Male,19,0-19,No,NA,51-55 mph,O: No Injury,White,Male,Passenger Car,No,09SEP2008,Tuesday,Motorist Right Turn / Merge,18,Non-Intersection,September,K: Killed,18:31:00,Motorist Right Turn - Same Direction,2008,Yes,No,Daylight,Straight - Level,State Secondary Route,Dry,"Two-Way, Not Divided",None,Other,Coarse Asphalt,2 lanes,"34.1079367383, -77.9219823084"
6156,Charlotte,Mecklenburg,Piedmont,Residential,Urban (>70% Developed),NA,Urban,30 - 35  MPH,Stop Sign,Clear,No,13,11-15,No,NA,Facing Traffic,C: Possible Injury,Travel Lane,White,Male,45,40-49,No,NA,16-20 mph,O: No Injury,White,Female,Passenger Car,No,14SEP2008,Sunday,Loss of Control / Turning Error,13,Intersection,September,C: Possible Injury,13:17:00,Bicyclist Turning Error - Left Turn,2008,Yes,No,Daylight,Curve - Hillcrest,Local Street,Dry,"Two-Way, Not Divided",None,T-Intersection,Smooth Asphalt,2 lanes,"35.2974048932, -80.9442332764"
6163,Raleigh,Wake,Piedmont,Residential,Urban (>70% Developed),NA,Urban,30 - 35  MPH,Missing,Clear,No,13,11-15,No,NA,Not Applicable,B: Evident Injury,Non-Roadway,Black,Male,60,60-69,No,NA,31-35 mph,O: No Injury,Black,Female,Sport Utility,No,26JUN2008,Thursday,Bicyclist Failed to Yield - Midblock,18,Non-Intersection,June,B: Evident Injury,18:19:00,Bicyclist Ride Out - Other Midblock,2008,Yes,No,Daylight,Straight - Level,Local Street,Dry,"One-Way, Not Divided",None,No Special Feature,Smooth Asphalt,1 lane,"35.7727310792, -78.5993425967"
6166,Wilmington,New Hanover,Coastal,Commercial,Urban (>70% Developed),NA,Urban,NA,Stop And Go Signal,Rain,No,43,40-49,No,NA,Facing Traffic,C: Possible Injury,Sidewalk / Crosswalk / Driveway Crossing,White,Male,NA,NA,Missing,NA,NA,Unknown Injury,Unknown/Missing,NA,NA,No,22AUG2008,Friday,Motorist Failed to Yield - Signalized Intersection,11,Intersection,August,C: Possible Injury,11:28:00,Motorist Drive Out - Right Turn on Red,2008,No,Yes,Daylight,Straight - Level,Local Street,Wet,"Two-Way, Not Divided",None,Four-Way Intersection,Smooth Asphalt,2 lanes,"34.2366167666, -77.9463123217"
6169,Raleigh,Wake,Piedmont,Commercial,Urban (>70% Developed),NA,Urban,40 - 45  MPH,Stop And Go Signal,Clear,No,49,40-49,No,NA,Facing Traffic,C: Possible Injury,Travel Lane,Hispanic,Male,49,40-49,No,NA,NA,O: No Injury,White,Female,Sport Utility,No,15AUG2008,Friday,Motorist Failed to Yield - Signalized Intersection,14,Intersection,August,C: Possible Injury,14:54:00,Motorist Drive Out - Right Turn on Red,2008,Yes,No,Daylight,Straight - Level,Local Street,Dry,"Two-Way, Divided, Unprotected Median",None,Four-Way Intersection,Smooth Asphalt,9 or more lanes,"35.8259000898, -78.6209426055"
6176,Lumberton,Robeson,Coastal,Residential,Mixed (30% To 70% Developed),NA,Urban,30 - 35  MPH,Stop Sign,Cloudy,No,55,50-59,No,NA,Facing Traffic,C: Possible Injury,Travel Lane,Black,Male,24,20-24,No,NA,0-5 mph,O: No Injury,Hispanic,Male,Passenger Car,No,16SEP2008,Tuesday,Motorist Failed to Yield - Sign-Controlled Intersection,14,Intersection,September,C: Possible Injury,14:10:00,Motorist Drive Out - Sign-Controlled Intersection,2008,Yes,No,Daylight,Straight - Level,Local Street,Dry,"Two-Way, Not Divided",None,T-Intersection,Coarse Asphalt,2 lanes,"34.625311817, -79.0111926623"
6178,Garner,Wake,Piedmont,Residential,Urban (>70% Developed),NA,Urban,20 - 25  MPH,Stop Sign,Rain,No,17,16-19,No,NA,Facing Traffic,B: Evident Injury,Travel Lane,Black,Male,NA,NA,Missing,NA,NA,Unknown Injury,Unknown/Missing,NA,NA,No,09SEP2008,Tuesday,Crossing Paths - Other Circumstances,19,Intersection,September,B: Evident Injury,19:15:00,Sign-Controlled Intersection - Other / Unknown,2008,Yes,Yes,Daylight,Straight - Level,Local Street,Wet,"Two-Way, Not Divided",None,Four-Way Intersection,Concrete,2 lanes,"35.7174290673, -78.6131085972"
6182,Charlotte,Mecklenburg,Piedmont,Residential,Mixed (30% To 70% Developed),NA,Urban,40 - 45  MPH,No Control Present,Clear,No,16,16-19,No,NA,Facing Traffic,C: Possible Injury,Sidewalk / Crosswalk / Driveway Crossing,Black,Male,NA,NA,Missing,NA,0-5 mph,Unknown Injury,Unknown/Missing,NA,Sport Utility,No,03OCT2008,Friday,Motorist Failed to Yield - Midblock,15,Non-Intersection,October,C: Possible Injury,15:26:00,Motorist Drive Out - Commercial Driveway / Alley,2008,No,Yes,Daylight,Straight - Grade,Local Street,Dry,"Two-Way, Divided, Unprotected Median",None,"Driveway, Public",Smooth Asphalt,4 lanes,"35.2184518844, -80.7227032053"
6183,Charlotte,Mecklenburg,Piedmont,Commercial,Urban (>70% Developed),NA,Urban,30 - 35  MPH,No Control Present,Clear,No,25,25-29,No,NA,NA,B: Evident Injury,Sidewalk / Crosswalk / Driveway Crossing,White,Female,22,20-24,No,NA,6-10 mph,O: No Injury,White,Female,Passenger Car,No,10AUG2008,Sunday,Motorist Failed to Yield - Midblock,13,Non-Intersection,August,B: Evident Injury,13:30:00,Motorist Drive Out - Commercial Driveway / Alley,2008,No,No,Daylight,Straight - Hillcrest,Local Street,Dry,"One-Way, Not Divided",None,No Special Feature,Smooth Asphalt,3 lanes,"35.229356883, -80.8423032421"
6187,Statesville,Iredell,Piedmont,Commercial,Urban (>70% Developed),NA,Urban,30 - 35  MPH,Stop And Go Signal,Clear,No,26,25-29,No,NA,With Traffic,B: Evident Injury,Travel Lane,White,Male,27,25-29,No,NA,NA,O: No Injury,White,Female,Sport Utility,No,20SEP2008,Saturday,Loss of Control / Turning Error,11,Intersection-Related,September,B: Evident Injury,11:29:00,Bicyclist Lost Control - Mechanical Problems,2008,Yes,No,Daylight,Straight - Hillcrest,Local Street,Dry,"One-Way, Not Divided",None,No Special Feature,Coarse Asphalt,4 lanes,"35.7909370016, -80.8590832783"
6195,None - Rural Crash,Columbus,Coastal,"Farms, Woods, Pastures",Rural (<30% Developed),NA,Rural,50 - 55  MPH,Stop Sign,Cloudy,No,44,40-49,No,NA,With Traffic,Unknown Injury,Other,White,Male,70+,70+,No,NA,0-5 mph,O: No Injury,White,Female,Passenger Car,No,16SEP2008,Tuesday,Crossing Paths - Other Circumstances,20,Intersection,September,O: No Injury,20:22:00,Sign-Controlled Intersection - Other / Unknown,2008,No,No,Dark - Roadway Not Lighted,Straight - Level,US Route,Dry,"Two-Way, Not Divided",None,On or Off Ramp,Smooth Asphalt,2 lanes,"34.3516567663, -78.7095525574"
6196,Jacksonville,Onslow,Coastal,Commercial,Urban (>70% Developed),NA,Urban,30 - 35  MPH,Missing,Clear,No,18,16-19,No,NA,Facing Traffic,B: Evident Injury,Bike Lane / Paved Shoulder,Black,Male,49,40-49,No,NA,6-10 mph,O: No Injury,Black,Male,Passenger Car,No,23SEP2008,Tuesday,Motorist Failed to Yield - Midblock,15,Non-Intersection,September,B: Evident Injury,15:56:00,Motorist Drive Out - Residential Driveway,2008,Yes,No,Daylight,Straight - Level,Local Street,Dry,"Two-Way, Not Divided",None,Other,Smooth Asphalt,3 lanes,"34.7628429003, -77.3993221811"
6203,Greensboro,Guilford,Piedmont,Residential,Rural (<30% Developed),NA,Urban,30 - 35  MPH,Stop And Go Signal,Clear,No,23,20-24,No,NA,With Traffic,B: Evident Injury,Travel Lane,White,Female,60,60-69,No,NA,31-35 mph,O: No Injury,White,Male,Passenger Car,No,20SEP2008,Saturday,Bicyclist Failed to Yield - Signalized Intersection,13,Intersection,September,B: Evident Injury,13:32:00,Bicyclist Ride Through - Signalized Intersection,2008,Yes,No,Daylight,Straight - Level,Local Street,Dry,"Two-Way, Divided, Positive Median Barrier",None,No Special Feature,Smooth Asphalt,4 lanes,"36.074443099, -79.8278989843"
6207,Asheville,Buncombe,Mountains,Commercial,Urban (>70% Developed),NA,Urban,20 - 25  MPH,Stop And Go Signal,Rain,No,17,16-19,No,NA,Facing Traffic,B: Evident Injury,Sidewalk / Crosswalk / Driveway Crossing,White,Male,21,20-24,Yes,NA,NA,O: No Injury,White,Male,Sport Utility,Yes,26SEP2008,Friday,Motorist Failed to Yield - Signalized Intersection,23,Intersection,September,B: Evident Injury,23:23:00,Motorist Drive Through - Signalized Intersection,2008,No,No,Dark - Lighted Roadway,Straight - Grade,Local Street,Wet,"Two-Way, Not Divided",None,Four-Way Intersection,Smooth Asphalt,4 lanes,"35.5936568952, -82.5586587709"
6209,Hendersonville,Henderson,Mountains,Commercial,Urban (>70% Developed),NA,Urban,20 - 25  MPH,Stop Sign,Clear,No,10,6-10,No,NA,With Traffic,C: Possible Injury,Travel Lane,Black,Male,41,40-49,No,NA,16-20 mph,O: No Injury,Black,Male,Passenger Car,No,01SEP2008,Monday,Crossing Paths - Other Circumstances,17,Intersection,September,C: Possible Injury,17:53:00,Sign-Controlled Intersection - Other / Unknown,2008,Yes,No,Daylight,Straight - Level,Local Street,Dry,"Two-Way, Not Divided",None,Four-Way Intersection,Coarse Asphalt,4 lanes,"35.322976842, -82.4538537248"
6213,Raleigh,Wake,Piedmont,Institutional,Urban (>70% Developed),NA,Urban,5 - 15 MPH,Missing,Clear,No,23,20-24,No,NA,With Traffic,B: Evident Injury,Travel Lane,Hispanic,Male,26,25-29,No,NA,11-15 mph,O: No Injury,White,Female,Passenger Car,No,02OCT2008,Thursday,Parallel Paths - Other Circumstances,15,Intersection-Related,October,B: Evident Injury,15:12:00,Parallel Paths - Other / Unknown,2008,No,No,Daylight,Straight - Level,Local Street,Dry,"One-Way, Not Divided",None,T-Intersection,Smooth Asphalt,1 lane,"35.783357079, -78.6668926175"
6215,Hickory,Catawba,Piedmont,Commercial,Urban (>70% Developed),NA,Urban,30 - 35  MPH,Stop Sign,Clear,No,28,25-29,No,NA,Facing Traffic,C: Possible Injury,Travel Lane,White,Male,70+,70+,No,NA,31-35 mph,O: No Injury,White,Female,Passenger Car,No,03OCT2008,Friday,Motorist Failed to Yield - Sign-Controlled Intersection,12,Intersection,October,C: Possible Injury,12:29:00,Motorist Drive Out - Sign-Controlled Intersection,2008,No,No,Daylight,Straight - Level,NC Route,Dry,"Two-Way, Not Divided",None,No Special Feature,Smooth Asphalt,5 lanes,"35.7590569763, -81.334743418"
6221,Leland,Brunswick,Coastal,"Farms, Woods, Pastures",Urban (>70% Developed),NA,Rural,50 - 55  MPH,Missing,Clear,No,24,20-24,Yes,NA,With Traffic,A: Disabling Injury,Travel Lane,White,Male,33,30-39,No,NA,NA,O: No Injury,Asian,Male,Passenger Car,Yes,23SEP2008,Tuesday,Bicyclist Left Turn / Merge,23,Non-Intersection,September,A: Disabling Injury,23:29:00,Bicyclist Left Turn - Same Direction,2008,No,No,Dark - Roadway Not Lighted,Straight - Grade,US Route,Dry,"One-Way, Not Divided",None,On or Off Ramp,Smooth Asphalt,2 lanes,"34.2338327642, -77.9896323353"
6222,Charlotte,Mecklenburg,Piedmont,Residential,Mixed (30% To 70% Developed),NA,Urban,40 - 45  MPH,No Control Present,Clear,No,53,50-59,No,NA,With Traffic,C: Possible Injury,Travel Lane,Black,Male,50,50-59,No,NA,26-30 mph,O: No Injury,White,Male,Passenger Car,No,14OCT2008,Tuesday,Motorist Overtaking Bicyclist,5,Non-Intersection,October,C: Possible Injury,05:01:00,Motorist Overtaking - Undetected Bicyclist,2008,Yes,No,Dark - Roadway Not Lighted,Straight - Level,Local Street,Dry,"Two-Way, Not Divided",None,No Special Feature,Smooth Asphalt,2 lanes,"35.2840908915, -80.9197032674"
6239,Waynesville,Haywood,Mountains,Commercial,Mixed (30% To 70% Developed),NA,Urban,30 - 35  MPH,Missing,Clear,No,18,16-19,No,NA,With Traffic,B: Evident Injury,Travel Lane,White,Male,66,60-69,No,NA,31-35 mph,O: No Injury,White,Female,Sport Utility,No,29SEP2008,Monday,Motorist Overtaking Bicyclist,12,Non-Intersection,September,B: Evident Injury,12:45:00,Motorist Overtaking - Misjudged Space,2008,No,No,Daylight,Straight - Hillcrest,Local Street,Dry,"Two-Way, Divided, Unprotected Median",None,No Special Feature,Smooth Asphalt,5 lanes,"35.5075568602, -82.9930638944"
6245,Lumberton,Robeson,Coastal,Commercial,Urban (>70% Developed),NA,Urban,30 - 35  MPH,Stop And Go Signal,Clear,No,55,50-59,Yes,NA,With Traffic,B: Evident Injury,Travel Lane,Black,Male,42,40-49,No,NA,6-10 mph,Unknown Injury,Hispanic,Male,Passenger Car,Yes,12OCT2008,Sunday,Bicyclist Right Turn / Merge,10,Non-Intersection,October,B: Evident Injury,10:45:00,Bicyclist Right Turn - Same Direction,2008,No,No,Daylight,Straight - Level,Local Street,Dry,"Two-Way, Not Divided",None,No Special Feature,Coarse Asphalt,3 lanes,"34.6176938158, -78.9962626576"
6246,None - Rural Crash,Robeson,Coastal,Residential,Rural (<30% Developed),NA,Rural,50 - 55  MPH,"Double Yellow Line, No Passing Zone",Rain,No,54,50-59,No,NA,With Traffic,C: Possible Injury,Travel Lane,Native American,Male,58,50-59,No,NA,36-40 mph,O: No Injury,White,Male,Pickup,No,11OCT2008,Saturday,Motorist Overtaking Bicyclist,21,Non-Intersection,October,C: Possible Injury,21:35:00,Motorist Overtaking - Undetected Bicyclist,2008,No,No,Dark - Roadway Not Lighted,Straight - Level,State Secondary Route,Wet,"Two-Way, Not Divided",None,No Special Feature,Smooth Asphalt,2 lanes,"34.7047418279, -79.1966227219"
6255,Wilson,Wilson,Coastal,Residential,Mixed (30% To 70% Developed),NA,Urban,30 - 35  MPH,Stop Sign,Clear,No,48,40-49,No,NA,With Traffic,O: No Injury,Travel Lane,White,Male,26,25-29,No,NA,6-10 mph,O: No Injury,Black,Female,Passenger Car,No,14OCT2008,Tuesday,Motorist Right Turn / Merge,18,Intersection,October,O: No Injury,18:52:00,Motorist Right Turn - Same Direction,2008,Yes,No,Dark - Lighted Roadway,Straight - Level,Local Street,Dry,"Two-Way, Not Divided",None,T-Intersection,Smooth Asphalt,2 lanes,"35.7214120921, -77.9275523894"
6263,Raleigh,Wake,Piedmont,Commercial,Urban (>70% Developed),NA,Urban,30 - 35  MPH,No Control Present,Clear,No,23,20-24,No,NA,With Traffic,C: Possible Injury,Sidewalk / Crosswalk / Driveway Crossing,White,Female,19,0-19,No,NA,0-5 mph,O: No Injury,White,Male,Pickup,No,24AUG2008,Sunday,Motorist Right Turn / Merge,16,Non-Intersection,August,C: Possible Injury,16:34:00,Motorist Right Turn - Same Direction,2008,No,No,Daylight,Straight - Level,Local Street,Dry,"Two-Way, Not Divided",None,No Special Feature,Coarse Asphalt,4 lanes,"35.7894130802, -78.6752626208"