object_id,city,county,region,development,locality,on_road,rural_urban,speed_limit,traffic_control,weather,workzone,bike_age,bike_age_group,bike_alcohol,bike_alcohol_drugs,bike_direction,bike_injury,bike_position,bike_race,bike_sex,driver_age,driver_age_group,driver_alcohol,driver_alcohol_drugs,driver_est_speed,driver_injury,driver_race,driver_sex,driver_vehicle_type,crash_alcohol,crash_date,crash_day,crash_group,crash_hour,crash_location,crash_month,crash_severity,crash_time,crash_type,crash_year,ambulance_req,hit_run,light_condition,road_character,road_class,road_condition,road_configuration,road_defects,road_feature,road_surface,num_lanes,geo_point
6267,None - Rural Crash,Cumberland,Coastal,Residential,Mixed (30% To 70% Developed),NA,Rural,50 - 55  MPH,"Double Yellow Line, No Passing Zone",Clear,No,47,40-49,No,NA,With Traffic,B: Evident Injury,Bike Lane / Paved Shoulder,White,Male,51,50-59,No,NA,51-55 mph,O: No Injury,White,Male,Pickup,No,29SEP2008,Monday,Motorist Overtaking Bicyclist,18,Non-Intersection,September,B: Evident Injury,18:02:00,Motorist Overtaking - Misjudged Space,2008,Yes,Yes,Daylight,Straight - Level,State Secondary Route,Dry,"Two-Way, Not Divided",None,No Special Feature,Coarse Asphalt,2 lanes,"35.0555529188, -78.7700526104"
4451,Wilmington,New Hanover,Coastal,Commercial,Urban (>70% Developed),NA,Urban,40 - 45  MPH,Stop Sign,Clear,No,60,60-69,No,NA,With Traffic,A: Disabling Injury,Travel Lane,White,Female,33,30-39,No,NA,0-5 mph,O: No Injury,Black,Female,Sport Utility,No,08OCT2010,Friday,Motorist Failed to Yield - Sign-Controlled Intersection,14,Intersection,October,A: Disabling Injury,14:53:00,Motorist Drive Out - Sign-Controlled Intersection,2010,Yes,No,Daylight,Straight - Grade,Local Street,Dry,"Two-Way, Divided, Unprotected Median",None,T-Intersection,Smooth Asphalt,NA,"34.1971617587, -77.9215323127"
4459,Gibsonville,Guilford,Piedmont,Residential,Urban (>70% Developed),NA,Urban,30 - 35  MPH,No Control Present,Clear,No,47,40-49,No,NA,NA,C: Possible Injury,NA,Black,Male,28,25-29,Yes,NA,16-20 mph,O: No Injury,Black,Male,Passenger Car,Yes,14OCT2010,Thursday,Other / Unknown - Insufficient Details,0,Non-Intersection,October,C: Possible Injury,00:30:00,Unknown Approach Paths,2010,No,No,Dark - Roadway Not Lighted,Straight - Level,Local Street,Dry,"Two-Way, Not Divided",None,No Special Feature,Smooth Asphalt,2 lanes,"36.1005471152, -79.5419928992"
4460,Chapel Hill,Orange,Piedmont,Institutional,Urban (>70% Developed),NA,Urban,20 - 25  MPH,No Control Present,Clear,No,20,20-24,No,NA,With Traffic,B: Evident Injury,Bike Lane / Paved Shoulder,White,Male,NA,NA,Missing,NA,NA,Unknown Injury,Unknown/Missing,NA,Passenger Car,No,17OCT2010,Sunday,Bicyclist Overtaking Motorist,20,Non-Intersection,October,B: Evident Injury,20:04:00,Bicyclist Overtaking - Parked Vehicle,2010,Yes,No,Dark - Lighted Roadway,Straight - Level,Local Street,Dry,"Two-Way, Divided, Unprotected Median",None,No Special Feature,Smooth Asphalt,4 lanes,"35.9146270937, -79.0518677406"
4464,Raleigh,Wake,Piedmont,Residential,Urban (>70% Developed),NA,Urban,40 - 45  MPH,Stop Sign,Clear,No,60,60-69,No,NA,With Traffic,B: Evident Injury,Travel Lane,White,Male,33,30-39,No,NA,21-25 mph,O: No Injury,White,Female,Passenger Car,No,21SEP2010,Tuesday,Motorist Failed to Yield - Sign-Controlled Intersection,8,Intersection,September,B: Evident Injury,08:41:00,Motorist Drive Out - Sign-Controlled Intersection,2010,Yes,No,Daylight,Straight - Level,Local Street,Dry,"Two-Way, Divided, Unprotected Median",None,Four-Way Intersection,Concrete,4 lanes,"35.8955171061, -78.5995426027"
4474,High Point,Guilford,Piedmont,Commercial,Urban (>70% Developed),NA,Urban,30 - 35  MPH,Stop Sign,Clear,No,31,30-39,No,NA,Facing Traffic,B: Evident Injury,Travel Lane,White,Male,61,60-69,No,NA,0-5 mph,O: No Injury,White,Male,Van,No,18OCT2010,Monday,Bicyclist Right Turn / Merge,17,Intersection,October,B: Evident Injury,17:36:00,Bicyclist Right Turn - Same Direction,2010,Yes,No,Daylight,Straight - Level,Local Street,Dry,"Two-Way, Not Divided",None,T-Intersection,Coarse Asphalt,2 lanes,"35.9551770676, -80.0108230326"
4489,Boone,Watauga,Mountains,Commercial,Urban (>70% Developed),NA,Urban,30 - 35  MPH,Stop And Go Signal,Clear,No,18,16-19,No,NA,With Traffic,B: Evident Injury,Sidewalk / Crosswalk / Driveway Crossing,White,Female,58,50-59,No,NA,31-35 mph,O: No Injury,White,Male,"Light Truck (Mini-Van, Panel)",No,27OCT2010,Wednesday,Bicyclist Failed to Yield - Signalized Intersection,16,Intersection,October,B: Evident Injury,16:55:00,Bicyclist Ride Out - Signalized  Intersection,2010,Yes,No,Daylight,Straight - Level,NC Route,Dry,"Two-Way, Not Divided",None,Four-Way Intersection,Smooth Asphalt,7 lanes,"36.2054470573, -81.6695535436"
4497,Salisbury,Rowan,Piedmont,Residential,Urban (>70% Developed),NA,Urban,30 - 35  MPH,No Control Present,Clear,No,22,20-24,No,NA,With Traffic,O: No Injury,Travel Lane,Black,Male,33,30-39,No,NA,31-35 mph,O: No Injury,White,Male,Passenger Car,No,28OCT2010,Thursday,Motorist Overtaking Bicyclist,18,Non-Intersection,October,O: No Injury,18:18:00,Motorist Overtaking - Other / Unknown,2010,No,No,Daylight,Straight - Level,Local Street,Dry,"Two-Way, Not Divided",None,"Driveway, Private",Coarse Asphalt,2 lanes,"35.678236993, -80.4507731499"
2502,Cary,Wake,Piedmont,Residential,Urban (>70% Developed),NA,Urban,30 - 35  MPH,Stop Sign,Clear,No,30,30-39,No,NA,With Traffic,C: Possible Injury,Travel Lane,White,Male,39,30-39,No,NA,6-10 mph,O: No Injury,Other,Female,NA,No,23SEP2012,Sunday,Motorist Failed to Yield - Sign-Controlled Intersection,17,Intersection,September,C: Possible Injury,17:28:00,Motorist Drive Out - Sign-Controlled Intersection,2012,No,Yes,Daylight,Straight - Level,Local Street,Dry,"Two-Way, Not Divided",None,T-Intersection,Smooth Asphalt,2 lanes,"35.8247170824, -78.8422026734"
2509,Burlington,Alamance,Piedmont,Residential,Urban (>70% Developed),NA,Urban,30 - 35  MPH,Stop Sign,Clear,No,6,6-10,No,NA,With Traffic,B: Evident Injury,Travel Lane,Hispanic,Male,19,0-19,No,NA,26-30 mph,O: No Injury,Hispanic,Male,Passenger Car,No,06OCT2012,Saturday,Bicyclist Failed to Yield - Sign-Controlled Intersection,20,Intersection,October,B: Evident Injury,20:14:00,Bicyclist Ride Through - Sign-Controlled Intersection,2012,Yes,No,Daylight,Straight - Level,Local Street,Dry,"Two-Way, Not Divided",None,Four-Way Intersection,Coarse Asphalt,2 lanes,"36.0957371194, -79.4001028569"
2510,Charlotte,Mecklenburg,Piedmont,"Farms, Woods, Pastures",Rural (<30% Developed),NA,Urban,40 - 45  MPH,No Control Present,Clear,No,12,11-15,No,NA,With Traffic,C: Possible Injury,Travel Lane,Black,Male,70+,70+,No,NA,6-10 mph,O: No Injury,White,Male,Passenger Car,No,13OCT2012,Saturday,Motorist Overtaking Bicyclist,17,Non-Intersection,October,C: Possible Injury,17:15:00,Motorist Overtaking - Other / Unknown,2012,No,No,Daylight,Straight - Level,Local Street,Dry,"Two-Way, Not Divided",None,No Special Feature,Smooth Asphalt,2 lanes,"35.2540068932, -80.7077032028"
2516,Fayetteville,Cumberland,Coastal,Commercial,Urban (>70% Developed),NA,Urban,40 - 45  MPH,No Control Present,Clear,No,16,16-19,No,NA,Facing Traffic,C: Possible Injury,Travel Lane,Black,Male,34,30-39,No,NA,31-35 mph,O: No Injury,White,Male,Motorcycle,No,28SEP2012,Friday,Head-On,18,Intersection-Related,September,C: Possible Injury,18:25:00,Head-On - Bicyclist,2012,Yes,No,Daylight,Straight - Level,Local Street,Dry,"Two-Way, Not Divided",None,No Special Feature,Coarse Asphalt,2 lanes,"35.0358269117, -78.8402026309"
2517,None - Rural Crash,Johnston,Coastal,"Farms, Woods, Pastures",Mixed (30% To 70% Developed),NA,Rural,50 - 55  MPH,No Control Present,Cloudy,No,18,16-19,No,NA,With Traffic,C: Possible Injury,Travel Lane,White,Female,70+,70+,No,NA,51-55 mph,Unknown Injury,White,Male,NA,No,07OCT2012,Sunday,Motorist Overtaking Bicyclist,21,Non-Intersection,October,C: Possible Injury,21:07:00,Motorist Overtaking - Bicyclist Swerved,2012,Yes,Yes,Dark - Roadway Not Lighted,Straight - Level,US Route,Dry,"Two-Way, Not Divided",None,No Special Feature,Coarse Asphalt,2 lanes,"35.4899770323, -78.2037024618"
2521,Wilmington,New Hanover,Coastal,Residential,Urban (>70% Developed),NA,Urban,20 - 25  MPH,Stop Sign,Clear,No,23,20-24,No,NA,Facing Traffic,B: Evident Injury,Sidewalk / Crosswalk / Driveway Crossing,Black,Male,18,0-19,No,NA,21-25 mph,O: No Injury,White,Female,Passenger Car,No,28SEP2012,Friday,Motorist Failed to Yield - Sign-Controlled Intersection,7,Intersection,September,B: Evident Injury,07:38:00,Motorist Drive Out - Sign-Controlled Intersection,2012,Yes,No,Daylight,Straight - Level,Local Street,Dry,"Two-Way, Not Divided",Other,Related To Intersection,Smooth Asphalt,2 lanes,"34.2255767657, -77.9057023092"
2524,Raleigh,Wake,Piedmont,Residential,Urban (>70% Developed),NA,Urban,30 - 35  MPH,No Control Present,Clear,No,10,6-10,No,NA,NA,B: Evident Injury,Travel Lane,White,Male,30,30-39,No,NA,11-15 mph,O: No Injury,Hispanic,Female,Passenger Car,No,10OCT2012,Wednesday,Crossing Paths - Other Circumstances,8,Intersection-Related,October,B: Evident Injury,08:45:00,Sign-Controlled Intersection - Other / Unknown,2012,Yes,No,Daylight,Straight - Level,NA,Dry,"Two-Way, Not Divided",None,No Special Feature,Smooth Asphalt,2 lanes,"35.8429770941, -78.6236026079"
2531,Jacksonville,Onslow,Coastal,Residential,Urban (>70% Developed),NA,Urban,30 - 35  MPH,Other,Clear,No,31,30-39,No,NA,Not Applicable,B: Evident Injury,Sidewalk / Crosswalk / Driveway Crossing,White,Male,48,40-49,No,NA,31-35 mph,O: No Injury,Other,Female,Passenger Car,No,26SEP2012,Wednesday,Bicyclist Failed to Yield - Midblock,15,Non-Intersection,September,B: Evident Injury,15:24:00,Bicyclist Ride Out - Other Midblock,2012,Yes,No,Daylight,Straight - Level,Local Street,Dry,"Two-Way, Divided, Unprotected Median",None,No Special Feature,Smooth Asphalt,4 lanes,"34.7604969002, -77.4011021816"
2537,Apex,Wake,Piedmont,Commercial,Urban (>70% Developed),NA,Urban,30 - 35  MPH,Stop And Go Signal,Clear,No,44,40-49,No,NA,With Traffic,B: Evident Injury,Travel Lane,White,Female,37,30-39,No,NA,16-20 mph,O: No Injury,White,Male,Pickup,No,17OCT2012,Wednesday,Motorist Overtaking Bicyclist,16,Intersection-Related,October,B: Evident Injury,16:50:00,Motorist Overtaking - Misjudged Space,2012,Yes,No,Daylight,Straight - Level,State Secondary Route,Dry,"Two-Way, Not Divided",None,No Special Feature,Smooth Asphalt,4 lanes,"35.7292470618, -78.8395026674"
2539,Mint Hill,Mecklenburg,Piedmont,Residential,Urban (>70% Developed),NA,Urban,30 - 35  MPH,No Control Present,Rain,No,23,20-24,No,NA,With Traffic,A: Disabling Injury,Travel Lane,White,Male,70+,70+,No,NA,26-30 mph,O: No Injury,White,Female,Passenger Car,No,09OCT2012,Tuesday,Motorist Overtaking Bicyclist,5,Non-Intersection,October,A: Disabling Injury,05:48:00,Motorist Overtaking - Bicyclist Swerved,2012,Yes,No,Dawn,Straight - Level,State Secondary Route,Wet,"Two-Way, Not Divided",None,No Special Feature,Coarse Asphalt,2 lanes,"35.1819268777, -80.6919031948"
2542,None - Rural Crash,New Hanover,Coastal,Commercial,Mixed (30% To 70% Developed),NA,Rural,50 - 55  MPH,No Control Present,Clear,No,43,40-49,No,NA,With Traffic,C: Possible Injury,Travel Lane,White,Female,23,20-24,No,NA,6-10 mph,O: No Injury,White,Male,Sport Utility,No,20OCT2012,Saturday,Motorist Left Turn / Merge,13,Non-Intersection,October,C: Possible Injury,13:00:00,Motorist Left Turn - Opposite Direction,2012,Yes,No,Daylight,Straight - Level,US Route,Dry,"Two-Way, Not Divided",None,"Driveway, Public",Coarse Asphalt,5 lanes,"34.2790367752, -77.960802328"
2543,None - Rural Crash,Cumberland,Coastal,Commercial,Mixed (30% To 70% Developed),NA,Rural,40 - 45  MPH,"Double Yellow Line, No Passing Zone",Clear,No,24,20-24,No,NA,With Traffic,B: Evident Injury,Bike Lane / Paved Shoulder,White,Male,NA,NA,No,NA,41-45 mph,Unknown Injury,Unknown/Missing,NA,NA,No,19OCT2012,Friday,Motorist Overtaking Bicyclist,13,Non-Intersection,October,B: Evident Injury,13:42:00,Motorist Overtaking - Other / Unknown,2012,Yes,Yes,Dark - Roadway Not Lighted,Straight - Level,State Secondary Route,Dry,"Two-Way, Not Divided",None,No Special Feature,Smooth Asphalt,2 lanes,"35.0058969024, -78.9214026544"
2546,None - Rural Crash,Wake,Piedmont,Residential,Rural (<30% Developed),NA,Rural,20 - 25  MPH,Stop Sign,Clear,No,10,6-10,No,NA,With Traffic,C: Possible Injury,Travel Lane,Black,Male,17,0-19,No,NA,21-25 mph,O: No Injury,Black,Female,Passenger Car,No,21OCT2012,Sunday,Bicyclist Failed to Yield - Sign-Controlled Intersection,13,Intersection,October,C: Possible Injury,13:30:00,Bicyclist Ride Through - Sign-Controlled Intersection,2012,Yes,No,Daylight,Straight - Grade,State Secondary Route,Dry,"Two-Way, Not Divided",None,No Special Feature,Smooth Asphalt,2 lanes,"35.7305170707, -78.5973025931"
2549,Raleigh,Wake,Piedmont,Residential,Urban (>70% Developed),NA,Urban,20 - 25  MPH,No Control Present,Clear,No,25,25-29,Yes,NA,With Traffic,B: Evident Injury,Travel Lane,White,Female,NA,NA,Missing,NA,21-25 mph,Unknown Injury,Unknown/Missing,NA,Passenger Car,Yes,19OCT2012,Friday,Head-On,18,Non-Intersection,October,B: Evident Injury,18:47:00,Head-On - Motorist,2012,Yes,Yes,Dusk,Straight - Level,Local Street,Dry,"Two-Way, Not Divided",None,No Special Feature,Smooth Asphalt,2 lanes,"35.830687092, -78.5941025981"
2559,Durham,Durham,Piedmont,Commercial,Urban (>70% Developed),NA,Urban,30 - 35  MPH,No Control Present,Clear,No,22,20-24,No,NA,With Traffic,C: Possible Injury,Travel Lane,White,Female,31,30-39,No,NA,11-15 mph,O: No Injury,Black,Male,Passenger Car,No,01SEP2012,Saturday,Motorist Left Turn / Merge,11,Non-Intersection,September,C: Possible Injury,11:01:00,Motorist Left Turn - Opposite Direction,2012,Yes,No,Daylight,Straight - Level,Local Street,Dry,"Two-Way, Not Divided",None,No Special Feature,Smooth Asphalt,2 lanes,"35.9996671174, -78.9015027006"
2567,None - Rural Crash,Rockingham,Piedmont,"Farms, Woods, Pastures",Rural (<30% Developed),NA,Rural,60 - 75 MPH,No Control Present,Clear,No,43,40-49,No,NA,With Traffic,B: Evident Injury,Bike Lane / Paved Shoulder,Black,Male,NA,NA,No,NA,61-65 mph,Unknown Injury,Unknown/Missing,NA,Passenger Car,No,25OCT2012,Thursday,Motorist Overtaking Bicyclist,5,Non-Intersection,October,B: Evident Injury,05:00:00,Motorist Overtaking - Other / Unknown,2012,No,Yes,Dark - Roadway Not Lighted,Straight - Level,US Route,Dry,"Two-Way, Divided, Positive Median Barrier",None,No Special Feature,Smooth Asphalt,4 lanes,"36.2637671458, -79.6494029407"
2569,Cary,Wake,Piedmont,Residential,Urban (>70% Developed),NA,Urban,20 - 25  MPH,Stop Sign,Clear,No,27,25-29,No,NA,Facing Traffic,C: Possible Injury,Sidewalk / Crosswalk / Driveway Crossing,Black,Female,27,25-29,No,NA,0-5 mph,O: No Injury,White,Female,Sport Utility,No,11OCT2012,Thursday,Motorist Failed to Yield - Sign-Controlled Intersection,18,Intersection,October,C: Possible Injury,18:02:00,Motorist Drive Out - Sign-Controlled Intersection,2012,No,No,Daylight,Straight - Level,Local Street,Dry,"Two-Way, Not Divided",None,No Special Feature,Smooth Asphalt,2 lanes,"35.794377078, -78.7832026531"
2574,Durham,Durham,Piedmont,Residential,Urban (>70% Developed),NA,Urban,30 - 35  MPH,Stop Sign,Cloudy,No,13,11-15,No,NA,Facing Traffic,C: Possible Injury,Travel Lane,White,Male,70+,70+,No,NA,31-35 mph,O: No Injury,White,Male,Sport Utility,No,29OCT2012,Monday,Head-On,15,Intersection,October,C: Possible Injury,15:18:00,Head-On - Bicyclist,2012,Yes,No,Daylight,Straight - Level,Local Street,Dry,"Two-Way, Divided, Unprotected Median",None,No Special Feature,Smooth Asphalt,2 lanes,"36.0325471211, -78.9843027275"
2576,Durham,Durham,Piedmont,Residential,Urban (>70% Developed),NA,Urban,30 - 35  MPH,Stop Sign,Cloudy,No,27,25-29,No,NA,With Traffic,C: Possible Injury,Travel Lane,White,Male,26,25-29,No,NA,0-5 mph,O: No Injury,White,Female,Passenger Car,No,18OCT2012,Thursday,Motorist Failed to Yield - Sign-Controlled Intersection,7,Intersection,October,C: Possible Injury,07:30:00,Motorist Drive Out - Sign-Controlled Intersection,2012,No,No,Daylight,Straight - Level,Local Street,Dry,"Two-Way, Not Divided",None,No Special Feature,Smooth Asphalt,2 lanes,"35.9968071162, -78.9143027037"
2577,None - Rural Crash,Bertie,Coastal,"Farms, Woods, Pastures",Rural (<30% Developed),NA,Rural,50 - 55  MPH,No Control Present,Clear,No,40,40-49,No,NA,With Traffic,K: Killed,Travel Lane,Black,Male,28,25-29,No,NA,61-65 mph,O: No Injury,White,Male,Pickup,No,16OCT2012,Tuesday,Motorist Overtaking Bicyclist,17,Non-Intersection,October,K: Killed,17:27:00,Motorist Overtaking - Other / Unknown,2012,Yes,No,Daylight,Straight - Level,US Route,Dry,"Two-Way, Divided, Unprotected Median",None,No Special Feature,Coarse Asphalt,4 lanes,"35.8830671572, -77.0256021228"
2580,Raleigh,Wake,Piedmont,Commercial,Mixed (30% To 70% Developed),NA,Urban,30 - 35  MPH,Stop And Go Signal,Rain,No,54,50-59,No,NA,With Traffic,C: Possible Injury,Travel Lane,Black,Male,62,60-69,No,NA,11-15 mph,O: No Injury,White,Male,Passenger Car,No,29OCT2012,Monday,Crossing Paths - Other Circumstances,6,Intersection,October,C: Possible Injury,06:43:00,Signalized Intersection - Other / Unknown,2012,Yes,No,Dark - Lighted Roadway,Straight - Level,Local Street,Wet,"One-Way, Not Divided",None,No Special Feature,Smooth Asphalt,3 lanes,"35.78050708, -78.6223026034"
2585,Greensboro,Guilford,Piedmont,Institutional,Urban (>70% Developed),NA,Urban,20 - 25  MPH,Stop And Go Signal,Clear,No,26,25-29,No,NA,With Traffic,O: No Injury,Travel Lane,White,Male,21,20-24,No,NA,0-5 mph,O: No Injury,White,Female,Passenger Car,No,25OCT2012,Thursday,Loss of Control / Turning Error,12,Intersection,October,O: No Injury,12:20:00,Bicyclist Turning Error - Right Turn,2012,No,No,Daylight,Straight - Level,Local Street,Dry,"Two-Way, Not Divided",None,Four-Way Intersection,Smooth Asphalt,2 lanes,"36.0664070986, -79.8055029776"
2587,Fayetteville,Cumberland,Coastal,Commercial,Urban (>70% Developed),NA,Urban,30 - 35  MPH,No Control Present,Clear,No,56,50-59,No,NA,Facing Traffic,C: Possible Injury,Travel Lane,White,Female,28,25-29,No,NA,0-5 mph,O: No Injury,White,Male,Passenger Car,No,24OCT2012,Wednesday,Motorist Failed to Yield - Midblock,16,Non-Intersection,October,C: Possible Injury,16:18:00,Motorist Drive Out - Commercial Driveway / Alley,2012,Yes,No,Daylight,Straight - Level,Local Street,Dry,"Two-Way, Not Divided",None,No Special Feature,Smooth Asphalt,6 lanes,"35.0463169138, -78.8654026387"
2590,Greensboro,Guilford,Piedmont,Institutional,Urban (>70% Developed),NA,Urban,20 - 25  MPH,Stop Sign,Clear,No,21,20-24,No,NA,With Traffic,C: Possible Injury,Bike Lane / Paved Shoulder,White,Male,19,0-19,No,NA,21-25 mph,O: No Injury,White,Female,Passenger Car,No,18OCT2012,Thursday,Motorist Right Turn / Merge,10,Intersection,October,C: Possible Injury,10:33:00,Motorist Right Turn - Same Direction,2012,No,No,Daylight,Straight - Level,Local Street,Dry,"Two-Way, Divided, Positive Median Barrier",None,No Special Feature,Smooth Asphalt,2 lanes,"36.0652870985, -79.8128029788"
2592,None - Rural Crash,Onslow,Coastal,Residential,Rural (<30% Developed),NA,Rural,30 - 35  MPH,"Double Yellow Line, No Passing Zone",Clear,No,50,50-59,No,NA,With Traffic,B: Evident Injury,Travel Lane,White,Male,30,30-39,No,NA,26-30 mph,O: No Injury,Black,Male,Passenger Car,No,01NOV2012,Thursday,Motorist Overtaking Bicyclist,18,Non-Intersection,November,B: Evident Injury,18:04:00,Motorist Overtaking - Other / Unknown,2012,Yes,No,Daylight,Straight - Level,State Secondary Route,Dry,"Two-Way, Not Divided",None,No Special Feature,Coarse Asphalt,2 lanes,"34.8162769102, -77.4584022022"
2594,None - Rural Crash,Duplin,Coastal,"Farms, Woods, Pastures",Rural (<30% Developed),NA,Rural,50 - 55  MPH,No Control Present,Rain,No,61,60-69,Yes,NA,With Traffic,K: Killed,Travel Lane,Black,Male,35,30-39,Yes,NA,51-55 mph,O: No Injury,White,Male,NA,Yes,09OCT2012,Tuesday,Motorist Overtaking Bicyclist,19,Non-Intersection,October,K: Killed,19:02:00,Motorist Overtaking - Undetected Bicyclist,2012,Yes,Yes,Dawn,Straight - Level,NC Route,Wet,"Two-Way, Not Divided",None,No Special Feature,Coarse Asphalt,2 lanes,"34.8097768932, -77.9433023492"
2596,Greensboro,Guilford,Piedmont,Commercial,Urban (>70% Developed),NA,Urban,5 - 15 MPH,No Control Present,Clear,No,46,40-49,No,NA,Facing Traffic,B: Evident Injury,Sidewalk / Crosswalk / Driveway Crossing,White,Male,NA,NA,No,NA,6-10 mph,Unknown Injury,Unknown/Missing,NA,Passenger Car,No,02JUN2012,Saturday,Motorist Failed to Yield - Midblock,20,Non-Intersection,June,B: Evident Injury,20:09:00,Motorist Drive Out - Commercial Driveway / Alley,2012,Yes,Yes,Daylight,Straight - Hillcrest,Public Vehicular Area,Dry,NA,None,"Driveway, Public",Coarse Asphalt,NA,"36.1315671124, -79.7965029784"
2602,Raleigh,Wake,Piedmont,Commercial,Urban (>70% Developed),NA,Urban,20 - 25  MPH,No Control Present,Clear,No,25,25-29,No,NA,With Traffic,O: No Injury,Bike Lane / Paved Shoulder,White,Male,39,30-39,No,NA,16-20 mph,O: No Injury,White,Male,Passenger Car,No,02NOV2012,Friday,Parking / Bus-Related,15,Intersection-Related,November,O: No Injury,15:10:00,Motorist Drive In / Out - Parking,2012,Yes,No,Daylight,Straight - Level,Local Street,Dry,"Two-Way, Divided, Unprotected Median",None,No Special Feature,Smooth Asphalt,2 lanes,"35.7855170805, -78.6607026157"
2609,None - Rural Crash,Pitt,Coastal,"Farms, Woods, Pastures",Rural (<30% Developed),NA,Rural,50 - 55  MPH,No Control Present,Clear,No,23,20-24,No,NA,With Traffic,C: Possible Injury,Travel Lane,Black,Male,43,40-49,No,NA,41-45 mph,O: No Injury,White,Male,Passenger Car,No,08NOV2012,Thursday,Motorist Overtaking Bicyclist,19,Non-Intersection,November,C: Possible Injury,19:46:00,Motorist Overtaking - Undetected Bicyclist,2012,Yes,No,Dark - Roadway Not Lighted,Straight - Level,State Secondary Route,Dry,"Two-Way, Not Divided",None,No Special Feature,Coarse Asphalt,2 lanes,"35.6139970897, -77.3142021979"
2611,None - Rural Crash,Rutherford,Mountains,"Farms, Woods, Pastures",Rural (<30% Developed),NA,Rural,50 - 55  MPH,"Double Yellow Line, No Passing Zone",Clear,No,16,16-19,No,NA,With Traffic,B: Evident Injury,Travel Lane,White,Male,NA,NA,Missing,NA,6-10 mph,Unknown Injury,Unknown/Missing,NA,Pickup,No,09NOV2012,Friday,Motorist Overtaking Bicyclist,18,Non-Intersection,November,B: Evident Injury,18:10:00,Motorist Overtaking - Other / Unknown,2012,Yes,Yes,Dark - Roadway Not Lighted,Straight - Level,State Secondary Route,Dry,"Two-Way, Not Divided",None,No Special Feature,Coarse Asphalt,2 lanes,"35.3835068826, -81.7356035163"
2613,None - Rural Crash,Davidson,Piedmont,Residential,Rural (<30% Developed),NA,Rural,40 - 45  MPH,"Double Yellow Line, No Passing Zone",Clear,No,45,40-49,No,NA,With Traffic,A: Disabling Injury,Travel Lane,White,Male,70+,70+,No,NA,41-45 mph,O: No Injury,White,Female,Sport Utility,No,11NOV2012,Sunday,Motorist Left Turn / Merge,14,Intersection,November,A: Disabling Injury,14:30:00,Motorist Left Turn - Opposite Direction,2012,Yes,No,Daylight,Curve - Level,State Secondary Route,Dry,"Two-Way, Not Divided",None,T-Intersection,Smooth Asphalt,2 lanes,"35.9499570633, -80.0886030558"
2616,Rocky Mount,Nash,Coastal,Residential,Urban (>70% Developed),NA,Urban,20 - 25  MPH,Stop Sign,Clear,No,51,50-59,No,NA,With Traffic,B: Evident Injury,Travel Lane,Black,Male,70+,70+,No,NA,6-10 mph,C: Possible Injury,White,Male,Pickup,No,18OCT2012,Thursday,Loss of Control / Turning Error,9,Non-Intersection,October,B: Evident Injury,09:59:00,Motorist Lost Control - Other / Unknown,2012,Yes,No,Daylight,Straight - Level,Local Street,Dry,"Two-Way, Not Divided",None,Four-Way Intersection,Smooth Asphalt,2 lanes,"35.9320571416, -77.8065023642"
2617,Morrisville,Wake,Piedmont,Commercial,Urban (>70% Developed),NA,Urban,30 - 35  MPH,Stop And Go Signal,Clear,No,44,40-49,No,NA,Facing Traffic,B: Evident Injury,Sidewalk / Crosswalk / Driveway Crossing,White,Male,27,25-29,No,NA,11-15 mph,O: No Injury,Black,Male,Passenger Car,No,08NOV2012,Thursday,Motorist Right Turn / Merge,16,Intersection,November,B: Evident Injury,16:34:00,Motorist Right Turn - Opposite Direction,2012,Yes,No,Dusk,Straight - Grade,Local Street,Dry,"Two-Way, Divided, Unprotected Median",None,Four-Way Intersection,Smooth Asphalt,4 lanes,"35.8535070884, -78.82880267"
2629,Smithfield,Johnston,Coastal,Commercial,Urban (>70% Developed),NA,Urban,20 - 25  MPH,No Control Present,Clear,No,19,16-19,No,NA,Not Applicable,B: Evident Injury,Non-Roadway,Black,Male,49,40-49,No,NA,6-10 mph,O: No Injury,Black,Male,Sport Utility,No,01NOV2012,Thursday,Non-Roadway,13,Non-Roadway,November,B: Evident Injury,13:41:00,Non-Roadway,2012,Yes,No,Daylight,Straight - Level,US Route,Dry,"Two-Way, Not Divided",None,No Special Feature,Coarse Asphalt,4 lanes,"35.5090570315, -78.3406025043"
2631,Greensboro,Guilford,Piedmont,Residential,Urban (>70% Developed),NA,Urban,30 - 35  MPH,Stop Sign,Clear,No,7,6-10,No,NA,With Traffic,B: Evident Injury,Travel Lane,Black,Male,38,30-39,No,NA,31-35 mph,O: No Injury,Black,Male,Van,No,30MAY2012,Wednesday,Bicyclist Failed to Yield - Sign-Controlled Intersection,17,Intersection-Related,May,B: Evident Injury,17:26:00,Bicyclist Ride Through - Sign-Controlled Intersection,2012,Yes,No,Daylight,Straight - Bottom,Local Street,Dry,"Two-Way, Not Divided",None,Four-Way Intersection,Smooth Asphalt,2 lanes,"36.0734971025, -79.7482029597"