object_id,city,county,region,development,locality,on_road,rural_urban,speed_limit,traffic_control,weather,workzone,bike_age,bike_age_group,bike_alcohol,bike_alcohol_drugs,bike_direction,bike_injury,bike_position,bike_race,bike_sex,driver_age,driver_age_group,driver_alcohol,driver_alcohol_drugs,driver_est_speed,driver_injury,driver_race,driver_sex,driver_vehicle_type,crash_alcohol,crash_date,crash_day,crash_group,crash_hour,crash_location,crash_month,crash_severity,crash_time,crash_type,crash_year,ambulance_req,hit_run,light_condition,road_character,road_class,road_condition,road_configuration,road_defects,road_feature,road_surface,num_lanes,geo_point
2632,None - Rural Crash,Onslow,Coastal,"Farms, Woods, Pastures",Rural (<30% Developed),NA,Rural,50 - 55  MPH,No Control Present,Clear,No,36,30-39,No,NA,With Traffic,C: Possible Injury,Bike Lane / Paved Shoulder,White,Male,33,30-39,No,NA,41-45 mph,O: No Injury,White,Male,Sport Utility,No,16NOV2012,Friday,Loss of Control / Turning Error,17,Intersection-Related,November,C: Possible Injury,17:30:00,Motorist Lost Control - Other / Unknown,2012,No,No,Dark - Roadway Not Lighted,Straight - Level,NC Route,Dry,"Two-Way, Divided, Unprotected Median",None,No Special Feature,Smooth Asphalt,4 lanes,"34.7108968923, -77.2978021483"
2634,None - Rural Crash,Johnston,Coastal,Residential,Rural (<30% Developed),NA,Rural,5 - 15 MPH,Stop Sign,Clear,No,20,20-24,No,NA,With Traffic,C: Possible Injury,Travel Lane,Black,Male,NA,NA,No,NA,16-20 mph,Unknown Injury,Unknown/Missing,NA,Pickup,No,08NOV2012,Thursday,Loss of Control / Turning Error,11,Non-Intersection,November,C: Possible Injury,11:38:00,Motorist Turning Error - Left Turn,2012,No,Yes,Dark - Roadway Not Lighted,Straight - Level,State Secondary Route,Dry,"Two-Way, Not Divided",None,T-Intersection,Coarse Asphalt,2 lanes,"35.7934570952, -78.2903025039"
2651,Mineral Springs,Union,Piedmont,"Farms, Woods, Pastures",Rural (<30% Developed),NA,Rural,40 - 45  MPH,"Double Yellow Line, No Passing Zone",Clear,No,52,50-59,No,NA,With Traffic,B: Evident Injury,Travel Lane,Black,Male,27,25-29,No,NA,41-45 mph,O: No Injury,White,Female,Passenger Car,No,22NOV2012,Thursday,Head-On,11,Non-Intersection,November,B: Evident Injury,11:45:00,Head-On - Bicyclist,2012,Yes,No,Daylight,Straight - Grade,NC Route,Dry,"Two-Way, Not Divided",None,No Special Feature,Smooth Asphalt,2 lanes,"34.9360968257, -80.6736031762"
2654,Greensboro,Guilford,Piedmont,Residential,Urban (>70% Developed),NA,Urban,30 - 35  MPH,No Control Present,Cloudy,No,13,11-15,No,NA,Facing Traffic,B: Evident Injury,Sidewalk / Crosswalk / Driveway Crossing,Black,Male,39,30-39,No,NA,36-40 mph,O: No Injury,Hispanic,Male,Passenger Car,No,05JUN2012,Tuesday,Parallel Paths - Other Circumstances,12,Non-Intersection,June,B: Evident Injury,12:28:00,Bicyclist Ride Out - Parallel Path,2012,Yes,No,Daylight,Straight - Level,Local Street,Dry,"Two-Way, Divided, Positive Median Barrier",None,No Special Feature,Smooth Asphalt,4 lanes,"36.0243970905, -79.7917029706"
2657,Greensboro,Guilford,Piedmont,Commercial,Urban (>70% Developed),NA,Urban,5 - 15 MPH,No Control Present,Clear,No,20,20-24,No,NA,Facing Traffic,C: Possible Injury,Sidewalk / Crosswalk / Driveway Crossing,White,Female,35,30-39,No,NA,0-5 mph,O: No Injury,White,Male,Passenger Car,No,27AUG2012,Monday,Motorist Failed to Yield - Midblock,17,Non-Intersection,August,C: Possible Injury,17:11:00,Motorist Drive Out - Commercial Driveway / Alley,2012,Yes,No,Daylight,Straight - Level,Public Vehicular Area,Dry,"Two-Way, Not Divided",None,"Driveway, Public",Smooth Asphalt,2 lanes,"36.063967098, -79.8178029808"
2666,Raleigh,Wake,Piedmont,Commercial,Urban (>70% Developed),NA,Urban,30 - 35  MPH,No Control Present,Cloudy,No,24,20-24,No,NA,Facing Traffic,O: No Injury,Sidewalk / Crosswalk / Driveway Crossing,White,Male,25,25-29,No,NA,0-5 mph,O: No Injury,White,Male,Passenger Car,No,27NOV2012,Tuesday,Motorist Failed to Yield - Midblock,14,Non-Intersection,November,O: No Injury,14:35:00,Motorist Drive Out - Commercial Driveway / Alley,2012,Yes,No,Daylight,Straight - Grade,Local Street,Dry,"Two-Way, Not Divided",None,No Special Feature,Smooth Asphalt,5 lanes,"35.8561370961, -78.643602614"
2669,Elizabeth City,Pasquotank,Coastal,Commercial,Urban (>70% Developed),NA,Urban,40 - 45  MPH,Stop And Go Signal,Clear,No,47,40-49,No,NA,NA,B: Evident Injury,NA,White,Male,70+,70+,No,NA,36-40 mph,O: No Injury,White,Male,Passenger Car,No,05NOV2012,Monday,Crossing Paths - Other Circumstances,16,Intersection-Related,November,B: Evident Injury,16:43:00,Crossing Paths - Intersection - Other / Unknown,2012,Yes,No,Daylight,Straight - Level,Local Street,Dry,"Two-Way, Not Divided",None,Related To Intersection,Smooth Asphalt,5 lanes,"36.3120372764, -76.2205018979"
2679,None - Rural Crash,Nash,Coastal,"Farms, Woods, Pastures",Rural (<30% Developed),NA,Rural,50 - 55  MPH,No Control Present,Clear,No,41,40-49,Yes,NA,Facing Traffic,K: Killed,Travel Lane,White,Male,45,40-49,No,NA,51-55 mph,O: No Injury,Black,Female,Passenger Car,Yes,29NOV2012,Thursday,Bicyclist Right Turn / Merge,13,Non-Intersection,November,K: Killed,13:07:00,Bicyclist Right Turn - Same Direction,2012,Yes,No,Daylight,Straight - Level,State Secondary Route,Dry,"Two-Way, Not Divided",None,No Special Feature,Smooth Asphalt,2 lanes,"35.7792970951, -78.1812024703"
2690,Wilmington,New Hanover,Coastal,Residential,Urban (>70% Developed),NA,Urban,20 - 25  MPH,Yield Sign,Clear,No,27,25-29,No,NA,Facing Traffic,B: Evident Injury,Travel Lane,White,Female,58,50-59,No,NA,0-5 mph,O: No Injury,White,Male,Passenger Car,No,11NOV2012,Sunday,Motorist Failed to Yield - Sign-Controlled Intersection,16,Intersection,November,B: Evident Injury,16:16:00,Motorist Drive Out - Sign-Controlled Intersection,2012,No,No,Daylight,Straight - Level,Local Street,Dry,"Two-Way, Not Divided",None,T-Intersection,Smooth Asphalt,2 lanes,"34.2293767681, -77.8327022875"
2694,Greenville,Pitt,Coastal,Residential,Urban (>70% Developed),NA,Urban,20 - 25  MPH,Stop Sign,Clear,No,50,50-59,No,NA,With Traffic,B: Evident Injury,Travel Lane,Black,Male,51,50-59,No,NA,16-20 mph,O: No Injury,Black,Male,Pickup,No,03DEC2012,Monday,Bicyclist Failed to Yield - Sign-Controlled Intersection,19,Intersection,December,B: Evident Injury,19:48:00,Bicyclist Ride Out - Sign-Controlled Intersection,2012,Yes,No,Dark - Lighted Roadway,Straight - Level,Local Street,Dry,"Two-Way, Not Divided",None,No Special Feature,Coarse Asphalt,2 lanes,"35.6026270849, -77.3742022157"
2697,Lumberton,Robeson,Coastal,Commercial,Urban (>70% Developed),NA,Urban,30 - 35  MPH,Stop Sign,Clear,No,33,30-39,No,NA,Facing Traffic,K: Killed,Travel Lane,White,Female,60,60-69,No,NA,11-15 mph,O: No Injury,White,Female,Sport Utility,No,04DEC2012,Tuesday,Motorist Failed to Yield - Sign-Controlled Intersection,18,Intersection,December,K: Killed,18:03:00,Motorist Drive Out - Sign-Controlled Intersection,2012,Yes,No,Dark - Unknown Lighting,Straight - Level,Local Street,Dry,"Two-Way, Not Divided",None,T-Intersection,Coarse Asphalt,6 lanes,"34.6325768184, -79.001002659"
2698,Raleigh,Wake,Piedmont,Commercial,Urban (>70% Developed),NA,Urban,40 - 45  MPH,No Control Present,Clear,No,22,20-24,No,NA,NA,C: Possible Injury,NA,Hispanic,Male,31,30-39,No,NA,21-25 mph,O: No Injury,Hispanic,Male,Passenger Car,No,07DEC2012,Friday,Bicyclist Failed to Yield - Midblock,16,Non-Intersection,December,C: Possible Injury,16:06:00,Bicyclist Ride Out - Midblock - Unknown,2012,Yes,No,Daylight,Straight - Grade,Local Street,Dry,"Two-Way, Divided, Unprotected Median",None,No Special Feature,Smooth Asphalt,4 lanes,"35.8358270934, -78.5818025949"
2699,Raleigh,Wake,Piedmont,Commercial,Rural (<30% Developed),NA,Urban,30 - 35  MPH,No Control Present,Clear,No,53,50-59,No,NA,With Traffic,B: Evident Injury,Sidewalk / Crosswalk / Driveway Crossing,White,Male,33,30-39,No,NA,6-10 mph,O: No Injury,Black,Male,Passenger Car,No,28NOV2012,Wednesday,Motorist Right Turn / Merge,17,Non-Intersection,November,B: Evident Injury,17:38:00,Motorist Right Turn - Same Direction,2012,Yes,No,Dusk,Straight - Level,Local Street,Dry,"Two-Way, Not Divided",None,No Special Feature,Smooth Asphalt,3 lanes,"35.8240470889, -78.6503026145"
2705,Raleigh,Wake,Piedmont,Commercial,Urban (>70% Developed),NA,Urban,5 - 15 MPH,No Control Present,Clear,No,17,16-19,No,NA,Facing Traffic,O: No Injury,Travel Lane,Black,Male,35,30-39,No,NA,0-5 mph,O: No Injury,Other,Male,Passenger Car,No,11DEC2012,Tuesday,Bicyclist Right Turn / Merge,15,Non-Intersection,December,O: No Injury,15:52:00,Bicyclist Right Turn - Opposite Direction,2012,No,No,Daylight,Straight - Level,Public Vehicular Area,Dry,"One-Way, Not Divided",None,"Driveway, Public",Smooth Asphalt,1 lane,"35.7801070807, -78.6222026039"
2717,Greensboro,Guilford,Piedmont,Commercial,Urban (>70% Developed),NA,Urban,30 - 35  MPH,Stop Sign,Clear,No,NA,NA,Missing,NA,Facing Traffic,Unknown Injury,Sidewalk / Crosswalk / Driveway Crossing,Unknown/Missing,NA,38,30-39,No,NA,0-5 mph,O: No Injury,White,Female,Passenger Car,No,24MAY2012,Thursday,Motorist Failed to Yield - Midblock,11,Non-Intersection,May,O: No Injury,11:37:00,Motorist Drive Out - Commercial Driveway / Alley,2012,Yes,No,Daylight,Straight - Level,Local Street,Dry,"Two-Way, Not Divided",None,No Special Feature,Smooth Asphalt,4 lanes,"36.0706970969, -79.8690029969"
2718,Fayetteville,Cumberland,Coastal,Commercial,Urban (>70% Developed),NA,Urban,40 - 45  MPH,No Control Present,Clear,No,59,50-59,No,NA,NA,B: Evident Injury,NA,White,Male,40,40-49,No,NA,36-40 mph,O: No Injury,White,Female,Sport Utility,No,19NOV2012,Monday,Other / Unknown - Insufficient Details,12,Non-Intersection,November,B: Evident Injury,12:18:00,Unknown Approach Paths,2012,Yes,No,Daylight,Straight - Level,Local Street,Dry,"Two-Way, Divided, Unprotected Median",None,No Special Feature,Coarse Asphalt,7 lanes,"35.0438269102, -78.9349026599"
2719,Wilmington,New Hanover,Coastal,Commercial,Urban (>70% Developed),NA,Urban,30 - 35  MPH,Stop Sign,Cloudy,No,17,16-19,No,NA,With Traffic,B: Evident Injury,Travel Lane,White,Female,58,50-59,No,NA,21-25 mph,O: No Injury,Black,Male,Passenger Car,No,06DEC2012,Thursday,Bicyclist Failed to Yield - Sign-Controlled Intersection,8,Intersection,December,B: Evident Injury,08:28:00,Bicyclist Ride Through - Sign-Controlled Intersection,2012,Yes,No,Daylight,Straight - Level,Local Street,Dry,"Two-Way, Not Divided",None,T-Intersection,Coarse Asphalt,4 lanes,"34.2375567676, -77.9217023147"
2730,Mooresville,Iredell,Piedmont,Residential,Urban (>70% Developed),NA,Urban,20 - 25  MPH,No Control Present,Clear,No,14,11-15,No,NA,With Traffic,O: No Injury,Travel Lane,White,Male,66,60-69,No,NA,21-25 mph,O: No Injury,Black,Male,Passenger Car,No,06DEC2012,Thursday,Motorist Overtaking Bicyclist,17,Non-Intersection,December,O: No Injury,17:28:00,Motorist Overtaking - Bicyclist Swerved,2012,No,No,Dark - Roadway Not Lighted,Straight - Hillcrest,Local Street,Dry,"Two-Way, Not Divided",None,No Special Feature,Coarse Asphalt,2 lanes,"35.5559269537, -80.8100032495"
2739,Jacksonville,Onslow,Coastal,Residential,Urban (>70% Developed),NA,Urban,30 - 35  MPH,No Control Present,Clear,No,58,50-59,No,NA,With Traffic,K: Killed,Travel Lane,White,Male,70+,70+,No,NA,31-35 mph,O: No Injury,White,Male,Sport Utility,No,05DEC2012,Wednesday,Motorist Overtaking Bicyclist,16,Non-Intersection,December,K: Killed,16:10:00,Motorist Overtaking - Other / Unknown,2012,Yes,No,Daylight,Straight - Level,Local Street,Dry,"Two-Way, Not Divided",None,No Special Feature,Smooth Asphalt,4 lanes,"34.7595969003, -77.4028021818"
2741,None - Rural Crash,Carteret,Coastal,Commercial,Mixed (30% To 70% Developed),NA,Rural,50 - 55  MPH,No Control Present,Clear,No,53,50-59,No,NA,With Traffic,A: Disabling Injury,Travel Lane,White,Male,70+,70+,No,NA,46-50 mph,O: No Injury,White,Male,Pickup,No,30DEC2012,Sunday,Motorist Overtaking Bicyclist,13,Non-Intersection,December,A: Disabling Injury,13:55:00,Motorist Overtaking - Other / Unknown,2012,Yes,No,Daylight,Straight - Level,US Route,Dry,"Two-Way, Not Divided",None,No Special Feature,Coarse Asphalt,2 lanes,"34.7659569288, -76.5392019199"
2742,Fayetteville,Cumberland,Coastal,Residential,Urban (>70% Developed),NA,Urban,40 - 45  MPH,Stop Sign,Cloudy,No,19,16-19,No,NA,Facing Traffic,C: Possible Injury,Sidewalk / Crosswalk / Driveway Crossing,White,Male,32,30-39,No,NA,0-5 mph,C: Possible Injury,White,Female,Passenger Car,No,19DEC2012,Wednesday,Motorist Failed to Yield - Midblock,17,Non-Intersection,December,C: Possible Injury,17:34:00,Motorist Drive Out - Commercial Driveway / Alley,2012,No,No,Daylight,Straight - Hillcrest,Local Street,Dry,"Two-Way, Not Divided",None,T-Intersection,Coarse Asphalt,2 lanes,"35.0579769115, -78.9958026797"
2744,Wentworth,Rockingham,Piedmont,"Farms, Woods, Pastures",Rural (<30% Developed),NA,Rural,40 - 45  MPH,"Double Yellow Line, No Passing Zone",Clear,No,29,25-29,No,NA,With Traffic,K: Killed,Travel Lane,White,Male,42,40-49,No,NA,41-45 mph,O: No Injury,White,Male,Sport Utility,No,15DEC2012,Saturday,Motorist Overtaking Bicyclist,1,Non-Intersection,December,K: Killed,01:46:00,Motorist Overtaking - Undetected Bicyclist,2012,Yes,No,Dark - Roadway Not Lighted,Straight - Level,State Secondary Route,Dry,"Two-Way, Not Divided",None,No Special Feature,Smooth Asphalt,2 lanes,"36.3563671616, -79.7601029794"
2749,Charlotte,Mecklenburg,Piedmont,Commercial,Urban (>70% Developed),NA,Urban,30 - 35  MPH,No Control Present,Clear,No,26,25-29,Missing,NA,With Traffic,C: Possible Injury,Bike Lane / Paved Shoulder,White,Male,29,25-29,No,NA,NA,O: No Injury,White,Female,Passenger Car,No,18DEC2012,Tuesday,Motorist Left Turn / Merge,13,Intersection,December,C: Possible Injury,13:50:00,Motorist Left Turn - Opposite Direction,2012,Yes,No,Daylight,Straight - Level,Local Street,Dry,"Two-Way, Not Divided",None,Four-Way Intersection,Coarse Asphalt,3 lanes,"35.2108368782, -80.8566032448"
2754,Madison,Rockingham,Piedmont,Commercial,Urban (>70% Developed),NA,Rural,20 - 25  MPH,Stop And Go Signal,Clear,No,21,20-24,No,NA,Facing Traffic,C: Possible Injury,Sidewalk / Crosswalk / Driveway Crossing,Black,Male,25,25-29,No,NA,26-30 mph,O: No Injury,Black,Male,Pickup,No,15DEC2012,Saturday,Motorist Failed to Yield - Signalized Intersection,13,Intersection,December,C: Possible Injury,13:10:00,Motorist Drive Out - Signalized Intersection,2012,Yes,No,Daylight,Straight - Grade,Local Street,Dry,"Two-Way, Divided, Unprotected Median",None,Four-Way Intersection,Smooth Asphalt,2 lanes,"36.3887471605, -79.9617030427"
2757,Wilson,Wilson,Coastal,Residential,Urban (>70% Developed),NA,Urban,30 - 35  MPH,Stop Sign,Rain,No,45,40-49,No,NA,Facing Traffic,C: Possible Injury,Travel Lane,White,Male,33,30-39,No,NA,0-5 mph,O: No Injury,Black,Female,Passenger Car,No,26DEC2012,Wednesday,Crossing Paths - Other Circumstances,14,Intersection,December,C: Possible Injury,14:11:00,Sign-Controlled Intersection - Other / Unknown,2012,No,No,Daylight,Straight - Level,Local Street,Wet,"Two-Way, Not Divided",None,No Special Feature,Coarse Asphalt,2 lanes,"35.7179970914, -77.9256023893"
2759,High Point,Guilford,Piedmont,Residential,Urban (>70% Developed),NA,Urban,30 - 35  MPH,Stop Sign,Cloudy,No,10,6-10,No,NA,With Traffic,A: Disabling Injury,Travel Lane,Black,Female,22,20-24,No,NA,26-30 mph,O: No Injury,Black,Male,Passenger Car,No,31DEC2012,Monday,Bicyclist Failed to Yield - Sign-Controlled Intersection,13,Intersection-Related,December,A: Disabling Injury,13:29:00,Bicyclist Ride Through - Sign-Controlled Intersection,2012,Yes,No,Daylight,Straight - Grade,Local Street,Dry,"Two-Way, Not Divided",None,T-Intersection,Coarse Asphalt,2 lanes,"35.9437470659, -79.9944030268"
2769,Cary,Wake,Piedmont,Residential,Urban (>70% Developed),NA,Urban,5 - 15 MPH,No Control Present,Clear,No,11,11-15,No,NA,Not Applicable,C: Possible Injury,Non-Roadway,Black,Female,NA,NA,No,NA,0-5 mph,Unknown Injury,Unknown/Missing,NA,Sport Utility,No,06JAN2011,Thursday,Non-Roadway,16,Non-Roadway,January,C: Possible Injury,16:25:00,Non-Roadway,2011,Yes,Yes,Daylight,Straight - Grade,"Private Road, Driveway",Dry,"Two-Way, Not Divided",None,"Driveway, Private",Smooth Asphalt,NA,"35.8122670814, -78.7858026556"
2770,None - Rural Crash,Pitt,Coastal,"Farms, Woods, Pastures",Rural (<30% Developed),NA,Rural,50 - 55  MPH,"Double Yellow Line, No Passing Zone",Clear,No,13,11-15,No,NA,With Traffic,C: Possible Injury,Travel Lane,Black,Male,26,25-29,No,NA,51-55 mph,O: No Injury,White,Male,Passenger Car,No,06JAN2011,Thursday,Head-On,17,Non-Intersection,January,C: Possible Injury,17:54:00,Head-On - Bicyclist,2011,Yes,No,Dark - Roadway Not Lighted,Curve - Level,State Secondary Route,Dry,"Two-Way, Not Divided",None,No Special Feature,Smooth Asphalt,2 lanes,"35.5131870703, -77.2342021683"
2773,None - Rural Crash,Halifax,Coastal,"Farms, Woods, Pastures",Rural (<30% Developed),NA,Rural,50 - 55  MPH,"Double Yellow Line, No Passing Zone",Clear,No,53,50-59,Yes,NA,With Traffic,C: Possible Injury,Bike Lane / Paved Shoulder,Black,Male,40,40-49,No,NA,51-55 mph,O: No Injury,White,Male,Pickup,Yes,10JAN2011,Monday,Motorist Overtaking Bicyclist,17,Non-Intersection,January,C: Possible Injury,17:59:00,Motorist Overtaking - Undetected Bicyclist,2011,Yes,No,Dark - Roadway Not Lighted,Straight - Hillcrest,US Route,Dry,"Two-Way, Not Divided",None,No Special Feature,Smooth Asphalt,2 lanes,"36.4489072532, -77.76980238"
2774,Durham,Durham,Piedmont,Commercial,Urban (>70% Developed),NA,Urban,30 - 35  MPH,Stop And Go Signal,Clear,No,46,40-49,No,NA,Facing Traffic,O: No Injury,Travel Lane,White,Male,NA,NA,Missing,NA,31-35 mph,Unknown Injury,Unknown/Missing,NA,Van,No,12JAN2011,Wednesday,Motorist Overtaking Bicyclist,14,Intersection,January,O: No Injury,14:29:00,Motorist Overtaking - Misjudged Space,2011,No,Yes,Daylight,Straight - Level,Local Street,Dry,"Two-Way, Not Divided",None,T-Intersection,Coarse Asphalt,2 lanes,"36.0216171204, -78.9361027115"
2775,Greensboro,Guilford,Piedmont,Commercial,Urban (>70% Developed),NA,Urban,40 - 45  MPH,No Control Present,Clear,No,36,30-39,No,NA,With Traffic,C: Possible Injury,Travel Lane,White,Male,69,60-69,No,NA,11-15 mph,O: No Injury,White,Male,Passenger Car,No,03JAN2011,Monday,Motorist Overtaking Bicyclist,16,Non-Intersection,January,C: Possible Injury,16:23:00,Motorist Overtaking - Undetected Bicyclist,2011,Yes,No,Daylight,Curve - Level,Local Street,Dry,"Two-Way, Divided, Positive Median Barrier",None,On or Off Ramp,Smooth Asphalt,6 lanes,"36.0621770954, -79.8600029929"
2777,None - Rural Crash,Robeson,Coastal,Residential,Rural (<30% Developed),NA,Rural,50 - 55  MPH,No Control Present,Clear,No,9,6-10,No,NA,Not Applicable,B: Evident Injury,Travel Lane,Native American,Female,66,60-69,No,NA,6-10 mph,O: No Injury,White,Male,Passenger Car,No,17JAN2011,Monday,Non-Roadway,12,Non-Roadway,January,B: Evident Injury,12:10:00,Non-Roadway,2011,Yes,No,Daylight,Straight - Level,State Secondary Route,Dry,"Two-Way, Not Divided",None,"Driveway, Private",Coarse Asphalt,2 lanes,"34.6475668198, -79.0548026767"
2778,None - Rural Crash,Johnston,Coastal,Commercial,Mixed (30% To 70% Developed),NA,Rural,50 - 55  MPH,No Control Present,Clear,No,36,30-39,No,NA,With Traffic,A: Disabling Injury,Travel Lane,Hispanic,Male,40,40-49,No,NA,51-55 mph,O: No Injury,White,Male,Pickup,No,21JAN2011,Friday,Motorist Overtaking Bicyclist,19,Non-Intersection,January,A: Disabling Injury,19:18:00,Motorist Overtaking - Undetected Bicyclist,2011,Yes,No,Dark - Roadway Not Lighted,Curve - Level,US Route,Dry,"Two-Way, Divided, Unprotected Median",None,No Special Feature,Smooth Asphalt,4 lanes,"35.6181370522, -78.4240025356"
2784,Raleigh,Wake,Piedmont,Commercial,Urban (>70% Developed),NA,Urban,30 - 35  MPH,No Control Present,Clear,No,21,20-24,No,NA,With Traffic,B: Evident Injury,Travel Lane,White,Male,59,50-59,No,NA,26-30 mph,O: No Injury,White,Female,Passenger Car,No,05JAN2011,Wednesday,Motorist Right Turn / Merge,13,Non-Intersection,January,B: Evident Injury,13:59:00,Motorist Right Turn - Same Direction,2011,No,No,Daylight,Straight - Level,Local Street,Dry,"Two-Way, Divided, Unprotected Median",None,No Special Feature,Smooth Asphalt,5 lanes,"35.7917470812, -78.6628026167"
2789,Winston-Salem,Forsyth,Piedmont,Commercial,Urban (>70% Developed),NA,Urban,30 - 35  MPH,Stop And Go Signal,Clear,No,38,30-39,No,NA,With Traffic,B: Evident Injury,Travel Lane,White,Male,25,25-29,No,NA,6-10 mph,O: No Injury,White,Male,Passenger Car,No,24JAN2011,Monday,Motorist Left Turn / Merge,19,Intersection,January,B: Evident Injury,19:21:00,Motorist Left Turn - Opposite Direction,2011,No,No,Dark - Lighted Roadway,Straight - Grade,Local Street,Dry,"Two-Way, Not Divided",None,Four-Way Intersection,Smooth Asphalt,2 lanes,"36.0718170833, -80.2394031079"
2793,Charlotte,Mecklenburg,Piedmont,Commercial,Urban (>70% Developed),NA,Urban,20 - 25  MPH,No Control Present,Clear,No,18,16-19,No,NA,Facing Traffic,C: Possible Injury,Sidewalk / Crosswalk / Driveway Crossing,White,Male,47,40-49,No,NA,0-5 mph,O: No Injury,Hispanic,Male,Sport Utility,No,02FEB2011,Wednesday,Motorist Failed to Yield - Midblock,9,Non-Intersection,February,C: Possible Injury,09:24:00,Motorist Drive Out - Commercial Driveway / Alley,2011,Yes,No,Daylight,Straight - Level,Public Vehicular Area,Wet,"Two-Way, Not Divided",None,"Driveway, Public",Concrete,NA,"35.2029468809, -80.7388032095"
2797,Hampstead,Pender,Coastal,Residential,Urban (>70% Developed),NA,Rural,NA,No Control Present,Clear,No,70+,70+,No,NA,With Traffic,B: Evident Injury,Travel Lane,White,Male,NA,NA,No,NA,NA,Unknown Injury,Unknown/Missing,NA,Passenger Car,No,07FEB2011,Monday,Motorist Overtaking Bicyclist,9,Non-Intersection,February,B: Evident Injury,09:00:00,Motorist Overtaking - Misjudged Space,2011,No,Yes,Daylight,Straight - Level,Local Street,Dry,"Two-Way, Not Divided",None,No Special Feature,Coarse Asphalt,2 lanes,"34.3992668123, -77.6495022402"
2802,Durham,Durham,Piedmont,Commercial,Urban (>70% Developed),NA,Urban,40 - 45  MPH,No Control Present,Clear,No,27,25-29,No,NA,With Traffic,B: Evident Injury,Bike Lane / Paved Shoulder,White,Male,NA,NA,Missing,NA,41-45 mph,Unknown Injury,Unknown/Missing,NA,Sport Utility,No,15FEB2011,Tuesday,Motorist Overtaking Bicyclist,18,Non-Intersection,February,B: Evident Injury,18:30:00,Motorist Overtaking - Other / Unknown,2011,Yes,Yes,Daylight,Straight - Level,Local Street,Dry,"Two-Way, Divided, Unprotected Median",None,No Special Feature,Smooth Asphalt,NA,"35.9615271061, -78.9769027214"
2807,Raleigh,Wake,Piedmont,Commercial,Mixed (30% To 70% Developed),NA,Urban,40 - 45  MPH,Stop And Go Signal,Clear,No,48,40-49,No,NA,With Traffic,K: Killed,Travel Lane,Black,Male,57,50-59,No,NA,11-15 mph,O: No Injury,Black,Female,School Bus,No,20JAN2011,Thursday,Bicyclist Failed to Yield - Sign-Controlled Intersection,12,Intersection,January,K: Killed,12:59:00,Bicyclist Ride Through - Sign-Controlled Intersection,2011,Yes,No,Daylight,Straight - Grade,Local Street,Dry,"Two-Way, Divided, Unprotected Median",None,"Driveway, Public",Smooth Asphalt,4 lanes,"35.7744370791, -78.6215026033"
2814,Charlotte,Mecklenburg,Piedmont,Commercial,Urban (>70% Developed),NA,Urban,30 - 35  MPH,No Control Present,Clear,No,20,20-24,No,NA,Not Applicable,B: Evident Injury,Travel Lane,Hispanic,Male,35,30-39,No,NA,31-35 mph,O: No Injury,Black,Male,Sport Utility,No,09FEB2011,Wednesday,Bicyclist Failed to Yield - Midblock,14,Non-Intersection,February,B: Evident Injury,14:15:00,Multiple Threat - Midblock,2011,Yes,No,Daylight,Straight - Level,Local Street,Dry,"Two-Way, Divided, Positive Median Barrier",None,No Special Feature,Smooth Asphalt,4 lanes,"35.2138468829, -80.7558032154"
2815,Durham,Durham,Piedmont,Residential,Urban (>70% Developed),NA,Urban,30 - 35  MPH,Stop And Go Signal,Clear,Yes,24,20-24,No,NA,Facing Traffic,C: Possible Injury,Sidewalk / Crosswalk / Driveway Crossing,Hispanic,Male,70+,70+,No,NA,0-5 mph,O: No Injury,White,Male,Sport Utility,No,24FEB2011,Thursday,Motorist Failed to Yield - Signalized Intersection,18,Intersection,February,C: Possible Injury,18:46:00,Motorist Drive Out - Right Turn on Red,2011,Yes,No,Dark - Roadway Not Lighted,Straight - Level,Local Street,Dry,"Two-Way, Not Divided",None,Four-Way Intersection,Coarse Asphalt,3 lanes,"36.0375571243, -78.9355027129"
2818,Durham,Durham,Piedmont,Commercial,Urban (>70% Developed),NA,Urban,20 - 25  MPH,Stop And Go Signal,Cloudy,No,46,40-49,Yes,NA,With Traffic,C: Possible Injury,Sidewalk / Crosswalk / Driveway Crossing,Black,Male,43,40-49,No,NA,0-5 mph,O: No Injury,White,Male,Passenger Car,Yes,24FEB2011,Thursday,Bicyclist Failed to Yield - Signalized Intersection,21,Intersection,February,C: Possible Injury,21:49:00,Bicyclist Ride Through - Signalized Intersection,2011,No,No,Dark - Lighted Roadway,Straight - Level,Local Street,Wet,"One-Way, Not Divided",None,No Special Feature,Smooth Asphalt,2 lanes,"35.9975871166, -78.8985026996"
2832,Charlotte,Mecklenburg,Piedmont,Commercial,Urban (>70% Developed),NA,Urban,30 - 35  MPH,Stop And Go Signal,Cloudy,No,60,60-69,No,NA,With Traffic,C: Possible Injury,Travel Lane,White,Male,23,20-24,No,NA,0-5 mph,O: No Injury,Other,Female,Passenger Car,No,23FEB2011,Wednesday,Motorist Left Turn / Merge,9,Intersection,February,C: Possible Injury,09:34:00,Motorist Left Turn - Opposite Direction,2011,Yes,No,Daylight,Straight - Level,Local Street,Dry,"Two-Way, Divided, Unprotected Median",None,No Special Feature,Smooth Asphalt,4 lanes,"35.2270968819, -80.8431032414"
2849,Tarboro,Edgecombe,Coastal,Residential,Urban (>70% Developed),NA,Urban,30 - 35  MPH,No Control Present,Rain,No,47,40-49,No,NA,With Traffic,B: Evident Injury,NA,Black,Female,22,20-24,No,NA,31-35 mph,O: No Injury,Black,Male,Passenger Car,No,10MAR2011,Thursday,Parallel Paths - Other Circumstances,18,Non-Intersection,March,B: Evident Injury,18:47:00,Bicyclist Ride Out - Parallel Path,2011,Yes,No,Dark - Lighted Roadway,Straight - Level,Local Street,Wet,"Two-Way, Not Divided",None,No Special Feature,Smooth Asphalt,5 lanes,"35.9031471443, -77.551402285"