object_id,city,county,region,development,locality,on_road,rural_urban,speed_limit,traffic_control,weather,workzone,bike_age,bike_age_group,bike_alcohol,bike_alcohol_drugs,bike_direction,bike_injury,bike_position,bike_race,bike_sex,driver_age,driver_age_group,driver_alcohol,driver_alcohol_drugs,driver_est_speed,driver_injury,driver_race,driver_sex,driver_vehicle_type,crash_alcohol,crash_date,crash_day,crash_group,crash_hour,crash_location,crash_month,crash_severity,crash_time,crash_type,crash_year,ambulance_req,hit_run,light_condition,road_character,road_class,road_condition,road_configuration,road_defects,road_feature,road_surface,num_lanes,geo_point
2855,Raleigh,Wake,Piedmont,Residential,Urban (>70% Developed),NA,Urban,30 - 35  MPH,Stop And Go Signal,Clear,No,60,60-69,No,NA,With Traffic,B: Evident Injury,Travel Lane,Black,Male,20,20-24,No,NA,6-10 mph,O: No Injury,Black,Male,Passenger Car,No,21FEB2011,Monday,Motorist Failed to Yield - Midblock,9,Non-Intersection,February,B: Evident Injury,09:10:00,Motorist Drive Out - Commercial Driveway / Alley,2011,Yes,No,Daylight,Straight - Hillcrest,Local Street,Dry,"One-Way, Not Divided",None,No Special Feature,Smooth Asphalt,3 lanes,"35.7727470784, -78.6336026068"
2858,Greensboro,Guilford,Piedmont,Commercial,Urban (>70% Developed),NA,Urban,40 - 45  MPH,Stop And Go Signal,Clear,No,48,40-49,No,NA,With Traffic,B: Evident Injury,Travel Lane,White,Male,18,0-19,No,NA,11-15 mph,O: No Injury,White,Male,Passenger Car,No,13MAR2011,Sunday,Motorist Overtaking Bicyclist,14,Intersection-Related,March,B: Evident Injury,14:35:00,Motorist Overtaking - Other / Unknown,2011,Yes,No,Daylight,Straight - Level,Local Street,Dry,"Two-Way, Not Divided",None,Related To Intersection,Smooth Asphalt,3 lanes,"36.0150570841, -79.896803002"
2862,Cary,Wake,Piedmont,Residential,Urban (>70% Developed),NA,Urban,20 - 25  MPH,Stop And Go Signal,Clear,No,59,50-59,No,NA,With Traffic,C: Possible Injury,Travel Lane,White,Male,23,20-24,No,NA,6-10 mph,O: No Injury,White,Female,Passenger Car,No,23MAR2011,Wednesday,Motorist Left Turn / Merge,17,Intersection,March,C: Possible Injury,17:32:00,Motorist Left Turn - Opposite Direction,2011,Yes,No,Daylight,Straight - Level,State Secondary Route,Dry,"Two-Way, Not Divided",None,Four-Way Intersection,Smooth Asphalt,5 lanes,"35.811767081, -78.7948026573"
2868,Davidson,Mecklenburg,Piedmont,Residential,Mixed (30% To 70% Developed),NA,Urban,20 - 25  MPH,"Double Yellow Line, No Passing Zone",Clear,No,70+,70+,No,NA,With Traffic,B: Evident Injury,Travel Lane,White,Male,49,40-49,No,NA,6-10 mph,O: No Injury,White,Female,Passenger Car,No,19MAR2011,Saturday,Motorist Failed to Yield - Sign-Controlled Intersection,14,Intersection,March,B: Evident Injury,14:27:00,Motorist Drive Out - Sign-Controlled Intersection,2011,No,No,Daylight,Straight - Level,Local Street,Dry,"Two-Way, Divided, Unprotected Median",None,No Special Feature,Smooth Asphalt,3 lanes,"35.4642469338, -80.811003245"
2873,Charlotte,Mecklenburg,Piedmont,Residential,Urban (>70% Developed),NA,Urban,30 - 35  MPH,Stop And Go Signal,Cloudy,No,14,11-15,No,NA,Facing Traffic,C: Possible Injury,Sidewalk / Crosswalk / Driveway Crossing,Hispanic,Male,NA,NA,No,NA,0-5 mph,O: No Injury,White,Male,Sport Utility,No,19MAR2011,Saturday,Motorist Failed to Yield - Signalized Intersection,19,Intersection,March,C: Possible Injury,19:58:00,Motorist Drive Out - Right Turn on Red,2011,Yes,No,Dark - Lighted Roadway,Straight - Level,Local Street,Dry,"Two-Way, Divided, Unprotected Median",None,No Special Feature,Smooth Asphalt,2 lanes,"35.2281468852, -80.7753032221"
2879,None - Rural Crash,Pitt,Coastal,Residential,Urban (>70% Developed),NA,Rural,40 - 45  MPH,No Control Present,Clear,No,22,20-24,No,NA,Facing Traffic,K: Killed,Travel Lane,Hispanic,Male,20,20-24,No,NA,41-45 mph,O: No Injury,Black,Male,Sport Utility,No,24MAR2011,Thursday,Head-On,20,Non-Intersection,March,K: Killed,20:21:00,Head-On - Bicyclist,2011,Yes,No,Dark - Roadway Not Lighted,Straight - Level,NC Route,Dry,"Two-Way, Not Divided",None,No Special Feature,Coarse Asphalt,2 lanes,"35.6570470957, -77.4078022278"
2887,Raleigh,Wake,Piedmont,Residential,Urban (>70% Developed),NA,Urban,20 - 25  MPH,No Control Present,Clear,No,10,6-10,No,NA,With Traffic,C: Possible Injury,Travel Lane,White,Male,23,20-24,No,NA,21-25 mph,O: No Injury,White,Female,Sport Utility,No,05MAR2011,Saturday,Bicyclist Left Turn / Merge,17,Non-Intersection,March,C: Possible Injury,17:02:00,Bicyclist Left Turn - Opposite Direction,2011,Yes,No,Daylight,Curve - Grade,Local Street,Dry,"Two-Way, Not Divided",None,No Special Feature,Smooth Asphalt,2 lanes,"35.8707071026, -78.5255025798"
2890,None - Rural Crash,Robeson,Coastal,"Farms, Woods, Pastures",Rural (<30% Developed),NA,Rural,50 - 55  MPH,No Control Present,Clear,No,12,11-15,No,NA,With Traffic,B: Evident Injury,Travel Lane,Hispanic,Male,70+,70+,No,NA,51-55 mph,O: No Injury,Native American,Male,Pickup,No,01APR2011,Friday,Bicyclist Left Turn / Merge,15,Non-Intersection,April,B: Evident Injury,15:33:00,Bicyclist Left Turn - Same Direction,2011,Yes,No,Daylight,Straight - Level,State Secondary Route,Dry,"Two-Way, Not Divided",None,No Special Feature,Coarse Asphalt,2 lanes,"34.817576854, -79.1573027161"
2891,Durham,Durham,Piedmont,Residential,Urban (>70% Developed),NA,Urban,30 - 35  MPH,No Control Present,Clear,No,31,30-39,No,NA,With Traffic,O: No Injury,Travel Lane,White,Male,68,60-69,No,NA,31-35 mph,O: No Injury,Black,Male,School Bus,No,04APR2011,Monday,Motorist Right Turn / Merge,7,Intersection,April,O: No Injury,07:27:00,Motorist Right Turn - Same Direction,2011,No,No,Daylight,Straight - Level,Local Street,Dry,"Two-Way, Not Divided",None,No Special Feature,Smooth Asphalt,2 lanes,"35.9832171128, -78.9307027082"
2895,Boone,Watauga,Mountains,Commercial,Mixed (30% To 70% Developed),NA,Urban,20 - 25  MPH,Stop Sign,Rain,No,19,16-19,No,NA,Facing Traffic,O: No Injury,Sidewalk / Crosswalk / Driveway Crossing,White,Male,21,20-24,No,NA,6-10 mph,O: No Injury,White,Female,Sport Utility,No,31MAR2011,Thursday,Motorist Failed to Yield - Sign-Controlled Intersection,20,Intersection,March,O: No Injury,20:26:00,Motorist Drive Out - Sign-Controlled Intersection,2011,No,No,Dark - Roadway Not Lighted,Straight - Level,Local Street,Wet,"Two-Way, Not Divided",None,T-Intersection,Smooth Asphalt,3 lanes,"36.2025270568, -81.6643035416"
2900,Raleigh,Wake,Piedmont,Commercial,Urban (>70% Developed),NA,Urban,40 - 45  MPH,No Control Present,Clear,No,44,40-49,Yes,NA,With Traffic,B: Evident Injury,Travel Lane,Black,Male,20,20-24,No,NA,41-45 mph,O: No Injury,White,Male,Passenger Car,Yes,27MAR2011,Sunday,Motorist Overtaking Bicyclist,20,Non-Intersection,March,B: Evident Injury,20:32:00,Motorist Overtaking - Undetected Bicyclist,2011,Yes,No,Dark - Roadway Not Lighted,Straight - Level,Local Street,Dry,"One-Way, Not Divided",None,No Special Feature,Smooth Asphalt,5 lanes,"35.7806370796, -78.6457026111"
2904,Charlotte,Mecklenburg,Piedmont,Commercial,Urban (>70% Developed),NA,Urban,30 - 35  MPH,Stop And Go Signal,Clear,No,45,40-49,Yes,NA,With Traffic,A: Disabling Injury,Travel Lane,White,Male,49,40-49,No,NA,26-30 mph,O: No Injury,Hispanic,Female,Sport Utility,Yes,04APR2011,Monday,Bicyclist Failed to Yield - Signalized Intersection,15,Intersection,April,A: Disabling Injury,15:18:00,Bicyclist Ride Through - Signalized Intersection,2011,Yes,No,Daylight,Straight - Level,Local Street,Dry,"Two-Way, Divided, Unprotected Median",None,Four-Way Intersection,Smooth Asphalt,4 lanes,"35.2604568894, -80.8369032416"
2923,None - Rural Crash,Pasquotank,Coastal,Residential,Mixed (30% To 70% Developed),NA,Rural,20 - 25  MPH,No Control Present,Clear,No,15,11-15,No,NA,With Traffic,C: Possible Injury,Travel Lane,White,Male,32,30-39,No,NA,6-10 mph,O: No Injury,Black,Female,Van,No,22APR2011,Friday,Bicyclist Left Turn / Merge,15,Non-Intersection,April,C: Possible Injury,15:10:00,Bicyclist Left Turn - Same Direction,2011,Yes,No,Daylight,Straight - Level,State Secondary Route,Dry,"Two-Way, Not Divided",None,No Special Feature,Coarse Asphalt,2 lanes,"36.3366372805, -76.2712019143"
2928,Lumberton,Robeson,Coastal,Residential,Urban (>70% Developed),NA,Urban,30 - 35  MPH,No Control Present,Cloudy,No,47,40-49,Yes,NA,With Traffic,Unknown Injury,Sidewalk / Crosswalk / Driveway Crossing,Unknown/Missing,NA,27,25-29,Yes,NA,0-5 mph,O: No Injury,White,Male,Passenger Car,Yes,05APR2011,Tuesday,Motorist Left Turn / Merge,5,Non-Intersection,April,O: No Injury,05:50:00,Motorist Left Turn - Same Direction,2011,No,No,Dark - Lighted Roadway,Curve - Grade,NA,Dry,"Two-Way, Not Divided",None,"Driveway, Public",Grooved Concrete,NA,"34.6237468166, -79.0060026607"
7243,Rocky Mount,Edgecombe,Coastal,Residential,Urban (>70% Developed),NA,Urban,5 - 15 MPH,No Control Present,Rain,No,9,6-10,No,NA,NA,B: Evident Injury,Non-Roadway,Black,Female,57,50-59,No,NA,6-10 mph,O: No Injury,White,Female,Passenger Car,No,14SEP2007,Friday,Non-Roadway,19,Non-Roadway,September,B: Evident Injury,19:06:00,Non-Roadway,2007,Yes,No,Dusk,Straight - Level,Public Vehicular Area,Wet,NA,None,"Driveway, Public",Concrete,NA,"35.9318801412, -77.7983223612"
7251,Charlotte,Mecklenburg,Piedmont,Residential,Urban (>70% Developed),NA,Urban,NA,No Control Present,Cloudy,No,51,50-59,No,NA,With Traffic,B: Evident Injury,Travel Lane,White,Male,NA,NA,Missing,NA,NA,Unknown Injury,Unknown/Missing,NA,Passenger Car,No,29DEC2007,Saturday,Motorist Left Turn / Merge,16,Non-Intersection,December,B: Evident Injury,16:53:00,Motorist Left Turn - Opposite Direction,2007,Yes,Yes,Daylight,Curve - Level,Local Street,Wet,"Two-Way, Not Divided",None,No Special Feature,Smooth Asphalt,2 lanes,"35.215536879, -80.8511382437"
7254,Charlotte,Mecklenburg,Piedmont,Commercial,Mixed (30% To 70% Developed),NA,Urban,30 - 35  MPH,No Control Present,Clear,No,21,20-24,No,NA,Not Applicable,O: No Injury,Driveway / Alley,Black,Male,55,50-59,No,NA,0-5 mph,O: No Injury,Black,Female,Passenger Car,No,27DEC2007,Thursday,Motorist Left Turn / Merge,19,Non-Intersection,December,O: No Injury,19:57:00,Motorist Left Turn - Opposite Direction,2007,No,No,Dark - Lighted Roadway,Straight - Level,Local Street,Dry,"Two-Way, Not Divided",None,No Special Feature,Smooth Asphalt,4 lanes,"35.2687568909, -80.8540072472"
7259,Fayetteville,Cumberland,Coastal,Commercial,Urban (>70% Developed),NA,Urban,40 - 45  MPH,Stop And Go Signal,Clear,No,16,16-19,No,NA,Facing Traffic,B: Evident Injury,NA,Black,Female,NA,NA,Missing,NA,26-30 mph,Unknown Injury,Unknown/Missing,NA,NA,No,18SEP2007,Tuesday,Crossing Paths - Other Circumstances,19,Intersection,September,B: Evident Injury,19:45:00,Signalized Intersection - Other / Unknown,2007,No,Yes,Daylight,Straight - Level,Local Street,Dry,"Two-Way, Divided, Positive Median Barrier",None,No Special Feature,Coarse Asphalt,3 lanes,"35.093333921, -78.9549826682"
7260,Raleigh,Wake,Piedmont,Commercial,Urban (>70% Developed),NA,Urban,30 - 35  MPH,Stop And Go Signal,Clear,No,33,30-39,No,NA,Not Applicable,B: Evident Injury,Sidewalk / Crosswalk / Driveway Crossing,Hispanic,Female,32,30-39,No,NA,11-15 mph,O: No Injury,Black,Male,Van,No,18SEP2007,Tuesday,Bicyclist Failed to Yield - Signalized Intersection,10,Intersection-Related,September,B: Evident Injury,10:29:00,Bicyclist Ride Out - Signalized  Intersection,2007,Yes,No,Daylight,Straight - Level,Local Street,Dry,"Two-Way, Divided, Positive Median Barrier",None,No Special Feature,Coarse Asphalt,4 lanes,"35.7697970784, -78.6145886008"
7263,Raleigh,Wake,Piedmont,Residential,Urban (>70% Developed),NA,Urban,30 - 35  MPH,Stop And Go Signal,Clear,No,25,25-29,No,NA,With Traffic,C: Possible Injury,Travel Lane,White,Male,54,50-59,No,NA,31-35 mph,O: No Injury,White,Male,Passenger Car,No,19SEP2007,Wednesday,Motorist Left Turn / Merge,23,Intersection,September,C: Possible Injury,23:12:00,Motorist Left Turn - Opposite Direction,2007,Yes,No,Dark - Lighted Roadway,Straight - Grade,Local Street,Dry,"Two-Way, Divided, Unprotected Median",None,Four-Way Intersection,Coarse Asphalt,4 lanes,"35.7798720797, -78.6491576116"
7266,Greensboro,Guilford,Piedmont,Commercial,Urban (>70% Developed),NA,Urban,20 - 25  MPH,No Control Present,Clear,No,25,25-29,No,NA,With Traffic,B: Evident Injury,Travel Lane,White,Male,51,50-59,No,NA,NA,O: No Injury,White,Male,Passenger Car,No,19SEP2007,Wednesday,Bicyclist Overtaking Motorist,16,Non-Intersection,September,B: Evident Injury,16:11:00,Bicyclist Overtaking - Extended Door,2007,No,Yes,Daylight,Straight - Level,Local Street,Dry,"Two-Way, Not Divided",None,No Special Feature,Smooth Asphalt,2 lanes,"36.0704771002, -79.7904929725"
7267,Raleigh,Wake,Piedmont,Residential,Urban (>70% Developed),NA,Urban,30 - 35  MPH,Stop Sign,Cloudy,No,41,40-49,No,NA,With Traffic,C: Possible Injury,Travel Lane,Black,Male,41,40-49,No,NA,0-5 mph,O: No Injury,Black,Male,Passenger Car,No,20SEP2007,Thursday,Motorist Failed to Yield - Sign-Controlled Intersection,20,Intersection,September,C: Possible Injury,20:19:00,Motorist Drive Out - Sign-Controlled Intersection,2007,No,No,Dark - Roadway Not Lighted,Straight - Level,Local Street,Wet,"Two-Way, Not Divided",None,Four-Way Intersection,Smooth Asphalt,2 lanes,"35.81891709, -78.5849025949"
7277,None - Rural Crash,Cumberland,Coastal,Residential,Mixed (30% To 70% Developed),NA,Rural,40 - 45  MPH,Stop Sign,Clear,No,14,11-15,No,NA,NA,A: Disabling Injury,Travel Lane,White,Male,19,0-19,No,NA,41-45 mph,O: No Injury,White,Male,Pickup,No,25SEP2007,Tuesday,Bicyclist Failed to Yield - Sign-Controlled Intersection,16,Intersection,September,A: Disabling Injury,16:10:00,Bicyclist Ride Through - Sign-Controlled Intersection,2007,Yes,No,Daylight,Curve - Level,State Secondary Route,Dry,"Two-Way, Not Divided",None,"Driveway, Public",Smooth Asphalt,2 lanes,"34.9868968991, -78.9044726475"
7282,None - Rural Crash,Robeson,Coastal,"Farms, Woods, Pastures",Rural (<30% Developed),NA,Rural,50 - 55  MPH,"Double Yellow Line, No Passing Zone",Clear,No,10,6-10,No,NA,Not Applicable,B: Evident Injury,Driveway / Alley,Native American,Male,21,20-24,Yes,NA,51-55 mph,O: No Injury,Native American,Male,Passenger Car,Yes,26SEP2007,Wednesday,Bicyclist Failed to Yield - Midblock,17,Non-Intersection,September,B: Evident Injury,17:30:00,Bicyclist Ride Out - Midblock - Unknown,2007,Yes,No,Daylight,Straight - Level,State Secondary Route,Dry,"Two-Way, Not Divided",None,"Driveway, Private",Coarse Asphalt,2 lanes,"34.7419918342, -79.2528867405"
7283,Southern Pines,Moore,Piedmont,Residential,Urban (>70% Developed),NA,Urban,30 - 35  MPH,No Control Present,Clear,No,53,50-59,No,NA,NA,O: No Injury,NA,Black,Male,70+,70+,No,NA,16-20 mph,O: No Injury,White,Female,Passenger Car,No,26SEP2007,Wednesday,Bicyclist Failed to Yield - Midblock,16,Non-Intersection,September,O: No Injury,16:43:00,Bicyclist Ride Out - Midblock - Unknown,2007,No,No,Daylight,Straight - Level,Local Street,Dry,"Two-Way, Not Divided",None,No Special Feature,Coarse Asphalt,2 lanes,"35.1538119188, -79.3850528018"
7285,None - Rural Crash,Watauga,Mountains,"Farms, Woods, Pastures",Rural (<30% Developed),NA,Rural,50 - 55  MPH,"Double Yellow Line, No Passing Zone",Clear,No,69,60-69,No,NA,With Traffic,B: Evident Injury,Travel Lane,White,Male,46,40-49,No,NA,21-25 mph,O: No Injury,White,Male,Pickup,No,28SEP2007,Friday,Loss of Control / Turning Error,14,Non-Intersection,September,B: Evident Injury,14:20:00,Bicyclist Lost Control - Other / Unknown,2007,Yes,No,Daylight,Curve - Grade,State Secondary Route,Dry,"Two-Way, Not Divided",None,No Special Feature,Coarse Asphalt,2 lanes,"36.1727210489, -81.7170295556"
7286,High Point,Guilford,Piedmont,Commercial,Urban (>70% Developed),NA,Urban,30 - 35  MPH,Stop And Go Signal,Clear,No,24,20-24,No,NA,With Traffic,C: Possible Injury,Travel Lane,White,Female,38,30-39,No,NA,16-20 mph,O: No Injury,Asian,Male,Passenger Car,No,28SEP2007,Friday,Bicyclist Failed to Yield - Signalized Intersection,15,Intersection,September,C: Possible Injury,15:03:00,Bicyclist Ride Through - Signalized Intersection,2007,Yes,No,Daylight,Straight - Grade,Local Street,Dry,"One-Way, Not Divided",None,Four-Way Intersection,Smooth Asphalt,3 lanes,"35.9550550675, -80.0142630336"
7289,None - Rural Crash,Henderson,Mountains,Residential,Urban (>70% Developed),NA,Rural,30 - 35  MPH,Stop Sign,Clear,No,12,11-15,No,NA,With Traffic,C: Possible Injury,Travel Lane,White,Female,70+,70+,No,NA,11-15 mph,O: No Injury,White,Female,Passenger Car,No,29SEP2007,Saturday,Loss of Control / Turning Error,14,Intersection,September,C: Possible Injury,14:30:00,Bicyclist Turning Error - Left Turn,2007,No,No,Daylight,Straight - Grade,State Secondary Route,Dry,"Two-Way, Not Divided",None,T-Intersection,Smooth Asphalt,2 lanes,"35.361021849, -82.4896937378"
7290,Chapel Hill,Orange,Piedmont,Commercial,Urban (>70% Developed),NA,Urban,30 - 35  MPH,Stop And Go Signal,Clear,No,18,16-19,No,NA,With Traffic,B: Evident Injury,NA,White,Male,68,60-69,No,NA,0-5 mph,O: No Injury,White,Female,Passenger Car,No,29SEP2007,Saturday,Bicyclist Failed to Yield - Signalized Intersection,14,Intersection,September,B: Evident Injury,14:17:00,Bicyclist Ride Out - Signalized  Intersection,2007,Yes,No,Daylight,Straight - Level,Local Street,Dry,"Two-Way, Not Divided",None,Four-Way Intersection,Smooth Asphalt,9 or more lanes,"35.9292570976, -79.0341727362"
7292,Oak Ridge,Guilford,Piedmont,Institutional,Mixed (30% To 70% Developed),NA,Rural,30 - 35  MPH,Stop And Go Signal,Clear,No,42,40-49,No,NA,With Traffic,B: Evident Injury,Travel Lane,White,Male,29,25-29,No,NA,31-35 mph,O: No Injury,White,Male,Passenger Car,No,01OCT2007,Monday,Bicyclist Failed to Yield - Signalized Intersection,13,Intersection,October,B: Evident Injury,13:40:00,Bicyclist Ride Through - Signalized Intersection,2007,Yes,No,Daylight,Straight - Hillcrest,NC Route,Dry,"Two-Way, Not Divided",None,Four-Way Intersection,Coarse Asphalt,2 lanes,"36.1700811135, -79.9938080401"
7296,Wilmington,New Hanover,Coastal,Residential,Urban (>70% Developed),NA,Urban,30 - 35  MPH,Stop Sign,Cloudy,No,14,11-15,No,NA,With Traffic,C: Possible Injury,Travel Lane,Black,Male,NA,NA,Missing,NA,NA,Unknown Injury,Unknown/Missing,NA,NA,No,02JUN2007,Saturday,Head-On,22,Non-Intersection,June,C: Possible Injury,22:10:00,Head-On - Motorist,2007,No,Yes,Dark - Lighted Roadway,Straight - Level,Local Street,"Water (Standing, Moving)","Two-Way, Not Divided",None,No Special Feature,Gravel,2 lanes,"34.223944764, -77.9324973177"
7297,None - Rural Crash,Haywood,Mountains,"Farms, Woods, Pastures",Rural (<30% Developed),NA,Rural,40 - 45  MPH,Stop Sign,Clear,No,54,50-59,No,NA,With Traffic,C: Possible Injury,Travel Lane,White,Male,68,60-69,No,NA,NA,O: No Injury,White,Male,Pickup,No,03OCT2007,Wednesday,Motorist Failed to Yield - Sign-Controlled Intersection,18,Intersection,October,C: Possible Injury,18:03:00,Motorist Drive Out - Sign-Controlled Intersection,2007,Yes,No,Daylight,Straight - Level,NC Route,Dry,"Two-Way, Not Divided",None,T-Intersection,Smooth Asphalt,2 lanes,"35.44399185, -82.9129038668"
7298,Elizabeth City,Pasquotank,Coastal,Residential,Urban (>70% Developed),NA,Urban,30 - 35  MPH,Stop Sign,Cloudy,No,52,50-59,No,NA,With Traffic,C: Possible Injury,Travel Lane,Black,Male,63,60-69,No,NA,0-5 mph,O: No Injury,White,Male,Pickup,No,27SEP2007,Thursday,Motorist Failed to Yield - Sign-Controlled Intersection,15,Intersection,September,C: Possible Injury,15:53:00,Motorist Drive Out - Sign-Controlled Intersection,2007,No,No,Daylight,Straight - Level,Local Street,Wet,"Two-Way, Divided, Unprotected Median",None,No Special Feature,Smooth Asphalt,2 lanes,"36.3052742753, -76.2254618985"
7323,None - Rural Crash,Guilford,Piedmont,Commercial,Urban (>70% Developed),NA,Rural,30 - 35  MPH,Stop And Go Signal,Clear,No,42,40-49,No,NA,With Traffic,C: Possible Injury,Travel Lane,White,Male,30,30-39,No,NA,11-15 mph,O: No Injury,White,Female,Passenger Car,No,10OCT2007,Wednesday,Motorist Right Turn / Merge,7,Intersection,October,C: Possible Injury,07:30:00,Motorist Right Turn - Same Direction,2007,Yes,No,Daylight,Straight - Level,Public Vehicular Area,Dry,"Two-Way, Not Divided",None,No Special Feature,Smooth Asphalt,5 lanes,"36.0757440969, -79.9127230103"
7324,None - Rural Crash,Johnston,Coastal,"Farms, Woods, Pastures",Rural (<30% Developed),NA,Rural,50 - 55  MPH,"Double Yellow Line, No Passing Zone",Clear,No,50,50-59,No,NA,With Traffic,B: Evident Injury,Travel Lane,White,Male,34,30-39,No,NA,16-20 mph,O: No Injury,White,Male,Sport Utility,No,14OCT2007,Sunday,Bicyclist Left Turn / Merge,12,Non-Intersection,October,B: Evident Injury,12:30:00,Bicyclist Left Turn - Same Direction,2007,No,No,Daylight,Straight - Level,NC Route,Dry,"Two-Way, Not Divided",None,"Driveway, Private",Smooth Asphalt,2 lanes,"35.2605869763, -78.3896325059"
7325,Morganton,Burke,Mountains,Commercial,Mixed (30% To 70% Developed),NA,Urban,30 - 35  MPH,No Control Present,Clear,No,40,40-49,No,NA,With Traffic,B: Evident Injury,Travel Lane,Black,Male,29,25-29,No,NA,6-10 mph,O: No Injury,White,Male,Sport Utility,No,14OCT2007,Sunday,Crossing Paths - Other Circumstances,10,Intersection,October,B: Evident Injury,10:47:00,Crossing Paths - Intersection - Other / Unknown,2007,Yes,No,Daylight,Straight - Level,Local Street,Dry,"Two-Way, Divided, Unprotected Median",None,Related To Intersection,Smooth Asphalt,4 lanes,"35.7484769613, -81.6883935225"
7329,Hendersonville,Henderson,Mountains,Residential,Mixed (30% To 70% Developed),NA,Urban,30 - 35  MPH,No Control Present,Other,No,32,30-39,No,NA,NA,B: Evident Injury,Travel Lane,Hispanic,Male,NA,NA,Missing,NA,16-20 mph,Unknown Injury,Unknown/Missing,NA,Passenger Car,No,16SEP2007,Sunday,Head-On,18,Non-Intersection,September,B: Evident Injury,18:30:00,Head-On - Bicyclist,2007,No,Yes,Daylight,Curve - Grade,Local Street,Dry,"Two-Way, Not Divided",None,No Special Feature,Coarse Asphalt,1 lane,"35.2945928374, -82.4340537173"
7333,None - Rural Crash,Pitt,Coastal,Residential,Urban (>70% Developed),NA,Rural,20 - 25  MPH,No Control Present,Clear,No,NA,NA,Missing,NA,With Traffic,Unknown Injury,Travel Lane,Unknown/Missing,NA,16,0-19,No,NA,6-10 mph,O: No Injury,Black,Female,Passenger Car,No,19OCT2007,Friday,Motorist Overtaking Bicyclist,19,Non-Intersection,October,O: No Injury,19:00:00,Motorist Overtaking - Other / Unknown,2007,No,No,Dark - Roadway Not Lighted,Straight - Level,Public Vehicular Area,Dry,"Two-Way, Not Divided",None,"Driveway, Public",Coarse Asphalt,2 lanes,"35.6726870956, -77.5185022623"
7343,Rocky Mount,Edgecombe,Coastal,Residential,Urban (>70% Developed),NA,Urban,30 - 35  MPH,Stop Sign,Clear,No,5,0-5,No,NA,NA,C: Possible Injury,Travel Lane,Black,Male,22,20-24,No,NA,16-20 mph,O: No Injury,Black,Male,Passenger Car,No,23OCT2007,Tuesday,Bicyclist Failed to Yield - Sign-Controlled Intersection,16,Intersection,October,C: Possible Injury,16:53:00,Bicyclist Ride Through - Sign-Controlled Intersection,2007,Yes,No,Daylight,Straight - Level,Local Street,Dry,"Two-Way, Not Divided",None,Four-Way Intersection,Smooth Asphalt,2 lanes,"35.9261871405, -77.7937623594"
7349,Roanoke Rapids,Halifax,Coastal,Commercial,Urban (>70% Developed),NA,Urban,20 - 25  MPH,No Control Present,Cloudy,No,NA,NA,No,NA,Not Applicable,C: Possible Injury,Driveway / Alley,White,Male,23,20-24,No,NA,21-25 mph,O: No Injury,White,Female,Passenger Car,No,26OCT2007,Friday,Bicyclist Failed to Yield - Midblock,12,Non-Intersection,October,C: Possible Injury,12:16:00,Bicyclist Ride Out - Residential Driveway,2007,Yes,No,Daylight,Straight - Level,Local Street,Wet,"Two-Way, Not Divided",None,No Special Feature,Grooved Concrete,2 lanes,"36.4502752568, -77.6587123466"
7353,Wilson,Wilson,Coastal,Residential,Mixed (30% To 70% Developed),NA,Urban,30 - 35  MPH,Stop Sign,Clear,No,10,6-10,No,NA,Facing Traffic,C: Possible Injury,Travel Lane,Black,Male,NA,NA,Missing,NA,0-5 mph,Unknown Injury,Unknown/Missing,NA,NA,No,25OCT2007,Thursday,Motorist Failed to Yield - Sign-Controlled Intersection,18,Intersection,October,C: Possible Injury,18:48:00,Motorist Drive Out - Sign-Controlled Intersection,2007,Yes,Yes,Dark - Lighted Roadway,Straight - Level,Local Street,Dry,"Two-Way, Not Divided",None,T-Intersection,Smooth Asphalt,2 lanes,"35.7075910901, -77.8927023788"
7354,Asheville,Buncombe,Mountains,"Farms, Woods, Pastures",Rural (<30% Developed),NA,Urban,30 - 35  MPH,Stop Sign,Clear,No,17,16-19,No,NA,With Traffic,K: Killed,Travel Lane,White,Male,NA,NA,Missing,NA,31-35 mph,Unknown Injury,Unknown/Missing,NA,NA,No,27OCT2007,Saturday,Bicyclist Failed to Yield - Sign-Controlled Intersection,1,Intersection,October,K: Killed,01:20:00,Bicyclist Ride Through - Sign-Controlled Intersection,2007,Yes,Yes,Dark - Roadway Not Lighted,Straight - Grade,State Secondary Route,Dry,"Two-Way, Not Divided",None,T-Intersection,Smooth Asphalt,2 lanes,"35.5994598937, -82.6237237905"
7366,None - Rural Crash,Guilford,Piedmont,Residential,Urban (>70% Developed),NA,Rural,30 - 35  MPH,No Control Present,Cloudy,No,12,11-15,No,NA,Facing Traffic,C: Possible Injury,Travel Lane,White,Male,70+,70+,No,NA,0-5 mph,O: No Injury,White,Female,Passenger Car,No,20JUL2007,Friday,Crossing Paths - Other Circumstances,10,Intersection,July,C: Possible Injury,10:48:00,Crossing Paths - Intersection - Other / Unknown,2007,Yes,No,Daylight,Straight - Level,Public Vehicular Area,Dry,"Two-Way, Not Divided",None,No Special Feature,Smooth Asphalt,6 lanes,"36.1012221027, -79.8919170047"