object_id,city,county,region,development,locality,on_road,rural_urban,speed_limit,traffic_control,weather,workzone,bike_age,bike_age_group,bike_alcohol,bike_alcohol_drugs,bike_direction,bike_injury,bike_position,bike_race,bike_sex,driver_age,driver_age_group,driver_alcohol,driver_alcohol_drugs,driver_est_speed,driver_injury,driver_race,driver_sex,driver_vehicle_type,crash_alcohol,crash_date,crash_day,crash_group,crash_hour,crash_location,crash_month,crash_severity,crash_time,crash_type,crash_year,ambulance_req,hit_run,light_condition,road_character,road_class,road_condition,road_configuration,road_defects,road_feature,road_surface,num_lanes,geo_point
7367,Holly Springs,Wake,Piedmont,Residential,Mixed (30% To 70% Developed),NA,Urban,30 - 35  MPH,No Control Present,Clear,No,47,40-49,No,NA,With Traffic,O: No Injury,Travel Lane,Black,Female,70+,70+,No,NA,16-20 mph,O: No Injury,Black,Male,Truck/Trailer,No,02NOV2007,Friday,Motorist Overtaking Bicyclist,13,Non-Intersection,November,O: No Injury,13:26:00,Motorist Overtaking - Misjudged Space,2007,Yes,No,Daylight,Straight - Level,Local Street,Dry,"Two-Way, Not Divided",None,No Special Feature,Smooth Asphalt,4 lanes,"35.6417310431, -78.8403426621"
7368,Washington,Beaufort,Coastal,Residential,Urban (>70% Developed),NA,Urban,30 - 35  MPH,No Control Present,Cloudy,No,43,40-49,Yes,NA,Facing Traffic,B: Evident Injury,Travel Lane,Black,Male,22,20-24,No,NA,11-15 mph,O: No Injury,White,Female,Passenger Car,Yes,02NOV2007,Friday,Bicyclist Right Turn / Merge,17,Non-Intersection,November,B: Evident Injury,17:53:00,Bicyclist Right Turn - Opposite Direction,2007,No,No,Daylight,Straight - Level,Local Street,Dry,"Two-Way, Not Divided",None,No Special Feature,Coarse Asphalt,2 lanes,"35.5430020829, -77.0429121114"
7370,None - Rural Crash,Catawba,Piedmont,Residential,Mixed (30% To 70% Developed),NA,Rural,30 - 35  MPH,No Control Present,Clear,No,10,6-10,No,NA,Facing Traffic,B: Evident Injury,Travel Lane,White,Male,22,20-24,No,NA,26-30 mph,O: No Injury,White,Female,Passenger Car,No,04NOV2007,Sunday,Bicyclist Right Turn / Merge,18,Non-Intersection,November,B: Evident Injury,18:00:00,Bicyclist Right Turn - Same Direction,2007,Yes,No,Daylight,Straight - Level,State Secondary Route,Dry,"Two-Way, Not Divided",None,No Special Feature,Smooth Asphalt,2 lanes,"35.6791949586, -81.3623734215"
7373,None - Rural Crash,Cabarrus,Piedmont,Residential,Mixed (30% To 70% Developed),NA,Rural,40 - 45  MPH,"Double Yellow Line, No Passing Zone",Clear,No,58,50-59,No,NA,With Traffic,Unknown Injury,Travel Lane,Unknown/Missing,NA,NA,NA,Missing,NA,41-45 mph,Unknown Injury,Unknown/Missing,NA,NA,No,06NOV2007,Tuesday,Motorist Overtaking Bicyclist,22,Non-Intersection,November,Unknown Injury,22:00:00,Motorist Overtaking - Undetected Bicyclist,2007,Yes,Yes,Dark - Roadway Not Lighted,Curve - Level,State Secondary Route,Dry,"Two-Way, Not Divided",None,No Special Feature,Smooth Asphalt,2 lanes,"35.3382969134, -80.642743188"
7375,Fayetteville,Cumberland,Coastal,Commercial,Mixed (30% To 70% Developed),NA,Urban,40 - 45  MPH,No Control Present,Clear,No,54,50-59,No,NA,Facing Traffic,C: Possible Injury,Sidewalk / Crosswalk / Driveway Crossing,Black,Male,65,60-69,No,NA,0-5 mph,O: No Injury,White,Female,Passenger Car,No,06NOV2007,Tuesday,Motorist Failed to Yield - Midblock,20,Non-Intersection,November,C: Possible Injury,20:36:00,Motorist Drive Out - Commercial Driveway / Alley,2007,Yes,No,Dark - Lighted Roadway,Straight - Level,Local Street,Dry,"Two-Way, Divided, Unprotected Median",None,"Driveway, Public",Coarse Asphalt,5 lanes,"35.0104019019, -78.9663726683"
7383,High Point,Guilford,Piedmont,Commercial,Urban (>70% Developed),NA,Urban,30 - 35  MPH,Stop And Go Signal,Clear,No,38,30-39,No,NA,Facing Traffic,C: Possible Injury,Sidewalk / Crosswalk / Driveway Crossing,Black,Male,65,60-69,No,NA,0-5 mph,O: No Injury,White,Female,Passenger Car,No,09NOV2007,Friday,Motorist Failed to Yield - Signalized Intersection,8,Intersection,November,C: Possible Injury,08:22:00,Motorist Drive Out - Right Turn on Red,2007,No,No,Daylight,Straight - Grade,Local Street,Dry,"Two-Way, Not Divided",None,Four-Way Intersection,Smooth Asphalt,2 lanes,"35.9380470649, -79.9950590266"
7387,Raleigh,Wake,Piedmont,Residential,Urban (>70% Developed),NA,Urban,30 - 35  MPH,Stop Sign,Clear,No,53,50-59,No,NA,With Traffic,B: Evident Injury,Travel Lane,White,Male,37,30-39,No,NA,6-10 mph,O: No Injury,Hispanic,Female,Pickup,No,10NOV2007,Saturday,Motorist Failed to Yield - Sign-Controlled Intersection,18,Intersection,November,B: Evident Injury,18:25:00,Motorist Drive Out - Sign-Controlled Intersection,2007,Yes,No,Dusk,Straight - Bottom,Local Street,Dry,"Two-Way, Divided, Unprotected Median",None,Four-Way Intersection,Coarse Asphalt,2 lanes,"35.8630670969, -78.6538326174"
7403,None - Rural Crash,New Hanover,Coastal,Commercial,Mixed (30% To 70% Developed),NA,Rural,50 - 55  MPH,No Control Present,Cloudy,No,44,40-49,No,NA,With Traffic,O: No Injury,Travel Lane,Unknown/Missing,NA,NA,NA,Missing,NA,51-55 mph,Unknown Injury,Unknown/Missing,NA,NA,No,23NOV2007,Friday,Motorist Overtaking Bicyclist,6,Non-Intersection,November,O: No Injury,06:00:00,Motorist Overtaking - Misjudged Space,2007,No,Yes,Dark - Roadway Not Lighted,Straight - Level,US Route,Dry,"Two-Way, Divided, Unprotected Median",None,No Special Feature,Coarse Asphalt,4 lanes,"34.1128037402, -77.9003123022"
7408,None - Rural Crash,Lenoir,Coastal,Commercial,Mixed (30% To 70% Developed),NA,Rural,50 - 55  MPH,"Double Yellow Line, No Passing Zone",Clear,No,53,50-59,No,NA,NA,C: Possible Injury,NA,Black,Male,70+,70+,No,NA,56-60 mph,O: No Injury,White,Male,"Single Unit Truck (2-Axle, 6-Tire)",No,27NOV2007,Tuesday,Other / Unknown - Insufficient Details,6,Unknown Location,November,C: Possible Injury,06:17:00,Unknown Location,2007,Yes,No,Dawn,Straight - Bottom,US Route,Wet,"Two-Way, Not Divided",None,Bridge,Coarse Asphalt,2 lanes,"35.2274369953, -77.6105122689"
7409,High Point,Guilford,Piedmont,Residential,Urban (>70% Developed),NA,Urban,20 - 25  MPH,No Control Present,Clear,No,13,11-15,No,NA,With Traffic,B: Evident Injury,Other,White,Male,17,0-19,No,NA,6-10 mph,O: No Injury,Asian,Male,Passenger Car,No,01DEC2007,Saturday,Backing Vehicle,13,Non-Intersection,December,B: Evident Injury,13:24:00,Backing Vehicle,2007,No,No,Daylight,Straight - Level,Local Street,Dry,"Two-Way, Not Divided",None,No Special Feature,Coarse Asphalt,1 lane,"35.9295530634, -79.9641370172"
7415,Elizabeth City,Pasquotank,Coastal,Commercial,Urban (>70% Developed),NA,Urban,40 - 45  MPH,No Control Present,Clear,No,35,30-39,No,NA,With Traffic,B: Evident Injury,Travel Lane,White,Male,70+,70+,No,NA,31-35 mph,O: No Injury,White,Male,"Light Truck (Mini-Van, Panel)",No,18NOV2007,Sunday,Motorist Overtaking Bicyclist,0,Non-Intersection,November,B: Evident Injury,00:00:00,Motorist Overtaking - Undetected Bicyclist,2007,Yes,No,Dark - Roadway Not Lighted,Straight - Level,US Route,Dry,"Two-Way, Divided, Unprotected Median",None,No Special Feature,Smooth Asphalt,5 lanes,"36.2877922696, -76.2703319115"
7432,Charlotte,Mecklenburg,Piedmont,Commercial,Urban (>70% Developed),NA,Urban,30 - 35  MPH,No Control Present,Clear,No,23,20-24,No,NA,With Traffic,C: Possible Injury,Bike Lane / Paved Shoulder,White,Male,58,50-59,No,NA,6-10 mph,O: No Injury,White,Male,Van,No,05SEP2007,Wednesday,Motorist Right Turn / Merge,11,Non-Intersection,September,C: Possible Injury,11:25:00,Motorist Right Turn - Same Direction,2007,No,No,Daylight,Straight - Level,Local Street,Dry,"One-Way, Not Divided",None,No Special Feature,Smooth Asphalt,2 lanes,"35.2289988828, -80.8471832431"
7436,Shelby,Cleveland,Mountains,Commercial,Urban (>70% Developed),NA,Urban,40 - 45  MPH,Stop And Go Signal,Clear,No,46,40-49,Yes,NA,Facing Traffic,K: Killed,Travel Lane,White,Male,70+,70+,No,NA,31-35 mph,O: No Injury,White,Male,Passenger Car,Yes,10DEC2007,Monday,Bicyclist Failed to Yield - Signalized Intersection,20,Intersection,December,K: Killed,20:44:00,Bicyclist Ride Through - Signalized Intersection,2007,Yes,No,Dark - Roadway Not Lighted,Straight - Level,US Route,Dry,"Two-Way, Divided, Unprotected Median",None,Four-Way Intersection,Smooth Asphalt,4 lanes,"35.2810268678, -81.5497774547"
7441,Rocky Mount,Nash,Coastal,Residential,Urban (>70% Developed),NA,Urban,30 - 35  MPH,Stop Sign,Rain,No,12,11-15,No,NA,Facing Traffic,C: Possible Injury,Sidewalk / Crosswalk / Driveway Crossing,Black,Male,52,50-59,No,NA,0-5 mph,O: No Injury,Black,Female,Passenger Car,No,13DEC2007,Thursday,Bicyclist Failed to Yield - Sign-Controlled Intersection,19,Intersection,December,C: Possible Injury,19:27:00,Bicyclist Ride Out - Sign-Controlled Intersection,2007,Yes,No,Dark - Lighted Roadway,Straight - Level,Local Street,Wet,"One-Way, Not Divided",None,T-Intersection,Smooth Asphalt,2 lanes,"35.9431221438, -77.8084973649"
7442,Goldsboro,Wayne,Coastal,Commercial,Urban (>70% Developed),NA,Urban,30 - 35  MPH,No Control Present,Cloudy,No,41,40-49,No,NA,With Traffic,C: Possible Injury,Travel Lane,Black,Male,44,40-49,No,NA,31-35 mph,O: No Injury,Black,Male,Pickup,No,13DEC2007,Thursday,Bicyclist Left Turn / Merge,14,Non-Intersection,December,C: Possible Injury,14:47:00,Bicyclist Left Turn - Same Direction,2007,Yes,No,Daylight,Straight - Level,Local Street,Dry,"Two-Way, Divided, Unprotected Median",None,No Special Feature,Smooth Asphalt,5 lanes,"35.3757200162, -77.9607523819"
7445,Greensboro,Guilford,Piedmont,Commercial,Urban (>70% Developed),NA,Urban,30 - 35  MPH,Stop And Go Signal,Clear,No,51,50-59,No,NA,With Traffic,B: Evident Injury,Travel Lane,White,Male,49,40-49,No,NA,11-15 mph,O: No Injury,Black,Male,Passenger Car,No,14DEC2007,Friday,Loss of Control / Turning Error,18,Intersection-Related,December,B: Evident Injury,18:24:00,Motorist Turning Error - Right Turn,2007,Yes,No,Dark - Lighted Roadway,Straight - Level,Local Street,Dry,"Two-Way, Divided, Unprotected Median",None,No Special Feature,Smooth Asphalt,3 lanes,"36.0755341013, -79.7940169737"
7446,Fayetteville,Cumberland,Coastal,Commercial,Urban (>70% Developed),NA,Urban,5 - 15 MPH,Stop Sign,Clear,No,50,50-59,No,NA,Facing Traffic,C: Possible Injury,NA,Black,Male,33,30-39,No,NA,0-5 mph,O: No Injury,Hispanic,Female,Sport Utility,No,17DEC2007,Monday,Motorist Failed to Yield - Sign-Controlled Intersection,17,Intersection,December,C: Possible Injury,17:11:00,Motorist Drive Out - Sign-Controlled Intersection,2007,Yes,No,Dark - Lighted Roadway,Straight - Level,Local Street,Dry,"Two-Way, Not Divided",None,Traffic Circle/Roundabout,Coarse Asphalt,2 lanes,"35.0525069141, -78.8779826436"
7452,Smithfield,Johnston,Coastal,Commercial,Urban (>70% Developed),NA,Urban,5 - 15 MPH,No Control Present,Rain,No,18,16-19,No,NA,NA,C: Possible Injury,Non-Roadway,Black,Male,18,0-19,No,NA,NA,O: No Injury,White,Male,Pickup,No,23DEC2007,Sunday,Non-Roadway,16,Non-Roadway,December,C: Possible Injury,16:43:00,Non-Roadway,2007,Yes,No,Daylight,Straight - Level,Public Vehicular Area,Wet,"Two-Way, Not Divided",Road Surface Condition,"Driveway, Public",Smooth Asphalt,NA,"35.5165270337, -78.3216324991"
3006,Durham,Durham,Piedmont,Commercial,Urban (>70% Developed),NA,Urban,5 - 15 MPH,No Control Present,Clear,No,33,30-39,No,NA,With Traffic,B: Evident Injury,Bike Lane / Paved Shoulder,White,Male,39,30-39,No,NA,11-15 mph,O: No Injury,Black,Male,Sport Utility,No,22MAY2011,Sunday,Motorist Failed to Yield - Midblock,12,Non-Intersection,May,B: Evident Injury,12:07:00,Motorist Drive Out - Other Midblock,2011,Yes,No,Daylight,Straight - Level,Public Vehicular Area,Dry,"Two-Way, Not Divided",None,"Driveway, Public",Smooth Asphalt,NA,"35.9337771034, -78.8882026929"
3011,None - Rural Crash,Pitt,Coastal,"Farms, Woods, Pastures",Rural (<30% Developed),NA,Rural,50 - 55  MPH,No Control Present,Clear,No,29,25-29,No,NA,With Traffic,C: Possible Injury,Bike Lane / Paved Shoulder,White,Male,NA,NA,Missing,NA,51-55 mph,Unknown Injury,Unknown/Missing,NA,Sport Utility,No,22MAY2011,Sunday,Loss of Control / Turning Error,18,Non-Intersection,May,C: Possible Injury,18:03:00,Motorist Lost Control - Other / Unknown,2011,Yes,Yes,Daylight,Straight - Level,US Route,Dry,"Two-Way, Divided, Unprotected Median",None,No Special Feature,Smooth Asphalt,4 lanes,"35.6259670958, -77.1918021609"
3012,Asheville,Buncombe,Mountains,Commercial,Urban (>70% Developed),NA,Urban,30 - 35  MPH,No Control Present,Clear,No,27,25-29,No,NA,With Traffic,B: Evident Injury,Travel Lane,White,Male,25,25-29,No,NA,0-5 mph,O: No Injury,White,Female,Passenger Car,No,12MAY2011,Thursday,Bicyclist Overtaking Motorist,13,Non-Intersection,May,B: Evident Injury,13:24:00,Bicyclist Overtaking - Passing on Left,2011,Yes,No,Daylight,Straight - Grade,Local Street,Dry,"Two-Way, Not Divided",None,No Special Feature,Smooth Asphalt,NA,"35.5967768964, -82.548203768"
3013,None - Rural Crash,Durham,Piedmont,Commercial,Urban (>70% Developed),NA,Rural,40 - 45  MPH,No Control Present,Clear,No,43,40-49,No,NA,With Traffic,B: Evident Injury,Travel Lane,Hispanic,Male,17,0-19,No,NA,31-35 mph,O: No Injury,White,Male,Passenger Car,No,08MAY2011,Sunday,Motorist Overtaking Bicyclist,21,Non-Intersection,May,B: Evident Injury,21:00:00,Motorist Overtaking - Other / Unknown,2011,Yes,No,Dark - Lighted Roadway,Straight - Grade,NC Route,Dry,"Two-Way, Not Divided",None,No Special Feature,Smooth Asphalt,4 lanes,"35.983797116, -78.8311026783"
3014,Charlotte,Mecklenburg,Piedmont,Commercial,Urban (>70% Developed),NA,Urban,40 - 45  MPH,Stop Sign,Clear,No,32,30-39,No,NA,With Traffic,B: Evident Injury,Bike Lane / Paved Shoulder,White,Male,46,40-49,No,NA,6-10 mph,O: No Injury,Black,Male,Sport Utility,No,30APR2011,Saturday,Motorist Right Turn / Merge,8,Non-Intersection,April,B: Evident Injury,08:45:00,Motorist Right Turn - Same Direction,2011,Yes,No,Daylight,Straight - Grade,Local Street,Dry,"Two-Way, Divided, Positive Median Barrier",None,"Driveway, Public",Smooth Asphalt,4 lanes,"35.341586909, -80.767503226"
3015,None - Rural Crash,New Hanover,Coastal,Commercial,Urban (>70% Developed),NA,Rural,NA,No Control Present,Clear,No,50,50-59,No,NA,Not Applicable,B: Evident Injury,Non-Roadway,White,Male,NA,NA,Missing,NA,0-5 mph,Unknown Injury,Unknown/Missing,NA,Sport Utility,No,25MAY2011,Wednesday,Non-Roadway,15,Non-Roadway,May,B: Evident Injury,15:08:00,Non-Roadway,2011,Yes,No,Daylight,Straight - Level,Public Vehicular Area,Dry,"Two-Way, Not Divided",None,"Driveway, Public",Coarse Asphalt,2 lanes,"34.2877567786, -77.9217023171"
3022,None - Rural Crash,Madison,Mountains,"Farms, Woods, Pastures",Rural (<30% Developed),NA,Rural,40 - 45  MPH,"Double Yellow Line, No Passing Zone",Clear,No,15,11-15,No,NA,With Traffic,C: Possible Injury,Travel Lane,White,Male,29,25-29,No,NA,31-35 mph,O: No Injury,White,Male,Sport Utility,Yes,25MAY2011,Wednesday,Motorist Overtaking Bicyclist,21,Non-Intersection,May,K: Killed,21:31:00,Motorist Overtaking - Undetected Bicyclist,2011,Yes,No,Dark - Roadway Not Lighted,Straight - Grade,US Route,Dry,"Two-Way, Not Divided",None,No Special Feature,Smooth Asphalt,2 lanes,"35.8382069403, -82.716003832"
3025,Charlotte,Mecklenburg,Piedmont,Residential,Urban (>70% Developed),NA,Urban,30 - 35  MPH,Stop Sign,Clear,No,32,30-39,No,NA,With Traffic,B: Evident Injury,Travel Lane,White,Female,42,40-49,No,NA,0-5 mph,O: No Injury,White,Female,Sport Utility,No,09MAY2011,Monday,Motorist Failed to Yield - Sign-Controlled Intersection,15,Intersection,May,B: Evident Injury,15:12:00,Motorist Drive Out - Sign-Controlled Intersection,2011,No,No,Daylight,Straight - Level,Local Street,Dry,"Two-Way, Divided, Unprotected Median",None,No Special Feature,Smooth Asphalt,2 lanes,"35.1449068646, -80.8451032384"
3027,Greensboro,Guilford,Piedmont,Residential,Urban (>70% Developed),NA,Urban,30 - 35  MPH,Stop Sign,Cloudy,No,53,50-59,No,NA,Facing Traffic,C: Possible Injury,Travel Lane,White,Female,27,25-29,No,NA,0-5 mph,O: No Injury,Black,Female,Passenger Car,No,17MAY2011,Tuesday,Motorist Failed to Yield - Sign-Controlled Intersection,13,Intersection,May,C: Possible Injury,13:55:00,Motorist Drive Out - Sign-Controlled Intersection,2011,No,No,Daylight,Straight - Level,Local Street,Dry,"Two-Way, Not Divided",None,Four-Way Intersection,Smooth Asphalt,2 lanes,"36.0647770993, -79.78260297"
3032,None - Rural Crash,Rowan,Piedmont,"Farms, Woods, Pastures",Rural (<30% Developed),NA,Rural,50 - 55  MPH,"Double Yellow Line, No Passing Zone",Clear,No,26,25-29,No,NA,With Traffic,B: Evident Injury,Travel Lane,White,Male,60,60-69,No,NA,51-55 mph,O: No Injury,White,Male,Van,No,01JUN2011,Wednesday,Bicyclist Left Turn / Merge,21,Non-Intersection,June,B: Evident Injury,21:26:00,Bicyclist Left Turn - Same Direction,2011,Yes,No,Dark - Roadway Not Lighted,Straight - Level,State Secondary Route,Dry,"Two-Way, Not Divided",None,No Special Feature,Smooth Asphalt,2 lanes,"35.5453269619, -80.5202031624"
3038,Wesley Chapel,Union,Piedmont,"Farms, Woods, Pastures",Rural (<30% Developed),NA,Rural,40 - 45  MPH,"Double Yellow Line, No Passing Zone",Clear,No,44,40-49,No,NA,With Traffic,C: Possible Injury,Travel Lane,White,Male,53,50-59,No,NA,31-35 mph,O: No Injury,White,Male,"Light Truck (Mini-Van, Panel)",No,04JUN2011,Saturday,Motorist Overtaking Bicyclist,17,Non-Intersection,June,C: Possible Injury,17:34:00,Motorist Overtaking - Other / Unknown,2011,Yes,No,Daylight,Straight - Level,State Secondary Route,Dry,"Two-Way, Not Divided",None,No Special Feature,Coarse Asphalt,2 lanes,"34.996916838, -80.6991031863"
3039,Lumberton,Robeson,Coastal,Residential,Urban (>70% Developed),NA,Urban,5 - 15 MPH,Stop Sign,Clear,No,20,20-24,No,NA,NA,B: Evident Injury,NA,White,Male,NA,NA,Missing,NA,11-15 mph,Unknown Injury,Unknown/Missing,NA,NA,No,11MAY2011,Wednesday,Bicyclist Failed to Yield - Sign-Controlled Intersection,13,Intersection,May,B: Evident Injury,13:51:00,Bicyclist Ride Through - Sign-Controlled Intersection,2011,Yes,Yes,Daylight,Straight - Level,Local Street,Dry,"Two-Way, Not Divided",None,"Driveway, Public",Coarse Asphalt,2 lanes,"34.6112768146, -78.9746026503"
3041,Apex,Wake,Piedmont,Commercial,Urban (>70% Developed),NA,Urban,20 - 25  MPH,"Double Yellow Line, No Passing Zone",Clear,No,9,6-10,No,NA,Facing Traffic,B: Evident Injury,Sidewalk / Crosswalk / Driveway Crossing,White,Male,34,30-39,No,NA,0-5 mph,O: No Injury,White,Male,Passenger Car,No,02JUN2011,Thursday,Parallel Paths - Other Circumstances,18,Non-Intersection,June,B: Evident Injury,18:09:00,Bicyclist Ride Out - Parallel Path,2011,Yes,No,Daylight,Straight - Level,Local Street,Dry,"Two-Way, Not Divided",None,No Special Feature,Coarse Asphalt,2 lanes,"35.7464470644, -78.8773026798"
3046,Davidson,Mecklenburg,Piedmont,Residential,Urban (>70% Developed),NA,Urban,20 - 25  MPH,Stop Sign,Cloudy,No,60,60-69,No,NA,With Traffic,B: Evident Injury,Travel Lane,White,Male,47,40-49,No,NA,6-10 mph,O: No Injury,White,Male,Pickup,No,14MAY2011,Saturday,Bicyclist Failed to Yield - Sign-Controlled Intersection,9,Intersection,May,B: Evident Injury,09:19:00,Bicyclist Ride Through - Sign-Controlled Intersection,2011,Yes,No,Daylight,Straight - Grade,Local Street,Dry,"Two-Way, Not Divided",None,No Special Feature,Coarse Asphalt,2 lanes,"35.4714069363, -80.7872032382"
3054,Raleigh,Wake,Piedmont,Residential,Urban (>70% Developed),NA,Urban,30 - 35  MPH,Stop Sign,Clear,No,9,6-10,No,NA,Facing Traffic,A: Disabling Injury,Travel Lane,White,Female,41,40-49,No,NA,31-35 mph,O: No Injury,White,Male,Sport Utility,No,22MAY2011,Sunday,Bicyclist Failed to Yield - Sign-Controlled Intersection,16,Intersection,May,A: Disabling Injury,16:27:00,Bicyclist Ride Through - Sign-Controlled Intersection,2011,Yes,No,Daylight,Straight - Hillcrest,Local Street,Dry,"Two-Way, Not Divided",None,T-Intersection,Smooth Asphalt,2 lanes,"35.8548570962, -78.6354026121"
3070,Fayetteville,Cumberland,Coastal,Commercial,Mixed (30% To 70% Developed),NA,Urban,40 - 45  MPH,Stop And Go Signal,Clear,No,17,16-19,No,NA,Facing Traffic,B: Evident Injury,Travel Lane,Black,Male,NA,NA,Missing,NA,16-20 mph,Unknown Injury,Unknown/Missing,NA,NA,No,24MAY2011,Tuesday,Motorist Right Turn / Merge,0,Intersection,May,B: Evident Injury,00:01:00,Motorist Right Turn - Opposite Direction,2011,Yes,Yes,Dark - Lighted Roadway,Straight - Level,Local Street,Dry,"One-Way, Not Divided",None,No Special Feature,Coarse Asphalt,2 lanes,"35.0375369066, -79.0072026819"
3086,None - Rural Crash,Wake,Piedmont,Residential,Rural (<30% Developed),NA,Rural,40 - 45  MPH,"Double Yellow Line, No Passing Zone",Clear,No,28,25-29,No,NA,With Traffic,B: Evident Injury,Travel Lane,White,Male,NA,NA,No,NA,31-35 mph,Unknown Injury,Unknown/Missing,NA,Passenger Car,No,18JUN2011,Saturday,Motorist Overtaking Bicyclist,6,Non-Intersection,June,B: Evident Injury,06:09:00,Motorist Overtaking - Misjudged Space,2011,Yes,Yes,Daylight,Straight - Level,State Secondary Route,Dry,"Two-Way, Not Divided",None,No Special Feature,Coarse Asphalt,2 lanes,"35.6302370436, -78.7529026351"
3090,Wilmington,New Hanover,Coastal,Residential,Urban (>70% Developed),NA,Urban,20 - 25  MPH,Stop Sign,Clear,No,43,40-49,No,NA,With Traffic,C: Possible Injury,Travel Lane,White,Male,NA,NA,Missing,NA,21-25 mph,Unknown Injury,Unknown/Missing,NA,NA,No,30MAY2011,Monday,Motorist Failed to Yield - Sign-Controlled Intersection,15,Intersection,May,C: Possible Injury,15:19:00,Motorist Drive Through - Sign-Controlled Intersection,2011,No,Yes,Daylight,Straight - Level,Local Street,Dry,"Two-Way, Not Divided",None,Four-Way Intersection,Coarse Asphalt,2 lanes,"34.2260667647, -77.9368023186"
3091,Smithfield,Johnston,Coastal,Residential,Urban (>70% Developed),NA,Urban,20 - 25  MPH,Stop Sign,Clear,No,43,40-49,No,NA,With Traffic,C: Possible Injury,Travel Lane,White,Male,62,60-69,No,NA,0-5 mph,O: No Injury,White,Female,Passenger Car,No,31MAY2011,Tuesday,Motorist Failed to Yield - Sign-Controlled Intersection,16,Intersection,May,C: Possible Injury,16:12:00,Motorist Drive Out - Sign-Controlled Intersection,2011,No,No,Daylight,Straight - Level,Local Street,Dry,"Two-Way, Not Divided",None,Four-Way Intersection,Coarse Asphalt,2 lanes,"35.5154070329, -78.3415025051"
3099,Durham,Durham,Piedmont,Institutional,Urban (>70% Developed),NA,Urban,5 - 15 MPH,No Control Present,Clear,No,21,20-24,No,NA,With Traffic,C: Possible Injury,Travel Lane,White,Female,63,60-69,No,NA,0-5 mph,O: No Injury,White,Female,Van,No,02JUN2011,Thursday,Motorist Left Turn / Merge,9,Intersection-Related,June,C: Possible Injury,09:30:00,Motorist Left Turn - Same Direction,2011,Yes,No,Daylight,Straight - Grade,Public Vehicular Area,Dry,"Two-Way, Divided, Unprotected Median",None,No Special Feature,Smooth Asphalt,2 lanes,"35.9940371165, -78.8986026993"
3104,None - Rural Crash,Iredell,Piedmont,Residential,Mixed (30% To 70% Developed),NA,Rural,30 - 35  MPH,No Control Present,Clear,No,10,6-10,No,NA,With Traffic,B: Evident Injury,Travel Lane,Black,Male,23,20-24,No,NA,6-10 mph,O: No Injury,Black,Male,Passenger Car,No,05JUN2011,Sunday,Motorist Overtaking Bicyclist,11,Non-Intersection,June,B: Evident Injury,11:21:00,Motorist Overtaking - Bicyclist Swerved,2011,No,No,Daylight,Straight - Grade,State Secondary Route,Dry,"Two-Way, Not Divided",None,No Special Feature,Coarse Asphalt,2 lanes,"35.778576999, -80.8399032713"
3105,Garner,Wake,Piedmont,Commercial,Urban (>70% Developed),NA,Urban,30 - 35  MPH,Stop Sign,Clear,No,23,20-24,No,NA,Facing Traffic,B: Evident Injury,Travel Lane,Hispanic,Male,37,30-39,No,NA,0-5 mph,O: No Injury,White,Male,Pickup,No,20JUN2011,Monday,Motorist Failed to Yield - Sign-Controlled Intersection,13,Intersection,June,B: Evident Injury,13:02:00,Motorist Drive Out - Sign-Controlled Intersection,2011,Yes,No,Daylight,Straight - Level,Local Street,Dry,"Two-Way, Not Divided",None,T-Intersection,Smooth Asphalt,2 lanes,"35.7262470689, -78.626202602"
3112,None - Rural Crash,Buncombe,Mountains,Commercial,Mixed (30% To 70% Developed),NA,Rural,30 - 35  MPH,"Double Yellow Line, No Passing Zone",Cloudy,No,18,16-19,No,NA,Not Applicable,B: Evident Injury,Travel Lane,White,Male,70+,70+,No,NA,16-20 mph,C: Possible Injury,White,Male,Passenger Car,No,21JUN2011,Tuesday,Crossing Paths - Other Circumstances,13,Intersection,June,B: Evident Injury,13:58:00,Crossing Paths - Uncontrolled Intersection,2011,Yes,No,Daylight,Straight - Grade,State Secondary Route,Dry,"Two-Way, Not Divided",None,"Driveway, Public",Smooth Asphalt,2 lanes,"35.5935568953, -82.5563037709"
3115,Charlotte,Mecklenburg,Piedmont,Commercial,Urban (>70% Developed),NA,Urban,20 - 25  MPH,Stop Sign,Clear,No,26,25-29,No,NA,Facing Traffic,C: Possible Injury,Sidewalk / Crosswalk / Driveway Crossing,White,Female,49,40-49,No,NA,NA,O: No Injury,White,Female,Passenger Car,No,08JUN2011,Wednesday,Motorist Failed to Yield - Sign-Controlled Intersection,11,Intersection,June,C: Possible Injury,11:59:00,Motorist Drive Out - Sign-Controlled Intersection,2011,Yes,No,Daylight,Straight - Level,Local Street,Dry,"Two-Way, Not Divided",None,T-Intersection,Smooth Asphalt,2 lanes,"35.1997368767, -80.8256032349"
3118,Asheville,Buncombe,Mountains,Commercial,Urban (>70% Developed),NA,Urban,50 - 55  MPH,Other,Clear,No,18,16-19,No,NA,With Traffic,A: Disabling Injury,Travel Lane,White,Male,47,40-49,Yes,NA,NA,O: No Injury,White,Male,Passenger Car,Yes,28MAY2011,Saturday,Motorist Overtaking Bicyclist,23,Non-Intersection,May,A: Disabling Injury,23:27:00,Motorist Overtaking - Undetected Bicyclist,2011,Yes,No,Dark - Lighted Roadway,Straight - Level,Interstate,Dry,"Two-Way, Divided, Unprotected Median",None,End Or Beginning-Divided Highway,Concrete,4 lanes,"35.564826891, -82.4997037526"