object_id,city,county,region,development,locality,on_road,rural_urban,speed_limit,traffic_control,weather,workzone,bike_age,bike_age_group,bike_alcohol,bike_alcohol_drugs,bike_direction,bike_injury,bike_position,bike_race,bike_sex,driver_age,driver_age_group,driver_alcohol,driver_alcohol_drugs,driver_est_speed,driver_injury,driver_race,driver_sex,driver_vehicle_type,crash_alcohol,crash_date,crash_day,crash_group,crash_hour,crash_location,crash_month,crash_severity,crash_time,crash_type,crash_year,ambulance_req,hit_run,light_condition,road_character,road_class,road_condition,road_configuration,road_defects,road_feature,road_surface,num_lanes,geo_point
3119,Washington,Beaufort,Coastal,Residential,Urban (>70% Developed),NA,Urban,30 - 35  MPH,Stop Sign,Clear,No,12,11-15,No,NA,With Traffic,B: Evident Injury,Travel Lane,Black,Male,19,0-19,No,NA,31-35 mph,O: No Injury,Black,Male,Passenger Car,No,07JUN2011,Tuesday,Loss of Control / Turning Error,21,Intersection,June,B: Evident Injury,21:20:00,Bicyclist Lost Control - Mechanical Problems,2011,Yes,No,Dark - Lighted Roadway,Straight - Level,Local Street,Dry,"Two-Way, Not Divided",None,Four-Way Intersection,Coarse Asphalt,2 lanes,"35.5441870839, -77.0369021091"
3122,Wilmington,New Hanover,Coastal,Commercial,Urban (>70% Developed),NA,Urban,30 - 35  MPH,Stop And Go Signal,Clear,No,50,50-59,No,NA,Facing Traffic,B: Evident Injury,Sidewalk / Crosswalk / Driveway Crossing,White,Male,49,40-49,No,NA,31-35 mph,O: No Injury,White,Male,Pickup,No,06JUN2011,Monday,Bicyclist Right Turn / Merge,19,Non-Intersection,June,B: Evident Injury,19:27:00,Bicyclist Right Turn - Same Direction,2011,Yes,No,Daylight,Straight - Level,Local Street,Dry,"Two-Way, Not Divided",None,No Special Feature,Coarse Asphalt,5 lanes,"34.241686769, -77.8959023072"
3124,Mooresville,Iredell,Piedmont,Residential,Urban (>70% Developed),NA,Urban,20 - 25  MPH,No Control Present,Clear,No,14,11-15,No,NA,With Traffic,O: No Injury,Travel Lane,White,Male,40,40-49,No,NA,21-25 mph,O: No Injury,White,Female,Sport Utility,No,09JUN2011,Thursday,Motorist Overtaking Bicyclist,16,Non-Intersection,June,O: No Injury,16:23:00,Motorist Overtaking - Misjudged Space,2011,No,No,Daylight,Straight - Hillcrest,Local Street,Dry,"Two-Way, Not Divided",None,No Special Feature,Coarse Asphalt,2 lanes,"35.5385469504, -80.7921032435"
3125,None - Rural Crash,Wilkes,Mountains,"Farms, Woods, Pastures",Rural (<30% Developed),NA,Rural,50 - 55  MPH,No Control Present,Clear,No,60,60-69,No,NA,With Traffic,B: Evident Injury,Bike Lane / Paved Shoulder,White,Male,61,60-69,No,NA,46-50 mph,O: No Injury,White,Male,Van,No,29JUN2011,Wednesday,Loss of Control / Turning Error,9,Non-Intersection,June,B: Evident Injury,09:30:00,Motorist Lost Control - Other / Unknown,2011,Yes,No,Daylight,Straight - Grade,US Route,Dry,"Two-Way, Divided, Unprotected Median",None,No Special Feature,Smooth Asphalt,4 lanes,"36.1456770597, -81.2748034226"
3134,Siler City,Chatham,Piedmont,Residential,Urban (>70% Developed),NA,Urban,40 - 45  MPH,No Control Present,Clear,No,52,50-59,No,NA,With Traffic,C: Possible Injury,Travel Lane,White,Male,NA,NA,Missing,NA,41-45 mph,Unknown Injury,Unknown/Missing,NA,Unknown Heavy Truck,No,09JUN2011,Thursday,Motorist Overtaking Bicyclist,1,Non-Intersection,June,C: Possible Injury,01:55:00,Motorist Overtaking - Undetected Bicyclist,2011,No,Yes,Dark - Lighted Roadway,Straight - Level,Local Street,Dry,"Two-Way, Divided, Unprotected Median",None,No Special Feature,Smooth Asphalt,5 lanes,"35.7332770401, -79.4600028541"
3135,Charlotte,Mecklenburg,Piedmont,Commercial,Urban (>70% Developed),NA,Urban,30 - 35  MPH,No Control Present,Clear,No,20,20-24,No,NA,With Traffic,C: Possible Injury,Sidewalk / Crosswalk / Driveway Crossing,Black,Male,33,30-39,No,NA,NA,O: No Injury,White,Male,Pickup,No,07JUN2011,Tuesday,Motorist Failed to Yield - Midblock,15,Non-Intersection,June,C: Possible Injury,15:50:00,Motorist Drive Out - Residential Driveway,2011,Yes,No,Dawn,Curve - Hillcrest,Local Street,Dry,"Two-Way, Not Divided",None,"Driveway, Private",Smooth Asphalt,4 lanes,"35.2608568907, -80.8197032364"
3136,Wilmington,New Hanover,Coastal,Commercial,Urban (>70% Developed),NA,Urban,20 - 25  MPH,Stop Sign,Clear,No,32,30-39,No,NA,Facing Traffic,C: Possible Injury,Travel Lane,White,Female,47,40-49,No,NA,0-5 mph,O: No Injury,White,Female,Sport Utility,No,15JUN2011,Wednesday,Motorist Failed to Yield - Sign-Controlled Intersection,17,Intersection,June,C: Possible Injury,17:00:00,Motorist Drive Out - Sign-Controlled Intersection,2011,No,No,Daylight,Straight - Grade,Local Street,Dry,"Two-Way, Not Divided",None,T-Intersection,Coarse Asphalt,2 lanes,"34.1945367578, -77.91310231"
3137,Wilmington,New Hanover,Coastal,Commercial,Urban (>70% Developed),NA,Urban,40 - 45  MPH,Flashing Stop And Go Signal,Clear,No,70+,70+,No,NA,With Traffic,C: Possible Injury,Sidewalk / Crosswalk / Driveway Crossing,White,Male,22,20-24,No,NA,0-5 mph,O: No Injury,White,Female,Passenger Car,No,15JUN2011,Wednesday,Motorist Failed to Yield - Signalized Intersection,11,Intersection,June,C: Possible Injury,11:07:00,Motorist Drive Out - Right Turn on Red,2011,No,No,Daylight,Straight - Level,Local Street,Dry,"Two-Way, Not Divided",None,No Special Feature,Coarse Asphalt,5 lanes,"34.2401567682, -77.9044023101"
3146,High Point,Guilford,Piedmont,Residential,Urban (>70% Developed),NA,Urban,NA,No Control Present,Clear,No,6,6-10,No,NA,Not Applicable,A: Disabling Injury,Non-Roadway,Black,Male,42,40-49,No,NA,11-15 mph,O: No Injury,White,Female,Passenger Car,No,13JUN2011,Monday,Non-Roadway,19,Non-Roadway,June,A: Disabling Injury,19:31:00,Non-Roadway,2011,Yes,No,Daylight,Straight - Level,Public Vehicular Area,Dry,"Two-Way, Not Divided",None,"Driveway, Public",Smooth Asphalt,NA,"35.9571770682, -79.9984030287"
3147,Charlotte,Mecklenburg,Piedmont,Commercial,Urban (>70% Developed),NA,Urban,20 - 25  MPH,No Control Present,Clear,No,11,11-15,No,NA,With Traffic,C: Possible Injury,Sidewalk / Crosswalk / Driveway Crossing,Black,Male,54,50-59,No,NA,0-5 mph,O: No Injury,White,Male,Pickup,No,13JUN2011,Monday,Motorist Failed to Yield - Midblock,13,Non-Intersection,June,C: Possible Injury,13:03:00,Motorist Drive Out - Commercial Driveway / Alley,2011,Yes,No,Daylight,Straight - Grade,Local Street,Dry,"Two-Way, Divided, Unprotected Median",None,Other,Smooth Asphalt,2 lanes,"35.2321268839, -80.8272032372"
3152,Mooresville,Iredell,Piedmont,Residential,Mixed (30% To 70% Developed),NA,Urban,5 - 15 MPH,No Control Present,Clear,No,9,6-10,No,NA,Not Applicable,C: Possible Injury,Non-Roadway,Black,Female,63,60-69,No,NA,0-5 mph,O: No Injury,Black,Female,Van,No,15JUN2011,Wednesday,Non-Roadway,18,Non-Roadway,June,C: Possible Injury,18:20:00,Non-Roadway,2011,Yes,No,Daylight,Straight - Grade,Public Vehicular Area,Dry,"Two-Way, Not Divided",None,"Driveway, Public",Coarse Asphalt,2 lanes,"35.5950869618, -80.8098032524"
3153,Monroe,Union,Piedmont,Commercial,Urban (>70% Developed),NA,Urban,40 - 45  MPH,No Control Present,Clear,No,16,16-19,No,NA,Not Applicable,K: Killed,Travel Lane,White,Male,18,0-19,No,NA,36-40 mph,O: No Injury,White,Female,Passenger Car,No,15JUN2011,Wednesday,Bicyclist Failed to Yield - Midblock,12,Non-Intersection,June,K: Killed,12:59:00,Multiple Threat - Midblock,2011,Yes,No,Daylight,Straight - Level,US Route,Dry,"Two-Way, Divided, Unprotected Median",None,Non-Intersection Median Crossing,Smooth Asphalt,6 lanes,"35.0095968455, -80.5629031464"
3159,Charlotte,Mecklenburg,Piedmont,Commercial,Mixed (30% To 70% Developed),NA,Urban,40 - 45  MPH,Stop And Go Signal,Clear,No,46,40-49,No,NA,With Traffic,B: Evident Injury,Bike Lane / Paved Shoulder,White,Male,47,40-49,No,NA,0-5 mph,O: No Injury,White,Female,Passenger Car,No,17JUN2011,Friday,Motorist Right Turn / Merge,11,Non-Intersection,June,B: Evident Injury,11:40:00,Motorist Right Turn - Same Direction,2011,No,No,Daylight,Straight - Level,Local Street,Dry,"Two-Way, Divided, Positive Median Barrier",None,No Special Feature,Coarse Asphalt,4 lanes,"35.3291769069, -80.7518032206"
3161,Whiteville,Columbus,Coastal,Residential,Urban (>70% Developed),NA,Urban,30 - 35  MPH,No Control Present,Clear,No,16,16-19,No,NA,With Traffic,C: Possible Injury,Travel Lane,Black,Male,26,25-29,No,NA,11-15 mph,O: No Injury,Black,Female,Passenger Car,No,20JUN2011,Monday,Motorist Overtaking Bicyclist,17,Non-Intersection,June,C: Possible Injury,17:01:00,Motorist Overtaking - Bicyclist Swerved,2011,No,No,Daylight,Straight - Level,Local Street,Dry,"Two-Way, Not Divided",None,No Special Feature,Smooth Asphalt,2 lanes,"34.3308767627, -78.6868025502"
3166,Wrightsville Beach,New Hanover,Coastal,Residential,Urban (>70% Developed),NA,Rural,20 - 25  MPH,Stop Sign,Clear,No,28,25-29,No,NA,With Traffic,C: Possible Injury,Travel Lane,White,Male,63,60-69,No,NA,21-25 mph,O: No Injury,White,Female,Passenger Car,No,25JUN2011,Saturday,Bicyclist Overtaking Motorist,8,Non-Intersection,June,C: Possible Injury,08:38:00,Bicyclist Overtaking - Passing on Right,2011,Yes,No,Daylight,Straight - Level,Public Vehicular Area,Dry,"Two-Way, Not Divided",None,"Driveway, Public",Concrete,NA,"34.2270767698, -77.7826022722"
3176,Raleigh,Wake,Piedmont,Commercial,Urban (>70% Developed),NA,Urban,5 - 15 MPH,No Control Present,Clear,No,17,16-19,No,NA,Facing Traffic,C: Possible Injury,Travel Lane,White,Male,38,30-39,No,NA,0-5 mph,O: No Injury,Black,Female,Van,No,11JUL2011,Monday,Loss of Control / Turning Error,15,Non-Intersection,July,C: Possible Injury,15:59:00,Bicyclist Lost Control - Other / Unknown,2011,Yes,No,Daylight,Straight - Level,Public Vehicular Area,Dry,"Two-Way, Divided, Unprotected Median",None,"Driveway, Public",Coarse Asphalt,NA,"35.9181071059, -78.7433026479"
3178,Wilmington,New Hanover,Coastal,Residential,Urban (>70% Developed),NA,Urban,NA,No Control Present,Clear,No,28,25-29,No,NA,With Traffic,B: Evident Injury,Travel Lane,White,Male,NA,NA,Missing,NA,NA,Unknown Injury,Unknown/Missing,NA,NA,No,23JUN2011,Thursday,Motorist Overtaking Bicyclist,2,Non-Intersection,June,B: Evident Injury,02:51:00,Motorist Overtaking - Other / Unknown,2011,No,Yes,Dark - Lighted Roadway,Straight - Level,Local Street,Dry,"Two-Way, Not Divided",None,No Special Feature,Smooth Asphalt,2 lanes,"34.2282267645, -77.94200232"
3186,Princeville,Edgecombe,Coastal,Residential,Urban (>70% Developed),NA,Rural,30 - 35  MPH,"Double Yellow Line, No Passing Zone",Clear,No,33,30-39,No,NA,With Traffic,C: Possible Injury,Bike Lane / Paved Shoulder,Black,Male,70+,70+,No,NA,31-35 mph,O: No Injury,Black,Male,Sport Utility,No,16JUL2011,Saturday,Bicyclist Left Turn / Merge,14,Non-Intersection,July,C: Possible Injury,14:09:00,Bicyclist Left Turn - Same Direction,2011,Yes,No,Daylight,Straight - Level,NC Route,Dry,"Two-Way, Not Divided",None,No Special Feature,Coarse Asphalt,2 lanes,"35.8871371409, -77.530002277"
3187,Goldsboro,Wayne,Coastal,Residential,Urban (>70% Developed),NA,Urban,20 - 25  MPH,Stop Sign,Clear,No,17,16-19,No,NA,With Traffic,B: Evident Injury,Travel Lane,Black,Male,63,60-69,No,NA,26-30 mph,O: No Injury,Black,Female,Sport Utility,No,26JUN2011,Sunday,Bicyclist Failed to Yield - Sign-Controlled Intersection,19,Intersection,June,B: Evident Injury,19:27:00,Bicyclist Ride Out - Sign-Controlled Intersection,2011,Yes,No,Daylight,Straight - Level,Local Street,Dry,"Two-Way, Not Divided",None,Four-Way Intersection,Coarse Asphalt,2 lanes,"35.3848870178, -77.9682023845"
3196,Wilson,Wilson,Coastal,Residential,Mixed (30% To 70% Developed),NA,Urban,30 - 35  MPH,Stop And Go Signal,Cloudy,No,50,50-59,No,NA,NA,C: Possible Injury,Travel Lane,Black,Male,NA,NA,Missing,NA,31-35 mph,Unknown Injury,Unknown/Missing,NA,NA,No,15MAY2011,Sunday,Other / Unknown - Insufficient Details,0,Intersection-Related,May,C: Possible Injury,00:00:00,Unknown Approach Paths,2011,Yes,Yes,Dark - Lighted Roadway,Straight - Level,Local Street,NA,"Two-Way, Not Divided",None,Y-Intersection,Coarse Asphalt,2 lanes,"35.7230070931, -77.9044023833"
3204,Rutherfordton,Rutherford,Mountains,Commercial,Urban (>70% Developed),NA,Rural,30 - 35  MPH,No Control Present,Clear,No,20,20-24,No,NA,Not Applicable,C: Possible Injury,Non-Roadway,Black,Male,26,25-29,No,NA,21-25 mph,O: No Injury,Black,Male,Passenger Car,No,04JUL2011,Monday,Non-Roadway,18,Non-Roadway,July,C: Possible Injury,18:30:00,Non-Roadway,2011,No,No,Daylight,Curve - Level,Public Vehicular Area,Dry,"Two-Way, Not Divided",None,No Special Feature,Smooth Asphalt,2 lanes,"35.3621768704, -81.9429035763"
3220,Boone,Watauga,Mountains,Commercial,Urban (>70% Developed),NA,Rural,NA,"Double Yellow Line, No Passing Zone",Clear,No,37,30-39,No,NA,With Traffic,C: Possible Injury,Travel Lane,White,Male,NA,NA,Missing,NA,NA,Unknown Injury,Unknown/Missing,NA,NA,No,12JUL2011,Tuesday,Other / Unusual Circumstances,23,Non-Intersection,July,Unknown Injury,23:47:00,Bicycle Only,2011,Yes,No,Dark - Lighted Roadway,Straight - Grade,US Route,Dry,"Two-Way, Not Divided",None,No Special Feature,Smooth Asphalt,3 lanes,"36.2174370596, -81.681603548"
3228,Raleigh,Wake,Piedmont,Residential,Mixed (30% To 70% Developed),NA,Urban,30 - 35  MPH,Stop Sign,Clear,No,20,20-24,No,NA,With Traffic,B: Evident Injury,Travel Lane,White,Female,33,30-39,No,NA,31-35 mph,O: No Injury,White,Male,Passenger Car,No,27JUL2011,Wednesday,Loss of Control / Turning Error,23,Intersection,July,B: Evident Injury,23:28:00,Bicyclist Lost Control - Other / Unknown,2011,Yes,No,Dark - Roadway Not Lighted,Straight - Grade,Local Street,Dry,"Two-Way, Not Divided",None,Four-Way Intersection,Smooth Asphalt,2 lanes,"35.8366070921, -78.6216026071"
3230,Duck,Dare,Coastal,Residential,Urban (>70% Developed),NA,Rural,5 - 15 MPH,Stop Sign,Clear,No,19,16-19,No,NA,With Traffic,C: Possible Injury,Travel Lane,Asian,Female,68,60-69,No,NA,0-5 mph,O: No Injury,White,Male,Passenger Car,No,05JUL2011,Tuesday,Motorist Failed to Yield - Sign-Controlled Intersection,15,Intersection,July,C: Possible Injury,15:33:00,Motorist Drive Out - Sign-Controlled Intersection,2011,No,No,Daylight,Straight - Level,NC Route,Dry,"Two-Way, Not Divided",None,No Special Feature,Coarse Asphalt,4 lanes,"36.1578272594, -75.7496017453"
3231,Holly Springs,Wake,Piedmont,Residential,Mixed (30% To 70% Developed),NA,Urban,30 - 35  MPH,No Control Present,Clear,No,56,50-59,No,NA,Not Applicable,C: Possible Injury,Driveway / Alley,Black,Male,37,30-39,No,NA,31-35 mph,O: No Injury,Black,Female,Passenger Car,No,29JUL2011,Friday,Bicyclist Failed to Yield - Midblock,9,Non-Intersection,July,C: Possible Injury,09:32:00,Bicyclist Ride Out - Residential Driveway,2011,Yes,No,Daylight,Straight - Level,Local Street,Dry,"Two-Way, Not Divided",None,No Special Feature,Coarse Asphalt,2 lanes,"35.646467044, -78.8353026615"
3245,Raleigh,Wake,Piedmont,Commercial,Urban (>70% Developed),NA,Urban,5 - 15 MPH,No Control Present,Clear,No,32,30-39,No,NA,With Traffic,O: No Injury,Travel Lane,White,Male,20,20-24,No,NA,21-25 mph,O: No Injury,Other,Male,"Light Truck (Mini-Van, Panel)",No,30JUL2011,Saturday,Parallel Paths - Other Circumstances,5,Non-Intersection,July,O: No Injury,05:03:00,Parallel Paths - Other / Unknown,2011,Yes,Yes,Dark - Lighted Roadway,Straight - Level,Local Street,Dry,"Two-Way, Not Divided",None,No Special Feature,Smooth Asphalt,2 lanes,"35.7782770791, -78.639202609"
3247,Cary,Wake,Piedmont,Residential,Urban (>70% Developed),NA,Urban,20 - 25  MPH,Stop Sign,Clear,No,51,50-59,No,NA,With Traffic,B: Evident Injury,Travel Lane,White,Male,41,40-49,No,NA,6-10 mph,O: No Injury,White,Male,Passenger Car,No,18JUL2011,Monday,Motorist Right Turn / Merge,7,Intersection,July,B: Evident Injury,07:38:00,Motorist Right Turn - Same Direction,2011,No,No,Daylight,Straight - Level,Local Street,Dry,"Two-Way, Not Divided",None,Four-Way Intersection,Coarse Asphalt,2 lanes,"35.8030070791, -78.7868026548"
3260,High Point,Guilford,Piedmont,Commercial,Urban (>70% Developed),NA,Urban,30 - 35  MPH,Stop And Go Signal,Clear,No,56,50-59,No,NA,Facing Traffic,C: Possible Injury,Sidewalk / Crosswalk / Driveway Crossing,Black,Male,51,50-59,No,NA,26-30 mph,O: No Injury,White,Female,Other Bus,No,25JUL2011,Monday,Bicyclist Failed to Yield - Signalized Intersection,10,Intersection,July,C: Possible Injury,10:44:00,Bicyclist Ride Through - Signalized Intersection,2011,Yes,No,Daylight,Straight - Level,Local Street,Dry,"Two-Way, Not Divided",None,Four-Way Intersection,Coarse Asphalt,4 lanes,"35.9578070677, -80.0085030318"
1940,None - Rural Crash,Robeson,Coastal,Residential,Mixed (30% To 70% Developed),NA,Rural,50 - 55  MPH,"Double Yellow Line, No Passing Zone",Cloudy,No,15,11-15,No,NA,With Traffic,B: Evident Injury,Travel Lane,Hispanic,Male,19,0-19,No,NA,41-45 mph,O: No Injury,Native American,Female,Passenger Car,No,17APR2012,Tuesday,Motorist Overtaking Bicyclist,23,Non-Intersection,April,B: Evident Injury,23:05:00,Motorist Overtaking - Other / Unknown,2012,Yes,No,Dark - Roadway Not Lighted,Straight - Level,US Route,Dry,"Two-Way, Not Divided",None,No Special Feature,Smooth Asphalt,2 lanes,"34.7093668356, -79.0062026651"
1920,Wilmington,New Hanover,Coastal,Residential,Urban (>70% Developed),NA,Urban,30 - 35  MPH,No Control Present,Cloudy,No,40,40-49,No,NA,Facing Traffic,B: Evident Injury,Travel Lane,Black,Male,NA,NA,Missing,NA,21-25 mph,Unknown Injury,Unknown/Missing,NA,NA,No,25MAR2012,Sunday,Motorist Failed to Yield - Midblock,13,Non-Intersection,March,B: Evident Injury,13:41:00,Motorist Drive Out - Commercial Driveway / Alley,2012,Yes,Yes,Daylight,Straight - Level,Local Street,Dry,"Two-Way, Not Divided",None,"Driveway, Private",Smooth Asphalt,3 lanes,"34.2318867678, -77.8806023021"
1930,Wilmington,New Hanover,Coastal,Commercial,Urban (>70% Developed),NA,Urban,40 - 45  MPH,Stop Sign,Clear,No,26,25-29,No,NA,Facing Traffic,C: Possible Injury,Sidewalk / Crosswalk / Driveway Crossing,White,Female,40,40-49,No,NA,0-5 mph,O: No Injury,White,Female,Passenger Car,No,02APR2012,Monday,Motorist Failed to Yield - Midblock,9,Non-Intersection,April,C: Possible Injury,09:44:00,Motorist Drive Out - Other Midblock,2012,Yes,No,Daylight,Straight - Level,Local Street,Dry,"Two-Way, Divided, Positive Median Barrier",None,T-Intersection,Smooth Asphalt,4 lanes,"34.2517767742, -77.8265022865"
1922,Kannapolis,Rowan,Piedmont,Residential,Urban (>70% Developed),NA,Urban,30 - 35  MPH,No Control Present,Rain,No,7,6-10,No,NA,Facing Traffic,B: Evident Injury,Travel Lane,Black,Female,70+,70+,No,NA,26-30 mph,O: No Injury,White,Male,"Single Unit Truck (2-Axle, 6-Tire)",No,31MAR2012,Saturday,Loss of Control / Turning Error,19,Intersection,March,B: Evident Injury,19:07:00,Bicyclist Lost Control - Mechanical Problems,2012,Yes,No,Daylight,Straight - Hillcrest,Local Street,Wet,"Two-Way, Not Divided",None,No Special Feature,Smooth Asphalt,2 lanes,"35.5292069548, -80.6184031914"
1942,Sanford,Lee,Piedmont,Commercial,Urban (>70% Developed),NA,Urban,40 - 45  MPH,Stop And Go Signal,Clear,No,49,40-49,No,NA,Facing Traffic,C: Possible Injury,Travel Lane,White,Male,60,60-69,No,NA,6-10 mph,O: No Injury,Black,Female,Sport Utility,No,10APR2012,Tuesday,Motorist Failed to Yield - Signalized Intersection,15,Intersection,April,C: Possible Injury,15:46:00,Motorist Drive Out - Right Turn on Red,2012,No,No,Daylight,Straight - Grade,Local Street,Dry,"Two-Way, Not Divided",None,Four-Way Intersection,Smooth Asphalt,6 lanes,"35.4600869946, -79.1162027363"
1914,Kinston,Lenoir,Coastal,Commercial,Urban (>70% Developed),NA,Urban,30 - 35  MPH,No Control Present,Clear,No,18,16-19,No,NA,Not Applicable,C: Possible Injury,Non-Roadway,Black,Male,46,40-49,No,NA,6-10 mph,C: Possible Injury,Black,Female,Passenger Car,No,13APR2012,Friday,Crossing Paths - Other Circumstances,12,Intersection-Related,April,C: Possible Injury,12:42:00,Crossing Paths - Uncontrolled Intersection,2012,No,No,Daylight,Straight - Level,Local Street,Dry,"Two-Way, Not Divided",None,No Special Feature,Coarse Asphalt,2 lanes,"35.2687070053, -77.5831022615"
1913,None - Rural Crash,Davidson,Piedmont,Residential,Mixed (30% To 70% Developed),NA,Rural,50 - 55  MPH,No Control Present,Clear,No,46,40-49,No,NA,With Traffic,B: Evident Injury,Travel Lane,White,Male,65,60-69,No,NA,51-55 mph,O: No Injury,White,Male,Pickup,No,14APR2012,Saturday,Motorist Right Turn / Merge,9,Non-Intersection,April,B: Evident Injury,09:27:00,Motorist Right Turn - Same Direction,2012,Yes,No,Daylight,Straight - Level,State Secondary Route,Dry,"Two-Way, Not Divided",None,No Special Feature,Smooth Asphalt,2 lanes,"35.7274870172, -80.0684030369"
1943,None - Rural Crash,Duplin,Coastal,"Farms, Woods, Pastures",Rural (<30% Developed),NA,Rural,50 - 55  MPH,No Control Present,Clear,No,53,50-59,Yes,NA,With Traffic,C: Possible Injury,Travel Lane,Black,Male,70+,70+,No,NA,51-55 mph,O: No Injury,White,Male,Pickup,Yes,14APR2012,Saturday,Motorist Overtaking Bicyclist,16,Non-Intersection,April,C: Possible Injury,16:54:00,Motorist Overtaking - Misjudged Space,2012,Yes,No,Daylight,Straight - Level,US Route,Dry,"Two-Way, Not Divided",None,No Special Feature,Coarse Asphalt,2 lanes,"35.1669369661, -78.0935024117"
1928,Monroe,Union,Piedmont,Residential,Urban (>70% Developed),NA,Urban,30 - 35  MPH,Stop Sign,Clear,No,53,50-59,No,NA,With Traffic,C: Possible Injury,Travel Lane,Black,Male,19,0-19,No,NA,21-25 mph,O: No Injury,Black,Female,Passenger Car,No,04APR2012,Wednesday,Motorist Left Turn / Merge,17,Intersection,April,C: Possible Injury,17:32:00,Motorist Left Turn - Opposite Direction,2012,Yes,No,Daylight,Straight - Level,Local Street,Dry,"Two-Way, Not Divided",None,Four-Way Intersection,Smooth Asphalt,2 lanes,"34.9787068404, -80.5377031378"
1953,None - Rural Crash,Rockingham,Piedmont,"Farms, Woods, Pastures",Rural (<30% Developed),NA,Rural,40 - 45  MPH,"Double Yellow Line, No Passing Zone",Clear,No,NA,NA,No,NA,With Traffic,Unknown Injury,Travel Lane,Unknown/Missing,NA,40,40-49,No,NA,41-45 mph,O: No Injury,White,Female,Passenger Car,No,23APR2012,Monday,Motorist Overtaking Bicyclist,22,Non-Intersection,April,O: No Injury,22:04:00,Motorist Overtaking - Misjudged Space,2012,No,No,Dark - Roadway Not Lighted,Straight - Level,NC Route,Dry,"Two-Way, Not Divided",None,No Special Feature,Smooth Asphalt,2 lanes,"36.3536871629, -79.6926029592"
1944,Greensboro,Guilford,Piedmont,Commercial,Urban (>70% Developed),NA,Urban,30 - 35  MPH,Stop And Go Signal,Clear,No,17,16-19,No,NA,Facing Traffic,C: Possible Injury,Sidewalk / Crosswalk / Driveway Crossing,White,Female,17,0-19,No,NA,0-5 mph,O: No Injury,Black,Male,Passenger Car,No,04APR2012,Wednesday,Motorist Failed to Yield - Signalized Intersection,9,Intersection,April,C: Possible Injury,09:57:00,Motorist Drive Out - Right Turn on Red,2012,No,No,Daylight,Straight - Bottom,Local Street,Dry,"Two-Way, Not Divided",None,No Special Feature,Smooth Asphalt,9 or more lanes,"36.0948171011, -79.8913030041"
1983,Cary,Wake,Piedmont,Commercial,Urban (>70% Developed),NA,Urban,40 - 45  MPH,No Control Present,Clear,No,7,6-10,No,NA,With Traffic,C: Possible Injury,Sidewalk / Crosswalk / Driveway Crossing,White,Female,50,50-59,No,NA,NA,C: Possible Injury,Black,Male,Passenger Car,No,21APR2012,Saturday,Parallel Paths - Other Circumstances,15,Non-Intersection,April,C: Possible Injury,15:36:00,Parallel Paths - Other / Unknown,2012,Yes,No,Daylight,Straight - Grade,State Secondary Route,Dry,"Two-Way, Divided, Unprotected Median",None,Related To Intersection,Smooth Asphalt,4 lanes,"35.7898170755, -78.8274026664"
1986,None - Rural Crash,Iredell,Piedmont,Commercial,Urban (>70% Developed),NA,Rural,30 - 35  MPH,"Double Yellow Line, No Passing Zone",Clear,No,15,11-15,No,NA,With Traffic,B: Evident Injury,Travel Lane,White,Male,70+,70+,No,NA,26-30 mph,O: No Injury,White,Male,Pickup,No,02MAY2012,Wednesday,Bicyclist Failed to Yield - Sign-Controlled Intersection,16,Intersection,May,B: Evident Injury,16:44:00,Bicyclist Ride Out - Sign-Controlled Intersection,2012,Yes,No,Daylight,Straight - Level,NC Route,Dry,"Two-Way, Not Divided",None,T-Intersection,Smooth Asphalt,2 lanes,"35.8578670083, -81.0414033357"
1973,None - Rural Crash,Orange,Piedmont,Residential,Mixed (30% To 70% Developed),NA,Rural,50 - 55  MPH,"Double Yellow Line, No Passing Zone",Clear,No,53,50-59,No,NA,With Traffic,A: Disabling Injury,Travel Lane,White,Male,24,20-24,No,NA,51-55 mph,O: No Injury,Other,Female,Sport Utility,No,16APR2012,Monday,Motorist Overtaking Bicyclist,20,Non-Intersection,April,A: Disabling Injury,20:11:00,Motorist Overtaking - Other / Unknown,2012,Yes,No,Dusk,Straight - Level,US Route,Dry,"Two-Way, Not Divided",None,No Special Feature,Smooth Asphalt,2 lanes,"36.0493371234, -79.0299027423"
1965,Charlotte,Mecklenburg,Piedmont,Residential,Rural (<30% Developed),NA,Urban,40 - 45  MPH,Stop Sign,Clear,No,18,16-19,No,NA,Facing Traffic,B: Evident Injury,Travel Lane,Black,Female,42,40-49,No,NA,0-5 mph,O: No Injury,Hispanic,Male,Pickup,No,28MAR2012,Wednesday,Motorist Failed to Yield - Sign-Controlled Intersection,14,Intersection,March,B: Evident Injury,14:50:00,Motorist Drive Out - Sign-Controlled Intersection,2012,Yes,No,Daylight,Straight - Level,Local Street,Dry,"Two-Way, Not Divided",None,T-Intersection,Smooth Asphalt,2 lanes,"35.2821968978, -80.7340032119"
1946,New Bern,Craven,Coastal,Residential,Urban (>70% Developed),NA,Urban,20 - 25  MPH,Stop Sign,Clear,No,20,20-24,No,NA,With Traffic,C: Possible Injury,Travel Lane,Black,Female,63,60-69,No,NA,11-15 mph,O: No Injury,Black,Male,Pickup,No,20APR2012,Friday,Bicyclist Failed to Yield - Sign-Controlled Intersection,13,Intersection,April,C: Possible Injury,13:23:00,Bicyclist Ride Through - Sign-Controlled Intersection,2012,Yes,No,Daylight,Straight - Level,Local Street,Dry,"Two-Way, Not Divided",None,Four-Way Intersection,Smooth Asphalt,2 lanes,"35.1141369896, -77.052302093"