object_id,city,county,region,development,locality,on_road,rural_urban,speed_limit,traffic_control,weather,workzone,bike_age,bike_age_group,bike_alcohol,bike_alcohol_drugs,bike_direction,bike_injury,bike_position,bike_race,bike_sex,driver_age,driver_age_group,driver_alcohol,driver_alcohol_drugs,driver_est_speed,driver_injury,driver_race,driver_sex,driver_vehicle_type,crash_alcohol,crash_date,crash_day,crash_group,crash_hour,crash_location,crash_month,crash_severity,crash_time,crash_type,crash_year,ambulance_req,hit_run,light_condition,road_character,road_class,road_condition,road_configuration,road_defects,road_feature,road_surface,num_lanes,geo_point
1969,Raleigh,Wake,Piedmont,Commercial,Urban (>70% Developed),NA,Urban,20 - 25  MPH,Stop And Go Signal,Clear,No,24,20-24,No,NA,Facing Traffic,O: No Injury,Travel Lane,White,Male,27,25-29,No,NA,0-5 mph,O: No Injury,Hispanic,Male,Passenger Car,No,16APR2012,Monday,Crossing Paths - Other Circumstances,20,Intersection,April,O: No Injury,20:25:00,Signalized Intersection - Other / Unknown,2012,No,No,Dark - Lighted Roadway,Straight - Level,Local Street,Dry,"Two-Way, Divided, Unprotected Median",None,T-Intersection,Smooth Asphalt,4 lanes,"35.8849471023, -78.6272026107"
1984,Wilmington,New Hanover,Coastal,Residential,Urban (>70% Developed),NA,Urban,30 - 35  MPH,No Control Present,Clear,No,13,11-15,No,NA,With Traffic,B: Evident Injury,Travel Lane,White,Male,NA,NA,Missing,NA,NA,Unknown Injury,Unknown/Missing,NA,NA,No,28APR2012,Saturday,Motorist Overtaking Bicyclist,11,Intersection-Related,April,B: Evident Injury,11:11:00,Motorist Overtaking - Other / Unknown,2012,Yes,Yes,Daylight,Straight - Level,NA,Dry,"Two-Way, Not Divided",None,No Special Feature,Coarse Asphalt,2 lanes,"34.2215167652, -77.8918023052"
1947,Southport,Brunswick,Coastal,Commercial,Urban (>70% Developed),NA,Rural,NA,No Control Present,Clear,No,67,60-69,No,NA,With Traffic,C: Possible Injury,Travel Lane,Black,Male,18,0-19,No,NA,NA,O: No Injury,White,Male,Pickup,No,26MAR2012,Monday,Bicyclist Left Turn / Merge,16,Non-Intersection,March,C: Possible Injury,16:40:00,Bicyclist Left Turn - Same Direction,2012,No,No,Daylight,NA,NA,Dry,"Two-Way, Divided, Unprotected Median",None,No Special Feature,Smooth Asphalt,NA,"33.9211366939, -78.0202023291"
1997,Charlotte,Mecklenburg,Piedmont,Residential,Rural (<30% Developed),NA,Urban,20 - 25  MPH,No Control Present,Clear,No,47,40-49,No,NA,Facing Traffic,C: Possible Injury,Sidewalk / Crosswalk / Driveway Crossing,Black,Male,55,50-59,No,NA,0-5 mph,O: No Injury,Black,Female,Passenger Car,No,07MAY2012,Monday,Crossing Paths - Other Circumstances,16,Intersection-Related,May,C: Possible Injury,16:28:00,Crossing Paths - Uncontrolled Intersection,2012,No,No,Daylight,Straight - Level,Local Street,Dry,"Two-Way, Not Divided",None,No Special Feature,Smooth Asphalt,1 lane,"35.2023668806, -80.7302032065"
1990,Wilmington,New Hanover,Coastal,Commercial,Urban (>70% Developed),NA,Urban,30 - 35  MPH,Human Control,Clear,No,9,6-10,No,NA,Not Applicable,O: No Injury,Sidewalk / Crosswalk / Driveway Crossing,White,Female,59,50-59,No,NA,0-5 mph,O: No Injury,White,Female,Sport Utility,No,03MAY2012,Thursday,Crossing Paths - Other Circumstances,7,Non-Intersection,May,O: No Injury,07:39:00,Crossing Paths - Midblock - Other / Unknown,2012,No,No,Daylight,Straight - Level,Local Street,Dry,"Two-Way, Divided, Unprotected Median",None,No Special Feature,Coarse Asphalt,3 lanes,"34.1966767606, -77.8440022893"
1999,None - Rural Crash,Wayne,Coastal,"Farms, Woods, Pastures",Rural (<30% Developed),NA,Rural,40 - 45  MPH,"Double Yellow Line, No Passing Zone",Clear,No,16,16-19,No,NA,Facing Traffic,C: Possible Injury,Travel Lane,Black,Female,49,40-49,No,NA,41-45 mph,O: No Injury,Black,Male,Passenger Car,No,07MAY2012,Monday,Head-On,20,Non-Intersection,May,C: Possible Injury,20:50:00,Head-On - Bicyclist,2012,Yes,No,Dark - Roadway Not Lighted,Straight - Level,State Secondary Route,Dry,"Two-Way, Not Divided",None,No Special Feature,Smooth Asphalt,2 lanes,"35.4062470218, -77.9785023895"
1991,Chapel Hill,Orange,Piedmont,Residential,Urban (>70% Developed),NA,Urban,30 - 35  MPH,No Control Present,Clear,No,NA,NA,Missing,NA,Facing Traffic,Unknown Injury,Travel Lane,Unknown/Missing,NA,27,25-29,No,NA,31-35 mph,O: No Injury,White,Male,Passenger Car,No,30APR2012,Monday,Bicyclist Left Turn / Merge,18,Non-Intersection,April,O: No Injury,18:27:00,Bicyclist Left Turn - Opposite Direction,2012,No,No,Daylight,Curve - Grade,Local Street,Dry,"Two-Way, Not Divided",None,No Special Feature,Smooth Asphalt,1 lane,"35.9159370933, -79.0644027448"
1992,Wilmington,New Hanover,Coastal,Residential,Urban (>70% Developed),NA,Urban,NA,No Control Present,Clear,No,21,20-24,No,NA,Facing Traffic,B: Evident Injury,Travel Lane,Black,Male,NA,NA,Missing,NA,NA,Unknown Injury,Unknown/Missing,NA,NA,No,02MAY2012,Wednesday,Other / Unusual Circumstances,16,Non-Intersection,May,B: Evident Injury,16:36:00,Motorist Intentionally Caused,2012,Yes,Yes,Daylight,Straight - Level,Local Street,Dry,"Two-Way, Not Divided",None,No Special Feature,Coarse Asphalt,2 lanes,"34.239406768, -77.9024023084"
1989,Chapel Hill,Orange,Piedmont,Institutional,Urban (>70% Developed),NA,Urban,20 - 25  MPH,No Control Present,Clear,No,19,16-19,No,NA,With Traffic,B: Evident Injury,Travel Lane,Asian,Male,26,25-29,No,NA,11-15 mph,O: No Injury,White,Male,Sport Utility,No,11APR2012,Wednesday,Bicyclist Left Turn / Merge,15,Non-Intersection,April,B: Evident Injury,15:27:00,Bicyclist Left Turn - Same Direction,2012,No,No,Daylight,Straight - Grade,Local Street,Dry,"Two-Way, Not Divided",None,No Special Feature,Smooth Asphalt,4 lanes,"35.9004070914, -79.0408027366"
2009,Laurinburg,Scotland,Coastal,Residential,Urban (>70% Developed),NA,Urban,30 - 35  MPH,No Control Present,Clear,No,30,30-39,No,NA,Facing Traffic,K: Killed,Travel Lane,Black,Male,64,60-69,No,NA,31-35 mph,O: No Injury,Black,Female,Passenger Car,No,02MAY2012,Wednesday,Loss of Control / Turning Error,8,Non-Intersection,May,K: Killed,08:08:00,Motorist Lost Control - Other / Unknown,2012,Yes,No,Daylight,Straight - Level,Local Street,Dry,"Two-Way, Not Divided",None,No Special Feature,Coarse Asphalt,2 lanes,"34.7581568302, -79.4593028034"
1478,Vanceboro,Craven,Coastal,Residential,Mixed (30% To 70% Developed),FARM LIFE AVE,Rural,20 - 25  MPH,No Control Present,Clear,No,16,16-19,No,NA,With Traffic,O: No Injury,Travel Lane,White,Male,NA,NA,Missing,NA,0-5 mph,Unknown Injury,Unknown/Missing,NA,Passenger Car,No,19SEP2013,Thursday,Bicyclist Overtaking Motorist,17,Non-Intersection,September,O: No Injury,17:56:00,Bicyclist Overtaking - Parked Vehicle,2013,No,No,Daylight,Straight - Level,Local Street,Dry,"Two-Way, Not Divided",None,No Special Feature,Coarse Asphalt,2 lanes,"35.3001970267, -77.1510021324"
1488,High Point,Guilford,Piedmont,Residential,Urban (>70% Developed),FURLOUGH AV,Urban,30 - 35  MPH,No Control Present,Clear,No,10,6-10,No,NA,Not Applicable,C: Possible Injury,Driveway / Alley,Black,Male,35,30-39,No,NA,11-15 mph,O: No Injury,Black,Female,Passenger Car,No,25AUG2013,Sunday,Bicyclist Failed to Yield - Midblock,18,Non-Intersection,August,C: Possible Injury,18:05:00,Bicyclist Ride Out - Residential Driveway,2013,Yes,No,Daylight,Straight - Grade,Local Street,Dry,"Two-Way, Not Divided",None,No Special Feature,Smooth Asphalt,2 lanes,"35.9574170685, -79.9893030265"
1487,None - Rural Crash,Mecklenburg,Piedmont,Commercial,Urban (>70% Developed),N GRAHAM ST,Rural,30 - 35  MPH,Stop And Go Signal,Clear,No,30,30-39,No,NA,With Traffic,B: Evident Injury,Travel Lane,White,Male,21,20-24,No,NA,0-5 mph,O: No Injury,Black,Male,Passenger Car,No,22SEP2013,Sunday,Motorist Left Turn / Merge,11,Intersection,September,B: Evident Injury,11:37:00,Motorist Left Turn - Opposite Direction,2013,Yes,No,Daylight,Straight - Level,Local Street,Dry,"Two-Way, Not Divided",None,Four-Way Intersection,Smooth Asphalt,4 lanes,"35.2329368832, -80.8438032423"
1491,Asheville,Buncombe,Mountains,Commercial,Urban (>70% Developed),PVA 15 FUTURE DR,Urban,NA,No Control Present,Clear,No,13,11-15,No,NA,Not Applicable,B: Evident Injury,Non-Roadway,White,Male,17,0-19,No,NA,0-5 mph,O: No Injury,Hispanic,Male,Passenger Car,No,28AUG2013,Wednesday,Non-Roadway,8,Non-Roadway,August,B: Evident Injury,08:29:00,Non-Roadway,2013,Yes,No,Daylight,Curve - Level,Public Vehicular Area,Dry,"Two-Way, Not Divided",None,"Driveway, Public",Smooth Asphalt,2 lanes,"35.5704068918, -82.5188037585"
1860,Charlotte,Mecklenburg,Piedmont,Commercial,Urban (>70% Developed),NA,Urban,40 - 45  MPH,No Control Present,Clear,No,19,16-19,No,NA,With Traffic,B: Evident Injury,Sidewalk / Crosswalk / Driveway Crossing,Black,Female,55,50-59,No,NA,41-45 mph,O: No Injury,White,Female,Passenger Car,No,21MAR2012,Wednesday,Parallel Paths - Other Circumstances,16,Intersection-Related,March,B: Evident Injury,16:37:00,Bicyclist Ride Out - Parallel Path,2012,Yes,No,Daylight,Curve - Level,Local Street,Dry,"Two-Way, Divided, Unprotected Median",None,No Special Feature,Smooth Asphalt,2 lanes,"35.3044769027, -80.7231032101"
1903,None - Rural Crash,Wake,Piedmont,Residential,Urban (>70% Developed),NA,Rural,40 - 45  MPH,"Double Yellow Line, No Passing Zone",Clear,No,16,16-19,No,NA,Facing Traffic,A: Disabling Injury,Bike Lane / Paved Shoulder,Black,Male,21,20-24,No,NA,41-45 mph,O: No Injury,Black,Female,Passenger Car,No,07APR2012,Saturday,Loss of Control / Turning Error,15,Non-Intersection,April,A: Disabling Injury,15:57:00,Motorist Lost Control - Other / Unknown,2012,Yes,No,Daylight,Curve - Level,State Secondary Route,Dry,"Two-Way, Not Divided",None,"Driveway, Private",Smooth Asphalt,2 lanes,"35.7387970736, -78.5490025795"
1864,Durham,Durham,Piedmont,Commercial,Urban (>70% Developed),NA,Urban,30 - 35  MPH,No Control Present,Clear,No,11,11-15,No,NA,Facing Traffic,B: Evident Injury,Sidewalk / Crosswalk / Driveway Crossing,Hispanic,Male,30,30-39,No,NA,26-30 mph,O: No Injury,Hispanic,Male,Passenger Car,No,20MAR2012,Tuesday,Parallel Paths - Other Circumstances,18,Non-Intersection,March,B: Evident Injury,18:50:00,Bicyclist Ride Out - Parallel Path,2012,Yes,No,Daylight,Straight - Level,Local Street,Dry,"Two-Way, Not Divided",None,No Special Feature,Smooth Asphalt,2 lanes,"35.9902971166, -78.8689026893"
1858,Albemarle,Stanly,Piedmont,Commercial,Urban (>70% Developed),NA,Urban,40 - 45  MPH,Stop And Go Signal,Clear,No,14,11-15,No,NA,With Traffic,B: Evident Injury,Travel Lane,White,Male,70+,70+,No,NA,31-35 mph,C: Possible Injury,White,Female,Passenger Car,No,06MAR2012,Tuesday,Motorist Overtaking Bicyclist,23,Intersection-Related,March,B: Evident Injury,23:16:00,Motorist Overtaking - Other / Unknown,2012,Yes,No,Dark - Lighted Roadway,Straight - Level,Local Street,Dry,"Two-Way, Divided, Unprotected Median",None,Four-Way Intersection,Coarse Asphalt,5 lanes,"35.3537769341, -80.1668030469"
1853,None - Rural Crash,Johnston,Coastal,Residential,Urban (>70% Developed),NA,Rural,50 - 55  MPH,Stop Sign,Clear,No,48,40-49,Yes,NA,Facing Traffic,B: Evident Injury,Travel Lane,Black,Male,30,30-39,No,NA,6-10 mph,O: No Injury,Black,Female,Passenger Car,Yes,17MAR2012,Saturday,Bicyclist Failed to Yield - Sign-Controlled Intersection,18,Intersection,March,B: Evident Injury,18:40:00,Bicyclist Ride Through - Sign-Controlled Intersection,2012,Yes,No,Daylight,Straight - Level,NC Route,Dry,"Two-Way, Not Divided",None,T-Intersection,Coarse Asphalt,2 lanes,"35.5112770304, -78.3966025215"
1899,Wilmington,New Hanover,Coastal,Institutional,Urban (>70% Developed),NA,Urban,5 - 15 MPH,No Control Present,Clear,No,64,60-69,No,NA,With Traffic,B: Evident Injury,Sidewalk / Crosswalk / Driveway Crossing,White,Male,21,20-24,No,NA,0-5 mph,O: No Injury,White,Female,Passenger Car,No,10APR2012,Tuesday,Motorist Right Turn / Merge,12,Non-Intersection,April,B: Evident Injury,12:49:00,Motorist Right Turn - Same Direction,2012,Yes,No,Daylight,Straight - Grade,Local Street,Dry,"Two-Way, Not Divided",None,No Special Feature,Smooth Asphalt,2 lanes,"34.2290867675, -77.8732023"
1886,Charlotte,Mecklenburg,Piedmont,Commercial,Mixed (30% To 70% Developed),NA,Urban,30 - 35  MPH,Stop And Go Signal,Clear,No,10,6-10,No,NA,Facing Traffic,O: No Injury,Multi-use Path,Black,Male,26,25-29,No,NA,0-5 mph,O: No Injury,White,Female,Passenger Car,No,05APR2012,Thursday,Crossing Paths - Other Circumstances,13,Intersection,April,O: No Injury,13:00:00,Signalized Intersection - Other / Unknown,2012,Yes,No,Daylight,Straight - Hillcrest,Local Street,Dry,"Two-Way, Not Divided",None,No Special Feature,Coarse Asphalt,3 lanes,"35.1378368619, -80.8793032481"
1880,Jacksonville,Onslow,Coastal,Residential,Urban (>70% Developed),NA,Urban,NA,No Control Present,Rain,No,19,16-19,No,NA,NA,B: Evident Injury,NA,Black,Male,NA,NA,Missing,NA,NA,Unknown Injury,Unknown/Missing,NA,NA,No,03MAR2012,Saturday,Other / Unknown - Insufficient Details,21,Non-Intersection,March,B: Evident Injury,21:45:00,Unknown Approach Paths,2012,Yes,Yes,Dark - Unknown Lighting,Straight - Level,Local Street,Wet,"Two-Way, Not Divided",None,No Special Feature,Coarse Asphalt,2 lanes,"34.780266904, -77.4293021911"
1901,None - Rural Crash,Orange,Piedmont,Residential,Mixed (30% To 70% Developed),NA,Rural,40 - 45  MPH,Stop Sign,Clear,No,34,30-39,No,NA,With Traffic,B: Evident Injury,Travel Lane,Other,Male,41,40-49,No,NA,31-35 mph,O: No Injury,Black,Female,Passenger Car,No,26MAR2012,Monday,Motorist Right Turn / Merge,19,Intersection,March,B: Evident Injury,19:34:00,Motorist Right Turn - Same Direction,2012,Yes,No,Daylight,Straight - Grade,State Secondary Route,Dry,"Two-Way, Not Divided",None,T-Intersection,Smooth Asphalt,2 lanes,"35.9813171095, -78.9980027285"
2346,None - Rural Crash,Robeson,Coastal,"Farms, Woods, Pastures",Rural (<30% Developed),NA,Rural,50 - 55  MPH,No Control Present,Cloudy,No,40,40-49,No,NA,With Traffic,C: Possible Injury,Bike Lane / Paved Shoulder,Native American,Male,NA,NA,No,NA,51-55 mph,Unknown Injury,Unknown/Missing,NA,NA,No,24AUG2012,Friday,Motorist Overtaking Bicyclist,17,Non-Intersection,August,C: Possible Injury,17:03:00,Motorist Overtaking - Other / Unknown,2012,Yes,Yes,Daylight,Straight - Level,State Secondary Route,Wet,"Two-Way, Not Divided",None,No Special Feature,Coarse Asphalt,2 lanes,"34.7317668321, -79.2363027354"
2347,Greensboro,Guilford,Piedmont,Commercial,Urban (>70% Developed),NA,Urban,30 - 35  MPH,Stop And Go Signal,Clear,No,32,30-39,No,NA,Facing Traffic,C: Possible Injury,Travel Lane,White,Male,NA,NA,No,NA,6-10 mph,O: No Injury,Unknown/Missing,NA,Passenger Car,No,23AUG2012,Thursday,Crossing Paths - Other Circumstances,21,Intersection,August,C: Possible Injury,21:10:00,Signalized Intersection - Other / Unknown,2012,Yes,Yes,Dark - Lighted Roadway,Straight - Level,Local Street,Dry,"Two-Way, Not Divided",None,No Special Feature,Smooth Asphalt,5 lanes,"36.0766970978, -79.8977030053"
2351,Raleigh,Wake,Piedmont,Residential,Urban (>70% Developed),NA,Urban,30 - 35  MPH,No Control Present,Clear,No,43,40-49,Yes,NA,Not Applicable,A: Disabling Injury,Bike Lane / Paved Shoulder,Hispanic,Male,28,25-29,No,NA,31-35 mph,O: No Injury,Black,Male,Passenger Car,Yes,27AUG2012,Monday,Bicyclist Failed to Yield - Midblock,19,Non-Intersection,August,A: Disabling Injury,19:20:00,Bicyclist Ride Out - Other Midblock,2012,Yes,No,Daylight,Straight - Level,Local Street,Dry,"Two-Way, Divided, Unprotected Median",None,No Special Feature,Smooth Asphalt,2 lanes,"35.7820770782, -78.6938026261"
2363,Wilson,Wilson,Coastal,Commercial,Urban (>70% Developed),NA,Urban,5 - 15 MPH,No Control Present,Cloudy,No,28,25-29,No,NA,With Traffic,B: Evident Injury,Sidewalk / Crosswalk / Driveway Crossing,Black,Male,43,40-49,No,NA,0-5 mph,O: No Injury,White,Female,Passenger Car,No,31JUL2012,Tuesday,Motorist Failed to Yield - Sign-Controlled Intersection,11,Intersection,July,B: Evident Injury,11:33:00,Motorist Drive Out - Sign-Controlled Intersection,2012,Yes,No,Daylight,Straight - Level,NA,Dry,"Two-Way, Not Divided",None,"Driveway, Public",Concrete,NA,"35.7212470916, -77.9238023889"
2345,Greensboro,Guilford,Piedmont,Residential,Urban (>70% Developed),NA,Urban,30 - 35  MPH,No Control Present,Clear,No,15,11-15,No,NA,With Traffic,B: Evident Injury,Sidewalk / Crosswalk / Driveway Crossing,Black,Male,30,30-39,No,NA,31-35 mph,O: No Injury,White,Male,Pickup,No,24AUG2012,Friday,Parallel Paths - Other Circumstances,10,Non-Intersection,August,B: Evident Injury,10:46:00,Bicyclist Ride Out - Parallel Path,2012,Yes,No,Daylight,Straight - Level,Local Street,Dry,"Two-Way, Not Divided",None,No Special Feature,Smooth Asphalt,2 lanes,"36.1215871122, -79.7626029667"
2339,Roanoke Rapids,Halifax,Coastal,Residential,Urban (>70% Developed),NA,Urban,20 - 25  MPH,Stop Sign,Clear,No,15,11-15,No,NA,With Traffic,B: Evident Injury,Sidewalk / Crosswalk / Driveway Crossing,White,Male,17,0-19,No,NA,21-25 mph,O: No Injury,White,Male,Passenger Car,No,16AUG2012,Thursday,Motorist Left Turn / Merge,20,Intersection,August,B: Evident Injury,20:41:00,Motorist Left Turn - Opposite Direction,2012,Yes,No,Dark - Lighted Roadway,Straight - Level,NC Route,Dry,"Two-Way, Not Divided",None,Related To Intersection,Concrete,5 lanes,"36.466127261, -77.6520023455"
2336,Mint Hill,Mecklenburg,Piedmont,Residential,Urban (>70% Developed),NA,Urban,20 - 25  MPH,No Control Present,Clear,No,14,11-15,No,NA,With Traffic,O: No Injury,Bike Lane / Paved Shoulder,Black,Male,18,0-19,No,NA,21-25 mph,O: No Injury,Hispanic,Male,Pickup,No,17AUG2012,Friday,Bicyclist Left Turn / Merge,14,Non-Intersection,August,O: No Injury,14:58:00,Bicyclist Left Turn - Same Direction,2012,No,No,Daylight,Straight - Level,State Secondary Route,Dry,"Two-Way, Not Divided",None,No Special Feature,Smooth Asphalt,2 lanes,"35.2028568825, -80.6852031935"
2332,Hickory,Catawba,Piedmont,Residential,Urban (>70% Developed),NA,Urban,20 - 25  MPH,Stop And Go Signal,Clear,No,45,40-49,No,NA,With Traffic,B: Evident Injury,Travel Lane,Black,Male,53,50-59,No,NA,16-20 mph,O: No Injury,Black,Male,Pickup,No,11AUG2012,Saturday,Motorist Right Turn / Merge,17,Intersection,August,B: Evident Injury,17:30:00,Motorist Right Turn - Same Direction,2012,Yes,No,Daylight,Straight - Level,Local Street,Dry,"Two-Way, Not Divided",None,Four-Way Intersection,Smooth Asphalt,2 lanes,"35.7236169691, -81.3386034176"
2348,Morehead City,Carteret,Coastal,Commercial,Urban (>70% Developed),NA,Urban,40 - 45  MPH,No Control Present,Clear,No,53,50-59,No,NA,With Traffic,C: Possible Injury,Travel Lane,White,Male,65,60-69,No,NA,31-35 mph,O: No Injury,Black,Male,Pickup,No,20JUL2012,Friday,Motorist Overtaking Bicyclist,11,Non-Intersection,July,C: Possible Injury,11:50:00,Motorist Overtaking - Other / Unknown,2012,Yes,No,Daylight,Straight - Grade,US Route,Dry,"Two-Way, Not Divided",None,Bridge,Concrete,2 lanes,"34.7209269145, -76.6928019647"
2433,None - Rural Crash,Cumberland,Coastal,Residential,Urban (>70% Developed),NA,Rural,40 - 45  MPH,No Control Present,Cloudy,No,18,16-19,No,NA,Not Applicable,B: Evident Injury,Non-Roadway,Hispanic,Male,NA,NA,Missing,NA,31-35 mph,Unknown Injury,Unknown/Missing,NA,Passenger Car,No,18SEP2012,Tuesday,Bicyclist Failed to Yield - Midblock,14,Non-Intersection,September,B: Evident Injury,14:31:00,Bicyclist Ride Out - Other Midblock,2012,Yes,Yes,Daylight,Straight - Level,State Secondary Route,Dry,"Two-Way, Not Divided",None,No Special Feature,Smooth Asphalt,2 lanes,"35.0191369052, -78.9402026598"
2444,Wilmington,New Hanover,Coastal,Industrial,Urban (>70% Developed),NA,Urban,40 - 45  MPH,No Control Present,Clear,No,20,20-24,No,NA,Facing Traffic,B: Evident Injury,Sidewalk / Crosswalk / Driveway Crossing,White,Female,27,25-29,No,NA,0-5 mph,O: No Injury,White,Male,Passenger Car,No,13SEP2012,Thursday,Motorist Failed to Yield - Midblock,12,Non-Intersection,September,B: Evident Injury,12:21:00,Motorist Drive Out - Commercial Driveway / Alley,2012,No,No,Daylight,Straight - Level,Local Street,Dry,"Two-Way, Not Divided",None,No Special Feature,Coarse Asphalt,3 lanes,"34.2315967679, -77.8796023012"
2438,Durham,Durham,Piedmont,Commercial,Mixed (30% To 70% Developed),NA,Urban,30 - 35  MPH,Stop And Go Signal,Clear,No,33,30-39,No,NA,With Traffic,C: Possible Injury,Travel Lane,Hispanic,Male,50,50-59,No,NA,36-40 mph,O: No Injury,White,Male,Passenger Car,No,22SEP2012,Saturday,Crossing Paths - Other Circumstances,0,Intersection,September,C: Possible Injury,00:12:00,Signalized Intersection - Other / Unknown,2012,Yes,No,Dark - Roadway Not Lighted,Straight - Level,Local Street,Dry,"Two-Way, Not Divided",None,No Special Feature,Smooth Asphalt,2 lanes,"35.9808771135, -78.8822026928"
2455,Raleigh,Wake,Piedmont,Commercial,Urban (>70% Developed),NA,Urban,40 - 45  MPH,No Control Present,Clear,No,46,40-49,No,NA,With Traffic,A: Disabling Injury,Travel Lane,Black,Male,29,25-29,No,NA,36-40 mph,O: No Injury,White,Male,"Single Unit Truck (2-Axle, 6-Tire)",No,24SEP2012,Monday,Motorist Overtaking Bicyclist,14,Non-Intersection,September,A: Disabling Injury,14:05:00,Motorist Overtaking - Other / Unknown,2012,Yes,No,Daylight,Straight - Level,NC Route,Dry,"Two-Way, Divided, Unprotected Median",None,No Special Feature,Smooth Asphalt,6 lanes,"35.8577770994, -78.5530025873"
2430,Charlotte,Mecklenburg,Piedmont,Residential,Urban (>70% Developed),NA,Urban,30 - 35  MPH,No Control Present,Clear,No,52,50-59,No,NA,With Traffic,C: Possible Injury,Travel Lane,White,Male,53,50-59,No,NA,16-20 mph,O: No Injury,White,Female,Passenger Car,No,12SEP2012,Wednesday,Motorist Left Turn / Merge,14,Intersection,September,C: Possible Injury,14:38:00,Motorist Left Turn - Opposite Direction,2012,Yes,No,Daylight,Straight - Level,Local Street,Dry,"Two-Way, Divided, Positive Median Barrier",None,No Special Feature,Coarse Asphalt,4 lanes,"35.1948868755, -80.8278032354"
2421,Greenville,Pitt,Coastal,Commercial,Urban (>70% Developed),NA,Urban,30 - 35  MPH,No Control Present,Clear,No,25,25-29,No,NA,With Traffic,C: Possible Injury,Travel Lane,Black,Male,20,20-24,No,NA,11-15 mph,C: Possible Injury,White,Male,Passenger Car,No,14SEP2012,Friday,Motorist Left Turn / Merge,12,Intersection,September,C: Possible Injury,12:38:00,Motorist Left Turn - Opposite Direction,2012,Yes,No,Daylight,Straight - Level,Local Street,Dry,"Two-Way, Divided, Unprotected Median",None,No Special Feature,Coarse Asphalt,5 lanes,"35.602717085, -77.3752022153"
2432,Mooresville,Iredell,Piedmont,Commercial,Urban (>70% Developed),NA,Urban,40 - 45  MPH,No Control Present,Clear,No,44,40-49,No,NA,With Traffic,C: Possible Injury,Travel Lane,Hispanic,Male,47,40-49,No,NA,36-40 mph,O: No Injury,White,Male,Passenger Car,No,06SEP2012,Thursday,Motorist Overtaking Bicyclist,19,Non-Intersection,September,C: Possible Injury,19:56:00,Motorist Overtaking - Other / Unknown,2012,Yes,No,Dusk,Curve - Grade,Local Street,Dry,"Two-Way, Not Divided",None,No Special Feature,Smooth Asphalt,2 lanes,"35.6047269617, -80.862903269"
2424,Charlotte,Mecklenburg,Piedmont,Commercial,Urban (>70% Developed),NA,Urban,40 - 45  MPH,Stop Sign,Clear,No,44,40-49,No,NA,With Traffic,B: Evident Injury,Travel Lane,Black,Male,30,30-39,No,NA,21-25 mph,O: No Injury,Black,Male,Commercial Bus,No,09JUL2012,Monday,Loss of Control / Turning Error,19,Intersection,July,B: Evident Injury,19:59:00,Bicyclist Lost Control - Other / Unknown,2012,No,No,Daylight,Straight - Level,Local Street,Dry,"Two-Way, Not Divided",None,No Special Feature,Smooth Asphalt,1 lane,"35.2243168803, -80.8886032552"
2437,None - Rural Crash,Cumberland,Coastal,Residential,Mixed (30% To 70% Developed),NA,Rural,NA,No Control Present,Clear,No,49,40-49,No,NA,With Traffic,C: Possible Injury,Travel Lane,White,Male,48,40-49,No,NA,0-5 mph,O: No Injury,White,Male,Sport Utility,No,22SEP2012,Saturday,Backing Vehicle,9,Non-Intersection,September,C: Possible Injury,09:07:00,Backing Vehicle,2012,No,No,Daylight,Straight - Level,US Route,Dry,"Two-Way, Not Divided",None,"Driveway, Private",Smooth Asphalt,2 lanes,"35.1230469341, -78.7408026059"
2554,Gastonia,Gaston,Piedmont,Residential,Urban (>70% Developed),NA,Urban,20 - 25  MPH,No Control Present,Clear,No,36,30-39,No,NA,With Traffic,C: Possible Injury,Travel Lane,Black,Male,NA,NA,Missing,NA,21-25 mph,Unknown Injury,Unknown/Missing,NA,NA,No,07OCT2012,Sunday,Motorist Failed to Yield - Sign-Controlled Intersection,19,Intersection,October,C: Possible Injury,19:28:00,Motorist Drive Through - Sign-Controlled Intersection,2012,No,Yes,Dark - Lighted Roadway,Straight - Level,Local Street,Dry,"Two-Way, Not Divided",None,No Special Feature,Smooth Asphalt,2 lanes,"35.2576068756, -81.2109033528"
2532,Emerald Isle,Carteret,Coastal,Commercial,Urban (>70% Developed),NA,Rural,40 - 45  MPH,Stop And Go Signal,Clear,No,61,60-69,No,NA,With Traffic,O: No Injury,Sidewalk / Crosswalk / Driveway Crossing,White,Female,23,20-24,No,NA,21-25 mph,O: No Injury,White,Female,Sport Utility,No,07OCT2012,Sunday,Bicyclist Failed to Yield - Signalized Intersection,11,Intersection,October,O: No Injury,11:55:00,Bicyclist Ride Out - Signalized  Intersection,2012,No,No,Daylight,Straight - Level,NC Route,Dry,"Two-Way, Not Divided",None,No Special Feature,Smooth Asphalt,9 or more lanes,"34.6618268897, -77.0490020702"
2544,Charlotte,Mecklenburg,Piedmont,Commercial,Urban (>70% Developed),NA,Urban,30 - 35  MPH,Stop And Go Signal,Clear,No,55,50-59,No,NA,Facing Traffic,C: Possible Injury,Travel Lane,Black,Male,25,25-29,Missing,NA,0-5 mph,Unknown Injury,Black,Female,NA,No,20OCT2012,Saturday,Crossing Paths - Other Circumstances,19,Intersection,October,C: Possible Injury,19:59:00,Signalized Intersection - Other / Unknown,2012,Yes,Yes,Dark - Lighted Roadway,Straight - Level,Local Street,Dry,"Two-Way, Divided, Unprotected Median",None,No Special Feature,Smooth Asphalt,4 lanes,"35.2124968774, -80.8931032559"