object_id,city,county,region,development,locality,on_road,rural_urban,speed_limit,traffic_control,weather,workzone,bike_age,bike_age_group,bike_alcohol,bike_alcohol_drugs,bike_direction,bike_injury,bike_position,bike_race,bike_sex,driver_age,driver_age_group,driver_alcohol,driver_alcohol_drugs,driver_est_speed,driver_injury,driver_race,driver_sex,driver_vehicle_type,crash_alcohol,crash_date,crash_day,crash_group,crash_hour,crash_location,crash_month,crash_severity,crash_time,crash_type,crash_year,ambulance_req,hit_run,light_condition,road_character,road_class,road_condition,road_configuration,road_defects,road_feature,road_surface,num_lanes,geo_point
2550,Raleigh,Wake,Piedmont,Commercial,Urban (>70% Developed),NA,Urban,30 - 35  MPH,Stop And Go Signal,Clear,No,34,30-39,No,NA,With Traffic,C: Possible Injury,Travel Lane,Black,Male,21,20-24,No,NA,16-20 mph,O: No Injury,White,Male,Passenger Car,No,20OCT2012,Saturday,Bicyclist Failed to Yield - Signalized Intersection,15,Intersection,October,C: Possible Injury,15:55:00,Bicyclist Ride Through - Signalized Intersection,2012,No,No,Daylight,Straight - Level,Local Street,Dry,"Two-Way, Divided, Unprotected Median",None,Four-Way Intersection,Smooth Asphalt,5 lanes,"35.8394270923, -78.6424026132"
2571,Wilmington,New Hanover,Coastal,Commercial,Urban (>70% Developed),NA,Urban,30 - 35  MPH,No Control Present,Clear,No,22,20-24,No,NA,With Traffic,B: Evident Injury,Travel Lane,White,Male,NA,NA,No,NA,11-15 mph,Unknown Injury,Unknown/Missing,NA,NA,No,21OCT2012,Sunday,Motorist Failed to Yield - Midblock,15,Non-Intersection,October,B: Evident Injury,15:51:00,Motorist Drive Out - Commercial Driveway / Alley,2012,Yes,Yes,Daylight,Straight - Level,Local Street,Dry,"Two-Way, Not Divided",None,No Special Feature,Coarse Asphalt,2 lanes,"34.2353667685, -77.8703022996"
2540,Kinston,Lenoir,Coastal,Residential,Urban (>70% Developed),NA,Urban,30 - 35  MPH,Stop Sign,Clear,No,46,40-49,Yes,NA,With Traffic,C: Possible Injury,Travel Lane,Black,Male,40,40-49,No,NA,0-5 mph,O: No Injury,Black,Male,Sport Utility,Yes,16OCT2012,Tuesday,Motorist Failed to Yield - Sign-Controlled Intersection,21,Intersection,October,C: Possible Injury,21:49:00,Motorist Drive Out - Sign-Controlled Intersection,2012,Yes,No,Dark - Lighted Roadway,Straight - Level,Local Street,Dry,"Two-Way, Not Divided",None,Four-Way Intersection,Coarse Asphalt,4 lanes,"35.2650870049, -77.5666022567"
2553,Burlington,Alamance,Piedmont,Residential,Urban (>70% Developed),NA,Urban,30 - 35  MPH,No Control Present,Clear,No,52,50-59,Yes,NA,With Traffic,C: Possible Injury,Travel Lane,Black,Male,62,60-69,No,NA,31-35 mph,O: No Injury,Black,Male,Passenger Car,Yes,12OCT2012,Friday,Loss of Control / Turning Error,20,Intersection-Related,October,C: Possible Injury,20:57:00,Motorist Turning Error - Left Turn,2012,Yes,No,Dark - Roadway Not Lighted,Straight - Level,Local Street,Dry,"Two-Way, Not Divided",None,No Special Feature,Coarse Asphalt,2 lanes,"36.1020471198, -79.4318028667"
2558,Durham,Durham,Piedmont,Residential,Urban (>70% Developed),NA,Urban,30 - 35  MPH,Stop Sign,Clear,No,10,6-10,No,NA,With Traffic,A: Disabling Injury,Travel Lane,Black,Male,31,30-39,No,NA,21-25 mph,O: No Injury,Black,Female,Sport Utility,No,23OCT2012,Tuesday,Bicyclist Failed to Yield - Sign-Controlled Intersection,17,Intersection,October,A: Disabling Injury,17:32:00,Bicyclist Ride Through - Sign-Controlled Intersection,2012,Yes,No,Daylight,Straight - Grade,Local Street,Dry,"Two-Way, Not Divided",None,No Special Feature,Coarse Asphalt,2 lanes,"35.9632671097, -78.8857026931"
2566,Wilmington,New Hanover,Coastal,Residential,Urban (>70% Developed),NA,Urban,20 - 25  MPH,Stop Sign,Clear,No,21,20-24,No,NA,With Traffic,C: Possible Injury,Travel Lane,Hispanic,Male,19,0-19,No,NA,21-25 mph,O: No Injury,White,Male,Passenger Car,No,06OCT2012,Saturday,Loss of Control / Turning Error,20,Intersection,October,C: Possible Injury,20:03:00,Motorist Lost Control - Other / Unknown,2012,Yes,No,Dark - Lighted Roadway,Straight - Level,Local Street,Dry,"Two-Way, Not Divided",None,Four-Way Intersection,Smooth Asphalt,4 lanes,"34.2293467654, -77.929302317"
2529,Wilson,Wilson,Coastal,Commercial,Urban (>70% Developed),NA,Urban,40 - 45  MPH,Stop Sign,Cloudy,No,36,30-39,No,NA,Facing Traffic,C: Possible Injury,Travel Lane,White,Female,67,60-69,Yes,NA,21-25 mph,O: No Injury,White,Male,Pickup,Yes,28SEP2012,Friday,Motorist Failed to Yield - Sign-Controlled Intersection,18,Intersection,September,C: Possible Injury,18:16:00,Motorist Drive Out - Sign-Controlled Intersection,2012,Yes,No,Dusk,Straight - Level,Local Street,Dry,"Two-Way, Not Divided",None,T-Intersection,Smooth Asphalt,5 lanes,"35.7090870883, -77.9466023955"
2583,Greenville,Pitt,Coastal,Commercial,Urban (>70% Developed),NA,Urban,30 - 35  MPH,Stop And Go Signal,Rain,No,NA,NA,No,NA,Facing Traffic,C: Possible Injury,Sidewalk / Crosswalk / Driveway Crossing,Black,Male,NA,NA,Missing,NA,0-5 mph,Unknown Injury,Unknown/Missing,NA,Passenger Car,No,27OCT2012,Saturday,Crossing Paths - Other Circumstances,20,Intersection,October,C: Possible Injury,20:28:00,Signalized Intersection - Other / Unknown,2012,No,Yes,Dark - Lighted Roadway,Straight - Level,Local Street,"Water (Standing, Moving)","Two-Way, Divided, Unprotected Median",None,Four-Way Intersection,Coarse Asphalt,4 lanes,"35.591807082, -77.3895022191"
2593,Charlotte,Mecklenburg,Piedmont,Residential,Urban (>70% Developed),NA,Urban,20 - 25  MPH,No Control Present,Clear,No,11,11-15,No,NA,With Traffic,C: Possible Injury,Travel Lane,Black,Male,38,30-39,No,NA,16-20 mph,C: Possible Injury,White,Female,Passenger Car,No,05NOV2012,Monday,Bicyclist Failed to Yield - Sign-Controlled Intersection,16,Intersection,November,C: Possible Injury,16:35:00,Bicyclist Ride Through - Sign-Controlled Intersection,2012,Yes,No,Daylight,Straight - Level,Local Street,Dry,"Two-Way, Not Divided",None,No Special Feature,Smooth Asphalt,2 lanes,"35.2298768836, -80.8134032334"
2591,Charlotte,Mecklenburg,Piedmont,Commercial,Urban (>70% Developed),NA,Urban,20 - 25  MPH,Stop Sign,Clear,No,39,30-39,No,NA,With Traffic,O: No Injury,Travel Lane,White,Male,23,20-24,No,NA,0-5 mph,O: No Injury,White,Female,Passenger Car,No,04NOV2012,Sunday,Motorist Failed to Yield - Sign-Controlled Intersection,0,Intersection,November,O: No Injury,00:51:00,Motorist Drive Out - Sign-Controlled Intersection,2012,Yes,No,Dark - Unknown Lighting,Straight - Level,Local Street,Dry,"Two-Way, Not Divided",None,No Special Feature,Smooth Asphalt,2 lanes,"35.2151268808, -80.8155032329"
2597,Wrightsville Beach,New Hanover,Coastal,Residential,Urban (>70% Developed),NA,Rural,30 - 35  MPH,No Control Present,Clear,No,43,40-49,No,NA,With Traffic,Unknown Injury,Travel Lane,Unknown/Missing,NA,59,50-59,No,NA,11-15 mph,O: No Injury,White,Female,Passenger Car,No,17OCT2012,Wednesday,Motorist Left Turn / Merge,17,Intersection,October,O: No Injury,17:34:00,Motorist Left Turn - Opposite Direction,2012,No,No,Dusk,Straight - Level,Local Street,Dry,"Two-Way, Not Divided",None,No Special Feature,Smooth Asphalt,5 lanes,"34.2141267662, -77.8061022782"
2600,None - Rural Crash,Davidson,Piedmont,"Farms, Woods, Pastures",Rural (<30% Developed),NA,Rural,40 - 45  MPH,No Control Present,Cloudy,No,57,50-59,Yes,NA,With Traffic,B: Evident Injury,Travel Lane,Asian,Male,70+,70+,No,NA,36-40 mph,O: No Injury,Black,Male,Van,Yes,06NOV2012,Tuesday,Motorist Overtaking Bicyclist,10,Non-Intersection,November,B: Evident Injury,10:16:00,Motorist Overtaking - Bicyclist Swerved,2012,Yes,No,Daylight,Curve - Level,NC Route,Dry,"Two-Way, Not Divided",None,No Special Feature,Smooth Asphalt,4 lanes,"35.7627470176, -80.2635030983"
2604,Raleigh,Wake,Piedmont,Commercial,Mixed (30% To 70% Developed),NA,Urban,30 - 35  MPH,Stop And Go Signal,Clear,No,28,25-29,No,NA,With Traffic,C: Possible Injury,Travel Lane,White,Male,17,0-19,No,NA,16-20 mph,O: No Injury,White,Female,Sport Utility,No,03NOV2012,Saturday,Motorist Left Turn / Merge,13,Intersection,November,C: Possible Injury,13:51:00,Motorist Left Turn - Opposite Direction,2012,Yes,No,Daylight,Straight - Level,Local Street,Dry,"Two-Way, Not Divided",None,Four-Way Intersection,Coarse Asphalt,3 lanes,"35.7886470814, -78.6510026134"
2606,Raleigh,Wake,Piedmont,Commercial,Urban (>70% Developed),NA,Urban,30 - 35  MPH,No Control Present,Clear,No,63,60-69,No,NA,With Traffic,B: Evident Injury,Travel Lane,White,Male,36,30-39,No,NA,6-10 mph,O: No Injury,White,Male,Passenger Car,No,07NOV2012,Wednesday,Motorist Left Turn / Merge,15,Intersection-Related,November,B: Evident Injury,15:53:00,Motorist Left Turn - Opposite Direction,2012,Yes,No,Daylight,Straight - Level,NA,Dry,"Two-Way, Not Divided",None,No Special Feature,Smooth Asphalt,2 lanes,"35.7930670805, -78.6841026236"
2605,Raleigh,Wake,Piedmont,Residential,Urban (>70% Developed),NA,Urban,5 - 15 MPH,No Control Present,Clear,No,8,6-10,No,NA,Not Applicable,O: No Injury,Non-Roadway,White,Female,37,30-39,No,NA,0-5 mph,O: No Injury,White,Male,"Light Truck (Mini-Van, Panel)",No,03NOV2012,Saturday,Non-Roadway,17,Non-Roadway,November,O: No Injury,17:30:00,Non-Roadway,2012,Yes,No,Daylight,Straight - Level,"Private Road, Driveway",Dry,"Two-Way, Not Divided",None,"Driveway, Private",Smooth Asphalt,2 lanes,"35.9560871208, -78.543902589"
2612,Charlotte,Mecklenburg,Piedmont,Commercial,Urban (>70% Developed),NA,Urban,30 - 35  MPH,Stop And Go Signal,Clear,No,17,16-19,No,NA,Facing Traffic,C: Possible Injury,Sidewalk / Crosswalk / Driveway Crossing,Black,Male,NA,NA,Missing,NA,31-35 mph,Unknown Injury,Unknown/Missing,NA,NA,No,10NOV2012,Saturday,Crossing Paths - Other Circumstances,12,Intersection,November,C: Possible Injury,12:44:00,Signalized Intersection - Other / Unknown,2012,Yes,Yes,Daylight,Straight - Level,Local Street,Dry,"Two-Way, Divided, Unprotected Median",None,No Special Feature,Smooth Asphalt,4 lanes,"35.2160668787, -80.8836032532"
2646,Hendersonville,Henderson,Mountains,Commercial,Urban (>70% Developed),NA,Urban,30 - 35  MPH,No Control Present,Clear,No,70+,70+,No,NA,With Traffic,A: Disabling Injury,Bike Lane / Paved Shoulder,White,Male,32,30-39,No,NA,31-35 mph,O: No Injury,Black,Male,Passenger Car,No,29OCT2012,Monday,Motorist Overtaking Bicyclist,19,Non-Intersection,October,A: Disabling Injury,19:16:00,Motorist Overtaking - Other / Unknown,2012,Yes,No,Dark - Lighted Roadway,Straight - Level,Local Street,Dry,"Two-Way, Divided, Unprotected Median",None,No Special Feature,Coarse Asphalt,5 lanes,"35.3364168454, -82.4459037229"
2625,Greenville,Pitt,Coastal,Commercial,Urban (>70% Developed),NA,Urban,40 - 45  MPH,No Control Present,Rain,No,48,40-49,No,NA,Facing Traffic,A: Disabling Injury,Travel Lane,Black,Male,56,50-59,No,NA,36-40 mph,O: No Injury,Black,Female,Van,No,07NOV2012,Wednesday,Bicyclist Failed to Yield - Sign-Controlled Intersection,18,Intersection-Related,November,A: Disabling Injury,18:49:00,Bicyclist Ride Through - Sign-Controlled Intersection,2012,Yes,No,Dark - Lighted Roadway,Straight - Level,Local Street,Wet,"Two-Way, Not Divided",None,No Special Feature,Coarse Asphalt,5 lanes,"35.598497084, -77.3912022197"
2638,None - Rural Crash,Cleveland,Mountains,"Farms, Woods, Pastures",Rural (<30% Developed),NA,Rural,50 - 55  MPH,"Double Yellow Line, No Passing Zone",Clear,No,59,50-59,No,NA,With Traffic,C: Possible Injury,Travel Lane,White,Male,55,50-59,No,NA,51-55 mph,O: No Injury,White,Male,Pickup,No,19NOV2012,Monday,Motorist Overtaking Bicyclist,17,Non-Intersection,November,C: Possible Injury,17:11:00,Motorist Overtaking - Other / Unknown,2012,Yes,No,Dusk,Straight - Grade,State Secondary Route,Dry,"Two-Way, Not Divided",None,No Special Feature,Smooth Asphalt,9 or more lanes,"35.2683368619, -81.6386034805"
2621,Gastonia,Gaston,Piedmont,Residential,Urban (>70% Developed),NA,Urban,30 - 35  MPH,Stop And Go Signal,Clear,No,54,50-59,No,NA,Facing Traffic,Unknown Injury,Travel Lane,Black,Male,NA,NA,Missing,NA,0-5 mph,Unknown Injury,Unknown/Missing,NA,Sport Utility,No,24OCT2012,Wednesday,Motorist Failed to Yield - Signalized Intersection,9,Intersection,October,Unknown Injury,09:55:00,Motorist Drive Out - Right Turn on Red,2012,No,Yes,Daylight,Straight - Level,Local Street,Dry,"Two-Way, Not Divided",NA,Four-Way Intersection,Smooth Asphalt,2 lanes,"35.2702768774, -81.2226033573"
2614,None - Rural Crash,New Hanover,Coastal,Residential,Mixed (30% To 70% Developed),NA,Rural,40 - 45  MPH,No Control Present,Clear,No,23,20-24,No,NA,Facing Traffic,C: Possible Injury,Travel Lane,White,Male,70+,70+,No,NA,0-5 mph,O: No Injury,White,Male,Van,No,11NOV2012,Sunday,Motorist Failed to Yield - Midblock,10,Non-Intersection,November,C: Possible Injury,10:35:00,Motorist Drive Out - Commercial Driveway / Alley,2012,Yes,No,Daylight,Straight - Level,US Route,Dry,"Two-Way, Divided, Unprotected Median",None,"Driveway, Public",Coarse Asphalt,4 lanes,"34.1453167477, -77.8988023035"
2627,Charlotte,Mecklenburg,Piedmont,Commercial,Mixed (30% To 70% Developed),NA,Urban,50 - 55  MPH,No Control Present,Clear,No,64,60-69,Yes,NA,With Traffic,C: Possible Injury,Travel Lane,Black,Male,41,40-49,No,NA,11-15 mph,O: No Injury,White,Male,Pickup,Yes,14NOV2012,Wednesday,Crossing Paths - Other Circumstances,16,Intersection,November,C: Possible Injury,16:35:00,Crossing Paths - Intersection - Other / Unknown,2012,No,No,Daylight,Straight - Level,NC Route,Dry,"Two-Way, Divided, Unprotected Median",None,No Special Feature,Smooth Asphalt,3 lanes,"35.2605968878, -80.875903254"
2649,Jacksonville,Onslow,Coastal,Residential,Urban (>70% Developed),NA,Urban,20 - 25  MPH,Stop Sign,Clear,No,15,11-15,No,NA,Facing Traffic,C: Possible Injury,Travel Lane,Black,Male,47,40-49,No,NA,11-15 mph,O: No Injury,White,Male,Passenger Car,No,31OCT2012,Wednesday,Motorist Failed to Yield - Sign-Controlled Intersection,17,Intersection,October,C: Possible Injury,17:05:00,Motorist Drive Out - Sign-Controlled Intersection,2012,No,No,Daylight,Straight - Level,Local Street,Dry,"Two-Way, Not Divided",None,No Special Feature,Smooth Asphalt,2 lanes,"34.7794269033, -77.4263021901"
2642,Wilson,Wilson,Coastal,Residential,Urban (>70% Developed),NA,Urban,30 - 35  MPH,No Control Present,Clear,No,19,16-19,Yes,NA,Facing Traffic,C: Possible Injury,Travel Lane,White,Male,58,50-59,No,NA,0-5 mph,O: No Injury,White,Male,Passenger Car,Yes,18OCT2012,Thursday,Motorist Failed to Yield - Midblock,17,Non-Intersection,October,C: Possible Injury,17:22:00,Motorist Drive Out - Commercial Driveway / Alley,2012,Yes,No,Daylight,Straight - Level,Public Vehicular Area,Dry,"Two-Way, Not Divided",None,"Driveway, Public",Coarse Asphalt,NA,"35.7325770946, -77.9165023875"
2637,Wilson,Wilson,Coastal,Residential,Urban (>70% Developed),NA,Urban,30 - 35  MPH,No Control Present,Cloudy,No,21,20-24,No,NA,Not Applicable,A: Disabling Injury,Driveway / Alley,Black,Male,36,30-39,No,NA,31-35 mph,O: No Injury,Black,Male,Passenger Car,No,15OCT2012,Monday,Bicyclist Failed to Yield - Midblock,14,Non-Intersection,October,A: Disabling Injury,14:47:00,Bicyclist Ride Out - Residential Driveway,2012,Yes,No,Daylight,Straight - Level,Local Street,Dry,"Two-Way, Not Divided",None,No Special Feature,Coarse Asphalt,2 lanes,"35.7444370976, -77.9127023863"
2752,Chapel Hill,Orange,Piedmont,Institutional,Urban (>70% Developed),NA,Urban,20 - 25  MPH,Stop And Go Signal,Cloudy,No,18,16-19,No,NA,With Traffic,B: Evident Injury,Sidewalk / Crosswalk / Driveway Crossing,Black,Female,26,25-29,No,NA,0-5 mph,O: No Injury,White,Female,Sport Utility,No,05DEC2012,Wednesday,Bicyclist Failed to Yield - Signalized Intersection,10,Intersection,December,B: Evident Injury,10:41:00,Bicyclist Failed to Clear - Multiple Threat,2012,Yes,No,Daylight,Straight - Level,Local Street,Dry,"Two-Way, Not Divided",None,No Special Feature,Smooth Asphalt,3 lanes,"35.9085270923, -79.0529027408"
2776,Cary,Wake,Piedmont,Residential,Urban (>70% Developed),NA,Urban,20 - 25  MPH,Stop Sign,Clear,No,17,16-19,No,NA,Facing Traffic,C: Possible Injury,Sidewalk / Crosswalk / Driveway Crossing,Asian,Male,17,0-19,No,NA,0-5 mph,O: No Injury,White,Female,Sport Utility,No,14JAN2011,Friday,Motorist Failed to Yield - Sign-Controlled Intersection,17,Intersection,January,C: Possible Injury,17:40:00,Motorist Drive Out - Sign-Controlled Intersection,2011,No,No,Dark - Lighted Roadway,Straight - Hillcrest,Local Street,Dry,"Two-Way, Not Divided",None,T-Intersection,Smooth Asphalt,2 lanes,"35.749977067, -78.8127026596"
2725,Wilmington,New Hanover,Coastal,Commercial,Urban (>70% Developed),NA,Urban,30 - 35  MPH,No Control Present,Cloudy,No,18,16-19,No,NA,With Traffic,B: Evident Injury,Bike Lane / Paved Shoulder,White,Male,24,20-24,No,NA,16-20 mph,O: No Injury,White,Male,Passenger Car,No,04DEC2012,Tuesday,Motorist Right Turn / Merge,17,Non-Intersection,December,B: Evident Injury,17:48:00,Motorist Right Turn - Same Direction,2012,Yes,No,Dark - Lighted Roadway,Straight - Level,Local Street,Dry,"Two-Way, Divided, Unprotected Median",None,"Driveway, Public",Coarse Asphalt,3 lanes,"34.2143567637, -77.8870023031"
2734,Spring Lake,Cumberland,Coastal,Commercial,Rural (<30% Developed),NA,Urban,40 - 45  MPH,No Control Present,Rain,No,29,25-29,No,NA,With Traffic,B: Evident Injury,Travel Lane,Black,Male,NA,NA,Missing,NA,41-45 mph,Unknown Injury,Unknown/Missing,NA,NA,No,21DEC2012,Friday,Motorist Overtaking Bicyclist,23,Non-Intersection,December,B: Evident Injury,23:13:00,Motorist Overtaking - Other / Unknown,2012,Yes,Yes,Dark - Roadway Not Lighted,Straight - Level,Local Street,Wet,"Two-Way, Not Divided",None,No Special Feature,Smooth Asphalt,5 lanes,"35.1863069408, -78.9623026753"
2729,Greensboro,Guilford,Piedmont,Residential,Urban (>70% Developed),NA,Urban,30 - 35  MPH,Stop Sign,Cloudy,No,24,20-24,No,NA,With Traffic,C: Possible Injury,Travel Lane,White,Male,20,20-24,No,NA,0-5 mph,O: No Injury,Black,Male,Passenger Car,No,17DEC2012,Monday,Motorist Failed to Yield - Sign-Controlled Intersection,3,Intersection,December,C: Possible Injury,03:23:00,Motorist Drive Out - Sign-Controlled Intersection,2012,Yes,No,Dark - Roadway Not Lighted,Straight - Level,Local Street,Wet,"Two-Way, Not Divided",None,T-Intersection,Coarse Asphalt,2 lanes,"36.0706671004, -79.7705029665"
2737,Greenville,Pitt,Coastal,Commercial,Urban (>70% Developed),NA,Urban,40 - 45  MPH,No Control Present,Clear,No,29,25-29,No,NA,Not Applicable,B: Evident Injury,Sidewalk / Crosswalk / Driveway Crossing,Black,Male,24,20-24,No,NA,36-40 mph,O: No Injury,Black,Male,Passenger Car,No,19DEC2012,Wednesday,Other / Unknown - Insufficient Details,13,Non-Intersection,December,B: Evident Injury,13:11:00,Unknown Approach Paths,2012,Yes,No,Daylight,Straight - Level,US Route,Dry,"Two-Way, Divided, Unprotected Median",None,No Special Feature,Smooth Asphalt,5 lanes,"35.5766870788, -77.382502216"
2732,None - Rural Crash,Pitt,Coastal,"Farms, Woods, Pastures",Rural (<30% Developed),NA,Rural,50 - 55  MPH,No Control Present,Clear,No,70+,70+,No,NA,With Traffic,B: Evident Injury,Travel Lane,Hispanic,Male,19,0-19,No,NA,46-50 mph,B: Evident Injury,Hispanic,Male,Passenger Car,No,11DEC2012,Tuesday,Motorist Overtaking Bicyclist,7,Non-Intersection,December,B: Evident Injury,07:52:00,Motorist Overtaking - Other / Unknown,2012,Yes,No,Daylight,Straight - Level,State Secondary Route,Dry,"Two-Way, Not Divided",None,No Special Feature,Coarse Asphalt,2 lanes,"35.6160270811, -77.5772022772"
2735,Durham,Durham,Piedmont,Residential,Urban (>70% Developed),NA,Urban,30 - 35  MPH,Stop And Go Signal,Clear,No,26,25-29,No,NA,With Traffic,B: Evident Injury,Travel Lane,White,Female,26,25-29,No,NA,31-35 mph,O: No Injury,Black,Female,Passenger Car,No,23DEC2012,Sunday,Bicyclist Failed to Yield - Signalized Intersection,15,Intersection,December,B: Evident Injury,15:07:00,Bicyclist Ride Through - Signalized Intersection,2012,No,No,Daylight,Straight - Level,Local Street,Dry,"Two-Way, Not Divided",None,No Special Feature,Coarse Asphalt,3 lanes,"36.0002671168, -78.907702702"
2764,New Bern,Craven,Coastal,Institutional,Urban (>70% Developed),NA,Urban,20 - 25  MPH,Stop Sign,Clear,No,6,6-10,No,NA,With Traffic,B: Evident Injury,Travel Lane,Asian,Male,41,40-49,No,NA,21-25 mph,O: No Injury,White,Female,Sport Utility,No,25MAY2012,Friday,Bicyclist Failed to Yield - Sign-Controlled Intersection,19,Intersection,May,B: Evident Injury,19:03:00,Bicyclist Ride Through - Sign-Controlled Intersection,2012,Yes,No,Daylight,Straight - Level,Local Street,Dry,"Two-Way, Not Divided",None,T-Intersection,Smooth Asphalt,2 lanes,"35.1117969882, -77.0848021031"
2723,Morehead City,Carteret,Coastal,Residential,Urban (>70% Developed),NA,Urban,20 - 25  MPH,No Control Present,Clear,No,61,60-69,No,NA,With Traffic,Unknown Injury,Travel Lane,Black,Male,20,20-24,No,NA,11-15 mph,Unknown Injury,White,Male,Pickup,No,05DEC2012,Wednesday,Motorist Overtaking Bicyclist,16,Intersection-Related,December,Unknown Injury,16:07:00,Motorist Overtaking - Undetected Bicyclist,2012,Yes,No,Daylight,Straight - Level,Local Street,Dry,"Two-Way, Not Divided",None,No Special Feature,Smooth Asphalt,2 lanes,"34.7239369136, -76.7229019743"
2856,Raleigh,Wake,Piedmont,Commercial,Urban (>70% Developed),NA,Urban,40 - 45  MPH,Stop And Go Signal,Clear,No,59,50-59,No,NA,With Traffic,C: Possible Injury,Sidewalk / Crosswalk / Driveway Crossing,Black,Male,NA,NA,Missing,NA,16-20 mph,Unknown Injury,Unknown/Missing,NA,NA,No,18FEB2011,Friday,Motorist Right Turn / Merge,21,Intersection,February,C: Possible Injury,21:15:00,Motorist Right Turn - Same Direction,2011,No,Yes,Dark - Lighted Roadway,Straight - Level,Local Street,Dry,"Two-Way, Divided, Positive Median Barrier",None,Four-Way Intersection,Smooth Asphalt,6 lanes,"35.7800070805, -78.6135026016"
2882,Charlotte,Mecklenburg,Piedmont,Residential,Urban (>70% Developed),NA,Urban,40 - 45  MPH,Stop Sign,Clear,No,12,11-15,No,NA,Not Applicable,C: Possible Injury,Sidewalk / Crosswalk / Driveway Crossing,Black,Male,61,60-69,No,NA,31-35 mph,O: No Injury,White,Female,Passenger Car,No,24MAR2011,Thursday,Crossing Paths - Other Circumstances,17,Intersection,March,C: Possible Injury,17:50:00,Crossing Paths - Intersection - Other / Unknown,2011,No,No,Daylight,Straight - Level,Local Street,Dry,"Two-Way, Not Divided",None,No Special Feature,Smooth Asphalt,2 lanes,"35.2568368924, -80.7386032119"
2850,Charlotte,Mecklenburg,Piedmont,Commercial,Urban (>70% Developed),NA,Urban,30 - 35  MPH,Stop And Go Signal,Cloudy,No,50,50-59,No,NA,NA,C: Possible Injury,Sidewalk / Crosswalk / Driveway Crossing,White,Male,20,20-24,No,NA,NA,O: No Injury,Hispanic,Male,Sport Utility,No,10MAR2011,Thursday,Crossing Paths - Other Circumstances,17,Intersection,March,C: Possible Injury,17:15:00,Crossing Paths - Intersection - Other / Unknown,2011,No,No,Dawn,Straight - Hillcrest,Local Street,Dry,"Two-Way, Not Divided",None,Four-Way Intersection,Smooth Asphalt,3 lanes,"35.1378368619, -80.8793032481"
2871,Jacksonville,Onslow,Coastal,Commercial,Urban (>70% Developed),NA,Urban,40 - 45  MPH,"Double Yellow Line, No Passing Zone",Clear,No,18,16-19,No,NA,Not Applicable,A: Disabling Injury,Travel Lane,Black,Male,29,25-29,No,NA,36-40 mph,O: No Injury,Black,Female,Passenger Car,No,05MAR2011,Saturday,Bicyclist Failed to Yield - Midblock,13,Non-Intersection,March,A: Disabling Injury,13:13:00,Multiple Threat - Midblock,2011,Yes,No,Daylight,Straight - Level,US Route,Dry,"Two-Way, Divided, Unprotected Median",None,No Special Feature,Smooth Asphalt,4 lanes,"34.7605969, -77.4156021868"
2851,Wilmington,New Hanover,Coastal,Residential,Urban (>70% Developed),NA,Urban,20 - 25  MPH,Stop Sign,Clear,No,25,25-29,No,NA,Facing Traffic,B: Evident Injury,Travel Lane,Black,Male,21,20-24,No,NA,6-10 mph,O: No Injury,White,Female,Sport Utility,No,08MAR2011,Tuesday,Motorist Failed to Yield - Sign-Controlled Intersection,13,Intersection,March,B: Evident Injury,13:25:00,Motorist Drive Out - Sign-Controlled Intersection,2011,Yes,No,Daylight,Straight - Level,Local Street,Dry,"Two-Way, Not Divided",None,T-Intersection,Smooth Asphalt,5 lanes,"34.2348167681, -77.8881023046"
3542,Charlotte,Mecklenburg,Piedmont,Residential,Urban (>70% Developed),NA,Urban,40 - 45  MPH,No Control Present,Clear,No,42,40-49,No,NA,With Traffic,C: Possible Injury,Bike Lane / Paved Shoulder,White,Male,70+,70+,No,NA,36-40 mph,O: No Injury,White,Male,Passenger Car,No,25OCT2011,Tuesday,Motorist Left Turn / Merge,18,Intersection,October,C: Possible Injury,18:27:00,Motorist Left Turn - Opposite Direction,2011,No,No,Dusk,Straight - Level,Local Street,Dry,"Two-Way, Divided, Positive Median Barrier",None,No Special Feature,Smooth Asphalt,1 lane,"35.1193268609, -80.8078032251"
3546,Asheboro,Randolph,Piedmont,Commercial,Urban (>70% Developed),NA,Urban,30 - 35  MPH,No Control Present,Clear,No,21,20-24,No,NA,Facing Traffic,C: Possible Injury,Bike Lane / Paved Shoulder,Black,Male,69,60-69,No,NA,6-10 mph,O: No Injury,White,Male,Pickup,No,17OCT2011,Monday,Head-On,13,Non-Intersection,October,C: Possible Injury,13:54:00,Head-On - Bicyclist,2011,No,No,Daylight,Straight - Grade,NC Route,Dry,"Two-Way, Not Divided",None,No Special Feature,Smooth Asphalt,3 lanes,"35.707987022, -79.8150029602"
3550,Hendersonville,Henderson,Mountains,Commercial,Urban (>70% Developed),NA,Urban,30 - 35  MPH,No Control Present,Clear,No,43,40-49,No,NA,With Traffic,B: Evident Injury,Travel Lane,White,Male,25,25-29,No,NA,21-25 mph,O: No Injury,White,Female,Sport Utility,No,05OCT2011,Wednesday,Motorist Overtaking Bicyclist,7,Non-Intersection,October,B: Evident Injury,07:55:00,Motorist Overtaking - Other / Unknown,2011,Yes,No,Daylight,Straight - Hillcrest,US Route,Dry,"Two-Way, Not Divided",None,Bridge Approach,Coarse Asphalt,5 lanes,"35.3058268393, -82.4483037223"