object_id,city,county,region,development,locality,on_road,rural_urban,speed_limit,traffic_control,weather,workzone,bike_age,bike_age_group,bike_alcohol,bike_alcohol_drugs,bike_direction,bike_injury,bike_position,bike_race,bike_sex,driver_age,driver_age_group,driver_alcohol,driver_alcohol_drugs,driver_est_speed,driver_injury,driver_race,driver_sex,driver_vehicle_type,crash_alcohol,crash_date,crash_day,crash_group,crash_hour,crash_location,crash_month,crash_severity,crash_time,crash_type,crash_year,ambulance_req,hit_run,light_condition,road_character,road_class,road_condition,road_configuration,road_defects,road_feature,road_surface,num_lanes,geo_point
3554,Raleigh,Wake,Piedmont,Commercial,Urban (>70% Developed),NA,Urban,40 - 45  MPH,Stop And Go Signal,Clear,No,40,40-49,No,NA,With Traffic,C: Possible Injury,Travel Lane,Black,Male,NA,NA,Missing,NA,6-10 mph,Unknown Injury,Unknown/Missing,NA,Passenger Car,No,13NOV2011,Sunday,Crossing Paths - Other Circumstances,23,Intersection,November,C: Possible Injury,23:57:00,Signalized Intersection - Other / Unknown,2011,No,Yes,Dark - Lighted Roadway,Straight - Hillcrest,Local Street,Dry,"Two-Way, Divided, Unprotected Median",None,No Special Feature,Smooth Asphalt,7 lanes,"35.7842470784, -78.6938026262"
3562,None - Rural Crash,Robeson,Coastal,"Farms, Woods, Pastures",Rural (<30% Developed),NA,Rural,50 - 55  MPH,"Double Yellow Line, No Passing Zone",Clear,No,52,50-59,No,NA,With Traffic,B: Evident Injury,Travel Lane,Native American,Male,38,30-39,No,NA,51-55 mph,O: No Injury,Native American,Female,Passenger Car,No,15NOV2011,Tuesday,Motorist Overtaking Bicyclist,11,Non-Intersection,November,B: Evident Injury,11:56:00,Motorist Overtaking - Misjudged Space,2011,Yes,Yes,Daylight,Straight - Level,State Secondary Route,Dry,"Two-Way, Not Divided",None,No Special Feature,Coarse Asphalt,2 lanes,"34.8119068532, -79.1444027118"
3577,Charlotte,Mecklenburg,Piedmont,Commercial,Urban (>70% Developed),NA,Urban,30 - 35  MPH,Stop And Go Signal,Clear,No,31,30-39,No,NA,With Traffic,C: Possible Injury,Sidewalk / Crosswalk / Driveway Crossing,White,Male,70+,70+,No,NA,21-25 mph,O: No Injury,White,Male,Sport Utility,No,02NOV2011,Wednesday,Motorist Left Turn / Merge,8,Intersection,November,C: Possible Injury,08:52:00,Motorist Left Turn - Opposite Direction,2011,No,No,Daylight,Straight - Level,Local Street,Dry,"Two-Way, Divided, Unprotected Median",None,No Special Feature,Smooth Asphalt,4 lanes,"35.1806768703, -80.8893032534"
3578,Winston-Salem,Forsyth,Piedmont,Residential,Urban (>70% Developed),NA,Urban,40 - 45  MPH,No Control Present,Cloudy,No,27,25-29,No,NA,With Traffic,B: Evident Injury,Travel Lane,Hispanic,Male,51,50-59,No,NA,41-45 mph,O: No Injury,White,Male,Pickup,No,03NOV2011,Thursday,Motorist Overtaking Bicyclist,20,Non-Intersection,November,B: Evident Injury,20:43:00,Motorist Overtaking - Other / Unknown,2011,Yes,No,Dark - Roadway Not Lighted,Straight - Level,Local Street,Dry,"Two-Way, Divided, Unprotected Median",None,No Special Feature,Smooth Asphalt,2 lanes,"36.0533370813, -80.2070030973"
3580,None - Rural Crash,Scotland,Coastal,Residential,Mixed (30% To 70% Developed),NA,Rural,50 - 55  MPH,No Control Present,Clear,No,15,11-15,No,NA,With Traffic,B: Evident Injury,Travel Lane,White,Male,34,30-39,No,NA,26-30 mph,O: No Injury,Native American,Male,Pickup,No,14NOV2011,Monday,Bicyclist Left Turn / Merge,17,Non-Intersection,November,B: Evident Injury,17:23:00,Bicyclist Left Turn - Same Direction,2011,No,No,Daylight,Straight - Level,State Secondary Route,Dry,"Two-Way, Not Divided",None,No Special Feature,Smooth Asphalt,2 lanes,"34.8671568507, -79.5478028354"
3590,Gastonia,Gaston,Piedmont,Commercial,Urban (>70% Developed),NA,Urban,30 - 35  MPH,No Control Present,Clear,No,39,30-39,No,NA,Not Applicable,B: Evident Injury,Travel Lane,White,Male,57,50-59,No,NA,16-20 mph,O: No Injury,White,Female,Passenger Car,No,08NOV2011,Tuesday,Bicyclist Failed to Yield - Midblock,12,Non-Intersection,November,B: Evident Injury,12:26:00,Multiple Threat - Midblock,2011,Yes,No,Daylight,Straight - Grade,NC Route,Dry,"Two-Way, Not Divided",None,No Special Feature,Smooth Asphalt,5 lanes,"35.2528868755, -81.1766033428"
3598,Wilmington,New Hanover,Coastal,Commercial,Urban (>70% Developed),NA,Urban,20 - 25  MPH,No Control Present,Clear,No,70+,70+,No,NA,With Traffic,Unknown Injury,Sidewalk / Crosswalk / Driveway Crossing,White,Male,65,60-69,No,NA,0-5 mph,O: No Injury,White,Male,Taxicab,No,08NOV2011,Tuesday,Loss of Control / Turning Error,6,Non-Intersection,November,O: No Injury,06:55:00,Bicyclist Turning Error - Right Turn,2011,Yes,No,Daylight,Straight - Level,Public Vehicular Area,Dry,"Two-Way, Not Divided",None,"Driveway, Public",Concrete,2 lanes,"34.2197467649, -77.8867023032"
3604,Belmont,Gaston,Piedmont,Residential,Mixed (30% To 70% Developed),NA,Urban,40 - 45  MPH,Stop And Go Signal,Clear,No,7,6-10,No,NA,Facing Traffic,C: Possible Injury,Sidewalk / Crosswalk / Driveway Crossing,White,Female,38,30-39,No,NA,41-45 mph,O: No Injury,Black,Male,Passenger Car,No,15NOV2011,Tuesday,Bicyclist Failed to Yield - Signalized Intersection,16,Intersection,November,C: Possible Injury,16:17:00,Bicyclist Ride Through - Signalized Intersection,2011,Yes,No,Daylight,Straight - Level,Local Street,Dry,"Two-Way, Divided, Unprotected Median",None,T-Intersection,Coarse Asphalt,3 lanes,"35.2347468762, -81.0403033015"
3606,Shelby,Cleveland,Mountains,Commercial,Mixed (30% To 70% Developed),NA,Urban,30 - 35  MPH,No Control Present,Cloudy,No,62,60-69,No,NA,With Traffic,B: Evident Injury,Travel Lane,White,Male,25,25-29,No,NA,26-30 mph,O: No Injury,Black,Female,Passenger Car,No,15NOV2011,Tuesday,Motorist Overtaking Bicyclist,9,Non-Intersection,November,B: Evident Injury,09:58:00,Motorist Overtaking - Bicyclist Swerved,2011,Yes,No,Daylight,Straight - Grade,State Secondary Route,Dry,"Two-Way, Not Divided",None,No Special Feature,Concrete,2 lanes,"35.2960268717, -81.5210034477"
3607,Raleigh,Wake,Piedmont,Institutional,Urban (>70% Developed),NA,Urban,20 - 25  MPH,No Control Present,Clear,No,21,20-24,No,NA,With Traffic,A: Disabling Injury,Travel Lane,White,Male,19,0-19,No,NA,16-20 mph,O: No Injury,White,Male,Sport Utility,No,15NOV2011,Tuesday,Motorist Left Turn / Merge,18,Non-Intersection,November,A: Disabling Injury,18:25:00,Motorist Left Turn - Opposite Direction,2011,Yes,No,Dark - Lighted Roadway,Straight - Grade,Local Street,Dry,"Two-Way, Not Divided",None,T-Intersection,Coarse Asphalt,2 lanes,"35.7837570791, -78.6771026205"
3609,Charlotte,Mecklenburg,Piedmont,Commercial,Urban (>70% Developed),NA,Urban,5 - 15 MPH,No Control Present,Clear,No,51,50-59,No,NA,Not Applicable,C: Possible Injury,Non-Roadway,Black,Male,67,60-69,No,NA,0-5 mph,O: No Injury,Black,Male,Passenger Car,No,10DEC2011,Saturday,Non-Roadway,16,Non-Roadway,December,C: Possible Injury,16:08:00,Non-Roadway,2011,Yes,No,Daylight,Straight - Level,Public Vehicular Area,Dry,"Two-Way, Not Divided",None,"Driveway, Private",Smooth Asphalt,NA,"35.2539268896, -80.8036032315"
3615,None - Rural Crash,Bertie,Coastal,"Farms, Woods, Pastures",Rural (<30% Developed),NA,Rural,50 - 55  MPH,No Control Present,Clear,No,55,50-59,Yes,NA,With Traffic,A: Disabling Injury,Travel Lane,Black,Male,27,25-29,No,NA,51-55 mph,O: No Injury,Black,Female,Passenger Car,Yes,30NOV2011,Wednesday,Motorist Overtaking Bicyclist,19,Non-Intersection,November,A: Disabling Injury,19:09:00,Motorist Overtaking - Other / Unknown,2011,Yes,No,Dark - Roadway Not Lighted,Straight - Level,NC Route,Dry,"Two-Way, Not Divided",None,No Special Feature,Coarse Asphalt,2 lanes,"36.2397372432, -76.7679020619"
3617,Emerald Isle,Carteret,Coastal,Commercial,Urban (>70% Developed),NA,Rural,40 - 45  MPH,Stop And Go Signal,Clear,No,62,60-69,No,NA,With Traffic,B: Evident Injury,Travel Lane,White,Male,70+,70+,No,NA,0-5 mph,O: No Injury,White,Female,Sport Utility,No,26NOV2011,Saturday,Motorist Right Turn / Merge,11,Intersection,November,B: Evident Injury,11:33:00,Motorist Right Turn - Same Direction,2011,Yes,No,Daylight,Straight - Grade,NC Route,Dry,"Two-Way, Not Divided",None,Four-Way Intersection,Coarse Asphalt,8 lanes,"34.6632568902, -77.0421020681"
3623,None - Rural Crash,Columbus,Coastal,"Farms, Woods, Pastures",Rural (<30% Developed),NA,Rural,50 - 55  MPH,No Control Present,Clear,No,17,16-19,No,NA,With Traffic,O: No Injury,Travel Lane,White,Male,47,40-49,No,NA,51-55 mph,O: No Injury,White,Female,Sport Utility,No,15DEC2011,Thursday,Bicyclist Left Turn / Merge,17,Intersection-Related,December,O: No Injury,17:45:00,Bicyclist Left Turn - Same Direction,2011,No,No,Dark - Roadway Not Lighted,Straight - Level,State Secondary Route,Dry,"Two-Way, Not Divided",None,T-Intersection,Coarse Asphalt,2 lanes,"34.3510167656, -78.7315025641"
3626,Wilmington,New Hanover,Coastal,Commercial,Urban (>70% Developed),NA,Urban,30 - 35  MPH,No Control Present,Cloudy,No,56,50-59,No,NA,With Traffic,C: Possible Injury,Travel Lane,White,Male,29,25-29,No,NA,16-20 mph,O: No Injury,White,Female,Passenger Car,No,28NOV2011,Monday,Motorist Overtaking Bicyclist,14,Non-Intersection,November,C: Possible Injury,14:27:00,Motorist Overtaking - Misjudged Space,2011,Yes,No,Daylight,Straight - Level,Local Street,Dry,"Two-Way, Not Divided",None,No Special Feature,Coarse Asphalt,4 lanes,"34.2463767711, -77.8807023029"
3627,Winston-Salem,Forsyth,Piedmont,Commercial,Urban (>70% Developed),NA,Urban,30 - 35  MPH,No Control Present,Cloudy,No,60,60-69,No,NA,With Traffic,C: Possible Injury,Travel Lane,White,Male,47,40-49,No,NA,11-15 mph,O: No Injury,Black,Male,Van,No,29NOV2011,Tuesday,Motorist Left Turn / Merge,9,Non-Intersection,November,C: Possible Injury,09:50:00,Motorist Left Turn - Opposite Direction,2011,Yes,No,Daylight,Straight - Grade,Local Street,Dry,"Two-Way, Not Divided",None,T-Intersection,Smooth Asphalt,4 lanes,"36.0892870857, -80.2712031181"
3635,Selma,Johnston,Coastal,Commercial,Urban (>70% Developed),NA,Urban,40 - 45  MPH,No Control Present,Clear,No,20,20-24,No,NA,Facing Traffic,B: Evident Injury,Travel Lane,White,Male,70+,70+,No,NA,36-40 mph,O: No Injury,White,Male,Passenger Car,No,06DEC2011,Tuesday,Head-On,12,Non-Intersection,December,B: Evident Injury,12:18:00,Head-On - Bicyclist,2011,Yes,No,Daylight,Curve - Level,Local Street,Dry,"Two-Way, Not Divided",None,No Special Feature,Coarse Asphalt,2 lanes,"35.5207470361, -78.2929024905"
3644,Asheville,Buncombe,Mountains,Commercial,Urban (>70% Developed),NA,Urban,30 - 35  MPH,Flashing Stop And Go Signal,Cloudy,No,52,50-59,No,NA,With Traffic,O: No Injury,Travel Lane,White,Male,64,60-69,No,NA,16-20 mph,O: No Injury,White,Male,Passenger Car,No,04DEC2011,Sunday,Bicyclist Failed to Yield - Signalized Intersection,10,Intersection,December,O: No Injury,10:40:00,Bicyclist Ride Through - Signalized Intersection,2011,No,No,Daylight,Straight - Grade,Local Street,Dry,"Two-Way, Not Divided",None,No Special Feature,Smooth Asphalt,2 lanes,"35.5989668967, -82.5536037703"
3655,Greensboro,Guilford,Piedmont,Commercial,Urban (>70% Developed),NA,Urban,30 - 35  MPH,No Control Present,Cloudy,No,54,50-59,No,NA,With Traffic,C: Possible Injury,Travel Lane,White,Male,48,40-49,No,NA,6-10 mph,O: No Injury,Black,Female,Passenger Car,No,30DEC2011,Friday,Motorist Left Turn / Merge,15,Intersection-Related,December,C: Possible Injury,15:20:00,Motorist Left Turn - Opposite Direction,2011,Yes,No,Daylight,Straight - Grade,Local Street,Dry,"Two-Way, Divided, Unprotected Median",None,No Special Feature,Smooth Asphalt,7 lanes,"36.0438370938, -79.8010029744"
3658,Winterville,Pitt,Coastal,Residential,Urban (>70% Developed),NA,Urban,20 - 25  MPH,Stop Sign,Clear,No,19,16-19,No,NA,Facing Traffic,B: Evident Injury,Travel Lane,Black,Male,36,30-39,No,NA,0-5 mph,O: No Injury,Black,Female,Passenger Car,No,24DEC2011,Saturday,Motorist Failed to Yield - Sign-Controlled Intersection,20,Intersection,December,B: Evident Injury,20:15:00,Motorist Drive Out - Sign-Controlled Intersection,2011,Yes,No,Dark - Roadway Not Lighted,Straight - Level,Local Street,Dry,"Two-Way, Not Divided",None,No Special Feature,Smooth Asphalt,2 lanes,"35.5308070685, -77.3988022189"
3659,Huntersville,Mecklenburg,Piedmont,Residential,Urban (>70% Developed),NA,Urban,20 - 25  MPH,Stop Sign,Clear,No,35,30-39,No,NA,With Traffic,C: Possible Injury,Travel Lane,White,Male,25,25-29,No,NA,21-25 mph,O: No Injury,White,Male,Passenger Car,No,26DEC2011,Monday,Motorist Left Turn / Merge,8,Intersection,December,C: Possible Injury,08:03:00,Motorist Left Turn - Opposite Direction,2011,Yes,No,Daylight,Straight - Level,Local Street,Dry,"Two-Way, Not Divided",None,No Special Feature,Smooth Asphalt,2 lanes,"35.4101969205, -80.8687032599"
3668,Greensboro,Guilford,Piedmont,Institutional,Urban (>70% Developed),NA,Urban,20 - 25  MPH,Other,Cloudy,No,NA,NA,Missing,NA,With Traffic,Unknown Injury,Travel Lane,Unknown/Missing,NA,NA,NA,Missing,NA,0-5 mph,Unknown Injury,Unknown/Missing,NA,NA,No,05APR2011,Tuesday,Motorist Right Turn / Merge,9,Intersection,April,C: Possible Injury,09:45:00,Motorist Right Turn - Same Direction,2011,No,Yes,Daylight,Straight - Level,Local Street,Wet,"Two-Way, Divided, Positive Median Barrier",None,Four-Way Intersection,Smooth Asphalt,2 lanes,"36.0652870981, -79.8127029786"
3669,Stanley,Gaston,Piedmont,Commercial,Mixed (30% To 70% Developed),NA,Rural,30 - 35  MPH,Stop Sign,Clear,No,13,11-15,No,NA,Facing Traffic,B: Evident Injury,Travel Lane,White,Female,35,30-39,No,NA,NA,O: No Injury,White,Female,Passenger Car,No,08JUL2011,Friday,Motorist Failed to Yield - Sign-Controlled Intersection,14,Intersection,July,B: Evident Injury,14:58:00,Motorist Drive Out - Sign-Controlled Intersection,2011,Yes,No,Daylight,Straight - Level,NC Route,Dry,"Two-Way, Not Divided",None,T-Intersection,Smooth Asphalt,2 lanes,"35.358436901, -81.0953033238"
3670,Kenly,Johnston,Coastal,Commercial,Urban (>70% Developed),NA,Rural,30 - 35  MPH,Stop Sign,Cloudy,No,51,50-59,Yes,NA,With Traffic,B: Evident Injury,Travel Lane,Black,Male,16,0-19,No,NA,31-35 mph,O: No Injury,White,Female,Passenger Car,Yes,01JAN2010,Friday,Bicyclist Right Turn / Merge,8,Non-Intersection,January,B: Evident Injury,08:31:00,Bicyclist Right Turn - Same Direction,2010,Yes,No,Daylight,Straight - Level,Local Street,Wet,"Two-Way, Not Divided",None,No Special Feature,Coarse Asphalt,5 lanes,"35.5943830577, -78.1284284444"
3671,None - Rural Crash,Hoke,Coastal,Residential,Mixed (30% To 70% Developed),NA,Rural,50 - 55  MPH,"Double Yellow Line, No Passing Zone",Clear,No,30,30-39,No,NA,With Traffic,C: Possible Injury,Travel Lane,White,Male,41,40-49,No,NA,16-20 mph,O: No Injury,Native American,Male,Van,No,06JAN2010,Wednesday,Motorist Overtaking Bicyclist,8,Non-Intersection,January,C: Possible Injury,08:57:00,Motorist Overtaking - Other / Unknown,2010,No,No,Daylight,Straight - Level,State Secondary Route,Dry,"Two-Way, Not Divided",None,No Special Feature,Smooth Asphalt,2 lanes,"35.0322969011, -79.1461667227"
3679,Cary,Wake,Piedmont,Residential,Urban (>70% Developed),NA,Urban,30 - 35  MPH,Stop And Go Signal,Rain,No,39,30-39,No,NA,Facing Traffic,C: Possible Injury,Sidewalk / Crosswalk / Driveway Crossing,Hispanic,Female,47,40-49,No,NA,0-5 mph,O: No Injury,White,Female,Passenger Car,No,21JAN2010,Thursday,Motorist Left Turn / Merge,20,Intersection,January,C: Possible Injury,20:07:00,Motorist Left Turn - Opposite Direction,2010,Yes,No,Dark - Roadway Not Lighted,Straight - Level,Local Street,Wet,"Two-Way, Not Divided",None,Four-Way Intersection,Smooth Asphalt,2 lanes,"35.7831300753, -78.7832926531"
3686,Statesville,Iredell,Piedmont,Residential,Urban (>70% Developed),NA,Urban,30 - 35  MPH,No Control Present,Clear,No,14,11-15,No,NA,With Traffic,B: Evident Injury,Travel Lane,Hispanic,Male,58,50-59,No,NA,26-30 mph,O: No Injury,White,Male,Pickup,No,13JAN2010,Wednesday,Crossing Paths - Other Circumstances,16,Intersection,January,B: Evident Injury,16:00:00,Crossing Paths - Intersection - Other / Unknown,2010,Yes,No,Daylight,Curve - Level,Local Street,Dry,"Two-Way, Divided, Unprotected Median",None,No Special Feature,Smooth Asphalt,2 lanes,"35.8048200037, -80.8819992852"
3687,Chapel Hill,Orange,Piedmont,Residential,Urban (>70% Developed),NA,Urban,20 - 25  MPH,Other,Clear,No,26,25-29,No,NA,With Traffic,C: Possible Injury,Travel Lane,White,Male,59,50-59,No,NA,16-20 mph,O: No Injury,Black,Male,Pickup,No,14JAN2010,Thursday,Motorist Right Turn / Merge,11,Intersection,January,C: Possible Injury,11:13:00,Motorist Right Turn - Same Direction,2010,Yes,No,Daylight,Straight - Level,Local Street,Dry,"Two-Way, Not Divided",None,No Special Feature,Smooth Asphalt,2 lanes,"35.9073970913, -79.0631527442"
3693,Raleigh,Wake,Piedmont,Commercial,Mixed (30% To 70% Developed),NA,Urban,30 - 35  MPH,Stop And Go Signal,Clear,No,15,11-15,No,NA,With Traffic,O: No Injury,Travel Lane,Black,Male,55,50-59,No,NA,0-5 mph,O: No Injury,Black,Female,Passenger Car,No,18JAN2010,Monday,Bicyclist Failed to Yield - Signalized Intersection,14,Intersection,January,O: No Injury,14:30:00,Bicyclist Failed to Clear - Trapped,2010,No,No,Daylight,Straight - Level,Local Street,Dry,"Two-Way, Not Divided",None,No Special Feature,Smooth Asphalt,5 lanes,"35.8347200926, -78.6020326011"
3699,Goldsboro,Wayne,Coastal,Residential,Urban (>70% Developed),NA,Urban,20 - 25  MPH,Stop Sign,Cloudy,No,19,16-19,No,NA,With Traffic,B: Evident Injury,Travel Lane,Black,Male,NA,NA,Missing,NA,NA,Unknown Injury,Unknown/Missing,NA,NA,No,29JAN2010,Friday,Motorist Overtaking Bicyclist,21,Intersection,January,B: Evident Injury,21:40:00,Motorist Overtaking - Other / Unknown,2010,Yes,Yes,Dark - Roadway Not Lighted,Straight - Level,Local Street,Dry,"Two-Way, Not Divided",None,Four-Way Intersection,Smooth Asphalt,2 lanes,"35.3876600177, -77.9824223889"
3706,Greenville,Pitt,Coastal,Institutional,Mixed (30% To 70% Developed),NA,Urban,30 - 35  MPH,Stop And Go Signal,Clear,No,24,20-24,No,NA,With Traffic,Unknown Injury,Travel Lane,White,Male,56,50-59,No,NA,26-30 mph,O: No Injury,White,Female,Passenger Car,No,26JAN2010,Tuesday,Motorist Overtaking Bicyclist,13,Non-Intersection,January,O: No Injury,13:10:00,Motorist Overtaking - Misjudged Space,2010,No,No,Daylight,Straight - Level,Local Street,Dry,"Two-Way, Divided, Unprotected Median",None,No Special Feature,Concrete,2 lanes,"35.6077340865, -77.3630522121"
3710,Fayetteville,Cumberland,Coastal,Commercial,Urban (>70% Developed),NA,Urban,20 - 25  MPH,Stop And Go Signal,Clear,No,14,11-15,No,NA,Facing Traffic,B: Evident Injury,Travel Lane,Black,Female,67,60-69,No,NA,6-10 mph,O: No Injury,White,Male,Pickup,No,16FEB2010,Tuesday,Bicyclist Failed to Yield - Signalized Intersection,16,Intersection,February,B: Evident Injury,16:47:00,Bicyclist Ride Out - Signalized  Intersection,2010,Yes,No,Daylight,Straight - Level,Local Street,Dry,"Two-Way, Not Divided",None,Four-Way Intersection,Concrete,2 lanes,"35.0537369148, -78.8856076459"
3721,None - Rural Crash,Robeson,Coastal,"Farms, Woods, Pastures",Rural (<30% Developed),NA,Rural,50 - 55  MPH,"Double Yellow Line, No Passing Zone",Cloudy,No,42,40-49,Yes,NA,With Traffic,C: Possible Injury,Bike Lane / Paved Shoulder,Native American,Male,40,40-49,No,NA,51-55 mph,C: Possible Injury,Native American,Male,Pickup,Yes,24FEB2010,Wednesday,Bicyclist Left Turn / Merge,6,Non-Intersection,February,C: Possible Injury,06:55:00,Bicyclist Left Turn - Same Direction,2010,Yes,No,Dark - Roadway Not Lighted,Straight - Level,NC Route,Wet,"Two-Way, Not Divided",None,No Special Feature,Smooth Asphalt,2 lanes,"34.6741768217, -79.1854727165"
3724,Thomasville,Davidson,Piedmont,Residential,Urban (>70% Developed),NA,Urban,30 - 35  MPH,Stop Sign,Clear,No,12,11-15,No,NA,With Traffic,B: Evident Injury,Travel Lane,White,Male,24,20-24,No,NA,21-25 mph,O: No Injury,White,Female,Sport Utility,No,19FEB2010,Friday,Motorist Failed to Yield - Sign-Controlled Intersection,16,Intersection,February,B: Evident Injury,16:07:00,Motorist Drive Through - Sign-Controlled Intersection,2010,Yes,No,Daylight,Straight - Grade,Local Street,Dry,"Two-Way, Not Divided",None,T-Intersection,Coarse Asphalt,2 lanes,"35.8791310486, -80.0889730516"
3727,None - Rural Crash,Pitt,Coastal,"Farms, Woods, Pastures",Rural (<30% Developed),NA,Rural,50 - 55  MPH,"Double Yellow Line, No Passing Zone",Clear,No,40,40-49,No,NA,With Traffic,C: Possible Injury,Travel Lane,White,Male,70+,70+,No,NA,16-20 mph,O: No Injury,White,Male,Pickup,No,06MAR2010,Saturday,Motorist Overtaking Bicyclist,15,Non-Intersection,March,C: Possible Injury,15:26:00,Motorist Overtaking - Undetected Bicyclist,2010,Yes,No,Daylight,Straight - Grade,State Secondary Route,Dry,"Two-Way, Not Divided",None,No Special Feature,Coarse Asphalt,2 lanes,"35.5682070821, -77.2480221745"
3728,Charlotte,Mecklenburg,Piedmont,Residential,Urban (>70% Developed),NA,Urban,30 - 35  MPH,No Control Present,Clear,No,53,50-59,No,NA,With Traffic,B: Evident Injury,Travel Lane,White,Male,70+,70+,No,NA,31-35 mph,O: No Injury,White,Male,Passenger Car,No,20FEB2010,Saturday,Motorist Overtaking Bicyclist,17,Non-Intersection,February,B: Evident Injury,17:20:00,Motorist Overtaking - Undetected Bicyclist,2010,No,No,Daylight,Straight - Level,Local Street,Dry,"Two-Way, Not Divided",None,No Special Feature,Smooth Asphalt,3 lanes,"35.1111708593, -80.7920832205"
3730,Charlotte,Mecklenburg,Piedmont,Residential,Urban (>70% Developed),NA,Urban,30 - 35  MPH,No Control Present,Clear,No,10,6-10,No,NA,Not Applicable,B: Evident Injury,Travel Lane,Asian,Male,63,60-69,No,NA,16-20 mph,O: No Injury,White,Male,Passenger Car,No,21FEB2010,Sunday,Crossing Paths - Other Circumstances,14,Intersection,February,B: Evident Injury,14:41:00,Crossing Paths - Uncontrolled Intersection,2010,No,No,Daylight,Straight - Level,Local Street,Dry,"Two-Way, Not Divided",None,"Driveway, Private",Smooth Asphalt,2 lanes,"35.2141948809, -80.7939732264"
3733,Reidsville,Rockingham,Piedmont,Residential,Urban (>70% Developed),NA,Urban,30 - 35  MPH,Stop Sign,Clear,No,14,11-15,No,NA,With Traffic,C: Possible Injury,Travel Lane,White,Female,67,60-69,No,NA,21-25 mph,O: No Injury,White,Female,Passenger Car,No,27FEB2010,Saturday,Bicyclist Failed to Yield - Sign-Controlled Intersection,16,Intersection,February,C: Possible Injury,16:50:00,Bicyclist Ride Through - Sign-Controlled Intersection,2010,Yes,No,Daylight,Straight - Grade,Local Street,Dry,"Two-Way, Not Divided",None,T-Intersection,Smooth Asphalt,2 lanes,"36.3469271623, -79.6729929533"
3742,Cary,Wake,Piedmont,Commercial,Urban (>70% Developed),NA,Urban,40 - 45  MPH,No Control Present,Clear,No,34,30-39,No,NA,With Traffic,C: Possible Injury,Travel Lane,White,Female,NA,NA,Missing,NA,0-5 mph,Unknown Injury,Unknown/Missing,NA,Passenger Car,No,18MAR2010,Thursday,Motorist Failed to Yield - Midblock,21,Non-Intersection,March,C: Possible Injury,21:41:00,Motorist Drive Out - Commercial Driveway / Alley,2010,No,Yes,Dark - Lighted Roadway,Straight - Level,State Secondary Route,Dry,"Two-Way, Not Divided",None,No Special Feature,Smooth Asphalt,2 lanes,"35.7911100779, -78.7578076459"
3745,None - Rural Crash,Durham,Piedmont,Residential,Mixed (30% To 70% Developed),NA,Rural,40 - 45  MPH,Stop Sign,Clear,No,18,16-19,No,NA,With Traffic,B: Evident Injury,Travel Lane,Black,Male,NA,NA,No,NA,46-50 mph,Unknown Injury,Unknown/Missing,NA,Sport Utility,No,17MAR2010,Wednesday,Motorist Overtaking Bicyclist,23,Non-Intersection,March,B: Evident Injury,23:02:00,Motorist Overtaking - Other / Unknown,2010,Yes,Yes,Dark - Roadway Not Lighted,Straight - Grade,State Secondary Route,Dry,"Two-Way, Not Divided",None,No Special Feature,Coarse Asphalt,3 lanes,"36.0588771303, -78.8887026993"
3751,Statesville,Iredell,Piedmont,Residential,Urban (>70% Developed),NA,Urban,30 - 35  MPH,No Control Present,Clear,No,29,25-29,Yes,NA,Facing Traffic,C: Possible Injury,Travel Lane,Black,Male,NA,NA,Missing,NA,11-15 mph,Unknown Injury,Unknown/Missing,NA,NA,Yes,04MAR2010,Thursday,Motorist Left Turn / Merge,14,Non-Intersection,March,C: Possible Injury,14:00:00,Motorist Left Turn - Same Direction,2010,Yes,Yes,Daylight,Straight - Grade,Local Street,Dry,"Two-Way, Not Divided",None,No Special Feature,Smooth Asphalt,2 lanes,"35.7817469987, -80.8814332845"
3752,Thomasville,Davidson,Piedmont,Commercial,Mixed (30% To 70% Developed),NA,Urban,NA,Stop And Go Signal,Clear,No,46,40-49,No,NA,With Traffic,O: No Injury,Travel Lane,White,Male,70+,70+,No,NA,NA,O: No Injury,Black,Male,Passenger Car,No,06MAR2010,Saturday,Motorist Left Turn / Merge,15,Intersection,March,O: No Injury,15:15:00,Motorist Left Turn - Opposite Direction,2010,No,No,Daylight,Straight - Level,Local Street,Dry,"Two-Way, Not Divided",None,Four-Way Intersection,Smooth Asphalt,4 lanes,"35.8812900487, -80.0993130551"
3766,None - Rural Crash,Orange,Piedmont,Residential,Rural (<30% Developed),NA,Rural,40 - 45  MPH,"Double Yellow Line, No Passing Zone",Clear,No,7,6-10,No,NA,With Traffic,B: Evident Injury,Travel Lane,Black,Male,35,30-39,No,NA,41-45 mph,O: No Injury,Hispanic,Female,Pickup,No,30MAR2010,Tuesday,Motorist Overtaking Bicyclist,17,Non-Intersection,March,B: Evident Injury,17:17:00,Motorist Overtaking - Misjudged Space,2010,Yes,No,Daylight,Straight - Grade,State Secondary Route,Dry,"Two-Way, Not Divided",None,No Special Feature,Smooth Asphalt,2 lanes,"36.0426471218, -79.0285367405"