object_id,city,county,region,development,locality,on_road,rural_urban,speed_limit,traffic_control,weather,workzone,bike_age,bike_age_group,bike_alcohol,bike_alcohol_drugs,bike_direction,bike_injury,bike_position,bike_race,bike_sex,driver_age,driver_age_group,driver_alcohol,driver_alcohol_drugs,driver_est_speed,driver_injury,driver_race,driver_sex,driver_vehicle_type,crash_alcohol,crash_date,crash_day,crash_group,crash_hour,crash_location,crash_month,crash_severity,crash_time,crash_type,crash_year,ambulance_req,hit_run,light_condition,road_character,road_class,road_condition,road_configuration,road_defects,road_feature,road_surface,num_lanes,geo_point
3771,Wesley Chapel,Union,Piedmont,Residential,Urban (>70% Developed),NA,Rural,30 - 35  MPH,No Control Present,Clear,No,20,20-24,No,NA,With Traffic,B: Evident Injury,Travel Lane,White,Male,49,40-49,No,NA,31-35 mph,O: No Injury,White,Male,Pickup,No,31MAR2010,Wednesday,Motorist Left Turn / Merge,8,Non-Intersection,March,B: Evident Injury,08:35:00,Motorist Left Turn - Opposite Direction,2010,No,No,Daylight,Straight - Level,Local Street,Dry,"Two-Way, Not Divided",None,"Driveway, Private",Smooth Asphalt,2 lanes,"35.027846846, -80.6635531776"
3772,None - Rural Crash,Guilford,Piedmont,"Farms, Woods, Pastures",Rural (<30% Developed),NA,Rural,40 - 45  MPH,"Double Yellow Line, No Passing Zone",Clear,No,58,50-59,No,NA,With Traffic,B: Evident Injury,Travel Lane,Black,Female,NA,NA,No,NA,21-25 mph,Unknown Injury,Unknown/Missing,NA,Tractor/Semi-Trailer,No,03APR2010,Saturday,Motorist Overtaking Bicyclist,12,Non-Intersection,April,B: Evident Injury,12:03:00,Motorist Overtaking - Misjudged Space,2010,No,Yes,Daylight,Straight - Level,State Secondary Route,Dry,"Two-Way, Not Divided",None,No Special Feature,Smooth Asphalt,2 lanes,"36.0594511, -79.71857295"
3776,Wilmington,New Hanover,Coastal,Commercial,Urban (>70% Developed),NA,Urban,30 - 35  MPH,Stop And Go Signal,Clear,No,38,30-39,No,NA,With Traffic,C: Possible Injury,Travel Lane,Black,Male,41,40-49,No,NA,6-10 mph,O: No Injury,White,Male,Pickup,No,16MAR2010,Tuesday,Motorist Right Turn / Merge,19,Intersection,March,C: Possible Injury,19:58:00,Motorist Right Turn - Same Direction,2010,No,No,Dark - Lighted Roadway,Straight - Level,Local Street,Dry,"Two-Way, Divided, Unprotected Median",None,Four-Way Intersection,Smooth Asphalt,NA,"34.2391667671, -77.9438573216"
3783,None - Rural Crash,Burke,Mountains,Residential,Mixed (30% To 70% Developed),NA,Rural,40 - 45  MPH,"Double Yellow Line, No Passing Zone",Clear,No,16,16-19,No,NA,With Traffic,B: Evident Injury,Travel Lane,White,Male,51,50-59,No,NA,26-30 mph,O: No Injury,Asian,Female,Sport Utility,No,20MAR2010,Saturday,Motorist Overtaking Bicyclist,15,Non-Intersection,March,B: Evident Injury,15:35:00,Motorist Overtaking - Other / Unknown,2010,No,No,Daylight,Straight - Grade,State Secondary Route,Dry,"Two-Way, Not Divided",None,No Special Feature,Smooth Asphalt,2 lanes,"35.7678329672, -81.6258835053"
3788,None - Rural Crash,Beaufort,Coastal,Residential,Rural (<30% Developed),NA,Rural,50 - 55  MPH,No Control Present,Clear,No,70+,70+,No,NA,With Traffic,B: Evident Injury,Travel Lane,White,Male,60,60-69,No,NA,51-55 mph,O: No Injury,Black,Male,Van,No,11APR2010,Sunday,Bicyclist Left Turn / Merge,15,Non-Intersection,April,B: Evident Injury,15:38:00,Bicyclist Left Turn - Same Direction,2010,No,No,Daylight,Straight - Level,US Route,Dry,"Two-Way, Not Divided",None,No Special Feature,Smooth Asphalt,2 lanes,"35.5226010856, -76.8387320472"
3790,Dunn,Harnett,Coastal,Commercial,Urban (>70% Developed),NA,Urban,30 - 35  MPH,No Control Present,Clear,No,15,11-15,No,NA,With Traffic,C: Possible Injury,Sidewalk / Crosswalk / Driveway Crossing,Black,Male,51,50-59,No,NA,11-15 mph,O: No Injury,Unknown/Missing,Male,Pickup,No,31MAR2010,Wednesday,Parallel Paths - Other Circumstances,16,Non-Intersection,March,C: Possible Injury,16:53:00,Parallel Paths - Other / Unknown,2010,Yes,No,Daylight,Straight - Level,US Route,Dry,"Two-Way, Not Divided",None,No Special Feature,Coarse Asphalt,4 lanes,"35.3032219786, -78.6035425735"
3792,Durham,Durham,Piedmont,Residential,Urban (>70% Developed),NA,Urban,20 - 25  MPH,Stop Sign,Clear,No,11,11-15,No,NA,With Traffic,C: Possible Injury,Bike Lane / Paved Shoulder,Black,Male,48,40-49,No,NA,21-25 mph,O: No Injury,Black,Female,Van,No,11APR2010,Sunday,Bicyclist Failed to Yield - Sign-Controlled Intersection,18,Intersection,April,C: Possible Injury,18:59:00,Bicyclist Ride Through - Sign-Controlled Intersection,2010,Yes,No,Daylight,Straight - Level,Local Street,Dry,"Two-Way, Not Divided",None,No Special Feature,Coarse Asphalt,2 lanes,"35.9929421165, -78.875862692"
3794,Boone,Watauga,Mountains,Institutional,Urban (>70% Developed),NA,Urban,20 - 25  MPH,No Control Present,Clear,No,21,20-24,No,NA,With Traffic,O: No Injury,Travel Lane,White,Male,44,40-49,No,NA,11-15 mph,O: No Injury,White,Female,Pickup,No,12APR2010,Monday,Bicyclist Overtaking Motorist,7,Non-Intersection,April,O: No Injury,07:52:00,Bicyclist Overtaking - Passing on Left,2010,No,No,Daylight,Straight - Hillcrest,Local Street,Dry,"One-Way, Not Divided",None,No Special Feature,Coarse Asphalt,2 lanes,"36.2103040575, -81.6774035462"
3795,Greensboro,Guilford,Piedmont,Residential,Urban (>70% Developed),NA,Urban,30 - 35  MPH,No Control Present,Clear,No,NA,NA,Missing,NA,With Traffic,Unknown Injury,Travel Lane,Unknown/Missing,NA,21,20-24,No,NA,0-5 mph,O: No Injury,Other,Female,Passenger Car,No,15MAR2010,Monday,Motorist Left Turn / Merge,18,Intersection,March,O: No Injury,18:37:00,Motorist Left Turn - Opposite Direction,2010,No,No,Dawn,Straight - Level,Local Street,Dry,"Two-Way, Not Divided",None,T-Intersection,Smooth Asphalt,2 lanes,"36.0639170973, -79.8290429843"
3796,None - Rural Crash,Ashe,Mountains,"Farms, Woods, Pastures",Rural (<30% Developed),NA,Rural,50 - 55  MPH,"Double Yellow Line, No Passing Zone",Clear,No,30,30-39,No,NA,With Traffic,B: Evident Injury,Travel Lane,White,Male,62,60-69,No,NA,21-25 mph,O: No Injury,White,Female,Passenger Car,No,13APR2010,Tuesday,Motorist Left Turn / Merge,17,Intersection,April,B: Evident Injury,17:45:00,Motorist Left Turn - Opposite Direction,2010,No,No,Daylight,Curve - Level,NC Route,Dry,"Two-Way, Not Divided",None,T-Intersection,Smooth Asphalt,2 lanes,"36.3398570905, -81.5405995127"
3802,Jacksonville,Onslow,Coastal,Commercial,Urban (>70% Developed),NA,Urban,40 - 45  MPH,No Control Present,Clear,No,23,20-24,No,NA,With Traffic,A: Disabling Injury,Bike Lane / Paved Shoulder,White,Male,26,25-29,No,NA,41-45 mph,O: No Injury,White,Male,Sport Utility,No,06APR2010,Tuesday,Motorist Overtaking Bicyclist,6,Non-Intersection,April,A: Disabling Injury,06:35:00,Motorist Overtaking - Undetected Bicyclist,2010,Yes,No,Daylight,Straight - Level,Local Street,Dry,"Two-Way, Divided, Unprotected Median",None,No Special Feature,Coarse Asphalt,4 lanes,"34.7913809071, -77.4063521851"
3808,Wrightsville Beach,New Hanover,Coastal,Residential,Urban (>70% Developed),NA,Rural,20 - 25  MPH,No Control Present,Clear,No,49,40-49,No,NA,With Traffic,O: No Injury,Travel Lane,White,Male,24,20-24,No,NA,21-25 mph,O: No Injury,White,Female,Passenger Car,No,07APR2010,Wednesday,Bicyclist Left Turn / Merge,17,Intersection-Related,April,C: Possible Injury,17:10:00,Bicyclist Left Turn - Opposite Direction,2010,No,No,Daylight,Straight - Level,Local Street,Dry,"Two-Way, Not Divided",None,No Special Feature,Smooth Asphalt,2 lanes,"34.212633766, -77.7924982739"
3810,None - Rural Crash,Mcdowell,Mountains,"Farms, Woods, Pastures",Rural (<30% Developed),NA,Rural,50 - 55  MPH,No Control Present,Clear,No,35,30-39,No,NA,With Traffic,B: Evident Injury,Other,White,Male,18,0-19,No,NA,51-55 mph,C: Possible Injury,White,Female,Sport Utility,No,17APR2010,Saturday,Parallel Paths - Other Circumstances,20,Intersection-Related,April,B: Evident Injury,20:20:00,Bicyclist Ride Out - Parallel Path,2010,Yes,No,Dusk,Straight - Grade,US Route,Dry,"Two-Way, Not Divided",None,No Special Feature,Smooth Asphalt,2 lanes,"35.6395599264, -81.9859436049"
3813,Wilson,Wilson,Coastal,Commercial,Urban (>70% Developed),NA,Urban,40 - 45  MPH,No Control Present,Clear,No,52,50-59,No,NA,With Traffic,O: No Injury,Travel Lane,White,Male,32,30-39,No,NA,41-45 mph,O: No Injury,White,Female,Passenger Car,No,15JAN2010,Friday,Bicyclist Left Turn / Merge,12,Non-Intersection,January,O: No Injury,12:18:00,Bicyclist Left Turn - Same Direction,2010,No,No,Daylight,Straight - Hillcrest,Local Street,Dry,"Two-Way, Not Divided",None,Bridge,Coarse Asphalt,4 lanes,"35.7321670949, -77.9000523823"
3814,Wilmington,New Hanover,Coastal,Commercial,Urban (>70% Developed),NA,Urban,30 - 35  MPH,Stop And Go Signal,Clear,No,25,25-29,No,NA,With Traffic,B: Evident Injury,Travel Lane,White,Male,59,50-59,No,NA,31-35 mph,O: No Injury,White,Male,Passenger Car,No,13APR2010,Tuesday,Motorist Overtaking Bicyclist,6,Non-Intersection,April,B: Evident Injury,06:28:00,Motorist Overtaking - Other / Unknown,2010,Yes,No,Daylight,Straight - Grade,Local Street,Dry,"Two-Way, Not Divided",None,No Special Feature,Smooth Asphalt,2 lanes,"34.2091437622, -77.8804123008"
3816,Rocky Mount,Edgecombe,Coastal,Residential,Urban (>70% Developed),NA,Urban,30 - 35  MPH,No Control Present,Clear,No,52,50-59,Yes,NA,With Traffic,C: Possible Injury,Travel Lane,Black,Male,70+,70+,No,NA,16-20 mph,O: No Injury,Black,Male,Pickup,Yes,07MAR2010,Sunday,Bicyclist Left Turn / Merge,19,Non-Intersection,March,C: Possible Injury,19:37:00,Bicyclist Left Turn - Same Direction,2010,Yes,No,Dark - Lighted Roadway,Straight - Level,Local Street,Dry,"Two-Way, Not Divided",None,No Special Feature,Smooth Asphalt,4 lanes,"35.9430871442, -77.7804283563"
3826,Raleigh,Wake,Piedmont,Commercial,Urban (>70% Developed),NA,Urban,30 - 35  MPH,Stop And Go Signal,Clear,No,34,30-39,No,NA,Facing Traffic,C: Possible Injury,Sidewalk / Crosswalk / Driveway Crossing,White,Male,70+,70+,No,NA,0-5 mph,O: No Injury,White,Female,Passenger Car,No,31MAR2010,Wednesday,Motorist Failed to Yield - Signalized Intersection,13,Intersection,March,C: Possible Injury,13:31:00,Motorist Drive Out - Signalized Intersection,2010,No,No,Daylight,Straight - Level,Local Street,Dry,"Two-Way, Divided, Unprotected Median",None,"Driveway, Public",Smooth Asphalt,4 lanes,"35.8751751004, -78.6233526091"
3832,Wilson,Wilson,Coastal,Residential,Urban (>70% Developed),NA,Urban,30 - 35  MPH,No Control Present,Clear,No,40,40-49,Yes,NA,Not Applicable,B: Evident Injury,Travel Lane,Black,Female,50,50-59,No,NA,11-15 mph,O: No Injury,Black,Male,Van,Yes,02APR2010,Friday,Crossing Paths - Other Circumstances,16,Intersection-Related,April,B: Evident Injury,16:28:00,Crossing Paths - Uncontrolled Intersection,2010,Yes,No,Daylight,Straight - Level,Local Street,Dry,"Two-Way, Not Divided",None,No Special Feature,Coarse Asphalt,2 lanes,"35.7093070892, -77.9215423876"
3833,None - Rural Crash,Halifax,Coastal,"Farms, Woods, Pastures",Rural (<30% Developed),NA,Rural,50 - 55  MPH,No Control Present,Clear,No,57,50-59,No,NA,With Traffic,C: Possible Injury,Travel Lane,Black,Male,33,30-39,No,NA,51-55 mph,O: No Injury,Black,Male,Sport Utility,No,21APR2010,Wednesday,Motorist Overtaking Bicyclist,19,Non-Intersection,April,C: Possible Injury,19:22:00,Motorist Overtaking - Other / Unknown,2010,Yes,No,Dusk,Straight - Level,NC Route,Dry,"Two-Way, Not Divided",None,No Special Feature,Smooth Asphalt,2 lanes,"36.0188211734, -77.4108922481"
3836,Warsaw,Duplin,Coastal,Residential,Rural (<30% Developed),NA,Rural,30 - 35  MPH,No Control Present,Clear,No,21,20-24,No,NA,Facing Traffic,B: Evident Injury,Travel Lane,Black,Male,NA,NA,Missing,NA,31-35 mph,Unknown Injury,Unknown/Missing,NA,Passenger Car,No,19APR2010,Monday,Head-On,20,Non-Intersection,April,B: Evident Injury,20:00:00,Head-On - Bicyclist,2010,No,Yes,Daylight,Straight - Level,Local Street,Dry,"Two-Way, Not Divided",None,No Special Feature,Coarse Asphalt,2 lanes,"35.0039969311, -78.0848724017"
3841,Charlotte,Mecklenburg,Piedmont,Residential,Urban (>70% Developed),NA,Urban,40 - 45  MPH,No Control Present,Clear,No,59,50-59,No,NA,With Traffic,B: Evident Injury,Travel Lane,White,Female,36,30-39,No,NA,36-40 mph,O: No Injury,Black,Female,Sport Utility,No,13APR2010,Tuesday,Motorist Overtaking Bicyclist,13,Non-Intersection,April,B: Evident Injury,13:16:00,Motorist Overtaking - Bicyclist Swerved,2010,Yes,No,Daylight,Straight - Level,Local Street,Dry,"Two-Way, Not Divided",None,No Special Feature,Smooth Asphalt,4 lanes,"35.1686168711, -80.7953732244"
3843,Wilmington,New Hanover,Coastal,Commercial,Urban (>70% Developed),NA,Urban,40 - 45  MPH,Stop Sign,Clear,No,37,30-39,No,NA,With Traffic,B: Evident Injury,Travel Lane,White,Male,32,30-39,No,NA,41-45 mph,O: No Injury,White,Female,Passenger Car,No,09APR2010,Friday,Motorist Right Turn / Merge,14,Intersection,April,B: Evident Injury,14:09:00,Motorist Right Turn - Same Direction,2010,Yes,No,Daylight,Straight - Level,Local Street,Dry,"Two-Way, Not Divided",None,Related To Intersection,Coarse Asphalt,5 lanes,"34.2218667671, -77.819732283"
3849,None - Rural Crash,Richmond,Piedmont,Commercial,Urban (>70% Developed),NA,Rural,30 - 35  MPH,"Double Yellow Line, No Passing Zone",Clear,No,56,50-59,Yes,NA,With Traffic,B: Evident Injury,Bike Lane / Paved Shoulder,Black,Male,59,50-59,No,NA,21-25 mph,O: No Injury,Black,Male,Passenger Car,Yes,15APR2010,Thursday,Motorist Overtaking Bicyclist,13,Non-Intersection,April,B: Evident Injury,13:00:00,Motorist Overtaking - Misjudged Space,2010,Yes,No,Daylight,Straight - Level,State Secondary Route,Dry,"Two-Way, Not Divided",None,No Special Feature,Coarse Asphalt,2 lanes,"35.0409668886, -79.5456628439"
3850,Whiteville,Columbus,Coastal,Residential,Urban (>70% Developed),NA,Urban,30 - 35  MPH,Stop And Go Signal,Clear,No,44,40-49,No,NA,With Traffic,C: Possible Injury,Travel Lane,Hispanic,Male,63,60-69,No,NA,0-5 mph,O: No Injury,White,Male,Pickup,No,18APR2010,Sunday,Loss of Control / Turning Error,20,Intersection,April,C: Possible Injury,20:19:00,Bicyclist Turning Error - Right Turn,2010,Yes,No,Dark - Lighted Roadway,Straight - Level,Local Street,Dry,"Two-Way, Not Divided",None,Four-Way Intersection,Coarse Asphalt,4 lanes,"34.3389467636, -78.7059125557"
3855,Charlotte,Mecklenburg,Piedmont,Commercial,Mixed (30% To 70% Developed),NA,Urban,40 - 45  MPH,Stop And Go Signal,Clear,No,21,20-24,No,NA,Not Applicable,B: Evident Injury,Sidewalk / Crosswalk / Driveway Crossing,White,Male,18,0-19,No,NA,41-45 mph,O: No Injury,White,Female,Passenger Car,No,21APR2010,Wednesday,Bicyclist Failed to Yield - Sign-Controlled Intersection,20,Intersection,April,B: Evident Injury,20:33:00,Bicyclist Ride Through - Sign-Controlled Intersection,2010,No,No,Dark - Lighted Roadway,Straight - Level,Local Street,Dry,"Two-Way, Divided, Unprotected Median",None,No Special Feature,Smooth Asphalt,7 lanes,"35.3024589025, -80.7290032117"
3856,None - Rural Crash,Pasquotank,Coastal,"Farms, Woods, Pastures",Rural (<30% Developed),NA,Rural,50 - 55  MPH,No Control Present,Clear,No,61,60-69,No,NA,With Traffic,B: Evident Injury,Travel Lane,White,Female,70+,70+,No,NA,46-50 mph,O: No Injury,White,Male,Van,No,11APR2010,Sunday,Motorist Overtaking Bicyclist,9,Non-Intersection,April,B: Evident Injury,09:40:00,Motorist Overtaking - Other / Unknown,2010,Yes,No,Daylight,Straight - Level,State Secondary Route,Dry,"Two-Way, Not Divided",None,No Special Feature,Smooth Asphalt,2 lanes,"36.2680542662, -76.2439369027"
3860,None - Rural Crash,Hertford,Coastal,"Farms, Woods, Pastures",Rural (<30% Developed),NA,Rural,50 - 55  MPH,No Control Present,Clear,No,56,50-59,No,NA,With Traffic,B: Evident Injury,Travel Lane,Black,Male,26,25-29,No,NA,36-40 mph,O: No Injury,Black,Male,Passenger Car,No,25APR2010,Sunday,Bicyclist Left Turn / Merge,18,Non-Intersection,April,B: Evident Injury,18:05:00,Bicyclist Left Turn - Same Direction,2010,Yes,No,Daylight,Straight - Level,State Secondary Route,NA,"Two-Way, Not Divided",None,No Special Feature,Smooth Asphalt,2 lanes,"36.4430992742, -77.1205321809"
3870,Chapel Hill,Orange,Piedmont,Residential,Urban (>70% Developed),NA,Urban,20 - 25  MPH,Stop And Go Signal,Clear,No,30,30-39,No,NA,Facing Traffic,B: Evident Injury,Sidewalk / Crosswalk / Driveway Crossing,Black,Female,35,30-39,No,NA,6-10 mph,O: No Injury,White,Male,Passenger Car,No,30APR2010,Friday,Motorist Failed to Yield - Signalized Intersection,18,Intersection,April,B: Evident Injury,18:33:00,Motorist Drive Out - Signalized Intersection,2010,Yes,No,Daylight,Straight - Grade,NC Route,Dry,"Two-Way, Divided, Unprotected Median",None,Four-Way Intersection,Smooth Asphalt,9 or more lanes,"35.9050070926, -79.01642273"
3874,Fayetteville,Cumberland,Coastal,Residential,Urban (>70% Developed),NA,Urban,30 - 35  MPH,Stop Sign,Clear,No,13,11-15,No,NA,Facing Traffic,B: Evident Injury,Sidewalk / Crosswalk / Driveway Crossing,White,Female,59,50-59,No,NA,0-5 mph,O: No Injury,Black,Male,Pickup,No,06MAY2010,Thursday,Motorist Failed to Yield - Sign-Controlled Intersection,16,Intersection,May,B: Evident Injury,16:04:00,Motorist Drive Out - Sign-Controlled Intersection,2010,Yes,No,Daylight,Straight - Grade,Local Street,Dry,"Two-Way, Divided, Unprotected Median",None,Four-Way Intersection,Coarse Asphalt,3 lanes,"35.0286469072, -78.9446726627"
3876,None - Rural Crash,Sampson,Coastal,"Farms, Woods, Pastures",Rural (<30% Developed),NA,Rural,50 - 55  MPH,No Control Present,Clear,No,66,60-69,No,NA,With Traffic,B: Evident Injury,Bike Lane / Paved Shoulder,Black,Male,NA,NA,No,NA,41-45 mph,Unknown Injury,Unknown/Missing,NA,NA,No,07MAY2010,Friday,Motorist Overtaking Bicyclist,5,Non-Intersection,May,B: Evident Injury,05:48:00,Motorist Overtaking - Misjudged Space,2010,Yes,Yes,Dark - Roadway Not Lighted,Straight - Level,NC Route,Dry,"Two-Way, Not Divided",None,No Special Feature,Coarse Asphalt,2 lanes,"35.0101199253, -78.3004524663"
3877,None - Rural Crash,Stanly,Piedmont,"Farms, Woods, Pastures",Rural (<30% Developed),NA,Rural,40 - 45  MPH,Stop Sign,Clear,No,54,50-59,No,NA,With Traffic,A: Disabling Injury,Travel Lane,Hispanic,Male,38,30-39,No,NA,41-45 mph,C: Possible Injury,White,Female,Sport Utility,No,07MAY2010,Friday,Bicyclist Failed to Yield - Sign-Controlled Intersection,15,Intersection,May,A: Disabling Injury,15:12:00,Bicyclist Ride Through - Sign-Controlled Intersection,2010,Yes,No,Daylight,Curve - Grade,State Secondary Route,Dry,"Two-Way, Not Divided",None,Four-Way Intersection,Smooth Asphalt,2 lanes,"35.3733629399, -80.1171370328"
3881,Raleigh,Wake,Piedmont,Residential,Urban (>70% Developed),NA,Urban,40 - 45  MPH,No Control Present,Clear,No,NA,NA,Missing,NA,Facing Traffic,Unknown Injury,Travel Lane,Unknown/Missing,NA,43,40-49,No,NA,41-45 mph,O: No Injury,White,Female,Van,No,16APR2010,Friday,Crossing Paths - Other Circumstances,19,Intersection,April,O: No Injury,19:42:00,Crossing Paths - Intersection - Other / Unknown,2010,No,No,Dusk,Straight - Hillcrest,Local Street,Dry,"Two-Way, Divided, Unprotected Median",None,No Special Feature,Smooth Asphalt,4 lanes,"35.944721118, -78.5558125922"
3882,Raleigh,Wake,Piedmont,Commercial,Urban (>70% Developed),NA,Urban,40 - 45  MPH,No Control Present,Cloudy,No,47,40-49,No,NA,With Traffic,O: No Injury,Travel Lane,White,Female,58,50-59,No,NA,21-25 mph,O: No Injury,White,Female,Passenger Car,No,17APR2010,Saturday,Bicyclist Overtaking Motorist,8,Intersection-Related,April,O: No Injury,08:01:00,Bicyclist Overtaking - Other / Unknown,2010,No,No,Daylight,Straight - Level,Local Street,Dry,"Two-Way, Not Divided",None,No Special Feature,Smooth Asphalt,5 lanes,"35.8906321037, -78.6274826108"
3887,Raleigh,Wake,Piedmont,Commercial,Urban (>70% Developed),NA,Urban,40 - 45  MPH,No Control Present,Clear,No,28,25-29,Yes,NA,With Traffic,B: Evident Injury,Travel Lane,White,Male,40,40-49,No,NA,16-20 mph,C: Possible Injury,White,Male,Sport Utility,Yes,03APR2010,Saturday,Bicyclist Left Turn / Merge,15,Intersection-Related,April,B: Evident Injury,15:24:00,Bicyclist Left Turn - Same Direction,2010,Yes,No,Daylight,Straight - Level,Local Street,Dry,"Two-Way, Divided, Unprotected Median",None,No Special Feature,Smooth Asphalt,4 lanes,"35.7938270799, -78.7059276295"
3894,Durham,Durham,Piedmont,Residential,Urban (>70% Developed),NA,Urban,30 - 35  MPH,No Control Present,Clear,No,39,30-39,No,NA,With Traffic,B: Evident Injury,Travel Lane,White,Male,26,25-29,No,NA,31-35 mph,O: No Injury,White,Female,Passenger Car,No,10MAY2010,Monday,Bicyclist Left Turn / Merge,21,Intersection-Related,May,B: Evident Injury,21:44:00,Bicyclist Left Turn - Same Direction,2010,Yes,No,Dark - Lighted Roadway,Straight - Level,Local Street,Dry,"Two-Way, Not Divided",None,No Special Feature,Smooth Asphalt,2 lanes,"35.9361151019, -78.9466277105"
3909,Pittsboro,Chatham,Piedmont,Commercial,Urban (>70% Developed),NA,Rural,40 - 45  MPH,No Control Present,Clear,Yes,14,11-15,No,NA,Not Applicable,O: No Injury,Travel Lane,White,Female,57,50-59,No,NA,21-25 mph,C: Possible Injury,White,Male,Motorcycle,No,03APR2010,Saturday,Bicyclist Failed to Yield - Midblock,15,Non-Intersection,April,C: Possible Injury,15:12:00,Bicyclist Ride Out - Other Midblock,2010,No,No,Daylight,Straight - Level,Local Street,Dry,"Two-Way, Not Divided",None,No Special Feature,Smooth Asphalt,2 lanes,"35.7220640477, -79.1868027721"
3910,Charlotte,Mecklenburg,Piedmont,Residential,Mixed (30% To 70% Developed),NA,Urban,40 - 45  MPH,Stop Sign,Clear,No,37,30-39,No,NA,With Traffic,B: Evident Injury,Travel Lane,White,Male,70+,70+,No,NA,26-30 mph,O: No Injury,White,Female,Passenger Car,No,05MAY2010,Wednesday,Motorist Left Turn / Merge,11,Intersection,May,B: Evident Injury,11:19:00,Motorist Left Turn - Opposite Direction,2010,Yes,No,Daylight,Straight - Level,Local Street,Dry,"Two-Way, Not Divided",None,T-Intersection,Smooth Asphalt,2 lanes,"35.0792338448, -81.005908282"
3914,Gastonia,Gaston,Piedmont,Residential,Urban (>70% Developed),NA,Urban,20 - 25  MPH,No Control Present,Clear,No,4,0-5,No,NA,With Traffic,O: No Injury,Travel Lane,Black,Female,18,0-19,No,NA,16-20 mph,B: Evident Injury,Hispanic,Female,Passenger Car,No,05MAY2010,Wednesday,Head-On,15,Non-Intersection,May,B: Evident Injury,15:49:00,Head-On - Bicyclist,2010,Yes,No,Daylight,Straight - Level,Local Street,Dry,"Two-Way, Not Divided",None,"Driveway, Public",Smooth Asphalt,2 lanes,"35.2365028701, -81.2169433533"
3924,Greensboro,Guilford,Piedmont,Residential,Urban (>70% Developed),NA,Urban,30 - 35  MPH,No Control Present,Clear,No,25,25-29,No,NA,With Traffic,B: Evident Injury,Travel Lane,Black,Male,NA,NA,Missing,NA,NA,Unknown Injury,Unknown/Missing,NA,Passenger Car,No,08MAY2010,Saturday,Bicyclist Overtaking Motorist,3,Intersection-Related,May,B: Evident Injury,03:43:00,Bicyclist Overtaking - Parked Vehicle,2010,Yes,No,Dark - Lighted Roadway,Straight - Grade,Local Street,Dry,"Two-Way, Not Divided",None,No Special Feature,Coarse Asphalt,2 lanes,"36.0610730973, -79.8093429784"
3927,Charlotte,Mecklenburg,Piedmont,Residential,Urban (>70% Developed),NA,Urban,20 - 25  MPH,No Control Present,Clear,No,46,40-49,Yes,NA,With Traffic,B: Evident Injury,Travel Lane,Black,Female,48,40-49,No,NA,21-25 mph,O: No Injury,Black,Male,Pickup,Yes,26APR2010,Monday,Loss of Control / Turning Error,12,Non-Intersection,April,B: Evident Injury,12:45:00,Bicyclist Lost Control - Other / Unknown,2010,Yes,No,Daylight,Straight - Grade,Local Street,Dry,"Two-Way, Divided, Positive Median Barrier",None,No Special Feature,Smooth Asphalt,2 lanes,"35.280696893, -80.8573792488"
3928,Charlotte,Mecklenburg,Piedmont,Residential,Urban (>70% Developed),NA,Urban,30 - 35  MPH,Stop Sign,Clear,No,50,50-59,No,NA,NA,C: Possible Injury,Travel Lane,White,Male,39,30-39,No,NA,0-5 mph,O: No Injury,Asian,Male,Sport Utility,No,01MAY2010,Saturday,Other / Unknown - Insufficient Details,16,Non-Intersection,May,C: Possible Injury,16:32:00,Unknown Approach Paths,2010,No,No,Daylight,Straight - Level,Local Street,Dry,"Two-Way, Not Divided",None,No Special Feature,Smooth Asphalt,2 lanes,"35.1344968628, -80.8401232364"
3945,Graham,Alamance,Piedmont,Residential,Urban (>70% Developed),NA,Urban,30 - 35  MPH,Stop And Go Signal,Clear,No,16,16-19,No,NA,Facing Traffic,B: Evident Injury,Sidewalk / Crosswalk / Driveway Crossing,Black,Male,64,60-69,No,NA,6-10 mph,O: No Injury,White,Male,Van,No,13MAY2010,Thursday,Motorist Right Turn / Merge,21,Intersection,May,B: Evident Injury,21:40:00,Motorist Right Turn - Opposite Direction,2010,Yes,No,Dark - Roadway Not Lighted,Straight - Level,Local Street,Dry,"Two-Way, Not Divided",None,Four-Way Intersection,Smooth Asphalt,2 lanes,"36.0731371145, -79.3985328549"
3947,Rocky Mount,Nash,Coastal,Commercial,Urban (>70% Developed),NA,Urban,40 - 45  MPH,Stop Sign,Clear,No,52,50-59,No,NA,Facing Traffic,B: Evident Injury,Travel Lane,White,Male,NA,NA,Missing,NA,21-25 mph,Unknown Injury,Unknown/Missing,NA,NA,No,01APR2010,Thursday,Head-On,10,Intersection-Related,April,B: Evident Injury,10:21:00,Head-On - Bicyclist,2010,No,Yes,Daylight,Straight - Level,Local Street,Dry,"Two-Way, Divided, Unprotected Median",None,T-Intersection,Coarse Asphalt,5 lanes,"35.9667771493, -77.8033023643"
3951,Rocky Mount,Nash,Coastal,Residential,Urban (>70% Developed),NA,Urban,30 - 35  MPH,Stop Sign,Clear,No,7,6-10,No,NA,With Traffic,O: No Injury,Travel Lane,Black,Male,57,50-59,No,NA,26-30 mph,O: No Injury,Black,Female,Passenger Car,No,03APR2010,Saturday,Bicyclist Failed to Yield - Sign-Controlled Intersection,19,Intersection,April,O: No Injury,19:00:00,Bicyclist Ride Out - Sign-Controlled Intersection,2010,No,No,Daylight,Straight - Level,Local Street,Dry,"One-Way, Not Divided",None,No Special Feature,Grooved Concrete,2 lanes,"35.9446601443, -77.8040523637"