object_id,city,county,region,development,locality,on_road,rural_urban,speed_limit,traffic_control,weather,workzone,bike_age,bike_age_group,bike_alcohol,bike_alcohol_drugs,bike_direction,bike_injury,bike_position,bike_race,bike_sex,driver_age,driver_age_group,driver_alcohol,driver_alcohol_drugs,driver_est_speed,driver_injury,driver_race,driver_sex,driver_vehicle_type,crash_alcohol,crash_date,crash_day,crash_group,crash_hour,crash_location,crash_month,crash_severity,crash_time,crash_type,crash_year,ambulance_req,hit_run,light_condition,road_character,road_class,road_condition,road_configuration,road_defects,road_feature,road_surface,num_lanes,geo_point
6720,Mooresville,Iredell,Piedmont,Residential,Urban (>70% Developed),NA,Urban,30 - 35  MPH,No Control Present,Clear,No,12,11-15,No,NA,With Traffic,B: Evident Injury,Travel Lane,White,Male,45,40-49,No,NA,6-10 mph,O: No Injury,White,Male,Pickup,No,26APR2007,Thursday,Motorist Right Turn / Merge,18,Non-Intersection,April,B: Evident Injury,18:50:00,Motorist Right Turn - Same Direction,2007,No,No,Daylight,Straight - Level,Local Street,Dry,"Two-Way, Not Divided",None,"Driveway, Public",Coarse Asphalt,2 lanes,"35.5737529568, -80.8222692545"
6738,None - Rural Crash,Union,Piedmont,Residential,Urban (>70% Developed),NA,Rural,30 - 35  MPH,No Control Present,Clear,No,11,11-15,No,NA,NA,C: Possible Injury,Travel Lane,White,Male,NA,NA,Missing,NA,0-5 mph,Unknown Injury,Unknown/Missing,NA,NA,No,01MAY2007,Tuesday,Backing Vehicle,17,Intersection,May,C: Possible Injury,17:00:00,Backing Vehicle,2007,No,Yes,Daylight,Straight - Level,State Secondary Route,Dry,"Two-Way, Not Divided",None,No Special Feature,Smooth Asphalt,2 lanes,"34.9786768377, -80.6018631564"
6739,Kenly,Johnston,Coastal,Residential,Urban (>70% Developed),NA,Rural,20 - 25  MPH,Stop Sign,Clear,No,17,16-19,No,NA,With Traffic,O: No Injury,Travel Lane,White,Male,53,50-59,No,NA,11-15 mph,O: No Injury,White,Male,Passenger Car,No,30JUL2007,Monday,Bicyclist Failed to Yield - Sign-Controlled Intersection,7,Intersection,July,O: No Injury,07:07:00,Bicyclist Ride Through - Sign-Controlled Intersection,2007,No,No,Daylight,Straight - Level,Local Street,Dry,"Two-Way, Not Divided",None,No Special Feature,Smooth Asphalt,2 lanes,"35.5934770572, -78.1243464431"
6744,None - Rural Crash,Cumberland,Coastal,Commercial,Urban (>70% Developed),NA,Rural,40 - 45  MPH,No Control Present,Clear,No,61,60-69,No,NA,Facing Traffic,B: Evident Injury,Travel Lane,White,Male,35,30-39,No,NA,36-40 mph,O: No Injury,Hispanic,Male,Pickup,No,03MAY2007,Thursday,Head-On,20,Non-Intersection,May,B: Evident Injury,20:27:00,Head-On - Bicyclist,2007,Yes,No,Dark - Roadway Not Lighted,Straight - Level,State Secondary Route,Dry,"Two-Way, Not Divided",None,No Special Feature,Coarse Asphalt,5 lanes,"35.0137019035, -78.9379626597"
6754,Charlotte,Mecklenburg,Piedmont,Commercial,Urban (>70% Developed),NA,Urban,30 - 35  MPH,No Control Present,Clear,No,56,50-59,No,NA,Facing Traffic,C: Possible Injury,Sidewalk / Crosswalk / Driveway Crossing,Black,Male,21,20-24,No,NA,0-5 mph,O: No Injury,Black,Male,Passenger Car,No,21JUL2007,Saturday,Motorist Failed to Yield - Midblock,17,Non-Intersection,July,C: Possible Injury,17:09:00,Motorist Drive Out - Commercial Driveway / Alley,2007,No,No,Daylight,Straight - Level,Local Street,Dry,"Two-Way, Not Divided",None,No Special Feature,Smooth Asphalt,4 lanes,"35.2545068885, -80.8246932373"
6761,None - Rural Crash,Robeson,Coastal,Residential,Mixed (30% To 70% Developed),NA,Rural,40 - 45  MPH,No Control Present,Clear,No,9,6-10,No,NA,Not Applicable,B: Evident Injury,Driveway / Alley,Black,Male,31,30-39,No,NA,26-30 mph,O: No Injury,Black,Female,Passenger Car,No,10MAY2007,Thursday,Bicyclist Failed to Yield - Midblock,18,Non-Intersection,May,B: Evident Injury,18:07:00,Bicyclist Ride Out - Residential Driveway,2007,Yes,No,Daylight,Straight - Level,State Secondary Route,Dry,"Two-Way, Not Divided",None,"Driveway, Private",Coarse Asphalt,2 lanes,"34.5920868082, -79.0389276683"
6776,Raleigh,Wake,Piedmont,Commercial,Urban (>70% Developed),NA,Urban,20 - 25  MPH,No Control Present,Clear,No,NA,NA,Yes,NA,Facing Traffic,C: Possible Injury,Sidewalk / Crosswalk / Driveway Crossing,Black,Female,25,25-29,No,NA,16-20 mph,O: No Injury,White,Male,Sport Utility,Yes,06MAY2007,Sunday,Parallel Paths - Other Circumstances,17,Non-Intersection,May,C: Possible Injury,17:32:00,Bicyclist Ride Out - Parallel Path,2007,No,No,Daylight,Straight - Level,Local Street,Wet,"Two-Way, Not Divided",None,No Special Feature,Smooth Asphalt,4 lanes,"35.7803800799, -78.6223166039"
6781,None - Rural Crash,Iredell,Piedmont,"Farms, Woods, Pastures",Rural (<30% Developed),NA,Rural,50 - 55  MPH,"Double Yellow Line, No Passing Zone",Clear,No,36,30-39,No,NA,With Traffic,B: Evident Injury,Travel Lane,White,Male,65,60-69,No,NA,51-55 mph,O: No Injury,White,Female,Passenger Car,No,16MAY2007,Wednesday,Motorist Right Turn / Merge,19,Intersection,May,B: Evident Injury,19:03:00,Motorist Right Turn - Same Direction,2007,No,No,Dusk,Straight - Level,State Secondary Route,Dry,"Two-Way, Not Divided",None,T-Intersection,Coarse Asphalt,2 lanes,"35.5263089479, -80.7974932441"
6790,Wilmington,New Hanover,Coastal,Commercial,Urban (>70% Developed),NA,Urban,30 - 35  MPH,Stop Sign,Clear,No,26,25-29,No,NA,With Traffic,B: Evident Injury,Travel Lane,White,Male,70+,70+,No,NA,11-15 mph,O: No Injury,White,Male,Pickup,No,18MAY2007,Friday,Motorist Failed to Yield - Sign-Controlled Intersection,14,Intersection,May,B: Evident Injury,14:16:00,Motorist Drive Out - Sign-Controlled Intersection,2007,Yes,No,Daylight,Straight - Level,Local Street,Dry,"Two-Way, Not Divided",Other,Railroad Crossing,Smooth Asphalt,3 lanes,"34.2226707636, -77.9472683222"
6793,Rocky Mount,Edgecombe,Coastal,Residential,Urban (>70% Developed),NA,Urban,30 - 35  MPH,No Control Present,Clear,No,9,6-10,No,NA,With Traffic,O: No Injury,NA,Black,Male,29,25-29,No,NA,26-30 mph,O: No Injury,Black,Female,Passenger Car,No,20MAY2007,Sunday,Crossing Paths - Other Circumstances,14,Intersection,May,O: No Injury,14:49:00,Crossing Paths - Intersection - Other / Unknown,2007,Yes,No,Daylight,Straight - Hillcrest,Local Street,Dry,"One-Way, Not Divided",None,No Special Feature,Smooth Asphalt,3 lanes,"35.9388991433, -77.7923323598"
6800,Durham,Durham,Piedmont,Commercial,Mixed (30% To 70% Developed),NA,Urban,30 - 35  MPH,Stop And Go Signal,Clear,No,37,30-39,No,NA,NA,C: Possible Injury,NA,Black,Male,37,30-39,No,NA,11-15 mph,O: No Injury,Black,Male,Pickup,No,20AUG2007,Monday,Bicyclist Failed to Yield - Signalized Intersection,9,Intersection-Related,August,C: Possible Injury,09:46:00,Bicyclist Ride Through - Signalized Intersection,2007,Yes,No,Daylight,Straight - Level,Local Street,Dry,"Two-Way, Not Divided",None,No Special Feature,Smooth Asphalt,2 lanes,"35.9937271169, -78.8701126904"
6806,None - Rural Crash,Guilford,Piedmont,Residential,Mixed (30% To 70% Developed),NA,Rural,40 - 45  MPH,"Double Yellow Line, No Passing Zone",Clear,No,15,11-15,No,NA,With Traffic,C: Possible Injury,Travel Lane,White,Male,20,20-24,No,NA,41-45 mph,O: No Injury,White,Female,Passenger Car,No,23MAY2007,Wednesday,Motorist Overtaking Bicyclist,19,Intersection,May,C: Possible Injury,19:20:00,Motorist Overtaking - Bicyclist Swerved,2007,Yes,No,Daylight,Straight - Grade,NC Route,Dry,"Two-Way, Not Divided",None,T-Intersection,Coarse Asphalt,2 lanes,"35.9217570629, -79.9314070068"
6814,None - Rural Crash,Wayne,Coastal,Residential,Urban (>70% Developed),NA,Rural,30 - 35  MPH,No Control Present,Clear,No,52,50-59,No,NA,With Traffic,B: Evident Injury,Travel Lane,White,Male,28,25-29,No,NA,31-35 mph,O: No Injury,White,Male,Pickup,No,24MAY2007,Thursday,Motorist Overtaking Bicyclist,18,Non-Intersection,May,B: Evident Injury,18:43:00,Motorist Overtaking - Other / Unknown,2007,Yes,No,Daylight,Straight - Level,State Secondary Route,Dry,"Two-Way, Not Divided",None,No Special Feature,Coarse Asphalt,2 lanes,"35.3266970063, -77.9341223716"
6820,Charlotte,Mecklenburg,Piedmont,Commercial,Urban (>70% Developed),NA,Urban,30 - 35  MPH,No Control Present,Clear,No,29,25-29,No,NA,Facing Traffic,A: Disabling Injury,Travel Lane,Black,Male,NA,NA,Missing,NA,21-25 mph,Unknown Injury,Unknown/Missing,NA,NA,No,26MAY2007,Saturday,Head-On,1,Non-Intersection,May,A: Disabling Injury,01:23:00,Head-On - Bicyclist,2007,Yes,Yes,Dark - Lighted Roadway,Straight - Level,Local Street,Dry,"One-Way, Not Divided",None,No Special Feature,Smooth Asphalt,3 lanes,"35.2305438826, -80.8447982428"
6827,New Bern,Craven,Coastal,"Farms, Woods, Pastures",Urban (>70% Developed),NA,Urban,50 - 55  MPH,No Control Present,Clear,No,47,40-49,No,NA,Not Applicable,A: Disabling Injury,NA,White,Male,43,40-49,No,NA,NA,O: No Injury,White,Male,Pickup,No,27MAY2007,Sunday,Bicyclist Failed to Yield - Midblock,18,Non-Intersection,May,A: Disabling Injury,18:00:00,Bicyclist Ride Out - Midblock - Unknown,2007,Yes,No,Daylight,Straight - Level,US Route,Dry,"Two-Way, Divided, Positive Median Barrier",None,Bridge Approach,Smooth Asphalt,5 lanes,"35.1004369863, -77.056887094"
6831,Durham,Durham,Piedmont,Residential,Urban (>70% Developed),NA,Urban,30 - 35  MPH,No Control Present,Clear,No,36,30-39,No,NA,With Traffic,B: Evident Injury,Travel Lane,White,Male,27,25-29,No,NA,31-35 mph,O: No Injury,White,Male,"Single Unit Truck (2-Axle, 6-Tire)",No,29AUG2007,Wednesday,Motorist Right Turn / Merge,13,Intersection,August,B: Evident Injury,13:57:00,Motorist Right Turn - Same Direction,2007,Yes,No,Daylight,Straight - Grade,Local Street,Dry,"Two-Way, Not Divided",None,No Special Feature,Smooth Asphalt,3 lanes,"35.9270241046, -78.8263726741"
6836,Durham,Durham,Piedmont,Residential,Urban (>70% Developed),NA,Urban,30 - 35  MPH,Stop And Go Signal,Rain,No,11,11-15,No,NA,With Traffic,B: Evident Injury,NA,Black,Male,26,25-29,No,NA,26-30 mph,O: No Injury,Hispanic,Male,Pickup,No,27JUL2007,Friday,Bicyclist Failed to Yield - Signalized Intersection,21,Intersection,July,B: Evident Injury,21:29:00,Bicyclist Ride Out - Signalized  Intersection,2007,Yes,No,Dark - Lighted Roadway,Straight - Level,Local Street,Wet,"Two-Way, Not Divided",None,No Special Feature,Smooth Asphalt,2 lanes,"35.9902771164, -78.8579276861"
6839,Asheville,Buncombe,Mountains,Commercial,Urban (>70% Developed),NA,Urban,30 - 35  MPH,Stop And Go Signal,Clear,No,31,30-39,No,NA,With Traffic,B: Evident Injury,Travel Lane,White,Female,16,0-19,No,NA,6-10 mph,O: No Injury,Black,Male,Van,No,31MAY2007,Thursday,Motorist Right Turn / Merge,21,Intersection,May,B: Evident Injury,21:14:00,Motorist Right Turn - Same Direction,2007,No,No,Dusk,Straight - Level,Local Street,Dry,"Two-Way, Not Divided",None,"Five-Point, Or More",Smooth Asphalt,5 lanes,"35.6033698972, -82.5574837718"
6843,Burlington,Alamance,Piedmont,Residential,Urban (>70% Developed),NA,Urban,30 - 35  MPH,Stop Sign,Clear,No,12,11-15,No,NA,With Traffic,B: Evident Injury,Travel Lane,Hispanic,Male,22,20-24,No,NA,21-25 mph,O: No Injury,Black,Female,Passenger Car,No,01JUN2007,Friday,Bicyclist Failed to Yield - Sign-Controlled Intersection,17,Intersection,June,B: Evident Injury,17:36:00,Bicyclist Ride Through - Sign-Controlled Intersection,2007,No,No,Daylight,Straight - Level,Local Street,Dry,"Two-Way, Not Divided",None,Four-Way Intersection,Coarse Asphalt,2 lanes,"36.0757251146, -79.4254428633"
6847,High Point,Guilford,Piedmont,Residential,Urban (>70% Developed),NA,Urban,30 - 35  MPH,Stop Sign,Clear,No,8,6-10,No,NA,With Traffic,C: Possible Injury,Travel Lane,White,Male,30,30-39,No,NA,11-15 mph,O: No Injury,White,Female,Sport Utility,No,02JUN2007,Saturday,Bicyclist Failed to Yield - Sign-Controlled Intersection,11,Intersection,June,C: Possible Injury,11:41:00,Bicyclist Ride Through - Sign-Controlled Intersection,2007,No,No,Daylight,Straight - Level,Local Street,Dry,"Two-Way, Not Divided",None,T-Intersection,Coarse Asphalt,2 lanes,"36.0060000797, -79.9799130261"
6852,Fayetteville,Cumberland,Coastal,Commercial,Urban (>70% Developed),NA,Urban,40 - 45  MPH,No Control Present,Clear,No,66,60-69,No,NA,Not Applicable,C: Possible Injury,NA,White,Male,39,30-39,No,NA,36-40 mph,O: No Injury,Black,Female,Passenger Car,No,05JUN2007,Tuesday,Bicyclist Failed to Yield - Midblock,20,Non-Intersection,June,C: Possible Injury,20:20:00,Bicyclist Ride Out - Midblock - Unknown,2007,Yes,No,Dark - Lighted Roadway,Straight - Level,Local Street,Dry,"Two-Way, Divided, Unprotected Median",None,No Special Feature,Coarse Asphalt,3 lanes,"35.0298149079, -78.9337186588"
6859,None - Rural Crash,Harnett,Coastal,Residential,Mixed (30% To 70% Developed),NA,Rural,40 - 45  MPH,Stop And Go Signal,Clear,No,13,11-15,No,NA,Not Applicable,A: Disabling Injury,NA,White,Male,42,40-49,No,NA,41-45 mph,O: No Injury,White,Male,Pickup,No,07JUN2007,Thursday,Bicyclist Failed to Yield - Signalized Intersection,17,Intersection-Related,June,A: Disabling Injury,17:14:00,Bicyclist Ride Out - Signalized  Intersection,2007,Yes,No,Daylight,Straight - Level,NC Route,Dry,"Two-Way, Not Divided",None,Related To Intersection,Coarse Asphalt,5 lanes,"35.2244869496, -78.9382426708"
2933,Knightdale,Wake,Piedmont,Commercial,Mixed (30% To 70% Developed),NA,Urban,40 - 45  MPH,Stop And Go Signal,Clear,No,61,60-69,No,NA,With Traffic,C: Possible Injury,Travel Lane,Black,Male,43,40-49,No,NA,0-5 mph,O: No Injury,Black,Male,Passenger Car,No,27APR2011,Wednesday,Motorist Failed to Yield - Signalized Intersection,20,Intersection,April,C: Possible Injury,20:45:00,Motorist Drive Out - Right Turn on Red,2011,Yes,No,Dark - Roadway Not Lighted,Curve - Hillcrest,Local Street,Dry,"Two-Way, Divided, Unprotected Median",None,On or Off Ramp,Coarse Asphalt,6 lanes,"35.7950670869, -78.5173025732"
2941,None - Rural Crash,Forsyth,Piedmont,Residential,Rural (<30% Developed),NA,Rural,40 - 45  MPH,No Control Present,Clear,No,56,50-59,No,NA,With Traffic,O: No Injury,Travel Lane,White,Male,47,40-49,No,NA,41-45 mph,O: No Injury,White,Male,Sport Utility,No,30APR2011,Saturday,Motorist Overtaking Bicyclist,11,Non-Intersection,April,O: No Injury,11:05:00,Motorist Overtaking - Misjudged Space,2011,No,No,Daylight,Straight - Level,State Secondary Route,Dry,"Two-Way, Not Divided",Road Surface Condition,No Special Feature,Smooth Asphalt,2 lanes,"36.2470971263, -80.0859030719"
2949,Wrightsville Beach,New Hanover,Coastal,Commercial,Urban (>70% Developed),NA,Rural,5 - 15 MPH,Stop Sign,Cloudy,No,54,50-59,No,NA,With Traffic,C: Possible Injury,Travel Lane,White,Male,45,40-49,No,NA,0-5 mph,O: No Injury,White,Male,Van,No,22APR2011,Friday,Motorist Failed to Yield - Sign-Controlled Intersection,13,Intersection,April,C: Possible Injury,13:42:00,Motorist Drive Out - Sign-Controlled Intersection,2011,Yes,No,Daylight,Straight - Level,US Route,Dry,"Two-Way, Divided, Unprotected Median",None,No Special Feature,Coarse Asphalt,4 lanes,"34.2102667657, -77.7996022768"
2953,None - Rural Crash,Richmond,Piedmont,Residential,Urban (>70% Developed),NA,Rural,30 - 35  MPH,No Control Present,Clear,No,4,0-5,No,NA,With Traffic,C: Possible Injury,Travel Lane,Black,Male,41,40-49,No,NA,11-15 mph,O: No Injury,Black,Female,Sport Utility,No,01MAY2011,Sunday,Loss of Control / Turning Error,16,Non-Intersection,May,C: Possible Injury,16:08:00,Bicyclist Lost Control - Mechanical Problems,2011,Yes,No,Daylight,Straight - Grade,State Secondary Route,Dry,"Two-Way, Not Divided",None,No Special Feature,Smooth Asphalt,2 lanes,"34.9018468505, -79.7793029071"
2956,Chapel Hill,Orange,Piedmont,Commercial,Urban (>70% Developed),NA,Urban,30 - 35  MPH,Stop And Go Signal,Rain,No,48,40-49,No,NA,Facing Traffic,C: Possible Injury,Sidewalk / Crosswalk / Driveway Crossing,White,Male,43,40-49,No,NA,0-5 mph,O: No Injury,White,Female,Van,No,22APR2011,Friday,Bicyclist Failed to Yield - Signalized Intersection,16,Intersection,April,C: Possible Injury,16:02:00,Bicyclist Ride Out - Signalized  Intersection,2011,Yes,No,Daylight,Straight - Level,NC Route,Wet,"Two-Way, Divided, Unprotected Median",None,Four-Way Intersection,Smooth Asphalt,5 lanes,"35.964087104, -79.0582027456"
2971,None - Rural Crash,Lee,Piedmont,"Farms, Woods, Pastures",Mixed (30% To 70% Developed),NA,Rural,50 - 55  MPH,No Control Present,Clear,No,41,40-49,No,NA,With Traffic,C: Possible Injury,Travel Lane,White,Male,70+,70+,No,NA,36-40 mph,O: No Injury,White,Male,Passenger Car,No,09MAY2011,Monday,Motorist Overtaking Bicyclist,16,Non-Intersection,May,C: Possible Injury,16:25:00,Motorist Overtaking - Undetected Bicyclist,2011,Yes,No,Daylight,Straight - Level,State Secondary Route,Dry,"Two-Way, Not Divided",None,No Special Feature,Smooth Asphalt,2 lanes,"35.4450369896, -79.1638027497"
2972,None - Rural Crash,Greene,Coastal,"Farms, Woods, Pastures",Rural (<30% Developed),NA,Rural,50 - 55  MPH,No Control Present,Clear,No,65,60-69,No,NA,With Traffic,C: Possible Injury,Travel Lane,Black,Male,57,50-59,No,NA,51-55 mph,O: No Injury,Black,Female,Sport Utility,No,10MAY2011,Tuesday,Bicyclist Left Turn / Merge,14,Non-Intersection,May,C: Possible Injury,14:43:00,Bicyclist Left Turn - Same Direction,2011,Yes,No,Daylight,Straight - Level,US Route,Dry,"Two-Way, Not Divided",None,"Driveway, Public",Smooth Asphalt,2 lanes,"35.3925870294, -77.665702293"
2974,Durham,Durham,Piedmont,Residential,Urban (>70% Developed),NA,Urban,20 - 25  MPH,Stop Sign,Clear,No,NA,NA,Missing,NA,Facing Traffic,Unknown Injury,Sidewalk / Crosswalk / Driveway Crossing,Unknown/Missing,NA,66,60-69,No,NA,0-5 mph,O: No Injury,Black,Female,Passenger Car,No,10MAY2011,Tuesday,Crossing Paths - Other Circumstances,14,Intersection,May,O: No Injury,14:07:00,Crossing Paths - Intersection - Other / Unknown,2011,No,No,Daylight,Straight - Level,Local Street,Dry,"Two-Way, Not Divided",None,No Special Feature,Smooth Asphalt,2 lanes,"36.0241371214, -78.9180027062"
3000,Charlotte,Mecklenburg,Piedmont,Residential,Urban (>70% Developed),NA,Urban,30 - 35  MPH,No Control Present,Clear,No,52,50-59,No,NA,With Traffic,C: Possible Injury,Travel Lane,Black,Male,33,30-39,No,NA,21-25 mph,O: No Injury,Black,Female,Passenger Car,No,06MAY2011,Friday,Motorist Overtaking Bicyclist,1,Intersection-Related,May,C: Possible Injury,01:19:00,Motorist Overtaking - Undetected Bicyclist,2011,Yes,No,Dawn,Straight - Level,Local Street,"Water (Standing, Moving)","Two-Way, Not Divided",None,No Special Feature,Smooth Asphalt,4 lanes,"35.2538468872, -80.8560032477"
1501,None - Rural Crash,Onslow,Coastal,Residential,Mixed (30% To 70% Developed),SR 1369,Rural,30 - 35  MPH,Stop Sign,Clear,No,56,50-59,No,NA,Facing Traffic,O: No Injury,Travel Lane,Black,Female,55,50-59,No,NA,0-5 mph,O: No Injury,White,Female,Sport Utility,No,26SEP2013,Thursday,Motorist Failed to Yield - Sign-Controlled Intersection,12,Intersection-Related,September,O: No Injury,12:16:00,Motorist Drive Out - Sign-Controlled Intersection,2013,No,No,Daylight,Curve - Level,State Secondary Route,Dry,"Two-Way, Not Divided",None,T-Intersection,Smooth Asphalt,2 lanes,"34.8078169091, -77.449702199"
1503,None - Rural Crash,Alamance,Piedmont,"Farms, Woods, Pastures",Rural (<30% Developed),SR 1558,Rural,50 - 55  MPH,Stop Sign,Clear,No,34,30-39,No,NA,With Traffic,B: Evident Injury,Travel Lane,White,Male,35,30-39,No,NA,31-35 mph,O: No Injury,White,Male,Pickup,No,28SEP2013,Saturday,Motorist Failed to Yield - Sign-Controlled Intersection,7,Intersection,September,B: Evident Injury,07:16:00,Motorist Drive Out - Sign-Controlled Intersection,2013,No,No,Dawn,Straight - Level,NC Route,Dry,"Two-Way, Not Divided",None,T-Intersection,Smooth Asphalt,2 lanes,"36.1682771305, -79.5137028951"
1508,Wilmington,New Hanover,Coastal,Commercial,Urban (>70% Developed),DAWSON ST,Urban,30 - 35  MPH,Stop And Go Signal,Clear,No,36,30-39,No,NA,With Traffic,B: Evident Injury,Travel Lane,Black,Male,27,25-29,No,NA,31-35 mph,O: No Injury,White,Male,Van,No,27AUG2013,Tuesday,Motorist Failed to Yield - Signalized Intersection,7,Intersection,August,B: Evident Injury,07:30:00,Motorist Drive Through - Signalized Intersection,2013,Yes,No,Daylight,Straight - Hillcrest,Local Street,Dry,"Two-Way, Not Divided",None,Four-Way Intersection,Coarse Asphalt,7 lanes,"34.2244467639, -77.9419023205"
1512,Salisbury,Rowan,Piedmont,Residential,Urban (>70% Developed),E FISHER ST,Urban,20 - 25  MPH,Stop Sign,Clear,No,57,50-59,No,NA,Facing Traffic,C: Possible Injury,Sidewalk / Crosswalk / Driveway Crossing,Black,Female,46,40-49,No,NA,0-5 mph,O: No Injury,White,Female,Van,No,01OCT2013,Tuesday,Crossing Paths - Other Circumstances,8,Intersection,October,C: Possible Injury,08:13:00,Sign-Controlled Intersection - Other / Unknown,2013,Yes,No,Daylight,Straight - Level,Local Street,Dry,"Two-Way, Not Divided",None,Four-Way Intersection,Smooth Asphalt,2 lanes,"35.6637369891, -80.467703154"
1513,Raleigh,Wake,Piedmont,Residential,Urban (>70% Developed),TRAILWOOD HILLS DR,Urban,40 - 45  MPH,Stop Sign,Cloudy,No,28,25-29,No,NA,Facing Traffic,C: Possible Injury,Sidewalk / Crosswalk / Driveway Crossing,Black,Male,23,20-24,No,NA,0-5 mph,O: No Injury,White,Male,Passenger Car,No,30SEP2013,Monday,Motorist Failed to Yield - Sign-Controlled Intersection,7,Intersection,September,C: Possible Injury,07:57:00,Motorist Drive Out - Sign-Controlled Intersection,2013,Yes,No,Daylight,Straight - Level,Local Street,Dry,"Two-Way, Not Divided",None,T-Intersection,Coarse Asphalt,2 lanes,"35.7429270704, -78.6833026207"
1523,Charlotte,Mecklenburg,Piedmont,Commercial,Urban (>70% Developed),EAST BLVD,Urban,30 - 35  MPH,No Control Present,Clear,No,50,50-59,No,NA,With Traffic,B: Evident Injury,Bike Lane / Paved Shoulder,White,Male,70+,70+,No,NA,16-20 mph,O: No Injury,White,Male,Passenger Car,No,04OCT2013,Friday,Motorist Left Turn / Merge,17,Non-Intersection,October,B: Evident Injury,17:59:00,Motorist Left Turn - Opposite Direction,2013,Yes,No,Daylight,Straight - Level,Local Street,Dry,"Two-Way, Divided, Unprotected Median",None,No Special Feature,Coarse Asphalt,2 lanes,"35.1996168764, -80.8415032397"
1530,Raleigh,Wake,Piedmont,Residential,Urban (>70% Developed),SHERMAN AVE,Urban,20 - 25  MPH,Stop Sign,Clear,No,29,25-29,No,NA,With Traffic,C: Possible Injury,Travel Lane,White,Female,37,30-39,No,NA,11-15 mph,O: No Injury,Black,Male,Passenger Car,No,30SEP2013,Monday,Motorist Left Turn / Merge,18,Intersection,September,C: Possible Injury,18:08:00,Motorist Left Turn - Opposite Direction,2013,Yes,No,Daylight,Straight - Bottom,Local Street,Dry,"Two-Way, Not Divided",None,Four-Way Intersection,Smooth Asphalt,2 lanes,"35.7836170785, -78.6883026244"
1531,Raleigh,Wake,Piedmont,Residential,Urban (>70% Developed),HILLSBOROUGH ST,Urban,40 - 45  MPH,No Control Present,Clear,No,29,25-29,No,NA,With Traffic,B: Evident Injury,Bike Lane / Paved Shoulder,Asian,Female,23,20-24,No,NA,41-45 mph,O: No Injury,Black,Female,Passenger Car,No,04OCT2013,Friday,Motorist Overtaking Bicyclist,7,Non-Intersection,October,B: Evident Injury,07:07:00,Motorist Overtaking - Other / Unknown,2013,Yes,No,Dawn,Straight - Hillcrest,NC Route,Dry,"Two-Way, Not Divided",None,No Special Feature,Smooth Asphalt,2 lanes,"35.786987078, -78.7330026377"
1538,Rocky Mount,Edgecombe,Coastal,Commercial,Urban (>70% Developed),HILL ST,Urban,30 - 35  MPH,No Control Present,Clear,No,60,60-69,No,NA,With Traffic,C: Possible Injury,Travel Lane,Black,Male,19,0-19,No,NA,6-10 mph,O: No Injury,Black,Female,Passenger Car,No,25SEP2013,Wednesday,Motorist Overtaking Bicyclist,8,Intersection-Related,September,C: Possible Injury,08:01:00,Motorist Overtaking - Other / Unknown,2013,Yes,No,Daylight,Straight - Level,Local Street,Dry,"One-Way, Not Divided",None,No Special Feature,Coarse Asphalt,2 lanes,"35.9398971433, -77.7935023601"
1544,None - Rural Crash,Alamance,Piedmont,"Farms, Woods, Pastures",Rural (<30% Developed),SR 1530,Rural,40 - 45  MPH,Stop Sign,Clear,No,15,11-15,No,NA,With Traffic,C: Possible Injury,Travel Lane,Black,Male,53,50-59,No,NA,41-45 mph,O: No Injury,White,Male,"Single Unit Truck (2-Axle, 6-Tire)",No,27SEP2013,Friday,Bicyclist Failed to Yield - Sign-Controlled Intersection,7,Intersection,September,C: Possible Injury,07:49:00,Bicyclist Ride Through - Sign-Controlled Intersection,2013,Yes,No,Daylight,Straight - Level,State Secondary Route,Dry,"Two-Way, Not Divided",None,T-Intersection,Smooth Asphalt,2 lanes,"36.1250871235, -79.4619028771"
1552,Charlotte,Mecklenburg,Piedmont,Commercial,Urban (>70% Developed),PVA 2724 WEST BOULEVARD,Urban,NA,No Control Present,Clear,No,57,50-59,No,NA,Not Applicable,C: Possible Injury,Non-Roadway,Black,Male,49,40-49,No,NA,6-10 mph,O: No Injury,White,Male,Passenger Car,No,15OCT2013,Tuesday,Non-Roadway,17,Non-Roadway,October,C: Possible Injury,17:08:00,Non-Roadway,2013,No,No,Daylight,Straight - Level,Public Vehicular Area,Dry,"Two-Way, Not Divided",None,No Special Feature,Smooth Asphalt,NA,"35.2102268761, -80.9093032604"
1574,Raleigh,Wake,Piedmont,Institutional,Urban (>70% Developed),SULLIVAN DR,Urban,20 - 25  MPH,No Control Present,Clear,No,29,25-29,No,NA,With Traffic,C: Possible Injury,Travel Lane,White,Male,20,20-24,No,NA,6-10 mph,O: No Injury,Asian,Male,Sport Utility,No,20SEP2013,Friday,Motorist Left Turn / Merge,16,Intersection-Related,September,C: Possible Injury,16:00:00,Motorist Left Turn - Opposite Direction,2013,No,No,Daylight,Straight - Level,Local Street,Dry,"Two-Way, Divided, Unprotected Median",None,No Special Feature,Smooth Asphalt,2 lanes,"35.7865670797, -78.6810026218"