object_id,city,county,region,development,locality,on_road,rural_urban,speed_limit,traffic_control,weather,workzone,bike_age,bike_age_group,bike_alcohol,bike_alcohol_drugs,bike_direction,bike_injury,bike_position,bike_race,bike_sex,driver_age,driver_age_group,driver_alcohol,driver_alcohol_drugs,driver_est_speed,driver_injury,driver_race,driver_sex,driver_vehicle_type,crash_alcohol,crash_date,crash_day,crash_group,crash_hour,crash_location,crash_month,crash_severity,crash_time,crash_type,crash_year,ambulance_req,hit_run,light_condition,road_character,road_class,road_condition,road_configuration,road_defects,road_feature,road_surface,num_lanes,geo_point
1842,Durham,Durham,Piedmont,Residential,Urban (>70% Developed),NA,Urban,30 - 35  MPH,Stop And Go Signal,Clear,No,30,30-39,No,NA,With Traffic,B: Evident Injury,Travel Lane,White,Male,NA,NA,Missing,NA,6-10 mph,Unknown Injury,Unknown/Missing,NA,Passenger Car,No,18MAR2012,Sunday,Motorist Left Turn / Merge,20,Intersection,March,B: Evident Injury,20:59:00,Motorist Left Turn - Opposite Direction,2012,Yes,Yes,Dark - Lighted Roadway,Straight - Level,Local Street,Dry,"Two-Way, Not Divided",None,No Special Feature,Smooth Asphalt,4 lanes,"36.0165271192, -78.9364027115"
1845,Raleigh,Wake,Piedmont,Residential,Urban (>70% Developed),NA,Urban,40 - 45  MPH,Stop And Go Signal,Clear,No,14,11-15,No,NA,Facing Traffic,B: Evident Injury,Travel Lane,White,Male,55,50-59,No,NA,0-5 mph,O: No Injury,White,Male,Sport Utility,No,15MAR2012,Thursday,Bicyclist Failed to Yield - Signalized Intersection,16,Intersection,March,B: Evident Injury,16:18:00,Bicyclist Ride Through - Signalized Intersection,2012,Yes,No,Daylight,Straight - Grade,Local Street,Dry,"Two-Way, Not Divided",None,No Special Feature,Smooth Asphalt,5 lanes,"35.902427105, -78.6628026227"
1846,Wilmington,New Hanover,Coastal,Residential,Urban (>70% Developed),NA,Urban,20 - 25  MPH,No Control Present,Clear,No,68,60-69,No,NA,With Traffic,B: Evident Injury,Travel Lane,Black,Male,NA,NA,Missing,NA,NA,Unknown Injury,Unknown/Missing,NA,Pickup,No,01MAR2012,Thursday,Loss of Control / Turning Error,13,Non-Intersection,March,B: Evident Injury,13:32:00,Bicyclist Lost Control - Mechanical Problems,2012,Yes,No,Daylight,Straight - Grade,Local Street,Dry,"One-Way, Not Divided",None,No Special Feature,Smooth Asphalt,1 lane,"34.2397267674, -77.9354023191"
1849,None - Rural Crash,Orange,Piedmont,"Farms, Woods, Pastures",Rural (<30% Developed),NA,Rural,50 - 55  MPH,No Control Present,Clear,No,53,50-59,No,NA,With Traffic,A: Disabling Injury,Travel Lane,White,Male,NA,NA,Missing,NA,51-55 mph,Unknown Injury,Unknown/Missing,NA,NA,No,26FEB2012,Sunday,Motorist Overtaking Bicyclist,14,Non-Intersection,February,A: Disabling Injury,14:44:00,Motorist Overtaking - Misjudged Space,2012,Yes,Yes,Daylight,Straight - Level,State Secondary Route,Dry,"Two-Way, Not Divided",None,No Special Feature,Coarse Asphalt,2 lanes,"36.1257671388, -79.0369027484"
1851,None - Rural Crash,Chowan,Coastal,Residential,Mixed (30% To 70% Developed),NA,Rural,20 - 25  MPH,Stop Sign,Clear,No,57,50-59,No,NA,With Traffic,C: Possible Injury,Travel Lane,White,Male,67,60-69,No,NA,11-15 mph,O: No Injury,White,Male,Passenger Car,No,01MAR2012,Thursday,Bicyclist Failed to Yield - Sign-Controlled Intersection,14,Intersection,March,C: Possible Injury,14:00:00,Bicyclist Ride Through - Sign-Controlled Intersection,2012,No,No,Daylight,Straight - Level,State Secondary Route,Dry,"Two-Way, Not Divided",None,T-Intersection,Smooth Asphalt,2 lanes,"36.2267272421, -76.7015020416"
1854,Mount Olive,Wayne,Coastal,Residential,Mixed (30% To 70% Developed),NA,Rural,30 - 35  MPH,"Double Yellow Line, No Passing Zone",Clear,No,45,40-49,No,NA,With Traffic,C: Possible Injury,Bike Lane / Paved Shoulder,Black,Male,54,50-59,No,NA,36-40 mph,O: No Injury,Black,Female,Passenger Car,No,29FEB2012,Wednesday,Loss of Control / Turning Error,10,Intersection,February,C: Possible Injury,10:00:00,Motorist Lost Control - Other / Unknown,2012,Yes,No,Daylight,Straight - Level,US Route,Dry,"Two-Way, Not Divided",None,No Special Feature,Smooth Asphalt,2 lanes,"35.1869869714, -78.0769024078"
1870,None - Rural Crash,Johnston,Coastal,Commercial,Urban (>70% Developed),NA,Rural,30 - 35  MPH,Stop And Go Signal,Cloudy,No,55,50-59,No,NA,With Traffic,C: Possible Injury,Travel Lane,White,Male,49,40-49,No,NA,11-15 mph,O: No Injury,White,Male,Passenger Car,No,27MAR2012,Tuesday,Motorist Left Turn / Merge,5,Intersection,March,C: Possible Injury,05:35:00,Motorist Left Turn - Opposite Direction,2012,No,No,Dark - Lighted Roadway,Straight - Level,NC Route,Dry,"Two-Way, Not Divided",None,Four-Way Intersection,Coarse Asphalt,5 lanes,"35.6078370456, -78.5629025769"
1872,Charlotte,Mecklenburg,Piedmont,Residential,Urban (>70% Developed),NA,Urban,20 - 25  MPH,Stop Sign,Cloudy,No,30,30-39,Missing,NA,With Traffic,B: Evident Injury,Travel Lane,White,Male,60,60-69,No,NA,NA,O: No Injury,White,Female,Passenger Car,No,25MAR2012,Sunday,Motorist Failed to Yield - Sign-Controlled Intersection,13,Intersection,March,B: Evident Injury,13:50:00,Motorist Drive Out - Sign-Controlled Intersection,2012,Yes,No,Daylight,Straight - Level,Local Street,Dry,"Two-Way, Not Divided",None,Four-Way Intersection,Smooth Asphalt,2 lanes,"35.1869768739, -80.8331032368"
1873,Dunn,Harnett,Coastal,Residential,Urban (>70% Developed),NA,Urban,30 - 35  MPH,Stop Sign,Cloudy,No,8,6-10,No,NA,Facing Traffic,K: Killed,Travel Lane,Black,Male,18,0-19,No,NA,31-35 mph,O: No Injury,Native American,Female,Passenger Car,No,18MAR2012,Sunday,Bicyclist Failed to Yield - Sign-Controlled Intersection,15,Intersection,March,K: Killed,15:21:00,Bicyclist Ride Through - Sign-Controlled Intersection,2012,Yes,No,Daylight,Straight - Level,Local Street,Dry,"Two-Way, Not Divided",None,Four-Way Intersection,Coarse Asphalt,2 lanes,"35.305796978, -78.6187025783"
1884,Rocky Mount,Edgecombe,Coastal,Commercial,Urban (>70% Developed),NA,Urban,30 - 35  MPH,No Control Present,Clear,No,51,50-59,No,NA,With Traffic,B: Evident Injury,Travel Lane,Black,Male,30,30-39,No,NA,16-20 mph,O: No Injury,Black,Female,Passenger Car,No,10MAR2012,Saturday,Motorist Left Turn / Merge,16,Intersection,March,B: Evident Injury,16:01:00,Motorist Left Turn - Opposite Direction,2012,Yes,No,Daylight,Straight - Level,Local Street,Dry,"Two-Way, Not Divided",None,Four-Way Intersection,Smooth Asphalt,5 lanes,"35.9321171423, -77.7745023542"
1887,None - Rural Crash,Guilford,Piedmont,Residential,Rural (<30% Developed),NA,Rural,40 - 45  MPH,"Double Yellow Line, No Passing Zone",Clear,No,23,20-24,No,NA,With Traffic,C: Possible Injury,Travel Lane,Black,Male,39,30-39,No,NA,41-45 mph,O: No Injury,Black,Male,Passenger Car,No,07APR2012,Saturday,Bicyclist Left Turn / Merge,12,Non-Intersection,April,C: Possible Injury,12:58:00,Bicyclist Left Turn - Same Direction,2012,Yes,No,Daylight,Straight - Grade,State Secondary Route,Dry,"Two-Way, Not Divided",None,No Special Feature,Smooth Asphalt,2 lanes,"36.0482370976, -79.7189029496"
1889,Rocky Mount,Nash,Coastal,Residential,Urban (>70% Developed),NA,Urban,40 - 45  MPH,No Control Present,Clear,No,54,50-59,No,NA,With Traffic,B: Evident Injury,Travel Lane,Black,Male,27,25-29,No,NA,6-10 mph,O: No Injury,Hispanic,Male,Van,No,06MAR2012,Tuesday,Motorist Overtaking Bicyclist,7,Intersection-Related,March,B: Evident Injury,07:54:00,Motorist Overtaking - Misjudged Space,2012,Yes,No,Daylight,Straight - Level,Local Street,Dry,"Two-Way, Not Divided",None,No Special Feature,Coarse Asphalt,2 lanes,"35.9560971444, -77.8720023855"
1891,Wilmington,New Hanover,Coastal,Commercial,Urban (>70% Developed),NA,Urban,30 - 35  MPH,No Control Present,Clear,No,22,20-24,No,NA,Not Applicable,B: Evident Injury,Travel Lane,Black,Male,62,60-69,No,NA,31-35 mph,O: No Injury,Black,Male,Passenger Car,No,19MAR2012,Monday,Bicyclist Failed to Yield - Midblock,10,Non-Intersection,March,B: Evident Injury,10:52:00,Bicyclist Ride Out - Other Midblock,2012,Yes,No,Daylight,Straight - Level,Local Street,Dry,"Two-Way, Divided, Unprotected Median",None,No Special Feature,Smooth Asphalt,4 lanes,"34.2268767653, -77.9157023125"
1895,Washington,Beaufort,Coastal,Commercial,Urban (>70% Developed),NA,Urban,NA,No Control Present,Cloudy,No,47,40-49,No,NA,Facing Traffic,C: Possible Injury,Sidewalk / Crosswalk / Driveway Crossing,Black,Male,26,25-29,No,NA,0-5 mph,O: No Injury,Black,Female,Passenger Car,No,16MAR2012,Friday,Motorist Failed to Yield - Midblock,8,Non-Intersection,March,C: Possible Injury,08:24:00,Motorist Drive Out - Commercial Driveway / Alley,2012,Yes,No,Daylight,Straight - Level,US Route,Wet,"Two-Way, Not Divided",None,No Special Feature,Coarse Asphalt,5 lanes,"35.5465570841, -77.032702108"
1896,Rocky Mount,Nash,Coastal,Commercial,Urban (>70% Developed),NA,Urban,40 - 45  MPH,Stop And Go Signal,Clear,No,50,50-59,No,NA,With Traffic,C: Possible Injury,Travel Lane,Black,Male,59,50-59,No,NA,0-5 mph,O: No Injury,White,Male,Pickup,No,16MAR2012,Friday,Bicyclist Failed to Yield - Signalized Intersection,5,Intersection,March,C: Possible Injury,05:46:00,Bicyclist Failed to Clear - Trapped,2012,No,No,Dark - Lighted Roadway,Straight - Level,Local Street,Dry,"Two-Way, Not Divided",None,Four-Way Intersection,Smooth Asphalt,2 lanes,"35.980647152, -77.8088023669"
1897,Concord,Cabarrus,Piedmont,Residential,Urban (>70% Developed),NA,Urban,30 - 35  MPH,Stop Sign,Clear,No,9,6-10,No,NA,Facing Traffic,B: Evident Injury,Sidewalk / Crosswalk / Driveway Crossing,White,Female,40,40-49,No,NA,0-5 mph,O: No Injury,White,Male,Passenger Car,No,20MAR2012,Tuesday,Loss of Control / Turning Error,17,Intersection,March,B: Evident Injury,17:06:00,Bicyclist Lost Control - Mechanical Problems,2012,No,No,Daylight,Straight - Level,Local Street,Dry,"Two-Way, Not Divided",None,T-Intersection,Smooth Asphalt,2 lanes,"35.4177169316, -80.60150318"
1905,Raleigh,Wake,Piedmont,Residential,Urban (>70% Developed),NA,Urban,20 - 25  MPH,No Control Present,Clear,No,20,20-24,No,NA,Not Applicable,B: Evident Injury,Driveway / Alley,White,Male,23,20-24,No,NA,16-20 mph,O: No Injury,White,Male,Sport Utility,No,22MAR2012,Thursday,Bicyclist Failed to Yield - Midblock,10,Non-Intersection,March,B: Evident Injury,10:10:00,Bicyclist Ride Out - Residential Driveway,2012,Yes,No,Daylight,Straight - Level,Local Street,Dry,"Two-Way, Not Divided",None,T-Intersection,Smooth Asphalt,2 lanes,"35.8097770846, -78.6775026224"
1906,Raleigh,Wake,Piedmont,Commercial,Mixed (30% To 70% Developed),NA,Urban,20 - 25  MPH,Stop And Go Signal,Clear,No,22,20-24,No,NA,Facing Traffic,O: No Injury,Sidewalk / Crosswalk / Driveway Crossing,White,Male,NA,NA,Missing,NA,11-15 mph,Unknown Injury,Unknown/Missing,NA,NA,No,27MAR2012,Tuesday,Motorist Failed to Yield - Signalized Intersection,4,Intersection,March,O: No Injury,04:07:00,Motorist Drive Out - Right Turn on Red,2012,No,Yes,Dusk,Straight - Level,Local Street,Dry,"Two-Way, Not Divided",None,No Special Feature,Coarse Asphalt,3 lanes,"35.7848170788, -78.6896026242"
1909,Gastonia,Gaston,Piedmont,Commercial,Urban (>70% Developed),NA,Urban,40 - 45  MPH,No Control Present,Clear,No,14,11-15,No,NA,With Traffic,C: Possible Injury,Travel Lane,Black,Female,33,30-39,No,NA,31-35 mph,O: No Injury,Black,Female,Sport Utility,No,07APR2012,Saturday,Bicyclist Left Turn / Merge,18,Intersection-Related,April,C: Possible Injury,18:37:00,Bicyclist Left Turn - Same Direction,2012,Yes,No,Daylight,Straight - Grade,State Secondary Route,Dry,"Two-Way, Not Divided",None,No Special Feature,Smooth Asphalt,5 lanes,"35.2532468756, -81.1669033393"
1912,Raleigh,Wake,Piedmont,Residential,Urban (>70% Developed),NA,Urban,5 - 15 MPH,No Control Present,Clear,No,7,6-10,No,NA,Not Applicable,B: Evident Injury,Non-Roadway,Hispanic,Male,34,30-39,No,NA,0-5 mph,O: No Injury,White,Female,Passenger Car,No,12APR2012,Thursday,Non-Roadway,18,Non-Roadway,April,B: Evident Injury,18:20:00,Non-Roadway,2012,No,No,Daylight,Straight - Grade,Public Vehicular Area,Dry,"Two-Way, Not Divided",None,T-Intersection,Smooth Asphalt,NA,"35.8759370972, -78.7289026408"
1915,Durham,Durham,Piedmont,Commercial,Urban (>70% Developed),NA,Urban,5 - 15 MPH,No Control Present,Clear,No,31,30-39,No,NA,Facing Traffic,O: No Injury,Travel Lane,Black,Male,33,30-39,No,NA,0-5 mph,O: No Injury,Black,Male,Passenger Car,No,13APR2012,Friday,Loss of Control / Turning Error,14,Non-Intersection,April,O: No Injury,14:26:00,Bicyclist Lost Control - Mechanical Problems,2012,No,No,Daylight,Straight - Level,Public Vehicular Area,Dry,"Two-Way, Not Divided",None,No Special Feature,Smooth Asphalt,2 lanes,"36.0363471257, -78.8948027002"
1916,Siler City,Chatham,Piedmont,Commercial,Urban (>70% Developed),NA,Urban,NA,No Control Present,Clear,No,21,20-24,No,NA,Facing Traffic,C: Possible Injury,Sidewalk / Crosswalk / Driveway Crossing,White,Male,34,30-39,No,NA,0-5 mph,O: No Injury,White,Male,Sport Utility,No,29MAR2012,Thursday,Motorist Failed to Yield - Midblock,10,Non-Intersection,March,C: Possible Injury,10:45:00,Motorist Drive Out - Commercial Driveway / Alley,2012,Yes,No,Daylight,Straight - Level,Public Vehicular Area,Dry,"Two-Way, Not Divided",None,"Driveway, Public",Smooth Asphalt,NA,"35.7330770409, -79.4423028496"
1919,None - Rural Crash,Orange,Piedmont,Residential,Rural (<30% Developed),NA,Rural,30 - 35  MPH,No Control Present,Clear,No,23,20-24,No,NA,With Traffic,B: Evident Injury,Bike Lane / Paved Shoulder,White,Male,NA,NA,No,NA,31-35 mph,Unknown Injury,Unknown/Missing,NA,NA,No,10APR2012,Tuesday,Motorist Overtaking Bicyclist,9,Non-Intersection,April,B: Evident Injury,09:52:00,Motorist Overtaking - Other / Unknown,2012,Yes,Yes,Daylight,Curve - Level,Local Street,Dry,"Two-Way, Not Divided",NA,No Special Feature,Smooth Asphalt,2 lanes,"35.927877096, -79.0676027463"
1921,Raleigh,Wake,Piedmont,Residential,Mixed (30% To 70% Developed),NA,Urban,40 - 45  MPH,Stop And Go Signal,Clear,No,60,60-69,No,NA,With Traffic,C: Possible Injury,Travel Lane,Hispanic,Male,51,50-59,No,NA,0-5 mph,O: No Injury,Black,Female,Passenger Car,No,16APR2012,Monday,Motorist Failed to Yield - Signalized Intersection,6,Intersection,April,C: Possible Injury,06:42:00,Motorist Drive Out - Right Turn on Red,2012,Yes,No,Daylight,Straight - Level,Local Street,Dry,"Two-Way, Not Divided",None,No Special Feature,Coarse Asphalt,6 lanes,"35.8217970906, -78.5692025904"
1923,Durham,Durham,Piedmont,Commercial,Urban (>70% Developed),NA,Urban,30 - 35  MPH,Stop And Go Signal,Clear,No,27,25-29,No,NA,With Traffic,C: Possible Injury,Travel Lane,White,Male,26,25-29,No,NA,31-35 mph,O: No Injury,White,Female,Passenger Car,No,13APR2012,Friday,Bicyclist Failed to Yield - Signalized Intersection,9,Intersection,April,C: Possible Injury,09:29:00,Bicyclist Ride Through - Signalized Intersection,2012,Yes,No,Daylight,Straight - Level,US Route,Dry,"Two-Way, Not Divided",None,Four-Way Intersection,Smooth Asphalt,2 lanes,"35.9871771139, -78.9264027072"
1936,Fayetteville,Cumberland,Coastal,Commercial,Urban (>70% Developed),NA,Urban,30 - 35  MPH,Stop Sign,Clear,No,45,40-49,No,NA,With Traffic,B: Evident Injury,Travel Lane,Black,Male,22,20-24,No,NA,36-40 mph,O: No Injury,Black,Female,Passenger Car,No,07APR2012,Saturday,Bicyclist Failed to Yield - Sign-Controlled Intersection,21,Intersection,April,B: Evident Injury,21:21:00,Bicyclist Ride Out - Sign-Controlled Intersection,2012,Yes,No,Dark - Lighted Roadway,Straight - Level,Local Street,Dry,"Two-Way, Divided, Unprotected Median",None,No Special Feature,Smooth Asphalt,6 lanes,"35.0816969197, -78.9024026522"
1949,None - Rural Crash,Hertford,Coastal,"Farms, Woods, Pastures",Rural (<30% Developed),NA,Rural,50 - 55  MPH,No Control Present,Cloudy,No,17,16-19,No,NA,With Traffic,B: Evident Injury,Travel Lane,Black,Male,29,25-29,No,NA,21-25 mph,O: No Injury,Black,Male,Passenger Car,No,04APR2012,Wednesday,Motorist Overtaking Bicyclist,21,Non-Intersection,April,B: Evident Injury,21:21:00,Motorist Overtaking - Other / Unknown,2012,No,No,Dark - Roadway Not Lighted,Straight - Level,State Secondary Route,Dry,"Two-Way, Not Divided",None,No Special Feature,Coarse Asphalt,2 lanes,"36.3017472495, -76.9589021241"
1951,Lincolnton,Lincoln,Piedmont,Commercial,Urban (>70% Developed),NA,Urban,20 - 25  MPH,Stop And Go Signal,Clear,No,47,40-49,No,NA,With Traffic,A: Disabling Injury,Travel Lane,White,Male,56,50-59,No,NA,21-25 mph,O: No Injury,White,Male,Pickup,No,13APR2012,Friday,Bicyclist Failed to Yield - Signalized Intersection,15,Intersection,April,A: Disabling Injury,15:45:00,Bicyclist Ride Through - Signalized Intersection,2012,Yes,No,Daylight,Straight - Level,Local Street,Dry,"Two-Way, Not Divided",None,Four-Way Intersection,Coarse Asphalt,2 lanes,"35.4700069186, -81.2563033784"
1956,Mount Olive,Wayne,Coastal,Residential,Urban (>70% Developed),NA,Rural,30 - 35  MPH,Flashing Signal With Stop Sign,Clear,No,19,16-19,No,NA,With Traffic,B: Evident Injury,Travel Lane,White,Male,42,40-49,No,NA,26-30 mph,O: No Injury,White,Male,Police,No,27APR2012,Friday,Bicyclist Failed to Yield - Sign-Controlled Intersection,12,Intersection,April,B: Evident Injury,12:13:00,Bicyclist Ride Through - Sign-Controlled Intersection,2012,Yes,No,Daylight,Straight - Level,Local Street,Dry,"Two-Way, Not Divided",None,Four-Way Intersection,Coarse Asphalt,2 lanes,"35.197226974, -78.0626024046"
1966,Greensboro,Guilford,Piedmont,Residential,Urban (>70% Developed),NA,Urban,30 - 35  MPH,Stop And Go Signal,Other,No,35,30-39,No,NA,With Traffic,B: Evident Injury,Travel Lane,Black,Female,49,40-49,No,NA,21-25 mph,O: No Injury,Black,Male,Passenger Car,No,14APR2012,Saturday,Motorist Overtaking Bicyclist,18,Intersection-Related,April,B: Evident Injury,18:54:00,Motorist Overtaking - Undetected Bicyclist,2012,Yes,No,Daylight,Straight - Grade,Local Street,Dry,"Two-Way, Not Divided",None,Four-Way Intersection,Coarse Asphalt,4 lanes,"36.0518870955, -79.7983029736"
1967,Raleigh,Wake,Piedmont,Residential,Urban (>70% Developed),NA,Urban,5 - 15 MPH,No Control Present,Clear,No,14,11-15,No,NA,Not Applicable,B: Evident Injury,Driveway / Alley,White,Male,67,60-69,No,NA,21-25 mph,O: No Injury,White,Male,Sport Utility,No,27APR2012,Friday,Bicyclist Failed to Yield - Midblock,21,Non-Intersection,April,B: Evident Injury,21:38:00,Bicyclist Ride Out - Commercial Driveway / Alley,2012,No,No,Daylight,Straight - Level,Local Street,Dry,"Two-Way, Not Divided",None,No Special Feature,Smooth Asphalt,2 lanes,"35.9292971141, -78.5693025954"
1974,Siler City,Chatham,Piedmont,Residential,Urban (>70% Developed),NA,Urban,30 - 35  MPH,Stop Sign,Clear,No,10,6-10,No,NA,With Traffic,B: Evident Injury,Travel Lane,Hispanic,Male,17,0-19,No,NA,21-25 mph,O: No Injury,Black,Male,Sport Utility,No,16APR2012,Monday,Bicyclist Failed to Yield - Sign-Controlled Intersection,16,Intersection,April,B: Evident Injury,16:36:00,Bicyclist Ride Through - Sign-Controlled Intersection,2012,Yes,No,Daylight,Straight - Grade,Local Street,Dry,"Two-Way, Not Divided",None,T-Intersection,Smooth Asphalt,2 lanes,"35.7287470399, -79.4516028521"
1976,Kinston,Lenoir,Coastal,Commercial,Urban (>70% Developed),NA,Urban,30 - 35  MPH,No Control Present,Clear,No,39,30-39,No,NA,With Traffic,O: No Injury,Travel Lane,White,Male,59,50-59,No,NA,0-5 mph,O: No Injury,Black,Male,Commercial Bus,No,02MAY2012,Wednesday,Loss of Control / Turning Error,18,Intersection-Related,May,O: No Injury,18:37:00,Bicyclist Lost Control - Other / Unknown,2012,Yes,No,Daylight,Straight - Level,Local Street,Dry,"Two-Way, Not Divided",None,T-Intersection,Smooth Asphalt,4 lanes,"35.271037005, -77.6053022691"
1977,Wilson,Wilson,Coastal,Residential,Urban (>70% Developed),NA,Urban,30 - 35  MPH,Stop And Go Signal,Clear,No,25,25-29,No,NA,NA,C: Possible Injury,Travel Lane,Black,Male,NA,NA,No,NA,0-5 mph,Unknown Injury,Unknown/Missing,NA,NA,No,13MAR2012,Tuesday,Crossing Paths - Other Circumstances,11,Intersection,March,C: Possible Injury,11:00:00,Signalized Intersection - Other / Unknown,2012,Yes,Yes,Dark - Unknown Lighting,Straight - Level,Local Street,Dry,"Two-Way, Not Divided",None,Related To Intersection,Coarse Asphalt,2 lanes,"35.7276270934, -77.9152023867"
1978,Raleigh,Wake,Piedmont,Commercial,Urban (>70% Developed),NA,Urban,5 - 15 MPH,Other,Clear,No,62,60-69,No,NA,Facing Traffic,B: Evident Injury,Sidewalk / Crosswalk / Driveway Crossing,White,Male,26,25-29,No,NA,0-5 mph,O: No Injury,White,Female,Passenger Car,No,13APR2012,Friday,Motorist Failed to Yield - Midblock,17,Non-Intersection,April,B: Evident Injury,17:42:00,Motorist Drive Out - Commercial Driveway / Alley,2012,No,No,Daylight,Straight - Level,Local Street,Dry,"One-Way, Not Divided",None,"Driveway, Private",Concrete,1 lane,"35.7797870794, -78.6422026096"
1985,None - Rural Crash,New Hanover,Coastal,Residential,Mixed (30% To 70% Developed),NA,Rural,50 - 55  MPH,No Control Present,Clear,No,52,50-59,Yes,NA,Facing Traffic,B: Evident Injury,Travel Lane,White,Male,26,25-29,No,NA,46-50 mph,O: No Injury,White,Male,Pickup,Yes,03MAY2012,Thursday,Head-On,20,Non-Intersection,May,B: Evident Injury,20:11:00,Head-On - Bicyclist,2012,Yes,No,Dark - Roadway Not Lighted,Straight - Level,US Route,Dry,"Two-Way, Divided, Unprotected Median",None,No Special Feature,Smooth Asphalt,4 lanes,"34.0846267345, -77.8957022992"
3264,None - Rural Crash,Granville,Piedmont,"Farms, Woods, Pastures",Rural (<30% Developed),NA,Rural,50 - 55  MPH,No Control Present,Clear,No,8,6-10,No,NA,Not Applicable,A: Disabling Injury,Driveway / Alley,White,Male,27,25-29,No,NA,41-45 mph,O: No Injury,White,Female,Passenger Car,No,05AUG2011,Friday,Bicyclist Failed to Yield - Midblock,19,Non-Intersection,August,A: Disabling Injury,19:18:00,Bicyclist Ride Out - Residential Driveway,2011,Yes,No,Daylight,Curve - Grade,State Secondary Route,Dry,"Two-Way, Not Divided",None,"Driveway, Private",Smooth Asphalt,2 lanes,"36.3004371852, -78.7939026842"
3270,Carolina Beach,New Hanover,Coastal,Residential,Urban (>70% Developed),NA,Urban,30 - 35  MPH,No Control Present,Clear,No,50,50-59,No,NA,With Traffic,C: Possible Injury,Travel Lane,White,Male,36,30-39,No,NA,6-10 mph,O: No Injury,White,Male,Passenger Car,No,24JUL2011,Sunday,Motorist Failed to Yield - Midblock,9,Non-Intersection,July,C: Possible Injury,09:04:00,Motorist Drive Out - Other Midblock,2011,Yes,No,Daylight,Straight - Level,Public Vehicular Area,Dry,"Two-Way, Not Divided",None,"Driveway, Public",Smooth Asphalt,NA,"34.0181467191, -77.8987022975"
3273,None - Rural Crash,Moore,Piedmont,"Farms, Woods, Pastures",Rural (<30% Developed),NA,Rural,50 - 55  MPH,"Double Yellow Line, No Passing Zone",Clear,No,40,40-49,No,NA,With Traffic,C: Possible Injury,Travel Lane,White,Male,64,60-69,No,NA,31-35 mph,O: No Injury,White,Male,Passenger Car,No,10AUG2011,Wednesday,Motorist Overtaking Bicyclist,7,Non-Intersection,August,C: Possible Injury,07:26:00,Motorist Overtaking - Misjudged Space,2011,Yes,No,Daylight,Straight - Level,State Secondary Route,Dry,"Two-Way, Not Divided",None,No Special Feature,Smooth Asphalt,2 lanes,"35.2434069392, -79.3519027957"
3275,Troutman,Iredell,Piedmont,Residential,Urban (>70% Developed),NA,Rural,NA,No Control Present,Cloudy,No,55,50-59,No,NA,With Traffic,O: No Injury,Travel Lane,White,Male,35,30-39,No,NA,NA,O: No Injury,White,Male,Pickup,No,16JUL2011,Saturday,Backing Vehicle,10,Non-Intersection,July,O: No Injury,10:30:00,Backing Vehicle,2011,No,No,Daylight,Straight - Level,Local Street,Dry,"Two-Way, Divided, Unprotected Median",None,No Special Feature,Coarse Asphalt,2 lanes,"35.711366983, -80.8928032838"
3280,None - Rural Crash,Pasquotank,Coastal,"Farms, Woods, Pastures",Rural (<30% Developed),NA,Rural,50 - 55  MPH,No Control Present,Clear,No,7,6-10,No,NA,Not Applicable,B: Evident Injury,Non-Roadway,Black,Male,70+,70+,No,NA,31-35 mph,O: No Injury,White,Male,Sport Utility,No,10AUG2011,Wednesday,Bicyclist Failed to Yield - Midblock,15,Non-Intersection,August,B: Evident Injury,15:36:00,Bicyclist Ride Out - Commercial Driveway / Alley,2011,Yes,No,Daylight,Straight - Level,State Secondary Route,Dry,"Two-Way, Not Divided",None,"Driveway, Private",Coarse Asphalt,2 lanes,"36.4122372949, -76.3349019381"
3282,Grimesland,Pitt,Coastal,Residential,Rural (<30% Developed),NA,Rural,30 - 35  MPH,Warning Sign,Clear,No,13,11-15,No,NA,Facing Traffic,Unknown Injury,Travel Lane,White,Male,33,30-39,No,NA,0-5 mph,O: No Injury,Black,Female,Passenger Car,No,09AUG2011,Tuesday,Motorist Failed to Yield - Sign-Controlled Intersection,11,Intersection,August,O: No Injury,11:57:00,Motorist Drive Out - Sign-Controlled Intersection,2011,No,No,Daylight,Straight - Level,Local Street,Dry,"Two-Way, Not Divided",None,T-Intersection,Concrete,2 lanes,"35.5650870833, -77.1955021592"
3283,None - Rural Crash,Hertford,Coastal,"Farms, Woods, Pastures",Rural (<30% Developed),NA,Rural,50 - 55  MPH,Stop Sign,Clear,No,12,11-15,No,NA,With Traffic,B: Evident Injury,Travel Lane,Hispanic,Female,20,20-24,No,NA,51-55 mph,O: No Injury,Black,Female,Passenger Car,No,07AUG2011,Sunday,Bicyclist Failed to Yield - Sign-Controlled Intersection,11,Intersection,August,B: Evident Injury,11:56:00,Bicyclist Ride Through - Sign-Controlled Intersection,2011,Yes,No,Daylight,Straight - Level,State Secondary Route,Dry,"Two-Way, Not Divided",None,Four-Way Intersection,Coarse Asphalt,2 lanes,"36.2554672383, -76.9878021306"