object_id,city,county,region,development,locality,on_road,rural_urban,speed_limit,traffic_control,weather,workzone,bike_age,bike_age_group,bike_alcohol,bike_alcohol_drugs,bike_direction,bike_injury,bike_position,bike_race,bike_sex,driver_age,driver_age_group,driver_alcohol,driver_alcohol_drugs,driver_est_speed,driver_injury,driver_race,driver_sex,driver_vehicle_type,crash_alcohol,crash_date,crash_day,crash_group,crash_hour,crash_location,crash_month,crash_severity,crash_time,crash_type,crash_year,ambulance_req,hit_run,light_condition,road_character,road_class,road_condition,road_configuration,road_defects,road_feature,road_surface,num_lanes,geo_point
3285,Durham,Durham,Piedmont,Commercial,Urban (>70% Developed),NA,Urban,30 - 35  MPH,Stop Sign,Clear,No,26,25-29,No,NA,With Traffic,B: Evident Injury,Travel Lane,White,Male,25,25-29,No,NA,31-35 mph,Unknown Injury,White,Female,Sport Utility,No,11AUG2011,Thursday,Bicyclist Failed to Yield - Sign-Controlled Intersection,17,Intersection,August,B: Evident Injury,17:30:00,Bicyclist Ride Out - Sign-Controlled Intersection,2011,Yes,No,Daylight,Straight - Grade,Local Street,Dry,"Two-Way, Divided, Unprotected Median",None,T-Intersection,Smooth Asphalt,2 lanes,"35.9739671111, -78.9319027082"
3291,Wilmington,New Hanover,Coastal,Residential,Rural (<30% Developed),NA,Urban,20 - 25  MPH,No Control Present,Clear,No,66,60-69,No,NA,With Traffic,B: Evident Injury,Travel Lane,White,Male,56,50-59,No,NA,21-25 mph,O: No Injury,White,Male,Passenger Car,No,06AUG2011,Saturday,Motorist Overtaking Bicyclist,16,Non-Intersection,August,B: Evident Injury,16:22:00,Motorist Overtaking - Bicyclist Swerved,2011,Yes,No,Daylight,Straight - Level,Local Street,Dry,"Two-Way, Not Divided",None,No Special Feature,Coarse Asphalt,2 lanes,"34.2388367671, -77.9331023181"
3298,Durham,Durham,Piedmont,Residential,Mixed (30% To 70% Developed),NA,Urban,20 - 25  MPH,No Control Present,Clear,No,13,11-15,No,NA,NA,C: Possible Injury,Travel Lane,Black,Female,NA,NA,Missing,NA,21-25 mph,Unknown Injury,Unknown/Missing,NA,Passenger Car,No,17AUG2011,Wednesday,Head-On,2,Non-Intersection,August,C: Possible Injury,02:40:00,Head-On - Unknown,2011,Yes,Yes,Dark - Roadway Not Lighted,Curve - Grade,"Private Road, Driveway",Dry,"Two-Way, Not Divided",None,No Special Feature,Coarse Asphalt,2 lanes,"35.9843371139, -78.9049027001"
3307,Boone,Watauga,Mountains,Commercial,Urban (>70% Developed),NA,Urban,20 - 25  MPH,"Double Yellow Line, No Passing Zone",Clear,No,21,20-24,No,NA,With Traffic,O: No Injury,Travel Lane,White,Male,NA,NA,Missing,NA,NA,Unknown Injury,Unknown/Missing,NA,NA,No,06AUG2011,Saturday,Motorist Overtaking Bicyclist,19,Non-Intersection,August,O: No Injury,19:23:00,Motorist Overtaking - Misjudged Space,2011,No,Yes,Daylight,Straight - Level,Local Street,Dry,"Two-Way, Not Divided",None,No Special Feature,Smooth Asphalt,2 lanes,"36.1980170557, -81.665303542"
3310,Charlotte,Mecklenburg,Piedmont,Commercial,Urban (>70% Developed),NA,Urban,30 - 35  MPH,"Double Yellow Line, No Passing Zone",Cloudy,No,54,50-59,No,NA,Not Applicable,B: Evident Injury,Travel Lane,Hispanic,Male,40,40-49,No,NA,26-30 mph,O: No Injury,White,Male,Pickup,No,15AUG2011,Monday,Bicyclist Failed to Yield - Midblock,15,Non-Intersection,August,B: Evident Injury,15:15:00,Multiple Threat - Midblock,2011,No,No,Daylight,Straight - Level,Local Street,Dry,"Two-Way, Not Divided",None,No Special Feature,Smooth Asphalt,4 lanes,"35.1378368619, -80.8793032481"
3312,Asheville,Buncombe,Mountains,Residential,Urban (>70% Developed),NA,Urban,30 - 35  MPH,No Control Present,Clear,No,56,50-59,No,NA,With Traffic,B: Evident Injury,Travel Lane,Black,Male,NA,NA,Missing,NA,NA,Unknown Injury,Unknown/Missing,NA,Passenger Car,No,14AUG2011,Sunday,Bicyclist Overtaking Motorist,13,Non-Intersection,August,B: Evident Injury,13:43:00,Bicyclist Overtaking - Parked Vehicle,2011,Yes,No,Daylight,Straight - Grade,Local Street,Dry,"Two-Way, Not Divided",None,No Special Feature,Smooth Asphalt,2 lanes,"35.5907668945, -82.5590037713"
3322,None - Rural Crash,Stokes,Piedmont,"Farms, Woods, Pastures",Rural (<30% Developed),NA,Rural,40 - 45  MPH,"Double Yellow Line, No Passing Zone",Cloudy,No,52,50-59,No,NA,With Traffic,C: Possible Injury,Travel Lane,Black,Male,NA,NA,Missing,NA,41-45 mph,Unknown Injury,Unknown/Missing,NA,Passenger Car,No,26AUG2011,Friday,Motorist Overtaking Bicyclist,20,Non-Intersection,August,C: Possible Injury,20:36:00,Motorist Overtaking - Misjudged Space,2011,Yes,Yes,Dark - Roadway Not Lighted,Straight - Level,US Route,Dry,"Two-Way, Not Divided",None,No Special Feature,Coarse Asphalt,2 lanes,"36.3181771395, -80.1212030862"
3329,Durham,Durham,Piedmont,Commercial,Urban (>70% Developed),NA,Urban,30 - 35  MPH,No Control Present,Cloudy,No,32,30-39,No,NA,With Traffic,C: Possible Injury,Travel Lane,Asian,Male,47,40-49,No,NA,21-25 mph,O: No Injury,Native American,Female,Passenger Car,No,29AUG2011,Monday,Bicyclist Left Turn / Merge,18,Intersection,August,C: Possible Injury,18:28:00,Bicyclist Left Turn - Same Direction,2011,Yes,No,Daylight,Straight - Level,Local Street,Wet,"Two-Way, Not Divided",None,T-Intersection,Coarse Asphalt,2 lanes,"35.9151570992, -78.8888026918"
3330,Greensboro,Guilford,Piedmont,Commercial,Urban (>70% Developed),NA,Urban,30 - 35  MPH,Stop And Go Signal,Clear,No,24,20-24,No,NA,Facing Traffic,C: Possible Injury,Sidewalk / Crosswalk / Driveway Crossing,White,Male,68,60-69,No,NA,6-10 mph,O: No Injury,White,Female,Passenger Car,No,23AUG2011,Tuesday,Motorist Failed to Yield - Signalized Intersection,13,Intersection,August,C: Possible Injury,13:08:00,Motorist Drive Out - Signalized Intersection,2011,Yes,Yes,Daylight,Straight - Level,Local Street,Dry,"Two-Way, Not Divided",None,Related To Intersection,Smooth Asphalt,NA,"36.0850871018, -79.8212029829"
3333,Duck,Dare,Coastal,Commercial,Urban (>70% Developed),NA,Rural,20 - 25  MPH,Stop Sign,Clear,No,15,11-15,No,NA,Facing Traffic,C: Possible Injury,Multi-use Path,White,Female,18,0-19,No,NA,0-5 mph,O: No Injury,White,Male,Passenger Car,No,21AUG2011,Sunday,Motorist Failed to Yield - Sign-Controlled Intersection,12,Intersection,August,C: Possible Injury,12:30:00,Motorist Drive Out - Sign-Controlled Intersection,2011,Yes,No,Daylight,Straight - Level,NC Route,Dry,"Two-Way, Divided, Unprotected Median",None,T-Intersection,Coarse Asphalt,3 lanes,"36.1638872605, -75.7528017461"
3341,Winston-Salem,Forsyth,Piedmont,Residential,Urban (>70% Developed),NA,Urban,30 - 35  MPH,No Control Present,Clear,No,53,50-59,No,NA,With Traffic,C: Possible Injury,Travel Lane,Black,Male,NA,NA,No,NA,31-35 mph,Unknown Injury,Unknown/Missing,NA,Van,No,23AUG2011,Tuesday,Motorist Overtaking Bicyclist,15,Non-Intersection,August,C: Possible Injury,15:10:00,Motorist Overtaking - Misjudged Space,2011,No,Yes,Daylight,Straight - Level,Local Street,Dry,"Two-Way, Not Divided",None,No Special Feature,Smooth Asphalt,2 lanes,"36.1098170924, -80.2141031022"
3354,None - Rural Crash,Warren,Piedmont,"Farms, Woods, Pastures",Rural (<30% Developed),NA,Rural,50 - 55  MPH,"Double Yellow Line, No Passing Zone",Clear,No,15,11-15,No,NA,Not Applicable,B: Evident Injury,Driveway / Alley,Black,Male,19,0-19,No,NA,16-20 mph,O: No Injury,Black,Male,Van,No,05SEP2011,Monday,Bicyclist Failed to Yield - Midblock,10,Non-Intersection,September,B: Evident Injury,10:37:00,Bicyclist Ride Out - Residential Driveway,2011,Yes,No,Daylight,Straight - Hillcrest,State Secondary Route,Dry,"Two-Way, Not Divided",None,"Driveway, Private",Smooth Asphalt,2 lanes,"36.4264072375, -78.0822024741"
3360,Raleigh,Wake,Piedmont,Institutional,Urban (>70% Developed),NA,Urban,20 - 25  MPH,No Control Present,Clear,No,19,16-19,No,NA,With Traffic,B: Evident Injury,Travel Lane,White,Female,19,0-19,No,NA,11-15 mph,O: No Injury,White,Female,Passenger Car,No,30AUG2011,Tuesday,Motorist Right Turn / Merge,11,Non-Intersection,August,B: Evident Injury,11:45:00,Motorist Right Turn - Same Direction,2011,Yes,No,Daylight,Straight - Level,Local Street,Dry,"Two-Way, Not Divided",None,"Driveway, Public",Coarse Asphalt,2 lanes,"35.7851570795, -78.6756026207"
3364,Stanfield,Stanly,Piedmont,Residential,Mixed (30% To 70% Developed),NA,Rural,40 - 45  MPH,No Control Present,Cloudy,No,55,50-59,No,NA,With Traffic,B: Evident Injury,Travel Lane,White,Male,19,0-19,No,NA,41-45 mph,O: No Injury,White,Male,Pickup,No,29AUG2011,Monday,Motorist Overtaking Bicyclist,18,Non-Intersection,August,B: Evident Injury,18:48:00,Motorist Overtaking - Misjudged Space,2011,Yes,No,Daylight,Straight - Level,NC Route,Dry,"Two-Way, Not Divided",None,No Special Feature,Smooth Asphalt,2 lanes,"35.2451869014, -80.4248031177"
3375,Emerald Isle,Carteret,Coastal,Commercial,Urban (>70% Developed),NA,Rural,20 - 25  MPH,No Control Present,Clear,No,17,16-19,No,NA,Not Applicable,O: No Injury,Non-Roadway,White,Female,30,30-39,No,NA,6-10 mph,O: No Injury,White,Female,Van,No,03SEP2011,Saturday,Bicyclist Failed to Yield - Midblock,12,Non-Intersection,September,O: No Injury,12:16:00,Bicyclist Ride Out - Other Midblock,2011,No,No,Daylight,Straight - Level,Local Street,Dry,"Two-Way, Not Divided",None,No Special Feature,Smooth Asphalt,2 lanes,"34.6606368893, -77.0506020707"
3378,None - Rural Crash,Lenoir,Coastal,Residential,Rural (<30% Developed),NA,Rural,50 - 55  MPH,"Double Yellow Line, No Passing Zone",Clear,No,18,16-19,No,NA,With Traffic,B: Evident Injury,Travel Lane,White,Male,25,25-29,No,NA,41-45 mph,O: No Injury,Hispanic,Male,Pickup,No,08SEP2011,Thursday,Bicyclist Left Turn / Merge,12,Non-Intersection,September,B: Evident Injury,12:26:00,Bicyclist Left Turn - Same Direction,2011,Yes,No,Daylight,Curve - Level,NC Route,Dry,"Two-Way, Not Divided",None,No Special Feature,Coarse Asphalt,2 lanes,"35.1886769805, -77.8111023273"
3380,None - Rural Crash,Hertford,Coastal,Residential,Rural (<30% Developed),NA,Rural,40 - 45  MPH,"Double Yellow Line, No Passing Zone",Cloudy,No,65,60-69,Yes,NA,Not Applicable,K: Killed,Driveway / Alley,White,Male,44,40-49,No,NA,41-45 mph,O: No Injury,White,Male,Passenger Car,Yes,07SEP2011,Wednesday,Bicyclist Failed to Yield - Midblock,17,Non-Intersection,September,K: Killed,17:20:00,Bicyclist Ride Out - Residential Driveway,2011,Yes,No,Daylight,Straight - Level,US Route,Wet,"Two-Way, Not Divided",None,"Driveway, Private",Coarse Asphalt,2 lanes,"36.4395372731, -77.1272021826"
3383,None - Rural Crash,Pitt,Coastal,"Farms, Woods, Pastures",Rural (<30% Developed),NA,Rural,50 - 55  MPH,Flashing Signal With Stop Sign,Clear,No,53,50-59,No,NA,With Traffic,C: Possible Injury,Travel Lane,White,Male,53,50-59,No,NA,0-5 mph,O: No Injury,White,Female,Passenger Car,No,13SEP2011,Tuesday,Motorist Failed to Yield - Sign-Controlled Intersection,20,Intersection,September,C: Possible Injury,20:39:00,Motorist Drive Out - Sign-Controlled Intersection,2011,Yes,No,Dark - Roadway Not Lighted,Curve - Level,State Secondary Route,Dry,"Two-Way, Not Divided",None,No Special Feature,Coarse Asphalt,2 lanes,"35.5126070673, -77.3188021939"
3392,Fayetteville,Cumberland,Coastal,Residential,Urban (>70% Developed),NA,Urban,20 - 25  MPH,Stop Sign,Rain,No,16,16-19,No,NA,With Traffic,B: Evident Injury,Travel Lane,Black,Male,47,40-49,No,NA,41-45 mph,O: No Injury,Black,Female,Passenger Car,No,06SEP2011,Tuesday,Motorist Failed to Yield - Sign-Controlled Intersection,18,Intersection,September,B: Evident Injury,18:45:00,Motorist Drive Out - Sign-Controlled Intersection,2011,Yes,No,Daylight,Straight - Level,Local Street,Wet,"Two-Way, Not Divided",None,Four-Way Intersection,Coarse Asphalt,2 lanes,"35.0226569042, -78.9915026756"
3395,None - Rural Crash,Hoke,Coastal,Residential,Mixed (30% To 70% Developed),NA,Rural,40 - 45  MPH,"Double Yellow Line, No Passing Zone",Cloudy,No,22,20-24,No,NA,With Traffic,A: Disabling Injury,Other,Black,Male,22,20-24,No,NA,41-45 mph,O: No Injury,White,Female,Passenger Car,No,15SEP2011,Thursday,Bicyclist Failed to Yield - Sign-Controlled Intersection,22,Intersection-Related,September,A: Disabling Injury,22:05:00,Bicyclist Ride Out - Sign-Controlled Intersection,2011,Yes,No,Dark - Roadway Not Lighted,Straight - Level,US Route,Wet,"Two-Way, Not Divided",None,No Special Feature,Smooth Asphalt,2 lanes,"34.9925368906, -79.1859027328"
3406,None - Rural Crash,Nash,Coastal,"Farms, Woods, Pastures",Rural (<30% Developed),NA,Rural,50 - 55  MPH,Stop Sign,Clear,No,NA,NA,Missing,NA,With Traffic,Unknown Injury,Travel Lane,Unknown/Missing,NA,29,25-29,No,NA,0-5 mph,O: No Injury,White,Male,Passenger Car,No,15SEP2011,Thursday,Motorist Failed to Yield - Sign-Controlled Intersection,1,Intersection,September,O: No Injury,01:03:00,Motorist Drive Out - Sign-Controlled Intersection,2011,No,No,Dark - Roadway Not Lighted,Straight - Grade,NC Route,Dry,"Two-Way, Divided, Unprotected Median",None,Y-Intersection,Coarse Asphalt,4 lanes,"35.9848171469, -77.9815024199"
3407,Southern Pines,Moore,Piedmont,Commercial,Urban (>70% Developed),NA,Urban,30 - 35  MPH,Stop Sign,Clear,No,32,30-39,No,NA,With Traffic,Unknown Injury,Travel Lane,White,Male,32,30-39,No,NA,0-5 mph,O: No Injury,Black,Female,Passenger Car,No,10SEP2011,Saturday,Motorist Failed to Yield - Sign-Controlled Intersection,21,Intersection,September,O: No Injury,21:06:00,Motorist Drive Out - Sign-Controlled Intersection,2011,No,No,Dark - Roadway Not Lighted,Straight - Hillcrest,State Secondary Route,Dry,"Two-Way, Not Divided",None,Four-Way Intersection,Coarse Asphalt,2 lanes,"35.1697769215, -79.4052028082"
3408,Raleigh,Wake,Piedmont,Commercial,Urban (>70% Developed),NA,Urban,40 - 45  MPH,Stop And Go Signal,Cloudy,No,57,50-59,No,NA,Facing Traffic,B: Evident Injury,Travel Lane,Hispanic,Male,46,40-49,No,NA,16-20 mph,O: No Injury,White,Male,Sport Utility,No,20SEP2011,Tuesday,Crossing Paths - Other Circumstances,13,Intersection,September,B: Evident Injury,13:19:00,Signalized Intersection - Other / Unknown,2011,Yes,No,Daylight,Straight - Level,Local Street,Dry,"Two-Way, Divided, Unprotected Median",None,On or Off Ramp,Smooth Asphalt,6 lanes,"35.7515270729, -78.6483026099"
3410,None - Rural Crash,Iredell,Piedmont,Commercial,Urban (>70% Developed),NA,Rural,50 - 55  MPH,Stop And Go Signal,Clear,No,23,20-24,No,NA,With Traffic,C: Possible Injury,Travel Lane,White,Female,70+,70+,No,NA,6-10 mph,O: No Injury,White,Female,"Light Truck (Mini-Van, Panel)",No,22SEP2011,Thursday,Motorist Left Turn / Merge,17,Intersection,September,C: Possible Injury,17:35:00,Motorist Left Turn - Opposite Direction,2011,Yes,No,Daylight,Straight - Level,NC Route,Dry,"Two-Way, Not Divided",None,Four-Way Intersection,Smooth Asphalt,2 lanes,"35.828087007, -80.9186032981"
3413,Kinston,Lenoir,Coastal,Residential,Urban (>70% Developed),NA,Urban,30 - 35  MPH,Stop Sign,Clear,No,41,40-49,Yes,NA,Facing Traffic,C: Possible Injury,Sidewalk / Crosswalk / Driveway Crossing,Black,Male,42,40-49,No,NA,0-5 mph,O: No Injury,White,Male,Passenger Car,Yes,03JUN2011,Friday,Motorist Failed to Yield - Sign-Controlled Intersection,17,Intersection,June,C: Possible Injury,17:05:00,Motorist Drive Out - Sign-Controlled Intersection,2011,Yes,No,Daylight,Straight - Grade,Local Street,Dry,"Two-Way, Not Divided",None,T-Intersection,Smooth Asphalt,2 lanes,"35.2711970063, -77.5807022612"
3415,Concord,Cabarrus,Piedmont,Commercial,Urban (>70% Developed),NA,Urban,40 - 45  MPH,No Control Present,Cloudy,No,53,50-59,No,NA,With Traffic,C: Possible Injury,Travel Lane,White,Male,63,60-69,No,NA,0-5 mph,O: No Injury,White,Male,Passenger Car,No,18SEP2011,Sunday,Motorist Left Turn / Merge,11,Non-Intersection,September,C: Possible Injury,11:29:00,Motorist Left Turn - Opposite Direction,2011,Yes,No,Daylight,Straight - Level,Local Street,Dry,"Two-Way, Not Divided",None,"Driveway, Public",Smooth Asphalt,2 lanes,"35.4043669243, -80.7143032129"
3417,None - Rural Crash,Cleveland,Mountains,"Farms, Woods, Pastures",Rural (<30% Developed),NA,Rural,50 - 55  MPH,"Double Yellow Line, No Passing Zone",Clear,No,69,60-69,No,NA,With Traffic,C: Possible Injury,Travel Lane,White,Male,27,25-29,No,NA,31-35 mph,O: No Injury,White,Female,Passenger Car,No,23AUG2011,Tuesday,Bicyclist Overtaking Motorist,9,Non-Intersection,August,C: Possible Injury,09:04:00,Bicyclist Overtaking - Other / Unknown,2011,No,No,Daylight,Straight - Level,State Secondary Route,Dry,"Two-Way, Not Divided",None,No Special Feature,Smooth Asphalt,2 lanes,"35.4529069041, -81.5430034631"
3430,Raleigh,Wake,Piedmont,Institutional,Urban (>70% Developed),NA,Urban,20 - 25  MPH,Stop Sign,Clear,No,20,20-24,No,NA,With Traffic,C: Possible Injury,Travel Lane,White,Male,25,25-29,No,NA,6-10 mph,O: No Injury,Black,Male,Passenger Car,No,20SEP2011,Tuesday,Crossing Paths - Other Circumstances,18,Intersection,September,C: Possible Injury,18:41:00,Sign-Controlled Intersection - Other / Unknown,2011,No,No,Daylight,Straight - Grade,Local Street,Dry,"Two-Way, Not Divided",None,No Special Feature,Coarse Asphalt,3 lanes,"35.78699708, -78.6746026202"
3431,Raleigh,Wake,Piedmont,Residential,Urban (>70% Developed),NA,Urban,20 - 25  MPH,Stop Sign,Clear,No,11,11-15,No,NA,Facing Traffic,B: Evident Injury,Travel Lane,Black,Female,24,20-24,No,NA,21-25 mph,O: No Injury,Black,Male,Passenger Car,No,07SEP2011,Wednesday,Bicyclist Failed to Yield - Sign-Controlled Intersection,17,Intersection,September,B: Evident Injury,17:34:00,Bicyclist Ride Through - Sign-Controlled Intersection,2011,Yes,No,Daylight,Straight - Level,Local Street,Dry,"Two-Way, Not Divided",None,Four-Way Intersection,Smooth Asphalt,4 lanes,"35.7683070786, -78.6029025976"
3440,Rocky Mount,Edgecombe,Coastal,Residential,Urban (>70% Developed),NA,Urban,30 - 35  MPH,No Control Present,Clear,No,16,16-19,No,NA,With Traffic,C: Possible Injury,Sidewalk / Crosswalk / Driveway Crossing,Black,Male,NA,NA,Missing,NA,6-10 mph,Unknown Injury,Unknown/Missing,NA,NA,No,09AUG2011,Tuesday,Parallel Paths - Other Circumstances,17,Non-Intersection,August,C: Possible Injury,17:46:00,Bicyclist Ride Out - Parallel Path,2011,No,Yes,Daylight,Straight - Level,Local Street,Dry,"Two-Way, Not Divided",None,No Special Feature,Smooth Asphalt,2 lanes,"35.9285071407, -77.7922023599"
3454,Durham,Durham,Piedmont,Commercial,Urban (>70% Developed),NA,Urban,5 - 15 MPH,No Control Present,Clear,No,25,25-29,No,NA,Not Applicable,B: Evident Injury,Non-Roadway,Hispanic,Male,41,40-49,No,NA,0-5 mph,O: No Injury,White,Male,Pickup,No,07OCT2011,Friday,Non-Roadway,8,Non-Roadway,October,B: Evident Injury,08:59:00,Non-Roadway,2011,Yes,No,Daylight,Straight - Level,Public Vehicular Area,Dry,"Two-Way, Not Divided",None,No Special Feature,Smooth Asphalt,1 lane,"35.9239771003, -78.9270027042"
3455,Winston-Salem,Forsyth,Piedmont,Commercial,Urban (>70% Developed),NA,Urban,NA,No Control Present,Clear,No,58,50-59,No,NA,Facing Traffic,C: Possible Injury,Sidewalk / Crosswalk / Driveway Crossing,White,Male,34,30-39,No,NA,0-5 mph,O: No Injury,Black,Female,Passenger Car,No,29SEP2011,Thursday,Motorist Right Turn / Merge,9,Non-Intersection,September,C: Possible Injury,09:05:00,Motorist Right Turn - Opposite Direction,2011,Yes,No,Daylight,Straight - Grade,Public Vehicular Area,Dry,"Two-Way, Not Divided",None,"Driveway, Public",Smooth Asphalt,2 lanes,"36.0700770817, -80.2706031168"
3459,Carolina Beach,New Hanover,Coastal,Residential,Urban (>70% Developed),NA,Urban,20 - 25  MPH,Stop And Go Signal,Clear,No,NA,NA,No,NA,Not Applicable,Unknown Injury,Sidewalk / Crosswalk / Driveway Crossing,Unknown/Missing,NA,27,25-29,No,NA,6-10 mph,O: No Injury,White,Female,Sport Utility,No,07SEP2011,Wednesday,Motorist Left Turn / Merge,14,Intersection,September,O: No Injury,14:20:00,Motorist Left Turn - Opposite Direction,2011,No,No,Daylight,Straight - Level,NA,Dry,"Two-Way, Not Divided",None,No Special Feature,Smooth Asphalt,3 lanes,"34.0363567235, -77.8938022973"
3467,Charlotte,Mecklenburg,Piedmont,Commercial,Urban (>70% Developed),NA,Urban,30 - 35  MPH,Stop And Go Signal,Clear,No,19,16-19,No,NA,With Traffic,B: Evident Injury,Sidewalk / Crosswalk / Driveway Crossing,Black,Male,21,20-24,No,NA,21-25 mph,O: No Injury,White,Female,Passenger Car,No,04OCT2011,Tuesday,Motorist Right Turn / Merge,17,Intersection,October,B: Evident Injury,17:49:00,Motorist Right Turn - Same Direction,2011,Yes,No,Daylight,Straight - Level,Local Street,Dry,"Two-Way, Divided, Unprotected Median",None,No Special Feature,Smooth Asphalt,3 lanes,"35.2549668901, -80.8008032309"
3471,Wesley Chapel,Union,Piedmont,Residential,Urban (>70% Developed),NA,Rural,30 - 35  MPH,Stop Sign,Clear,No,15,11-15,No,NA,With Traffic,B: Evident Injury,Travel Lane,White,Male,44,40-49,No,NA,0-5 mph,O: No Injury,White,Female,Sport Utility,No,17OCT2011,Monday,Bicyclist Overtaking Motorist,18,Intersection,October,B: Evident Injury,18:52:00,Bicyclist Overtaking - Passing on Left,2011,Yes,No,Daylight,Straight - Level,State Secondary Route,Dry,"Two-Way, Not Divided",None,T-Intersection,Smooth Asphalt,2 lanes,"34.9996068392, -80.6868031827"
3473,Charlotte,Mecklenburg,Piedmont,Commercial,Urban (>70% Developed),NA,Urban,5 - 15 MPH,Stop And Go Signal,Clear,No,44,40-49,No,NA,Facing Traffic,C: Possible Injury,Travel Lane,Black,Male,50,50-59,No,NA,0-5 mph,O: No Injury,Black,Female,Truck/Trailer,No,30SEP2011,Friday,Head-On,11,Non-Intersection,September,C: Possible Injury,11:53:00,Head-On - Bicyclist,2011,Yes,No,Daylight,Straight - Level,Local Street,Dry,"Two-Way, Divided, Unprotected Median",None,No Special Feature,Smooth Asphalt,4 lanes,"35.2270968819, -80.8431032414"
3474,Fayetteville,Cumberland,Coastal,Commercial,Mixed (30% To 70% Developed),NA,Urban,20 - 25  MPH,No Control Present,Clear,No,58,50-59,No,NA,Not Applicable,C: Possible Injury,Non-Roadway,Black,Male,35,30-39,No,NA,0-5 mph,O: No Injury,Black,Male,Passenger Car,No,05OCT2011,Wednesday,Crossing Paths - Other Circumstances,14,Intersection-Related,October,C: Possible Injury,14:06:00,Crossing Paths - Uncontrolled Intersection,2011,Yes,No,Daylight,Straight - Level,Local Street,Dry,"Two-Way, Divided, Unprotected Median",None,No Special Feature,Smooth Asphalt,2 lanes,"35.0203969067, -78.8981026478"
3482,Chapel Hill,Orange,Piedmont,Residential,Urban (>70% Developed),NA,Urban,30 - 35  MPH,No Control Present,Clear,No,23,20-24,No,NA,With Traffic,B: Evident Injury,Bike Lane / Paved Shoulder,White,Female,21,20-24,No,NA,0-5 mph,O: No Injury,White,Female,Passenger Car,No,09OCT2011,Sunday,Motorist Right Turn / Merge,20,Intersection,October,B: Evident Injury,20:06:00,Motorist Right Turn - Same Direction,2011,Yes,No,Dark - Lighted Roadway,Straight - Level,Local Street,Dry,"Two-Way, Not Divided",None,T-Intersection,Smooth Asphalt,2 lanes,"35.908867092, -79.0593027431"
3488,Raleigh,Wake,Piedmont,Commercial,Mixed (30% To 70% Developed),NA,Urban,20 - 25  MPH,Stop Sign,Clear,No,14,11-15,No,NA,Facing Traffic,C: Possible Injury,Sidewalk / Crosswalk / Driveway Crossing,Black,Male,19,0-19,No,NA,0-5 mph,O: No Injury,White,Female,Passenger Car,No,20OCT2011,Thursday,Motorist Failed to Yield - Sign-Controlled Intersection,18,Intersection,October,C: Possible Injury,18:51:00,Motorist Drive Out - Sign-Controlled Intersection,2011,Yes,No,Dark - Lighted Roadway,Straight - Level,Public Vehicular Area,Dry,"Two-Way, Not Divided",None,"Driveway, Private",Smooth Asphalt,2 lanes,"35.7846770787, -78.688002624"
3489,Raleigh,Wake,Piedmont,Commercial,Urban (>70% Developed),NA,Urban,30 - 35  MPH,No Control Present,Cloudy,No,38,30-39,No,NA,With Traffic,O: No Injury,Travel Lane,White,Female,NA,NA,Missing,NA,16-20 mph,Unknown Injury,Unknown/Missing,NA,Passenger Car,No,01OCT2011,Saturday,Motorist Overtaking Bicyclist,5,Non-Intersection,October,O: No Injury,05:58:00,Motorist Overtaking - Other / Unknown,2011,Yes,Yes,Dark - Lighted Roadway,Straight - Level,Local Street,Dry,"Two-Way, Not Divided",None,Bridge,Concrete,2 lanes,"35.793467081, -78.6843026228"
3491,Benson,Johnston,Coastal,Commercial,Urban (>70% Developed),NA,Rural,30 - 35  MPH,Stop And Go Signal,Clear,No,59,50-59,No,NA,Facing Traffic,C: Possible Injury,Sidewalk / Crosswalk / Driveway Crossing,Black,Male,20,20-24,No,NA,6-10 mph,O: No Injury,Hispanic,Female,Pickup,No,15MAY2011,Sunday,Motorist Failed to Yield - Midblock,15,Non-Intersection,May,C: Possible Injury,15:55:00,Motorist Drive Out - Commercial Driveway / Alley,2011,Yes,No,Daylight,Straight - Level,Local Street,Dry,"Two-Way, Divided, Unprotected Median",None,T-Intersection,Smooth Asphalt,4 lanes,"35.3778769965, -78.5420025584"
3492,Winston-Salem,Forsyth,Piedmont,Residential,Urban (>70% Developed),NA,Urban,5 - 15 MPH,Stop Sign,Clear,No,11,11-15,No,NA,With Traffic,B: Evident Injury,Travel Lane,White,Male,44,40-49,Yes,NA,NA,O: No Injury,Black,Male,Sport Utility,Yes,04OCT2011,Tuesday,Loss of Control / Turning Error,14,Intersection,October,B: Evident Injury,14:57:00,Bicyclist Turning Error - Right Turn,2011,Yes,No,Daylight,Straight - Grade,Local Street,Dry,"Two-Way, Not Divided",None,Related To Intersection,Smooth Asphalt,2 lanes,"36.1785071047, -80.2827031266"
3496,Goldsboro,Wayne,Coastal,Residential,Urban (>70% Developed),NA,Urban,30 - 35  MPH,Stop Sign,Clear,No,40,40-49,No,NA,Facing Traffic,B: Evident Injury,Travel Lane,White,Female,32,30-39,No,NA,0-5 mph,O: No Injury,White,Male,Passenger Car,No,13OCT2011,Thursday,Motorist Failed to Yield - Sign-Controlled Intersection,17,Intersection,October,B: Evident Injury,17:35:00,Motorist Drive Out - Sign-Controlled Intersection,2011,Yes,No,Daylight,Straight - Level,Local Street,Dry,"Two-Way, Not Divided",None,No Special Feature,Smooth Asphalt,3 lanes,"35.3893070201, -77.9222023712"
3499,Rocky Mount,Nash,Coastal,Commercial,Urban (>70% Developed),NA,Urban,5 - 15 MPH,No Control Present,Clear,No,NA,NA,Missing,NA,Not Applicable,Unknown Injury,Non-Roadway,Unknown/Missing,NA,22,20-24,No,NA,0-5 mph,O: No Injury,White,Male,Passenger Car,No,31JUL2011,Sunday,Non-Roadway,2,Non-Roadway,July,O: No Injury,02:57:00,Non-Roadway,2011,No,No,Dark - Lighted Roadway,Straight - Level,Public Vehicular Area,Dry,"Two-Way, Not Divided",None,No Special Feature,Coarse Asphalt,NA,"35.9776671513, -77.803502365"