object_id,city,county,region,development,locality,on_road,rural_urban,speed_limit,traffic_control,weather,workzone,bike_age,bike_age_group,bike_alcohol,bike_alcohol_drugs,bike_direction,bike_injury,bike_position,bike_race,bike_sex,driver_age,driver_age_group,driver_alcohol,driver_alcohol_drugs,driver_est_speed,driver_injury,driver_race,driver_sex,driver_vehicle_type,crash_alcohol,crash_date,crash_day,crash_group,crash_hour,crash_location,crash_month,crash_severity,crash_time,crash_type,crash_year,ambulance_req,hit_run,light_condition,road_character,road_class,road_condition,road_configuration,road_defects,road_feature,road_surface,num_lanes,geo_point
3500,Jacksonville,Onslow,Coastal,Residential,Urban (>70% Developed),NA,Urban,40 - 45  MPH,No Control Present,Clear,No,54,50-59,No,NA,With Traffic,C: Possible Injury,Travel Lane,White,Female,70+,70+,No,NA,21-25 mph,O: No Injury,White,Female,Passenger Car,No,02OCT2011,Sunday,Motorist Overtaking Bicyclist,17,Non-Intersection,October,C: Possible Injury,17:40:00,Motorist Overtaking - Misjudged Space,2011,Yes,No,Daylight,Straight - Level,Local Street,Dry,"Two-Way, Not Divided",None,No Special Feature,Smooth Asphalt,3 lanes,"34.7683969024, -77.3788021755"
3504,Rocky Mount,Edgecombe,Coastal,Residential,Urban (>70% Developed),NA,Urban,30 - 35  MPH,Stop Sign,Clear,No,70+,70+,No,NA,Facing Traffic,C: Possible Injury,Travel Lane,Black,Male,27,25-29,No,NA,31-35 mph,O: No Injury,White,Male,Pickup,No,17OCT2011,Monday,Motorist Failed to Yield - Sign-Controlled Intersection,13,Intersection,October,C: Possible Injury,13:25:00,Motorist Drive Out - Sign-Controlled Intersection,2011,No,No,Daylight,Straight - Level,Local Street,Dry,"Two-Way, Not Divided",None,No Special Feature,Coarse Asphalt,2 lanes,"35.9409971437, -77.7877023585"
3511,Columbia,Tyrrell,Coastal,Residential,Urban (>70% Developed),NA,Rural,30 - 35  MPH,No Control Present,Clear,No,56,50-59,No,NA,With Traffic,Unknown Injury,Travel Lane,Unknown/Missing,Female,18,0-19,No,NA,21-25 mph,O: No Injury,Black,Male,Passenger Car,No,06OCT2011,Thursday,Motorist Overtaking Bicyclist,18,Non-Intersection,October,O: No Injury,18:08:00,Motorist Overtaking - Bicyclist Swerved,2011,No,No,Daylight,Straight - Level,Local Street,Dry,"Two-Way, Not Divided",None,No Special Feature,Smooth Asphalt,1 lane,"35.9160371901, -76.2498018871"
3517,Monroe,Union,Piedmont,Commercial,Mixed (30% To 70% Developed),NA,Urban,40 - 45  MPH,No Control Present,Clear,No,47,40-49,No,NA,Not Applicable,C: Possible Injury,Travel Lane,White,Male,41,40-49,No,NA,31-35 mph,O: No Injury,White,Female,Passenger Car,No,14OCT2011,Friday,Bicyclist Failed to Yield - Midblock,14,Non-Intersection,October,C: Possible Injury,14:05:00,Bicyclist Ride Out - Other Midblock,2011,Yes,No,Daylight,Straight - Level,US Route,Dry,"Two-Way, Divided, Unprotected Median",None,No Special Feature,Coarse Asphalt,3 lanes,"34.9893368428, -80.5320031358"
3521,None - Rural Crash,Davidson,Piedmont,Residential,Rural (<30% Developed),NA,Rural,50 - 55  MPH,"Double Yellow Line, No Passing Zone",Clear,No,45,40-49,No,NA,With Traffic,K: Killed,Travel Lane,White,Male,30,30-39,No,NA,51-55 mph,O: No Injury,White,Male,Pickup,No,01NOV2011,Tuesday,Motorist Overtaking Bicyclist,19,Non-Intersection,November,K: Killed,19:11:00,Motorist Overtaking - Misjudged Space,2011,Yes,Yes,Dark - Roadway Not Lighted,Straight - Level,State Secondary Route,Dry,"Two-Way, Not Divided",None,No Special Feature,Smooth Asphalt,2 lanes,"35.739187018, -80.1028030489"
6022,None - Rural Crash,Robeson,Coastal,Residential,Rural (<30% Developed),NA,Rural,50 - 55  MPH,"Double Yellow Line, No Passing Zone",Cloudy,No,22,20-24,Yes,NA,With Traffic,B: Evident Injury,Travel Lane,Hispanic,Male,59,50-59,No,NA,46-50 mph,O: No Injury,Black,Female,Passenger Car,Yes,30JUL2008,Wednesday,Motorist Overtaking Bicyclist,18,Non-Intersection,July,B: Evident Injury,18:53:00,Motorist Overtaking - Other / Unknown,2008,Yes,No,Daylight,Straight - Level,State Secondary Route,Wet,"Two-Way, Not Divided",None,No Special Feature,Smooth Asphalt,2 lanes,"34.8148068556, -79.0842326933"
6046,Fayetteville,Cumberland,Coastal,Residential,Urban (>70% Developed),NA,Urban,5 - 15 MPH,Missing,Clear,No,31,30-39,No,NA,NA,O: No Injury,Travel Lane,Black,Male,42,40-49,No,NA,6-10 mph,O: No Injury,White,Male,Police,No,05AUG2008,Tuesday,Other / Unknown - Insufficient Details,17,Non-Intersection,August,O: No Injury,17:51:00,Unknown Approach Paths,2008,No,No,Daylight,Straight - Level,Local Street,Dry,"Two-Way, Not Divided",None,No Special Feature,Coarse Asphalt,2 lanes,"35.0862799211, -78.9041926534"
6051,Charlotte,Mecklenburg,Piedmont,Commercial,Urban (>70% Developed),NA,Urban,40 - 45  MPH,No Control Present,Clear,No,66,60-69,No,NA,With Traffic,B: Evident Injury,Travel Lane,White,Male,24,20-24,No,NA,41-45 mph,O: No Injury,Black,Female,Passenger Car,No,01SEP2008,Monday,Motorist Right Turn / Merge,9,Intersection,September,B: Evident Injury,09:28:00,Motorist Right Turn - Same Direction,2008,Yes,No,Daylight,Straight - Grade,Local Street,Dry,"Two-Way, Not Divided",None,No Special Feature,Smooth Asphalt,2 lanes,"35.0569908483, -80.769893211"
6054,Asheville,Buncombe,Mountains,Commercial,Urban (>70% Developed),NA,Urban,30 - 35  MPH,No Control Present,Clear,No,20,20-24,No,NA,With Traffic,B: Evident Injury,Travel Lane,White,Female,NA,NA,No,NA,NA,Unknown Injury,Unknown/Missing,NA,Pickup,No,08AUG2008,Friday,Motorist Right Turn / Merge,13,Intersection,August,B: Evident Injury,13:38:00,Motorist Right Turn - Same Direction,2008,Yes,Yes,Daylight,Straight - Grade,Local Street,Dry,"Two-Way, Not Divided",NA,Related To Intersection,Smooth Asphalt,5 lanes,"35.5869768935, -82.5665137737"
6064,Shelby,Cleveland,Mountains,Residential,Mixed (30% To 70% Developed),NA,Urban,30 - 35  MPH,No Control Present,Clear,No,11,11-15,No,NA,With Traffic,C: Possible Injury,Travel Lane,Black,Male,60,60-69,No,NA,16-20 mph,O: No Injury,White,Female,Passenger Car,No,12AUG2008,Tuesday,Motorist Overtaking Bicyclist,14,Intersection,August,C: Possible Injury,14:00:00,Motorist Overtaking - Bicyclist Swerved,2008,Yes,No,Daylight,Straight - Grade,Local Street,Dry,"Two-Way, Not Divided",None,No Special Feature,Smooth Asphalt,2 lanes,"35.2814568681, -81.5460834534"
6076,Raleigh,Wake,Piedmont,Commercial,Urban (>70% Developed),NA,Urban,5 - 15 MPH,No Control Present,Clear,No,22,20-24,No,NA,With Traffic,O: No Injury,Travel Lane,White,Male,NA,NA,Missing,NA,0-5 mph,Unknown Injury,Unknown/Missing,NA,Sport Utility,No,10JUL2008,Thursday,Backing Vehicle,21,Non-Intersection,July,O: No Injury,21:19:00,Backing Vehicle,2008,No,No,Dark - Lighted Roadway,Straight - Level,Local Street,Dry,"Two-Way, Not Divided",None,Four-Way Intersection,Smooth Asphalt,3 lanes,"35.778369079, -78.6432526096"
6081,Duck,Dare,Coastal,Commercial,Urban (>70% Developed),NA,Rural,20 - 25  MPH,Missing,Clear,No,37,30-39,No,NA,Facing Traffic,C: Possible Injury,Multi-use Path,White,Male,25,25-29,No,NA,0-5 mph,O: No Injury,White,Male,Sport Utility,No,16AUG2008,Saturday,Motorist Failed to Yield - Midblock,17,Non-Intersection,August,B: Evident Injury,17:29:00,Motorist Drive Out - Commercial Driveway / Alley,2008,Yes,No,Daylight,Curve - Level,NC Route,Dry,"Two-Way, Not Divided",None,Shared-Use Paths Or Trails,Smooth Asphalt,1 lane,"36.1646042604, -75.7527557459"
6084,Hickory,Catawba,Piedmont,Residential,Urban (>70% Developed),NA,Urban,NA,Missing,Clear,No,11,11-15,No,NA,Not Applicable,B: Evident Injury,Non-Roadway,White,Male,NA,NA,Missing,NA,0-5 mph,Unknown Injury,Unknown/Missing,NA,NA,No,12AUG2008,Tuesday,Non-Roadway,19,Non-Roadway,August,B: Evident Injury,19:30:00,Non-Roadway,2008,Yes,Yes,Daylight,Straight - Level,Public Vehicular Area,Dry,"Two-Way, Not Divided",None,No Special Feature,Coarse Asphalt,2 lanes,"35.6966549645, -81.3014034044"
6086,Asheville,Buncombe,Mountains,Commercial,Urban (>70% Developed),NA,Urban,30 - 35  MPH,Stop And Go Signal,Clear,No,34,30-39,No,NA,With Traffic,C: Possible Injury,Travel Lane,White,Male,24,20-24,No,NA,11-15 mph,O: No Injury,Black,Female,Passenger Car,No,17AUG2008,Sunday,Bicyclist Failed to Yield - Signalized Intersection,19,Intersection,August,C: Possible Injury,19:26:00,Bicyclist Ride Through - Signalized Intersection,2008,No,No,Daylight,Straight - Level,Local Street,Dry,"Two-Way, Not Divided",None,Bridge,Smooth Asphalt,4 lanes,"35.5781398905, -82.5831537775"
6088,None - Rural Crash,Edgecombe,Coastal,"Farms, Woods, Pastures",Rural (<30% Developed),NA,Rural,50 - 55  MPH,Stop Sign,Clear,No,13,11-15,No,NA,With Traffic,C: Possible Injury,Travel Lane,Black,Male,70+,70+,No,NA,51-55 mph,O: No Injury,Black,Female,Passenger Car,No,18AUG2008,Monday,Bicyclist Failed to Yield - Sign-Controlled Intersection,20,Intersection,August,C: Possible Injury,20:22:00,Bicyclist Ride Through - Sign-Controlled Intersection,2008,Yes,No,Dark - Roadway Not Lighted,Straight - Level,US Route,Dry,"Two-Way, Not Divided",None,"Driveway, Private",Coarse Asphalt,2 lanes,"35.8341071321, -77.4747422578"
6095,Charlotte,Mecklenburg,Piedmont,Commercial,Urban (>70% Developed),NA,Urban,NA,Stop And Go Signal,Clear,No,48,40-49,No,NA,With Traffic,C: Possible Injury,Travel Lane,White,Female,NA,NA,Missing,NA,NA,Unknown Injury,Unknown/Missing,NA,Passenger Car,No,04SEP2008,Thursday,Motorist Left Turn / Merge,17,Intersection,September,C: Possible Injury,17:00:00,Motorist Left Turn - Opposite Direction,2008,No,Yes,Daylight,Straight - Level,Local Street,Dry,"Two-Way, Not Divided",None,Four-Way Intersection,Smooth Asphalt,4 lanes,"35.1959298747, -80.8770732503"
6097,Fayetteville,Cumberland,Coastal,Commercial,Urban (>70% Developed),NA,Urban,30 - 35  MPH,No Control Present,Clear,No,43,40-49,No,NA,Not Applicable,O: No Injury,NA,Black,Female,45,40-49,No,NA,6-10 mph,O: No Injury,Black,Male,Passenger Car,No,22AUG2008,Friday,Other / Unknown - Insufficient Details,16,Non-Intersection,August,O: No Injury,16:33:00,Unknown Approach Paths,2008,No,No,Daylight,Straight - Level,Local Street,Dry,"Two-Way, Not Divided",None,No Special Feature,Coarse Asphalt,5 lanes,"35.0534869152, -78.8659226398"
6103,Dunn,Harnett,Coastal,Residential,Urban (>70% Developed),NA,Urban,30 - 35  MPH,No Control Present,Clear,No,11,11-15,No,NA,Not Applicable,C: Possible Injury,NA,White,Male,27,25-29,No,NA,31-35 mph,O: No Injury,Black,Male,Passenger Car,No,23AUG2008,Saturday,Crossing Paths - Other Circumstances,19,Non-Intersection,August,C: Possible Injury,19:46:00,Crossing Paths - Midblock - Other / Unknown,2008,No,No,Daylight,Straight - Level,Local Street,Dry,"Two-Way, Not Divided",None,No Special Feature,Coarse Asphalt,2 lanes,"35.3075749784, -78.6196825789"
6105,Hendersonville,Henderson,Mountains,Residential,Urban (>70% Developed),NA,Urban,30 - 35  MPH,Missing,Clear,No,19,16-19,No,NA,Not Applicable,C: Possible Injury,Non-Roadway,White,Female,29,25-29,No,NA,0-5 mph,O: No Injury,Hispanic,Male,Passenger Car,No,08AUG2008,Friday,Loss of Control / Turning Error,20,Non-Intersection,August,C: Possible Injury,20:11:00,Bicyclist Lost Control - Mechanical Problems,2008,Yes,No,Dusk,Straight - Hillcrest,Local Street,Dry,"Two-Way, Not Divided",None,No Special Feature,Smooth Asphalt,2 lanes,"35.3111068393, -82.4697537289"
6112,None - Rural Crash,Hyde,Coastal,Residential,Urban (>70% Developed),NA,Rural,20 - 25  MPH,Stop Sign,Clear,No,10,6-10,No,NA,Facing Traffic,B: Evident Injury,Travel Lane,White,Male,16,0-19,No,NA,11-15 mph,O: No Injury,White,Male,Sport Utility,No,20JUL2008,Sunday,Bicyclist Failed to Yield - Sign-Controlled Intersection,17,Intersection,July,B: Evident Injury,17:20:00,Bicyclist Ride Out - Sign-Controlled Intersection,2008,Yes,No,Daylight,Straight - Level,Local Street,Dry,"Two-Way, Not Divided",None,Four-Way Intersection,Smooth Asphalt,2 lanes,"35.1099920229, -75.9756717638"
6117,None - Rural Crash,Cleveland,Mountains,Residential,Mixed (30% To 70% Developed),NA,Rural,50 - 55  MPH,Missing,Rain,No,52,50-59,No,NA,With Traffic,B: Evident Injury,Travel Lane,Black,Male,62,60-69,No,NA,31-35 mph,O: No Injury,White,Female,Sport Utility,No,27AUG2008,Wednesday,Motorist Overtaking Bicyclist,11,Non-Intersection,August,B: Evident Injury,11:52:00,Motorist Overtaking - Misjudged Space,2008,Yes,No,Daylight,Straight - Level,State Secondary Route,Wet,"Two-Way, Not Divided",None,No Special Feature,Smooth Asphalt,2 lanes,"35.2708918611, -81.6690474895"
6121,Rocky Mount,Nash,Coastal,Commercial,Urban (>70% Developed),NA,Urban,30 - 35  MPH,Missing,Clear,No,31,30-39,No,NA,Facing Traffic,C: Possible Injury,Travel Lane,Black,Male,26,25-29,No,NA,0-5 mph,O: No Injury,Black,Male,Passenger Car,No,27JUN2008,Friday,Motorist Failed to Yield - Midblock,19,Non-Intersection,June,C: Possible Injury,19:30:00,Motorist Drive Out - Commercial Driveway / Alley,2008,No,No,Daylight,Straight - Level,Local Street,Dry,"Two-Way, Not Divided",None,No Special Feature,Smooth Asphalt,3 lanes,"35.9300371402, -77.8141123664"
6131,None - Rural Crash,Pasquotank,Coastal,Commercial,Mixed (30% To 70% Developed),NA,Rural,50 - 55  MPH,No Control Present,Clear,No,13,11-15,No,NA,Not Applicable,B: Evident Injury,Non-Roadway,White,Male,17,0-19,No,NA,51-55 mph,O: No Injury,Black,Male,Passenger Car,No,02SEP2008,Tuesday,Bicyclist Failed to Yield - Midblock,17,Non-Intersection,September,B: Evident Injury,17:02:00,Bicyclist Ride Out - Other Midblock,2008,No,No,Daylight,Straight - Level,US Route,Dry,"Two-Way, Divided, Unprotected Median",None,No Special Feature,Coarse Asphalt,4 lanes,"36.3500972837, -76.267205914"
6134,None - Rural Crash,Lincoln,Piedmont,"Farms, Woods, Pastures",Rural (<30% Developed),NA,Rural,50 - 55  MPH,"Double Yellow Line, No Passing Zone",Clear,No,45,40-49,No,NA,With Traffic,A: Disabling Injury,Travel Lane,White,Male,37,30-39,No,NA,51-55 mph,O: No Injury,White,Male,Passenger Car,No,22SEP2008,Monday,Motorist Overtaking Bicyclist,17,Non-Intersection,September,A: Disabling Injury,17:50:00,Motorist Overtaking - Other / Unknown,2008,Yes,No,Daylight,Straight - Grade,State Secondary Route,Dry,"Two-Way, Not Divided",None,No Special Feature,Coarse Asphalt,2 lanes,"35.5122289241, -81.341037406"
6135,None - Rural Crash,Duplin,Coastal,"Farms, Woods, Pastures",Rural (<30% Developed),NA,Rural,NA,No Control Present,Clear,No,37,30-39,No,NA,With Traffic,B: Evident Injury,Travel Lane,Black,Female,57,50-59,Yes,NA,NA,K: Killed,Black,Male,Pedalcycle,Yes,21AUG2008,Thursday,Head-On,22,Non-Intersection,August,K: Killed,22:35:00,Head-On - Bicyclist,2008,Yes,No,Dark - Roadway Not Lighted,Straight - Level,NC Route,Dry,"Two-Way, Not Divided",None,No Special Feature,Coarse Asphalt,2 lanes,"34.8811469075, -77.9744423617"
6137,Charlotte,Mecklenburg,Piedmont,Commercial,Urban (>70% Developed),NA,Urban,30 - 35  MPH,No Control Present,Clear,No,28,25-29,No,NA,With Traffic,B: Evident Injury,Bike Lane / Paved Shoulder,White,Male,40,40-49,No,NA,6-10 mph,O: No Injury,White,Male,Passenger Car,No,23SEP2008,Tuesday,Motorist Left Turn / Merge,18,Intersection,September,B: Evident Injury,18:30:00,Motorist Left Turn - Opposite Direction,2008,No,No,Daylight,Straight - Grade,Local Street,Dry,"Two-Way, Divided, Unprotected Median",None,No Special Feature,Smooth Asphalt,3 lanes,"35.2006598767, -80.8429982409"
6139,Fayetteville,Cumberland,Coastal,Residential,Urban (>70% Developed),NA,Urban,30 - 35  MPH,Stop Sign,Clear,No,14,11-15,No,NA,Facing Traffic,B: Evident Injury,Travel Lane,Black,Male,49,40-49,No,NA,0-5 mph,O: No Injury,Asian,Male,Pickup,No,22MAY2008,Thursday,Loss of Control / Turning Error,17,Intersection,May,B: Evident Injury,17:32:00,Bicyclist Lost Control - Mechanical Problems,2008,Yes,No,Daylight,Straight - Level,Local Street,Dry,"Two-Way, Not Divided",None,Four-Way Intersection,Coarse Asphalt,8 lanes,"35.0496869108, -78.9570126667"
6145,Wilmington,New Hanover,Coastal,Residential,Urban (>70% Developed),NA,Urban,20 - 25  MPH,Missing,Cloudy,No,16,16-19,No,NA,Facing Traffic,C: Possible Injury,Sidewalk / Crosswalk / Driveway Crossing,Black,Male,25,25-29,No,NA,0-5 mph,Unknown Injury,White,Female,Van,No,25AUG2008,Monday,Motorist Failed to Yield - Sign-Controlled Intersection,11,Intersection,August,C: Possible Injury,11:19:00,Motorist Drive Out - Sign-Controlled Intersection,2008,No,No,Daylight,Straight - Level,Local Street,Dry,"One-Way, Not Divided",None,No Special Feature,Coarse Asphalt,2 lanes,"34.2377497676, -77.9192523139"
6149,None - Rural Crash,Orange,Piedmont,"Farms, Woods, Pastures",Rural (<30% Developed),NA,Rural,40 - 45  MPH,"Double Yellow Line, No Passing Zone",Clear,No,33,30-39,No,NA,With Traffic,C: Possible Injury,Travel Lane,White,Female,53,50-59,No,NA,41-45 mph,O: No Injury,White,Male,Pickup,No,04SEP2008,Thursday,Motorist Overtaking Bicyclist,13,Non-Intersection,September,C: Possible Injury,13:43:00,Motorist Overtaking - Other / Unknown,2008,Yes,No,Daylight,Curve - Grade,State Secondary Route,Dry,"Two-Way, Not Divided",None,No Special Feature,Smooth Asphalt,2 lanes,"35.8985020883, -79.1079227576"
6154,Fayetteville,Cumberland,Coastal,Commercial,Urban (>70% Developed),NA,Urban,30 - 35  MPH,No Control Present,Clear,No,20,20-24,No,NA,Not Applicable,O: No Injury,Non-Roadway,White,Male,25,25-29,No,NA,6-10 mph,O: No Injury,Black,Male,Passenger Car,No,08SEP2008,Monday,Non-Roadway,21,Non-Roadway,September,O: No Injury,21:37:00,Non-Roadway,2008,No,No,Dark - Lighted Roadway,Straight - Level,Public Vehicular Area,Dry,"Two-Way, Not Divided",None,No Special Feature,Coarse Asphalt,2 lanes,"35.0306869079, -78.924052656"
6168,Greensboro,Guilford,Piedmont,Residential,Urban (>70% Developed),NA,Urban,NA,Missing,Cloudy,No,14,11-15,No,NA,Not Applicable,B: Evident Injury,Travel Lane,Black,Male,18,0-19,No,NA,0-5 mph,O: No Injury,White,Male,Sport Utility,No,11SEP2008,Thursday,Non-Roadway,16,Non-Roadway,September,B: Evident Injury,16:33:00,Non-Roadway,2008,Yes,No,Daylight,Straight - Grade,Public Vehicular Area,Wet,"Two-Way, Not Divided",None,"Driveway, Public",Smooth Asphalt,NA,"36.0211770855, -79.9072630051"
6170,None - Rural Crash,Robeson,Coastal,"Farms, Woods, Pastures",Rural (<30% Developed),NA,Rural,50 - 55  MPH,No Control Present,Clear,No,31,30-39,No,NA,With Traffic,C: Possible Injury,Travel Lane,Native American,Male,NA,NA,Missing,NA,51-55 mph,Unknown Injury,Unknown/Missing,NA,NA,No,11SEP2008,Thursday,Motorist Overtaking Bicyclist,23,Non-Intersection,September,C: Possible Injury,23:19:00,Motorist Overtaking - Other / Unknown,2008,Yes,Yes,Dark - Roadway Not Lighted,Straight - Level,State Secondary Route,Dry,"Two-Way, Not Divided",None,No Special Feature,Coarse Asphalt,2 lanes,"34.6945638241, -79.2499427375"
6171,Burlington,Alamance,Piedmont,Commercial,Urban (>70% Developed),NA,Urban,40 - 45  MPH,No Control Present,Clear,No,13,11-15,No,NA,With Traffic,B: Evident Injury,Travel Lane,White,Male,62,60-69,No,NA,31-35 mph,O: No Injury,White,Female,Van,No,12SEP2008,Friday,Motorist Overtaking Bicyclist,20,Non-Intersection,September,B: Evident Injury,20:23:00,Motorist Overtaking - Undetected Bicyclist,2008,Yes,No,Dark - Roadway Not Lighted,Straight - Level,Local Street,Dry,"Two-Way, Not Divided",None,No Special Feature,Smooth Asphalt,4 lanes,"36.0931311192, -79.3962028549"
6173,Chapel Hill,Orange,Piedmont,Residential,Urban (>70% Developed),NA,Urban,30 - 35  MPH,Stop And Go Signal,Rain,No,33,30-39,No,NA,Facing Traffic,B: Evident Injury,Sidewalk / Crosswalk / Driveway Crossing,White,Male,31,30-39,No,NA,NA,O: No Injury,White,Female,Passenger Car,No,12SEP2008,Friday,Crossing Paths - Other Circumstances,20,Intersection,September,B: Evident Injury,20:39:00,Signalized Intersection - Other / Unknown,2008,Yes,No,Dark - Roadway Not Lighted,Straight - Level,Local Street,"Water (Standing, Moving)","Two-Way, Divided, Unprotected Median",None,Four-Way Intersection,Smooth Asphalt,5 lanes,"35.9352790982, -79.0560177439"
6180,Goldsboro,Wayne,Coastal,Commercial,Urban (>70% Developed),NA,Urban,30 - 35  MPH,No Control Present,Clear,No,62,60-69,No,NA,With Traffic,B: Evident Injury,Travel Lane,Black,Male,NA,NA,No,NA,31-35 mph,Unknown Injury,Unknown/Missing,NA,Passenger Car,No,17SEP2008,Wednesday,Motorist Overtaking Bicyclist,20,Non-Intersection,September,B: Evident Injury,20:27:00,Motorist Overtaking - Other / Unknown,2008,Yes,Yes,Dark - Roadway Not Lighted,Straight - Level,Local Street,Dry,"Two-Way, Divided, Positive Median Barrier",None,Bridge,Coarse Asphalt,5 lanes,"35.3964000198, -77.9684123861"
6191,Jacksonville,Onslow,Coastal,Commercial,Urban (>70% Developed),NA,Urban,40 - 45  MPH,No Control Present,Clear,No,12,11-15,No,NA,Not Applicable,C: Possible Injury,Travel Lane,White,Female,NA,NA,Missing,NA,0-5 mph,Unknown Injury,Unknown/Missing,NA,NA,No,13SEP2008,Saturday,Bicyclist Failed to Yield - Midblock,13,Non-Intersection,September,C: Possible Injury,13:58:00,Bicyclist Ride Out - Other Midblock,2008,No,Yes,Daylight,Straight - Level,Local Street,Dry,"Two-Way, Divided, Unprotected Median",None,No Special Feature,Smooth Asphalt,5 lanes,"34.7753569042, -77.3901121794"
6198,Roanoke Rapids,Halifax,Coastal,Residential,Urban (>70% Developed),NA,Urban,20 - 25  MPH,Stop Sign,Clear,No,18,16-19,No,NA,With Traffic,B: Evident Injury,Travel Lane,Black,Male,30,30-39,No,NA,11-15 mph,O: No Injury,Black,Female,Passenger Car,No,25SEP2008,Thursday,Motorist Failed to Yield - Sign-Controlled Intersection,17,Intersection,September,B: Evident Injury,17:44:00,Motorist Drive Out - Sign-Controlled Intersection,2008,Yes,Yes,Daylight,Straight - Level,Local Street,Dry,"Two-Way, Not Divided",None,No Special Feature,Concrete,2 lanes,"36.4595942591, -77.662032348"
6200,None - Rural Crash,Lee,Piedmont,"Farms, Woods, Pastures",Rural (<30% Developed),NA,Rural,50 - 55  MPH,Missing,Cloudy,No,46,40-49,No,NA,With Traffic,C: Possible Injury,Travel Lane,Black,Male,53,50-59,No,NA,31-35 mph,O: No Injury,White,Female,Sport Utility,No,24SEP2008,Wednesday,Motorist Overtaking Bicyclist,17,Non-Intersection,September,C: Possible Injury,17:30:00,Motorist Overtaking - Undetected Bicyclist,2008,Yes,No,Daylight,Straight - Level,State Secondary Route,Dry,"Two-Way, Not Divided",None,No Special Feature,Smooth Asphalt,2 lanes,"35.4623469953, -79.099652731"
6201,None - Rural Crash,Halifax,Coastal,Residential,Mixed (30% To 70% Developed),NA,Rural,40 - 45  MPH,"Double Yellow Line, No Passing Zone","Fog, Smog, Smoke",No,39,30-39,No,NA,With Traffic,K: Killed,Travel Lane,Native American,Female,16,0-19,No,NA,41-45 mph,O: No Injury,Native American,Male,Passenger Car,No,16SEP2008,Tuesday,Motorist Overtaking Bicyclist,19,Non-Intersection,September,K: Killed,19:59:00,Motorist Overtaking - Other / Unknown,2008,Yes,No,Dark - Roadway Not Lighted,Straight - Level,State Secondary Route,Dry,"Two-Way, Not Divided",None,No Special Feature,Smooth Asphalt,2 lanes,"36.2633572066, -77.9533124265"
6206,Tarboro,Edgecombe,Coastal,Commercial,Mixed (30% To 70% Developed),NA,Urban,30 - 35  MPH,Stop Sign,Clear,No,60,60-69,No,NA,Facing Traffic,B: Evident Injury,Travel Lane,Black,Male,60,60-69,No,NA,6-10 mph,O: No Injury,White,Male,Sport Utility,No,29SEP2008,Monday,Motorist Failed to Yield - Sign-Controlled Intersection,17,Intersection,September,B: Evident Injury,17:13:00,Motorist Drive Out - Sign-Controlled Intersection,2008,Yes,No,Daylight,Straight - Level,Local Street,Dry,"Two-Way, Not Divided",None,No Special Feature,Smooth Asphalt,2 lanes,"35.9056011445, -77.5427122821"
6210,None - Rural Crash,Davidson,Piedmont,"Farms, Woods, Pastures",Rural (<30% Developed),NA,Rural,50 - 55  MPH,Missing,Rain,No,23,20-24,Yes,NA,With Traffic,C: Possible Injury,Travel Lane,White,Male,62,60-69,No,NA,41-45 mph,O: No Injury,White,Female,"Light Truck (Mini-Van, Panel)",Yes,26SEP2008,Friday,Motorist Overtaking Bicyclist,23,Non-Intersection,September,C: Possible Injury,23:47:00,Motorist Overtaking - Undetected Bicyclist,2008,Yes,No,Dark - Roadway Not Lighted,NA,NC Route,Wet,NA,None,No Special Feature,NA,NA,"35.8263370281, -80.3479731265"
6211,Wilmington,New Hanover,Coastal,Residential,Urban (>70% Developed),NA,Urban,40 - 45  MPH,Stop Sign,Clear,No,18,16-19,No,NA,With Traffic,B: Evident Injury,Travel Lane,White,Male,25,25-29,No,NA,11-15 mph,O: No Injury,White,Male,Passenger Car,No,29SEP2008,Monday,Motorist Left Turn / Merge,21,Intersection,September,B: Evident Injury,21:35:00,Motorist Left Turn - Opposite Direction,2008,Yes,No,Dark - Lighted Roadway,Straight - Level,Local Street,Dry,"Two-Way, Not Divided",None,T-Intersection,Smooth Asphalt,3 lanes,"34.2150217649, -77.8516522919"
6232,Charlotte,Mecklenburg,Piedmont,Commercial,Urban (>70% Developed),NA,Urban,20 - 25  MPH,Stop Sign,Clear,No,46,40-49,No,NA,Facing Traffic,C: Possible Injury,Sidewalk / Crosswalk / Driveway Crossing,Black,Male,30,30-39,No,NA,0-5 mph,O: No Injury,Black,Female,Passenger Car,No,16OCT2008,Thursday,Motorist Failed to Yield - Sign-Controlled Intersection,17,Intersection,October,C: Possible Injury,17:12:00,Motorist Drive Out - Sign-Controlled Intersection,2008,No,No,Daylight,Straight - Level,Local Street,Dry,"Two-Way, Not Divided",None,T-Intersection,Smooth Asphalt,2 lanes,"35.2197028817, -80.8027432295"
6234,Fayetteville,Cumberland,Coastal,Commercial,Mixed (30% To 70% Developed),NA,Urban,30 - 35  MPH,No Control Present,Clear,No,37,30-39,No,NA,With Traffic,C: Possible Injury,Travel Lane,Black,Male,25,25-29,No,NA,31-35 mph,O: No Injury,White,Female,Passenger Car,No,07OCT2008,Tuesday,Motorist Overtaking Bicyclist,23,Non-Intersection,October,C: Possible Injury,23:16:00,Motorist Overtaking - Undetected Bicyclist,2008,Yes,No,Dark - Lighted Roadway,Straight - Level,Local Street,Dry,"Two-Way, Divided, Unprotected Median",None,No Special Feature,Coarse Asphalt,2 lanes,"35.062693915, -78.9357926609"