object_id,city,county,region,development,locality,on_road,rural_urban,speed_limit,traffic_control,weather,workzone,bike_age,bike_age_group,bike_alcohol,bike_alcohol_drugs,bike_direction,bike_injury,bike_position,bike_race,bike_sex,driver_age,driver_age_group,driver_alcohol,driver_alcohol_drugs,driver_est_speed,driver_injury,driver_race,driver_sex,driver_vehicle_type,crash_alcohol,crash_date,crash_day,crash_group,crash_hour,crash_location,crash_month,crash_severity,crash_time,crash_type,crash_year,ambulance_req,hit_run,light_condition,road_character,road_class,road_condition,road_configuration,road_defects,road_feature,road_surface,num_lanes,geo_point
6238,Wilmington,New Hanover,Coastal,Commercial,Rural (<30% Developed),NA,Urban,40 - 45  MPH,No Control Present,Clear,No,35,30-39,No,NA,Facing Traffic,C: Possible Injury,Sidewalk / Crosswalk / Driveway Crossing,Black,Male,37,30-39,No,NA,0-5 mph,O: No Injury,Black,Female,Passenger Car,No,06OCT2008,Monday,Motorist Failed to Yield - Midblock,14,Non-Intersection,October,C: Possible Injury,14:08:00,Motorist Drive Out - Commercial Driveway / Alley,2008,Yes,No,Daylight,Straight - Level,"Private Road, Driveway","Water (Standing, Moving)","Two-Way, Not Divided",None,"Driveway, Public",Smooth Asphalt,3 lanes,"34.2428317695, -77.8887623052"
6242,Cary,Wake,Piedmont,Residential,Urban (>70% Developed),NA,Urban,30 - 35  MPH,Stop Sign,Clear,No,37,30-39,No,NA,Facing Traffic,C: Possible Injury,Sidewalk / Crosswalk / Driveway Crossing,Black,Male,20,20-24,No,NA,0-5 mph,O: No Injury,White,Female,Passenger Car,No,17OCT2008,Friday,Motorist Failed to Yield - Sign-Controlled Intersection,14,Intersection,October,C: Possible Injury,14:00:00,Motorist Drive Out - Sign-Controlled Intersection,2008,No,No,Daylight,Straight - Level,Local Street,Dry,"Two-Way, Divided, Unprotected Median",None,T-Intersection,Smooth Asphalt,2 lanes,"35.8019630792, -78.7954966578"
6243,None - Rural Crash,Greene,Coastal,"Farms, Woods, Pastures",Rural (<30% Developed),NA,Rural,50 - 55  MPH,"Double Yellow Line, No Passing Zone",Clear,No,39,30-39,No,NA,With Traffic,C: Possible Injury,Bike Lane / Paved Shoulder,Black,Male,24,20-24,No,NA,36-40 mph,O: No Injury,Black,Female,Passenger Car,No,13OCT2008,Monday,Motorist Overtaking Bicyclist,7,Non-Intersection,October,C: Possible Injury,07:42:00,Motorist Overtaking - Misjudged Space,2008,Yes,No,Daylight,Straight - Level,State Secondary Route,Dry,"Two-Way, Not Divided",None,No Special Feature,Coarse Asphalt,2 lanes,"35.4269250359, -77.6881623016"
6244,Charlotte,Mecklenburg,Piedmont,Residential,Urban (>70% Developed),NA,Urban,20 - 25  MPH,Stop Sign,Clear,No,37,30-39,No,NA,With Traffic,B: Evident Injury,Travel Lane,Black,Male,63,60-69,No,NA,21-25 mph,O: No Injury,White,Male,Passenger Car,No,23OCT2008,Thursday,Loss of Control / Turning Error,11,Intersection,October,B: Evident Injury,11:06:00,Motorist Turning Error - Left Turn,2008,Yes,No,Daylight,Straight - Level,Local Street,Dry,"Two-Way, Not Divided",None,T-Intersection,Smooth Asphalt,2 lanes,"35.2351788858, -80.790033226"
6248,Charlotte,Mecklenburg,Piedmont,Commercial,Urban (>70% Developed),NA,Urban,40 - 45  MPH,Stop And Go Signal,Clear,No,24,20-24,No,NA,With Traffic,B: Evident Injury,Travel Lane,White,Male,17,0-19,No,NA,41-45 mph,O: No Injury,White,Male,Pickup,No,21OCT2008,Tuesday,Motorist Right Turn / Merge,18,Intersection,October,B: Evident Injury,18:42:00,Motorist Right Turn - Same Direction,2008,Yes,No,Dark - Roadway Not Lighted,Straight - Grade,Local Street,Dry,"Two-Way, Not Divided",None,Four-Way Intersection,Coarse Asphalt,4 lanes,"35.0404268438, -80.7940032177"
2877,Fayetteville,Cumberland,Coastal,Commercial,Urban (>70% Developed),NA,Urban,30 - 35  MPH,Stop And Go Signal,Clear,No,29,25-29,No,NA,With Traffic,C: Possible Injury,Travel Lane,White,Male,54,50-59,No,NA,31-35 mph,O: No Injury,White,Male,Passenger Car,No,16MAR2011,Wednesday,Motorist Failed to Yield - Signalized Intersection,7,Intersection,March,C: Possible Injury,07:29:00,Motorist Drive Through - Signalized Intersection,2011,No,No,Dawn,Straight - Level,Local Street,Wet,"Two-Way, Not Divided",None,No Special Feature,Coarse Asphalt,6 lanes,"35.0480369137, -78.8651026387"
2848,Greensboro,Guilford,Piedmont,Residential,Urban (>70% Developed),NA,Urban,30 - 35  MPH,No Control Present,Clear,No,5,0-5,No,NA,Not Applicable,C: Possible Injury,Driveway / Alley,Black,Male,20,20-24,No,NA,21-25 mph,O: No Injury,Asian,Female,Passenger Car,No,08MAR2011,Tuesday,Bicyclist Failed to Yield - Midblock,16,Non-Intersection,March,C: Possible Injury,16:49:00,Bicyclist Ride Out - Residential Driveway,2011,Yes,No,Daylight,Straight - Grade,Local Street,Dry,"Two-Way, Not Divided",None,No Special Feature,Smooth Asphalt,2 lanes,"36.0448070921, -79.8618029932"
2870,Charlotte,Mecklenburg,Piedmont,Commercial,Urban (>70% Developed),NA,Urban,40 - 45  MPH,No Control Present,Clear,No,15,11-15,No,NA,With Traffic,O: No Injury,Sidewalk / Crosswalk / Driveway Crossing,Black,Male,55,50-59,No,NA,16-20 mph,O: No Injury,Black,Male,Passenger Car,No,19MAR2011,Saturday,Motorist Right Turn / Merge,15,Non-Intersection,March,O: No Injury,15:40:00,Motorist Right Turn - Same Direction,2011,No,No,Daylight,Straight - Grade,Local Street,Dry,"Two-Way, Not Divided",None,No Special Feature,Smooth Asphalt,NA,"35.2527668893, -80.8081032326"
2875,None - Rural Crash,Union,Piedmont,Residential,Urban (>70% Developed),NA,Rural,30 - 35  MPH,No Control Present,Clear,No,6,6-10,No,NA,With Traffic,C: Possible Injury,Travel Lane,Black,Female,70+,70+,No,NA,0-5 mph,O: No Injury,Black,Female,Passenger Car,No,24MAR2011,Thursday,Backing Vehicle,16,Non-Intersection,March,C: Possible Injury,16:02:00,Backing Vehicle,2011,Yes,Yes,Daylight,Straight - Level,State Secondary Route,Dry,"Two-Way, Not Divided",None,No Special Feature,Coarse Asphalt,2 lanes,"35.0069068503, -80.4277031056"
2857,Fayetteville,Cumberland,Coastal,Commercial,Urban (>70% Developed),NA,Urban,20 - 25  MPH,No Control Present,Clear,No,15,11-15,No,NA,Not Applicable,Unknown Injury,Non-Roadway,Black,Male,NA,NA,Missing,NA,NA,Unknown Injury,Unknown/Missing,NA,NA,No,11MAR2011,Friday,Non-Roadway,16,Non-Roadway,March,Unknown Injury,16:27:00,Non-Roadway,2011,No,Yes,Daylight,Straight - Level,Public Vehicular Area,Dry,NA,None,No Special Feature,Coarse Asphalt,NA,"35.0983169226, -78.9180026581"
2985,Cary,Wake,Piedmont,Residential,Urban (>70% Developed),NA,Urban,20 - 25  MPH,Stop Sign,Clear,No,50,50-59,No,NA,Facing Traffic,B: Evident Injury,Sidewalk / Crosswalk / Driveway Crossing,White,Female,26,25-29,No,NA,0-5 mph,O: No Injury,Black,Male,Sport Utility,No,09MAY2011,Monday,Motorist Failed to Yield - Sign-Controlled Intersection,17,Intersection,May,B: Evident Injury,17:46:00,Motorist Drive Out - Sign-Controlled Intersection,2011,Yes,No,Daylight,Straight - Level,Local Street,Dry,"Two-Way, Divided, Unprotected Median",None,Four-Way Intersection,Smooth Asphalt,2 lanes,"35.7911970755, -78.8254026663"
2987,None - Rural Crash,New Hanover,Coastal,Commercial,Urban (>70% Developed),NA,Rural,40 - 45  MPH,Stop Sign,Clear,No,64,60-69,No,NA,Facing Traffic,B: Evident Injury,Travel Lane,White,Male,61,60-69,No,NA,6-10 mph,O: No Injury,White,Male,Sport Utility,No,03MAY2011,Tuesday,Motorist Failed to Yield - Sign-Controlled Intersection,16,Intersection,May,B: Evident Injury,16:35:00,Motorist Drive Out - Sign-Controlled Intersection,2011,Yes,No,Daylight,Straight - Level,NC Route,Dry,"Two-Way, Divided, Positive Median Barrier",None,T-Intersection,Smooth Asphalt,9 or more lanes,"34.2315967679, -77.8760023002"
2963,None - Rural Crash,Guilford,Piedmont,Commercial,Mixed (30% To 70% Developed),NA,Rural,NA,No Control Present,Clear,No,19,16-19,No,NA,With Traffic,C: Possible Injury,Sidewalk / Crosswalk / Driveway Crossing,Black,Male,40,40-49,No,NA,0-5 mph,O: No Injury,White,Male,Passenger Car,No,29APR2011,Friday,Motorist Failed to Yield - Midblock,9,Non-Intersection,April,C: Possible Injury,09:12:00,Motorist Drive Out - Commercial Driveway / Alley,2011,No,No,Daylight,Straight - Level,Public Vehicular Area,Dry,NA,None,"Driveway, Private",Smooth Asphalt,NA,"36.0095670864, -79.8052029738"
2965,None - Rural Crash,Iredell,Piedmont,Residential,Urban (>70% Developed),NA,Rural,40 - 45  MPH,"Double Yellow Line, No Passing Zone",Clear,No,40,40-49,No,NA,With Traffic,C: Possible Injury,Travel Lane,White,Male,17,0-19,No,NA,26-30 mph,O: No Injury,White,Male,Passenger Car,No,05MAY2011,Thursday,Motorist Overtaking Bicyclist,18,Non-Intersection,May,C: Possible Injury,18:48:00,Motorist Overtaking - Bicyclist Swerved,2011,Yes,No,Daylight,Straight - Level,State Secondary Route,Dry,"Two-Way, Not Divided",None,No Special Feature,Smooth Asphalt,3 lanes,"35.5362269451, -80.9190032817"
2992,Charlotte,Mecklenburg,Piedmont,Residential,Urban (>70% Developed),NA,Urban,20 - 25  MPH,No Control Present,Clear,No,9,6-10,No,NA,NA,B: Evident Injury,Travel Lane,Black,Male,NA,NA,Missing,NA,16-20 mph,Unknown Injury,Unknown/Missing,NA,NA,No,04MAY2011,Wednesday,Parallel Paths - Other Circumstances,19,Non-Intersection,May,B: Evident Injury,19:22:00,Parallel Paths - Other / Unknown,2011,Yes,Yes,Daylight,Curve - Level,Local Street,Dry,"Two-Way, Not Divided",None,No Special Feature,Smooth Asphalt,2 lanes,"35.2454868857, -80.8442032434"
2994,Washington,Beaufort,Coastal,Residential,Urban (>70% Developed),NA,Urban,20 - 25  MPH,No Control Present,Clear,No,12,11-15,No,NA,Facing Traffic,C: Possible Injury,Travel Lane,Black,Male,70+,70+,No,NA,16-20 mph,O: No Injury,White,Female,Passenger Car,No,03MAY2011,Tuesday,Crossing Paths - Other Circumstances,19,Intersection,May,C: Possible Injury,19:04:00,Crossing Paths - Intersection - Other / Unknown,2011,Yes,No,Daylight,Straight - Level,Local Street,Dry,"One-Way, Not Divided",None,Four-Way Intersection,Coarse Asphalt,2 lanes,"35.5414370826, -77.0536021145"
2996,Carrboro,Orange,Piedmont,Commercial,Urban (>70% Developed),NA,Urban,40 - 45  MPH,Stop And Go Signal,Cloudy,No,54,50-59,No,NA,NA,A: Disabling Injury,Travel Lane,White,Male,49,40-49,No,NA,16-20 mph,O: No Injury,White,Female,Van,No,25APR2011,Monday,Crossing Paths - Other Circumstances,7,Intersection-Related,April,A: Disabling Injury,07:58:00,Crossing Paths - Intersection - Other / Unknown,2011,Yes,No,Daylight,Curve - Level,NC Route,Dry,"Two-Way, Divided, Unprotected Median",None,Related To Intersection,Smooth Asphalt,4 lanes,"35.9174070924, -79.0941027536"
2892,Charlotte,Mecklenburg,Piedmont,Commercial,Urban (>70% Developed),NA,Urban,30 - 35  MPH,No Control Present,Rain,No,16,16-19,No,NA,With Traffic,B: Evident Injury,Sidewalk / Crosswalk / Driveway Crossing,White,Male,NA,NA,Missing,NA,11-15 mph,Unknown Injury,Unknown/Missing,NA,NA,No,31MAR2011,Thursday,Motorist Overtaking Bicyclist,21,Intersection-Related,March,B: Evident Injury,21:26:00,Motorist Overtaking - Other / Unknown,2011,Yes,Yes,Dark - Lighted Roadway,Straight - Level,Local Street,Dry,"Two-Way, Divided, Unprotected Median",None,"Driveway, Public",Concrete,5 lanes,"35.2156768819, -80.7808032231"
2914,Kinston,Lenoir,Coastal,Residential,Urban (>70% Developed),NA,Urban,20 - 25  MPH,Stop Sign,Clear,No,46,40-49,Yes,NA,With Traffic,C: Possible Injury,Sidewalk / Crosswalk / Driveway Crossing,Black,Male,67,60-69,No,NA,16-20 mph,O: No Injury,Black,Male,Passenger Car,Yes,19APR2011,Tuesday,Bicyclist Failed to Yield - Sign-Controlled Intersection,20,Intersection-Related,April,C: Possible Injury,20:58:00,Bicyclist Ride Out - Sign-Controlled Intersection,2011,Yes,No,Dark - Lighted Roadway,Straight - Level,Local Street,Dry,"Two-Way, Not Divided",None,No Special Feature,Coarse Asphalt,2 lanes,"35.2571870033, -77.5701022577"
2917,Charlotte,Mecklenburg,Piedmont,Residential,Urban (>70% Developed),NA,Urban,30 - 35  MPH,No Control Present,Cloudy,No,46,40-49,No,NA,With Traffic,C: Possible Injury,Travel Lane,Black,Male,NA,NA,Missing,NA,6-10 mph,Unknown Injury,Unknown/Missing,NA,NA,No,12APR2011,Tuesday,Motorist Overtaking Bicyclist,16,Non-Intersection,April,C: Possible Injury,16:30:00,Motorist Overtaking - Misjudged Space,2011,Yes,Yes,Daylight,Straight - Level,Local Street,Dry,"Two-Way, Divided, Unprotected Median",NA,No Special Feature,Smooth Asphalt,4 lanes,"35.2170468789, -80.8699032489"
2908,Burlington,Alamance,Piedmont,Residential,Urban (>70% Developed),NA,Urban,30 - 35  MPH,Stop And Go Signal,Cloudy,No,51,50-59,No,NA,Not Applicable,A: Disabling Injury,Bike Lane / Paved Shoulder,Hispanic,Male,26,25-29,No,NA,31-35 mph,O: No Injury,Black,Female,Passenger Car,No,04APR2011,Monday,Crossing Paths - Other Circumstances,19,Intersection-Related,April,A: Disabling Injury,19:10:00,Crossing Paths - Uncontrolled Intersection,2011,Yes,No,Daylight,Curve - Bottom,Local Street,Dry,"Two-Way, Not Divided",None,Related To Intersection,Smooth Asphalt,4 lanes,"36.0922471174, -79.4293028649"
2907,High Point,Guilford,Piedmont,Residential,Urban (>70% Developed),NA,Urban,30 - 35  MPH,Stop Sign,Clear,No,13,11-15,No,NA,With Traffic,B: Evident Injury,Travel Lane,White,Male,NA,NA,Missing,NA,NA,Unknown Injury,Unknown/Missing,NA,Passenger Car,No,03APR2011,Sunday,Bicyclist Failed to Yield - Sign-Controlled Intersection,14,Intersection,April,B: Evident Injury,14:45:00,Bicyclist Ride Out - Sign-Controlled Intersection,2011,Yes,Yes,Daylight,Straight - Grade,Local Street,Dry,"Two-Way, Not Divided",None,T-Intersection,Smooth Asphalt,2 lanes,"35.9732770715, -80.0112030338"
2902,None - Rural Crash,Buncombe,Mountains,"Farms, Woods, Pastures",Rural (<30% Developed),NA,Rural,50 - 55  MPH,"Double Yellow Line, No Passing Zone",Clear,No,35,30-39,No,NA,With Traffic,B: Evident Injury,Travel Lane,White,Male,33,30-39,No,NA,51-55 mph,O: No Injury,White,Male,Pickup,No,07APR2011,Thursday,Motorist Overtaking Bicyclist,17,Non-Intersection,April,B: Evident Injury,17:54:00,Motorist Overtaking - Misjudged Space,2011,Yes,No,Daylight,Curve - Level,NC Route,Dry,"Two-Way, Not Divided",None,T-Intersection,Smooth Asphalt,2 lanes,"35.7168269178, -82.6269037992"
2916,Charlotte,Mecklenburg,Piedmont,Commercial,Urban (>70% Developed),NA,Urban,30 - 35  MPH,Stop And Go Signal,Clear,No,34,30-39,No,NA,With Traffic,C: Possible Injury,Travel Lane,White,Male,24,20-24,No,NA,0-5 mph,O: No Injury,Black,Female,Passenger Car,No,09APR2011,Saturday,Motorist Left Turn / Merge,12,Intersection,April,C: Possible Injury,12:05:00,Motorist Left Turn - Opposite Direction,2011,Yes,No,Daylight,Straight - Level,Local Street,Dry,"Two-Way, Not Divided",None,Four-Way Intersection,Smooth Asphalt,4 lanes,"35.2249268814, -80.8464032427"
2898,Apex,Wake,Piedmont,Residential,Urban (>70% Developed),NA,Urban,40 - 45  MPH,No Control Present,Cloudy,No,13,11-15,No,NA,With Traffic,C: Possible Injury,Travel Lane,White,Female,57,50-59,No,NA,36-40 mph,O: No Injury,Other,Female,Passenger Car,No,09APR2011,Saturday,Bicyclist Left Turn / Merge,13,Intersection,April,C: Possible Injury,13:46:00,Bicyclist Left Turn - Same Direction,2011,Yes,No,Daylight,Straight - Level,Local Street,Dry,"Two-Way, Not Divided",None,T-Intersection,Smooth Asphalt,4 lanes,"35.7354670636, -78.8342026652"
2883,Raleigh,Wake,Piedmont,Residential,Urban (>70% Developed),NA,Urban,30 - 35  MPH,Stop Sign,Clear,No,6,6-10,No,NA,With Traffic,O: No Injury,Travel Lane,Black,Male,51,50-59,No,NA,31-35 mph,O: No Injury,Black,Female,Passenger Car,No,19MAR2011,Saturday,Loss of Control / Turning Error,16,Intersection,March,O: No Injury,16:53:00,Bicyclist Lost Control - Mechanical Problems,2011,No,No,Daylight,Straight - Level,Local Street,Dry,"Two-Way, Not Divided",None,Four-Way Intersection,Smooth Asphalt,2 lanes,"35.782097081, -78.6256026052"
2921,Raleigh,Wake,Piedmont,Commercial,Urban (>70% Developed),NA,Urban,30 - 35  MPH,No Control Present,Clear,No,41,40-49,No,NA,Facing Traffic,O: No Injury,Sidewalk / Crosswalk / Driveway Crossing,White,Male,46,40-49,No,NA,0-5 mph,O: No Injury,White,Female,Sport Utility,No,06APR2011,Wednesday,Backing Vehicle,14,Non-Intersection,April,O: No Injury,14:32:00,Backing Vehicle,2011,No,No,Daylight,Straight - Level,Public Vehicular Area,Dry,"Two-Way, Not Divided",None,"Driveway, Public",Concrete,1 lane,"35.7917470812, -78.6628026167"
2783,None - Rural Crash,Pitt,Coastal,"Farms, Woods, Pastures",Rural (<30% Developed),NA,Rural,50 - 55  MPH,Stop Sign,Cloudy,No,21,20-24,No,NA,With Traffic,C: Possible Injury,Travel Lane,Black,Male,54,50-59,No,NA,51-55 mph,O: No Injury,Black,Male,Single Unit Truck (3 Or More Axles),No,03FEB2011,Thursday,Bicyclist Failed to Yield - Sign-Controlled Intersection,15,Intersection,February,C: Possible Injury,15:00:00,Bicyclist Ride Through - Sign-Controlled Intersection,2011,Yes,No,Daylight,Straight - Level,State Secondary Route,Dry,"Two-Way, Not Divided",None,Four-Way Intersection,Coarse Asphalt,2 lanes,"35.6624770976, -77.3897022231"
2785,Raleigh,Wake,Piedmont,Residential,Urban (>70% Developed),NA,Urban,30 - 35  MPH,Stop Sign,Clear,No,13,11-15,No,NA,Facing Traffic,C: Possible Injury,Sidewalk / Crosswalk / Driveway Crossing,Black,Male,25,25-29,No,NA,NA,O: No Injury,Black,Female,Passenger Car,No,06JAN2011,Thursday,Motorist Failed to Yield - Sign-Controlled Intersection,17,Intersection,January,C: Possible Injury,17:34:00,Motorist Drive Out - Sign-Controlled Intersection,2011,No,No,Dark - Lighted Roadway,Straight - Level,Local Street,Dry,"Two-Way, Not Divided",None,T-Intersection,Smooth Asphalt,2 lanes,"35.8720770982, -78.6582026197"
2806,Raleigh,Wake,Piedmont,Commercial,Urban (>70% Developed),NA,Urban,5 - 15 MPH,No Control Present,Clear,No,40,40-49,No,NA,Facing Traffic,C: Possible Injury,Sidewalk / Crosswalk / Driveway Crossing,Black,Male,32,30-39,No,NA,0-5 mph,O: No Injury,White,Male,Passenger Car,No,14JAN2011,Friday,Motorist Failed to Yield - Midblock,15,Non-Intersection,January,C: Possible Injury,15:30:00,Motorist Drive Out - Commercial Driveway / Alley,2011,Yes,No,Daylight,Straight - Level,Local Street,Dry,"Two-Way, Divided, Positive Median Barrier",None,T-Intersection,Coarse Asphalt,7 lanes,"35.799137086, -78.5684025883"
2805,Charlotte,Mecklenburg,Piedmont,Residential,Rural (<30% Developed),NA,Urban,30 - 35  MPH,No Control Present,Clear,No,45,40-49,No,NA,With Traffic,C: Possible Injury,Travel Lane,Hispanic,Male,31,30-39,No,NA,21-25 mph,O: No Injury,Black,Male,Sport Utility,No,06FEB2011,Sunday,Motorist Overtaking Bicyclist,22,Non-Intersection,February,C: Possible Injury,22:14:00,Motorist Overtaking - Undetected Bicyclist,2011,No,No,Dark - Roadway Not Lighted,Straight - Hillcrest,Local Street,Dry,"Two-Way, Not Divided",None,No Special Feature,Smooth Asphalt,2 lanes,"35.3461669095, -80.795603234"
2819,None - Rural Crash,Pitt,Coastal,Residential,Mixed (30% To 70% Developed),NA,Rural,50 - 55  MPH,Stop Sign,Clear,No,52,50-59,No,NA,With Traffic,B: Evident Injury,Travel Lane,Black,Male,21,20-24,No,NA,0-5 mph,O: No Injury,White,Female,Passenger Car,No,25FEB2011,Friday,Motorist Failed to Yield - Sign-Controlled Intersection,7,Intersection,February,B: Evident Injury,07:38:00,Motorist Drive Out - Sign-Controlled Intersection,2011,Yes,No,Daylight,Straight - Level,US Route,Wet,"Two-Way, Not Divided",None,No Special Feature,Smooth Asphalt,6 lanes,"35.6299270924, -77.3296022034"
2788,Washington,Beaufort,Coastal,Residential,Mixed (30% To 70% Developed),NA,Urban,40 - 45  MPH,No Control Present,Clear,No,52,50-59,No,NA,With Traffic,C: Possible Injury,Travel Lane,Black,Male,70+,70+,No,NA,41-45 mph,O: No Injury,White,Female,Sport Utility,No,15JAN2011,Saturday,Motorist Overtaking Bicyclist,18,Non-Intersection,January,C: Possible Injury,18:08:00,Motorist Overtaking - Misjudged Space,2011,Yes,No,Dark - Lighted Roadway,Straight - Level,Local Street,Dry,"Two-Way, Not Divided",None,No Special Feature,Smooth Asphalt,4 lanes,"35.5590970863, -77.0433021124"
2824,Charlotte,Mecklenburg,Piedmont,Residential,Urban (>70% Developed),NA,Urban,20 - 25  MPH,No Control Present,Clear,No,10,6-10,No,NA,With Traffic,C: Possible Injury,Sidewalk / Crosswalk / Driveway Crossing,Black,Male,29,25-29,No,NA,11-15 mph,O: No Injury,Black,Female,School Bus,No,14FEB2011,Monday,Motorist Right Turn / Merge,16,Intersection,February,C: Possible Injury,16:50:00,Motorist Right Turn - Same Direction,2011,No,No,Dusk,Straight - Grade,Local Street,Dry,"One-Way, Not Divided",None,Traffic Circle/Roundabout,Smooth Asphalt,1 lane,"35.2262468827, -80.8332032389"
2820,Charlotte,Mecklenburg,Piedmont,Residential,Urban (>70% Developed),NA,Urban,20 - 25  MPH,No Control Present,Clear,No,7,6-10,No,NA,Not Applicable,C: Possible Injury,Driveway / Alley,Black,Male,29,25-29,No,NA,11-15 mph,O: No Injury,Black,Female,Passenger Car,No,16FEB2011,Wednesday,Bicyclist Failed to Yield - Midblock,17,Non-Intersection,February,C: Possible Injury,17:21:00,Bicyclist Ride Out - Residential Driveway,2011,No,No,Daylight,Straight - Level,Local Street,Dry,"Two-Way, Not Divided",None,T-Intersection,Smooth Asphalt,2 lanes,"35.1384568612, -80.8978032529"
2786,Monroe,Union,Piedmont,Commercial,Urban (>70% Developed),NA,Urban,40 - 45  MPH,No Control Present,Clear,No,46,40-49,No,NA,With Traffic,K: Killed,Travel Lane,White,Male,31,30-39,Yes,NA,41-45 mph,O: No Injury,White,Male,Passenger Car,Yes,27JAN2011,Thursday,Motorist Overtaking Bicyclist,23,Non-Intersection,January,K: Killed,23:30:00,Motorist Overtaking - Other / Unknown,2011,No,No,Dark - Lighted Roadway,Straight - Level,Local Street,Dry,"Two-Way, Not Divided",None,No Special Feature,Smooth Asphalt,2 lanes,"35.0401068508, -80.60100316"
2829,Salisbury,Rowan,Piedmont,Institutional,Urban (>70% Developed),NA,Urban,30 - 35  MPH,No Control Present,Clear,No,22,20-24,No,NA,Not Applicable,O: No Injury,Non-Roadway,White,Male,28,25-29,Missing,NA,0-5 mph,O: No Injury,White,Male,Pickup,No,03MAR2011,Thursday,Non-Roadway,11,Non-Roadway,March,O: No Injury,11:02:00,Non-Roadway,2011,No,No,Daylight,Straight - Level,Public Vehicular Area,Dry,"One-Way, Not Divided",None,"Driveway, Public",Other,NA,"35.6915869942, -80.4822031599"
2660,Fayetteville,Cumberland,Coastal,Commercial,Urban (>70% Developed),NA,Urban,30 - 35  MPH,Stop And Go Signal,Clear,No,21,20-24,No,NA,With Traffic,B: Evident Injury,Travel Lane,Black,Male,28,25-29,No,NA,6-10 mph,O: No Injury,White,Female,Passenger Car,No,14NOV2012,Wednesday,Motorist Failed to Yield - Signalized Intersection,19,Intersection,November,B: Evident Injury,19:58:00,Motorist Drive Out - Right Turn on Red,2012,Yes,No,Dark - Lighted Roadway,Straight - Hillcrest,Local Street,Dry,"Two-Way, Not Divided",None,Four-Way Intersection,Smooth Asphalt,4 lanes,"35.0559369147, -78.8931026482"
2680,Spindale,Rutherford,Mountains,Residential,Urban (>70% Developed),NA,Rural,30 - 35  MPH,No Control Present,Clear,No,NA,NA,No,NA,Not Applicable,B: Evident Injury,Non-Roadway,Unknown/Missing,NA,67,60-69,No,NA,31-35 mph,O: No Injury,White,Female,Passenger Car,No,10NOV2012,Saturday,Bicyclist Failed to Yield - Midblock,14,Non-Intersection,November,B: Evident Injury,14:46:00,Bicyclist Ride Out - Other Midblock,2012,No,No,Daylight,Straight - Bottom,Local Street,Dry,"Two-Way, Divided, Unprotected Median",None,T-Intersection,Smooth Asphalt,2 lanes,"35.3564768701, -81.9175035685"
2710,Kitty Hawk,Dare,Coastal,Commercial,Urban (>70% Developed),NA,Rural,50 - 55  MPH,No Control Present,Cloudy,No,43,40-49,No,NA,Facing Traffic,A: Disabling Injury,Travel Lane,White,Male,39,30-39,No,NA,46-50 mph,O: No Injury,Other,Female,Passenger Car,No,20NOV2012,Tuesday,Crossing Paths - Other Circumstances,17,Intersection,November,A: Disabling Injury,17:51:00,Crossing Paths - Intersection - Other / Unknown,2012,Yes,No,Dark - Roadway Not Lighted,Straight - Level,US Route,Dry,"Two-Way, Not Divided",None,No Special Feature,Smooth Asphalt,5 lanes,"36.0570472391, -75.6874017206"
2696,None - Rural Crash,New Hanover,Coastal,Residential,Mixed (30% To 70% Developed),NA,Rural,40 - 45  MPH,No Control Present,Clear,No,51,50-59,No,NA,With Traffic,B: Evident Injury,Travel Lane,White,Male,70+,70+,No,NA,41-45 mph,O: No Injury,White,Female,Passenger Car,No,06DEC2012,Thursday,Motorist Overtaking Bicyclist,15,Non-Intersection,December,B: Evident Injury,15:02:00,Motorist Overtaking - Other / Unknown,2012,No,No,Daylight,Straight - Level,State Secondary Route,Dry,"Two-Way, Not Divided",None,No Special Feature,Coarse Asphalt,2 lanes,"34.2862667829, -77.7728022723"
2675,Raleigh,Wake,Piedmont,Commercial,Urban (>70% Developed),NA,Urban,40 - 45  MPH,Stop Sign,Clear,No,39,30-39,No,NA,Facing Traffic,C: Possible Injury,Travel Lane,White,Male,34,30-39,No,NA,0-5 mph,O: No Injury,Black,Male,Sport Utility,No,16NOV2012,Friday,Motorist Failed to Yield - Sign-Controlled Intersection,13,Intersection,November,C: Possible Injury,13:45:00,Motorist Drive Out - Sign-Controlled Intersection,2012,Yes,No,Daylight,Straight - Level,NA,Dry,"Two-Way, Divided, Unprotected Median",None,T-Intersection,Smooth Asphalt,2 lanes,"35.8963671073, -78.5675025939"
2659,Raleigh,Wake,Piedmont,Residential,Urban (>70% Developed),NA,Urban,30 - 35  MPH,No Control Present,Clear,No,23,20-24,No,NA,With Traffic,B: Evident Injury,Travel Lane,White,Male,62,60-69,No,NA,16-20 mph,O: No Injury,White,Female,Sport Utility,No,25OCT2012,Thursday,Motorist Overtaking Bicyclist,20,Intersection-Related,October,B: Evident Injury,20:33:00,Motorist Overtaking - Undetected Bicyclist,2012,No,No,Dark - Lighted Roadway,Straight - Level,Local Street,Dry,"Two-Way, Not Divided",None,No Special Feature,Smooth Asphalt,2 lanes,"35.789557081, -78.6654026178"