object_id,city,county,region,development,locality,on_road,rural_urban,speed_limit,traffic_control,weather,workzone,bike_age,bike_age_group,bike_alcohol,bike_alcohol_drugs,bike_direction,bike_injury,bike_position,bike_race,bike_sex,driver_age,driver_age_group,driver_alcohol,driver_alcohol_drugs,driver_est_speed,driver_injury,driver_race,driver_sex,driver_vehicle_type,crash_alcohol,crash_date,crash_day,crash_group,crash_hour,crash_location,crash_month,crash_severity,crash_time,crash_type,crash_year,ambulance_req,hit_run,light_condition,road_character,road_class,road_condition,road_configuration,road_defects,road_feature,road_surface,num_lanes,geo_point
2674,Greenville,Pitt,Coastal,Residential,Urban (>70% Developed),NA,Urban,30 - 35  MPH,No Control Present,Clear,No,56,50-59,No,NA,With Traffic,C: Possible Injury,Travel Lane,Black,Male,47,40-49,No,NA,0-5 mph,O: No Injury,White,Female,Passenger Car,No,16NOV2012,Friday,Motorist Failed to Yield - Signalized Intersection,12,Intersection,November,C: Possible Injury,12:46:00,Motorist Drive Out - Signalized Intersection,2012,Yes,No,Daylight,Straight - Level,Local Street,Dry,"Two-Way, Not Divided",None,T-Intersection,Smooth Asphalt,2 lanes,"35.5922470838, -77.347302207"
2673,Fayetteville,Cumberland,Coastal,Commercial,Urban (>70% Developed),NA,Urban,30 - 35  MPH,No Control Present,Clear,No,22,20-24,No,NA,With Traffic,B: Evident Injury,Travel Lane,White,Male,41,40-49,No,NA,21-25 mph,O: No Injury,White,Female,Sport Utility,No,08NOV2012,Thursday,Motorist Overtaking Bicyclist,7,Non-Intersection,November,B: Evident Injury,07:18:00,Motorist Overtaking - Undetected Bicyclist,2012,Yes,No,Daylight,Straight - Hillcrest,Local Street,Dry,"Two-Way, Not Divided",None,No Special Feature,Concrete,5 lanes,"35.0606669145, -78.915702655"
2702,Mooresville,Iredell,Piedmont,Residential,Rural (<30% Developed),NA,Urban,30 - 35  MPH,No Control Present,Clear,No,54,50-59,No,NA,With Traffic,C: Possible Injury,Travel Lane,White,Male,59,50-59,No,NA,11-15 mph,O: No Injury,White,Female,Passenger Car,No,16NOV2012,Friday,Motorist Left Turn / Merge,15,Intersection,November,C: Possible Injury,15:50:00,Motorist Left Turn - Opposite Direction,2012,No,No,Daylight,Straight - Level,NC Route,Dry,"Two-Way, Not Divided",None,No Special Feature,Smooth Asphalt,3 lanes,"35.5881369607, -80.7975032484"
2686,Fayetteville,Cumberland,Coastal,Residential,Mixed (30% To 70% Developed),NA,Urban,5 - 15 MPH,Stop Sign,Clear,No,6,6-10,No,NA,NA,O: No Injury,NA,Native American,Male,40,40-49,No,NA,NA,O: No Injury,Black,Female,Sport Utility,No,12NOV2012,Monday,Other / Unknown - Insufficient Details,16,Non-Intersection,November,O: No Injury,16:33:00,Unknown Approach Paths,2012,No,No,Daylight,Straight - Level,Public Vehicular Area,Dry,"Two-Way, Not Divided",None,"Driveway, Public",Concrete,1 lane,"34.9945369005, -78.9104026504"
2957,None - Rural Crash,Columbus,Coastal,"Farms, Woods, Pastures",Rural (<30% Developed),NA,Rural,50 - 55  MPH,No Control Present,Cloudy,No,49,40-49,No,NA,Facing Traffic,B: Evident Injury,Travel Lane,Native American,Male,NA,NA,Missing,NA,51-55 mph,Unknown Injury,Unknown/Missing,NA,Passenger Car,No,28APR2011,Thursday,Motorist Left Turn / Merge,20,Non-Intersection,April,B: Evident Injury,20:24:00,Motorist Left Turn - Same Direction,2011,Yes,Yes,Dark - Roadway Not Lighted,Straight - Level,State Secondary Route,Dry,"Two-Way, Not Divided",None,No Special Feature,Coarse Asphalt,2 lanes,"34.3221867549, -78.8810026081"
2922,Raleigh,Wake,Piedmont,Commercial,Urban (>70% Developed),NA,Urban,5 - 15 MPH,No Control Present,Clear,No,44,40-49,No,NA,Facing Traffic,C: Possible Injury,Sidewalk / Crosswalk / Driveway Crossing,Black,Male,21,20-24,No,NA,0-5 mph,O: No Injury,Hispanic,Male,Passenger Car,No,06APR2011,Wednesday,Motorist Failed to Yield - Midblock,19,Non-Intersection,April,C: Possible Injury,19:53:00,Motorist Drive Out - Commercial Driveway / Alley,2011,Yes,No,Daylight,Straight - Level,Public Vehicular Area,Dry,"Two-Way, Not Divided",None,"Driveway, Public",Smooth Asphalt,1 lane,"35.7847770791, -78.689502625"
2925,Clinton,Sampson,Coastal,Residential,Urban (>70% Developed),NA,Urban,30 - 35  MPH,Stop And Go Signal,Clear,No,53,50-59,Yes,NA,With Traffic,C: Possible Injury,Travel Lane,Black,Male,41,40-49,No,NA,31-35 mph,O: No Injury,White,Female,Passenger Car,Yes,13APR2011,Wednesday,Bicyclist Failed to Yield - Signalized Intersection,17,Intersection,April,C: Possible Injury,17:10:00,Bicyclist Ride Out - Signalized  Intersection,2011,Yes,No,Daylight,Straight - Level,Local Street,Dry,"Two-Way, Divided, Unprotected Median",None,Four-Way Intersection,Coarse Asphalt,5 lanes,"34.9976069217, -78.3092024689"
2943,Wilmington,New Hanover,Coastal,Commercial,Urban (>70% Developed),NA,Urban,40 - 45  MPH,Stop And Go Signal,Clear,No,70+,70+,No,NA,Facing Traffic,C: Possible Injury,Travel Lane,White,Male,20,20-24,No,NA,6-10 mph,O: No Injury,White,Female,Sport Utility,No,13APR2011,Wednesday,Motorist Failed to Yield - Signalized Intersection,9,Intersection,April,C: Possible Injury,09:19:00,Motorist Drive Out - Right Turn on Red,2011,No,No,Daylight,Straight - Level,Local Street,Dry,"Two-Way, Divided, Unprotected Median",None,Four-Way Intersection,Smooth Asphalt,3 lanes,"34.2422467716, -77.827502286"
2938,Matthews,Mecklenburg,Piedmont,Commercial,Urban (>70% Developed),NA,Urban,20 - 25  MPH,Stop And Go Signal,Cloudy,No,44,40-49,No,NA,With Traffic,C: Possible Injury,Travel Lane,White,Male,25,25-29,No,NA,6-10 mph,O: No Injury,White,Female,Van,No,20APR2011,Wednesday,Motorist Failed to Yield - Signalized Intersection,10,Intersection,April,C: Possible Injury,10:38:00,Motorist Drive Through - Signalized Intersection,2011,No,No,Daylight,Straight - Level,Local Street,Dry,"Two-Way, Not Divided",None,No Special Feature,Smooth Asphalt,4 lanes,"35.1183368632, -80.7202031992"
2955,Mooresville,Iredell,Piedmont,Residential,Mixed (30% To 70% Developed),NA,Urban,30 - 35  MPH,No Control Present,Clear,No,4,0-5,No,NA,Facing Traffic,B: Evident Injury,Travel Lane,Black,Male,34,30-39,No,NA,11-15 mph,O: No Injury,White,Male,Pickup,No,19APR2011,Tuesday,Crossing Paths - Other Circumstances,16,Intersection,April,B: Evident Injury,16:47:00,Crossing Paths - Intersection - Other / Unknown,2011,No,No,Daylight,Straight - Level,Local Street,Dry,"Two-Way, Not Divided",None,No Special Feature,Smooth Asphalt,2 lanes,"35.5829769582, -80.8244032558"
2944,Raleigh,Wake,Piedmont,Commercial,Urban (>70% Developed),NA,Urban,30 - 35  MPH,Stop And Go Signal,Cloudy,No,18,16-19,No,NA,With Traffic,C: Possible Injury,Travel Lane,White,Male,22,20-24,No,NA,6-10 mph,O: No Injury,Black,Male,Passenger Car,No,12APR2011,Tuesday,Motorist Left Turn / Merge,17,Intersection,April,C: Possible Injury,17:24:00,Motorist Left Turn - Opposite Direction,2011,Yes,No,Daylight,Straight - Level,Local Street,Dry,"Two-Way, Divided, Unprotected Median",None,T-Intersection,Smooth Asphalt,6 lanes,"35.7891570805, -78.67440262"
2935,High Point,Guilford,Piedmont,Residential,Urban (>70% Developed),NA,Urban,30 - 35  MPH,Stop And Go Signal,Clear,No,48,40-49,No,NA,With Traffic,B: Evident Injury,Travel Lane,White,Male,17,0-19,No,NA,16-20 mph,O: No Injury,White,Female,Passenger Car,No,07APR2011,Thursday,Motorist Left Turn / Merge,18,Intersection,April,B: Evident Injury,18:47:00,Motorist Left Turn - Opposite Direction,2011,Yes,No,Daylight,Straight - Level,Local Street,Dry,"Two-Way, Not Divided",None,Four-Way Intersection,Coarse Asphalt,2 lanes,"36.0399170882, -79.9406030163"
2932,Charlotte,Mecklenburg,Piedmont,Residential,Urban (>70% Developed),NA,Urban,40 - 45  MPH,No Control Present,Clear,No,48,40-49,No,NA,With Traffic,B: Evident Injury,Travel Lane,White,Male,26,25-29,No,NA,41-45 mph,O: No Injury,Black,Male,Passenger Car,No,12APR2011,Tuesday,Motorist Left Turn / Merge,19,Intersection,April,B: Evident Injury,19:16:00,Motorist Left Turn - Opposite Direction,2011,Yes,No,Daylight,Straight - Bottom,Local Street,Dry,"Two-Way, Not Divided",None,T-Intersection,Smooth Asphalt,2 lanes,"35.152276862, -80.9598032723"
2960,Kinston,Lenoir,Coastal,Commercial,Urban (>70% Developed),NA,Urban,20 - 25  MPH,No Control Present,Clear,No,49,40-49,No,NA,Not Applicable,C: Possible Injury,Non-Roadway,Black,Female,28,25-29,No,NA,0-5 mph,O: No Injury,Black,Female,Passenger Car,No,30APR2011,Saturday,Non-Roadway,15,Non-Roadway,April,C: Possible Injury,15:42:00,Non-Roadway,2011,Yes,No,Daylight,Straight - Level,Public Vehicular Area,Dry,"One-Way, Not Divided",None,"Driveway, Public",Smooth Asphalt,1 lane,"35.2792070077, -77.5755022605"
2,None - Rural Crash,Robeson,Coastal,"Farms, Woods, Pastures",Rural (<30% Developed),SR 1003,Rural,50 - 55  MPH,"Double Yellow Line, No Passing Zone",Clear,No,47,40-49,NA,"Yes-Alcohol,  impairment suspected",With Traffic,B: Evident Injury,Travel Lane,Native American,Male,28,25-29,NA,No,51-55 mph,O: No Injury,Native American,Female,Passenger Car,Yes,04JAN2014,Saturday,Motorist Overtaking Bicyclist,18,Non-Intersection,January,B: Evident Injury,18:52:00,Motorist Overtaking - Undetected Bicyclist,2014,Yes,No,Dark - Roadway Not Lighted,Straight - Level,State Secondary Route,Dry,"Two-Way, Not Divided",None,No Special Feature,Coarse Asphalt,2 lanes,"34.6810408254, -79.1181426974"
5,Charlotte,Mecklenburg,Piedmont,Commercial,Urban (>70% Developed),EAST SUGAR CREEK ROAD,Urban,40 - 45  MPH,Stop And Go Signal,Clear,No,62,60-69,NA,No,Facing Traffic,B: Evident Injury,Sidewalk / Crosswalk / Driveway Crossing,Black,Male,19,0-19,NA,No,26-30 mph,O: No Injury,Black,Male,Passenger Car,No,13JAN2014,Monday,Bicyclist Failed to Yield - Signalized Intersection,12,Intersection,January,B: Evident Injury,12:37:00,Bicyclist Ride Out - Signalized  Intersection,2014,Yes,No,Daylight,Straight - Level,Local Street,Dry,"Two-Way, Not Divided",None,No Special Feature,Smooth Asphalt,9 or more lanes,"35.2581268908, -80.7948232292"
1,Durham,Durham,Piedmont,Commercial,Urban (>70% Developed),WEST MAIN STREET,Urban,30 - 35  MPH,No Control Present,Clear,No,31,30-39,NA,No,With Traffic,C: Possible Injury,Sidewalk / Crosswalk / Driveway Crossing,White,Male,58,50-59,NA,No,11-15 mph,O: No Injury,Black,Female,Sport Utility,No,03JAN2014,Friday,Motorist Failed to Yield - Midblock,9,Non-Intersection,January,C: Possible Injury,09:07:00,Motorist Drive Out - Commercial Driveway / Alley,2014,No,No,Daylight,Straight - Level,Local Street,Dry,"Two-Way, Not Divided",None,T-Intersection,Coarse Asphalt,3 lanes,"36.0067401176, -78.9240127071"
4,None - Rural Crash,Mecklenburg,Piedmont,Residential,Urban (>70% Developed),ANN MARIE DR,Rural,30 - 35  MPH,No Control Present,Rain,No,20,20-24,NA,No,Not Applicable,B: Evident Injury,Travel Lane,Hispanic,Male,51,50-59,NA,No,16-20 mph,O: No Injury,Hispanic,Male,Passenger Car,No,11JAN2014,Saturday,Motorist Failed to Yield - Midblock,15,Non-Intersection,January,B: Evident Injury,15:19:00,Motorist Drive Out - Commercial Driveway / Alley,2014,Yes,No,Daylight,Straight - Level,Local Street,Wet,"Two-Way, Not Divided",None,No Special Feature,Smooth Asphalt,2 lanes,"35.1493028632, -80.8978632536"
5211,None - Rural Crash,Buncombe,Mountains,"Farms, Woods, Pastures",Rural (<30% Developed),NA,Rural,40 - 45  MPH,No Control Present,Clear,No,57,50-59,No,NA,With Traffic,B: Evident Injury,Travel Lane,White,Male,54,50-59,No,NA,41-45 mph,O: No Injury,White,Female,Sport Utility,No,23SEP2009,Wednesday,Motorist Overtaking Bicyclist,16,Non-Intersection,September,B: Evident Injury,16:29:00,Motorist Overtaking - Other / Unknown,2009,Yes,No,Daylight,Straight - Level,US Route,Dry,"Two-Way, Not Divided",None,No Special Feature,Smooth Asphalt,5 lanes,"35.6003639041, -82.3722437171"
5217,Raleigh,Wake,Piedmont,Residential,Urban (>70% Developed),NA,Urban,20 - 25  MPH,No Control Present,Clear,No,43,40-49,No,NA,With Traffic,O: No Injury,Travel Lane,White,Male,36,30-39,No,NA,6-10 mph,O: No Injury,Black,Male,Truck/Trailer,No,05SEP2009,Saturday,Crossing Paths - Other Circumstances,12,Intersection,September,O: No Injury,12:08:00,Crossing Paths - Uncontrolled Intersection,2009,No,No,Daylight,Straight - Level,Local Street,Dry,"Two-Way, Not Divided","Traffic Control Device Inoperative, Not Visible Or Missing",No Special Feature,Coarse Asphalt,4 lanes,"35.9254301136, -78.5596875925"
5223,Raleigh,Wake,Piedmont,Commercial,Urban (>70% Developed),NA,Urban,40 - 45  MPH,No Control Present,Rain,No,49,40-49,No,NA,Facing Traffic,C: Possible Injury,Sidewalk / Crosswalk / Driveway Crossing,Black,Male,22,20-24,No,NA,0-5 mph,O: No Injury,White,Female,Pickup,No,31AUG2009,Monday,Motorist Failed to Yield - Midblock,8,Non-Intersection,August,C: Possible Injury,08:33:00,Motorist Drive Out - Other Midblock,2009,Yes,No,Daylight,Straight - Grade,Local Street,Wet,"Two-Way, Divided, Unprotected Median",None,"Driveway, Public",Smooth Asphalt,6 lanes,"35.7848810793, -78.6890976244"
5233,Carrboro,Orange,Piedmont,Residential,Urban (>70% Developed),NA,Urban,30 - 35  MPH,No Control Present,Clear,No,41,40-49,Yes,NA,Not Applicable,C: Possible Injury,NA,White,Male,37,30-39,No,NA,31-35 mph,O: No Injury,Other,Male,Passenger Car,Yes,01OCT2009,Thursday,Bicyclist Failed to Yield - Midblock,15,Non-Intersection,October,C: Possible Injury,15:08:00,Bicyclist Ride Out - Midblock - Unknown,2009,Yes,No,Daylight,Straight - Hillcrest,Local Street,Dry,"Two-Way, Not Divided",None,No Special Feature,Coarse Asphalt,5 lanes,"35.9066920909, -79.0836667501"
5237,Midland,Cabarrus,Piedmont,Residential,Mixed (30% To 70% Developed),NA,Rural,50 - 55  MPH,No Control Present,Cloudy,No,39,30-39,No,NA,With Traffic,B: Evident Injury,Travel Lane,White,Male,NA,NA,No,NA,51-55 mph,Unknown Injury,Unknown/Missing,NA,NA,No,15OCT2009,Thursday,Motorist Overtaking Bicyclist,6,Non-Intersection,October,B: Evident Injury,06:45:00,Motorist Overtaking - Other / Unknown,2009,Yes,Yes,Dark - Roadway Not Lighted,Straight - Level,NC Route,Wet,"Two-Way, Not Divided",None,No Special Feature,Smooth Asphalt,5 lanes,"35.2504528994, -80.5081931435"
5239,Rocky Mount,Edgecombe,Coastal,Commercial,Urban (>70% Developed),NA,Urban,NA,No Control Present,Clear,No,43,40-49,No,NA,Not Applicable,C: Possible Injury,Non-Roadway,Black,Male,53,50-59,No,NA,6-10 mph,O: No Injury,Black,Female,Sport Utility,No,14SEP2009,Monday,Non-Roadway,12,Non-Roadway,September,C: Possible Injury,12:49:00,Non-Roadway,2009,No,No,Daylight,Straight - Level,Public Vehicular Area,Dry,"Two-Way, Not Divided",None,No Special Feature,Coarse Asphalt,NA,"35.9449421453, -77.7759223547"
5240,Rocky Mount,Nash,Coastal,Commercial,Urban (>70% Developed),NA,Urban,30 - 35  MPH,Stop And Go Signal,Clear,No,18,16-19,No,NA,Facing Traffic,B: Evident Injury,NA,Black,Male,70+,70+,No,NA,31-35 mph,O: No Injury,White,Male,Pickup,No,15SEP2009,Tuesday,Bicyclist Failed to Yield - Signalized Intersection,19,Intersection,September,B: Evident Injury,19:32:00,Bicyclist Ride Through - Signalized Intersection,2009,Yes,No,Dark - Lighted Roadway,Straight - Level,Local Street,Dry,"One-Way, Not Divided",None,Four-Way Intersection,Coarse Asphalt,3 lanes,"35.944564144, -77.7961673613"
5241,Rocky Mount,Nash,Coastal,Commercial,Urban (>70% Developed),NA,Urban,30 - 35  MPH,Stop Sign,Clear,No,17,16-19,No,NA,Facing Traffic,O: No Injury,Travel Lane,Black,Male,24,20-24,No,NA,6-10 mph,O: No Injury,White,Male,Pickup,No,18SEP2009,Friday,Motorist Failed to Yield - Sign-Controlled Intersection,16,Intersection,September,O: No Injury,16:04:00,Motorist Drive Out - Sign-Controlled Intersection,2009,No,No,Daylight,Straight - Level,Local Street,Dry,"Two-Way, Not Divided",None,No Special Feature,Smooth Asphalt,5 lanes,"35.9633571471, -77.8449323778"
5244,Jacksonville,Onslow,Coastal,Residential,Urban (>70% Developed),NA,Urban,NA,No Control Present,Clear,No,14,11-15,No,NA,Not Applicable,C: Possible Injury,Non-Roadway,White,Male,40,40-49,No,NA,0-5 mph,O: No Injury,Black,Female,Passenger Car,No,28SEP2009,Monday,Non-Roadway,20,Non-Roadway,September,C: Possible Injury,20:02:00,Non-Roadway,2009,Yes,No,Dark - Roadway Not Lighted,Straight - Level,Public Vehicular Area,Dry,"Two-Way, Not Divided",None,"Driveway, Public",Smooth Asphalt,NA,"34.7478268983, -77.3775021744"
5256,Greenville,Pitt,Coastal,Commercial,Urban (>70% Developed),NA,Urban,30 - 35  MPH,Stop And Go Signal,Clear,No,18,16-19,No,NA,Facing Traffic,O: No Injury,Travel Lane,White,Male,50,50-59,No,NA,0-5 mph,O: No Injury,White,Male,Pickup,No,30SEP2009,Wednesday,Bicyclist Failed to Yield - Signalized Intersection,14,Intersection,September,O: No Injury,14:34:00,Bicyclist Failed to Clear - Multiple Threat,2009,No,No,Daylight,Straight - Level,Local Street,Dry,"Two-Way, Not Divided",None,No Special Feature,Smooth Asphalt,4 lanes,"35.6057670859, -77.3722922146"
5258,Laurinburg,Scotland,Coastal,Residential,Urban (>70% Developed),NA,Urban,5 - 15 MPH,No Control Present,Clear,No,5,0-5,No,NA,Not Applicable,C: Possible Injury,Non-Roadway,White,Male,28,25-29,No,NA,0-5 mph,O: No Injury,Black,Male,Passenger Car,No,07OCT2009,Wednesday,Non-Roadway,17,Non-Roadway,October,C: Possible Injury,17:32:00,Non-Roadway,2009,No,No,Dusk,Straight - Level,Public Vehicular Area,Dry,"Two-Way, Not Divided",None,"Driveway, Public",Coarse Asphalt,NA,"34.7603968304, -79.4755628086"
5274,Winston-Salem,Forsyth,Piedmont,Residential,Urban (>70% Developed),NA,Urban,20 - 25  MPH,Stop Sign,Clear,No,22,20-24,No,NA,Facing Traffic,C: Possible Injury,Sidewalk / Crosswalk / Driveway Crossing,White,Male,48,40-49,No,NA,0-5 mph,O: No Injury,Black,Female,Pickup,No,19OCT2009,Monday,Motorist Failed to Yield - Sign-Controlled Intersection,15,Intersection,October,C: Possible Injury,15:45:00,Motorist Drive Out - Sign-Controlled Intersection,2009,Yes,No,Daylight,Straight - Hillcrest,Local Street,Dry,"Two-Way, Divided, Unprotected Median",None,T-Intersection,Smooth Asphalt,2 lanes,"36.1128840927, -80.2252631059"
5276,Concord,Cabarrus,Piedmont,Residential,Urban (>70% Developed),NA,Urban,30 - 35  MPH,"Double Yellow Line, No Passing Zone",Clear,No,14,11-15,No,NA,With Traffic,B: Evident Injury,Travel Lane,White,Male,70+,70+,No,NA,31-35 mph,O: No Injury,Black,Female,Passenger Car,No,22OCT2009,Thursday,Loss of Control / Turning Error,19,Non-Intersection,October,B: Evident Injury,19:02:00,Bicyclist Lost Control - Mechanical Problems,2009,Yes,No,Dusk,Straight - Grade,Local Street,Dry,"Two-Way, Divided, Unprotected Median",None,No Special Feature,Smooth Asphalt,2 lanes,"35.3809499236, -80.6002381773"
5279,None - Rural Crash,Halifax,Coastal,Commercial,Rural (<30% Developed),NA,Rural,30 - 35  MPH,Stop Sign,Clear,No,50,50-59,No,NA,Facing Traffic,C: Possible Injury,Travel Lane,White,Male,44,40-49,No,NA,31-35 mph,O: No Injury,Black,Female,Sport Utility,No,23OCT2009,Friday,Motorist Failed to Yield - Sign-Controlled Intersection,19,Intersection,October,C: Possible Injury,19:31:00,Motorist Drive Out - Sign-Controlled Intersection,2009,Yes,No,Dark - Lighted Roadway,Straight - Level,State Secondary Route,Dry,"Two-Way, Not Divided",None,Four-Way Intersection,Smooth Asphalt,2 lanes,"36.4167822521, -77.6051723286"
5281,Charlotte,Mecklenburg,Piedmont,Commercial,Urban (>70% Developed),NA,Urban,30 - 35  MPH,Stop And Go Signal,Cloudy,No,54,50-59,No,NA,Facing Traffic,C: Possible Injury,Sidewalk / Crosswalk / Driveway Crossing,Black,Male,25,25-29,No,NA,NA,O: No Injury,Black,Male,"Light Truck (Mini-Van, Panel)",No,23OCT2009,Friday,Crossing Paths - Other Circumstances,15,Intersection,October,C: Possible Injury,15:26:00,Signalized Intersection - Other / Unknown,2009,No,No,Daylight,Straight - Grade,Local Street,Dry,"Two-Way, Not Divided",None,Four-Way Intersection,Smooth Asphalt,6 lanes,"35.248793888, -80.815653235"
5284,None - Rural Crash,Catawba,Piedmont,Residential,Rural (<30% Developed),NA,Rural,40 - 45  MPH,"Double Yellow Line, No Passing Zone",Clear,No,45,40-49,No,NA,With Traffic,C: Possible Injury,Travel Lane,White,Male,70+,70+,No,NA,41-45 mph,O: No Injury,White,Male,Van,No,26OCT2009,Monday,Motorist Overtaking Bicyclist,7,Non-Intersection,October,C: Possible Injury,07:45:00,Motorist Overtaking - Misjudged Space,2009,No,No,Daylight,Straight - Level,State Secondary Route,Dry,"Two-Way, Not Divided",None,No Special Feature,Smooth Asphalt,2 lanes,"35.7879569857, -81.2604633973"
5287,Durham,Durham,Piedmont,Residential,Rural (<30% Developed),NA,Urban,40 - 45  MPH,No Control Present,Clear,No,14,11-15,No,NA,Facing Traffic,B: Evident Injury,Travel Lane,White,Male,22,20-24,No,NA,41-45 mph,O: No Injury,White,Male,"Light Truck (Mini-Van, Panel)",No,06NOV2009,Friday,Head-On,18,Non-Intersection,November,B: Evident Injury,18:51:00,Head-On - Bicyclist,2009,Yes,No,Dark - Roadway Not Lighted,Straight - Level,Local Street,Dry,"Two-Way, Not Divided",None,No Special Feature,Smooth Asphalt,2 lanes,"36.0912871355, -78.933092715"
5289,Wilmington,New Hanover,Coastal,Commercial,Urban (>70% Developed),NA,Urban,5 - 15 MPH,Stop And Go Signal,Rain,No,19,16-19,No,NA,Not Applicable,C: Possible Injury,NA,White,Male,23,20-24,No,NA,0-5 mph,O: No Injury,Black,Female,Van,No,14OCT2009,Wednesday,Bicyclist Failed to Yield - Signalized Intersection,15,Intersection-Related,October,C: Possible Injury,15:16:00,Bicyclist Ride Out - Signalized  Intersection,2009,No,No,Daylight,Straight - Level,Local Street,Wet,"Two-Way, Divided, Positive Median Barrier",None,No Special Feature,Coarse Asphalt,3 lanes,"34.2009167601, -77.888472303"
5295,None - Rural Crash,Harnett,Coastal,"Farms, Woods, Pastures",Rural (<30% Developed),NA,Rural,50 - 55  MPH,"Double Yellow Line, No Passing Zone",Clear,No,16,16-19,Yes,NA,With Traffic,K: Killed,Travel Lane,White,Male,17,0-19,No,NA,41-45 mph,O: No Injury,White,Male,Pickup,Yes,07NOV2009,Saturday,Motorist Overtaking Bicyclist,18,Non-Intersection,November,K: Killed,18:05:00,Motorist Overtaking - Bicyclist Swerved,2009,Yes,No,Dark - Roadway Not Lighted,Straight - Level,State Secondary Route,Dry,"Two-Way, Not Divided",None,No Special Feature,Smooth Asphalt,2 lanes,"35.3222499837, -78.5695125645"
5298,None - Rural Crash,Rowan,Piedmont,"Farms, Woods, Pastures",Rural (<30% Developed),NA,Rural,50 - 55  MPH,No Control Present,Clear,No,44,40-49,No,NA,With Traffic,C: Possible Injury,Travel Lane,White,Male,22,20-24,No,NA,0-5 mph,O: No Injury,White,Male,Pickup,No,14NOV2009,Saturday,Motorist Failed to Yield - Sign-Controlled Intersection,12,Intersection,November,C: Possible Injury,12:33:00,Motorist Drive Out - Sign-Controlled Intersection,2009,No,No,Daylight,Straight - Level,US Route,Dry,"Two-Way, Not Divided",None,Four-Way Intersection,Smooth Asphalt,5 lanes,"35.5908849706, -80.5513031751"
5309,Greensboro,Guilford,Piedmont,Residential,Urban (>70% Developed),NA,Urban,30 - 35  MPH,No Control Present,Clear,No,52,50-59,Yes,NA,With Traffic,B: Evident Injury,Travel Lane,White,Male,NA,NA,Missing,NA,0-5 mph,Unknown Injury,Unknown/Missing,NA,Passenger Car,Yes,20OCT2009,Tuesday,Bicyclist Overtaking Motorist,4,Non-Intersection,October,B: Evident Injury,04:25:00,Bicyclist Overtaking - Parked Vehicle,2009,Yes,No,Dark - Roadway Not Lighted,Straight - Grade,Local Street,Dry,"Two-Way, Not Divided",None,No Special Feature,Smooth Asphalt,1 lane,"36.0687820985, -79.8291129844"
5311,Wilmington,New Hanover,Coastal,Commercial,Urban (>70% Developed),NA,Urban,40 - 45  MPH,No Control Present,Clear,No,16,16-19,No,NA,With Traffic,B: Evident Injury,Travel Lane,White,Male,27,25-29,No,NA,36-40 mph,O: No Injury,White,Female,Passenger Car,No,17OCT2009,Saturday,Motorist Overtaking Bicyclist,22,Non-Intersection,October,B: Evident Injury,22:44:00,Motorist Overtaking - Undetected Bicyclist,2009,Yes,No,Dark - Roadway Not Lighted,Straight - Level,Local Street,Dry,"Two-Way, Divided, Positive Median Barrier",None,No Special Feature,Coarse Asphalt,NA,"34.2167667636, -77.9076823094"
5313,Durham,Durham,Piedmont,Commercial,Urban (>70% Developed),NA,Urban,40 - 45  MPH,Human Control,Clear,No,41,40-49,No,NA,With Traffic,B: Evident Injury,Travel Lane,White,Female,31,30-39,No,NA,36-40 mph,O: No Injury,Asian,Male,Passenger Car,No,21NOV2009,Saturday,Crossing Paths - Other Circumstances,11,Intersection,November,B: Evident Injury,11:11:00,Crossing Paths - Intersection - Other / Unknown,2009,Yes,No,Daylight,Straight - Level,NC Route,Dry,"Two-Way, Not Divided",None,No Special Feature,Smooth Asphalt,4 lanes,"35.9006610968, -78.8889876912"
5315,Concord,Cabarrus,Piedmont,Commercial,Urban (>70% Developed),NA,Urban,20 - 25  MPH,No Control Present,Clear,No,66,60-69,No,NA,Not Applicable,B: Evident Injury,Sidewalk / Crosswalk / Driveway Crossing,White,Male,22,20-24,No,NA,6-10 mph,O: No Injury,White,Female,Passenger Car,No,08NOV2009,Sunday,Motorist Left Turn / Merge,15,Non-Intersection,November,B: Evident Injury,15:13:00,Motorist Left Turn - Opposite Direction,2009,Yes,No,Daylight,Straight - Level,Public Vehicular Area,Dry,"Two-Way, Not Divided",None,No Special Feature,Smooth Asphalt,NA,"35.3728099174, -80.7228832142"
5318,Fayetteville,Cumberland,Coastal,Commercial,Urban (>70% Developed),NA,Urban,30 - 35  MPH,No Control Present,Clear,No,34,30-39,No,NA,With Traffic,B: Evident Injury,Travel Lane,White,Male,21,20-24,No,NA,0-5 mph,O: No Injury,Black,Male,Passenger Car,No,20OCT2009,Tuesday,Bicyclist Overtaking Motorist,13,Non-Intersection,October,B: Evident Injury,13:01:00,Bicyclist Overtaking - Other / Unknown,2009,Yes,No,Daylight,Straight - Level,Local Street,Dry,"Two-Way, Not Divided",None,No Special Feature,Coarse Asphalt,5 lanes,"35.0849569206, -78.9051126535"