object_id,city,county,region,development,locality,on_road,rural_urban,speed_limit,traffic_control,weather,workzone,bike_age,bike_age_group,bike_alcohol,bike_alcohol_drugs,bike_direction,bike_injury,bike_position,bike_race,bike_sex,driver_age,driver_age_group,driver_alcohol,driver_alcohol_drugs,driver_est_speed,driver_injury,driver_race,driver_sex,driver_vehicle_type,crash_alcohol,crash_date,crash_day,crash_group,crash_hour,crash_location,crash_month,crash_severity,crash_time,crash_type,crash_year,ambulance_req,hit_run,light_condition,road_character,road_class,road_condition,road_configuration,road_defects,road_feature,road_surface,num_lanes,geo_point
5326,None - Rural Crash,Rowan,Piedmont,Residential,Mixed (30% To 70% Developed),NA,Rural,40 - 45  MPH,"Double Yellow Line, No Passing Zone",Rain,No,47,40-49,No,NA,With Traffic,C: Possible Injury,Travel Lane,White,Male,70+,70+,No,NA,21-25 mph,O: No Injury,White,Female,Passenger Car,No,30NOV2009,Monday,Motorist Overtaking Bicyclist,17,Non-Intersection,November,C: Possible Injury,17:28:00,Motorist Overtaking - Misjudged Space,2009,Yes,No,Dusk,Straight - Grade,State Secondary Route,Wet,"Two-Way, Not Divided",None,No Special Feature,Smooth Asphalt,2 lanes,"35.57167397, -80.4590231464"
5330,None - Rural Crash,Carteret,Coastal,Residential,Mixed (30% To 70% Developed),NA,Rural,40 - 45  MPH,"Double Yellow Line, No Passing Zone",Clear,No,11,11-15,No,NA,With Traffic,B: Evident Injury,Travel Lane,White,Female,70+,70+,No,NA,21-25 mph,O: No Injury,White,Male,Passenger Car,No,29NOV2009,Sunday,Motorist Overtaking Bicyclist,12,Non-Intersection,November,B: Evident Injury,12:18:00,Motorist Overtaking - Other / Unknown,2009,Yes,No,Daylight,Straight - Level,State Secondary Route,Dry,"Two-Way, Not Divided",None,No Special Feature,Coarse Asphalt,2 lanes,"34.7330389042, -77.0857020848"
5337,Eden,Rockingham,Piedmont,Residential,Urban (>70% Developed),NA,Urban,5 - 15 MPH,No Control Present,Clear,No,3,0-5,No,NA,Not Applicable,C: Possible Injury,Non-Roadway,Black,Female,NA,NA,No,NA,16-20 mph,Unknown Injury,Unknown/Missing,NA,Passenger Car,No,15SEP2009,Tuesday,Non-Roadway,18,Non-Roadway,September,C: Possible Injury,18:07:00,Non-Roadway,2009,Yes,Yes,Daylight,Straight - Level,Public Vehicular Area,Dry,NA,None,"Driveway, Public",Smooth Asphalt,NA,"36.5123251959, -79.7017729705"
5347,Wilmington,New Hanover,Coastal,Commercial,Urban (>70% Developed),NA,Urban,30 - 35  MPH,Stop And Go Signal,Clear,No,47,40-49,No,NA,Facing Traffic,B: Evident Injury,Sidewalk / Crosswalk / Driveway Crossing,Black,Male,37,30-39,No,NA,26-30 mph,O: No Injury,White,Male,Passenger Car,No,28NOV2009,Saturday,Bicyclist Failed to Yield - Signalized Intersection,8,Intersection,November,B: Evident Injury,08:14:00,Bicyclist Failed to Clear - Multiple Threat,2009,Yes,No,Daylight,Straight - Level,US Route,Dry,"One-Way, Not Divided",None,Related To Intersection,Coarse Asphalt,3 lanes,"34.2257037648, -77.9276323159"
5348,Chapel Hill,Orange,Piedmont,Residential,Urban (>70% Developed),NA,Urban,20 - 25  MPH,No Control Present,Cloudy,No,13,11-15,No,NA,With Traffic,C: Possible Injury,Bike Lane / Paved Shoulder,White,Female,34,30-39,No,NA,21-25 mph,O: No Injury,Black,Male,Passenger Car,No,23NOV2009,Monday,Motorist Left Turn / Merge,17,Intersection,November,C: Possible Injury,17:42:00,Motorist Left Turn - Opposite Direction,2009,Yes,No,Dark - Lighted Roadway,Straight - Level,Local Street,Wet,"Two-Way, Divided, Unprotected Median",None,No Special Feature,Smooth Asphalt,2 lanes,"35.9075230917, -79.062782744"
5354,Rocky Mount,Edgecombe,Coastal,Commercial,Urban (>70% Developed),NA,Urban,30 - 35  MPH,No Control Present,Clear,No,60,60-69,No,NA,With Traffic,B: Evident Injury,Bike Lane / Paved Shoulder,White,Male,49,40-49,No,NA,11-15 mph,O: No Injury,White,Male,Passenger Car,No,31OCT2009,Saturday,Motorist Overtaking Bicyclist,9,Non-Intersection,October,B: Evident Injury,09:24:00,Motorist Overtaking - Bicyclist Swerved,2009,Yes,No,Daylight,Straight - Level,US Route,Dry,"One-Way, Not Divided",None,No Special Feature,Smooth Asphalt,1 lane,"35.9471871465, -77.7594123502"
5355,Kinston,Lenoir,Coastal,Residential,Urban (>70% Developed),NA,Urban,20 - 25  MPH,No Control Present,Clear,No,16,16-19,No,NA,With Traffic,C: Possible Injury,Travel Lane,Black,Male,57,50-59,No,NA,0-5 mph,O: No Injury,Black,Female,Van,No,09NOV2009,Monday,Motorist Left Turn / Merge,18,Non-Intersection,November,C: Possible Injury,18:18:00,Motorist Left Turn - Opposite Direction,2009,No,No,Dark - Unknown Lighting,Straight - Level,Local Street,Dry,"Two-Way, Not Divided",None,"Driveway, Private",Coarse Asphalt,2 lanes,"35.2783540075, -77.5881122636"
5359,Durham,Durham,Piedmont,Institutional,Urban (>70% Developed),NA,Urban,20 - 25  MPH,No Control Present,Clear,No,27,25-29,No,NA,With Traffic,C: Possible Injury,Travel Lane,White,Male,61,60-69,No,NA,6-10 mph,O: No Injury,Black,Female,Passenger Car,No,07DEC2009,Monday,Motorist Right Turn / Merge,16,Non-Intersection,December,C: Possible Injury,16:17:00,Motorist Right Turn - Same Direction,2009,No,No,Daylight,Straight - Level,Public Vehicular Area,Dry,"One-Way, Not Divided",None,Traffic Circle/Roundabout,Coarse Asphalt,1 lane,"35.9978771154, -78.9391927113"
5363,Wilmington,New Hanover,Coastal,Residential,Urban (>70% Developed),NA,Urban,30 - 35  MPH,Stop And Go Signal,Clear,No,18,16-19,No,NA,With Traffic,B: Evident Injury,Travel Lane,White,Male,NA,NA,Missing,NA,11-15 mph,Unknown Injury,Unknown/Missing,NA,Passenger Car,No,28SEP2009,Monday,Motorist Right Turn / Merge,16,Intersection,September,B: Evident Injury,16:31:00,Motorist Right Turn - Same Direction,2009,No,Yes,Daylight,Straight - Level,Local Street,Dry,"Two-Way, Not Divided",None,T-Intersection,Coarse Asphalt,5 lanes,"34.2075717624, -77.8784283004"
5372,Smithfield,Johnston,Coastal,Commercial,Urban (>70% Developed),NA,Urban,NA,No Control Present,Clear,No,25,25-29,No,NA,Not Applicable,B: Evident Injury,Non-Roadway,Black,Male,NA,NA,Missing,NA,16-20 mph,Unknown Injury,Unknown/Missing,NA,NA,No,27NOV2009,Friday,Non-Roadway,10,Non-Roadway,November,B: Evident Injury,10:21:00,Non-Roadway,2009,Yes,Yes,Daylight,Straight - Level,Public Vehicular Area,Dry,"Two-Way, Not Divided",None,No Special Feature,Coarse Asphalt,NA,"35.5206600355, -78.3133224971"
5376,None - Rural Crash,Wake,Piedmont,Residential,Mixed (30% To 70% Developed),NA,Rural,40 - 45  MPH,"Double Yellow Line, No Passing Zone",Clear,No,15,11-15,No,NA,With Traffic,B: Evident Injury,Travel Lane,White,Male,NA,NA,Missing,NA,31-35 mph,Unknown Injury,Unknown/Missing,NA,NA,No,01DEC2009,Tuesday,Motorist Overtaking Bicyclist,16,Non-Intersection,December,B: Evident Injury,16:26:00,Motorist Overtaking - Misjudged Space,2009,Yes,Yes,Daylight,Straight - Grade,State Secondary Route,Dry,"Two-Way, Divided, Unprotected Median",None,No Special Feature,Smooth Asphalt,2 lanes,"35.8907541015, -78.6985886325"
5379,Wilmington,New Hanover,Coastal,Commercial,Urban (>70% Developed),NA,Urban,NA,No Control Present,Clear,No,18,16-19,No,NA,With Traffic,B: Evident Injury,Sidewalk / Crosswalk / Driveway Crossing,Black,Male,NA,NA,Missing,NA,NA,Unknown Injury,Unknown/Missing,NA,NA,No,01DEC2009,Tuesday,Motorist Failed to Yield - Midblock,15,Non-Intersection,December,B: Evident Injury,15:23:00,Motorist Drive Out - Commercial Driveway / Alley,2009,No,Yes,Daylight,Straight - Level,NC Route,Dry,"Two-Way, Not Divided",None,"Driveway, Public",Smooth Asphalt,5 lanes,"34.2445067704, -77.8803623021"
5383,None - Rural Crash,Robeson,Coastal,"Farms, Woods, Pastures",Rural (<30% Developed),NA,Rural,50 - 55  MPH,No Control Present,Rain,No,62,60-69,No,NA,With Traffic,B: Evident Injury,Travel Lane,Native American,Male,70+,70+,No,NA,51-55 mph,O: No Injury,White,Male,Pickup,No,08DEC2009,Tuesday,Motorist Overtaking Bicyclist,17,Non-Intersection,December,B: Evident Injury,17:39:00,Motorist Overtaking - Other / Unknown,2009,Yes,No,Dark - Roadway Not Lighted,Straight - Level,NC Route,Wet,"Two-Way, Not Divided",None,No Special Feature,Coarse Asphalt,2 lanes,"34.6624408247, -79.0292726696"
5389,None - Rural Crash,Onslow,Coastal,Commercial,Mixed (30% To 70% Developed),NA,Rural,50 - 55  MPH,No Control Present,Clear,No,47,40-49,Yes,NA,With Traffic,B: Evident Injury,Travel Lane,White,Male,18,0-19,No,NA,51-55 mph,O: No Injury,White,Male,Sport Utility,Yes,21DEC2009,Monday,Bicyclist Left Turn / Merge,17,Non-Intersection,December,B: Evident Injury,17:35:00,Bicyclist Left Turn - Same Direction,2009,No,No,Dusk,Straight - Level,US Route,Dry,"Two-Way, Not Divided",None,No Special Feature,Smooth Asphalt,5 lanes,"34.7766949003, -77.4931022109"
5390,Greensboro,Guilford,Piedmont,Commercial,Urban (>70% Developed),NA,Urban,30 - 35  MPH,No Control Present,Clear,No,62,60-69,No,NA,Facing Traffic,C: Possible Injury,Sidewalk / Crosswalk / Driveway Crossing,Black,Male,48,40-49,No,NA,NA,O: No Injury,White,Male,Passenger Car,No,16DEC2009,Wednesday,Motorist Failed to Yield - Midblock,10,Non-Intersection,December,C: Possible Injury,10:53:00,Motorist Drive Out - Commercial Driveway / Alley,2009,No,No,Daylight,Straight - Level,Local Street,Dry,"Two-Way, Not Divided",None,No Special Feature,Smooth Asphalt,5 lanes,"36.0786271028, -79.7525969618"
5391,Southern Pines,Moore,Piedmont,Commercial,Urban (>70% Developed),NA,Urban,30 - 35  MPH,No Control Present,Clear,No,27,25-29,No,NA,Facing Traffic,B: Evident Injury,Sidewalk / Crosswalk / Driveway Crossing,Black,Male,40,40-49,No,NA,0-5 mph,O: No Injury,White,Male,Passenger Car,No,04DEC2009,Friday,Motorist Right Turn / Merge,10,Non-Intersection,December,B: Evident Injury,10:22:00,Motorist Right Turn - Opposite Direction,2009,Yes,No,Daylight,Straight - Grade,Public Vehicular Area,Dry,"Two-Way, Not Divided",None,"Driveway, Public",Coarse Asphalt,2 lanes,"35.1766849233, -79.3946528049"
5398,Hendersonville,Henderson,Mountains,Commercial,Urban (>70% Developed),NA,Urban,20 - 25  MPH,Stop And Go Signal,Clear,No,29,25-29,No,NA,Not Applicable,C: Possible Injury,NA,White,Male,70+,70+,No,NA,16-20 mph,O: No Injury,White,Male,Van,No,22DEC2009,Tuesday,Bicyclist Failed to Yield - Signalized Intersection,13,Intersection-Related,December,C: Possible Injury,13:43:00,Bicyclist Ride Out - Signalized  Intersection,2009,Yes,No,Daylight,Straight - Level,Local Street,Dry,"One-Way, Not Divided",None,Four-Way Intersection,Coarse Asphalt,2 lanes,"35.3114048393, -82.4603737257"
5399,Kinston,Lenoir,Coastal,Commercial,Urban (>70% Developed),NA,Urban,30 - 35  MPH,Stop Sign,Clear,No,69,60-69,No,NA,Facing Traffic,C: Possible Injury,Travel Lane,Black,Male,36,30-39,No,NA,0-5 mph,O: No Injury,White,Male,Pickup,No,17DEC2009,Thursday,Motorist Failed to Yield - Sign-Controlled Intersection,15,Intersection,December,C: Possible Injury,15:44:00,Motorist Drive Out - Sign-Controlled Intersection,2009,Yes,No,Daylight,Straight - Level,Local Street,Dry,"Two-Way, Not Divided",None,Four-Way Intersection,Coarse Asphalt,5 lanes,"35.2689430054, -77.5842522626"
5402,Raleigh,Wake,Piedmont,Residential,Urban (>70% Developed),NA,Urban,30 - 35  MPH,"Double Yellow Line, No Passing Zone",Clear,No,16,16-19,No,NA,With Traffic,B: Evident Injury,Bike Lane / Paved Shoulder,White,Male,NA,NA,No,NA,31-35 mph,Unknown Injury,Unknown/Missing,NA,Passenger Car,No,24DEC2009,Thursday,Bicyclist Left Turn / Merge,19,Intersection,December,B: Evident Injury,19:30:00,Bicyclist Left Turn - Same Direction,2009,Yes,Yes,Dark - Unknown Lighting,Curve - Bottom,Local Street,Dry,"Two-Way, Not Divided",None,T-Intersection,Coarse Asphalt,2 lanes,"35.8273770911, -78.5913875972"
3998,Fayetteville,Cumberland,Coastal,Commercial,Urban (>70% Developed),NA,Urban,30 - 35  MPH,No Control Present,Clear,No,20,20-24,No,NA,Facing Traffic,C: Possible Injury,Sidewalk / Crosswalk / Driveway Crossing,Black,Male,32,30-39,No,NA,6-10 mph,O: No Injury,White,Male,Pickup,No,14JUN2010,Monday,Motorist Right Turn / Merge,14,Non-Intersection,June,C: Possible Injury,14:16:00,Motorist Right Turn - Opposite Direction,2010,No,No,Daylight,Straight - Level,Public Vehicular Area,Dry,"Two-Way, Not Divided",None,"Driveway, Public",Coarse Asphalt,NA,"35.0779599171, -78.9549966681"
4659,None - Rural Crash,Catawba,Piedmont,"Farms, Woods, Pastures",Rural (<30% Developed),NA,Rural,40 - 45  MPH,No Control Present,Clear,No,48,40-49,No,NA,With Traffic,C: Possible Injury,Travel Lane,White,Male,38,30-39,No,NA,56-60 mph,O: No Injury,White,Male,Pickup,No,10FEB2009,Tuesday,Head-On,18,Non-Intersection,February,C: Possible Injury,18:14:00,Head-On - Motorist,2009,Yes,Yes,Dusk,Straight - Level,State Secondary Route,Dry,"Two-Way, Not Divided",None,No Special Feature,Smooth Asphalt,2 lanes,"35.5542269395, -81.1647833558"
4666,None - Rural Crash,Anson,Piedmont,"Farms, Woods, Pastures",Rural (<30% Developed),NA,Rural,50 - 55  MPH,No Control Present,Clear,No,48,40-49,No,NA,With Traffic,B: Evident Injury,Travel Lane,Black,Male,63,60-69,No,NA,51-55 mph,O: No Injury,White,Male,Tractor/Semi-Trailer,No,23JAN2009,Friday,Motorist Overtaking Bicyclist,8,Non-Intersection,January,B: Evident Injury,08:00:00,Motorist Overtaking - Undetected Bicyclist,2009,Yes,No,Daylight,Straight - Level,US Route,Dry,"Two-Way, Divided, Unprotected Median",None,No Special Feature,Smooth Asphalt,4 lanes,"34.9893468558, -80.1558790235"
4667,Hickory,Catawba,Piedmont,Commercial,Urban (>70% Developed),NA,Urban,30 - 35  MPH,Stop Sign,Cloudy,No,50,50-59,Yes,NA,Facing Traffic,C: Possible Injury,Sidewalk / Crosswalk / Driveway Crossing,White,Male,58,50-59,No,NA,0-5 mph,O: No Injury,Asian,Male,Passenger Car,Yes,24JAN2009,Saturday,Motorist Failed to Yield - Sign-Controlled Intersection,16,Intersection,January,C: Possible Injury,16:03:00,Motorist Drive Out - Sign-Controlled Intersection,2009,Yes,No,Daylight,Straight - Level,Local Street,Dry,"Two-Way, Not Divided",None,T-Intersection,Coarse Asphalt,2 lanes,"35.7554569762, -81.3363684178"
4669,None - Rural Crash,Cumberland,Coastal,Residential,Urban (>70% Developed),NA,Rural,40 - 45  MPH,Stop Sign,Clear,No,18,16-19,No,NA,Not Applicable,B: Evident Injury,Non-Roadway,Black,Male,54,50-59,Missing,NA,41-45 mph,O: No Injury,Black,Female,Pickup,No,19FEB2009,Thursday,Crossing Paths - Other Circumstances,17,Intersection,February,B: Evident Injury,17:35:00,Crossing Paths - Uncontrolled Intersection,2009,Yes,No,Dark - Roadway Not Lighted,Straight - Level,State Secondary Route,Dry,"Two-Way, Not Divided",None,T-Intersection,Coarse Asphalt,2 lanes,"35.1449349329, -78.9104526581"
4676,None - Rural Crash,Wayne,Coastal,"Farms, Woods, Pastures",Rural (<30% Developed),NA,Rural,50 - 55  MPH,No Control Present,Cloudy,No,12,11-15,No,NA,With Traffic,A: Disabling Injury,Driveway / Alley,White,Male,62,60-69,No,NA,46-50 mph,O: No Injury,White,Male,Sport Utility,No,26JAN2009,Monday,Bicyclist Failed to Yield - Midblock,16,Non-Intersection,January,A: Disabling Injury,16:24:00,Bicyclist Ride Out - Residential Driveway,2009,Yes,No,Daylight,Straight - Level,State Secondary Route,Dry,"Two-Way, Not Divided",None,"Driveway, Public",Smooth Asphalt,2 lanes,"35.3517790127, -77.9020323631"
4677,Wallace,Duplin,Coastal,Commercial,Mixed (30% To 70% Developed),NA,Rural,30 - 35  MPH,No Control Present,Clear,No,24,20-24,No,NA,With Traffic,C: Possible Injury,Travel Lane,Black,Male,64,60-69,No,NA,26-30 mph,O: No Injury,Black,Female,Passenger Car,No,07FEB2009,Saturday,Motorist Overtaking Bicyclist,12,Intersection,February,C: Possible Injury,12:40:00,Motorist Overtaking - Bicyclist Swerved,2009,No,No,Daylight,Straight - Level,State Secondary Route,Dry,"Two-Way, Divided, Unprotected Median",None,Four-Way Intersection,Coarse Asphalt,2 lanes,"34.7357368752, -77.9981923615"
4679,None - Rural Crash,Nash,Coastal,"Farms, Woods, Pastures",Mixed (30% To 70% Developed),NA,Rural,50 - 55  MPH,No Control Present,"Snow, Sleet, Hail, Freezing Rain/Drizzle",No,28,25-29,No,NA,With Traffic,C: Possible Injury,Travel Lane,Black,Male,34,30-39,No,NA,31-35 mph,O: No Injury,White,Female,Sport Utility,No,02MAR2009,Monday,Motorist Overtaking Bicyclist,8,Non-Intersection,March,C: Possible Injury,08:47:00,Motorist Overtaking - Misjudged Space,2009,Yes,No,Daylight,Straight - Hillcrest,US Route,Snow,"Two-Way, Divided, Unprotected Median",None,No Special Feature,Coarse Asphalt,4 lanes,"35.88117213, -77.822662366"
4686,None - Rural Crash,Rowan,Piedmont,Residential,Mixed (30% To 70% Developed),NA,Rural,30 - 35  MPH,No Control Present,Clear,No,9,6-10,No,NA,With Traffic,B: Evident Injury,Travel Lane,White,Male,38,30-39,No,NA,0-5 mph,O: No Injury,White,Male,Van,No,07MAR2009,Saturday,Bicyclist Overtaking Motorist,15,Non-Intersection,March,B: Evident Injury,15:39:00,Bicyclist Overtaking - Other / Unknown,2009,Yes,No,Daylight,Straight - Level,Local Street,Dry,"Two-Way, Not Divided",None,No Special Feature,Smooth Asphalt,2 lanes,"35.6486999828, -80.5589781801"
4699,None - Rural Crash,Gaston,Piedmont,Commercial,Urban (>70% Developed),NA,Rural,40 - 45  MPH,No Control Present,Clear,No,55,50-59,No,NA,With Traffic,C: Possible Injury,Travel Lane,White,Female,60,60-69,No,NA,31-35 mph,O: No Injury,White,Female,Sport Utility,No,22MAR2009,Sunday,Bicyclist Left Turn / Merge,9,Intersection-Related,March,C: Possible Injury,09:51:00,Bicyclist Left Turn - Same Direction,2009,Yes,No,Daylight,Straight - Level,NC Route,Dry,"Two-Way, Not Divided",None,No Special Feature,Smooth Asphalt,2 lanes,"35.3916169114, -81.0099293002"
4701,Raleigh,Wake,Piedmont,Commercial,Urban (>70% Developed),NA,Urban,40 - 45  MPH,Stop And Go Signal,Clear,No,24,20-24,No,NA,Facing Traffic,C: Possible Injury,Sidewalk / Crosswalk / Driveway Crossing,White,Male,21,20-24,No,NA,41-45 mph,O: No Injury,White,Male,Passenger Car,No,19FEB2009,Thursday,Motorist Failed to Yield - Signalized Intersection,13,Intersection,February,C: Possible Injury,13:03:00,Motorist Drive Through - Signalized Intersection,2009,No,No,Daylight,Straight - Level,Local Street,Dry,"Two-Way, Divided, Unprotected Median",None,T-Intersection,Smooth Asphalt,4 lanes,"35.7790870786, -78.6673926177"
4704,Charlotte,Mecklenburg,Piedmont,Residential,Mixed (30% To 70% Developed),NA,Urban,20 - 25  MPH,Stop Sign,Clear,No,9,6-10,No,NA,With Traffic,B: Evident Injury,Travel Lane,Black,Male,37,30-39,No,NA,21-25 mph,O: No Injury,Black,Male,Passenger Car,No,08MAR2009,Sunday,Bicyclist Failed to Yield - Sign-Controlled Intersection,16,Intersection,March,B: Evident Injury,16:14:00,Bicyclist Ride Out - Sign-Controlled Intersection,2009,No,No,Daylight,Straight - Grade,Local Street,Dry,"Two-Way, Not Divided",None,T-Intersection,Smooth Asphalt,2 lanes,"35.2673468878, -80.9212832676"
4707,Wilson,Wilson,Coastal,Commercial,Urban (>70% Developed),NA,Urban,30 - 35  MPH,No Control Present,Clear,No,42,40-49,No,NA,With Traffic,C: Possible Injury,Travel Lane,Black,Female,NA,NA,Missing,NA,NA,Unknown Injury,Unknown/Missing,NA,NA,No,06MAR2009,Friday,Motorist Left Turn / Merge,17,Intersection,March,C: Possible Injury,17:57:00,Motorist Left Turn - Opposite Direction,2009,No,Yes,Dusk,Straight - Level,Local Street,Dry,"Two-Way, Not Divided",None,T-Intersection,Smooth Asphalt,2 lanes,"35.7209370927, -77.9082323837"
4709,None - Rural Crash,Rockingham,Piedmont,"Farms, Woods, Pastures",Rural (<30% Developed),NA,Rural,50 - 55  MPH,No Control Present,Rain,No,35,30-39,No,NA,With Traffic,O: No Injury,Travel Lane,White,Male,70+,70+,No,NA,16-20 mph,O: No Injury,White,Male,Pickup,No,28MAR2009,Saturday,Motorist Overtaking Bicyclist,9,Non-Intersection,March,O: No Injury,09:52:00,Motorist Overtaking - Misjudged Space,2009,Yes,No,Daylight,Straight - Level,State Secondary Route,Wet,"Two-Way, Not Divided",None,No Special Feature,Smooth Asphalt,2 lanes,"36.2576371322, -79.9919430441"
4718,Pinehurst,Moore,Piedmont,Residential,Mixed (30% To 70% Developed),NA,Urban,30 - 35  MPH,No Control Present,Cloudy,No,48,40-49,No,NA,With Traffic,O: No Injury,Travel Lane,White,Male,NA,NA,Missing,NA,NA,Unknown Injury,Unknown/Missing,NA,NA,No,17MAR2009,Tuesday,Motorist Overtaking Bicyclist,15,Non-Intersection,March,O: No Injury,15:45:00,Motorist Overtaking - Misjudged Space,2009,No,Yes,Daylight,Straight - Level,NC Route,Dry,"Two-Way, Divided, Unprotected Median",None,No Special Feature,Coarse Asphalt,4 lanes,"35.2020469276, -79.4386928198"
4720,Aberdeen,Moore,Piedmont,Commercial,Urban (>70% Developed),NA,Rural,40 - 45  MPH,Stop And Go Signal,Cloudy,No,53,50-59,No,NA,With Traffic,C: Possible Injury,Travel Lane,White,Male,69,60-69,No,NA,6-10 mph,O: No Injury,Black,Male,Pickup,No,23MAR2009,Monday,Motorist Overtaking Bicyclist,10,Non-Intersection,March,C: Possible Injury,10:45:00,Motorist Overtaking - Misjudged Space,2009,No,No,Daylight,Straight - Level,US Route,Dry,"Two-Way, Divided, Unprotected Median",None,Four-Way Intersection,Coarse Asphalt,5 lanes,"35.1555869185, -79.4145228107"
4734,None - Rural Crash,Alamance,Piedmont,"Farms, Woods, Pastures",Rural (<30% Developed),NA,Rural,40 - 45  MPH,No Control Present,Clear,No,36,30-39,No,NA,With Traffic,C: Possible Injury,Travel Lane,White,Male,35,30-39,No,NA,36-40 mph,O: No Injury,White,Male,Pickup,No,23MAR2009,Monday,Motorist Overtaking Bicyclist,6,Non-Intersection,March,C: Possible Injury,06:50:00,Motorist Overtaking - Other / Unknown,2009,Yes,No,Dawn,Straight - Level,State Secondary Route,Dry,"Two-Way, Not Divided",None,No Special Feature,Smooth Asphalt,2 lanes,"36.0784371194, -79.3172428304"
4738,Charlotte,Mecklenburg,Piedmont,Residential,Urban (>70% Developed),NA,Urban,20 - 25  MPH,Stop Sign,Clear,No,14,11-15,No,NA,With Traffic,A: Disabling Injury,Travel Lane,Black,Male,26,25-29,No,NA,21-25 mph,O: No Injury,Black,Male,Passenger Car,No,03APR2009,Friday,Bicyclist Failed to Yield - Sign-Controlled Intersection,17,Intersection,April,A: Disabling Injury,17:18:00,Bicyclist Ride Through - Sign-Controlled Intersection,2009,Yes,No,Daylight,Straight - Bottom,Local Street,Dry,"Two-Way, Not Divided",None,T-Intersection,Smooth Asphalt,2 lanes,"35.2341608842, -80.8191432355"
4757,Everetts,Martin,Coastal,Residential,Urban (>70% Developed),NA,Rural,30 - 35  MPH,"Double Yellow Line, No Passing Zone",Clear,No,11,11-15,No,NA,Not Applicable,B: Evident Injury,Travel Lane,Black,Male,70+,70+,No,NA,21-25 mph,O: No Injury,White,Female,Passenger Car,No,24APR2009,Friday,Bicyclist Failed to Yield - Midblock,16,Non-Intersection,April,B: Evident Injury,16:45:00,Bicyclist Ride Out - Other Midblock,2009,No,No,Daylight,Straight - Level,US Route,Dry,"Two-Way, Not Divided",None,"Driveway, Private",Coarse Asphalt,2 lanes,"35.8342701418, -77.1716621654"
4758,Spencer,Rowan,Piedmont,Residential,Urban (>70% Developed),NA,Rural,20 - 25  MPH,Stop Sign,Clear,No,7,6-10,No,NA,With Traffic,B: Evident Injury,Travel Lane,Black,Male,46,40-49,No,NA,16-20 mph,O: No Injury,White,Male,Passenger Car,No,14APR2009,Tuesday,Bicyclist Failed to Yield - Sign-Controlled Intersection,19,Intersection,April,B: Evident Injury,19:32:00,Bicyclist Ride Through - Sign-Controlled Intersection,2009,No,No,Dusk,Straight - Grade,Local Street,Dry,"Two-Way, Not Divided",None,No Special Feature,Coarse Asphalt,2 lanes,"35.6886699951, -80.4397031465"
4760,None - Rural Crash,Pitt,Coastal,"Farms, Woods, Pastures",Rural (<30% Developed),NA,Rural,50 - 55  MPH,No Control Present,Clear,No,21,20-24,No,NA,With Traffic,B: Evident Injury,Travel Lane,White,Male,29,25-29,No,NA,0-5 mph,O: No Injury,White,Female,Passenger Car,No,24APR2009,Friday,Backing Vehicle,15,Non-Intersection,April,B: Evident Injury,15:26:00,Backing Vehicle,2009,Yes,No,Daylight,Straight - Level,State Secondary Route,Dry,"Two-Way, Not Divided",None,"Driveway, Private",Smooth Asphalt,2 lanes,"35.5777200764, -77.4603922406"
4767,Roanoke Rapids,Halifax,Coastal,Residential,Urban (>70% Developed),NA,Urban,20 - 25  MPH,Stop Sign,Clear,No,11,11-15,No,NA,With Traffic,O: No Injury,Travel Lane,Black,Male,50,50-59,No,NA,21-25 mph,O: No Injury,White,Male,Sport Utility,No,18APR2009,Saturday,Loss of Control / Turning Error,13,Intersection,April,O: No Injury,13:45:00,Bicyclist Lost Control - Mechanical Problems,2009,No,No,Daylight,Straight - Bottom,Local Street,Dry,"Two-Way, Not Divided",None,Four-Way Intersection,Smooth Asphalt,2 lanes,"36.4681812612, -77.6525023457"
4768,Raleigh,Wake,Piedmont,Commercial,Urban (>70% Developed),NA,Urban,40 - 45  MPH,Stop Sign,Clear,No,41,40-49,No,NA,With Traffic,C: Possible Injury,Travel Lane,White,Male,24,20-24,No,NA,NA,O: No Injury,Black,Male,Passenger Car,No,28MAR2009,Saturday,Motorist Failed to Yield - Sign-Controlled Intersection,12,Intersection,March,C: Possible Injury,12:31:00,Motorist Drive Out - Sign-Controlled Intersection,2009,Yes,No,Daylight,Straight - Grade,Local Street,Dry,"Two-Way, Not Divided",None,Four-Way Intersection,Smooth Asphalt,5 lanes,"35.798824081, -78.7172026334"
4771,Washington,Beaufort,Coastal,Residential,Urban (>70% Developed),NA,Urban,20 - 25  MPH,No Control Present,Clear,No,49,40-49,No,NA,With Traffic,B: Evident Injury,Travel Lane,White,Female,NA,NA,Missing,NA,0-5 mph,Unknown Injury,Unknown/Missing,NA,Motorcycle,No,18APR2009,Saturday,Loss of Control / Turning Error,17,Non-Intersection,April,B: Evident Injury,17:05:00,Bicyclist Lost Control - Other / Unknown,2009,No,No,Daylight,Straight - Level,Local Street,Dry,"One-Way, Not Divided",None,No Special Feature,Coarse Asphalt,2 lanes,"35.5386120817, -77.0472721127"
4772,None - Rural Crash,Guilford,Piedmont,Commercial,Mixed (30% To 70% Developed),NA,Rural,50 - 55  MPH,"Double Yellow Line, No Passing Zone",Clear,No,36,30-39,No,NA,With Traffic,A: Disabling Injury,Travel Lane,White,Male,33,30-39,No,NA,41-45 mph,O: No Injury,White,Male,Passenger Car,No,29APR2009,Wednesday,Motorist Left Turn / Merge,6,Intersection,April,A: Disabling Injury,06:24:00,Motorist Left Turn - Opposite Direction,2009,Yes,No,Dawn,Straight - Level,NC Route,Dry,"Two-Way, Not Divided",None,"Driveway, Public",Smooth Asphalt,2 lanes,"35.9123030691, -79.7077969394"