object_id,city,county,region,development,locality,on_road,rural_urban,speed_limit,traffic_control,weather,workzone,bike_age,bike_age_group,bike_alcohol,bike_alcohol_drugs,bike_direction,bike_injury,bike_position,bike_race,bike_sex,driver_age,driver_age_group,driver_alcohol,driver_alcohol_drugs,driver_est_speed,driver_injury,driver_race,driver_sex,driver_vehicle_type,crash_alcohol,crash_date,crash_day,crash_group,crash_hour,crash_location,crash_month,crash_severity,crash_time,crash_type,crash_year,ambulance_req,hit_run,light_condition,road_character,road_class,road_condition,road_configuration,road_defects,road_feature,road_surface,num_lanes,geo_point
4784,Raleigh,Wake,Piedmont,Commercial,Urban (>70% Developed),NA,Urban,30 - 35  MPH,Stop Sign,Rain,No,25,25-29,No,NA,With Traffic,B: Evident Injury,Travel Lane,White,Male,47,40-49,No,NA,21-25 mph,O: No Injury,White,Male,Passenger Car,No,02APR2009,Thursday,Crossing Paths - Other Circumstances,22,Intersection,April,B: Evident Injury,22:20:00,Sign-Controlled Intersection - Other / Unknown,2009,Yes,No,Dark - Lighted Roadway,Straight - Level,Local Street,Wet,"Two-Way, Not Divided",None,T-Intersection,Smooth Asphalt,2 lanes,"35.7910420791, -78.7152586324"
4787,Greensboro,Guilford,Piedmont,Commercial,Urban (>70% Developed),NA,Urban,30 - 35  MPH,Stop And Go Signal,Clear,No,25,25-29,No,NA,Facing Traffic,C: Possible Injury,Travel Lane,White,Female,46,40-49,No,NA,11-15 mph,O: No Injury,Black,Female,Passenger Car,No,29APR2009,Wednesday,Motorist Failed to Yield - Signalized Intersection,17,Intersection,April,C: Possible Injury,17:14:00,Motorist Drive Out - Right Turn on Red,2009,Yes,No,Daylight,Straight - Hillcrest,Local Street,Dry,"Two-Way, Not Divided",None,Four-Way Intersection,Smooth Asphalt,NA,"36.080427101, -79.8271429843"
4795,Franklinton,Franklin,Piedmont,Residential,Rural (<30% Developed),NA,Rural,40 - 45  MPH,No Control Present,Cloudy,No,15,11-15,Yes,NA,With Traffic,B: Evident Injury,Travel Lane,White,Male,22,20-24,No,NA,41-45 mph,O: No Injury,Black,Male,Sport Utility,Yes,01MAY2009,Friday,Motorist Overtaking Bicyclist,19,Non-Intersection,May,B: Evident Injury,19:18:00,Motorist Overtaking - Bicyclist Swerved,2009,Yes,No,Daylight,Straight - Level,State Secondary Route,Dry,"Two-Way, Not Divided",None,No Special Feature,Smooth Asphalt,2 lanes,"36.0954471541, -78.4294765622"
4805,Albemarle,Stanly,Piedmont,Residential,Urban (>70% Developed),NA,Urban,30 - 35  MPH,No Control Present,Clear,No,7,6-10,No,NA,Not Applicable,B: Evident Injury,Non-Roadway,Black,Male,23,20-24,No,NA,21-25 mph,O: No Injury,Black,Male,Passenger Car,No,08MAY2009,Friday,Bicyclist Failed to Yield - Midblock,18,Non-Intersection,May,B: Evident Injury,18:00:00,Bicyclist Ride Out - Other Midblock,2009,Yes,No,Daylight,Straight - Hillcrest,Local Street,Dry,"Two-Way, Not Divided",None,No Special Feature,Smooth Asphalt,2 lanes,"35.3462589311, -80.1949830542"
4815,Wilmington,New Hanover,Coastal,Commercial,Urban (>70% Developed),NA,Urban,40 - 45  MPH,Stop And Go Signal,Clear,No,32,30-39,No,NA,With Traffic,B: Evident Injury,Travel Lane,White,Male,34,30-39,No,NA,31-35 mph,O: No Injury,White,Male,Passenger Car,No,06MAY2009,Wednesday,Motorist Left Turn / Merge,22,Intersection,May,B: Evident Injury,22:29:00,Motorist Left Turn - Opposite Direction,2009,Yes,No,Dark - Roadway Not Lighted,Straight - Level,US Route,Dry,"Two-Way, Not Divided",None,Four-Way Intersection,Coarse Asphalt,6 lanes,"34.2194397664, -77.8326622871"
4820,Hickory,Catawba,Piedmont,Residential,Urban (>70% Developed),NA,Urban,40 - 45  MPH,No Control Present,Clear,No,17,16-19,No,NA,With Traffic,B: Evident Injury,Travel Lane,White,Male,NA,NA,No,NA,41-45 mph,Unknown Injury,Unknown/Missing,NA,Passenger Car,No,12MAY2009,Tuesday,Motorist Overtaking Bicyclist,21,Non-Intersection,May,B: Evident Injury,21:07:00,Motorist Overtaking - Misjudged Space,2009,No,Yes,Dark - Lighted Roadway,Straight - Level,Local Street,Dry,"Two-Way, Not Divided",None,No Special Feature,Coarse Asphalt,2 lanes,"35.7797969824, -81.2947234075"
4836,Asheville,Buncombe,Mountains,Commercial,Urban (>70% Developed),NA,Urban,20 - 25  MPH,No Control Present,Rain,No,58,50-59,No,NA,Facing Traffic,C: Possible Injury,Non-Roadway,Black,Male,63,60-69,No,NA,6-10 mph,O: No Injury,White,Male,Passenger Car,No,17MAY2009,Sunday,Bicyclist Failed to Yield - Midblock,12,Non-Intersection,May,C: Possible Injury,12:01:00,Bicyclist Ride Out - Other Midblock,2009,Yes,No,Daylight,Straight - Level,Local Street,Wet,"Two-Way, Not Divided",None,T-Intersection,Concrete,2 lanes,"35.586806893, -82.5867577798"
4847,Oak Island,Brunswick,Coastal,Commercial,Urban (>70% Developed),NA,Urban,30 - 35  MPH,No Control Present,Cloudy,No,10,6-10,No,NA,Not Applicable,A: Disabling Injury,Non-Roadway,White,Male,45,40-49,No,NA,31-35 mph,O: No Injury,White,Male,Sport Utility,No,17MAY2009,Sunday,Bicyclist Failed to Yield - Midblock,5,Non-Intersection,May,A: Disabling Injury,05:23:00,Bicyclist Ride Out - Commercial Driveway / Alley,2009,Yes,No,Daylight,Straight - Level,Local Street,Dry,"Two-Way, Not Divided",None,No Special Feature,Smooth Asphalt,3 lanes,"33.9114866895, -78.100832353"
4850,Chapel Hill,Orange,Piedmont,Commercial,Urban (>70% Developed),NA,Urban,20 - 25  MPH,Stop And Go Signal,Clear,No,13,11-15,No,NA,With Traffic,B: Evident Injury,Travel Lane,Black,Male,44,40-49,No,NA,NA,O: No Injury,White,Female,Sport Utility,No,16MAY2009,Saturday,Bicyclist Overtaking Motorist,15,Non-Intersection,May,B: Evident Injury,15:13:00,Bicyclist Overtaking - Passing on Right,2009,Yes,No,Daylight,Straight - Level,Local Street,Dry,"Two-Way, Not Divided",None,No Special Feature,Smooth Asphalt,4 lanes,"35.9142830941, -79.0527067414"
4854,Durham,Durham,Piedmont,Institutional,Urban (>70% Developed),NA,Urban,20 - 25  MPH,No Control Present,Cloudy,No,46,40-49,No,NA,Not Applicable,B: Evident Injury,Travel Lane,White,Male,41,40-49,No,NA,0-5 mph,O: No Injury,White,Female,Passenger Car,No,22MAY2009,Friday,Non-Roadway,12,Non-Roadway,May,B: Evident Injury,12:51:00,Non-Roadway,2009,Yes,No,Daylight,Straight - Grade,Public Vehicular Area,Dry,"Two-Way, Not Divided",None,"Driveway, Private",Coarse Asphalt,2 lanes,"36.0043271171, -78.9395727118"
4856,Chapel Hill,Orange,Piedmont,Commercial,Urban (>70% Developed),NA,Urban,20 - 25  MPH,Stop Sign,Clear,No,51,50-59,No,NA,Facing Traffic,C: Possible Injury,Sidewalk / Crosswalk / Driveway Crossing,Black,Male,61,60-69,No,NA,0-5 mph,O: No Injury,White,Female,Passenger Car,No,22MAY2009,Friday,Motorist Failed to Yield - Sign-Controlled Intersection,15,Intersection,May,C: Possible Injury,15:32:00,Motorist Drive Out - Sign-Controlled Intersection,2009,Yes,No,Daylight,Straight - Level,Local Street,Dry,"Two-Way, Not Divided",None,T-Intersection,Smooth Asphalt,2 lanes,"35.9110410921, -79.0661427454"
4859,Winston-Salem,Forsyth,Piedmont,Commercial,Urban (>70% Developed),NA,Urban,30 - 35  MPH,"Double Yellow Line, No Passing Zone",Clear,No,37,30-39,No,NA,Not Applicable,B: Evident Injury,Non-Roadway,Hispanic,Male,70+,70+,No,NA,16-20 mph,O: No Injury,White,Female,Van,No,23MAY2009,Saturday,Bicyclist Failed to Yield - Midblock,16,Non-Intersection,May,B: Evident Injury,16:39:00,Bicyclist Ride Out - Commercial Driveway / Alley,2009,Yes,No,Daylight,Straight - Level,Local Street,Dry,"Two-Way, Not Divided",None,No Special Feature,Smooth Asphalt,2 lanes,"36.1578631025, -80.2275931088"
4863,Cary,Wake,Piedmont,Commercial,Urban (>70% Developed),NA,Urban,5 - 15 MPH,No Control Present,Clear,No,20,20-24,No,NA,Not Applicable,B: Evident Injury,Travel Lane,White,Male,41,40-49,No,NA,6-10 mph,O: No Injury,White,Male,Sport Utility,No,06JUN2009,Saturday,Non-Roadway,13,Non-Roadway,June,B: Evident Injury,13:07:00,Non-Roadway,2009,Yes,No,Daylight,Straight - Level,Public Vehicular Area,Dry,"Two-Way, Not Divided",None,Alley Intersection,Smooth Asphalt,NA,"35.7859530727, -78.8734726804"
4867,Cary,Wake,Piedmont,Commercial,Urban (>70% Developed),NA,Urban,40 - 45  MPH,Stop And Go Signal,Clear,No,13,11-15,No,NA,Facing Traffic,B: Evident Injury,Sidewalk / Crosswalk / Driveway Crossing,White,Male,NA,NA,Missing,NA,0-5 mph,Unknown Injury,Unknown/Missing,NA,"Light Truck (Mini-Van, Panel)",No,08JUN2009,Monday,Motorist Right Turn / Merge,14,Intersection,June,B: Evident Injury,14:18:00,Motorist Right Turn - Same Direction,2009,No,Yes,Daylight,Straight - Grade,NC Route,Dry,"Two-Way, Divided, Unprotected Median",None,Four-Way Intersection,Smooth Asphalt,5 lanes,"35.7989300782, -78.7961626578"
4870,Goldsboro,Wayne,Coastal,Residential,Urban (>70% Developed),NA,Urban,20 - 25  MPH,Stop Sign,Clear,No,8,6-10,No,NA,NA,C: Possible Injury,Travel Lane,Black,Male,48,40-49,No,NA,16-20 mph,O: No Injury,Black,Male,Sport Utility,No,22MAY2009,Friday,Other / Unknown - Insufficient Details,19,Intersection,May,C: Possible Injury,19:06:00,Unknown Approach Paths,2009,Yes,No,Daylight,Straight - Level,Local Street,Dry,"Two-Way, Not Divided",None,T-Intersection,Coarse Asphalt,2 lanes,"35.3522640103, -77.9835763883"
4888,Kinston,Lenoir,Coastal,"Farms, Woods, Pastures",Mixed (30% To 70% Developed),NA,Urban,30 - 35  MPH,Stop And Go Signal,Cloudy,No,8,6-10,No,NA,With Traffic,O: No Injury,Travel Lane,Unknown/Missing,Female,NA,NA,Missing,NA,6-10 mph,Unknown Injury,Unknown/Missing,NA,NA,No,03MAY2009,Sunday,Motorist Overtaking Bicyclist,16,Intersection,May,O: No Injury,16:18:00,Motorist Overtaking - Other / Unknown,2009,No,Yes,Daylight,Straight - Level,Local Street,"Water (Standing, Moving)","Two-Way, Not Divided",None,Four-Way Intersection,Smooth Asphalt,NA,"35.2635340049, -77.5725622581"
4889,Chapel Hill,Orange,Piedmont,Commercial,Urban (>70% Developed),NA,Urban,NA,No Control Present,Clear,No,70+,70+,No,NA,Not Applicable,C: Possible Injury,Non-Roadway,White,Male,25,25-29,No,NA,0-5 mph,O: No Injury,White,Female,Passenger Car,No,02JUN2009,Tuesday,Non-Roadway,7,Non-Roadway,June,C: Possible Injury,07:25:00,Non-Roadway,2009,Yes,No,Daylight,Straight - Level,Public Vehicular Area,Dry,"Two-Way, Not Divided",None,No Special Feature,Smooth Asphalt,NA,"35.9047850933, -79.0119027289"
4909,None - Rural Crash,Hyde,Coastal,Residential,Mixed (30% To 70% Developed),NA,Rural,20 - 25  MPH,Stop Sign,Clear,No,25,25-29,No,NA,With Traffic,B: Evident Injury,Travel Lane,White,Female,39,30-39,Yes,NA,6-10 mph,O: No Injury,White,Male,Passenger Car,Yes,01JUN2009,Monday,Motorist Left Turn / Merge,22,Intersection,June,B: Evident Injury,22:07:00,Motorist Left Turn - Opposite Direction,2009,No,No,Dark - Roadway Not Lighted,Straight - Level,NC Route,Dry,"Two-Way, Not Divided",None,T-Intersection,Smooth Asphalt,2 lanes,"35.1108370232, -75.9799217651"
4910,Wilmington,New Hanover,Coastal,Residential,Urban (>70% Developed),NA,Urban,30 - 35  MPH,Stop Sign,Clear,No,52,50-59,No,NA,Facing Traffic,C: Possible Injury,Sidewalk / Crosswalk / Driveway Crossing,Black,Male,NA,NA,Missing,NA,11-15 mph,Unknown Injury,Unknown/Missing,NA,NA,No,16JUN2009,Tuesday,Motorist Failed to Yield - Sign-Controlled Intersection,20,Intersection,June,C: Possible Injury,20:50:00,Motorist Drive Out - Sign-Controlled Intersection,2009,Yes,Yes,Dark - Lighted Roadway,Straight - Level,Local Street,Dry,"One-Way, Not Divided",None,No Special Feature,Smooth Asphalt,5 lanes,"34.2282627653, -77.9266723154"
4919,None - Rural Crash,Johnston,Coastal,"Farms, Woods, Pastures",Mixed (30% To 70% Developed),NA,Rural,50 - 55  MPH,No Control Present,Cloudy,No,57,50-59,No,NA,With Traffic,B: Evident Injury,Travel Lane,Black,Male,NA,NA,No,NA,41-45 mph,Unknown Injury,Unknown/Missing,NA,NA,No,10JUN2009,Wednesday,Motorist Overtaking Bicyclist,23,Non-Intersection,June,B: Evident Injury,23:40:00,Motorist Overtaking - Other / Unknown,2009,Yes,Yes,Dark - Roadway Not Lighted,Straight - Level,US Route,Wet,"Two-Way, Not Divided",None,No Special Feature,Coarse Asphalt,2 lanes,"35.5912320564, -78.139567448"
4921,Raleigh,Wake,Piedmont,Residential,Urban (>70% Developed),NA,Urban,NA,No Control Present,Clear,No,6,6-10,No,NA,Not Applicable,O: No Injury,Non-Roadway,Hispanic,Male,44,40-49,No,NA,NA,O: No Injury,White,Male,Passenger Car,No,14MAY2009,Thursday,Non-Roadway,19,Non-Roadway,May,O: No Injury,19:27:00,Non-Roadway,2009,No,No,Daylight,Straight - Level,Public Vehicular Area,Dry,"Two-Way, Not Divided",None,No Special Feature,Smooth Asphalt,NA,"35.738937071, -78.634892605"
4922,Raleigh,Wake,Piedmont,Residential,Urban (>70% Developed),NA,Urban,30 - 35  MPH,Stop Sign,Cloudy,No,49,40-49,Yes,NA,With Traffic,O: No Injury,Sidewalk / Crosswalk / Driveway Crossing,White,Male,50,50-59,No,NA,11-15 mph,O: No Injury,White,Female,Passenger Car,Yes,27MAY2009,Wednesday,Motorist Failed to Yield - Sign-Controlled Intersection,17,Intersection,May,O: No Injury,17:53:00,Motorist Drive Out - Sign-Controlled Intersection,2009,No,No,Daylight,Straight - Level,Local Street,Dry,"Two-Way, Not Divided",None,T-Intersection,Coarse Asphalt,2 lanes,"35.9032621081, -78.5837525984"
4924,None - Rural Crash,Cleveland,Mountains,Residential,Mixed (30% To 70% Developed),NA,Rural,30 - 35  MPH,Stop Sign,Clear,No,15,11-15,No,NA,With Traffic,C: Possible Injury,Travel Lane,White,Male,21,20-24,No,NA,31-35 mph,O: No Injury,White,Female,Passenger Car,No,29JUN2009,Monday,Bicyclist Failed to Yield - Sign-Controlled Intersection,18,Intersection,June,C: Possible Injury,18:19:00,Bicyclist Ride Through - Sign-Controlled Intersection,2009,Yes,No,Daylight,Straight - Level,State Secondary Route,Dry,"Two-Way, Not Divided",None,T-Intersection,Coarse Asphalt,2 lanes,"35.3384168815, -81.5129334468"
4925,Charlotte,Mecklenburg,Piedmont,Residential,Urban (>70% Developed),NA,Urban,30 - 35  MPH,Stop Sign,Clear,No,35,30-39,No,NA,With Traffic,B: Evident Injury,Travel Lane,White,Male,70+,70+,No,NA,31-35 mph,O: No Injury,White,Female,Passenger Car,No,08JUN2009,Monday,Motorist Left Turn / Merge,18,Intersection,June,B: Evident Injury,18:25:00,Motorist Left Turn - Opposite Direction,2009,Yes,No,Daylight,Straight - Level,Local Street,Dry,"Two-Way, Not Divided",None,Four-Way Intersection,Smooth Asphalt,4 lanes,"35.1869838739, -80.8330532366"
4932,Clayton,Johnston,Coastal,Commercial,Urban (>70% Developed),NA,Urban,5 - 15 MPH,No Control Present,Cloudy,No,48,40-49,No,NA,Not Applicable,C: Possible Injury,Non-Roadway,Black,Male,38,30-39,No,NA,6-10 mph,O: No Injury,Black,Female,Passenger Car,No,15JUN2009,Monday,Non-Roadway,14,Non-Roadway,June,C: Possible Injury,14:04:00,Non-Roadway,2009,Yes,No,Daylight,Curve - Level,Public Vehicular Area,Dry,"One-Way, Not Divided",None,"Driveway, Public",Smooth Asphalt,1 lane,"35.6409410564, -78.4502285444"
4944,None - Rural Crash,Wake,Piedmont,"Farms, Woods, Pastures",Rural (<30% Developed),NA,Rural,50 - 55  MPH,"Double Yellow Line, No Passing Zone",Cloudy,No,18,16-19,No,NA,With Traffic,B: Evident Injury,Travel Lane,White,Male,26,25-29,No,NA,51-55 mph,O: No Injury,White,Male,Pickup,No,04JUL2009,Saturday,Motorist Overtaking Bicyclist,18,Non-Intersection,July,B: Evident Injury,18:15:00,Motorist Overtaking - Other / Unknown,2009,No,No,Daylight,Straight - Grade,State Secondary Route,Dry,"Two-Way, Not Divided",None,No Special Feature,Coarse Asphalt,2 lanes,"35.7580290648, -78.9186026923"
4954,None - Rural Crash,Onslow,Coastal,"Farms, Woods, Pastures",Rural (<30% Developed),NA,Rural,40 - 45  MPH,No Control Present,Clear,No,25,25-29,No,NA,With Traffic,A: Disabling Injury,Travel Lane,White,Male,NA,NA,Missing,NA,41-45 mph,Unknown Injury,Unknown/Missing,NA,NA,No,28JUN2009,Sunday,Motorist Overtaking Bicyclist,21,Non-Intersection,June,A: Disabling Injury,21:14:00,Motorist Overtaking - Other / Unknown,2009,Yes,Yes,Dark - Roadway Not Lighted,Straight - Level,NC Route,Dry,"Two-Way, Not Divided",None,"Driveway, Private",Coarse Asphalt,3 lanes,"34.7359568898, -77.5659722304"
4966,Statesville,Iredell,Piedmont,Residential,Urban (>70% Developed),NA,Urban,30 - 35  MPH,No Control Present,Clear,No,53,50-59,No,NA,With Traffic,A: Disabling Injury,Travel Lane,Black,Male,NA,NA,Missing,NA,41-45 mph,Unknown Injury,Unknown/Missing,NA,NA,No,30JUN2009,Tuesday,Motorist Overtaking Bicyclist,5,Non-Intersection,June,A: Disabling Injury,05:22:00,Motorist Overtaking - Other / Unknown,2009,Yes,Yes,Dark - Roadway Not Lighted,Straight - Level,Local Street,Dry,"Two-Way, Not Divided",None,No Special Feature,Smooth Asphalt,2 lanes,"35.7791929969, -80.916963294"
4970,Patterson Springs,Cleveland,Mountains,Residential,Mixed (30% To 70% Developed),NA,Rural,40 - 45  MPH,"Double Yellow Line, No Passing Zone",Cloudy,No,18,16-19,No,NA,With Traffic,A: Disabling Injury,Travel Lane,White,Male,56,50-59,No,NA,31-35 mph,O: No Injury,Black,Male,Pickup,No,13JUL2009,Monday,Motorist Overtaking Bicyclist,5,Non-Intersection,July,A: Disabling Injury,05:24:00,Motorist Overtaking - Other / Unknown,2009,Yes,No,Dark - Roadway Not Lighted,Straight - Level,NC Route,Wet,"Two-Way, Not Divided",None,No Special Feature,Smooth Asphalt,2 lanes,"35.2294308581, -81.5143394412"
4972,Durham,Durham,Piedmont,Institutional,Urban (>70% Developed),NA,Urban,20 - 25  MPH,No Control Present,Clear,No,19,16-19,No,NA,Not Applicable,B: Evident Injury,Non-Roadway,White,Female,21,20-24,No,NA,0-5 mph,O: No Injury,Unknown/Missing,Female,Passenger Car,No,15JUN2009,Monday,Non-Roadway,13,Non-Roadway,June,B: Evident Injury,13:37:00,Non-Roadway,2009,Yes,No,Daylight,Straight - Level,Public Vehicular Area,Dry,"Two-Way, Not Divided",None,No Special Feature,Smooth Asphalt,NA,"36.0057441182, -78.9157727047"
4974,Emerald Isle,Carteret,Coastal,Residential,Mixed (30% To 70% Developed),NA,Rural,40 - 45  MPH,No Control Present,Clear,No,49,40-49,No,NA,With Traffic,O: No Injury,Bike Lane / Paved Shoulder,Hispanic,Male,49,40-49,No,NA,6-10 mph,O: No Injury,Black,Male,Passenger Car,No,01JUL2009,Wednesday,Motorist Right Turn / Merge,9,Intersection,July,O: No Injury,09:57:00,Motorist Right Turn - Same Direction,2009,Yes,No,Daylight,Straight - Level,State Secondary Route,Dry,"Two-Way, Not Divided",None,T-Intersection,Coarse Asphalt,2 lanes,"34.6807668975, -76.9305320348"
4976,Wilmington,New Hanover,Coastal,Commercial,Urban (>70% Developed),NA,Urban,30 - 35  MPH,No Control Present,Cloudy,No,43,40-49,No,NA,With Traffic,C: Possible Injury,Travel Lane,White,Male,28,25-29,No,NA,21-25 mph,O: No Injury,White,Male,Passenger Car,No,27JUN2009,Saturday,Crossing Paths - Other Circumstances,17,Intersection,June,C: Possible Injury,17:06:00,Crossing Paths - Intersection - Other / Unknown,2009,Yes,No,Daylight,Straight - Level,Local Street,Dry,"Two-Way, Not Divided",None,No Special Feature,Smooth Asphalt,5 lanes,"34.2142627633, -77.8866063026"
4987,None - Rural Crash,Gaston,Piedmont,Residential,Mixed (30% To 70% Developed),NA,Rural,30 - 35  MPH,"Double Yellow Line, No Passing Zone",Clear,No,37,30-39,No,NA,With Traffic,C: Possible Injury,Travel Lane,White,Male,NA,NA,No,NA,31-35 mph,Unknown Injury,Unknown/Missing,NA,Passenger Car,No,14JUL2009,Tuesday,Motorist Overtaking Bicyclist,20,Non-Intersection,July,C: Possible Injury,20:30:00,Motorist Overtaking - Other / Unknown,2009,No,Yes,Daylight,Straight - Level,State Secondary Route,Dry,"Two-Way, Not Divided",None,No Special Feature,Smooth Asphalt,2 lanes,"35.3574869004, -81.1086033278"
4993,Raleigh,Wake,Piedmont,Residential,Urban (>70% Developed),NA,Urban,30 - 35  MPH,No Control Present,Clear,No,49,40-49,No,NA,With Traffic,C: Possible Injury,Travel Lane,Black,Female,55,50-59,No,NA,26-30 mph,O: No Injury,Black,Female,Passenger Car,No,12APR2009,Sunday,Parallel Paths - Other Circumstances,15,Intersection,April,C: Possible Injury,15:35:00,Parallel Paths - Other / Unknown,2009,No,No,Daylight,Straight - Level,Local Street,Dry,"Two-Way, Not Divided",None,No Special Feature,Smooth Asphalt,2 lanes,"35.7723730799, -78.5872825923"
4996,Gastonia,Gaston,Piedmont,Commercial,Urban (>70% Developed),NA,Urban,30 - 35  MPH,No Control Present,Clear,No,25,25-29,No,NA,NA,B: Evident Injury,NA,Black,Male,NA,NA,Missing,NA,NA,Unknown Injury,Unknown/Missing,NA,NA,No,04JUL2009,Saturday,Motorist Overtaking Bicyclist,23,Non-Intersection,July,B: Evident Injury,23:26:00,Motorist Overtaking - Other / Unknown,2009,Yes,Yes,Dark - Lighted Roadway,Straight - Level,Local Street,Dry,"Two-Way, Not Divided",Road Surface Condition,No Special Feature,Coarse Asphalt,2 lanes,"35.2705968772, -81.2220873568"
4001,None - Rural Crash,Bladen,Coastal,"Farms, Woods, Pastures",Rural (<30% Developed),NA,Rural,50 - 55  MPH,"Double Yellow Line, No Passing Zone",Clear,No,44,40-49,Yes,NA,With Traffic,A: Disabling Injury,Travel Lane,White,Male,47,40-49,No,NA,51-55 mph,O: No Injury,White,Male,Pickup,Yes,27MAY2010,Thursday,Motorist Overtaking Bicyclist,5,Non-Intersection,May,A: Disabling Injury,05:10:00,Motorist Overtaking - Undetected Bicyclist,2010,Yes,No,Dark - Roadway Not Lighted,Straight - Level,NC Route,Dry,"Two-Way, Not Divided",None,No Special Feature,Coarse Asphalt,2 lanes,"34.6602668433, -78.457802497"
4005,None - Rural Crash,Cabarrus,Piedmont,Residential,Rural (<30% Developed),NA,Rural,50 - 55  MPH,"Double Yellow Line, No Passing Zone",Clear,No,47,40-49,No,NA,With Traffic,A: Disabling Injury,Travel Lane,White,Male,21,20-24,No,NA,51-55 mph,O: No Injury,White,Male,NA,No,19MAY2010,Wednesday,Head-On,19,Non-Intersection,May,A: Disabling Injury,19:32:00,Head-On - Motorist,2010,Yes,Yes,Daylight,Straight - Grade,State Secondary Route,Dry,"Two-Way, Not Divided",None,"Driveway, Private",Smooth Asphalt,2 lanes,"35.4759319528, -80.3714171146"
4006,Charlotte,Mecklenburg,Piedmont,Residential,Urban (>70% Developed),NA,Urban,30 - 35  MPH,No Control Present,Clear,No,53,50-59,No,NA,Not Applicable,B: Evident Injury,Bike Lane / Paved Shoulder,White,Male,35,30-39,No,NA,11-15 mph,O: No Injury,White,Female,Passenger Car,No,27MAY2010,Thursday,Crossing Paths - Other Circumstances,17,Intersection,May,B: Evident Injury,17:58:00,Crossing Paths - Intersection - Other / Unknown,2010,Yes,No,Daylight,Straight - Level,Local Street,Dry,"Two-Way, Not Divided",None,No Special Feature,Smooth Asphalt,2 lanes,"35.1269868605, -80.8490332378"
4016,None - Rural Crash,Durham,Piedmont,"Farms, Woods, Pastures",Rural (<30% Developed),NA,Rural,50 - 55  MPH,No Control Present,Clear,No,52,50-59,No,NA,With Traffic,B: Evident Injury,Travel Lane,White,Female,51,50-59,No,NA,51-55 mph,O: No Injury,Black,Female,Passenger Car,No,20JUN2010,Sunday,Motorist Overtaking Bicyclist,15,Non-Intersection,June,B: Evident Injury,15:22:00,Motorist Overtaking - Other / Unknown,2010,Yes,No,Daylight,Straight - Level,US Route,Dry,"Two-Way, Divided, Unprotected Median",None,No Special Feature,Smooth Asphalt,2 lanes,"36.1502341495, -78.9051527091"
4021,Statesville,Iredell,Piedmont,Residential,Urban (>70% Developed),NA,Urban,20 - 25  MPH,No Control Present,Cloudy,No,12,11-15,No,NA,Not Applicable,C: Possible Injury,Travel Lane,Black,Male,NA,NA,Missing,NA,11-15 mph,Unknown Injury,Unknown/Missing,NA,NA,No,15JUN2010,Tuesday,Crossing Paths - Other Circumstances,19,Non-Intersection,June,C: Possible Injury,19:30:00,Crossing Paths - Midblock - Other / Unknown,2010,No,Yes,Daylight,Straight - Level,Local Street,Wet,"Two-Way, Not Divided",None,No Special Feature,Smooth Asphalt,2 lanes,"35.7639189945, -80.8824032836"
4024,Wilmington,New Hanover,Coastal,Residential,Urban (>70% Developed),NA,Urban,30 - 35  MPH,Stop Sign,Clear,No,17,16-19,No,NA,With Traffic,B: Evident Injury,Travel Lane,Black,Male,39,30-39,No,NA,31-35 mph,O: No Injury,White,Male,Sport Utility,No,11JUN2010,Friday,Bicyclist Failed to Yield - Sign-Controlled Intersection,12,Intersection,June,B: Evident Injury,12:53:00,Bicyclist Ride Through - Sign-Controlled Intersection,2010,Yes,No,Daylight,Straight - Level,Local Street,Dry,"One-Way, Not Divided",None,Four-Way Intersection,Smooth Asphalt,3 lanes,"34.226666765, -77.9302923172"
4030,Henderson,Vance,Piedmont,Commercial,Mixed (30% To 70% Developed),NA,Urban,30 - 35  MPH,Flashing Signal With Stop Sign,Clear,No,18,16-19,No,NA,NA,B: Evident Injury,NA,Black,Male,65,60-69,No,NA,31-35 mph,O: No Injury,White,Male,Pickup,No,06APR2010,Tuesday,NA,8,NA,April,B: Evident Injury,08:50:00,NA,2010,No,No,Daylight,Straight - Level,Local Street,Dry,"Two-Way, Not Divided",None,No Special Feature,Coarse Asphalt,3 lanes,"36.3296272056, -78.3991725653"
4034,Kannapolis,Rowan,Piedmont,Residential,Urban (>70% Developed),NA,Urban,30 - 35  MPH,No Control Present,Cloudy,No,NA,NA,Missing,NA,With Traffic,Unknown Injury,Travel Lane,Unknown/Missing,NA,NA,NA,Missing,NA,NA,Unknown Injury,Unknown/Missing,NA,NA,No,05JUN2010,Saturday,Bicyclist Overtaking Motorist,17,Non-Intersection,June,Unknown Injury,17:07:00,Bicyclist Overtaking - Parked Vehicle,2010,No,Yes,Daylight,Straight - Grade,Local Street,Dry,"Two-Way, Not Divided",None,No Special Feature,Smooth Asphalt,2 lanes,"35.5093469507, -80.6239331915"
4045,Charlotte,Mecklenburg,Piedmont,Residential,Urban (>70% Developed),NA,Urban,30 - 35  MPH,No Control Present,Clear,No,20,20-24,No,NA,Facing Traffic,C: Possible Injury,Travel Lane,Black,Male,70+,70+,No,NA,0-5 mph,O: No Injury,White,Female,Passenger Car,No,07JUN2010,Monday,Loss of Control / Turning Error,17,Intersection,June,C: Possible Injury,17:10:00,Bicyclist Lost Control - Mechanical Problems,2010,No,No,Daylight,Straight - Grade,Local Street,Dry,"Two-Way, Not Divided",None,No Special Feature,Smooth Asphalt,2 lanes,"35.2332338842, -80.8213232352"
4048,Cary,Wake,Piedmont,Residential,Urban (>70% Developed),NA,Urban,30 - 35  MPH,Stop Sign,Clear,No,51,50-59,No,NA,With Traffic,B: Evident Injury,Travel Lane,White,Male,44,40-49,No,NA,11-15 mph,O: No Injury,White,Male,Passenger Car,No,28JUN2010,Monday,Loss of Control / Turning Error,12,Non-Intersection,June,B: Evident Injury,12:42:00,Motorist Turning Error - Left Turn,2010,Yes,No,Daylight,Straight - Level,NC Route,Dry,"Two-Way, Not Divided",None,Related To Intersection,Smooth Asphalt,3 lanes,"35.7845340729, -78.8562326755"