object_id,city,county,region,development,locality,on_road,rural_urban,speed_limit,traffic_control,weather,workzone,bike_age,bike_age_group,bike_alcohol,bike_alcohol_drugs,bike_direction,bike_injury,bike_position,bike_race,bike_sex,driver_age,driver_age_group,driver_alcohol,driver_alcohol_drugs,driver_est_speed,driver_injury,driver_race,driver_sex,driver_vehicle_type,crash_alcohol,crash_date,crash_day,crash_group,crash_hour,crash_location,crash_month,crash_severity,crash_time,crash_type,crash_year,ambulance_req,hit_run,light_condition,road_character,road_class,road_condition,road_configuration,road_defects,road_feature,road_surface,num_lanes,geo_point
4053,Charlotte,Mecklenburg,Piedmont,Residential,Urban (>70% Developed),NA,Urban,20 - 25  MPH,No Control Present,Clear,No,NA,NA,Missing,NA,Facing Traffic,Unknown Injury,NA,Unknown/Missing,NA,21,20-24,No,NA,0-5 mph,O: No Injury,Hispanic,Male,Passenger Car,No,16JUN2010,Wednesday,Crossing Paths - Other Circumstances,15,Intersection,June,O: No Injury,15:50:00,Crossing Paths - Uncontrolled Intersection,2010,No,No,Daylight,Straight - Level,Local Street,Dry,"Two-Way, Not Divided",None,No Special Feature,Smooth Asphalt,2 lanes,"35.2280648861, -80.7389792103"
4054,Lumberton,Robeson,Coastal,Commercial,Mixed (30% To 70% Developed),NA,Urban,40 - 45  MPH,No Control Present,Clear,No,62,60-69,No,NA,With Traffic,B: Evident Injury,Travel Lane,Native American,Male,49,40-49,No,NA,26-30 mph,O: No Injury,White,Male,Pickup,No,18JUN2010,Friday,Motorist Failed to Yield - Sign-Controlled Intersection,8,Intersection,June,B: Evident Injury,08:48:00,Motorist Drive Out - Sign-Controlled Intersection,2010,Yes,No,Daylight,Straight - Level,NC Route,Dry,"Two-Way, Not Divided",None,No Special Feature,Coarse Asphalt,2 lanes,"34.6600598234, -79.0271226685"
4062,Durham,Durham,Piedmont,Residential,Urban (>70% Developed),NA,Urban,30 - 35  MPH,No Control Present,Clear,No,2,0-5,No,NA,Not Applicable,B: Evident Injury,Driveway / Alley,Black,Male,44,40-49,No,NA,26-30 mph,O: No Injury,Black,Male,Van,No,01JUL2010,Thursday,Bicyclist Failed to Yield - Midblock,17,Non-Intersection,July,B: Evident Injury,17:18:00,Bicyclist Ride Out - Residential Driveway,2010,Yes,No,Daylight,Straight - Hillcrest,Local Street,Dry,"One-Way, Not Divided",None,"Driveway, Private",Smooth Asphalt,2 lanes,"36.0090591187, -78.9056577015"
4066,Summerfield,Guilford,Piedmont,"Farms, Woods, Pastures",Rural (<30% Developed),NA,Urban,40 - 45  MPH,Stop Sign,Clear,No,28,25-29,No,NA,With Traffic,B: Evident Injury,Travel Lane,White,Male,68,60-69,No,NA,6-10 mph,O: No Injury,White,Male,Passenger Car,No,02JUL2010,Friday,Motorist Failed to Yield - Sign-Controlled Intersection,9,Intersection,July,B: Evident Injury,09:35:00,Motorist Drive Out - Sign-Controlled Intersection,2010,No,No,Daylight,Straight - Grade,State Secondary Route,Dry,"Two-Way, Not Divided",None,T-Intersection,Smooth Asphalt,2 lanes,"36.168319115, -79.9454680248"
4068,Durham,Durham,Piedmont,Commercial,Urban (>70% Developed),NA,Urban,30 - 35  MPH,No Control Present,Clear,No,38,30-39,No,NA,With Traffic,B: Evident Injury,Travel Lane,Black,Male,47,40-49,No,NA,0-5 mph,O: No Injury,White,Male,Passenger Car,No,03JUL2010,Saturday,Bicyclist Overtaking Motorist,16,Non-Intersection,July,B: Evident Injury,16:00:00,Bicyclist Overtaking - Other / Unknown,2010,Yes,No,Daylight,Straight - Level,Local Street,Dry,"Two-Way, Not Divided",None,No Special Feature,Coarse Asphalt,2 lanes,"35.9929541172, -78.8703626905"
4073,Raleigh,Wake,Piedmont,Commercial,Urban (>70% Developed),NA,Urban,20 - 25  MPH,No Control Present,Clear,No,54,50-59,No,NA,With Traffic,O: No Injury,Bike Lane / Paved Shoulder,Black,Male,29,25-29,No,NA,16-20 mph,O: No Injury,White,Female,Passenger Car,No,02JUN2010,Wednesday,Motorist Failed to Yield - Midblock,13,Non-Intersection,June,O: No Injury,13:24:00,Motorist Drive Out - Commercial Driveway / Alley,2010,No,No,Daylight,Straight - Level,Local Street,Dry,"Two-Way, Not Divided",None,No Special Feature,Smooth Asphalt,4 lanes,"35.7886350812, -78.646752612"
4077,Cary,Wake,Piedmont,Commercial,Urban (>70% Developed),NA,Urban,40 - 45  MPH,Stop Sign,Clear,No,12,11-15,No,NA,Facing Traffic,O: No Injury,Sidewalk / Crosswalk / Driveway Crossing,White,Male,NA,NA,Missing,NA,0-5 mph,Unknown Injury,Unknown/Missing,NA,Passenger Car,No,08JUL2010,Thursday,Motorist Failed to Yield - Sign-Controlled Intersection,14,Intersection,July,O: No Injury,14:15:00,Motorist Drive Out - Sign-Controlled Intersection,2010,No,Yes,Daylight,Straight - Level,Local Street,Dry,"Two-Way, Divided, Positive Median Barrier",None,No Special Feature,Smooth Asphalt,4 lanes,"35.7883600743, -78.8297226666"
4081,None - Rural Crash,Pitt,Coastal,"Farms, Woods, Pastures",Mixed (30% To 70% Developed),NA,Rural,50 - 55  MPH,No Control Present,Clear,No,16,16-19,No,NA,With Traffic,K: Killed,Travel Lane,Black,Male,23,20-24,No,NA,46-50 mph,O: No Injury,White,Male,Passenger Car,No,21JUN2010,Monday,Bicyclist Left Turn / Merge,13,Non-Intersection,June,K: Killed,13:39:00,Bicyclist Left Turn - Same Direction,2010,Yes,No,Daylight,Straight - Level,NC Route,Dry,"Two-Way, Not Divided",None,No Special Feature,Smooth Asphalt,2 lanes,"35.6921111019, -77.4491322425"
4088,Greensboro,Guilford,Piedmont,Commercial,Urban (>70% Developed),NA,Urban,20 - 25  MPH,No Control Present,Clear,No,24,20-24,Yes,NA,With Traffic,B: Evident Injury,Travel Lane,White,Male,NA,NA,Missing,NA,NA,Unknown Injury,Unknown/Missing,NA,Sport Utility,Yes,26JUN2010,Saturday,Bicyclist Overtaking Motorist,2,Non-Intersection,June,B: Evident Injury,02:13:00,Bicyclist Overtaking - Parked Vehicle,2010,Yes,No,Dark - Lighted Roadway,Straight - Level,Local Street,Dry,"Two-Way, Divided, Unprotected Median",None,No Special Feature,Smooth Asphalt,2 lanes,"36.0696630998, -79.7916929727"
4089,Greensboro,Guilford,Piedmont,Commercial,Urban (>70% Developed),NA,Urban,30 - 35  MPH,Stop And Go Signal,Clear,No,35,30-39,No,NA,With Traffic,B: Evident Injury,Travel Lane,White,Male,43,40-49,No,NA,31-35 mph,O: No Injury,Black,Female,Passenger Car,No,04JUL2010,Sunday,Bicyclist Failed to Yield - Signalized Intersection,23,Intersection,July,B: Evident Injury,23:39:00,Bicyclist Ride Out - Signalized  Intersection,2010,Yes,No,Dark - Lighted Roadway,Straight - Level,Local Street,Dry,"Two-Way, Not Divided",None,Four-Way Intersection,Smooth Asphalt,3 lanes,"36.1027901073, -79.7878629735"
4093,Hickory,Catawba,Piedmont,Commercial,Urban (>70% Developed),NA,Urban,NA,No Control Present,Clear,No,32,30-39,No,NA,Facing Traffic,O: No Injury,Sidewalk / Crosswalk / Driveway Crossing,White,Male,49,40-49,No,NA,0-5 mph,O: No Injury,White,Female,Sport Utility,No,02JUL2010,Friday,Motorist Failed to Yield - Midblock,13,Non-Intersection,July,O: No Injury,13:43:00,Motorist Drive Out - Commercial Driveway / Alley,2010,No,No,Daylight,Straight - Level,Public Vehicular Area,Dry,"One-Way, Not Divided",None,No Special Feature,Smooth Asphalt,1 lane,"35.7200919691, -81.3161274097"
4094,Fayetteville,Cumberland,Coastal,Commercial,Urban (>70% Developed),NA,Urban,30 - 35  MPH,No Control Present,Clear,No,29,25-29,No,NA,Facing Traffic,C: Possible Injury,Sidewalk / Crosswalk / Driveway Crossing,Black,Male,29,25-29,No,NA,0-5 mph,O: No Injury,White,Female,Passenger Car,No,14JUL2010,Wednesday,Motorist Failed to Yield - Midblock,15,Non-Intersection,July,C: Possible Injury,15:14:00,Motorist Drive Out - Commercial Driveway / Alley,2010,Yes,No,Daylight,Straight - Level,Local Street,Dry,"Two-Way, Divided, Unprotected Median",None,"Driveway, Public",Smooth Asphalt,6 lanes,"35.0714789152, -78.965242671"
4095,Kill Devil Hills,Dare,Coastal,Commercial,Urban (>70% Developed),NA,Urban,50 - 55  MPH,No Control Present,Clear,No,19,16-19,No,NA,With Traffic,O: No Injury,Travel Lane,White,Male,23,20-24,No,NA,46-50 mph,O: No Injury,White,Female,Sport Utility,No,18JUN2010,Friday,Bicyclist Right Turn / Merge,21,Non-Intersection,June,O: No Injury,21:51:00,Bicyclist Right Turn - Same Direction,2010,No,No,Dark - Lighted Roadway,Straight - Level,US Route,Dry,"Two-Way, Not Divided",None,No Special Feature,Coarse Asphalt,5 lanes,"36.0008122284, -75.6530777076"
4098,None - Rural Crash,Martin,Coastal,"Farms, Woods, Pastures",Rural (<30% Developed),NA,Rural,50 - 55  MPH,Yield Sign,Clear,No,17,16-19,No,NA,Facing Traffic,B: Evident Injury,Travel Lane,White,Female,61,60-69,No,NA,16-20 mph,O: No Injury,White,Female,Van,No,16JUL2010,Friday,Head-On,16,Non-Intersection,July,B: Evident Injury,16:50:00,Head-On - Bicyclist,2010,Yes,No,Daylight,Straight - Level,State Secondary Route,Dry,"Two-Way, Not Divided",None,T-Intersection,Smooth Asphalt,2 lanes,"35.778777132, -77.1141821452"
4099,None - Rural Crash,Orange,Piedmont,"Farms, Woods, Pastures",Rural (<30% Developed),NA,Rural,50 - 55  MPH,Stop Sign,Clear,No,51,50-59,No,NA,With Traffic,C: Possible Injury,Travel Lane,White,Female,70+,70+,No,NA,NA,O: No Injury,White,Male,Passenger Car,No,22JUN2010,Tuesday,Motorist Failed to Yield - Sign-Controlled Intersection,10,Intersection,June,C: Possible Injury,10:57:00,Motorist Drive Out - Sign-Controlled Intersection,2010,No,No,Daylight,Straight - Level,US Route,Dry,"Two-Way, Not Divided",None,Four-Way Intersection,Smooth Asphalt,2 lanes,"36.0563671235, -79.0497327486"
4109,None - Rural Crash,Buncombe,Mountains,Commercial,Urban (>70% Developed),NA,Rural,30 - 35  MPH,No Control Present,Clear,No,49,40-49,No,NA,With Traffic,B: Evident Injury,Travel Lane,White,Female,37,30-39,No,NA,0-5 mph,O: No Injury,White,Female,Passenger Car,No,07JUL2010,Wednesday,Motorist Overtaking Bicyclist,6,Non-Intersection,July,B: Evident Injury,06:47:00,Motorist Overtaking - Misjudged Space,2010,Yes,No,Daylight,Straight - Grade,US Route,Dry,"Two-Way, Not Divided",None,No Special Feature,Smooth Asphalt,4 lanes,"35.6034308971, -82.5531137707"
4110,Wilmington,New Hanover,Coastal,Commercial,Urban (>70% Developed),NA,Urban,20 - 25  MPH,No Control Present,Cloudy,No,28,25-29,No,NA,Facing Traffic,C: Possible Injury,Sidewalk / Crosswalk / Driveway Crossing,White,Male,28,25-29,No,NA,0-5 mph,Unknown Injury,White,Male,Passenger Car,No,12JUL2010,Monday,Motorist Failed to Yield - Sign-Controlled Intersection,16,Intersection,July,C: Possible Injury,16:34:00,Motorist Drive Out - Sign-Controlled Intersection,2010,Yes,Yes,Daylight,Straight - Level,Local Street,Dry,"Two-Way, Not Divided",None,No Special Feature,Coarse Asphalt,NA,"34.2382167687, -77.8948423063"
4114,Charlotte,Mecklenburg,Piedmont,Commercial,Rural (<30% Developed),NA,Urban,30 - 35  MPH,No Control Present,Clear,No,52,50-59,Yes,NA,With Traffic,B: Evident Injury,Travel Lane,Black,Male,NA,NA,Missing,NA,11-15 mph,Unknown Injury,Unknown/Missing,NA,NA,Yes,11JUL2010,Sunday,Motorist Overtaking Bicyclist,8,Non-Intersection,July,B: Evident Injury,08:20:00,Motorist Overtaking - Misjudged Space,2010,Yes,Yes,Daylight,Straight - Level,Local Street,Dry,"Two-Way, Not Divided",None,No Special Feature,Smooth Asphalt,2 lanes,"35.2653968888, -80.883873256"
4117,Durham,Durham,Piedmont,Commercial,Urban (>70% Developed),NA,Urban,30 - 35  MPH,Stop And Go Signal,Clear,No,61,60-69,No,NA,Facing Traffic,B: Evident Injury,Travel Lane,Black,Male,25,25-29,No,NA,26-30 mph,O: No Injury,Hispanic,Male,Pickup,No,23JUL2010,Friday,Motorist Failed to Yield - Signalized Intersection,20,Intersection,July,B: Evident Injury,20:24:00,Motorist Drive Out - Right Turn on Red,2010,Yes,No,Dark - Roadway Not Lighted,Straight - Bottom,Local Street,Dry,"Two-Way, Divided, Unprotected Median",None,Four-Way Intersection,Smooth Asphalt,4 lanes,"35.9861521143, -78.898682699"
4121,Raleigh,Wake,Piedmont,Commercial,Urban (>70% Developed),NA,Urban,40 - 45  MPH,Stop And Go Signal,Clear,No,30,30-39,No,NA,Facing Traffic,C: Possible Injury,Sidewalk / Crosswalk / Driveway Crossing,Black,Female,33,30-39,No,NA,0-5 mph,O: No Injury,White,Female,Passenger Car,No,28JUN2010,Monday,Crossing Paths - Other Circumstances,17,Intersection,June,C: Possible Injury,17:16:00,Crossing Paths - Intersection - Other / Unknown,2010,Yes,No,Daylight,Straight - Level,Local Street,Dry,"Two-Way, Divided, Unprotected Median",None,Four-Way Intersection,Smooth Asphalt,5 lanes,"35.8500250971, -78.5807525951"
4128,None - Rural Crash,Pasquotank,Coastal,Residential,Mixed (30% To 70% Developed),NA,Rural,40 - 45  MPH,"Double Yellow Line, No Passing Zone",Clear,No,15,11-15,No,NA,With Traffic,B: Evident Injury,Travel Lane,White,Male,18,0-19,No,NA,41-45 mph,O: No Injury,White,Male,Passenger Car,No,27JUL2010,Tuesday,Bicyclist Left Turn / Merge,9,Non-Intersection,July,B: Evident Injury,09:35:00,Bicyclist Left Turn - Same Direction,2010,Yes,No,Daylight,Straight - Level,State Secondary Route,Dry,"Two-Way, Not Divided",None,No Special Feature,Smooth Asphalt,2 lanes,"36.2799672686, -76.2601319081"
4133,None - Rural Crash,Durham,Piedmont,Residential,Mixed (30% To 70% Developed),NA,Rural,30 - 35  MPH,Stop Sign,Clear,No,14,11-15,No,NA,With Traffic,A: Disabling Injury,Travel Lane,Black,Male,34,30-39,No,NA,31-35 mph,O: No Injury,White,Male,Sport Utility,No,28JUL2010,Wednesday,Bicyclist Failed to Yield - Sign-Controlled Intersection,16,Intersection,July,A: Disabling Injury,16:50:00,Bicyclist Ride Through - Sign-Controlled Intersection,2010,Yes,No,Daylight,Straight - Level,State Secondary Route,Dry,"Two-Way, Not Divided",None,Four-Way Intersection,Smooth Asphalt,2 lanes,"36.1415021454, -78.9648927277"
4139,None - Rural Crash,Johnston,Coastal,"Farms, Woods, Pastures",Rural (<30% Developed),NA,Rural,40 - 45  MPH,"Double Yellow Line, No Passing Zone",Clear,No,47,40-49,No,NA,With Traffic,B: Evident Injury,Travel Lane,White,Male,NA,NA,Missing,NA,46-50 mph,Unknown Injury,Unknown/Missing,NA,NA,No,30JUL2010,Friday,Motorist Overtaking Bicyclist,19,Non-Intersection,July,B: Evident Injury,19:46:00,Motorist Overtaking - Other / Unknown,2010,Yes,Yes,Daylight,Straight - Level,State Secondary Route,Dry,"Two-Way, Not Divided",None,No Special Feature,Coarse Asphalt,2 lanes,"35.5245320249, -78.6315225931"
4142,None - Rural Crash,Johnston,Coastal,Residential,Rural (<30% Developed),NA,Rural,50 - 55  MPH,No Control Present,Clear,No,7,6-10,No,NA,Facing Traffic,B: Evident Injury,Travel Lane,White,Male,37,30-39,No,NA,31-35 mph,O: No Injury,Black,Male,Pickup,No,29JUL2010,Thursday,Bicyclist Right Turn / Merge,18,Non-Intersection,July,B: Evident Injury,18:22:00,Bicyclist Right Turn - Same Direction,2010,Yes,No,Daylight,Straight - Level,State Secondary Route,Dry,"Two-Way, Not Divided",None,"Driveway, Private",Coarse Asphalt,2 lanes,"35.4339570092, -78.5286425578"
4155,Asheville,Buncombe,Mountains,Commercial,Urban (>70% Developed),NA,Urban,40 - 45  MPH,No Control Present,Clear,No,25,25-29,No,NA,With Traffic,B: Evident Injury,Travel Lane,Unknown/Missing,Male,NA,NA,Missing,NA,36-40 mph,Unknown Injury,Unknown/Missing,NA,NA,No,24JUL2010,Saturday,Motorist Overtaking Bicyclist,13,Non-Intersection,July,B: Evident Injury,13:35:00,Motorist Overtaking - Misjudged Space,2010,Yes,Yes,Daylight,Curve - Level,Local Street,Dry,"Two-Way, Not Divided",None,No Special Feature,Smooth Asphalt,2 lanes,"35.5460198832, -82.6024937811"
4159,None - Rural Crash,Wake,Piedmont,"Farms, Woods, Pastures",Mixed (30% To 70% Developed),NA,Rural,40 - 45  MPH,Stop Sign,Clear,No,39,30-39,No,NA,With Traffic,B: Evident Injury,Travel Lane,White,Male,58,50-59,No,NA,41-45 mph,O: No Injury,Black,Female,Passenger Car,No,03AUG2010,Tuesday,Motorist Right Turn / Merge,18,Intersection-Related,August,B: Evident Injury,18:25:00,Motorist Right Turn - Same Direction,2010,No,No,Daylight,Straight - Hillcrest,State Secondary Route,Dry,"Two-Way, Not Divided",None,T-Intersection,Smooth Asphalt,2 lanes,"35.7752110688, -78.919138694"
4164,Kannapolis,Cabarrus,Piedmont,Residential,Rural (<30% Developed),NA,Urban,40 - 45  MPH,No Control Present,Clear,No,42,40-49,No,NA,With Traffic,C: Possible Injury,Travel Lane,Black,Male,20,20-24,No,NA,21-25 mph,O: No Injury,White,Female,Passenger Car,No,16JUL2010,Friday,Motorist Overtaking Bicyclist,10,Non-Intersection,July,C: Possible Injury,10:59:00,Motorist Overtaking - Other / Unknown,2010,No,No,Daylight,Straight - Level,Local Street,Dry,"Two-Way, Divided, Unprotected Median",None,No Special Feature,Smooth Asphalt,2 lanes,"35.4545929388, -80.6159771861"
4166,None - Rural Crash,Wake,Piedmont,Residential,Rural (<30% Developed),NA,Rural,50 - 55  MPH,Stop Sign,Cloudy,No,41,40-49,No,NA,With Traffic,C: Possible Injury,Travel Lane,White,Male,25,25-29,No,NA,16-20 mph,O: No Injury,White,Male,Passenger Car,No,05AUG2010,Thursday,Motorist Right Turn / Merge,18,Intersection,August,C: Possible Injury,18:30:00,Motorist Right Turn - Same Direction,2010,No,Yes,Daylight,Straight - Level,State Secondary Route,Dry,"Two-Way, Not Divided",None,Four-Way Intersection,Smooth Asphalt,2 lanes,"35.7373000774, -78.4443525479"
4168,Greensboro,Guilford,Piedmont,Commercial,Urban (>70% Developed),NA,Urban,30 - 35  MPH,Yield Sign,Clear,No,58,50-59,No,NA,Facing Traffic,C: Possible Injury,Sidewalk / Crosswalk / Driveway Crossing,Black,Male,21,20-24,No,NA,16-20 mph,C: Possible Injury,Black,Male,Sport Utility,No,27JUL2010,Tuesday,Bicyclist Failed to Yield - Sign-Controlled Intersection,12,Intersection,July,C: Possible Injury,12:32:00,Bicyclist Ride Through - Sign-Controlled Intersection,2010,Yes,No,Daylight,Curve - Hillcrest,Local Street,Dry,"Two-Way, Divided, Unprotected Median",None,On or Off Ramp,Smooth Asphalt,6 lanes,"36.0885921044, -79.7741829686"
4185,Greenville,Pitt,Coastal,Residential,Urban (>70% Developed),NA,Urban,20 - 25  MPH,No Control Present,Clear,No,42,40-49,No,NA,With Traffic,C: Possible Injury,Bike Lane / Paved Shoulder,White,Male,24,20-24,No,NA,6-10 mph,O: No Injury,White,Male,Sport Utility,No,22APR2010,Thursday,Motorist Left Turn / Merge,19,Non-Intersection,April,C: Possible Injury,19:22:00,Motorist Left Turn - Opposite Direction,2010,Yes,No,Daylight,Straight - Level,Local Street,Dry,"Two-Way, Not Divided",None,Bridge,Coarse Asphalt,2 lanes,"35.6093710872, -77.3668722134"
6863,Charlotte,Mecklenburg,Piedmont,Commercial,Urban (>70% Developed),NA,Urban,5 - 15 MPH,Stop Sign,Clear,No,28,25-29,No,NA,Facing Traffic,C: Possible Injury,Sidewalk / Crosswalk / Driveway Crossing,White,Male,43,40-49,No,NA,0-5 mph,O: No Injury,Black,Male,Sport Utility,No,13SEP2007,Thursday,Motorist Failed to Yield - Midblock,16,Non-Intersection,September,C: Possible Injury,16:37:00,Motorist Drive Out - Commercial Driveway / Alley,2007,Yes,No,Daylight,Straight - Level,NC Route,Dry,"Two-Way, Divided, Positive Median Barrier",None,No Special Feature,Smooth Asphalt,4 lanes,"35.1253368565, -80.9435032663"
6865,Charlotte,Mecklenburg,Piedmont,Residential,Urban (>70% Developed),NA,Urban,5 - 15 MPH,No Control Present,Clear,No,4,0-5,No,NA,NA,C: Possible Injury,Non-Roadway,Black,Male,30,30-39,No,NA,0-5 mph,O: No Injury,Black,Female,Passenger Car,No,28MAY2007,Monday,Non-Roadway,16,Non-Roadway,May,C: Possible Injury,16:35:00,Non-Roadway,2007,No,No,Daylight,Straight - Level,Public Vehicular Area,Dry,"Two-Way, Not Divided",None,No Special Feature,Smooth Asphalt,2 lanes,"35.2094568821, -80.7447532113"
6868,Asheville,Buncombe,Mountains,Commercial,Urban (>70% Developed),NA,Urban,30 - 35  MPH,Stop And Go Signal,Clear,No,38,30-39,No,NA,With Traffic,B: Evident Injury,Travel Lane,White,Male,70+,70+,No,NA,0-5 mph,O: No Injury,White,Female,Passenger Car,No,09JUN2007,Saturday,Motorist Left Turn / Merge,18,Intersection,June,B: Evident Injury,18:44:00,Motorist Left Turn - Opposite Direction,2007,No,No,Daylight,Straight - Grade,US Route,Dry,"Two-Way, Not Divided",None,Related To Intersection,Smooth Asphalt,4 lanes,"35.5884268947, -82.5517937693"
6869,Rocky Mount,Nash,Coastal,Residential,Urban (>70% Developed),NA,Urban,20 - 25  MPH,No Control Present,Clear,No,47,40-49,No,NA,With Traffic,C: Possible Injury,Travel Lane,Black,Male,NA,NA,Missing,NA,NA,Unknown Injury,Unknown/Missing,NA,Van,No,09JUN2007,Saturday,Bicyclist Overtaking Motorist,15,Non-Intersection,June,C: Possible Injury,15:04:00,Bicyclist Overtaking - Parked Vehicle,2007,Yes,No,Daylight,Straight - Level,Local Street,Dry,"Two-Way, Not Divided",None,No Special Feature,Smooth Asphalt,2 lanes,"35.9395471428, -77.8019823633"
6871,Charlotte,Mecklenburg,Piedmont,Commercial,Urban (>70% Developed),NA,Urban,40 - 45  MPH,No Control Present,Cloudy,No,29,25-29,No,NA,Facing Traffic,B: Evident Injury,Bike Lane / Paved Shoulder,White,Male,42,40-49,No,NA,6-10 mph,O: No Injury,White,Male,Passenger Car,No,14SEP2007,Friday,Loss of Control / Turning Error,15,Non-Intersection,September,B: Evident Injury,15:45:00,Motorist Turning Error - Right Turn,2007,Yes,No,Daylight,Straight - Level,Local Street,Dry,"Two-Way, Divided, Positive Median Barrier",None,"Driveway, Public",Smooth Asphalt,3 lanes,"35.3402889096, -80.7660482246"
6878,Cary,Wake,Piedmont,Residential,Urban (>70% Developed),NA,Urban,20 - 25  MPH,No Control Present,Clear,No,11,11-15,No,NA,NA,B: Evident Injury,Travel Lane,White,Male,51,50-59,No,NA,16-20 mph,O: No Injury,Black,Female,Passenger Car,No,16SEP2007,Sunday,Crossing Paths - Other Circumstances,18,Intersection,September,B: Evident Injury,18:26:00,Crossing Paths - Intersection - Other / Unknown,2007,Yes,No,Daylight,Curve - Hillcrest,State Secondary Route,Dry,"Two-Way, Not Divided",None,T-Intersection,Coarse Asphalt,NA,"35.7642970719, -78.7679426475"
6880,Elon College,Alamance,Piedmont,Residential,Mixed (30% To 70% Developed),NA,Urban,30 - 35  MPH,Stop Sign,Clear,No,13,11-15,No,NA,With Traffic,B: Evident Injury,Travel Lane,White,Male,16,0-19,No,NA,36-40 mph,O: No Injury,White,Female,Passenger Car,No,11JUN2007,Monday,Bicyclist Left Turn / Merge,14,Intersection,June,B: Evident Injury,14:50:00,Bicyclist Left Turn - Same Direction,2007,Yes,No,Daylight,Straight - Level,Local Street,NA,"Two-Way, Divided, Unprotected Median",NA,No Special Feature,Smooth Asphalt,2 lanes,"36.0869871138, -79.5120568901"
6887,Charlotte,Mecklenburg,Piedmont,Commercial,Mixed (30% To 70% Developed),NA,Urban,40 - 45  MPH,No Control Present,Clear,Yes,56,50-59,No,NA,With Traffic,B: Evident Injury,Travel Lane,White,Male,62,60-69,No,NA,0-5 mph,O: No Injury,Black,Male,Passenger Car,No,17SEP2007,Monday,Motorist Left Turn / Merge,6,Intersection,September,B: Evident Injury,06:19:00,Motorist Left Turn - Opposite Direction,2007,Yes,No,Dark - Lighted Roadway,Straight - Level,Local Street,Dry,"Two-Way, Not Divided",Work Zone,T-Intersection,Coarse Asphalt,2 lanes,"35.2841938949, -80.8355832422"
6893,Charlotte,Mecklenburg,Piedmont,Residential,Urban (>70% Developed),NA,Urban,30 - 35  MPH,No Control Present,Clear,No,14,11-15,No,NA,NA,B: Evident Injury,Travel Lane,Hispanic,Male,57,50-59,No,NA,26-30 mph,O: No Injury,Black,Female,Passenger Car,No,18SEP2007,Tuesday,Motorist Failed to Yield - Sign-Controlled Intersection,17,Intersection,September,B: Evident Injury,17:58:00,Motorist Drive Through - Sign-Controlled Intersection,2007,Yes,No,Daylight,Straight - Level,Local Street,Dry,"Two-Way, Not Divided",None,No Special Feature,Smooth Asphalt,1 lane,"35.2772588951, -80.7782092253"
6899,Raleigh,Wake,Piedmont,Commercial,Urban (>70% Developed),NA,Urban,40 - 45  MPH,Stop And Go Signal,Clear,No,15,11-15,No,NA,Facing Traffic,Unknown Injury,NA,Unknown/Missing,NA,54,50-59,No,NA,NA,O: No Injury,White,Female,"Light Truck (Mini-Van, Panel)",No,17JUN2007,Sunday,Motorist Failed to Yield - Signalized Intersection,16,Intersection,June,O: No Injury,16:47:00,Motorist Drive Out - Right Turn on Red,2007,No,No,Daylight,Straight - Hillcrest,Local Street,Dry,"One-Way, Not Divided",None,On or Off Ramp,Smooth Asphalt,1 lane,"35.7564770757, -78.6125426"
6906,None - Rural Crash,Buncombe,Mountains,Residential,Urban (>70% Developed),NA,Rural,5 - 15 MPH,No Control Present,Clear,No,11,11-15,No,NA,NA,B: Evident Injury,Travel Lane,Hispanic,Female,17,0-19,No,NA,11-15 mph,Unknown Injury,Unknown/Missing,NA,NA,No,22JUN2007,Friday,Non-Roadway,19,Non-Roadway,June,B: Evident Injury,19:15:00,Non-Roadway,2007,Yes,Yes,Daylight,Straight - Grade,Public Vehicular Area,Dry,"Two-Way, Not Divided",None,"Driveway, Public",Smooth Asphalt,2 lanes,"35.7187269193, -82.6028337912"
6914,None - Rural Crash,Iredell,Piedmont,"Farms, Woods, Pastures",Rural (<30% Developed),NA,Rural,50 - 55  MPH,"Double Yellow Line, No Passing Zone",Clear,No,22,20-24,No,NA,With Traffic,O: No Injury,Travel Lane,White,Male,50,50-59,No,NA,51-55 mph,O: No Injury,White,Female,Van,No,23JUN2007,Saturday,Motorist Overtaking Bicyclist,21,Non-Intersection,June,O: No Injury,21:10:00,Motorist Overtaking - Undetected Bicyclist,2007,No,No,Dark - Roadway Not Lighted,Straight - Level,State Secondary Route,Dry,"Two-Way, Not Divided",None,No Special Feature,Coarse Asphalt,2 lanes,"35.6598499754, -80.8021132533"
6916,Charlotte,Mecklenburg,Piedmont,Residential,Urban (>70% Developed),NA,Urban,20 - 25  MPH,No Control Present,Clear,No,46,40-49,No,NA,With Traffic,B: Evident Injury,Sidewalk / Crosswalk / Driveway Crossing,Black,Male,56,50-59,No,NA,26-30 mph,O: No Injury,Black,Male,Passenger Car,No,26SEP2007,Wednesday,Motorist Failed to Yield - Sign-Controlled Intersection,19,Intersection,September,B: Evident Injury,19:56:00,Motorist Drive Out - Sign-Controlled Intersection,2007,Yes,No,Dark - Lighted Roadway,Straight - Level,Local Street,Dry,"Two-Way, Not Divided",None,No Special Feature,Concrete,2 lanes,"35.2097698776, -80.8740572507"