object_id,city,county,region,development,locality,on_road,rural_urban,speed_limit,traffic_control,weather,workzone,bike_age,bike_age_group,bike_alcohol,bike_alcohol_drugs,bike_direction,bike_injury,bike_position,bike_race,bike_sex,driver_age,driver_age_group,driver_alcohol,driver_alcohol_drugs,driver_est_speed,driver_injury,driver_race,driver_sex,driver_vehicle_type,crash_alcohol,crash_date,crash_day,crash_group,crash_hour,crash_location,crash_month,crash_severity,crash_time,crash_type,crash_year,ambulance_req,hit_run,light_condition,road_character,road_class,road_condition,road_configuration,road_defects,road_feature,road_surface,num_lanes,geo_point
6923,Wilson,Wilson,Coastal,Commercial,Urban (>70% Developed),NA,Urban,30 - 35  MPH,Stop And Go Signal,Clear,No,23,20-24,No,NA,With Traffic,B: Evident Injury,Travel Lane,Hispanic,Male,70+,70+,No,NA,0-5 mph,O: No Injury,Black,Male,Taxicab,No,24JUN2007,Sunday,Motorist Failed to Yield - Signalized Intersection,12,Intersection,June,B: Evident Injury,12:30:00,Motorist Drive Out - Right Turn on Red,2007,Yes,No,Daylight,Straight - Level,Local Street,Dry,"Two-Way, Not Divided",None,Four-Way Intersection,Coarse Asphalt,3 lanes,"35.7241510928, -77.9114423853"
6927,Hickory,Catawba,Piedmont,Commercial,Urban (>70% Developed),NA,Urban,40 - 45  MPH,Stop Sign,Cloudy,No,24,20-24,No,NA,Facing Traffic,O: No Injury,Travel Lane,White,Male,43,40-49,No,NA,0-5 mph,O: No Injury,White,Female,Passenger Car,No,25JUN2007,Monday,Motorist Failed to Yield - Sign-Controlled Intersection,19,Intersection,June,O: No Injury,19:12:00,Motorist Drive Out - Sign-Controlled Intersection,2007,Yes,No,Daylight,Straight - Grade,Local Street,Dry,"Two-Way, Divided, Positive Median Barrier",None,No Special Feature,Smooth Asphalt,6 lanes,"35.7105069681, -81.2947934036"
6938,Charlotte,Mecklenburg,Piedmont,Residential,Urban (>70% Developed),NA,Urban,30 - 35  MPH,Stop Sign,Clear,No,NA,NA,No,NA,Facing Traffic,Unknown Injury,Travel Lane,Unknown/Missing,NA,49,40-49,No,NA,0-5 mph,O: No Injury,Black,Female,Sport Utility,No,02OCT2007,Tuesday,Motorist Failed to Yield - Sign-Controlled Intersection,18,Intersection,October,O: No Injury,18:13:00,Motorist Drive Out - Sign-Controlled Intersection,2007,Yes,No,Daylight,Straight - Level,Local Street,Dry,"Two-Way, Divided, Unprotected Median",None,No Special Feature,Smooth Asphalt,2 lanes,"35.3418039103, -80.7544232211"
6945,Durham,Durham,Piedmont,Commercial,Urban (>70% Developed),NA,Urban,5 - 15 MPH,No Control Present,Clear,No,14,11-15,No,NA,NA,C: Possible Injury,Non-Roadway,Black,Male,38,30-39,No,NA,6-10 mph,O: No Injury,Black,Male,Passenger Car,No,03OCT2007,Wednesday,Non-Roadway,16,Non-Roadway,October,C: Possible Injury,16:20:00,Non-Roadway,2007,No,No,Daylight,Straight - Level,Public Vehicular Area,Dry,"Two-Way, Not Divided",Obstruction In Roadway,"Driveway, Public",Smooth Asphalt,NA,"36.0493621281, -78.9050777038"
6947,None - Rural Crash,Beaufort,Coastal,Residential,Rural (<30% Developed),NA,Rural,50 - 55  MPH,"Double Yellow Line, No Passing Zone",Clear,No,51,50-59,No,NA,With Traffic,B: Evident Injury,Travel Lane,White,Male,70+,70+,No,NA,31-35 mph,O: No Injury,White,Male,Passenger Car,No,30JUN2007,Saturday,Motorist Overtaking Bicyclist,11,Non-Intersection,June,B: Evident Injury,11:24:00,Motorist Overtaking - Other / Unknown,2007,Yes,No,Daylight,Straight - Level,State Secondary Route,Dry,"Two-Way, Not Divided",None,No Special Feature,Smooth Asphalt,2 lanes,"35.5655670899, -76.9848320939"
6948,Huntersville,Mecklenburg,Piedmont,Commercial,Urban (>70% Developed),NA,Urban,20 - 25  MPH,Stop And Go Signal,Clear,No,37,30-39,No,NA,With Traffic,B: Evident Injury,Travel Lane,White,Male,58,50-59,No,NA,6-10 mph,O: No Injury,White,Male,Single Unit Truck (3 Or More Axles),No,22AUG2007,Wednesday,Loss of Control / Turning Error,7,Non-Intersection,August,B: Evident Injury,07:44:00,Bicyclist Lost Control - Mechanical Problems,2007,Yes,No,Daylight,Straight - Level,Local Street,Dry,"Two-Way, Not Divided",None,Four-Way Intersection,Smooth Asphalt,2 lanes,"35.4106709213, -80.8428992515"
6950,Fayetteville,Cumberland,Coastal,Commercial,Urban (>70% Developed),NA,Urban,30 - 35  MPH,Stop Sign,Cloudy,No,13,11-15,No,NA,Facing Traffic,B: Evident Injury,Travel Lane,Black,Female,26,25-29,No,NA,0-5 mph,O: No Injury,Black,Female,Passenger Car,No,30JUN2007,Saturday,Motorist Failed to Yield - Midblock,17,Non-Intersection,June,B: Evident Injury,17:01:00,Motorist Drive Out - Commercial Driveway / Alley,2007,Yes,No,Daylight,Straight - Level,Local Street,Wet,"Two-Way, Not Divided",None,No Special Feature,Coarse Asphalt,2 lanes,"35.0464669114, -78.9219626562"
6951,Salisbury,Rowan,Piedmont,Residential,Urban (>70% Developed),NA,Urban,30 - 35  MPH,Stop Sign,Cloudy,No,48,40-49,No,NA,With Traffic,B: Evident Injury,Travel Lane,White,Male,32,30-39,No,NA,11-15 mph,O: No Injury,White,Female,Passenger Car,No,04OCT2007,Thursday,Bicyclist Failed to Yield - Sign-Controlled Intersection,17,Intersection,October,B: Evident Injury,17:30:00,Bicyclist Ride Through - Sign-Controlled Intersection,2007,No,No,Daylight,Straight - Level,Local Street,Dry,"Two-Way, Not Divided",None,T-Intersection,Smooth Asphalt,2 lanes,"35.6617769881, -80.4794831576"
6953,Durham,Durham,Piedmont,Commercial,Mixed (30% To 70% Developed),NA,Urban,40 - 45  MPH,No Control Present,Clear,No,13,11-15,No,NA,With Traffic,C: Possible Injury,Bike Lane / Paved Shoulder,Black,Male,64,60-69,No,NA,41-45 mph,O: No Injury,Black,Male,"Light Truck (Mini-Van, Panel)",No,04OCT2007,Thursday,Motorist Overtaking Bicyclist,7,Non-Intersection,October,C: Possible Injury,07:16:00,Motorist Overtaking - Other / Unknown,2007,Yes,No,Dawn,Straight - Level,NC Route,Dry,"Two-Way, Divided, Positive Median Barrier",None,No Special Feature,Smooth Asphalt,4 lanes,"35.9512471073, -78.8897726936"
6959,Rocky Mount,Nash,Coastal,Residential,Urban (>70% Developed),NA,Urban,30 - 35  MPH,No Control Present,Cloudy,No,44,40-49,No,NA,With Traffic,B: Evident Injury,Travel Lane,Black,Male,NA,NA,No,NA,0-5 mph,Unknown Injury,Unknown/Missing,NA,NA,No,01JUL2007,Sunday,Motorist Failed to Yield - Midblock,4,Non-Intersection,July,B: Evident Injury,04:42:00,Motorist Drive Out - Commercial Driveway / Alley,2007,No,Yes,Daylight,Straight - Level,Local Street,Dry,"Two-Way, Not Divided",None,No Special Feature,Smooth Asphalt,2 lanes,"35.9534791461, -77.7930423609"
6962,Morehead City,Carteret,Coastal,Commercial,Urban (>70% Developed),NA,Urban,30 - 35  MPH,No Control Present,Clear,No,23,20-24,No,NA,Facing Traffic,C: Possible Injury,Travel Lane,White,Male,70+,70+,No,NA,0-5 mph,O: No Injury,White,Male,Sport Utility,No,02JUL2007,Monday,Motorist Failed to Yield - Sign-Controlled Intersection,15,Intersection,July,C: Possible Injury,15:09:00,Motorist Drive Out - Sign-Controlled Intersection,2007,Yes,No,Daylight,Straight - Hillcrest,Local Street,Dry,"Two-Way, Not Divided",None,No Special Feature,Coarse Asphalt,3 lanes,"34.7245209135, -76.7367879777"
6966,Jacksonville,Onslow,Coastal,Commercial,Urban (>70% Developed),NA,Urban,30 - 35  MPH,Stop And Go Signal,Cloudy,No,17,16-19,No,NA,With Traffic,C: Possible Injury,Sidewalk / Crosswalk / Driveway Crossing,Hispanic,Male,50,50-59,No,NA,31-35 mph,O: No Injury,Black,Female,Passenger Car,No,03JUL2007,Tuesday,Bicyclist Failed to Yield - Signalized Intersection,14,Intersection,July,C: Possible Injury,14:13:00,Bicyclist Failed to Clear - Trapped,2007,No,No,Daylight,Straight - Level,Local Street,Dry,"Two-Way, Not Divided",None,Four-Way Intersection,Smooth Asphalt,5 lanes,"34.777293903, -77.426952191"
6973,None - Rural Crash,Dare,Coastal,Commercial,Urban (>70% Developed),NA,Rural,NA,No Control Present,Clear,No,5,0-5,No,NA,NA,B: Evident Injury,Non-Roadway,White,Male,61,60-69,No,NA,0-5 mph,O: No Injury,White,Male,Sport Utility,No,06JUL2007,Friday,Non-Roadway,13,Non-Roadway,July,B: Evident Injury,13:40:00,Non-Roadway,2007,Yes,No,Daylight,Straight - Level,Public Vehicular Area,Dry,"Two-Way, Not Divided",None,"Driveway, Public",Smooth Asphalt,NA,"35.5751301419, -75.4663256292"
6974,None - Rural Crash,Harnett,Coastal,"Farms, Woods, Pastures",Rural (<30% Developed),NA,Rural,50 - 55  MPH,No Control Present,Clear,No,19,16-19,No,NA,Not Applicable,K: Killed,NA,White,Male,43,40-49,No,NA,51-55 mph,O: No Injury,White,Male,Sport Utility,No,06JUL2007,Friday,Bicyclist Failed to Yield - Midblock,3,Non-Intersection,July,K: Killed,03:32:00,Bicyclist Ride Out - Other Midblock,2007,Yes,No,Dark - Roadway Not Lighted,Straight - Level,NC Route,Dry,"Two-Way, Divided, Unprotected Median",None,No Special Feature,Coarse Asphalt,4 lanes,"35.2349239491, -79.0197226954"
6978,Zebulon,Wake,Piedmont,Commercial,Rural (<30% Developed),NA,Rural,30 - 35  MPH,No Control Present,Clear,No,35,30-39,No,NA,With Traffic,B: Evident Injury,Bike Lane / Paved Shoulder,White,Male,25,25-29,No,NA,NA,Unknown Injury,Unknown/Missing,Male,Passenger Car,No,23MAY2007,Wednesday,Motorist Overtaking Bicyclist,8,Non-Intersection,May,B: Evident Injury,08:00:00,Motorist Overtaking - Other / Unknown,2007,No,No,Daylight,Straight - Level,US Route,Dry,"Two-Way, Not Divided",None,No Special Feature,Coarse Asphalt,2 lanes,"35.8201441011, -78.2678424982"
6982,Randleman,Randolph,Piedmont,Commercial,Urban (>70% Developed),NA,Rural,30 - 35  MPH,No Control Present,Clear,No,36,30-39,No,NA,With Traffic,B: Evident Injury,Travel Lane,White,Male,19,0-19,No,NA,0-5 mph,O: No Injury,White,Female,Passenger Car,No,08OCT2007,Monday,Motorist Failed to Yield - Midblock,13,Non-Intersection,October,B: Evident Injury,13:07:00,Motorist Drive Out - Commercial Driveway / Alley,2007,Yes,No,Daylight,Straight - Level,US Route,Dry,"Two-Way, Not Divided",None,"Driveway, Public",Smooth Asphalt,3 lanes,"35.8124840452, -79.8034929623"
6983,None - Rural Crash,Brunswick,Coastal,Commercial,Mixed (30% To 70% Developed),NA,Rural,50 - 55  MPH,Stop And Go Signal,Cloudy,No,49,40-49,No,NA,With Traffic,O: No Injury,Travel Lane,White,Male,69,60-69,No,NA,11-15 mph,O: No Injury,White,Female,Passenger Car,No,09JUL2007,Monday,Motorist Right Turn / Merge,12,Intersection,July,O: No Injury,12:00:00,Motorist Right Turn - Same Direction,2007,No,No,Daylight,Straight - Level,NC Route,Dry,"Two-Way, Not Divided",None,Four-Way Intersection,Smooth Asphalt,2 lanes,"33.9165166779, -78.4920324717"
6986,Hickory,Catawba,Piedmont,Commercial,Urban (>70% Developed),NA,Urban,30 - 35  MPH,Stop And Go Signal,Cloudy,No,33,30-39,No,NA,With Traffic,B: Evident Injury,Travel Lane,White,Male,70+,70+,No,NA,0-5 mph,O: No Injury,White,Female,Passenger Car,No,10JUL2007,Tuesday,Motorist Left Turn / Merge,12,Intersection,July,B: Evident Injury,12:14:00,Motorist Left Turn - Opposite Direction,2007,Yes,No,Daylight,Straight - Level,Local Street,Dry,"Two-Way, Not Divided",None,Four-Way Intersection,Coarse Asphalt,3 lanes,"35.7385269719, -81.3356534172"
6988,Kill Devil Hills,Dare,Coastal,Residential,Urban (>70% Developed),NA,Urban,30 - 35  MPH,Stop Sign,Clear,No,20,20-24,No,NA,Facing Traffic,C: Possible Injury,Multi-use Path,White,Female,54,50-59,No,NA,0-5 mph,O: No Injury,White,Male,Passenger Car,No,11JUL2007,Wednesday,Motorist Failed to Yield - Sign-Controlled Intersection,12,Intersection,July,C: Possible Injury,12:55:00,Motorist Drive Out - Sign-Controlled Intersection,2007,Yes,No,Daylight,Straight - Level,Local Street,Dry,"Two-Way, Not Divided",None,T-Intersection,Coarse Asphalt,2 lanes,"36.0296242345, -75.6667017125"
6996,Raleigh,Wake,Piedmont,Residential,Urban (>70% Developed),NA,Urban,30 - 35  MPH,Stop Sign,Clear,No,13,11-15,No,NA,With Traffic,O: No Injury,Travel Lane,Hispanic,Male,66,60-69,No,NA,21-25 mph,O: No Injury,Black,Male,Passenger Car,No,13JUL2007,Friday,Bicyclist Failed to Yield - Sign-Controlled Intersection,19,Intersection,July,O: No Injury,19:20:00,Bicyclist Ride Through - Sign-Controlled Intersection,2007,No,No,Daylight,Straight - Grade,Local Street,Dry,"Two-Way, Not Divided",None,T-Intersection,Smooth Asphalt,4 lanes,"35.77861708, -78.614602601"
3536,Gastonia,Gaston,Piedmont,Residential,Urban (>70% Developed),NA,Urban,40 - 45  MPH,No Control Present,Clear,No,63,60-69,No,NA,Facing Traffic,B: Evident Injury,Travel Lane,Black,Male,70+,70+,No,NA,NA,O: No Injury,White,Male,Passenger Car,No,16OCT2011,Sunday,Motorist Failed to Yield - Midblock,17,Non-Intersection,October,B: Evident Injury,17:36:00,Motorist Drive Out - Residential Driveway,2011,No,No,Daylight,Straight - Level,NC Route,Dry,"Two-Way, Divided, Unprotected Median",None,"Driveway, Private",Smooth Asphalt,4 lanes,"35.2444868752, -81.1377033303"
3545,Charlotte,Mecklenburg,Piedmont,Residential,Urban (>70% Developed),NA,Urban,30 - 35  MPH,No Control Present,Clear,No,24,20-24,No,NA,Facing Traffic,C: Possible Injury,Travel Lane,Black,Male,NA,NA,Missing,NA,16-20 mph,Unknown Injury,Unknown/Missing,NA,NA,No,26OCT2011,Wednesday,Loss of Control / Turning Error,22,Non-Intersection,October,C: Possible Injury,22:38:00,Motorist Turning Error - Right Turn,2011,Yes,Yes,Dark - Lighted Roadway,Straight - Level,Local Street,Dry,"Two-Way, Divided, Unprotected Median",None,No Special Feature,Smooth Asphalt,6 lanes,"35.2139368817, -80.7713032195"
3549,Charlotte,Mecklenburg,Piedmont,Commercial,Urban (>70% Developed),NA,Urban,30 - 35  MPH,No Control Present,Clear,No,30,30-39,Yes,NA,Not Applicable,B: Evident Injury,Bike Lane / Paved Shoulder,White,Male,57,50-59,No,NA,31-35 mph,O: No Injury,Black,Male,Sport Utility,Yes,11NOV2011,Friday,Bicyclist Failed to Yield - Midblock,15,Non-Intersection,November,B: Evident Injury,15:25:00,Bicyclist Ride Out - Other Midblock,2011,No,No,Daylight,Straight - Level,Local Street,Dry,"Two-Way, Not Divided",None,T-Intersection,Smooth Asphalt,4 lanes,"35.2179568821, -80.7944032263"
3559,Greensboro,Guilford,Piedmont,Residential,Urban (>70% Developed),NA,Urban,40 - 45  MPH,No Control Present,Clear,No,50,50-59,No,NA,With Traffic,C: Possible Injury,Travel Lane,White,Male,70+,70+,No,NA,36-40 mph,O: No Injury,White,Female,NA,No,26OCT2011,Wednesday,Motorist Overtaking Bicyclist,21,Non-Intersection,October,C: Possible Injury,21:16:00,Motorist Overtaking - Misjudged Space,2011,Yes,Yes,Dark - Lighted Roadway,Straight - Grade,Local Street,Dry,"Two-Way, Divided, Positive Median Barrier",None,No Special Feature,Smooth Asphalt,4 lanes,"36.0685770979, -79.8481029902"
3560,Greensboro,Guilford,Piedmont,Residential,Urban (>70% Developed),NA,Urban,20 - 25  MPH,No Control Present,Clear,No,7,6-10,No,NA,Not Applicable,B: Evident Injury,Driveway / Alley,Asian,Male,51,50-59,No,NA,16-20 mph,O: No Injury,White,Male,Passenger Car,No,25OCT2011,Tuesday,Bicyclist Failed to Yield - Midblock,18,Non-Intersection,October,B: Evident Injury,18:04:00,Bicyclist Ride Out - Residential Driveway,2011,Yes,No,Daylight,Straight - Hillcrest,Local Street,Dry,"Two-Way, Not Divided",None,No Special Feature,Coarse Asphalt,2 lanes,"36.093167105, -79.7759029693"
3570,Raleigh,Wake,Piedmont,Commercial,Urban (>70% Developed),NA,Urban,20 - 25  MPH,Stop And Go Signal,Rain,No,NA,NA,Missing,NA,Facing Traffic,Unknown Injury,Travel Lane,Unknown/Missing,NA,58,50-59,No,NA,6-10 mph,O: No Injury,Black,Male,Passenger Car,No,17NOV2011,Thursday,Crossing Paths - Other Circumstances,6,Intersection,November,O: No Injury,06:45:00,Signalized Intersection - Other / Unknown,2011,No,No,Daylight,Straight - Level,Local Street,Wet,"Two-Way, Divided, Unprotected Median",None,No Special Feature,Smooth Asphalt,7 lanes,"35.7904370783, -78.7401026403"
3571,Knightdale,Wake,Piedmont,Commercial,Mixed (30% To 70% Developed),NA,Urban,40 - 45  MPH,Stop Sign,Rain,No,55,50-59,No,NA,With Traffic,B: Evident Injury,Travel Lane,White,Male,17,0-19,No,NA,0-5 mph,O: No Injury,Black,Female,Passenger Car,No,17NOV2011,Thursday,Motorist Failed to Yield - Sign-Controlled Intersection,8,Intersection,November,B: Evident Injury,08:06:00,Motorist Drive Out - Sign-Controlled Intersection,2011,Yes,No,Daylight,Straight - Level,Local Street,Wet,"Two-Way, Not Divided",None,Four-Way Intersection,Coarse Asphalt,2 lanes,"35.7989670897, -78.4748025599"
3582,Charlotte,Mecklenburg,Piedmont,Commercial,Urban (>70% Developed),NA,Urban,30 - 35  MPH,Stop And Go Signal,Clear,No,46,40-49,Yes,NA,With Traffic,B: Evident Injury,Travel Lane,Hispanic,Male,44,40-49,No,NA,31-35 mph,O: No Injury,Black,Female,Sport Utility,Yes,26NOV2011,Saturday,Bicyclist Failed to Yield - Signalized Intersection,17,Intersection-Related,November,B: Evident Injury,17:45:00,Bicyclist Ride Through - Signalized Intersection,2011,Yes,No,Dark - Lighted Roadway,Straight - Level,Local Street,Dry,"Two-Way, Divided, Unprotected Median",None,No Special Feature,Smooth Asphalt,4 lanes,"35.248336887, -80.829203239"
3583,Charlotte,Mecklenburg,Piedmont,Commercial,Urban (>70% Developed),NA,Urban,40 - 45  MPH,No Control Present,Rain,No,48,40-49,Yes,NA,NA,C: Possible Injury,NA,White,Male,NA,NA,Missing,NA,41-45 mph,Unknown Injury,Unknown/Missing,NA,NA,Yes,04NOV2011,Friday,Other / Unknown - Insufficient Details,0,Non-Intersection,November,C: Possible Injury,00:32:00,Unknown Approach Paths,2011,Yes,Yes,Dark - Lighted Roadway,Straight - Level,Local Street,Wet,"Two-Way, Divided, Unprotected Median",Road Surface Condition,No Special Feature,Smooth Asphalt,4 lanes,"35.2156768819, -80.7808032231"
3585,Wilmington,New Hanover,Coastal,Commercial,Urban (>70% Developed),NA,Urban,40 - 45  MPH,Stop And Go Signal,Cloudy,No,23,20-24,No,NA,Not Applicable,C: Possible Injury,Travel Lane,White,Male,29,25-29,No,NA,41-45 mph,O: No Injury,White,Female,Van,No,04NOV2011,Friday,Bicyclist Failed to Yield - Signalized Intersection,10,Intersection-Related,November,C: Possible Injury,10:49:00,Bicyclist Ride Out - Signalized  Intersection,2011,Yes,No,Daylight,Straight - Level,NC Route,Dry,"Two-Way, Not Divided",None,No Special Feature,Coarse Asphalt,9 or more lanes,"34.2366967691, -77.8726022996"
3587,Cary,Wake,Piedmont,Residential,Mixed (30% To 70% Developed),NA,Urban,30 - 35  MPH,Stop Sign,Clear,No,39,30-39,No,NA,With Traffic,B: Evident Injury,Travel Lane,Black,Female,17,0-19,No,NA,16-20 mph,O: No Injury,Unknown/Missing,Male,Passenger Car,No,05NOV2011,Saturday,Motorist Failed to Yield - Sign-Controlled Intersection,13,Intersection,November,B: Evident Injury,13:57:00,Motorist Drive Out - Sign-Controlled Intersection,2011,Yes,No,Daylight,Straight - Level,State Secondary Route,Dry,"Two-Way, Divided, Unprotected Median",None,T-Intersection,Smooth Asphalt,2 lanes,"35.8015970742, -78.9133026935"
3589,Charlotte,Mecklenburg,Piedmont,Commercial,Mixed (30% To 70% Developed),NA,Urban,40 - 45  MPH,Stop And Go Signal,Clear,No,54,50-59,No,NA,With Traffic,Unknown Injury,Sidewalk / Crosswalk / Driveway Crossing,Black,Male,50,50-59,No,NA,11-15 mph,O: No Injury,Black,Female,Passenger Car,No,30NOV2011,Wednesday,Motorist Left Turn / Merge,16,Intersection,November,O: No Injury,16:10:00,Motorist Left Turn - Opposite Direction,2011,No,No,Daylight,Straight - Level,Local Street,Dry,"Two-Way, Divided, Unprotected Median",None,Four-Way Intersection,Smooth Asphalt,6 lanes,"35.203136881, -80.7440032108"
3591,Albemarle,Stanly,Piedmont,Residential,Urban (>70% Developed),NA,Urban,30 - 35  MPH,No Control Present,Cloudy,No,55,50-59,No,NA,With Traffic,O: No Injury,Travel Lane,Black,Male,26,25-29,No,NA,41-45 mph,O: No Injury,White,Female,Passenger Car,No,26JUL2011,Tuesday,Motorist Overtaking Bicyclist,23,Intersection,July,O: No Injury,23:51:00,Motorist Overtaking - Misjudged Space,2011,No,Yes,Dark - Lighted Roadway,Straight - Level,Local Street,Dry,"Two-Way, Not Divided",None,No Special Feature,Smooth Asphalt,NA,"35.353716933, -80.1826030513"
3592,None - Rural Crash,Scotland,Coastal,"Farms, Woods, Pastures",Rural (<30% Developed),NA,Rural,50 - 55  MPH,No Control Present,Clear,No,46,40-49,No,NA,With Traffic,B: Evident Injury,Travel Lane,White,Male,49,40-49,No,NA,41-45 mph,O: No Injury,Black,Female,Passenger Car,No,30NOV2011,Wednesday,Motorist Overtaking Bicyclist,15,Non-Intersection,November,B: Evident Injury,15:41:00,Motorist Overtaking - Undetected Bicyclist,2011,Yes,No,Daylight,Straight - Level,State Secondary Route,Dry,"Two-Way, Not Divided",None,No Special Feature,Smooth Asphalt,2 lanes,"34.8634868498, -79.549002836"
3594,Burlington,Alamance,Piedmont,Commercial,Urban (>70% Developed),NA,Urban,30 - 35  MPH,Stop Sign,Clear,No,55,50-59,Yes,NA,With Traffic,C: Possible Injury,Travel Lane,Black,Male,56,50-59,No,NA,26-30 mph,O: No Injury,White,Female,Sport Utility,Yes,07NOV2011,Monday,Motorist Left Turn / Merge,18,Intersection,November,C: Possible Injury,18:45:00,Motorist Left Turn - Opposite Direction,2011,No,No,Dark - Roadway Not Lighted,Straight - Level,Local Street,Dry,"Two-Way, Not Divided",None,Four-Way Intersection,Coarse Asphalt,4 lanes,"36.1011171206, -79.4122028601"
3600,Chapel Hill,Orange,Piedmont,Residential,Urban (>70% Developed),NA,Urban,20 - 25  MPH,Stop Sign,Clear,No,8,6-10,No,NA,With Traffic,B: Evident Injury,Travel Lane,Black,Male,46,40-49,No,NA,NA,O: No Injury,Black,Male,Sport Utility,No,12NOV2011,Saturday,Bicyclist Failed to Yield - Sign-Controlled Intersection,15,Intersection,November,B: Evident Injury,15:55:00,Bicyclist Ride Through - Sign-Controlled Intersection,2011,Yes,No,Daylight,Straight - Grade,Local Street,Dry,"Two-Way, Not Divided",None,Four-Way Intersection,Smooth Asphalt,2 lanes,"35.9145870936, -79.0658027459"
3601,Charlotte,Mecklenburg,Piedmont,Commercial,Urban (>70% Developed),NA,Urban,30 - 35  MPH,Stop And Go Signal,Clear,No,49,40-49,No,NA,With Traffic,B: Evident Injury,Bike Lane / Paved Shoulder,White,Male,52,50-59,No,NA,0-5 mph,O: No Injury,Black,Male,Passenger Car,No,08NOV2011,Tuesday,Motorist Right Turn / Merge,10,Intersection,November,B: Evident Injury,10:47:00,Motorist Right Turn - Same Direction,2011,No,No,Daylight,Straight - Level,Local Street,Dry,"Two-Way, Not Divided",None,Four-Way Intersection,Smooth Asphalt,2 lanes,"35.2049368769, -80.8485032421"
3608,Laurinburg,Scotland,Coastal,"Farms, Woods, Pastures",Mixed (30% To 70% Developed),NA,Urban,NA,No Control Present,Cloudy,No,5,0-5,No,NA,Not Applicable,B: Evident Injury,Driveway / Alley,Black,Female,21,20-24,No,NA,NA,O: No Injury,Black,Female,Van,No,16NOV2011,Wednesday,Non-Roadway,14,Non-Roadway,November,B: Evident Injury,14:35:00,Non-Roadway,2011,No,No,Daylight,Straight - Level,"Private Road, Driveway",Other,NA,None,No Special Feature,Sand,NA,"34.7572268301, -79.4694028065"
3611,None - Rural Crash,Randolph,Piedmont,Commercial,Mixed (30% To 70% Developed),NA,Rural,50 - 55  MPH,No Control Present,Clear,No,53,50-59,Yes,NA,With Traffic,B: Evident Injury,Travel Lane,White,Male,47,40-49,No,NA,51-55 mph,O: No Injury,White,Female,Passenger Car,Yes,10DEC2011,Saturday,Motorist Overtaking Bicyclist,20,Non-Intersection,December,B: Evident Injury,20:31:00,Motorist Overtaking - Undetected Bicyclist,2011,Yes,No,Dark - Roadway Not Lighted,Straight - Grade,US Route,Dry,"Two-Way, Not Divided",None,No Special Feature,Smooth Asphalt,5 lanes,"35.7297570314, -79.6811029206"
3612,None - Rural Crash,Mcdowell,Mountains,"Farms, Woods, Pastures",Rural (<30% Developed),NA,Rural,50 - 55  MPH,"Double Yellow Line, No Passing Zone",Clear,No,37,30-39,No,NA,With Traffic,B: Evident Injury,Travel Lane,White,Male,42,40-49,No,NA,46-50 mph,O: No Injury,White,Male,Pickup,No,13DEC2011,Tuesday,Motorist Overtaking Bicyclist,6,Non-Intersection,December,B: Evident Injury,06:32:00,Motorist Overtaking - Other / Unknown,2011,Yes,No,Dark - Roadway Not Lighted,Straight - Grade,US Route,Dry,"Two-Way, Not Divided",None,No Special Feature,Smooth Asphalt,2 lanes,"35.6177969227, -81.9858036032"
3614,Charlotte,Mecklenburg,Piedmont,Commercial,Urban (>70% Developed),NA,Urban,30 - 35  MPH,Stop And Go Signal,Rain,No,38,30-39,No,NA,Facing Traffic,C: Possible Injury,Sidewalk / Crosswalk / Driveway Crossing,White,Male,49,40-49,No,NA,6-10 mph,O: No Injury,White,Male,Passenger Car,No,06DEC2011,Tuesday,Motorist Right Turn / Merge,7,Intersection,December,C: Possible Injury,07:27:00,Motorist Right Turn - Opposite Direction,2011,Yes,No,Dusk,Straight - Level,Local Street,Wet,"Two-Way, Not Divided",None,No Special Feature,Smooth Asphalt,4 lanes,"35.2249268814, -80.8464032427"
3620,Raleigh,Wake,Piedmont,Residential,Urban (>70% Developed),NA,Urban,20 - 25  MPH,No Control Present,Clear,No,13,11-15,No,NA,With Traffic,O: No Injury,Sidewalk / Crosswalk / Driveway Crossing,Black,Male,24,20-24,No,NA,0-5 mph,O: No Injury,White,Female,Police,No,11DEC2011,Sunday,Crossing Paths - Other Circumstances,17,Intersection,December,O: No Injury,17:22:00,Crossing Paths - Intersection - Other / Unknown,2011,Yes,No,Daylight,Straight - Level,Local Street,Dry,"Two-Way, Divided, Unprotected Median",None,No Special Feature,Smooth Asphalt,2 lanes,"35.7831370802, -78.6560026146"
3632,None - Rural Crash,Caldwell,Mountains,Commercial,Mixed (30% To 70% Developed),NA,Rural,50 - 55  MPH,No Control Present,Cloudy,No,44,40-49,No,NA,With Traffic,B: Evident Injury,Bike Lane / Paved Shoulder,White,Male,22,20-24,No,NA,6-10 mph,O: No Injury,White,Male,Passenger Car,No,06DEC2011,Tuesday,Bicyclist Overtaking Motorist,7,Non-Intersection,December,B: Evident Injury,07:49:00,Bicyclist Overtaking - Passing on Left,2011,No,No,Dawn,Straight - Level,US Route,Wet,"Two-Way, Divided, Positive Median Barrier",None,Traffic Circle/Roundabout,Smooth Asphalt,5 lanes,"35.8348769876, -81.4596034593"
3633,None - Rural Crash,Hoke,Coastal,Residential,Mixed (30% To 70% Developed),NA,Rural,50 - 55  MPH,No Control Present,Clear,No,43,40-49,Yes,NA,With Traffic,Unknown Injury,Travel Lane,Black,Male,NA,NA,No,NA,11-15 mph,Unknown Injury,Unknown/Missing,NA,Passenger Car,Yes,24DEC2011,Saturday,Motorist Overtaking Bicyclist,20,Non-Intersection,December,Unknown Injury,20:40:00,Motorist Overtaking - Other / Unknown,2011,Yes,Yes,Dark - Roadway Not Lighted,Straight - Level,State Secondary Route,Dry,"Two-Way, Not Divided",None,No Special Feature,Coarse Asphalt,2 lanes,"34.915506871, -79.2634027521"