object_id,city,county,region,development,locality,on_road,rural_urban,speed_limit,traffic_control,weather,workzone,bike_age,bike_age_group,bike_alcohol,bike_alcohol_drugs,bike_direction,bike_injury,bike_position,bike_race,bike_sex,driver_age,driver_age_group,driver_alcohol,driver_alcohol_drugs,driver_est_speed,driver_injury,driver_race,driver_sex,driver_vehicle_type,crash_alcohol,crash_date,crash_day,crash_group,crash_hour,crash_location,crash_month,crash_severity,crash_time,crash_type,crash_year,ambulance_req,hit_run,light_condition,road_character,road_class,road_condition,road_configuration,road_defects,road_feature,road_surface,num_lanes,geo_point
3636,Red Springs,Robeson,Coastal,Residential,Urban (>70% Developed),NA,Rural,30 - 35  MPH,Stop Sign,Rain,No,8,6-10,No,NA,NA,C: Possible Injury,NA,Native American,Male,18,0-19,No,NA,16-20 mph,O: No Injury,Other,Male,Passenger Car,No,19NOV2011,Saturday,Crossing Paths - Other Circumstances,17,Intersection-Related,November,C: Possible Injury,17:45:00,Sign-Controlled Intersection - Other / Unknown,2011,Yes,No,Daylight,Straight - Level,Local Street,Wet,"Two-Way, Not Divided",None,No Special Feature,Coarse Asphalt,2 lanes,"34.8276868552, -79.1740027213"
3638,Lumberton,Robeson,Coastal,Commercial,Mixed (30% To 70% Developed),NA,Urban,40 - 45  MPH,Stop And Go Signal,Cloudy,No,20,20-24,No,NA,Not Applicable,B: Evident Injury,Travel Lane,Black,Male,19,0-19,No,NA,41-45 mph,O: No Injury,White,Female,Passenger Car,No,31DEC2011,Saturday,Bicyclist Failed to Yield - Midblock,10,Non-Intersection,December,B: Evident Injury,10:08:00,Bicyclist Ride Out - Other Midblock,2011,No,No,Daylight,Straight - Level,Local Street,Dry,"Two-Way, Not Divided",None,No Special Feature,Coarse Asphalt,6 lanes,"34.6321668192, -78.9921026565"
3646,None - Rural Crash,Hoke,Coastal,Residential,Mixed (30% To 70% Developed),NA,Rural,40 - 45  MPH,No Control Present,Clear,No,42,40-49,No,NA,With Traffic,C: Possible Injury,Travel Lane,Black,Male,NA,NA,Missing,NA,41-45 mph,Unknown Injury,Unknown/Missing,NA,NA,No,12DEC2011,Monday,Motorist Overtaking Bicyclist,6,Non-Intersection,December,C: Possible Injury,06:30:00,Motorist Overtaking - Misjudged Space,2011,No,Yes,Dark - Roadway Not Lighted,Straight - Level,NC Route,Dry,"Two-Way, Not Divided",None,No Special Feature,Smooth Asphalt,2 lanes,"34.9897168875, -79.2572027544"
3649,Wilmington,New Hanover,Coastal,Commercial,Urban (>70% Developed),NA,Urban,30 - 35  MPH,No Control Present,Clear,No,NA,NA,No,NA,Facing Traffic,Unknown Injury,Sidewalk / Crosswalk / Driveway Crossing,Unknown/Missing,NA,47,40-49,No,NA,6-10 mph,O: No Injury,White,Male,Van,No,13DEC2011,Tuesday,Motorist Failed to Yield - Midblock,11,Non-Intersection,December,O: No Injury,11:47:00,Motorist Drive Out - Commercial Driveway / Alley,2011,No,No,Daylight,Straight - Level,Local Street,Dry,"One-Way, Not Divided",None,No Special Feature,Coarse Asphalt,3 lanes,"34.2266667652, -77.9250023149"
3650,Goldsboro,Wayne,Coastal,Commercial,Urban (>70% Developed),NA,Urban,30 - 35  MPH,No Control Present,Cloudy,No,50,50-59,Yes,NA,Not Applicable,A: Disabling Injury,Travel Lane,Black,Male,48,40-49,No,NA,31-35 mph,O: No Injury,Black,Male,Passenger Car,Yes,14DEC2011,Wednesday,Bicyclist Failed to Yield - Midblock,17,Non-Intersection,December,A: Disabling Injury,17:44:00,Bicyclist Ride Out - Midblock - Unknown,2011,Yes,No,Dark - Lighted Roadway,Straight - Level,Local Street,Dry,"Two-Way, Not Divided",None,No Special Feature,Coarse Asphalt,4 lanes,"35.3827470167, -77.9856023906"
3651,Greensboro,Guilford,Piedmont,Residential,Urban (>70% Developed),NA,Urban,30 - 35  MPH,Stop Sign,Clear,No,20,20-24,Yes,NA,With Traffic,B: Evident Injury,Travel Lane,Black,Male,NA,NA,Missing,NA,NA,Unknown Injury,Unknown/Missing,NA,NA,Yes,15DEC2011,Thursday,Bicyclist Failed to Yield - Sign-Controlled Intersection,21,Intersection,December,B: Evident Injury,21:58:00,Bicyclist Ride Out - Sign-Controlled Intersection,2011,Yes,Yes,Dark - Lighted Roadway,Straight - Level,Local Street,Dry,"Two-Way, Not Divided",None,No Special Feature,Smooth Asphalt,4 lanes,"36.0602170977, -79.785202971"
3652,Sanford,Lee,Piedmont,Residential,Urban (>70% Developed),NA,Urban,30 - 35  MPH,Stop And Go Signal,Clear,No,40,40-49,No,NA,With Traffic,C: Possible Injury,Sidewalk / Crosswalk / Driveway Crossing,White,Female,38,30-39,No,NA,11-15 mph,O: No Injury,White,Female,Passenger Car,No,15DEC2011,Thursday,Motorist Right Turn / Merge,17,Intersection,December,C: Possible Injury,17:52:00,Motorist Right Turn - Same Direction,2011,Yes,No,Dark - Lighted Roadway,Straight - Bottom,Local Street,Dry,"Two-Way, Not Divided",None,No Special Feature,Coarse Asphalt,4 lanes,"35.4814169966, -79.1715027539"
3653,Fayetteville,Cumberland,Coastal,Residential,Urban (>70% Developed),NA,Urban,30 - 35  MPH,No Control Present,Clear,No,18,16-19,No,NA,Not Applicable,C: Possible Injury,Travel Lane,White,Male,63,60-69,No,NA,26-30 mph,O: No Injury,White,Female,Sport Utility,No,16DEC2011,Friday,Bicyclist Failed to Yield - Midblock,13,Non-Intersection,December,C: Possible Injury,13:46:00,Bicyclist Ride Out - Midblock - Unknown,2011,Yes,No,Daylight,Straight - Level,Local Street,Dry,"Two-Way, Divided, Unprotected Median",None,No Special Feature,Coarse Asphalt,3 lanes,"35.0652669155, -78.9139026547"
3656,Rocky Mount,Edgecombe,Coastal,Commercial,Urban (>70% Developed),NA,Urban,20 - 25  MPH,No Control Present,Clear,No,26,25-29,No,NA,With Traffic,O: No Injury,Travel Lane,Black,Male,41,40-49,No,NA,11-15 mph,O: No Injury,White,Male,"Single Unit Truck (2-Axle, 6-Tire)",No,14DEC2011,Wednesday,Motorist Overtaking Bicyclist,22,Non-Intersection,December,O: No Injury,22:15:00,Motorist Overtaking - Misjudged Space,2011,No,No,Dark - Lighted Roadway,Straight - Hillcrest,Local Street,Dry,"Two-Way, Not Divided",None,No Special Feature,Coarse Asphalt,2 lanes,"35.9455171449, -77.7924023609"
3662,Benson,Johnston,Coastal,Residential,Mixed (30% To 70% Developed),NA,Rural,40 - 45  MPH,No Control Present,Clear,No,23,20-24,No,NA,With Traffic,B: Evident Injury,Travel Lane,White,Male,58,50-59,No,NA,41-45 mph,O: No Injury,White,Male,Pickup,No,23OCT2011,Sunday,Motorist Overtaking Bicyclist,21,Intersection-Related,October,B: Evident Injury,21:22:00,Motorist Overtaking - Undetected Bicyclist,2011,Yes,No,Dark - Roadway Not Lighted,Straight - Level,NC Route,Dry,"Two-Way, Not Divided",None,No Special Feature,Coarse Asphalt,2 lanes,"35.387666998, -78.5636025656"
3663,Wilmington,New Hanover,Coastal,Commercial,Mixed (30% To 70% Developed),NA,Urban,40 - 45  MPH,Flashing Stop And Go Signal,Rain,No,30,30-39,No,NA,Not Applicable,B: Evident Injury,Travel Lane,Unknown/Missing,NA,43,40-49,No,NA,NA,C: Possible Injury,Native American,Female,Passenger Car,No,22DEC2011,Thursday,Bicyclist Failed to Yield - Midblock,18,Non-Intersection,December,B: Evident Injury,18:08:00,Bicyclist Ride Out - Other Midblock,2011,Yes,No,Daylight,Straight - Level,US Route,Wet,"Two-Way, Divided, Positive Median Barrier",None,No Special Feature,Smooth Asphalt,8 lanes,"34.2107267624, -77.8906023037"
3664,None - Rural Crash,Wake,Piedmont,Residential,Urban (>70% Developed),NA,Rural,5 - 15 MPH,No Control Present,Clear,No,8,6-10,No,NA,With Traffic,O: No Injury,Travel Lane,White,Male,39,30-39,No,NA,6-10 mph,O: No Injury,White,Male,Passenger Car,No,26DEC2011,Monday,Motorist Left Turn / Merge,21,Intersection,December,O: No Injury,21:14:00,Motorist Left Turn - Opposite Direction,2011,No,No,Dark - Lighted Roadway,Straight - Level,Local Street,Dry,"Two-Way, Not Divided",None,No Special Feature,Coarse Asphalt,2 lanes,"35.8017970794, -78.7720026499"
3667,Greensboro,Guilford,Piedmont,Institutional,Rural (<30% Developed),NA,Urban,20 - 25  MPH,No Control Present,Clear,No,20,20-24,No,NA,With Traffic,C: Possible Injury,Travel Lane,White,Male,21,20-24,No,NA,0-5 mph,O: No Injury,White,Male,Passenger Car,No,17FEB2011,Thursday,Motorist Right Turn / Merge,12,Intersection,February,C: Possible Injury,12:22:00,Motorist Right Turn - Same Direction,2011,No,No,Daylight,NA,NA,Dry,NA,None,No Special Feature,NA,NA,"36.0685870987, -79.8150029802"
3672,Speed,Edgecombe,Coastal,"Farms, Woods, Pastures",Rural (<30% Developed),NA,Rural,30 - 35  MPH,"Double Yellow Line, No Passing Zone",Clear,No,46,40-49,No,NA,With Traffic,C: Possible Injury,Travel Lane,Black,Female,60,60-69,No,NA,31-35 mph,O: No Injury,Black,Female,Passenger Car,No,15JAN2010,Friday,Bicyclist Left Turn / Merge,12,Non-Intersection,January,C: Possible Injury,12:51:00,Bicyclist Left Turn - Same Direction,2010,Yes,No,Daylight,Straight - Level,NC Route,Dry,"Two-Way, Not Divided",None,No Special Feature,Coarse Asphalt,2 lanes,"35.9697871621, -77.4435222547"
3676,None - Rural Crash,Columbus,Coastal,"Farms, Woods, Pastures",Rural (<30% Developed),NA,Rural,50 - 55  MPH,No Control Present,Clear,No,56,50-59,No,NA,With Traffic,A: Disabling Injury,Travel Lane,White,Male,70+,70+,No,NA,46-50 mph,O: No Injury,White,Female,Passenger Car,No,18JAN2010,Monday,Motorist Overtaking Bicyclist,11,Non-Intersection,January,A: Disabling Injury,11:10:00,Motorist Overtaking - Undetected Bicyclist,2010,Yes,No,Daylight,Straight - Level,NC Route,Dry,"Two-Way, Not Divided",None,No Special Feature,Smooth Asphalt,2 lanes,"34.0377366993, -78.6455825237"
3688,Charlotte,Mecklenburg,Piedmont,Residential,Urban (>70% Developed),NA,Urban,30 - 35  MPH,No Control Present,Clear,No,36,30-39,No,NA,With Traffic,B: Evident Injury,Bike Lane / Paved Shoulder,White,Male,46,40-49,No,NA,21-25 mph,O: No Injury,White,Female,Passenger Car,No,15JAN2010,Friday,Crossing Paths - Other Circumstances,16,Intersection,January,B: Evident Injury,16:04:00,Crossing Paths - Intersection - Other / Unknown,2010,Yes,No,Daylight,Straight - Level,Local Street,Dry,"Two-Way, Divided, Unprotected Median",None,No Special Feature,Coarse Asphalt,5 lanes,"35.3520039108, -80.7785982292"
3697,Plymouth,Washington,Coastal,Commercial,Urban (>70% Developed),NA,Rural,40 - 45  MPH,No Control Present,Clear,No,68,60-69,No,NA,With Traffic,K: Killed,Travel Lane,Black,Female,53,50-59,No,NA,41-45 mph,O: No Injury,White,Male,Pickup,No,27JAN2010,Wednesday,Bicyclist Left Turn / Merge,18,Non-Intersection,January,K: Killed,18:09:00,Bicyclist Left Turn - Same Direction,2010,Yes,No,Dark - Lighted Roadway,Straight - Level,US Route,Dry,"Two-Way, Divided, Unprotected Median",None,No Special Feature,Smooth Asphalt,5 lanes,"35.8572191615, -76.7480260363"
3698,Washington,Beaufort,Coastal,Residential,Urban (>70% Developed),NA,Urban,20 - 25  MPH,Stop Sign,Clear,No,60,60-69,No,NA,With Traffic,B: Evident Injury,Travel Lane,White,Male,57,50-59,No,NA,21-25 mph,O: No Injury,Black,Female,Van,No,20JAN2010,Wednesday,Bicyclist Failed to Yield - Sign-Controlled Intersection,17,Intersection,January,B: Evident Injury,17:28:00,Bicyclist Ride Through - Sign-Controlled Intersection,2010,Yes,No,Daylight,Straight - Level,Local Street,Dry,"Two-Way, Not Divided",None,Four-Way Intersection,Coarse Asphalt,2 lanes,"35.5562620853, -77.0529921144"
3700,Wilmington,New Hanover,Coastal,Commercial,Urban (>70% Developed),NA,Urban,20 - 25  MPH,No Control Present,Clear,No,26,25-29,No,NA,With Traffic,B: Evident Injury,Travel Lane,White,Male,21,20-24,No,NA,6-10 mph,O: No Injury,White,Female,Passenger Car,No,27JAN2010,Wednesday,Motorist Left Turn / Merge,20,Intersection,January,B: Evident Injury,20:41:00,Motorist Left Turn - Opposite Direction,2010,Yes,No,Dark - Lighted Roadway,Straight - Level,Local Street,Dry,"Two-Way, Not Divided",NA,No Special Feature,Coarse Asphalt,4 lanes,"34.234190766, -77.9485223224"
3703,Hickory,Catawba,Piedmont,Residential,Mixed (30% To 70% Developed),NA,Urban,30 - 35  MPH,Stop And Go Signal,Clear,No,15,11-15,No,NA,With Traffic,B: Evident Injury,Travel Lane,Black,Male,57,50-59,No,NA,6-10 mph,O: No Injury,White,Male,Van,No,25JAN2010,Monday,Bicyclist Failed to Yield - Signalized Intersection,11,Intersection,January,B: Evident Injury,11:05:00,Bicyclist Ride Out - Signalized  Intersection,2010,Yes,No,Daylight,Straight - Grade,Local Street,Dry,"Two-Way, Divided, Unprotected Median",None,Four-Way Intersection,Smooth Asphalt,4 lanes,"35.7359769707, -81.3521334221"
3705,Enfield,Halifax,Coastal,Residential,Urban (>70% Developed),NA,Rural,20 - 25  MPH,Stop Sign,Clear,No,29,25-29,No,NA,Facing Traffic,B: Evident Injury,Travel Lane,Black,Male,NA,NA,Missing,NA,6-10 mph,Unknown Injury,Unknown/Missing,NA,NA,No,27JAN2010,Wednesday,Motorist Left Turn / Merge,0,Non-Intersection,January,B: Evident Injury,00:11:00,Motorist Left Turn - Same Direction,2010,Yes,Yes,Dark - Lighted Roadway,Straight - Level,Local Street,Dry,"Two-Way, Not Divided",None,No Special Feature,Smooth Asphalt,2 lanes,"36.1779471987, -77.6656973335"
3707,Rocky Mount,Nash,Coastal,Residential,Urban (>70% Developed),NA,Urban,30 - 35  MPH,No Control Present,Clear,No,20,20-24,No,NA,Facing Traffic,B: Evident Injury,Travel Lane,Black,Male,70+,70+,No,NA,26-30 mph,O: No Injury,Black,Male,Passenger Car,No,12JAN2010,Tuesday,Motorist Left Turn / Merge,18,Non-Intersection,January,B: Evident Injury,18:01:00,Motorist Left Turn - Same Direction,2010,Yes,No,Dark - Roadway Not Lighted,Straight - Level,Local Street,Dry,"Two-Way, Not Divided",None,No Special Feature,Smooth Asphalt,2 lanes,"35.9304921422, -77.7835623572"
3715,Zebulon,Wake,Piedmont,Residential,Urban (>70% Developed),NA,Rural,30 - 35  MPH,No Control Present,Clear,No,21,20-24,No,NA,With Traffic,O: No Injury,Travel Lane,Hispanic,Male,70+,70+,No,NA,31-35 mph,O: No Injury,Black,Female,Passenger Car,No,08FEB2010,Monday,Bicyclist Left Turn / Merge,16,Non-Intersection,February,O: No Injury,16:00:00,Bicyclist Left Turn - Same Direction,2010,No,No,Daylight,Straight - Level,Local Street,Dry,"Two-Way, Not Divided",None,No Special Feature,Smooth Asphalt,2 lanes,"35.8157990984, -78.315022512"
3720,Kannapolis,Cabarrus,Piedmont,Commercial,Urban (>70% Developed),NA,Urban,40 - 45  MPH,No Control Present,Cloudy,No,45,40-49,Yes,NA,With Traffic,C: Possible Injury,Bike Lane / Paved Shoulder,Black,Male,20,20-24,No,NA,36-40 mph,O: No Injury,White,Male,Pickup,Yes,09FEB2010,Tuesday,Bicyclist Left Turn / Merge,16,Non-Intersection,February,C: Possible Injury,16:20:00,Bicyclist Left Turn - Same Direction,2010,Yes,No,Daylight,Straight - Grade,US Route,Wet,"Two-Way, Divided, Unprotected Median",None,No Special Feature,Smooth Asphalt,4 lanes,"35.4748069435, -80.6097931853"
3732,Cary,Wake,Piedmont,Residential,Urban (>70% Developed),NA,Urban,20 - 25  MPH,Stop Sign,Cloudy,No,61,60-69,No,NA,Facing Traffic,C: Possible Injury,Sidewalk / Crosswalk / Driveway Crossing,White,Male,65,60-69,No,NA,0-5 mph,O: No Injury,White,Male,Pickup,No,10MAR2010,Wednesday,Motorist Failed to Yield - Sign-Controlled Intersection,11,Intersection,March,C: Possible Injury,11:51:00,Motorist Drive Out - Sign-Controlled Intersection,2010,Yes,No,Daylight,Straight - Level,Local Street,Dry,"Two-Way, Not Divided",None,Four-Way Intersection,Smooth Asphalt,2 lanes,"35.733051065, -78.7776526481"
3747,None - Rural Crash,Pitt,Coastal,Residential,Mixed (30% To 70% Developed),NA,Rural,50 - 55  MPH,"Double Yellow Line, No Passing Zone",Clear,No,48,40-49,Yes,NA,Not Applicable,O: No Injury,Driveway / Alley,Black,Male,68,60-69,No,NA,51-55 mph,O: No Injury,White,Female,Passenger Car,Yes,19MAR2010,Friday,Bicyclist Failed to Yield - Midblock,18,Non-Intersection,March,O: No Injury,18:15:00,Bicyclist Ride Out - Residential Driveway,2010,No,No,Daylight,Curve - Level,NC Route,Dry,"Two-Way, Not Divided",None,"Driveway, Private",Smooth Asphalt,2 lanes,"35.5879130871, -77.2308371712"
3750,Charlotte,Mecklenburg,Piedmont,Commercial,Urban (>70% Developed),NA,Urban,20 - 25  MPH,No Control Present,Clear,No,19,16-19,No,NA,With Traffic,C: Possible Injury,Travel Lane,Black,Male,NA,NA,Missing,NA,6-10 mph,Unknown Injury,Unknown/Missing,NA,NA,No,03MAR2010,Wednesday,Motorist Failed to Yield - Midblock,16,Non-Intersection,March,C: Possible Injury,16:40:00,Motorist Drive Out - Other Midblock,2010,Yes,Yes,Daylight,Straight - Level,Local Street,Dry,"Two-Way, Divided, Positive Median Barrier",None,No Special Feature,Smooth Asphalt,4 lanes,"35.2309468874, -80.729443208"
3759,None - Rural Crash,Bertie,Coastal,"Farms, Woods, Pastures",Rural (<30% Developed),NA,Rural,50 - 55  MPH,No Control Present,Clear,No,49,40-49,No,NA,With Traffic,B: Evident Injury,Travel Lane,Black,Male,66,60-69,No,NA,46-50 mph,O: No Injury,Black,Male,Pickup,No,24MAR2010,Wednesday,Motorist Overtaking Bicyclist,20,Non-Intersection,March,B: Evident Injury,20:04:00,Motorist Overtaking - Misjudged Space,2010,Yes,No,Dark - Roadway Not Lighted,Straight - Level,NC Route,Dry,"Two-Way, Not Divided",None,No Special Feature,Coarse Asphalt,2 lanes,"35.9914201891, -76.7696720498"
3760,Lenoir,Caldwell,Mountains,Residential,Urban (>70% Developed),NA,Urban,30 - 35  MPH,Stop Sign,Clear,No,16,16-19,No,NA,With Traffic,K: Killed,Travel Lane,White,Male,36,30-39,No,NA,21-25 mph,O: No Injury,White,Male,Pickup,No,23MAR2010,Tuesday,Bicyclist Failed to Yield - Sign-Controlled Intersection,18,Intersection,March,K: Killed,18:25:00,Bicyclist Ride Through - Sign-Controlled Intersection,2010,Yes,No,Daylight,Straight - Level,Local Street,Dry,"Two-Way, Not Divided",None,T-Intersection,Coarse Asphalt,2 lanes,"35.9228870027, -81.5520894926"
3764,Raleigh,Wake,Piedmont,Commercial,Mixed (30% To 70% Developed),NA,Urban,30 - 35  MPH,No Control Present,Clear,No,49,40-49,No,NA,Not Applicable,B: Evident Injury,Bike Lane / Paved Shoulder,Black,Male,56,50-59,No,NA,11-15 mph,O: No Injury,Black,Male,Passenger Car,No,14FEB2010,Sunday,Bicyclist Failed to Yield - Midblock,5,Non-Intersection,February,B: Evident Injury,05:12:00,Bicyclist Ride Out - Midblock - Unknown,2010,Yes,No,Dusk,Straight - Level,Local Street,Dry,"Two-Way, Divided, Unprotected Median",None,No Special Feature,Smooth Asphalt,4 lanes,"35.7800320807, -78.613732601"
3773,None - Rural Crash,New Hanover,Coastal,Commercial,Mixed (30% To 70% Developed),NA,Rural,40 - 45  MPH,No Control Present,Clear,No,17,16-19,No,NA,With Traffic,O: No Injury,Travel Lane,White,Male,19,0-19,No,NA,31-35 mph,O: No Injury,White,Female,Pickup,No,02APR2010,Friday,Bicyclist Left Turn / Merge,10,Non-Intersection,April,O: No Injury,10:48:00,Bicyclist Left Turn - Same Direction,2010,No,No,Daylight,Straight - Level,NC Route,Dry,"Two-Way, Not Divided",None,No Special Feature,Coarse Asphalt,2 lanes,"34.2953787799, -77.9213283175"
3774,Greensboro,Guilford,Piedmont,Commercial,Urban (>70% Developed),NA,Urban,30 - 35  MPH,No Control Present,Clear,No,48,40-49,No,NA,Not Applicable,B: Evident Injury,Non-Roadway,Unknown/Missing,Male,30,30-39,No,NA,21-25 mph,O: No Injury,Black,Male,Pickup,No,17MAR2010,Wednesday,Crossing Paths - Other Circumstances,7,Intersection-Related,March,B: Evident Injury,07:55:00,Crossing Paths - Uncontrolled Intersection,2010,Yes,No,Daylight,Straight - Level,Local Street,Dry,"Two-Way, Not Divided",None,No Special Feature,Smooth Asphalt,5 lanes,"36.0845871039, -79.7604229648"
3775,None - Rural Crash,Edgecombe,Coastal,Commercial,Rural (<30% Developed),NA,Rural,40 - 45  MPH,No Control Present,Clear,No,20,20-24,No,NA,Facing Traffic,B: Evident Injury,Bike Lane / Paved Shoulder,White,Male,44,40-49,No,NA,16-20 mph,O: No Injury,Black,Male,Passenger Car,No,30MAR2010,Tuesday,Bicyclist Right Turn / Merge,15,Non-Intersection,March,B: Evident Injury,15:15:00,Bicyclist Right Turn - Same Direction,2010,Yes,No,Daylight,Straight - Level,State Secondary Route,Dry,"Two-Way, Not Divided",None,Four-Way Intersection,Coarse Asphalt,2 lanes,"35.8794671326, -77.740816341"
3777,Charlotte,Mecklenburg,Piedmont,Residential,Urban (>70% Developed),NA,Urban,5 - 15 MPH,No Control Present,Clear,No,25,25-29,Yes,NA,Not Applicable,C: Possible Injury,Sidewalk / Crosswalk / Driveway Crossing,Hispanic,Male,21,20-24,No,NA,0-5 mph,O: No Injury,Black,Male,Passenger Car,Yes,23MAR2010,Tuesday,Motorist Failed to Yield - Midblock,18,Non-Intersection,March,C: Possible Injury,18:57:00,Motorist Drive Out - Commercial Driveway / Alley,2010,Yes,No,Daylight,Straight - Level,"Private Road, Driveway",Dry,"Two-Way, Divided, Positive Median Barrier",None,"Driveway, Private",Smooth Asphalt,6 lanes,"35.2291288851, -80.7745932216"
3778,Charlotte,Mecklenburg,Piedmont,Commercial,Urban (>70% Developed),NA,Urban,30 - 35  MPH,Stop Sign,Clear,No,35,30-39,No,NA,With Traffic,B: Evident Injury,Travel Lane,White,Female,19,0-19,No,NA,6-10 mph,O: No Injury,White,Female,Passenger Car,No,24MAR2010,Wednesday,Motorist Left Turn / Merge,17,Intersection,March,B: Evident Injury,17:34:00,Motorist Left Turn - Opposite Direction,2010,Yes,No,Daylight,Straight - Level,Local Street,Dry,"Two-Way, Not Divided",None,Four-Way Intersection,Smooth Asphalt,2 lanes,"35.1869998736, -80.8330932372"
3780,Greensboro,Guilford,Piedmont,Commercial,Urban (>70% Developed),NA,Urban,20 - 25  MPH,Stop Sign,Clear,No,52,50-59,No,NA,With Traffic,C: Possible Injury,Travel Lane,Black,Male,29,25-29,No,NA,16-20 mph,O: No Injury,White,Female,Passenger Car,No,18MAR2010,Thursday,Motorist Left Turn / Merge,20,Intersection,March,C: Possible Injury,20:11:00,Motorist Left Turn - Opposite Direction,2010,No,No,Dark - Lighted Roadway,Curve - Bottom,Local Street,Dry,"Two-Way, Not Divided",None,Four-Way Intersection,Coarse Asphalt,2 lanes,"36.0681150996, -79.790022972"
3786,Fayetteville,Cumberland,Coastal,Commercial,Urban (>70% Developed),NA,Urban,20 - 25  MPH,Stop Sign,Clear,No,55,50-59,No,NA,Facing Traffic,B: Evident Injury,Travel Lane,Black,Male,29,25-29,No,NA,0-5 mph,O: No Injury,Black,Female,Sport Utility,No,01APR2010,Thursday,Motorist Failed to Yield - Sign-Controlled Intersection,18,Intersection,April,B: Evident Injury,18:26:00,Motorist Drive Out - Sign-Controlled Intersection,2010,No,No,Daylight,Straight - Level,Local Street,Dry,"Two-Way, Not Divided",None,T-Intersection,Coarse Asphalt,8 lanes,"35.0909609199, -78.9543866683"
3791,Charlotte,Mecklenburg,Piedmont,Residential,Urban (>70% Developed),NA,Urban,20 - 25  MPH,Stop Sign,Clear,No,44,40-49,No,NA,With Traffic,B: Evident Injury,Travel Lane,White,Female,36,30-39,No,NA,0-5 mph,O: No Injury,White,Female,Sport Utility,No,01APR2010,Thursday,Bicyclist Left Turn / Merge,19,Intersection,April,B: Evident Injury,19:42:00,Bicyclist Left Turn - Same Direction,2010,No,No,Daylight,Straight - Level,Local Street,Dry,"Two-Way, Not Divided",None,No Special Feature,Smooth Asphalt,2 lanes,"35.1741138712, -80.8364972375"
3804,Wilmington,New Hanover,Coastal,Commercial,Urban (>70% Developed),NA,Urban,NA,No Control Present,Clear,No,22,20-24,No,NA,Facing Traffic,C: Possible Injury,Sidewalk / Crosswalk / Driveway Crossing,White,Male,41,40-49,No,NA,NA,O: No Injury,Black,Male,Passenger Car,No,02APR2010,Friday,Motorist Failed to Yield - Midblock,12,Non-Intersection,April,C: Possible Injury,12:21:00,Motorist Drive Out - Commercial Driveway / Alley,2010,Yes,No,Daylight,Straight - Level,Local Street,Dry,"Two-Way, Not Divided",None,No Special Feature,Smooth Asphalt,3 lanes,"34.2146027636, -77.8859923027"
3806,None - Rural Crash,New Hanover,Coastal,Residential,Rural (<30% Developed),NA,Rural,30 - 35  MPH,No Control Present,Clear,No,6,6-10,No,NA,With Traffic,O: No Injury,Travel Lane,Black,Male,62,60-69,No,NA,0-5 mph,O: No Injury,Black,Male,Sport Utility,No,08APR2010,Thursday,Bicyclist Left Turn / Merge,18,Non-Intersection,April,O: No Injury,18:34:00,Bicyclist Left Turn - Same Direction,2010,No,No,Daylight,Straight - Level,Local Street,Dry,"Two-Way, Not Divided",None,No Special Feature,Coarse Asphalt,2 lanes,"34.3055407814, -77.9458223248"
3815,Raleigh,Wake,Piedmont,Institutional,Urban (>70% Developed),NA,Urban,5 - 15 MPH,Yield Sign,Clear,No,21,20-24,No,NA,With Traffic,B: Evident Injury,Sidewalk / Crosswalk / Driveway Crossing,White,Male,19,0-19,No,NA,16-20 mph,O: No Injury,White,Female,Passenger Car,No,12APR2010,Monday,Motorist Left Turn / Merge,18,Intersection,April,B: Evident Injury,18:48:00,Motorist Left Turn - Opposite Direction,2010,No,No,Daylight,Straight - Level,Local Street,Dry,"Two-Way, Not Divided",None,T-Intersection,Coarse Asphalt,3 lanes,"35.7837900797, -78.6684226183"
3817,Hickory,Catawba,Piedmont,Commercial,Urban (>70% Developed),NA,Urban,40 - 45  MPH,Stop And Go Signal,Clear,No,54,50-59,No,NA,With Traffic,B: Evident Injury,Bike Lane / Paved Shoulder,White,Male,31,30-39,No,NA,36-40 mph,O: No Injury,White,Male,Passenger Car,No,13APR2010,Tuesday,Bicyclist Left Turn / Merge,19,Intersection,April,B: Evident Injury,19:28:00,Bicyclist Left Turn - Same Direction,2010,No,No,Daylight,Straight - Level,Local Street,Dry,"Two-Way, Divided, Unprotected Median",None,Four-Way Intersection,Coarse Asphalt,7 lanes,"35.7023999661, -81.2942384025"
3818,Raleigh,Wake,Piedmont,Commercial,Urban (>70% Developed),NA,Urban,5 - 15 MPH,Stop And Go Signal,Cloudy,No,54,50-59,No,NA,With Traffic,C: Possible Injury,Travel Lane,Black,Male,36,30-39,No,NA,11-15 mph,O: No Injury,Hispanic,Male,Sport Utility,No,16MAR2010,Tuesday,Motorist Left Turn / Merge,15,Intersection,March,C: Possible Injury,15:28:00,Motorist Left Turn - Opposite Direction,2010,Yes,No,Daylight,Straight - Level,US Route,Dry,"Two-Way, Divided, Unprotected Median",None,Four-Way Intersection,Smooth Asphalt,9 or more lanes,"35.8501970961, -78.6104426037"