object_id,city,county,region,development,locality,on_road,rural_urban,speed_limit,traffic_control,weather,workzone,bike_age,bike_age_group,bike_alcohol,bike_alcohol_drugs,bike_direction,bike_injury,bike_position,bike_race,bike_sex,driver_age,driver_age_group,driver_alcohol,driver_alcohol_drugs,driver_est_speed,driver_injury,driver_race,driver_sex,driver_vehicle_type,crash_alcohol,crash_date,crash_day,crash_group,crash_hour,crash_location,crash_month,crash_severity,crash_time,crash_type,crash_year,ambulance_req,hit_run,light_condition,road_character,road_class,road_condition,road_configuration,road_defects,road_feature,road_surface,num_lanes,geo_point
1987,None - Rural Crash,Craven,Coastal,Residential,Rural (<30% Developed),NA,Rural,30 - 35  MPH,No Control Present,Clear,No,54,50-59,No,NA,With Traffic,B: Evident Injury,Travel Lane,White,Male,55,50-59,No,NA,0-5 mph,O: No Injury,White,Male,Passenger Car,No,05MAY2012,Saturday,Backing Vehicle,12,Non-Intersection,May,B: Evident Injury,12:52:00,Backing Vehicle,2012,Yes,No,Daylight,Straight - Level,State Secondary Route,Dry,"Two-Way, Not Divided",None,"Driveway, Private",Smooth Asphalt,2 lanes,"34.9831669626, -76.9824020649"
1993,None - Rural Crash,Wilson,Coastal,"Farms, Woods, Pastures",Rural (<30% Developed),NA,Rural,50 - 55  MPH,No Control Present,Cloudy,No,50,50-59,No,NA,With Traffic,B: Evident Injury,Bike Lane / Paved Shoulder,White,Male,33,30-39,Yes,NA,51-55 mph,O: No Injury,Hispanic,Male,Pickup,Yes,07MAY2012,Monday,Loss of Control / Turning Error,11,Non-Intersection,May,B: Evident Injury,11:10:00,Motorist Lost Control - Other / Unknown,2012,Yes,Yes,Daylight,Straight - Grade,US Route,Dry,"Two-Way, Divided, Unprotected Median",None,No Special Feature,Coarse Asphalt,4 lanes,"35.7793571066, -77.8576023719"
2002,Fayetteville,Cumberland,Coastal,Commercial,Urban (>70% Developed),NA,Urban,40 - 45  MPH,Stop And Go Signal,Clear,No,55,50-59,No,NA,Facing Traffic,C: Possible Injury,Bike Lane / Paved Shoulder,Black,Male,24,20-24,No,NA,0-5 mph,O: No Injury,Hispanic,Female,Passenger Car,No,16APR2012,Monday,Crossing Paths - Other Circumstances,14,Intersection,April,C: Possible Injury,14:45:00,Crossing Paths - Intersection - Other / Unknown,2012,Yes,No,Daylight,Straight - Level,Local Street,Dry,"Two-Way, Divided, Positive Median Barrier",None,No Special Feature,Coarse Asphalt,5 lanes,"35.1221869292, -78.8795026474"
2005,Knightdale,Wake,Piedmont,Commercial,Mixed (30% To 70% Developed),NA,Urban,20 - 25  MPH,Stop And Go Signal,Clear,No,49,40-49,Yes,NA,Facing Traffic,C: Possible Injury,Travel Lane,Black,Male,57,50-59,No,NA,0-5 mph,O: No Injury,White,Female,Passenger Car,Yes,02MAY2012,Wednesday,Motorist Failed to Yield - Signalized Intersection,16,Intersection,May,C: Possible Injury,16:23:00,Motorist Drive Out - Right Turn on Red,2012,Yes,No,Daylight,Straight - Level,Local Street,Dry,"Two-Way, Divided, Unprotected Median",None,Four-Way Intersection,Coarse Asphalt,2 lanes,"35.7982770891, -78.4920025657"
2018,Rocky Mount,Nash,Coastal,Residential,Urban (>70% Developed),NA,Urban,30 - 35  MPH,Stop And Go Signal,Clear,No,46,40-49,Yes,NA,NA,C: Possible Injury,NA,Black,Female,20,20-24,No,NA,6-10 mph,O: No Injury,Black,Male,Passenger Car,Yes,13APR2012,Friday,Crossing Paths - Other Circumstances,21,Intersection-Related,April,C: Possible Injury,21:15:00,Signalized Intersection - Other / Unknown,2012,No,No,Dark - Lighted Roadway,Straight - Level,Local Street,Dry,"Two-Way, Not Divided",None,Four-Way Intersection,Coarse Asphalt,5 lanes,"35.9356871423, -77.8047023631"
2021,Raleigh,Wake,Piedmont,Institutional,Urban (>70% Developed),NA,Urban,20 - 25  MPH,Stop Sign,Clear,No,22,20-24,No,NA,With Traffic,B: Evident Injury,Travel Lane,White,Male,NA,NA,Missing,NA,11-15 mph,Unknown Injury,Unknown/Missing,NA,NA,No,24APR2012,Tuesday,Motorist Right Turn / Merge,10,Intersection,April,B: Evident Injury,10:16:00,Motorist Right Turn - Same Direction,2012,Yes,Yes,Daylight,Straight - Level,Local Street,Dry,"Two-Way, Divided, Unprotected Median",None,T-Intersection,Coarse Asphalt,4 lanes,"35.774767077, -78.6798026207"
2033,Winston-Salem,Forsyth,Piedmont,Residential,Urban (>70% Developed),NA,Urban,30 - 35  MPH,No Control Present,Clear,No,4,0-5,No,NA,With Traffic,A: Disabling Injury,Travel Lane,Hispanic,Male,25,25-29,No,NA,21-25 mph,O: No Injury,Black,Female,Sport Utility,No,21APR2012,Saturday,Bicyclist Failed to Yield - Sign-Controlled Intersection,9,Intersection,April,A: Disabling Injury,09:57:00,Bicyclist Ride Through - Sign-Controlled Intersection,2012,Yes,No,Daylight,Straight - Level,Local Street,Dry,"Two-Way, Not Divided",None,Four-Way Intersection,Smooth Asphalt,2 lanes,"36.1241570952, -80.2197031046"
2042,None - Rural Crash,Lenoir,Coastal,Residential,Mixed (30% To 70% Developed),NA,Rural,40 - 45  MPH,Stop Sign,Clear,No,60,60-69,No,NA,With Traffic,B: Evident Injury,Travel Lane,White,Male,16,0-19,No,NA,21-25 mph,O: No Injury,White,Male,Pickup,No,19MAY2012,Saturday,Loss of Control / Turning Error,17,Intersection,May,B: Evident Injury,17:40:00,Motorist Turning Error - Left Turn,2012,Yes,No,Daylight,Straight - Level,State Secondary Route,Dry,"Two-Way, Not Divided",None,T-Intersection,Coarse Asphalt,2 lanes,"35.2961470075, -77.6932022972"
2046,Raleigh,Wake,Piedmont,Commercial,Urban (>70% Developed),NA,Urban,20 - 25  MPH,Stop And Go Signal,Clear,No,52,50-59,No,NA,Facing Traffic,B: Evident Injury,Travel Lane,Black,Male,24,20-24,No,NA,6-10 mph,O: No Injury,Hispanic,Female,Passenger Car,No,14MAY2012,Monday,Motorist Failed to Yield - Signalized Intersection,9,Intersection,May,B: Evident Injury,09:48:00,Motorist Drive Out - Right Turn on Red,2012,Yes,No,Daylight,Straight - Level,Interstate,Dry,"One-Way, Not Divided",None,On or Off Ramp,Smooth Asphalt,5 lanes,"35.769487077, -78.6484026112"
2051,High Point,Guilford,Piedmont,Commercial,Urban (>70% Developed),NA,Urban,30 - 35  MPH,Stop And Go Signal,Clear,No,56,50-59,No,NA,Facing Traffic,C: Possible Injury,Travel Lane,Black,Male,26,25-29,No,NA,6-10 mph,C: Possible Injury,White,Male,Sport Utility,No,16MAY2012,Wednesday,Bicyclist Failed to Yield - Signalized Intersection,14,Intersection,May,C: Possible Injury,14:33:00,Bicyclist Ride Through - Signalized Intersection,2012,Yes,No,Daylight,Straight - Level,Local Street,Dry,"Two-Way, Not Divided",None,Four-Way Intersection,Coarse Asphalt,5 lanes,"35.9657670696, -80.0125030338"
2053,Charlotte,Mecklenburg,Piedmont,Residential,Urban (>70% Developed),NA,Urban,40 - 45  MPH,Stop Sign,Clear,No,60,60-69,No,NA,With Traffic,C: Possible Injury,Sidewalk / Crosswalk / Driveway Crossing,White,Male,44,40-49,No,NA,6-10 mph,O: No Injury,Asian,Female,Van,No,18MAY2012,Friday,Motorist Failed to Yield - Midblock,13,Non-Intersection,May,C: Possible Injury,13:20:00,Motorist Drive Out - Commercial Driveway / Alley,2012,No,No,Daylight,Straight - Level,Local Street,Dry,"Two-Way, Divided, Positive Median Barrier",None,No Special Feature,Smooth Asphalt,4 lanes,"35.0857568533, -80.8178032267"
2059,Durham,Durham,Piedmont,Residential,Mixed (30% To 70% Developed),NA,Urban,30 - 35  MPH,Stop And Go Signal,Clear,No,29,25-29,No,NA,With Traffic,C: Possible Injury,Travel Lane,White,Female,38,30-39,No,NA,6-10 mph,O: No Injury,Black,Female,Sport Utility,No,20MAY2012,Sunday,Crossing Paths - Other Circumstances,10,Intersection,May,C: Possible Injury,10:51:00,Signalized Intersection - Other / Unknown,2012,No,No,Daylight,Straight - Level,NC Route,Dry,"Two-Way, Divided, Unprotected Median",None,T-Intersection,Smooth Asphalt,2 lanes,"35.9310871033, -78.888702693"
2073,None - Rural Crash,Davidson,Piedmont,Commercial,Rural (<30% Developed),NA,Rural,50 - 55  MPH,"Double Yellow Line, No Passing Zone",Other,No,48,40-49,No,NA,With Traffic,B: Evident Injury,Travel Lane,White,Male,41,40-49,No,NA,16-20 mph,O: No Injury,White,Male,Passenger Car,No,29MAY2012,Tuesday,Parallel Paths - Other Circumstances,17,Non-Intersection,May,B: Evident Injury,17:02:00,Parallel Paths - Other / Unknown,2012,Yes,No,NA,Straight - Level,State Secondary Route,NA,"Two-Way, Not Divided",None,No Special Feature,Smooth Asphalt,2 lanes,"35.9831570676, -80.1617030801"
2074,Greenville,Pitt,Coastal,Institutional,Mixed (30% To 70% Developed),NA,Urban,NA,Stop Sign,Cloudy,No,28,25-29,No,NA,Facing Traffic,B: Evident Injury,Sidewalk / Crosswalk / Driveway Crossing,White,Male,26,25-29,No,NA,0-5 mph,O: No Injury,Black,Female,Passenger Car,No,14MAY2012,Monday,Motorist Failed to Yield - Sign-Controlled Intersection,17,Intersection,May,B: Evident Injury,17:17:00,Motorist Drive Out - Sign-Controlled Intersection,2012,Yes,No,Daylight,Straight - Level,Local Street,Dry,"One-Way, Not Divided",None,T-Intersection,Smooth Asphalt,1 lane,"35.6107270858, -77.4014022238"
2081,Raleigh,Wake,Piedmont,Residential,Urban (>70% Developed),NA,Urban,30 - 35  MPH,No Control Present,Clear,No,25,25-29,No,NA,With Traffic,B: Evident Injury,Travel Lane,White,Male,18,0-19,No,NA,21-25 mph,O: No Injury,White,Female,Passenger Car,No,24MAY2012,Thursday,Motorist Overtaking Bicyclist,13,Intersection-Related,May,B: Evident Injury,13:42:00,Motorist Overtaking - Other / Unknown,2012,No,No,Daylight,Straight - Level,Local Street,Dry,"Two-Way, Not Divided",None,No Special Feature,Coarse Asphalt,2 lanes,"35.7770770776, -78.6829026226"
2090,Siler City,Chatham,Piedmont,Residential,Urban (>70% Developed),NA,Urban,5 - 15 MPH,No Control Present,Clear,No,14,11-15,No,NA,Not Applicable,B: Evident Injury,Driveway / Alley,Hispanic,Male,70+,70+,No,NA,16-20 mph,O: No Injury,Black,Female,Passenger Car,No,25MAY2012,Friday,Bicyclist Failed to Yield - Midblock,18,Non-Intersection,May,B: Evident Injury,18:39:00,Bicyclist Ride Out - Residential Driveway,2012,Yes,No,Daylight,Straight - Level,Local Street,Dry,"Two-Way, Not Divided",None,No Special Feature,Coarse Asphalt,2 lanes,"35.7307870401, -79.4416028486"
2096,None - Rural Crash,Orange,Piedmont,"Farms, Woods, Pastures",Rural (<30% Developed),NA,Rural,50 - 55  MPH,"Double Yellow Line, No Passing Zone",Clear,No,51,50-59,Yes,NA,With Traffic,K: Killed,Travel Lane,Black,Male,27,25-29,No,NA,51-55 mph,O: No Injury,Black,Female,Passenger Car,Yes,03JUN2012,Sunday,Motorist Overtaking Bicyclist,0,Non-Intersection,June,K: Killed,00:42:00,Motorist Overtaking - Other / Unknown,2012,Yes,No,Dark - Roadway Not Lighted,Curve - Level,NC Route,Dry,"Two-Way, Not Divided",None,No Special Feature,Coarse Asphalt,2 lanes,"35.9247870935, -79.1196027626"
2097,Rocky Mount,Nash,Coastal,Residential,Urban (>70% Developed),NA,Urban,30 - 35  MPH,Stop And Go Signal,Clear,No,47,40-49,No,NA,With Traffic,O: No Injury,NA,Black,Male,22,20-24,No,NA,0-5 mph,O: No Injury,Black,Male,Passenger Car,No,02MAY2012,Wednesday,Crossing Paths - Other Circumstances,15,Intersection,May,O: No Injury,15:07:00,Signalized Intersection - Other / Unknown,2012,No,No,Daylight,Straight - Level,Local Street,Dry,"One-Way, Not Divided",None,No Special Feature,Smooth Asphalt,2 lanes,"35.9552071464, -77.7999023632"
2111,Charlotte,Mecklenburg,Piedmont,Residential,Rural (<30% Developed),NA,Urban,30 - 35  MPH,Stop And Go Signal,Rain,No,50,50-59,No,NA,Facing Traffic,C: Possible Injury,Sidewalk / Crosswalk / Driveway Crossing,Black,Male,44,40-49,No,NA,0-5 mph,O: No Injury,Black,Female,Sport Utility,No,12JUN2012,Tuesday,Bicyclist Failed to Yield - Signalized Intersection,22,Intersection,June,C: Possible Injury,22:28:00,Bicyclist Ride Through - Signalized Intersection,2012,Yes,No,Dark - Lighted Roadway,Straight - Level,Local Street,Wet,"Two-Way, Not Divided",None,Four-Way Intersection,Smooth Asphalt,4 lanes,"35.2630768893, -80.8546032474"
2113,Wilmington,New Hanover,Coastal,Commercial,Urban (>70% Developed),NA,Urban,20 - 25  MPH,No Control Present,Clear,No,39,30-39,No,NA,Facing Traffic,C: Possible Injury,Sidewalk / Crosswalk / Driveway Crossing,Black,Male,24,20-24,No,NA,0-5 mph,O: No Injury,White,Female,Sport Utility,No,29MAY2012,Tuesday,Motorist Failed to Yield - Midblock,17,Non-Intersection,May,C: Possible Injury,17:16:00,Motorist Drive Out - Commercial Driveway / Alley,2012,Yes,No,Daylight,Straight - Level,Public Vehicular Area,Dry,"Two-Way, Not Divided",None,No Special Feature,Coarse Asphalt,3 lanes,"34.2309767678, -77.878102301"
2115,Durham,Durham,Piedmont,Commercial,Urban (>70% Developed),NA,Urban,30 - 35  MPH,Stop And Go Signal,Cloudy,No,27,25-29,No,NA,Facing Traffic,C: Possible Injury,Sidewalk / Crosswalk / Driveway Crossing,White,Female,59,50-59,No,NA,0-5 mph,O: No Injury,Black,Male,Passenger Car,No,12JUN2012,Tuesday,Crossing Paths - Other Circumstances,15,Intersection,June,C: Possible Injury,15:21:00,Signalized Intersection - Other / Unknown,2012,Yes,No,Daylight,Straight - Level,Local Street,Dry,"Two-Way, Not Divided",None,No Special Feature,Coarse Asphalt,4 lanes,"36.0024271178, -78.9129027044"
2124,None - Rural Crash,Dare,Coastal,Residential,Urban (>70% Developed),NA,Rural,30 - 35  MPH,"Double Yellow Line, No Passing Zone",Clear,No,37,30-39,No,NA,With Traffic,B: Evident Injury,Bike Lane / Paved Shoulder,White,Female,60,60-69,No,NA,0-5 mph,O: No Injury,White,Male,Sport Utility,No,15JUN2012,Friday,Motorist Failed to Yield - Sign-Controlled Intersection,23,Intersection,June,B: Evident Injury,23:05:00,Motorist Drive Out - Sign-Controlled Intersection,2012,Yes,No,Dark - Roadway Not Lighted,Straight - Level,NC Route,Dry,"Two-Way, Not Divided",None,T-Intersection,Coarse Asphalt,2 lanes,"35.5631271384, -75.4690016289"
2125,None - Rural Crash,Randolph,Piedmont,"Farms, Woods, Pastures",Rural (<30% Developed),NA,Rural,50 - 55  MPH,Stop Sign,Clear,No,67,60-69,No,NA,With Traffic,B: Evident Injury,Travel Lane,White,Male,54,50-59,No,NA,0-5 mph,O: No Injury,White,Male,Passenger Car,No,16JUN2012,Saturday,Motorist Failed to Yield - Sign-Controlled Intersection,10,Intersection,June,B: Evident Injury,10:34:00,Motorist Drive Out - Sign-Controlled Intersection,2012,Yes,No,Daylight,Straight - Grade,State Secondary Route,Dry,"Two-Way, Not Divided",None,T-Intersection,Smooth Asphalt,2 lanes,"35.6732370111, -79.9274029924"
2128,New Bern,Craven,Coastal,Residential,Urban (>70% Developed),NA,Urban,20 - 25  MPH,Stop Sign,Clear,No,11,11-15,No,NA,Facing Traffic,B: Evident Injury,Travel Lane,Black,Male,22,20-24,No,NA,0-5 mph,O: No Injury,White,Male,Passenger Car,No,10APR2012,Tuesday,Motorist Failed to Yield - Sign-Controlled Intersection,21,Intersection,April,B: Evident Injury,21:18:00,Motorist Drive Out - Sign-Controlled Intersection,2012,No,No,Daylight,Straight - Level,Local Street,Dry,"Two-Way, Divided, Positive Median Barrier",None,T-Intersection,Smooth Asphalt,2 lanes,"35.1184269891, -77.0918021045"
2139,Emerald Isle,Carteret,Coastal,Commercial,Urban (>70% Developed),NA,Rural,20 - 25  MPH,No Control Present,Clear,No,NA,NA,No,NA,NA,C: Possible Injury,Travel Lane,White,Male,40,40-49,No,NA,0-5 mph,O: No Injury,Black,Male,Van,No,09JUN2012,Saturday,Crossing Paths - Other Circumstances,18,Intersection-Related,June,C: Possible Injury,18:20:00,Crossing Paths - Uncontrolled Intersection,2012,No,No,Daylight,Straight - Level,Local Street,Dry,"Two-Way, Not Divided",None,No Special Feature,Smooth Asphalt,2 lanes,"34.6647368912, -77.0349020665"
2144,Oak Island,Brunswick,Coastal,Residential,Urban (>70% Developed),NA,Urban,30 - 35  MPH,No Control Present,Clear,No,15,11-15,No,NA,Not Applicable,B: Evident Injury,NA,Black,Male,17,0-19,No,NA,31-35 mph,O: No Injury,White,Male,Passenger Car,No,08JUN2012,Friday,Bicyclist Failed to Yield - Midblock,14,Non-Intersection,June,B: Evident Injury,14:00:00,Bicyclist Ride Out - Other Midblock,2012,Yes,No,Daylight,Straight - Level,Local Street,Dry,"Two-Way, Not Divided",None,No Special Feature,Smooth Asphalt,2 lanes,"33.9102966884, -78.1170023585"
2146,None - Rural Crash,Ashe,Mountains,"Farms, Woods, Pastures",Rural (<30% Developed),NA,Rural,50 - 55  MPH,"Double Yellow Line, No Passing Zone",Clear,No,50,50-59,No,NA,With Traffic,C: Possible Injury,Travel Lane,White,Female,40,40-49,No,NA,11-15 mph,O: No Injury,White,Male,Pickup,No,20JUN2012,Wednesday,Motorist Overtaking Bicyclist,16,Non-Intersection,June,C: Possible Injury,16:30:00,Motorist Overtaking - Misjudged Space,2012,No,No,Daylight,Curve - Level,State Secondary Route,Dry,"Two-Way, Not Divided",None,No Special Feature,Smooth Asphalt,2 lanes,"36.305727084, -81.5097035017"
2147,Raleigh,Wake,Piedmont,Commercial,Urban (>70% Developed),NA,Urban,40 - 45  MPH,Stop Sign,Rain,No,51,50-59,No,NA,Facing Traffic,C: Possible Injury,Sidewalk / Crosswalk / Driveway Crossing,Black,Male,38,30-39,No,NA,0-5 mph,O: No Injury,Black,Male,Passenger Car,No,21JUN2012,Thursday,Motorist Failed to Yield - Midblock,17,Non-Intersection,June,C: Possible Injury,17:28:00,Motorist Drive Out - Commercial Driveway / Alley,2012,Yes,No,Daylight,Straight - Level,Local Street,Wet,"Two-Way, Divided, Unprotected Median",Other,"Driveway, Public",Coarse Asphalt,3 lanes,"35.7700670781, -78.6134026005"
2152,Henderson,Vance,Piedmont,Residential,Urban (>70% Developed),NA,Urban,30 - 35  MPH,Stop Sign,Clear,No,15,11-15,No,NA,Facing Traffic,B: Evident Injury,Travel Lane,Black,Male,61,60-69,No,NA,6-10 mph,O: No Injury,Black,Female,Passenger Car,No,15JUN2012,Friday,Motorist Left Turn / Merge,16,Intersection,June,B: Evident Injury,16:02:00,Motorist Left Turn - Same Direction,2012,Yes,No,Daylight,Straight - Hillcrest,Local Street,Dry,"Two-Way, Not Divided",None,T-Intersection,Smooth Asphalt,2 lanes,"36.330027204, -78.4299025755"
2162,Smithfield,Johnston,Coastal,Commercial,Urban (>70% Developed),NA,Urban,30 - 35  MPH,No Control Present,Clear,No,51,50-59,No,NA,NA,A: Disabling Injury,NA,Black,Male,35,30-39,No,NA,31-35 mph,O: No Injury,Hispanic,Female,Passenger Car,No,16JUN2012,Saturday,Other / Unknown - Insufficient Details,14,Intersection-Related,June,A: Disabling Injury,14:46:00,Unknown Approach Paths,2012,Yes,No,Daylight,Straight - Level,US Route,Dry,"Two-Way, Not Divided",None,No Special Feature,Coarse Asphalt,5 lanes,"35.5134070333, -78.3326025017"
2164,Greensboro,Guilford,Piedmont,Residential,Urban (>70% Developed),NA,Urban,30 - 35  MPH,No Control Present,Clear,No,16,16-19,No,NA,Not Applicable,C: Possible Injury,Non-Roadway,Black,Male,23,20-24,No,NA,6-10 mph,O: No Injury,Black,Female,Passenger Car,No,29JUN2012,Friday,Bicyclist Failed to Yield - Midblock,11,Non-Intersection,June,C: Possible Injury,11:02:00,Bicyclist Ride Out - Commercial Driveway / Alley,2012,Yes,No,Daylight,Straight - Level,Local Street,Dry,"Two-Way, Not Divided",None,"Driveway, Private",Smooth Asphalt,2 lanes,"36.0950971064, -79.761902965"
2168,Charlotte,Mecklenburg,Piedmont,Residential,Urban (>70% Developed),NA,Urban,5 - 15 MPH,Stop Sign,Clear,No,54,50-59,No,NA,Facing Traffic,C: Possible Injury,Sidewalk / Crosswalk / Driveway Crossing,White,Male,29,25-29,No,NA,11-15 mph,O: No Injury,Black,Male,Passenger Car,No,27JUN2012,Wednesday,Motorist Failed to Yield - Midblock,20,Non-Intersection,June,C: Possible Injury,20:23:00,Motorist Drive Out - Commercial Driveway / Alley,2012,Yes,No,Dusk,Straight - Hillcrest,Public Vehicular Area,Dry,"Two-Way, Not Divided",None,No Special Feature,Smooth Asphalt,2 lanes,"35.2085768814, -80.757703215"
2177,Charlotte,Mecklenburg,Piedmont,Residential,Urban (>70% Developed),NA,Urban,20 - 25  MPH,No Control Present,Clear,No,10,6-10,No,NA,Not Applicable,C: Possible Injury,Driveway / Alley,White,Male,30,30-39,No,NA,16-20 mph,O: No Injury,White,Male,Sport Utility,No,27JUN2012,Wednesday,Bicyclist Failed to Yield - Midblock,18,Non-Intersection,June,C: Possible Injury,18:53:00,Bicyclist Ride Out - Residential Driveway,2012,No,No,Dusk,Straight - Hillcrest,Local Street,Dry,"Two-Way, Not Divided",None,"Driveway, Public",Smooth Asphalt,2 lanes,"35.1953368742, -80.8695032484"
2180,None - Rural Crash,Hyde,Coastal,Commercial,Urban (>70% Developed),NA,Rural,20 - 25  MPH,"Double Yellow Line, No Passing Zone",Clear,No,37,30-39,No,NA,With Traffic,C: Possible Injury,Travel Lane,Hispanic,Male,20,20-24,No,NA,6-10 mph,O: No Injury,White,Male,Pickup,No,04JUL2012,Wednesday,Motorist Overtaking Bicyclist,21,Non-Intersection,July,C: Possible Injury,21:20:00,Motorist Overtaking - Misjudged Space,2012,Yes,No,Dark - Lighted Roadway,Straight - Level,NC Route,Dry,"Two-Way, Not Divided",None,No Special Feature,Coarse Asphalt,2 lanes,"35.1148070242, -75.9841017667"
2184,Raleigh,Wake,Piedmont,Institutional,Urban (>70% Developed),NA,Urban,5 - 15 MPH,Stop And Go Signal,Clear,No,24,20-24,No,NA,Facing Traffic,C: Possible Injury,Sidewalk / Crosswalk / Driveway Crossing,White,Male,59,50-59,No,NA,0-5 mph,O: No Injury,White,Male,Pickup,No,27JUN2012,Wednesday,Motorist Failed to Yield - Signalized Intersection,18,Intersection,June,C: Possible Injury,18:49:00,Motorist Drive Out - Right Turn on Red,2012,Yes,No,Daylight,Straight - Level,Public Vehicular Area,Dry,"Two-Way, Not Divided",None,Four-Way Intersection,Smooth Asphalt,2 lanes,"35.7751670778, -78.6567026142"
2189,None - Rural Crash,Dare,Coastal,"Farms, Woods, Pastures",Rural (<30% Developed),NA,Rural,50 - 55  MPH,No Control Present,Clear,No,57,50-59,No,NA,With Traffic,C: Possible Injury,Bike Lane / Paved Shoulder,White,Male,33,30-39,No,NA,51-55 mph,O: No Injury,White,Male,Sport Utility,No,28JUN2012,Thursday,Loss of Control / Turning Error,9,Non-Intersection,June,C: Possible Injury,09:49:00,Motorist Lost Control - Other / Unknown,2012,Yes,No,Daylight,Straight - Level,NC Route,Dry,"Two-Way, Not Divided",None,No Special Feature,Coarse Asphalt,2 lanes,"35.3535970915, -75.50310163"
2191,Waxhaw,Union,Piedmont,Commercial,Mixed (30% To 70% Developed),NA,Rural,40 - 45  MPH,"Double Yellow Line, No Passing Zone",Clear,No,17,16-19,No,NA,With Traffic,Unknown Injury,Travel Lane,White,Male,25,25-29,No,NA,41-45 mph,C: Possible Injury,White,Male,Sport Utility,No,26JUN2012,Tuesday,Motorist Overtaking Bicyclist,16,Non-Intersection,June,C: Possible Injury,16:52:00,Motorist Overtaking - Bicyclist Swerved,2012,No,No,Daylight,Curve - Grade,State Secondary Route,Dry,"Two-Way, Divided, Unprotected Median",None,No Special Feature,Coarse Asphalt,2 lanes,"34.961586829, -80.744603198"
2202,High Point,Guilford,Piedmont,Commercial,Urban (>70% Developed),NA,Urban,40 - 45  MPH,Stop Sign,Clear,No,51,50-59,No,NA,Facing Traffic,C: Possible Injury,Travel Lane,Black,Male,19,0-19,No,NA,0-5 mph,O: No Injury,White,Male,Sport Utility,No,28JUN2012,Thursday,Motorist Failed to Yield - Sign-Controlled Intersection,20,Intersection,June,C: Possible Injury,20:26:00,Motorist Drive Out - Sign-Controlled Intersection,2012,Yes,No,Daylight,Straight - Level,NC Route,Dry,"Two-Way, Not Divided",None,No Special Feature,Smooth Asphalt,5 lanes,"35.9840370739, -80.0135030346"
2206,Durham,Durham,Piedmont,Residential,Urban (>70% Developed),NA,Urban,30 - 35  MPH,Stop And Go Signal,Clear,No,62,60-69,No,NA,With Traffic,B: Evident Injury,Travel Lane,White,Male,70+,70+,No,NA,16-20 mph,O: No Injury,White,Female,Passenger Car,No,15JUL2012,Sunday,Motorist Left Turn / Merge,17,Intersection,July,B: Evident Injury,17:47:00,Motorist Left Turn - Opposite Direction,2012,Yes,No,Daylight,Straight - Level,Local Street,Dry,"Two-Way, Not Divided",None,No Special Feature,Smooth Asphalt,3 lanes,"36.0172371204, -78.9216027077"
2207,None - Rural Crash,Onslow,Coastal,Commercial,Mixed (30% To 70% Developed),NA,Rural,40 - 45  MPH,Stop Sign,Clear,No,43,40-49,No,NA,With Traffic,B: Evident Injury,Travel Lane,White,Female,58,50-59,No,NA,0-5 mph,O: No Injury,White,Male,Sport Utility,No,08JUL2012,Sunday,Motorist Failed to Yield - Sign-Controlled Intersection,10,Intersection,July,B: Evident Injury,10:15:00,Motorist Drive Out - Sign-Controlled Intersection,2012,Yes,No,Daylight,Straight - Level,State Secondary Route,"Water (Standing, Moving)","Two-Way, Not Divided",None,T-Intersection,Smooth Asphalt,2 lanes,"34.7175068934, -77.3203021553"
2208,Charlotte,Mecklenburg,Piedmont,Residential,Urban (>70% Developed),NA,Urban,20 - 25  MPH,No Control Present,Clear,No,6,6-10,No,NA,Not Applicable,C: Possible Injury,Non-Roadway,Black,Male,18,0-19,No,NA,21-25 mph,O: No Injury,White,Female,Passenger Car,No,15JUL2012,Sunday,Bicyclist Failed to Yield - Midblock,20,Non-Intersection,July,C: Possible Injury,20:00:00,Bicyclist Ride Out - Commercial Driveway / Alley,2012,Yes,No,Daylight,Straight - Level,Local Street,Dry,"Two-Way, Not Divided",None,No Special Feature,Smooth Asphalt,2 lanes,"35.2586168906, -80.8045032324"
2211,Gastonia,Gaston,Piedmont,Residential,Urban (>70% Developed),NA,Urban,30 - 35  MPH,No Control Present,Clear,No,12,11-15,No,NA,With Traffic,C: Possible Injury,Travel Lane,Black,Female,NA,NA,Missing,NA,31-35 mph,Unknown Injury,Unknown/Missing,NA,NA,No,21JUN2012,Thursday,Bicyclist Left Turn / Merge,16,Non-Intersection,June,C: Possible Injury,16:00:00,Bicyclist Left Turn - Same Direction,2012,Yes,Yes,Daylight,Straight - Grade,NC Route,Dry,"Two-Way, Not Divided",None,No Special Feature,Smooth Asphalt,5 lanes,"35.2540168755, -81.1764033428"
2226,None - Rural Crash,Caldwell,Mountains,Residential,Urban (>70% Developed),NA,Rural,20 - 25  MPH,Stop Sign,Cloudy,No,8,6-10,No,NA,Facing Traffic,C: Possible Injury,Travel Lane,White,Female,70+,70+,No,NA,11-15 mph,O: No Injury,White,Female,Pickup,No,17JUL2012,Tuesday,Bicyclist Failed to Yield - Sign-Controlled Intersection,10,Intersection,July,C: Possible Injury,10:41:00,Bicyclist Ride Through - Sign-Controlled Intersection,2012,No,No,Daylight,Straight - Level,Local Street,Dry,"Two-Way, Not Divided",None,T-Intersection,Smooth Asphalt,2 lanes,"35.8540669894, -81.5361034829"