object_id,city,county,region,development,locality,on_road,rural_urban,speed_limit,traffic_control,weather,workzone,bike_age,bike_age_group,bike_alcohol,bike_alcohol_drugs,bike_direction,bike_injury,bike_position,bike_race,bike_sex,driver_age,driver_age_group,driver_alcohol,driver_alcohol_drugs,driver_est_speed,driver_injury,driver_race,driver_sex,driver_vehicle_type,crash_alcohol,crash_date,crash_day,crash_group,crash_hour,crash_location,crash_month,crash_severity,crash_time,crash_type,crash_year,ambulance_req,hit_run,light_condition,road_character,road_class,road_condition,road_configuration,road_defects,road_feature,road_surface,num_lanes,geo_point
5445,Charlotte,Mecklenburg,Piedmont,Commercial,Urban (>70% Developed),NA,Urban,30 - 35  MPH,Stop Sign,Clear,No,35,30-39,Yes,NA,With Traffic,B: Evident Injury,Sidewalk / Crosswalk / Driveway Crossing,Hispanic,Male,30,30-39,No,NA,6-10 mph,O: No Injury,Black,Male,Passenger Car,Yes,22MAR2009,Sunday,Motorist Overtaking Bicyclist,20,Intersection,March,B: Evident Injury,20:45:00,Motorist Overtaking - Bicyclist Swerved,2009,No,No,Dark - Lighted Roadway,Straight - Level,Local Street,Dry,"Two-Way, Divided, Unprotected Median",None,No Special Feature,Smooth Asphalt,3 lanes,"35.2467228899, -80.7524032155"
5454,Durham,Durham,Piedmont,Residential,Urban (>70% Developed),NA,Urban,30 - 35  MPH,Stop Sign,Clear,No,17,16-19,No,NA,With Traffic,C: Possible Injury,Travel Lane,Black,Male,60,60-69,No,NA,0-5 mph,O: No Injury,White,Female,Sport Utility,No,05FEB2008,Tuesday,Motorist Failed to Yield - Sign-Controlled Intersection,18,Intersection,February,C: Possible Injury,18:38:00,Motorist Drive Out - Sign-Controlled Intersection,2008,No,No,Dark - Lighted Roadway,Straight - Level,Local Street,Dry,"Two-Way, Not Divided",None,Four-Way Intersection,Smooth Asphalt,2 lanes,"36.0513071277, -78.9081227051"
5456,Charlotte,Mecklenburg,Piedmont,Commercial,Urban (>70% Developed),NA,Urban,20 - 25  MPH,Stop Sign,Clear,No,22,20-24,No,NA,Facing Traffic,C: Possible Injury,Sidewalk / Crosswalk / Driveway Crossing,Black,Male,44,40-49,No,NA,0-5 mph,O: No Injury,Black,Male,Passenger Car,No,11FEB2008,Monday,Motorist Failed to Yield - Sign-Controlled Intersection,17,Intersection,February,C: Possible Injury,17:43:00,Motorist Drive Out - Sign-Controlled Intersection,2008,No,No,Daylight,Straight - Level,Local Street,Dry,"Two-Way, Divided, Positive Median Barrier",None,T-Intersection,Smooth Asphalt,2 lanes,"35.2784038931, -80.855993248"
5461,Charlotte,Mecklenburg,Piedmont,Residential,Urban (>70% Developed),NA,Urban,20 - 25  MPH,No Control Present,Clear,No,54,50-59,Yes,NA,With Traffic,O: No Injury,Travel Lane,Black,Male,25,25-29,No,NA,0-5 mph,O: No Injury,White,Male,Truck/Trailer,Yes,24FEB2008,Sunday,Parallel Paths - Other Circumstances,20,Intersection,February,O: No Injury,20:08:00,Motorist Turn / Merge - Other / Unknown,2008,No,No,Dark - Lighted Roadway,Straight - Level,Local Street,Dry,"Two-Way, Not Divided",None,No Special Feature,Smooth Asphalt,2 lanes,"35.2271368827, -80.8203732348"
5470,Charlotte,Mecklenburg,Piedmont,Residential,Mixed (30% To 70% Developed),NA,Urban,30 - 35  MPH,Stop Sign,Clear,No,9,6-10,No,NA,Not Applicable,B: Evident Injury,Non-Roadway,Black,Male,20,20-24,No,NA,31-35 mph,O: No Injury,Other,Male,Passenger Car,No,16MAR2008,Sunday,Bicyclist Failed to Yield - Sign-Controlled Intersection,16,Intersection,March,B: Evident Injury,16:54:00,Bicyclist Ride Through - Sign-Controlled Intersection,2008,Yes,No,Daylight,Straight - Grade,Local Street,Dry,"Two-Way, Not Divided",None,T-Intersection,Smooth Asphalt,2 lanes,"35.2615498869, -80.9135632645"
5473,Cary,Wake,Piedmont,Residential,Urban (>70% Developed),NA,Urban,20 - 25  MPH,Stop Sign,Clear,No,14,11-15,No,NA,Facing Traffic,O: No Injury,NA,Black,Male,40,40-49,No,NA,0-5 mph,O: No Injury,Black,Female,Van,No,28MAR2008,Friday,Motorist Failed to Yield - Sign-Controlled Intersection,14,Intersection,March,O: No Injury,14:50:00,Motorist Drive Out - Sign-Controlled Intersection,2008,No,No,Daylight,Straight - Level,State Secondary Route,Dry,"Two-Way, Not Divided",None,Related To Intersection,Smooth Asphalt,2 lanes,"35.8077970808, -78.77099265"
5477,None - Rural Crash,Wake,Piedmont,"Farms, Woods, Pastures",Rural (<30% Developed),NA,Rural,40 - 45  MPH,No Control Present,Clear,No,5,0-5,No,NA,Not Applicable,C: Possible Injury,Driveway / Alley,Black,Male,NA,NA,No,NA,21-25 mph,Unknown Injury,Unknown/Missing,NA,NA,No,06JAN2008,Sunday,Bicyclist Failed to Yield - Midblock,13,Non-Intersection,January,C: Possible Injury,13:55:00,Bicyclist Ride Out - Residential Driveway,2008,No,Yes,Daylight,Straight - Level,Local Street,Dry,"Two-Way, Not Divided",None,No Special Feature,Smooth Asphalt,2 lanes,"35.8467131023, -78.410357543"
5482,Garner,Wake,Piedmont,Institutional,Mixed (30% To 70% Developed),NA,Urban,20 - 25  MPH,No Control Present,Clear,No,28,25-29,No,NA,With Traffic,O: No Injury,Travel Lane,White,Male,17,0-19,No,NA,11-15 mph,O: No Injury,Black,Male,Sport Utility,No,08JAN2008,Tuesday,Crossing Paths - Other Circumstances,11,Intersection,January,O: No Injury,11:20:00,Sign-Controlled Intersection - Other / Unknown,2008,No,Yes,Daylight,Straight - Level,Local Street,Dry,"Two-Way, Not Divided",None,No Special Feature,Smooth Asphalt,2 lanes,"35.7119900648, -78.6343176036"
5503,Fayetteville,Cumberland,Coastal,Commercial,Urban (>70% Developed),NA,Urban,50 - 55  MPH,No Control Present,Clear,No,40,40-49,No,NA,With Traffic,B: Evident Injury,Bike Lane / Paved Shoulder,Black,Male,64,60-69,No,NA,41-45 mph,O: No Injury,White,Male,Sport Utility,No,21JAN2008,Monday,Motorist Overtaking Bicyclist,14,Non-Intersection,January,B: Evident Injury,14:45:00,Motorist Overtaking - Other / Unknown,2008,Yes,No,Daylight,Curve - Hillcrest,Local Street,Dry,"Two-Way, Divided, Unprotected Median",None,No Special Feature,Smooth Asphalt,4 lanes,"35.0341639054, -79.0221326853"
5514,None - Rural Crash,Wilkes,Mountains,Residential,Mixed (30% To 70% Developed),NA,Rural,50 - 55  MPH,"Double Yellow Line, No Passing Zone",Clear,No,42,40-49,No,NA,With Traffic,B: Evident Injury,Travel Lane,White,Male,27,25-29,No,NA,31-35 mph,O: No Injury,White,Female,Van,No,26JAN2008,Saturday,Motorist Overtaking Bicyclist,19,Non-Intersection,January,B: Evident Injury,19:10:00,Motorist Overtaking - Misjudged Space,2008,Yes,No,Daylight,Straight - Grade,State Secondary Route,Dry,"Two-Way, Not Divided",None,No Special Feature,Smooth Asphalt,2 lanes,"36.244941089, -81.0548583627"
5525,Morganton,Burke,Mountains,Residential,Urban (>70% Developed),NA,Urban,30 - 35  MPH,No Control Present,Rain,No,29,25-29,No,NA,With Traffic,C: Possible Injury,Travel Lane,White,Male,37,30-39,No,NA,6-10 mph,O: No Injury,Black,Male,Passenger Car,No,31JAN2008,Thursday,Motorist Failed to Yield - Midblock,20,Non-Intersection,January,C: Possible Injury,20:44:00,Motorist Drive Out - Midblock - Unknown,2008,Yes,No,Dark - Lighted Roadway,Straight - Grade,Local Street,Wet,"Two-Way, Not Divided",None,No Special Feature,Smooth Asphalt,2 lanes,"35.7380709585, -81.6922485233"
5526,None - Rural Crash,Vance,Piedmont,Residential,Mixed (30% To 70% Developed),NA,Rural,50 - 55  MPH,Missing,Clear,No,50,50-59,Yes,NA,With Traffic,C: Possible Injury,Travel Lane,White,Male,62,60-69,No,NA,51-55 mph,O: No Injury,White,Male,Pickup,Yes,01FEB2008,Friday,Motorist Overtaking Bicyclist,18,Non-Intersection,February,C: Possible Injury,18:15:00,Motorist Overtaking - Bicyclist Swerved,2008,Yes,No,Dark - Roadway Not Lighted,Straight - Level,State Secondary Route,Dry,"Two-Way, Not Divided",None,No Special Feature,Smooth Asphalt,2 lanes,"36.3682172141, -78.3727365597"
5527,Charlotte,Mecklenburg,Piedmont,Residential,Urban (>70% Developed),NA,Urban,20 - 25  MPH,No Control Present,Clear,No,33,30-39,No,NA,With Traffic,O: No Injury,Travel Lane,White,Male,NA,NA,Missing,NA,21-25 mph,Unknown Injury,Unknown/Missing,NA,Passenger Car,No,16APR2008,Wednesday,Motorist Overtaking Bicyclist,16,Non-Intersection,April,O: No Injury,16:23:00,Motorist Overtaking - Other / Unknown,2008,No,Yes,Daylight,Straight - Level,Local Street,Dry,"Two-Way, Not Divided",None,No Special Feature,Smooth Asphalt,2 lanes,"35.2300068848, -80.796083228"
6250,Wilson,Wilson,Coastal,Commercial,Urban (>70% Developed),NA,Urban,40 - 45  MPH,Missing,Rain,No,49,40-49,Yes,NA,With Traffic,A: Disabling Injury,Travel Lane,White,Male,24,20-24,No,NA,31-35 mph,O: No Injury,Black,Male,Passenger Car,Yes,18OCT2008,Saturday,Bicyclist Right Turn / Merge,0,Non-Intersection,October,A: Disabling Injury,00:48:00,Bicyclist Right Turn - Same Direction,2008,Yes,No,Dark - Lighted Roadway,Straight - Grade,Local Street,Wet,"Two-Way, Not Divided",None,No Special Feature,Smooth Asphalt,5 lanes,"35.7317230952, -77.8999323822"
6254,Wilson,Wilson,Coastal,Commercial,Mixed (30% To 70% Developed),NA,Urban,40 - 45  MPH,Stop And Go Signal,Clear,No,45,40-49,No,NA,With Traffic,C: Possible Injury,Travel Lane,Black,Male,19,0-19,No,NA,46-50 mph,O: No Injury,Black,Female,Passenger Car,No,26MAY2008,Monday,Bicyclist Left Turn / Merge,17,Intersection,May,C: Possible Injury,17:59:00,Bicyclist Left Turn - Same Direction,2008,Yes,No,Daylight,Straight - Hillcrest,Local Street,Dry,"Two-Way, Not Divided",None,No Special Feature,Smooth Asphalt,5 lanes,"35.7198630924, -77.914172386"
6257,Fayetteville,Cumberland,Coastal,Commercial,Urban (>70% Developed),NA,Urban,50 - 55  MPH,"Double Yellow Line, No Passing Zone",Cloudy,No,35,30-39,No,NA,Not Applicable,B: Evident Injury,Travel Lane,Black,Male,25,25-29,No,NA,31-35 mph,O: No Injury,Black,Male,Pickup,No,18OCT2008,Saturday,Bicyclist Failed to Yield - Midblock,13,Non-Intersection,October,B: Evident Injury,13:47:00,Bicyclist Ride Out - Midblock - Unknown,2008,Yes,No,Daylight,Straight - Level,Local Street,Dry,"Two-Way, Divided, Unprotected Median",None,Related To Intersection,Smooth Asphalt,7 lanes,"35.1026409247, -78.8991726519"
6258,Fayetteville,Cumberland,Coastal,Commercial,Urban (>70% Developed),NA,Urban,5 - 15 MPH,No Control Present,Clear,No,51,50-59,No,NA,Facing Traffic,Unknown Injury,Sidewalk / Crosswalk / Driveway Crossing,Unknown/Missing,NA,36,30-39,No,NA,6-10 mph,O: No Injury,Black,Female,Pickup,No,20OCT2008,Monday,Motorist Failed to Yield - Midblock,15,Non-Intersection,October,O: No Injury,15:05:00,Motorist Drive Out - Commercial Driveway / Alley,2008,Yes,No,Daylight,Straight - Level,Public Vehicular Area,Dry,NA,None,"Driveway, Private",Coarse Asphalt,NA,"35.0754619174, -78.9319866609"
6261,Shallotte,Brunswick,Coastal,Residential,Mixed (30% To 70% Developed),NA,Rural,NA,No Control Present,Clear,No,64,60-69,No,NA,With Traffic,B: Evident Injury,Travel Lane,White,Male,47,40-49,No,NA,NA,O: No Injury,White,Male,Pickup,No,20OCT2008,Monday,Motorist Right Turn / Merge,15,Non-Intersection,October,B: Evident Injury,15:00:00,Motorist Right Turn - Same Direction,2008,No,No,Daylight,Straight - Level,Local Street,Dry,"Two-Way, Not Divided",None,No Special Feature,Coarse Asphalt,3 lanes,"33.9580716897, -78.3995324456"
6269,Cary,Wake,Piedmont,Commercial,Urban (>70% Developed),NA,Urban,40 - 45  MPH,Stop And Go Signal,Clear,No,47,40-49,No,NA,With Traffic,B: Evident Injury,Travel Lane,White,Female,32,30-39,No,NA,41-45 mph,C: Possible Injury,Black,Female,Sport Utility,No,16OCT2008,Thursday,Other / Unusual Circumstances,8,Intersection,October,B: Evident Injury,08:09:00,Unusual Circumstances,2008,Yes,No,Daylight,Straight - Grade,NC Route,Dry,"Two-Way, Divided, Unprotected Median",None,Four-Way Intersection,Smooth Asphalt,4 lanes,"35.7946620785, -78.7508026432"
6270,Durham,Durham,Piedmont,Commercial,Urban (>70% Developed),NA,Urban,30 - 35  MPH,Stop And Go Signal,Clear,No,29,25-29,No,NA,With Traffic,B: Evident Injury,Travel Lane,White,Male,57,50-59,No,NA,26-30 mph,O: No Injury,Black,Female,Passenger Car,No,29OCT2008,Wednesday,Bicyclist Failed to Yield - Signalized Intersection,17,Intersection,October,B: Evident Injury,17:17:00,Bicyclist Ride Through - Signalized Intersection,2008,Yes,No,Daylight,Straight - Level,Local Street,Dry,"Two-Way, Not Divided",None,No Special Feature,Coarse Asphalt,2 lanes,"35.9937091172, -78.8702726907"
6273,Morehead City,Carteret,Coastal,Commercial,Urban (>70% Developed),NA,Urban,30 - 35  MPH,Stop Sign,Clear,No,20,20-24,No,NA,Facing Traffic,C: Possible Injury,Sidewalk / Crosswalk / Driveway Crossing,Hispanic,Male,70+,70+,No,NA,6-10 mph,O: No Injury,White,Female,Passenger Car,No,09OCT2008,Thursday,Motorist Failed to Yield - Sign-Controlled Intersection,10,Intersection,October,C: Possible Injury,10:59:00,Motorist Drive Out - Sign-Controlled Intersection,2008,Yes,No,Daylight,Straight - Level,Local Street,Dry,"Two-Way, Divided, Unprotected Median",None,T-Intersection,Coarse Asphalt,5 lanes,"34.7272289137, -76.7515719831"
6290,Marvin,Union,Piedmont,Institutional,Mixed (30% To 70% Developed),NA,Rural,40 - 45  MPH,"Double Yellow Line, No Passing Zone",Clear,No,49,40-49,No,NA,With Traffic,B: Evident Injury,Travel Lane,White,Male,37,30-39,No,NA,56-60 mph,O: No Injury,White,Male,Passenger Car,No,25OCT2008,Saturday,Motorist Overtaking Bicyclist,17,Non-Intersection,October,B: Evident Injury,17:05:00,Motorist Overtaking - Other / Unknown,2008,No,No,Daylight,Straight - Grade,State Secondary Route,Dry,"Two-Way, Not Divided",None,No Special Feature,Smooth Asphalt,2 lanes,"34.9693328282, -80.7988732144"
6294,Wilmington,New Hanover,Coastal,Commercial,Urban (>70% Developed),NA,Urban,NA,Stop And Go Signal,Clear,No,44,40-49,No,NA,With Traffic,B: Evident Injury,Travel Lane,White,Male,NA,NA,Missing,NA,NA,Unknown Injury,Unknown/Missing,NA,NA,No,21OCT2008,Tuesday,Motorist Right Turn / Merge,15,Intersection-Related,October,B: Evident Injury,15:00:00,Motorist Right Turn - Same Direction,2008,Yes,Yes,Daylight,Straight - Level,Local Street,Dry,"Two-Way, Divided, Positive Median Barrier",None,No Special Feature,Smooth Asphalt,5 lanes,"34.2174067632, -77.9069223095"
6297,Wilmington,New Hanover,Coastal,Residential,Urban (>70% Developed),NA,Urban,20 - 25  MPH,No Control Present,Clear,No,14,11-15,No,NA,With Traffic,B: Evident Injury,Travel Lane,Black,Female,NA,NA,Missing,NA,36-40 mph,Unknown Injury,Unknown/Missing,NA,NA,No,22OCT2008,Wednesday,Motorist Overtaking Bicyclist,21,Non-Intersection,October,B: Evident Injury,21:00:00,Motorist Overtaking - Other / Unknown,2008,Yes,Yes,Dark - Lighted Roadway,Straight - Level,Local Street,Dry,"Two-Way, Not Divided",None,No Special Feature,Coarse Asphalt,2 lanes,"34.2286137652, -77.9240023154"
6305,Kannapolis,Cabarrus,Piedmont,Commercial,Urban (>70% Developed),NA,Urban,20 - 25  MPH,Stop And Go Signal,Clear,No,63,60-69,No,NA,With Traffic,A: Disabling Injury,Travel Lane,White,Male,NA,NA,Missing,NA,21-25 mph,Unknown Injury,Unknown/Missing,NA,"Light Truck (Mini-Van, Panel)",No,02NOV2008,Sunday,Motorist Overtaking Bicyclist,13,Non-Intersection,November,A: Disabling Injury,13:20:00,Motorist Overtaking - Other / Unknown,2008,No,Yes,Daylight,Straight - Level,US Route,Dry,"Two-Way, Divided, Unprotected Median",None,Related To Intersection,Smooth Asphalt,3 lanes,"35.497862948, -80.6240531911"
6306,None - Rural Crash,Montgomery,Piedmont,"Farms, Woods, Pastures",Rural (<30% Developed),NA,Rural,50 - 55  MPH,"Double Yellow Line, No Passing Zone",Clear,No,53,50-59,No,NA,With Traffic,B: Evident Injury,Travel Lane,White,Male,46,40-49,No,NA,51-55 mph,O: No Injury,White,Male,Sport Utility,No,31OCT2008,Friday,Motorist Overtaking Bicyclist,19,Non-Intersection,October,B: Evident Injury,19:07:00,Motorist Overtaking - Undetected Bicyclist,2008,Yes,No,Dark - Roadway Not Lighted,Straight - Level,US Route,Dry,"Two-Way, Not Divided",None,No Special Feature,Coarse Asphalt,2 lanes,"35.3085439392, -79.7559529211"
6311,Rocky Mount,Nash,Coastal,Commercial,Urban (>70% Developed),NA,Urban,30 - 35  MPH,No Control Present,Clear,No,27,25-29,No,NA,Not Applicable,C: Possible Injury,Non-Roadway,Black,Male,32,30-39,No,NA,6-10 mph,O: No Injury,Black,Male,Passenger Car,No,11OCT2008,Saturday,Other / Unusual Circumstances,13,Non-Intersection,October,C: Possible Injury,13:46:00,Motorist Intentionally Caused,2008,Yes,No,Daylight,Straight - Level,Local Street,Dry,"Two-Way, Not Divided",None,No Special Feature,Smooth Asphalt,2 lanes,"35.9248991399, -77.8143123655"
6313,Rocky Mount,Edgecombe,Coastal,Residential,Urban (>70% Developed),NA,Urban,30 - 35  MPH,Flashing Signal With Stop Sign,Clear,No,23,20-24,No,NA,Facing Traffic,C: Possible Injury,Travel Lane,Black,Male,NA,NA,Missing,NA,0-5 mph,Unknown Injury,Unknown/Missing,NA,NA,No,02OCT2008,Thursday,Motorist Failed to Yield - Sign-Controlled Intersection,20,Intersection,October,C: Possible Injury,20:06:00,Motorist Drive Out - Sign-Controlled Intersection,2008,No,Yes,Dark - Lighted Roadway,Straight - Level,Local Street,Dry,"Two-Way, Not Divided",None,Four-Way Intersection,Smooth Asphalt,2 lanes,"35.9504771457, -77.7853123583"
6315,None - Rural Crash,Hoke,Coastal,"Farms, Woods, Pastures",Rural (<30% Developed),NA,Rural,50 - 55  MPH,No Control Present,Clear,No,64,60-69,Yes,NA,Facing Traffic,B: Evident Injury,Travel Lane,Black,Male,NA,NA,No,NA,51-55 mph,Unknown Injury,Unknown/Missing,NA,NA,Yes,20NOV2008,Thursday,Head-On,20,Non-Intersection,November,B: Evident Injury,20:25:00,Head-On - Bicyclist,2008,Yes,Yes,Dark - Roadway Not Lighted,Straight - Grade,NC Route,Dry,"Two-Way, Not Divided",None,No Special Feature,Smooth Asphalt,2 lanes,"34.9907298874, -79.2615027559"
6316,Raleigh,Wake,Piedmont,Residential,Mixed (30% To 70% Developed),NA,Urban,40 - 45  MPH,No Control Present,Clear,No,24,20-24,No,NA,Not Applicable,B: Evident Injury,Sidewalk / Crosswalk / Driveway Crossing,Black,Male,56,50-59,No,NA,0-5 mph,O: No Injury,White,Male,Passenger Car,No,03OCT2008,Friday,Bicyclist Failed to Yield - Signalized Intersection,22,Intersection-Related,October,B: Evident Injury,22:42:00,Bicyclist Failed to Clear - Trapped,2008,Yes,No,Dark - Lighted Roadway,Straight - Level,Local Street,Dry,"Two-Way, Divided, Unprotected Median",None,No Special Feature,Coarse Asphalt,5 lanes,"35.8448670955, -78.5694985916"
6318,Havelock,Craven,Coastal,Commercial,Urban (>70% Developed),NA,Urban,40 - 45  MPH,No Control Present,Clear,No,31,30-39,No,NA,Facing Traffic,C: Possible Injury,Travel Lane,White,Male,24,20-24,No,NA,0-5 mph,O: No Injury,White,Female,Passenger Car,No,17OCT2008,Friday,Motorist Failed to Yield - Midblock,13,Non-Intersection,October,C: Possible Injury,13:36:00,Motorist Drive Out - Commercial Driveway / Alley,2008,Yes,No,Daylight,Straight - Level,US Route,Dry,"Two-Way, Divided, Unprotected Median",None,"Driveway, Public",Smooth Asphalt,4 lanes,"34.8679669404, -76.8999720344"
6321,Asheville,Buncombe,Mountains,Residential,Urban (>70% Developed),NA,Urban,30 - 35  MPH,Missing,Clear,No,45,40-49,No,NA,With Traffic,B: Evident Injury,Travel Lane,White,Female,70+,70+,No,NA,NA,Unknown Injury,White,Male,Passenger Car,No,05NOV2008,Wednesday,Motorist Overtaking Bicyclist,11,Non-Intersection,November,B: Evident Injury,11:00:00,Motorist Overtaking - Misjudged Space,2008,No,No,Daylight,Straight - Level,Local Street,Dry,"Two-Way, Not Divided",None,T-Intersection,Smooth Asphalt,4 lanes,"35.6079868986, -82.5461137681"
6328,None - Rural Crash,Lenoir,Coastal,"Farms, Woods, Pastures",Mixed (30% To 70% Developed),NA,Rural,40 - 45  MPH,"Double Yellow Line, No Passing Zone",Clear,No,50,50-59,Yes,NA,With Traffic,C: Possible Injury,Bike Lane / Paved Shoulder,White,Male,30,30-39,No,NA,31-35 mph,O: No Injury,Black,Male,Passenger Car,Yes,10NOV2008,Monday,Bicyclist Left Turn / Merge,18,Non-Intersection,November,C: Possible Injury,18:00:00,Bicyclist Left Turn - Same Direction,2008,Yes,No,Dark - Roadway Not Lighted,Straight - Level,NC Route,Dry,"Two-Way, Not Divided",None,No Special Feature,Coarse Asphalt,2 lanes,"35.2901610031, -77.7873923254"
6332,Williamston,Martin,Coastal,Commercial,Mixed (30% To 70% Developed),NA,Urban,40 - 45  MPH,Yield Sign,Clear,No,22,20-24,No,NA,Facing Traffic,C: Possible Injury,Travel Lane,Unknown/Missing,Male,40,40-49,No,NA,16-20 mph,O: No Injury,White,Female,Passenger Car,No,15SEP2008,Monday,Head-On,7,Intersection,September,C: Possible Injury,07:30:00,Head-On - Bicyclist,2008,No,No,Daylight,Straight - Level,US Route,Dry,"Two-Way, Divided, Unprotected Median",None,Four-Way Intersection,Smooth Asphalt,6 lanes,"35.8413611475, -77.0637521322"
6335,Emerald Isle,Carteret,Coastal,Residential,Urban (>70% Developed),NA,Rural,20 - 25  MPH,No Control Present,Clear,No,1,0-5,No,NA,With Traffic,B: Evident Injury,Travel Lane,White,Male,70+,70+,No,NA,0-5 mph,O: No Injury,White,Male,Passenger Car,No,08OCT2008,Wednesday,Motorist Left Turn / Merge,6,Intersection,October,B: Evident Injury,06:56:00,Motorist Left Turn - Opposite Direction,2008,Yes,No,Daylight,Straight - Hillcrest,Local Street,Dry,"Two-Way, Not Divided",None,T-Intersection,Coarse Asphalt,4 lanes,"34.6712868943, -76.9861120519"
6338,Fayetteville,Cumberland,Coastal,Commercial,Urban (>70% Developed),NA,Urban,30 - 35  MPH,Stop And Go Signal,Cloudy,No,54,50-59,No,NA,With Traffic,B: Evident Injury,Travel Lane,White,Male,25,25-29,No,NA,31-35 mph,O: No Injury,White,Male,Sport Utility,No,24OCT2008,Friday,Bicyclist Failed to Yield - Signalized Intersection,18,Intersection,October,B: Evident Injury,18:41:00,Bicyclist Ride Through - Signalized Intersection,2008,Yes,No,Dark - Lighted Roadway,Straight - Level,Local Street,Wet,"Two-Way, Not Divided",None,Four-Way Intersection,Smooth Asphalt,6 lanes,"35.0458569133, -78.8655266393"
6342,None - Rural Crash,Richmond,Piedmont,Residential,Urban (>70% Developed),NA,Rural,30 - 35  MPH,"Double Yellow Line, No Passing Zone",Clear,No,52,50-59,No,NA,With Traffic,B: Evident Injury,Travel Lane,White,Male,24,20-24,Yes,NA,51-55 mph,O: No Injury,Hispanic,Male,Van,Yes,15NOV2008,Saturday,Motorist Overtaking Bicyclist,23,Non-Intersection,November,B: Evident Injury,23:29:00,Motorist Overtaking - Other / Unknown,2008,Yes,Yes,Daylight,Straight - Grade,State Secondary Route,Dry,"Two-Way, Not Divided",None,No Special Feature,Coarse Asphalt,2 lanes,"34.9222768553, -79.7730289057"
6343,None - Rural Crash,Richmond,Piedmont,Residential,Mixed (30% To 70% Developed),NA,Rural,40 - 45  MPH,"Double Yellow Line, No Passing Zone",Cloudy,No,37,30-39,Yes,NA,With Traffic,K: Killed,Travel Lane,White,Female,20,20-24,No,NA,41-45 mph,O: No Injury,White,Male,Passenger Car,Yes,12NOV2008,Wednesday,Motorist Overtaking Bicyclist,17,Non-Intersection,November,K: Killed,17:50:00,Motorist Overtaking - Other / Unknown,2008,Yes,No,Dark - Roadway Not Lighted,Straight - Grade,State Secondary Route,Dry,"Two-Way, Not Divided",None,No Special Feature,Smooth Asphalt,2 lanes,"34.9078738504, -79.8139129172"
6346,Fayetteville,Cumberland,Coastal,Commercial,Urban (>70% Developed),NA,Urban,40 - 45  MPH,No Control Present,Clear,No,31,30-39,Yes,NA,Facing Traffic,B: Evident Injury,Travel Lane,Black,Male,23,20-24,No,NA,11-15 mph,O: No Injury,Black,Female,Passenger Car,Yes,25OCT2008,Saturday,Head-On,21,Non-Intersection,October,B: Evident Injury,21:45:00,Head-On - Bicyclist,2008,No,No,Dark - Lighted Roadway,Straight - Level,Local Street,Dry,"Two-Way, Divided, Positive Median Barrier",None,No Special Feature,Coarse Asphalt,8 lanes,"35.0750989173, -78.9306666603"
6361,Greensboro,Guilford,Piedmont,Commercial,Urban (>70% Developed),NA,Urban,5 - 15 MPH,Stop And Go Signal,Clear,No,18,16-19,No,NA,Facing Traffic,C: Possible Injury,Travel Lane,Black,Male,19,0-19,No,NA,NA,O: No Injury,Black,Female,Passenger Car,No,22OCT2008,Wednesday,Bicyclist Failed to Yield - Signalized Intersection,15,Intersection,October,C: Possible Injury,15:28:00,Bicyclist Ride Through - Signalized Intersection,2008,Yes,No,Daylight,Straight - Hillcrest,Local Street,Dry,"Two-Way, Divided, Unprotected Median",None,No Special Feature,Smooth Asphalt,2 lanes,"36.0751531018, -79.7702429666"
6362,Mount Holly,Gaston,Piedmont,Residential,Urban (>70% Developed),NA,Urban,30 - 35  MPH,"Double Yellow Line, No Passing Zone",Clear,No,32,30-39,No,NA,With Traffic,B: Evident Injury,Travel Lane,White,Male,37,30-39,No,NA,21-25 mph,O: No Injury,White,Male,Pickup,No,25NOV2008,Tuesday,Motorist Overtaking Bicyclist,7,Non-Intersection,November,B: Evident Injury,07:55:00,Motorist Overtaking - Other / Unknown,2008,No,No,Daylight,Straight - Level,Local Street,Wet,"Two-Way, Not Divided",None,No Special Feature,Smooth Asphalt,2 lanes,"35.2661128834, -81.0395693024"
6363,None - Rural Crash,Onslow,Coastal,"Farms, Woods, Pastures",Rural (<30% Developed),NA,Rural,40 - 45  MPH,No Control Present,Clear,No,13,11-15,No,NA,NA,C: Possible Injury,NA,White,Male,NA,NA,Missing,NA,41-45 mph,Unknown Injury,Unknown/Missing,NA,NA,No,16NOV2008,Sunday,Parallel Paths - Other Circumstances,15,Non-Intersection,November,C: Possible Injury,15:30:00,Parallel Paths - Other / Unknown,2008,No,Yes,Daylight,Straight - Level,State Secondary Route,Dry,"Two-Way, Not Divided",None,No Special Feature,Coarse Asphalt,2 lanes,"34.6774468892, -77.1879421128"
6364,New Bern,Craven,Coastal,Residential,Urban (>70% Developed),NA,Urban,30 - 35  MPH,Missing,Clear,No,40,40-49,No,NA,With Traffic,C: Possible Injury,Travel Lane,White,Male,32,30-39,No,NA,31-35 mph,O: No Injury,Black,Female,Passenger Car,No,20NOV2008,Thursday,Motorist Right Turn / Merge,7,Intersection,November,C: Possible Injury,07:27:00,Motorist Right Turn - Same Direction,2008,No,No,Daylight,Straight - Level,NC Route,Dry,"Two-Way, Divided, Unprotected Median",None,T-Intersection,Smooth Asphalt,4 lanes,"35.110720988, -77.0638420967"