object_id,city,county,region,development,locality,on_road,rural_urban,speed_limit,traffic_control,weather,workzone,bike_age,bike_age_group,bike_alcohol,bike_alcohol_drugs,bike_direction,bike_injury,bike_position,bike_race,bike_sex,driver_age,driver_age_group,driver_alcohol,driver_alcohol_drugs,driver_est_speed,driver_injury,driver_race,driver_sex,driver_vehicle_type,crash_alcohol,crash_date,crash_day,crash_group,crash_hour,crash_location,crash_month,crash_severity,crash_time,crash_type,crash_year,ambulance_req,hit_run,light_condition,road_character,road_class,road_condition,road_configuration,road_defects,road_feature,road_surface,num_lanes,geo_point
6377,Rocky Mount,Nash,Coastal,Residential,Urban (>70% Developed),NA,Urban,30 - 35  MPH,Stop Sign,Clear,No,29,25-29,No,NA,Facing Traffic,C: Possible Injury,Travel Lane,Black,Male,51,50-59,No,NA,0-5 mph,O: No Injury,White,Male,Passenger Car,No,06NOV2008,Thursday,Backing Vehicle,13,Intersection,November,C: Possible Injury,13:36:00,Backing Vehicle,2008,Yes,No,Daylight,Straight - Level,Local Street,Dry,"Two-Way, Not Divided",None,No Special Feature,Smooth Asphalt,2 lanes,"35.9484901452, -77.8064223649"
6382,None - Rural Crash,Johnston,Coastal,"Farms, Woods, Pastures",Rural (<30% Developed),NA,Rural,50 - 55  MPH,"Double Yellow Line, No Passing Zone",Clear,No,41,40-49,Yes,NA,With Traffic,B: Evident Injury,Travel Lane,Black,Male,19,0-19,No,NA,51-55 mph,O: No Injury,Black,Female,Passenger Car,Yes,03DEC2008,Wednesday,Motorist Overtaking Bicyclist,18,Non-Intersection,December,B: Evident Injury,18:18:00,Motorist Overtaking - Undetected Bicyclist,2008,No,No,Dark - Roadway Not Lighted,Straight - Grade,State Secondary Route,Dry,"Two-Way, Not Divided",None,No Special Feature,Smooth Asphalt,2 lanes,"35.5587500427, -78.345072508"
6386,None - Rural Crash,Carteret,Coastal,Commercial,Mixed (30% To 70% Developed),NA,Rural,50 - 55  MPH,No Control Present,Clear,No,28,25-29,No,NA,With Traffic,K: Killed,Bike Lane / Paved Shoulder,White,Male,21,20-24,No,NA,51-55 mph,O: No Injury,Black,Male,Passenger Car,No,03DEC2008,Wednesday,Motorist Overtaking Bicyclist,17,Non-Intersection,December,K: Killed,17:19:00,Motorist Overtaking - Other / Unknown,2008,Yes,No,Dark - Roadway Not Lighted,Straight - Level,US Route,Dry,"Two-Way, Divided, Unprotected Median",None,No Special Feature,Smooth Asphalt,4 lanes,"34.8021919262, -76.8782920246"
6389,Raleigh,Wake,Piedmont,Commercial,Urban (>70% Developed),NA,Urban,40 - 45  MPH,Stop And Go Signal,Clear,No,36,30-39,No,NA,Not Applicable,O: No Injury,Sidewalk / Crosswalk / Driveway Crossing,Asian,Male,41,40-49,No,NA,41-45 mph,O: No Injury,Black,Male,Pickup,No,20OCT2008,Monday,Crossing Paths - Other Circumstances,21,Intersection,October,O: No Injury,21:56:00,Signalized Intersection - Other / Unknown,2008,No,No,Dark - Lighted Roadway,Straight - Level,Local Street,Dry,"Two-Way, Not Divided",None,T-Intersection,Smooth Asphalt,5 lanes,"35.8730270998, -78.6222626083"
6402,None - Rural Crash,Camden,Coastal,"Farms, Woods, Pastures",Rural (<30% Developed),NA,Rural,50 - 55  MPH,No Control Present,Clear,No,38,30-39,Yes,NA,With Traffic,O: No Injury,Travel Lane,Black,Male,64,60-69,No,NA,51-55 mph,O: No Injury,White,Male,Passenger Car,Yes,08DEC2008,Monday,Motorist Overtaking Bicyclist,17,Non-Intersection,December,O: No Injury,17:30:00,Motorist Overtaking - Undetected Bicyclist,2008,Yes,No,Dark - Roadway Not Lighted,Straight - Level,NC Route,Dry,"Two-Way, Not Divided",None,No Special Feature,Coarse Asphalt,2 lanes,"36.3729172921, -76.1498618789"
6403,Greensboro,Guilford,Piedmont,Commercial,Urban (>70% Developed),NA,Urban,20 - 25  MPH,Stop And Go Signal,Rain,No,27,25-29,Yes,NA,With Traffic,C: Possible Injury,Travel Lane,White,Male,23,20-24,Yes,NA,6-10 mph,O: No Injury,White,Male,Passenger Car,Yes,14NOV2008,Friday,Motorist Overtaking Bicyclist,23,Intersection-Related,November,C: Possible Injury,23:10:00,Motorist Overtaking - Other / Unknown,2008,Yes,No,Dark - Lighted Roadway,Straight - Level,Local Street,Wet,"Two-Way, Not Divided",None,No Special Feature,Smooth Asphalt,3 lanes,"36.0685000995, -79.7907529725"
6404,Southern Pines,Moore,Piedmont,Commercial,Mixed (30% To 70% Developed),NA,Urban,40 - 45  MPH,No Control Present,Clear,No,41,40-49,No,NA,With Traffic,K: Killed,Travel Lane,White,Male,30,30-39,No,NA,41-45 mph,O: No Injury,White,Female,Passenger Car,No,03DEC2008,Wednesday,Motorist Overtaking Bicyclist,2,Non-Intersection,December,K: Killed,02:33:00,Motorist Overtaking - Other / Unknown,2008,Yes,Yes,Dark - Lighted Roadway,Straight - Level,US Route,Dry,"Two-Way, Not Divided",None,No Special Feature,Coarse Asphalt,5 lanes,"35.1616429196, -79.4103728098"
6405,None - Rural Crash,Pitt,Coastal,"Farms, Woods, Pastures",Rural (<30% Developed),NA,Rural,50 - 55  MPH,Missing,Cloudy,No,46,40-49,Yes,NA,With Traffic,A: Disabling Injury,Travel Lane,White,Male,34,30-39,No,NA,46-50 mph,O: No Injury,Hispanic,Male,Sport Utility,Yes,09DEC2008,Tuesday,Motorist Overtaking Bicyclist,17,Non-Intersection,December,A: Disabling Injury,17:28:00,Motorist Overtaking - Other / Unknown,2008,Yes,Yes,Dark - Roadway Not Lighted,Straight - Level,State Secondary Route,Dry,"Two-Way, Not Divided",None,No Special Feature,Coarse Asphalt,2 lanes,"35.621490081, -77.6160022894"
6406,Charlotte,Mecklenburg,Piedmont,Commercial,Urban (>70% Developed),NA,Urban,30 - 35  MPH,No Control Present,Clear,No,48,40-49,No,NA,With Traffic,C: Possible Injury,Travel Lane,Black,Male,NA,NA,Missing,NA,31-35 mph,Unknown Injury,Unknown/Missing,NA,NA,No,12DEC2008,Friday,Motorist Right Turn / Merge,18,Non-Intersection,December,C: Possible Injury,18:26:00,Motorist Right Turn - Same Direction,2008,No,Yes,Dark - Lighted Roadway,Straight - Level,Local Street,Dry,"Two-Way, Divided, Unprotected Median",None,No Special Feature,Smooth Asphalt,4 lanes,"35.249816889, -80.7796032242"
6411,None - Rural Crash,Sampson,Coastal,"Farms, Woods, Pastures",Rural (<30% Developed),NA,Rural,50 - 55  MPH,No Control Present,Clear,No,51,50-59,No,NA,With Traffic,C: Possible Injury,Bike Lane / Paved Shoulder,Black,Male,33,30-39,No,NA,51-55 mph,O: No Injury,White,Male,Pickup,No,15DEC2008,Monday,Motorist Overtaking Bicyclist,12,Non-Intersection,December,C: Possible Injury,12:30:00,Motorist Overtaking - Other / Unknown,2008,Yes,No,Daylight,Straight - Level,US Route,Dry,"Two-Way, Not Divided",None,No Special Feature,Coarse Asphalt,2 lanes,"35.0402869304, -78.3274924763"
6412,Gastonia,Gaston,Piedmont,Residential,Urban (>70% Developed),NA,Urban,30 - 35  MPH,Missing,Cloudy,No,19,16-19,No,NA,Facing Traffic,C: Possible Injury,Sidewalk / Crosswalk / Driveway Crossing,Black,Male,19,0-19,No,NA,16-20 mph,O: No Injury,White,Female,Passenger Car,No,16DEC2008,Tuesday,Motorist Right Turn / Merge,13,Non-Intersection,December,C: Possible Injury,13:03:00,Motorist Right Turn - Same Direction,2008,No,No,Daylight,Straight - Grade,Local Street,Dry,"One-Way, Not Divided",None,"Driveway, Public",Smooth Asphalt,2 lanes,"35.2518528748, -81.1902193468"
6422,Fayetteville,Cumberland,Coastal,Residential,Urban (>70% Developed),NA,Urban,40 - 45  MPH,Stop Sign,Cloudy,No,40,40-49,No,NA,Facing Traffic,B: Evident Injury,NA,White,Male,NA,NA,Missing,NA,6-10 mph,Unknown Injury,Unknown/Missing,NA,Sport Utility,No,10DEC2008,Wednesday,Motorist Right Turn / Merge,17,Intersection,December,B: Evident Injury,17:52:00,Motorist Right Turn - Opposite Direction,2008,Yes,Yes,Dark - Lighted Roadway,Straight - Level,Local Street,Wet,"Two-Way, Not Divided",None,Four-Way Intersection,Concrete,2 lanes,"35.0506739108, -78.9617026679"
6423,Charlotte,Mecklenburg,Piedmont,Commercial,Urban (>70% Developed),NA,Urban,30 - 35  MPH,Flashing Signal Without Stop Sign,Clear,No,24,20-24,No,NA,With Traffic,B: Evident Injury,Travel Lane,White,Female,31,30-39,No,NA,0-5 mph,O: No Injury,Hispanic,Male,Sport Utility,No,16OCT2008,Thursday,Bicyclist Overtaking Motorist,11,Intersection,October,B: Evident Injury,11:55:00,Bicyclist Overtaking - Other / Unknown,2008,Yes,No,Daylight,Straight - Level,Local Street,Dry,"Two-Way, Divided, Positive Median Barrier",None,T-Intersection,Concrete,4 lanes,"35.1808428709, -80.8891832534"
6435,Carrboro,Orange,Piedmont,Residential,Urban (>70% Developed),NA,Urban,30 - 35  MPH,Missing,Clear,No,33,30-39,No,NA,With Traffic,B: Evident Injury,Travel Lane,White,Female,70+,70+,No,NA,16-20 mph,O: No Injury,White,Female,Passenger Car,No,28DEC2008,Sunday,Motorist Left Turn / Merge,12,Intersection,December,B: Evident Injury,12:09:00,Motorist Left Turn - Opposite Direction,2008,Yes,No,Daylight,Straight - Level,Local Street,Dry,"Two-Way, Not Divided",None,T-Intersection,Smooth Asphalt,2 lanes,"35.9227900944, -79.0888327525"
6445,Greensboro,Guilford,Piedmont,Commercial,Urban (>70% Developed),NA,Urban,40 - 45  MPH,Stop Sign,Clear,No,18,16-19,No,NA,With Traffic,C: Possible Injury,Travel Lane,Black,Male,17,0-19,No,NA,46-50 mph,O: No Injury,White,Male,Passenger Car,No,29DEC2008,Monday,Bicyclist Failed to Yield - Sign-Controlled Intersection,16,Intersection,December,C: Possible Injury,16:46:00,Bicyclist Ride Out - Sign-Controlled Intersection,2008,Yes,No,Daylight,Straight - Level,Local Street,Dry,"Two-Way, Divided, Unprotected Median",None,T-Intersection,Smooth Asphalt,5 lanes,"36.086429106, -79.7162579517"
6460,Cornelius,Mecklenburg,Piedmont,Commercial,Urban (>70% Developed),NA,Urban,40 - 45  MPH,No Control Present,Clear,No,47,40-49,No,NA,With Traffic,K: Killed,Travel Lane,White,Male,51,50-59,No,NA,36-40 mph,O: No Injury,White,Male,Passenger Car,No,19AUG2008,Tuesday,Parallel Paths - Other Circumstances,13,Non-Intersection,August,K: Killed,13:08:00,Parallel Paths - Other / Unknown,2008,No,No,Daylight,Straight - Level,Local Street,Dry,"Two-Way, Not Divided",None,No Special Feature,Smooth Asphalt,2 lanes,"35.4653369319, -80.8714482638"
6463,Greensboro,Guilford,Piedmont,Residential,Urban (>70% Developed),NA,Urban,20 - 25  MPH,Stop Sign,Clear,No,11,11-15,No,NA,With Traffic,B: Evident Injury,Travel Lane,Black,Male,34,30-39,No,NA,16-20 mph,O: No Injury,Black,Female,Passenger Car,No,22AUG2008,Friday,Loss of Control / Turning Error,14,Intersection,August,B: Evident Injury,14:48:00,Bicyclist Lost Control - Mechanical Problems,2008,Yes,No,Daylight,Straight - Grade,Local Street,Dry,"Two-Way, Not Divided",None,Related To Intersection,Smooth Asphalt,2 lanes,"36.0579870978, -79.7807189687"
6466,Rocky Mount,Nash,Coastal,Commercial,Urban (>70% Developed),NA,Urban,30 - 35  MPH,No Control Present,Clear,No,55,50-59,No,NA,Facing Traffic,O: No Injury,Sidewalk / Crosswalk / Driveway Crossing,Black,Male,NA,NA,Missing,NA,0-5 mph,Unknown Injury,Unknown/Missing,NA,NA,No,10OCT2008,Friday,Motorist Failed to Yield - Midblock,10,Non-Intersection,October,O: No Injury,10:33:00,Motorist Drive Out - Other Midblock,2008,No,Yes,Daylight,Straight - Level,Local Street,Dry,"Two-Way, Divided, Unprotected Median",None,No Special Feature,Coarse Asphalt,2 lanes,"35.9310111404, -77.8129123663"
6470,Salisbury,Rowan,Piedmont,Commercial,Urban (>70% Developed),NA,Urban,30 - 35  MPH,No Control Present,Cloudy,No,30,30-39,No,NA,With Traffic,C: Possible Injury,Travel Lane,White,Male,NA,NA,No,NA,31-35 mph,Unknown Injury,Unknown/Missing,NA,Sport Utility,No,19JAN2007,Friday,Motorist Left Turn / Merge,17,Intersection,January,C: Possible Injury,17:25:00,Motorist Left Turn - Opposite Direction,2007,Yes,Yes,Daylight,Straight - Grade,Local Street,Dry,"Two-Way, Not Divided",None,Four-Way Intersection,Smooth Asphalt,2 lanes,"35.6844069931, -80.479323158"
6489,Burlington,Alamance,Piedmont,Commercial,Urban (>70% Developed),NA,Urban,30 - 35  MPH,No Control Present,Clear,No,40,40-49,No,NA,Facing Traffic,B: Evident Injury,Travel Lane,Black,Male,67,60-69,No,NA,0-5 mph,O: No Injury,White,Male,Passenger Car,No,12JAN2007,Friday,Motorist Failed to Yield - Midblock,17,Non-Intersection,January,B: Evident Injury,17:46:00,Motorist Drive Out - Commercial Driveway / Alley,2007,Yes,No,Dark - Lighted Roadway,Straight - Grade,Local Street,Dry,"Two-Way, Not Divided",None,No Special Feature,Smooth Asphalt,5 lanes,"36.070427111, -79.4947928835"
6491,None - Rural Crash,Lincoln,Piedmont,"Farms, Woods, Pastures",Rural (<30% Developed),NA,Rural,30 - 35  MPH,No Control Present,Clear,No,8,6-10,No,NA,With Traffic,B: Evident Injury,Travel Lane,Black,Male,25,25-29,No,NA,31-35 mph,O: No Injury,Black,Female,Passenger Car,No,16JAN2007,Tuesday,Motorist Overtaking Bicyclist,17,Non-Intersection,January,B: Evident Injury,17:40:00,Motorist Overtaking - Bicyclist Swerved,2007,Yes,No,Dusk,Straight - Bottom,State Secondary Route,Dry,"Two-Way, Not Divided",None,No Special Feature,Smooth Asphalt,2 lanes,"35.5156699297, -81.2070733664"
6493,Lewisville,Forsyth,Piedmont,Residential,Rural (<30% Developed),NA,Urban,50 - 55  MPH,"Double Yellow Line, No Passing Zone",Clear,No,60,60-69,No,NA,With Traffic,A: Disabling Injury,Travel Lane,White,Female,46,40-49,No,NA,11-15 mph,O: No Injury,White,Female,Pickup,No,09JAN2007,Tuesday,Motorist Left Turn / Merge,16,Non-Intersection,January,A: Disabling Injury,16:36:00,Motorist Left Turn - Opposite Direction,2007,Yes,No,Daylight,Straight - Level,State Secondary Route,Dry,"Two-Way, Not Divided",None,No Special Feature,Smooth Asphalt,2 lanes,"36.0947140805, -80.4514881732"
6498,Winston-Salem,Forsyth,Piedmont,Residential,Urban (>70% Developed),NA,Urban,20 - 25  MPH,No Control Present,Clear,No,12,11-15,No,NA,Not Applicable,A: Disabling Injury,Driveway / Alley,Black,Male,28,25-29,No,NA,21-25 mph,O: No Injury,Hispanic,Male,NA,No,12JAN2007,Friday,Bicyclist Failed to Yield - Midblock,19,Non-Intersection,January,A: Disabling Injury,19:19:00,Bicyclist Ride Out - Commercial Driveway / Alley,2007,Yes,Yes,Dark - Lighted Roadway,Straight - Grade,Local Street,Dry,"Two-Way, Not Divided",None,No Special Feature,Smooth Asphalt,2 lanes,"36.0816870864, -80.2282231057"
6501,Fayetteville,Cumberland,Coastal,Commercial,Urban (>70% Developed),NA,Urban,20 - 25  MPH,No Control Present,Clear,No,14,11-15,No,NA,Not Applicable,B: Evident Injury,Driveway / Alley,Black,Female,35,30-39,No,NA,21-25 mph,O: No Injury,White,Female,Passenger Car,No,15JAN2007,Monday,Bicyclist Failed to Yield - Midblock,16,Non-Intersection,January,B: Evident Injury,16:35:00,Bicyclist Ride Out - Residential Driveway,2007,Yes,No,Daylight,Straight - Level,Local Street,Dry,"Two-Way, Not Divided",None,No Special Feature,Coarse Asphalt,2 lanes,"35.0453899099, -78.9534326652"
6509,Asheville,Buncombe,Mountains,Institutional,Urban (>70% Developed),NA,Urban,20 - 25  MPH,No Control Present,Clear,No,21,20-24,No,NA,With Traffic,B: Evident Injury,Travel Lane,White,Female,39,30-39,No,NA,16-20 mph,O: No Injury,Black,Male,Sport Utility,No,26MAR2007,Monday,Motorist Overtaking Bicyclist,23,Non-Intersection,March,B: Evident Injury,23:04:00,Motorist Overtaking - Bicyclist Swerved,2007,Yes,No,Dark - Lighted Roadway,Straight - Level,Local Street,Dry,"Two-Way, Not Divided",None,No Special Feature,Smooth Asphalt,2 lanes,"35.6176708998, -82.5637537742"
6510,Jacksonville,Onslow,Coastal,Commercial,Urban (>70% Developed),NA,Urban,40 - 45  MPH,No Control Present,Clear,No,22,20-24,No,NA,Facing Traffic,C: Possible Injury,Travel Lane,White,Male,37,30-39,No,NA,0-5 mph,O: No Injury,White,Male,Pickup,No,19JAN2007,Friday,Motorist Failed to Yield - Midblock,13,Non-Intersection,January,C: Possible Injury,13:26:00,Motorist Drive Out - Commercial Driveway / Alley,2007,Yes,No,Daylight,Straight - Level,NC Route,Dry,"Two-Way, Divided, Unprotected Median",None,No Special Feature,Smooth Asphalt,6 lanes,"34.7436968966, -77.3837421757"
6512,None - Rural Crash,Robeson,Coastal,Residential,Rural (<30% Developed),NA,Rural,50 - 55  MPH,"Double Yellow Line, No Passing Zone",Cloudy,No,36,30-39,No,NA,With Traffic,B: Evident Injury,Other,Native American,Male,40,40-49,No,NA,51-55 mph,O: No Injury,Native American,Male,Pickup,No,21JAN2007,Sunday,Bicyclist Left Turn / Merge,18,Non-Intersection,January,B: Evident Injury,18:16:00,Bicyclist Left Turn - Same Direction,2007,Yes,No,Dark - Roadway Not Lighted,Straight - Level,State Secondary Route,Wet,"Two-Way, Not Divided",None,No Special Feature,Smooth Asphalt,2 lanes,"34.7091768308, -79.1382727039"
6519,None - Rural Crash,Carteret,Coastal,Commercial,Mixed (30% To 70% Developed),NA,Rural,50 - 55  MPH,No Control Present,Clear,No,52,50-59,No,NA,With Traffic,B: Evident Injury,Travel Lane,White,Female,NA,NA,Missing,NA,NA,Unknown Injury,Unknown/Missing,NA,Truck/Trailer,No,24JAN2007,Wednesday,Motorist Overtaking Bicyclist,18,Non-Intersection,January,B: Evident Injury,18:13:00,Motorist Overtaking - Other / Unknown,2007,Yes,Yes,Dark - Roadway Not Lighted,Straight - Level,NC Route,Dry,"Two-Way, Not Divided",None,No Special Feature,Coarse Asphalt,2 lanes,"34.7568169098, -77.0939620881"
6522,Raleigh,Wake,Piedmont,Commercial,Urban (>70% Developed),NA,Urban,20 - 25  MPH,Stop And Go Signal,Clear,No,46,40-49,No,NA,With Traffic,C: Possible Injury,Travel Lane,White,Male,53,50-59,No,NA,11-15 mph,O: No Injury,Asian,Male,Passenger Car,No,27JAN2007,Saturday,Motorist Left Turn / Merge,13,Intersection,January,C: Possible Injury,13:45:00,Motorist Left Turn - Opposite Direction,2007,Yes,No,Daylight,Straight - Level,Local Street,Dry,"Two-Way, Not Divided",None,Four-Way Intersection,Smooth Asphalt,5 lanes,"35.8259920874, -78.7049226314"
6527,Fayetteville,Cumberland,Coastal,Commercial,Urban (>70% Developed),NA,Urban,20 - 25  MPH,No Control Present,Clear,No,40,40-49,No,NA,Facing Traffic,B: Evident Injury,Sidewalk / Crosswalk / Driveway Crossing,Hispanic,Male,NA,NA,Missing,NA,0-5 mph,Unknown Injury,Unknown/Missing,NA,NA,No,31JAN2007,Wednesday,Crossing Paths - Other Circumstances,14,Intersection,January,B: Evident Injury,14:45:00,Crossing Paths - Intersection - Other / Unknown,2007,No,Yes,Daylight,Straight - Level,Local Street,Dry,"Two-Way, Not Divided",None,T-Intersection,Smooth Asphalt,2 lanes,"35.099256925, -78.8774666461"
6546,Cary,Wake,Piedmont,Commercial,Urban (>70% Developed),NA,Urban,20 - 25  MPH,No Control Present,Cloudy,No,17,16-19,No,NA,Not Applicable,B: Evident Injury,Driveway / Alley,Black,Male,49,40-49,No,NA,11-15 mph,O: No Injury,White,Male,Pickup,No,27APR2007,Friday,Bicyclist Failed to Yield - Midblock,17,Non-Intersection,April,B: Evident Injury,17:10:00,Multiple Threat - Midblock,2007,Yes,No,Daylight,Straight - Level,Local Street,Dry,"Two-Way, Not Divided",None,Four-Way Intersection,Smooth Asphalt,2 lanes,"35.7694540725, -78.7824576517"
6556,None - Rural Crash,Wilson,Coastal,Residential,Urban (>70% Developed),NA,Rural,30 - 35  MPH,Stop Sign,Clear,No,19,16-19,No,NA,With Traffic,B: Evident Injury,Travel Lane,Black,Male,24,20-24,No,NA,16-20 mph,O: No Injury,Black,Male,Passenger Car,No,24FEB2007,Saturday,Bicyclist Failed to Yield - Sign-Controlled Intersection,10,Intersection,February,B: Evident Injury,10:06:00,Bicyclist Ride Out - Sign-Controlled Intersection,2007,No,No,Daylight,Straight - Grade,Local Street,Dry,"Two-Way, Not Divided",None,No Special Feature,Smooth Asphalt,1 lane,"35.721954093, -77.8996623809"
6558,Kannapolis,Cabarrus,Piedmont,Residential,Urban (>70% Developed),NA,Urban,30 - 35  MPH,No Control Present,Clear,No,15,11-15,No,NA,With Traffic,C: Possible Injury,Travel Lane,Black,Male,NA,NA,Missing,NA,31-35 mph,Unknown Injury,Unknown/Missing,NA,NA,No,28FEB2007,Wednesday,Bicyclist Left Turn / Merge,18,Intersection-Related,February,C: Possible Injury,18:23:00,Bicyclist Left Turn - Same Direction,2007,No,Yes,Daylight,Straight - Level,Local Street,Dry,"Two-Way, Divided, Unprotected Median",None,No Special Feature,Smooth Asphalt,2 lanes,"35.4892969472, -80.6046231846"
6560,Greenville,Pitt,Coastal,Residential,Mixed (30% To 70% Developed),NA,Urban,40 - 45  MPH,No Control Present,Clear,No,11,11-15,No,NA,With Traffic,C: Possible Injury,Travel Lane,Native American,Male,36,30-39,No,NA,31-35 mph,O: No Injury,Black,Male,Passenger Car,No,10FEB2007,Saturday,Bicyclist Left Turn / Merge,16,Intersection-Related,February,C: Possible Injury,16:30:00,Bicyclist Left Turn - Opposite Direction,2007,Yes,No,Daylight,Straight - Level,NC Route,Dry,"Two-Way, Not Divided",None,No Special Feature,Coarse Asphalt,2 lanes,"35.6489290944, -77.3980722243"
6562,None - Rural Crash,Davie,Piedmont,"Farms, Woods, Pastures",Rural (<30% Developed),NA,Rural,40 - 45  MPH,"Double Yellow Line, No Passing Zone",Clear,No,20,20-24,No,NA,With Traffic,C: Possible Injury,Travel Lane,White,Male,63,60-69,No,NA,31-35 mph,O: No Injury,White,Male,Pickup,No,27FEB2007,Tuesday,Motorist Overtaking Bicyclist,17,Intersection,February,C: Possible Injury,17:50:00,Motorist Overtaking - Undetected Bicyclist,2007,Yes,No,Daylight,Straight - Level,State Secondary Route,Dry,"Two-Way, Not Divided",None,T-Intersection,Coarse Asphalt,2 lanes,"36.0351400674, -80.4738631767"
6567,Winston-Salem,Forsyth,Piedmont,Residential,Urban (>70% Developed),NA,Urban,40 - 45  MPH,No Control Present,Clear,No,15,11-15,No,NA,With Traffic,C: Possible Injury,Travel Lane,Black,Male,34,30-39,No,NA,41-45 mph,O: No Injury,White,Male,Pickup,No,05MAR2007,Monday,Bicyclist Left Turn / Merge,18,Non-Intersection,March,C: Possible Injury,18:19:00,Bicyclist Left Turn - Same Direction,2007,Yes,No,Daylight,Straight - Grade,Local Street,Dry,"Two-Way, Not Divided",None,No Special Feature,Smooth Asphalt,2 lanes,"36.1717601022, -80.304797133"
6568,None - Rural Crash,Davidson,Piedmont,Residential,Mixed (30% To 70% Developed),NA,Rural,50 - 55  MPH,No Control Present,Clear,No,65,60-69,No,NA,With Traffic,A: Disabling Injury,Travel Lane,White,Male,19,0-19,No,NA,56-60 mph,O: No Injury,White,Female,Passenger Car,No,06MAR2007,Tuesday,Motorist Overtaking Bicyclist,14,Non-Intersection,March,A: Disabling Injury,14:09:00,Motorist Overtaking - Other / Unknown,2007,Yes,No,Daylight,Straight - Grade,US Route,Dry,"Two-Way, Not Divided",None,No Special Feature,Smooth Asphalt,5 lanes,"35.8132470306, -80.1930330797"
6572,None - Rural Crash,Mcdowell,Mountains,"Farms, Woods, Pastures",Rural (<30% Developed),NA,Rural,40 - 45  MPH,"Double Yellow Line, No Passing Zone",Clear,No,56,50-59,No,NA,With Traffic,B: Evident Injury,Travel Lane,Hispanic,Male,56,50-59,No,NA,26-30 mph,O: No Injury,White,Female,Pickup,No,07MAR2007,Wednesday,Motorist Overtaking Bicyclist,18,Non-Intersection,March,B: Evident Injury,18:36:00,Motorist Overtaking - Undetected Bicyclist,2007,Yes,No,Daylight,Straight - Hillcrest,US Route,Dry,"Two-Way, Not Divided",None,No Special Feature,Smooth Asphalt,2 lanes,"35.6959299381, -81.9874136081"
6574,Charlotte,Mecklenburg,Piedmont,Commercial,Urban (>70% Developed),NA,Urban,30 - 35  MPH,Stop And Go Signal,Clear,No,16,16-19,No,NA,With Traffic,B: Evident Injury,Travel Lane,Black,Male,48,40-49,No,NA,0-5 mph,O: No Injury,Black,Male,Passenger Car,No,09MAR2007,Friday,Bicyclist Failed to Yield - Signalized Intersection,12,Intersection,March,B: Evident Injury,12:00:00,Bicyclist Failed to Clear - Trapped,2007,No,No,Daylight,Straight - Level,Local Street,Dry,"Two-Way, Not Divided",None,Four-Way Intersection,Smooth Asphalt,4 lanes,"35.2919968976, -80.7966192312"
6581,Goldsboro,Wayne,Coastal,Residential,Urban (>70% Developed),NA,Urban,30 - 35  MPH,No Control Present,Clear,No,23,20-24,No,NA,With Traffic,B: Evident Injury,Travel Lane,White,Male,18,0-19,No,NA,31-35 mph,O: No Injury,White,Female,Passenger Car,No,13MAR2007,Tuesday,Bicyclist Left Turn / Merge,18,Intersection,March,B: Evident Injury,18:05:00,Bicyclist Left Turn - Opposite Direction,2007,Yes,No,Daylight,Straight - Level,Local Street,Dry,"Two-Way, Not Divided",None,No Special Feature,Smooth Asphalt,3 lanes,"35.361362014, -77.933352373"
6583,Lexington,Davidson,Piedmont,Commercial,Urban (>70% Developed),NA,Urban,30 - 35  MPH,Stop Sign,Clear,No,12,11-15,No,NA,With Traffic,C: Possible Injury,Sidewalk / Crosswalk / Driveway Crossing,White,Male,49,40-49,No,NA,16-20 mph,O: No Injury,White,Female,Sport Utility,No,14MAR2007,Wednesday,Bicyclist Left Turn / Merge,16,Intersection,March,C: Possible Injury,16:59:00,Bicyclist Left Turn - Same Direction,2007,Yes,No,Daylight,Straight - Level,Local Street,Dry,"Two-Way, Not Divided",None,T-Intersection,Smooth Asphalt,4 lanes,"35.8295930323, -80.2464480963"
6588,Durham,Durham,Piedmont,Commercial,Urban (>70% Developed),NA,Urban,40 - 45  MPH,No Control Present,Clear,No,41,40-49,No,NA,With Traffic,B: Evident Injury,Travel Lane,White,Male,41,40-49,No,NA,41-45 mph,O: No Injury,White,Female,Van,No,23MAY2007,Wednesday,Motorist Overtaking Bicyclist,19,Non-Intersection,May,B: Evident Injury,19:23:00,Motorist Overtaking - Misjudged Space,2007,Yes,No,Daylight,Straight - Level,Local Street,Dry,"Two-Way, Not Divided",None,No Special Feature,Coarse Asphalt,2 lanes,"36.0326531213, -78.9825627263"
6592,Lincolnton,Lincoln,Piedmont,Commercial,Urban (>70% Developed),NA,Urban,40 - 45  MPH,No Control Present,Clear,No,46,40-49,Yes,NA,Not Applicable,A: Disabling Injury,Non-Roadway,Black,Male,32,30-39,No,NA,41-45 mph,O: No Injury,Hispanic,Male,Passenger Car,Yes,09MAR2007,Friday,Bicyclist Failed to Yield - Midblock,14,Non-Intersection,March,A: Disabling Injury,14:15:00,Bicyclist Ride Out - Commercial Driveway / Alley,2007,Yes,No,Daylight,Straight - Level,Local Street,Dry,"Two-Way, Divided, Unprotected Median",None,No Special Feature,Smooth Asphalt,5 lanes,"35.476610921, -81.2391393734"
6604,Kinston,Lenoir,Coastal,Residential,Urban (>70% Developed),NA,Urban,30 - 35  MPH,Stop Sign,Clear,No,12,11-15,No,NA,With Traffic,C: Possible Injury,Travel Lane,Black,Female,27,25-29,No,NA,31-35 mph,O: No Injury,Black,Male,Passenger Car,No,06JUN2007,Wednesday,Bicyclist Failed to Yield - Sign-Controlled Intersection,17,Intersection,June,C: Possible Injury,17:33:00,Bicyclist Ride Out - Sign-Controlled Intersection,2007,Yes,No,Daylight,Straight - Level,NC Route,Dry,"Two-Way, Not Divided",None,Four-Way Intersection,Coarse Asphalt,4 lanes,"35.2614820047, -77.572662259"