object_id,city,county,region,development,locality,on_road,rural_urban,speed_limit,traffic_control,weather,workzone,bike_age,bike_age_group,bike_alcohol,bike_alcohol_drugs,bike_direction,bike_injury,bike_position,bike_race,bike_sex,driver_age,driver_age_group,driver_alcohol,driver_alcohol_drugs,driver_est_speed,driver_injury,driver_race,driver_sex,driver_vehicle_type,crash_alcohol,crash_date,crash_day,crash_group,crash_hour,crash_location,crash_month,crash_severity,crash_time,crash_type,crash_year,ambulance_req,hit_run,light_condition,road_character,road_class,road_condition,road_configuration,road_defects,road_feature,road_surface,num_lanes,geo_point
6605,Raleigh,Wake,Piedmont,Residential,Urban (>70% Developed),NA,Urban,20 - 25  MPH,Flashing Signal With Stop Sign,Clear,No,13,11-15,No,NA,Facing Traffic,B: Evident Injury,NA,Black,Female,56,50-59,No,NA,16-20 mph,O: No Injury,White,Male,Passenger Car,No,20MAR2007,Tuesday,Motorist Left Turn / Merge,19,Intersection,March,B: Evident Injury,19:00:00,Motorist Left Turn - Same Direction,2007,No,No,Daylight,Straight - Level,Local Street,Dry,"Two-Way, Not Divided",None,No Special Feature,Smooth Asphalt,2 lanes,"35.7763590797, -78.6208426035"
6613,Statesville,Iredell,Piedmont,Residential,Urban (>70% Developed),NA,Urban,30 - 35  MPH,Stop Sign,Clear,No,13,11-15,No,NA,With Traffic,A: Disabling Injury,Travel Lane,Black,Female,19,0-19,Yes,NA,41-45 mph,O: No Injury,Black,Female,Passenger Car,Yes,25MAR2007,Sunday,Bicyclist Failed to Yield - Sign-Controlled Intersection,18,Intersection,March,A: Disabling Injury,18:40:00,Bicyclist Ride Through - Sign-Controlled Intersection,2007,Yes,No,Daylight,Straight - Grade,Local Street,Dry,"Two-Way, Not Divided",None,Four-Way Intersection,Coarse Asphalt,2 lanes,"35.7796009975, -80.8876132853"
6618,Gastonia,Gaston,Piedmont,Residential,Urban (>70% Developed),NA,Urban,30 - 35  MPH,No Control Present,Clear,No,6,6-10,No,NA,Not Applicable,C: Possible Injury,NA,White,Male,26,25-29,No,NA,26-30 mph,O: No Injury,Black,Female,Passenger Car,No,26MAR2007,Monday,Bicyclist Failed to Yield - Midblock,16,Non-Intersection,March,C: Possible Injury,16:52:00,Bicyclist Ride Out - Midblock - Unknown,2007,No,No,Daylight,Straight - Level,Local Street,Dry,"Two-Way, Not Divided",None,No Special Feature,Coarse Asphalt,2 lanes,"35.2642868764, -81.2163833546"
6622,None - Rural Crash,Robeson,Coastal,Residential,Mixed (30% To 70% Developed),NA,Rural,50 - 55  MPH,"Double Yellow Line, No Passing Zone",Clear,No,62,60-69,Yes,NA,With Traffic,C: Possible Injury,Travel Lane,Native American,Male,32,30-39,No,NA,51-55 mph,O: No Injury,Native American,Female,Passenger Car,Yes,27MAR2007,Tuesday,Bicyclist Left Turn / Merge,14,Non-Intersection,March,C: Possible Injury,14:45:00,Bicyclist Left Turn - Same Direction,2007,Yes,No,Daylight,Straight - Level,State Secondary Route,Dry,"Two-Way, Not Divided",None,No Special Feature,Smooth Asphalt,2 lanes,"34.7068888283, -79.1884227195"
6623,None - Rural Crash,Lenoir,Coastal,"Farms, Woods, Pastures",Rural (<30% Developed),NA,Rural,50 - 55  MPH,No Control Present,Clear,No,17,16-19,No,NA,Not Applicable,C: Possible Injury,NA,Black,Male,NA,NA,Missing,NA,NA,Unknown Injury,Unknown/Missing,NA,NA,No,22MAR2007,Thursday,Loss of Control / Turning Error,21,Non-Intersection,March,C: Possible Injury,21:30:00,Bicylist Lost Control - Alcohol / Drug Impairment,2007,Yes,Yes,Dark - Roadway Not Lighted,Straight - Level,State Secondary Route,Dry,"Two-Way, Not Divided",None,No Special Feature,Smooth Asphalt,2 lanes,"35.3772610334, -77.4558022285"
6627,Wilkesboro,Wilkes,Mountains,Commercial,Mixed (30% To 70% Developed),NA,Rural,30 - 35  MPH,Stop And Go Signal,Clear,No,21,20-24,No,NA,With Traffic,B: Evident Injury,NA,White,Male,NA,NA,Missing,NA,NA,Unknown Injury,Unknown/Missing,NA,NA,No,28MAR2007,Wednesday,Crossing Paths - Other Circumstances,1,Intersection-Related,March,B: Evident Injury,01:30:00,Signalized Intersection - Other / Unknown,2007,No,Yes,Dark - Lighted Roadway,Straight - Level,Local Street,Dry,"Two-Way, Divided, Unprotected Median",None,Four-Way Intersection,Smooth Asphalt,3 lanes,"36.1459120647, -81.1611633884"
6629,Wilmington,New Hanover,Coastal,Commercial,Urban (>70% Developed),NA,Urban,40 - 45  MPH,No Control Present,Clear,No,46,40-49,Yes,NA,Not Applicable,A: Disabling Injury,Non-Roadway,Black,Male,23,20-24,No,NA,26-30 mph,O: No Injury,White,Female,Passenger Car,Yes,29MAR2007,Thursday,Bicyclist Failed to Yield - Midblock,17,Non-Intersection,March,A: Disabling Injury,17:14:00,Bicyclist Ride Out - Commercial Driveway / Alley,2007,Yes,No,Daylight,Straight - Level,Local Street,Dry,"Two-Way, Not Divided",None,"Driveway, Public",Coarse Asphalt,3 lanes,"34.1994237609, -77.8706022971"
6631,None - Rural Crash,Dare,Coastal,Residential,Urban (>70% Developed),NA,Rural,NA,No Control Present,Clear,No,35,30-39,No,NA,Facing Traffic,C: Possible Injury,Bike Lane / Paved Shoulder,White,Male,49,40-49,No,NA,0-5 mph,O: No Injury,White,Male,Passenger Car,No,30MAR2007,Friday,Motorist Failed to Yield - Midblock,11,Non-Intersection,March,C: Possible Injury,11:15:00,Motorist Drive Out - Commercial Driveway / Alley,2007,Yes,No,Daylight,Straight - Level,NC Route,Dry,"Two-Way, Not Divided",None,"Driveway, Public",Coarse Asphalt,2 lanes,"35.3539610919, -75.5030316296"
6637,Beaufort,Carteret,Coastal,Residential,Urban (>70% Developed),NA,Rural,20 - 25  MPH,No Control Present,Clear,No,18,16-19,No,NA,With Traffic,O: No Injury,Travel Lane,White,Male,18,0-19,No,NA,0-5 mph,O: No Injury,White,Female,Sport Utility,No,18JUN2007,Monday,Crossing Paths - Other Circumstances,23,Intersection,June,O: No Injury,23:30:00,Crossing Paths - Intersection - Other / Unknown,2007,No,No,Dark - Unknown Lighting,Straight - Level,Local Street,Dry,"Two-Way, Not Divided",None,Four-Way Intersection,Smooth Asphalt,2 lanes,"34.7172009148, -76.6625459554"
6639,Charlotte,Mecklenburg,Piedmont,Residential,Urban (>70% Developed),NA,Urban,5 - 15 MPH,No Control Present,Clear,No,38,30-39,No,NA,NA,A: Disabling Injury,Non-Roadway,Black,Male,NA,NA,Missing,NA,6-10 mph,Unknown Injury,Unknown/Missing,NA,Passenger Car,No,31MAR2007,Saturday,Non-Roadway,19,Non-Roadway,March,A: Disabling Injury,19:15:00,Non-Roadway,2007,Yes,Yes,Daylight,Straight - Level,Public Vehicular Area,Dry,NA,None,"Driveway, Public",Smooth Asphalt,NA,"35.2451808894, -80.7518632158"
6644,Jacksonville,Onslow,Coastal,Commercial,Urban (>70% Developed),NA,Urban,30 - 35  MPH,Stop Sign,Cloudy,No,51,50-59,Yes,NA,Facing Traffic,C: Possible Injury,Sidewalk / Crosswalk / Driveway Crossing,Black,Male,22,20-24,No,NA,0-5 mph,O: No Injury,White,Female,Pickup,Yes,02APR2007,Monday,Motorist Failed to Yield - Sign-Controlled Intersection,14,Intersection,April,C: Possible Injury,14:17:00,Motorist Drive Out - Sign-Controlled Intersection,2007,No,No,Daylight,Straight - Level,Local Street,Dry,"Two-Way, Not Divided",None,"Driveway, Public",Smooth Asphalt,5 lanes,"34.7801049033, -77.4257921904"
6648,None - Rural Crash,Halifax,Coastal,Residential,Mixed (30% To 70% Developed),NA,Rural,NA,No Control Present,Clear,No,7,6-10,No,NA,NA,C: Possible Injury,Travel Lane,Black,Male,22,20-24,No,NA,0-5 mph,O: No Injury,Hispanic,Male,Van,No,04APR2007,Wednesday,Backing Vehicle,17,Non-Intersection,April,C: Possible Injury,17:51:00,Backing Vehicle,2007,Yes,No,Daylight,Straight - Level,Local Street,Dry,"Two-Way, Not Divided",None,"Driveway, Private",Coarse Asphalt,2 lanes,"36.4618602584, -77.6879623559"
6650,Ellerbe,Richmond,Piedmont,Commercial,Urban (>70% Developed),NA,Rural,20 - 25  MPH,No Control Present,Clear,No,16,16-19,No,NA,Not Applicable,C: Possible Injury,NA,Black,Male,59,50-59,No,NA,21-25 mph,O: No Injury,White,Male,Pickup,No,04APR2007,Wednesday,Bicyclist Failed to Yield - Midblock,15,Non-Intersection,April,C: Possible Injury,15:39:00,Bicyclist Ride Out - Midblock - Unknown,2007,Yes,No,Daylight,Straight - Level,US Route,Dry,"Two-Way, Not Divided",None,No Special Feature,Smooth Asphalt,2 lanes,"35.0698468878, -79.7611429097"
6652,Eden,Rockingham,Piedmont,Residential,Urban (>70% Developed),NA,Urban,20 - 25  MPH,No Control Present,Clear,No,NA,NA,No,NA,NA,Unknown Injury,Travel Lane,Black,Male,55,50-59,No,NA,31-35 mph,O: No Injury,Black,Female,Passenger Car,No,31MAY2007,Thursday,Motorist Overtaking Bicyclist,15,Non-Intersection,May,O: No Injury,15:14:00,Motorist Overtaking - Bicyclist Swerved,2007,No,No,Daylight,Straight - Bottom,Local Street,Dry,"Two-Way, Not Divided",None,No Special Feature,Coarse Asphalt,2 lanes,"36.4903711883, -79.7804289938"
6656,Morehead City,Carteret,Coastal,Residential,Urban (>70% Developed),NA,Urban,30 - 35  MPH,No Control Present,Clear,No,12,11-15,No,NA,NA,Unknown Injury,NA,Unknown/Missing,NA,39,30-39,No,NA,31-35 mph,O: No Injury,White,Female,Passenger Car,No,06APR2007,Friday,Other / Unknown - Insufficient Details,18,Non-Intersection,April,O: No Injury,18:18:00,Unknown Approach Paths,2007,Yes,No,Daylight,Straight - Level,Local Street,Dry,"Two-Way, Not Divided",None,No Special Feature,Smooth Asphalt,2 lanes,"34.7361169165, -76.730641977"
6665,Reidsville,Rockingham,Piedmont,Commercial,Urban (>70% Developed),NA,Urban,40 - 45  MPH,Stop And Go Signal,Clear,No,43,40-49,No,NA,With Traffic,Unknown Injury,Travel Lane,White,Male,38,30-39,No,NA,16-20 mph,Unknown Injury,White,Male,Passenger Car,No,10MAR2007,Saturday,Motorist Failed to Yield - Signalized Intersection,12,Intersection,March,Unknown Injury,12:45:00,Motorist Drive Through - Signalized Intersection,2007,No,No,Daylight,Straight - Level,Local Street,Dry,"Two-Way, Not Divided",None,Four-Way Intersection,Smooth Asphalt,3 lanes,"36.3249471574, -79.6867329561"
6666,Charlotte,Mecklenburg,Piedmont,Commercial,Mixed (30% To 70% Developed),NA,Urban,40 - 45  MPH,Stop And Go Signal,Clear,No,15,11-15,No,NA,With Traffic,A: Disabling Injury,Sidewalk / Crosswalk / Driveway Crossing,Black,Male,53,50-59,No,NA,41-45 mph,O: No Injury,White,Male,Pickup,No,09APR2007,Monday,Bicyclist Failed to Yield - Signalized Intersection,14,Intersection,April,A: Disabling Injury,14:16:00,Bicyclist Ride Out - Signalized  Intersection,2007,Yes,No,Daylight,Straight - Level,Local Street,Dry,"Two-Way, Divided, Unprotected Median",None,Four-Way Intersection,Coarse Asphalt,7 lanes,"35.3414529089, -80.7679432261"
6670,Durham,Durham,Piedmont,Commercial,Urban (>70% Developed),NA,Urban,30 - 35  MPH,Stop And Go Signal,Clear,No,18,16-19,No,NA,Not Applicable,B: Evident Injury,NA,Black,Female,NA,NA,Missing,NA,31-35 mph,Unknown Injury,Unknown/Missing,NA,Passenger Car,No,03JUL2007,Tuesday,Motorist Left Turn / Merge,22,Intersection-Related,July,B: Evident Injury,22:50:00,Motorist Left Turn - Opposite Direction,2007,Yes,Yes,Dark - Roadway Not Lighted,Straight - Grade,Local Street,Dry,"Two-Way, Not Divided",None,Four-Way Intersection,Smooth Asphalt,2 lanes,"36.0073571193, -78.885546696"
6678,Jacksonville,Onslow,Coastal,Commercial,Urban (>70% Developed),NA,Urban,40 - 45  MPH,No Control Present,Clear,No,16,16-19,No,NA,Facing Traffic,C: Possible Injury,Travel Lane,White,Male,53,50-59,No,NA,0-5 mph,O: No Injury,White,Male,Van,No,13APR2007,Friday,Motorist Failed to Yield - Midblock,17,Non-Intersection,April,C: Possible Injury,17:35:00,Motorist Drive Out - Commercial Driveway / Alley,2007,Yes,No,Daylight,Straight - Level,Local Street,Dry,"Two-Way, Not Divided",None,"Driveway, Public",Smooth Asphalt,5 lanes,"34.7778369032, -77.4144081864"
6679,Red Springs,Robeson,Coastal,Residential,Urban (>70% Developed),NA,Rural,5 - 15 MPH,No Control Present,Clear,No,5,0-5,No,NA,NA,B: Evident Injury,Non-Roadway,Native American,Male,23,20-24,No,NA,0-5 mph,O: No Injury,Black,Female,Passenger Car,No,13APR2007,Friday,Non-Roadway,17,Non-Roadway,April,B: Evident Injury,17:39:00,Non-Roadway,2007,No,No,Daylight,Straight - Level,Public Vehicular Area,Dry,"Two-Way, Not Divided",None,No Special Feature,Coarse Asphalt,2 lanes,"34.8185798531, -79.1908827255"
6690,None - Rural Crash,New Hanover,Coastal,Residential,Mixed (30% To 70% Developed),NA,Rural,40 - 45  MPH,Stop Sign,Clear,No,39,30-39,No,NA,Facing Traffic,C: Possible Injury,Travel Lane,Black,Male,24,20-24,No,NA,6-10 mph,O: No Injury,White,Male,Passenger Car,No,17APR2007,Tuesday,Motorist Failed to Yield - Sign-Controlled Intersection,9,Intersection,April,C: Possible Injury,09:50:00,Motorist Drive Out - Sign-Controlled Intersection,2007,Yes,No,Daylight,Straight - Level,NC Route,Dry,"Two-Way, Divided, Unprotected Median",None,T-Intersection,Coarse Asphalt,4 lanes,"34.1630007521, -77.8918323021"
6696,Spring Lake,Cumberland,Coastal,Commercial,Urban (>70% Developed),NA,Urban,20 - 25  MPH,No Control Present,Clear,No,11,11-15,No,NA,NA,C: Possible Injury,Non-Roadway,Black,Male,41,40-49,No,NA,16-20 mph,O: No Injury,Black,Male,Sport Utility,No,14JUL2007,Saturday,Non-Roadway,17,Non-Roadway,July,C: Possible Injury,17:33:00,Non-Roadway,2007,Yes,No,Daylight,Straight - Level,Public Vehicular Area,Dry,"Two-Way, Not Divided",None,No Special Feature,Coarse Asphalt,NA,"35.1729669374, -78.9710426776"
6699,Raleigh,Wake,Piedmont,Institutional,Urban (>70% Developed),NA,Urban,20 - 25  MPH,No Control Present,Rain,No,21,20-24,No,NA,With Traffic,B: Evident Injury,Travel Lane,White,Male,20,20-24,No,NA,16-20 mph,O: No Injury,White,Male,Passenger Car,No,19APR2007,Thursday,Motorist Left Turn / Merge,21,Intersection,April,B: Evident Injury,21:52:00,Motorist Left Turn - Opposite Direction,2007,Yes,No,Dark - Lighted Roadway,Straight - Grade,Local Street,Wet,"Two-Way, Divided, Unprotected Median",None,Four-Way Intersection,Smooth Asphalt,2 lanes,"35.7886970799, -78.6843726227"
6708,Charlotte,Mecklenburg,Piedmont,Residential,Urban (>70% Developed),NA,Urban,NA,No Control Present,Clear,No,9,6-10,No,NA,Facing Traffic,C: Possible Injury,Travel Lane,Black,Female,45,40-49,No,NA,NA,O: No Injury,Black,Male,Pickup,No,23APR2007,Monday,Backing Vehicle,19,Non-Intersection,April,C: Possible Injury,19:49:00,Backing Vehicle,2007,No,No,Daylight,Straight - Grade,Local Street,Dry,"Two-Way, Not Divided",None,No Special Feature,Smooth Asphalt,NA,"35.2101428756, -80.9211032643"
6709,None - Rural Crash,Duplin,Coastal,"Farms, Woods, Pastures",Rural (<30% Developed),NA,Rural,50 - 55  MPH,No Control Present,Clear,No,48,40-49,Yes,NA,Facing Traffic,B: Evident Injury,Travel Lane,Black,Male,21,20-24,No,NA,51-55 mph,O: No Injury,White,Male,Pickup,Yes,24APR2007,Tuesday,Parallel Paths - Other Circumstances,21,Non-Intersection,April,B: Evident Injury,21:05:00,Motorist Turn / Merge - Other / Unknown,2007,Yes,No,Dark - Roadway Not Lighted,Straight - Level,State Secondary Route,Dry,"Two-Way, Not Divided",None,No Special Feature,Coarse Asphalt,2 lanes,"35.0098669335, -78.0475723901"
6716,Wilson,Wilson,Coastal,Residential,Urban (>70% Developed),NA,Urban,40 - 45  MPH,Stop Sign,Clear,No,45,40-49,No,NA,Facing Traffic,B: Evident Injury,Travel Lane,White,Male,22,20-24,No,NA,6-10 mph,O: No Injury,Black,Female,Passenger Car,No,25APR2007,Wednesday,Motorist Failed to Yield - Sign-Controlled Intersection,8,Intersection,April,B: Evident Injury,08:43:00,Motorist Drive Out - Sign-Controlled Intersection,2007,No,No,Daylight,Straight - Hillcrest,Local Street,Dry,"Two-Way, Not Divided",None,No Special Feature,Coarse Asphalt,4 lanes,"35.7100820889, -77.9429323936"
5403,Atlantic Beach,Carteret,Coastal,Commercial,Urban (>70% Developed),NA,Rural,30 - 35  MPH,No Control Present,Clear,No,55,50-59,No,NA,Facing Traffic,O: No Injury,Travel Lane,White,Male,60,60-69,No,NA,0-5 mph,O: No Injury,White,Male,"Single Unit Truck (2-Axle, 6-Tire)",No,29DEC2009,Tuesday,Parallel Paths - Other Circumstances,8,Non-Intersection,December,O: No Injury,08:44:00,Parallel Paths - Other / Unknown,2009,No,No,Daylight,Straight - Level,NC Route,Dry,"Two-Way, Divided, Unprotected Median",None,"Driveway, Public",Smooth Asphalt,6 lanes,"34.7011599086, -76.7385319773"
5417,None - Rural Crash,Pamlico,Coastal,"Farms, Woods, Pastures",Rural (<30% Developed),NA,Rural,50 - 55  MPH,No Control Present,Clear,No,52,50-59,No,NA,With Traffic,K: Killed,Travel Lane,Black,Male,36,30-39,No,NA,51-55 mph,C: Possible Injury,Asian,Female,Sport Utility,No,01FEB2009,Sunday,Motorist Overtaking Bicyclist,18,Non-Intersection,February,K: Killed,18:44:00,Motorist Overtaking - Other / Unknown,2009,Yes,No,Dark - Roadway Not Lighted,Straight - Level,US Route,Dry,"Two-Way, Not Divided",None,No Special Feature,Smooth Asphalt,5 lanes,"35.1366530005, -76.8617020357"
5425,Charlotte,Mecklenburg,Piedmont,Commercial,Mixed (30% To 70% Developed),NA,Urban,30 - 35  MPH,No Control Present,Clear,No,23,20-24,No,NA,Facing Traffic,C: Possible Injury,Travel Lane,Hispanic,Male,42,40-49,No,NA,0-5 mph,O: No Injury,Black,Male,Sport Utility,No,27AUG2009,Thursday,Motorist Left Turn / Merge,20,Non-Intersection,August,C: Possible Injury,20:27:00,Motorist Left Turn - Same Direction,2009,No,No,Dark - Lighted Roadway,Straight - Level,Local Street,Dry,"Two-Way, Not Divided",None,No Special Feature,Smooth Asphalt,2 lanes,"35.3016428999, -80.8024432342"
5430,Charlotte,Mecklenburg,Piedmont,Residential,Urban (>70% Developed),NA,Urban,30 - 35  MPH,Stop And Go Signal,Clear,No,24,20-24,No,NA,NA,B: Evident Injury,Travel Lane,White,Male,34,30-39,No,NA,0-5 mph,O: No Injury,White,Male,Sport Utility,No,08AUG2009,Saturday,Other / Unknown - Insufficient Details,14,Intersection-Related,August,B: Evident Injury,14:14:00,Unknown Approach Paths,2009,No,No,Daylight,Straight - Grade,Local Street,Dry,"Two-Way, Not Divided",None,Four-Way Intersection,Smooth Asphalt,6 lanes,"35.215316879, -80.8581932455"
5432,Charlotte,Mecklenburg,Piedmont,Commercial,Urban (>70% Developed),NA,Urban,30 - 35  MPH,Stop And Go Signal,Clear,No,21,20-24,No,NA,Facing Traffic,B: Evident Injury,Travel Lane,Hispanic,Male,47,40-49,No,NA,0-5 mph,O: No Injury,White,Male,Pickup,No,02JUL2009,Thursday,Motorist Failed to Yield - Signalized Intersection,22,Intersection,July,B: Evident Injury,22:14:00,Motorist Drive Out - Signalized Intersection,2009,Yes,No,Dark - Lighted Roadway,Straight - Level,Local Street,Wet,"Two-Way, Divided, Unprotected Median",None,T-Intersection,Smooth Asphalt,5 lanes,"35.1469068692, -80.7243632018"
5438,Charlotte,Mecklenburg,Piedmont,Commercial,Urban (>70% Developed),NA,Urban,5 - 15 MPH,Stop And Go Signal,Clear,No,NA,NA,No,NA,NA,C: Possible Injury,NA,Black,Male,44,40-49,No,NA,0-5 mph,O: No Injury,Black,Male,Passenger Car,No,14MAY2009,Thursday,Other / Unknown - Insufficient Details,19,Intersection,May,C: Possible Injury,19:51:00,Unknown Approach Paths,2009,Yes,No,Daylight,Straight - Level,Local Street,Dry,"Two-Way, Divided, Positive Median Barrier",None,No Special Feature,Concrete,4 lanes,"35.216063878, -80.883823253"
5446,Charlotte,Mecklenburg,Piedmont,Residential,Urban (>70% Developed),NA,Urban,30 - 35  MPH,Stop Sign,Clear,No,35,30-39,No,NA,With Traffic,B: Evident Injury,Travel Lane,White,Male,NA,NA,Missing,NA,0-5 mph,Unknown Injury,Unknown/Missing,NA,NA,No,07MAR2009,Saturday,Motorist Left Turn / Merge,10,Intersection,March,B: Evident Injury,10:30:00,Motorist Left Turn - Opposite Direction,2009,Yes,Yes,Daylight,Straight - Level,Local Street,Dry,"Two-Way, Divided, Unprotected Median",Road Surface Condition,No Special Feature,Smooth Asphalt,4 lanes,"35.2106368789, -80.8343932388"
5447,Charlotte,Mecklenburg,Piedmont,Commercial,Urban (>70% Developed),NA,Urban,30 - 35  MPH,Stop And Go Signal,Clear,No,60,60-69,No,NA,With Traffic,C: Possible Injury,Travel Lane,Black,Male,69,60-69,No,NA,0-5 mph,O: No Injury,Black,Female,Passenger Car,No,09FEB2009,Monday,Bicyclist Failed to Yield - Midblock,14,Non-Intersection,February,C: Possible Injury,14:48:00,Bicyclist Ride Out - Other Midblock,2009,Yes,No,Daylight,Straight - Level,Local Street,Dry,"Two-Way, Divided, Unprotected Median",None,Four-Way Intersection,Smooth Asphalt,5 lanes,"35.2626968898, -80.8547932474"
5450,Charlotte,Mecklenburg,Piedmont,Commercial,Urban (>70% Developed),NA,Urban,NA,No Control Present,Clear,No,49,40-49,No,NA,With Traffic,O: No Injury,Sidewalk / Crosswalk / Driveway Crossing,Black,Female,16,0-19,No,NA,NA,C: Possible Injury,Black,Male,Pedestrian,No,27JAN2008,Sunday,Parallel Paths - Other Circumstances,8,Non-Intersection,January,C: Possible Injury,08:41:00,Bicyclist Ride Out - Parallel Path,2008,Yes,No,Daylight,Curve - Grade,Local Street,Dry,"Two-Way, Not Divided",None,T-Intersection,Smooth Asphalt,2 lanes,"35.2612568912, -80.8019832316"
5452,Charlotte,Mecklenburg,Piedmont,Commercial,Urban (>70% Developed),NA,Urban,20 - 25  MPH,Stop And Go Signal,Clear,No,43,40-49,No,NA,With Traffic,O: No Injury,Sidewalk / Crosswalk / Driveway Crossing,White,Male,25,25-29,No,NA,26-30 mph,O: No Injury,Black,Female,Passenger Car,No,03FEB2008,Sunday,Bicyclist Failed to Yield - Signalized Intersection,23,Intersection,February,O: No Injury,23:34:00,Bicyclist Ride Through - Signalized Intersection,2008,Yes,No,Dark - Lighted Roadway,Straight - Level,Local Street,Dry,"Two-Way, Divided, Unprotected Median",None,No Special Feature,Smooth Asphalt,3 lanes,"35.228720883, -80.8407632411"
5455,Durham,Durham,Piedmont,Residential,Urban (>70% Developed),NA,Urban,30 - 35  MPH,Stop Sign,Cloudy,No,70+,70+,Yes,NA,With Traffic,B: Evident Injury,Travel Lane,White,Male,70+,70+,No,NA,21-25 mph,O: No Injury,White,Female,Passenger Car,Yes,06FEB2008,Wednesday,Bicyclist Failed to Yield - Sign-Controlled Intersection,13,Intersection,February,B: Evident Injury,13:25:00,Bicyclist Ride Through - Sign-Controlled Intersection,2008,Yes,No,Daylight,Straight - Level,Local Street,Dry,"Two-Way, Not Divided",None,Four-Way Intersection,Smooth Asphalt,2 lanes,"36.01520112, -78.9156027058"
5468,Cary,Wake,Piedmont,Residential,Urban (>70% Developed),NA,Urban,30 - 35  MPH,Stop Sign,Clear,No,11,11-15,No,NA,Not Applicable,B: Evident Injury,Multi-use Path,White,Male,29,25-29,No,NA,26-30 mph,O: No Injury,White,Female,Passenger Car,No,14MAR2008,Friday,Bicyclist Failed to Yield - Sign-Controlled Intersection,13,Intersection,March,B: Evident Injury,13:10:00,Bicyclist Ride Through - Sign-Controlled Intersection,2008,Yes,No,Daylight,Straight - Grade,Local Street,Dry,"Two-Way, Not Divided",None,Shared-Use Paths Or Trails,Smooth Asphalt,2 lanes,"35.8173020784, -78.9056926919"
5471,Durham,Durham,Piedmont,Residential,Urban (>70% Developed),NA,Urban,40 - 45  MPH,No Control Present,Clear,No,38,30-39,No,NA,With Traffic,B: Evident Injury,Travel Lane,Black,Male,21,20-24,No,NA,11-15 mph,O: No Injury,Black,Female,Passenger Car,No,18MAR2008,Tuesday,Motorist Right Turn / Merge,7,Intersection,March,B: Evident Injury,07:02:00,Motorist Right Turn - Same Direction,2008,Yes,No,Daylight,Straight - Grade,Local Street,Dry,"Two-Way, Not Divided",None,T-Intersection,Coarse Asphalt,2 lanes,"35.9442471056, -78.9007426968"
5475,None - Rural Crash,Caswell,Piedmont,"Farms, Woods, Pastures",Rural (<30% Developed),NA,Rural,50 - 55  MPH,"Double Yellow Line, No Passing Zone",Clear,No,35,30-39,No,NA,With Traffic,B: Evident Injury,Travel Lane,White,Male,70+,70+,No,NA,46-50 mph,O: No Injury,White,Female,Passenger Car,No,04JAN2008,Friday,Motorist Overtaking Bicyclist,17,Non-Intersection,January,B: Evident Injury,17:18:00,Motorist Overtaking - Misjudged Space,2008,No,No,Dusk,Straight - Level,State Secondary Route,Dry,"Two-Way, Not Divided",None,No Special Feature,Coarse Asphalt,2 lanes,"36.2980571596, -79.4745328903"
5480,Charlotte,Mecklenburg,Piedmont,Commercial,Urban (>70% Developed),NA,Urban,30 - 35  MPH,Stop And Go Signal,Clear,No,14,11-15,No,NA,With Traffic,C: Possible Injury,Travel Lane,White,Male,24,20-24,No,NA,11-15 mph,O: No Injury,White,Female,Passenger Car,No,02APR2008,Wednesday,Motorist Left Turn / Merge,15,Intersection,April,C: Possible Injury,15:42:00,Motorist Left Turn - Opposite Direction,2008,No,No,Daylight,Straight - Level,Local Street,Dry,"Two-Way, Divided, Unprotected Median",None,Four-Way Intersection,Smooth Asphalt,2 lanes,"35.0385198431, -80.8056432205"
5481,None - Rural Crash,Halifax,Coastal,Residential,Mixed (30% To 70% Developed),NA,Rural,40 - 45  MPH,"Double Yellow Line, No Passing Zone",Cloudy,No,13,11-15,No,NA,With Traffic,B: Evident Injury,Bike Lane / Paved Shoulder,White,Female,26,25-29,No,NA,31-35 mph,O: No Injury,Black,Male,Passenger Car,No,08JAN2008,Tuesday,Parallel Paths - Other Circumstances,15,Non-Intersection,January,B: Evident Injury,15:58:00,Bicyclist Ride Out - Parallel Path,2008,Yes,No,Daylight,Curve - Level,State Secondary Route,Dry,"Two-Way, Not Divided",None,Four-Way Intersection,Smooth Asphalt,2 lanes,"36.4624872587, -77.6865023551"
5495,Raleigh,Wake,Piedmont,Commercial,Mixed (30% To 70% Developed),NA,Urban,5 - 15 MPH,Flashing Signal With Stop Sign,Clear,No,41,40-49,No,NA,Not Applicable,O: No Injury,Multi-use Path,White,Male,22,20-24,No,NA,0-5 mph,O: No Injury,White,Female,Passenger Car,No,14JAN2008,Monday,Non-Roadway,17,Non-Roadway,January,O: No Injury,17:33:00,Non-Roadway,2008,No,No,Dark - Lighted Roadway,Straight - Level,Public Vehicular Area,Dry,"Two-Way, Not Divided",None,"Driveway, Public",Smooth Asphalt,2 lanes,"35.837597091, -78.6789886244"
5501,Fayetteville,Cumberland,Coastal,"Farms, Woods, Pastures",Rural (<30% Developed),NA,Urban,50 - 55  MPH,No Control Present,Clear,No,46,40-49,No,NA,With Traffic,A: Disabling Injury,Travel Lane,Other,Female,47,40-49,No,NA,46-50 mph,O: No Injury,White,Male,"Single Unit Truck (2-Axle, 6-Tire)",No,25MAR2008,Tuesday,Motorist Overtaking Bicyclist,6,Non-Intersection,March,A: Disabling Injury,06:46:00,Motorist Overtaking - Bicyclist Swerved,2008,Yes,No,Dark - Roadway Not Lighted,Straight - Grade,Local Street,Dry,"Two-Way, Divided, Unprotected Median",None,No Special Feature,Coarse Asphalt,4 lanes,"35.0649219116, -79.0339226911"