object_id,city,county,region,development,locality,on_road,rural_urban,speed_limit,traffic_control,weather,workzone,bike_age,bike_age_group,bike_alcohol,bike_alcohol_drugs,bike_direction,bike_injury,bike_position,bike_race,bike_sex,driver_age,driver_age_group,driver_alcohol,driver_alcohol_drugs,driver_est_speed,driver_injury,driver_race,driver_sex,driver_vehicle_type,crash_alcohol,crash_date,crash_day,crash_group,crash_hour,crash_location,crash_month,crash_severity,crash_time,crash_type,crash_year,ambulance_req,hit_run,light_condition,road_character,road_class,road_condition,road_configuration,road_defects,road_feature,road_surface,num_lanes,geo_point
5502,Greensboro,Guilford,Piedmont,Institutional,Urban (>70% Developed),NA,Urban,NA,Stop And Go Signal,Clear,No,16,16-19,No,NA,With Traffic,C: Possible Injury,Sidewalk / Crosswalk / Driveway Crossing,Black,Male,NA,NA,Missing,NA,NA,Unknown Injury,Unknown/Missing,NA,NA,No,20JAN2008,Sunday,Bicyclist Failed to Yield - Signalized Intersection,12,Intersection,January,C: Possible Injury,12:30:00,Bicyclist Failed to Clear - Trapped,2008,Yes,Yes,Daylight,Straight - Grade,Local Street,Dry,"Two-Way, Divided, Unprotected Median",None,Related To Intersection,Smooth Asphalt,5 lanes,"36.0716771005, -79.7780429689"
5505,None - Rural Crash,Cumberland,Coastal,Residential,Urban (>70% Developed),NA,Rural,30 - 35  MPH,"Double Yellow Line, No Passing Zone",Clear,No,52,50-59,Yes,NA,With Traffic,B: Evident Injury,Travel Lane,Black,Male,56,50-59,No,NA,31-35 mph,O: No Injury,Black,Male,Passenger Car,Yes,20JAN2008,Sunday,Loss of Control / Turning Error,19,Intersection-Related,January,B: Evident Injury,19:27:00,Bicylist Lost Control - Alcohol / Drug Impairment,2008,Yes,No,Dark - Lighted Roadway,Straight - Grade,State Secondary Route,Dry,"Two-Way, Not Divided",None,No Special Feature,Coarse Asphalt,2 lanes,"35.1079869242, -78.9406626656"
5507,Pleasant Garden,Guilford,Piedmont,Commercial,Mixed (30% To 70% Developed),NA,Urban,30 - 35  MPH,"Double Yellow Line, No Passing Zone",Rain,No,67,60-69,No,NA,With Traffic,B: Evident Injury,Travel Lane,White,Male,51,50-59,No,NA,21-25 mph,O: No Injury,White,Male,Passenger Car,No,22JAN2008,Tuesday,Motorist Overtaking Bicyclist,18,Non-Intersection,January,B: Evident Injury,18:19:00,Motorist Overtaking - Undetected Bicyclist,2008,No,No,Dark - Roadway Not Lighted,Straight - Level,State Secondary Route,Wet,"Two-Way, Not Divided",None,No Special Feature,Coarse Asphalt,2 lanes,"35.9686170797, -79.7644829597"
5511,Durham,Durham,Piedmont,Commercial,Urban (>70% Developed),NA,Urban,30 - 35  MPH,Stop And Go Signal,Clear,No,13,11-15,No,NA,With Traffic,B: Evident Injury,Travel Lane,White,Male,16,0-19,No,NA,6-10 mph,O: No Injury,White,Female,Sport Utility,No,11APR2008,Friday,Loss of Control / Turning Error,15,Intersection,April,B: Evident Injury,15:26:00,"Bicyclist Lost Control - Oversteering, Improper Braking, Speed",2008,Yes,No,Daylight,Straight - Level,Local Street,Dry,"Two-Way, Not Divided",None,Four-Way Intersection,Smooth Asphalt,8 lanes,"36.0327601212, -78.9815527261"
5528,Raleigh,Wake,Piedmont,Residential,Urban (>70% Developed),NA,Urban,20 - 25  MPH,Stop Sign,Clear,No,13,11-15,No,NA,Facing Traffic,C: Possible Injury,Sidewalk / Crosswalk / Driveway Crossing,Black,Male,39,30-39,No,NA,0-5 mph,O: No Injury,White,Male,Sport Utility,No,01FEB2008,Friday,Motorist Failed to Yield - Sign-Controlled Intersection,20,Intersection-Related,February,C: Possible Injury,20:08:00,Motorist Drive Out - Sign-Controlled Intersection,2008,No,No,Dusk,Straight - Level,Local Street,Dry,"Two-Way, Not Divided",None,No Special Feature,Smooth Asphalt,2 lanes,"35.8103570889, -78.5497725832"
5543,Fayetteville,Cumberland,Coastal,Industrial,Rural (<30% Developed),NA,Urban,40 - 45  MPH,Missing,Clear,No,19,16-19,No,NA,With Traffic,C: Possible Injury,Travel Lane,Black,Male,27,25-29,No,NA,41-45 mph,O: No Injury,White,Female,Passenger Car,No,06FEB2008,Wednesday,Bicyclist Left Turn / Merge,7,Non-Intersection,February,C: Possible Injury,07:20:00,Bicyclist Left Turn - Same Direction,2008,No,No,Daylight,Straight - Level,Local Street,Dry,"Two-Way, Not Divided",None,No Special Feature,Grooved Concrete,2 lanes,"35.0600369109, -79.0162026858"
5544,Winston-Salem,Forsyth,Piedmont,Residential,Urban (>70% Developed),NA,Urban,30 - 35  MPH,Stop Sign,Rain,No,16,16-19,No,NA,Facing Traffic,A: Disabling Injury,Sidewalk / Crosswalk / Driveway Crossing,Black,Male,43,40-49,No,NA,26-30 mph,O: No Injury,White,Female,Passenger Car,No,06FEB2008,Wednesday,Bicyclist Failed to Yield - Sign-Controlled Intersection,19,Intersection,February,A: Disabling Injury,19:12:00,Bicyclist Ride Out - Sign-Controlled Intersection,2008,No,No,Dark - Lighted Roadway,Straight - Grade,Local Street,"Water (Standing, Moving)","One-Way, Not Divided",Road Surface Condition,No Special Feature,Smooth Asphalt,2 lanes,"36.1233320946, -80.2449731129"
5554,High Point,Guilford,Piedmont,Residential,Urban (>70% Developed),NA,Urban,30 - 35  MPH,Stop Sign,Clear,No,16,16-19,No,NA,Facing Traffic,C: Possible Injury,Travel Lane,Black,Male,24,20-24,No,NA,0-5 mph,O: No Injury,White,Male,Sport Utility,No,10FEB2008,Sunday,Motorist Failed to Yield - Sign-Controlled Intersection,17,Intersection,February,C: Possible Injury,17:57:00,Motorist Drive Out - Sign-Controlled Intersection,2008,Yes,No,Daylight,Straight - Level,Local Street,Dry,"Two-Way, Not Divided",None,Related To Intersection,Coarse Asphalt,4 lanes,"35.953907068, -79.9929630274"
5558,Elizabeth City,Pasquotank,Coastal,Residential,Urban (>70% Developed),NA,Urban,50 - 55  MPH,Stop And Go Signal,Cloudy,No,49,40-49,No,NA,With Traffic,C: Possible Injury,Travel Lane,Black,Male,31,30-39,No,NA,6-10 mph,O: No Injury,White,Female,Passenger Car,No,15FEB2008,Friday,Bicyclist Left Turn / Merge,14,Intersection,February,C: Possible Injury,14:23:00,Bicyclist Left Turn - Opposite Direction,2008,Yes,No,Daylight,Straight - Level,Local Street,Wet,"Two-Way, Not Divided",None,No Special Feature,Smooth Asphalt,8 lanes,"36.2797472702, -76.2173918952"
5561,Charlotte,Mecklenburg,Piedmont,Commercial,Mixed (30% To 70% Developed),NA,Urban,NA,Stop And Go Signal,Clear,No,37,30-39,No,NA,With Traffic,O: No Injury,Sidewalk / Crosswalk / Driveway Crossing,Black,Male,NA,NA,No,NA,NA,Unknown Injury,Black,Male,Passenger Car,No,16APR2008,Wednesday,Motorist Right Turn / Merge,19,Intersection,April,O: No Injury,19:02:00,Motorist Right Turn - Same Direction,2008,No,Yes,Daylight,Straight - Level,Local Street,Dry,"Two-Way, Divided, Positive Median Barrier",None,No Special Feature,Smooth Asphalt,2 lanes,"35.272253891, -80.8545032477"
5568,None - Rural Crash,Brunswick,Coastal,"Farms, Woods, Pastures",Rural (<30% Developed),NA,Rural,NA,Missing,Clear,No,10,6-10,No,NA,With Traffic,O: No Injury,Bike Lane / Paved Shoulder,White,Male,62,60-69,No,NA,NA,O: No Injury,White,Female,Passenger Car,No,19FEB2008,Tuesday,Bicyclist Left Turn / Merge,18,Non-Intersection,February,O: No Injury,18:15:00,Bicyclist Left Turn - Same Direction,2008,No,No,Daylight,Straight - Level,State Secondary Route,Dry,"Two-Way, Not Divided",None,No Special Feature,Coarse Asphalt,2 lanes,"34.0113267099, -78.1338023684"
5569,Trent Woods,Craven,Coastal,Residential,Urban (>70% Developed),NA,Rural,20 - 25  MPH,No Control Present,Clear,No,11,11-15,No,NA,With Traffic,C: Possible Injury,Travel Lane,White,Female,70+,70+,No,NA,NA,O: No Injury,White,Male,Passenger Car,No,19FEB2008,Tuesday,Bicyclist Left Turn / Merge,17,Non-Intersection,February,C: Possible Injury,17:35:00,Bicyclist Left Turn - Same Direction,2008,No,No,Daylight,Straight - Level,Local Street,Dry,"Two-Way, Not Divided",None,No Special Feature,Smooth Asphalt,2 lanes,"35.0842469813, -77.0862521012"
5570,None - Rural Crash,Craven,Coastal,Residential,Rural (<30% Developed),NA,Rural,40 - 45  MPH,Missing,Cloudy,No,30,30-39,No,NA,With Traffic,B: Evident Injury,Travel Lane,Black,Male,70+,70+,No,NA,36-40 mph,O: No Injury,Black,Female,Passenger Car,No,22FEB2008,Friday,Bicyclist Left Turn / Merge,16,Non-Intersection,February,B: Evident Injury,16:33:00,Bicyclist Left Turn - Same Direction,2008,Yes,No,Daylight,Straight - Level,State Secondary Route,Dry,"Two-Way, Not Divided",None,No Special Feature,Smooth Asphalt,2 lanes,"35.0941419818, -77.133352117"
5572,Greensboro,Guilford,Piedmont,Commercial,Urban (>70% Developed),NA,Urban,30 - 35  MPH,Stop And Go Signal,Rain,No,55,50-59,No,NA,Facing Traffic,B: Evident Injury,Travel Lane,Black,Male,25,25-29,No,NA,6-10 mph,O: No Injury,Black,Male,Passenger Car,No,22FEB2008,Friday,Bicyclist Failed to Yield - Signalized Intersection,1,Intersection,February,B: Evident Injury,01:50:00,Bicyclist Ride Through - Signalized Intersection,2008,No,No,Dark - Lighted Roadway,Straight - Level,Local Street,Wet,"Two-Way, Divided, Unprotected Median",None,Bridge,Smooth Asphalt,5 lanes,"36.0335070915, -79.8010589743"
5577,Charlotte,Mecklenburg,Piedmont,Commercial,Urban (>70% Developed),NA,Urban,30 - 35  MPH,No Control Present,Clear,No,38,30-39,No,NA,With Traffic,C: Possible Injury,Bike Lane / Paved Shoulder,White,Male,43,40-49,No,NA,31-35 mph,O: No Injury,White,Male,Van,No,30APR2008,Wednesday,Motorist Right Turn / Merge,17,Non-Intersection,April,C: Possible Injury,17:53:00,Motorist Right Turn - Same Direction,2008,Yes,No,Daylight,Straight - Level,Local Street,Dry,"Two-Way, Divided, Unprotected Median",None,No Special Feature,Smooth Asphalt,6 lanes,"35.1165538584, -80.85624324"
5578,Gastonia,Gaston,Piedmont,Commercial,Urban (>70% Developed),NA,Urban,NA,Missing,Clear,No,28,25-29,No,NA,Facing Traffic,C: Possible Injury,Sidewalk / Crosswalk / Driveway Crossing,White,Male,52,50-59,No,NA,NA,O: No Injury,White,Female,Passenger Car,No,25FEB2008,Monday,Motorist Failed to Yield - Midblock,14,Non-Intersection,February,C: Possible Injury,14:44:00,Motorist Drive Out - Commercial Driveway / Alley,2008,No,No,Daylight,Straight - Grade,Public Vehicular Area,Dry,"Two-Way, Not Divided",None,"Driveway, Public",Smooth Asphalt,NA,"35.2885998835, -81.1544533374"
5583,None - Rural Crash,Robeson,Coastal,Residential,Rural (<30% Developed),NA,Rural,50 - 55  MPH,No Control Present,Clear,No,13,11-15,No,NA,Facing Traffic,C: Possible Injury,Travel Lane,Native American,Male,21,20-24,No,NA,51-55 mph,O: No Injury,Native American,Male,Passenger Car,No,29FEB2008,Friday,Bicyclist Right Turn / Merge,15,Non-Intersection,February,C: Possible Injury,15:50:00,Bicyclist Right Turn - Same Direction,2008,No,No,Daylight,Straight - Level,State Secondary Route,Dry,"Two-Way, Not Divided",None,"Driveway, Private",Coarse Asphalt,2 lanes,"34.7509228336, -79.3118427585"
5593,Greensboro,Guilford,Piedmont,Residential,Urban (>70% Developed),NA,Urban,NA,Missing,Clear,No,8,6-10,No,NA,Not Applicable,C: Possible Injury,Non-Roadway,White,Female,NA,NA,No,NA,NA,Unknown Injury,Unknown/Missing,NA,NA,No,03MAR2008,Monday,Non-Roadway,18,Non-Roadway,March,C: Possible Injury,18:57:00,Non-Roadway,2008,Yes,Yes,Dusk,Curve - Hillcrest,Public Vehicular Area,Dry,"Two-Way, Not Divided",None,"Driveway, Public",Coarse Asphalt,NA,"36.1203031094, -79.8193129848"
5594,Wilmington,New Hanover,Coastal,Residential,Urban (>70% Developed),NA,Urban,30 - 35  MPH,Stop Sign,Cloudy,No,51,50-59,No,NA,Facing Traffic,C: Possible Injury,Sidewalk / Crosswalk / Driveway Crossing,Black,Male,47,40-49,No,NA,0-5 mph,O: No Injury,White,Male,Van,No,04MAR2008,Tuesday,Motorist Failed to Yield - Sign-Controlled Intersection,16,Intersection,March,C: Possible Injury,16:49:00,Motorist Drive Out - Sign-Controlled Intersection,2008,No,No,Daylight,Straight - Level,Local Street,Dry,"Two-Way, Not Divided",None,T-Intersection,Smooth Asphalt,4 lanes,"34.2377617678, -77.919252314"
5602,Conover,Catawba,Piedmont,Commercial,Mixed (30% To 70% Developed),NA,Urban,40 - 45  MPH,Stop And Go Signal,Clear,No,70+,70+,No,NA,With Traffic,B: Evident Injury,Travel Lane,White,Male,44,40-49,No,NA,6-10 mph,O: No Injury,White,Male,Pickup,No,07MAY2008,Wednesday,Motorist Left Turn / Merge,15,Intersection,May,B: Evident Injury,15:22:00,Motorist Left Turn - Opposite Direction,2008,Yes,No,Daylight,Straight - Level,Local Street,Dry,"Two-Way, Divided, Unprotected Median",None,Four-Way Intersection,Smooth Asphalt,2 lanes,"35.7182989726, -81.2246333824"
5604,None - Rural Crash,Halifax,Coastal,Residential,Mixed (30% To 70% Developed),NA,Rural,NA,"Double Yellow Line, No Passing Zone",Clear,No,18,16-19,No,NA,With Traffic,B: Evident Injury,Travel Lane,Black,Male,28,25-29,No,NA,NA,O: No Injury,Black,Male,Sport Utility,No,09MAR2008,Sunday,Bicyclist Left Turn / Merge,12,Non-Intersection,March,B: Evident Injury,12:09:00,Bicyclist Left Turn - Same Direction,2008,No,No,Daylight,Straight - Level,State Secondary Route,Dry,"Two-Way, Not Divided",None,No Special Feature,Smooth Asphalt,2 lanes,"36.4544752549, -77.7358573697"
5612,Winston-Salem,Forsyth,Piedmont,Residential,Urban (>70% Developed),NA,Urban,30 - 35  MPH,Stop Sign,Clear,No,49,40-49,No,NA,Facing Traffic,B: Evident Injury,Sidewalk / Crosswalk / Driveway Crossing,White,Male,45,40-49,No,NA,6-10 mph,O: No Injury,White,Female,Sport Utility,No,06MAR2008,Thursday,Motorist Failed to Yield - Sign-Controlled Intersection,7,Intersection,March,B: Evident Injury,07:47:00,Motorist Drive Out - Sign-Controlled Intersection,2008,No,No,Daylight,Straight - Level,Local Street,Dry,"Two-Way, Not Divided",None,T-Intersection,Smooth Asphalt,2 lanes,"36.1466630988, -80.2587531182"
5613,Raleigh,Wake,Piedmont,Residential,Urban (>70% Developed),NA,Urban,30 - 35  MPH,Stop Sign,Clear,No,17,16-19,No,NA,With Traffic,B: Evident Injury,Travel Lane,Black,Male,50,50-59,No,NA,21-25 mph,O: No Injury,Black,Female,Passenger Car,No,12JAN2008,Saturday,Bicyclist Failed to Yield - Sign-Controlled Intersection,23,Intersection,January,B: Evident Injury,23:25:00,Bicyclist Ride Through - Sign-Controlled Intersection,2008,Yes,No,Dark - Lighted Roadway,Straight - Bottom,Local Street,Dry,"Two-Way, Not Divided",None,Four-Way Intersection,Smooth Asphalt,2 lanes,"35.7526050748, -78.6204526021"
5618,None - Rural Crash,Avery,Mountains,Residential,Mixed (30% To 70% Developed),NA,Rural,50 - 55  MPH,"Double Yellow Line, No Passing Zone",Clear,No,21,20-24,No,NA,With Traffic,B: Evident Injury,Travel Lane,White,Female,70+,70+,No,NA,41-45 mph,O: No Injury,White,Male,Pickup,No,13MAR2008,Thursday,Motorist Overtaking Bicyclist,17,Non-Intersection,March,B: Evident Injury,17:01:00,Motorist Overtaking - Misjudged Space,2008,Yes,No,Daylight,Straight - Level,NC Route,Dry,"One-Way, Not Divided",None,No Special Feature,Smooth Asphalt,2 lanes,"36.1206470295, -81.9336236173"
5622,None - Rural Crash,Richmond,Piedmont,Institutional,Mixed (30% To 70% Developed),NA,Rural,NA,"Double Yellow Line, No Passing Zone",Clear,No,64,60-69,No,NA,Facing Traffic,O: No Injury,Travel Lane,White,Male,49,40-49,Yes,NA,NA,A: Disabling Injury,Black,Female,Pedalcycle,Yes,12MAR2008,Wednesday,Bicyclist Right Turn / Merge,20,Non-Intersection,March,A: Disabling Injury,20:25:00,Bicyclist Right Turn - Same Direction,2008,Yes,No,Dark - Roadway Not Lighted,Straight - Level,State Secondary Route,Dry,"Two-Way, Not Divided",None,No Special Feature,Smooth Asphalt,2 lanes,"34.8972998492, -79.7801729064"
5624,Raleigh,Wake,Piedmont,Commercial,Urban (>70% Developed),NA,Urban,NA,No Control Present,Cloudy,No,28,25-29,No,NA,Facing Traffic,C: Possible Injury,Sidewalk / Crosswalk / Driveway Crossing,Hispanic,Male,24,20-24,No,NA,NA,O: No Injury,Hispanic,Male,Pickup,No,17MAR2008,Monday,Motorist Failed to Yield - Midblock,18,Non-Intersection,March,C: Possible Injury,18:33:00,Motorist Drive Out - Commercial Driveway / Alley,2008,Yes,No,Daylight,Straight - Grade,Public Vehicular Area,Dry,"Two-Way, Not Divided",None,No Special Feature,Concrete,4 lanes,"35.8347870923, -78.605282602"
5632,None - Rural Crash,Person,Piedmont,Residential,Mixed (30% To 70% Developed),NA,Rural,30 - 35  MPH,"Double Yellow Line, No Passing Zone",Clear,No,8,6-10,No,NA,Not Applicable,A: Disabling Injury,Driveway / Alley,White,Male,42,40-49,No,NA,31-35 mph,O: No Injury,White,Female,Sport Utility,No,20MAR2008,Thursday,Bicyclist Failed to Yield - Midblock,18,Non-Intersection,March,A: Disabling Injury,18:36:00,Bicyclist Ride Out - Residential Driveway,2008,Yes,No,Daylight,Straight - Level,State Secondary Route,Dry,"Two-Way, Not Divided",None,"Driveway, Private",Smooth Asphalt,2 lanes,"36.4077572002, -78.9964227518"
5634,Elizabeth City,Pasquotank,Coastal,Commercial,Urban (>70% Developed),NA,Urban,30 - 35  MPH,No Control Present,Clear,No,14,11-15,No,NA,Not Applicable,B: Evident Injury,Non-Roadway,White,Male,18,0-19,No,NA,31-35 mph,O: No Injury,White,Male,Passenger Car,No,22MAR2008,Saturday,Bicyclist Failed to Yield - Midblock,14,Non-Intersection,March,B: Evident Injury,14:31:00,Bicyclist Ride Out - Other Midblock,2008,Yes,No,Daylight,Straight - Level,Local Street,Dry,"Two-Way, Not Divided",None,No Special Feature,Smooth Asphalt,5 lanes,"36.296307273, -76.2263118984"
5644,Whiteville,Columbus,Coastal,Commercial,Urban (>70% Developed),NA,Urban,30 - 35  MPH,No Control Present,Clear,No,13,11-15,No,NA,Not Applicable,C: Possible Injury,Non-Roadway,Black,Male,35,30-39,No,NA,31-35 mph,O: No Injury,Black,Female,Passenger Car,No,27MAR2008,Thursday,Bicyclist Failed to Yield - Midblock,18,Non-Intersection,March,C: Possible Injury,18:09:00,Bicyclist Ride Out - Commercial Driveway / Alley,2008,Yes,No,Daylight,Straight - Level,Local Street,Dry,"Two-Way, Not Divided",None,No Special Feature,Smooth Asphalt,2 lanes,"34.3306067626, -78.7071025554"
5646,None - Rural Crash,Rowan,Piedmont,"Farms, Woods, Pastures",Rural (<30% Developed),NA,Rural,40 - 45  MPH,Stop Sign,Clear,No,28,25-29,No,NA,With Traffic,B: Evident Injury,Travel Lane,White,Male,61,60-69,No,NA,31-35 mph,O: No Injury,White,Male,"Single Unit Truck (2-Axle, 6-Tire)",No,27MAR2008,Thursday,Loss of Control / Turning Error,15,Intersection,March,B: Evident Injury,15:10:00,Motorist Turning Error - Left Turn,2008,Yes,No,Daylight,Straight - Grade,State Secondary Route,Dry,"Two-Way, Not Divided",None,T-Intersection,Smooth Asphalt,2 lanes,"35.6551069907, -80.3657131224"
5652,Raleigh,Wake,Piedmont,Residential,Urban (>70% Developed),NA,Urban,20 - 25  MPH,Stop Sign,Cloudy,No,13,11-15,No,NA,Facing Traffic,B: Evident Injury,Travel Lane,Black,Female,35,30-39,No,NA,11-15 mph,O: No Injury,Black,Male,Van,No,29MAR2008,Saturday,Bicyclist Failed to Yield - Sign-Controlled Intersection,19,Intersection,March,B: Evident Injury,19:06:00,Bicyclist Ride Through - Sign-Controlled Intersection,2008,Yes,No,Daylight,Straight - Bottom,Local Street,Wet,"Two-Way, Not Divided",None,T-Intersection,Smooth Asphalt,4 lanes,"35.77863208, -78.6145726014"
5654,Jacksonville,Onslow,Coastal,Commercial,Urban (>70% Developed),NA,Urban,40 - 45  MPH,Missing,Cloudy,No,48,40-49,No,NA,With Traffic,C: Possible Injury,Travel Lane,Black,Male,35,30-39,No,NA,31-35 mph,O: No Injury,White,Male,Pickup,No,30MAR2008,Sunday,Motorist Overtaking Bicyclist,4,Non-Intersection,March,C: Possible Injury,04:49:00,Motorist Overtaking - Other / Unknown,2008,Yes,No,Dark - Lighted Roadway,Straight - Level,US Route,Wet,"Two-Way, Not Divided",None,No Special Feature,Smooth Asphalt,6 lanes,"34.7519768969, -77.4477821955"
5661,Forest City,Rutherford,Mountains,Residential,Urban (>70% Developed),NA,Urban,30 - 35  MPH,Stop Sign,Clear,No,7,6-10,No,NA,With Traffic,C: Possible Injury,Travel Lane,White,Male,NA,NA,No,NA,NA,Unknown Injury,Unknown/Missing,NA,Passenger Car,No,10APR2008,Thursday,Bicyclist Failed to Yield - Sign-Controlled Intersection,19,Intersection,April,C: Possible Injury,19:28:00,Bicyclist Ride Out - Sign-Controlled Intersection,2008,Yes,Yes,Daylight,Straight - Level,Local Street,Dry,"Two-Way, Divided, Unprotected Median",None,T-Intersection,Smooth Asphalt,2 lanes,"35.3245498648, -81.8627885504"
5672,Asheboro,Randolph,Piedmont,Commercial,Urban (>70% Developed),NA,Urban,30 - 35  MPH,No Control Present,Rain,No,37,30-39,No,NA,With Traffic,A: Disabling Injury,Travel Lane,White,Male,70+,70+,No,NA,0-5 mph,O: No Injury,White,Male,Pickup,No,22APR2008,Tuesday,Motorist Failed to Yield - Midblock,5,Non-Intersection,April,A: Disabling Injury,05:57:00,Motorist Drive Out - Commercial Driveway / Alley,2008,Yes,No,Dark - Lighted Roadway,Straight - Level,US Route,Wet,"Two-Way, Not Divided",None,No Special Feature,Smooth Asphalt,4 lanes,"35.7390870293, -79.8084229595"
5675,Raleigh,Wake,Piedmont,Residential,Urban (>70% Developed),NA,Urban,40 - 45  MPH,Missing,Clear,No,20,20-24,No,NA,With Traffic,B: Evident Injury,Travel Lane,White,Male,23,20-24,No,NA,6-10 mph,O: No Injury,White,Male,Motorcycle,No,10APR2008,Thursday,Bicyclist Left Turn / Merge,10,Intersection,April,B: Evident Injury,10:07:00,Bicyclist Left Turn - Same Direction,2008,Yes,No,Daylight,Straight - Level,Local Street,Dry,"Two-Way, Not Divided",None,T-Intersection,Coarse Asphalt,2 lanes,"35.7721870761, -78.685236622"
5681,Lumber Bridge,Robeson,Coastal,Residential,Urban (>70% Developed),NA,Rural,20 - 25  MPH,Missing,Clear,No,51,50-59,No,NA,Not Applicable,B: Evident Injury,Bike Lane / Paved Shoulder,Black,Male,36,30-39,No,NA,16-20 mph,O: No Injury,Black,Male,Police,No,12APR2008,Saturday,Non-Roadway,11,Non-Roadway,April,B: Evident Injury,11:25:00,Non-Roadway,2008,Yes,No,Daylight,Straight - Level,Public Vehicular Area,Dry,NA,None,Other,Other,NA,"34.6178268146, -79.0160826629"
5683,Huntersville,Mecklenburg,Piedmont,Residential,Urban (>70% Developed),NA,Urban,40 - 45  MPH,No Control Present,Clear,No,53,50-59,No,NA,With Traffic,B: Evident Injury,Travel Lane,White,Female,40,40-49,No,NA,21-25 mph,O: No Injury,Black,Male,"Single Unit Truck (2-Axle, 6-Tire)",No,31MAY2008,Saturday,Loss of Control / Turning Error,10,Non-Intersection,May,B: Evident Injury,10:17:00,Bicyclist Lost Control - Other / Unknown,2008,Yes,No,Daylight,Straight - Level,Local Street,Dry,"Two-Way, Not Divided",None,No Special Feature,Smooth Asphalt,2 lanes,"35.3588819088, -80.8954632643"
5686,Fayetteville,Cumberland,Coastal,Commercial,Urban (>70% Developed),NA,Urban,30 - 35  MPH,Stop Sign,Clear,No,52,50-59,No,NA,With Traffic,B: Evident Injury,Travel Lane,Hispanic,Male,62,60-69,No,NA,31-35 mph,O: No Injury,White,Female,Passenger Car,No,14APR2008,Monday,Bicyclist Failed to Yield - Sign-Controlled Intersection,15,Intersection,April,B: Evident Injury,15:32:00,Bicyclist Ride Through - Sign-Controlled Intersection,2008,No,No,Daylight,Straight - Level,Local Street,Dry,"Two-Way, Divided, Unprotected Median",None,Four-Way Intersection,Coarse Asphalt,4 lanes,"35.0478089141, -78.8638426383"
5688,Charlotte,Mecklenburg,Piedmont,Commercial,Urban (>70% Developed),NA,Urban,40 - 45  MPH,No Control Present,Clear,No,13,11-15,No,NA,NA,C: Possible Injury,Travel Lane,Black,Male,29,25-29,No,NA,0-5 mph,O: No Injury,White,Female,Passenger Car,No,02JUN2008,Monday,Bicyclist Failed to Yield - Midblock,18,Non-Intersection,June,C: Possible Injury,18:08:00,Multiple Threat - Midblock,2008,Yes,No,Daylight,Straight - Level,Local Street,Dry,"Two-Way, Divided, Unprotected Median",None,No Special Feature,Smooth Asphalt,7 lanes,"35.1656138723, -80.7418472087"
5689,Chapel Hill,Orange,Piedmont,Institutional,Urban (>70% Developed),NA,Urban,NA,Missing,Clear,No,21,20-24,No,NA,With Traffic,C: Possible Injury,Travel Lane,White,Male,24,20-24,No,NA,NA,O: No Injury,White,Female,Passenger Car,No,16APR2008,Wednesday,Motorist Left Turn / Merge,17,Intersection,April,C: Possible Injury,17:28:00,Motorist Left Turn - Opposite Direction,2008,No,No,Daylight,Straight - Level,Local Street,Dry,"Two-Way, Divided, Unprotected Median",None,No Special Feature,Smooth Asphalt,2 lanes,"35.9086970922, -79.0499327405"
5700,Rocky Mount,Edgecombe,Coastal,Residential,Urban (>70% Developed),NA,Urban,30 - 35  MPH,Stop Sign,Clear,No,7,6-10,No,NA,With Traffic,O: No Injury,Travel Lane,Black,Female,45,40-49,No,NA,31-35 mph,O: No Injury,Black,Male,"Light Truck (Mini-Van, Panel)",No,26APR2008,Saturday,Bicyclist Failed to Yield - Sign-Controlled Intersection,16,Intersection,April,O: No Injury,16:33:00,Bicyclist Ride Through - Sign-Controlled Intersection,2008,No,No,Daylight,Straight - Level,Local Street,Dry,"Two-Way, Not Divided",None,No Special Feature,Smooth Asphalt,4 lanes,"35.9392311448, -77.7614123502"
5707,Wrightsville Beach,New Hanover,Coastal,Commercial,Urban (>70% Developed),NA,Rural,20 - 25  MPH,Stop And Go Signal,Clear,No,35,30-39,No,NA,With Traffic,B: Evident Injury,Travel Lane,White,Female,29,25-29,No,NA,0-5 mph,B: Evident Injury,White,Male,Passenger Car,No,20APR2008,Sunday,Motorist Failed to Yield - Signalized Intersection,10,Intersection,April,B: Evident Injury,10:16:00,Motorist Drive Out - Right Turn on Red,2008,No,No,Daylight,Straight - Level,Local Street,Wet,"Two-Way, Divided, Positive Median Barrier",None,Four-Way Intersection,Coarse Asphalt,2 lanes,"34.2148267664, -77.7907962738"
5708,Charlotte,Mecklenburg,Piedmont,Commercial,Urban (>70% Developed),NA,Urban,40 - 45  MPH,No Control Present,Clear,No,24,20-24,No,NA,With Traffic,O: No Injury,Travel Lane,Hispanic,Male,31,30-39,No,NA,21-25 mph,O: No Injury,Hispanic,Male,"Light Truck (Mini-Van, Panel)",No,05JUN2008,Thursday,Motorist Right Turn / Merge,7,Non-Intersection,June,O: No Injury,07:35:00,Motorist Right Turn - Same Direction,2008,No,No,Daylight,Straight - Level,Local Street,Dry,"Two-Way, Not Divided",None,No Special Feature,Smooth Asphalt,4 lanes,"35.176169873, -80.7978032254"