object_id,city,county,region,development,locality,on_road,rural_urban,speed_limit,traffic_control,weather,workzone,bike_age,bike_age_group,bike_alcohol,bike_alcohol_drugs,bike_direction,bike_injury,bike_position,bike_race,bike_sex,driver_age,driver_age_group,driver_alcohol,driver_alcohol_drugs,driver_est_speed,driver_injury,driver_race,driver_sex,driver_vehicle_type,crash_alcohol,crash_date,crash_day,crash_group,crash_hour,crash_location,crash_month,crash_severity,crash_time,crash_type,crash_year,ambulance_req,hit_run,light_condition,road_character,road_class,road_condition,road_configuration,road_defects,road_feature,road_surface,num_lanes,geo_point
5709,None - Rural Crash,Burke,Mountains,Residential,Mixed (30% To 70% Developed),NA,Rural,NA,No Control Present,Clear,No,14,11-15,No,NA,Not Applicable,C: Possible Injury,Driveway / Alley,Asian,Male,NA,NA,Missing,NA,0-5 mph,Unknown Injury,Unknown/Missing,NA,Passenger Car,No,23APR2008,Wednesday,Non-Roadway,19,Non-Roadway,April,C: Possible Injury,19:20:00,Non-Roadway,2008,Yes,No,Daylight,Straight - Grade,"Private Road, Driveway",Dry,"Two-Way, Not Divided",None,"Driveway, Private",Concrete,NA,"35.6709129385, -81.8478335656"
5722,Sanford,Lee,Piedmont,Residential,Urban (>70% Developed),NA,Urban,30 - 35  MPH,Stop And Go Signal,Clear,No,61,60-69,No,NA,Facing Traffic,C: Possible Injury,Travel Lane,Hispanic,Male,44,40-49,No,NA,0-5 mph,O: No Injury,White,Male,Police,No,24APR2008,Thursday,Crossing Paths - Other Circumstances,11,Intersection,April,C: Possible Injury,11:21:00,Signalized Intersection - Other / Unknown,2008,Yes,No,Daylight,Straight - Level,Local Street,Dry,"Two-Way, Not Divided",None,Four-Way Intersection,Smooth Asphalt,2 lanes,"35.4881389979, -79.1800227575"
5725,Cary,Wake,Piedmont,Residential,Urban (>70% Developed),NA,Urban,20 - 25  MPH,No Control Present,Clear,No,10,6-10,No,NA,Not Applicable,A: Disabling Injury,Driveway / Alley,White,Male,54,50-59,No,NA,21-25 mph,O: No Injury,White,Male,Passenger Car,No,08JUN2008,Sunday,Bicyclist Failed to Yield - Midblock,14,Non-Intersection,June,A: Disabling Injury,14:54:00,Bicyclist Ride Out - Residential Driveway,2008,Yes,No,Daylight,Straight - Level,Local Street,Dry,"Two-Way, Not Divided",None,No Special Feature,Smooth Asphalt,2 lanes,"35.7250270638, -78.7605926428"
5728,Wilmington,New Hanover,Coastal,Commercial,Urban (>70% Developed),NA,Urban,NA,Missing,Clear,No,45,40-49,No,NA,With Traffic,C: Possible Injury,Travel Lane,White,Male,NA,NA,Missing,NA,NA,Unknown Injury,Unknown/Missing,NA,NA,No,27APR2008,Sunday,Motorist Overtaking Bicyclist,22,Non-Intersection,April,C: Possible Injury,22:15:00,Motorist Overtaking - Other / Unknown,2008,No,Yes,Dark - Lighted Roadway,Straight - Level,Local Street,Dry,"Two-Way, Divided, Unprotected Median",None,No Special Feature,Smooth Asphalt,4 lanes,"34.1583927506, -77.9115163082"
5735,Charlotte,Mecklenburg,Piedmont,Commercial,Urban (>70% Developed),NA,Urban,30 - 35  MPH,Stop And Go Signal,Clear,No,46,40-49,No,NA,With Traffic,C: Possible Injury,Travel Lane,Hispanic,Male,48,40-49,No,NA,6-10 mph,O: No Injury,White,Male,Pickup,No,11JUN2008,Wednesday,Motorist Right Turn / Merge,9,Non-Intersection,June,C: Possible Injury,09:07:00,Motorist Right Turn - Same Direction,2008,Yes,No,Daylight,Straight - Level,Local Street,Dry,"Two-Way, Divided, Unprotected Median",None,No Special Feature,Smooth Asphalt,4 lanes,"35.1939228769, -80.7944732254"
5741,Eden,Rockingham,Piedmont,Commercial,Urban (>70% Developed),NA,Urban,40 - 45  MPH,Stop Sign,Cloudy,No,17,16-19,No,NA,Facing Traffic,C: Possible Injury,Travel Lane,White,Female,58,50-59,No,NA,6-10 mph,O: No Injury,White,Female,Passenger Car,No,12JUN2008,Thursday,Motorist Failed to Yield - Sign-Controlled Intersection,16,Intersection,June,C: Possible Injury,16:15:00,Motorist Drive Out - Sign-Controlled Intersection,2008,Yes,No,Daylight,Straight - Level,Local Street,Dry,"Two-Way, Not Divided",None,Four-Way Intersection,Smooth Asphalt,5 lanes,"36.4928121902, -79.741982982"
5744,Durham,Durham,Piedmont,Residential,Urban (>70% Developed),NA,Urban,30 - 35  MPH,No Control Present,Clear,No,32,30-39,No,NA,With Traffic,B: Evident Injury,Travel Lane,Black,Male,50,50-59,No,NA,31-35 mph,O: No Injury,Black,Male,Passenger Car,No,11JUN2008,Wednesday,Bicyclist Failed to Yield - Sign-Controlled Intersection,18,Intersection,June,B: Evident Injury,18:12:00,Bicyclist Ride Out - Sign-Controlled Intersection,2008,No,No,Daylight,Straight - Level,Local Street,Dry,"Two-Way, Not Divided",None,No Special Feature,Smooth Asphalt,2 lanes,"36.0016371179, -78.8904976971"
5746,Chapel Hill,Orange,Piedmont,Commercial,Urban (>70% Developed),NA,Urban,5 - 15 MPH,Missing,Clear,No,27,25-29,No,NA,With Traffic,B: Evident Injury,Sidewalk / Crosswalk / Driveway Crossing,White,Female,21,20-24,No,NA,11-15 mph,O: No Injury,White,Female,Sport Utility,No,06MAY2008,Tuesday,Motorist Right Turn / Merge,20,Non-Intersection,May,B: Evident Injury,20:34:00,Motorist Right Turn - Same Direction,2008,No,No,Dusk,Straight - Hillcrest,Public Vehicular Area,Dry,"Two-Way, Not Divided",None,"Driveway, Private",Smooth Asphalt,2 lanes,"35.9116930924, -79.0622527444"
5764,Salisbury,Rowan,Piedmont,Residential,Urban (>70% Developed),NA,Urban,20 - 25  MPH,Stop And Go Signal,Clear,No,38,30-39,Yes,NA,With Traffic,C: Possible Injury,Travel Lane,Black,Male,NA,NA,Missing,NA,21-25 mph,Unknown Injury,Unknown/Missing,NA,Passenger Car,Yes,09JUN2008,Monday,Crossing Paths - Other Circumstances,15,Intersection,June,C: Possible Injury,15:26:00,Signalized Intersection - Other / Unknown,2008,Yes,Yes,Daylight,Straight - Level,Local Street,Dry,"Two-Way, Not Divided",None,Four-Way Intersection,Smooth Asphalt,4 lanes,"35.6733869915, -80.4622731523"
5767,Raleigh,Wake,Piedmont,Commercial,Urban (>70% Developed),NA,Urban,40 - 45  MPH,No Control Present,Clear,No,43,40-49,No,NA,With Traffic,B: Evident Injury,Travel Lane,Asian,Male,66,60-69,No,NA,31-35 mph,O: No Injury,White,Male,Passenger Car,No,13MAY2008,Tuesday,Motorist Overtaking Bicyclist,20,Non-Intersection,May,B: Evident Injury,20:45:00,Motorist Overtaking - Misjudged Space,2008,Yes,No,Dark - Roadway Not Lighted,Straight - Level,Local Street,Dry,"Two-Way, Not Divided",None,No Special Feature,Smooth Asphalt,5 lanes,"35.7953330804, -78.7034026291"
5769,Raleigh,Wake,Piedmont,Commercial,Urban (>70% Developed),NA,Urban,NA,Missing,Clear,No,18,16-19,No,NA,With Traffic,O: No Injury,Sidewalk / Crosswalk / Driveway Crossing,White,Male,NA,NA,Missing,NA,NA,Unknown Injury,Unknown/Missing,NA,NA,No,01MAY2008,Thursday,Motorist Right Turn / Merge,19,Intersection,May,O: No Injury,19:40:00,Motorist Right Turn - Same Direction,2008,No,Yes,Daylight,NA,Local Street,Dry,NA,None,No Special Feature,NA,NA,"35.8395530919, -78.6424726136"
5797,None - Rural Crash,Sampson,Coastal,"Farms, Woods, Pastures",Rural (<30% Developed),NA,Rural,50 - 55  MPH,"Double Yellow Line, No Passing Zone",Clear,No,57,50-59,No,NA,With Traffic,C: Possible Injury,Bike Lane / Paved Shoulder,White,Male,NA,NA,Missing,NA,51-55 mph,Unknown Injury,Unknown/Missing,NA,NA,No,21MAY2008,Wednesday,Motorist Right Turn / Merge,5,Non-Intersection,May,C: Possible Injury,05:30:00,Motorist Right Turn - Same Direction,2008,No,Yes,Dawn,Straight - Level,NC Route,Dry,"Two-Way, Not Divided",None,No Special Feature,Coarse Asphalt,2 lanes,"35.0119889253, -78.295112465"
5798,Wesley Chapel,Union,Piedmont,"Farms, Woods, Pastures",Rural (<30% Developed),NA,Rural,40 - 45  MPH,Stop Sign,Clear,No,54,50-59,No,NA,With Traffic,O: No Injury,Travel Lane,White,Male,69,60-69,No,NA,0-5 mph,C: Possible Injury,White,Male,Sport Utility,No,21MAY2008,Wednesday,Motorist Failed to Yield - Sign-Controlled Intersection,10,Intersection,May,C: Possible Injury,10:25:00,Motorist Drive Out - Sign-Controlled Intersection,2008,No,No,Daylight,Straight - Level,State Secondary Route,Dry,"Two-Way, Not Divided",None,Four-Way Intersection,Smooth Asphalt,2 lanes,"35.0194238435, -80.6942931863"
5799,Durham,Durham,Piedmont,Residential,Urban (>70% Developed),NA,Urban,30 - 35  MPH,No Control Present,Clear,No,53,50-59,No,NA,With Traffic,B: Evident Injury,Travel Lane,White,Male,33,30-39,No,NA,NA,B: Evident Injury,Black,Male,Motorcycle,No,18JUN2008,Wednesday,Motorist Overtaking Bicyclist,18,Intersection,June,B: Evident Injury,18:14:00,Motorist Overtaking - Other / Unknown,2008,Yes,No,Daylight,Straight - Grade,Local Street,Dry,"Two-Way, Not Divided",None,No Special Feature,Smooth Asphalt,2 lanes,"35.9874911123, -78.9646527188"
5800,Kitty Hawk,Dare,Coastal,Commercial,Mixed (30% To 70% Developed),NA,Rural,30 - 35  MPH,Stop And Go Signal,Clear,No,15,11-15,Yes,NA,Facing Traffic,B: Evident Injury,Multi-use Path,White,Male,64,60-69,No,NA,0-5 mph,O: No Injury,White,Female,Passenger Car,Yes,21MAY2008,Wednesday,Bicyclist Failed to Yield - Signalized Intersection,12,Intersection,May,B: Evident Injury,12:59:00,Bicyclist Ride Through - Signalized Intersection,2008,Yes,No,Daylight,Straight - Level,Local Street,Dry,"Two-Way, Not Divided",None,Four-Way Intersection,Coarse Asphalt,3 lanes,"36.0984222473, -75.7231467334"
5802,High Point,Guilford,Piedmont,Residential,Urban (>70% Developed),NA,Urban,20 - 25  MPH,Missing,Clear,No,60,60-69,No,NA,Facing Traffic,B: Evident Injury,Travel Lane,White,Female,16,0-19,No,NA,16-20 mph,O: No Injury,White,Female,Passenger Car,No,22MAY2008,Thursday,Head-On,7,Intersection-Related,May,B: Evident Injury,07:37:00,Head-On - Bicyclist,2008,Yes,No,Daylight,Straight - Grade,Local Street,Dry,"Two-Way, Not Divided",None,No Special Feature,Smooth Asphalt,2 lanes,"36.0370320874, -79.933398014"
5813,High Point,Guilford,Piedmont,Residential,Mixed (30% To 70% Developed),NA,Urban,20 - 25  MPH,Stop Sign,Clear,No,8,6-10,No,NA,With Traffic,C: Possible Injury,Travel Lane,Black,Male,24,20-24,No,NA,6-10 mph,O: No Injury,Black,Female,Passenger Car,No,25MAY2008,Sunday,Bicyclist Failed to Yield - Sign-Controlled Intersection,19,Intersection,May,C: Possible Injury,19:30:00,Bicyclist Ride Through - Sign-Controlled Intersection,2008,Yes,No,Daylight,Straight - Level,Local Street,Dry,"Two-Way, Not Divided",None,No Special Feature,Coarse Asphalt,2 lanes,"35.9527120676, -79.9896630263"
5814,Indian Trail,Union,Piedmont,Residential,Urban (>70% Developed),NA,Urban,30 - 35  MPH,"Double Yellow Line, No Passing Zone",Clear,No,18,16-19,No,NA,With Traffic,C: Possible Injury,Sidewalk / Crosswalk / Driveway Crossing,White,Female,32,30-39,No,NA,16-20 mph,O: No Injury,White,Male,Pickup,No,26MAY2008,Monday,Motorist Left Turn / Merge,19,Intersection,May,C: Possible Injury,19:06:00,Motorist Left Turn - Opposite Direction,2008,No,No,Daylight,Straight - Grade,State Secondary Route,Dry,"Two-Way, Not Divided",None,Four-Way Intersection,Smooth Asphalt,2 lanes,"35.0855268594, -80.6326781716"
5823,Rocky Mount,Edgecombe,Coastal,Residential,Urban (>70% Developed),NA,Urban,30 - 35  MPH,Stop Sign,Clear,No,16,16-19,No,NA,With Traffic,B: Evident Injury,Travel Lane,Black,Female,36,30-39,No,NA,31-35 mph,O: No Injury,Black,Male,Passenger Car,No,30MAY2008,Friday,Bicyclist Failed to Yield - Sign-Controlled Intersection,15,Intersection,May,B: Evident Injury,15:18:00,Bicyclist Ride Through - Sign-Controlled Intersection,2008,No,No,Daylight,Straight - Level,Local Street,Dry,"Two-Way, Divided, Unprotected Median",None,Four-Way Intersection,Smooth Asphalt,4 lanes,"35.9484091453, -77.7848383584"
5830,Smithfield,Johnston,Coastal,Residential,Rural (<30% Developed),NA,Urban,40 - 45  MPH,Missing,Clear,No,45,40-49,No,NA,With Traffic,B: Evident Injury,Travel Lane,White,Male,NA,NA,Missing,NA,16-20 mph,Unknown Injury,Unknown/Missing,NA,Pickup,No,31MAY2008,Saturday,Motorist Overtaking Bicyclist,14,Non-Intersection,May,B: Evident Injury,14:56:00,Motorist Overtaking - Other / Unknown,2008,No,Yes,Daylight,Straight - Level,NC Route,Dry,"Two-Way, Not Divided",None,No Special Feature,Coarse Asphalt,2 lanes,"35.5182150323, -78.3724025143"
5842,None - Rural Crash,Mcdowell,Mountains,"Farms, Woods, Pastures",Rural (<30% Developed),NA,Rural,50 - 55  MPH,No Control Present,Clear,No,17,16-19,No,NA,Facing Traffic,B: Evident Injury,Travel Lane,White,Male,NA,NA,Missing,NA,31-35 mph,Unknown Injury,Unknown/Missing,NA,Sport Utility,No,01JUL2008,Tuesday,Loss of Control / Turning Error,11,Non-Intersection,July,B: Evident Injury,11:00:00,Motorist Lost Control - Other / Unknown,2008,No,Yes,Daylight,Curve - Grade,State Secondary Route,"Sand, Mud, Dirt, Gravel","Two-Way, Not Divided",None,No Special Feature,Gravel,2 lanes,"35.642359917, -82.2569236854"
5846,None - Rural Crash,Wake,Piedmont,Residential,Rural (<30% Developed),NA,Rural,40 - 45  MPH,Stop And Go Signal,Clear,No,67,60-69,No,NA,With Traffic,B: Evident Injury,Travel Lane,White,Male,46,40-49,No,NA,0-5 mph,O: No Injury,White,Male,Truck/Trailer,No,26JUN2008,Thursday,Motorist Left Turn / Merge,10,Intersection,June,B: Evident Injury,10:08:00,Motorist Left Turn - Same Direction,2008,No,No,Daylight,Straight - Level,NC Route,Dry,"Two-Way, Divided, Unprotected Median",None,Four-Way Intersection,Coarse Asphalt,4 lanes,"35.9140811065, -78.6818526288"
5862,Charlotte,Mecklenburg,Piedmont,Residential,Urban (>70% Developed),NA,Urban,30 - 35  MPH,No Control Present,Cloudy,No,30,30-39,No,NA,Facing Traffic,Unknown Injury,Sidewalk / Crosswalk / Driveway Crossing,Black,Male,41,40-49,No,NA,0-5 mph,O: No Injury,Black,Male,Passenger Car,No,11JUL2008,Friday,Motorist Failed to Yield - Sign-Controlled Intersection,9,Intersection,July,O: No Injury,09:22:00,Motorist Drive Out - Sign-Controlled Intersection,2008,No,No,Daylight,Straight - Level,Local Street,Dry,"Two-Way, Not Divided",None,No Special Feature,Smooth Asphalt,4 lanes,"35.2161518822, -80.7871932241"
5863,Greensboro,Guilford,Piedmont,Residential,Urban (>70% Developed),NA,Urban,20 - 25  MPH,Stop Sign,Clear,No,13,11-15,No,NA,Not Applicable,A: Disabling Injury,Non-Roadway,Black,Male,61,60-69,No,NA,21-25 mph,O: No Injury,Black,Male,Passenger Car,No,09JUN2008,Monday,Bicyclist Failed to Yield - Sign-Controlled Intersection,9,Intersection,June,A: Disabling Injury,09:49:00,Bicyclist Ride Through - Sign-Controlled Intersection,2008,Yes,No,Daylight,Straight - Level,Local Street,Dry,"Two-Way, Not Divided",None,Four-Way Intersection,Coarse Asphalt,1 lane,"36.0591670972, -79.799842975"
5868,Raleigh,Wake,Piedmont,Commercial,Urban (>70% Developed),NA,Urban,20 - 25  MPH,Stop Sign,Clear,No,16,16-19,No,NA,With Traffic,B: Evident Injury,Travel Lane,White,Male,61,60-69,No,NA,21-25 mph,O: No Injury,White,Female,Van,No,22MAY2008,Thursday,Bicyclist Failed to Yield - Sign-Controlled Intersection,7,Intersection,May,B: Evident Injury,07:43:00,Bicyclist Ride Through - Sign-Controlled Intersection,2008,Yes,No,Daylight,Straight - Bottom,Local Street,Dry,"Two-Way, Not Divided",None,Four-Way Intersection,Grooved Concrete,2 lanes,"35.7909840818, -78.6569226146"
5873,Dunn,Harnett,Coastal,Commercial,Urban (>70% Developed),NA,Urban,30 - 35  MPH,No Control Present,Clear,No,23,20-24,No,NA,Not Applicable,B: Evident Injury,Non-Roadway,Hispanic,Male,54,50-59,No,NA,6-10 mph,O: No Injury,White,Female,Passenger Car,No,19JUN2008,Thursday,Non-Roadway,21,Non-Roadway,June,B: Evident Injury,21:57:00,Non-Roadway,2008,Yes,No,Dark - Lighted Roadway,Straight - Level,Public Vehicular Area,Dry,"Two-Way, Not Divided",None,No Special Feature,Coarse Asphalt,NA,"35.3159329798, -78.6289165813"
5877,Charlotte,Mecklenburg,Piedmont,Residential,Urban (>70% Developed),NA,Urban,5 - 15 MPH,No Control Present,Clear,No,46,40-49,No,NA,With Traffic,B: Evident Injury,Sidewalk / Crosswalk / Driveway Crossing,Black,Male,23,20-24,No,NA,0-5 mph,O: No Injury,Black,Female,Passenger Car,No,15JUL2008,Tuesday,Motorist Right Turn / Merge,17,Non-Intersection,July,B: Evident Injury,17:43:00,Motorist Right Turn - Same Direction,2008,Yes,No,Daylight,Straight - Level,Public Vehicular Area,Dry,"Two-Way, Not Divided",None,"Driveway, Public",Smooth Asphalt,2 lanes,"35.2381808831, -80.8754232523"
5882,None - Rural Crash,Union,Piedmont,"Farms, Woods, Pastures",Rural (<30% Developed),NA,Rural,50 - 55  MPH,No Control Present,Clear,No,58,50-59,No,NA,Not Applicable,B: Evident Injury,Driveway / Alley,White,Male,44,40-49,No,NA,0-5 mph,O: No Injury,White,Female,Passenger Car,No,16JUN2008,Monday,Bicyclist Failed to Yield - Midblock,8,Non-Intersection,June,B: Evident Injury,08:28:00,Bicyclist Ride Out - Residential Driveway,2008,No,No,Daylight,Straight - Level,State Secondary Route,Dry,"Two-Way, Not Divided",None,"Driveway, Private",Smooth Asphalt,2 lanes,"35.1308968742, -80.5027331347"
5888,Lumberton,Robeson,Coastal,Commercial,Urban (>70% Developed),NA,Urban,40 - 45  MPH,No Control Present,Clear,No,51,50-59,No,NA,With Traffic,B: Evident Injury,Travel Lane,Black,Male,36,30-39,No,NA,41-45 mph,O: No Injury,White,Female,Passenger Car,No,19JUN2008,Thursday,Bicyclist Left Turn / Merge,18,Non-Intersection,June,B: Evident Injury,18:01:00,Bicyclist Left Turn - Same Direction,2008,No,No,Daylight,Straight - Level,NC Route,Dry,"Two-Way, Not Divided",None,No Special Feature,Smooth Asphalt,5 lanes,"34.6204898166, -78.9811226525"
5891,None - Rural Crash,Chatham,Piedmont,Commercial,Rural (<30% Developed),NA,Rural,5 - 15 MPH,No Control Present,Clear,No,18,16-19,No,NA,Not Applicable,O: No Injury,Non-Roadway,White,Male,36,30-39,No,NA,11-15 mph,O: No Injury,White,Female,Van,No,17JUL2008,Thursday,Non-Roadway,17,Non-Roadway,July,O: No Injury,17:35:00,Non-Roadway,2008,No,No,Daylight,Straight - Level,Public Vehicular Area,Dry,"Two-Way, Not Divided",None,No Special Feature,Smooth Asphalt,NA,"35.8452220778, -79.0903127495"
5893,Raleigh,Wake,Piedmont,Commercial,Urban (>70% Developed),NA,Urban,30 - 35  MPH,Stop Sign,Clear,No,47,40-49,No,NA,Facing Traffic,O: No Injury,Sidewalk / Crosswalk / Driveway Crossing,Black,Male,20,20-24,No,NA,26-30 mph,O: No Injury,White,Female,Sport Utility,No,30JUN2008,Monday,Motorist Failed to Yield - Sign-Controlled Intersection,11,Intersection,June,O: No Injury,11:18:00,Motorist Drive Out - Sign-Controlled Intersection,2008,No,No,Daylight,Straight - Level,Local Street,Dry,"Two-Way, Not Divided",None,T-Intersection,Coarse Asphalt,2 lanes,"35.7881540811, -78.6342926077"
5902,Fayetteville,Cumberland,Coastal,Commercial,Urban (>70% Developed),NA,Urban,30 - 35  MPH,Stop And Go Signal,Clear,No,55,50-59,No,NA,Facing Traffic,C: Possible Injury,Sidewalk / Crosswalk / Driveway Crossing,Black,Male,41,40-49,No,NA,0-5 mph,O: No Injury,White,Male,Pickup,No,23JUN2008,Monday,Motorist Failed to Yield - Sign-Controlled Intersection,14,Intersection,June,C: Possible Injury,14:40:00,Motorist Drive Out - Sign-Controlled Intersection,2008,Yes,No,Daylight,Straight - Level,Local Street,Dry,"Two-Way, Not Divided",None,T-Intersection,Smooth Asphalt,3 lanes,"35.0454439112, -78.9242826564"
5903,Jacksonville,Onslow,Coastal,Commercial,Urban (>70% Developed),NA,Urban,50 - 55  MPH,No Control Present,Clear,No,18,16-19,No,NA,With Traffic,K: Killed,Travel Lane,White,Male,23,20-24,Yes,NA,56-60 mph,O: No Injury,Hispanic,Male,Passenger Car,Yes,21JUN2008,Saturday,Motorist Overtaking Bicyclist,23,Non-Intersection,June,K: Killed,23:32:00,Motorist Overtaking - Undetected Bicyclist,2008,Yes,Yes,Dark - Roadway Not Lighted,Straight - Level,NC Route,Dry,"Two-Way, Divided, Positive Median Barrier",None,Bridge Approach,Coarse Asphalt,6 lanes,"34.7318598959, -77.3495621648"
5907,Fayetteville,Cumberland,Coastal,Commercial,Urban (>70% Developed),NA,Urban,40 - 45  MPH,Stop And Go Signal,Rain,No,50,50-59,Yes,NA,Facing Traffic,B: Evident Injury,Travel Lane,Black,Male,29,25-29,No,NA,11-15 mph,O: No Injury,Black,Female,Sport Utility,Yes,06JUL2008,Sunday,Bicyclist Failed to Yield - Signalized Intersection,22,Intersection,July,B: Evident Injury,22:07:00,Bicyclist Failed to Clear - Trapped,2008,Yes,No,Dark - Lighted Roadway,Straight - Level,Local Street,Wet,"Two-Way, Divided, Positive Median Barrier",None,Four-Way Intersection,Coarse Asphalt,7 lanes,"35.093336921, -78.9549726691"
5909,None - Rural Crash,Gaston,Piedmont,Residential,Urban (>70% Developed),NA,Rural,20 - 25  MPH,No Control Present,Cloudy,No,7,6-10,No,NA,Not Applicable,C: Possible Injury,Driveway / Alley,Black,Female,16,0-19,No,NA,0-5 mph,O: No Injury,White,Male,Pickup,No,26JUN2008,Thursday,Bicyclist Failed to Yield - Midblock,17,Non-Intersection,June,C: Possible Injury,17:37:00,Bicyclist Ride Out - Commercial Driveway / Alley,2008,Yes,No,Daylight,Straight - Level,Local Street,Dry,"Two-Way, Not Divided",None,"Driveway, Public",Smooth Asphalt,2 lanes,"35.2701068785, -81.1849333462"
5917,None - Rural Crash,Guilford,Piedmont,Commercial,Urban (>70% Developed),NA,Rural,30 - 35  MPH,Stop Sign,Clear,No,45,40-49,No,NA,With Traffic,C: Possible Injury,Travel Lane,White,Female,39,30-39,No,NA,11-15 mph,O: No Injury,White,Male,Passenger Car,No,30JUN2008,Monday,Motorist Failed to Yield - Sign-Controlled Intersection,11,Intersection,June,C: Possible Injury,11:35:00,Motorist Drive Out - Sign-Controlled Intersection,2008,No,No,Daylight,Straight - Grade,Local Street,Dry,"Two-Way, Divided, Unprotected Median",None,Four-Way Intersection,Smooth Asphalt,4 lanes,"36.0783800951, -79.9710730271"
5918,Matthews,Mecklenburg,Piedmont,Residential,Mixed (30% To 70% Developed),NA,Urban,30 - 35  MPH,No Control Present,Clear,No,41,40-49,No,NA,With Traffic,B: Evident Injury,Travel Lane,White,Male,19,0-19,No,NA,0-5 mph,O: No Injury,White,Male,Passenger Car,No,30JUN2008,Monday,Motorist Left Turn / Merge,18,Non-Intersection,June,B: Evident Injury,18:58:00,Motorist Left Turn - Opposite Direction,2008,Yes,No,Daylight,Straight - Level,Local Street,Dry,"Two-Way, Not Divided",None,T-Intersection,Smooth Asphalt,3 lanes,"35.1141168637, -80.6848781887"
5925,Gastonia,Gaston,Piedmont,Commercial,Urban (>70% Developed),NA,Urban,30 - 35  MPH,Stop And Go Signal,Clear,No,46,40-49,No,NA,Facing Traffic,C: Possible Injury,Sidewalk / Crosswalk / Driveway Crossing,Black,Male,30,30-39,No,NA,NA,O: No Injury,Black,Female,Passenger Car,No,27JUN2008,Friday,Motorist Failed to Yield - Signalized Intersection,8,Intersection,June,C: Possible Injury,08:32:00,Motorist Drive Out - Signalized Intersection,2008,Yes,No,Daylight,Straight - Level,Local Street,Dry,"Two-Way, Not Divided",None,Four-Way Intersection,Smooth Asphalt,2 lanes,"35.2652468771, -81.1976733494"
5929,Asheboro,Randolph,Piedmont,Commercial,Urban (>70% Developed),NA,Urban,30 - 35  MPH,Stop And Go Signal,Clear,No,53,50-59,Yes,NA,With Traffic,B: Evident Injury,Travel Lane,Black,Male,43,40-49,No,NA,11-15 mph,O: No Injury,Black,Female,Sport Utility,Yes,03JUL2008,Thursday,Crossing Paths - Other Circumstances,20,Intersection,July,B: Evident Injury,20:57:00,Signalized Intersection - Other / Unknown,2008,Yes,No,Dark - Lighted Roadway,Straight - Level,US Route,Dry,"Two-Way, Divided, Unprotected Median",None,Four-Way Intersection,Smooth Asphalt,6 lanes,"35.7370870282, -79.8081769595"
4191,Fayetteville,Cumberland,Coastal,Commercial,Urban (>70% Developed),NA,Urban,20 - 25  MPH,No Control Present,Clear,No,41,40-49,No,NA,With Traffic,C: Possible Injury,Travel Lane,Black,Male,NA,NA,Missing,NA,21-25 mph,Unknown Injury,Unknown/Missing,NA,NA,No,02AUG2010,Monday,Motorist Overtaking Bicyclist,22,Non-Intersection,August,C: Possible Injury,22:45:00,Motorist Overtaking - Other / Unknown,2010,No,Yes,Dark - Lighted Roadway,Straight - Level,Local Street,Dry,"Two-Way, Divided, Unprotected Median",None,No Special Feature,Coarse Asphalt,3 lanes,"35.0270169072, -78.9288726576"
4192,Greensboro,Guilford,Piedmont,Residential,Urban (>70% Developed),NA,Urban,NA,No Control Present,Cloudy,No,36,30-39,No,NA,Facing Traffic,B: Evident Injury,Sidewalk / Crosswalk / Driveway Crossing,White,Male,70+,70+,No,NA,6-10 mph,O: No Injury,White,Female,Passenger Car,No,02AUG2010,Monday,Motorist Failed to Yield - Midblock,10,Non-Intersection,August,B: Evident Injury,10:00:00,Motorist Drive Out - Residential Driveway,2010,No,No,Daylight,Straight - Level,"Private Road, Driveway",Dry,"Two-Way, Divided, Unprotected Median",None,"Driveway, Private",Concrete,4 lanes,"36.0907011016, -79.8555329934"
4194,Winston-Salem,Forsyth,Piedmont,Residential,Urban (>70% Developed),NA,Urban,20 - 25  MPH,No Control Present,Clear,No,19,16-19,No,NA,Facing Traffic,B: Evident Injury,Travel Lane,Hispanic,Male,NA,NA,No,NA,11-15 mph,Unknown Injury,Unknown/Missing,NA,NA,No,26JUL2010,Monday,Other / Unusual Circumstances,19,Intersection-Related,July,B: Evident Injury,19:18:00,Motorist Intentionally Caused,2010,Yes,Yes,Daylight,Straight - Level,Local Street,Dry,"Two-Way, Not Divided",None,No Special Feature,Smooth Asphalt,2 lanes,"36.0703500845, -80.2192871013"
4203,Bermuda Run,Davie,Piedmont,Residential,Urban (>70% Developed),NA,Rural,30 - 35  MPH,No Control Present,Clear,No,11,11-15,No,NA,With Traffic,C: Possible Injury,Travel Lane,White,Male,NA,NA,No,NA,31-35 mph,Unknown Injury,Unknown/Missing,NA,Passenger Car,No,01JUL2010,Thursday,Motorist Overtaking Bicyclist,13,Non-Intersection,July,C: Possible Injury,13:29:00,Motorist Overtaking - Other / Unknown,2010,No,Yes,Daylight,Straight - Level,Local Street,Dry,"Two-Way, Not Divided",None,No Special Feature,Coarse Asphalt,2 lanes,"36.011237064, -80.4211731591"
4204,None - Rural Crash,Rowan,Piedmont,Residential,Rural (<30% Developed),NA,Rural,20 - 25  MPH,No Control Present,Clear,No,6,6-10,No,NA,NA,C: Possible Injury,NA,White,Male,53,50-59,No,NA,0-5 mph,O: No Injury,White,Female,Passenger Car,No,12AUG2010,Thursday,Backing Vehicle,19,Non-Intersection,August,C: Possible Injury,19:52:00,Backing Vehicle,2010,Yes,No,Dusk,Straight - Grade,Local Street,Dry,"Two-Way, Not Divided",None,"Driveway, Private",Smooth Asphalt,2 lanes,"35.5552769654, -80.4865331535"