object_id,city,county,region,development,locality,on_road,rural_urban,speed_limit,traffic_control,weather,workzone,bike_age,bike_age_group,bike_alcohol,bike_alcohol_drugs,bike_direction,bike_injury,bike_position,bike_race,bike_sex,driver_age,driver_age_group,driver_alcohol,driver_alcohol_drugs,driver_est_speed,driver_injury,driver_race,driver_sex,driver_vehicle_type,crash_alcohol,crash_date,crash_day,crash_group,crash_hour,crash_location,crash_month,crash_severity,crash_time,crash_type,crash_year,ambulance_req,hit_run,light_condition,road_character,road_class,road_condition,road_configuration,road_defects,road_feature,road_surface,num_lanes,geo_point
4205,Oak Island,Brunswick,Coastal,Commercial,Urban (>70% Developed),NA,Urban,30 - 35  MPH,Stop And Go Signal,Clear,No,49,40-49,No,NA,Facing Traffic,C: Possible Injury,Travel Lane,White,Female,70+,70+,No,NA,0-5 mph,O: No Injury,White,Male,Van,No,28JUL2010,Wednesday,Motorist Failed to Yield - Signalized Intersection,11,Intersection,July,C: Possible Injury,11:30:00,Motorist Drive Out - Signalized Intersection,2010,No,No,Daylight,Straight - Level,Local Street,Dry,"Two-Way, Not Divided",None,Four-Way Intersection,Smooth Asphalt,3 lanes,"33.912106689, -78.1059823553"
4207,Charlotte,Mecklenburg,Piedmont,Commercial,Urban (>70% Developed),NA,Urban,5 - 15 MPH,Stop Sign,Clear,No,19,16-19,No,NA,Facing Traffic,O: No Injury,Sidewalk / Crosswalk / Driveway Crossing,Black,Male,NA,NA,Missing,NA,6-10 mph,Unknown Injury,Unknown/Missing,NA,NA,No,04AUG2010,Wednesday,Motorist Failed to Yield - Sign-Controlled Intersection,15,Intersection,August,O: No Injury,15:18:00,Motorist Drive Out - Sign-Controlled Intersection,2010,No,Yes,Daylight,Straight - Level,Local Street,Dry,"Two-Way, Divided, Unprotected Median",None,Four-Way Intersection,Concrete,2 lanes,"35.3423069096, -80.7688132263"
4208,Charlotte,Mecklenburg,Piedmont,Commercial,Urban (>70% Developed),NA,Urban,30 - 35  MPH,Other,Clear,No,25,25-29,No,NA,With Traffic,B: Evident Injury,Bike Lane / Paved Shoulder,White,Male,22,20-24,No,NA,21-25 mph,O: No Injury,White,Female,Passenger Car,No,05AUG2010,Thursday,Motorist Left Turn / Merge,23,Non-Intersection,August,B: Evident Injury,23:56:00,Motorist Left Turn - Same Direction,2010,No,No,Dark - Lighted Roadway,Straight - Level,Local Street,Dry,"One-Way, Not Divided",None,No Special Feature,Smooth Asphalt,3 lanes,"35.2282098824, -80.8392832403"
4227,Raleigh,Wake,Piedmont,Institutional,Urban (>70% Developed),NA,Urban,20 - 25  MPH,No Control Present,Clear,No,23,20-24,No,NA,Not Applicable,B: Evident Injury,Non-Roadway,White,Male,42,40-49,No,NA,0-5 mph,O: No Injury,White,Female,Sport Utility,No,30JUL2010,Friday,Non-Roadway,12,Non-Roadway,July,B: Evident Injury,12:16:00,Non-Roadway,2010,Yes,No,Daylight,Straight - Level,Local Street,Dry,"Two-Way, Divided, Unprotected Median",None,No Special Feature,Smooth Asphalt,2 lanes,"35.7857850796, -78.672152619"
4229,Charlotte,Mecklenburg,Piedmont,Commercial,Urban (>70% Developed),NA,Urban,30 - 35  MPH,Stop And Go Signal,Clear,No,28,25-29,No,NA,With Traffic,B: Evident Injury,Travel Lane,Unknown/Missing,Male,43,40-49,No,NA,6-10 mph,O: No Injury,Other,Male,Sport Utility,No,07AUG2010,Saturday,Motorist Left Turn / Merge,13,Intersection,August,B: Evident Injury,13:24:00,Motorist Left Turn - Opposite Direction,2010,Yes,No,Daylight,Straight - Level,Local Street,Dry,"Two-Way, Not Divided",None,No Special Feature,Concrete,5 lanes,"35.2236628814, -80.853863245"
4236,Raleigh,Wake,Piedmont,Commercial,Urban (>70% Developed),NA,Urban,40 - 45  MPH,Stop And Go Signal,Clear,No,46,40-49,No,NA,Facing Traffic,C: Possible Injury,Sidewalk / Crosswalk / Driveway Crossing,Hispanic,Male,26,25-29,No,NA,NA,O: No Injury,White,Female,Passenger Car,No,03AUG2010,Tuesday,Motorist Failed to Yield - Signalized Intersection,14,Intersection,August,C: Possible Injury,14:10:00,Motorist Drive Out - Signalized Intersection,2010,Yes,No,Daylight,Straight - Level,Local Street,Dry,"Two-Way, Divided, Unprotected Median",None,T-Intersection,Coarse Asphalt,2 lanes,"35.8549800977, -78.5859175967"
4250,None - Rural Crash,Wake,Piedmont,Commercial,Urban (>70% Developed),NA,Rural,20 - 25  MPH,Stop And Go Signal,Clear,No,40,40-49,No,NA,With Traffic,B: Evident Injury,Travel Lane,White,Male,39,30-39,No,NA,26-30 mph,O: No Injury,White,Male,"Light Truck (Mini-Van, Panel)",No,16AUG2010,Monday,Loss of Control / Turning Error,9,Intersection-Related,August,B: Evident Injury,09:45:00,Motorist Lost Control - Other / Unknown,2010,No,No,Daylight,Curve - Hillcrest,Local Street,Dry,"Two-Way, Not Divided",None,No Special Feature,Smooth Asphalt,NA,"35.771705077, -78.6527626127"
4253,Hickory,Catawba,Piedmont,Residential,Urban (>70% Developed),NA,Urban,20 - 25  MPH,Stop And Go Signal,Cloudy,No,20,20-24,No,NA,With Traffic,C: Possible Injury,Travel Lane,Black,Male,49,40-49,No,NA,16-20 mph,O: No Injury,Black,Male,Sport Utility,No,18AUG2010,Wednesday,Crossing Paths - Other Circumstances,18,Intersection,August,C: Possible Injury,18:58:00,Signalized Intersection - Other / Unknown,2010,Yes,No,Daylight,Straight - Grade,Local Street,Dry,"Two-Way, Not Divided",None,Four-Way Intersection,Coarse Asphalt,2 lanes,"35.7235639687, -81.3385334171"
4260,None - Rural Crash,Moore,Piedmont,"Farms, Woods, Pastures",Rural (<30% Developed),NA,Rural,40 - 45  MPH,"Double Yellow Line, No Passing Zone",Clear,No,59,50-59,No,NA,With Traffic,A: Disabling Injury,Travel Lane,White,Male,53,50-59,No,NA,41-45 mph,O: No Injury,White,Female,Sport Utility,No,25AUG2010,Wednesday,Motorist Overtaking Bicyclist,19,Non-Intersection,August,A: Disabling Injury,19:25:00,Motorist Overtaking - Other / Unknown,2010,Yes,No,Daylight,Curve - Level,State Secondary Route,Dry,"Two-Way, Not Divided",None,No Special Feature,Smooth Asphalt,2 lanes,"35.1560769198, -79.3571027932"
4262,None - Rural Crash,Dare,Coastal,Residential,Rural (<30% Developed),NA,Rural,30 - 35  MPH,"Double Yellow Line, No Passing Zone",Cloudy,No,16,16-19,No,NA,With Traffic,O: No Injury,Travel Lane,White,Male,60,60-69,No,NA,26-30 mph,O: No Injury,White,Male,Passenger Car,No,27AUG2010,Friday,Bicyclist Left Turn / Merge,11,Intersection-Related,August,O: No Injury,11:50:00,Bicyclist Left Turn - Opposite Direction,2010,No,No,Daylight,Curve - Level,NC Route,Dry,"Two-Way, Not Divided",None,T-Intersection,Smooth Asphalt,2 lanes,"35.2163500564, -75.6711716747"
4271,Greenville,Pitt,Coastal,Residential,Urban (>70% Developed),NA,Urban,20 - 25  MPH,No Control Present,Clear,No,25,25-29,Yes,NA,With Traffic,O: No Injury,Bike Lane / Paved Shoulder,White,Male,NA,NA,Missing,NA,NA,Unknown Injury,Unknown/Missing,NA,Police,Yes,17AUG2010,Tuesday,Bicyclist Overtaking Motorist,3,Non-Intersection,August,O: No Injury,03:00:00,Bicyclist Overtaking - Parked Vehicle,2010,No,No,Dark - Lighted Roadway,Straight - Level,Local Street,Dry,"Two-Way, Divided, Unprotected Median",None,No Special Feature,Smooth Asphalt,2 lanes,"35.6071200866, -77.3617272117"
4277,Southern Pines,Moore,Piedmont,Commercial,Urban (>70% Developed),NA,Urban,30 - 35  MPH,No Control Present,Clear,No,18,16-19,No,NA,With Traffic,C: Possible Injury,Travel Lane,Black,Male,20,20-24,No,NA,16-20 mph,O: No Injury,Black,Female,Passenger Car,No,13AUG2010,Friday,Motorist Overtaking Bicyclist,12,Non-Intersection,August,C: Possible Injury,12:46:00,Motorist Overtaking - Misjudged Space,2010,Yes,No,Daylight,Straight - Level,Local Street,Dry,"Two-Way, Not Divided",None,No Special Feature,Smooth Asphalt,2 lanes,"35.1685369208, -79.4071528087"
4278,Greenville,Pitt,Coastal,Residential,Urban (>70% Developed),NA,Urban,30 - 35  MPH,No Control Present,Cloudy,No,49,40-49,Missing,NA,With Traffic,C: Possible Injury,Sidewalk / Crosswalk / Driveway Crossing,Black,Male,49,40-49,No,NA,31-35 mph,O: No Injury,Black,Female,Passenger Car,No,04MAY2010,Tuesday,Parallel Paths - Other Circumstances,12,Non-Intersection,May,C: Possible Injury,12:39:00,Bicyclist Ride Out - Parallel Path,2010,No,No,Daylight,Straight - Level,State Secondary Route,Dry,"Two-Way, Not Divided",None,No Special Feature,Smooth Asphalt,5 lanes,"35.5918570818, -77.3920772197"
4285,Grimesland,Pitt,Coastal,Residential,Mixed (30% To 70% Developed),NA,Rural,30 - 35  MPH,"Double Yellow Line, No Passing Zone",Clear,No,29,25-29,No,NA,With Traffic,B: Evident Injury,Bike Lane / Paved Shoulder,White,Male,36,30-39,No,NA,56-60 mph,O: No Injury,White,Male,Passenger Car,No,01SEP2010,Wednesday,Parallel Paths - Other Circumstances,8,Non-Intersection,September,B: Evident Injury,08:02:00,Bicyclist Ride Out - Parallel Path,2010,Yes,No,Daylight,Straight - Level,NC Route,Dry,"Two-Way, Not Divided",None,No Special Feature,Smooth Asphalt,2 lanes,"35.5675270834, -77.1998161599"
4289,Charlotte,Mecklenburg,Piedmont,Residential,Urban (>70% Developed),NA,Urban,20 - 25  MPH,Stop Sign,Clear,No,16,16-19,No,NA,Facing Traffic,C: Possible Injury,Travel Lane,Hispanic,Male,25,25-29,No,NA,16-20 mph,O: No Injury,White,Female,Passenger Car,No,29AUG2010,Sunday,Crossing Paths - Other Circumstances,10,Intersection,August,C: Possible Injury,10:44:00,Sign-Controlled Intersection - Other / Unknown,2010,Yes,No,Daylight,Straight - Level,Local Street,Dry,"Two-Way, Not Divided",None,No Special Feature,Smooth Asphalt,2 lanes,"35.2268748842, -80.7763332221"
4290,Greensboro,Guilford,Piedmont,Commercial,Urban (>70% Developed),NA,Urban,30 - 35  MPH,Stop And Go Signal,Clear,No,24,20-24,No,NA,With Traffic,C: Possible Injury,Travel Lane,White,Female,25,25-29,No,NA,11-15 mph,O: No Injury,White,Female,Passenger Car,No,23AUG2010,Monday,Motorist Right Turn / Merge,17,Intersection,August,C: Possible Injury,17:02:00,Motorist Right Turn - Same Direction,2010,Yes,No,Daylight,Straight - Level,Local Street,Dry,"Two-Way, Not Divided",None,Four-Way Intersection,Smooth Asphalt,NA,"36.0637320973, -79.8238479827"
4292,Cary,Wake,Piedmont,Residential,Urban (>70% Developed),NA,Urban,20 - 25  MPH,No Control Present,Clear,No,8,6-10,No,NA,Not Applicable,C: Possible Injury,Travel Lane,White,Male,31,30-39,No,NA,0-5 mph,O: No Injury,White,Male,Motorcycle,No,02SEP2010,Thursday,Non-Roadway,18,Non-Roadway,September,C: Possible Injury,18:30:00,Non-Roadway,2010,No,No,Daylight,Straight - Level,Local Street,Dry,"Two-Way, Not Divided",None,"Driveway, Public",Smooth Asphalt,2 lanes,"35.7017240572, -78.7969126525"
4297,Wilson,Wilson,Coastal,Residential,Urban (>70% Developed),NA,Urban,30 - 35  MPH,No Control Present,Cloudy,No,11,11-15,No,NA,Not Applicable,O: No Injury,Non-Roadway,Black,Male,56,50-59,No,NA,26-30 mph,O: No Injury,Black,Male,Passenger Car,No,25AUG2010,Wednesday,Loss of Control / Turning Error,17,Intersection-Related,August,O: No Injury,17:30:00,Bicyclist Lost Control - Mechanical Problems,2010,No,No,Daylight,Straight - Level,Local Street,Dry,"Two-Way, Not Divided",None,No Special Feature,Coarse Asphalt,2 lanes,"35.7320130948, -77.8952723807"
4301,Boiling Springs,Cleveland,Mountains,Commercial,Mixed (30% To 70% Developed),NA,Rural,5 - 15 MPH,No Control Present,Clear,No,15,11-15,No,NA,Not Applicable,O: No Injury,Non-Roadway,White,Male,49,40-49,No,NA,0-5 mph,O: No Injury,White,Male,Pickup,No,07AUG2010,Saturday,Non-Roadway,15,Non-Roadway,August,O: No Injury,15:40:00,Non-Roadway,2010,No,No,Daylight,Straight - Grade,"Private Road, Driveway",Dry,"One-Way, Not Divided",None,No Special Feature,Concrete,NA,"35.2460968556, -81.6654334874"
4305,Chapel Hill,Orange,Piedmont,Institutional,Urban (>70% Developed),NA,Urban,20 - 25  MPH,No Control Present,Clear,No,19,16-19,No,NA,With Traffic,B: Evident Injury,Travel Lane,White,Male,21,20-24,No,NA,0-5 mph,O: No Injury,White,Male,Sport Utility,No,25AUG2010,Wednesday,Motorist Left Turn / Merge,19,Intersection,August,B: Evident Injury,19:25:00,Motorist Left Turn - Opposite Direction,2010,No,No,Daylight,Straight - Grade,Local Street,Dry,"Two-Way, Not Divided",None,No Special Feature,Smooth Asphalt,2 lanes,"35.9126920935, -79.0489927399"
4306,Cary,Wake,Piedmont,Commercial,Urban (>70% Developed),NA,Urban,30 - 35  MPH,No Control Present,Clear,No,26,25-29,No,NA,With Traffic,A: Disabling Injury,Travel Lane,Hispanic,Male,26,25-29,Yes,NA,31-35 mph,O: No Injury,White,Female,Passenger Car,Yes,04SEP2010,Saturday,Motorist Overtaking Bicyclist,21,Non-Intersection,September,A: Disabling Injury,21:43:00,Motorist Overtaking - Other / Unknown,2010,Yes,Yes,Daylight,Straight - Level,State Secondary Route,Dry,"Two-Way, Not Divided",None,No Special Feature,Coarse Asphalt,2 lanes,"35.791541077, -78.7813526532"
4308,None - Rural Crash,Nash,Coastal,"Farms, Woods, Pastures",Rural (<30% Developed),NA,Rural,50 - 55  MPH,No Control Present,Cloudy,No,53,50-59,Yes,NA,With Traffic,K: Killed,Travel Lane,Black,Male,16,0-19,No,NA,51-55 mph,O: No Injury,White,Male,Sport Utility,Yes,08SEP2010,Wednesday,Motorist Overtaking Bicyclist,20,Non-Intersection,September,K: Killed,20:02:00,Motorist Overtaking - Other / Unknown,2010,Yes,No,Dark - Roadway Not Lighted,Straight - Level,US Route,Dry,"Two-Way, Not Divided",None,No Special Feature,Coarse Asphalt,2 lanes,"36.0705221729, -77.7488423539"
4311,Fayetteville,Cumberland,Coastal,Residential,Mixed (30% To 70% Developed),NA,Urban,30 - 35  MPH,No Control Present,Clear,No,48,40-49,Yes,NA,With Traffic,B: Evident Injury,Travel Lane,White,Male,NA,NA,Missing,NA,26-30 mph,Unknown Injury,Unknown/Missing,NA,NA,Yes,01SEP2010,Wednesday,Motorist Overtaking Bicyclist,21,Intersection,September,B: Evident Injury,21:26:00,Motorist Overtaking - Other / Unknown,2010,No,Yes,Dark - Lighted Roadway,Straight - Level,Local Street,Dry,"Two-Way, Divided, Unprotected Median",None,No Special Feature,Smooth Asphalt,2 lanes,"35.0672299169, -78.8891126471"
4315,Ocean Isle Beach,Brunswick,Coastal,Commercial,Urban (>70% Developed),NA,Rural,NA,No Control Present,Clear,No,11,11-15,Yes,NA,Not Applicable,O: No Injury,Non-Roadway,White,Male,25,25-29,No,NA,NA,O: No Injury,White,Male,Passenger Car,Yes,04SEP2010,Saturday,Non-Roadway,14,Non-Roadway,September,O: No Injury,14:50:00,Non-Roadway,2010,No,No,Daylight,Straight - Level,Public Vehicular Area,Dry,"Two-Way, Not Divided",None,"Driveway, Public",Smooth Asphalt,NA,"33.8874266731, -78.4363124534"
4318,Winston-Salem,Forsyth,Piedmont,Residential,Urban (>70% Developed),NA,Urban,30 - 35  MPH,No Control Present,Clear,No,20,20-24,No,NA,With Traffic,B: Evident Injury,Travel Lane,Black,Male,34,30-39,No,NA,0-5 mph,O: No Injury,White,Female,Passenger Car,No,03SEP2010,Friday,Motorist Right Turn / Merge,11,Non-Intersection,September,B: Evident Injury,11:58:00,Motorist Right Turn - Same Direction,2010,Yes,No,Daylight,Straight - Grade,Local Street,Dry,"Two-Way, Not Divided",None,No Special Feature,Coarse Asphalt,3 lanes,"36.1004670894, -80.2545631141"
4322,Winston-Salem,Forsyth,Piedmont,Commercial,Urban (>70% Developed),NA,Urban,30 - 35  MPH,Stop And Go Signal,Clear,No,29,25-29,No,NA,With Traffic,C: Possible Injury,Travel Lane,White,Male,NA,NA,Missing,NA,6-10 mph,Unknown Injury,Unknown/Missing,NA,NA,No,02SEP2010,Thursday,Motorist Right Turn / Merge,11,Intersection,September,C: Possible Injury,11:39:00,Motorist Right Turn on Red - Same Direction,2010,No,Yes,Daylight,Straight - Level,Local Street,Dry,"Two-Way, Not Divided",None,Four-Way Intersection,Coarse Asphalt,4 lanes,"36.0686370837, -80.226977104"
4324,Chapel Hill,Orange,Piedmont,Commercial,Urban (>70% Developed),NA,Urban,20 - 25  MPH,"Double Yellow Line, No Passing Zone",Cloudy,No,53,50-59,No,NA,With Traffic,C: Possible Injury,Travel Lane,White,Male,42,40-49,No,NA,NA,O: No Injury,White,Female,Passenger Car,No,08SEP2010,Wednesday,Bicyclist Overtaking Motorist,17,Non-Intersection,September,C: Possible Injury,17:39:00,Bicyclist Overtaking - Extended Door,2010,No,No,Daylight,Straight - Level,Local Street,Dry,"Two-Way, Not Divided",None,No Special Feature,Smooth Asphalt,4 lanes,"35.9119940927, -79.0589527435"
4325,None - Rural Crash,Lincoln,Piedmont,Residential,Mixed (30% To 70% Developed),NA,Rural,40 - 45  MPH,"Double Yellow Line, No Passing Zone",Clear,No,15,11-15,No,NA,With Traffic,B: Evident Injury,Travel Lane,White,Male,54,50-59,No,NA,41-45 mph,O: No Injury,Black,Male,Passenger Car,No,15AUG2010,Sunday,Bicyclist Left Turn / Merge,16,Non-Intersection,August,B: Evident Injury,16:32:00,Bicyclist Left Turn - Same Direction,2010,Yes,No,Daylight,Straight - Grade,State Secondary Route,Dry,"Two-Way, Not Divided",None,No Special Feature,Smooth Asphalt,2 lanes,"35.5174019337, -81.1330673444"
4329,Raleigh,Wake,Piedmont,Residential,Urban (>70% Developed),NA,Urban,20 - 25  MPH,No Control Present,Clear,No,11,11-15,No,NA,With Traffic,C: Possible Injury,Travel Lane,Hispanic,Male,40,40-49,No,NA,6-10 mph,O: No Injury,Black,Female,Passenger Car,No,01AUG2010,Sunday,Head-On,18,Non-Intersection,August,C: Possible Injury,18:22:00,Head-On - Unknown,2010,Yes,No,Daylight,Straight - Hillcrest,Local Street,Dry,"Two-Way, Not Divided",None,No Special Feature,Smooth Asphalt,2 lanes,"35.7531470754, -78.6038625965"
4331,Brevard,Transylvania,Mountains,Institutional,Urban (>70% Developed),NA,Urban,5 - 15 MPH,No Control Present,Clear,No,16,16-19,No,NA,Not Applicable,O: No Injury,Non-Roadway,White,Male,18,0-19,No,NA,6-10 mph,O: No Injury,Other,Male,Sport Utility,No,03SEP2010,Friday,Non-Roadway,15,Non-Roadway,September,O: No Injury,15:10:00,Non-Roadway,2010,No,No,Daylight,Straight - Level,Public Vehicular Area,Dry,"Two-Way, Not Divided",None,No Special Feature,Smooth Asphalt,2 lanes,"35.2183218095, -82.735373802"
4332,Raleigh,Wake,Piedmont,Residential,Urban (>70% Developed),NA,Urban,30 - 35  MPH,Stop Sign,Clear,No,29,25-29,No,NA,With Traffic,B: Evident Injury,Sidewalk / Crosswalk / Driveway Crossing,White,Male,24,20-24,No,NA,6-10 mph,O: No Injury,Black,Male,Passenger Car,No,21AUG2010,Saturday,Motorist Left Turn / Merge,1,Intersection,August,B: Evident Injury,01:13:00,Motorist Left Turn - Opposite Direction,2010,No,No,Dark - Lighted Roadway,Straight - Level,Local Street,Dry,"Two-Way, Not Divided",None,No Special Feature,Coarse Asphalt,2 lanes,"35.8754110969, -78.7204226382"
4335,Huntersville,Mecklenburg,Piedmont,Residential,Urban (>70% Developed),NA,Urban,30 - 35  MPH,Stop Sign,Clear,No,8,6-10,No,NA,With Traffic,C: Possible Injury,Travel Lane,White,Male,70+,70+,No,NA,26-30 mph,O: No Injury,White,Male,Passenger Car,No,03SEP2010,Friday,Loss of Control / Turning Error,16,Intersection,September,C: Possible Injury,16:57:00,Bicyclist Lost Control - Mechanical Problems,2010,Yes,No,Daylight,Straight - Level,Local Street,Dry,"Two-Way, Not Divided",None,Four-Way Intersection,Smooth Asphalt,2 lanes,"35.4212869229, -80.8743772614"
4336,Raleigh,Wake,Piedmont,Institutional,Urban (>70% Developed),NA,Urban,20 - 25  MPH,Stop Sign,Clear,No,20,20-24,No,NA,NA,B: Evident Injury,Multi-use Path,White,Male,21,20-24,No,NA,6-10 mph,B: Evident Injury,Hispanic,Female,Passenger Car,No,09SEP2010,Thursday,Other / Unknown - Insufficient Details,17,Intersection-Related,September,B: Evident Injury,17:57:00,Unknown Approach Paths,2010,No,No,Daylight,Straight - Grade,Local Street,Dry,"Two-Way, Not Divided",None,Four-Way Intersection,Smooth Asphalt,4 lanes,"35.7865940792, -78.6809226219"
4339,None - Rural Crash,Carteret,Coastal,Residential,Rural (<30% Developed),NA,Rural,50 - 55  MPH,"Double Yellow Line, No Passing Zone",Clear,No,24,20-24,No,NA,With Traffic,B: Evident Injury,Travel Lane,White,Male,21,20-24,Missing,NA,26-30 mph,C: Possible Injury,White,Male,Motorcycle,No,17SEP2010,Friday,Motorist Overtaking Bicyclist,21,Non-Intersection,September,B: Evident Injury,21:09:00,Motorist Overtaking - Other / Unknown,2010,Yes,No,Dark - Roadway Not Lighted,Straight - Level,US Route,Dry,"Two-Way, Not Divided",None,No Special Feature,Smooth Asphalt,2 lanes,"34.7807669311, -76.5732319309"
4356,Charlotte,Mecklenburg,Piedmont,Residential,Rural (<30% Developed),NA,Urban,30 - 35  MPH,Stop And Go Signal,Clear,No,52,50-59,No,NA,Facing Traffic,O: No Injury,Bike Lane / Paved Shoulder,Black,Male,31,30-39,No,NA,0-5 mph,O: No Injury,Black,Male,Passenger Car,No,15SEP2010,Wednesday,Motorist Failed to Yield - Signalized Intersection,15,Intersection,September,O: No Injury,15:35:00,Motorist Drive Out - Right Turn on Red,2010,Yes,No,Daylight,Straight - Grade,Interstate,Dry,"One-Way, Not Divided",None,On or Off Ramp,Concrete,2 lanes,"35.2292068819, -80.8612832474"
4363,Cary,Wake,Piedmont,Commercial,Urban (>70% Developed),NA,Urban,40 - 45  MPH,No Control Present,Clear,No,38,30-39,No,NA,With Traffic,B: Evident Injury,Travel Lane,White,Male,42,40-49,No,NA,0-5 mph,O: No Injury,Asian,Female,Passenger Car,No,23SEP2010,Thursday,Motorist Left Turn / Merge,17,Intersection,September,B: Evident Injury,17:52:00,Motorist Left Turn - Opposite Direction,2010,Yes,No,Daylight,Straight - Level,State Secondary Route,Dry,"Two-Way, Not Divided",None,"Driveway, Private",Smooth Asphalt,5 lanes,"35.7857620749, -78.8214026649"
4366,None - Rural Crash,Beaufort,Coastal,Commercial,Urban (>70% Developed),NA,Rural,50 - 55  MPH,No Control Present,Clear,No,15,11-15,No,NA,With Traffic,C: Possible Injury,Travel Lane,Black,Male,25,25-29,No,NA,46-50 mph,O: No Injury,Black,Male,Passenger Car,No,24SEP2010,Friday,Motorist Overtaking Bicyclist,22,Non-Intersection,September,C: Possible Injury,22:20:00,Motorist Overtaking - Misjudged Space,2010,Yes,No,Dark - Roadway Not Lighted,Straight - Level,US Route,Dry,"Two-Way, Not Divided",None,No Special Feature,Coarse Asphalt,5 lanes,"35.5853340911, -77.0954021297"
4370,Rocky Mount,Edgecombe,Coastal,Residential,Mixed (30% To 70% Developed),NA,Urban,40 - 45  MPH,No Control Present,Cloudy,No,70+,70+,No,NA,With Traffic,A: Disabling Injury,Travel Lane,Black,Male,33,30-39,No,NA,41-45 mph,O: No Injury,Black,Female,Passenger Car,No,20AUG2010,Friday,Bicyclist Left Turn / Merge,5,Non-Intersection,August,A: Disabling Injury,05:28:00,Bicyclist Left Turn - Same Direction,2010,Yes,No,Dark - Lighted Roadway,Straight - Level,Local Street,Dry,"Two-Way, Not Divided",None,No Special Feature,Smooth Asphalt,2 lanes,"35.9082771367, -77.8055673621"
4385,Farmville,Pitt,Coastal,"Farms, Woods, Pastures",Mixed (30% To 70% Developed),NA,Rural,40 - 45  MPH,No Control Present,Clear,No,52,50-59,No,NA,With Traffic,C: Possible Injury,Travel Lane,Black,Male,63,60-69,No,NA,36-40 mph,O: No Injury,White,Male,Pickup,No,24SEP2010,Friday,Motorist Overtaking Bicyclist,7,Non-Intersection,September,C: Possible Injury,07:15:00,Motorist Overtaking - Misjudged Space,2010,Yes,No,Daylight,Straight - Level,NC Route,Dry,"Two-Way, Not Divided",None,No Special Feature,Smooth Asphalt,2 lanes,"35.586617074, -77.6062572854"
4388,None - Rural Crash,Dare,Coastal,Residential,Mixed (30% To 70% Developed),NA,Rural,30 - 35  MPH,"Double Yellow Line, No Passing Zone",Cloudy,No,10,6-10,No,NA,With Traffic,C: Possible Injury,Travel Lane,White,Male,65,60-69,No,NA,31-35 mph,O: No Injury,White,Female,Sport Utility,No,29SEP2010,Wednesday,Bicyclist Left Turn / Merge,16,Non-Intersection,September,C: Possible Injury,16:22:00,Bicyclist Left Turn - Same Direction,2010,Yes,No,Daylight,Straight - Level,NC Route,Dry,"Two-Way, Not Divided",None,No Special Feature,Coarse Asphalt,2 lanes,"35.9703272221, -75.6360877007"
4397,None - Rural Crash,Iredell,Piedmont,Commercial,Urban (>70% Developed),NA,Rural,40 - 45  MPH,"Double Yellow Line, No Passing Zone",Clear,No,49,40-49,No,NA,With Traffic,B: Evident Injury,Sidewalk / Crosswalk / Driveway Crossing,White,Male,43,40-49,No,NA,0-5 mph,O: No Injury,White,Male,Pickup,No,02OCT2010,Saturday,Motorist Failed to Yield - Midblock,19,Non-Intersection,October,B: Evident Injury,19:41:00,Motorist Drive Out - Other Midblock,2010,Yes,No,Dusk,Straight - Level,State Secondary Route,Dry,"Two-Way, Not Divided",None,No Special Feature,Smooth Asphalt,2 lanes,"35.7825349942, -81.0041993203"
4405,Charlotte,Mecklenburg,Piedmont,Commercial,Urban (>70% Developed),NA,Urban,30 - 35  MPH,Stop And Go Signal,Clear,No,57,50-59,No,NA,Facing Traffic,B: Evident Injury,Sidewalk / Crosswalk / Driveway Crossing,White,Male,37,30-39,No,NA,0-5 mph,O: No Injury,White,Male,Sport Utility,No,01OCT2010,Friday,Motorist Failed to Yield - Signalized Intersection,16,Intersection,October,B: Evident Injury,16:55:00,Motorist Drive Out - Right Turn on Red,2010,Yes,No,Daylight,Straight - Level,Local Street,Dry,"Two-Way, Not Divided",None,No Special Feature,Smooth Asphalt,2 lanes,"35.2123028822, -80.7627232175"
4406,Durham,Durham,Piedmont,Residential,Urban (>70% Developed),NA,Urban,20 - 25  MPH,No Control Present,Clear,No,36,30-39,No,NA,With Traffic,C: Possible Injury,Travel Lane,White,Male,23,20-24,No,NA,0-5 mph,O: No Injury,Hispanic,Male,Passenger Car,No,08OCT2010,Friday,Crossing Paths - Other Circumstances,7,Intersection,October,C: Possible Injury,07:05:00,Crossing Paths - Intersection - Other / Unknown,2010,No,No,Dawn,Straight - Level,Local Street,Dry,"Two-Way, Not Divided",None,No Special Feature,Smooth Asphalt,2 lanes,"35.9724771099, -78.9375827092"
4410,Charlotte,Mecklenburg,Piedmont,Commercial,Urban (>70% Developed),NA,Urban,30 - 35  MPH,Stop And Go Signal,Clear,No,25,25-29,No,NA,With Traffic,B: Evident Injury,Sidewalk / Crosswalk / Driveway Crossing,White,Female,70+,70+,No,NA,0-5 mph,O: No Injury,White,Male,Passenger Car,No,01OCT2010,Friday,Motorist Left Turn / Merge,15,Intersection,October,B: Evident Injury,15:41:00,Motorist Left Turn - Opposite Direction,2010,Yes,No,Daylight,Straight - Level,Local Street,Dry,"One-Way, Not Divided",None,No Special Feature,Smooth Asphalt,4 lanes,"35.2220868809, -80.8411432411"