object_id,city,county,region,development,locality,on_road,rural_urban,speed_limit,traffic_control,weather,workzone,bike_age,bike_age_group,bike_alcohol,bike_alcohol_drugs,bike_direction,bike_injury,bike_position,bike_race,bike_sex,driver_age,driver_age_group,driver_alcohol,driver_alcohol_drugs,driver_est_speed,driver_injury,driver_race,driver_sex,driver_vehicle_type,crash_alcohol,crash_date,crash_day,crash_group,crash_hour,crash_location,crash_month,crash_severity,crash_time,crash_type,crash_year,ambulance_req,hit_run,light_condition,road_character,road_class,road_condition,road_configuration,road_defects,road_feature,road_surface,num_lanes,geo_point
4412,Swansboro,Onslow,Coastal,Commercial,Mixed (30% To 70% Developed),NA,Rural,50 - 55  MPH,No Control Present,Clear,No,39,30-39,No,NA,Facing Traffic,B: Evident Injury,Sidewalk / Crosswalk / Driveway Crossing,White,Female,43,40-49,Yes,NA,0-5 mph,O: No Injury,White,Female,Passenger Car,Yes,09OCT2010,Saturday,Motorist Failed to Yield - Midblock,12,Non-Intersection,October,B: Evident Injury,12:30:00,Motorist Drive Out - Commercial Driveway / Alley,2010,Yes,No,Daylight,Straight - Level,NC Route,Dry,"Two-Way, Not Divided",None,"Driveway, Public",Coarse Asphalt,5 lanes,"34.6847528926, -77.1146520911"
4413,None - Rural Crash,Henderson,Mountains,"Farms, Woods, Pastures",Rural (<30% Developed),NA,Rural,30 - 35  MPH,"Double Yellow Line, No Passing Zone",Clear,No,48,40-49,No,NA,With Traffic,B: Evident Injury,Travel Lane,White,Male,70+,70+,No,NA,0-5 mph,O: No Injury,White,Female,Passenger Car,No,10OCT2010,Sunday,Motorist Left Turn / Merge,15,Intersection,October,B: Evident Injury,15:42:00,Motorist Left Turn - Opposite Direction,2010,Yes,No,Daylight,Curve - Grade,State Secondary Route,Dry,"Two-Way, Not Divided",None,T-Intersection,Coarse Asphalt,2 lanes,"35.3409648433, -82.5300237484"
4417,None - Rural Crash,Robeson,Coastal,"Farms, Woods, Pastures",Rural (<30% Developed),NA,Rural,50 - 55  MPH,"Double Yellow Line, No Passing Zone",Clear,No,58,50-59,No,NA,With Traffic,B: Evident Injury,Travel Lane,White,Female,57,50-59,No,NA,36-40 mph,O: No Injury,Native American,Female,Passenger Car,No,01OCT2010,Friday,Motorist Overtaking Bicyclist,11,Non-Intersection,October,B: Evident Injury,11:47:00,Motorist Overtaking - Misjudged Space,2010,Yes,No,Daylight,Curve - Level,State Secondary Route,Dry,"Two-Way, Not Divided",None,No Special Feature,Smooth Asphalt,2 lanes,"34.6206668172, -78.9547426451"
4420,Raleigh,Wake,Piedmont,Residential,Urban (>70% Developed),NA,Urban,30 - 35  MPH,Stop Sign,Clear,No,39,30-39,No,NA,With Traffic,O: No Injury,Travel Lane,Black,Female,23,20-24,No,NA,21-25 mph,O: No Injury,White,Female,Sport Utility,No,02SEP2010,Thursday,Loss of Control / Turning Error,9,Intersection,September,O: No Injury,09:47:00,Bicyclist Turning Error - Right Turn,2010,Yes,No,Daylight,Straight - Level,Local Street,Dry,"Two-Way, Divided, Unprotected Median",None,Four-Way Intersection,Smooth Asphalt,2 lanes,"35.7915910823, -78.6301986074"
4421,Raleigh,Wake,Piedmont,Commercial,Urban (>70% Developed),NA,Urban,30 - 35  MPH,Stop And Go Signal,Clear,No,29,25-29,No,NA,Facing Traffic,O: No Injury,Sidewalk / Crosswalk / Driveway Crossing,White,Male,51,50-59,No,NA,0-5 mph,O: No Injury,White,Male,"Light Truck (Mini-Van, Panel)",No,01SEP2010,Wednesday,Crossing Paths - Other Circumstances,14,Intersection-Related,September,O: No Injury,14:44:00,Signalized Intersection - Other / Unknown,2010,No,No,Daylight,Straight - Level,Local Street,Dry,"Two-Way, Divided, Unprotected Median",None,No Special Feature,Smooth Asphalt,5 lanes,"35.7892140807, -78.6743726201"
4425,Kitty Hawk,Dare,Coastal,Commercial,Urban (>70% Developed),NA,Rural,20 - 25  MPH,Stop Sign,Clear,No,20,20-24,No,NA,Facing Traffic,O: No Injury,Bike Lane / Paved Shoulder,White,Male,16,0-19,No,NA,0-5 mph,O: No Injury,White,Male,Sport Utility,No,21SEP2010,Tuesday,Motorist Failed to Yield - Sign-Controlled Intersection,15,Intersection,September,O: No Injury,15:04:00,Motorist Drive Out - Sign-Controlled Intersection,2010,Yes,No,Daylight,Straight - Level,US Route,Dry,"Two-Way, Not Divided",None,T-Intersection,Coarse Asphalt,5 lanes,"36.0600312396, -75.6892257216"
4432,Lenoir,Caldwell,Mountains,Commercial,Urban (>70% Developed),NA,Urban,30 - 35  MPH,No Control Present,Clear,No,50,50-59,No,NA,With Traffic,A: Disabling Injury,Travel Lane,White,Male,70+,70+,No,NA,6-10 mph,O: No Injury,White,Male,Sport Utility,No,11OCT2010,Monday,Motorist Left Turn / Merge,9,Intersection,October,A: Disabling Injury,09:07:00,Motorist Left Turn - Opposite Direction,2010,Yes,No,Daylight,Straight - Grade,US Route,Dry,"Two-Way, Not Divided",None,No Special Feature,Smooth Asphalt,2 lanes,"35.9059209998, -81.5286734843"
4441,Charlotte,Mecklenburg,Piedmont,Residential,Urban (>70% Developed),NA,Urban,30 - 35  MPH,No Control Present,Clear,No,46,40-49,No,NA,Facing Traffic,C: Possible Injury,Sidewalk / Crosswalk / Driveway Crossing,Unknown/Missing,Female,59,50-59,No,NA,0-5 mph,O: No Injury,Hispanic,Male,"Light Truck (Mini-Van, Panel)",No,06OCT2010,Wednesday,Motorist Failed to Yield - Midblock,16,Non-Intersection,October,C: Possible Injury,16:52:00,Motorist Drive Out - Commercial Driveway / Alley,2010,Yes,No,Daylight,Straight - Grade,Local Street,Dry,"Two-Way, Divided, Positive Median Barrier",None,No Special Feature,Smooth Asphalt,4 lanes,"35.1978568788, -80.7614782156"
4453,None - Rural Crash,Johnston,Coastal,"Farms, Woods, Pastures",Rural (<30% Developed),NA,Rural,50 - 55  MPH,"Double Yellow Line, No Passing Zone",Clear,No,53,50-59,No,NA,With Traffic,B: Evident Injury,Travel Lane,White,Male,34,30-39,No,NA,51-55 mph,O: No Injury,White,Male,Pickup,No,21OCT2010,Thursday,Bicyclist Left Turn / Merge,10,Non-Intersection,October,B: Evident Injury,10:58:00,Bicyclist Left Turn - Same Direction,2010,Yes,No,Daylight,Straight - Level,State Secondary Route,Dry,"Two-Way, Not Divided",None,No Special Feature,Coarse Asphalt,2 lanes,"35.260279976, -78.4072975121"
4458,None - Rural Crash,Rutherford,Mountains,Residential,Urban (>70% Developed),NA,Rural,40 - 45  MPH,"Double Yellow Line, No Passing Zone",Clear,No,25,25-29,No,NA,With Traffic,B: Evident Injury,Travel Lane,White,Male,36,30-39,No,NA,36-40 mph,O: No Injury,Black,Female,Passenger Car,No,19OCT2010,Tuesday,Motorist Overtaking Bicyclist,20,Non-Intersection,October,B: Evident Injury,20:15:00,Motorist Overtaking - Misjudged Space,2010,Yes,No,Dark - Roadway Not Lighted,Straight - Level,State Secondary Route,Dry,"Two-Way, Not Divided",None,No Special Feature,Coarse Asphalt,2 lanes,"35.333430865, -81.9106535652"
4470,Mooresville,Iredell,Piedmont,Commercial,Urban (>70% Developed),NA,Urban,30 - 35  MPH,No Control Present,Clear,No,15,11-15,No,NA,With Traffic,B: Evident Injury,Travel Lane,White,Male,62,60-69,No,NA,31-35 mph,O: No Injury,White,Female,Sport Utility,No,06OCT2010,Wednesday,Crossing Paths - Other Circumstances,17,Intersection,October,B: Evident Injury,17:06:00,Crossing Paths - Uncontrolled Intersection,2010,Yes,No,Daylight,Straight - Level,Local Street,Dry,"Two-Way, Not Divided",None,T-Intersection,Smooth Asphalt,2 lanes,"35.5799369579, -80.8165832537"
4472,Fayetteville,Cumberland,Coastal,Industrial,Urban (>70% Developed),NA,Urban,50 - 55  MPH,Stop Sign,Clear,No,47,40-49,No,NA,With Traffic,A: Disabling Injury,Travel Lane,Black,Male,66,60-69,No,NA,51-55 mph,O: No Injury,Native American,Female,Passenger Car,No,20OCT2010,Wednesday,Bicyclist Failed to Yield - Sign-Controlled Intersection,20,Intersection,October,A: Disabling Injury,20:36:00,Bicyclist Ride Through - Sign-Controlled Intersection,2010,Yes,No,Dark - Lighted Roadway,Curve - Level,Local Street,Dry,"Two-Way, Not Divided",None,Four-Way Intersection,Coarse Asphalt,4 lanes,"35.0296739095, -78.8718126398"
4481,Lumberton,Robeson,Coastal,Residential,Urban (>70% Developed),NA,Urban,20 - 25  MPH,Stop Sign,Clear,No,12,11-15,No,NA,With Traffic,B: Evident Injury,Travel Lane,Hispanic,Male,38,30-39,No,NA,11-15 mph,O: No Injury,Black,Male,Passenger Car,No,29OCT2010,Friday,Bicyclist Failed to Yield - Sign-Controlled Intersection,17,Intersection,October,B: Evident Injury,17:18:00,Bicyclist Ride Through - Sign-Controlled Intersection,2010,No,No,Daylight,Straight - Level,Local Street,Dry,"Two-Way, Not Divided",None,Four-Way Intersection,Coarse Asphalt,2 lanes,"34.6143788146, -78.992342656"
4484,Cary,Wake,Piedmont,Residential,Urban (>70% Developed),NA,Urban,20 - 25  MPH,No Control Present,Clear,No,10,6-10,No,NA,Not Applicable,B: Evident Injury,Driveway / Alley,White,Male,42,40-49,No,NA,16-20 mph,O: No Injury,Black,Male,Pickup,No,31OCT2010,Sunday,Bicyclist Failed to Yield - Midblock,12,Non-Intersection,October,B: Evident Injury,12:54:00,Bicyclist Ride Out - Residential Driveway,2010,Yes,No,Daylight,Straight - Level,Local Street,Dry,"Two-Way, Not Divided",None,No Special Feature,Smooth Asphalt,2 lanes,"35.7960570754, -78.8548726757"
4485,Charlotte,Mecklenburg,Piedmont,Industrial,Urban (>70% Developed),NA,Urban,20 - 25  MPH,Stop And Go Signal,Clear,No,21,20-24,No,NA,With Traffic,O: No Injury,Travel Lane,White,Male,NA,NA,Missing,NA,0-5 mph,Unknown Injury,Unknown/Missing,NA,NA,No,22OCT2010,Friday,Head-On,21,Intersection,October,O: No Injury,21:43:00,Head-On - Motorist,2010,No,Yes,Dark - Lighted Roadway,Straight - Level,Local Street,Dry,"Two-Way, Not Divided",None,No Special Feature,Smooth Asphalt,4 lanes,"35.2294418832, -80.839908241"
4490,Williamston,Martin,Coastal,Commercial,Mixed (30% To 70% Developed),NA,Urban,NA,Stop Sign,Clear,No,42,40-49,No,NA,Facing Traffic,Unknown Injury,Bike Lane / Paved Shoulder,Unknown/Missing,Male,23,20-24,No,NA,NA,O: No Injury,White,Male,Passenger Car,No,05OCT2010,Tuesday,Motorist Failed to Yield - Midblock,15,Non-Intersection,October,O: No Injury,15:30:00,Motorist Drive Out - Commercial Driveway / Alley,2010,No,No,Daylight,Straight - Level,Local Street,Dry,"Two-Way, Divided, Positive Median Barrier",None,T-Intersection,Smooth Asphalt,NA,"35.8448371477, -77.060938132"
4496,Wilson,Wilson,Coastal,Commercial,Urban (>70% Developed),NA,Urban,40 - 45  MPH,No Control Present,Clear,No,43,40-49,No,NA,With Traffic,A: Disabling Injury,Travel Lane,White,Male,44,40-49,No,NA,31-35 mph,O: No Injury,White,Male,Passenger Car,No,22OCT2010,Friday,Motorist Overtaking Bicyclist,19,Non-Intersection,October,A: Disabling Injury,19:15:00,Motorist Overtaking - Bicyclist Swerved,2010,Yes,No,Dark - Lighted Roadway,Straight - Level,Local Street,Dry,"Two-Way, Not Divided",None,No Special Feature,Smooth Asphalt,3 lanes,"35.7077070892, -77.9263483891"
4500,Greensboro,Guilford,Piedmont,Residential,Urban (>70% Developed),NA,Urban,30 - 35  MPH,Stop Sign,Clear,No,14,11-15,No,NA,Facing Traffic,B: Evident Injury,Travel Lane,Black,Male,70+,70+,No,NA,21-25 mph,O: No Injury,Native American,Male,Passenger Car,No,24OCT2010,Sunday,Bicyclist Failed to Yield - Sign-Controlled Intersection,12,Intersection,October,B: Evident Injury,12:36:00,Bicyclist Ride Through - Sign-Controlled Intersection,2010,Yes,No,Daylight,Straight - Hillcrest,Local Street,Dry,"Two-Way, Not Divided",None,No Special Feature,Coarse Asphalt,2 lanes,"36.0630470985, -79.7909829726"
4504,None - Rural Crash,Carteret,Coastal,"Farms, Woods, Pastures",Mixed (30% To 70% Developed),NA,Rural,50 - 55  MPH,No Control Present,Clear,No,69,60-69,No,NA,With Traffic,K: Killed,Bike Lane / Paved Shoulder,White,Male,42,40-49,No,NA,51-55 mph,O: No Injury,White,Male,Pickup,No,04NOV2010,Thursday,Loss of Control / Turning Error,9,Non-Intersection,November,K: Killed,09:44:00,Motorist Lost Control - Other / Unknown,2010,Yes,No,Daylight,Straight - Level,US Route,Dry,"Two-Way, Divided, Unprotected Median",None,No Special Feature,Smooth Asphalt,4 lanes,"34.7562569169, -76.8473320135"
4511,None - Rural Crash,Cleveland,Mountains,"Farms, Woods, Pastures",Rural (<30% Developed),NA,Rural,5 - 15 MPH,No Control Present,Clear,No,NA,NA,No,NA,Not Applicable,Unknown Injury,Driveway / Alley,Unknown/Missing,NA,66,60-69,No,NA,0-5 mph,O: No Injury,White,Male,Passenger Car,No,09NOV2010,Tuesday,Non-Roadway,19,Non-Roadway,November,O: No Injury,19:57:00,Non-Roadway,2010,Yes,No,Dark - Roadway Not Lighted,Straight - Level,"Private Road, Driveway",Dry,"Two-Way, Not Divided",None,"Driveway, Private",Concrete,NA,"35.2933868727, -81.4869834371"
4521,None - Rural Crash,New Hanover,Coastal,"Farms, Woods, Pastures",Mixed (30% To 70% Developed),NA,Rural,50 - 55  MPH,Other,Clear,No,59,50-59,No,NA,With Traffic,B: Evident Injury,Travel Lane,White,Male,32,30-39,No,NA,11-15 mph,O: No Injury,Black,Female,Passenger Car,No,13NOV2010,Saturday,Motorist Left Turn / Merge,13,Non-Intersection,November,B: Evident Injury,13:24:00,Motorist Left Turn - Same Direction,2010,Yes,No,Daylight,Straight - Level,US Route,Dry,"Two-Way, Not Divided",None,No Special Feature,Coarse Asphalt,5 lanes,"34.2546417697, -77.9571023261"
4522,Charlotte,Mecklenburg,Piedmont,Commercial,Urban (>70% Developed),NA,Urban,30 - 35  MPH,Stop And Go Signal,Clear,No,23,20-24,No,NA,With Traffic,B: Evident Injury,Travel Lane,White,Male,48,40-49,No,NA,NA,O: No Injury,Black,Male,Pickup,No,05OCT2010,Tuesday,Loss of Control / Turning Error,6,Intersection,October,B: Evident Injury,06:15:00,Motorist Turning Error - Right Turn,2010,No,No,Dark - Lighted Roadway,Straight - Level,Local Street,Dry,"Two-Way, Not Divided",None,Four-Way Intersection,Smooth Asphalt,4 lanes,"35.2204008818, -80.8133532324"
4524,Charlotte,Mecklenburg,Piedmont,Commercial,Urban (>70% Developed),NA,Urban,40 - 45  MPH,Stop And Go Signal,Clear,No,12,11-15,No,NA,With Traffic,B: Evident Injury,Travel Lane,White,Male,55,50-59,No,NA,26-30 mph,O: No Injury,White,Male,Pickup,No,09NOV2010,Tuesday,Bicyclist Failed to Yield - Signalized Intersection,12,Intersection-Related,November,B: Evident Injury,12:43:00,Bicyclist Ride Through - Signalized Intersection,2010,Yes,No,Daylight,Straight - Level,Local Street,Dry,"Two-Way, Divided, Positive Median Barrier",None,No Special Feature,Smooth Asphalt,5 lanes,"35.1957808743, -80.8772692502"
4530,Gastonia,Gaston,Piedmont,Commercial,Urban (>70% Developed),NA,Urban,30 - 35  MPH,Stop And Go Signal,Clear,No,55,50-59,Yes,NA,Facing Traffic,C: Possible Injury,Sidewalk / Crosswalk / Driveway Crossing,Black,Male,52,50-59,No,NA,0-5 mph,O: No Injury,White,Male,Pickup,Yes,09NOV2010,Tuesday,Motorist Failed to Yield - Signalized Intersection,13,Intersection,November,C: Possible Injury,13:33:00,Motorist Drive Out - Right Turn on Red,2010,Yes,No,Daylight,Straight - Grade,Local Street,Dry,"Two-Way, Not Divided",None,Four-Way Intersection,Smooth Asphalt,2 lanes,"35.2624728781, -81.168368341"
4534,Raleigh,Wake,Piedmont,Commercial,Urban (>70% Developed),NA,Urban,30 - 35  MPH,No Control Present,Clear,No,22,20-24,Yes,NA,With Traffic,C: Possible Injury,Travel Lane,White,Male,20,20-24,No,NA,0-5 mph,O: No Injury,Black,Male,Passenger Car,Yes,21OCT2010,Thursday,Motorist Left Turn / Merge,23,Non-Intersection,October,C: Possible Injury,23:35:00,Motorist Left Turn - Opposite Direction,2010,Yes,No,Dark - Lighted Roadway,Straight - Level,Local Street,Dry,"Two-Way, Not Divided",None,No Special Feature,Smooth Asphalt,3 lanes,"35.7798490798, -78.6446326103"
4547,None - Rural Crash,New Hanover,Coastal,Residential,Urban (>70% Developed),NA,Rural,30 - 35  MPH,Stop Sign,Clear,No,12,11-15,No,NA,With Traffic,C: Possible Injury,Travel Lane,White,Male,31,30-39,No,NA,26-30 mph,O: No Injury,White,Male,Pickup,No,24NOV2010,Wednesday,Bicyclist Failed to Yield - Sign-Controlled Intersection,14,Intersection,November,C: Possible Injury,14:55:00,Bicyclist Ride Through - Sign-Controlled Intersection,2010,Yes,No,Daylight,Curve - Level,State Secondary Route,Dry,"Two-Way, Not Divided",None,Four-Way Intersection,Coarse Asphalt,2 lanes,"34.1104617397, -77.9048023035"
4549,None - Rural Crash,Catawba,Piedmont,Residential,Rural (<30% Developed),NA,Rural,40 - 45  MPH,"Double Yellow Line, No Passing Zone",Clear,No,7,6-10,No,NA,Not Applicable,C: Possible Injury,Travel Lane,Black,Male,41,40-49,No,NA,41-45 mph,O: No Injury,White,Male,Van,No,27NOV2010,Saturday,Bicyclist Failed to Yield - Midblock,13,Non-Intersection,November,C: Possible Injury,13:04:00,Bicyclist Ride Out - Residential Driveway,2010,Yes,No,Daylight,Straight - Level,State Secondary Route,Dry,"Two-Way, Not Divided",None,No Special Feature,Smooth Asphalt,2 lanes,"35.608226945, -81.3193634054"
4553,Wilmington,New Hanover,Coastal,Commercial,Urban (>70% Developed),NA,Urban,30 - 35  MPH,No Control Present,Clear,No,19,16-19,No,NA,Facing Traffic,B: Evident Injury,Sidewalk / Crosswalk / Driveway Crossing,White,Female,58,50-59,No,NA,16-20 mph,O: No Injury,White,Male,Passenger Car,No,11NOV2010,Thursday,Crossing Paths - Other Circumstances,8,Intersection,November,B: Evident Injury,08:39:00,Crossing Paths - Intersection - Other / Unknown,2010,Yes,No,Daylight,Straight - Level,Local Street,Dry,"Two-Way, Not Divided",None,No Special Feature,Smooth Asphalt,4 lanes,"34.2379637676, -77.917932314"
4567,Wilmington,New Hanover,Coastal,Residential,Urban (>70% Developed),NA,Urban,30 - 35  MPH,Stop And Go Signal,Clear,No,47,40-49,No,NA,Facing Traffic,C: Possible Injury,Travel Lane,Black,Male,25,25-29,No,NA,NA,O: No Injury,White,Female,Passenger Car,No,15NOV2010,Monday,Loss of Control / Turning Error,12,Intersection,November,C: Possible Injury,12:56:00,Bicyclist Turning Error - Other,2010,No,No,Daylight,Straight - Grade,Local Street,Dry,"Two-Way, Divided, Positive Median Barrier",None,No Special Feature,Smooth Asphalt,4 lanes,"34.2166867619, -77.9436673204"
4589,Charlotte,Mecklenburg,Piedmont,Commercial,Mixed (30% To 70% Developed),NA,Urban,50 - 55  MPH,No Control Present,Clear,No,29,25-29,No,NA,Not Applicable,B: Evident Injury,Travel Lane,Black,Female,23,20-24,No,NA,36-40 mph,O: No Injury,White,Male,Sport Utility,No,01DEC2010,Wednesday,Bicyclist Failed to Yield - Midblock,16,Non-Intersection,December,B: Evident Injury,16:55:00,Bicyclist Ride Out - Midblock - Unknown,2010,Yes,No,Daylight,Straight - Level,Local Street,"Water (Standing, Moving)","Two-Way, Divided, Unprotected Median",None,No Special Feature,Coarse Asphalt,4 lanes,"35.2996069018, -80.7351832134"
4597,Asheville,Buncombe,Mountains,"Farms, Woods, Pastures",Urban (>70% Developed),NA,Urban,30 - 35  MPH,"Double Yellow Line, No Passing Zone",Cloudy,No,35,30-39,No,NA,With Traffic,K: Killed,Travel Lane,White,Female,48,40-49,No,NA,31-35 mph,O: No Injury,White,Female,Passenger Car,No,26NOV2010,Friday,Motorist Overtaking Bicyclist,18,Non-Intersection,November,K: Killed,18:32:00,Motorist Overtaking - Undetected Bicyclist,2010,Yes,No,Dark - Roadway Not Lighted,Curve - Bottom,Local Street,Dry,"Two-Way, Not Divided",None,No Special Feature,Smooth Asphalt,2 lanes,"35.6003138975, -82.5315637638"
4598,Raleigh,Wake,Piedmont,Residential,Urban (>70% Developed),NA,Urban,40 - 45  MPH,No Control Present,Rain,No,53,50-59,No,NA,With Traffic,C: Possible Injury,Travel Lane,White,Female,20,20-24,No,NA,16-20 mph,O: No Injury,White,Male,Passenger Car,No,30NOV2010,Tuesday,Bicyclist Left Turn / Merge,17,Non-Intersection,November,C: Possible Injury,17:41:00,Bicyclist Left Turn - Same Direction,2010,Yes,No,Dark - Lighted Roadway,Straight - Level,Local Street,Wet,"Two-Way, Not Divided",None,No Special Feature,Coarse Asphalt,2 lanes,"35.8829471004, -78.679888627"
4601,Raleigh,Wake,Piedmont,Residential,Urban (>70% Developed),NA,Urban,20 - 25  MPH,Stop Sign,Clear,No,30,30-39,No,NA,Facing Traffic,C: Possible Injury,Sidewalk / Crosswalk / Driveway Crossing,Hispanic,Male,45,40-49,No,NA,0-5 mph,O: No Injury,White,Male,Pickup,No,27NOV2010,Saturday,Motorist Failed to Yield - Sign-Controlled Intersection,16,Intersection,November,C: Possible Injury,16:49:00,Motorist Drive Out - Sign-Controlled Intersection,2010,Yes,No,Daylight,Straight - Level,Local Street,Dry,"Two-Way, Not Divided",None,No Special Feature,Coarse Asphalt,2 lanes,"35.8552050961, -78.6154586053"
4610,None - Rural Crash,New Hanover,Coastal,Commercial,Mixed (30% To 70% Developed),NA,Rural,40 - 45  MPH,Stop And Go Signal,Clear,No,61,60-69,No,NA,With Traffic,C: Possible Injury,Bike Lane / Paved Shoulder,White,Male,70+,70+,No,NA,6-10 mph,O: No Injury,White,Male,Passenger Car,No,24DEC2010,Friday,Bicyclist Failed to Yield - Signalized Intersection,13,Intersection,December,C: Possible Injury,13:15:00,Bicyclist Ride Through - Signalized Intersection,2010,No,No,Daylight,Straight - Level,State Secondary Route,Dry,"Two-Way, Not Divided",None,"Driveway, Public",Coarse Asphalt,3 lanes,"34.2670697742, -77.9217123158"
4612,None - Rural Crash,Robeson,Coastal,"Farms, Woods, Pastures",Rural (<30% Developed),NA,Rural,50 - 55  MPH,No Control Present,Clear,No,48,40-49,No,NA,With Traffic,C: Possible Injury,Travel Lane,Native American,Male,NA,NA,Missing,NA,46-50 mph,Unknown Injury,Unknown/Missing,NA,NA,No,12NOV2010,Friday,Motorist Overtaking Bicyclist,20,Non-Intersection,November,C: Possible Injury,20:30:00,Motorist Overtaking - Other / Unknown,2010,Yes,Yes,Dark - Roadway Not Lighted,Straight - Level,NC Route,Dry,"Two-Way, Not Divided",None,No Special Feature,Coarse Asphalt,2 lanes,"34.5630528016, -79.0596876737"
4614,Landis,Rowan,Piedmont,Commercial,Urban (>70% Developed),NA,Rural,30 - 35  MPH,Stop Sign,Clear,No,42,40-49,Yes,NA,With Traffic,B: Evident Injury,Travel Lane,White,Male,44,40-49,No,NA,0-5 mph,O: No Injury,Black,Female,Sport Utility,Yes,23JUL2010,Friday,Loss of Control / Turning Error,18,Intersection,July,B: Evident Injury,18:18:00,Bicylist Lost Control - Alcohol / Drug Impairment,2010,Yes,No,Daylight,Straight - Level,Local Street,Dry,"Two-Way, Not Divided",None,T-Intersection,Smooth Asphalt,2 lanes,"35.545992959, -80.61109319"
4615,Charlotte,Mecklenburg,Piedmont,Residential,Urban (>70% Developed),NA,Urban,30 - 35  MPH,Stop Sign,Clear,No,43,40-49,No,NA,With Traffic,C: Possible Injury,Travel Lane,White,Male,61,60-69,No,NA,6-10 mph,O: No Injury,White,Male,Passenger Car,No,11DEC2010,Saturday,Motorist Failed to Yield - Sign-Controlled Intersection,14,Intersection,December,C: Possible Injury,14:03:00,Motorist Drive Out - Sign-Controlled Intersection,2010,No,No,Daylight,Straight - Level,Local Street,Dry,"Two-Way, Divided, Positive Median Barrier",None,T-Intersection,Smooth Asphalt,4 lanes,"35.1817738725, -80.8382432378"
4618,Wilmington,New Hanover,Coastal,Commercial,Urban (>70% Developed),NA,Urban,30 - 35  MPH,No Control Present,Clear,No,60,60-69,No,NA,Facing Traffic,O: No Injury,Sidewalk / Crosswalk / Driveway Crossing,White,Male,23,20-24,No,NA,6-10 mph,O: No Injury,Black,Female,Motorcycle,No,15DEC2010,Wednesday,Motorist Failed to Yield - Midblock,16,Non-Intersection,December,O: No Injury,16:11:00,Motorist Drive Out - Commercial Driveway / Alley,2010,No,No,Daylight,Straight - Grade,US Route,Dry,"Two-Way, Not Divided",None,T-Intersection,Concrete,NA,"34.2390817685, -77.9110223117"
4627,Greensboro,Guilford,Piedmont,Commercial,Urban (>70% Developed),NA,Urban,40 - 45  MPH,No Control Present,Clear,No,56,50-59,No,NA,With Traffic,O: No Injury,Bike Lane / Paved Shoulder,Black,Male,56,50-59,No,NA,36-40 mph,O: No Injury,Black,Male,Passenger Car,No,30DEC2010,Thursday,Motorist Overtaking Bicyclist,5,Non-Intersection,December,C: Possible Injury,05:46:00,Motorist Overtaking - Misjudged Space,2010,Yes,No,Dawn,Straight - Level,Local Street,Dry,"Two-Way, Not Divided",Obstruction In Roadway,No Special Feature,Smooth Asphalt,4 lanes,"36.0884320991, -79.9231670137"
4633,Jamestown,Guilford,Piedmont,Institutional,Urban (>70% Developed),NA,Rural,20 - 25  MPH,Stop Sign,Clear,No,21,20-24,No,NA,With Traffic,B: Evident Injury,Travel Lane,White,Male,21,20-24,No,NA,6-10 mph,O: No Injury,Black,Female,Sport Utility,No,06FEB2010,Saturday,Motorist Left Turn / Merge,9,Intersection,February,B: Evident Injury,09:40:00,Motorist Left Turn - Opposite Direction,2010,Yes,No,Daylight,Straight - Hillcrest,Local Street,Dry,"Two-Way, Not Divided",None,T-Intersection,Smooth Asphalt,2 lanes,"35.9974740798, -79.9163530063"
4636,None - Rural Crash,Alamance,Piedmont,Institutional,Urban (>70% Developed),NA,Rural,20 - 25  MPH,Stop And Go Signal,Clear,No,22,20-24,No,NA,With Traffic,C: Possible Injury,Travel Lane,White,Male,39,30-39,No,NA,21-25 mph,O: No Injury,White,Female,"Single Unit Truck (2-Axle, 6-Tire)",No,26APR2010,Monday,Motorist Right Turn / Merge,14,Intersection,April,C: Possible Injury,14:09:00,Motorist Right Turn - Same Direction,2010,Yes,No,Daylight,Straight - Grade,State Secondary Route,Dry,"Two-Way, Not Divided",None,Four-Way Intersection,Smooth Asphalt,2 lanes,"36.1035171177, -79.4973168857"
4643,Durham,Durham,Piedmont,Residential,Urban (>70% Developed),NA,Urban,30 - 35  MPH,No Control Present,Clear,No,26,25-29,No,NA,With Traffic,C: Possible Injury,Travel Lane,White,Female,23,20-24,No,NA,31-35 mph,O: No Injury,Black,Female,Passenger Car,No,22JAN2009,Thursday,Motorist Overtaking Bicyclist,16,Non-Intersection,January,C: Possible Injury,16:39:00,Motorist Overtaking - Undetected Bicyclist,2009,Yes,No,Daylight,Straight - Grade,Local Street,Dry,"Two-Way, Not Divided",None,No Special Feature,Smooth Asphalt,2 lanes,"35.9842971126, -78.9335527093"
4649,Burlington,Alamance,Piedmont,Residential,Urban (>70% Developed),NA,Urban,20 - 25  MPH,No Control Present,Clear,No,47,40-49,Yes,NA,With Traffic,B: Evident Injury,Travel Lane,White,Male,23,20-24,No,NA,21-25 mph,O: No Injury,Black,Female,Sport Utility,Yes,03JAN2009,Saturday,Loss of Control / Turning Error,12,Non-Intersection,January,B: Evident Injury,12:16:00,Bicyclist Lost Control - Other / Unknown,2009,Yes,No,Daylight,Straight - Grade,Local Street,Dry,"Two-Way, Not Divided",None,No Special Feature,Smooth Asphalt,2 lanes,"36.1006371206, -79.3913128544"