object_id,city,county,region,development,locality,on_road,rural_urban,speed_limit,traffic_control,weather,workzone,bike_age,bike_age_group,bike_alcohol,bike_alcohol_drugs,bike_direction,bike_injury,bike_position,bike_race,bike_sex,driver_age,driver_age_group,driver_alcohol,driver_alcohol_drugs,driver_est_speed,driver_injury,driver_race,driver_sex,driver_vehicle_type,crash_alcohol,crash_date,crash_day,crash_group,crash_hour,crash_location,crash_month,crash_severity,crash_time,crash_type,crash_year,ambulance_req,hit_run,light_condition,road_character,road_class,road_condition,road_configuration,road_defects,road_feature,road_surface,num_lanes,geo_point
4650,None - Rural Crash,Onslow,Coastal,"Farms, Woods, Pastures",Rural (<30% Developed),NA,Rural,40 - 45  MPH,No Control Present,Cloudy,No,53,50-59,No,NA,With Traffic,C: Possible Injury,Travel Lane,Black,Male,55,50-59,No,NA,16-20 mph,O: No Injury,White,Female,Passenger Car,No,08JAN2009,Thursday,Motorist Left Turn / Merge,19,Intersection,January,C: Possible Injury,19:15:00,Motorist Left Turn - Same Direction,2009,No,No,Dark - Roadway Not Lighted,Straight - Level,US Route,Wet,"Two-Way, Not Divided",None,T-Intersection,Coarse Asphalt,5 lanes,"34.7570468969, -77.4802882058"
4653,Enfield,Halifax,Coastal,Residential,Urban (>70% Developed),NA,Rural,20 - 25  MPH,No Control Present,Cloudy,No,48,40-49,No,NA,With Traffic,C: Possible Injury,Travel Lane,Black,Male,27,25-29,No,NA,21-25 mph,O: No Injury,Black,Female,Passenger Car,No,13JAN2009,Tuesday,Motorist Overtaking Bicyclist,18,Intersection,January,C: Possible Injury,18:15:00,Motorist Overtaking - Undetected Bicyclist,2009,Yes,No,Dark - Roadway Not Lighted,Straight - Level,Local Street,Wet,"Two-Way, Not Divided",None,Four-Way Intersection,Smooth Asphalt,2 lanes,"36.1775241984, -77.6724573362"
4654,None - Rural Crash,Martin,Coastal,"Farms, Woods, Pastures",Rural (<30% Developed),NA,Rural,50 - 55  MPH,"Double Yellow Line, No Passing Zone",Cloudy,No,44,40-49,No,NA,With Traffic,C: Possible Injury,Travel Lane,Black,Male,58,50-59,No,NA,41-45 mph,O: No Injury,Black,Female,Passenger Car,No,09JAN2009,Friday,Motorist Overtaking Bicyclist,17,Non-Intersection,January,C: Possible Injury,17:58:00,Motorist Overtaking - Bicyclist Swerved,2009,Yes,No,Dark - Roadway Not Lighted,Straight - Level,NC Route,Wet,"Two-Way, Not Divided",None,No Special Feature,Coarse Asphalt,2 lanes,"36.0237421755, -77.3791982385"
2006,Washington,Beaufort,Coastal,Commercial,Urban (>70% Developed),NA,Urban,30 - 35  MPH,No Control Present,Clear,No,40,40-49,No,NA,Facing Traffic,C: Possible Injury,Sidewalk / Crosswalk / Driveway Crossing,White,Female,23,20-24,No,NA,0-5 mph,O: No Injury,White,Male,Passenger Car,No,23APR2012,Monday,Motorist Failed to Yield - Midblock,16,Non-Intersection,April,C: Possible Injury,16:46:00,Motorist Drive Out - Commercial Driveway / Alley,2012,No,No,Daylight,Straight - Level,Public Vehicular Area,Dry,"Two-Way, Not Divided",None,"Driveway, Public",Coarse Asphalt,NA,"35.5461470842, -77.0304021074"
2010,Cary,Wake,Piedmont,Residential,Urban (>70% Developed),NA,Urban,NA,No Control Present,Cloudy,No,10,6-10,No,NA,Not Applicable,O: No Injury,Non-Roadway,Black,Male,NA,NA,Missing,NA,0-5 mph,Unknown Injury,Unknown/Missing,NA,Pickup,No,28APR2012,Saturday,Non-Roadway,14,Non-Roadway,April,O: No Injury,14:50:00,Non-Roadway,2012,No,No,Daylight,Straight - Grade,Public Vehicular Area,Dry,"Two-Way, Not Divided",None,"Driveway, Public",Smooth Asphalt,NA,"35.8009370798, -78.7741026512"
2013,Kinston,Lenoir,Coastal,Commercial,Urban (>70% Developed),NA,Urban,30 - 35  MPH,Stop Sign,Clear,No,59,50-59,No,NA,Facing Traffic,C: Possible Injury,Sidewalk / Crosswalk / Driveway Crossing,Black,Male,46,40-49,No,NA,0-5 mph,O: No Injury,White,Female,Passenger Car,No,08MAY2012,Tuesday,Motorist Failed to Yield - Midblock,14,Non-Intersection,May,C: Possible Injury,14:20:00,Motorist Drive Out - Commercial Driveway / Alley,2012,Yes,No,Daylight,Straight - Level,Local Street,Dry,"Two-Way, Not Divided",None,Four-Way Intersection,Smooth Asphalt,4 lanes,"35.2842070089, -77.5890022651"
2014,None - Rural Crash,Dare,Coastal,Residential,Urban (>70% Developed),NA,Rural,20 - 25  MPH,Yield Sign,Clear,No,70+,70+,No,NA,With Traffic,B: Evident Injury,Travel Lane,White,Male,58,50-59,No,NA,21-25 mph,O: No Injury,White,Male,Passenger Car,No,11MAY2012,Friday,Loss of Control / Turning Error,7,Intersection,May,B: Evident Injury,07:30:00,Bicyclist Turning Error - Left Turn,2012,Yes,No,Daylight,Straight - Level,Public Vehicular Area,Dry,"Two-Way, Not Divided",None,T-Intersection,Coarse Asphalt,2 lanes,"36.112267249, -75.7463017414"
2023,Wrightsville Beach,New Hanover,Coastal,Residential,Urban (>70% Developed),NA,Rural,20 - 25  MPH,Stop Sign,Cloudy,No,69,60-69,No,NA,With Traffic,C: Possible Injury,Travel Lane,White,Male,20,20-24,No,NA,0-5 mph,O: No Injury,White,Male,Passenger Car,No,06MAY2012,Sunday,Motorist Left Turn / Merge,16,Intersection,May,C: Possible Injury,16:47:00,Motorist Left Turn - Opposite Direction,2012,No,No,Daylight,Straight - Level,Local Street,Dry,"Two-Way, Not Divided",None,Four-Way Intersection,Grooved Concrete,2 lanes,"34.2140767664, -77.7914022743"
3822,Greensboro,Guilford,Piedmont,Residential,Urban (>70% Developed),NA,Urban,30 - 35  MPH,No Control Present,Clear,No,18,16-19,No,NA,With Traffic,B: Evident Injury,Travel Lane,Black,Male,50,50-59,No,NA,31-35 mph,O: No Injury,White,Female,Passenger Car,No,09APR2010,Friday,Bicyclist Failed to Yield - Sign-Controlled Intersection,16,Intersection,April,B: Evident Injury,16:55:00,Bicyclist Ride Through - Sign-Controlled Intersection,2010,Yes,No,Daylight,Straight - Level,Local Street,Dry,"Two-Way, Divided, Unprotected Median",None,T-Intersection,Smooth Asphalt,4 lanes,"36.1002191072, -79.7651029667"
3823,Southern Pines,Moore,Piedmont,Residential,Urban (>70% Developed),NA,Urban,30 - 35  MPH,No Control Present,Clear,No,36,30-39,No,NA,With Traffic,B: Evident Injury,Travel Lane,White,Female,NA,NA,No,NA,NA,Unknown Injury,Unknown/Missing,NA,NA,No,12APR2010,Monday,Motorist Overtaking Bicyclist,19,Non-Intersection,April,B: Evident Injury,19:25:00,Motorist Overtaking - Other / Unknown,2010,Yes,Yes,Daylight,Straight - Level,Local Street,Dry,"Two-Way, Not Divided",None,No Special Feature,Coarse Asphalt,2 lanes,"35.176653923, -79.4092128101"
3829,Dudley,Wayne,Coastal,Residential,Mixed (30% To 70% Developed),NA,Rural,40 - 45  MPH,"Double Yellow Line, No Passing Zone",Clear,No,62,60-69,No,NA,With Traffic,C: Possible Injury,Travel Lane,Black,Male,63,60-69,No,NA,41-45 mph,O: No Injury,White,Female,Passenger Car,No,09APR2010,Friday,Motorist Overtaking Bicyclist,19,Non-Intersection,April,C: Possible Injury,19:34:00,Motorist Overtaking - Misjudged Space,2010,Yes,No,Dusk,Straight - Level,State Secondary Route,Dry,"Two-Way, Not Divided",None,No Special Feature,Coarse Asphalt,2 lanes,"35.2516929826, -78.1371824297"
3834,None - Rural Crash,Johnston,Coastal,Residential,Urban (>70% Developed),NA,Rural,30 - 35  MPH,No Control Present,Clear,No,8,6-10,No,NA,Not Applicable,B: Evident Injury,Driveway / Alley,Hispanic,Male,26,25-29,No,NA,21-25 mph,O: No Injury,Hispanic,Female,Sport Utility,No,22APR2010,Thursday,Bicyclist Failed to Yield - Midblock,18,Non-Intersection,April,B: Evident Injury,18:35:00,Bicyclist Ride Out - Residential Driveway,2010,No,No,Daylight,Straight - Grade,State Secondary Route,Dry,"Two-Way, Not Divided",None,"Driveway, Private",Coarse Asphalt,2 lanes,"35.7235870826, -78.2122424764"
3839,None - Rural Crash,Franklin,Piedmont,"Farms, Woods, Pastures",Rural (<30% Developed),NA,Rural,50 - 55  MPH,"Double Yellow Line, No Passing Zone",Cloudy,No,55,50-59,Yes,NA,With Traffic,K: Killed,Travel Lane,Black,Male,31,30-39,No,NA,41-45 mph,O: No Injury,Black,Female,Passenger Car,Yes,23APR2010,Friday,Loss of Control / Turning Error,23,Intersection,April,K: Killed,23:35:00,Bicyclist Turning Error - Left Turn,2010,Yes,No,Dark - Roadway Not Lighted,Straight - Level,NC Route,Dry,"Two-Way, Not Divided",None,T-Intersection,Smooth Asphalt,2 lanes,"35.9006371189, -78.2660725024"
3846,Fayetteville,Cumberland,Coastal,Commercial,Urban (>70% Developed),NA,Urban,40 - 45  MPH,No Control Present,Clear,No,27,25-29,No,NA,With Traffic,Unknown Injury,Travel Lane,Black,Male,NA,NA,Missing,NA,6-10 mph,Unknown Injury,Unknown/Missing,NA,Passenger Car,No,19APR2010,Monday,Loss of Control / Turning Error,19,Intersection-Related,April,Unknown Injury,19:10:00,Motorist Turning Error - Other,2010,No,Yes,Daylight,Straight - Level,Local Street,Dry,"Two-Way, Divided, Unprotected Median",None,No Special Feature,Coarse Asphalt,2 lanes,"35.0975299226, -78.9159126573"
3851,Huntersville,Mecklenburg,Piedmont,Residential,Mixed (30% To 70% Developed),NA,Urban,20 - 25  MPH,Stop Sign,Clear,No,41,40-49,No,NA,With Traffic,A: Disabling Injury,Travel Lane,White,Male,33,30-39,No,NA,0-5 mph,O: No Injury,White,Male,Sport Utility,No,18APR2010,Sunday,Motorist Failed to Yield - Sign-Controlled Intersection,19,Intersection,April,A: Disabling Injury,19:30:00,Motorist Drive Out - Sign-Controlled Intersection,2010,Yes,No,Dusk,Straight - Grade,Local Street,Dry,"Two-Way, Not Divided",None,No Special Feature,Smooth Asphalt,2 lanes,"35.4259029244, -80.8469532536"
3853,Greensboro,Guilford,Piedmont,Residential,Urban (>70% Developed),NA,Urban,30 - 35  MPH,No Control Present,Clear,No,39,30-39,No,NA,With Traffic,B: Evident Injury,Travel Lane,White,Male,70+,70+,No,NA,16-20 mph,O: No Injury,White,Male,Passenger Car,No,16APR2010,Friday,Motorist Left Turn / Merge,18,Intersection,April,B: Evident Injury,18:00:00,Motorist Left Turn - Opposite Direction,2010,Yes,No,Daylight,Straight - Grade,Local Street,Dry,"Two-Way, Not Divided",None,T-Intersection,Smooth Asphalt,2 lanes,"36.0963401047, -79.8224329837"
3854,Charlotte,Mecklenburg,Piedmont,Commercial,Urban (>70% Developed),NA,Urban,30 - 35  MPH,No Control Present,Cloudy,Yes,29,25-29,No,NA,With Traffic,O: No Injury,Travel Lane,Hispanic,Male,55,50-59,No,NA,31-35 mph,O: No Injury,Black,Female,Commercial Bus,No,21APR2010,Wednesday,Parallel Paths - Other Circumstances,17,Non-Intersection,April,O: No Injury,17:56:00,Parallel Paths - Other / Unknown,2010,No,No,Daylight,Straight - Level,Local Street,Dry,"One-Way, Not Divided",None,No Special Feature,Smooth Asphalt,2 lanes,"35.2352098851, -80.8207332354"
3861,None - Rural Crash,Guilford,Piedmont,"Farms, Woods, Pastures",Rural (<30% Developed),NA,Rural,50 - 55  MPH,"Double Yellow Line, No Passing Zone",Clear,No,14,11-15,No,NA,With Traffic,C: Possible Injury,Travel Lane,Black,Male,NA,NA,No,NA,0-5 mph,Unknown Injury,Unknown/Missing,NA,Passenger Car,No,28APR2010,Wednesday,Bicyclist Left Turn / Merge,20,Non-Intersection,April,C: Possible Injury,20:00:00,Bicyclist Left Turn - Same Direction,2010,No,Yes,Dusk,Straight - Level,State Secondary Route,Dry,"Two-Way, Not Divided",None,No Special Feature,Smooth Asphalt,2 lanes,"36.1083971141, -79.6325479274"
3868,Asheville,Buncombe,Mountains,Commercial,Urban (>70% Developed),NA,Urban,40 - 45  MPH,No Control Present,Clear,No,46,40-49,No,NA,With Traffic,C: Possible Injury,Travel Lane,White,Male,63,60-69,No,NA,6-10 mph,O: No Injury,White,Male,Passenger Car,No,23APR2010,Friday,Motorist Left Turn / Merge,16,Non-Intersection,April,C: Possible Injury,16:57:00,Motorist Left Turn - Opposite Direction,2010,Yes,No,Daylight,Straight - Grade,NC Route,Dry,"Two-Way, Divided, Unprotected Median",None,"Driveway, Public",Smooth Asphalt,5 lanes,"35.5991618934, -82.6219837908"
3871,None - Rural Crash,Pender,Coastal,Residential,Mixed (30% To 70% Developed),NA,Rural,40 - 45  MPH,"Double Yellow Line, No Passing Zone",Clear,No,12,11-15,No,NA,Facing Traffic,C: Possible Injury,Travel Lane,White,Male,31,30-39,No,NA,31-35 mph,O: No Injury,White,Male,Passenger Car,No,05MAY2010,Wednesday,Bicyclist Right Turn / Merge,17,Non-Intersection,May,C: Possible Injury,17:10:00,Bicyclist Right Turn - Same Direction,2010,Yes,No,Daylight,Straight - Level,State Secondary Route,Dry,"Two-Way, Not Divided",None,No Special Feature,Coarse Asphalt,3 lanes,"34.3835598083, -77.6703522456"
3875,Cary,Wake,Piedmont,Commercial,Urban (>70% Developed),NA,Urban,20 - 25  MPH,Stop Sign,Clear,No,12,11-15,No,NA,Facing Traffic,B: Evident Injury,Sidewalk / Crosswalk / Driveway Crossing,White,Male,53,50-59,No,NA,0-5 mph,O: No Injury,White,Male,Sport Utility,No,06MAY2010,Thursday,Motorist Failed to Yield - Sign-Controlled Intersection,7,Intersection,May,B: Evident Injury,07:55:00,Motorist Drive Out - Sign-Controlled Intersection,2010,No,No,Daylight,Straight - Level,Local Street,Dry,"Two-Way, Not Divided",None,T-Intersection,Smooth Asphalt,2 lanes,"35.7820870728, -78.8474326721"
3880,Raleigh,Wake,Piedmont,Commercial,Urban (>70% Developed),NA,Urban,40 - 45  MPH,Stop And Go Signal,Clear,No,28,25-29,No,NA,Facing Traffic,C: Possible Injury,Travel Lane,White,Male,55,50-59,No,NA,16-20 mph,O: No Injury,White,Female,Van,No,05APR2010,Monday,Bicyclist Failed to Yield - Signalized Intersection,15,Intersection-Related,April,C: Possible Injury,15:51:00,Bicyclist Ride Out - Signalized  Intersection,2010,Yes,No,Dark - Lighted Roadway,Straight - Level,Local Street,Dry,"Two-Way, Not Divided",None,No Special Feature,Smooth Asphalt,4 lanes,"35.8351210933, -78.5992425994"
3886,Raleigh,Wake,Piedmont,Residential,Urban (>70% Developed),NA,Urban,30 - 35  MPH,No Control Present,Cloudy,No,16,16-19,No,NA,With Traffic,B: Evident Injury,Sidewalk / Crosswalk / Driveway Crossing,White,Male,62,60-69,No,NA,21-25 mph,O: No Injury,White,Male,Passenger Car,No,14APR2010,Wednesday,Parallel Paths - Other Circumstances,15,Intersection-Related,April,B: Evident Injury,15:00:00,Bicyclist Ride Out - Parallel Path,2010,Yes,No,Daylight,Straight - Level,Local Street,Dry,"Two-Way, Not Divided",None,No Special Feature,Concrete,2 lanes,"35.851507097, -78.5754875936"
3890,Carolina Beach,New Hanover,Coastal,Residential,Urban (>70% Developed),NA,Urban,20 - 25  MPH,No Control Present,Clear,No,22,20-24,No,NA,With Traffic,Unknown Injury,Bike Lane / Paved Shoulder,White,Male,70+,70+,No,NA,21-25 mph,Unknown Injury,White,Female,Passenger Car,No,22APR2010,Thursday,Motorist Left Turn / Merge,5,Intersection,April,Unknown Injury,05:32:00,Motorist Left Turn - Opposite Direction,2010,Yes,No,Daylight,Straight - Level,State Secondary Route,Dry,"Two-Way, Divided, Unprotected Median",None,No Special Feature,Smooth Asphalt,2 lanes,"34.0319887229, -77.894962297"
3896,Laurinburg,Scotland,Coastal,Residential,Urban (>70% Developed),NA,Urban,30 - 35  MPH,No Control Present,Clear,No,17,16-19,No,NA,With Traffic,C: Possible Injury,Travel Lane,Black,Male,40,40-49,No,NA,26-30 mph,O: No Injury,White,Male,Van,No,30APR2010,Friday,Bicyclist Left Turn / Merge,18,Non-Intersection,April,C: Possible Injury,18:09:00,Bicyclist Left Turn - Same Direction,2010,Yes,No,Daylight,Straight - Level,Local Street,"Water (Standing, Moving)","Two-Way, Not Divided",None,No Special Feature,Coarse Asphalt,2 lanes,"34.7595568309, -79.4591778029"
3898,None - Rural Crash,Orange,Piedmont,"Farms, Woods, Pastures",Rural (<30% Developed),NA,Rural,40 - 45  MPH,"Double Yellow Line, No Passing Zone",Clear,No,22,20-24,No,NA,With Traffic,C: Possible Injury,Travel Lane,White,Male,NA,NA,No,NA,41-45 mph,Unknown Injury,Unknown/Missing,NA,NA,No,29APR2010,Thursday,Motorist Overtaking Bicyclist,16,Intersection,April,C: Possible Injury,16:38:00,Motorist Overtaking - Other / Unknown,2010,Yes,Yes,Daylight,Straight - Level,State Secondary Route,Dry,"Two-Way, Divided, Unprotected Median",None,Four-Way Intersection,Smooth Asphalt,2 lanes,"35.9721371015, -79.1631877776"
3902,None - Rural Crash,Scotland,Coastal,"Farms, Woods, Pastures",Rural (<30% Developed),NA,Rural,50 - 55  MPH,No Control Present,Clear,No,15,11-15,No,NA,With Traffic,B: Evident Injury,Travel Lane,White,Male,26,25-29,No,NA,51-55 mph,O: No Injury,White,Female,Passenger Car,No,13MAY2010,Thursday,Motorist Overtaking Bicyclist,14,Non-Intersection,May,B: Evident Injury,14:47:00,Motorist Overtaking - Other / Unknown,2010,Yes,No,Daylight,Straight - Level,NC Route,Dry,"Two-Way, Not Divided",None,No Special Feature,Smooth Asphalt,2 lanes,"34.7769068334, -79.5006328162"
3921,Greensboro,Guilford,Piedmont,Commercial,Urban (>70% Developed),NA,Urban,30 - 35  MPH,Stop And Go Signal,Clear,No,15,11-15,No,NA,Facing Traffic,B: Evident Injury,Travel Lane,White,Male,28,25-29,No,NA,11-15 mph,O: No Injury,White,Male,Passenger Car,No,07MAY2010,Friday,Bicyclist Failed to Yield - Signalized Intersection,8,Intersection,May,B: Evident Injury,08:42:00,Bicyclist Ride Out - Signalized  Intersection,2010,Yes,No,Daylight,Straight - Level,Local Street,Dry,"Two-Way, Divided, Unprotected Median",None,Four-Way Intersection,Coarse Asphalt,8 lanes,"36.0398320914, -79.8495029892"
3923,Burlington,Alamance,Piedmont,Residential,Urban (>70% Developed),NA,Urban,30 - 35  MPH,No Control Present,Clear,No,7,6-10,No,NA,Facing Traffic,B: Evident Injury,Travel Lane,Hispanic,Female,17,0-19,No,NA,16-20 mph,O: No Injury,Black,Female,Passenger Car,No,07MAY2010,Friday,Bicyclist Right Turn / Merge,18,Non-Intersection,May,B: Evident Injury,18:15:00,Bicyclist Right Turn - Same Direction,2010,No,No,Daylight,Straight - Level,Local Street,Dry,"Two-Way, Not Divided",None,No Special Feature,Smooth Asphalt,1 lane,"36.0948071182, -79.4272228645"
3926,Charlotte,Mecklenburg,Piedmont,Residential,Urban (>70% Developed),NA,Urban,20 - 25  MPH,No Control Present,Clear,No,13,11-15,No,NA,With Traffic,B: Evident Injury,Travel Lane,Black,Male,61,60-69,No,NA,21-25 mph,O: No Injury,Black,Male,Sport Utility,No,06MAY2010,Thursday,Bicyclist Failed to Yield - Sign-Controlled Intersection,18,Intersection,May,B: Evident Injury,18:05:00,Bicyclist Ride Through - Sign-Controlled Intersection,2010,No,No,Daylight,Curve - Grade,Local Street,Dry,"Two-Way, Not Divided",None,No Special Feature,Smooth Asphalt,2 lanes,"35.2528298862, -80.878263254"
3930,Charlotte,Mecklenburg,Piedmont,Residential,Urban (>70% Developed),NA,Urban,30 - 35  MPH,No Control Present,Clear,No,48,40-49,No,NA,With Traffic,B: Evident Injury,Travel Lane,White,Male,43,40-49,No,NA,6-10 mph,O: No Injury,White,Female,Sport Utility,No,02MAY2010,Sunday,Motorist Right Turn / Merge,9,Non-Intersection,May,B: Evident Injury,09:52:00,Motorist Right Turn - Same Direction,2010,No,No,Daylight,Straight - Level,Local Street,Dry,"Two-Way, Divided, Positive Median Barrier",None,No Special Feature,Smooth Asphalt,6 lanes,"35.111336857, -80.8575632398"
3931,None - Rural Crash,Pitt,Coastal,"Farms, Woods, Pastures",Rural (<30% Developed),NA,Rural,50 - 55  MPH,"Double Yellow Line, No Passing Zone",Clear,No,41,40-49,No,NA,With Traffic,C: Possible Injury,Travel Lane,Black,Male,51,50-59,No,NA,46-50 mph,O: No Injury,White,Female,Passenger Car,No,21MAY2010,Friday,Bicyclist Left Turn / Merge,17,Non-Intersection,May,C: Possible Injury,17:29:00,Bicyclist Left Turn - Same Direction,2010,Yes,No,Daylight,Straight - Grade,NC Route,Dry,"Two-Way, Not Divided",None,Related To Intersection,Coarse Asphalt,2 lanes,"35.7199931148, -77.2422921813"
3934,Wilmington,New Hanover,Coastal,Residential,Urban (>70% Developed),NA,Urban,20 - 25  MPH,No Control Present,Clear,No,7,6-10,No,NA,With Traffic,A: Disabling Injury,Travel Lane,White,Male,47,40-49,No,NA,0-5 mph,O: No Injury,White,Female,Sport Utility,No,03MAY2010,Monday,Parallel Paths - Other Circumstances,18,Non-Intersection,May,A: Disabling Injury,18:05:00,Parallel Paths - Other / Unknown,2010,No,No,Daylight,Straight - Level,"Private Road, Driveway",Dry,"One-Way, Not Divided",None,Bridge,Other,1 lane,"34.2236247676, -77.8170822822"
3936,Mooresville,Iredell,Piedmont,Residential,Urban (>70% Developed),NA,Urban,30 - 35  MPH,"Double Yellow Line, No Passing Zone",Clear,No,19,16-19,No,NA,With Traffic,B: Evident Injury,Travel Lane,Black,Male,34,30-39,No,NA,31-35 mph,O: No Injury,White,Male,Sport Utility,No,07MAY2010,Friday,Motorist Overtaking Bicyclist,12,Non-Intersection,May,B: Evident Injury,12:18:00,Motorist Overtaking - Bicyclist Swerved,2010,Yes,No,Daylight,Straight - Grade,Local Street,Dry,"Two-Way, Not Divided",None,No Special Feature,Coarse Asphalt,3 lanes,"35.6025119637, -80.7949482476"
3949,Andrews,Cherokee,Mountains,Residential,Rural (<30% Developed),NA,Rural,NA,No Control Present,Clear,No,3,0-5,No,NA,Not Applicable,B: Evident Injury,Non-Roadway,White,Male,13,0-19,No,NA,6-10 mph,O: No Injury,White,Male,Motorcycle,No,01MAY2010,Saturday,Non-Roadway,17,Non-Roadway,May,B: Evident Injury,17:48:00,Non-Roadway,2010,No,No,Daylight,Straight - Level,Public Vehicular Area,Dry,"One-Way, Not Divided",None,No Special Feature,Smooth Asphalt,NA,"35.1947927622, -83.8356941232"
3966,None - Rural Crash,Rutherford,Mountains,Residential,Mixed (30% To 70% Developed),NA,Rural,50 - 55  MPH,No Control Present,Clear,No,48,40-49,No,NA,With Traffic,B: Evident Injury,Travel Lane,White,Male,17,0-19,No,NA,0-5 mph,O: No Injury,White,Male,Passenger Car,No,05JUN2010,Saturday,Motorist Failed to Yield - Midblock,8,Non-Intersection,June,B: Evident Injury,08:57:00,Motorist Drive Out - Residential Driveway,2010,Yes,No,Daylight,Straight - Grade,State Secondary Route,Dry,"Two-Way, Not Divided",None,"Driveway, Private",Smooth Asphalt,2 lanes,"35.3998828756, -82.0039475966"
3987,None - Rural Crash,Iredell,Piedmont,Residential,Rural (<30% Developed),NA,Rural,40 - 45  MPH,"Double Yellow Line, No Passing Zone",Clear,No,16,16-19,No,NA,With Traffic,C: Possible Injury,Travel Lane,White,Male,22,20-24,No,NA,31-35 mph,O: No Injury,Black,Female,Sport Utility,No,12JUN2010,Saturday,Bicyclist Left Turn / Merge,11,Intersection,June,C: Possible Injury,11:17:00,Bicyclist Left Turn - Same Direction,2010,Yes,No,Daylight,Straight - Grade,US Route,Dry,"Two-Way, Not Divided",None,T-Intersection,Smooth Asphalt,2 lanes,"35.7322529872, -80.8973432857"
3995,None - Rural Crash,Wake,Piedmont,"Farms, Woods, Pastures",Mixed (30% To 70% Developed),NA,Rural,40 - 45  MPH,Stop And Go Signal,Clear,No,44,40-49,No,NA,With Traffic,B: Evident Injury,Travel Lane,White,Female,43,40-49,No,NA,6-10 mph,O: No Injury,White,Female,Passenger Car,No,15JUN2010,Tuesday,Motorist Left Turn / Merge,15,Intersection,June,B: Evident Injury,15:52:00,Motorist Left Turn - Opposite Direction,2010,No,No,Daylight,Straight - Level,State Secondary Route,Dry,"Two-Way, Not Divided",None,Four-Way Intersection,Smooth Asphalt,2 lanes,"35.823337081, -78.8741726821"
3996,Chapel Hill,Orange,Piedmont,Commercial,Urban (>70% Developed),NA,Urban,20 - 25  MPH,Stop Sign,Clear,No,21,20-24,No,NA,Not Applicable,B: Evident Injury,Non-Roadway,White,Male,55,50-59,No,NA,NA,Unknown Injury,White,Male,Passenger Car,No,05JUN2010,Saturday,Non-Roadway,22,Non-Roadway,June,B: Evident Injury,22:54:00,Non-Roadway,2010,Yes,No,Dark - Lighted Roadway,Straight - Level,Public Vehicular Area,Dry,"Two-Way, Not Divided",None,"Driveway, Public",Smooth Asphalt,NA,"35.9271500975, -79.0274077347"
4000,Garner,Wake,Piedmont,Commercial,Urban (>70% Developed),NA,Urban,40 - 45  MPH,No Control Present,Clear,No,55,50-59,No,NA,Facing Traffic,C: Possible Injury,Travel Lane,Hispanic,Male,59,50-59,No,NA,41-45 mph,O: No Injury,Black,Female,Sport Utility,No,26MAY2010,Wednesday,Crossing Paths - Other Circumstances,7,Non-Intersection,May,C: Possible Injury,07:21:00,Crossing Paths - Midblock - Other / Unknown,2010,Yes,No,Daylight,Straight - Level,Local Street,Dry,"Two-Way, Divided, Unprotected Median",None,T-Intersection,Coarse Asphalt,4 lanes,"35.7201170661, -78.6539026107"
1025,Mooresville,Iredell,Piedmont,Commercial,Urban (>70% Developed),TERRACE RD,Urban,20 - 25  MPH,"Double Yellow Line, No Passing Zone",Clear,No,14,11-15,No,NA,Not Applicable,B: Evident Injury,Non-Roadway,White,Male,25,25-29,No,NA,16-20 mph,O: No Injury,White,Female,Passenger Car,No,05APR2013,Friday,Bicyclist Failed to Yield - Midblock,20,Non-Intersection,April,B: Evident Injury,20:46:00,Bicyclist Ride Out - Commercial Driveway / Alley,2013,Yes,No,Dark - Roadway Not Lighted,Straight - Level,Local Street,Dry,"Two-Way, Not Divided",None,T-Intersection,Smooth Asphalt,2 lanes,"35.5882669587, -80.8559032653"
1016,Greensboro,Guilford,Piedmont,Institutional,Urban (>70% Developed),SPRING GARDEN ST,Urban,20 - 25  MPH,Stop And Go Signal,Clear,No,18,16-19,No,NA,With Traffic,B: Evident Injury,Sidewalk / Crosswalk / Driveway Crossing,White,Male,21,20-24,No,NA,6-10 mph,O: No Injury,White,Female,Passenger Car,No,09APR2013,Tuesday,Motorist Right Turn / Merge,9,Intersection,April,B: Evident Injury,09:27:00,Motorist Right Turn - Same Direction,2013,Yes,No,Daylight,Straight - Level,Local Street,Dry,"Two-Way, Divided, Unprotected Median",None,Four-Way Intersection,Coarse Asphalt,1 lane,"36.0652970977, -79.8127029796"
1020,Rocky Mount,Edgecombe,Coastal,"Farms, Woods, Pastures",Rural (<30% Developed),US 64,Urban,60 - 75 MPH,No Control Present,Cloudy,No,45,40-49,No,NA,With Traffic,K: Killed,Travel Lane,White,Male,41,40-49,No,NA,66-70 mph,O: No Injury,Black,Male,Sport Utility,No,18APR2013,Thursday,Motorist Overtaking Bicyclist,22,Non-Intersection,April,K: Killed,22:21:00,Motorist Overtaking - Undetected Bicyclist,2013,Yes,No,Dark - Roadway Not Lighted,Straight - Grade,US Route,Dry,"Two-Way, Divided, Positive Median Barrier",None,No Special Feature,Coarse Asphalt,4 lanes,"35.9581671476, -77.7841023583"
1021,None - Rural Crash,Orange,Piedmont,"Farms, Woods, Pastures",Rural (<30% Developed),SR 1112,Rural,40 - 45  MPH,"Double Yellow Line, No Passing Zone",Clear,No,56,50-59,No,NA,With Traffic,B: Evident Injury,Travel Lane,White,Male,70+,70+,No,NA,41-45 mph,O: No Injury,Black,Male,Passenger Car,No,20APR2013,Saturday,Motorist Left Turn / Merge,16,Intersection,April,B: Evident Injury,16:42:00,Motorist Left Turn - Opposite Direction,2013,Yes,No,Daylight,Straight - Level,State Secondary Route,Dry,"Two-Way, Not Divided",None,T-Intersection,Smooth Asphalt,2 lanes,"35.9470570976, -79.1303027663"