object_id,city,county,region,development,locality,on_road,rural_urban,speed_limit,traffic_control,weather,workzone,bike_age,bike_age_group,bike_alcohol,bike_alcohol_drugs,bike_direction,bike_injury,bike_position,bike_race,bike_sex,driver_age,driver_age_group,driver_alcohol,driver_alcohol_drugs,driver_est_speed,driver_injury,driver_race,driver_sex,driver_vehicle_type,crash_alcohol,crash_date,crash_day,crash_group,crash_hour,crash_location,crash_month,crash_severity,crash_time,crash_type,crash_year,ambulance_req,hit_run,light_condition,road_character,road_class,road_condition,road_configuration,road_defects,road_feature,road_surface,num_lanes,geo_point
1005,Charlotte,Mecklenburg,Piedmont,Commercial,Urban (>70% Developed),US 521,Urban,40 - 45  MPH,Stop And Go Signal,Clear,No,28,25-29,Missing,NA,With Traffic,B: Evident Injury,Travel Lane,White,Male,59,50-59,No,NA,21-25 mph,O: No Injury,Black,Male,Pickup,No,13APR2013,Saturday,Motorist Left Turn / Merge,9,Intersection,April,B: Evident Injury,09:43:00,Motorist Left Turn - Opposite Direction,2013,Yes,No,Daylight,Straight - Level,US Route,Dry,"Two-Way, Divided, Positive Median Barrier",None,No Special Feature,Smooth Asphalt,4 lanes,"35.2062268752, -80.9221032648"
1008,Lewisville,Forsyth,Piedmont,Residential,Rural (<30% Developed),SR 1307,Urban,40 - 45  MPH,Stop Sign,Clear,No,57,50-59,No,NA,With Traffic,C: Possible Injury,Travel Lane,White,Male,47,40-49,No,NA,41-45 mph,O: No Injury,White,Male,Passenger Car,No,08APR2013,Monday,Motorist Left Turn / Merge,18,Intersection,April,C: Possible Injury,18:27:00,Motorist Left Turn - Opposite Direction,2013,Yes,No,Daylight,Straight - Grade,State Secondary Route,Dry,"Two-Way, Not Divided",None,T-Intersection,Coarse Asphalt,NA,"36.1096670844, -80.4255031663"
315,Durham,Durham,Piedmont,Commercial,Urban (>70% Developed),FOSTER ST,Urban,20 - 25  MPH,Stop Sign,Cloudy,No,33,30-39,NA,No,With Traffic,B: Evident Injury,Travel Lane,White,Male,40,40-49,NA,No,11-15 mph,O: No Injury,White,Male,Passenger Car,No,11JUL2014,Friday,Motorist Failed to Yield - Sign-Controlled Intersection,18,Intersection,July,B: Evident Injury,18:01:00,Motorist Drive Out - Sign-Controlled Intersection,2014,Yes,No,Daylight,Straight - Grade,Local Street,Dry,"Two-Way, Not Divided",None,Four-Way Intersection,Smooth Asphalt,2 lanes,"35.9999841176, -78.9014827005"
305,Greensboro,Guilford,Piedmont,Residential,Urban (>70% Developed),CENTER ST,Urban,30 - 35  MPH,No Control Present,Clear,No,6,6-10,NA,No,Not Applicable,C: Possible Injury,Driveway / Alley,White,Male,27,25-29,NA,No,26-30 mph,O: No Injury,Black,Female,Passenger Car,No,22JUN2014,Sunday,Bicyclist Failed to Yield - Midblock,19,Non-Intersection,June,C: Possible Injury,19:16:00,Bicyclist Ride Out - Residential Driveway,2014,Yes,No,Daylight,Straight - Level,Local Street,Dry,"Two-Way, Not Divided",None,No Special Feature,Smooth Asphalt,2 lanes,"36.0514770942, -79.8474069889"
329,None - Rural Crash,Hertford,Coastal,"Farms, Woods, Pastures",Rural (<30% Developed),SR 1108,Rural,40 - 45  MPH,No Control Present,Clear,No,59,50-59,NA,No,With Traffic,B: Evident Injury,Travel Lane,Black,Male,70+,70+,NA,No,31-35 mph,O: No Injury,White,Female,Sport Utility,No,01JUL2014,Tuesday,Motorist Overtaking Bicyclist,11,Non-Intersection,July,B: Evident Injury,11:45:00,Motorist Overtaking - Bicyclist Swerved,2014,Yes,No,Daylight,Straight - Level,State Secondary Route,Dry,"Two-Way, Not Divided",None,No Special Feature,Smooth Asphalt,2 lanes,"36.332195254, -77.0242621455"
330,None - Rural Crash,Lenoir,Coastal,"Farms, Woods, Pastures",Rural (<30% Developed),SR 1905,Rural,50 - 55  MPH,"Double Yellow Line, No Passing Zone",Cloudy,No,57,50-59,NA,No,With Traffic,B: Evident Injury,Travel Lane,White,Female,68,60-69,NA,No,11-15 mph,O: No Injury,White,Male,Pickup,No,15JUL2014,Tuesday,Loss of Control / Turning Error,14,Intersection,July,B: Evident Injury,14:00:00,Motorist Turning Error - Left Turn,2014,Yes,No,Daylight,Straight - Level,State Secondary Route,Dry,"Two-Way, Not Divided",None,T-Intersection,Smooth Asphalt,2 lanes,"35.2151669946, -77.5702322559"
324,Landis,Rowan,Piedmont,Commercial,Urban (>70% Developed),RYDER AVE,Rural,30 - 35  MPH,Stop Sign,Clear,No,17,16-19,NA,No,With Traffic,B: Evident Injury,Travel Lane,White,Male,52,50-59,NA,No,21-25 mph,O: No Injury,White,Male,Pickup,No,03APR2014,Thursday,Bicyclist Failed to Yield - Sign-Controlled Intersection,18,Intersection,April,B: Evident Injury,18:28:00,Bicyclist Ride Through - Sign-Controlled Intersection,2014,Yes,No,Daylight,Straight - Level,Local Street,Wet,"Two-Way, Not Divided",None,Related To Intersection,Smooth Asphalt,2 lanes,"35.5478699594, -80.6111531902"
291,Raleigh,Wake,Piedmont,Commercial,Urban (>70% Developed),CLARK AVE,Urban,30 - 35  MPH,No Control Present,Cloudy,No,29,25-29,NA,No,With Traffic,B: Evident Injury,Bike Lane / Paved Shoulder,White,Male,37,30-39,NA,No,0-5 mph,O: No Injury,White,Male,Sport Utility,No,20JUN2014,Friday,Motorist Right Turn / Merge,18,Non-Intersection,June,B: Evident Injury,18:06:00,Motorist Right Turn - Same Direction,2014,Yes,No,Daylight,Straight - Level,Local Street,Dry,"Two-Way, Not Divided",None,No Special Feature,Smooth Asphalt,3 lanes,"35.7889440811, -78.6602326161"
303,None - Rural Crash,Randolph,Piedmont,"Farms, Woods, Pastures",Mixed (30% To 70% Developed),SR 2106,Rural,50 - 55  MPH,No Control Present,Clear,No,43,40-49,NA,No,With Traffic,B: Evident Injury,Travel Lane,White,Male,41,40-49,NA,No,51-55 mph,O: No Injury,White,Male,Sport Utility,No,09JUN2014,Monday,Motorist Left Turn / Merge,14,Intersection,June,B: Evident Injury,14:05:00,Motorist Left Turn - Opposite Direction,2014,No,No,Daylight,Straight - Level,State Secondary Route,Dry,"Two-Way, Not Divided",None,T-Intersection,Coarse Asphalt,2 lanes,"35.8489570549, -79.7286929421"
317,Apex,Wake,Piedmont,Residential,Mixed (30% To 70% Developed),W WILLIAMS ST,Urban,40 - 45  MPH,No Control Present,Clear,No,52,50-59,NA,No,With Traffic,B: Evident Injury,Travel Lane,White,Male,49,40-49,NA,No,41-45 mph,O: No Injury,White,Male,Pickup,No,13JUL2014,Sunday,Motorist Right Turn / Merge,16,Non-Intersection,July,B: Evident Injury,16:24:00,Motorist Right Turn - Same Direction,2014,No,No,Daylight,Straight - Grade,Local Street,Dry,"Two-Way, Not Divided",None,No Special Feature,Smooth Asphalt,5 lanes,"35.7584720669, -78.8760226801"
304,Salisbury,Rowan,Piedmont,Residential,Urban (>70% Developed),N CHURCH ST,Urban,30 - 35  MPH,Stop Sign,Clear,No,13,11-15,NA,No,Not Applicable,O: No Injury,Travel Lane,Black,Male,21,20-24,NA,No,11-15 mph,O: No Injury,Black,Female,Passenger Car,No,07JUL2014,Monday,Bicyclist Failed to Yield - Midblock,15,Non-Intersection,July,O: No Injury,15:10:00,Bicyclist Ride Out - Midblock - Unknown,2014,No,No,Daylight,Straight - Level,Local Street,Dry,"Two-Way, Not Divided",None,No Special Feature,Smooth Asphalt,2 lanes,"35.6684449903, -80.4707831546"
306,Calabash,Brunswick,Coastal,Commercial,Urban (>70% Developed),179,Rural,40 - 45  MPH,No Control Present,Clear,No,27,25-29,NA,No,Not Applicable,C: Possible Injury,Non-Roadway,Black,Male,39,30-39,NA,No,16-20 mph,O: No Injury,White,Female,Van,No,23JUN2014,Monday,Bicyclist Failed to Yield - Midblock,17,Non-Intersection,June,C: Possible Injury,17:23:00,Bicyclist Ride Out - Commercial Driveway / Alley,2014,Yes,No,Daylight,Straight - Level,NC Route,Dry,"Two-Way, Not Divided",None,"Driveway, Public",Coarse Asphalt,2 lanes,"33.898669672, -78.5522864886"
358,Raleigh,Wake,Piedmont,Commercial,Mixed (30% To 70% Developed),6701 SIX FORKS RD,Urban,30 - 35  MPH,Stop Sign,Clear,No,14,11-15,NA,No,Facing Traffic,C: Possible Injury,Sidewalk / Crosswalk / Driveway Crossing,Black,Male,59,50-59,NA,No,0-5 mph,O: No Injury,White,Female,Passenger Car,No,22JUL2014,Tuesday,Motorist Failed to Yield - Midblock,18,Non-Intersection,July,C: Possible Injury,18:15:00,Motorist Drive Out - Residential Driveway,2014,Yes,No,Daylight,Straight - Level,Public Vehicular Area,Dry,"Two-Way, Not Divided",None,No Special Feature,Coarse Asphalt,NA,"35.8719020993, -78.6421726145"
395,Raleigh,Wake,Piedmont,Residential,Urban (>70% Developed),CRABTREE BLVD,Urban,40 - 45  MPH,Stop And Go Signal,Cloudy,No,63,60-69,NA,NA,Facing Traffic,O: No Injury,Sidewalk / Crosswalk / Driveway Crossing,White,Male,59,50-59,NA,No,6-10 mph,O: No Injury,Black,Female,Pickup,No,11AUG2014,Monday,Motorist Failed to Yield - Signalized Intersection,14,Intersection,August,O: No Injury,14:17:00,Motorist Drive Out - Right Turn on Red,2014,Yes,No,Daylight,Straight - Level,Local Street,Dry,"Two-Way, Not Divided",None,T-Intersection,Smooth Asphalt,3 lanes,"35.803291086, -78.6083326008"
361,None - Rural Crash,Hertford,Coastal,"Farms, Woods, Pastures",Rural (<30% Developed),NC 561,Rural,50 - 55  MPH,"Double Yellow Line, No Passing Zone",Clear,No,35,30-39,NA,NA,With Traffic,B: Evident Injury,Travel Lane,White,Male,NA,NA,NA,No,NA,Unknown Injury,Unknown/Missing,NA,NA,No,20JUL2014,Sunday,Motorist Overtaking Bicyclist,15,Non-Intersection,July,B: Evident Injury,15:30:00,Motorist Overtaking - Other / Unknown,2014,Yes,Yes,Daylight,Straight - Level,NC Route,Dry,"Two-Way, Not Divided",None,No Special Feature,Coarse Asphalt,2 lanes,"36.3072072485, -77.038447149"
351,None - Rural Crash,Iredell,Piedmont,Residential,Mixed (30% To 70% Developed),SR 1321,Rural,40 - 45  MPH,"Double Yellow Line, No Passing Zone",Clear,No,43,40-49,NA,No,With Traffic,C: Possible Injury,Travel Lane,White,Male,51,50-59,NA,No,16-20 mph,O: No Injury,White,Female,Passenger Car,No,11JUL2014,Friday,Motorist Right Turn / Merge,18,Non-Intersection,July,C: Possible Injury,18:11:00,Motorist Right Turn - Same Direction,2014,No,No,Daylight,Straight - Grade,State Secondary Route,Dry,"Two-Way, Not Divided",None,"Driveway, Private",Coarse Asphalt,2 lanes,"35.6784869755, -80.9055632849"
369,Holly Ridge,Onslow,Coastal,Commercial,Urban (>70% Developed),SR 1538,Rural,30 - 35  MPH,No Control Present,Cloudy,No,28,25-29,NA,No,With Traffic,O: No Injury,Travel Lane,White,Male,36,30-39,NA,No,26-30 mph,O: No Injury,White,Female,Sport Utility,No,01AUG2014,Friday,Bicyclist Failed to Yield - Sign-Controlled Intersection,16,Intersection,August,O: No Injury,16:45:00,Bicyclist Ride Through - Sign-Controlled Intersection,2014,No,No,Daylight,Straight - Level,State Secondary Route,Wet,"Two-Way, Not Divided",None,No Special Feature,Smooth Asphalt,2 lanes,"34.494959837, -77.5482522133"
360,Raleigh,Wake,Piedmont,Commercial,Urban (>70% Developed),HILLSBOROUGH ST,Urban,30 - 35  MPH,No Control Present,Cloudy,No,21,20-24,NA,No,With Traffic,B: Evident Injury,Travel Lane,Hispanic,Male,59,50-59,NA,Missing,0-5 mph,O: No Injury,White,Male,Passenger Car,No,11JUL2014,Friday,Bicyclist Overtaking Motorist,13,Non-Intersection,July,B: Evident Injury,13:07:00,Bicyclist Overtaking - Extended Door,2014,Yes,No,Daylight,Straight - Level,Local Street,Dry,"Two-Way, Divided, Unprotected Median",None,No Special Feature,Smooth Asphalt,2 lanes,"35.7859410801, -78.6618826157"
331,Raleigh,Wake,Piedmont,Residential,Urban (>70% Developed),MERRELL DR,Urban,30 - 35  MPH,Stop Sign,Clear,No,5,0-5,NA,No,With Traffic,B: Evident Injury,Travel Lane,Hispanic,Male,43,40-49,NA,No,16-20 mph,O: No Injury,Black,Female,Sport Utility,No,16JUL2014,Wednesday,Bicyclist Failed to Yield - Sign-Controlled Intersection,18,Intersection,July,B: Evident Injury,18:49:00,Bicyclist Ride Through - Sign-Controlled Intersection,2014,Yes,No,Daylight,Straight - Level,Local Street,Dry,"Two-Way, Not Divided",None,T-Intersection,Smooth Asphalt,2 lanes,"35.7850970826, -78.580052591"
347,Charlotte,Mecklenburg,Piedmont,Commercial,Urban (>70% Developed),CENTRAL AVE,Urban,5 - 15 MPH,Stop And Go Signal,Rain,No,21,20-24,NA,No,With Traffic,C: Possible Injury,Travel Lane,White,Male,23,20-24,NA,No,NA,O: No Injury,Black,Female,Passenger Car,No,19JUL2014,Saturday,Loss of Control / Turning Error,12,Intersection,July,C: Possible Injury,12:39:00,Bicyclist Lost Control - Mechanical Problems,2014,Yes,No,Daylight,Straight - Level,Local Street,Wet,"Two-Way, Not Divided",None,No Special Feature,Smooth Asphalt,1 lane,"35.220331882, -80.8121672321"
376,Smithfield,Johnston,Coastal,Residential,Urban (>70% Developed),FIFTH ST,Urban,20 - 25  MPH,No Control Present,Clear,No,42,40-49,NA,No,With Traffic,C: Possible Injury,Travel Lane,Black,Male,29,25-29,NA,No,0-5 mph,O: No Injury,Black,Male,"EMS Vehicle, Ambulance, Rescue Squad",No,14JUL2014,Monday,Head-On,8,Non-Intersection,July,C: Possible Injury,08:40:00,Head-On - Motorist,2014,Yes,No,Daylight,Straight - Level,Local Street,Dry,"Two-Way, Not Divided",Obstruction In Roadway,No Special Feature,Smooth Asphalt,2 lanes,"35.5063570306, -78.3454225061"
479,Raleigh,Wake,Piedmont,Commercial,Urban (>70% Developed),BRAMER DR,Urban,20 - 25  MPH,Stop Sign,Clear,No,23,20-24,NA,No,With Traffic,C: Possible Injury,Sidewalk / Crosswalk / Driveway Crossing,Black,Male,NA,NA,NA,Missing,0-5 mph,Unknown Injury,Unknown/Missing,NA,Passenger Car,No,27AUG2014,Wednesday,Motorist Failed to Yield - Sign-Controlled Intersection,17,Intersection,August,C: Possible Injury,17:08:00,Motorist Drive Out - Sign-Controlled Intersection,2014,Yes,Yes,Daylight,Straight - Grade,Local Street,Dry,"Two-Way, Not Divided",None,No Special Feature,Smooth Asphalt,2 lanes,"35.8268310908, -78.6049226011"
476,None - Rural Crash,Columbus,Coastal,"Farms, Woods, Pastures",Rural (<30% Developed),US 74,Rural,50 - 55  MPH,No Control Present,Clear,No,51,50-59,NA,"Yes-Alcohol,  impairment suspected",With Traffic,B: Evident Injury,Travel Lane,White,Male,NA,NA,NA,NA,51-55 mph,Unknown Injury,Unknown/Missing,NA,Passenger Car,Yes,30AUG2014,Saturday,Motorist Overtaking Bicyclist,22,Non-Intersection,August,B: Evident Injury,22:22:00,Motorist Overtaking - Other / Unknown,2014,Yes,Yes,Dark - Roadway Not Lighted,Straight - Level,US Route,Dry,"Two-Way, Not Divided",None,No Special Feature,Coarse Asphalt,2 lanes,"34.328154759, -78.7875525798"
465,Greenville,Pitt,Coastal,Commercial,Urban (>70% Developed),S PITT ST,Urban,30 - 35  MPH,Stop Sign,Clear,No,26,25-29,NA,No,Facing Traffic,B: Evident Injury,Sidewalk / Crosswalk / Driveway Crossing,Black,Male,40,40-49,NA,No,6-10 mph,O: No Injury,Black,Male,Passenger Car,No,27AUG2014,Wednesday,Bicyclist Failed to Yield - Sign-Controlled Intersection,17,Intersection,August,B: Evident Injury,17:27:00,Bicyclist Ride Out - Sign-Controlled Intersection,2014,Yes,No,Daylight,Straight - Level,Local Street,Dry,"One-Way, Not Divided",None,Four-Way Intersection,Smooth Asphalt,2 lanes,"35.6128340871, -77.3758522166"
472,None - Rural Crash,Buncombe,Mountains,"Farms, Woods, Pastures",Rural (<30% Developed),NC 151,Rural,30 - 35  MPH,"Double Yellow Line, No Passing Zone",Clear,No,65,60-69,NA,No,With Traffic,C: Possible Injury,Travel Lane,White,Male,70+,70+,NA,No,26-30 mph,O: No Injury,White,Male,Passenger Car,No,27AUG2014,Wednesday,Motorist Overtaking Bicyclist,13,Non-Intersection,August,C: Possible Injury,13:47:00,Motorist Overtaking - Undetected Bicyclist,2014,No,No,Daylight,Curve - Grade,NC Route,Dry,"Two-Way, Not Divided",None,No Special Feature,Coarse Asphalt,2 lanes,"35.4557768598, -82.7341198148"
471,None - Rural Crash,Onslow,Coastal,Commercial,Urban (>70% Developed),SR 1406,Rural,40 - 45  MPH,Stop Sign,"Fog, Smog, Smoke",No,57,50-59,NA,No,With Traffic,B: Evident Injury,Travel Lane,White,Male,57,50-59,NA,No,6-10 mph,O: No Injury,White,Male,Passenger Car,No,12AUG2014,Tuesday,Bicyclist Failed to Yield - Sign-Controlled Intersection,6,Intersection,August,B: Evident Injury,06:19:00,Bicyclist Ride Out - Sign-Controlled Intersection,2014,Yes,No,Dark - Roadway Not Lighted,Straight - Level,State Secondary Route,Wet,"Two-Way, Not Divided",None,Four-Way Intersection,Smooth Asphalt,4 lanes,"34.7175818933, -77.3204521549"
456,None - Rural Crash,Onslow,Coastal,Commercial,Mixed (30% To 70% Developed),258,Rural,40 - 45  MPH,No Control Present,Clear,No,45,40-49,NA,No,NA,B: Evident Injury,Travel Lane,Black,Male,24,20-24,NA,"Yes-Alcohol,  impairment suspected",31-35 mph,O: No Injury,Hispanic,Male,Pickup,Yes,18JUL2014,Friday,Motorist Left Turn / Merge,22,Non-Intersection,July,B: Evident Injury,22:14:00,Motorist Left Turn - Opposite Direction,2014,No,No,Dark - Roadway Not Lighted,Straight - Level,US Route,Dry,"Two-Way, Not Divided",None,"Driveway, Public",Coarse Asphalt,5 lanes,"34.9070049269, -77.5621022382"
467,None - Rural Crash,Burke,Mountains,"Farms, Woods, Pastures",Rural (<30% Developed),2525,Rural,30 - 35  MPH,No Control Present,Clear,No,11,11-15,NA,No,Not Applicable,B: Evident Injury,Driveway / Alley,White,Female,52,50-59,NA,No,6-10 mph,O: No Injury,White,Male,Passenger Car,No,26AUG2014,Tuesday,Bicyclist Failed to Yield - Midblock,17,Non-Intersection,August,B: Evident Injury,17:45:00,Bicyclist Ride Out - Residential Driveway,2014,Yes,No,Daylight,Straight - Level,State Secondary Route,Dry,"Two-Way, Not Divided",None,"Driveway, Private",Coarse Asphalt,2 lanes,"35.642146947, -81.4744734534"
451,None - Rural Crash,Nash,Coastal,"Farms, Woods, Pastures",Rural (<30% Developed),SR 1134,Rural,50 - 55  MPH,No Control Present,Clear,No,59,50-59,NA,NA,With Traffic,K: Killed,Travel Lane,Black,Male,70+,70+,NA,NA,31-35 mph,O: No Injury,White,Female,Sport Utility,No,08MAY2014,Thursday,Motorist Overtaking Bicyclist,8,Non-Intersection,May,K: Killed,08:43:00,Motorist Overtaking - Other / Unknown,2014,Yes,No,Daylight,Straight - Level,State Secondary Route,Dry,"Two-Way, Not Divided",None,No Special Feature,Coarse Asphalt,2 lanes,"35.8261271089, -78.0849224432"
460,Teachey,Duplin,Coastal,Residential,Mixed (30% To 70% Developed),US 117,Rural,40 - 45  MPH,No Control Present,Cloudy,No,30,30-39,NA,No,With Traffic,B: Evident Injury,Travel Lane,Black,Female,59,50-59,NA,No,41-45 mph,O: No Injury,White,Male,Passenger Car,No,03AUG2014,Sunday,Bicyclist Left Turn / Merge,13,Non-Intersection,August,B: Evident Injury,13:30:00,Bicyclist Left Turn - Same Direction,2014,Yes,No,Daylight,Straight - Level,US Route,Wet,"Two-Way, Not Divided",None,No Special Feature,Coarse Asphalt,2 lanes,"34.7666468815, -78.0021623642"
485,Charlotte,Mecklenburg,Piedmont,Commercial,Urban (>70% Developed),ALBEMARLE RD,Urban,40 - 45  MPH,Stop And Go Signal,Clear,No,22,20-24,NA,"Yes-Alcohol,  impairment suspected",With Traffic,B: Evident Injury,Sidewalk / Crosswalk / Driveway Crossing,Hispanic,Male,29,25-29,NA,No,16-20 mph,O: No Injury,Hispanic,Female,Passenger Car,Yes,06SEP2014,Saturday,Motorist Left Turn / Merge,23,Intersection,September,B: Evident Injury,23:28:00,Motorist Left Turn - Opposite Direction,2014,No,No,Dark - Lighted Roadway,Straight - Level,Local Street,Dry,"Two-Way, Divided, Unprotected Median",None,No Special Feature,Smooth Asphalt,7 lanes,"35.2026588807, -80.7307232069"
510,Fayetteville,Cumberland,Coastal,Commercial,Urban (>70% Developed),HOPE MILLS RD,Urban,40 - 45  MPH,No Control Present,Cloudy,No,32,30-39,NA,"Yes-Alcohol,  impairment suspected",Facing Traffic,O: No Injury,Travel Lane,Black,Male,NA,NA,NA,Missing,26-30 mph,Unknown Injury,Unknown/Missing,NA,NA,Yes,23AUG2014,Saturday,Bicyclist Right Turn / Merge,23,Non-Intersection,August,O: No Injury,23:42:00,Bicyclist Right Turn - Opposite Direction,2014,No,Yes,Dark - Lighted Roadway,Straight - Level,Local Street,Dry,"Two-Way, Divided, Unprotected Median",None,No Special Feature,Coarse Asphalt,5 lanes,"35.0261269054, -78.9609826673"
484,Conover,Catawba,Piedmont,Residential,Urban (>70% Developed),INDIAN SPRINGS DR NW,Urban,30 - 35  MPH,Stop Sign,Clear,No,10,6-10,NA,No,NA,B: Evident Injury,Travel Lane,White,Male,26,25-29,NA,No,16-20 mph,O: No Injury,Black,Male,Passenger Car,No,06SEP2014,Saturday,Bicyclist Failed to Yield - Sign-Controlled Intersection,12,Intersection,September,B: Evident Injury,12:22:00,Bicyclist Ride Through - Sign-Controlled Intersection,2014,Yes,No,Daylight,Straight - Hillcrest,Local Street,Dry,"Two-Way, Not Divided",None,T-Intersection,Smooth Asphalt,2 lanes,"35.7334669748, -81.2327683859"
496,Kitty Hawk,Dare,Coastal,Commercial,Urban (>70% Developed),CROATAN HWY,Rural,50 - 55  MPH,No Control Present,Cloudy,No,16,16-19,NA,No,With Traffic,B: Evident Injury,Travel Lane,White,Male,45,40-49,NA,No,41-45 mph,O: No Injury,White,Female,Sport Utility,No,31JUL2014,Thursday,Loss of Control / Turning Error,13,Intersection-Related,July,B: Evident Injury,13:30:00,Bicyclist Lost Control - Surface Conditions,2014,Yes,No,Daylight,Straight - Level,US Route,Dry,"Two-Way, Not Divided","Rut, Holes, Bumps",No Special Feature,Coarse Asphalt,5 lanes,"36.0662342416, -75.6934757231"
505,Raleigh,Wake,Piedmont,Commercial,Urban (>70% Developed),GLENWOOD AVE,Urban,30 - 35  MPH,Stop And Go Signal,Clear,No,19,16-19,NA,No,With Traffic,B: Evident Injury,Travel Lane,White,Male,61,60-69,NA,No,16-20 mph,O: No Injury,Black,Female,Pickup,No,05SEP2014,Friday,Motorist Left Turn / Merge,18,Intersection,September,B: Evident Injury,18:54:00,Motorist Left Turn - Opposite Direction,2014,Yes,No,Daylight,Straight - Level,Local Street,Dry,"Two-Way, Not Divided",None,No Special Feature,Smooth Asphalt,2 lanes,"35.7806870791, -78.6475776116"
502,Concord,Cabarrus,Piedmont,Residential,Urban (>70% Developed),SUNDERLAND RD,Urban,30 - 35  MPH,No Control Present,Clear,No,22,20-24,NA,No,With Traffic,C: Possible Injury,Travel Lane,White,Male,NA,NA,NA,NA,26-30 mph,Unknown Injury,Unknown/Missing,NA,NA,No,26JUL2014,Saturday,Head-On,16,Non-Intersection,July,C: Possible Injury,16:17:00,Head-On - Motorist,2014,Yes,Yes,Daylight,Straight - Level,Local Street,Dry,"Two-Way, Not Divided",None,No Special Feature,Coarse Asphalt,2 lanes,"35.3921729266, -80.5994981784"
491,None - Rural Crash,NA,Coastal,Commercial,Urban (>70% Developed),17,Rural,40 - 45  MPH,No Control Present,Cloudy,No,28,25-29,NA,No,Facing Traffic,B: Evident Injury,Travel Lane,Hispanic,Female,43,40-49,NA,No,6-10 mph,O: No Injury,White,Male,Pickup,No,23AUG2014,Saturday,Motorist Failed to Yield - Midblock,9,Non-Intersection,August,B: Evident Injury,09:22:00,Motorist Drive Out - Commercial Driveway / Alley,2014,Yes,No,Daylight,Straight - Level,US Route,Dry,"Two-Way, Not Divided",None,"Driveway, Public",Coarse Asphalt,5 lanes,"34.275036779, -77.8161262849"
483,Greensboro,Guilford,Piedmont,Residential,Urban (>70% Developed),COUNTRY CLUB DR,Urban,20 - 25  MPH,Stop Sign,Cloudy,No,51,50-59,NA,No,With Traffic,K: Killed,Travel Lane,White,Male,67,60-69,NA,No,21-25 mph,C: Possible Injury,White,Male,Passenger Car,No,04SEP2014,Thursday,Motorist Left Turn / Merge,6,Intersection,September,K: Killed,06:17:00,Motorist Left Turn - Opposite Direction,2014,Yes,No,Dawn,Straight - Grade,Local Street,Dry,"Two-Way, Not Divided",None,T-Intersection,Smooth Asphalt,2 lanes,"36.0995131058, -79.7988129766"
1116,Fayetteville,Cumberland,Coastal,Commercial,Urban (>70% Developed),WESTLAKE RD,Urban,20 - 25  MPH,Stop And Go Signal,Clear,No,23,20-24,No,NA,Facing Traffic,B: Evident Injury,Sidewalk / Crosswalk / Driveway Crossing,Black,Male,37,30-39,No,NA,0-5 mph,O: No Injury,White,Female,Passenger Car,No,09MAY2013,Thursday,Bicyclist Failed to Yield - Signalized Intersection,18,Intersection,May,B: Evident Injury,18:31:00,Bicyclist Ride Through - Signalized Intersection,2013,Yes,No,Daylight,Straight - Grade,Local Street,Dry,"Two-Way, Not Divided",None,Four-Way Intersection,Coarse Asphalt,5 lanes,"35.0746369158, -78.9788026749"
1139,None - Rural Crash,Iredell,Piedmont,"Farms, Woods, Pastures",Rural (<30% Developed),SR 1314,Rural,50 - 55  MPH,"Double Yellow Line, No Passing Zone",Clear,No,17,16-19,No,NA,With Traffic,C: Possible Injury,Travel Lane,White,Male,NA,NA,No,NA,31-35 mph,Unknown Injury,Unknown/Missing,NA,Pickup,No,26MAY2013,Sunday,Motorist Overtaking Bicyclist,13,Non-Intersection,May,C: Possible Injury,13:39:00,Motorist Overtaking - Bicyclist Swerved,2013,No,Yes,Daylight,Straight - Bottom,State Secondary Route,Dry,"Two-Way, Not Divided",None,No Special Feature,Coarse Asphalt,2 lanes,"35.6601169727, -80.8888032788"
1145,Wilmington,New Hanover,Coastal,Residential,Urban (>70% Developed),QUEEN ST,Urban,30 - 35  MPH,Stop Sign,Clear,No,28,25-29,No,NA,Facing Traffic,C: Possible Injury,Sidewalk / Crosswalk / Driveway Crossing,Hispanic,Female,50,50-59,No,NA,0-5 mph,O: No Injury,Black,Male,Van,No,10MAY2013,Friday,Motorist Failed to Yield - Sign-Controlled Intersection,16,Intersection,May,C: Possible Injury,16:16:00,Motorist Drive Out - Sign-Controlled Intersection,2013,Yes,No,Daylight,Straight - Level,Local Street,Dry,"Two-Way, Not Divided",None,No Special Feature,Smooth Asphalt,2 lanes,"34.228196765, -77.9278023158"
1121,Winston-Salem,Forsyth,Piedmont,Residential,Urban (>70% Developed),NORTHWEST BVD (1500BLK,Urban,30 - 35  MPH,"Double Yellow Line, No Passing Zone",Clear,No,24,20-24,No,NA,With Traffic,B: Evident Injury,Travel Lane,White,Male,40,40-49,No,NA,11-15 mph,O: No Injury,Hispanic,Male,Van,No,10MAY2013,Friday,Motorist Overtaking Bicyclist,7,Non-Intersection,May,B: Evident Injury,07:26:00,Motorist Overtaking - Other / Unknown,2013,Yes,No,Daylight,Straight - Level,Local Street,Dry,"Two-Way, Not Divided",None,No Special Feature,Smooth Asphalt,2 lanes,"36.0962270874, -80.2692031181"
1149,Durham,Durham,Piedmont,Commercial,Urban (>70% Developed),RIGSBEE AVE,Urban,20 - 25  MPH,Stop Sign,Clear,No,32,30-39,No,NA,With Traffic,B: Evident Injury,Travel Lane,White,Male,51,50-59,No,NA,0-5 mph,O: No Injury,Black,Female,Passenger Car,No,28MAY2013,Tuesday,Motorist Failed to Yield - Sign-Controlled Intersection,17,Intersection,May,B: Evident Injury,17:37:00,Motorist Drive Out - Sign-Controlled Intersection,2013,No,No,Daylight,Straight - Grade,Local Street,Dry,"Two-Way, Not Divided",None,Four-Way Intersection,Smooth Asphalt,2 lanes,"35.9991471173, -78.8999027003"