object_id,city,county,region,development,locality,on_road,rural_urban,speed_limit,traffic_control,weather,workzone,bike_age,bike_age_group,bike_alcohol,bike_alcohol_drugs,bike_direction,bike_injury,bike_position,bike_race,bike_sex,driver_age,driver_age_group,driver_alcohol,driver_alcohol_drugs,driver_est_speed,driver_injury,driver_race,driver_sex,driver_vehicle_type,crash_alcohol,crash_date,crash_day,crash_group,crash_hour,crash_location,crash_month,crash_severity,crash_time,crash_type,crash_year,ambulance_req,hit_run,light_condition,road_character,road_class,road_condition,road_configuration,road_defects,road_feature,road_surface,num_lanes,geo_point
1142,None - Rural Crash,Wake,Piedmont,"Farms, Woods, Pastures",Rural (<30% Developed),SR 1127,Rural,40 - 45  MPH,Stop Sign,Clear,No,28,25-29,No,NA,With Traffic,O: No Injury,Travel Lane,White,Male,28,25-29,No,NA,0-5 mph,O: No Injury,White,Male,Sport Utility,No,02JUN2013,Sunday,Loss of Control / Turning Error,10,Intersection-Related,June,O: No Injury,10:29:00,Bicyclist Turning Error - Right Turn,2013,No,No,Daylight,Straight - Level,State Secondary Route,Dry,"Two-Way, Not Divided","Rut, Holes, Bumps",No Special Feature,Coarse Asphalt,2 lanes,"35.6809170479, -78.9356026929"
1131,None - Rural Crash,Wake,Piedmont,Residential,Rural (<30% Developed),OAK PARK DR,Rural,5 - 15 MPH,No Control Present,Clear,No,3,0-5,No,NA,Not Applicable,C: Possible Injury,Non-Roadway,Hispanic,Male,39,30-39,No,NA,6-10 mph,O: No Injury,Black,Male,Passenger Car,No,27MAY2013,Monday,Bicyclist Failed to Yield - Midblock,12,Non-Intersection,May,C: Possible Injury,12:19:00,Bicyclist Ride Out - Other Midblock,2013,Yes,No,Daylight,Straight - Level,Local Street,Dry,"Two-Way, Not Divided",None,No Special Feature,Smooth Asphalt,2 lanes,"35.6640570517, -78.7270026293"
1117,None - Rural Crash,Gaston,Piedmont,Residential,Mixed (30% To 70% Developed),NC 279,Rural,40 - 45  MPH,No Control Present,Clear,No,14,11-15,No,NA,With Traffic,B: Evident Injury,Travel Lane,Black,Male,25,25-29,No,NA,41-45 mph,O: No Injury,White,Female,Pickup,No,21MAY2013,Tuesday,Motorist Overtaking Bicyclist,20,Non-Intersection,May,B: Evident Injury,20:43:00,Motorist Overtaking - Bicyclist Swerved,2013,Yes,No,Dusk,Straight - Grade,NC Route,Dry,"Two-Way, Not Divided",None,No Special Feature,Smooth Asphalt,2 lanes,"35.306536888, -81.1574033403"
1120,Cary,Wake,Piedmont,Residential,Urban (>70% Developed),GALVESTON CT,Urban,NA,No Control Present,Clear,No,7,6-10,No,NA,Not Applicable,B: Evident Injury,Non-Roadway,Hispanic,Female,41,40-49,No,NA,NA,O: No Injury,Hispanic,Male,"Light Truck (Mini-Van, Panel)",No,08MAY2013,Wednesday,Non-Roadway,19,Non-Roadway,May,B: Evident Injury,19:10:00,Non-Roadway,2013,Yes,No,Daylight,Straight - Level,Public Vehicular Area,Dry,"Two-Way, Not Divided",None,No Special Feature,Smooth Asphalt,2 lanes,"35.7906870768, -78.7861026538"
1118,Roxboro,Person,Piedmont,Residential,Mixed (30% To 70% Developed),PINE RIDGE CT,Urban,5 - 15 MPH,Stop Sign,Clear,No,23,20-24,No,NA,Not Applicable,C: Possible Injury,Non-Roadway,White,Female,33,30-39,No,NA,0-5 mph,O: No Injury,Black,Female,Passenger Car,No,07APR2013,Sunday,Non-Roadway,14,Non-Roadway,April,C: Possible Injury,14:30:00,Non-Roadway,2013,Yes,No,Daylight,Straight - Hillcrest,Local Street,Dry,"Two-Way, Not Divided",None,T-Intersection,Smooth Asphalt,2 lanes,"36.4237672045, -78.9720027445"
1088,None - Rural Crash,Brunswick,Coastal,"Farms, Woods, Pastures",Rural (<30% Developed),US 17,Rural,50 - 55  MPH,Stop Sign,Clear,No,26,25-29,No,NA,With Traffic,C: Possible Injury,Travel Lane,Black,Male,NA,NA,No,NA,51-55 mph,Unknown Injury,Unknown/Missing,NA,NA,No,11MAY2013,Saturday,Bicyclist Failed to Yield - Sign-Controlled Intersection,0,Intersection,May,C: Possible Injury,00:01:00,Bicyclist Ride Out - Sign-Controlled Intersection,2013,Yes,Yes,Dark - Roadway Not Lighted,Straight - Level,US Route,Dry,"Two-Way, Divided, Unprotected Median",None,T-Intersection,Coarse Asphalt,4 lanes,"33.9190966751, -78.5781024973"
1055,None - Rural Crash,Harnett,Coastal,Residential,Rural (<30% Developed),SR 2485,Rural,20 - 25  MPH,Stop Sign,Clear,No,8,6-10,No,NA,With Traffic,A: Disabling Injury,Travel Lane,White,Male,31,30-39,No,NA,21-25 mph,O: No Injury,Black,Female,Sport Utility,No,24APR2013,Wednesday,Bicyclist Failed to Yield - Sign-Controlled Intersection,17,Intersection,April,A: Disabling Injury,17:08:00,Bicyclist Ride Through - Sign-Controlled Intersection,2013,Yes,No,Daylight,Straight - Hillcrest,State Secondary Route,Dry,"Two-Way, Not Divided",None,T-Intersection,Coarse Asphalt,2 lanes,"35.2467869538, -78.9507026754"
1062,Elizabeth City,Pasquotank,Coastal,Residential,Urban (>70% Developed),HUNTER ST,Urban,20 - 25  MPH,Stop Sign,Clear,No,5,0-5,No,NA,With Traffic,B: Evident Injury,Travel Lane,Black,Male,19,0-19,No,NA,16-20 mph,O: No Injury,Black,Male,Passenger Car,No,10APR2013,Wednesday,Bicyclist Failed to Yield - Sign-Controlled Intersection,18,Intersection,April,B: Evident Injury,18:40:00,Bicyclist Ride Through - Sign-Controlled Intersection,2013,Yes,No,Daylight,Straight - Level,Local Street,Dry,"Two-Way, Not Divided",None,Four-Way Intersection,Smooth Asphalt,2 lanes,"36.294397273, -76.2143018945"
1106,Fayetteville,Cumberland,Coastal,Residential,Urban (>70% Developed),STONEY POINT RD,Urban,40 - 45  MPH,No Control Present,Clear,No,20,20-24,No,NA,With Traffic,C: Possible Injury,Travel Lane,Black,Male,58,50-59,No,NA,31-35 mph,O: No Injury,White,Male,Pickup,No,30APR2013,Tuesday,Motorist Overtaking Bicyclist,22,Non-Intersection,April,C: Possible Injury,22:33:00,Motorist Overtaking - Undetected Bicyclist,2013,No,No,Dark - Roadway Not Lighted,Straight - Level,Local Street,Dry,"Two-Way, Not Divided",None,No Special Feature,Coarse Asphalt,2 lanes,"34.9910068959, -79.0316026866"
1105,Greenville,Pitt,Coastal,Residential,Urban (>70% Developed),HOWELL ST,Urban,30 - 35  MPH,Stop Sign,Cloudy,No,51,50-59,No,NA,Facing Traffic,O: No Injury,Travel Lane,Black,Male,NA,NA,Missing,NA,6-10 mph,Unknown Injury,Unknown/Missing,NA,NA,No,18MAY2013,Saturday,Motorist Failed to Yield - Sign-Controlled Intersection,13,Intersection,May,O: No Injury,13:50:00,Motorist Drive Out - Sign-Controlled Intersection,2013,Yes,Yes,Daylight,Straight - Level,Local Street,Dry,"Two-Way, Not Divided",None,T-Intersection,Coarse Asphalt,2 lanes,"35.599207084, -77.3830022172"
1083,None - Rural Crash,Pitt,Coastal,"Farms, Woods, Pastures",Rural (<30% Developed),SR 1200,Rural,50 - 55  MPH,No Control Present,Clear,No,46,40-49,No,NA,With Traffic,B: Evident Injury,Travel Lane,White,Male,20,20-24,No,NA,51-55 mph,O: No Injury,White,Female,Sport Utility,No,09MAY2013,Thursday,Motorist Overtaking Bicyclist,19,Non-Intersection,May,B: Evident Injury,19:53:00,Motorist Overtaking - Misjudged Space,2013,Yes,No,Daylight,Straight - Level,State Secondary Route,Dry,"Two-Way, Not Divided",None,No Special Feature,Coarse Asphalt,2 lanes,"35.6103670802, -77.5634022736"
1090,Huntersville,Mecklenburg,Piedmont,Commercial,Urban (>70% Developed),GILEAD RD,Urban,30 - 35  MPH,No Control Present,Clear,No,38,30-39,Missing,NA,With Traffic,B: Evident Injury,Travel Lane,White,Male,59,50-59,No,NA,6-10 mph,O: No Injury,White,Male,Passenger Car,No,09MAY2013,Thursday,Motorist Left Turn / Merge,17,Non-Intersection,May,B: Evident Injury,17:52:00,Motorist Left Turn - Opposite Direction,2013,Yes,No,Daylight,Straight - Level,Local Street,Dry,"Two-Way, Not Divided",None,"Driveway, Public",Smooth Asphalt,4 lanes,"35.4102769206, -80.8536032549"
1095,Clayton,Johnston,Coastal,Commercial,Urban (>70% Developed),BARBERMILL RD,Urban,40 - 45  MPH,No Control Present,Cloudy,No,13,11-15,No,NA,Facing Traffic,Unknown Injury,Travel Lane,Black,Male,45,40-49,No,NA,41-45 mph,O: No Injury,White,Female,Sport Utility,No,29APR2013,Monday,Parallel Paths - Other Circumstances,19,Intersection,April,O: No Injury,19:21:00,Parallel Paths - Other / Unknown,2013,No,No,Daylight,Straight - Grade,Local Street,Dry,"Two-Way, Not Divided",None,T-Intersection,Smooth Asphalt,2 lanes,"35.6377870553, -78.4739025512"
1101,Raleigh,Wake,Piedmont,Commercial,Urban (>70% Developed),OAK FOREST RD,Urban,30 - 35  MPH,Stop Sign,Clear,No,52,50-59,No,NA,With Traffic,B: Evident Injury,Travel Lane,Black,Male,49,40-49,No,NA,21-25 mph,O: No Injury,White,Male,Pickup,No,24APR2013,Wednesday,Motorist Left Turn / Merge,13,Intersection,April,B: Evident Injury,13:00:00,Motorist Left Turn - Opposite Direction,2013,Yes,No,Daylight,Straight - Level,Local Street,Dry,"Two-Way, Not Divided",None,T-Intersection,Smooth Asphalt,2 lanes,"35.8632470988, -78.5899025986"
1079,Fayetteville,Cumberland,Coastal,Residential,Urban (>70% Developed),ROSEHILL RD,Urban,40 - 45  MPH,Stop Sign,Clear,No,40,40-49,No,NA,With Traffic,K: Killed,Travel Lane,Black,Male,68,60-69,No,NA,36-40 mph,O: No Injury,Black,Female,Passenger Car,No,16APR2013,Tuesday,Head-On,12,Intersection,April,K: Killed,12:54:00,Head-On - Motorist,2013,Yes,No,Daylight,Straight - Level,Local Street,Dry,"Two-Way, Not Divided",None,T-Intersection,Coarse Asphalt,4 lanes,"35.0860469218, -78.8832026462"
1051,Lumberton,Robeson,Coastal,Commercial,Urban (>70% Developed),PVA 2680 ROBERTS AVE PVA,Urban,5 - 15 MPH,No Control Present,Clear,No,27,25-29,No,NA,Facing Traffic,C: Possible Injury,Sidewalk / Crosswalk / Driveway Crossing,Native American,Male,44,40-49,No,NA,0-5 mph,O: No Injury,Native American,Female,Sport Utility,No,30APR2013,Tuesday,Motorist Failed to Yield - Midblock,9,Non-Intersection,April,C: Possible Injury,09:49:00,Motorist Drive Out - Commercial Driveway / Alley,2013,Yes,No,Daylight,Straight - Level,Public Vehicular Area,Dry,NA,None,"Driveway, Public",Coarse Asphalt,NA,"34.6433668204, -79.0102026622"
1046,Gastonia,Gaston,Piedmont,Residential,Urban (>70% Developed),S TRENTON ST,Urban,30 - 35  MPH,Stop Sign,Clear,No,16,16-19,No,NA,Facing Traffic,C: Possible Injury,Travel Lane,Black,Male,23,20-24,No,NA,0-5 mph,O: No Injury,Hispanic,Female,Passenger Car,No,17APR2013,Wednesday,Motorist Failed to Yield - Sign-Controlled Intersection,15,Intersection,April,C: Possible Injury,15:26:00,Motorist Drive Out - Sign-Controlled Intersection,2013,Yes,No,Daylight,Straight - Grade,Local Street,Dry,"Two-Way, Not Divided",None,Four-Way Intersection,Smooth Asphalt,2 lanes,"35.2603168768, -81.1933033475"
1047,Raleigh,Wake,Piedmont,Commercial,Urban (>70% Developed),HARRINGTON ST,Urban,30 - 35  MPH,Stop Sign,Clear,No,26,25-29,No,NA,With Traffic,C: Possible Injury,Travel Lane,White,Male,21,20-24,No,NA,6-10 mph,O: No Injury,Black,Female,Passenger Car,No,27APR2013,Saturday,Motorist Failed to Yield - Sign-Controlled Intersection,2,Intersection,April,C: Possible Injury,02:28:00,Motorist Drive Out - Sign-Controlled Intersection,2013,No,No,Dark - Lighted Roadway,Straight - Level,Local Street,Dry,"Two-Way, Not Divided",None,Four-Way Intersection,Smooth Asphalt,4 lanes,"35.7784770787, -78.6451026111"
1041,Boone,Watauga,Mountains,Commercial,Urban (>70% Developed),HIGHLAND AVE,Urban,20 - 25  MPH,Stop Sign,Cloudy,No,20,20-24,No,NA,With Traffic,O: No Injury,Travel Lane,White,Male,23,20-24,No,NA,0-5 mph,O: No Injury,White,Male,Passenger Car,No,14APR2013,Sunday,Bicyclist Failed to Yield - Sign-Controlled Intersection,19,Intersection,April,O: No Injury,19:29:00,Bicyclist Ride Through - Sign-Controlled Intersection,2013,No,No,Daylight,Straight - Level,Local Street,Dry,"Two-Way, Not Divided",None,No Special Feature,Smooth Asphalt,2 lanes,"36.2085070577, -81.6739035447"
1040,Wilmington,New Hanover,Coastal,Commercial,Urban (>70% Developed),NEW CENTRE DR,Urban,30 - 35  MPH,No Control Present,Clear,No,19,16-19,No,NA,With Traffic,B: Evident Injury,Travel Lane,White,Male,38,30-39,No,NA,26-30 mph,O: No Injury,Black,Male,Passenger Car,No,11APR2013,Thursday,Motorist Overtaking Bicyclist,13,Non-Intersection,April,B: Evident Injury,13:07:00,Motorist Overtaking - Other / Unknown,2013,Yes,No,Daylight,Straight - Level,Local Street,Dry,"Two-Way, Not Divided",None,No Special Feature,Smooth Asphalt,3 lanes,"34.2361067692, -77.8718022997"
1028,Reidsville,Rockingham,Piedmont,Residential,Urban (>70% Developed),BARNES ST,Urban,40 - 45  MPH,"Double Yellow Line, No Passing Zone",Clear,No,50,50-59,No,NA,With Traffic,K: Killed,Travel Lane,Black,Male,39,30-39,No,NA,41-45 mph,O: No Injury,White,Male,Passenger Car,No,22MAR2013,Friday,Motorist Overtaking Bicyclist,14,Non-Intersection,March,K: Killed,14:00:00,Motorist Overtaking - Other / Unknown,2013,Yes,No,Daylight,Straight - Level,Local Street,Dry,"Two-Way, Not Divided",None,No Special Feature,Smooth Asphalt,2 lanes,"36.3405271619, -79.6533029471"
5530,Spencer,Rowan,Piedmont,Commercial,Mixed (30% To 70% Developed),NA,Rural,NA,Missing,Clear,No,51,50-59,Yes,NA,With Traffic,C: Possible Injury,Bike Lane / Paved Shoulder,Black,Male,69,60-69,No,NA,NA,O: No Injury,White,Female,Passenger Car,Yes,02FEB2008,Saturday,Motorist Failed to Yield - Midblock,12,Non-Intersection,February,C: Possible Injury,12:19:00,Motorist Drive Out - Commercial Driveway / Alley,2008,No,No,Daylight,Straight - Level,Public Vehicular Area,Dry,"Two-Way, Not Divided",None,"Driveway, Public",Smooth Asphalt,4 lanes,"35.6965069973, -80.420413141"
5551,Charlotte,Mecklenburg,Piedmont,Residential,Urban (>70% Developed),NA,Urban,20 - 25  MPH,Stop Sign,Clear,No,31,30-39,No,NA,Facing Traffic,O: No Injury,Sidewalk / Crosswalk / Driveway Crossing,White,Male,41,40-49,No,NA,6-10 mph,O: No Injury,White,Male,Passenger Car,No,22APR2008,Tuesday,Motorist Failed to Yield - Sign-Controlled Intersection,20,Intersection,April,O: No Injury,20:21:00,Motorist Drive Out - Sign-Controlled Intersection,2008,No,No,Dark - Lighted Roadway,Straight - Level,Local Street,Dry,"Two-Way, Not Divided",None,Four-Way Intersection,Smooth Asphalt,3 lanes,"35.2268568822, -80.8347332394"
5552,Charlotte,Mecklenburg,Piedmont,Commercial,Mixed (30% To 70% Developed),NA,Urban,40 - 45  MPH,Stop And Go Signal,Cloudy,No,40,40-49,No,NA,Facing Traffic,C: Possible Injury,Sidewalk / Crosswalk / Driveway Crossing,White,Male,40,40-49,No,NA,6-10 mph,Unknown Injury,Unknown/Missing,NA,Sport Utility,No,22APR2008,Tuesday,Crossing Paths - Other Circumstances,20,Intersection,April,C: Possible Injury,20:38:00,Signalized Intersection - Other / Unknown,2008,Yes,Yes,Dark - Lighted Roadway,Straight - Level,Local Street,Dry,"Two-Way, Divided, Positive Median Barrier",None,Four-Way Intersection,Coarse Asphalt,5 lanes,"35.211466884, -80.6914931963"
5553,None - Rural Crash,Pitt,Coastal,Residential,Mixed (30% To 70% Developed),NA,Rural,40 - 45  MPH,"Double Yellow Line, No Passing Zone",Cloudy,No,30,30-39,Yes,NA,With Traffic,C: Possible Injury,Travel Lane,White,Male,NA,NA,Missing,NA,NA,Unknown Injury,Unknown/Missing,NA,NA,Yes,22APR2008,Tuesday,Motorist Overtaking Bicyclist,21,Non-Intersection,April,C: Possible Injury,21:40:00,Motorist Overtaking - Other / Unknown,2008,Yes,Yes,Dark - Roadway Not Lighted,Straight - Level,State Secondary Route,Dry,"Two-Way, Not Divided",None,No Special Feature,Smooth Asphalt,2 lanes,"35.5798070821, -77.3162921963"
5555,Kings Mountain,Cleveland,Mountains,Commercial,Urban (>70% Developed),NA,Urban,30 - 35  MPH,No Control Present,Clear,No,19,16-19,No,NA,Facing Traffic,C: Possible Injury,Sidewalk / Crosswalk / Driveway Crossing,White,Male,49,40-49,No,NA,0-5 mph,O: No Injury,White,Male,Sport Utility,No,15FEB2008,Friday,Motorist Left Turn / Merge,17,Non-Intersection,February,C: Possible Injury,17:02:00,Motorist Left Turn - Same Direction,2008,No,No,Daylight,Straight - Grade,Local Street,Dry,"One-Way, Not Divided",None,"Driveway, Public",Smooth Asphalt,NA,"35.2396418668, -81.3443483918"
5556,None - Rural Crash,Brunswick,Coastal,Commercial,Mixed (30% To 70% Developed),NA,Rural,50 - 55  MPH,"Double Yellow Line, No Passing Zone",Clear,No,29,25-29,No,NA,With Traffic,A: Disabling Injury,Travel Lane,White,Male,48,40-49,No,NA,41-45 mph,O: No Injury,White,Male,Pickup,No,24APR2008,Thursday,Motorist Overtaking Bicyclist,16,Non-Intersection,April,A: Disabling Injury,16:29:00,Motorist Overtaking - Misjudged Space,2008,Yes,No,Daylight,Straight - Level,NC Route,Dry,"Two-Way, Not Divided",None,No Special Feature,Smooth Asphalt,2 lanes,"33.9800067062, -78.0318023356"
5564,Graham,Alamance,Piedmont,Commercial,Urban (>70% Developed),NA,Urban,30 - 35  MPH,Stop And Go Signal,Clear,No,70+,70+,No,NA,Facing Traffic,B: Evident Injury,Travel Lane,White,Male,28,25-29,No,NA,0-5 mph,O: No Injury,White,Female,Sport Utility,No,18FEB2008,Monday,Motorist Failed to Yield - Signalized Intersection,12,Intersection,February,B: Evident Injury,12:35:00,Motorist Drive Out - Signalized Intersection,2008,Yes,No,Daylight,Straight - Grade,NC Route,Dry,"Two-Way, Not Divided",None,On or Off Ramp,Smooth Asphalt,5 lanes,"36.0589941118, -79.400377854"
5576,None - Rural Crash,Pender,Coastal,Residential,Rural (<30% Developed),NA,Rural,40 - 45  MPH,No Control Present,Clear,No,14,11-15,No,NA,With Traffic,C: Possible Injury,Travel Lane,White,Female,70+,70+,No,NA,31-35 mph,O: No Injury,White,Male,Passenger Car,No,17FEB2008,Sunday,Motorist Overtaking Bicyclist,11,Non-Intersection,February,C: Possible Injury,11:30:00,Motorist Overtaking - Misjudged Space,2008,Yes,No,Daylight,Straight - Level,State Secondary Route,Dry,"Two-Way, Not Divided",None,No Special Feature,Smooth Asphalt,2 lanes,"34.3893668087, -77.6814022494"
5580,Jacksonville,Onslow,Coastal,Commercial,Urban (>70% Developed),NA,Urban,30 - 35  MPH,No Control Present,Clear,No,23,20-24,No,NA,Not Applicable,C: Possible Injury,Non-Roadway,Black,Male,47,40-49,No,NA,31-35 mph,O: No Injury,White,Female,Sport Utility,No,27FEB2008,Wednesday,Bicyclist Failed to Yield - Midblock,16,Non-Intersection,February,C: Possible Injury,16:59:00,Bicyclist Ride Out - Other Midblock,2008,Yes,No,Daylight,Straight - Level,Local Street,Dry,"Two-Way, Divided, Unprotected Median",None,No Special Feature,Smooth Asphalt,4 lanes,"34.7624769002, -77.4009821819"
5588,Burlington,Alamance,Piedmont,Residential,Urban (>70% Developed),NA,Urban,5 - 15 MPH,No Control Present,Clear,No,9,6-10,No,NA,Not Applicable,B: Evident Injury,Non-Roadway,Black,Male,43,40-49,No,NA,0-5 mph,O: No Injury,Black,Male,Passenger Car,No,03MAR2008,Monday,Non-Roadway,16,Non-Roadway,March,B: Evident Injury,16:20:00,Non-Roadway,2008,No,No,Daylight,Straight - Level,Public Vehicular Area,Dry,"Two-Way, Not Divided",None,"Driveway, Public",Coarse Asphalt,NA,"36.111727122, -79.4187268623"
5589,Cary,Wake,Piedmont,Residential,Urban (>70% Developed),NA,Urban,5 - 15 MPH,No Control Present,Clear,No,9,6-10,No,NA,Not Applicable,C: Possible Injury,Non-Roadway,Asian,Male,NA,NA,Missing,NA,0-5 mph,Unknown Injury,Unknown/Missing,NA,Passenger Car,No,03MAY2008,Saturday,Non-Roadway,17,Non-Roadway,May,C: Possible Injury,17:00:00,Non-Roadway,2008,No,No,Daylight,Curve - Grade,Local Street,Dry,"Two-Way, Not Divided",None,No Special Feature,Smooth Asphalt,2 lanes,"35.7882610741, -78.8538826748"
5600,High Point,Guilford,Piedmont,Residential,Urban (>70% Developed),NA,Urban,NA,Missing,Clear,No,65,60-69,No,NA,Not Applicable,B: Evident Injury,Non-Roadway,Black,Male,45,40-49,No,NA,0-5 mph,O: No Injury,White,Male,Van,No,06MAR2008,Thursday,Non-Roadway,13,Non-Roadway,March,B: Evident Injury,13:08:00,Non-Roadway,2008,Yes,No,Daylight,Straight - Level,Public Vehicular Area,Dry,"One-Way, Not Divided",None,"Driveway, Public",Coarse Asphalt,NA,"35.9557830679, -79.996843028"
5605,None - Rural Crash,Wilson,Coastal,Residential,Mixed (30% To 70% Developed),NA,Rural,20 - 25  MPH,Stop Sign,Cloudy,No,14,11-15,No,NA,With Traffic,B: Evident Injury,Travel Lane,Black,Male,20,20-24,No,NA,6-10 mph,O: No Injury,Black,Male,Passenger Car,No,09MAR2008,Sunday,Loss of Control / Turning Error,18,Intersection,March,B: Evident Injury,18:30:00,Bicyclist Turning Error - Left Turn,2008,Yes,No,Daylight,Straight - Level,State Secondary Route,Dry,"Two-Way, Not Divided",None,T-Intersection,Coarse Asphalt,2 lanes,"35.726203096, -77.841172364"
5614,Charlotte,Mecklenburg,Piedmont,Residential,Urban (>70% Developed),NA,Urban,20 - 25  MPH,No Control Present,Clear,No,13,11-15,No,NA,Not Applicable,B: Evident Injury,Non-Roadway,Hispanic,Male,21,20-24,No,NA,36-40 mph,O: No Injury,Black,Female,Passenger Car,No,07MAY2008,Wednesday,Bicyclist Failed to Yield - Midblock,17,Non-Intersection,May,B: Evident Injury,17:28:00,Bicyclist Ride Out - Other Midblock,2008,Yes,No,Daylight,Straight - Hillcrest,Local Street,Dry,"Two-Way, Not Divided",None,No Special Feature,Smooth Asphalt,2 lanes,"35.2529898912, -80.7500832152"
5616,Charlotte,Mecklenburg,Piedmont,Residential,Urban (>70% Developed),NA,Urban,20 - 25  MPH,Stop Sign,Clear,No,30,30-39,No,NA,Facing Traffic,C: Possible Injury,Sidewalk / Crosswalk / Driveway Crossing,Black,Male,42,40-49,No,NA,0-5 mph,O: No Injury,White,Female,Van,No,10MAY2008,Saturday,Motorist Failed to Yield - Sign-Controlled Intersection,11,Intersection,May,C: Possible Injury,11:54:00,Motorist Drive Out - Sign-Controlled Intersection,2008,Yes,No,Daylight,Straight - Level,Local Street,Dry,"Two-Way, Divided, Unprotected Median",None,T-Intersection,Smooth Asphalt,4 lanes,"35.260378889, -80.8552732469"
5620,Raleigh,Wake,Piedmont,Commercial,Urban (>70% Developed),NA,Urban,40 - 45  MPH,Stop And Go Signal,Clear,No,24,20-24,No,NA,Facing Traffic,B: Evident Injury,Sidewalk / Crosswalk / Driveway Crossing,White,Male,48,40-49,No,NA,41-45 mph,B: Evident Injury,White,Male,Passenger Car,No,14MAR2008,Friday,Crossing Paths - Other Circumstances,18,Intersection,March,B: Evident Injury,18:20:00,Signalized Intersection - Other / Unknown,2008,Yes,No,Daylight,Straight - Level,Local Street,Dry,"Two-Way, Not Divided",None,Four-Way Intersection,Smooth Asphalt,4 lanes,"35.8198500891, -78.6238526069"
5623,Huntersville,Mecklenburg,Piedmont,Residential,Rural (<30% Developed),NA,Urban,40 - 45  MPH,"Double Yellow Line, No Passing Zone",Cloudy,No,25,25-29,No,NA,With Traffic,C: Possible Injury,Travel Lane,Black,Male,NA,NA,Missing,NA,41-45 mph,Unknown Injury,Unknown/Missing,NA,NA,No,16MAR2008,Sunday,Motorist Overtaking Bicyclist,6,Non-Intersection,March,C: Possible Injury,06:20:00,Motorist Overtaking - Undetected Bicyclist,2008,Yes,Yes,Dark - Roadway Not Lighted,Curve - Level,Local Street,Wet,"Two-Way, Divided, Unprotected Median",No Shoulders,No Special Feature,Smooth Asphalt,2 lanes,"35.3732169116, -80.904233268"
5628,None - Rural Crash,New Hanover,Coastal,Institutional,Urban (>70% Developed),NA,Rural,30 - 35  MPH,No Control Present,Clear,No,7,6-10,No,NA,Not Applicable,C: Possible Injury,Sidewalk / Crosswalk / Driveway Crossing,Hispanic,Female,29,25-29,No,NA,0-5 mph,O: No Injury,Native American,Female,Sport Utility,No,19MAR2008,Wednesday,Bicyclist Failed to Yield - Midblock,7,Non-Intersection,March,C: Possible Injury,07:35:00,Bicyclist Ride Out - Other Midblock,2008,Yes,No,Daylight,Straight - Level,State Secondary Route,Dry,"Two-Way, Not Divided",None,Other,Smooth Asphalt,2 lanes,"34.0989637366, -77.9114123056"
5633,Pine Knoll Shores,Carteret,Coastal,Commercial,Urban (>70% Developed),NA,Rural,NA,Yield Sign,Clear,No,55,50-59,No,NA,With Traffic,C: Possible Injury,Bike Lane / Paved Shoulder,White,Male,30,30-39,No,NA,NA,O: No Injury,White,Female,Passenger Car,No,21MAR2008,Friday,Motorist Failed to Yield - Midblock,19,Non-Intersection,March,C: Possible Injury,19:15:00,Motorist Drive Out - Commercial Driveway / Alley,2008,No,No,Dusk,Straight - Level,NC Route,Dry,"Two-Way, Not Divided",None,"Driveway, Private",Smooth Asphalt,2 lanes,"34.6943169043, -76.8251670038"
5650,Raleigh,Wake,Piedmont,Commercial,Urban (>70% Developed),NA,Urban,30 - 35  MPH,No Control Present,Clear,No,22,20-24,No,NA,Facing Traffic,B: Evident Injury,Sidewalk / Crosswalk / Driveway Crossing,White,Male,26,25-29,No,NA,NA,O: No Injury,White,Male,Pickup,No,28MAR2008,Friday,Motorist Failed to Yield - Midblock,16,Non-Intersection,March,B: Evident Injury,16:56:00,Motorist Drive Out - Commercial Driveway / Alley,2008,Yes,No,Daylight,Straight - Grade,Local Street,Dry,"Two-Way, Divided, Unprotected Median",None,No Special Feature,Smooth Asphalt,2 lanes,"35.7782090775, -78.6774626204"
5656,Laurinburg,Scotland,Coastal,Residential,Urban (>70% Developed),NA,Urban,30 - 35  MPH,Flashing Signal With Stop Sign,Clear,No,49,40-49,Yes,NA,With Traffic,Unknown Injury,Travel Lane,Native American,Male,35,30-39,No,NA,26-30 mph,O: No Injury,Black,Female,Passenger Car,Yes,01APR2008,Tuesday,Bicyclist Failed to Yield - Signalized Intersection,22,Intersection,April,O: No Injury,22:56:00,Bicyclist Ride Through - Signalized Intersection,2008,Yes,No,Dark - Lighted Roadway,Straight - Level,US Route,Dry,"Two-Way, Not Divided",NA,No Special Feature,Smooth Asphalt,2 lanes,"34.7699428331, -79.4649128052"
5660,Raleigh,Wake,Piedmont,Commercial,Urban (>70% Developed),NA,Urban,5 - 15 MPH,Stop Sign,Clear,No,29,25-29,No,NA,With Traffic,C: Possible Injury,Sidewalk / Crosswalk / Driveway Crossing,Unknown/Missing,Male,27,25-29,No,NA,0-5 mph,O: No Injury,Unknown/Missing,Female,Passenger Car,No,03APR2008,Thursday,Motorist Failed to Yield - Sign-Controlled Intersection,8,Intersection,April,C: Possible Injury,08:40:00,Motorist Drive Out - Sign-Controlled Intersection,2008,No,No,Daylight,Straight - Hillcrest,Local Street,Dry,"One-Way, Not Divided",None,No Special Feature,Coarse Asphalt,NA,"35.7819550793, -78.6715726191"