object_id,city,county,region,development,locality,on_road,rural_urban,speed_limit,traffic_control,weather,workzone,bike_age,bike_age_group,bike_alcohol,bike_alcohol_drugs,bike_direction,bike_injury,bike_position,bike_race,bike_sex,driver_age,driver_age_group,driver_alcohol,driver_alcohol_drugs,driver_est_speed,driver_injury,driver_race,driver_sex,driver_vehicle_type,crash_alcohol,crash_date,crash_day,crash_group,crash_hour,crash_location,crash_month,crash_severity,crash_time,crash_type,crash_year,ambulance_req,hit_run,light_condition,road_character,road_class,road_condition,road_configuration,road_defects,road_feature,road_surface,num_lanes,geo_point
5662,Oak Island,Brunswick,Coastal,Residential,Urban (>70% Developed),NA,Urban,30 - 35  MPH,Stop Sign,Clear,No,9,6-10,Yes,NA,With Traffic,C: Possible Injury,Travel Lane,White,Male,55,50-59,No,NA,31-35 mph,O: No Injury,White,Male,Pickup,Yes,16APR2008,Wednesday,Bicyclist Failed to Yield - Sign-Controlled Intersection,18,Intersection,April,C: Possible Injury,18:00:00,Bicyclist Ride Out - Sign-Controlled Intersection,2008,Yes,No,Daylight,Straight - Level,Local Street,Dry,"Two-Way, Not Divided",None,No Special Feature,Smooth Asphalt,2 lanes,"33.9247866906, -78.1417223667"
5664,Rocky Mount,Nash,Coastal,Commercial,Urban (>70% Developed),NA,Urban,30 - 35  MPH,No Control Present,Clear,No,10,6-10,No,NA,With Traffic,Unknown Injury,Travel Lane,Unknown/Missing,NA,25,25-29,No,NA,16-20 mph,O: No Injury,Black,Female,Passenger Car,No,09APR2008,Wednesday,Loss of Control / Turning Error,16,Intersection,April,O: No Injury,16:47:00,Bicyclist Lost Control - Mechanical Problems,2008,No,No,Daylight,Straight - Level,Local Street,Dry,"Two-Way, Not Divided",None,No Special Feature,Coarse Asphalt,2 lanes,"35.9279551397, -77.8234023684"
5667,Charlotte,Mecklenburg,Piedmont,Commercial,Urban (>70% Developed),NA,Urban,30 - 35  MPH,Stop And Go Signal,Clear,No,16,16-19,No,NA,NA,B: Evident Injury,Travel Lane,White,Male,25,25-29,No,NA,21-25 mph,O: No Injury,Black,Female,Passenger Car,No,23MAY2008,Friday,Bicyclist Failed to Yield - Midblock,15,Non-Intersection,May,B: Evident Injury,15:46:00,Multiple Threat - Midblock,2008,Yes,No,Daylight,Straight - Level,Local Street,Dry,"Two-Way, Divided, Unprotected Median",None,No Special Feature,Smooth Asphalt,4 lanes,"35.20270088, -80.7605932154"
5668,Sharpsburg,Nash,Coastal,Commercial,Urban (>70% Developed),NA,Rural,40 - 45  MPH,No Control Present,Cloudy,No,34,30-39,Yes,NA,Not Applicable,A: Disabling Injury,Non-Roadway,Black,Male,39,30-39,No,NA,36-40 mph,O: No Injury,Black,Male,Passenger Car,Yes,05APR2008,Saturday,Bicyclist Failed to Yield - Midblock,18,Non-Intersection,April,A: Disabling Injury,18:39:00,Bicyclist Ride Out - Other Midblock,2008,Yes,No,Daylight,Straight - Level,US Route,Wet,"Two-Way, Not Divided",None,No Special Feature,Smooth Asphalt,5 lanes,"35.8632231258, -77.8321483679"
5669,None - Rural Crash,Pitt,Coastal,Residential,Mixed (30% To 70% Developed),NA,Rural,40 - 45  MPH,Missing,Clear,No,30,30-39,No,NA,With Traffic,B: Evident Injury,Travel Lane,White,Male,NA,NA,Missing,NA,36-40 mph,Unknown Injury,Unknown/Missing,NA,NA,No,08APR2008,Tuesday,Motorist Overtaking Bicyclist,21,Non-Intersection,April,B: Evident Injury,21:14:00,Motorist Overtaking - Misjudged Space,2008,No,Yes,Dark - Roadway Not Lighted,Straight - Level,State Secondary Route,Dry,"Two-Way, Not Divided",None,No Special Feature,Smooth Asphalt,2 lanes,"35.5577540777, -77.3092121926"
5676,None - Rural Crash,Robeson,Coastal,"Farms, Woods, Pastures",Rural (<30% Developed),NA,Rural,40 - 45  MPH,No Control Present,Clear,No,52,50-59,No,NA,With Traffic,C: Possible Injury,Travel Lane,Native American,Male,24,20-24,No,NA,41-45 mph,O: No Injury,Black,Male,Pickup,No,11APR2008,Friday,Motorist Overtaking Bicyclist,15,Non-Intersection,April,C: Possible Injury,15:50:00,Motorist Overtaking - Bicyclist Swerved,2008,Yes,No,Daylight,Straight - Level,State Secondary Route,Dry,"Two-Way, Not Divided",None,No Special Feature,Smooth Asphalt,2 lanes,"34.5879868068, -79.0664226766"
5682,Charlotte,Mecklenburg,Piedmont,Residential,Urban (>70% Developed),NA,Urban,30 - 35  MPH,Stop Sign,Clear,No,53,50-59,Yes,NA,With Traffic,A: Disabling Injury,Travel Lane,Black,Male,26,25-29,No,NA,41-45 mph,O: No Injury,Black,Female,Passenger Car,Yes,31MAY2008,Saturday,Bicyclist Failed to Yield - Sign-Controlled Intersection,19,Intersection,May,A: Disabling Injury,19:24:00,Bicyclist Ride Through - Sign-Controlled Intersection,2008,Yes,No,Daylight,Straight - Bottom,Local Street,Dry,"Two-Way, Not Divided",None,T-Intersection,Coarse Asphalt,2 lanes,"35.2475808845, -80.9050532618"
5685,None - Rural Crash,Catawba,Piedmont,"Farms, Woods, Pastures",Rural (<30% Developed),NA,Rural,50 - 55  MPH,No Control Present,Rain,No,35,30-39,No,NA,With Traffic,B: Evident Injury,Travel Lane,White,Male,53,50-59,No,NA,41-45 mph,O: No Injury,White,Male,Pickup,No,28MAY2008,Wednesday,Bicyclist Left Turn / Merge,13,Non-Intersection,May,B: Evident Injury,13:22:00,Bicyclist Left Turn - Same Direction,2008,Yes,No,Daylight,Straight - Grade,US Route,"Water (Standing, Moving)","Two-Way, Not Divided",None,No Special Feature,Smooth Asphalt,2 lanes,"35.7208269773, -81.0967733454"
5698,Raleigh,Wake,Piedmont,Residential,Mixed (30% To 70% Developed),NA,Urban,20 - 25  MPH,Stop Sign,Clear,No,15,11-15,No,NA,Facing Traffic,O: No Injury,Sidewalk / Crosswalk / Driveway Crossing,Black,Male,29,25-29,No,NA,0-5 mph,O: No Injury,White,Female,Sport Utility,No,31MAY2008,Saturday,Motorist Failed to Yield - Sign-Controlled Intersection,11,Intersection,May,O: No Injury,11:54:00,Motorist Drive Out - Sign-Controlled Intersection,2008,No,No,Daylight,Straight - Level,"Private Road, Driveway",Dry,"Two-Way, Not Divided",None,"Driveway, Private",Coarse Asphalt,2 lanes,"35.8782490988, -78.6790566262"
5704,Cary,Wake,Piedmont,Residential,Urban (>70% Developed),NA,Urban,20 - 25  MPH,Stop Sign,Clear,No,18,16-19,No,NA,Facing Traffic,B: Evident Injury,Sidewalk / Crosswalk / Driveway Crossing,White,Male,47,40-49,No,NA,6-10 mph,O: No Injury,White,Female,Passenger Car,No,03JUN2008,Tuesday,Motorist Failed to Yield - Sign-Controlled Intersection,13,Intersection,June,B: Evident Injury,13:19:00,Motorist Drive Out - Sign-Controlled Intersection,2008,Yes,No,Daylight,Straight - Level,Local Street,Dry,"Two-Way, Not Divided",None,T-Intersection,Smooth Asphalt,2 lanes,"35.8152730794, -78.8476666738"
5705,Raleigh,Wake,Piedmont,Commercial,Urban (>70% Developed),NA,Urban,40 - 45  MPH,No Control Present,Clear,No,54,50-59,No,NA,With Traffic,B: Evident Injury,Travel Lane,Black,Male,49,40-49,No,NA,41-45 mph,O: No Injury,White,Female,Passenger Car,No,30APR2008,Wednesday,Bicyclist Failed to Yield - Sign-Controlled Intersection,17,Intersection,April,B: Evident Injury,17:15:00,Bicyclist Ride Out - Sign-Controlled Intersection,2008,Yes,No,Daylight,Straight - Level,Local Street,Dry,"Two-Way, Not Divided",None,No Special Feature,Smooth Asphalt,6 lanes,"35.8489670956, -78.6148626055"
5706,Enfield,Halifax,Coastal,Residential,Urban (>70% Developed),NA,Rural,20 - 25  MPH,Stop Sign,Clear,No,6,6-10,No,NA,With Traffic,B: Evident Injury,Travel Lane,Black,Male,24,20-24,No,NA,21-25 mph,O: No Injury,Black,Male,Passenger Car,No,19APR2008,Saturday,Bicyclist Failed to Yield - Sign-Controlled Intersection,16,Intersection,April,B: Evident Injury,16:32:00,Bicyclist Ride Through - Sign-Controlled Intersection,2008,Yes,No,Daylight,Curve - Grade,Local Street,Dry,"Two-Way, Not Divided",None,No Special Feature,Smooth Asphalt,2 lanes,"36.1768141985, -77.6732923362"
5714,None - Rural Crash,Durham,Piedmont,"Farms, Woods, Pastures",Rural (<30% Developed),NA,Rural,NA,Stop Sign,Clear,No,49,40-49,No,NA,With Traffic,B: Evident Injury,Travel Lane,White,Male,40,40-49,No,NA,NA,O: No Injury,White,Female,Passenger Car,No,24APR2008,Thursday,Motorist Failed to Yield - Sign-Controlled Intersection,17,Intersection,April,B: Evident Injury,17:25:00,Motorist Drive Out - Sign-Controlled Intersection,2008,No,No,Daylight,Curve - Bottom,State Secondary Route,Dry,"Two-Way, Not Divided",None,Four-Way Intersection,Smooth Asphalt,2 lanes,"36.0100891165, -78.9899527275"
5719,Stanley,Gaston,Piedmont,Commercial,Mixed (30% To 70% Developed),NA,Rural,40 - 45  MPH,No Control Present,Clear,No,17,16-19,No,NA,NA,C: Possible Injury,NA,White,Male,NA,NA,No,NA,NA,Unknown Injury,Unknown/Missing,NA,NA,No,29APR2008,Tuesday,Other / Unknown - Insufficient Details,19,Unknown Location,April,C: Possible Injury,19:27:00,Unknown Location,2008,Yes,Yes,Daylight,Straight - Level,Local Street,Dry,"Two-Way, Divided, Unprotected Median",None,No Special Feature,Smooth Asphalt,2 lanes,"35.3711669036, -81.0990633257"
5720,Charlotte,Mecklenburg,Piedmont,Residential,Urban (>70% Developed),NA,Urban,20 - 25  MPH,No Control Present,Clear,No,34,30-39,No,NA,With Traffic,O: No Injury,Travel Lane,Hispanic,Male,22,20-24,No,NA,36-40 mph,O: No Injury,Hispanic,Male,Passenger Car,No,07JUN2008,Saturday,Motorist Failed to Yield - Midblock,19,Non-Intersection,June,O: No Injury,19:36:00,Motorist Drive Out - Commercial Driveway / Alley,2008,No,No,Daylight,Straight - Level,Local Street,Dry,"Two-Way, Not Divided",None,No Special Feature,Concrete,2 lanes,"35.1841568717, -80.8737132487"
5723,None - Rural Crash,Rowan,Piedmont,Residential,Mixed (30% To 70% Developed),NA,Rural,NA,"Double Yellow Line, No Passing Zone",Clear,No,63,60-69,No,NA,Facing Traffic,B: Evident Injury,Travel Lane,White,Male,9,0-19,No,NA,NA,O: No Injury,White,Female,Pedalcycle,No,25APR2008,Friday,Head-On,17,Non-Intersection,April,B: Evident Injury,17:07:00,Head-On - Bicyclist,2008,No,No,Daylight,Straight - Level,State Secondary Route,Dry,"Two-Way, Not Divided",None,No Special Feature,Smooth Asphalt,2 lanes,"35.5347819531, -80.7048632178"
5727,Aberdeen,Moore,Piedmont,Residential,Rural (<30% Developed),NA,Rural,30 - 35  MPH,Missing,Rain,No,29,25-29,No,NA,With Traffic,C: Possible Injury,Travel Lane,White,Male,34,30-39,No,NA,0-5 mph,C: Possible Injury,White,Male,Passenger Car,No,27APR2008,Sunday,Motorist Failed to Yield - Sign-Controlled Intersection,13,Intersection,April,C: Possible Injury,13:40:00,Motorist Drive Out - Sign-Controlled Intersection,2008,Yes,No,Daylight,Straight - Level,Local Street,Wet,"Two-Way, Not Divided",None,No Special Feature,Coarse Asphalt,2 lanes,"35.1333119131, -79.4238628119"
5729,Mount Olive,Wayne,Coastal,Residential,Rural (<30% Developed),NA,Rural,50 - 55  MPH,Stop Sign,Clear,No,36,30-39,No,NA,Facing Traffic,B: Evident Injury,Travel Lane,White,Female,18,0-19,No,NA,51-55 mph,O: No Injury,Hispanic,Female,Passenger Car,No,28APR2008,Monday,Motorist Failed to Yield - Sign-Controlled Intersection,15,Intersection,April,B: Evident Injury,15:21:00,Motorist Drive Out - Sign-Controlled Intersection,2008,Yes,No,Daylight,Straight - Level,US Route,Dry,"Two-Way, Divided, Unprotected Median",None,Four-Way Intersection,Smooth Asphalt,6 lanes,"35.2023999747, -78.0783624086"
5731,Mooresville,Iredell,Piedmont,Residential,Urban (>70% Developed),NA,Urban,30 - 35  MPH,Missing,Clear,No,19,16-19,No,NA,With Traffic,C: Possible Injury,Travel Lane,White,Male,70+,70+,No,NA,31-35 mph,O: No Injury,Black,Female,Passenger Car,No,29APR2008,Tuesday,Bicyclist Left Turn / Merge,15,Intersection,April,C: Possible Injury,15:58:00,Bicyclist Left Turn - Same Direction,2008,Yes,No,Daylight,Straight - Level,Local Street,Dry,"Two-Way, Not Divided",None,Four-Way Intersection,Smooth Asphalt,4 lanes,"35.5724139561, -80.8251532556"
5732,None - Rural Crash,Swain,Mountains,"Farms, Woods, Pastures",Rural (<30% Developed),NA,Rural,30 - 35  MPH,No Control Present,Clear,No,17,16-19,No,NA,With Traffic,B: Evident Injury,Travel Lane,White,Male,48,40-49,No,NA,16-20 mph,O: No Injury,White,Female,School Bus,No,06JUN2008,Friday,Head-On,15,Non-Intersection,June,B: Evident Injury,15:32:00,Head-On - Bicyclist,2008,Yes,No,Daylight,Straight - Grade,State Secondary Route,Dry,"Two-Way, Not Divided",None,No Special Feature,Coarse Asphalt,2 lanes,"35.4379768283, -83.4385940208"
5740,None - Rural Crash,Durham,Piedmont,Residential,Rural (<30% Developed),NA,Rural,40 - 45  MPH,Missing,Other,No,48,40-49,No,NA,With Traffic,B: Evident Injury,Travel Lane,White,Female,70+,70+,No,NA,41-45 mph,O: No Injury,White,Female,"Light Truck (Mini-Van, Panel)",No,04MAY2008,Sunday,Motorist Overtaking Bicyclist,12,Non-Intersection,May,B: Evident Injury,12:33:00,Motorist Overtaking - Other / Unknown,2008,No,No,Daylight,Straight - Level,State Secondary Route,Dry,"Two-Way, Not Divided",None,No Special Feature,Coarse Asphalt,2 lanes,"35.9337271082, -78.7619576541"
5742,Charlotte,Mecklenburg,Piedmont,Residential,Urban (>70% Developed),NA,Urban,20 - 25  MPH,Stop Sign,Clear,No,45,40-49,No,NA,With Traffic,B: Evident Injury,Travel Lane,White,Male,39,30-39,No,NA,21-25 mph,O: No Injury,Black,Male,Passenger Car,No,12JUN2008,Thursday,Motorist Failed to Yield - Sign-Controlled Intersection,7,Intersection,June,B: Evident Injury,07:04:00,Motorist Drive Through - Sign-Controlled Intersection,2008,No,No,Daylight,Straight - Level,Local Street,Dry,"Two-Way, Not Divided",None,T-Intersection,Smooth Asphalt,2 lanes,"35.115591858, -80.8584632404"
5745,Raleigh,Wake,Piedmont,Residential,Urban (>70% Developed),NA,Urban,20 - 25  MPH,Stop Sign,Clear,No,11,11-15,No,NA,With Traffic,O: No Injury,Travel Lane,White,Female,28,25-29,No,NA,21-25 mph,O: No Injury,White,Male,Pickup,No,05MAY2008,Monday,Bicyclist Failed to Yield - Sign-Controlled Intersection,18,Intersection,May,O: No Injury,18:40:00,Bicyclist Ride Through - Sign-Controlled Intersection,2008,No,No,Daylight,Straight - Grade,Local Street,Dry,"Two-Way, Not Divided",None,Four-Way Intersection,Smooth Asphalt,2 lanes,"35.8933101066, -78.573882595"
5747,Raleigh,Wake,Piedmont,Commercial,Urban (>70% Developed),NA,Urban,20 - 25  MPH,School Zone Signs,Clear,No,24,20-24,No,NA,With Traffic,B: Evident Injury,Travel Lane,White,Male,40,40-49,No,NA,31-35 mph,O: No Injury,Black,Female,Sport Utility,No,06MAY2008,Tuesday,Bicyclist Left Turn / Merge,7,Non-Intersection,May,B: Evident Injury,07:19:00,Bicyclist Left Turn - Same Direction,2008,Yes,No,Daylight,Straight - Level,Local Street,Dry,"Two-Way, Not Divided",None,No Special Feature,Smooth Asphalt,5 lanes,"35.8524430954, -78.6429426137"
5755,Belmont,Gaston,Piedmont,Commercial,Urban (>70% Developed),NA,Urban,40 - 45  MPH,Stop And Go Signal,Clear,No,16,16-19,No,NA,With Traffic,Unknown Injury,Bike Lane / Paved Shoulder,Unknown/Missing,NA,24,20-24,No,NA,6-10 mph,O: No Injury,White,Male,Passenger Car,No,07MAY2008,Wednesday,Motorist Left Turn / Merge,16,Intersection,May,O: No Injury,16:49:00,Motorist Left Turn - Opposite Direction,2008,Yes,No,Daylight,Straight - Level,US Route,Dry,"Two-Way, Divided, Positive Median Barrier",None,Four-Way Intersection,Coarse Asphalt,7 lanes,"35.2514968807, -81.0285032979"
5756,Wilmington,New Hanover,Coastal,Commercial,Urban (>70% Developed),NA,Urban,30 - 35  MPH,Stop Sign,Clear,No,23,20-24,No,NA,Facing Traffic,C: Possible Injury,Sidewalk / Crosswalk / Driveway Crossing,White,Female,49,40-49,No,NA,0-5 mph,O: No Injury,White,Male,Van,No,07MAY2008,Wednesday,Motorist Failed to Yield - Sign-Controlled Intersection,12,Intersection,May,C: Possible Injury,12:20:00,Motorist Drive Out - Sign-Controlled Intersection,2008,No,No,Daylight,Straight - Level,Local Street,Dry,"Two-Way, Not Divided",None,T-Intersection,Smooth Asphalt,4 lanes,"34.2375137673, -77.9216623144"
5757,Raleigh,Wake,Piedmont,Commercial,Urban (>70% Developed),NA,Urban,40 - 45  MPH,Missing,Clear,No,33,30-39,No,NA,Facing Traffic,C: Possible Injury,Sidewalk / Crosswalk / Driveway Crossing,Hispanic,Male,45,40-49,No,NA,31-35 mph,O: No Injury,White,Male,Tractor/Semi-Trailer,No,28MAR2008,Friday,Parallel Paths - Other Circumstances,1,Non-Intersection,March,C: Possible Injury,01:38:00,Bicyclist Ride Out - Parallel Path,2008,Yes,No,Dark - Lighted Roadway,Straight - Level,Local Street,Dry,"Two-Way, Divided, Unprotected Median",None,No Special Feature,Grooved Concrete,8 lanes,"35.745742072, -78.6490026098"
5759,Roxboro,Person,Piedmont,Residential,Urban (>70% Developed),NA,Urban,30 - 35  MPH,Stop Sign,Clear,No,51,50-59,No,NA,With Traffic,Unknown Injury,Travel Lane,Unknown/Missing,Male,24,20-24,No,NA,31-35 mph,C: Possible Injury,Black,Female,Passenger Car,No,08MAY2008,Thursday,Bicyclist Failed to Yield - Sign-Controlled Intersection,20,Intersection,May,C: Possible Injury,20:32:00,Bicyclist Ride Through - Sign-Controlled Intersection,2008,Yes,No,Dark - Lighted Roadway,Straight - Level,Local Street,Dry,"Two-Way, Not Divided",None,Four-Way Intersection,Smooth Asphalt,2 lanes,"36.3989941988, -78.9865327478"
5761,Enfield,Halifax,Coastal,Residential,Mixed (30% To 70% Developed),NA,Rural,20 - 25  MPH,Stop And Go Signal,Clear,No,18,16-19,No,NA,With Traffic,C: Possible Injury,Travel Lane,Black,Female,28,25-29,No,NA,NA,O: No Injury,Black,Female,Passenger Car,No,10MAY2008,Saturday,Loss of Control / Turning Error,18,Intersection,May,C: Possible Injury,18:00:00,Bicyclist Turning Error - Right Turn,2008,No,No,Daylight,Straight - Level,Local Street,Dry,"Two-Way, Not Divided",None,No Special Feature,Coarse Asphalt,2 lanes,"36.1828271996, -77.6712363354"
5775,Raleigh,Wake,Piedmont,Residential,Urban (>70% Developed),NA,Urban,30 - 35  MPH,Stop And Go Signal,Clear,No,23,20-24,No,NA,With Traffic,C: Possible Injury,Travel Lane,White,Male,23,20-24,Yes,NA,16-20 mph,O: No Injury,White,Female,Passenger Car,Yes,19APR2008,Saturday,Motorist Left Turn / Merge,2,Intersection,April,C: Possible Injury,02:35:00,Motorist Left Turn - Opposite Direction,2008,Yes,No,Dark - Lighted Roadway,Straight - Level,Local Street,Dry,"Two-Way, Not Divided",None,T-Intersection,Smooth Asphalt,5 lanes,"35.7886120811, -78.6436526104"
5778,Wilmington,New Hanover,Coastal,Commercial,Urban (>70% Developed),NA,Urban,NA,No Control Present,Clear,No,16,16-19,No,NA,Facing Traffic,C: Possible Injury,Travel Lane,Black,Male,27,25-29,No,NA,NA,O: No Injury,White,Female,Sport Utility,No,13MAY2008,Tuesday,Motorist Failed to Yield - Midblock,16,Non-Intersection,May,C: Possible Injury,16:36:00,Motorist Drive Out - Other Midblock,2008,Yes,No,Daylight,Straight - Level,Local Street,Dry,"Two-Way, Divided, Unprotected Median",None,No Special Feature,Smooth Asphalt,6 lanes,"34.2082247623, -77.8872023031"
5780,Fuquay-Varina,Wake,Piedmont,Commercial,Urban (>70% Developed),NA,Urban,30 - 35  MPH,No Control Present,Clear,No,13,11-15,No,NA,NA,O: No Injury,NA,Black,Male,39,30-39,No,NA,16-20 mph,O: No Injury,Hispanic,Male,Pickup,No,03MAY2008,Saturday,Bicyclist Failed to Yield - Midblock,11,Non-Intersection,May,O: No Injury,11:56:00,Bicyclist Ride Out - Midblock - Unknown,2008,No,No,Daylight,Straight - Grade,US Route,Dry,"Two-Way, Not Divided",None,No Special Feature,Smooth Asphalt,5 lanes,"35.5915330336, -78.792672646"
5782,Asheboro,Randolph,Piedmont,Commercial,Urban (>70% Developed),NA,Urban,20 - 25  MPH,Missing,Cloudy,No,11,11-15,No,NA,NA,B: Evident Injury,NA,Black,Female,70+,70+,No,NA,0-5 mph,O: No Injury,White,Female,Passenger Car,No,15MAY2008,Thursday,Bicyclist Failed to Yield - Midblock,14,Non-Intersection,May,B: Evident Injury,14:42:00,Bicyclist Ride Out - Midblock - Unknown,2008,Yes,No,Daylight,Straight - Grade,Local Street,Dry,"Two-Way, Not Divided",None,No Special Feature,Coarse Asphalt,2 lanes,"35.7024770214, -79.8064679577"
5783,Wilmington,New Hanover,Coastal,Residential,Urban (>70% Developed),NA,Urban,NA,Missing,Cloudy,No,NA,NA,Missing,NA,With Traffic,Unknown Injury,Travel Lane,Unknown/Missing,NA,NA,NA,Missing,NA,NA,Unknown Injury,Unknown/Missing,NA,NA,No,15MAY2008,Thursday,Motorist Overtaking Bicyclist,23,Non-Intersection,May,B: Evident Injury,23:50:00,Motorist Overtaking - Misjudged Space,2008,Yes,Yes,Dark - Lighted Roadway,Straight - Level,Local Street,Dry,"Two-Way, Divided, Unprotected Median",None,No Special Feature,Coarse Asphalt,4 lanes,"34.2339697695, -77.8413422905"
5784,Raleigh,Wake,Piedmont,Commercial,Urban (>70% Developed),NA,Urban,20 - 25  MPH,Stop And Go Signal,Cloudy,No,14,11-15,No,NA,Facing Traffic,B: Evident Injury,Sidewalk / Crosswalk / Driveway Crossing,White,Male,40,40-49,No,NA,0-5 mph,O: No Injury,White,Female,Passenger Car,No,16MAY2008,Friday,Motorist Failed to Yield - Signalized Intersection,16,Intersection,May,B: Evident Injury,16:23:00,Motorist Drive Out - Right Turn on Red,2008,Yes,No,Daylight,Straight - Level,Local Street,Wet,"Two-Way, Not Divided",None,"Driveway, Public",Coarse Asphalt,5 lanes,"35.8417730916, -78.6831926258"
5788,None - Rural Crash,New Hanover,Coastal,"Farms, Woods, Pastures",Rural (<30% Developed),NA,Rural,NA,Missing,Clear,No,51,50-59,No,NA,With Traffic,C: Possible Injury,Travel Lane,Black,Male,NA,NA,Missing,NA,NA,Unknown Injury,Unknown/Missing,NA,NA,No,18MAY2008,Sunday,Motorist Overtaking Bicyclist,15,Non-Intersection,May,C: Possible Injury,15:31:00,Motorist Overtaking - Other / Unknown,2008,Yes,Yes,Daylight,Straight - Level,US Route,Dry,"Two-Way, Divided, Unprotected Median",None,No Special Feature,Coarse Asphalt,4 lanes,"34.075676732, -77.8949522988"
5793,Greensboro,Guilford,Piedmont,Residential,Urban (>70% Developed),NA,Urban,20 - 25  MPH,Stop Sign,Clear,No,5,0-5,No,NA,With Traffic,B: Evident Injury,Travel Lane,White,Male,29,25-29,No,NA,21-25 mph,O: No Injury,White,Male,Passenger Car,No,19MAY2008,Monday,Bicyclist Failed to Yield - Sign-Controlled Intersection,18,Intersection,May,B: Evident Injury,18:45:00,Bicyclist Ride Through - Sign-Controlled Intersection,2008,Yes,No,Daylight,Straight - Level,Local Street,Dry,"Two-Way, Not Divided",None,T-Intersection,Smooth Asphalt,4 lanes,"36.0739270978, -79.8661989959"
5795,Raleigh,Wake,Piedmont,Residential,Urban (>70% Developed),NA,Urban,30 - 35  MPH,Missing,Cloudy,No,43,40-49,No,NA,Facing Traffic,C: Possible Injury,Travel Lane,Black,Male,51,50-59,No,NA,NA,O: No Injury,White,Male,Van,No,13JAN2008,Sunday,Bicyclist Overtaking Motorist,15,Intersection-Related,January,C: Possible Injury,15:08:00,Bicyclist Overtaking - Other / Unknown,2008,Yes,No,Daylight,Straight - Grade,Local Street,Dry,"Two-Way, Not Divided",None,T-Intersection,Smooth Asphalt,2 lanes,"35.8048130866, -78.5922025961"
5796,Raleigh,Wake,Piedmont,Institutional,Urban (>70% Developed),NA,Urban,30 - 35  MPH,Stop Sign,Clear,No,15,11-15,No,NA,Facing Traffic,C: Possible Injury,Sidewalk / Crosswalk / Driveway Crossing,Asian,Male,16,0-19,No,NA,0-5 mph,O: No Injury,White,Male,Sport Utility,No,19MAY2008,Monday,Motorist Failed to Yield - Sign-Controlled Intersection,14,Intersection,May,C: Possible Injury,14:40:00,Motorist Drive Out - Sign-Controlled Intersection,2008,No,No,Daylight,Straight - Level,Public Vehicular Area,Dry,"Two-Way, Not Divided",None,"Driveway, Public",Coarse Asphalt,2 lanes,"35.8921921007, -78.7180526389"
5810,Durham,Durham,Piedmont,Residential,Mixed (30% To 70% Developed),NA,Urban,NA,Stop Sign,Clear,No,9,6-10,No,NA,With Traffic,B: Evident Injury,Travel Lane,Hispanic,Male,NA,NA,No,NA,NA,Unknown Injury,Unknown/Missing,NA,Passenger Car,No,24JUN2008,Tuesday,Motorist Failed to Yield - Sign-Controlled Intersection,16,Intersection,June,B: Evident Injury,16:50:00,Motorist Drive Out - Sign-Controlled Intersection,2008,Yes,Yes,Daylight,Straight - Level,Local Street,Dry,"Two-Way, Not Divided",None,No Special Feature,Smooth Asphalt,2 lanes,"35.9904071163, -78.8805826931"
5811,Charlotte,Mecklenburg,Piedmont,Residential,Mixed (30% To 70% Developed),NA,Urban,20 - 25  MPH,Stop Sign,Clear,No,40,40-49,No,NA,With Traffic,C: Possible Injury,Bike Lane / Paved Shoulder,White,Male,50,50-59,No,NA,21-25 mph,O: No Injury,White,Male,Sport Utility,No,25JUN2008,Wednesday,Motorist Failed to Yield - Sign-Controlled Intersection,17,Intersection,June,C: Possible Injury,17:35:00,Motorist Drive Out - Sign-Controlled Intersection,2008,No,No,Daylight,Straight - Level,Local Street,Dry,"Two-Way, Divided, Positive Median Barrier",None,No Special Feature,Smooth Asphalt,4 lanes,"35.1652368692, -80.8293432347"
5816,Rocky Mount,Nash,Coastal,Residential,Urban (>70% Developed),NA,Urban,30 - 35  MPH,No Control Present,Clear,No,6,6-10,No,NA,Not Applicable,C: Possible Injury,Driveway / Alley,Black,Male,33,30-39,No,NA,26-30 mph,O: No Injury,Black,Female,Passenger Car,No,25MAY2008,Sunday,Bicyclist Failed to Yield - Midblock,21,Non-Intersection,May,C: Possible Injury,21:11:00,Bicyclist Ride Out - Residential Driveway,2008,Yes,No,Daylight,Straight - Level,Local Street,Dry,"Two-Way, Not Divided",None,No Special Feature,Coarse Asphalt,2 lanes,"35.9529031461, -77.7967623624"
5820,None - Rural Crash,Rowan,Piedmont,Commercial,Mixed (30% To 70% Developed),NA,Rural,40 - 45  MPH,Stop Sign,Clear,No,20,20-24,No,NA,Facing Traffic,B: Evident Injury,Non-Roadway,Hispanic,Male,22,20-24,No,NA,0-5 mph,O: No Injury,White,Female,Passenger Car,No,29MAY2008,Thursday,Motorist Failed to Yield - Sign-Controlled Intersection,15,Intersection,May,B: Evident Injury,15:30:00,Motorist Drive Out - Sign-Controlled Intersection,2008,Yes,No,Daylight,Straight - Grade,State Secondary Route,Dry,"Two-Way, Not Divided",None,T-Intersection,Coarse Asphalt,2 lanes,"35.5342169543, -80.6657672054"
5821,Fuquay-Varina,Wake,Piedmont,Residential,Rural (<30% Developed),NA,Urban,40 - 45  MPH,Stop Sign,Clear,No,16,16-19,No,NA,With Traffic,A: Disabling Injury,Travel Lane,Black,Male,50,50-59,No,NA,41-45 mph,O: No Injury,White,Male,Passenger Car,No,29MAY2008,Thursday,Bicyclist Failed to Yield - Sign-Controlled Intersection,20,Intersection,May,A: Disabling Injury,20:28:00,Bicyclist Ride Through - Sign-Controlled Intersection,2008,No,No,Daylight,Straight - Level,Local Street,Dry,"Two-Way, Not Divided",None,No Special Feature,Smooth Asphalt,2 lanes,"35.6109540375, -78.8149426533"