object_id,city,county,region,development,locality,on_road,rural_urban,speed_limit,traffic_control,weather,workzone,bike_age,bike_age_group,bike_alcohol,bike_alcohol_drugs,bike_direction,bike_injury,bike_position,bike_race,bike_sex,driver_age,driver_age_group,driver_alcohol,driver_alcohol_drugs,driver_est_speed,driver_injury,driver_race,driver_sex,driver_vehicle_type,crash_alcohol,crash_date,crash_day,crash_group,crash_hour,crash_location,crash_month,crash_severity,crash_time,crash_type,crash_year,ambulance_req,hit_run,light_condition,road_character,road_class,road_condition,road_configuration,road_defects,road_feature,road_surface,num_lanes,geo_point
5828,Wilmington,New Hanover,Coastal,Commercial,Urban (>70% Developed),NA,Urban,30 - 35  MPH,No Control Present,Clear,No,30,30-39,No,NA,Facing Traffic,C: Possible Injury,Travel Lane,White,Male,29,25-29,No,NA,0-5 mph,O: No Injury,White,Female,Passenger Car,No,30MAY2008,Friday,Motorist Failed to Yield - Midblock,7,Non-Intersection,May,C: Possible Injury,07:17:00,Motorist Drive Out - Commercial Driveway / Alley,2008,Yes,No,Daylight,Straight - Level,Local Street,Dry,"Two-Way, Not Divided",None,"Driveway, Public",Coarse Asphalt,5 lanes,"34.2393597683, -77.9094923114"
5847,Belmont,Gaston,Piedmont,Residential,Mixed (30% To 70% Developed),NA,Urban,20 - 25  MPH,No Control Present,Clear,No,16,16-19,No,NA,NA,B: Evident Injury,NA,White,Male,42,40-49,No,NA,21-25 mph,O: No Injury,White,Male,Pickup,No,04JUN2008,Wednesday,Bicyclist Failed to Yield - Midblock,7,Non-Intersection,June,B: Evident Injury,07:58:00,Bicyclist Ride Out - Midblock - Unknown,2008,No,No,Daylight,Straight - Grade,Local Street,Dry,"Two-Way, Not Divided",None,No Special Feature,Coarse Asphalt,2 lanes,"35.2242428744, -81.0384833004"
5853,Washington,Beaufort,Coastal,Commercial,Mixed (30% To 70% Developed),NA,Urban,30 - 35  MPH,No Control Present,Clear,No,4,0-5,No,NA,Not Applicable,C: Possible Injury,NA,Black,Male,67,60-69,No,NA,21-25 mph,O: No Injury,White,Male,Sport Utility,No,18JUN2008,Wednesday,Bicyclist Failed to Yield - Midblock,19,Non-Intersection,June,C: Possible Injury,19:00:00,Bicyclist Ride Out - Midblock - Unknown,2008,No,No,Daylight,Straight - Level,Local Street,Dry,"Two-Way, Not Divided",None,No Special Feature,Coarse Asphalt,4 lanes,"35.5615720867, -77.059462117"
5855,Rocky Mount,Nash,Coastal,Commercial,Urban (>70% Developed),NA,Urban,20 - 25  MPH,No Control Present,Clear,No,47,40-49,No,NA,Facing Traffic,O: No Injury,Sidewalk / Crosswalk / Driveway Crossing,Black,Female,35,30-39,No,NA,0-5 mph,O: No Injury,White,Female,"Light Truck (Mini-Van, Panel)",No,10JUN2008,Tuesday,Motorist Failed to Yield - Midblock,8,Non-Intersection,June,O: No Injury,08:10:00,Motorist Drive Out - Commercial Driveway / Alley,2008,Yes,No,Daylight,Straight - Level,Public Vehicular Area,Dry,"One-Way, Not Divided",None,T-Intersection,Concrete,NA,"35.9442441447, -77.7964523615"
5857,None - Rural Crash,Vance,Piedmont,Residential,Rural (<30% Developed),NA,Rural,40 - 45  MPH,"Double Yellow Line, No Passing Zone",Clear,No,16,16-19,No,NA,Not Applicable,B: Evident Injury,Driveway / Alley,Black,Male,42,40-49,No,NA,36-40 mph,O: No Injury,White,Female,"Light Truck (Mini-Van, Panel)",No,11JUN2008,Wednesday,Bicyclist Failed to Yield - Midblock,19,Non-Intersection,June,B: Evident Injury,19:43:00,Bicyclist Ride Out - Residential Driveway,2008,No,No,Daylight,Straight - Level,State Secondary Route,Dry,"Two-Way, Not Divided",None,No Special Feature,Smooth Asphalt,2 lanes,"36.3085472049, -78.2812025286"
5859,Fuquay-Varina,Wake,Piedmont,Commercial,Urban (>70% Developed),NA,Urban,20 - 25  MPH,No Control Present,Clear,No,17,16-19,No,NA,Not Applicable,O: No Injury,Non-Roadway,White,Male,25,25-29,No,NA,6-10 mph,O: No Injury,Black,Female,Passenger Car,No,04JUN2008,Wednesday,Non-Roadway,20,Non-Roadway,June,O: No Injury,20:03:00,Non-Roadway,2008,No,No,Daylight,Straight - Level,Public Vehicular Area,Dry,"Two-Way, Not Divided",None,No Special Feature,Smooth Asphalt,NA,"35.5939740351, -78.7810526417"
5864,Charlotte,Mecklenburg,Piedmont,Commercial,Urban (>70% Developed),NA,Urban,5 - 15 MPH,No Control Present,Clear,No,55,50-59,No,NA,Not Applicable,B: Evident Injury,Non-Roadway,Black,Male,50,50-59,No,NA,0-5 mph,Unknown Injury,White,Male,"Single Unit Truck (2-Axle, 6-Tire)",No,12JUL2008,Saturday,Non-Roadway,16,Non-Roadway,July,B: Evident Injury,16:00:00,Non-Roadway,2008,Yes,No,Daylight,Straight - Level,Public Vehicular Area,Dry,"Two-Way, Not Divided",None,"Driveway, Public",Smooth Asphalt,2 lanes,"35.2491668883, -80.8155432345"
5867,Raleigh,Wake,Piedmont,Commercial,Urban (>70% Developed),NA,Urban,30 - 35  MPH,Stop And Go Signal,Clear,No,20,20-24,No,NA,With Traffic,C: Possible Injury,Travel Lane,Black,Male,NA,NA,Missing,NA,31-35 mph,Unknown Injury,Unknown/Missing,NA,NA,No,04JUN2008,Wednesday,Motorist Right Turn / Merge,16,Intersection,June,C: Possible Injury,16:08:00,Motorist Right Turn - Same Direction,2008,No,Yes,Daylight,Straight - Level,Local Street,Dry,"Two-Way, Not Divided",None,Four-Way Intersection,Smooth Asphalt,2 lanes,"35.7783270796, -78.6435226101"
5869,Raleigh,Wake,Piedmont,Residential,Urban (>70% Developed),NA,Urban,30 - 35  MPH,Stop Sign,Clear,No,7,6-10,No,NA,With Traffic,B: Evident Injury,Travel Lane,White,Male,43,40-49,No,NA,31-35 mph,O: No Injury,Black,Female,Passenger Car,No,17MAY2008,Saturday,Bicyclist Failed to Yield - Sign-Controlled Intersection,17,Intersection,May,B: Evident Injury,17:53:00,Bicyclist Ride Through - Sign-Controlled Intersection,2008,Yes,No,Daylight,Curve - Grade,Local Street,Dry,"Two-Way, Not Divided",None,Four-Way Intersection,Smooth Asphalt,2 lanes,"35.727417071, -78.5633725833"
5881,Asheville,Buncombe,Mountains,Residential,Urban (>70% Developed),NA,Urban,30 - 35  MPH,No Control Present,Clear,No,20,20-24,No,NA,With Traffic,B: Evident Injury,Travel Lane,White,Male,21,20-24,No,NA,0-5 mph,O: No Injury,Black,Male,Passenger Car,No,15JUN2008,Sunday,Motorist Right Turn / Merge,21,Non-Intersection,June,B: Evident Injury,21:40:00,Motorist Right Turn - Same Direction,2008,Yes,No,Dark - Lighted Roadway,Straight - Level,Local Street,Dry,"Two-Way, Not Divided",None,No Special Feature,Smooth Asphalt,2 lanes,"35.6203609012, -82.5574037729"
5885,Kannapolis,Cabarrus,Piedmont,Commercial,Urban (>70% Developed),NA,Urban,40 - 45  MPH,No Control Present,Clear,No,56,50-59,No,NA,With Traffic,C: Possible Injury,Travel Lane,White,Male,70+,70+,No,NA,41-45 mph,O: No Injury,White,Male,Sport Utility,No,18JUN2008,Wednesday,Motorist Overtaking Bicyclist,5,Non-Intersection,June,C: Possible Injury,05:05:00,Motorist Overtaking - Misjudged Space,2008,No,No,Dark - Lighted Roadway,Straight - Level,US Route,Dry,NA,None,No Special Feature,Smooth Asphalt,4 lanes,"35.4578769403, -80.6085531846"
5890,None - Rural Crash,Guilford,Piedmont,"Farms, Woods, Pastures",Rural (<30% Developed),NA,Rural,30 - 35  MPH,Stop Sign,Clear,No,54,50-59,No,NA,With Traffic,C: Possible Injury,Travel Lane,Black,Male,40,40-49,No,NA,0-5 mph,O: No Injury,White,Male,Passenger Car,No,30JUN2008,Monday,Motorist Failed to Yield - Sign-Controlled Intersection,20,Intersection,June,C: Possible Injury,20:54:00,Motorist Drive Out - Sign-Controlled Intersection,2008,No,No,Dusk,Straight - Grade,State Secondary Route,Dry,"Two-Way, Not Divided",None,Y-Intersection,Smooth Asphalt,2 lanes,"35.9857770808, -79.8278629792"
5897,Greensboro,Guilford,Piedmont,Institutional,Urban (>70% Developed),NA,Urban,20 - 25  MPH,Stop Sign,Clear,No,23,20-24,No,NA,Facing Traffic,B: Evident Injury,Sidewalk / Crosswalk / Driveway Crossing,Black,Female,47,40-49,No,NA,0-5 mph,O: No Injury,Black,Female,Passenger Car,No,12MAY2008,Monday,Motorist Failed to Yield - Sign-Controlled Intersection,13,Intersection,May,B: Evident Injury,13:54:00,Motorist Drive Out - Sign-Controlled Intersection,2008,Yes,No,Daylight,Straight - Level,Local Street,Dry,"Two-Way, Not Divided",None,Four-Way Intersection,Smooth Asphalt,2 lanes,"36.0645330978, -79.8052469774"
5904,Salisbury,Rowan,Piedmont,Commercial,Urban (>70% Developed),NA,Urban,40 - 45  MPH,No Control Present,Clear,No,18,16-19,No,NA,With Traffic,O: No Injury,Travel Lane,White,Male,52,50-59,No,NA,41-45 mph,O: No Injury,White,Male,Passenger Car,No,24JUN2008,Tuesday,Bicyclist Left Turn / Merge,19,Intersection,June,O: No Injury,19:00:00,Bicyclist Left Turn - Same Direction,2008,No,No,Daylight,Straight - Level,Local Street,Dry,"Two-Way, Not Divided",None,No Special Feature,Coarse Asphalt,2 lanes,"35.6906429943, -80.4707981558"
5905,Asheville,Buncombe,Mountains,Commercial,Urban (>70% Developed),NA,Urban,30 - 35  MPH,Stop And Go Signal,Clear,No,46,40-49,No,NA,With Traffic,B: Evident Injury,Travel Lane,White,Female,47,40-49,No,NA,0-5 mph,O: No Injury,White,Male,Passenger Car,No,24JUN2008,Tuesday,Loss of Control / Turning Error,16,Intersection,June,B: Evident Injury,16:09:00,Bicyclist Turning Error - Right Turn,2008,No,No,Daylight,Straight - Grade,Local Street,Dry,"Two-Way, Not Divided",None,T-Intersection,Coarse Asphalt,2 lanes,"35.5784028903, -82.5945437814"
5910,Morganton,Burke,Mountains,Commercial,Urban (>70% Developed),NA,Urban,30 - 35  MPH,Stop And Go Signal,Clear,No,51,50-59,No,NA,With Traffic,C: Possible Injury,Travel Lane,White,Male,50,50-59,No,NA,0-5 mph,O: No Injury,Black,Female,Passenger Car,No,27JUN2008,Friday,Motorist Overtaking Bicyclist,7,Intersection,June,C: Possible Injury,07:59:00,Motorist Overtaking - Misjudged Space,2008,No,No,Daylight,Straight - Level,Local Street,Dry,"Two-Way, Divided, Unprotected Median",None,No Special Feature,Smooth Asphalt,5 lanes,"35.7292819569, -81.6941485227"
5916,Forest City,Rutherford,Mountains,Residential,Urban (>70% Developed),NA,Urban,30 - 35  MPH,Missing,Clear,No,13,11-15,No,NA,With Traffic,B: Evident Injury,Travel Lane,Black,Male,40,40-49,No,NA,NA,O: No Injury,White,Female,Passenger Car,No,30JUN2008,Monday,Motorist Failed to Yield - Sign-Controlled Intersection,14,Intersection,June,B: Evident Injury,14:31:00,Motorist Drive Out - Sign-Controlled Intersection,2008,Yes,No,Daylight,Straight - Grade,Local Street,Dry,"Two-Way, Not Divided",None,No Special Feature,Smooth Asphalt,2 lanes,"35.3218718641, -81.8633075503"
5919,None - Rural Crash,Caldwell,Mountains,Residential,Mixed (30% To 70% Developed),NA,Rural,20 - 25  MPH,Stop Sign,Clear,No,10,6-10,No,NA,With Traffic,C: Possible Injury,Travel Lane,White,Male,23,20-24,No,NA,11-15 mph,O: No Injury,White,Female,Passenger Car,No,01JUL2008,Tuesday,Bicyclist Failed to Yield - Sign-Controlled Intersection,18,Intersection,July,C: Possible Injury,18:21:00,Bicyclist Ride Through - Sign-Controlled Intersection,2008,No,No,Daylight,Straight - Grade,State Secondary Route,Dry,"Two-Way, Not Divided",None,Four-Way Intersection,Smooth Asphalt,2 lanes,"35.7795629796, -81.3660134287"
5922,None - Rural Crash,Cumberland,Coastal,Residential,Mixed (30% To 70% Developed),NA,Rural,40 - 45  MPH,"Double Yellow Line, No Passing Zone",Clear,No,59,50-59,No,NA,Facing Traffic,C: Possible Injury,Travel Lane,White,Female,25,25-29,No,NA,41-45 mph,O: No Injury,White,Female,Passenger Car,No,26MAY2008,Monday,Head-On,21,Non-Intersection,May,C: Possible Injury,21:10:00,Head-On - Bicyclist,2008,Yes,No,Dark - Roadway Not Lighted,Straight - Level,State Secondary Route,Dry,"Two-Way, Not Divided",None,No Special Feature,Smooth Asphalt,2 lanes,"35.0020399017, -78.9263726549"
5924,Weaverville,Buncombe,Mountains,Commercial,Urban (>70% Developed),NA,Rural,40 - 45  MPH,No Control Present,Clear,No,18,16-19,No,NA,With Traffic,B: Evident Injury,Travel Lane,White,Male,35,30-39,No,NA,41-45 mph,O: No Injury,White,Female,Passenger Car,No,31MAY2008,Saturday,Motorist Overtaking Bicyclist,14,Non-Intersection,May,B: Evident Injury,14:47:00,Motorist Overtaking - Bicyclist Swerved,2008,No,No,Daylight,Straight - Level,Local Street,Dry,"Two-Way, Not Divided",None,No Special Feature,Smooth Asphalt,2 lanes,"35.6769899116, -82.576123781"
5933,Fayetteville,Cumberland,Coastal,Residential,Urban (>70% Developed),NA,Urban,20 - 25  MPH,Stop Sign,Cloudy,No,22,20-24,No,NA,Facing Traffic,B: Evident Injury,Multi-use Path,White,Male,26,25-29,No,NA,0-5 mph,O: No Injury,Black,Male,"Single Unit Truck (2-Axle, 6-Tire)",No,21JUN2008,Saturday,Motorist Failed to Yield - Sign-Controlled Intersection,12,Intersection,June,B: Evident Injury,12:50:00,Motorist Drive Out - Sign-Controlled Intersection,2008,No,No,Daylight,Straight - Level,Local Street,Dry,"Two-Way, Not Divided",None,No Special Feature,Smooth Asphalt,2 lanes,"35.021719905, -78.9618826665"
5939,Charlotte,Mecklenburg,Piedmont,Residential,Urban (>70% Developed),NA,Urban,30 - 35  MPH,No Control Present,Clear,No,7,6-10,No,NA,Facing Traffic,Unknown Injury,Sidewalk / Crosswalk / Driveway Crossing,Hispanic,Male,54,50-59,No,NA,26-30 mph,O: No Injury,Black,Male,Passenger Car,No,02AUG2008,Saturday,Crossing Paths - Other Circumstances,19,Intersection,August,O: No Injury,19:11:00,Sign-Controlled Intersection - Other / Unknown,2008,Yes,No,Dawn,Straight - Level,Local Street,Dry,"Two-Way, Not Divided",None,No Special Feature,Smooth Asphalt,2 lanes,"35.3096868991, -80.8675032532"
5950,Raleigh,Wake,Piedmont,Residential,Mixed (30% To 70% Developed),NA,Urban,20 - 25  MPH,No Control Present,Clear,No,23,20-24,No,NA,With Traffic,B: Evident Injury,Sidewalk / Crosswalk / Driveway Crossing,White,Male,61,60-69,No,NA,0-5 mph,O: No Injury,White,Female,Passenger Car,No,10JUN2008,Tuesday,Motorist Failed to Yield - Midblock,10,Non-Intersection,June,B: Evident Injury,10:44:00,Motorist Drive Out - Residential Driveway,2008,Yes,No,Daylight,Straight - Level,Public Vehicular Area,Dry,"Two-Way, Not Divided",None,No Special Feature,Smooth Asphalt,NA,"35.8720200991, -78.6583726194"
5951,Charlotte,Mecklenburg,Piedmont,Commercial,Mixed (30% To 70% Developed),NA,Urban,5 - 15 MPH,No Control Present,Clear,No,17,16-19,No,NA,Facing Traffic,C: Possible Injury,Sidewalk / Crosswalk / Driveway Crossing,Black,Male,47,40-49,No,NA,11-15 mph,O: No Injury,Black,Female,Passenger Car,No,01AUG2008,Friday,Motorist Right Turn / Merge,15,Non-Intersection,August,C: Possible Injury,15:53:00,Motorist Right Turn - Opposite Direction,2008,Yes,No,Daylight,Straight - Level,Public Vehicular Area,Dry,"Two-Way, Not Divided",None,No Special Feature,Smooth Asphalt,2 lanes,"35.2245128797, -80.8925582567"
5955,Wrightsville Beach,New Hanover,Coastal,Commercial,Urban (>70% Developed),NA,Rural,20 - 25  MPH,Stop Sign,Cloudy,No,53,50-59,No,NA,With Traffic,B: Evident Injury,Travel Lane,White,Male,27,25-29,No,NA,6-10 mph,O: No Injury,White,Male,Police,No,10JUL2008,Thursday,Bicyclist Failed to Yield - Sign-Controlled Intersection,11,Intersection,July,B: Evident Injury,11:42:00,Bicyclist Ride Through - Sign-Controlled Intersection,2008,No,No,Daylight,Straight - Level,State Secondary Route,Dry,"Two-Way, Not Divided",None,Four-Way Intersection,Smooth Asphalt,2 lanes,"34.2150637658, -77.8062082791"
5956,Charlotte,Mecklenburg,Piedmont,"Farms, Woods, Pastures",Rural (<30% Developed),NA,Urban,40 - 45  MPH,Stop Sign,Clear,No,23,20-24,No,NA,With Traffic,B: Evident Injury,Travel Lane,White,Male,18,0-19,No,NA,11-15 mph,O: No Injury,White,Female,Passenger Car,No,09AUG2008,Saturday,Motorist Failed to Yield - Sign-Controlled Intersection,16,Intersection,August,B: Evident Injury,16:30:00,Motorist Drive Out - Sign-Controlled Intersection,2008,No,No,Daylight,Straight - Level,Local Street,Dry,"Two-Way, Not Divided",None,No Special Feature,Smooth Asphalt,2 lanes,"35.0838368459, -81.0044532818"
5960,Kinston,Lenoir,Coastal,Commercial,Urban (>70% Developed),NA,Urban,40 - 45  MPH,No Control Present,Clear,No,50,50-59,No,NA,With Traffic,C: Possible Injury,Travel Lane,Black,Male,21,20-24,No,NA,46-50 mph,O: No Injury,White,Male,Passenger Car,No,12AUG2008,Tuesday,Motorist Overtaking Bicyclist,6,Non-Intersection,August,C: Possible Injury,06:47:00,Motorist Overtaking - Undetected Bicyclist,2008,Yes,No,Daylight,Straight - Level,US Route,Dry,"Two-Way, Not Divided",None,No Special Feature,Coarse Asphalt,2 lanes,"35.2421909991, -77.5885822619"
5961,None - Rural Crash,Robeson,Coastal,"Farms, Woods, Pastures",Rural (<30% Developed),NA,Rural,50 - 55  MPH,No Control Present,Clear,No,53,50-59,No,NA,With Traffic,C: Possible Injury,Travel Lane,Native American,Male,22,20-24,Yes,NA,51-55 mph,O: No Injury,White,Male,Passenger Car,Yes,13JUL2008,Sunday,Motorist Overtaking Bicyclist,21,Non-Intersection,July,C: Possible Injury,21:45:00,Motorist Overtaking - Misjudged Space,2008,Yes,No,Daylight,Straight - Level,NC Route,Dry,"Two-Way, Not Divided",None,No Special Feature,Smooth Asphalt,2 lanes,"34.6444118164, -79.1408427022"
5966,Cary,Wake,Piedmont,Residential,Urban (>70% Developed),NA,Urban,30 - 35  MPH,Stop And Go Signal,Cloudy,No,23,20-24,No,NA,With Traffic,A: Disabling Injury,Travel Lane,Black,Male,NA,NA,Missing,NA,0-5 mph,Unknown Injury,Unknown/Missing,NA,Passenger Car,No,13AUG2008,Wednesday,Motorist Overtaking Bicyclist,19,Intersection-Related,August,A: Disabling Injury,19:30:00,Motorist Overtaking - Other / Unknown,2008,Yes,Yes,Daylight,Straight - Level,State Secondary Route,Wet,"Two-Way, Not Divided",None,Related To Intersection,Smooth Asphalt,2 lanes,"35.7824010752, -78.7804326518"
5971,Atlantic Beach,Carteret,Coastal,Commercial,Urban (>70% Developed),NA,Rural,30 - 35  MPH,No Control Present,Clear,No,14,11-15,No,NA,Not Applicable,B: Evident Injury,NA,White,Male,48,40-49,No,NA,21-25 mph,O: No Injury,White,Male,Passenger Car,No,17JUL2008,Thursday,Bicyclist Failed to Yield - Midblock,20,Non-Intersection,July,B: Evident Injury,20:58:00,Bicyclist Ride Out - Midblock - Unknown,2008,Yes,No,Dark - Lighted Roadway,Straight - Level,NC Route,Dry,"Two-Way, Divided, Unprotected Median",None,No Special Feature,Smooth Asphalt,5 lanes,"34.7011669081, -76.7387179776"
5976,Charlotte,Mecklenburg,Piedmont,"Farms, Woods, Pastures",Rural (<30% Developed),NA,Urban,40 - 45  MPH,No Control Present,Cloudy,No,54,50-59,No,NA,With Traffic,B: Evident Injury,Travel Lane,White,Male,38,30-39,No,NA,36-40 mph,O: No Injury,Black,Male,Passenger Car,No,15AUG2008,Friday,Motorist Overtaking Bicyclist,19,Non-Intersection,August,B: Evident Injury,19:04:00,Motorist Overtaking - Undetected Bicyclist,2008,Yes,No,Daylight,Straight - Level,Local Street,Dry,"Two-Way, Not Divided",None,No Special Feature,Coarse Asphalt,2 lanes,"35.4133069229, -80.8200132454"
5985,Charlotte,Mecklenburg,Piedmont,Commercial,Urban (>70% Developed),NA,Urban,30 - 35  MPH,Stop And Go Signal,Cloudy,No,15,11-15,No,NA,Facing Traffic,C: Possible Injury,Bike Lane / Paved Shoulder,Black,Male,20,20-24,No,NA,11-15 mph,O: No Injury,White,Male,Passenger Car,No,26JUN2008,Thursday,Motorist Failed to Yield - Signalized Intersection,17,Intersection,June,C: Possible Injury,17:03:00,Motorist Drive Out - Right Turn on Red,2008,Yes,Yes,Daylight,Straight - Level,Local Street,Dry,"Two-Way, Divided, Unprotected Median",None,No Special Feature,Smooth Asphalt,5 lanes,"35.2141788818, -80.77125822"
5992,Winston-Salem,Forsyth,Piedmont,Residential,Urban (>70% Developed),NA,Urban,30 - 35  MPH,Stop Sign,Clear,No,67,60-69,No,NA,With Traffic,B: Evident Injury,Travel Lane,White,Male,NA,NA,Missing,NA,26-30 mph,Unknown Injury,Unknown/Missing,NA,Sport Utility,No,20JUL2008,Sunday,Motorist Failed to Yield - Sign-Controlled Intersection,15,Intersection,July,B: Evident Injury,15:24:00,Motorist Drive Out - Sign-Controlled Intersection,2008,Yes,Yes,Daylight,Straight - Level,Local Street,Dry,"Two-Way, Not Divided",None,Four-Way Intersection,Smooth Asphalt,NA,"36.1049670895, -80.2794531217"
5993,Whitsett,Guilford,Piedmont,Residential,Urban (>70% Developed),NA,Rural,5 - 15 MPH,Yield Sign,Clear,No,36,30-39,No,NA,Not Applicable,B: Evident Injury,Travel Lane,White,Male,39,30-39,No,NA,41-45 mph,O: No Injury,Black,Female,Sport Utility,No,25JUL2008,Friday,Non-Roadway,16,Non-Roadway,July,B: Evident Injury,16:50:00,Non-Roadway,2008,No,No,Daylight,Straight - Level,Public Vehicular Area,Dry,"One-Way, Not Divided",None,Traffic Circle/Roundabout,Coarse Asphalt,1 lane,"36.0730621082, -79.5865889117"
6723,Mint Hill,Mecklenburg,Piedmont,Commercial,Urban (>70% Developed),NA,Urban,40 - 45  MPH,Stop Sign,Clear,No,24,20-24,No,NA,With Traffic,B: Evident Injury,Sidewalk / Crosswalk / Driveway Crossing,White,Male,34,30-39,No,NA,0-5 mph,O: No Injury,White,Male,Passenger Car,No,27APR2007,Friday,Motorist Failed to Yield - Midblock,20,Non-Intersection,April,B: Evident Injury,20:30:00,Motorist Drive Out - Commercial Driveway / Alley,2007,No,No,Dusk,Straight - Level,Local Street,Dry,"Two-Way, Not Divided",None,"Driveway, Public",Smooth Asphalt,3 lanes,"35.1880598798, -80.6916431948"
6726,Charlotte,Mecklenburg,Piedmont,Commercial,Urban (>70% Developed),NA,Urban,NA,Stop And Go Signal,Clear,No,23,20-24,No,NA,With Traffic,B: Evident Injury,Travel Lane,White,Male,27,25-29,No,NA,NA,O: No Injury,Black,Male,NA,No,27APR2007,Friday,Motorist Left Turn / Merge,17,Intersection,April,B: Evident Injury,17:46:00,Motorist Left Turn - Opposite Direction,2007,No,Yes,Daylight,Straight - Level,Local Street,Dry,"Two-Way, Not Divided",None,No Special Feature,Smooth Asphalt,5 lanes,"35.2212328818, -80.8185632339"
6728,Morehead City,Carteret,Coastal,Residential,Urban (>70% Developed),NA,Urban,20 - 25  MPH,Stop Sign,Clear,No,70+,70+,No,NA,With Traffic,C: Possible Injury,Travel Lane,Black,Male,57,50-59,No,NA,0-5 mph,O: No Injury,Black,Male,Van,No,28APR2007,Saturday,Motorist Failed to Yield - Sign-Controlled Intersection,13,Intersection,April,C: Possible Injury,13:24:00,Motorist Drive Out - Sign-Controlled Intersection,2007,Yes,No,Daylight,Straight - Level,Local Street,Dry,"Two-Way, Not Divided",None,No Special Feature,Smooth Asphalt,2 lanes,"34.7241009136, -76.7252369749"
6729,Burlington,Alamance,Piedmont,Residential,Urban (>70% Developed),NA,Urban,30 - 35  MPH,No Control Present,Clear,No,30,30-39,No,NA,NA,C: Possible Injury,Travel Lane,Black,Male,NA,NA,Missing,NA,0-5 mph,Unknown Injury,Unknown/Missing,NA,Passenger Car,No,29APR2007,Sunday,Loss of Control / Turning Error,9,Non-Intersection,April,C: Possible Injury,09:38:00,Bicyclist Lost Control - Other / Unknown,2007,Yes,No,Daylight,Straight - Level,Local Street,Dry,"Two-Way, Not Divided",None,No Special Feature,Smooth Asphalt,2 lanes,"36.1061401213, -79.4113878608"
6730,Monroe,Union,Piedmont,Residential,Urban (>70% Developed),NA,Urban,30 - 35  MPH,Stop Sign,Clear,No,9,6-10,No,NA,Facing Traffic,A: Disabling Injury,NA,Hispanic,Male,17,0-19,No,NA,31-35 mph,O: No Injury,Black,Female,Passenger Car,No,29APR2007,Sunday,Bicyclist Failed to Yield - Sign-Controlled Intersection,18,Intersection,April,A: Disabling Injury,18:01:00,Bicyclist Ride Through - Sign-Controlled Intersection,2007,Yes,No,Daylight,Straight - Level,Local Street,Dry,"Two-Way, Not Divided",None,Four-Way Intersection,Smooth Asphalt,2 lanes,"34.9877068422, -80.5208231326"
6735,Wilmington,New Hanover,Coastal,Residential,Urban (>70% Developed),NA,Urban,5 - 15 MPH,No Control Present,Clear,No,18,16-19,No,NA,With Traffic,O: No Injury,NA,White,Male,54,50-59,No,NA,0-5 mph,O: No Injury,White,Female,Passenger Car,No,30APR2007,Monday,Backing Vehicle,17,Non-Intersection,April,O: No Injury,17:44:00,Backing Vehicle,2007,Yes,No,Daylight,Straight - Level,"Private Road, Driveway",Dry,"Two-Way, Divided, Positive Median Barrier",None,"Driveway, Public",Smooth Asphalt,2 lanes,"34.2364837662, -77.9432523207"
6740,Raleigh,Wake,Piedmont,Commercial,Urban (>70% Developed),NA,Urban,30 - 35  MPH,Stop And Go Signal,Clear,No,45,40-49,No,NA,Facing Traffic,C: Possible Injury,Sidewalk / Crosswalk / Driveway Crossing,Black,Male,32,30-39,No,NA,0-5 mph,O: No Injury,White,Male,Passenger Car,No,01MAY2007,Tuesday,Motorist Failed to Yield - Signalized Intersection,16,Intersection,May,C: Possible Injury,16:00:00,Motorist Drive Out - Right Turn on Red,2007,Yes,No,Daylight,Straight - Grade,Local Street,Dry,"Two-Way, Not Divided",None,No Special Feature,Smooth Asphalt,5 lanes,"35.7676870792, -78.5776425894"
6741,Charlotte,Mecklenburg,Piedmont,Commercial,Urban (>70% Developed),NA,Urban,30 - 35  MPH,Stop And Go Signal,Clear,No,28,25-29,No,NA,With Traffic,C: Possible Injury,Travel Lane,White,Male,36,30-39,No,NA,0-5 mph,O: No Injury,Black,Male,"Single Unit Truck (2-Axle, 6-Tire)",No,02MAY2007,Wednesday,Motorist Left Turn / Merge,9,Intersection,May,C: Possible Injury,09:56:00,Motorist Left Turn - Opposite Direction,2007,No,No,Daylight,Straight - Level,Local Street,Dry,"Two-Way, Not Divided",None,Four-Way Intersection,Smooth Asphalt,7 lanes,"35.2130308801, -80.8256632359"
6750,Chapel Hill,Orange,Piedmont,Residential,Urban (>70% Developed),NA,Urban,20 - 25  MPH,Stop Sign,Cloudy,No,12,11-15,No,NA,NA,B: Evident Injury,Travel Lane,Black,Male,22,20-24,No,NA,21-25 mph,O: No Injury,White,Male,Passenger Car,No,05MAY2007,Saturday,Bicyclist Failed to Yield - Sign-Controlled Intersection,16,Intersection,May,B: Evident Injury,16:04:00,Bicyclist Ride Through - Sign-Controlled Intersection,2007,Yes,No,Daylight,Straight - Grade,Local Street,Dry,"Two-Way, Not Divided",None,T-Intersection,Smooth Asphalt,2 lanes,"35.918262094, -79.0589777438"
6756,None - Rural Crash,Vance,Piedmont,"Farms, Woods, Pastures",Rural (<30% Developed),NA,Rural,50 - 55  MPH,"Double Yellow Line, No Passing Zone",Clear,No,35,30-39,Yes,NA,With Traffic,A: Disabling Injury,Travel Lane,Black,Male,NA,NA,Missing,NA,51-55 mph,Unknown Injury,Unknown/Missing,NA,NA,Yes,08MAY2007,Tuesday,Motorist Overtaking Bicyclist,22,Non-Intersection,May,A: Disabling Injury,22:30:00,Motorist Overtaking - Undetected Bicyclist,2007,Yes,Yes,Dark - Roadway Not Lighted,Straight - Level,NC Route,Dry,"Two-Way, Not Divided",None,No Special Feature,Smooth Asphalt,2 lanes,"36.488033238, -78.4270025828"