object_id,city,county,region,development,locality,on_road,rural_urban,speed_limit,traffic_control,weather,workzone,bike_age,bike_age_group,bike_alcohol,bike_alcohol_drugs,bike_direction,bike_injury,bike_position,bike_race,bike_sex,driver_age,driver_age_group,driver_alcohol,driver_alcohol_drugs,driver_est_speed,driver_injury,driver_race,driver_sex,driver_vehicle_type,crash_alcohol,crash_date,crash_day,crash_group,crash_hour,crash_location,crash_month,crash_severity,crash_time,crash_type,crash_year,ambulance_req,hit_run,light_condition,road_character,road_class,road_condition,road_configuration,road_defects,road_feature,road_surface,num_lanes,geo_point
6759,Charlotte,Mecklenburg,Piedmont,Commercial,Urban (>70% Developed),NA,Urban,20 - 25  MPH,Stop And Go Signal,Clear,No,26,25-29,No,NA,Facing Traffic,C: Possible Injury,Travel Lane,Black,Male,50,50-59,No,NA,0-5 mph,O: No Injury,White,Female,Sport Utility,No,09MAY2007,Wednesday,Motorist Failed to Yield - Signalized Intersection,19,Intersection,May,C: Possible Injury,19:01:00,Motorist Drive Out - Right Turn on Red,2007,Yes,No,Daylight,Straight - Level,Local Street,Dry,"Two-Way, Not Divided",None,No Special Feature,Smooth Asphalt,4 lanes,"35.2285418825, -80.8387182408"
6762,Raleigh,Wake,Piedmont,Residential,Mixed (30% To 70% Developed),NA,Urban,30 - 35  MPH,No Control Present,Clear,No,22,20-24,No,NA,NA,O: No Injury,Non-Roadway,White,Male,22,20-24,No,NA,11-15 mph,O: No Injury,Hispanic,Female,Pickup,No,10MAY2007,Thursday,Non-Roadway,15,Non-Roadway,May,O: No Injury,15:38:00,Non-Roadway,2007,No,No,Daylight,Straight - Level,Local Street,Dry,"Two-Way, Not Divided",None,No Special Feature,Grooved Concrete,2 lanes,"35.7742840767, -78.6862286235"
6763,Salisbury,Rowan,Piedmont,Commercial,Urban (>70% Developed),NA,Urban,20 - 25  MPH,No Control Present,Clear,No,18,16-19,No,NA,With Traffic,C: Possible Injury,Sidewalk / Crosswalk / Driveway Crossing,Black,Male,21,20-24,No,NA,11-15 mph,O: No Injury,White,Male,Pickup,No,03AUG2007,Friday,Motorist Right Turn / Merge,17,Intersection,August,C: Possible Injury,17:03:00,Motorist Right Turn - Same Direction,2007,No,No,Daylight,Straight - Level,Local Street,Dry,"Two-Way, Not Divided",None,No Special Feature,Coarse Asphalt,2 lanes,"35.6650419893, -80.4546631496"
6768,Kinston,Lenoir,Coastal,Residential,Urban (>70% Developed),NA,Urban,30 - 35  MPH,No Control Present,Clear,No,47,40-49,Yes,NA,With Traffic,C: Possible Injury,Travel Lane,Black,Male,24,20-24,No,NA,31-35 mph,O: No Injury,Black,Male,Sport Utility,Yes,12JUL2007,Thursday,Bicyclist Left Turn / Merge,17,Non-Intersection,July,C: Possible Injury,17:44:00,Bicyclist Left Turn - Opposite Direction,2007,Yes,No,Daylight,Straight - Level,Local Street,Dry,"Two-Way, Not Divided",None,"Driveway, Private",Smooth Asphalt,2 lanes,"35.2649170052, -77.5559222536"
6777,Asheville,Buncombe,Mountains,Commercial,Urban (>70% Developed),NA,Urban,30 - 35  MPH,"Double Yellow Line, No Passing Zone",Clear,No,28,25-29,No,NA,With Traffic,B: Evident Injury,Travel Lane,White,Male,16,0-19,No,NA,26-30 mph,O: No Injury,White,Female,NA,No,10MAY2007,Thursday,Motorist Overtaking Bicyclist,18,Non-Intersection,May,B: Evident Injury,18:06:00,Motorist Overtaking - Other / Unknown,2007,Yes,Yes,Daylight,Straight - Level,Local Street,Dry,"Two-Way, Not Divided",None,Bridge,Concrete,2 lanes,"35.5673628917, -82.5081737546"
6785,Kernersville,Forsyth,Piedmont,Commercial,Urban (>70% Developed),NA,Urban,30 - 35  MPH,No Control Present,Clear,No,45,40-49,No,NA,With Traffic,B: Evident Injury,Travel Lane,White,Male,31,30-39,No,NA,0-5 mph,O: No Injury,White,Female,Passenger Car,No,17MAY2007,Thursday,Motorist Left Turn / Merge,16,Non-Intersection,May,B: Evident Injury,16:48:00,Motorist Left Turn - Opposite Direction,2007,Yes,No,Daylight,Straight - Level,Local Street,Dry,"Two-Way, Divided, Unprotected Median",None,T-Intersection,Coarse Asphalt,3 lanes,"36.1265521018, -80.0675690596"
6786,Charlotte,Mecklenburg,Piedmont,Residential,Urban (>70% Developed),NA,Urban,40 - 45  MPH,No Control Present,Clear,No,5,0-5,No,NA,Not Applicable,A: Disabling Injury,NA,Black,Male,32,30-39,No,NA,6-10 mph,O: No Injury,Black,Female,Van,No,17MAY2007,Thursday,Bicyclist Failed to Yield - Midblock,18,Non-Intersection,May,A: Disabling Injury,18:31:00,Bicyclist Ride Out - Midblock - Unknown,2007,Yes,No,Daylight,Straight - Level,Local Street,Dry,"Two-Way, Divided, Unprotected Median",None,No Special Feature,Smooth Asphalt,4 lanes,"35.1882698728, -80.8832632517"
6799,Warsaw,Duplin,Coastal,Residential,Urban (>70% Developed),NA,Rural,30 - 35  MPH,No Control Present,Clear,No,9,6-10,No,NA,Facing Traffic,C: Possible Injury,Travel Lane,Black,Female,70+,70+,No,NA,21-25 mph,O: No Injury,Black,Female,Passenger Car,No,22JUL2007,Sunday,Bicyclist Failed to Yield - Sign-Controlled Intersection,15,Intersection,July,C: Possible Injury,15:46:00,Bicyclist Ride Through - Sign-Controlled Intersection,2007,Yes,No,Daylight,Straight - Level,State Secondary Route,Dry,"Two-Way, Not Divided",None,Four-Way Intersection,Smooth Asphalt,2 lanes,"34.9962069293, -78.0929424028"
6801,Tarboro,Edgecombe,Coastal,Commercial,Urban (>70% Developed),NA,Urban,30 - 35  MPH,No Control Present,Clear,No,68,60-69,No,NA,With Traffic,B: Evident Injury,Travel Lane,White,Male,57,50-59,No,NA,16-20 mph,Unknown Injury,White,Female,Pickup,No,22MAY2007,Tuesday,Motorist Right Turn / Merge,12,Non-Intersection,May,B: Evident Injury,12:49:00,Motorist Right Turn - Same Direction,2007,Yes,No,Daylight,Straight - Level,Local Street,Dry,"Two-Way, Not Divided",None,"Driveway, Public",Smooth Asphalt,3 lanes,"35.8969421427, -77.5427822816"
6804,Raleigh,Wake,Piedmont,Residential,Urban (>70% Developed),NA,Urban,20 - 25  MPH,No Control Present,Clear,No,16,16-19,No,NA,With Traffic,O: No Injury,Travel Lane,White,Male,53,50-59,No,NA,NA,O: No Injury,White,Female,Passenger Car,No,19MAY2007,Saturday,Bicyclist Overtaking Motorist,12,Non-Intersection,May,O: No Injury,12:35:00,Bicyclist Overtaking - Other / Unknown,2007,No,No,Daylight,Straight - Level,Local Street,Dry,"Two-Way, Divided, Unprotected Median",None,No Special Feature,Smooth Asphalt,2 lanes,"35.9253191132, -78.5705825958"
6805,Wilmington,New Hanover,Coastal,Commercial,Urban (>70% Developed),NA,Urban,40 - 45  MPH,No Control Present,Clear,No,28,25-29,No,NA,Facing Traffic,C: Possible Injury,Sidewalk / Crosswalk / Driveway Crossing,Black,Female,52,50-59,No,NA,0-5 mph,O: No Injury,White,Male,Pickup,No,22MAY2007,Tuesday,Motorist Failed to Yield - Midblock,11,Non-Intersection,May,C: Possible Injury,11:32:00,Motorist Drive Out - Commercial Driveway / Alley,2007,Yes,No,Daylight,Straight - Level,Local Street,Dry,"Two-Way, Not Divided",None,No Special Feature,Smooth Asphalt,5 lanes,"34.2438367705, -77.8829983036"
6807,Elizabeth City,Pasquotank,Coastal,Commercial,Urban (>70% Developed),NA,Urban,20 - 25  MPH,Stop Sign,Clear,No,70+,70+,No,NA,With Traffic,B: Evident Injury,Travel Lane,White,Male,22,20-24,No,NA,31-35 mph,O: No Injury,Black,Male,Passenger Car,No,23MAY2007,Wednesday,Motorist Left Turn / Merge,7,Intersection,May,B: Evident Injury,07:15:00,Motorist Left Turn - Opposite Direction,2007,No,No,Daylight,Straight - Grade,Local Street,Dry,"Two-Way, Not Divided",None,No Special Feature,Smooth Asphalt,2 lanes,"36.2991142741, -76.225451899"
6811,Kinston,Lenoir,Coastal,Commercial,Urban (>70% Developed),NA,Urban,30 - 35  MPH,No Control Present,Clear,No,51,50-59,Yes,NA,Facing Traffic,B: Evident Injury,Travel Lane,White,Male,17,0-19,No,NA,31-35 mph,O: No Injury,White,Female,Pickup,Yes,25AUG2007,Saturday,Bicyclist Right Turn / Merge,16,Non-Intersection,August,B: Evident Injury,16:49:00,Bicyclist Right Turn - Same Direction,2007,Yes,No,Daylight,Straight - Level,US Route,Dry,"Two-Way, Divided, Unprotected Median",None,No Special Feature,Smooth Asphalt,5 lanes,"35.269057005, -77.5866822628"
6819,Elizabeth City,Pasquotank,Coastal,Commercial,Urban (>70% Developed),NA,Urban,40 - 45  MPH,Stop And Go Signal,Clear,No,57,50-59,No,NA,With Traffic,C: Possible Injury,Travel Lane,White,Male,NA,NA,No,NA,41-45 mph,Unknown Injury,Unknown/Missing,NA,NA,No,25MAY2007,Friday,Motorist Failed to Yield - Signalized Intersection,21,Intersection,May,C: Possible Injury,21:12:00,Motorist Drive Through - Signalized Intersection,2007,Yes,Yes,Dark - Lighted Roadway,Straight - Level,US Route,Dry,"Two-Way, Divided, Unprotected Median",None,Four-Way Intersection,Smooth Asphalt,5 lanes,"36.3002432742, -76.2238118984"
6833,Raleigh,Wake,Piedmont,Residential,Urban (>70% Developed),NA,Urban,5 - 15 MPH,No Control Present,Clear,No,NA,NA,Missing,NA,NA,Unknown Injury,Non-Roadway,Unknown/Missing,NA,NA,NA,Missing,NA,NA,Unknown Injury,Unknown/Missing,NA,Passenger Car,No,30MAY2007,Wednesday,Non-Roadway,21,Non-Roadway,May,Unknown Injury,21:42:00,Non-Roadway,2007,No,No,Dusk,Curve - Grade,Local Street,Dry,"Two-Way, Not Divided",None,"Driveway, Public",Coarse Asphalt,2 lanes,"35.8827621043, -78.5603925908"
6842,Charlotte,Mecklenburg,Piedmont,Residential,Urban (>70% Developed),NA,Urban,30 - 35  MPH,No Control Present,Clear,No,15,11-15,No,NA,Not Applicable,B: Evident Injury,Driveway / Alley,Black,Female,41,40-49,No,NA,26-30 mph,O: No Injury,Black,Female,Passenger Car,No,31MAY2007,Thursday,Bicyclist Failed to Yield - Midblock,17,Non-Intersection,May,B: Evident Injury,17:00:00,Bicyclist Ride Out - Residential Driveway,2007,Yes,No,Daylight,Straight - Level,Local Street,Dry,"Two-Way, Not Divided",None,No Special Feature,Smooth Asphalt,2 lanes,"35.2505468878, -80.8293732391"
6844,Lewisville,Forsyth,Piedmont,Residential,Mixed (30% To 70% Developed),NA,Urban,40 - 45  MPH,Stop Sign,Clear,No,48,40-49,No,NA,With Traffic,B: Evident Injury,Travel Lane,White,Male,17,0-19,No,NA,0-5 mph,O: No Injury,White,Male,Passenger Car,No,01JUN2007,Friday,Motorist Failed to Yield - Sign-Controlled Intersection,16,Intersection,June,B: Evident Injury,16:08:00,Motorist Drive Out - Sign-Controlled Intersection,2007,Yes,No,Daylight,Straight - Level,State Secondary Route,Dry,"Two-Way, Not Divided",None,T-Intersection,Smooth Asphalt,2 lanes,"36.1124910864, -80.4032471596"
6846,Fayetteville,Cumberland,Coastal,Residential,Mixed (30% To 70% Developed),NA,Urban,20 - 25  MPH,Stop Sign,Cloudy,No,25,25-29,No,NA,With Traffic,C: Possible Injury,Travel Lane,Black,Male,52,50-59,No,NA,6-10 mph,O: No Injury,Black,Female,Sport Utility,No,06AUG2007,Monday,Loss of Control / Turning Error,8,Intersection,August,C: Possible Injury,08:00:00,Bicyclist Turning Error - Left Turn,2007,Yes,No,Daylight,Straight - Level,Local Street,Dry,"Two-Way, Not Divided",None,No Special Feature,Coarse Asphalt,5 lanes,"35.087191918, -78.9863226772"
6848,Charlotte,Mecklenburg,Piedmont,Residential,Urban (>70% Developed),NA,Urban,30 - 35  MPH,Stop Sign,Clear,No,52,50-59,No,NA,With Traffic,B: Evident Injury,Travel Lane,White,Male,55,50-59,No,NA,16-20 mph,O: No Injury,White,Male,Passenger Car,No,09SEP2007,Sunday,Motorist Failed to Yield - Sign-Controlled Intersection,16,Intersection,September,B: Evident Injury,16:57:00,Motorist Drive Out - Sign-Controlled Intersection,2007,Yes,No,Daylight,Straight - Level,Local Street,Dry,"Two-Way, Divided, Unprotected Median",None,No Special Feature,Smooth Asphalt,4 lanes,"35.1835238734, -80.8397832384"
6849,Durham,Durham,Piedmont,Residential,Urban (>70% Developed),NA,Urban,5 - 15 MPH,No Control Present,Clear,No,10,6-10,No,NA,With Traffic,O: No Injury,Bike Lane / Paved Shoulder,Black,Male,35,30-39,No,NA,0-5 mph,O: No Injury,Black,Female,Passenger Car,No,08SEP2007,Saturday,Bicyclist Left Turn / Merge,19,Non-Intersection,September,O: No Injury,19:27:00,Bicyclist Left Turn - Same Direction,2007,No,No,Daylight,Straight - Level,Local Street,Dry,"Two-Way, Not Divided",None,No Special Feature,Smooth Asphalt,2 lanes,"35.987995117, -78.8269676769"
6856,Charlotte,Mecklenburg,Piedmont,Residential,Urban (>70% Developed),NA,Urban,NA,No Control Present,Clear,No,19,16-19,No,NA,With Traffic,C: Possible Injury,Travel Lane,Black,Male,NA,NA,Missing,NA,NA,Unknown Injury,Unknown/Missing,NA,NA,No,01AUG2007,Wednesday,Motorist Overtaking Bicyclist,19,Non-Intersection,August,C: Possible Injury,19:17:00,Motorist Overtaking - Other / Unknown,2007,Yes,Yes,Dusk,Curve - Level,Local Street,Dry,"Two-Way, Not Divided",None,No Special Feature,Smooth Asphalt,2 lanes,"35.2421528836, -80.8832732547"
6862,Asheville,Buncombe,Mountains,Commercial,Urban (>70% Developed),NA,Urban,20 - 25  MPH,"Double Yellow Line, No Passing Zone",Clear,No,26,25-29,No,NA,With Traffic,B: Evident Injury,Travel Lane,White,Male,60,60-69,No,NA,6-10 mph,O: No Injury,White,Female,Passenger Car,No,08JUN2007,Friday,Bicyclist Overtaking Motorist,13,Non-Intersection,June,B: Evident Injury,13:11:00,Bicyclist Overtaking - Passing on Left,2007,Yes,No,Daylight,Straight - Level,Local Street,Dry,"Two-Way, Not Divided",None,T-Intersection,Coarse Asphalt,2 lanes,"35.584334893, -82.5665337737"
6867,Raleigh,Wake,Piedmont,Commercial,Urban (>70% Developed),NA,Urban,5 - 15 MPH,No Control Present,Cloudy,No,51,50-59,No,NA,NA,C: Possible Injury,NA,Black,Male,NA,NA,Missing,NA,0-5 mph,Unknown Injury,Unknown/Missing,NA,Pickup,No,09JUN2007,Saturday,Non-Roadway,22,Non-Roadway,June,C: Possible Injury,22:00:00,Non-Roadway,2007,No,Yes,Dark - Unknown Lighting,Straight - Level,Public Vehicular Area,Dry,"Two-Way, Not Divided",None,"Driveway, Public",Grooved Concrete,2 lanes,"35.7972410851, -78.5775825916"
6873,Winston-Salem,Forsyth,Piedmont,Residential,Urban (>70% Developed),NA,Urban,30 - 35  MPH,Stop Sign,Clear,No,9,6-10,No,NA,Facing Traffic,A: Disabling Injury,Travel Lane,Black,Male,37,30-39,No,NA,16-20 mph,A: Disabling Injury,Black,Female,Passenger Car,No,09JUN2007,Saturday,Bicyclist Failed to Yield - Sign-Controlled Intersection,19,Intersection,June,A: Disabling Injury,19:32:00,Bicyclist Ride Through - Sign-Controlled Intersection,2007,Yes,No,Daylight,Straight - Level,Local Street,Dry,"Two-Way, Not Divided",None,No Special Feature,Smooth Asphalt,2 lanes,"36.1207920943, -80.2269771067"
6875,Salisbury,Rowan,Piedmont,Residential,Urban (>70% Developed),NA,Urban,30 - 35  MPH,Stop And Go Signal,Clear,No,51,50-59,No,NA,With Traffic,C: Possible Injury,NA,White,Male,64,60-69,No,NA,0-5 mph,O: No Injury,Black,Female,Passenger Car,No,17SEP2007,Monday,Motorist Left Turn / Merge,10,Intersection,September,C: Possible Injury,10:57:00,Motorist Left Turn - Opposite Direction,2007,Yes,No,Daylight,Straight - Hillcrest,Local Street,Dry,"Two-Way, Not Divided",None,Four-Way Intersection,Smooth Asphalt,2 lanes,"35.6727019904, -80.4698331552"
6879,Charlotte,Mecklenburg,Piedmont,Commercial,Urban (>70% Developed),NA,Urban,5 - 15 MPH,No Control Present,Clear,No,20,20-24,No,NA,Facing Traffic,O: No Injury,NA,Hispanic,Male,55,50-59,No,NA,0-5 mph,O: No Injury,Black,Female,Passenger Car,No,17SEP2007,Monday,Crossing Paths - Other Circumstances,16,Non-Intersection,September,O: No Injury,16:13:00,Crossing Paths - Midblock - Other / Unknown,2007,No,No,Daylight,Straight - Level,Public Vehicular Area,Dry,"Two-Way, Not Divided",None,No Special Feature,Smooth Asphalt,2 lanes,"35.1987908797, -80.7419932106"
6891,Dunn,Harnett,Coastal,Residential,Urban (>70% Developed),NA,Urban,30 - 35  MPH,Stop Sign,Cloudy,No,8,6-10,No,NA,With Traffic,B: Evident Injury,Travel Lane,Black,Female,22,20-24,No,NA,21-25 mph,O: No Injury,Black,Male,Van,No,14JUN2007,Thursday,Bicyclist Failed to Yield - Sign-Controlled Intersection,19,Intersection,June,B: Evident Injury,19:10:00,Bicyclist Ride Through - Sign-Controlled Intersection,2007,Yes,No,Daylight,Straight - Level,Local Street,Dry,"Two-Way, Not Divided",None,Four-Way Intersection,Coarse Asphalt,2 lanes,"35.3015089779, -78.6050225733"
6898,Charlotte,Mecklenburg,Piedmont,Residential,Mixed (30% To 70% Developed),NA,Urban,40 - 45  MPH,"Double Yellow Line, No Passing Zone",Cloudy,No,31,30-39,No,NA,With Traffic,A: Disabling Injury,Travel Lane,Hispanic,Female,35,30-39,Yes,NA,0-5 mph,O: No Injury,White,Male,Sport Utility,Yes,04MAY2007,Friday,Motorist Overtaking Bicyclist,23,Non-Intersection,May,A: Disabling Injury,23:54:00,Motorist Overtaking - Other / Unknown,2007,Yes,No,Dark - Roadway Not Lighted,Straight - Level,Local Street,Dry,"Two-Way, Not Divided",None,No Special Feature,Coarse Asphalt,2 lanes,"35.3744839152, -80.8030432384"
6903,None - Rural Crash,Wake,Piedmont,Residential,Mixed (30% To 70% Developed),NA,Rural,40 - 45  MPH,Stop And Go Signal,Clear,No,15,11-15,No,NA,With Traffic,K: Killed,Travel Lane,Black,Female,60,60-69,No,NA,6-10 mph,O: No Injury,White,Female,Sport Utility,No,19JUN2007,Tuesday,Bicyclist Failed to Yield - Signalized Intersection,19,Intersection,June,K: Killed,19:19:00,Bicyclist Ride Through - Signalized Intersection,2007,Yes,No,Daylight,Straight - Level,State Secondary Route,Dry,"Two-Way, Not Divided",None,Four-Way Intersection,Smooth Asphalt,2 lanes,"35.8831571065, -78.510062575"
6908,Charlotte,Mecklenburg,Piedmont,Residential,Urban (>70% Developed),NA,Urban,40 - 45  MPH,Stop And Go Signal,Clear,No,13,11-15,No,NA,NA,B: Evident Injury,NA,White,Female,48,40-49,No,NA,6-10 mph,O: No Injury,White,Female,Pickup,No,25SEP2007,Tuesday,Motorist Right Turn / Merge,18,Intersection,September,B: Evident Injury,18:06:00,Motorist Right Turn - Opposite Direction,2007,No,No,Daylight,Straight - Level,NC Route,Dry,"Two-Way, Divided, Unprotected Median",None,T-Intersection,Smooth Asphalt,4 lanes,"35.0957168562, -80.7886382186"
6915,Durham,Durham,Piedmont,Commercial,Urban (>70% Developed),NA,Urban,30 - 35  MPH,Stop Sign,Clear,No,37,30-39,Yes,NA,With Traffic,C: Possible Injury,Travel Lane,White,Male,55,50-59,No,NA,0-5 mph,O: No Injury,Black,Female,Passenger Car,Yes,26SEP2007,Wednesday,Motorist Failed to Yield - Midblock,16,Non-Intersection,September,C: Possible Injury,16:19:00,Motorist Drive Out - Commercial Driveway / Alley,2007,Yes,No,Daylight,Straight - Level,Local Street,Dry,"Two-Way, Divided, Unprotected Median",None,T-Intersection,Coarse Asphalt,2 lanes,"36.0281871227, -78.9151527056"
6917,None - Rural Crash,Currituck,Coastal,Residential,Mixed (30% To 70% Developed),NA,Rural,20 - 25  MPH,No Control Present,Clear,No,11,11-15,No,NA,Not Applicable,B: Evident Injury,Multi-use Path,White,Male,46,40-49,No,NA,6-10 mph,O: No Injury,White,Female,Sport Utility,No,23JUN2007,Saturday,Bicyclist Failed to Yield - Midblock,14,Non-Intersection,June,B: Evident Injury,14:08:00,Bicyclist Ride Out - Other Midblock,2007,Yes,No,Daylight,Straight - Level,Public Vehicular Area,Dry,"Two-Way, Not Divided",None,No Special Feature,Coarse Asphalt,2 lanes,"36.2534572786, -75.7842517606"
6925,Raleigh,Wake,Piedmont,Residential,Urban (>70% Developed),NA,Urban,30 - 35  MPH,Stop Sign,Clear,No,12,11-15,No,NA,With Traffic,B: Evident Injury,Travel Lane,Black,Female,21,20-24,No,NA,31-35 mph,O: No Injury,Black,Female,Passenger Car,No,25JUN2007,Monday,Bicyclist Failed to Yield - Sign-Controlled Intersection,15,Intersection,June,B: Evident Injury,15:42:00,Bicyclist Ride Out - Sign-Controlled Intersection,2007,No,No,Daylight,Straight - Level,Local Street,Dry,"Two-Way, Not Divided",None,Four-Way Intersection,Concrete,8 lanes,"35.7825370811, -78.6206126035"
6934,Raleigh,Wake,Piedmont,Residential,Urban (>70% Developed),NA,Urban,30 - 35  MPH,Stop Sign,Clear,No,70+,70+,No,NA,With Traffic,B: Evident Injury,Travel Lane,White,Male,22,20-24,No,NA,21-25 mph,O: No Injury,Black,Male,Van,No,26JUN2007,Tuesday,Bicyclist Failed to Yield - Sign-Controlled Intersection,8,Intersection,June,B: Evident Injury,08:02:00,Bicyclist Ride Out - Sign-Controlled Intersection,2007,No,No,Daylight,Straight - Grade,Local Street,Dry,"Two-Way, Not Divided",None,Four-Way Intersection,Smooth Asphalt,2 lanes,"35.8005370847, -78.6158526033"
6937,Southern Pines,Moore,Piedmont,Commercial,Urban (>70% Developed),NA,Urban,40 - 45  MPH,Stop Sign,Clear,No,22,20-24,No,NA,Facing Traffic,B: Evident Injury,Travel Lane,White,Male,25,25-29,No,NA,6-10 mph,O: No Injury,White,Female,Passenger Car,No,27JUN2007,Wednesday,Motorist Right Turn / Merge,17,Intersection,June,B: Evident Injury,17:40:00,Motorist Right Turn - Opposite Direction,2007,Yes,No,Daylight,Straight - Hillcrest,Local Street,Dry,"Two-Way, Not Divided",None,Four-Way Intersection,Coarse Asphalt,2 lanes,"35.1603229188, -79.4112028097"
5008,None - Rural Crash,Hyde,Coastal,Residential,Urban (>70% Developed),NA,Rural,20 - 25  MPH,"Double Yellow Line, No Passing Zone",Clear,No,46,40-49,Yes,NA,With Traffic,B: Evident Injury,Travel Lane,White,Male,20,20-24,No,NA,6-10 mph,O: No Injury,White,Female,Passenger Car,Yes,03JUL2009,Friday,Motorist Overtaking Bicyclist,22,Non-Intersection,July,B: Evident Injury,22:04:00,Motorist Overtaking - Bicyclist Swerved,2009,Yes,No,Dark - Roadway Not Lighted,Straight - Grade,NC Route,Dry,"Two-Way, Not Divided",None,No Special Feature,Smooth Asphalt,2 lanes,"35.1154970246, -75.9819617662"
5013,Knightdale,Wake,Piedmont,Residential,Mixed (30% To 70% Developed),NA,Urban,20 - 25  MPH,Stop Sign,Clear,No,13,11-15,No,NA,With Traffic,B: Evident Injury,Travel Lane,Black,Male,36,30-39,No,NA,21-25 mph,O: No Injury,White,Male,Passenger Car,No,28JUL2009,Tuesday,Bicyclist Failed to Yield - Sign-Controlled Intersection,15,Intersection,July,B: Evident Injury,15:54:00,Bicyclist Ride Through - Sign-Controlled Intersection,2009,Yes,No,Daylight,Straight - Level,Local Street,Dry,"Two-Way, Not Divided",None,Four-Way Intersection,Coarse Asphalt,8 lanes,"35.7881570864, -78.4892725634"
5020,Charlotte,Mecklenburg,Piedmont,Residential,Urban (>70% Developed),NA,Urban,30 - 35  MPH,Stop Sign,Clear,No,18,16-19,No,NA,Facing Traffic,C: Possible Injury,Travel Lane,Black,Male,NA,NA,Missing,NA,11-15 mph,Unknown Injury,Unknown/Missing,NA,Passenger Car,No,20JUL2009,Monday,Motorist Failed to Yield - Sign-Controlled Intersection,18,Intersection,July,C: Possible Injury,18:01:00,Motorist Drive Out - Sign-Controlled Intersection,2009,No,Yes,Daylight,Straight - Level,Local Street,Dry,"Two-Way, Not Divided",None,No Special Feature,Smooth Asphalt,2 lanes,"35.2396668866, -80.80109723"
5021,Rocky Mount,Nash,Coastal,Commercial,Urban (>70% Developed),NA,Urban,5 - 15 MPH,No Control Present,Clear,No,59,50-59,No,NA,NA,O: No Injury,Driveway / Alley,Unknown/Missing,Male,NA,NA,Missing,NA,NA,Unknown Injury,Unknown/Missing,NA,Passenger Car,No,13JUL2009,Monday,Motorist Overtaking Bicyclist,18,Non-Intersection,July,O: No Injury,18:49:00,Motorist Overtaking - Other / Unknown,2009,No,Yes,Daylight,Straight - Level,Local Street,Dry,"Two-Way, Not Divided",None,Alley Intersection,Coarse Asphalt,2 lanes,"35.9433071444, -77.7957323609"
5041,Raleigh,Wake,Piedmont,Residential,Urban (>70% Developed),NA,Urban,40 - 45  MPH,Stop And Go Signal,Clear,No,30,30-39,Yes,NA,With Traffic,O: No Injury,Sidewalk / Crosswalk / Driveway Crossing,White,Male,70+,70+,No,NA,NA,O: No Injury,White,Male,Passenger Car,Yes,25JUN2009,Thursday,Motorist Failed to Yield - Signalized Intersection,17,Intersection,June,O: No Injury,17:30:00,Motorist Drive Out - Signalized Intersection,2009,No,No,Daylight,Straight - Level,Local Street,Dry,"Two-Way, Not Divided",None,Four-Way Intersection,Coarse Asphalt,4 lanes,"35.8731670978, -78.6916426304"
5055,None - Rural Crash,New Hanover,Coastal,Residential,Urban (>70% Developed),NA,Rural,20 - 25  MPH,Stop Sign,Clear,No,16,16-19,No,NA,With Traffic,C: Possible Injury,Travel Lane,White,Male,17,0-19,No,NA,6-10 mph,O: No Injury,White,Male,Sport Utility,No,03AUG2009,Monday,Loss of Control / Turning Error,22,Intersection,August,C: Possible Injury,22:45:00,Motorist Turning Error - Left Turn,2009,No,No,Dark - Lighted Roadway,Straight - Level,State Secondary Route,Dry,"Two-Way, Not Divided",None,T-Intersection,Coarse Asphalt,2 lanes,"34.1596217506, -77.8993123048"
5059,Durham,Durham,Piedmont,Industrial,Urban (>70% Developed),NA,Urban,30 - 35  MPH,Stop And Go Signal,Clear,No,20,20-24,No,NA,With Traffic,O: No Injury,Travel Lane,White,Male,32,30-39,No,NA,0-5 mph,O: No Injury,Black,Male,Passenger Car,No,03AUG2009,Monday,Bicyclist Failed to Yield - Signalized Intersection,21,Intersection,August,O: No Injury,21:50:00,Bicyclist Failed to Clear - Unknown,2009,Yes,No,Dark - Lighted Roadway,Straight - Level,Local Street,Dry,"Two-Way, Not Divided",None,T-Intersection,Smooth Asphalt,4 lanes,"36.0224671199, -78.9535827177"
5062,Wrightsville Beach,New Hanover,Coastal,Residential,Urban (>70% Developed),NA,Rural,20 - 25  MPH,No Control Present,Clear,No,48,40-49,No,NA,With Traffic,B: Evident Injury,Travel Lane,White,Male,34,30-39,No,NA,11-15 mph,O: No Injury,White,Female,Van,No,06AUG2009,Thursday,Motorist Right Turn / Merge,9,Non-Intersection,August,B: Evident Injury,09:57:00,Motorist Right Turn - Same Direction,2009,No,No,Daylight,Straight - Level,NC Route,Dry,"Two-Way, Not Divided",None,"Driveway, Public",Coarse Asphalt,2 lanes,"34.2270867697, -77.7825822719"
5066,None - Rural Crash,Burke,Mountains,"Farms, Woods, Pastures",Rural (<30% Developed),NA,Rural,50 - 55  MPH,"Double Yellow Line, No Passing Zone",Clear,No,64,60-69,No,NA,With Traffic,B: Evident Injury,Travel Lane,White,Male,66,60-69,No,NA,26-30 mph,O: No Injury,White,Male,Pickup,No,01AUG2009,Saturday,Motorist Overtaking Bicyclist,10,Non-Intersection,August,B: Evident Injury,10:49:00,Motorist Overtaking - Other / Unknown,2009,Yes,No,Daylight,Straight - Grade,State Secondary Route,Dry,"Two-Way, Not Divided",None,No Special Feature,Smooth Asphalt,2 lanes,"35.8349569775, -81.7326235403"