object_id,city,county,region,development,locality,on_road,rural_urban,speed_limit,traffic_control,weather,workzone,bike_age,bike_age_group,bike_alcohol,bike_alcohol_drugs,bike_direction,bike_injury,bike_position,bike_race,bike_sex,driver_age,driver_age_group,driver_alcohol,driver_alcohol_drugs,driver_est_speed,driver_injury,driver_race,driver_sex,driver_vehicle_type,crash_alcohol,crash_date,crash_day,crash_group,crash_hour,crash_location,crash_month,crash_severity,crash_time,crash_type,crash_year,ambulance_req,hit_run,light_condition,road_character,road_class,road_condition,road_configuration,road_defects,road_feature,road_surface,num_lanes,geo_point
5068,None - Rural Crash,Durham,Piedmont,Residential,Mixed (30% To 70% Developed),NA,Rural,40 - 45  MPH,"Double Yellow Line, No Passing Zone",Clear,No,58,50-59,No,NA,With Traffic,B: Evident Injury,Travel Lane,Black,Male,70+,70+,No,NA,36-40 mph,O: No Injury,White,Female,Sport Utility,No,22JUL2009,Wednesday,Motorist Overtaking Bicyclist,14,Non-Intersection,July,B: Evident Injury,14:10:00,Motorist Overtaking - Other / Unknown,2009,Yes,Yes,Daylight,Straight - Level,State Secondary Route,Dry,"Two-Way, Not Divided",None,No Special Feature,Smooth Asphalt,2 lanes,"36.04550513, -78.8110826752"
5071,Winton,Hertford,Coastal,Residential,Mixed (30% To 70% Developed),NA,Rural,30 - 35  MPH,"Double Yellow Line, No Passing Zone",Clear,No,11,11-15,No,NA,Facing Traffic,C: Possible Injury,Travel Lane,Black,Male,NA,NA,Missing,NA,31-35 mph,Unknown Injury,Unknown/Missing,NA,NA,No,05AUG2009,Wednesday,Motorist Left Turn / Merge,19,Intersection,August,C: Possible Injury,19:40:00,Motorist Left Turn - Same Direction,2009,No,Yes,Dark - Roadway Not Lighted,Straight - Level,NC Route,Dry,"Two-Way, Not Divided",None,T-Intersection,Coarse Asphalt,2 lanes,"36.3890472686, -76.9373321217"
5073,Havelock,Craven,Coastal,Commercial,Urban (>70% Developed),NA,Urban,40 - 45  MPH,No Control Present,Clear,No,44,40-49,No,NA,With Traffic,C: Possible Injury,Travel Lane,White,Male,65,60-69,No,NA,36-40 mph,O: No Injury,White,Male,Pickup,No,31JUL2009,Friday,Loss of Control / Turning Error,13,Non-Intersection,July,C: Possible Injury,13:10:00,Bicyclist Lost Control - Other / Unknown,2009,No,No,Daylight,Straight - Level,US Route,Dry,"Two-Way, Divided, Positive Median Barrier",None,Bridge,Smooth Asphalt,2 lanes,"34.8910269444, -76.9226520423"
5084,Chapel Hill,Orange,Piedmont,Institutional,Urban (>70% Developed),NA,Urban,20 - 25  MPH,Stop And Go Signal,Clear,No,21,20-24,No,NA,With Traffic,B: Evident Injury,Travel Lane,White,Female,22,20-24,Yes,NA,11-15 mph,O: No Injury,White,Male,Passenger Car,Yes,06AUG2009,Thursday,Motorist Failed to Yield - Signalized Intersection,16,Intersection,August,B: Evident Injury,16:15:00,Motorist Drive Through - Signalized Intersection,2009,Yes,No,Daylight,Straight - Grade,Local Street,Dry,"One-Way, Not Divided",None,No Special Feature,Coarse Asphalt,NA,"35.9106740925, -79.0542627417"
5092,None - Rural Crash,Pitt,Coastal,"Farms, Woods, Pastures",Rural (<30% Developed),NA,Rural,50 - 55  MPH,"Double Yellow Line, No Passing Zone",Rain,No,15,11-15,No,NA,With Traffic,C: Possible Injury,Bike Lane / Paved Shoulder,White,Male,39,30-39,No,NA,51-55 mph,O: No Injury,Black,Male,Passenger Car,No,17JUL2009,Friday,Motorist Overtaking Bicyclist,15,Non-Intersection,July,C: Possible Injury,15:30:00,Motorist Overtaking - Bicyclist Swerved,2009,Yes,No,Daylight,Straight - Grade,NC Route,Wet,"Two-Way, Not Divided",None,No Special Feature,Coarse Asphalt,2 lanes,"35.42546405, -77.2609271716"
5095,Charlotte,Mecklenburg,Piedmont,Residential,Urban (>70% Developed),NA,Urban,20 - 25  MPH,Stop Sign,Clear,No,46,40-49,No,NA,With Traffic,K: Killed,Travel Lane,Black,Male,20,20-24,No,NA,21-25 mph,O: No Injury,Black,Female,Passenger Car,No,29JUL2009,Wednesday,Bicyclist Failed to Yield - Sign-Controlled Intersection,12,Intersection,July,K: Killed,12:46:00,Bicyclist Ride Through - Sign-Controlled Intersection,2009,Yes,No,Daylight,Straight - Grade,Local Street,Dry,"Two-Way, Not Divided",None,Four-Way Intersection,Smooth Asphalt,2 lanes,"35.2441248844, -80.8758932522"
5106,Charlotte,Mecklenburg,Piedmont,Residential,Urban (>70% Developed),NA,Urban,40 - 45  MPH,No Control Present,Clear,No,18,16-19,No,NA,Facing Traffic,C: Possible Injury,Travel Lane,White,Male,35,30-39,No,NA,0-5 mph,O: No Injury,White,Male,Sport Utility,No,25AUG2009,Tuesday,Crossing Paths - Other Circumstances,17,Intersection,August,C: Possible Injury,17:41:00,Crossing Paths - Intersection - Other / Unknown,2009,Yes,No,Daylight,Straight - Level,NC Route,Dry,"Two-Way, Divided, Positive Median Barrier",None,T-Intersection,Smooth Asphalt,4 lanes,"35.1132918538, -80.9677432728"
5111,Greensboro,Guilford,Piedmont,Commercial,Urban (>70% Developed),NA,Urban,30 - 35  MPH,No Control Present,Clear,No,20,20-24,No,NA,Facing Traffic,C: Possible Injury,Sidewalk / Crosswalk / Driveway Crossing,White,Male,NA,NA,Missing,NA,6-10 mph,Unknown Injury,Unknown/Missing,NA,NA,No,12AUG2009,Wednesday,Motorist Failed to Yield - Midblock,20,Non-Intersection,August,C: Possible Injury,20:42:00,Motorist Drive Out - Other Midblock,2009,No,Yes,Dusk,Straight - Level,Local Street,Dry,"Two-Way, Not Divided",None,"Driveway, Public",Coarse Asphalt,5 lanes,"36.0735970972, -79.8869630024"
5116,None - Rural Crash,Richmond,Piedmont,"Farms, Woods, Pastures",Rural (<30% Developed),NA,Rural,50 - 55  MPH,No Control Present,Clear,No,52,50-59,No,NA,With Traffic,A: Disabling Injury,Travel Lane,White,Male,NA,NA,No,NA,51-55 mph,Unknown Injury,Unknown/Missing,NA,Pickup,No,02SEP2009,Wednesday,Motorist Overtaking Bicyclist,20,Non-Intersection,September,A: Disabling Injury,20:15:00,Motorist Overtaking - Other / Unknown,2009,Yes,Yes,Dark - Roadway Not Lighted,Straight - Grade,NC Route,Dry,"Two-Way, Not Divided",None,No Special Feature,Smooth Asphalt,2 lanes,"34.8468698413, -79.6962828792"
5133,None - Rural Crash,Cleveland,Mountains,Residential,Rural (<30% Developed),NA,Rural,40 - 45  MPH,"Double Yellow Line, No Passing Zone",Cloudy,No,10,6-10,No,NA,With Traffic,C: Possible Injury,Travel Lane,White,Male,38,30-39,No,NA,41-45 mph,O: No Injury,White,Male,Pickup,No,04AUG2009,Tuesday,Bicyclist Left Turn / Merge,16,Intersection-Related,August,C: Possible Injury,16:53:00,Bicyclist Left Turn - Same Direction,2009,Yes,No,Daylight,Straight - Level,State Secondary Route,Dry,"Two-Way, Not Divided",None,No Special Feature,Coarse Asphalt,2 lanes,"35.2350668632, -81.4061694099"
5135,Apex,Wake,Piedmont,Commercial,Urban (>70% Developed),NA,Urban,20 - 25  MPH,No Control Present,Clear,No,29,25-29,No,NA,Not Applicable,B: Evident Injury,Non-Roadway,Black,Male,54,50-59,No,NA,16-20 mph,O: No Injury,White,Female,Sport Utility,No,27AUG2009,Thursday,Bicyclist Failed to Yield - Midblock,16,Non-Intersection,August,B: Evident Injury,16:36:00,Bicyclist Ride Out - Other Midblock,2009,Yes,No,Daylight,Straight - Grade,Local Street,Dry,"Two-Way, Not Divided",None,No Special Feature,Coarse Asphalt,NA,"35.7327650625, -78.8501126699"
5145,None - Rural Crash,Wayne,Coastal,"Farms, Woods, Pastures",Rural (<30% Developed),NA,Rural,50 - 55  MPH,"Double Yellow Line, No Passing Zone",Clear,No,10,6-10,No,NA,With Traffic,Unknown Injury,Travel Lane,Unknown/Missing,NA,25,25-29,No,NA,51-55 mph,O: No Injury,Hispanic,Female,Passenger Car,No,15SEP2009,Tuesday,Bicyclist Left Turn / Merge,16,Non-Intersection,September,O: No Injury,16:58:00,Bicyclist Left Turn - Same Direction,2009,No,No,Daylight,Straight - Level,NC Route,Dry,"Two-Way, Not Divided",None,"Driveway, Private",Smooth Asphalt,2 lanes,"35.2428619886, -77.9044423583"
5146,Wilmington,New Hanover,Coastal,Residential,Urban (>70% Developed),NA,Urban,20 - 25  MPH,No Control Present,Clear,No,24,20-24,No,NA,With Traffic,C: Possible Injury,Sidewalk / Crosswalk / Driveway Crossing,White,Female,33,30-39,No,NA,0-5 mph,O: No Injury,Black,Male,Passenger Car,No,01SEP2009,Tuesday,Motorist Failed to Yield - Midblock,14,Non-Intersection,September,C: Possible Injury,14:30:00,Motorist Drive Out - Residential Driveway,2009,No,No,Daylight,Straight - Level,Local Street,Dry,"Two-Way, Not Divided",None,No Special Feature,Smooth Asphalt,2 lanes,"34.2022807611, -77.886512302"
5151,Kill Devil Hills,Dare,Coastal,Commercial,Urban (>70% Developed),NA,Urban,50 - 55  MPH,Stop And Go Signal,Cloudy,No,24,20-24,No,NA,With Traffic,A: Disabling Injury,Sidewalk / Crosswalk / Driveway Crossing,Hispanic,Male,44,40-49,No,NA,16-20 mph,O: No Injury,White,Male,Pickup,No,06SEP2009,Sunday,Motorist Left Turn / Merge,8,Intersection,September,A: Disabling Injury,08:30:00,Motorist Left Turn - Opposite Direction,2009,Yes,No,Daylight,Straight - Grade,US Route,Dry,"Two-Way, Not Divided",None,Four-Way Intersection,Coarse Asphalt,5 lanes,"35.9976232276, -75.6513767071"
5162,Nags Head,Dare,Coastal,Commercial,Urban (>70% Developed),NA,Rural,50 - 55  MPH,No Control Present,Clear,No,19,16-19,No,NA,Not Applicable,B: Evident Injury,Travel Lane,White,Female,68,60-69,No,NA,46-50 mph,O: No Injury,White,Male,Van,No,14JUN2009,Sunday,Bicyclist Failed to Yield - Midblock,21,Non-Intersection,June,B: Evident Injury,21:44:00,Bicyclist Ride Out - Midblock - Unknown,2009,Yes,No,Dark - Roadway Not Lighted,Straight - Level,US Route,Dry,"Two-Way, Divided, Unprotected Median",None,No Special Feature,Smooth Asphalt,5 lanes,"35.9837642248, -75.6438217038"
5167,Concord,Cabarrus,Piedmont,Commercial,Urban (>70% Developed),NA,Urban,5 - 15 MPH,No Control Present,Clear,No,11,11-15,No,NA,Not Applicable,C: Possible Injury,Non-Roadway,Black,Male,18,0-19,No,NA,0-5 mph,O: No Injury,White,Male,Pickup,No,04SEP2009,Friday,Non-Roadway,20,Non-Roadway,September,C: Possible Injury,20:53:00,Non-Roadway,2009,Yes,No,Other,Straight - Level,Public Vehicular Area,Dry,"One-Way, Not Divided",None,"Driveway, Public",Smooth Asphalt,1 lane,"35.4231329333, -80.5918231774"
5169,Wilmington,New Hanover,Coastal,Commercial,Urban (>70% Developed),NA,Urban,20 - 25  MPH,Stop And Go Signal,Cloudy,No,41,40-49,No,NA,With Traffic,C: Possible Injury,Travel Lane,White,Male,67,60-69,No,NA,16-20 mph,O: No Injury,Black,Female,Passenger Car,No,10SEP2009,Thursday,Motorist Left Turn / Merge,10,Intersection,September,C: Possible Injury,10:51:00,Motorist Left Turn - Opposite Direction,2009,Yes,No,Daylight,Straight - Level,Local Street,Dry,"Two-Way, Not Divided",None,No Special Feature,Smooth Asphalt,2 lanes,"34.2387987669, -77.9491023232"
5186,None - Rural Crash,Iredell,Piedmont,Residential,Rural (<30% Developed),NA,Rural,40 - 45  MPH,"Double Yellow Line, No Passing Zone",Clear,No,56,50-59,No,NA,With Traffic,A: Disabling Injury,Travel Lane,White,Male,70+,70+,No,NA,41-45 mph,O: No Injury,White,Male,Pickup,No,25SEP2009,Friday,Motorist Overtaking Bicyclist,13,Non-Intersection,September,A: Disabling Injury,13:17:00,Motorist Overtaking - Misjudged Space,2009,Yes,No,Daylight,Straight - Level,State Secondary Route,Dry,"Two-Way, Not Divided",None,No Special Feature,Smooth Asphalt,2 lanes,"35.7636219907, -80.9864433143"
5187,Charlotte,Mecklenburg,Piedmont,Commercial,Urban (>70% Developed),NA,Urban,30 - 35  MPH,No Control Present,Cloudy,No,24,20-24,No,NA,With Traffic,B: Evident Injury,Travel Lane,White,Male,30,30-39,No,NA,31-35 mph,C: Possible Injury,White,Female,Sport Utility,No,17SEP2009,Thursday,Motorist Right Turn / Merge,17,Intersection,September,B: Evident Injury,17:03:00,Motorist Right Turn - Same Direction,2009,No,No,Daylight,Straight - Level,Local Street,Dry,"Two-Way, Not Divided",None,No Special Feature,Smooth Asphalt,4 lanes,"35.1867208761, -80.7657732165"
5191,Goldsboro,Wayne,Coastal,Commercial,Urban (>70% Developed),NA,Urban,30 - 35  MPH,Stop And Go Signal,Clear,No,18,16-19,No,NA,Facing Traffic,C: Possible Injury,Travel Lane,Black,Male,65,60-69,No,NA,6-10 mph,O: No Injury,Black,Female,Passenger Car,No,19SEP2009,Saturday,Crossing Paths - Other Circumstances,12,Intersection,September,C: Possible Injury,12:45:00,Signalized Intersection - Other / Unknown,2009,No,No,Dark - Lighted Roadway,Straight - Hillcrest,Local Street,Dry,"Two-Way, Not Divided",None,Four-Way Intersection,Coarse Asphalt,8 lanes,"35.3969370203, -77.9667383847"
5195,None - Rural Crash,Granville,Piedmont,"Farms, Woods, Pastures",Rural (<30% Developed),NA,Rural,50 - 55  MPH,"Double Yellow Line, No Passing Zone",Cloudy,No,19,16-19,No,NA,With Traffic,C: Possible Injury,Travel Lane,White,Female,65,60-69,No,NA,31-35 mph,O: No Injury,White,Female,Passenger Car,No,20SEP2009,Sunday,Motorist Right Turn / Merge,9,Non-Intersection,September,C: Possible Injury,09:50:00,Motorist Right Turn - Same Direction,2009,No,No,Daylight,Straight - Level,State Secondary Route,Dry,"Two-Way, Not Divided",None,"Driveway, Private",Coarse Asphalt,2 lanes,"36.1834271623, -78.7451226628"
5198,Rocky Mount,Edgecombe,Coastal,Commercial,Urban (>70% Developed),NA,Urban,30 - 35  MPH,Stop Sign,Clear,No,47,40-49,No,NA,Facing Traffic,B: Evident Injury,Travel Lane,Black,Female,62,60-69,No,NA,0-5 mph,O: No Injury,White,Female,Sport Utility,No,14AUG2009,Friday,Motorist Failed to Yield - Sign-Controlled Intersection,9,Intersection,August,B: Evident Injury,09:39:00,Motorist Drive Out - Sign-Controlled Intersection,2009,Yes,No,Daylight,Straight - Level,Local Street,Dry,"Two-Way, Not Divided",None,No Special Feature,Smooth Asphalt,3 lanes,"35.930660142, -77.7744773538"
5207,Fayetteville,Cumberland,Coastal,Commercial,Urban (>70% Developed),NA,Urban,30 - 35  MPH,Stop And Go Signal,Cloudy,No,20,20-24,No,NA,Facing Traffic,Unknown Injury,Travel Lane,Unknown/Missing,NA,NA,NA,Missing,NA,0-5 mph,Unknown Injury,Unknown/Missing,NA,NA,No,23SEP2009,Wednesday,Motorist Failed to Yield - Signalized Intersection,10,Intersection,September,Unknown Injury,10:32:00,Motorist Drive Out - Right Turn on Red,2009,Yes,Yes,Daylight,Straight - Level,Local Street,Dry,"Two-Way, Not Divided",None,No Special Feature,Coarse Asphalt,4 lanes,"35.1170869282, -78.8800426474"
5208,Charlotte,Mecklenburg,Piedmont,Residential,Urban (>70% Developed),NA,Urban,20 - 25  MPH,No Control Present,Clear,No,11,11-15,No,NA,Not Applicable,C: Possible Injury,NA,Hispanic,Male,23,20-24,No,NA,16-20 mph,O: No Injury,Black,Female,Passenger Car,No,24SEP2009,Thursday,Bicyclist Failed to Yield - Midblock,19,Non-Intersection,September,C: Possible Injury,19:08:00,Bicyclist Ride Out - Midblock - Unknown,2009,No,No,Dusk,Straight - Grade,Local Street,Dry,"Two-Way, Not Divided",None,No Special Feature,Smooth Asphalt,2 lanes,"35.2812418965, -80.7715332236"
5216,Raleigh,Wake,Piedmont,Commercial,Urban (>70% Developed),NA,Urban,5 - 15 MPH,Stop Sign,Clear,No,22,20-24,No,NA,Facing Traffic,B: Evident Injury,Sidewalk / Crosswalk / Driveway Crossing,White,Male,46,40-49,No,NA,0-5 mph,O: No Injury,White,Female,Sport Utility,No,04SEP2009,Friday,Motorist Failed to Yield - Sign-Controlled Intersection,19,Intersection,September,B: Evident Injury,19:01:00,Motorist Drive Out - Sign-Controlled Intersection,2009,Yes,No,Daylight,Straight - Level,Local Street,Dry,"Two-Way, Divided, Unprotected Median",None,"Driveway, Public",Smooth Asphalt,4 lanes,"35.8447220935, -78.6439526134"
5224,Raleigh,Wake,Piedmont,Commercial,Urban (>70% Developed),NA,Urban,30 - 35  MPH,Stop And Go Signal,Clear,No,34,30-39,No,NA,Facing Traffic,B: Evident Injury,Sidewalk / Crosswalk / Driveway Crossing,White,Male,NA,NA,Missing,NA,31-35 mph,Unknown Injury,Unknown/Missing,NA,NA,No,02SEP2009,Wednesday,Motorist Failed to Yield - Signalized Intersection,21,Intersection,September,B: Evident Injury,21:55:00,Motorist Drive Through - Signalized Intersection,2009,Yes,Yes,Dark - Lighted Roadway,Straight - Level,Local Street,Dry,"Two-Way, Divided, Positive Median Barrier",None,Y-Intersection,Smooth Asphalt,4 lanes,"35.7990470832, -78.6460026123"
5225,None - Rural Crash,Ashe,Mountains,Residential,Mixed (30% To 70% Developed),NA,Rural,30 - 35  MPH,"Double Yellow Line, No Passing Zone",Cloudy,No,11,11-15,No,NA,Not Applicable,B: Evident Injury,Non-Roadway,White,Male,16,0-19,No,NA,21-25 mph,O: No Injury,White,Female,Passenger Car,No,24SEP2009,Thursday,Bicyclist Failed to Yield - Midblock,15,Non-Intersection,September,B: Evident Injury,15:55:00,Bicyclist Ride Out - Other Midblock,2009,Yes,No,Daylight,Straight - Hillcrest,State Secondary Route,Dry,"Two-Way, Not Divided",None,No Special Feature,Smooth Asphalt,2 lanes,"36.4105641064, -81.4892935022"
5231,None - Rural Crash,Stokes,Piedmont,"Farms, Woods, Pastures",Mixed (30% To 70% Developed),NA,Rural,40 - 45  MPH,"Double Yellow Line, No Passing Zone",Clear,No,18,16-19,No,NA,With Traffic,C: Possible Injury,Travel Lane,White,Male,NA,NA,Missing,NA,41-45 mph,Unknown Injury,Unknown/Missing,NA,NA,No,28SEP2009,Monday,Loss of Control / Turning Error,20,Non-Intersection,September,C: Possible Injury,20:00:00,Motorist Lost Control - Other / Unknown,2009,Yes,Yes,Dark - Roadway Not Lighted,Curve - Level,NC Route,Dry,"Two-Way, Not Divided",None,No Special Feature,Smooth Asphalt,2 lanes,"36.3303601341, -80.336368152"
5235,Statesville,Iredell,Piedmont,Residential,Urban (>70% Developed),NA,Urban,30 - 35  MPH,Stop Sign,Clear,No,16,16-19,No,NA,With Traffic,B: Evident Injury,Travel Lane,Black,Male,43,40-49,No,NA,26-30 mph,O: No Injury,Black,Female,Passenger Car,No,02OCT2009,Friday,Bicyclist Failed to Yield - Sign-Controlled Intersection,16,Intersection,October,B: Evident Injury,16:15:00,Bicyclist Ride Through - Sign-Controlled Intersection,2009,Yes,No,Daylight,Straight - Grade,Local Street,Dry,"Two-Way, Not Divided",None,No Special Feature,Smooth Asphalt,2 lanes,"35.7809519985, -80.8837232851"
5243,Jacksonville,Onslow,Coastal,Residential,Rural (<30% Developed),NA,Urban,30 - 35  MPH,Stop Sign,Clear,No,16,16-19,No,NA,Facing Traffic,C: Possible Injury,Travel Lane,Black,Male,38,30-39,No,NA,0-5 mph,O: No Injury,Black,Female,Passenger Car,No,18SEP2009,Friday,Motorist Failed to Yield - Sign-Controlled Intersection,15,Intersection,September,C: Possible Injury,15:58:00,Motorist Drive Out - Sign-Controlled Intersection,2009,Yes,No,Daylight,Straight - Level,Local Street,Dry,"Two-Way, Not Divided",None,T-Intersection,Smooth Asphalt,NA,"34.7691269022, -77.3900621784"
5246,Raleigh,Wake,Piedmont,Residential,Urban (>70% Developed),NA,Urban,30 - 35  MPH,Stop Sign,Clear,No,14,11-15,No,NA,With Traffic,B: Evident Injury,Travel Lane,White,Male,52,50-59,No,NA,26-30 mph,O: No Injury,White,Male,Sport Utility,No,20SEP2009,Sunday,Bicyclist Failed to Yield - Sign-Controlled Intersection,15,Intersection,September,B: Evident Injury,15:10:00,Bicyclist Ride Through - Sign-Controlled Intersection,2009,Yes,No,Daylight,Straight - Grade,Local Street,Dry,"Two-Way, Not Divided",None,No Special Feature,Coarse Asphalt,2 lanes,"35.8482870916, -78.7087276333"
5251,Raleigh,Wake,Piedmont,Residential,Urban (>70% Developed),NA,Urban,30 - 35  MPH,Stop Sign,Clear,No,25,25-29,No,NA,Facing Traffic,C: Possible Injury,Sidewalk / Crosswalk / Driveway Crossing,Black,Male,32,30-39,No,NA,NA,O: No Injury,White,Female,Sport Utility,No,25SEP2009,Friday,Motorist Failed to Yield - Sign-Controlled Intersection,15,Intersection,September,C: Possible Injury,15:15:00,Motorist Drive Out - Sign-Controlled Intersection,2009,No,No,Daylight,Straight - Level,Local Street,Dry,"Two-Way, Not Divided",None,T-Intersection,Smooth Asphalt,2 lanes,"35.837459094, -78.5704375915"
5254,Charlotte,Mecklenburg,Piedmont,Residential,Mixed (30% To 70% Developed),NA,Urban,NA,No Control Present,Clear,No,44,40-49,No,NA,With Traffic,Unknown Injury,Travel Lane,Black,Male,17,0-19,No,NA,NA,C: Possible Injury,Black,Male,Pedestrian,No,30SEP2009,Wednesday,Motorist Overtaking Bicyclist,19,Non-Intersection,September,C: Possible Injury,19:22:00,Motorist Overtaking - Bicyclist Swerved,2009,No,No,Dawn,Straight - Grade,Local Street,"Water (Standing, Moving)","Two-Way, Not Divided",None,No Special Feature,Smooth Asphalt,2 lanes,"35.2418668924, -80.6617031888"
5263,Greensboro,Guilford,Piedmont,Commercial,Urban (>70% Developed),NA,Urban,20 - 25  MPH,Stop And Go Signal,Clear,No,17,16-19,No,NA,With Traffic,B: Evident Injury,Travel Lane,White,Male,21,20-24,No,NA,16-20 mph,C: Possible Injury,Black,Female,Passenger Car,No,07OCT2009,Wednesday,Bicyclist Failed to Yield - Signalized Intersection,21,Intersection,October,B: Evident Injury,21:27:00,Bicyclist Failed to Clear - Trapped,2009,Yes,No,Dark - Lighted Roadway,Straight - Level,Local Street,Dry,"One-Way, Not Divided",None,Related To Intersection,Smooth Asphalt,4 lanes,"36.0735071007, -79.790217973"
5265,Kernersville,Forsyth,Piedmont,Residential,Urban (>70% Developed),NA,Urban,30 - 35  MPH,Stop Sign,Cloudy,No,17,16-19,No,NA,Facing Traffic,C: Possible Injury,Travel Lane,White,Male,66,60-69,No,NA,0-5 mph,O: No Injury,White,Female,Passenger Car,No,10OCT2009,Saturday,Motorist Failed to Yield - Sign-Controlled Intersection,21,Intersection,October,C: Possible Injury,21:04:00,Motorist Drive Out - Sign-Controlled Intersection,2009,No,No,Dark - Roadway Not Lighted,Straight - Level,Local Street,Dry,"Two-Way, Not Divided",None,T-Intersection,Smooth Asphalt,4 lanes,"36.1089570973, -80.0778630615"
5266,None - Rural Crash,Moore,Piedmont,"Farms, Woods, Pastures",Rural (<30% Developed),NA,Rural,50 - 55  MPH,Stop Sign,Cloudy,No,17,16-19,No,NA,With Traffic,A: Disabling Injury,Travel Lane,Black,Male,40,40-49,No,NA,51-55 mph,C: Possible Injury,Hispanic,Female,Sport Utility,No,06OCT2009,Tuesday,Bicyclist Failed to Yield - Sign-Controlled Intersection,17,Intersection,October,A: Disabling Injury,17:15:00,Bicyclist Ride Through - Sign-Controlled Intersection,2009,Yes,No,Daylight,Straight - Grade,State Secondary Route,Dry,"Two-Way, Not Divided",None,T-Intersection,Coarse Asphalt,2 lanes,"35.3090429538, -79.3409027962"
5269,Charlotte,Mecklenburg,Piedmont,Commercial,Urban (>70% Developed),NA,Urban,40 - 45  MPH,Stop And Go Signal,Rain,No,46,40-49,No,NA,Facing Traffic,C: Possible Injury,Travel Lane,Black,Male,54,50-59,No,NA,0-5 mph,O: No Injury,Black,Female,Passenger Car,No,14OCT2009,Wednesday,Bicyclist Failed to Yield - Signalized Intersection,8,Intersection,October,C: Possible Injury,08:30:00,Bicyclist Ride Through - Signalized Intersection,2009,Yes,No,Daylight,Straight - Level,Local Street,Wet,"Two-Way, Not Divided",None,T-Intersection,Smooth Asphalt,6 lanes,"35.2699498908, -80.854253247"
5270,Fayetteville,Cumberland,Coastal,Residential,Rural (<30% Developed),NA,Urban,40 - 45  MPH,No Control Present,Clear,No,38,30-39,No,NA,With Traffic,B: Evident Injury,Travel Lane,Hispanic,Male,63,60-69,No,NA,21-25 mph,O: No Injury,Black,Female,Passenger Car,No,16OCT2009,Friday,Bicyclist Left Turn / Merge,18,Non-Intersection,October,B: Evident Injury,18:15:00,Bicyclist Left Turn - Same Direction,2009,Yes,No,Daylight,Straight - Level,Local Street,Dry,"Two-Way, Not Divided",None,No Special Feature,Coarse Asphalt,5 lanes,"35.0929639222, -78.9191726581"
5277,Beaufort,Carteret,Coastal,Residential,Urban (>70% Developed),NA,Rural,20 - 25  MPH,No Control Present,Clear,No,50,50-59,No,NA,With Traffic,B: Evident Injury,Travel Lane,White,Male,36,30-39,Yes,NA,21-25 mph,O: No Injury,Black,Male,Passenger Car,Yes,27OCT2009,Tuesday,Motorist Left Turn / Merge,20,Intersection,October,B: Evident Injury,20:45:00,Motorist Left Turn - Opposite Direction,2009,Yes,Yes,Dark - Lighted Roadway,Straight - Level,Local Street,Dry,"Two-Way, Not Divided",None,Four-Way Intersection,Smooth Asphalt,2 lanes,"34.7206969157, -76.659721954"
5288,Fayetteville,Cumberland,Coastal,Commercial,Urban (>70% Developed),NA,Urban,30 - 35  MPH,Stop And Go Signal,Clear,No,14,11-15,No,NA,With Traffic,C: Possible Injury,Sidewalk / Crosswalk / Driveway Crossing,White,Male,20,20-24,No,NA,21-25 mph,O: No Injury,Black,Female,Passenger Car,No,28OCT2009,Wednesday,Motorist Left Turn / Merge,22,Intersection,October,C: Possible Injury,22:53:00,Motorist Left Turn - Opposite Direction,2009,No,No,Dark - Lighted Roadway,Straight - Level,Local Street,Dry,"Two-Way, Divided, Unprotected Median",None,Four-Way Intersection,Coarse Asphalt,5 lanes,"35.0454269114, -78.9244486567"
5297,Holly Springs,Wake,Piedmont,Residential,Urban (>70% Developed),NA,Urban,30 - 35  MPH,Stop And Go Signal,Clear,No,41,40-49,No,NA,With Traffic,B: Evident Injury,Travel Lane,White,Male,28,25-29,No,NA,0-5 mph,O: No Injury,Black,Female,Passenger Car,No,31OCT2009,Saturday,Motorist Left Turn / Merge,16,Intersection,October,B: Evident Injury,16:12:00,Motorist Left Turn - Opposite Direction,2009,Yes,No,Daylight,Straight - Level,Local Street,Dry,"Two-Way, Not Divided",None,No Special Feature,Smooth Asphalt,3 lanes,"35.6320950402, -78.8518026659"
5300,Raleigh,Wake,Piedmont,Residential,Urban (>70% Developed),NA,Urban,30 - 35  MPH,No Control Present,Clear,No,30,30-39,Yes,NA,Not Applicable,C: Possible Injury,NA,Black,Male,49,40-49,No,NA,31-35 mph,O: No Injury,Black,Male,Passenger Car,Yes,08OCT2009,Thursday,Bicyclist Failed to Yield - Midblock,20,Non-Intersection,October,C: Possible Injury,20:12:00,Bicyclist Ride Out - Midblock - Unknown,2009,Yes,No,Dark - Lighted Roadway,Straight - Hillcrest,Local Street,Dry,"One-Way, Not Divided",None,No Special Feature,Smooth Asphalt,3 lanes,"35.7723420782, -78.6459626106"
5307,Tarboro,Edgecombe,Coastal,Commercial,Urban (>70% Developed),NA,Urban,40 - 45  MPH,Stop Sign,Rain,No,48,40-49,No,NA,With Traffic,C: Possible Injury,Travel Lane,Black,Male,18,0-19,No,NA,0-5 mph,O: No Injury,Black,Male,Passenger Car,No,01NOV2009,Sunday,Motorist Failed to Yield - Sign-Controlled Intersection,16,Intersection,November,C: Possible Injury,16:39:00,Motorist Drive Out - Sign-Controlled Intersection,2009,Yes,No,Daylight,Straight - Level,Local Street,Wet,"Two-Way, Divided, Unprotected Median",NA,"Driveway, Private",Smooth Asphalt,1 lane,"35.9034171433, -77.5620822881"