object_id,city,county,region,development,locality,on_road,rural_urban,speed_limit,traffic_control,weather,workzone,bike_age,bike_age_group,bike_alcohol,bike_alcohol_drugs,bike_direction,bike_injury,bike_position,bike_race,bike_sex,driver_age,driver_age_group,driver_alcohol,driver_alcohol_drugs,driver_est_speed,driver_injury,driver_race,driver_sex,driver_vehicle_type,crash_alcohol,crash_date,crash_day,crash_group,crash_hour,crash_location,crash_month,crash_severity,crash_time,crash_type,crash_year,ambulance_req,hit_run,light_condition,road_character,road_class,road_condition,road_configuration,road_defects,road_feature,road_surface,num_lanes,geo_point
5308,Oxford,Granville,Piedmont,Commercial,Urban (>70% Developed),NA,Urban,30 - 35  MPH,Stop And Go Signal,Clear,No,45,40-49,No,NA,NA,C: Possible Injury,NA,Black,Male,53,50-59,No,NA,11-15 mph,O: No Injury,Black,Male,Passenger Car,No,28APR2009,Tuesday,Crossing Paths - Other Circumstances,16,Intersection-Related,April,C: Possible Injury,16:56:00,Crossing Paths - Intersection - Other / Unknown,2009,Yes,No,Daylight,Straight - Level,Local Street,Dry,"Two-Way, Not Divided",None,No Special Feature,Smooth Asphalt,9 or more lanes,"36.3120911946, -78.5922266237"
5316,Greensboro,Guilford,Piedmont,Commercial,Urban (>70% Developed),NA,Urban,30 - 35  MPH,No Control Present,Clear,No,52,50-59,No,NA,With Traffic,A: Disabling Injury,Sidewalk / Crosswalk / Driveway Crossing,White,Female,17,0-19,No,NA,0-5 mph,O: No Injury,White,Male,Passenger Car,No,08NOV2009,Sunday,Motorist Failed to Yield - Midblock,13,Non-Intersection,November,A: Disabling Injury,13:50:00,Motorist Drive Out - Commercial Driveway / Alley,2009,Yes,No,Daylight,Straight - Grade,NA,Dry,"Two-Way, Not Divided",None,No Special Feature,Concrete,4 lanes,"36.0886491026, -79.8329569863"
5327,None - Rural Crash,Guilford,Piedmont,"Farms, Woods, Pastures",Rural (<30% Developed),NA,Rural,50 - 55  MPH,No Control Present,Clear,No,55,50-59,No,NA,With Traffic,K: Killed,Travel Lane,White,Male,48,40-49,No,NA,46-50 mph,O: No Injury,White,Female,Sport Utility,No,24OCT2009,Saturday,Loss of Control / Turning Error,17,Non-Intersection,October,K: Killed,17:41:00,Motorist Lost Control - Other / Unknown,2009,Yes,No,Daylight,Straight - Grade,State Secondary Route,Dry,"Two-Way, Not Divided",None,No Special Feature,Smooth Asphalt,2 lanes,"36.2196801318, -79.7879929808"
5937,Elizabeth City,Pasquotank,Coastal,Residential,Urban (>70% Developed),NA,Urban,20 - 25  MPH,"Double Yellow Line, No Passing Zone",Clear,No,35,30-39,No,NA,Facing Traffic,C: Possible Injury,Travel Lane,Black,Male,66,60-69,No,NA,16-20 mph,O: No Injury,White,Male,Passenger Car,No,04JUL2008,Friday,Head-On,12,Non-Intersection,July,C: Possible Injury,12:05:00,Head-On - Bicyclist,2008,Yes,No,Daylight,Straight - Level,Local Street,Dry,"Two-Way, Not Divided",None,No Special Feature,Smooth Asphalt,2 lanes,"36.2956802737, -76.2145218946"
5940,None - Rural Crash,Rowan,Piedmont,Residential,Mixed (30% To 70% Developed),NA,Rural,50 - 55  MPH,"Double Yellow Line, No Passing Zone",Cloudy,No,49,40-49,No,NA,With Traffic,C: Possible Injury,Travel Lane,White,Male,41,40-49,No,NA,51-55 mph,O: No Injury,White,Male,Pickup,No,07JUL2008,Monday,Motorist Overtaking Bicyclist,9,Non-Intersection,July,C: Possible Injury,09:58:00,Motorist Overtaking - Undetected Bicyclist,2008,No,No,Daylight,Straight - Grade,State Secondary Route,Dry,"Two-Way, Not Divided",None,No Special Feature,Smooth Asphalt,2 lanes,"35.5600729669, -80.4756831503"
5943,None - Rural Crash,Wayne,Coastal,Residential,Mixed (30% To 70% Developed),NA,Rural,NA,No Control Present,Clear,No,17,16-19,No,NA,Not Applicable,C: Possible Injury,Non-Roadway,Black,Female,33,30-39,No,NA,6-10 mph,O: No Injury,Black,Male,Pickup,No,07JUL2008,Monday,Non-Roadway,18,Non-Roadway,July,C: Possible Injury,18:53:00,Non-Roadway,2008,Yes,No,Daylight,Straight - Level,Public Vehicular Area,Dry,"Two-Way, Not Divided",None,"Driveway, Public",Coarse Asphalt,2 lanes,"35.2931319965, -78.016138395"
5957,Smithfield,Johnston,Coastal,Residential,Urban (>70% Developed),NA,Urban,20 - 25  MPH,Stop Sign,Clear,No,13,11-15,No,NA,With Traffic,A: Disabling Injury,Travel Lane,Black,Male,NA,NA,Missing,NA,21-25 mph,Unknown Injury,Unknown/Missing,NA,Passenger Car,No,11JUL2008,Friday,Bicyclist Failed to Yield - Sign-Controlled Intersection,14,Intersection,July,A: Disabling Injury,14:38:00,Bicyclist Ride Through - Sign-Controlled Intersection,2008,Yes,Yes,Daylight,Curve - Grade,Local Street,Wet,"Two-Way, Not Divided",None,T-Intersection,Coarse Asphalt,2 lanes,"35.5383570375, -78.3524325092"
5958,New Bern,Craven,Coastal,Residential,Urban (>70% Developed),NA,Urban,20 - 25  MPH,Stop Sign,Clear,No,15,11-15,No,NA,Facing Traffic,B: Evident Injury,Other,Black,Male,NA,NA,Missing,NA,0-5 mph,Unknown Injury,Unknown/Missing,NA,NA,No,19JUN2008,Thursday,Motorist Failed to Yield - Sign-Controlled Intersection,13,Intersection,June,B: Evident Injury,13:00:00,Motorist Drive Out - Sign-Controlled Intersection,2008,No,Yes,Daylight,Straight - Level,NC Route,Dry,"Two-Way, Divided, Unprotected Median",None,T-Intersection,Smooth Asphalt,5 lanes,"35.1107929883, -77.0639320964"
5964,Stanley,Gaston,Piedmont,Residential,Urban (>70% Developed),NA,Rural,30 - 35  MPH,Stop And Go Signal,Clear,No,12,11-15,No,NA,NA,C: Possible Injury,NA,White,Male,38,30-39,No,NA,6-10 mph,O: No Injury,White,Female,Sport Utility,No,02JUL2008,Wednesday,Other / Unknown - Insufficient Details,18,Intersection,July,C: Possible Injury,18:51:00,Unknown Approach Paths,2008,No,No,Daylight,Straight - Level,Local Street,Dry,"Two-Way, Not Divided",None,T-Intersection,Smooth Asphalt,2 lanes,"35.3492068994, -81.0942533235"
5967,Durham,Durham,Piedmont,Commercial,Urban (>70% Developed),NA,Urban,30 - 35  MPH,No Control Present,Clear,No,46,40-49,No,NA,With Traffic,O: No Injury,Travel Lane,Black,Male,64,60-69,No,NA,26-30 mph,O: No Injury,Black,Female,Passenger Car,No,11AUG2008,Monday,Bicyclist Left Turn / Merge,19,Non-Intersection,August,O: No Injury,19:06:00,Bicyclist Left Turn - Same Direction,2008,Yes,No,Daylight,Straight - Level,Local Street,Dry,"Two-Way, Not Divided",None,No Special Feature,Smooth Asphalt,2 lanes,"35.9620371091, -78.9088427006"
5968,Kill Devil Hills,Dare,Coastal,Commercial,Mixed (30% To 70% Developed),NA,Urban,30 - 35  MPH,Stop And Go Signal,Clear,No,19,16-19,No,NA,Facing Traffic,C: Possible Injury,Travel Lane,White,Female,50,50-59,No,NA,0-5 mph,O: No Injury,White,Female,Passenger Car,No,14JUL2008,Monday,Bicyclist Failed to Yield - Signalized Intersection,7,Intersection,July,C: Possible Injury,07:50:00,Bicyclist Ride Out - Signalized  Intersection,2008,Yes,No,Daylight,Straight - Level,Local Street,Dry,"Two-Way, Divided, Positive Median Barrier",None,Four-Way Intersection,Concrete,4 lanes,"36.0133512309, -75.6609217099"
5970,None - Rural Crash,Guilford,Piedmont,"Farms, Woods, Pastures",Mixed (30% To 70% Developed),NA,Rural,40 - 45  MPH,"Double Yellow Line, No Passing Zone",Clear,No,45,40-49,No,NA,With Traffic,A: Disabling Injury,Travel Lane,White,Male,23,20-24,No,NA,41-45 mph,O: No Injury,Other,Male,Passenger Car,No,17JUL2008,Thursday,Bicyclist Left Turn / Merge,10,Intersection,July,A: Disabling Injury,10:20:00,Bicyclist Left Turn - Same Direction,2008,Yes,No,Daylight,Straight - Level,NC Route,Dry,"Two-Way, Not Divided",None,T-Intersection,Smooth Asphalt,2 lanes,"36.1991301211, -79.953643029"
5974,Charlotte,Mecklenburg,Piedmont,Commercial,Urban (>70% Developed),NA,Urban,30 - 35  MPH,No Control Present,Clear,No,44,40-49,Yes,NA,With Traffic,K: Killed,Travel Lane,Hispanic,Male,24,20-24,Yes,NA,31-35 mph,O: No Injury,Black,Male,Passenger Car,Yes,08AUG2008,Friday,Bicyclist Failed to Yield - Sign-Controlled Intersection,23,Intersection,August,K: Killed,23:06:00,Bicyclist Ride Out - Sign-Controlled Intersection,2008,Yes,No,Dark - Lighted Roadway,Straight - Level,Local Street,Dry,"Two-Way, Divided, Unprotected Median",None,T-Intersection,Coarse Asphalt,4 lanes,"35.210932882, -80.7590532164"
5975,Charlotte,Mecklenburg,Piedmont,Commercial,Urban (>70% Developed),NA,Urban,30 - 35  MPH,Stop And Go Signal,Cloudy,No,44,40-49,No,NA,With Traffic,A: Disabling Injury,Travel Lane,White,Male,19,0-19,No,NA,31-35 mph,O: No Injury,Black,Female,Passenger Car,No,15AUG2008,Friday,Crossing Paths - Other Circumstances,19,Intersection,August,A: Disabling Injury,19:34:00,Signalized Intersection - Other / Unknown,2008,Yes,No,Daylight,Straight - Level,Local Street,Wet,"Two-Way, Divided, Unprotected Median",None,No Special Feature,Smooth Asphalt,4 lanes,"35.2195468806, -80.8361232396"
5980,Spring Lake,Cumberland,Coastal,Commercial,Urban (>70% Developed),NA,Urban,20 - 25  MPH,Stop Sign,Clear,No,44,40-49,No,NA,With Traffic,C: Possible Injury,Travel Lane,Black,Male,46,40-49,No,NA,11-15 mph,O: No Injury,White,Male,Passenger Car,No,05AUG2008,Tuesday,Motorist Failed to Yield - Sign-Controlled Intersection,11,Intersection,August,C: Possible Injury,11:39:00,Motorist Drive Out - Sign-Controlled Intersection,2008,No,No,Daylight,Straight - Level,Local Street,Dry,NA,Road Surface Condition,T-Intersection,Coarse Asphalt,4 lanes,"35.1697309364, -78.9777326798"
5987,None - Rural Crash,Franklin,Piedmont,"Farms, Woods, Pastures",Rural (<30% Developed),NA,Rural,50 - 55  MPH,"Double Yellow Line, No Passing Zone",Clear,No,13,11-15,No,NA,With Traffic,B: Evident Injury,Travel Lane,White,Male,18,0-19,No,NA,46-50 mph,O: No Injury,White,Male,Pickup,No,20JUL2008,Sunday,Bicyclist Left Turn / Merge,19,Non-Intersection,July,B: Evident Injury,19:49:00,Bicyclist Left Turn - Same Direction,2008,Yes,No,Dusk,Straight - Grade,State Secondary Route,Dry,"Two-Way, Not Divided",None,No Special Feature,Coarse Asphalt,2 lanes,"35.9661941273, -78.4048025482"
5988,Winston-Salem,Forsyth,Piedmont,Commercial,Urban (>70% Developed),NA,Urban,30 - 35  MPH,Stop Sign,Clear,No,69,60-69,No,NA,With Traffic,B: Evident Injury,Travel Lane,White,Male,28,25-29,No,NA,0-5 mph,O: No Injury,White,Female,Passenger Car,No,21JUL2008,Monday,Motorist Failed to Yield - Sign-Controlled Intersection,10,Intersection,July,B: Evident Injury,10:16:00,Motorist Drive Out - Sign-Controlled Intersection,2008,Yes,No,Daylight,Straight - Level,Local Street,Dry,"Two-Way, Not Divided",None,T-Intersection,Smooth Asphalt,4 lanes,"36.0977740878, -80.2793081214"
5998,Sunset Beach,Brunswick,Coastal,Residential,Rural (<30% Developed),NA,Rural,30 - 35  MPH,Missing,Cloudy,No,64,60-69,No,NA,With Traffic,B: Evident Injury,Travel Lane,White,Female,57,50-59,No,NA,0-5 mph,O: No Injury,White,Female,Van,No,24JUL2008,Thursday,Motorist Left Turn / Merge,8,Non-Intersection,July,B: Evident Injury,08:30:00,Motorist Left Turn - Opposite Direction,2008,Yes,No,Daylight,Straight - Level,Local Street,Wet,"Two-Way, Not Divided",None,No Special Feature,Coarse Asphalt,2 lanes,"33.8713786676, -78.4944024703"
5999,Greensboro,Guilford,Piedmont,Commercial,Urban (>70% Developed),NA,Urban,20 - 25  MPH,Stop And Go Signal,Clear,No,24,20-24,No,NA,Facing Traffic,C: Possible Injury,Sidewalk / Crosswalk / Driveway Crossing,Black,Female,56,50-59,No,NA,6-10 mph,O: No Injury,White,Male,Passenger Car,No,08JUL2008,Tuesday,Motorist Failed to Yield - Signalized Intersection,7,Intersection,July,C: Possible Injury,07:28:00,Motorist Drive Out - Right Turn on Red,2008,No,No,Daylight,Straight - Grade,Local Street,Dry,"Two-Way, Not Divided",None,T-Intersection,Smooth Asphalt,2 lanes,"36.0768311013, -79.7937129736"
6009,Winston-Salem,Forsyth,Piedmont,Commercial,Urban (>70% Developed),NA,Urban,30 - 35  MPH,Stop And Go Signal,Clear,No,37,30-39,Yes,NA,With Traffic,A: Disabling Injury,Sidewalk / Crosswalk / Driveway Crossing,Hispanic,Male,42,40-49,No,NA,31-35 mph,O: No Injury,Black,Female,Sport Utility,Yes,28JUL2008,Monday,Motorist Failed to Yield - Signalized Intersection,11,Intersection,July,A: Disabling Injury,11:16:00,Motorist Drive Through - Signalized Intersection,2008,Yes,No,Daylight,Straight - Level,Local Street,Dry,"Two-Way, Not Divided",None,No Special Feature,Smooth Asphalt,3 lanes,"36.0693390839, -80.2207131021"
6010,New Bern,Craven,Coastal,Residential,Urban (>70% Developed),NA,Urban,5 - 15 MPH,Missing,Clear,No,11,11-15,No,NA,With Traffic,C: Possible Injury,Travel Lane,Black,Male,33,30-39,No,NA,6-10 mph,O: No Injury,White,Female,Passenger Car,No,25JUL2008,Friday,Bicyclist Overtaking Motorist,19,Non-Intersection,July,C: Possible Injury,19:06:00,Bicyclist Overtaking - Other / Unknown,2008,No,No,Daylight,Straight - Level,Local Street,Dry,"Two-Way, Not Divided",None,No Special Feature,Smooth Asphalt,2 lanes,"35.1582469971, -77.1170061143"
6013,Charlotte,Mecklenburg,Piedmont,Commercial,Urban (>70% Developed),NA,Urban,40 - 45  MPH,Stop And Go Signal,Clear,No,14,11-15,No,NA,Facing Traffic,O: No Injury,Sidewalk / Crosswalk / Driveway Crossing,White,Male,38,30-39,No,NA,6-10 mph,O: No Injury,White,Male,Sport Utility,No,22AUG2008,Friday,Bicyclist Failed to Yield - Signalized Intersection,17,Intersection,August,O: No Injury,17:29:00,Bicyclist Ride Out - Signalized  Intersection,2008,No,No,Daylight,Straight - Level,Local Street,Dry,"Two-Way, Divided, Positive Median Barrier",None,Four-Way Intersection,Smooth Asphalt,NA,"35.0580128475, -80.8126832242"
6015,Charlotte,Mecklenburg,Piedmont,Residential,Urban (>70% Developed),NA,Urban,20 - 25  MPH,Stop Sign,Clear,No,15,11-15,No,NA,Facing Traffic,O: No Injury,Sidewalk / Crosswalk / Driveway Crossing,White,Male,18,0-19,No,NA,21-25 mph,O: No Injury,White,Male,Sport Utility,No,23AUG2008,Saturday,Motorist Failed to Yield - Sign-Controlled Intersection,17,Intersection,August,O: No Injury,17:30:00,Motorist Drive Out - Sign-Controlled Intersection,2008,No,No,Daylight,Straight - Level,Local Street,Dry,"Two-Way, Not Divided",None,T-Intersection,Smooth Asphalt,2 lanes,"35.0774268542, -80.7359882024"
6020,Carolina Beach,New Hanover,Coastal,Residential,Urban (>70% Developed),NA,Urban,20 - 25  MPH,Stop Sign,Clear,No,14,11-15,No,NA,With Traffic,Unknown Injury,Travel Lane,White,Male,NA,NA,Missing,NA,0-5 mph,Unknown Injury,Unknown/Missing,NA,NA,No,29JUL2008,Tuesday,Motorist Failed to Yield - Sign-Controlled Intersection,2,Intersection,July,Unknown Injury,02:25:00,Motorist Drive Out - Sign-Controlled Intersection,2008,No,Yes,Daylight,Straight - Level,Local Street,Dry,"Two-Way, Not Divided",None,No Special Feature,Smooth Asphalt,4 lanes,"34.0232037204, -77.9021922988"
6023,Wilmington,New Hanover,Coastal,Residential,Urban (>70% Developed),NA,Urban,30 - 35  MPH,Stop Sign,Clear,No,53,50-59,Yes,NA,With Traffic,A: Disabling Injury,Sidewalk / Crosswalk / Driveway Crossing,Black,Male,44,40-49,No,NA,0-5 mph,O: No Injury,Black,Male,Sport Utility,Yes,30JUL2008,Wednesday,Motorist Failed to Yield - Sign-Controlled Intersection,17,Intersection,July,A: Disabling Injury,17:19:00,Motorist Drive Out - Sign-Controlled Intersection,2008,Yes,No,Daylight,Straight - Level,Local Street,Dry,"One-Way, Not Divided",None,Four-Way Intersection,Smooth Asphalt,4 lanes,"34.2251667641, -77.9341323173"
6027,Southern Pines,Moore,Piedmont,Residential,Urban (>70% Developed),NA,Urban,30 - 35  MPH,Stop Sign,Clear,No,7,6-10,No,NA,With Traffic,C: Possible Injury,Travel Lane,Black,Male,68,60-69,No,NA,31-35 mph,O: No Injury,Black,Male,Passenger Car,No,25JUL2008,Friday,Bicyclist Failed to Yield - Sign-Controlled Intersection,15,Intersection,July,C: Possible Injury,15:43:00,Bicyclist Ride Through - Sign-Controlled Intersection,2008,Yes,No,Daylight,Straight - Grade,Local Street,Dry,"Two-Way, Not Divided",None,Four-Way Intersection,Smooth Asphalt,2 lanes,"35.1774209235, -79.4053228089"
6033,Cary,Wake,Piedmont,Commercial,Urban (>70% Developed),NA,Urban,5 - 15 MPH,No Control Present,Clear,No,15,11-15,No,NA,Not Applicable,C: Possible Injury,Sidewalk / Crosswalk / Driveway Crossing,White,Female,45,40-49,No,NA,0-5 mph,O: No Injury,White,Male,Passenger Car,No,22AUG2008,Friday,Non-Roadway,8,Non-Roadway,August,C: Possible Injury,08:30:00,Non-Roadway,2008,No,No,Daylight,Straight - Level,Public Vehicular Area,Dry,"Two-Way, Not Divided",None,"Driveway, Public",Concrete,NA,"35.7883030749, -78.8283926662"
6037,Havelock,Craven,Coastal,Commercial,Urban (>70% Developed),NA,Urban,NA,Stop Sign,Clear,No,36,30-39,No,NA,Facing Traffic,O: No Injury,Travel Lane,White,Female,16,0-19,No,NA,NA,B: Evident Injury,Black,Female,Pedalcycle,No,02JUL2008,Wednesday,Motorist Failed to Yield - Sign-Controlled Intersection,10,Intersection,July,B: Evident Injury,10:13:00,Motorist Drive Out - Sign-Controlled Intersection,2008,Yes,No,Daylight,Straight - Level,Local Street,Dry,"Two-Way, Not Divided",Other,No Special Feature,Smooth Asphalt,2 lanes,"34.879671943, -76.9059520369"
6038,Greensboro,Guilford,Piedmont,Residential,Urban (>70% Developed),NA,Urban,NA,No Control Present,Clear,No,15,11-15,No,NA,NA,C: Possible Injury,NA,Black,Male,NA,NA,Missing,NA,NA,Unknown Injury,Unknown/Missing,NA,NA,No,23JUL2008,Wednesday,Crossing Paths - Other Circumstances,17,Intersection,July,C: Possible Injury,17:05:00,Crossing Paths - Uncontrolled Intersection,2008,Yes,Yes,Daylight,Straight - Level,Local Street,Dry,"Two-Way, Not Divided",None,No Special Feature,Concrete,4 lanes,"36.0677471007, -79.757162963"
6042,None - Rural Crash,Iredell,Piedmont,Residential,Mixed (30% To 70% Developed),NA,Rural,50 - 55  MPH,"Double Yellow Line, No Passing Zone",Clear,No,15,11-15,No,NA,With Traffic,B: Evident Injury,Travel Lane,White,Male,25,25-29,No,NA,51-55 mph,O: No Injury,White,Male,Pickup,No,04AUG2008,Monday,Bicyclist Left Turn / Merge,14,Non-Intersection,August,B: Evident Injury,14:49:00,Bicyclist Left Turn - Opposite Direction,2008,Yes,No,Daylight,Straight - Level,State Secondary Route,Dry,"Two-Way, Not Divided",None,No Special Feature,Smooth Asphalt,2 lanes,"35.9729470342, -80.9955833291"
6048,None - Rural Crash,Columbus,Coastal,Commercial,Mixed (30% To 70% Developed),NA,Rural,50 - 55  MPH,No Control Present,Rain,No,55,50-59,No,NA,With Traffic,B: Evident Injury,Travel Lane,Black,Male,63,60-69,No,NA,36-40 mph,O: No Injury,White,Male,Pickup,No,07AUG2008,Thursday,Motorist Overtaking Bicyclist,21,Non-Intersection,August,B: Evident Injury,21:27:00,Motorist Overtaking - Bicyclist Swerved,2008,Yes,No,Dark - Roadway Not Lighted,Straight - Level,State Secondary Route,Wet,"Two-Way, Not Divided",None,No Special Feature,Coarse Asphalt,2 lanes,"34.3242637605, -78.72034756"
6059,None - Rural Crash,Davie,Piedmont,Commercial,Mixed (30% To 70% Developed),NA,Rural,40 - 45  MPH,"Double Yellow Line, No Passing Zone",Clear,No,54,50-59,No,NA,With Traffic,B: Evident Injury,Travel Lane,White,Male,59,50-59,No,NA,16-20 mph,O: No Injury,White,Female,Passenger Car,No,10AUG2008,Sunday,Motorist Overtaking Bicyclist,11,Non-Intersection,August,B: Evident Injury,11:50:00,Motorist Overtaking - Misjudged Space,2008,No,No,Daylight,Straight - Level,US Route,Dry,"Two-Way, Not Divided",None,On or Off Ramp,Coarse Asphalt,4 lanes,"35.9237440391, -80.5912732053"
6060,None - Rural Crash,Polk,Mountains,Residential,Mixed (30% To 70% Developed),NA,Rural,50 - 55  MPH,"Double Yellow Line, No Passing Zone",Clear,No,64,60-69,No,NA,With Traffic,B: Evident Injury,Travel Lane,White,Male,27,25-29,No,NA,51-55 mph,O: No Injury,White,Female,Passenger Car,No,11AUG2008,Monday,Bicyclist Left Turn / Merge,16,Intersection-Related,August,B: Evident Injury,16:37:00,Bicyclist Left Turn - Same Direction,2008,Yes,No,Daylight,Straight - Level,NC Route,Dry,"Two-Way, Not Divided",None,T-Intersection,Smooth Asphalt,2 lanes,"35.201639832, -82.0520895989"
6065,Wilmington,New Hanover,Coastal,Commercial,Urban (>70% Developed),NA,Urban,40 - 45  MPH,Stop And Go Signal,Clear,No,43,40-49,No,NA,With Traffic,B: Evident Injury,Travel Lane,White,Female,23,20-24,No,NA,11-15 mph,O: No Injury,White,Male,Pickup,No,12AUG2008,Tuesday,Bicyclist Failed to Yield - Signalized Intersection,18,Intersection,August,B: Evident Injury,18:59:00,Bicyclist Failed to Clear - Multiple Threat,2008,No,No,Daylight,Straight - Level,Local Street,Dry,"Two-Way, Divided, Unprotected Median",None,Four-Way Intersection,Smooth Asphalt,5 lanes,"34.2387537707, -77.828282286"
6069,None - Rural Crash,Columbus,Coastal,"Farms, Woods, Pastures",Rural (<30% Developed),NA,Rural,50 - 55  MPH,"Double Yellow Line, No Passing Zone",Clear,No,10,6-10,No,NA,With Traffic,B: Evident Injury,Travel Lane,White,Male,40,40-49,No,NA,26-30 mph,O: No Injury,Black,Female,Passenger Car,No,14AUG2008,Thursday,Bicyclist Left Turn / Merge,20,Non-Intersection,August,B: Evident Injury,20:02:00,Bicyclist Left Turn - Same Direction,2008,Yes,No,Dark - Roadway Not Lighted,Straight - Level,State Secondary Route,Dry,"Two-Way, Not Divided",None,"Driveway, Private",Smooth Asphalt,2 lanes,"34.3209967585, -78.7426825665"
6074,Fayetteville,Cumberland,Coastal,Commercial,Mixed (30% To 70% Developed),NA,Urban,5 - 15 MPH,No Control Present,Clear,No,33,30-39,No,NA,Facing Traffic,C: Possible Injury,Sidewalk / Crosswalk / Driveway Crossing,Other,Male,38,30-39,No,NA,0-5 mph,O: No Injury,Other,Female,"Light Truck (Mini-Van, Panel)",No,03SEP2008,Wednesday,Motorist Failed to Yield - Midblock,9,Non-Intersection,September,C: Possible Injury,09:57:00,Motorist Drive Out - Commercial Driveway / Alley,2008,Yes,No,Daylight,Straight - Level,Public Vehicular Area,Dry,"Two-Way, Not Divided",None,"Driveway, Public",Concrete,NA,"35.0480339112, -78.9373886605"
6075,Raleigh,Wake,Piedmont,Commercial,Urban (>70% Developed),NA,Urban,30 - 35  MPH,Missing,Clear,No,26,25-29,No,NA,Facing Traffic,B: Evident Injury,Sidewalk / Crosswalk / Driveway Crossing,White,Male,NA,NA,Missing,NA,0-5 mph,Unknown Injury,Unknown/Missing,NA,NA,No,21JUL2008,Monday,Motorist Failed to Yield - Midblock,20,Non-Intersection,July,B: Evident Injury,20:00:00,Motorist Drive Out - Commercial Driveway / Alley,2008,No,Yes,Daylight,Straight - Level,Local Street,Dry,"Two-Way, Divided, Unprotected Median",None,"Driveway, Private",Concrete,2 lanes,"35.7840230802, -78.6577786148"
6082,Rocky Mount,Nash,Coastal,Commercial,Urban (>70% Developed),NA,Urban,30 - 35  MPH,Stop Sign,Clear,No,30,30-39,No,NA,Facing Traffic,O: No Injury,Sidewalk / Crosswalk / Driveway Crossing,Black,Male,51,50-59,No,NA,0-5 mph,O: No Injury,Black,Female,Sport Utility,No,08AUG2008,Friday,Motorist Failed to Yield - Sign-Controlled Intersection,14,Intersection,August,O: No Injury,14:21:00,Motorist Drive Out - Sign-Controlled Intersection,2008,No,No,Daylight,Straight - Level,Local Street,Dry,"One-Way, Not Divided",None,"Driveway, Public",Coarse Asphalt,3 lanes,"35.9404171431, -77.7991663617"
6091,Charlotte,Mecklenburg,Piedmont,Residential,Urban (>70% Developed),NA,Urban,5 - 15 MPH,Stop Sign,Cloudy,No,57,50-59,No,NA,Facing Traffic,C: Possible Injury,Sidewalk / Crosswalk / Driveway Crossing,White,Male,29,25-29,No,NA,0-5 mph,O: No Injury,Black,Female,Pickup,No,11SEP2008,Thursday,Motorist Failed to Yield - Sign-Controlled Intersection,12,Intersection,September,C: Possible Injury,12:45:00,Motorist Drive Out - Sign-Controlled Intersection,2008,No,No,Daylight,Straight - Hillcrest,Local Street,Dry,"Two-Way, Divided, Positive Median Barrier",None,T-Intersection,Smooth Asphalt,2 lanes,"35.140436862, -80.8941032525"
6096,Concord,Cabarrus,Piedmont,Residential,Urban (>70% Developed),NA,Urban,30 - 35  MPH,Stop Sign,Clear,No,48,40-49,No,NA,With Traffic,B: Evident Injury,Travel Lane,Black,Male,NA,NA,No,NA,6-10 mph,Unknown Injury,Unknown/Missing,NA,Pickup,No,22AUG2008,Friday,Loss of Control / Turning Error,23,Intersection,August,B: Evident Injury,23:07:00,Motorist Turning Error - Right Turn,2008,Yes,Yes,Dark - Lighted Roadway,Straight - Hillcrest,Local Street,Dry,"Two-Way, Not Divided",None,T-Intersection,Smooth Asphalt,2 lanes,"35.401484929, -80.5832781734"
6106,Charlotte,Mecklenburg,Piedmont,Commercial,Urban (>70% Developed),NA,Urban,NA,No Control Present,Cloudy,No,21,20-24,No,NA,Not Applicable,C: Possible Injury,Travel Lane,White,Male,54,50-59,No,NA,6-10 mph,O: No Injury,White,Female,"Light Truck (Mini-Van, Panel)",No,15SEP2008,Monday,Non-Roadway,12,Non-Roadway,September,C: Possible Injury,12:04:00,Non-Roadway,2008,No,No,Daylight,Straight - Level,Public Vehicular Area,Dry,"Two-Way, Not Divided",None,No Special Feature,Grooved Concrete,2 lanes,"35.3127369043, -80.7456932179"
6108,Mooresville,Iredell,Piedmont,Commercial,Urban (>70% Developed),NA,Urban,30 - 35  MPH,No Control Present,Clear,No,15,11-15,No,NA,Not Applicable,B: Evident Injury,Travel Lane,White,Male,34,30-39,No,NA,16-20 mph,O: No Injury,White,Female,Passenger Car,No,24AUG2008,Sunday,Non-Roadway,16,Non-Roadway,August,B: Evident Injury,16:50:00,Non-Roadway,2008,Yes,No,Daylight,Straight - Grade,Public Vehicular Area,Dry,"Two-Way, Not Divided",None,No Special Feature,Smooth Asphalt,NA,"35.5879209605, -80.7977782484"
6109,Tobaccoville,Forsyth,Piedmont,Residential,Mixed (30% To 70% Developed),NA,Rural,40 - 45  MPH,"Double Yellow Line, No Passing Zone",Clear,No,31,30-39,No,NA,With Traffic,K: Killed,Travel Lane,White,Male,39,30-39,No,NA,36-40 mph,O: No Injury,White,Male,Sport Utility,No,20AUG2008,Wednesday,Motorist Overtaking Bicyclist,12,Non-Intersection,August,K: Killed,12:32:00,Motorist Overtaking - Other / Unknown,2008,Yes,No,Daylight,Curve - Level,State Secondary Route,Dry,"Two-Way, Not Divided",None,"Driveway, Private",Coarse Asphalt,2 lanes,"36.2321271126, -80.3630931538"
6110,Asheboro,Randolph,Piedmont,Commercial,Urban (>70% Developed),NA,Urban,NA,No Control Present,Cloudy,No,53,50-59,Yes,NA,Facing Traffic,C: Possible Injury,Other,White,Female,55,50-59,No,NA,0-5 mph,O: No Injury,White,Male,Pickup,Yes,25AUG2008,Monday,Motorist Failed to Yield - Midblock,13,Non-Intersection,August,C: Possible Injury,13:28:00,Motorist Drive Out - Commercial Driveway / Alley,2008,Yes,No,Daylight,Straight - Grade,Public Vehicular Area,Dry,"Two-Way, Not Divided",None,"Driveway, Public",Smooth Asphalt,NA,"35.6904210191, -79.8044729558"