object_id,city,county,region,development,locality,on_road,rural_urban,speed_limit,traffic_control,weather,workzone,bike_age,bike_age_group,bike_alcohol,bike_alcohol_drugs,bike_direction,bike_injury,bike_position,bike_race,bike_sex,driver_age,driver_age_group,driver_alcohol,driver_alcohol_drugs,driver_est_speed,driver_injury,driver_race,driver_sex,driver_vehicle_type,crash_alcohol,crash_date,crash_day,crash_group,crash_hour,crash_location,crash_month,crash_severity,crash_time,crash_type,crash_year,ambulance_req,hit_run,light_condition,road_character,road_class,road_condition,road_configuration,road_defects,road_feature,road_surface,num_lanes,geo_point
6354,Greensboro,Guilford,Piedmont,Residential,Urban (>70% Developed),NA,Urban,20 - 25  MPH,No Control Present,Cloudy,No,18,16-19,No,NA,With Traffic,B: Evident Injury,NA,White,Female,43,40-49,No,NA,NA,O: No Injury,White,Female,Sport Utility,No,05SEP2008,Friday,Motorist Overtaking Bicyclist,13,Non-Intersection,September,B: Evident Injury,13:03:00,Motorist Overtaking - Other / Unknown,2008,No,No,Daylight,Straight - Level,Local Street,Dry,"Two-Way, Not Divided",None,No Special Feature,Smooth Asphalt,2 lanes,"36.1156371078, -79.8415529903"
6365,Smithfield,Johnston,Coastal,Residential,Urban (>70% Developed),NA,Urban,20 - 25  MPH,Stop Sign,Cloudy,No,46,40-49,Yes,NA,Facing Traffic,B: Evident Injury,Travel Lane,Hispanic,Male,22,20-24,No,NA,21-25 mph,O: No Injury,Black,Male,Passenger Car,Yes,14NOV2008,Friday,Bicyclist Failed to Yield - Sign-Controlled Intersection,23,Intersection,November,B: Evident Injury,23:45:00,Bicyclist Ride Through - Sign-Controlled Intersection,2008,Yes,No,Dark - Lighted Roadway,Straight - Level,Local Street,Wet,"Two-Way, Not Divided",None,Four-Way Intersection,Coarse Asphalt,2 lanes,"35.5053250311, -78.3460875057"
6371,High Point,Guilford,Piedmont,Institutional,Urban (>70% Developed),NA,Urban,NA,No Control Present,Cloudy,No,39,30-39,No,NA,Facing Traffic,C: Possible Injury,Sidewalk / Crosswalk / Driveway Crossing,Black,Male,49,40-49,No,NA,6-10 mph,O: No Injury,White,Male,Pickup,No,01DEC2008,Monday,Motorist Failed to Yield - Midblock,16,Non-Intersection,December,C: Possible Injury,16:20:00,Motorist Drive Out - Commercial Driveway / Alley,2008,No,No,Daylight,Straight - Level,Public Vehicular Area,Dry,"Two-Way, Not Divided",None,"Driveway, Public",Smooth Asphalt,5 lanes,"35.9613570684, -80.0089680329"
6374,Rocky Mount,Nash,Coastal,Commercial,Urban (>70% Developed),NA,Urban,40 - 45  MPH,Stop Sign,Clear,No,45,40-49,No,NA,Facing Traffic,C: Possible Injury,Travel Lane,White,Male,36,30-39,No,NA,0-5 mph,O: No Injury,Black,Female,Van,No,31OCT2008,Friday,Motorist Failed to Yield - Sign-Controlled Intersection,15,Intersection,October,C: Possible Injury,15:26:00,Motorist Drive Out - Sign-Controlled Intersection,2008,Yes,No,Daylight,Straight - Level,Public Vehicular Area,Dry,"Two-Way, Not Divided",None,No Special Feature,Smooth Asphalt,4 lanes,"35.9633631464, -77.8449523773"
6387,Raleigh,Wake,Piedmont,Commercial,Urban (>70% Developed),NA,Urban,30 - 35  MPH,No Control Present,Clear,No,18,16-19,No,NA,Facing Traffic,B: Evident Injury,Sidewalk / Crosswalk / Driveway Crossing,Hispanic,Female,51,50-59,No,NA,0-5 mph,O: No Injury,Black,Female,Passenger Car,No,17SEP2008,Wednesday,Motorist Failed to Yield - Midblock,14,Non-Intersection,September,B: Evident Injury,14:23:00,Motorist Drive Out - Commercial Driveway / Alley,2008,Yes,No,Daylight,Straight - Hillcrest,Public Vehicular Area,Dry,"Two-Way, Divided, Unprotected Median",Other,"Driveway, Public",Smooth Asphalt,5 lanes,"35.8345970929, -78.6042126009"
6394,Raleigh,Wake,Piedmont,Commercial,Urban (>70% Developed),NA,Urban,30 - 35  MPH,Stop And Go Signal,Clear,No,15,11-15,No,NA,Facing Traffic,C: Possible Injury,Travel Lane,Black,Male,59,50-59,No,NA,0-5 mph,O: No Injury,Black,Female,Sport Utility,No,04DEC2008,Thursday,Motorist Failed to Yield - Signalized Intersection,7,Intersection,December,C: Possible Injury,07:09:00,Motorist Drive Out - Right Turn on Red,2008,Yes,No,Daylight,Straight - Level,Local Street,Dry,"Two-Way, Divided, Unprotected Median",None,No Special Feature,Smooth Asphalt,2 lanes,"35.8549990975, -78.585892597"
6395,Raleigh,Wake,Piedmont,Commercial,Urban (>70% Developed),NA,Urban,30 - 35  MPH,Missing,Clear,No,48,40-49,No,NA,Facing Traffic,C: Possible Injury,Sidewalk / Crosswalk / Driveway Crossing,White,Female,27,25-29,No,NA,0-5 mph,O: No Injury,White,Male,Pickup,No,03DEC2008,Wednesday,Motorist Failed to Yield - Midblock,8,Non-Intersection,December,C: Possible Injury,08:13:00,Motorist Drive Out - Commercial Driveway / Alley,2008,No,No,Daylight,Straight - Level,Local Street,Dry,"Two-Way, Not Divided",None,No Special Feature,Smooth Asphalt,7 lanes,"35.8392820925, -78.6423326129"
6398,Raleigh,Wake,Piedmont,Commercial,Urban (>70% Developed),NA,Urban,30 - 35  MPH,Missing,Clear,No,29,25-29,No,NA,With Traffic,O: No Injury,Travel Lane,White,Male,64,60-69,No,NA,NA,O: No Injury,Black,Male,Passenger Car,No,07NOV2008,Friday,Other / Unusual Circumstances,22,Non-Intersection,November,O: No Injury,22:15:00,Unusual Circumstances,2008,No,No,Dark - Lighted Roadway,Straight - Grade,Local Street,Dry,"Two-Way, Not Divided",None,No Special Feature,Coarse Asphalt,4 lanes,"35.7858540809, -78.6473566114"
6401,Carrboro,Orange,Piedmont,Commercial,Urban (>70% Developed),NA,Urban,20 - 25  MPH,No Control Present,Cloudy,No,28,25-29,No,NA,Facing Traffic,C: Possible Injury,Travel Lane,White,Male,23,20-24,No,NA,16-20 mph,O: No Injury,White,Male,Passenger Car,No,04DEC2008,Thursday,Bicyclist Left Turn / Merge,20,Non-Intersection,December,C: Possible Injury,20:35:00,Bicyclist Left Turn - Opposite Direction,2008,Yes,No,Dark - Lighted Roadway,Straight - Level,Local Street,Wet,"Two-Way, Not Divided",None,No Special Feature,Smooth Asphalt,4 lanes,"35.9108000926, -79.0682027458"
6407,None - Rural Crash,Onslow,Coastal,"Farms, Woods, Pastures",Rural (<30% Developed),NA,Rural,NA,No Control Present,Clear,No,17,16-19,No,NA,With Traffic,O: No Injury,Travel Lane,White,Female,23,20-24,No,NA,NA,B: Evident Injury,Black,Male,Pedalcycle,No,13DEC2008,Saturday,Motorist Overtaking Bicyclist,19,Non-Intersection,December,B: Evident Injury,19:24:00,Motorist Overtaking - Other / Unknown,2008,Yes,No,Dark - Roadway Not Lighted,Straight - Level,US Route,Dry,"Two-Way, Not Divided",None,No Special Feature,Coarse Asphalt,2 lanes,"34.8756249305, -77.243258139"
6413,Navassa,Brunswick,Coastal,Residential,Mixed (30% To 70% Developed),NA,Rural,NA,No Control Present,Clear,No,NA,NA,No,NA,With Traffic,B: Evident Injury,Travel Lane,Black,Male,42,40-49,No,NA,31-35 mph,B: Evident Injury,Black,Male,Motorcycle,No,14DEC2008,Sunday,Head-On,13,Non-Intersection,December,B: Evident Injury,13:26:00,Head-On - Unknown,2008,Yes,No,Daylight,Straight - Level,Local Street,Dry,"Two-Way, Not Divided",None,No Special Feature,Coarse Asphalt,2 lanes,"34.2542527681, -78.0037023404"
6414,Asheville,Buncombe,Mountains,Commercial,Urban (>70% Developed),NA,Urban,30 - 35  MPH,"Double Yellow Line, No Passing Zone",Clear,No,30,30-39,No,NA,With Traffic,B: Evident Injury,Travel Lane,White,Male,70+,70+,No,NA,0-5 mph,O: No Injury,White,Female,Passenger Car,No,15DEC2008,Monday,Motorist Failed to Yield - Midblock,17,Non-Intersection,December,B: Evident Injury,17:48:00,Motorist Drive Out - Commercial Driveway / Alley,2008,Yes,No,Dark - Roadway Not Lighted,Straight - Grade,Local Street,Wet,"Two-Way, Not Divided",None,No Special Feature,Smooth Asphalt,3 lanes,"35.5878468965, -82.48799375"
6417,None - Rural Crash,Brunswick,Coastal,Residential,Mixed (30% To 70% Developed),NA,Rural,50 - 55  MPH,Missing,Clear,No,22,20-24,No,NA,Facing Traffic,C: Possible Injury,Travel Lane,White,Male,58,50-59,No,NA,51-55 mph,O: No Injury,White,Male,Passenger Car,No,18DEC2008,Thursday,Head-On,13,Non-Intersection,December,C: Possible Injury,13:49:00,Head-On - Bicyclist,2008,Yes,No,Daylight,Straight - Level,NC Route,Dry,"Two-Way, Not Divided",None,No Special Feature,Smooth Asphalt,2 lanes,"33.9414246891, -78.2995924147"
6418,Sanford,Lee,Piedmont,Commercial,Urban (>70% Developed),NA,Urban,30 - 35  MPH,Stop And Go Signal,Cloudy,No,44,40-49,No,NA,With Traffic,O: No Injury,Travel Lane,Black,Male,32,30-39,No,NA,11-15 mph,O: No Injury,Hispanic,Female,Passenger Car,No,18DEC2008,Thursday,Crossing Paths - Other Circumstances,18,Intersection,December,O: No Injury,18:02:00,Signalized Intersection - Other / Unknown,2008,Yes,No,Dark - Roadway Not Lighted,Straight - Level,Local Street,Wet,"Two-Way, Not Divided",None,Four-Way Intersection,Coarse Asphalt,4 lanes,"35.4816769968, -79.1621427512"
6419,Chapel Hill,Orange,Piedmont,Residential,Urban (>70% Developed),NA,Urban,20 - 25  MPH,Missing,Clear,No,8,6-10,No,NA,Not Applicable,C: Possible Injury,Driveway / Alley,White,Male,48,40-49,No,NA,16-20 mph,O: No Injury,White,Female,Passenger Car,No,19DEC2008,Friday,Bicyclist Failed to Yield - Midblock,15,Non-Intersection,December,C: Possible Injury,15:42:00,Bicyclist Ride Out - Residential Driveway,2008,No,No,Daylight,Straight - Hillcrest,Local Street,Dry,"Two-Way, Not Divided",None,No Special Feature,Smooth Asphalt,2 lanes,"35.8849140869, -79.0670877444"
2025,None - Rural Crash,Rowan,Piedmont,Commercial,Urban (>70% Developed),NA,Rural,40 - 45  MPH,"Double Yellow Line, No Passing Zone",Cloudy,No,33,30-39,No,NA,With Traffic,C: Possible Injury,NA,Hispanic,Male,43,40-49,No,NA,31-35 mph,O: No Injury,White,Female,Passenger Car,No,14MAY2012,Monday,Motorist Overtaking Bicyclist,20,Non-Intersection,May,C: Possible Injury,20:24:00,Motorist Overtaking - Misjudged Space,2012,Yes,No,Dusk,Straight - Hillcrest,State Secondary Route,Dry,"Two-Way, Not Divided",None,No Special Feature,Smooth Asphalt,2 lanes,"35.5698369704, -80.4264031362"
2032,Eden,Rockingham,Piedmont,Residential,Urban (>70% Developed),NA,Urban,20 - 25  MPH,No Control Present,Clear,No,11,11-15,No,NA,Not Applicable,B: Evident Injury,Driveway / Alley,Black,Male,17,0-19,No,NA,21-25 mph,O: No Injury,White,Male,Passenger Car,No,06MAY2012,Sunday,Bicyclist Failed to Yield - Midblock,17,Non-Intersection,May,B: Evident Injury,17:05:00,Bicyclist Ride Out - Residential Driveway,2012,Yes,No,Daylight,Straight - Level,Local Street,Dry,"Two-Way, Not Divided",None,No Special Feature,Coarse Asphalt,2 lanes,"36.4897471887, -79.7825029938"
2034,None - Rural Crash,Transylvania,Mountains,"Farms, Woods, Pastures",Rural (<30% Developed),NA,Rural,NA,No Control Present,Clear,No,64,60-69,No,NA,Not Applicable,B: Evident Injury,NA,White,Male,49,40-49,No,NA,11-15 mph,O: No Injury,White,Male,Sport Utility,No,17MAR2012,Saturday,Non-Roadway,12,Non-Roadway,March,B: Evident Injury,12:20:00,Non-Roadway,2012,Yes,No,Daylight,Curve - Level,"Private Road, Driveway",Dry,"Two-Way, Not Divided",None,"Driveway, Private",Gravel,2 lanes,"35.2497968191, -82.6712037848"
2038,Greensboro,Guilford,Piedmont,Commercial,Mixed (30% To 70% Developed),NA,Urban,30 - 35  MPH,Stop And Go Signal,Clear,No,21,20-24,No,NA,NA,C: Possible Injury,NA,Black,Male,33,30-39,No,NA,0-5 mph,O: No Injury,Black,Male,Passenger Car,No,16MAY2012,Wednesday,Bicyclist Failed to Yield - Midblock,16,Non-Intersection,May,C: Possible Injury,16:49:00,Bicyclist Ride Out - Other Midblock,2012,Yes,No,Daylight,Straight - Level,Local Street,Dry,"Two-Way, Divided, Unprotected Median",None,Four-Way Intersection,Smooth Asphalt,6 lanes,"36.0535170953, -79.8324029849"
2040,None - Rural Crash,Haywood,Mountains,Residential,Urban (>70% Developed),NA,Rural,20 - 25  MPH,Stop Sign,Clear,No,9,6-10,No,NA,With Traffic,B: Evident Injury,Travel Lane,White,Male,51,50-59,No,NA,0-5 mph,O: No Injury,White,Female,Sport Utility,No,14MAY2012,Monday,Bicyclist Failed to Yield - Sign-Controlled Intersection,15,Intersection,May,B: Evident Injury,15:30:00,Bicyclist Ride Through - Sign-Controlled Intersection,2012,Yes,No,Daylight,Straight - Grade,State Secondary Route,Dry,"Two-Way, Not Divided",None,Alley Intersection,Coarse Asphalt,2 lanes,"35.5384468722, -82.8635038581"
2049,Whiteville,Columbus,Coastal,Commercial,Urban (>70% Developed),NA,Urban,5 - 15 MPH,No Control Present,Cloudy,No,39,30-39,Yes,NA,Facing Traffic,B: Evident Injury,Sidewalk / Crosswalk / Driveway Crossing,Hispanic,Male,41,40-49,No,NA,NA,O: No Injury,White,Male,Pickup,Yes,14MAY2012,Monday,Motorist Failed to Yield - Midblock,15,Non-Intersection,May,B: Evident Injury,15:58:00,Motorist Drive Out - Commercial Driveway / Alley,2012,No,No,Daylight,Straight - Level,Public Vehicular Area,Dry,"Two-Way, Not Divided",None,"Driveway, Public",Smooth Asphalt,5 lanes,"34.3357967634, -78.7084025565"
2052,Cornelius,Mecklenburg,Piedmont,Residential,Urban (>70% Developed),NA,Urban,20 - 25  MPH,No Control Present,Clear,No,36,30-39,Yes,NA,With Traffic,C: Possible Injury,Travel Lane,White,Male,NA,NA,Missing,NA,NA,Unknown Injury,Unknown/Missing,NA,Passenger Car,Yes,15MAY2012,Tuesday,Loss of Control / Turning Error,16,Non-Intersection,May,C: Possible Injury,16:00:00,Bicyclist Lost Control - Other / Unknown,2012,No,No,Daylight,Straight - Level,Local Street,Dry,"Two-Way, Not Divided",None,No Special Feature,Smooth Asphalt,2 lanes,"35.4885369373, -80.866803263"
2054,Winston-Salem,Forsyth,Piedmont,Residential,Urban (>70% Developed),NA,Urban,30 - 35  MPH,Stop Sign,Cloudy,No,19,16-19,No,NA,Facing Traffic,B: Evident Injury,Sidewalk / Crosswalk / Driveway Crossing,White,Female,23,20-24,No,NA,6-10 mph,O: No Injury,White,Female,Sport Utility,No,12MAY2012,Saturday,Motorist Failed to Yield - Sign-Controlled Intersection,10,Intersection,May,B: Evident Injury,10:03:00,Motorist Drive Out - Sign-Controlled Intersection,2012,Yes,No,Daylight,Straight - Grade,Local Street,Dry,"Two-Way, Not Divided",None,Four-Way Intersection,Smooth Asphalt,2 lanes,"36.0865470854, -80.2649031169"
2057,Monroe,Union,Piedmont,Commercial,Urban (>70% Developed),NA,Urban,40 - 45  MPH,No Control Present,Clear,No,13,11-15,No,NA,NA,B: Evident Injury,NA,Hispanic,Male,40,40-49,No,NA,31-35 mph,O: No Injury,Black,Female,Passenger Car,No,20MAY2012,Sunday,Crossing Paths - Other Circumstances,15,Intersection-Related,May,B: Evident Injury,15:45:00,Crossing Paths - Intersection - Other / Unknown,2012,No,No,Daylight,Straight - Level,US Route,Dry,"Two-Way, Divided, Unprotected Median",None,No Special Feature,Smooth Asphalt,6 lanes,"34.9878568419, -80.5309031356"
2058,Oak Island,Brunswick,Coastal,Residential,Urban (>70% Developed),NA,Urban,30 - 35  MPH,No Control Present,Clear,No,58,50-59,No,NA,Facing Traffic,C: Possible Injury,Sidewalk / Crosswalk / Driveway Crossing,White,Male,17,0-19,No,NA,26-30 mph,O: No Injury,White,Male,Sport Utility,No,12MAY2012,Saturday,Loss of Control / Turning Error,10,Non-Intersection,May,C: Possible Injury,10:20:00,Motorist Lost Control - Other / Unknown,2012,Yes,No,Daylight,Straight - Level,Local Street,Dry,"Two-Way, Not Divided",None,No Special Feature,Smooth Asphalt,3 lanes,"33.9099266888, -78.0957023521"
2064,None - Rural Crash,Wake,Piedmont,Residential,Mixed (30% To 70% Developed),NA,Rural,40 - 45  MPH,"Double Yellow Line, No Passing Zone",Clear,No,20,20-24,No,NA,With Traffic,B: Evident Injury,Travel Lane,White,Male,28,25-29,No,NA,31-35 mph,O: No Injury,White,Male,Single Unit Truck (3 Or More Axles),No,17MAY2012,Thursday,Motorist Overtaking Bicyclist,16,Non-Intersection,May,B: Evident Injury,16:56:00,Motorist Overtaking - Bicyclist Swerved,2012,Yes,No,Daylight,Straight - Level,State Secondary Route,Dry,"Two-Way, Not Divided",None,No Special Feature,Smooth Asphalt,2 lanes,"35.8314770978, -78.4423025521"
2072,Charlotte,Mecklenburg,Piedmont,Commercial,Urban (>70% Developed),NA,Urban,40 - 45  MPH,Stop Sign,Clear,No,28,25-29,No,NA,Facing Traffic,C: Possible Injury,Sidewalk / Crosswalk / Driveway Crossing,Black,Male,70+,70+,No,NA,16-20 mph,O: No Injury,White,Female,Passenger Car,No,29MAY2012,Tuesday,Motorist Failed to Yield - Midblock,14,Non-Intersection,May,C: Possible Injury,14:00:00,Motorist Drive Out - Commercial Driveway / Alley,2012,Yes,Yes,Daylight,Straight - Level,Local Street,Dry,"Two-Way, Not Divided",None,No Special Feature,Smooth Asphalt,2 lanes,"35.1381368668, -80.7388032059"
2076,Kinston,Lenoir,Coastal,Residential,Urban (>70% Developed),NA,Urban,5 - 15 MPH,No Control Present,Clear,No,3,0-5,No,NA,Not Applicable,O: No Injury,Non-Roadway,Black,Male,34,30-39,No,NA,6-10 mph,O: No Injury,Black,Male,Passenger Car,No,25MAY2012,Friday,Non-Roadway,18,Non-Roadway,May,O: No Injury,18:20:00,Non-Roadway,2012,No,No,Daylight,Straight - Level,Public Vehicular Area,Dry,"Two-Way, Not Divided",None,No Special Feature,Smooth Asphalt,NA,"35.279327008, -77.5663022569"
2077,Charlotte,Mecklenburg,Piedmont,Residential,Urban (>70% Developed),NA,Urban,30 - 35  MPH,Stop And Go Signal,Clear,No,44,40-49,No,NA,Facing Traffic,B: Evident Injury,Sidewalk / Crosswalk / Driveway Crossing,Hispanic,Male,70+,70+,No,NA,31-35 mph,O: No Injury,White,Male,Passenger Car,No,31MAY2012,Thursday,Head-On,11,Intersection,May,B: Evident Injury,11:25:00,Head-On - Bicyclist,2012,Yes,No,Daylight,Straight - Grade,Local Street,Dry,"Two-Way, Divided, Positive Median Barrier",None,Four-Way Intersection,Smooth Asphalt,5 lanes,"35.0965568541, -80.8597032397"
2078,Raleigh,Wake,Piedmont,Institutional,Urban (>70% Developed),NA,Urban,40 - 45  MPH,Stop And Go Signal,Clear,No,20,20-24,No,NA,With Traffic,C: Possible Injury,Sidewalk / Crosswalk / Driveway Crossing,Asian,Male,20,20-24,No,NA,16-20 mph,O: No Injury,White,Female,Passenger Car,No,17APR2012,Tuesday,Motorist Left Turn / Merge,11,Intersection,April,C: Possible Injury,11:31:00,Motorist Left Turn - Opposite Direction,2012,No,No,Daylight,Straight - Level,Local Street,Dry,"Two-Way, Divided, Positive Median Barrier",None,Four-Way Intersection,Coarse Asphalt,2 lanes,"35.7838070786, -78.6822026223"
2080,Garysburg,Northampton,Coastal,Residential,Mixed (30% To 70% Developed),NA,Rural,40 - 45  MPH,No Control Present,Rain,No,46,40-49,No,NA,With Traffic,C: Possible Injury,Travel Lane,Black,Male,NA,NA,No,NA,NA,Unknown Injury,Unknown/Missing,NA,NA,No,02JUN2012,Saturday,Motorist Overtaking Bicyclist,1,Non-Intersection,June,C: Possible Injury,01:06:00,Motorist Overtaking - Misjudged Space,2012,Yes,Yes,Dark - Roadway Not Lighted,Straight - Level,US Route,Wet,"Two-Way, Not Divided",None,No Special Feature,Smooth Asphalt,2 lanes,"36.4531472613, -77.5579023155"
2083,Duck,Dare,Coastal,Commercial,Urban (>70% Developed),NA,Rural,NA,No Control Present,Clear,No,47,40-49,No,NA,With Traffic,B: Evident Injury,Travel Lane,White,Male,70+,70+,No,NA,21-25 mph,O: No Injury,White,Male,Van,No,27MAY2012,Sunday,Motorist Right Turn / Merge,16,Intersection,May,B: Evident Injury,16:35:00,Motorist Right Turn - Same Direction,2012,Yes,No,Daylight,Straight - Level,NC Route,Dry,"Two-Way, Not Divided",None,No Special Feature,Smooth Asphalt,3 lanes,"36.1631072598, -75.7527017456"
2086,None - Rural Crash,Iredell,Piedmont,Residential,Rural (<30% Developed),NA,Rural,40 - 45  MPH,"Double Yellow Line, No Passing Zone",Cloudy,No,54,50-59,No,NA,With Traffic,C: Possible Injury,Travel Lane,White,Female,28,25-29,No,NA,26-30 mph,O: No Injury,White,Female,Passenger Car,No,04JUN2012,Monday,Bicyclist Left Turn / Merge,18,Intersection,June,C: Possible Injury,18:29:00,Bicyclist Left Turn - Same Direction,2012,Yes,No,Daylight,Straight - Level,State Secondary Route,Dry,"Two-Way, Not Divided",None,T-Intersection,Smooth Asphalt,2 lanes,"35.5697069515, -80.9342032881"
2103,None - Rural Crash,Caldwell,Mountains,Commercial,Mixed (30% To 70% Developed),NA,Rural,50 - 55  MPH,Stop Sign,Clear,No,53,50-59,No,NA,Facing Traffic,B: Evident Injury,Bike Lane / Paved Shoulder,White,Male,56,50-59,No,NA,6-10 mph,O: No Injury,White,Female,Sport Utility,No,01JUN2012,Friday,Motorist Failed to Yield - Sign-Controlled Intersection,15,Intersection,June,B: Evident Injury,15:20:00,Motorist Drive Out - Sign-Controlled Intersection,2012,No,No,Daylight,Straight - Grade,US Route,Dry,"Two-Way, Not Divided",None,Four-Way Intersection,Smooth Asphalt,2 lanes,"35.8555669867, -81.6080035044"
2104,Cary,Wake,Piedmont,Commercial,Urban (>70% Developed),NA,Urban,40 - 45  MPH,Stop And Go Signal,Clear,No,13,11-15,No,NA,Facing Traffic,C: Possible Injury,Sidewalk / Crosswalk / Driveway Crossing,White,Male,18,0-19,No,NA,0-5 mph,O: No Injury,White,Female,Sport Utility,No,19MAY2012,Saturday,Crossing Paths - Other Circumstances,13,Intersection,May,C: Possible Injury,13:32:00,Signalized Intersection - Other / Unknown,2012,Yes,No,Daylight,Straight - Level,State Secondary Route,Dry,"Two-Way, Not Divided",None,Related To Intersection,Smooth Asphalt,5 lanes,"35.7913570749, -78.8475026728"
2108,Fayetteville,Cumberland,Coastal,Residential,Urban (>70% Developed),NA,Urban,20 - 25  MPH,Stop Sign,Clear,No,9,6-10,No,NA,Facing Traffic,B: Evident Injury,Travel Lane,White,Male,45,40-49,No,NA,0-5 mph,O: No Injury,Black,Female,Sport Utility,No,24MAY2012,Thursday,Bicyclist Failed to Yield - Sign-Controlled Intersection,16,Intersection,May,B: Evident Injury,16:23:00,Bicyclist Ride Through - Sign-Controlled Intersection,2012,Yes,No,Daylight,Straight - Level,Local Street,Dry,"Two-Way, Not Divided",None,T-Intersection,Coarse Asphalt,2 lanes,"35.0246869045, -78.9878026748"
2109,None - Rural Crash,Guilford,Piedmont,"Farms, Woods, Pastures",Rural (<30% Developed),NA,Rural,40 - 45  MPH,Stop Sign,Clear,No,66,60-69,No,NA,With Traffic,C: Possible Injury,Travel Lane,White,Male,51,50-59,No,NA,0-5 mph,O: No Injury,White,Female,Passenger Car,No,08JUN2012,Friday,Loss of Control / Turning Error,13,Intersection,June,C: Possible Injury,13:50:00,Bicyclist Turning Error - Left Turn,2012,No,No,Daylight,Straight - Grade,State Secondary Route,Dry,"Two-Way, Not Divided",None,T-Intersection,Coarse Asphalt,2 lanes,"36.0759370932, -79.9952030345"
2112,Harrisburg,Cabarrus,Piedmont,Residential,Rural (<30% Developed),NA,Urban,40 - 45  MPH,No Control Present,Clear,No,45,40-49,No,NA,With Traffic,B: Evident Injury,Travel Lane,White,Male,46,40-49,No,NA,36-40 mph,O: No Injury,White,Female,Passenger Car,No,26MAY2012,Saturday,Motorist Overtaking Bicyclist,11,Non-Intersection,May,B: Evident Injury,11:57:00,Motorist Overtaking - Misjudged Space,2012,No,No,Daylight,Straight - Grade,Local Street,Dry,"Two-Way, Not Divided",None,No Special Feature,Smooth Asphalt,2 lanes,"35.3308669127, -80.61830318"
2122,Granite Quarry,Rowan,Piedmont,Residential,Urban (>70% Developed),NA,Rural,30 - 35  MPH,Stop Sign,Clear,No,13,11-15,No,NA,With Traffic,O: No Injury,Travel Lane,White,Male,56,50-59,No,NA,31-35 mph,O: No Injury,White,Female,Sport Utility,No,06JUN2012,Wednesday,Bicyclist Failed to Yield - Sign-Controlled Intersection,18,Intersection,June,O: No Injury,18:07:00,Bicyclist Ride Through - Sign-Controlled Intersection,2012,No,No,Daylight,Straight - Level,Local Street,Dry,"Two-Way, Not Divided",None,Four-Way Intersection,Smooth Asphalt,2 lanes,"35.6131669786, -80.4465031443"
2133,Wilson,Wilson,Coastal,Residential,Mixed (30% To 70% Developed),NA,Urban,30 - 35  MPH,Stop Sign,Cloudy,No,7,6-10,No,NA,With Traffic,C: Possible Injury,Travel Lane,Black,Female,NA,NA,Missing,NA,0-5 mph,Unknown Injury,Unknown/Missing,NA,NA,No,27MAY2012,Sunday,Motorist Failed to Yield - Sign-Controlled Intersection,17,Intersection,May,C: Possible Injury,17:01:00,Motorist Drive Out - Sign-Controlled Intersection,2012,Yes,Yes,Daylight,Straight - Level,Local Street,Wet,"Two-Way, Not Divided",None,No Special Feature,Coarse Asphalt,2 lanes,"35.7145070919, -77.8952023791"
2134,None - Rural Crash,Sampson,Coastal,"Farms, Woods, Pastures",Rural (<30% Developed),NA,Rural,50 - 55  MPH,"Double Yellow Line, No Passing Zone",Clear,No,12,11-15,No,NA,With Traffic,B: Evident Injury,Travel Lane,Black,Male,36,30-39,No,NA,31-35 mph,O: No Injury,Black,Female,Sport Utility,No,26MAY2012,Saturday,Motorist Overtaking Bicyclist,16,Non-Intersection,May,B: Evident Injury,16:57:00,Motorist Overtaking - Bicyclist Swerved,2012,Yes,No,Daylight,Straight - Level,State Secondary Route,Dry,"Two-Way, Not Divided",None,"Driveway, Private",Coarse Asphalt,2 lanes,"34.7752268728, -78.332902465"
2145,Greensboro,Guilford,Piedmont,Commercial,Urban (>70% Developed),NA,Urban,30 - 35  MPH,Stop Sign,Clear,No,22,20-24,No,NA,With Traffic,C: Possible Injury,Sidewalk / Crosswalk / Driveway Crossing,Black,Male,60,60-69,No,NA,0-5 mph,O: No Injury,Black,Female,Van,No,20JUN2012,Wednesday,Motorist Failed to Yield - Sign-Controlled Intersection,8,Intersection,June,C: Possible Injury,08:49:00,Motorist Drive Out - Sign-Controlled Intersection,2012,Yes,No,Daylight,Straight - Level,Local Street,Dry,"Two-Way, Divided, Positive Median Barrier",None,T-Intersection,Smooth Asphalt,4 lanes,"36.0886871045, -79.7746029691"
2149,Fayetteville,Cumberland,Coastal,Commercial,Urban (>70% Developed),NA,Urban,40 - 45  MPH,Stop Sign,Cloudy,Yes,66,60-69,No,NA,Facing Traffic,O: No Injury,Travel Lane,Black,Male,29,25-29,No,NA,0-5 mph,O: No Injury,White,Male,Passenger Car,No,25JUN2012,Monday,Motorist Failed to Yield - Sign-Controlled Intersection,7,Intersection,June,O: No Injury,07:28:00,Motorist Drive Out - Sign-Controlled Intersection,2012,No,No,Daylight,Curve - Hillcrest,Local Street,Wet,"Two-Way, Divided, Positive Median Barrier",None,T-Intersection,Coarse Asphalt,5 lanes,"35.0874269199, -78.9517026674"