object_id,city,county,region,development,locality,on_road,rural_urban,speed_limit,traffic_control,weather,workzone,bike_age,bike_age_group,bike_alcohol,bike_alcohol_drugs,bike_direction,bike_injury,bike_position,bike_race,bike_sex,driver_age,driver_age_group,driver_alcohol,driver_alcohol_drugs,driver_est_speed,driver_injury,driver_race,driver_sex,driver_vehicle_type,crash_alcohol,crash_date,crash_day,crash_group,crash_hour,crash_location,crash_month,crash_severity,crash_time,crash_type,crash_year,ambulance_req,hit_run,light_condition,road_character,road_class,road_condition,road_configuration,road_defects,road_feature,road_surface,num_lanes,geo_point
2153,None - Rural Crash,Buncombe,Mountains,Residential,Urban (>70% Developed),NA,Rural,30 - 35  MPH,Stop Sign,Clear,No,54,50-59,No,NA,With Traffic,B: Evident Injury,Travel Lane,White,Male,45,40-49,No,NA,0-5 mph,O: No Injury,White,Male,Single Unit Truck (3 Or More Axles),No,14JUN2012,Thursday,Motorist Failed to Yield - Sign-Controlled Intersection,10,Intersection,June,B: Evident Injury,10:10:00,Motorist Drive Out - Sign-Controlled Intersection,2012,Yes,No,Daylight,Curve - Bottom,State Secondary Route,Dry,"Two-Way, Not Divided",None,T-Intersection,Smooth Asphalt,2 lanes,"35.6014968994, -82.4855037505"
2156,None - Rural Crash,Wake,Piedmont,"Farms, Woods, Pastures",Rural (<30% Developed),NA,Rural,50 - 55  MPH,Stop Sign,Clear,No,43,40-49,No,NA,With Traffic,B: Evident Injury,Travel Lane,White,Male,35,30-39,No,NA,0-5 mph,O: No Injury,Hispanic,Male,Pickup,No,27JUN2012,Wednesday,Motorist Failed to Yield - Sign-Controlled Intersection,7,Intersection,June,B: Evident Injury,07:10:00,Motorist Drive Out - Sign-Controlled Intersection,2012,Yes,No,Daylight,Straight - Level,State Secondary Route,Dry,"Two-Way, Not Divided",None,T-Intersection,Coarse Asphalt,4 lanes,"35.5902470315, -78.8384026588"
2157,Wilmington,New Hanover,Coastal,Residential,Urban (>70% Developed),NA,Urban,NA,No Control Present,Clear,No,12,11-15,No,NA,NA,B: Evident Injury,NA,Black,Male,NA,NA,Missing,NA,NA,Unknown Injury,Unknown/Missing,NA,NA,No,16JUN2012,Saturday,Bicyclist Failed to Yield - Midblock,12,Non-Intersection,June,B: Evident Injury,12:24:00,Bicyclist Ride Out - Midblock - Unknown,2012,Yes,Yes,Daylight,Straight - Level,Local Street,Dry,"Two-Way, Not Divided",None,No Special Feature,Smooth Asphalt,2 lanes,"34.2273367648, -77.9304023164"
2159,Mooresville,Iredell,Piedmont,Commercial,Urban (>70% Developed),NA,Urban,30 - 35  MPH,Stop Sign,Clear,No,17,16-19,No,NA,With Traffic,B: Evident Injury,Travel Lane,White,Male,70+,70+,No,NA,16-20 mph,O: No Injury,White,Female,Sport Utility,No,19JUN2012,Tuesday,Bicyclist Failed to Yield - Sign-Controlled Intersection,14,Intersection,June,B: Evident Injury,14:31:00,Bicyclist Ride Through - Sign-Controlled Intersection,2012,Yes,No,Daylight,Straight - Grade,Local Street,Dry,"Two-Way, Not Divided",None,T-Intersection,Smooth Asphalt,2 lanes,"35.5826969591, -80.8101032515"
2161,Raleigh,Wake,Piedmont,Commercial,Urban (>70% Developed),NA,Urban,40 - 45  MPH,No Control Present,Clear,No,38,30-39,No,NA,With Traffic,B: Evident Injury,Travel Lane,White,Male,48,40-49,Yes,NA,41-45 mph,O: No Injury,Black,Female,Sport Utility,Yes,02JUN2012,Saturday,Motorist Overtaking Bicyclist,14,Non-Intersection,June,B: Evident Injury,14:58:00,Motorist Overtaking - Other / Unknown,2012,No,Yes,Daylight,Curve - Level,Local Street,Dry,"Two-Way, Divided, Unprotected Median",None,No Special Feature,Coarse Asphalt,5 lanes,"35.9057771075, -78.6023026045"
2167,Greensboro,Guilford,Piedmont,Commercial,Urban (>70% Developed),NA,Urban,30 - 35  MPH,No Control Present,Clear,No,15,11-15,No,NA,With Traffic,C: Possible Injury,Travel Lane,Black,Male,21,20-24,No,NA,21-25 mph,O: No Injury,Black,Female,Passenger Car,No,28JUN2012,Thursday,Bicyclist Failed to Yield - Sign-Controlled Intersection,14,Intersection,June,C: Possible Injury,14:39:00,Bicyclist Ride Through - Sign-Controlled Intersection,2012,Yes,No,Daylight,Straight - Level,Local Street,Dry,"Two-Way, Not Divided",None,No Special Feature,Smooth Asphalt,2 lanes,"36.0418870931, -79.8158029788"
2171,Fayetteville,Cumberland,Coastal,Residential,Urban (>70% Developed),NA,Urban,20 - 25  MPH,Stop Sign,Clear,No,11,11-15,No,NA,With Traffic,A: Disabling Injury,Travel Lane,Black,Male,60,60-69,No,NA,21-25 mph,O: No Injury,Black,Female,Passenger Car,No,21JUN2012,Thursday,Bicyclist Failed to Yield - Sign-Controlled Intersection,14,Intersection,June,A: Disabling Injury,14:22:00,Bicyclist Ride Through - Sign-Controlled Intersection,2012,Yes,No,Daylight,Straight - Level,Local Street,Dry,"Two-Way, Not Divided",None,T-Intersection,Coarse Asphalt,2 lanes,"35.0934269217, -78.9246026599"
2174,Newport,Carteret,Coastal,Residential,Mixed (30% To 70% Developed),NA,Rural,50 - 55  MPH,No Control Present,Clear,No,33,30-39,No,NA,With Traffic,B: Evident Injury,Travel Lane,Hispanic,Male,NA,NA,Missing,NA,NA,Unknown Injury,Unknown/Missing,NA,NA,No,24JUN2012,Sunday,Motorist Overtaking Bicyclist,23,Non-Intersection,June,B: Evident Injury,23:11:00,Motorist Overtaking - Other / Unknown,2012,Yes,Yes,Dark - Roadway Not Lighted,Straight - Level,NC Route,Dry,"Two-Way, Not Divided",None,Bridge Approach,Smooth Asphalt,5 lanes,"34.7290669094, -76.8997020282"
2181,None - Rural Crash,Wilson,Coastal,Residential,Urban (>70% Developed),NA,Rural,40 - 45  MPH,No Control Present,Clear,No,20,20-24,No,NA,Facing Traffic,B: Evident Injury,Travel Lane,White,Male,53,50-59,No,NA,36-40 mph,O: No Injury,White,Male,Van,No,28JUN2012,Thursday,Head-On,5,Non-Intersection,June,B: Evident Injury,05:28:00,Head-On - Bicyclist,2012,Yes,No,Dark - Roadway Not Lighted,Straight - Level,US Route,Dry,"Two-Way, Not Divided",None,No Special Feature,Coarse Asphalt,2 lanes,"35.6619470843, -77.7871023441"
2182,Cornelius,Mecklenburg,Piedmont,Commercial,Urban (>70% Developed),NA,Urban,30 - 35  MPH,Stop Sign,Clear,No,30,30-39,No,NA,With Traffic,O: No Injury,Travel Lane,White,Male,62,60-69,No,NA,NA,O: No Injury,White,Male,Passenger Car,No,17JUN2012,Sunday,Loss of Control / Turning Error,12,Intersection,June,O: No Injury,12:09:00,Bicyclist Lost Control - Mechanical Problems,2012,No,No,Daylight,Straight - Level,"Private Road, Driveway",Dry,"Two-Way, Not Divided",None,T-Intersection,Coarse Asphalt,2 lanes,"35.4718969329, -80.89170327"
2192,Wilmington,New Hanover,Coastal,Commercial,Urban (>70% Developed),NA,Urban,NA,Stop And Go Signal,Clear,No,39,30-39,No,NA,With Traffic,B: Evident Injury,Travel Lane,White,Male,18,0-19,No,NA,NA,O: No Injury,White,Male,Passenger Car,No,29JUN2012,Friday,Motorist Left Turn / Merge,14,Intersection,June,B: Evident Injury,14:52:00,Motorist Left Turn - Opposite Direction,2012,No,No,Daylight,Straight - Level,Local Street,Dry,"Two-Way, Not Divided",None,No Special Feature,Smooth Asphalt,2 lanes,"34.2232867657, -77.8822023016"
2194,Williamston,Martin,Coastal,Residential,Urban (>70% Developed),NA,Urban,20 - 25  MPH,Stop Sign,Clear,No,8,6-10,No,NA,With Traffic,B: Evident Injury,Travel Lane,Unknown/Missing,Female,61,60-69,No,NA,21-25 mph,O: No Injury,Black,Female,Passenger Car,No,26JUN2012,Tuesday,Bicyclist Failed to Yield - Sign-Controlled Intersection,15,Intersection,June,B: Evident Injury,15:10:00,Bicyclist Ride Through - Sign-Controlled Intersection,2012,No,No,Daylight,Straight - Grade,Local Street,Dry,"Two-Way, Not Divided",None,Four-Way Intersection,Grooved Concrete,1 lane,"35.8514071499, -77.0524021295"
2197,Charlotte,Mecklenburg,Piedmont,Commercial,Urban (>70% Developed),NA,Urban,30 - 35  MPH,Stop Sign,Cloudy,No,43,40-49,Missing,NA,Facing Traffic,C: Possible Injury,Sidewalk / Crosswalk / Driveway Crossing,Black,Male,33,30-39,No,NA,NA,O: No Injury,White,Male,Sport Utility,No,11JUL2012,Wednesday,Motorist Failed to Yield - Sign-Controlled Intersection,12,Intersection,July,C: Possible Injury,12:03:00,Motorist Drive Out - Sign-Controlled Intersection,2012,Yes,No,Daylight,Curve - Grade,Local Street,Dry,"Two-Way, Not Divided",None,Four-Way Intersection,Smooth Asphalt,4 lanes,"35.2162968798, -80.8520032442"
2203,Garner,Wake,Piedmont,Residential,Urban (>70% Developed),NA,Urban,30 - 35  MPH,Stop Sign,Clear,No,64,60-69,No,NA,Facing Traffic,C: Possible Injury,Travel Lane,White,Male,21,20-24,No,NA,6-10 mph,O: No Injury,White,Female,Passenger Car,No,29JUN2012,Friday,Motorist Failed to Yield - Sign-Controlled Intersection,10,Intersection,June,C: Possible Injury,10:06:00,Motorist Drive Out - Sign-Controlled Intersection,2012,Yes,No,Daylight,Straight - Grade,Local Street,Dry,"Two-Way, Not Divided",None,No Special Feature,Smooth Asphalt,5 lanes,"35.6770170578, -78.6249025992"
2214,Mount Holly,Gaston,Piedmont,Residential,Urban (>70% Developed),NA,Urban,30 - 35  MPH,Stop And Go Signal,Clear,No,23,20-24,No,NA,With Traffic,C: Possible Injury,Travel Lane,White,Male,35,30-39,No,NA,NA,O: No Injury,Hispanic,Male,Pickup,No,28JUN2012,Thursday,Motorist Right Turn / Merge,11,Intersection,June,C: Possible Injury,11:16:00,Motorist Right Turn - Same Direction,2012,Yes,No,Daylight,Straight - Level,NC Route,Dry,"Two-Way, Not Divided",Work Zone,Four-Way Intersection,Smooth Asphalt,4 lanes,"35.2971568905, -81.0127032968"
2219,Kernersville,Forsyth,Piedmont,Residential,Urban (>70% Developed),NA,Urban,5 - 15 MPH,No Control Present,Clear,No,47,40-49,No,NA,Not Applicable,C: Possible Injury,Non-Roadway,White,Male,62,60-69,No,NA,0-5 mph,O: No Injury,White,Female,Van,No,08JUL2012,Sunday,Non-Roadway,12,Non-Roadway,July,C: Possible Injury,12:59:00,Non-Roadway,2012,No,No,Daylight,Curve - Level,Public Vehicular Area,Dry,"Two-Way, Not Divided",None,"Driveway, Public",Coarse Asphalt,NA,"36.118467099, -80.085903064"
2224,Wilmington,New Hanover,Coastal,Commercial,Urban (>70% Developed),NA,Urban,30 - 35  MPH,No Control Present,Clear,No,58,50-59,No,NA,With Traffic,O: No Injury,Travel Lane,Black,Male,22,20-24,No,NA,26-30 mph,O: No Injury,Black,Male,Passenger Car,No,02JUL2012,Monday,Bicyclist Left Turn / Merge,9,Non-Intersection,July,O: No Injury,09:23:00,Bicyclist Left Turn - Opposite Direction,2012,No,No,Daylight,Straight - Level,Local Street,Dry,"Two-Way, Not Divided",None,No Special Feature,Coarse Asphalt,2 lanes,"34.2425567697, -77.8920023059"
2227,None - Rural Crash,Mecklenburg,Piedmont,Residential,Urban (>70% Developed),NA,Rural,30 - 35  MPH,No Control Present,Clear,No,41,40-49,No,NA,With Traffic,B: Evident Injury,Travel Lane,Black,Male,63,60-69,No,NA,26-30 mph,O: No Injury,White,Male,Passenger Car,No,20JUL2012,Friday,Motorist Overtaking Bicyclist,5,Intersection,July,B: Evident Injury,05:28:00,Motorist Overtaking - Other / Unknown,2012,Yes,No,Dark - Lighted Roadway,Straight - Level,Local Street,Dry,"Two-Way, Not Divided",None,No Special Feature,Smooth Asphalt,4 lanes,"35.2363968842, -80.8306032389"
2233,None - Rural Crash,Alleghany,Mountains,"Farms, Woods, Pastures",Rural (<30% Developed),NA,Rural,50 - 55  MPH,"Double Yellow Line, No Passing Zone",Clear,No,62,60-69,No,NA,With Traffic,C: Possible Injury,Travel Lane,White,Female,37,30-39,No,NA,46-50 mph,O: No Injury,White,Male,Pickup,No,23JUL2012,Monday,Motorist Overtaking Bicyclist,8,Non-Intersection,July,C: Possible Injury,08:10:00,Motorist Overtaking - Other / Unknown,2012,Yes,No,Daylight,Curve - Level,NC Route,Dry,"Two-Way, Not Divided",None,No Special Feature,Smooth Asphalt,2 lanes,"36.5550571587, -80.9153033389"
2234,Tobaccoville,Forsyth,Piedmont,"Farms, Woods, Pastures",Rural (<30% Developed),NA,Rural,40 - 45  MPH,"Double Yellow Line, No Passing Zone",Clear,No,44,40-49,Yes,NA,With Traffic,B: Evident Injury,Travel Lane,White,Male,29,25-29,No,NA,41-45 mph,O: No Injury,Black,Male,Pickup,Yes,23JUL2012,Monday,Motorist Overtaking Bicyclist,20,Intersection-Related,July,B: Evident Injury,20:04:00,Motorist Overtaking - Bicyclist Swerved,2012,Yes,No,Dusk,Curve - Level,State Secondary Route,Dry,"Two-Way, Not Divided",None,No Special Feature,Coarse Asphalt,2 lanes,"36.2339671128, -80.3805031595"
2239,Pine Knoll Shores,Carteret,Coastal,Residential,Urban (>70% Developed),NA,Rural,40 - 45  MPH,Stop And Go Signal,Clear,No,58,50-59,No,NA,With Traffic,B: Evident Injury,Travel Lane,White,Male,61,60-69,No,NA,11-15 mph,O: No Injury,White,Male,Pickup,No,24JUL2012,Tuesday,Motorist Left Turn / Merge,7,Intersection,July,B: Evident Injury,07:33:00,Motorist Left Turn - Opposite Direction,2012,Yes,No,Daylight,Straight - Level,Local Street,Dry,"Two-Way, Not Divided",None,T-Intersection,Smooth Asphalt,2 lanes,"34.6952669042, -76.8218020024"
2255,Ayden,Pitt,Coastal,Residential,Urban (>70% Developed),NA,Rural,20 - 25  MPH,No Control Present,Clear,No,60,60-69,No,NA,Facing Traffic,C: Possible Injury,Travel Lane,Black,Male,55,50-59,No,NA,16-20 mph,O: No Injury,Black,Male,Passenger Car,No,24JUN2012,Sunday,Backing Vehicle,21,Non-Intersection,June,C: Possible Injury,21:51:00,Backing Vehicle,2012,Yes,No,Dark - Lighted Roadway,Straight - Level,Local Street,Dry,"Two-Way, Not Divided",None,No Special Feature,Smooth Asphalt,2 lanes,"35.4656170536, -77.4205022225"
2266,Havelock,Craven,Coastal,Commercial,Mixed (30% To 70% Developed),NA,Urban,40 - 45  MPH,No Control Present,Clear,No,65,60-69,No,NA,Facing Traffic,O: No Injury,Bike Lane / Paved Shoulder,White,Male,26,25-29,No,NA,0-5 mph,O: No Injury,White,Female,Passenger Car,No,30JUN2012,Saturday,Motorist Failed to Yield - Midblock,11,Non-Intersection,June,O: No Injury,11:23:00,Motorist Drive Out - Commercial Driveway / Alley,2012,No,No,Daylight,Straight - Level,US Route,Dry,"Two-Way, Divided, Unprotected Median",None,"Driveway, Public",Smooth Asphalt,4 lanes,"34.8616669384, -76.8976020332"
2267,Mooresville,Iredell,Piedmont,Commercial,Urban (>70% Developed),NA,Urban,30 - 35  MPH,Stop And Go Signal,Clear,No,15,11-15,No,NA,With Traffic,O: No Injury,Travel Lane,White,Female,67,60-69,No,NA,16-20 mph,O: No Injury,White,Male,Sport Utility,No,15JUN2012,Friday,Bicyclist Overtaking Motorist,11,Intersection,June,O: No Injury,11:01:00,Bicyclist Overtaking - Other / Unknown,2012,No,No,Daylight,Straight - Grade,Local Street,Dry,"Two-Way, Not Divided",None,Four-Way Intersection,Coarse Asphalt,2 lanes,"35.5858569599, -80.8038032498"
2268,Oak Island,Brunswick,Coastal,Residential,Urban (>70% Developed),NA,Urban,20 - 25  MPH,No Control Present,Clear,No,13,11-15,No,NA,Not Applicable,B: Evident Injury,Driveway / Alley,White,Male,36,30-39,Yes,NA,16-20 mph,O: No Injury,White,Male,Pickup,Yes,26JUN2012,Tuesday,Crossing Paths - Other Circumstances,19,Intersection-Related,June,B: Evident Injury,19:40:00,Crossing Paths - Uncontrolled Intersection,2012,Yes,Yes,Daylight,Straight - Level,Local Street,Dry,"Two-Way, Not Divided",None,No Special Feature,Smooth Asphalt,2 lanes,"33.9035466878, -78.0774023461"
2269,Raleigh,Wake,Piedmont,Institutional,Urban (>70% Developed),NA,Urban,30 - 35  MPH,Stop And Go Signal,Clear,No,50,50-59,No,NA,With Traffic,B: Evident Injury,Multi-use Path,White,Male,63,60-69,No,NA,0-5 mph,B: Evident Injury,White,Female,Taxicab,No,31JUL2012,Tuesday,Bicyclist Failed to Yield - Signalized Intersection,15,Intersection,July,B: Evident Injury,15:52:00,Bicyclist Ride Through - Signalized Intersection,2012,Yes,No,Daylight,Straight - Grade,Local Street,Dry,"Two-Way, Not Divided",None,Related To Intersection,Smooth Asphalt,2 lanes,"35.7747170776, -78.6567026137"
2270,Cary,Wake,Piedmont,Commercial,Urban (>70% Developed),NA,Urban,30 - 35  MPH,Stop Sign,Clear,No,54,50-59,No,NA,Facing Traffic,C: Possible Injury,Travel Lane,White,Male,54,50-59,No,NA,0-5 mph,O: No Injury,Black,Male,Pickup,No,18JUL2012,Wednesday,Motorist Failed to Yield - Sign-Controlled Intersection,21,Intersection,July,C: Possible Injury,21:10:00,Motorist Drive Out - Sign-Controlled Intersection,2012,Yes,No,Dark - Lighted Roadway,Straight - Level,State Secondary Route,Dry,"Two-Way, Not Divided",None,T-Intersection,Smooth Asphalt,5 lanes,"35.7407870665, -78.7799026497"
2272,Alamance,Alamance,Piedmont,Commercial,Urban (>70% Developed),NA,Rural,30 - 35  MPH,Stop And Go Signal,Clear,No,12,11-15,No,NA,NA,B: Evident Injury,NA,Black,Male,70+,70+,No,NA,31-35 mph,O: No Injury,White,Male,Passenger Car,No,25JUL2012,Wednesday,Bicyclist Failed to Yield - Midblock,22,Non-Intersection,July,B: Evident Injury,22:33:00,Bicyclist Ride Out - Midblock - Unknown,2012,Yes,No,Daylight,Straight - Level,US Route,Dry,"One-Way, Not Divided",None,No Special Feature,Smooth Asphalt,3 lanes,"36.0984971192, -79.4344028672"
2273,Winston-Salem,Forsyth,Piedmont,Commercial,Urban (>70% Developed),NA,Urban,50 - 55  MPH,No Control Present,Cloudy,No,41,40-49,No,NA,With Traffic,B: Evident Injury,Travel Lane,White,Male,70+,70+,No,NA,NA,O: No Injury,White,Female,Passenger Car,No,27JUL2012,Friday,Motorist Left Turn / Merge,9,Intersection,July,B: Evident Injury,09:44:00,Motorist Left Turn - Opposite Direction,2012,Yes,No,Daylight,Straight - Grade,Local Street,Dry,"Two-Way, Not Divided",None,T-Intersection,Smooth Asphalt,5 lanes,"36.0328570721, -80.3371031354"
2275,Stanfield,Stanly,Piedmont,Commercial,Mixed (30% To 70% Developed),NA,Rural,40 - 45  MPH,Stop Sign,Clear,No,44,40-49,No,NA,With Traffic,B: Evident Injury,Travel Lane,White,Female,NA,NA,Missing,NA,36-40 mph,Unknown Injury,Unknown/Missing,NA,NA,No,26JUL2012,Thursday,Bicyclist Left Turn / Merge,3,Intersection,July,B: Evident Injury,03:04:00,Bicyclist Left Turn - Same Direction,2012,Yes,Yes,Daylight,Straight - Hillcrest,State Secondary Route,Dry,"Two-Way, Not Divided",None,T-Intersection,Smooth Asphalt,2 lanes,"35.234046898, -80.4505031246"
2278,None - Rural Crash,Bladen,Coastal,"Farms, Woods, Pastures",Rural (<30% Developed),NA,Rural,50 - 55  MPH,Stop Sign,Clear,No,36,30-39,No,NA,With Traffic,C: Possible Injury,Travel Lane,White,Female,17,0-19,No,NA,21-25 mph,O: No Injury,White,Male,Passenger Car,No,03AUG2012,Friday,Loss of Control / Turning Error,21,Intersection,August,C: Possible Injury,21:18:00,Motorist Turning Error - Left Turn,2012,No,No,Dark - Roadway Not Lighted,Straight - Level,State Secondary Route,Dry,"Two-Way, Not Divided",None,T-Intersection,Smooth Asphalt,2 lanes,"34.6410168277, -78.792602597"
2280,Duck,Dare,Coastal,Commercial,Urban (>70% Developed),NA,Rural,5 - 15 MPH,No Control Present,Clear,No,17,16-19,No,NA,Facing Traffic,Unknown Injury,Bike Lane / Paved Shoulder,White,Male,22,20-24,No,NA,0-5 mph,O: No Injury,White,Male,Passenger Car,No,26JUL2012,Thursday,Crossing Paths - Other Circumstances,19,Intersection,July,O: No Injury,19:43:00,Crossing Paths - Uncontrolled Intersection,2012,Yes,No,Daylight,Straight - Level,NC Route,Dry,"Two-Way, Not Divided",None,No Special Feature,Smooth Asphalt,NA,"36.1662772606, -75.7539017463"
2290,None - Rural Crash,Pender,Coastal,"Farms, Woods, Pastures",Rural (<30% Developed),NA,Rural,50 - 55  MPH,"Double Yellow Line, No Passing Zone",Clear,No,57,50-59,No,NA,With Traffic,A: Disabling Injury,Travel Lane,Black,Male,43,40-49,No,NA,51-55 mph,O: No Injury,White,Male,Sport Utility,No,29JUL2012,Sunday,Motorist Overtaking Bicyclist,15,Non-Intersection,July,A: Disabling Injury,15:30:00,Motorist Overtaking - Bicyclist Swerved,2012,Yes,No,Daylight,Straight - Level,State Secondary Route,Dry,"Two-Way, Not Divided",None,No Special Feature,Coarse Asphalt,2 lanes,"34.5017368214, -78.0564023675"
2303,Charlotte,Mecklenburg,Piedmont,Commercial,Urban (>70% Developed),NA,Urban,30 - 35  MPH,No Control Present,Clear,No,19,16-19,No,NA,With Traffic,C: Possible Injury,Travel Lane,White,Male,51,50-59,No,NA,11-15 mph,O: No Injury,White,Male,Sport Utility,No,13AUG2012,Monday,Parallel Paths - Other Circumstances,20,Non-Intersection,August,C: Possible Injury,20:06:00,Parallel Paths - Other / Unknown,2012,No,No,Dusk,Straight - Level,Local Street,Dry,"Two-Way, Not Divided",None,No Special Feature,Smooth Asphalt,2 lanes,"35.2181068814, -80.8144032324"
2304,None - Rural Crash,Iredell,Piedmont,Residential,Rural (<30% Developed),NA,Rural,30 - 35  MPH,No Control Present,Clear,No,9,6-10,No,NA,With Traffic,B: Evident Injury,Travel Lane,Black,Female,NA,NA,No,NA,16-20 mph,Unknown Injury,Unknown/Missing,NA,Motorcycle,No,13AUG2012,Monday,Head-On,18,Non-Intersection,August,B: Evident Injury,18:30:00,Head-On - Motorist,2012,Yes,Yes,Daylight,Straight - Grade,State Secondary Route,Dry,"Two-Way, Not Divided",None,No Special Feature,Smooth Asphalt,2 lanes,"35.7810069995, -80.8403032712"
2313,None - Rural Crash,Onslow,Coastal,Commercial,Urban (>70% Developed),NA,Rural,5 - 15 MPH,No Control Present,Clear,No,9,6-10,No,NA,Not Applicable,O: No Injury,Non-Roadway,White,Female,NA,NA,Missing,NA,0-5 mph,Unknown Injury,Unknown/Missing,NA,Passenger Car,No,13AUG2012,Monday,Non-Roadway,22,Non-Roadway,August,O: No Injury,22:49:00,Non-Roadway,2012,No,No,Daylight,Straight - Level,Public Vehicular Area,Dry,"Two-Way, Not Divided",None,"Driveway, Public",Smooth Asphalt,NA,"34.677856888, -77.2106021196"
2315,Durham,Durham,Piedmont,Residential,Urban (>70% Developed),NA,Urban,30 - 35  MPH,Stop And Go Signal,Clear,No,29,25-29,No,NA,With Traffic,C: Possible Injury,Sidewalk / Crosswalk / Driveway Crossing,White,Male,48,40-49,No,NA,6-10 mph,O: No Injury,White,Female,Passenger Car,No,16AUG2012,Thursday,Motorist Left Turn / Merge,14,Intersection,August,C: Possible Injury,14:18:00,Motorist Left Turn - Opposite Direction,2012,Yes,No,Daylight,Straight - Level,Local Street,Dry,"Two-Way, Not Divided",None,No Special Feature,Coarse Asphalt,3 lanes,"36.01718712, -78.9216027075"
2318,Durham,Durham,Piedmont,Commercial,Urban (>70% Developed),NA,Urban,5 - 15 MPH,No Control Present,Clear,No,NA,NA,Missing,NA,Not Applicable,Unknown Injury,Non-Roadway,Unknown/Missing,NA,34,30-39,No,NA,0-5 mph,O: No Injury,Black,Female,Sport Utility,No,15AUG2012,Wednesday,Non-Roadway,15,Non-Roadway,August,O: No Injury,15:23:00,Non-Roadway,2012,No,No,Daylight,Straight - Level,Public Vehicular Area,Dry,"Two-Way, Not Divided",None,No Special Feature,Smooth Asphalt,NA,"35.9932471173, -78.8688026902"
2323,Boone,Watauga,Mountains,Institutional,Urban (>70% Developed),NA,Urban,20 - 25  MPH,No Control Present,Clear,No,20,20-24,No,NA,With Traffic,O: No Injury,Bike Lane / Paved Shoulder,White,Male,30,30-39,No,NA,0-5 mph,O: No Injury,White,Male,Passenger Car,No,20AUG2012,Monday,Motorist Right Turn / Merge,13,Non-Intersection,August,O: No Injury,13:30:00,Motorist Right Turn - Same Direction,2012,No,No,Daylight,Straight - Level,Local Street,Dry,"Two-Way, Not Divided",None,No Special Feature,Smooth Asphalt,6 lanes,"36.212417058, -81.6808035475"
2327,Kernersville,Forsyth,Piedmont,Commercial,Urban (>70% Developed),NA,Urban,20 - 25  MPH,No Control Present,Clear,No,16,16-19,No,NA,Not Applicable,B: Evident Injury,Non-Roadway,White,Male,18,0-19,No,NA,26-30 mph,O: No Injury,White,Female,Passenger Car,No,13AUG2012,Monday,Bicyclist Failed to Yield - Midblock,7,Non-Intersection,August,B: Evident Injury,07:16:00,Bicyclist Ride Out - Commercial Driveway / Alley,2012,Yes,No,Dark - Lighted Roadway,Straight - Level,Local Street,Dry,"Two-Way, Not Divided",None,No Special Feature,Smooth Asphalt,2 lanes,"36.1271071012, -80.0691030604"
2331,Greensboro,Guilford,Piedmont,Residential,Urban (>70% Developed),NA,Urban,30 - 35  MPH,Stop Sign,Clear,No,11,11-15,No,NA,With Traffic,B: Evident Injury,Travel Lane,Black,Male,56,50-59,No,NA,26-30 mph,O: No Injury,Black,Male,Passenger Car,No,17AUG2012,Friday,Bicyclist Failed to Yield - Sign-Controlled Intersection,12,Intersection,August,B: Evident Injury,12:15:00,Bicyclist Ride Through - Sign-Controlled Intersection,2012,Yes,No,Daylight,Straight - Grade,Local Street,Dry,"Two-Way, Not Divided",None,Four-Way Intersection,Smooth Asphalt,1 lane,"36.043767094, -79.8040029749"
2333,Greensboro,Guilford,Piedmont,Commercial,Urban (>70% Developed),NA,Urban,20 - 25  MPH,Stop And Go Signal,Cloudy,No,20,20-24,No,NA,Facing Traffic,C: Possible Injury,Sidewalk / Crosswalk / Driveway Crossing,Black,Male,22,20-24,No,NA,0-5 mph,O: No Injury,Black,Male,Sport Utility,No,22AUG2012,Wednesday,Motorist Failed to Yield - Signalized Intersection,12,Intersection,August,C: Possible Injury,12:54:00,Motorist Drive Out - Right Turn on Red,2012,Yes,No,Daylight,Straight - Level,Local Street,Dry,"Two-Way, Not Divided",None,Four-Way Intersection,Smooth Asphalt,2 lanes,"36.0701870998, -79.7916029733"
2338,Raleigh,Wake,Piedmont,Residential,Urban (>70% Developed),NA,Urban,60 - 75 MPH,No Control Present,Cloudy,No,44,40-49,Yes,NA,With Traffic,K: Killed,Travel Lane,Black,Male,33,30-39,No,NA,61-65 mph,O: No Injury,Black,Male,"Single Unit Truck (2-Axle, 6-Tire)",Yes,20AUG2012,Monday,Motorist Overtaking Bicyclist,3,Non-Intersection,August,K: Killed,03:36:00,Motorist Overtaking - Other / Unknown,2012,Yes,No,Dark - Roadway Not Lighted,Curve - Level,Interstate,Wet,"Two-Way, Divided, Positive Median Barrier",None,No Special Feature,Smooth Asphalt,6 lanes,"35.7569870714, -78.7217026328"
2340,Raleigh,Wake,Piedmont,Residential,Urban (>70% Developed),NA,Urban,20 - 25  MPH,Stop Sign,Clear,No,10,6-10,No,NA,With Traffic,C: Possible Injury,Travel Lane,Black,Male,34,30-39,No,NA,0-5 mph,O: No Injury,Black,Female,Sport Utility,No,23AUG2012,Thursday,Crossing Paths - Other Circumstances,15,Intersection,August,C: Possible Injury,15:55:00,Sign-Controlled Intersection - Other / Unknown,2012,Yes,No,Daylight,Straight - Level,Local Street,Dry,"Two-Way, Not Divided",Other,T-Intersection,Coarse Asphalt,4 lanes,"35.7786070804, -78.614602601"
2342,Greensboro,Guilford,Piedmont,Residential,Urban (>70% Developed),NA,Urban,40 - 45  MPH,Stop And Go Signal,Clear,No,21,20-24,No,NA,Facing Traffic,C: Possible Injury,Sidewalk / Crosswalk / Driveway Crossing,Black,Male,25,25-29,No,NA,0-5 mph,O: No Injury,White,Male,Passenger Car,No,23AUG2012,Thursday,Motorist Failed to Yield - Signalized Intersection,20,Intersection,August,C: Possible Injury,20:59:00,Motorist Drive Out - Right Turn on Red,2012,Yes,No,Dark - Lighted Roadway,Straight - Level,Local Street,Dry,"Two-Way, Divided, Unprotected Median",None,Four-Way Intersection,Coarse Asphalt,8 lanes,"36.0508470941, -79.8441029876"