object_id,city,county,region,development,locality,on_road,rural_urban,speed_limit,traffic_control,weather,workzone,bike_age,bike_age_group,bike_alcohol,bike_alcohol_drugs,bike_direction,bike_injury,bike_position,bike_race,bike_sex,driver_age,driver_age_group,driver_alcohol,driver_alcohol_drugs,driver_est_speed,driver_injury,driver_race,driver_sex,driver_vehicle_type,crash_alcohol,crash_date,crash_day,crash_group,crash_hour,crash_location,crash_month,crash_severity,crash_time,crash_type,crash_year,ambulance_req,hit_run,light_condition,road_character,road_class,road_condition,road_configuration,road_defects,road_feature,road_surface,num_lanes,geo_point
2344,Durham,Durham,Piedmont,Residential,Urban (>70% Developed),NA,Urban,5 - 15 MPH,No Control Present,Clear,No,35,30-39,No,NA,Facing Traffic,O: No Injury,Sidewalk / Crosswalk / Driveway Crossing,Black,Male,51,50-59,No,NA,0-5 mph,O: No Injury,White,Female,Passenger Car,No,24AUG2012,Friday,Motorist Failed to Yield - Midblock,11,Non-Intersection,August,O: No Injury,11:11:00,Motorist Drive Out - Commercial Driveway / Alley,2012,No,No,Daylight,Straight - Level,Public Vehicular Area,Dry,"Two-Way, Not Divided",None,"Driveway, Public",Coarse Asphalt,2 lanes,"35.9654871082, -78.9568027146"
2359,Wilson,Wilson,Coastal,Commercial,Urban (>70% Developed),NA,Urban,40 - 45  MPH,Stop And Go Signal,Clear,No,16,16-19,No,NA,Facing Traffic,C: Possible Injury,Travel Lane,Black,Male,66,60-69,No,NA,36-40 mph,O: No Injury,Black,Male,Passenger Car,No,28JUL2012,Saturday,Bicyclist Failed to Yield - Signalized Intersection,19,Intersection,July,C: Possible Injury,19:37:00,Bicyclist Ride Out - Signalized  Intersection,2012,Yes,No,Daylight,Straight - Level,Local Street,Dry,"Two-Way, Not Divided",None,Four-Way Intersection,Coarse Asphalt,5 lanes,"35.7550370993, -77.9254023904"
2361,Wilson,Wilson,Coastal,Commercial,Urban (>70% Developed),NA,Urban,30 - 35  MPH,Stop Sign,Clear,No,NA,NA,Missing,NA,Facing Traffic,Unknown Injury,Travel Lane,Unknown/Missing,NA,69,60-69,No,NA,0-5 mph,O: No Injury,Black,Male,Passenger Car,No,18AUG2012,Saturday,Motorist Failed to Yield - Sign-Controlled Intersection,13,Intersection-Related,August,O: No Injury,13:56:00,Motorist Drive Out - Sign-Controlled Intersection,2012,No,No,Daylight,Straight - Level,Local Street,Dry,"Two-Way, Not Divided",None,No Special Feature,Smooth Asphalt,2 lanes,"35.7172770912, -77.9217023877"
2368,Raleigh,Wake,Piedmont,Commercial,Urban (>70% Developed),NA,Urban,40 - 45  MPH,Stop And Go Signal,Clear,No,20,20-24,No,NA,Facing Traffic,C: Possible Injury,Sidewalk / Crosswalk / Driveway Crossing,White,Female,31,30-39,Missing,NA,0-5 mph,O: No Injury,White,Male,Van,No,24AUG2012,Friday,Motorist Failed to Yield - Signalized Intersection,8,Intersection,August,C: Possible Injury,08:40:00,Motorist Drive Out - Signalized Intersection,2012,Yes,No,Dark - Lighted Roadway,Straight - Level,Local Street,Dry,"Two-Way, Not Divided",None,No Special Feature,Coarse Asphalt,2 lanes,"35.7751070779, -78.6566026141"
2370,Asheville,Buncombe,Mountains,Commercial,Urban (>70% Developed),NA,Urban,30 - 35  MPH,Stop And Go Signal,Rain,No,21,20-24,No,NA,With Traffic,B: Evident Injury,Travel Lane,White,Male,62,60-69,No,NA,16-20 mph,O: No Injury,White,Male,Sport Utility,No,22AUG2012,Wednesday,Loss of Control / Turning Error,23,Intersection,August,B: Evident Injury,23:26:00,Bicyclist Lost Control - Other / Unknown,2012,Yes,No,Dark - Lighted Roadway,Straight - Grade,Local Street,Wet,"Two-Way, Not Divided",None,Four-Way Intersection,Smooth Asphalt,3 lanes,"35.5911768949, -82.559003771"
2376,Raleigh,Wake,Piedmont,Residential,Urban (>70% Developed),NA,Urban,40 - 45  MPH,No Control Present,Clear,No,47,40-49,No,NA,With Traffic,C: Possible Injury,Travel Lane,White,Female,35,30-39,No,NA,36-40 mph,O: No Injury,White,Male,Sport Utility,No,24AUG2012,Friday,Motorist Overtaking Bicyclist,5,Non-Intersection,August,C: Possible Injury,05:27:00,Motorist Overtaking - Misjudged Space,2012,No,No,Dark - Lighted Roadway,Straight - Hillcrest,Local Street,Dry,"Two-Way, Not Divided",None,No Special Feature,Coarse Asphalt,5 lanes,"35.8731970982, -78.6857026284"
2377,None - Rural Crash,Bertie,Coastal,Residential,Rural (<30% Developed),NA,Rural,50 - 55  MPH,"Double Yellow Line, No Passing Zone",Clear,No,16,16-19,No,NA,With Traffic,B: Evident Injury,Travel Lane,Black,Male,17,0-19,No,NA,41-45 mph,O: No Injury,Black,Male,Passenger Car,No,03SEP2012,Monday,Motorist Overtaking Bicyclist,15,Non-Intersection,September,B: Evident Injury,15:41:00,Motorist Overtaking - Bicyclist Swerved,2012,Yes,No,Daylight,Straight - Level,US Route,Dry,"Two-Way, Not Divided",None,No Special Feature,Coarse Asphalt,2 lanes,"36.0364071928, -76.962102111"
2378,Greensboro,Guilford,Piedmont,Residential,Urban (>70% Developed),NA,Urban,30 - 35  MPH,Stop And Go Signal,Clear,No,10,6-10,No,NA,With Traffic,B: Evident Injury,Sidewalk / Crosswalk / Driveway Crossing,White,Female,29,25-29,No,NA,6-10 mph,O: No Injury,Black,Female,Passenger Car,No,06MAY2012,Sunday,Motorist Failed to Yield - Signalized Intersection,18,Intersection,May,B: Evident Injury,18:22:00,Motorist Drive Out - Right Turn on Red,2012,Yes,No,Daylight,Straight - Level,Local Street,Dry,"Two-Way, Not Divided",None,Four-Way Intersection,Smooth Asphalt,3 lanes,"36.138217112, -79.8473029936"
2382,None - Rural Crash,Gaston,Piedmont,Residential,Mixed (30% To 70% Developed),NA,Rural,40 - 45  MPH,"Double Yellow Line, No Passing Zone",Clear,No,43,40-49,Yes,NA,With Traffic,B: Evident Injury,Travel Lane,White,Male,23,20-24,No,NA,31-35 mph,O: No Injury,White,Female,Passenger Car,Yes,05SEP2012,Wednesday,Motorist Overtaking Bicyclist,21,Intersection-Related,September,B: Evident Injury,21:45:00,Motorist Overtaking - Other / Unknown,2012,Yes,No,Dark - Lighted Roadway,Straight - Level,NC Route,Dry,"Two-Way, Not Divided",None,T-Intersection,Coarse Asphalt,2 lanes,"35.3123568868, -81.2061033544"
2383,Asheville,Buncombe,Mountains,Commercial,Urban (>70% Developed),NA,Urban,20 - 25  MPH,Stop And Go Signal,Cloudy,No,19,16-19,No,NA,With Traffic,C: Possible Injury,Travel Lane,White,Female,70+,70+,No,NA,6-10 mph,O: No Injury,White,Male,Passenger Car,No,29AUG2012,Wednesday,Crossing Paths - Other Circumstances,12,Intersection,August,C: Possible Injury,12:21:00,Signalized Intersection - Other / Unknown,2012,Yes,No,Daylight,Straight - Level,Local Street,Dry,"Two-Way, Not Divided",None,T-Intersection,Coarse Asphalt,3 lanes,"35.5910968944, -82.5589037714"
2385,Southern Pines,Moore,Piedmont,Commercial,Mixed (30% To 70% Developed),NA,Urban,30 - 35  MPH,Stop Sign,Rain,No,12,11-15,No,NA,With Traffic,C: Possible Injury,Sidewalk / Crosswalk / Driveway Crossing,White,Male,70+,70+,No,NA,31-35 mph,O: No Injury,White,Female,Passenger Car,No,19AUG2012,Sunday,Bicyclist Failed to Yield - Sign-Controlled Intersection,14,Intersection,August,C: Possible Injury,14:32:00,Bicyclist Ride Through - Sign-Controlled Intersection,2012,Yes,No,Daylight,Straight - Grade,Local Street,Wet,"Two-Way, Not Divided",None,Four-Way Intersection,Coarse Asphalt,2 lanes,"35.1766369239, -79.3905028042"
2387,Winterville,Pitt,Coastal,"Farms, Woods, Pastures",Rural (<30% Developed),NA,Urban,50 - 55  MPH,No Control Present,Clear,No,18,16-19,No,NA,With Traffic,C: Possible Injury,Bike Lane / Paved Shoulder,Black,Male,NA,NA,Missing,NA,51-55 mph,Unknown Injury,Unknown/Missing,NA,NA,No,30JUL2012,Monday,Motorist Overtaking Bicyclist,21,Non-Intersection,July,C: Possible Injury,21:55:00,Motorist Overtaking - Other / Unknown,2012,Yes,Yes,Dark - Roadway Not Lighted,Straight - Level,NC Route,Dry,"Two-Way, Not Divided",None,No Special Feature,Smooth Asphalt,2 lanes,"35.5107670636, -77.4094022216"
2389,Rocky Mount,Nash,Coastal,Residential,Urban (>70% Developed),NA,Urban,30 - 35  MPH,Stop Sign,Clear,No,14,11-15,No,NA,With Traffic,B: Evident Injury,Travel Lane,Black,Male,58,50-59,No,NA,31-35 mph,O: No Injury,Black,Male,Truck/Trailer,No,15AUG2012,Wednesday,Bicyclist Failed to Yield - Sign-Controlled Intersection,19,Intersection-Related,August,B: Evident Injury,19:45:00,Bicyclist Ride Through - Sign-Controlled Intersection,2012,Yes,No,Daylight,Curve - Grade,Local Street,Dry,"One-Way, Not Divided",None,T-Intersection,Smooth Asphalt,2 lanes,"35.948997145, -77.8178023688"
2394,Rocky Mount,Nash,Coastal,Commercial,Urban (>70% Developed),NA,Urban,30 - 35  MPH,Stop Sign,Clear,No,14,11-15,No,NA,Not Applicable,B: Evident Injury,Non-Roadway,Black,Male,39,30-39,No,NA,11-15 mph,O: No Injury,White,Male,Passenger Car,No,22AUG2012,Wednesday,Motorist Left Turn / Merge,12,Intersection,August,B: Evident Injury,12:21:00,Motorist Left Turn - Opposite Direction,2012,Yes,No,Daylight,Straight - Level,Local Street,Dry,"Two-Way, Divided, Unprotected Median",None,T-Intersection,Smooth Asphalt,3 lanes,"35.9319671413, -77.8118023653"
2396,Marvin,Union,Piedmont,"Farms, Woods, Pastures",Rural (<30% Developed),NA,Rural,40 - 45  MPH,"Double Yellow Line, No Passing Zone",Clear,No,46,40-49,No,NA,With Traffic,B: Evident Injury,Travel Lane,White,Female,39,30-39,No,NA,36-40 mph,O: No Injury,Hispanic,Female,Pickup,No,07SEP2012,Friday,Loss of Control / Turning Error,18,Non-Intersection,September,B: Evident Injury,18:02:00,Bicyclist Lost Control - Other / Unknown,2012,Yes,No,Daylight,Curve - Grade,State Secondary Route,Dry,"Two-Way, Not Divided",None,No Special Feature,Smooth Asphalt,2 lanes,"35.0081768357, -80.8249032242"
2408,Greenville,Pitt,Coastal,Commercial,Urban (>70% Developed),NA,Urban,5 - 15 MPH,Stop And Go Signal,Clear,No,48,40-49,No,NA,Facing Traffic,O: No Injury,Sidewalk / Crosswalk / Driveway Crossing,White,Male,41,40-49,No,NA,0-5 mph,O: No Injury,Black,Male,Passenger Car,No,14AUG2012,Tuesday,Motorist Failed to Yield - Midblock,18,Non-Intersection,August,O: No Injury,18:42:00,Motorist Drive Out - Commercial Driveway / Alley,2012,No,No,Daylight,Straight - Level,Local Street,Dry,"Two-Way, Divided, Unprotected Median",None,No Special Feature,Coarse Asphalt,3 lanes,"35.571687077, -77.4031022219"
2413,None - Rural Crash,Johnston,Coastal,Residential,Rural (<30% Developed),NA,Rural,40 - 45  MPH,"Double Yellow Line, No Passing Zone",Clear,No,14,11-15,No,NA,With Traffic,B: Evident Injury,Travel Lane,White,Male,30,30-39,No,NA,51-55 mph,B: Evident Injury,Black,Male,Motorcycle,No,04SEP2012,Tuesday,Motorist Overtaking Bicyclist,17,Non-Intersection,September,B: Evident Injury,17:21:00,Motorist Overtaking - Bicyclist Swerved,2012,Yes,No,Daylight,Straight - Level,State Secondary Route,Dry,"Two-Way, Not Divided",None,No Special Feature,Gravel,2 lanes,"35.5411270291, -78.6295025937"
2414,None - Rural Crash,Brunswick,Coastal,"Farms, Woods, Pastures",Rural (<30% Developed),NA,Rural,50 - 55  MPH,"Double Yellow Line, No Passing Zone",Clear,No,24,20-24,No,NA,With Traffic,B: Evident Injury,Travel Lane,White,Male,32,30-39,No,NA,51-55 mph,O: No Injury,White,Male,Passenger Car,No,08SEP2012,Saturday,Motorist Overtaking Bicyclist,20,Non-Intersection,September,B: Evident Injury,20:25:00,Motorist Overtaking - Other / Unknown,2012,Yes,No,Dark - Roadway Not Lighted,Straight - Level,NC Route,Dry,"Two-Way, Not Divided",None,No Special Feature,Smooth Asphalt,2 lanes,"34.0778767265, -78.0972023602"
2415,Jacksonville,Onslow,Coastal,Commercial,Urban (>70% Developed),NA,Urban,30 - 35  MPH,No Control Present,Clear,No,57,50-59,No,NA,With Traffic,B: Evident Injury,Travel Lane,White,Male,24,20-24,No,NA,31-35 mph,O: No Injury,White,Female,Passenger Car,No,30AUG2012,Thursday,Motorist Overtaking Bicyclist,18,Non-Intersection,August,B: Evident Injury,18:16:00,Motorist Overtaking - Other / Unknown,2012,Yes,No,Daylight,Straight - Level,Local Street,Dry,"Two-Way, Divided, Unprotected Median",None,No Special Feature,Smooth Asphalt,3 lanes,"34.7693369026, -77.3941021802"
2417,Durham,Durham,Piedmont,Residential,Urban (>70% Developed),NA,Urban,40 - 45  MPH,Other,Rain,No,36,30-39,Yes,NA,With Traffic,A: Disabling Injury,Travel Lane,Black,Male,NA,NA,Missing,NA,31-35 mph,Unknown Injury,Unknown/Missing,NA,Passenger Car,Yes,09SEP2012,Sunday,Crossing Paths - Other Circumstances,1,Intersection,September,A: Disabling Injury,01:40:00,Signalized Intersection - Other / Unknown,2012,Yes,Yes,Dark - Unknown Lighting,Straight - Level,Local Street,Wet,"Two-Way, Divided, Unprotected Median",None,No Special Feature,Coarse Asphalt,4 lanes,"35.9794671133, -78.8918026966"
2418,Greensboro,Guilford,Piedmont,Residential,Urban (>70% Developed),NA,Urban,30 - 35  MPH,Stop Sign,Clear,No,41,40-49,No,NA,Facing Traffic,C: Possible Injury,Travel Lane,White,Male,56,50-59,No,NA,6-10 mph,O: No Injury,Unknown/Missing,Male,Passenger Car,No,14SEP2012,Friday,Motorist Failed to Yield - Sign-Controlled Intersection,13,Intersection,September,C: Possible Injury,13:24:00,Motorist Drive Out - Sign-Controlled Intersection,2012,Yes,No,Daylight,Straight - Level,Local Street,Dry,"Two-Way, Not Divided",None,T-Intersection,Smooth Asphalt,5 lanes,"36.0642170981, -79.8001029756"
2425,Greenville,Pitt,Coastal,Residential,Urban (>70% Developed),NA,Urban,20 - 25  MPH,No Control Present,Clear,No,11,11-15,No,NA,Not Applicable,C: Possible Injury,Non-Roadway,Black,Male,23,20-24,No,NA,11-15 mph,O: No Injury,Black,Female,Passenger Car,No,03SEP2012,Monday,Non-Roadway,17,Non-Roadway,September,C: Possible Injury,17:20:00,Non-Roadway,2012,Yes,No,Daylight,Curve - Bottom,Public Vehicular Area,Dry,"Two-Way, Not Divided",None,No Special Feature,Coarse Asphalt,2 lanes,"35.6187570874, -77.4191022297"
2428,None - Rural Crash,Durham,Piedmont,"Farms, Woods, Pastures",Rural (<30% Developed),NA,Rural,40 - 45  MPH,Stop And Go Signal,Clear,No,49,40-49,No,NA,With Traffic,C: Possible Injury,Travel Lane,White,Male,29,25-29,No,NA,21-25 mph,O: No Injury,Black,Female,Passenger Car,No,19SEP2012,Wednesday,Loss of Control / Turning Error,9,Intersection,September,C: Possible Injury,09:58:00,Motorist Turning Error - Left Turn,2012,Yes,No,Daylight,Straight - Level,State Secondary Route,Dry,"Two-Way, Not Divided",None,No Special Feature,Coarse Asphalt,3 lanes,"35.9297270993, -78.9894027232"
2435,Garner,Wake,Piedmont,Residential,Urban (>70% Developed),NA,Urban,20 - 25  MPH,"Double Yellow Line, No Passing Zone",Clear,No,19,16-19,Yes,NA,With Traffic,C: Possible Injury,Travel Lane,Black,Male,52,50-59,No,NA,0-5 mph,O: No Injury,White,Male,Passenger Car,Yes,25AUG2012,Saturday,Backing Vehicle,23,Non-Intersection,August,C: Possible Injury,23:28:00,Backing Vehicle,2012,Yes,No,Dark - Roadway Not Lighted,Straight - Level,Local Street,Dry,"Two-Way, Not Divided",None,No Special Feature,Coarse Asphalt,2 lanes,"35.7146470661, -78.6155025986"
2436,Sanford,Lee,Piedmont,Commercial,Urban (>70% Developed),NA,Urban,30 - 35  MPH,Stop Sign,Clear,No,65,60-69,No,NA,With Traffic,B: Evident Injury,Travel Lane,White,Male,70+,70+,No,NA,11-15 mph,O: No Injury,White,Female,Van,No,12SEP2012,Wednesday,Motorist Left Turn / Merge,9,Intersection,September,B: Evident Injury,09:40:00,Motorist Left Turn - Opposite Direction,2012,Yes,No,Daylight,Straight - Hillcrest,Local Street,Dry,"Two-Way, Not Divided",None,No Special Feature,Coarse Asphalt,5 lanes,"35.4805069965, -79.1810027564"
2442,Wilmington,New Hanover,Coastal,Commercial,Urban (>70% Developed),NA,Urban,40 - 45  MPH,No Control Present,Clear,No,21,20-24,No,NA,Facing Traffic,C: Possible Injury,Sidewalk / Crosswalk / Driveway Crossing,White,Male,51,50-59,No,NA,0-5 mph,O: No Injury,White,Female,Sport Utility,No,14SEP2012,Friday,Head-On,15,Non-Intersection,September,C: Possible Injury,15:02:00,Head-On - Bicyclist,2012,Yes,No,Daylight,Straight - Grade,US Route,Dry,"Two-Way, Not Divided",None,No Special Feature,Smooth Asphalt,6 lanes,"34.2079267618, -77.887302303"
2445,Charlotte,Mecklenburg,Piedmont,Residential,Urban (>70% Developed),NA,Urban,30 - 35  MPH,Stop Sign,Clear,No,26,25-29,Missing,NA,With Traffic,B: Evident Injury,Travel Lane,White,Male,70+,70+,No,NA,6-10 mph,O: No Injury,White,Male,Passenger Car,No,21SEP2012,Friday,Motorist Left Turn / Merge,13,Intersection,September,B: Evident Injury,13:25:00,Motorist Left Turn - Opposite Direction,2012,Yes,No,Daylight,Straight - Hillcrest,Local Street,Dry,"Two-Way, Divided, Unprotected Median",None,T-Intersection,Smooth Asphalt,4 lanes,"35.1929968747, -80.8368032378"
1048,None - Rural Crash,Buncombe,Mountains,Residential,Rural (<30% Developed),SR 2230,Rural,30 - 35  MPH,"Double Yellow Line, No Passing Zone",Clear,No,55,50-59,No,NA,With Traffic,C: Possible Injury,Travel Lane,White,Male,60,60-69,No,NA,21-25 mph,O: No Injury,White,Male,Sport Utility,No,29APR2013,Monday,Head-On,18,Non-Intersection,April,C: Possible Injury,18:34:00,Head-On - Bicyclist,2013,Yes,No,Daylight,Curve - Grade,State Secondary Route,Dry,"Two-Way, Not Divided",None,No Special Feature,Smooth Asphalt,2 lanes,"35.6581269099, -82.5330037675"
1049,Charlotte,Mecklenburg,Piedmont,Residential,Urban (>70% Developed),PVA 3249 SHAMROCK DRIVE,Urban,5 - 15 MPH,No Control Present,Clear,No,6,6-10,No,NA,Not Applicable,C: Possible Injury,Non-Roadway,Black,Male,53,50-59,No,NA,6-10 mph,O: No Injury,Black,Male,Passenger Car,No,29APR2013,Monday,Non-Roadway,19,Non-Roadway,April,C: Possible Injury,19:40:00,Non-Roadway,2013,Yes,No,Daylight,Straight - Level,Public Vehicular Area,Dry,"Two-Way, Not Divided",None,No Special Feature,Smooth Asphalt,2 lanes,"35.2362468868, -80.7698032203"
1050,Winston-Salem,Forsyth,Piedmont,Commercial,Urban (>70% Developed),PVA 1199 MOTOR RD,Urban,5 - 15 MPH,No Control Present,Clear,No,18,16-19,No,NA,Not Applicable,C: Possible Injury,Non-Roadway,Black,Male,36,30-39,No,NA,0-5 mph,O: No Injury,Hispanic,Male,Passenger Car,No,20APR2013,Saturday,Non-Roadway,11,Non-Roadway,April,C: Possible Injury,11:40:00,Non-Roadway,2013,No,Yes,Daylight,Straight - Level,Public Vehicular Area,Dry,"Two-Way, Not Divided",None,"Driveway, Public",Smooth Asphalt,2 lanes,"36.1582671024, -80.2364031114"
1053,High Point,Guilford,Piedmont,Residential,Urban (>70% Developed),KENILWORTH DR,Urban,NA,No Control Present,Clear,No,9,6-10,No,NA,With Traffic,C: Possible Injury,Travel Lane,Asian,Male,45,40-49,No,NA,0-5 mph,O: No Injury,Asian,Female,Passenger Car,No,23APR2013,Tuesday,Backing Vehicle,18,Non-Intersection,April,C: Possible Injury,18:19:00,Backing Vehicle,2013,Yes,No,Daylight,Straight - Grade,Local Street,Dry,"Two-Way, Not Divided",None,No Special Feature,Smooth Asphalt,2 lanes,"35.9343170634, -79.9976030272"
1175,Raleigh,Wake,Piedmont,Commercial,Urban (>70% Developed),W DAVIE ST,Urban,30 - 35  MPH,Stop And Go Signal,Clear,No,27,25-29,No,NA,Facing Traffic,O: No Injury,Sidewalk / Crosswalk / Driveway Crossing,Black,Male,48,40-49,No,NA,0-5 mph,O: No Injury,Black,Male,Passenger Car,No,15JUN2013,Saturday,Motorist Failed to Yield - Signalized Intersection,1,Intersection,June,O: No Injury,01:44:00,Motorist Drive Out - Signalized Intersection,2013,Yes,No,Dark - Lighted Roadway,Straight - Level,Local Street,Dry,"Two-Way, Not Divided",None,No Special Feature,Smooth Asphalt,8 lanes,"35.775727079, -78.6419026093"
1182,None - Rural Crash,Gaston,Piedmont,"Farms, Woods, Pastures",Mixed (30% To 70% Developed),NC 216,Rural,50 - 55  MPH,"Double Yellow Line, No Passing Zone",Clear,No,17,16-19,No,NA,With Traffic,B: Evident Injury,Travel Lane,White,Male,51,50-59,No,NA,41-45 mph,O: No Injury,White,Male,Passenger Car,No,20JUN2013,Thursday,Bicyclist Left Turn / Merge,9,Non-Intersection,June,B: Evident Injury,09:35:00,Bicyclist Left Turn - Same Direction,2013,Yes,No,Daylight,Straight - Level,NC Route,Dry,"Two-Way, Not Divided",None,No Special Feature,Smooth Asphalt,2 lanes,"35.319186883, -81.3654034021"
1183,Tarboro,Edgecombe,Coastal,Residential,Urban (>70% Developed),PANOLA ST,Urban,20 - 25  MPH,Stop Sign,Cloudy,No,7,6-10,No,NA,With Traffic,B: Evident Injury,Travel Lane,Black,Male,33,30-39,No,NA,21-25 mph,O: No Injury,Black,Female,Sport Utility,No,10JUN2013,Monday,Bicyclist Failed to Yield - Sign-Controlled Intersection,12,Intersection,June,B: Evident Injury,12:59:00,Bicyclist Ride Through - Sign-Controlled Intersection,2013,Yes,No,Daylight,Straight - Level,Local Street,Dry,"Two-Way, Not Divided",None,Four-Way Intersection,Coarse Asphalt,2 lanes,"35.8984271436, -77.5296022779"
1174,Rocky Mount,Nash,Coastal,Commercial,Urban (>70% Developed),US 64,Urban,30 - 35  MPH,Yield Sign,Clear,No,20,20-24,No,NA,Facing Traffic,B: Evident Injury,Travel Lane,Black,Male,52,50-59,No,NA,16-20 mph,B: Evident Injury,White,Male,Motorcycle,No,09MAY2013,Thursday,Motorist Failed to Yield - Sign-Controlled Intersection,13,Intersection,May,B: Evident Injury,13:26:00,Motorist Drive Out - Sign-Controlled Intersection,2013,No,No,Daylight,Curve - Grade,US Route,Dry,"Two-Way, Divided, Unprotected Median",None,Four-Way Intersection,Smooth Asphalt,4 lanes,"35.9605071483, -77.7898023599"
1154,Kannapolis,Rowan,Piedmont,Residential,Urban (>70% Developed),RUTH AVE,Urban,30 - 35  MPH,Stop Sign,Clear,No,7,6-10,No,NA,With Traffic,C: Possible Injury,Travel Lane,Black,Male,33,30-39,No,NA,6-10 mph,O: No Injury,Hispanic,Male,Passenger Car,No,26MAY2013,Sunday,Bicyclist Failed to Yield - Sign-Controlled Intersection,20,Intersection,May,C: Possible Injury,20:38:00,Bicyclist Ride Through - Sign-Controlled Intersection,2013,No,No,Dusk,Straight - Level,Local Street,Dry,"Two-Way, Not Divided",None,T-Intersection,Smooth Asphalt,2 lanes,"35.5068369506, -80.6034031859"
1151,High Point,Guilford,Piedmont,Residential,Urban (>70% Developed),W LEXINGTON AVE,Urban,30 - 35  MPH,No Control Present,Clear,No,18,16-19,No,NA,With Traffic,C: Possible Injury,Travel Lane,Hispanic,Male,47,40-49,No,NA,31-35 mph,O: No Injury,White,Male,Sport Utility,No,13MAY2013,Monday,Motorist Overtaking Bicyclist,7,Non-Intersection,May,C: Possible Injury,07:26:00,Motorist Overtaking - Undetected Bicyclist,2013,Yes,No,Dawn,Straight - Level,Local Street,Dry,"Two-Way, Not Divided",None,No Special Feature,Smooth Asphalt,2 lanes,"35.9736970703, -80.0412030431"
1178,Kinston,Lenoir,Coastal,Commercial,Mixed (30% To 70% Developed),US 70,Urban,30 - 35  MPH,Stop And Go Signal,Clear,No,18,16-19,No,NA,With Traffic,B: Evident Injury,Travel Lane,Black,Male,28,25-29,No,NA,31-35 mph,O: No Injury,Black,Female,Sport Utility,No,18JUN2013,Tuesday,Bicyclist Left Turn / Merge,19,Intersection,June,B: Evident Injury,19:52:00,Bicyclist Left Turn - Same Direction,2013,Yes,No,Daylight,Straight - Level,US Route,Dry,"Two-Way, Not Divided",None,Four-Way Intersection,Smooth Asphalt,5 lanes,"35.2705770058, -77.5986022671"
1190,Cary,Wake,Piedmont,Commercial,Urban (>70% Developed),WALNUT ST,Urban,30 - 35  MPH,No Control Present,Cloudy,No,17,16-19,No,NA,Not Applicable,C: Possible Injury,Sidewalk / Crosswalk / Driveway Crossing,Black,Male,42,40-49,No,NA,16-20 mph,O: No Injury,Black,Female,Passenger Car,No,28MAY2013,Tuesday,Crossing Paths - Other Circumstances,15,Non-Intersection,May,C: Possible Injury,15:05:00,Crossing Paths - Midblock - Other / Unknown,2013,Yes,No,Daylight,Straight - Level,State Secondary Route,Dry,"Two-Way, Divided, Unprotected Median",None,No Special Feature,Smooth Asphalt,4 lanes,"35.7733970739, -78.7655026469"
1195,Kitty Hawk,Dare,Coastal,Commercial,Mixed (30% To 70% Developed),PVA CROATAN HWY BIKE PATH,Rural,5 - 15 MPH,Stop Sign,Clear,No,23,20-24,No,NA,Facing Traffic,C: Possible Injury,Multi-use Path,White,Female,NA,NA,Missing,NA,NA,Unknown Injury,Unknown/Missing,NA,NA,No,02JUN2013,Sunday,Motorist Failed to Yield - Midblock,14,Non-Intersection,June,C: Possible Injury,14:30:00,Motorist Drive Out - Commercial Driveway / Alley,2013,Yes,Yes,Daylight,Straight - Level,Public Vehicular Area,Dry,"Two-Way, Not Divided",None,"Driveway, Public",Smooth Asphalt,2 lanes,"36.0978872473, -75.7253017346"
1199,None - Rural Crash,Chatham,Piedmont,"Farms, Woods, Pastures",Rural (<30% Developed),US 64,Rural,50 - 55  MPH,No Control Present,Clear,No,46,40-49,No,NA,With Traffic,B: Evident Injury,Travel Lane,White,Male,58,50-59,No,NA,51-55 mph,O: No Injury,White,Male,"Light Truck (Mini-Van, Panel)",No,28MAY2013,Tuesday,Motorist Overtaking Bicyclist,14,Non-Intersection,May,B: Evident Injury,14:46:00,Motorist Overtaking - Undetected Bicyclist,2013,Yes,No,Daylight,Straight - Grade,US Route,Dry,"Two-Way, Divided, Unprotected Median",None,No Special Feature,Smooth Asphalt,4 lanes,"35.7365270541, -79.0866027418"
1198,New Bern,Craven,Coastal,Residential,Urban (>70% Developed),GREENBRIER PKWY,Urban,30 - 35  MPH,Stop Sign,Clear,No,8,6-10,No,NA,With Traffic,B: Evident Injury,Travel Lane,White,Female,55,50-59,No,NA,36-40 mph,O: No Injury,White,Female,Sport Utility,No,15JUN2013,Saturday,Bicyclist Failed to Yield - Sign-Controlled Intersection,18,Intersection,June,B: Evident Injury,18:10:00,Bicyclist Ride Through - Sign-Controlled Intersection,2013,Yes,No,Daylight,Straight - Level,Local Street,Dry,"Two-Way, Not Divided",None,Four-Way Intersection,Concrete,2 lanes,"35.1075869857, -77.1125021108"
1220,Lumberton,Robeson,Coastal,Residential,Rural (<30% Developed),CRANDLEMIRE,Urban,50 - 55  MPH,No Control Present,Clear,No,61,60-69,Yes,NA,With Traffic,B: Evident Injury,Travel Lane,Black,Male,35,30-39,No,NA,31-35 mph,O: No Injury,Black,Female,Sport Utility,Yes,11JUN2013,Tuesday,Motorist Overtaking Bicyclist,21,Non-Intersection,June,B: Evident Injury,21:32:00,Motorist Overtaking - Bicyclist Swerved,2013,Yes,No,Dark - Lighted Roadway,Straight - Level,Local Street,Dry,"Two-Way, Not Divided",None,No Special Feature,Coarse Asphalt,2 lanes,"34.6095768129, -79.0334026679"