object_id,city,county,region,development,locality,on_road,rural_urban,speed_limit,traffic_control,weather,workzone,bike_age,bike_age_group,bike_alcohol,bike_alcohol_drugs,bike_direction,bike_injury,bike_position,bike_race,bike_sex,driver_age,driver_age_group,driver_alcohol,driver_alcohol_drugs,driver_est_speed,driver_injury,driver_race,driver_sex,driver_vehicle_type,crash_alcohol,crash_date,crash_day,crash_group,crash_hour,crash_location,crash_month,crash_severity,crash_time,crash_type,crash_year,ambulance_req,hit_run,light_condition,road_character,road_class,road_condition,road_configuration,road_defects,road_feature,road_surface,num_lanes,geo_point
1187,None - Rural Crash,Craven,Coastal,"Farms, Woods, Pastures",Rural (<30% Developed),SR 1964,Rural,40 - 45  MPH,No Control Present,Clear,No,23,20-24,No,NA,With Traffic,O: No Injury,Travel Lane,White,Male,64,60-69,No,NA,16-20 mph,O: No Injury,White,Male,Passenger Car,No,19JUN2013,Wednesday,Motorist Left Turn / Merge,16,Non-Intersection,June,O: No Injury,16:55:00,Motorist Left Turn - Opposite Direction,2013,No,No,Daylight,Straight - Level,State Secondary Route,Dry,"Two-Way, Not Divided",None,No Special Feature,Smooth Asphalt,2 lanes,"35.0658269797, -77.0335020851"
1184,Charlotte,Mecklenburg,Piedmont,Residential,Urban (>70% Developed),PVA 2442 DUNLAVIN WAY,Urban,20 - 25  MPH,No Control Present,Clear,No,9,6-10,No,NA,Not Applicable,C: Possible Injury,Non-Roadway,Black,Male,40,40-49,No,NA,0-5 mph,O: No Injury,Hispanic,Male,"Light Truck (Mini-Van, Panel)",No,19JUN2013,Wednesday,Non-Roadway,19,Non-Roadway,June,C: Possible Injury,19:51:00,Non-Roadway,2013,Yes,No,Daylight,Straight - Level,Public Vehicular Area,Dry,"Two-Way, Not Divided",None,No Special Feature,Smooth Asphalt,2 lanes,"35.2251968844, -80.7813032235"
1193,Randleman,Randolph,Piedmont,Commercial,Urban (>70% Developed),US 220,Rural,30 - 35  MPH,No Control Present,Clear,No,69,60-69,No,NA,With Traffic,B: Evident Injury,Travel Lane,White,Male,68,60-69,No,NA,16-20 mph,O: No Injury,Black,Female,Passenger Car,No,25JUN2013,Tuesday,Motorist Right Turn / Merge,12,Non-Intersection,June,B: Evident Injury,12:38:00,Motorist Right Turn - Same Direction,2013,No,No,Daylight,Straight - Level,US Route,Dry,"Two-Way, Not Divided",None,No Special Feature,Smooth Asphalt,2 lanes,"35.8217570466, -79.8033029632"
2075,None - Rural Crash,Iredell,Piedmont,Commercial,Urban (>70% Developed),NA,Rural,40 - 45  MPH,Stop And Go Signal,Cloudy,No,13,11-15,No,NA,Facing Traffic,B: Evident Injury,Sidewalk / Crosswalk / Driveway Crossing,White,Male,44,40-49,No,NA,26-30 mph,O: No Injury,White,Female,Van,No,16MAY2012,Wednesday,Bicyclist Failed to Yield - Signalized Intersection,20,Intersection,May,B: Evident Injury,20:32:00,Bicyclist Ride Through - Signalized Intersection,2012,Yes,No,Dark - Roadway Not Lighted,Straight - Level,Local Street,Dry,"Two-Way, Divided, Positive Median Barrier",None,Four-Way Intersection,Smooth Asphalt,9 or more lanes,"35.568946953, -80.9025032779"
2121,None - Rural Crash,Watauga,Mountains,"Farms, Woods, Pastures",Rural (<30% Developed),NA,Rural,50 - 55  MPH,"Double Yellow Line, No Passing Zone",Cloudy,No,21,20-24,No,NA,With Traffic,B: Evident Injury,Travel Lane,White,Male,NA,NA,Missing,NA,16-20 mph,Unknown Injury,Unknown/Missing,NA,Passenger Car,No,15JUN2012,Friday,Motorist Overtaking Bicyclist,7,Non-Intersection,June,B: Evident Injury,07:30:00,Motorist Overtaking - Misjudged Space,2012,Yes,Yes,Daylight,Straight - Grade,State Secondary Route,Dry,"Two-Way, Not Divided",None,No Special Feature,Coarse Asphalt,2 lanes,"36.205617059, -81.6142035277"
2071,None - Rural Crash,Catawba,Piedmont,"Farms, Woods, Pastures",Mixed (30% To 70% Developed),NA,Rural,40 - 45  MPH,"Double Yellow Line, No Passing Zone",Cloudy,No,60,60-69,No,NA,With Traffic,B: Evident Injury,Travel Lane,White,Female,46,40-49,No,NA,0-5 mph,O: No Injury,White,Male,Single Unit Truck (3 Or More Axles),No,28MAY2012,Monday,Bicyclist Overtaking Motorist,9,Non-Intersection,May,B: Evident Injury,09:05:00,Bicyclist Overtaking - Other / Unknown,2012,Yes,No,Daylight,Straight - Level,State Secondary Route,Dry,"Two-Way, Not Divided",None,"Driveway, Private",Coarse Asphalt,2 lanes,"35.7885769867, -81.2355033904"
2106,Cary,Wake,Piedmont,Commercial,Urban (>70% Developed),NA,Urban,40 - 45  MPH,Stop Sign,Clear,No,NA,NA,Missing,NA,Facing Traffic,Unknown Injury,Sidewalk / Crosswalk / Driveway Crossing,Unknown/Missing,NA,49,40-49,No,NA,0-5 mph,O: No Injury,White,Male,Passenger Car,No,25MAY2012,Friday,Motorist Failed to Yield - Midblock,11,Non-Intersection,May,O: No Injury,11:40:00,Motorist Drive Out - Commercial Driveway / Alley,2012,No,No,Daylight,Straight - Level,Public Vehicular Area,Dry,"Two-Way, Divided, Unprotected Median",None,"Driveway, Private",Smooth Asphalt,2 lanes,"35.7635970726, -78.747002641"
2105,Cary,Wake,Piedmont,Residential,Urban (>70% Developed),NA,Urban,40 - 45  MPH,Stop And Go Signal,Other,No,23,20-24,No,NA,With Traffic,B: Evident Injury,Travel Lane,White,Male,NA,NA,Missing,NA,6-10 mph,Unknown Injury,Unknown/Missing,NA,Passenger Car,No,24MAY2012,Thursday,Bicyclist Overtaking Motorist,19,Intersection,May,B: Evident Injury,19:00:00,Bicyclist Overtaking - Passing on Right,2012,No,Yes,Daylight,Straight - Level,State Secondary Route,Dry,"Two-Way, Divided, Unprotected Median",None,Four-Way Intersection,Smooth Asphalt,4 lanes,"35.8189170787, -78.9023026903"
2093,Huntersville,Mecklenburg,Piedmont,Commercial,Urban (>70% Developed),NA,Urban,40 - 45  MPH,"Double Yellow Line, No Passing Zone",Clear,No,49,40-49,No,NA,With Traffic,B: Evident Injury,Travel Lane,White,Male,30,30-39,No,NA,41-45 mph,O: No Injury,White,Male,Passenger Car,No,25MAY2012,Friday,Motorist Overtaking Bicyclist,22,Intersection-Related,May,B: Evident Injury,22:31:00,Motorist Overtaking - Undetected Bicyclist,2012,Yes,No,Dark - Lighted Roadway,Straight - Grade,NC Route,Dry,"Two-Way, Not Divided",None,No Special Feature,Smooth Asphalt,2 lanes,"35.4159969222, -80.8568032558"
2116,Emerald Isle,Carteret,Coastal,Residential,Urban (>70% Developed),NA,Rural,40 - 45  MPH,No Control Present,Rain,No,22,20-24,Yes,NA,With Traffic,O: No Injury,Travel Lane,White,Female,25,25-29,No,NA,41-45 mph,O: No Injury,White,Male,Sport Utility,Yes,26MAY2012,Saturday,Motorist Overtaking Bicyclist,23,Non-Intersection,May,O: No Injury,23:11:00,Motorist Overtaking - Other / Unknown,2012,No,No,Dark - Roadway Not Lighted,Straight - Level,NC Route,Wet,"Two-Way, Divided, Unprotected Median",None,No Special Feature,Smooth Asphalt,2 lanes,"34.6820768984, -76.9217020329"
2100,Salter Path,Carteret,Coastal,Commercial,Mixed (30% To 70% Developed),NA,Rural,30 - 35  MPH,No Control Present,Clear,No,51,50-59,No,NA,With Traffic,B: Evident Injury,Travel Lane,White,Female,43,40-49,No,NA,0-5 mph,O: No Injury,White,Male,Single Unit Truck (3 Or More Axles),No,29MAY2012,Tuesday,Motorist Overtaking Bicyclist,18,Non-Intersection,May,B: Evident Injury,18:45:00,Motorist Overtaking - Misjudged Space,2012,Yes,No,Daylight,Straight - Level,NC Route,Dry,"Two-Way, Not Divided",None,"Driveway, Public",Smooth Asphalt,3 lanes,"34.688776901, -76.8817020202"
2092,Wrightsville Beach,New Hanover,Coastal,Residential,Mixed (30% To 70% Developed),NA,Rural,20 - 25  MPH,No Control Present,Clear,No,30,30-39,No,NA,With Traffic,B: Evident Injury,Travel Lane,Unknown/Missing,NA,40,40-49,No,NA,6-10 mph,O: No Injury,White,Female,Sport Utility,No,27MAY2012,Sunday,Motorist Left Turn / Merge,12,Intersection,May,B: Evident Injury,12:27:00,Motorist Left Turn - Same Direction,2012,Yes,No,Daylight,Straight - Level,Local Street,Dry,"Two-Way, Not Divided",None,No Special Feature,Smooth Asphalt,2 lanes,"34.2094967656, -77.7948022752"
2119,Ramseur,Randolph,Piedmont,Residential,Urban (>70% Developed),NA,Rural,30 - 35  MPH,No Control Present,Clear,No,8,6-10,No,NA,Not Applicable,C: Possible Injury,Driveway / Alley,Black,Female,64,60-69,No,NA,11-15 mph,O: No Injury,White,Male,Pickup,No,10JUN2012,Sunday,Bicyclist Failed to Yield - Midblock,18,Non-Intersection,June,C: Possible Injury,18:00:00,Bicyclist Ride Out - Residential Driveway,2012,Yes,No,Daylight,Straight - Grade,Local Street,Dry,"Two-Way, Not Divided",None,No Special Feature,Coarse Asphalt,2 lanes,"35.7374370348, -79.6510029122"
2178,Raleigh,Wake,Piedmont,Commercial,Mixed (30% To 70% Developed),NA,Urban,30 - 35  MPH,Stop And Go Signal,Clear,No,21,20-24,No,NA,Facing Traffic,C: Possible Injury,Sidewalk / Crosswalk / Driveway Crossing,Black,Male,48,40-49,No,NA,11-15 mph,O: No Injury,Other,Male,Taxicab,No,23JUN2012,Saturday,Bicyclist Failed to Yield - Signalized Intersection,21,Intersection,June,C: Possible Injury,21:38:00,Bicyclist Failed to Clear - Trapped,2012,Yes,Yes,Dark - Lighted Roadway,Straight - Level,Local Street,Dry,"One-Way, Not Divided",None,Four-Way Intersection,Smooth Asphalt,4 lanes,"35.7798370803, -78.6222026039"
2183,Raleigh,Wake,Piedmont,Commercial,Urban (>70% Developed),NA,Urban,40 - 45  MPH,Stop And Go Signal,Rain,No,19,16-19,No,NA,With Traffic,B: Evident Injury,Travel Lane,Hispanic,Male,54,50-59,No,NA,26-30 mph,C: Possible Injury,White,Male,Pickup,No,22JUN2012,Friday,Bicyclist Failed to Yield - Signalized Intersection,21,Intersection,June,B: Evident Injury,21:36:00,Bicyclist Ride Through - Signalized Intersection,2012,Yes,No,Dark - Roadway Not Lighted,Straight - Level,Local Street,"Water (Standing, Moving)","Two-Way, Not Divided",None,No Special Feature,Coarse Asphalt,8 lanes,"35.7312070695, -78.627402603"
2155,Charlotte,Mecklenburg,Piedmont,Commercial,Urban (>70% Developed),NA,Urban,20 - 25  MPH,Stop And Go Signal,Clear,No,66,60-69,No,NA,With Traffic,C: Possible Injury,Sidewalk / Crosswalk / Driveway Crossing,Black,Male,64,60-69,No,NA,16-20 mph,O: No Injury,Black,Female,Other Bus,No,23JUN2012,Saturday,Parallel Paths - Other Circumstances,0,Intersection-Related,June,C: Possible Injury,00:25:00,Bicyclist Ride Out - Parallel Path,2012,No,No,Dark - Lighted Roadway,Straight - Level,Local Street,Dry,"Two-Way, Not Divided",None,No Special Feature,Smooth Asphalt,4 lanes,"35.2269868823, -80.8430032421"
2179,None - Rural Crash,Lee,Piedmont,"Farms, Woods, Pastures",Mixed (30% To 70% Developed),NA,Rural,20 - 25  MPH,No Control Present,Clear,No,32,30-39,No,NA,With Traffic,B: Evident Injury,Travel Lane,White,Male,NA,NA,Missing,NA,21-25 mph,Unknown Injury,Unknown/Missing,NA,Passenger Car,No,01JUL2012,Sunday,Motorist Overtaking Bicyclist,18,Non-Intersection,July,B: Evident Injury,18:10:00,Motorist Overtaking - Other / Unknown,2012,Yes,Yes,Daylight,Straight - Grade,Local Street,Dry,"One-Way, Not Divided",None,No Special Feature,Smooth Asphalt,1 lane,"35.4153369844, -79.1102027318"
2148,Charlotte,Mecklenburg,Piedmont,Commercial,Urban (>70% Developed),NA,Urban,40 - 45  MPH,No Control Present,Clear,No,24,20-24,Yes,NA,With Traffic,B: Evident Injury,Travel Lane,Hispanic,Male,51,50-59,No,NA,11-15 mph,O: No Injury,White,Male,Passenger Car,Yes,23JUN2012,Saturday,Loss of Control / Turning Error,13,Non-Intersection,June,B: Evident Injury,13:07:00,Bicylist Lost Control - Alcohol / Drug Impairment,2012,Yes,No,Daylight,Straight - Level,Local Street,Dry,"Two-Way, Divided, Unprotected Median",None,No Special Feature,Smooth Asphalt,4 lanes,"35.2185668825, -80.7807032229"
2172,Durham,Durham,Piedmont,Residential,Urban (>70% Developed),NA,Urban,30 - 35  MPH,No Control Present,Clear,No,16,16-19,No,NA,With Traffic,C: Possible Injury,Travel Lane,White,Male,NA,NA,Missing,NA,0-5 mph,Unknown Injury,Unknown/Missing,NA,Unknown Heavy Truck,No,30JUN2012,Saturday,Motorist Overtaking Bicyclist,12,Non-Intersection,June,C: Possible Injury,12:09:00,Motorist Overtaking - Other / Unknown,2012,Yes,Yes,Daylight,Straight - Level,Local Street,Dry,"One-Way, Not Divided",None,No Special Feature,Smooth Asphalt,2 lanes,"35.9755471097, -78.9738027211"
2160,Durham,Durham,Piedmont,Commercial,Urban (>70% Developed),NA,Urban,30 - 35  MPH,Stop And Go Signal,Clear,No,29,25-29,No,NA,With Traffic,O: No Injury,Sidewalk / Crosswalk / Driveway Crossing,White,Female,70+,70+,No,NA,16-20 mph,O: No Injury,Black,Male,Passenger Car,No,28JUN2012,Thursday,Crossing Paths - Other Circumstances,16,Intersection,June,O: No Injury,16:11:00,Signalized Intersection - Other / Unknown,2012,No,No,Daylight,Straight - Level,Local Street,Dry,"Two-Way, Not Divided",None,No Special Feature,Coarse Asphalt,2 lanes,"35.9838071131, -78.9121027025"
2131,Siler City,Chatham,Piedmont,Residential,Urban (>70% Developed),NA,Urban,5 - 15 MPH,No Control Present,Clear,No,14,11-15,No,NA,Not Applicable,B: Evident Injury,Driveway / Alley,Hispanic,Male,70+,70+,No,NA,16-20 mph,O: No Injury,Black,Female,Passenger Car,No,26MAY2012,Saturday,Bicyclist Failed to Yield - Midblock,18,Non-Intersection,May,B: Evident Injury,18:39:00,Bicyclist Ride Out - Residential Driveway,2012,No,No,Daylight,Straight - Level,Local Street,Dry,"Two-Way, Not Divided",None,No Special Feature,Coarse Asphalt,2 lanes,"35.7307970408, -79.441602849"
2129,New Bern,Craven,Coastal,Residential,Urban (>70% Developed),NA,Urban,20 - 25  MPH,Stop Sign,Cloudy,No,41,40-49,No,NA,Facing Traffic,C: Possible Injury,Travel Lane,Black,Male,58,50-59,No,NA,0-5 mph,O: No Injury,Black,Female,Passenger Car,No,15JUN2012,Friday,Motorist Failed to Yield - Sign-Controlled Intersection,15,Intersection,June,C: Possible Injury,15:57:00,Motorist Drive Out - Sign-Controlled Intersection,2012,Yes,No,Daylight,Curve - Level,Local Street,Dry,"Two-Way, Not Divided",None,T-Intersection,Smooth Asphalt,2 lanes,"35.1107569884, -77.0640020957"
2185,Raleigh,Wake,Piedmont,Commercial,Urban (>70% Developed),NA,Urban,40 - 45  MPH,No Control Present,Clear,No,30,30-39,No,NA,With Traffic,B: Evident Injury,Travel Lane,White,Male,NA,NA,Missing,NA,31-35 mph,Unknown Injury,Unknown/Missing,NA,NA,No,19JUN2012,Tuesday,Motorist Overtaking Bicyclist,9,Non-Intersection,June,B: Evident Injury,09:36:00,Motorist Overtaking - Other / Unknown,2012,Yes,Yes,Daylight,Straight - Level,Local Street,Dry,"Two-Way, Not Divided",None,No Special Feature,Coarse Asphalt,5 lanes,"35.8161270872, -78.6571026169"
2036,Hickory,Catawba,Piedmont,Commercial,Urban (>70% Developed),NA,Urban,30 - 35  MPH,Stop And Go Signal,Clear,No,15,11-15,No,NA,Facing Traffic,C: Possible Injury,Sidewalk / Crosswalk / Driveway Crossing,Black,Male,26,25-29,No,NA,0-5 mph,O: No Injury,White,Female,Sport Utility,No,03MAY2012,Thursday,Bicyclist Failed to Yield - Signalized Intersection,13,Intersection,May,C: Possible Injury,13:55:00,Bicyclist Failed to Clear - Multiple Threat,2012,Yes,No,Daylight,Straight - Level,Local Street,Dry,"One-Way, Not Divided",None,Four-Way Intersection,Coarse Asphalt,2 lanes,"35.7355469714, -81.3355034164"
2026,None - Rural Crash,Davidson,Piedmont,Residential,Mixed (30% To 70% Developed),NA,Rural,50 - 55  MPH,"Double Yellow Line, No Passing Zone",Cloudy,No,49,40-49,No,NA,With Traffic,C: Possible Injury,Bike Lane / Paved Shoulder,White,Male,58,50-59,No,NA,41-45 mph,O: No Injury,White,Female,Passenger Car,No,15MAY2012,Tuesday,Motorist Overtaking Bicyclist,6,Non-Intersection,May,C: Possible Injury,06:01:00,Motorist Overtaking - Misjudged Space,2012,No,No,Daylight,Straight - Level,NC Route,Wet,"Two-Way, Not Divided",None,No Special Feature,Smooth Asphalt,2 lanes,"35.8437770318, -80.3332031234"
2039,Asheville,Buncombe,Mountains,Residential,Urban (>70% Developed),NA,Urban,20 - 25  MPH,No Control Present,Clear,No,9,6-10,No,NA,Not Applicable,C: Possible Injury,Sidewalk / Crosswalk / Driveway Crossing,Black,Female,27,25-29,No,NA,11-15 mph,O: No Injury,White,Male,Passenger Car,No,24APR2012,Tuesday,Bicyclist Failed to Yield - Midblock,16,Non-Intersection,April,C: Possible Injury,16:21:00,Bicyclist Ride Out - Other Midblock,2012,Yes,No,Daylight,Straight - Level,Local Street,Dry,"Two-Way, Not Divided",None,No Special Feature,Coarse Asphalt,2 lanes,"35.5950368953, -82.5708037748"
2055,Chapel Hill,Orange,Piedmont,Residential,Urban (>70% Developed),NA,Urban,30 - 35  MPH,"Double Yellow Line, No Passing Zone",Cloudy,No,35,30-39,No,NA,With Traffic,C: Possible Injury,Bike Lane / Paved Shoulder,White,Male,22,20-24,Yes,NA,16-20 mph,O: No Injury,White,Male,NA,Yes,18MAY2012,Friday,Motorist Right Turn / Merge,16,Non-Intersection,May,C: Possible Injury,16:03:00,Motorist Right Turn - Same Direction,2012,Yes,Yes,Daylight,Straight - Grade,NC Route,Dry,"Two-Way, Divided, Unprotected Median",None,No Special Feature,Smooth Asphalt,4 lanes,"35.9228770955, -79.055002742"
2063,None - Rural Crash,Henderson,Mountains,Residential,Rural (<30% Developed),NA,Rural,30 - 35  MPH,"Double Yellow Line, No Passing Zone",Clear,No,45,40-49,No,NA,With Traffic,C: Possible Injury,Travel Lane,White,Female,70+,70+,No,NA,16-20 mph,O: No Injury,White,Female,Passenger Car,No,26MAY2012,Saturday,Motorist Overtaking Bicyclist,13,Non-Intersection,May,C: Possible Injury,13:45:00,Motorist Overtaking - Misjudged Space,2012,No,No,Daylight,Straight - Grade,State Secondary Route,Dry,"Two-Way, Not Divided",None,No Special Feature,Coarse Asphalt,2 lanes,"35.39594686, -82.3931037112"
2069,Wilmington,New Hanover,Coastal,Residential,Urban (>70% Developed),NA,Urban,30 - 35  MPH,Stop Sign,Clear,No,60,60-69,No,NA,With Traffic,C: Possible Injury,Travel Lane,Black,Male,44,40-49,No,NA,0-5 mph,O: No Injury,White,Male,Passenger Car,No,16MAY2012,Wednesday,Motorist Failed to Yield - Sign-Controlled Intersection,10,Intersection,May,C: Possible Injury,10:18:00,Motorist Drive Out - Sign-Controlled Intersection,2012,Yes,No,Daylight,Straight - Level,Local Street,Dry,"Two-Way, Not Divided",None,No Special Feature,Smooth Asphalt,4 lanes,"34.2179867622, -77.9426023205"
2024,Durham,Durham,Piedmont,Residential,Mixed (30% To 70% Developed),NA,Urban,30 - 35  MPH,No Control Present,Clear,No,20,20-24,No,NA,Facing Traffic,Unknown Injury,Travel Lane,Black,Male,39,30-39,No,NA,0-5 mph,O: No Injury,Black,Male,Van,No,29MAR2012,Thursday,Motorist Failed to Yield - Sign-Controlled Intersection,11,Intersection,March,O: No Injury,11:40:00,Motorist Drive Out - Sign-Controlled Intersection,2012,No,No,Daylight,Curve - Grade,Local Street,Dry,"Two-Way, Not Divided",None,No Special Feature,Coarse Asphalt,2 lanes,"35.9735171112, -78.902802699"
2020,Rocky Mount,Nash,Coastal,Commercial,Urban (>70% Developed),NA,Urban,40 - 45  MPH,No Control Present,Clear,No,59,50-59,No,NA,With Traffic,B: Evident Injury,Travel Lane,Black,Male,21,20-24,No,NA,26-30 mph,O: No Injury,Black,Female,Passenger Car,No,25APR2012,Wednesday,Motorist Overtaking Bicyclist,17,Non-Intersection,April,B: Evident Injury,17:00:00,Motorist Overtaking - Misjudged Space,2012,No,No,Daylight,Straight - Level,Local Street,Dry,"Two-Way, Not Divided",None,No Special Feature,Coarse Asphalt,5 lanes,"35.9702871503, -77.7861023599"
2037,Morrisville,Wake,Piedmont,Commercial,Urban (>70% Developed),NA,Urban,40 - 45  MPH,Stop And Go Signal,Cloudy,No,32,30-39,No,NA,With Traffic,B: Evident Injury,Travel Lane,White,Male,21,20-24,No,NA,41-45 mph,O: No Injury,Black,Female,Passenger Car,No,17MAY2012,Thursday,Motorist Right Turn / Merge,9,Intersection,May,B: Evident Injury,09:42:00,Motorist Right Turn - Same Direction,2012,No,No,Daylight,Straight - Level,State Secondary Route,Dry,"Two-Way, Not Divided",None,No Special Feature,Coarse Asphalt,5 lanes,"35.853677089, -78.825202669"
2043,Salisbury,Rowan,Piedmont,Residential,Urban (>70% Developed),NA,Urban,30 - 35  MPH,Stop Sign,Clear,No,31,30-39,No,NA,With Traffic,B: Evident Injury,Travel Lane,Black,Male,47,40-49,No,NA,26-30 mph,O: No Injury,Black,Male,Passenger Car,No,20MAY2012,Sunday,Loss of Control / Turning Error,18,Intersection,May,B: Evident Injury,18:32:00,Bicyclist Lost Control - Mechanical Problems,2012,Yes,No,Daylight,Straight - Level,Local Street,Dry,"Two-Way, Not Divided",None,No Special Feature,Coarse Asphalt,2 lanes,"35.6655269898, -80.4634031524"
2230,Apex,Wake,Piedmont,Commercial,Urban (>70% Developed),NA,Urban,40 - 45  MPH,Stop Sign,Cloudy,No,61,60-69,Yes,NA,With Traffic,B: Evident Injury,Sidewalk / Crosswalk / Driveway Crossing,White,Male,39,30-39,No,NA,0-5 mph,O: No Injury,White,Male,Pickup,Yes,20JUL2012,Friday,Motorist Failed to Yield - Midblock,20,Non-Intersection,July,B: Evident Injury,20:43:00,Motorist Drive Out - Commercial Driveway / Alley,2012,Yes,No,Dark - Lighted Roadway,Straight - Grade,Local Street,Wet,"Two-Way, Divided, Unprotected Median",None,No Special Feature,Smooth Asphalt,3 lanes,"35.7362170619, -78.8665026759"
2253,Charlotte,Mecklenburg,Piedmont,Residential,Urban (>70% Developed),NA,Urban,20 - 25  MPH,Stop Sign,Clear,No,23,20-24,No,NA,Facing Traffic,C: Possible Injury,Sidewalk / Crosswalk / Driveway Crossing,Black,Male,70+,70+,No,NA,NA,O: No Injury,White,Female,Passenger Car,No,17JUL2012,Tuesday,Crossing Paths - Other Circumstances,14,Intersection,July,C: Possible Injury,14:28:00,Sign-Controlled Intersection - Other / Unknown,2012,Yes,No,Daylight,Straight - Level,Local Street,Dry,"Two-Way, Not Divided",None,Four-Way Intersection,Smooth Asphalt,2 lanes,"35.2130868819, -80.7661032181"
2216,None - Rural Crash,Pitt,Coastal,Residential,Mixed (30% To 70% Developed),NA,Rural,40 - 45  MPH,"Double Yellow Line, No Passing Zone",Clear,No,14,11-15,No,NA,With Traffic,B: Evident Injury,Travel Lane,Black,Male,24,20-24,No,NA,36-40 mph,O: No Injury,Hispanic,Female,Van,No,16JUL2012,Monday,Bicyclist Left Turn / Merge,21,Intersection,July,B: Evident Injury,21:43:00,Bicyclist Left Turn - Same Direction,2012,Yes,No,Dark - Roadway Not Lighted,Curve - Level,State Secondary Route,Dry,"Two-Way, Not Divided",None,T-Intersection,Smooth Asphalt,2 lanes,"35.5686470836, -77.186202156"
2244,Cherokee Reservation,Swain,Mountains,Commercial,Mixed (30% To 70% Developed),NA,Rural,30 - 35  MPH,No Control Present,Clear,No,15,11-15,No,NA,With Traffic,C: Possible Injury,Travel Lane,White,Male,18,0-19,No,NA,31-35 mph,O: No Injury,Native American,Female,Passenger Car,No,24JUL2012,Tuesday,Motorist Overtaking Bicyclist,18,Non-Intersection,July,C: Possible Injury,18:39:00,Motorist Overtaking - Bicyclist Swerved,2012,Yes,No,Daylight,Straight - Level,Local Street,Dry,"Two-Way, Not Divided",None,No Special Feature,Smooth Asphalt,2 lanes,"35.5319568537, -83.2851039818"
2257,Mooresville,Iredell,Piedmont,Residential,Urban (>70% Developed),NA,Urban,30 - 35  MPH,Stop And Go Signal,Cloudy,No,20,20-24,No,NA,Facing Traffic,C: Possible Injury,Travel Lane,White,Female,27,25-29,No,NA,6-10 mph,O: No Injury,White,Male,Passenger Car,No,13JUL2012,Friday,Motorist Failed to Yield - Signalized Intersection,7,Intersection,July,C: Possible Injury,07:49:00,Motorist Drive Out - Signalized Intersection,2012,Yes,No,Daylight,Straight - Hillcrest,NC Route,Dry,"Two-Way, Not Divided",None,Four-Way Intersection,Coarse Asphalt,5 lanes,"35.5914269599, -80.8480032636"
2248,Charlotte,Mecklenburg,Piedmont,Commercial,Urban (>70% Developed),NA,Urban,30 - 35  MPH,Stop And Go Signal,Clear,No,27,25-29,No,NA,NA,Unknown Injury,NA,Hispanic,Male,NA,NA,Missing,NA,16-20 mph,O: No Injury,Black,Male,NA,No,21MAR2012,Wednesday,Crossing Paths - Other Circumstances,13,Intersection,March,O: No Injury,13:17:00,Crossing Paths - Uncontrolled Intersection,2012,Yes,Yes,Daylight,Straight - Level,Local Street,Dry,"Two-Way, Divided, Unprotected Median",None,No Special Feature,Smooth Asphalt,5 lanes,"35.1930268763, -80.7952032256"
2237,Mooresville,Iredell,Piedmont,Commercial,Urban (>70% Developed),NA,Urban,40 - 45  MPH,Stop Sign,Clear,No,25,25-29,No,NA,Facing Traffic,B: Evident Injury,Travel Lane,Hispanic,Male,47,40-49,No,NA,6-10 mph,O: No Injury,White,Male,Pickup,No,10JUL2012,Tuesday,Motorist Failed to Yield - Midblock,17,Non-Intersection,July,B: Evident Injury,17:42:00,Motorist Drive Out - Commercial Driveway / Alley,2012,Yes,No,Daylight,Straight - Level,NC Route,Dry,"Two-Way, Not Divided",None,"Driveway, Public",Smooth Asphalt,5 lanes,"35.5886669597, -80.8269032573"
2199,None - Rural Crash,Washington,Coastal,Residential,Rural (<30% Developed),NA,Rural,40 - 45  MPH,"Double Yellow Line, No Passing Zone",Clear,No,45,40-49,Yes,NA,With Traffic,K: Killed,Travel Lane,Black,Female,30,30-39,No,NA,41-45 mph,O: No Injury,White,Male,Pickup,Yes,08JUL2012,Sunday,Motorist Overtaking Bicyclist,22,Non-Intersection,July,K: Killed,22:36:00,Motorist Overtaking - Bicyclist Swerved,2012,Yes,No,Dark - Roadway Not Lighted,Straight - Level,State Secondary Route,Dry,"Two-Way, Not Divided",None,No Special Feature,Smooth Asphalt,2 lanes,"35.8633371622, -76.7444020358"
2196,Charlotte,Mecklenburg,Piedmont,Commercial,Urban (>70% Developed),NA,Urban,30 - 35  MPH,Stop And Go Signal,Clear,No,66,60-69,Missing,NA,With Traffic,B: Evident Injury,Travel Lane,White,Male,52,50-59,No,NA,NA,O: No Injury,Other,Male,Passenger Car,No,08JUL2012,Sunday,Bicyclist Failed to Yield - Signalized Intersection,8,Intersection,July,B: Evident Injury,08:51:00,Bicyclist Ride Through - Signalized Intersection,2012,Yes,No,Daylight,Straight - Level,Local Street,Dry,"Two-Way, Not Divided",None,Four-Way Intersection,Smooth Asphalt,6 lanes,"35.1957568761, -80.8272032354"
2200,Wilmington,New Hanover,Coastal,Residential,Urban (>70% Developed),NA,Urban,20 - 25  MPH,Stop Sign,Clear,No,22,20-24,No,NA,With Traffic,C: Possible Injury,Travel Lane,White,Male,19,0-19,No,NA,11-15 mph,O: No Injury,White,Male,Passenger Car,No,10JUN2012,Sunday,Motorist Failed to Yield - Sign-Controlled Intersection,17,Intersection,June,C: Possible Injury,17:08:00,Motorist Drive Out - Sign-Controlled Intersection,2012,Yes,No,Daylight,Straight - Level,Local Street,Dry,"Two-Way, Not Divided",None,Four-Way Intersection,Smooth Asphalt,4 lanes,"34.229966767, -77.8710022985"