object_id,city,county,region,development,locality,on_road,rural_urban,speed_limit,traffic_control,weather,workzone,bike_age,bike_age_group,bike_alcohol,bike_alcohol_drugs,bike_direction,bike_injury,bike_position,bike_race,bike_sex,driver_age,driver_age_group,driver_alcohol,driver_alcohol_drugs,driver_est_speed,driver_injury,driver_race,driver_sex,driver_vehicle_type,crash_alcohol,crash_date,crash_day,crash_group,crash_hour,crash_location,crash_month,crash_severity,crash_time,crash_type,crash_year,ambulance_req,hit_run,light_condition,road_character,road_class,road_condition,road_configuration,road_defects,road_feature,road_surface,num_lanes,geo_point
2209,Gastonia,Gaston,Piedmont,Residential,Rural (<30% Developed),NA,Urban,30 - 35  MPH,Stop And Go Signal,Clear,No,11,11-15,No,NA,Not Applicable,B: Evident Injury,Non-Roadway,Black,Male,27,25-29,No,NA,31-35 mph,C: Possible Injury,Black,Female,Passenger Car,No,10JUN2012,Sunday,Bicyclist Failed to Yield - Signalized Intersection,14,Intersection,June,B: Evident Injury,14:56:00,Bicyclist Ride Out - Signalized  Intersection,2012,Yes,No,Daylight,Straight - Grade,NC Route,Dry,"Two-Way, Not Divided",None,Four-Way Intersection,Smooth Asphalt,3 lanes,"35.263436877, -81.1998033506"
2215,Spindale,Rutherford,Mountains,Commercial,Mixed (30% To 70% Developed),NA,Rural,30 - 35  MPH,Stop And Go Signal,Clear,No,14,11-15,No,NA,Facing Traffic,B: Evident Injury,Travel Lane,White,Male,52,50-59,No,NA,16-20 mph,O: No Injury,White,Female,Passenger Car,No,16JUN2012,Saturday,Parallel Paths - Other Circumstances,17,Intersection,June,B: Evident Injury,17:28:00,Bicyclist Ride Out - Parallel Path,2012,Yes,No,Daylight,Straight - Hillcrest,Local Street,Dry,"Two-Way, Not Divided",None,No Special Feature,Smooth Asphalt,2 lanes,"35.3491568682, -81.9178035678"
2210,Beaufort,Carteret,Coastal,Residential,Urban (>70% Developed),NA,Rural,20 - 25  MPH,Stop Sign,Clear,No,30,30-39,No,NA,NA,B: Evident Injury,Sidewalk / Crosswalk / Driveway Crossing,White,Male,27,25-29,No,NA,6-10 mph,O: No Injury,Black,Male,Sport Utility,No,09JUL2012,Monday,Parallel Paths - Other Circumstances,15,Intersection-Related,July,B: Evident Injury,15:55:00,Bicyclist Ride Out - Parallel Path,2012,Yes,No,Daylight,Straight - Level,Local Street,Dry,"Two-Way, Not Divided",None,No Special Feature,Smooth Asphalt,2 lanes,"34.7219269152, -76.6620019554"
2212,Farmville,Pitt,Coastal,Residential,Urban (>70% Developed),NA,Rural,30 - 35  MPH,Stop Sign,Clear,No,6,6-10,No,NA,With Traffic,O: No Injury,Travel Lane,Black,Male,70+,70+,No,NA,26-30 mph,O: No Injury,Black,Female,Passenger Car,No,10JUL2012,Tuesday,Bicyclist Failed to Yield - Sign-Controlled Intersection,16,Intersection,July,C: Possible Injury,16:35:00,Bicyclist Ride Through - Sign-Controlled Intersection,2012,No,No,Daylight,Straight - Level,Local Street,Dry,"Two-Way, Not Divided",None,No Special Feature,Smooth Asphalt,2 lanes,"35.5891370746, -77.5928022809"
2198,Morrisville,Wake,Piedmont,Residential,Urban (>70% Developed),NA,Urban,30 - 35  MPH,No Control Present,Rain,No,56,50-59,No,NA,With Traffic,B: Evident Injury,Travel Lane,White,Male,65,60-69,No,NA,26-30 mph,O: No Injury,White,Male,Activity Bus,No,10JUL2012,Tuesday,Motorist Overtaking Bicyclist,13,Non-Intersection,July,B: Evident Injury,13:55:00,Motorist Overtaking - Other / Unknown,2012,Yes,No,Daylight,Straight - Level,Local Street,Wet,"Two-Way, Divided, Unprotected Median",None,No Special Feature,Smooth Asphalt,4 lanes,"35.8219670817, -78.8287026682"
2187,None - Rural Crash,Cabarrus,Piedmont,Residential,Rural (<30% Developed),NA,Rural,50 - 55  MPH,No Control Present,Clear,No,34,30-39,No,NA,With Traffic,B: Evident Injury,Travel Lane,White,Male,61,60-69,No,NA,36-40 mph,O: No Injury,White,Male,Van,No,09JUL2012,Monday,Motorist Overtaking Bicyclist,15,Non-Intersection,July,B: Evident Injury,15:16:00,Motorist Overtaking - Other / Unknown,2012,No,No,Daylight,Straight - Hillcrest,NC Route,Dry,"Two-Way, Divided, Unprotected Median",None,No Special Feature,Smooth Asphalt,4 lanes,"35.2491468973, -80.5694031619"
2201,Wrightsville Beach,New Hanover,Coastal,Residential,Urban (>70% Developed),NA,Rural,20 - 25  MPH,No Control Present,Clear,No,NA,NA,No,NA,With Traffic,B: Evident Injury,Travel Lane,White,Male,47,40-49,No,NA,NA,O: No Injury,White,Male,Passenger Car,No,22JUN2012,Friday,Bicyclist Overtaking Motorist,7,Non-Intersection,June,B: Evident Injury,07:48:00,Bicyclist Overtaking - Extended Door,2012,Yes,No,Daylight,NA,NA,Dry,NA,None,No Special Feature,NA,NA,"34.1898967609, -77.809402279"
2262,None - Rural Crash,Forsyth,Piedmont,"Farms, Woods, Pastures",Rural (<30% Developed),NA,Rural,50 - 55  MPH,"Double Yellow Line, No Passing Zone",Clear,No,14,11-15,No,NA,With Traffic,C: Possible Injury,Travel Lane,Black,Male,NA,NA,Missing,NA,51-55 mph,Unknown Injury,Unknown/Missing,NA,Passenger Car,No,27JUL2012,Friday,Motorist Overtaking Bicyclist,0,Non-Intersection,July,C: Possible Injury,00:20:00,Motorist Overtaking - Misjudged Space,2012,Yes,Yes,Dark - Roadway Not Lighted,Straight - Bottom,US Route,Dry,"Two-Way, Not Divided",None,Related To Intersection,Smooth Asphalt,2 lanes,"36.1422171012, -80.1602030883"
2301,Fayetteville,Cumberland,Coastal,Commercial,Urban (>70% Developed),NA,Urban,30 - 35  MPH,Stop Sign,Clear,No,NA,NA,Missing,NA,With Traffic,Unknown Injury,Travel Lane,Unknown/Missing,NA,60,60-69,No,NA,21-25 mph,O: No Injury,Native American,Female,Passenger Car,No,30JUL2012,Monday,Bicyclist Failed to Yield - Sign-Controlled Intersection,15,Intersection,July,O: No Injury,15:06:00,Bicyclist Ride Out - Sign-Controlled Intersection,2012,Yes,No,Daylight,Straight - Level,Local Street,Dry,"Two-Way, Divided, Unprotected Median",None,No Special Feature,Smooth Asphalt,4 lanes,"35.041606913, -78.8491026339"
2296,Hendersonville,Henderson,Mountains,Residential,Urban (>70% Developed),NA,Urban,20 - 25  MPH,Stop Sign,Clear,No,58,50-59,No,NA,With Traffic,B: Evident Injury,Travel Lane,Black,Male,19,0-19,No,NA,16-20 mph,O: No Injury,White,Male,Sport Utility,No,05JUL2012,Thursday,Bicyclist Failed to Yield - Sign-Controlled Intersection,23,Intersection,July,B: Evident Injury,23:32:00,Bicyclist Ride Through - Sign-Controlled Intersection,2012,Yes,No,Dark - Lighted Roadway,Straight - Level,Local Street,Dry,"Two-Way, Not Divided",None,No Special Feature,Coarse Asphalt,2 lanes,"35.3191168411, -82.4722037296"
2265,High Point,Guilford,Piedmont,Commercial,Urban (>70% Developed),NA,Urban,NA,Stop Sign,Cloudy,No,49,40-49,No,NA,Facing Traffic,C: Possible Injury,Sidewalk / Crosswalk / Driveway Crossing,Black,Male,47,40-49,No,NA,6-10 mph,O: No Injury,White,Male,Sport Utility,No,12JUL2012,Thursday,Motorist Failed to Yield - Midblock,9,Non-Intersection,July,C: Possible Injury,09:50:00,Motorist Drive Out - Commercial Driveway / Alley,2012,No,No,Daylight,Straight - Level,Public Vehicular Area,Dry,"One-Way, Not Divided",None,"Driveway, Public",Smooth Asphalt,3 lanes,"35.9543170681, -80.0008030294"
2299,None - Rural Crash,Iredell,Piedmont,Residential,Mixed (30% To 70% Developed),NA,Rural,50 - 55  MPH,"Double Yellow Line, No Passing Zone",Clear,No,51,50-59,No,NA,With Traffic,B: Evident Injury,Travel Lane,White,Male,70+,70+,No,NA,26-30 mph,O: No Injury,White,Male,Passenger Car,No,12AUG2012,Sunday,Motorist Overtaking Bicyclist,12,Non-Intersection,August,B: Evident Injury,12:16:00,Motorist Overtaking - Other / Unknown,2012,Yes,No,Daylight,Curve - Level,State Secondary Route,Dry,"Two-Way, Not Divided",None,No Special Feature,Coarse Asphalt,2 lanes,"35.7890869952, -81.0088033226"
2294,None - Rural Crash,New Hanover,Coastal,Commercial,Urban (>70% Developed),NA,Rural,50 - 55  MPH,No Control Present,Clear,No,44,40-49,No,NA,With Traffic,C: Possible Injury,Travel Lane,White,Female,NA,NA,Missing,NA,36-40 mph,Unknown Injury,Unknown/Missing,NA,NA,No,12AUG2012,Sunday,Motorist Overtaking Bicyclist,17,Non-Intersection,August,C: Possible Injury,17:57:00,Motorist Overtaking - Misjudged Space,2012,Yes,Yes,Daylight,Straight - Level,US Route,Dry,"Two-Way, Not Divided",None,No Special Feature,Smooth Asphalt,4 lanes,"34.124576743, -77.900002303"
2264,Wilmington,New Hanover,Coastal,Commercial,Urban (>70% Developed),NA,Urban,NA,Stop Sign,Clear,No,25,25-29,No,NA,Facing Traffic,C: Possible Injury,Multi-use Path,White,Female,24,20-24,No,NA,NA,O: No Injury,White,Female,NA,No,12JUL2012,Thursday,Motorist Failed to Yield - Midblock,11,Non-Intersection,July,C: Possible Injury,11:07:00,Motorist Drive Out - Other Midblock,2012,No,Yes,Daylight,Straight - Level,Local Street,Dry,"Two-Way, Divided, Unprotected Median",None,"Driveway, Public",Smooth Asphalt,6 lanes,"34.2378067702, -77.8282022863"
2263,Wilmington,New Hanover,Coastal,Commercial,Urban (>70% Developed),NA,Urban,20 - 25  MPH,Stop And Go Signal,Clear,No,59,50-59,No,NA,With Traffic,B: Evident Injury,Travel Lane,Black,Male,41,40-49,No,NA,11-15 mph,O: No Injury,White,Female,Passenger Car,No,17JUL2012,Tuesday,Motorist Left Turn / Merge,7,Intersection,July,B: Evident Injury,07:10:00,Motorist Left Turn - Opposite Direction,2012,No,No,Daylight,Straight - Level,Local Street,Dry,"Two-Way, Not Divided",None,No Special Feature,Smooth Asphalt,5 lanes,"34.1931967573, -77.9353023166"
2321,High Point,Guilford,Piedmont,Residential,Urban (>70% Developed),NA,Urban,40 - 45  MPH,Stop Sign,Clear,No,52,50-59,No,NA,Facing Traffic,C: Possible Injury,Sidewalk / Crosswalk / Driveway Crossing,White,Male,22,20-24,No,NA,6-10 mph,O: No Injury,White,Male,Sport Utility,No,06AUG2012,Monday,Motorist Failed to Yield - Sign-Controlled Intersection,10,Intersection,August,C: Possible Injury,10:25:00,Motorist Drive Out - Sign-Controlled Intersection,2012,No,No,Daylight,Straight - Grade,Local Street,Dry,"Two-Way, Divided, Unprotected Median",None,T-Intersection,Smooth Asphalt,4 lanes,"35.9937470754, -80.0150030355"
2314,Havelock,Craven,Coastal,Commercial,Urban (>70% Developed),NA,Urban,NA,No Control Present,Clear,No,25,25-29,No,NA,Facing Traffic,C: Possible Injury,Sidewalk / Crosswalk / Driveway Crossing,Black,Male,42,40-49,No,NA,6-10 mph,O: No Injury,White,Male,Passenger Car,No,01JUL2012,Sunday,Motorist Failed to Yield - Midblock,13,Non-Intersection,July,C: Possible Injury,13:35:00,Motorist Drive Out - Commercial Driveway / Alley,2012,No,No,Daylight,Straight - Level,US Route,Dry,"Two-Way, Divided, Unprotected Median",None,"Driveway, Public",Smooth Asphalt,4 lanes,"34.8763969416, -76.9037020359"
2305,Sanford,Lee,Piedmont,Commercial,Urban (>70% Developed),NA,Urban,30 - 35  MPH,Flashing Signal Without Stop Sign,Clear,No,30,30-39,No,NA,Facing Traffic,C: Possible Injury,Travel Lane,Black,Male,69,60-69,No,NA,0-5 mph,O: No Injury,White,Female,Passenger Car,No,31JUL2012,Tuesday,Crossing Paths - Other Circumstances,14,Intersection,July,C: Possible Injury,14:22:00,Crossing Paths - Uncontrolled Intersection,2012,Yes,No,Daylight,Straight - Hillcrest,Local Street,Dry,"Two-Way, Divided, Unprotected Median",None,No Special Feature,Smooth Asphalt,2 lanes,"35.4716469947, -79.174302754"
2319,Greenville,Pitt,Coastal,Residential,Urban (>70% Developed),NA,Urban,30 - 35  MPH,Stop Sign,Clear,No,13,11-15,No,NA,With Traffic,C: Possible Injury,Travel Lane,Black,Male,38,30-39,No,NA,0-5 mph,O: No Injury,White,Male,Police,No,17AUG2012,Friday,Bicyclist Failed to Yield - Sign-Controlled Intersection,22,Intersection,August,C: Possible Injury,22:02:00,Bicyclist Ride Through - Sign-Controlled Intersection,2012,Yes,No,Dark - Lighted Roadway,Straight - Level,Local Street,Dry,"Two-Way, Not Divided",None,Four-Way Intersection,Coarse Asphalt,2 lanes,"35.6095170856, -77.3907022201"
2308,None - Rural Crash,Cumberland,Coastal,Residential,Mixed (30% To 70% Developed),NA,Rural,50 - 55  MPH,"Double Yellow Line, No Passing Zone",Clear,No,51,50-59,Yes,NA,With Traffic,C: Possible Injury,Travel Lane,Black,Male,18,0-19,No,NA,46-50 mph,O: No Injury,White,Male,Pickup,Yes,13AUG2012,Monday,Motorist Overtaking Bicyclist,20,Non-Intersection,August,C: Possible Injury,20:21:00,Motorist Overtaking - Other / Unknown,2012,Yes,No,Dusk,Straight - Level,NC Route,Dry,"Two-Way, Not Divided",None,No Special Feature,Coarse Asphalt,2 lanes,"34.9500968968, -78.7521026005"
2334,Durham,Durham,Piedmont,Commercial,Urban (>70% Developed),NA,Urban,20 - 25  MPH,No Control Present,Clear,No,49,40-49,No,NA,With Traffic,O: No Injury,Sidewalk / Crosswalk / Driveway Crossing,White,Male,37,30-39,No,NA,0-5 mph,O: No Injury,White,Male,Passenger Car,No,03AUG2012,Friday,Motorist Failed to Yield - Midblock,17,Non-Intersection,August,O: No Injury,17:56:00,Motorist Drive Out - Commercial Driveway / Alley,2012,No,No,Daylight,Straight - Level,Local Street,Dry,"One-Way, Not Divided",None,"Driveway, Public",Smooth Asphalt,3 lanes,"35.9946671165, -78.9009026995"
2307,None - Rural Crash,Iredell,Piedmont,Residential,Urban (>70% Developed),NA,Rural,40 - 45  MPH,No Control Present,Clear,No,52,50-59,No,NA,With Traffic,B: Evident Injury,Travel Lane,White,Male,23,20-24,No,NA,31-35 mph,O: No Injury,White,Male,Pickup,No,13AUG2012,Monday,Motorist Overtaking Bicyclist,12,Non-Intersection,August,B: Evident Injury,12:24:00,Motorist Overtaking - Other / Unknown,2012,Yes,No,Daylight,Straight - Level,State Secondary Route,Dry,"Two-Way, Not Divided",None,No Special Feature,Smooth Asphalt,2 lanes,"35.5558469496, -80.9231032843"
2328,Kill Devil Hills,Dare,Coastal,Commercial,Urban (>70% Developed),NA,Urban,30 - 35  MPH,No Control Present,Cloudy,No,20,20-24,No,NA,With Traffic,K: Killed,Travel Lane,White,Male,23,20-24,Yes,NA,41-45 mph,O: No Injury,White,Male,Sport Utility,Yes,07AUG2012,Tuesday,Motorist Overtaking Bicyclist,1,Non-Intersection,August,K: Killed,01:55:00,Motorist Overtaking - Other / Unknown,2012,Yes,No,Dark - Lighted Roadway,Straight - Level,NC Route,Wet,"Two-Way, Not Divided",None,No Special Feature,Coarse Asphalt,3 lanes,"35.9987472284, -75.6481017051"
249,Cary,Wake,Piedmont,Commercial,Urban (>70% Developed),MAYNARD RD,Urban,40 - 45  MPH,Stop Sign,Clear,No,8,6-10,NA,No,Facing Traffic,C: Possible Injury,Sidewalk / Crosswalk / Driveway Crossing,Black,Female,64,60-69,NA,No,41-45 mph,O: No Injury,White,Female,Sport Utility,No,08MAY2014,Thursday,Bicyclist Failed to Yield - Sign-Controlled Intersection,19,Intersection,May,C: Possible Injury,19:00:00,Bicyclist Ride Through - Sign-Controlled Intersection,2014,No,No,Daylight,Curve - Grade,State Secondary Route,Dry,"Two-Way, Divided, Unprotected Median",None,T-Intersection,Smooth Asphalt,4 lanes,"35.7911270759, -78.8097326617"
246,None - Rural Crash,Cherokee,Mountains,"Farms, Woods, Pastures",Mixed (30% To 70% Developed),US 19,Rural,50 - 55  MPH,No Control Present,Cloudy,No,21,20-24,NA,No,With Traffic,A: Disabling Injury,Travel Lane,Asian,Male,33,30-39,NA,No,51-55 mph,O: No Injury,White,Male,Passenger Car,No,05JUN2014,Thursday,Motorist Overtaking Bicyclist,23,Non-Intersection,June,A: Disabling Injury,23:10:00,Motorist Overtaking - Undetected Bicyclist,2014,Yes,No,Dark - Roadway Not Lighted,Straight - Level,US Route,Wet,"Two-Way, Divided, Unprotected Median",None,No Special Feature,Smooth Asphalt,4 lanes,"35.1008327356, -84.0131191692"
219,Holly Springs,Wake,Piedmont,Residential,Urban (>70% Developed),SUNSET LAKE ROAD,Urban,40 - 45  MPH,No Control Present,Clear,No,68,60-69,NA,NA,With Traffic,C: Possible Injury,Travel Lane,Black,Male,26,25-29,NA,No,31-35 mph,O: No Injury,Black,Male,Passenger Car,No,03JUN2014,Tuesday,Motorist Overtaking Bicyclist,16,Non-Intersection,June,C: Possible Injury,16:20:00,Motorist Overtaking - Bicyclist Swerved,2014,Yes,No,Daylight,Straight - Level,State Secondary Route,Dry,"Two-Way, Not Divided",None,No Special Feature,Smooth Asphalt,2 lanes,"35.6799770524, -78.8135176563"
234,Charlotte,Mecklenburg,Piedmont,Commercial,Urban (>70% Developed),KENNON ST,Urban,20 - 25  MPH,Stop Sign,Clear,No,27,25-29,NA,NA,With Traffic,B: Evident Injury,Travel Lane,Black,Male,NA,NA,NA,Missing,NA,Unknown Injury,Unknown/Missing,NA,NA,No,09JUN2014,Monday,Motorist Failed to Yield - Midblock,12,Non-Intersection,June,B: Evident Injury,12:43:00,Motorist Drive Out - Commercial Driveway / Alley,2014,No,Yes,Dark - Lighted Roadway,Straight - Level,Local Street,Dry,"Two-Way, Not Divided",None,No Special Feature,Smooth Asphalt,2 lanes,"35.2295108836, -80.8117632325"
222,Clarkton,Bladen,Coastal,Residential,Mixed (30% To 70% Developed),1166,Rural,30 - 35  MPH,No Control Present,Clear,No,4,0-5,NA,No,Not Applicable,C: Possible Injury,Driveway / Alley,Black,Male,NA,NA,NA,Missing,NA,Unknown Injury,Unknown/Missing,NA,NA,No,12APR2014,Saturday,Bicyclist Failed to Yield - Midblock,13,Non-Intersection,April,C: Possible Injury,13:55:00,Bicyclist Ride Out - Residential Driveway,2014,No,Yes,Daylight,Straight - Level,State Secondary Route,Dry,"Two-Way, Not Divided",None,"Driveway, Private",Smooth Asphalt,2 lanes,"34.4888967984, -78.6680125519"
232,Winston-Salem,Forsyth,Piedmont,Residential,Urban (>70% Developed),WOODED AVE,Urban,20 - 25  MPH,No Control Present,Cloudy,No,15,11-15,NA,No,Not Applicable,C: Possible Injury,Driveway / Alley,Hispanic,Male,30,30-39,NA,No,21-25 mph,O: No Injury,Black,Female,Passenger Car,No,09MAY2014,Friday,Bicyclist Failed to Yield - Midblock,17,Non-Intersection,May,C: Possible Injury,17:26:00,Bicyclist Ride Out - Residential Driveway,2014,Yes,No,Daylight,Straight - Level,Local Street,Dry,"Two-Way, Not Divided",None,No Special Feature,Smooth Asphalt,2 lanes,"36.1561541018, -80.2284631096"
230,Raleigh,Wake,Piedmont,Commercial,Urban (>70% Developed),N HARRINGTON ST,Urban,30 - 35  MPH,Stop Sign,Clear,No,47,40-49,NA,No,With Traffic,C: Possible Injury,Travel Lane,White,Male,30,30-39,NA,No,11-15 mph,O: No Injury,White,Male,Passenger Car,No,24MAY2014,Saturday,Motorist Failed to Yield - Sign-Controlled Intersection,19,Intersection,May,C: Possible Injury,19:28:00,Motorist Drive Out - Sign-Controlled Intersection,2014,No,No,Daylight,Straight - Grade,Local Street,Dry,"Two-Way, Not Divided",None,Four-Way Intersection,Smooth Asphalt,5 lanes,"35.78139408, -78.6449226108"
254,Raleigh,Wake,Piedmont,Residential,Urban (>70% Developed),DAVIE ST,Urban,30 - 35  MPH,No Control Present,Clear,No,7,6-10,NA,No,Not Applicable,C: Possible Injury,Driveway / Alley,Black,Male,51,50-59,NA,No,31-35 mph,O: No Injury,Black,Male,Pickup,No,05JUN2014,Thursday,Bicyclist Failed to Yield - Midblock,17,Non-Intersection,June,C: Possible Injury,17:31:00,Bicyclist Ride Out - Residential Driveway,2014,Yes,Yes,Daylight,Straight - Level,Local Street,Dry,"Two-Way, Not Divided",None,No Special Feature,Smooth Asphalt,2 lanes,"35.7753670789, -78.6300826057"
240,None - Rural Crash,Union,Piedmont,"Farms, Woods, Pastures",Rural (<30% Developed),1104,Rural,50 - 55  MPH,No Control Present,Cloudy,No,53,50-59,NA,No,With Traffic,B: Evident Injury,Travel Lane,Other,Female,18,0-19,NA,No,51-55 mph,O: No Injury,White,Male,Passenger Car,No,08JUN2014,Sunday,Motorist Overtaking Bicyclist,8,Non-Intersection,June,B: Evident Injury,08:30:00,Motorist Overtaking - Other / Unknown,2014,Yes,No,Daylight,Straight - Grade,State Secondary Route,Dry,"Two-Way, Not Divided",None,No Special Feature,Smooth Asphalt,2 lanes,"34.8589668058, -80.7745392014"
252,Asheville,Buncombe,Mountains,Residential,Urban (>70% Developed),GRIFFING BLVD,Urban,20 - 25  MPH,No Control Present,Clear,No,62,60-69,NA,No,With Traffic,B: Evident Injury,Travel Lane,White,Male,66,60-69,NA,No,0-5 mph,C: Possible Injury,White,Female,Passenger Car,No,08MAY2014,Thursday,Backing Vehicle,17,Non-Intersection,May,B: Evident Injury,17:56:00,Backing Vehicle,2014,Yes,No,Daylight,Straight - Level,Local Street,Dry,"One-Way, Not Divided",None,No Special Feature,Smooth Asphalt,1 lane,"35.6277309027, -82.5438837688"
262,Winston-Salem,Forsyth,Piedmont,Residential,Urban (>70% Developed),BUTTERFIELD DR,Urban,30 - 35  MPH,No Control Present,Rain,No,19,16-19,NA,No,Facing Traffic,B: Evident Injury,Sidewalk / Crosswalk / Driveway Crossing,Black,Male,70+,70+,NA,No,6-10 mph,O: No Injury,Black,Male,Passenger Car,No,11JUN2014,Wednesday,Motorist Failed to Yield - Sign-Controlled Intersection,21,Intersection,June,B: Evident Injury,21:45:00,Motorist Drive Out - Sign-Controlled Intersection,2014,Yes,No,Dark - Roadway Not Lighted,Straight - Level,Local Street,Wet,"Two-Way, Not Divided",None,Four-Way Intersection,Smooth Asphalt,8 lanes,"36.141673099, -80.2115281036"
267,None - Rural Crash,New Hanover,Coastal,Residential,Urban (>70% Developed),US 421,Rural,40 - 45  MPH,No Control Present,Clear,No,20,20-24,NA,NA,With Traffic,Unknown Injury,Bike Lane / Paved Shoulder,White,Female,NA,NA,NA,NA,41-45 mph,Unknown Injury,Unknown/Missing,NA,NA,No,19JUN2014,Thursday,Loss of Control / Turning Error,15,Non-Intersection,June,Unknown Injury,15:00:00,Motorist Lost Control - Other / Unknown,2014,Yes,Yes,Daylight,Straight - Level,US Route,Dry,"Two-Way, Divided, Unprotected Median",None,No Special Feature,Coarse Asphalt,4 lanes,"34.0637847297, -77.8983862999"
268,Wilmington,New Hanover,Coastal,Residential,Urban (>70% Developed),RACINE DR,Urban,20 - 25  MPH,Stop And Go Signal,Cloudy,No,22,20-24,NA,No,Facing Traffic,B: Evident Injury,Sidewalk / Crosswalk / Driveway Crossing,White,Female,35,30-39,NA,No,6-10 mph,O: No Injury,White,Male,Sport Utility,No,29MAY2014,Thursday,Motorist Failed to Yield - Signalized Intersection,18,Intersection,May,B: Evident Injury,18:22:00,Motorist Drive Out - Right Turn on Red,2014,No,No,Daylight,Straight - Level,Local Street,Dry,"Two-Way, Not Divided",None,Four-Way Intersection,Smooth Asphalt,2 lanes,"34.2372427694, -77.867592298"
284,Wrightsville Beach,New Hanover,Coastal,Residential,Urban (>70% Developed),NORTH LUMINA AVE,Rural,NA,No Control Present,Clear,No,63,60-69,NA,No,With Traffic,C: Possible Injury,Travel Lane,Black,Male,44,40-49,NA,No,NA,O: No Injury,White,Male,Passenger Car,No,19JUN2014,Thursday,Bicyclist Overtaking Motorist,8,Non-Intersection,June,C: Possible Injury,08:19:00,Bicyclist Overtaking - Extended Door,2014,Yes,No,Daylight,Straight - Level,Local Street,Dry,"Two-Way, Divided, Unprotected Median",None,No Special Feature,Smooth Asphalt,2 lanes,"34.2099067657, -77.7944622754"
287,High Point,Guilford,Piedmont,Residential,Urban (>70% Developed),OLD MILL RD,Urban,40 - 45  MPH,No Control Present,Clear,No,68,60-69,NA,No,With Traffic,B: Evident Injury,Travel Lane,White,Male,20,20-24,NA,No,41-45 mph,O: No Injury,White,Female,Passenger Car,No,21MAY2014,Wednesday,Motorist Overtaking Bicyclist,16,Non-Intersection,May,B: Evident Injury,16:07:00,Motorist Overtaking - Misjudged Space,2014,Yes,No,Daylight,Straight - Grade,Local Street,Dry,"Two-Way, Not Divided",None,No Special Feature,Smooth Asphalt,2 lanes,"36.0220710816, -80.0157930381"
285,Indian Beach,Carteret,Coastal,Residential,Mixed (30% To 70% Developed),NC 58,Rural,30 - 35  MPH,"Double Yellow Line, No Passing Zone",Clear,No,54,50-59,NA,No,With Traffic,O: No Injury,Travel Lane,White,Male,55,50-59,NA,Missing,0-5 mph,O: No Injury,White,Male,Police,No,12JUN2014,Thursday,Bicyclist Overtaking Motorist,10,Non-Intersection,June,O: No Injury,10:06:00,Bicyclist Overtaking - Parked Vehicle,2014,No,No,Daylight,Straight - Level,NC Route,Dry,"Two-Way, Not Divided",None,No Special Feature,Smooth Asphalt,3 lanes,"34.6872469002, -76.8896520229"
270,Hendersonville,Henderson,Mountains,Commercial,Urban (>70% Developed),US 64,Urban,30 - 35  MPH,No Control Present,Clear,No,35,30-39,NA,No,With Traffic,B: Evident Injury,Travel Lane,White,Male,40,40-49,NA,No,0-5 mph,O: No Injury,White,Male,Passenger Car,No,23JUN2014,Monday,Motorist Right Turn / Merge,15,Non-Intersection,June,B: Evident Injury,15:34:00,Motorist Right Turn - Same Direction,2014,No,No,Daylight,Straight - Level,US Route,Dry,"One-Way, Not Divided",None,No Special Feature,Coarse Asphalt,2 lanes,"35.3189198409, -82.4589137258"
289,Wendell,Wake,Piedmont,Residential,Urban (>70% Developed),MATTOX ST,Urban,30 - 35  MPH,Stop Sign,Clear,No,5,0-5,NA,No,With Traffic,A: Disabling Injury,Travel Lane,White,Male,70+,70+,NA,No,6-10 mph,O: No Injury,White,Male,Sport Utility,No,30JUN2014,Monday,Other / Unusual Circumstances,13,Intersection-Related,June,A: Disabling Injury,13:35:00,Play Vehicle-Related,2014,Yes,No,Daylight,Straight - Level,Local Street,Dry,"Two-Way, Not Divided",None,T-Intersection,Coarse Asphalt,2 lanes,"35.7848970905, -78.3660625264"
5994,Dunn,Harnett,Coastal,Residential,Mixed (30% To 70% Developed),NA,Urban,40 - 45  MPH,Missing,Rain,No,8,6-10,No,NA,Not Applicable,C: Possible Injury,Non-Roadway,Black,Male,45,40-49,No,NA,26-30 mph,O: No Injury,White,Female,Sport Utility,No,18JUL2008,Friday,Bicyclist Failed to Yield - Midblock,14,Non-Intersection,July,C: Possible Injury,14:54:00,Bicyclist Ride Out - Other Midblock,2008,No,No,Daylight,Straight - Level,State Secondary Route,Wet,"Two-Way, Not Divided",None,No Special Feature,Coarse Asphalt,2 lanes,"35.3266749833, -78.6078365753"
5996,Fayetteville,Cumberland,Coastal,Commercial,Urban (>70% Developed),NA,Urban,20 - 25  MPH,Stop Sign,Clear,No,34,30-39,No,NA,With Traffic,O: No Injury,Travel Lane,Black,Male,16,0-19,No,NA,0-5 mph,O: No Injury,White,Female,Sport Utility,No,20JUN2008,Friday,Motorist Failed to Yield - Sign-Controlled Intersection,15,Intersection,June,O: No Injury,15:52:00,Motorist Drive Out - Sign-Controlled Intersection,2008,No,No,Daylight,Straight - Level,Local Street,Dry,"Two-Way, Divided, Unprotected Median",None,T-Intersection,Coarse Asphalt,4 lanes,"35.0330839087, -78.9222626559"