object_id,city,county,region,development,locality,on_road,rural_urban,speed_limit,traffic_control,weather,workzone,bike_age,bike_age_group,bike_alcohol,bike_alcohol_drugs,bike_direction,bike_injury,bike_position,bike_race,bike_sex,driver_age,driver_age_group,driver_alcohol,driver_alcohol_drugs,driver_est_speed,driver_injury,driver_race,driver_sex,driver_vehicle_type,crash_alcohol,crash_date,crash_day,crash_group,crash_hour,crash_location,crash_month,crash_severity,crash_time,crash_type,crash_year,ambulance_req,hit_run,light_condition,road_character,road_class,road_condition,road_configuration,road_defects,road_feature,road_surface,num_lanes,geo_point
6504,Durham,Durham,Piedmont,Residential,Urban (>70% Developed),NA,Urban,30 - 35  MPH,Stop Sign,Clear,No,28,25-29,No,NA,With Traffic,B: Evident Injury,Travel Lane,Black,Male,NA,NA,Missing,NA,6-10 mph,Unknown Injury,Unknown/Missing,NA,Passenger Car,No,24MAR2007,Saturday,Motorist Failed to Yield - Sign-Controlled Intersection,20,Intersection,March,B: Evident Injury,20:41:00,Motorist Drive Out - Sign-Controlled Intersection,2007,Yes,Yes,Dark - Roadway Not Lighted,Straight - Grade,Local Street,Dry,"Two-Way, Not Divided",None,Four-Way Intersection,Coarse Asphalt,4 lanes,"35.9915801168, -78.8747586916"
6505,Charlotte,Mecklenburg,Piedmont,Commercial,Urban (>70% Developed),NA,Urban,NA,No Control Present,Clear,No,47,40-49,No,NA,With Traffic,B: Evident Injury,Sidewalk / Crosswalk / Driveway Crossing,Black,Male,NA,NA,Missing,NA,NA,Unknown Injury,Unknown/Missing,NA,NA,No,15JAN2007,Monday,Motorist Right Turn / Merge,17,Non-Intersection,January,B: Evident Injury,17:25:00,Motorist Right Turn - Same Direction,2007,Yes,Yes,Daylight,Straight - Grade,Local Street,Dry,NA,None,No Special Feature,Smooth Asphalt,NA,"35.2358238855, -80.8049032309"
6507,None - Rural Crash,Pitt,Coastal,"Farms, Woods, Pastures",Rural (<30% Developed),NA,Rural,50 - 55  MPH,Stop Sign,Clear,No,22,20-24,No,NA,With Traffic,B: Evident Injury,Travel Lane,White,Male,33,30-39,No,NA,46-50 mph,O: No Injury,Black,Female,Van,No,12JAN2007,Friday,Bicyclist Failed to Yield - Sign-Controlled Intersection,15,Intersection,January,B: Evident Injury,15:45:00,Bicyclist Ride Out - Sign-Controlled Intersection,2007,Yes,No,Daylight,Straight - Level,US Route,Dry,"Two-Way, Divided, Unprotected Median",None,T-Intersection,Coarse Asphalt,4 lanes,"35.6256670922, -77.2988721934"
6515,Durham,Durham,Piedmont,Residential,Urban (>70% Developed),NA,Urban,5 - 15 MPH,Stop Sign,Clear,No,31,30-39,Yes,NA,With Traffic,C: Possible Injury,Travel Lane,White,Male,NA,NA,Missing,NA,0-5 mph,O: No Injury,Black,Male,Passenger Car,Yes,30MAR2007,Friday,Loss of Control / Turning Error,23,Intersection,March,C: Possible Injury,23:36:00,Bicylist Lost Control - Alcohol / Drug Impairment,2007,Yes,No,Dark - Roadway Not Lighted,Straight - Hillcrest,Local Street,Dry,"Two-Way, Not Divided",None,T-Intersection,Smooth Asphalt,2 lanes,"36.0106121178, -78.9548227169"
6516,Charlotte,Mecklenburg,Piedmont,Residential,Urban (>70% Developed),NA,Urban,20 - 25  MPH,Stop Sign,Clear,No,6,6-10,No,NA,Facing Traffic,O: No Injury,Travel Lane,Black,Male,NA,NA,Missing,NA,16-20 mph,Unknown Injury,Unknown/Missing,NA,NA,No,15JAN2007,Monday,Loss of Control / Turning Error,12,Intersection,January,O: No Injury,12:57:00,Bicyclist Turning Error - Left Turn,2007,No,Yes,Daylight,Straight - Hillcrest,Local Street,Dry,"Two-Way, Not Divided",None,"Driveway, Public",Smooth Asphalt,2 lanes,"35.1999968794, -80.7571332147"
6517,None - Rural Crash,New Hanover,Coastal,Commercial,Mixed (30% To 70% Developed),NA,Rural,50 - 55  MPH,No Control Present,Clear,No,36,30-39,No,NA,With Traffic,B: Evident Injury,Bike Lane / Paved Shoulder,White,Male,NA,NA,No,NA,31-35 mph,Unknown Injury,Unknown/Missing,NA,NA,No,24JAN2007,Wednesday,Motorist Overtaking Bicyclist,11,Non-Intersection,January,B: Evident Injury,11:58:00,Motorist Overtaking - Other / Unknown,2007,Yes,Yes,Dark - Roadway Not Lighted,Straight - Level,US Route,Dry,"Two-Way, Divided, Unprotected Median",None,No Special Feature,Smooth Asphalt,4 lanes,"34.1285047443, -77.8981823025"
6521,Kinston,Lenoir,Coastal,Residential,Urban (>70% Developed),NA,Urban,20 - 25  MPH,Stop Sign,Clear,No,16,16-19,No,NA,With Traffic,C: Possible Injury,Travel Lane,Black,Male,NA,NA,Missing,NA,0-5 mph,Unknown Injury,Unknown/Missing,NA,NA,No,27JAN2007,Saturday,Motorist Overtaking Bicyclist,0,Intersection,January,C: Possible Injury,00:22:00,Motorist Overtaking - Undetected Bicyclist,2007,Yes,Yes,Dark - Roadway Not Lighted,Straight - Level,Local Street,Dry,"Two-Way, Not Divided",None,Four-Way Intersection,Coarse Asphalt,4 lanes,"35.2540010025, -77.5746482582"
6523,Durham,Durham,Piedmont,Residential,Urban (>70% Developed),NA,Urban,30 - 35  MPH,Stop Sign,Clear,No,18,16-19,No,NA,NA,C: Possible Injury,Travel Lane,Black,Female,40,40-49,No,NA,31-35 mph,O: No Injury,Black,Male,Passenger Car,No,02APR2007,Monday,Bicyclist Failed to Yield - Sign-Controlled Intersection,19,Intersection,April,C: Possible Injury,19:19:00,Bicyclist Ride Through - Sign-Controlled Intersection,2007,Yes,No,Daylight,Straight - Level,Local Street,Dry,"Two-Way, Not Divided",None,No Special Feature,Smooth Asphalt,2 lanes,"35.9963111175, -78.880072694"
6524,None - Rural Crash,Jones,Coastal,"Farms, Woods, Pastures",Rural (<30% Developed),NA,Rural,50 - 55  MPH,No Control Present,Clear,No,38,30-39,No,NA,With Traffic,C: Possible Injury,Travel Lane,White,Male,38,30-39,No,NA,51-55 mph,O: No Injury,White,Male,Pickup,No,29JAN2007,Monday,Motorist Overtaking Bicyclist,15,Non-Intersection,January,C: Possible Injury,15:45:00,Motorist Overtaking - Other / Unknown,2007,Yes,No,Daylight,Straight - Level,US Route,Dry,"Two-Way, Not Divided",None,No Special Feature,Smooth Asphalt,2 lanes,"34.9438469461, -77.239792142"
6526,Eden,Rockingham,Piedmont,Commercial,Urban (>70% Developed),NA,Urban,20 - 25  MPH,Stop Sign,Clear,No,11,11-15,No,NA,NA,A: Disabling Injury,Travel Lane,Black,Female,45,40-49,No,NA,21-25 mph,O: No Injury,White,Female,Passenger Car,No,05APR2007,Thursday,Bicyclist Failed to Yield - Sign-Controlled Intersection,18,Intersection,April,A: Disabling Injury,18:17:00,Bicyclist Ride Through - Sign-Controlled Intersection,2007,Yes,No,Daylight,Straight - Level,Local Street,Dry,"Two-Way, Not Divided",None,Four-Way Intersection,Smooth Asphalt,2 lanes,"36.4998811909, -79.7694529903"
6529,Durham,Durham,Piedmont,Residential,Urban (>70% Developed),NA,Urban,NA,Stop Sign,Cloudy,No,7,6-10,No,NA,With Traffic,C: Possible Injury,Travel Lane,Black,Male,NA,NA,Missing,NA,NA,Unknown Injury,Unknown/Missing,NA,Passenger Car,No,14APR2007,Saturday,Motorist Right Turn / Merge,19,Intersection,April,C: Possible Injury,19:04:00,Motorist Right Turn - Same Direction,2007,Yes,Yes,Daylight,Straight - Grade,Local Street,Dry,"Two-Way, Not Divided",None,Four-Way Intersection,Smooth Asphalt,2 lanes,"36.0038601187, -78.8960926988"
6530,Morganton,Burke,Mountains,Residential,Mixed (30% To 70% Developed),NA,Urban,30 - 35  MPH,Stop Sign,Clear,No,6,6-10,No,NA,Facing Traffic,B: Evident Injury,Travel Lane,White,Male,17,0-19,No,NA,26-30 mph,O: No Injury,White,Female,Passenger Car,No,07FEB2007,Wednesday,Bicyclist Failed to Yield - Sign-Controlled Intersection,16,Intersection,February,B: Evident Injury,16:52:00,Bicyclist Ride Out - Sign-Controlled Intersection,2007,Yes,No,Daylight,Straight - Level,Local Street,Dry,"Two-Way, Not Divided",None,No Special Feature,Smooth Asphalt,6 lanes,"35.7446369602, -81.6922535238"
6543,None - Rural Crash,New Hanover,Coastal,"Farms, Woods, Pastures",Rural (<30% Developed),NA,Rural,50 - 55  MPH,No Control Present,Clear,No,19,16-19,No,NA,With Traffic,B: Evident Injury,Travel Lane,White,Male,36,30-39,No,NA,46-50 mph,O: No Injury,White,Female,"Light Truck (Mini-Van, Panel)",No,20FEB2007,Tuesday,Motorist Overtaking Bicyclist,7,Non-Intersection,February,B: Evident Injury,07:50:00,Motorist Overtaking - Other / Unknown,2007,Yes,No,Daylight,Straight - Level,State Secondary Route,Dry,"Two-Way, Not Divided",None,No Special Feature,Coarse Asphalt,2 lanes,"34.3337887913, -77.8416422946"
6547,None - Rural Crash,Mcdowell,Mountains,"Farms, Woods, Pastures",Rural (<30% Developed),NA,Rural,50 - 55  MPH,No Control Present,Clear,No,53,50-59,No,NA,With Traffic,B: Evident Injury,Travel Lane,White,Male,28,25-29,Yes,NA,21-25 mph,O: No Injury,White,Male,"Single Unit Truck (2-Axle, 6-Tire)",Yes,22JAN2007,Monday,Head-On,16,Non-Intersection,January,B: Evident Injury,16:10:00,Head-On - Motorist,2007,Yes,No,Daylight,Curve - Grade,State Secondary Route,"Sand, Mud, Dirt, Gravel","Two-Way, Not Divided",None,Y-Intersection,Gravel,2 lanes,"35.6548339198, -82.2458336827"
6548,Raleigh,Wake,Piedmont,Residential,Mixed (30% To 70% Developed),NA,Urban,30 - 35  MPH,No Control Present,Clear,No,12,11-15,No,NA,Facing Traffic,B: Evident Injury,Sidewalk / Crosswalk / Driveway Crossing,Black,Male,58,50-59,No,NA,0-5 mph,O: No Injury,White,Male,Sport Utility,No,20FEB2007,Tuesday,Crossing Paths - Other Circumstances,19,Intersection,February,B: Evident Injury,19:43:00,Crossing Paths - Intersection - Other / Unknown,2007,No,No,Dark - Lighted Roadway,Straight - Level,Local Street,Dry,"Two-Way, Not Divided",None,T-Intersection,Coarse Asphalt,2 lanes,"35.855331093, -78.7115886352"
6549,Rocky Mount,Nash,Coastal,Residential,Urban (>70% Developed),NA,Urban,30 - 35  MPH,Stop Sign,Clear,No,17,16-19,No,NA,With Traffic,B: Evident Injury,Travel Lane,White,Male,50,50-59,No,NA,21-25 mph,O: No Injury,Black,Female,Passenger Car,No,22FEB2007,Thursday,Bicyclist Failed to Yield - Sign-Controlled Intersection,14,Intersection,February,B: Evident Injury,14:35:00,Bicyclist Ride Through - Sign-Controlled Intersection,2007,Yes,No,Daylight,Straight - Grade,Local Street,Dry,"Two-Way, Not Divided",None,T-Intersection,Coarse Asphalt,2 lanes,"35.9888831542, -77.7968163637"
6553,Washington,Beaufort,Coastal,Residential,Urban (>70% Developed),NA,Urban,30 - 35  MPH,No Control Present,Clear,No,15,11-15,No,NA,With Traffic,C: Possible Injury,Sidewalk / Crosswalk / Driveway Crossing,Black,Male,54,50-59,No,NA,21-25 mph,O: No Injury,White,Female,Passenger Car,No,23FEB2007,Friday,Parallel Paths - Other Circumstances,14,Intersection-Related,February,C: Possible Injury,14:42:00,Bicyclist Ride Out - Parallel Path,2007,Yes,No,Daylight,Straight - Level,Local Street,Dry,"Two-Way, Not Divided",None,No Special Feature,Coarse Asphalt,2 lanes,"35.5483240843, -77.0507721143"
6555,Fayetteville,Cumberland,Coastal,Commercial,Urban (>70% Developed),NA,Urban,50 - 55  MPH,Stop And Go Signal,Clear,No,15,11-15,No,NA,Not Applicable,C: Possible Injury,NA,Black,Male,34,30-39,No,NA,31-35 mph,O: No Injury,White,Male,Pickup,No,24FEB2007,Saturday,Crossing Paths - Other Circumstances,16,Intersection-Related,February,C: Possible Injury,16:19:00,Crossing Paths - Intersection - Other / Unknown,2007,No,No,Daylight,Straight - Level,Local Street,Dry,"Two-Way, Divided, Unprotected Median",None,Four-Way Intersection,Smooth Asphalt,4 lanes,"35.0375739066, -79.0069686817"
6561,Fayetteville,Cumberland,Coastal,Commercial,Urban (>70% Developed),NA,Urban,NA,No Control Present,Clear,No,46,40-49,No,NA,With Traffic,C: Possible Injury,Travel Lane,Black,Male,NA,NA,Missing,NA,NA,Unknown Injury,Unknown/Missing,NA,NA,No,23FEB2007,Friday,Bicyclist Failed to Yield - Midblock,18,Non-Intersection,February,C: Possible Injury,18:36:00,Bicyclist Ride Out - Commercial Driveway / Alley,2007,No,Yes,Daylight,Straight - Level,Local Street,Dry,"Two-Way, Not Divided",None,No Special Feature,Coarse Asphalt,4 lanes,"35.0654709125, -79.0135526849"
6563,Wilson,Wilson,Coastal,Residential,Urban (>70% Developed),NA,Urban,30 - 35  MPH,Stop And Go Signal,Clear,No,53,50-59,No,NA,With Traffic,B: Evident Injury,Sidewalk / Crosswalk / Driveway Crossing,Black,Female,61,60-69,No,NA,0-5 mph,C: Possible Injury,Black,Male,Pickup,No,27FEB2007,Tuesday,Motorist Failed to Yield - Signalized Intersection,7,Intersection,February,B: Evident Injury,07:21:00,Motorist Drive Through - Signalized Intersection,2007,Yes,No,Dawn,Straight - Level,Local Street,Dry,"Two-Way, Divided, Unprotected Median",None,Four-Way Intersection,Coarse Asphalt,4 lanes,"35.719487092, -77.9137063853"
6564,Charlotte,Mecklenburg,Piedmont,Residential,Urban (>70% Developed),NA,Urban,30 - 35  MPH,No Control Present,Cloudy,No,61,60-69,No,NA,With Traffic,A: Disabling Injury,Travel Lane,Black,Male,64,60-69,No,NA,11-15 mph,O: No Injury,Black,Male,Passenger Car,No,01MAR2007,Thursday,Motorist Right Turn / Merge,16,Non-Intersection,March,A: Disabling Injury,16:55:00,Motorist Right Turn - Same Direction,2007,Yes,No,Daylight,Straight - Grade,Local Street,Wet,"Two-Way, Not Divided",None,No Special Feature,Smooth Asphalt,2 lanes,"35.2614568892, -80.8469232446"
6570,Charlotte,Mecklenburg,Piedmont,Residential,Urban (>70% Developed),NA,Urban,20 - 25  MPH,Stop Sign,Clear,No,37,30-39,No,NA,With Traffic,B: Evident Injury,Travel Lane,White,Male,27,25-29,No,NA,11-15 mph,O: No Injury,White,Female,Passenger Car,No,06MAR2007,Tuesday,Head-On,7,Intersection,March,B: Evident Injury,07:59:00,Head-On - Motorist,2007,Yes,No,Daylight,Straight - Level,Local Street,Dry,"Two-Way, Not Divided",None,T-Intersection,Smooth Asphalt,2 lanes,"35.1776868714, -80.8454932401"
6571,Beaufort,Carteret,Coastal,Commercial,Urban (>70% Developed),NA,Rural,30 - 35  MPH,Stop And Go Signal,Cloudy,No,45,40-49,Yes,NA,With Traffic,B: Evident Injury,Sidewalk / Crosswalk / Driveway Crossing,White,Male,66,60-69,No,NA,31-35 mph,O: No Injury,White,Male,Pickup,Yes,17MAY2007,Thursday,Loss of Control / Turning Error,15,Intersection,May,B: Evident Injury,15:50:00,Bicylist Lost Control - Alcohol / Drug Impairment,2007,Yes,No,Daylight,Straight - Level,US Route,Wet,"Two-Way, Not Divided",None,Four-Way Intersection,Smooth Asphalt,4 lanes,"34.7207829151, -76.662927955"
6573,Charlotte,Mecklenburg,Piedmont,Residential,Urban (>70% Developed),NA,Urban,30 - 35  MPH,Stop Sign,Clear,No,6,6-10,No,NA,With Traffic,B: Evident Injury,Travel Lane,Black,Male,32,30-39,No,NA,11-15 mph,O: No Injury,Black,Female,Passenger Car,No,07MAR2007,Wednesday,Bicyclist Failed to Yield - Sign-Controlled Intersection,17,Intersection,March,B: Evident Injury,17:17:00,Bicyclist Ride Through - Sign-Controlled Intersection,2007,Yes,No,Daylight,Curve - Grade,Local Street,Dry,"Two-Way, Divided, Unprotected Median",None,T-Intersection,Smooth Asphalt,2 lanes,"35.1994268746, -80.8940082556"
6594,Cary,Wake,Piedmont,Commercial,Urban (>70% Developed),NA,Urban,40 - 45  MPH,Stop And Go Signal,Clear,No,15,11-15,No,NA,NA,B: Evident Injury,Sidewalk / Crosswalk / Driveway Crossing,Black,Male,22,20-24,No,NA,0-5 mph,O: No Injury,White,Female,Passenger Car,No,11MAY2007,Friday,Motorist Failed to Yield - Signalized Intersection,15,Intersection,May,B: Evident Injury,15:17:00,Motorist Drive Out - Right Turn on Red,2007,Yes,No,Daylight,Straight - Level,State Secondary Route,Dry,"Two-Way, Divided, Unprotected Median",None,Four-Way Intersection,Smooth Asphalt,4 lanes,"35.7699120733, -78.7609426453"
6595,Charlotte,Mecklenburg,Piedmont,Commercial,Urban (>70% Developed),NA,Urban,30 - 35  MPH,Flashing Signal Without Stop Sign,Clear,No,46,40-49,No,NA,With Traffic,O: No Injury,Travel Lane,White,Male,29,25-29,No,NA,11-15 mph,O: No Injury,Black,Female,Passenger Car,No,01JUN2007,Friday,Motorist Failed to Yield - Signalized Intersection,22,Intersection,June,O: No Injury,22:51:00,Motorist Drive Out - Right Turn on Red,2007,No,No,Dark - Lighted Roadway,Straight - Level,Local Street,Dry,"Two-Way, Divided, Unprotected Median",None,No Special Feature,Smooth Asphalt,4 lanes,"35.1806668708, -80.8895532527"
6600,Raleigh,Wake,Piedmont,Commercial,Urban (>70% Developed),NA,Urban,30 - 35  MPH,Stop And Go Signal,Clear,No,65,60-69,No,NA,Facing Traffic,O: No Injury,Sidewalk / Crosswalk / Driveway Crossing,White,Male,41,40-49,No,NA,0-5 mph,O: No Injury,White,Female,Passenger Car,No,18MAR2007,Sunday,Motorist Failed to Yield - Signalized Intersection,12,Intersection,March,O: No Injury,12:09:00,Motorist Drive Out - Right Turn on Red,2007,No,No,Daylight,Straight - Level,Local Street,Dry,"Two-Way, Not Divided",None,Four-Way Intersection,Smooth Asphalt,9 or more lanes,"35.7804870799, -78.6434726099"
6606,Matthews,Mecklenburg,Piedmont,Residential,Urban (>70% Developed),NA,Urban,20 - 25  MPH,Stop Sign,Clear,No,10,6-10,No,NA,NA,B: Evident Injury,Travel Lane,White,Male,18,0-19,No,NA,21-25 mph,O: No Injury,White,Male,Passenger Car,No,20MAR2007,Tuesday,Bicyclist Failed to Yield - Sign-Controlled Intersection,16,Intersection,March,B: Evident Injury,16:34:00,Bicyclist Ride Through - Sign-Controlled Intersection,2007,Yes,No,Daylight,Straight - Bottom,Local Street,Dry,"Two-Way, Not Divided",None,T-Intersection,Coarse Asphalt,2 lanes,"35.096666859, -80.7110931952"
6608,Jacksonville,Onslow,Coastal,Commercial,Urban (>70% Developed),NA,Urban,50 - 55  MPH,No Control Present,Clear,No,19,16-19,No,NA,With Traffic,K: Killed,Travel Lane,White,Male,36,30-39,No,NA,51-55 mph,O: No Injury,White,Male,Pickup,No,22MAR2007,Thursday,Motorist Overtaking Bicyclist,0,Non-Intersection,March,K: Killed,00:15:00,Motorist Overtaking - Undetected Bicyclist,2007,Yes,No,Dark - Roadway Not Lighted,Straight - Level,US Route,Dry,"One-Way, Not Divided",None,Bridge,Smooth Asphalt,2 lanes,"34.7477528967, -77.4083221833"
6609,None - Rural Crash,Burke,Mountains,Residential,Rural (<30% Developed),NA,Rural,30 - 35  MPH,"Double Yellow Line, No Passing Zone",Clear,No,16,16-19,No,NA,With Traffic,K: Killed,Travel Lane,White,Male,50,50-59,No,NA,26-30 mph,O: No Injury,White,Male,Pickup,No,23MAR2007,Friday,Head-On,16,Non-Intersection,March,K: Killed,16:37:00,Head-On - Bicyclist,2007,Yes,No,Daylight,Curve - Grade,State Secondary Route,Dry,"Two-Way, Not Divided",None,No Special Feature,Smooth Asphalt,2 lanes,"35.7204739597, -81.5724294865"
6617,Wilmington,New Hanover,Coastal,Residential,Urban (>70% Developed),NA,Urban,30 - 35  MPH,No Control Present,Clear,No,33,30-39,No,NA,Facing Traffic,B: Evident Injury,Travel Lane,White,Male,48,40-49,No,NA,26-30 mph,O: No Injury,White,Male,Sport Utility,No,25MAR2007,Sunday,Head-On,15,Non-Intersection,March,B: Evident Injury,15:58:00,Head-On - Bicyclist,2007,No,No,Daylight,Straight - Level,Local Street,Dry,"Two-Way, Not Divided",None,No Special Feature,Smooth Asphalt,2 lanes,"34.2136337634, -77.8809073013"
6620,None - Rural Crash,Durham,Piedmont,Commercial,Mixed (30% To 70% Developed),NA,Rural,40 - 45  MPH,"Double Yellow Line, No Passing Zone",Cloudy,No,51,50-59,No,NA,With Traffic,B: Evident Injury,Travel Lane,White,Male,37,30-39,No,NA,21-25 mph,O: No Injury,Black,Male,Passenger Car,No,27MAR2007,Tuesday,Bicyclist Left Turn / Merge,12,Intersection-Related,March,B: Evident Injury,12:35:00,Bicyclist Left Turn - Same Direction,2007,Yes,No,Daylight,Curve - Grade,State Secondary Route,Dry,"Two-Way, Not Divided",None,T-Intersection,Smooth Asphalt,2 lanes,"35.8777570931, -78.8589826803"
6626,None - Rural Crash,Yadkin,Mountains,"Farms, Woods, Pastures",Rural (<30% Developed),NA,Rural,50 - 55  MPH,No Control Present,Clear,No,37,30-39,No,NA,With Traffic,B: Evident Injury,Travel Lane,White,Male,33,30-39,No,NA,41-45 mph,O: No Injury,White,Female,Passenger Car,No,27MAR2007,Tuesday,Motorist Overtaking Bicyclist,16,Non-Intersection,March,B: Evident Injury,16:35:00,Motorist Overtaking - Other / Unknown,2007,Yes,No,Daylight,Straight - Level,State Secondary Route,Dry,"Two-Way, Not Divided",None,No Special Feature,Smooth Asphalt,2 lanes,"36.0932310681, -80.77570327"
6632,Raleigh,Wake,Piedmont,Commercial,Urban (>70% Developed),NA,Urban,40 - 45  MPH,Stop And Go Signal,Clear,No,14,11-15,No,NA,Facing Traffic,O: No Injury,NA,Black,Male,33,30-39,No,NA,0-5 mph,O: No Injury,White,Female,Sport Utility,No,29MAR2007,Thursday,Bicyclist Failed to Yield - Signalized Intersection,19,Intersection-Related,March,O: No Injury,19:34:00,Bicyclist Ride Out - Signalized  Intersection,2007,No,No,Dusk,Straight - Level,Local Street,Dry,"Two-Way, Divided, Unprotected Median",None,No Special Feature,Coarse Asphalt,7 lanes,"35.8497970966, -78.580902595"
6640,Fayetteville,Cumberland,Coastal,Residential,Urban (>70% Developed),NA,Urban,30 - 35  MPH,Stop Sign,Clear,No,13,11-15,No,NA,Facing Traffic,B: Evident Injury,Travel Lane,White,Female,69,60-69,No,NA,NA,O: No Injury,Black,Male,Passenger Car,No,01APR2007,Sunday,Bicyclist Failed to Yield - Sign-Controlled Intersection,16,Intersection,April,B: Evident Injury,16:42:00,Bicyclist Ride Through - Sign-Controlled Intersection,2007,Yes,No,Daylight,Straight - Bottom,Local Street,Dry,"Two-Way, Not Divided",None,T-Intersection,Grooved Concrete,2 lanes,"35.0992039234, -78.8989126522"
6645,Charlotte,Mecklenburg,Piedmont,Commercial,Urban (>70% Developed),NA,Urban,30 - 35  MPH,No Control Present,Clear,No,51,50-59,No,NA,With Traffic,B: Evident Injury,Travel Lane,Black,Male,55,50-59,No,NA,16-20 mph,O: No Injury,Black,Male,Pickup,No,25JUN2007,Monday,Motorist Overtaking Bicyclist,8,Non-Intersection,June,B: Evident Injury,08:38:00,Motorist Overtaking - Misjudged Space,2007,Yes,No,Daylight,Straight - Level,Local Street,Dry,"Two-Way, Not Divided",None,No Special Feature,Smooth Asphalt,3 lanes,"35.2159568806, -80.8223032348"
6653,Winston-Salem,Forsyth,Piedmont,Residential,Urban (>70% Developed),NA,Urban,20 - 25  MPH,No Control Present,Clear,No,7,6-10,No,NA,Not Applicable,C: Possible Injury,Non-Roadway,Black,Male,30,30-39,No,NA,21-25 mph,O: No Injury,Black,Female,Passenger Car,No,04APR2007,Wednesday,Bicyclist Failed to Yield - Midblock,18,Non-Intersection,April,C: Possible Injury,18:09:00,Bicyclist Ride Out - Other Midblock,2007,Yes,No,Daylight,Straight - Level,Local Street,Dry,"Two-Way, Divided, Unprotected Median",None,No Special Feature,Smooth Asphalt,NA,"36.1229810947, -80.2226331056"
6655,Statesville,Iredell,Piedmont,Residential,Urban (>70% Developed),NA,Urban,30 - 35  MPH,No Control Present,Clear,No,65,60-69,Yes,NA,NA,C: Possible Injury,NA,Black,Male,70+,70+,No,NA,26-30 mph,O: No Injury,White,Male,Pickup,Yes,05APR2007,Thursday,Bicyclist Failed to Yield - Sign-Controlled Intersection,12,Intersection-Related,April,C: Possible Injury,12:26:00,Bicyclist Ride Out - Sign-Controlled Intersection,2007,Yes,No,Daylight,Straight - Hillcrest,Local Street,Dry,"Two-Way, Not Divided",None,No Special Feature,Smooth Asphalt,4 lanes,"35.7891970006, -80.8735032816"
6663,Durham,Durham,Piedmont,Commercial,Urban (>70% Developed),NA,Urban,30 - 35  MPH,Stop And Go Signal,Clear,No,30,30-39,No,NA,Facing Traffic,C: Possible Injury,Sidewalk / Crosswalk / Driveway Crossing,White,Male,NA,NA,No,NA,0-5 mph,Unknown Injury,Unknown/Missing,NA,Passenger Car,No,27JUN2007,Wednesday,Motorist Right Turn / Merge,10,Intersection,June,C: Possible Injury,10:50:00,Motorist Right Turn - Opposite Direction,2007,No,Yes,Daylight,Straight - Level,Local Street,Dry,"Two-Way, Not Divided",None,Four-Way Intersection,Smooth Asphalt,5 lanes,"35.9638931076, -78.9594427158"
6667,Kinston,Lenoir,Coastal,Commercial,Urban (>70% Developed),NA,Urban,40 - 45  MPH,No Control Present,Clear,No,12,11-15,No,NA,With Traffic,B: Evident Injury,Travel Lane,Black,Male,40,40-49,No,NA,26-30 mph,O: No Injury,White,Female,Passenger Car,No,02JUL2007,Monday,Bicyclist Right Turn / Merge,20,Non-Intersection,July,B: Evident Injury,20:23:00,Bicyclist Right Turn - Same Direction,2007,Yes,No,Dusk,Straight - Level,US Route,Dry,"Two-Way, Divided, Unprotected Median",None,No Special Feature,Smooth Asphalt,5 lanes,"35.2669170037, -77.630402276"
6668,Raleigh,Wake,Piedmont,Residential,Urban (>70% Developed),NA,Urban,30 - 35  MPH,Stop Sign,Clear,No,8,6-10,No,NA,With Traffic,B: Evident Injury,Travel Lane,Hispanic,Male,41,40-49,No,NA,26-30 mph,O: No Injury,Black,Female,Passenger Car,No,10APR2007,Tuesday,Bicyclist Left Turn / Merge,17,Intersection-Related,April,B: Evident Injury,17:44:00,Bicyclist Left Turn - Opposite Direction,2007,Yes,No,Daylight,Straight - Level,Local Street,Dry,"Two-Way, Not Divided",None,Four-Way Intersection,Coarse Asphalt,2 lanes,"35.846454096, -78.5714675919"
6672,Burlington,Alamance,Piedmont,Commercial,Urban (>70% Developed),NA,Urban,40 - 45  MPH,Stop Sign,Clear,No,35,30-39,No,NA,Facing Traffic,C: Possible Injury,Travel Lane,White,Female,32,30-39,No,NA,0-5 mph,O: No Injury,Black,Female,Sport Utility,No,12APR2007,Thursday,Motorist Failed to Yield - Sign-Controlled Intersection,13,Intersection,April,C: Possible Injury,13:45:00,Motorist Drive Out - Sign-Controlled Intersection,2007,Yes,No,Daylight,Straight - Grade,Local Street,Dry,"Two-Way, Not Divided",None,T-Intersection,Smooth Asphalt,5 lanes,"36.0745811139, -79.4278528637"
6674,Wilson,Wilson,Coastal,Commercial,Urban (>70% Developed),NA,Urban,40 - 45  MPH,No Control Present,Cloudy,No,20,20-24,No,NA,Not Applicable,C: Possible Injury,NA,Black,Female,60,60-69,No,NA,26-30 mph,O: No Injury,Black,Male,Passenger Car,No,11APR2007,Wednesday,Bicyclist Failed to Yield - Midblock,10,Non-Intersection,April,C: Possible Injury,10:50:00,Bicyclist Ride Out - Midblock - Unknown,2007,No,No,Daylight,Straight - Level,US Route,Wet,"Two-Way, Divided, Unprotected Median",None,No Special Feature,Coarse Asphalt,2 lanes,"35.7196920924, -77.8933623794"
6675,None - Rural Crash,Caldwell,Mountains,"Farms, Woods, Pastures",Rural (<30% Developed),NA,Rural,50 - 55  MPH,No Control Present,"Fog, Smog, Smoke",No,46,40-49,No,NA,With Traffic,K: Killed,Travel Lane,White,Male,19,0-19,No,NA,56-60 mph,O: No Injury,White,Male,Sport Utility,No,12APR2007,Thursday,Motorist Overtaking Bicyclist,5,Non-Intersection,April,K: Killed,05:30:00,Motorist Overtaking - Undetected Bicyclist,2007,Yes,No,Dark - Roadway Not Lighted,Straight - Level,US Route,Wet,"Two-Way, Divided, Unprotected Median",None,No Special Feature,Smooth Asphalt,4 lanes,"35.8105499842, -81.4316834493"