object_id,city,county,region,development,locality,on_road,rural_urban,speed_limit,traffic_control,weather,workzone,bike_age,bike_age_group,bike_alcohol,bike_alcohol_drugs,bike_direction,bike_injury,bike_position,bike_race,bike_sex,driver_age,driver_age_group,driver_alcohol,driver_alcohol_drugs,driver_est_speed,driver_injury,driver_race,driver_sex,driver_vehicle_type,crash_alcohol,crash_date,crash_day,crash_group,crash_hour,crash_location,crash_month,crash_severity,crash_time,crash_type,crash_year,ambulance_req,hit_run,light_condition,road_character,road_class,road_condition,road_configuration,road_defects,road_feature,road_surface,num_lanes,geo_point
6677,Emerald Isle,Carteret,Coastal,Residential,Urban (>70% Developed),NA,Rural,20 - 25  MPH,Stop Sign,Clear,No,11,11-15,No,NA,NA,B: Evident Injury,Travel Lane,White,Female,33,30-39,No,NA,21-25 mph,O: No Injury,White,Male,Van,No,13APR2007,Friday,Bicyclist Failed to Yield - Sign-Controlled Intersection,14,Intersection,April,B: Evident Injury,14:20:00,Bicyclist Ride Through - Sign-Controlled Intersection,2007,No,No,Daylight,Straight - Grade,Local Street,Dry,"Two-Way, Not Divided",None,T-Intersection,Coarse Asphalt,4 lanes,"34.6728088943, -76.9776480488"
6681,North Wilkesboro,Wilkes,Mountains,"Farms, Woods, Pastures",Urban (>70% Developed),NA,Rural,30 - 35  MPH,Stop And Go Signal,Clear,No,45,40-49,No,NA,With Traffic,C: Possible Injury,Travel Lane,White,Male,70+,70+,No,NA,0-5 mph,O: No Injury,White,Female,Passenger Car,No,13APR2007,Friday,Crossing Paths - Other Circumstances,1,Intersection,April,C: Possible Injury,01:26:00,Signalized Intersection - Other / Unknown,2007,Yes,No,Dark - Roadway Not Lighted,Curve - Level,NC Route,Dry,"Two-Way, Not Divided",None,Four-Way Intersection,Smooth Asphalt,4 lanes,"36.1766470715, -81.144233385"
6682,Carrboro,Orange,Piedmont,Commercial,Urban (>70% Developed),NA,Urban,20 - 25  MPH,No Control Present,Clear,No,29,25-29,No,NA,With Traffic,O: No Injury,NA,White,Male,22,20-24,No,NA,31-35 mph,O: No Injury,Black,Male,NA,No,10APR2007,Tuesday,Motorist Right Turn / Merge,15,Intersection,April,O: No Injury,15:09:00,Motorist Right Turn - Same Direction,2007,No,Yes,Daylight,Straight - Level,Local Street,Dry,"Two-Way, Not Divided",None,No Special Feature,Coarse Asphalt,4 lanes,"35.910713092, -79.0694927463"
6701,None - Rural Crash,Sampson,Coastal,"Farms, Woods, Pastures",Rural (<30% Developed),NA,Rural,50 - 55  MPH,"Double Yellow Line, No Passing Zone",Clear,No,NA,NA,Missing,NA,Facing Traffic,Unknown Injury,Travel Lane,Unknown/Missing,NA,35,30-39,No,NA,51-55 mph,O: No Injury,White,Female,Passenger Car,No,21APR2007,Saturday,Bicyclist Right Turn / Merge,17,Non-Intersection,April,O: No Injury,17:45:00,Bicyclist Right Turn - Same Direction,2007,No,No,Daylight,Straight - Level,State Secondary Route,Dry,"Two-Way, Not Divided",None,No Special Feature,Coarse Asphalt,2 lanes,"35.0302689235, -78.4831565226"
6705,Durham,Durham,Piedmont,Commercial,Urban (>70% Developed),NA,Urban,5 - 15 MPH,No Control Present,Clear,No,18,16-19,No,NA,NA,B: Evident Injury,Non-Roadway,White,Male,32,30-39,No,NA,6-10 mph,O: No Injury,White,Female,Passenger Car,No,09JUL2007,Monday,Non-Roadway,12,Non-Roadway,July,B: Evident Injury,12:09:00,Non-Roadway,2007,Yes,No,Daylight,Curve - Level,Public Vehicular Area,Dry,"Two-Way, Divided, Unprotected Median",None,"Driveway, Public",Smooth Asphalt,2 lanes,"36.0199041208, -78.9125327051"
6707,Garner,Wake,Piedmont,Institutional,Urban (>70% Developed),NA,Urban,30 - 35  MPH,No Control Present,Clear,No,9,6-10,No,NA,NA,B: Evident Injury,Driveway / Alley,White,Male,36,30-39,No,NA,26-30 mph,O: No Injury,White,Female,Passenger Car,No,23APR2007,Monday,Bicyclist Failed to Yield - Midblock,17,Non-Intersection,April,B: Evident Injury,17:35:00,Bicyclist Ride Out - Commercial Driveway / Alley,2007,Yes,No,Daylight,Straight - Level,Local Street,Dry,"Two-Way, Divided, Unprotected Median",None,T-Intersection,Smooth Asphalt,2 lanes,"35.6892240605, -78.6169625973"
6710,Hendersonville,Henderson,Mountains,Residential,Urban (>70% Developed),NA,Urban,30 - 35  MPH,No Control Present,Clear,No,24,20-24,No,NA,Not Applicable,O: No Injury,Non-Roadway,White,Male,54,50-59,No,NA,11-15 mph,O: No Injury,Black,Male,Pickup,No,24APR2007,Tuesday,Bicyclist Failed to Yield - Midblock,17,Non-Intersection,April,O: No Injury,17:03:00,Bicyclist Ride Out - Commercial Driveway / Alley,2007,No,No,Daylight,Straight - Level,Local Street,Dry,"Two-Way, Not Divided",None,No Special Feature,Coarse Asphalt,2 lanes,"35.3069768385, -82.4646937274"
6714,Charlotte,Mecklenburg,Piedmont,Residential,Urban (>70% Developed),NA,Urban,40 - 45  MPH,No Control Present,Clear,No,70+,70+,No,NA,With Traffic,C: Possible Injury,Travel Lane,White,Male,21,20-24,No,NA,36-40 mph,O: No Injury,Hispanic,Female,Passenger Car,No,07JUL2007,Saturday,Bicyclist Left Turn / Merge,21,Non-Intersection,July,C: Possible Injury,21:30:00,Bicyclist Left Turn - Same Direction,2007,No,No,Daylight,Straight - Hillcrest,Local Street,Dry,"Two-Way, Not Divided",None,No Special Feature,Smooth Asphalt,2 lanes,"35.3094508963, -80.9392532746"
6715,None - Rural Crash,Granville,Piedmont,"Farms, Woods, Pastures",Rural (<30% Developed),NA,Rural,40 - 45  MPH,No Control Present,Clear,No,11,11-15,No,NA,Not Applicable,C: Possible Injury,Driveway / Alley,White,Male,NA,NA,Missing,NA,NA,Unknown Injury,Unknown/Missing,NA,NA,No,25APR2007,Wednesday,Bicyclist Failed to Yield - Midblock,20,Non-Intersection,April,C: Possible Injury,20:10:00,Bicyclist Ride Out - Residential Driveway,2007,Yes,Yes,Dusk,Straight - Level,State Secondary Route,Dry,"Two-Way, Not Divided",None,"Driveway, Private",Smooth Asphalt,2 lanes,"36.2069171693, -78.6854726455"
6717,Morganton,Burke,Mountains,Commercial,Mixed (30% To 70% Developed),NA,Urban,5 - 15 MPH,No Control Present,Clear,No,10,6-10,No,NA,NA,C: Possible Injury,Non-Roadway,White,Male,67,60-69,No,NA,6-10 mph,O: No Injury,White,Female,Passenger Car,No,25APR2007,Wednesday,Non-Roadway,16,Non-Roadway,April,C: Possible Injury,16:57:00,Non-Roadway,2007,Yes,No,Daylight,Curve - Level,Public Vehicular Area,Dry,"Two-Way, Not Divided",None,No Special Feature,Smooth Asphalt,2 lanes,"35.7339619576, -81.6954075243"
6718,Charlotte,Mecklenburg,Piedmont,Commercial,Urban (>70% Developed),NA,Urban,40 - 45  MPH,No Control Present,Clear,No,18,16-19,No,NA,Facing Traffic,C: Possible Injury,Travel Lane,Black,Female,46,40-49,No,NA,0-5 mph,O: No Injury,White,Male,Van,No,25APR2007,Wednesday,Motorist Failed to Yield - Midblock,15,Non-Intersection,April,C: Possible Injury,15:39:00,Motorist Drive Out - Commercial Driveway / Alley,2007,Yes,No,Daylight,Straight - Level,Local Street,Dry,"Two-Way, Divided, Unprotected Median",None,No Special Feature,Smooth Asphalt,4 lanes,"35.1306468582, -80.9451832676"
6722,Charlotte,Mecklenburg,Piedmont,Residential,Urban (>70% Developed),NA,Urban,30 - 35  MPH,No Control Present,Clear,No,7,6-10,No,NA,Facing Traffic,C: Possible Injury,Travel Lane,Black,Female,41,40-49,No,NA,16-20 mph,O: No Injury,White,Male,Pickup,No,26APR2007,Thursday,Head-On,17,Non-Intersection,April,C: Possible Injury,17:45:00,Head-On - Bicyclist,2007,No,No,Daylight,Curve - Level,Local Street,Dry,"Two-Way, Not Divided",None,No Special Feature,Smooth Asphalt,2 lanes,"35.2230168862, -80.7095672022"
6725,Charlotte,Mecklenburg,Piedmont,Residential,Urban (>70% Developed),NA,Urban,20 - 25  MPH,Stop Sign,Clear,No,26,25-29,No,NA,With Traffic,C: Possible Injury,Travel Lane,White,Male,57,50-59,No,NA,11-15 mph,O: No Injury,Black,Male,Passenger Car,No,26JUL2007,Thursday,Motorist Left Turn / Merge,21,Intersection,July,C: Possible Injury,21:03:00,Motorist Left Turn - Opposite Direction,2007,Yes,No,Dark - Lighted Roadway,Curve - Level,Local Street,Dry,"Two-Way, Not Divided",None,T-Intersection,Smooth Asphalt,2 lanes,"35.215632881, -80.8149532325"
6736,Raleigh,Wake,Piedmont,Residential,Urban (>70% Developed),NA,Urban,40 - 45  MPH,Stop Sign,Clear,No,70+,70+,No,NA,Facing Traffic,C: Possible Injury,Sidewalk / Crosswalk / Driveway Crossing,White,Male,43,40-49,No,NA,NA,O: No Injury,Other,Male,Sport Utility,No,30APR2007,Monday,Motorist Failed to Yield - Sign-Controlled Intersection,9,Intersection,April,C: Possible Injury,09:21:00,Motorist Drive Out - Sign-Controlled Intersection,2007,Yes,No,Daylight,Straight - Level,Local Street,Dry,"Two-Way, Not Divided",None,T-Intersection,Smooth Asphalt,5 lanes,"35.8943401039, -78.6354226141"
6742,Charlotte,Mecklenburg,Piedmont,Commercial,Urban (>70% Developed),NA,Urban,40 - 45  MPH,Stop Sign,Clear,No,47,40-49,No,NA,Facing Traffic,O: No Injury,Sidewalk / Crosswalk / Driveway Crossing,White,Male,66,60-69,No,NA,0-5 mph,O: No Injury,White,Female,Passenger Car,No,27APR2007,Friday,Motorist Failed to Yield - Midblock,15,Non-Intersection,April,O: No Injury,15:02:00,Motorist Drive Out - Commercial Driveway / Alley,2007,No,No,Daylight,Straight - Level,Local Street,Dry,"Two-Way, Divided, Unprotected Median",None,No Special Feature,Smooth Asphalt,8 lanes,"35.1651368675, -80.88187725"
6743,None - Rural Crash,Brunswick,Coastal,Residential,Mixed (30% To 70% Developed),NA,Rural,40 - 45  MPH,No Control Present,Cloudy,No,15,11-15,No,NA,With Traffic,B: Evident Injury,Travel Lane,Black,Male,51,50-59,No,NA,41-45 mph,O: No Injury,White,Female,Passenger Car,No,05MAY2007,Saturday,Motorist Overtaking Bicyclist,22,Non-Intersection,May,B: Evident Injury,22:30:00,Motorist Overtaking - Undetected Bicyclist,2007,Yes,No,Dark - Roadway Not Lighted,Straight - Level,State Secondary Route,Wet,"Two-Way, Not Divided",None,No Special Feature,Coarse Asphalt,2 lanes,"34.3122087789, -78.0883583689"
6747,Raleigh,Wake,Piedmont,Commercial,Urban (>70% Developed),NA,Urban,40 - 45  MPH,No Control Present,Clear,No,20,20-24,No,NA,With Traffic,C: Possible Injury,Travel Lane,White,Male,NA,NA,Missing,NA,21-25 mph,Unknown Injury,Unknown/Missing,NA,NA,No,04MAY2007,Friday,Other / Unusual Circumstances,5,Non-Intersection,May,C: Possible Injury,05:17:00,Motorist Intentionally Caused,2007,No,Yes,Dawn,Straight - Level,Local Street,Dry,"Two-Way, Divided, Unprotected Median",None,No Special Feature,Smooth Asphalt,4 lanes,"35.8998291037, -78.6807326279"
6749,Durham,Durham,Piedmont,Residential,Urban (>70% Developed),NA,Urban,30 - 35  MPH,Stop Sign,Clear,No,20,20-24,No,NA,With Traffic,B: Evident Injury,Travel Lane,Asian,Male,26,25-29,No,NA,0-5 mph,O: No Injury,Asian,Female,Passenger Car,No,01AUG2007,Wednesday,Motorist Failed to Yield - Sign-Controlled Intersection,10,Intersection,August,B: Evident Injury,10:49:00,Motorist Drive Out - Sign-Controlled Intersection,2007,Yes,No,Daylight,Straight - Grade,Local Street,Dry,"Two-Way, Divided, Unprotected Median",None,T-Intersection,Coarse Asphalt,2 lanes,"36.0095741174, -78.948632715"
6751,Charlotte,Mecklenburg,Piedmont,Residential,Urban (>70% Developed),NA,Urban,20 - 25  MPH,Stop Sign,Clear,No,8,6-10,No,NA,With Traffic,B: Evident Injury,Travel Lane,Black,Female,67,60-69,No,NA,16-20 mph,O: No Injury,Black,Male,Passenger Car,No,06AUG2007,Monday,Bicyclist Failed to Yield - Sign-Controlled Intersection,20,Intersection,August,B: Evident Injury,20:58:00,Bicyclist Ride Through - Sign-Controlled Intersection,2007,Yes,No,Dark - Lighted Roadway,Straight - Bottom,Local Street,Dry,"Two-Way, Not Divided",None,No Special Feature,Smooth Asphalt,2 lanes,"35.2430028844, -80.8763532526"
6760,None - Rural Crash,Moore,Piedmont,Residential,Mixed (30% To 70% Developed),NA,Rural,50 - 55  MPH,"Double Yellow Line, No Passing Zone",Clear,No,8,6-10,No,NA,With Traffic,B: Evident Injury,Bike Lane / Paved Shoulder,White,Male,29,25-29,No,NA,46-50 mph,O: No Injury,White,Male,Passenger Car,No,10MAY2007,Thursday,Motorist Overtaking Bicyclist,20,Intersection,May,B: Evident Injury,20:34:00,Motorist Overtaking - Bicyclist Swerved,2007,Yes,No,Dusk,Straight - Level,State Secondary Route,Dry,"Two-Way, Not Divided",None,"Driveway, Private",Smooth Asphalt,2 lanes,"35.2920639504, -79.3359027932"
6765,Monroe,Union,Piedmont,Commercial,Mixed (30% To 70% Developed),NA,Urban,40 - 45  MPH,No Control Present,Clear,No,24,20-24,No,NA,With Traffic,B: Evident Injury,Travel Lane,Hispanic,Male,43,40-49,No,NA,16-20 mph,O: No Injury,White,Female,Passenger Car,No,09AUG2007,Thursday,Motorist Left Turn / Merge,23,Intersection,August,B: Evident Injury,23:34:00,Motorist Left Turn - Opposite Direction,2007,Yes,No,Dark - Lighted Roadway,Straight - Level,Local Street,Dry,"Two-Way, Not Divided",None,T-Intersection,Smooth Asphalt,2 lanes,"35.003519844, -80.5729331497"
6766,None - Rural Crash,Pender,Coastal,Residential,Mixed (30% To 70% Developed),NA,Rural,40 - 45  MPH,No Control Present,Clear,No,13,11-15,No,NA,With Traffic,C: Possible Injury,Travel Lane,White,Male,20,20-24,No,NA,41-45 mph,O: No Injury,White,Male,Passenger Car,No,11MAY2007,Friday,Bicyclist Left Turn / Merge,16,Intersection,May,C: Possible Injury,16:25:00,Bicyclist Left Turn - Opposite Direction,2007,Yes,No,Daylight,Straight - Level,State Secondary Route,Dry,"Two-Way, Not Divided",None,Four-Way Intersection,Smooth Asphalt,2 lanes,"34.3960598117, -77.6546022419"
6769,High Point,Guilford,Piedmont,Commercial,Urban (>70% Developed),NA,Urban,30 - 35  MPH,No Control Present,Clear,No,21,20-24,No,NA,Facing Traffic,A: Disabling Injury,Sidewalk / Crosswalk / Driveway Crossing,White,Male,22,20-24,No,NA,6-10 mph,O: No Injury,White,Female,Sport Utility,No,11MAY2007,Friday,Crossing Paths - Other Circumstances,22,Intersection,May,A: Disabling Injury,22:20:00,Crossing Paths - Intersection - Other / Unknown,2007,Yes,No,Dark - Lighted Roadway,Straight - Level,Local Street,Dry,"Two-Way, Not Divided",None,On or Off Ramp,Smooth Asphalt,4 lanes,"35.9357790637, -79.9921980262"
6770,Kinston,Lenoir,Coastal,Commercial,Urban (>70% Developed),NA,Urban,30 - 35  MPH,No Control Present,Clear,No,42,40-49,No,NA,With Traffic,C: Possible Injury,Travel Lane,Black,Male,42,40-49,No,NA,11-15 mph,O: No Injury,Black,Male,Passenger Car,No,12MAY2007,Saturday,Motorist Overtaking Bicyclist,2,Non-Intersection,May,C: Possible Injury,02:51:00,Motorist Overtaking - Undetected Bicyclist,2007,Yes,No,Dark - Lighted Roadway,Straight - Level,Local Street,Dry,"Two-Way, Not Divided",None,No Special Feature,Smooth Asphalt,2 lanes,"35.2621370046, -77.5759422592"
6771,Raleigh,Wake,Piedmont,Commercial,Urban (>70% Developed),NA,Urban,40 - 45  MPH,No Control Present,Clear,No,44,40-49,No,NA,With Traffic,B: Evident Injury,Travel Lane,Black,Male,NA,NA,Missing,NA,16-20 mph,Unknown Injury,Unknown/Missing,NA,NA,No,12MAY2007,Saturday,Motorist Overtaking Bicyclist,5,Non-Intersection,May,B: Evident Injury,05:00:00,Motorist Overtaking - Other / Unknown,2007,Yes,Yes,Dark - Lighted Roadway,Straight - Level,Local Street,Dry,"Two-Way, Divided, Positive Median Barrier",None,No Special Feature,Smooth Asphalt,4 lanes,"35.7470930726, -78.6446486085"
6774,Raleigh,Wake,Piedmont,Commercial,Urban (>70% Developed),NA,Urban,40 - 45  MPH,No Control Present,Clear,No,42,40-49,No,NA,Facing Traffic,C: Possible Injury,Travel Lane,Hispanic,Male,26,25-29,No,NA,0-5 mph,O: No Injury,White,Male,Sport Utility,No,13MAY2007,Sunday,Motorist Failed to Yield - Midblock,20,Non-Intersection,May,C: Possible Injury,20:26:00,Motorist Drive Out - Commercial Driveway / Alley,2007,Yes,No,Dark - Lighted Roadway,Straight - Level,Public Vehicular Area,Dry,"One-Way, Not Divided",None,"Driveway, Public",Smooth Asphalt,3 lanes,"35.749617073, -78.6491266108"
6779,None - Rural Crash,Craven,Coastal,"Farms, Woods, Pastures",Rural (<30% Developed),NA,Rural,50 - 55  MPH,No Control Present,Clear,No,47,40-49,No,NA,Facing Traffic,B: Evident Injury,Bike Lane / Paved Shoulder,White,Male,NA,NA,Missing,NA,NA,Unknown Injury,Unknown/Missing,NA,NA,No,16MAY2007,Wednesday,Head-On,21,Non-Intersection,May,B: Evident Injury,21:00:00,Head-On - Bicyclist,2007,No,Yes,Dark - Roadway Not Lighted,Straight - Level,US Route,Dry,"Two-Way, Not Divided",None,No Special Feature,Smooth Asphalt,2 lanes,"35.1458269973, -77.0316320878"
6780,None - Rural Crash,Henderson,Mountains,Residential,Mixed (30% To 70% Developed),NA,Rural,NA,No Control Present,Clear,No,5,0-5,No,NA,NA,C: Possible Injury,Travel Lane,Hispanic,Male,48,40-49,No,NA,0-5 mph,O: No Injury,Hispanic,Female,Passenger Car,No,16MAY2007,Wednesday,Non-Roadway,18,Non-Roadway,May,C: Possible Injury,18:30:00,Non-Roadway,2007,Yes,No,Daylight,Straight - Level,Public Vehicular Area,Dry,"Two-Way, Not Divided",None,"Driveway, Public",Coarse Asphalt,2 lanes,"35.2911068374, -82.4127137111"
6783,Waynesville,Haywood,Mountains,Commercial,Urban (>70% Developed),NA,Urban,NA,Stop And Go Signal,Cloudy,No,17,16-19,No,NA,Facing Traffic,B: Evident Injury,Sidewalk / Crosswalk / Driveway Crossing,White,Male,70+,70+,No,NA,NA,O: No Injury,Unknown/Missing,Male,Passenger Car,No,16MAY2007,Wednesday,Motorist Failed to Yield - Signalized Intersection,13,Intersection,May,B: Evident Injury,13:15:00,Motorist Drive Out - Right Turn on Red,2007,No,No,Daylight,Straight - Level,Local Street,Dry,"Two-Way, Not Divided",None,T-Intersection,Smooth Asphalt,2 lanes,"35.500082859, -82.9870738917"
6784,Charlotte,Mecklenburg,Piedmont,Commercial,Urban (>70% Developed),NA,Urban,30 - 35  MPH,Stop And Go Signal,Clear,No,47,40-49,Yes,NA,Facing Traffic,B: Evident Injury,NA,White,Male,32,30-39,No,NA,31-35 mph,O: No Injury,Black,Male,Passenger Car,Yes,16MAY2007,Wednesday,Crossing Paths - Other Circumstances,22,Intersection,May,B: Evident Injury,22:51:00,Signalized Intersection - Other / Unknown,2007,Yes,No,Dark - Lighted Roadway,Straight - Level,Local Street,Dry,"Two-Way, Divided, Unprotected Median",None,No Special Feature,Smooth Asphalt,4 lanes,"35.1974268747, -80.8817232513"
6791,Kill Devil Hills,Dare,Coastal,Commercial,Urban (>70% Developed),NA,Urban,20 - 25  MPH,Stop Sign,Clear,No,13,11-15,No,NA,Facing Traffic,C: Possible Injury,Travel Lane,White,Female,24,20-24,No,NA,0-5 mph,O: No Injury,White,Male,Pickup,No,19MAY2007,Saturday,Motorist Failed to Yield - Sign-Controlled Intersection,16,Intersection,May,C: Possible Injury,16:12:00,Motorist Drive Out - Sign-Controlled Intersection,2007,Yes,No,Daylight,Straight - Level,Local Street,Dry,"Two-Way, Divided, Unprotected Median",None,T-Intersection,Coarse Asphalt,2 lanes,"36.0102872303, -75.6588077097"
6792,High Point,Guilford,Piedmont,Residential,Urban (>70% Developed),NA,Urban,20 - 25  MPH,No Control Present,Clear,No,18,16-19,No,NA,Not Applicable,C: Possible Injury,Non-Roadway,Black,Female,16,0-19,No,NA,11-15 mph,O: No Injury,Black,Female,Passenger Car,No,19MAY2007,Saturday,Bicyclist Failed to Yield - Midblock,19,Non-Intersection,May,C: Possible Injury,19:36:00,Bicyclist Ride Out - Other Midblock,2007,Yes,No,Daylight,Straight - Level,Local Street,Dry,"Two-Way, Not Divided",None,No Special Feature,Smooth Asphalt,2 lanes,"35.9443570655, -79.9921130269"
6802,None - Rural Crash,Johnston,Coastal,Residential,Rural (<30% Developed),NA,Rural,5 - 15 MPH,No Control Present,Clear,No,7,6-10,No,NA,NA,C: Possible Injury,Travel Lane,Black,Female,22,20-24,No,NA,0-5 mph,O: No Injury,White,Female,Passenger Car,No,22MAY2007,Tuesday,Motorist Failed to Yield - Midblock,16,Non-Intersection,May,C: Possible Injury,16:45:00,Motorist Drive Out - Residential Driveway,2007,No,No,Daylight,Straight - Level,Local Street,Dry,"Two-Way, Not Divided",None,"Driveway, Public",Grooved Concrete,2 lanes,"35.2668909758, -78.4527125259"
6809,Cary,Wake,Piedmont,Commercial,Urban (>70% Developed),NA,Urban,5 - 15 MPH,No Control Present,Clear,No,25,25-29,No,NA,Facing Traffic,O: No Injury,Travel Lane,Black,Male,49,40-49,No,NA,6-10 mph,O: No Injury,White,Female,"Light Truck (Mini-Van, Panel)",No,22AUG2007,Wednesday,Crossing Paths - Other Circumstances,16,Intersection,August,O: No Injury,16:50:00,Crossing Paths - Intersection - Other / Unknown,2007,Yes,No,Daylight,Straight - Level,Local Street,Dry,"Two-Way, Not Divided",None,T-Intersection,Smooth Asphalt,2 lanes,"35.7866010762, -78.7812676519"
6816,None - Rural Crash,Clay,Mountains,Residential,Mixed (30% To 70% Developed),NA,Rural,20 - 25  MPH,"Double Yellow Line, No Passing Zone",Clear,No,7,6-10,No,NA,With Traffic,B: Evident Injury,Bike Lane / Paved Shoulder,White,Male,24,20-24,No,NA,21-25 mph,O: No Injury,White,Female,Sport Utility,No,25MAY2007,Friday,Bicyclist Left Turn / Merge,19,Non-Intersection,May,B: Evident Injury,19:32:00,Bicyclist Left Turn - Same Direction,2007,Yes,No,Daylight,Curve - Grade,State Secondary Route,Dry,"Two-Way, Not Divided",None,"Driveway, Private",Smooth Asphalt,2 lanes,"35.0388287328, -83.7551080903"
6817,Charlotte,Mecklenburg,Piedmont,Commercial,Urban (>70% Developed),NA,Urban,5 - 15 MPH,No Control Present,Rain,No,12,11-15,No,NA,Facing Traffic,O: No Injury,Travel Lane,Other,Male,39,30-39,No,NA,NA,O: No Injury,Black,Male,Passenger Car,No,26AUG2007,Sunday,Motorist Failed to Yield - Midblock,18,Non-Intersection,August,O: No Injury,18:38:00,Motorist Drive Out - Commercial Driveway / Alley,2007,No,No,Dawn,Straight - Level,Local Street,Wet,"Two-Way, Divided, Positive Median Barrier",None,No Special Feature,Coarse Asphalt,2 lanes,"35.2047068815, -80.720063204"
6821,Sanford,Lee,Piedmont,Residential,Rural (<30% Developed),NA,Urban,40 - 45  MPH,Stop Sign,Clear,No,18,16-19,No,NA,With Traffic,A: Disabling Injury,NA,Black,Male,54,50-59,No,NA,41-45 mph,O: No Injury,White,Male,Passenger Car,No,26MAY2007,Saturday,Bicyclist Left Turn / Merge,15,Intersection,May,A: Disabling Injury,15:37:00,Bicyclist Left Turn - Same Direction,2007,Yes,No,Daylight,Straight - Grade,Local Street,Dry,"Two-Way, Not Divided",None,T-Intersection,Coarse Asphalt,2 lanes,"35.4796519956, -79.2036727639"
6830,Charlotte,Mecklenburg,Piedmont,Residential,Urban (>70% Developed),NA,Urban,20 - 25  MPH,No Control Present,Clear,No,16,16-19,No,NA,With Traffic,O: No Injury,Travel Lane,White,Male,65,60-69,No,NA,6-10 mph,O: No Injury,White,Male,Passenger Car,No,28MAY2007,Monday,Head-On,21,Intersection,May,O: No Injury,21:09:00,Head-On - Motorist,2007,Yes,No,Dark - Roadway Not Lighted,Straight - Level,Public Vehicular Area,Dry,"Two-Way, Not Divided",None,No Special Feature,Smooth Asphalt,2 lanes,"35.1924128745, -80.8448432408"
6835,Wilmington,New Hanover,Coastal,Residential,Urban (>70% Developed),NA,Urban,NA,Stop Sign,Clear,No,17,16-19,No,NA,With Traffic,C: Possible Injury,Travel Lane,Black,Male,23,20-24,No,NA,NA,C: Possible Injury,White,Female,Passenger Car,No,30MAY2007,Wednesday,Backing Vehicle,14,Non-Intersection,May,C: Possible Injury,14:49:00,Backing Vehicle,2007,Yes,Yes,Daylight,Straight - Level,Local Street,Dry,"Two-Way, Not Divided",None,No Special Feature,Smooth Asphalt,2 lanes,"34.2388407671, -77.9357323194"
6837,Smithfield,Johnston,Coastal,Commercial,Urban (>70% Developed),NA,Urban,20 - 25  MPH,Stop And Go Signal,Clear,No,33,30-39,No,NA,NA,B: Evident Injury,NA,White,Male,56,50-59,No,NA,0-5 mph,O: No Injury,White,Male,Pickup,No,29MAY2007,Tuesday,Other / Unknown - Insufficient Details,17,Unknown Location,May,B: Evident Injury,17:01:00,Unknown Location,2007,Yes,Yes,Daylight,Straight - Level,US Route,Dry,"Two-Way, Not Divided",None,No Special Feature,Coarse Asphalt,4 lanes,"35.5119070321, -78.3478025062"
6850,None - Rural Crash,Guilford,Piedmont,Residential,Mixed (30% To 70% Developed),NA,Rural,30 - 35  MPH,Stop Sign,Clear,No,44,40-49,No,NA,With Traffic,B: Evident Injury,Travel Lane,White,Male,50,50-59,No,NA,11-15 mph,O: No Injury,White,Male,Passenger Car,No,04JUN2007,Monday,Motorist Failed to Yield - Sign-Controlled Intersection,6,Intersection,June,B: Evident Injury,06:20:00,Motorist Drive Out - Sign-Controlled Intersection,2007,Yes,No,Daylight,Straight - Level,State Secondary Route,Dry,"Two-Way, Not Divided",None,T-Intersection,Smooth Asphalt,2 lanes,"36.1514371121, -79.9320480196"
6857,Wilmington,New Hanover,Coastal,Commercial,Urban (>70% Developed),NA,Urban,30 - 35  MPH,Stop And Go Signal,Clear,No,45,40-49,No,NA,With Traffic,C: Possible Injury,Travel Lane,White,Male,35,30-39,No,NA,31-35 mph,O: No Injury,Black,Male,Sport Utility,No,06JUN2007,Wednesday,Motorist Left Turn / Merge,17,Intersection,June,C: Possible Injury,17:31:00,Motorist Left Turn - Opposite Direction,2007,Yes,No,Daylight,Straight - Level,Local Street,Dry,"Two-Way, Divided, Unprotected Median",None,Four-Way Intersection,Smooth Asphalt,6 lanes,"34.2022317593, -77.9231423133"
6861,Asheville,Buncombe,Mountains,Commercial,Urban (>70% Developed),NA,Urban,30 - 35  MPH,Stop And Go Signal,Clear,No,32,30-39,Yes,NA,With Traffic,B: Evident Injury,Travel Lane,White,Female,26,25-29,No,NA,16-20 mph,O: No Injury,White,Male,Passenger Car,Yes,07JUN2007,Thursday,Motorist Left Turn / Merge,1,Intersection,June,B: Evident Injury,01:55:00,Motorist Left Turn - Opposite Direction,2007,Yes,No,Dark - Lighted Roadway,Curve - Grade,Interstate,Dry,"Two-Way, Not Divided",None,On or Off Ramp,Smooth Asphalt,3 lanes,"35.5989568963, -82.5535087697"
6864,Charlotte,Mecklenburg,Piedmont,Residential,Urban (>70% Developed),NA,Urban,30 - 35  MPH,Stop Sign,Cloudy,No,44,40-49,No,NA,With Traffic,O: No Injury,Travel Lane,White,Male,32,30-39,No,NA,0-5 mph,O: No Injury,Hispanic,Female,Passenger Car,No,13SEP2007,Thursday,Motorist Failed to Yield - Sign-Controlled Intersection,18,Intersection,September,O: No Injury,18:07:00,Motorist Drive Out - Sign-Controlled Intersection,2007,No,No,Daylight,Straight - Level,Local Street,Dry,"Two-Way, Not Divided",None,No Special Feature,Smooth Asphalt,4 lanes,"35.196421876, -80.8386432394"