object_id,city,county,region,development,locality,on_road,rural_urban,speed_limit,traffic_control,weather,workzone,bike_age,bike_age_group,bike_alcohol,bike_alcohol_drugs,bike_direction,bike_injury,bike_position,bike_race,bike_sex,driver_age,driver_age_group,driver_alcohol,driver_alcohol_drugs,driver_est_speed,driver_injury,driver_race,driver_sex,driver_vehicle_type,crash_alcohol,crash_date,crash_day,crash_group,crash_hour,crash_location,crash_month,crash_severity,crash_time,crash_type,crash_year,ambulance_req,hit_run,light_condition,road_character,road_class,road_condition,road_configuration,road_defects,road_feature,road_surface,num_lanes,geo_point
6876,Jacksonville,Onslow,Coastal,Commercial,Urban (>70% Developed),NA,Urban,40 - 45  MPH,Stop Sign,Clear,No,18,16-19,No,NA,Facing Traffic,C: Possible Injury,Travel Lane,White,Male,23,20-24,No,NA,0-5 mph,O: No Injury,White,Male,Passenger Car,No,11JUN2007,Monday,Motorist Failed to Yield - Midblock,16,Non-Intersection,June,C: Possible Injury,16:41:00,Motorist Drive Out - Commercial Driveway / Alley,2007,Yes,No,Daylight,Straight - Level,Local Street,Dry,"Two-Way, Not Divided",None,No Special Feature,Smooth Asphalt,4 lanes,"34.7854529049, -77.4251121909"
6877,Southern Pines,Moore,Piedmont,Commercial,Urban (>70% Developed),NA,Urban,30 - 35  MPH,Stop Sign,Clear,No,55,50-59,No,NA,With Traffic,C: Possible Injury,Travel Lane,Black,Male,43,40-49,No,NA,0-5 mph,O: No Injury,White,Female,Pickup,No,09JUN2007,Saturday,Motorist Failed to Yield - Sign-Controlled Intersection,10,Intersection,June,C: Possible Injury,10:20:00,Motorist Drive Out - Sign-Controlled Intersection,2007,Yes,No,Daylight,Straight - Level,Local Street,Dry,"Two-Way, Not Divided",None,Four-Way Intersection,Coarse Asphalt,2 lanes,"35.1705509221, -79.3969828057"
6882,None - Rural Crash,Rockingham,Piedmont,"Farms, Woods, Pastures",Rural (<30% Developed),NA,Rural,50 - 55  MPH,No Control Present,Clear,No,32,30-39,No,NA,With Traffic,C: Possible Injury,Bike Lane / Paved Shoulder,White,Male,NA,NA,Missing,NA,NA,Unknown Injury,Unknown/Missing,NA,NA,No,12JUN2007,Tuesday,Motorist Overtaking Bicyclist,21,Non-Intersection,June,C: Possible Injury,21:00:00,Motorist Overtaking - Misjudged Space,2007,No,Yes,Dark - Roadway Not Lighted,Straight - Grade,NC Route,Dry,"Two-Way, Not Divided",None,No Special Feature,Smooth Asphalt,5 lanes,"36.4170871765, -79.6869429607"
6883,Durham,Durham,Piedmont,Residential,Urban (>70% Developed),NA,Urban,30 - 35  MPH,Stop Sign,Clear,No,29,25-29,No,NA,With Traffic,C: Possible Injury,Travel Lane,White,Female,23,20-24,No,NA,26-30 mph,O: No Injury,Hispanic,Female,Passenger Car,No,17SEP2007,Monday,Motorist Left Turn / Merge,19,Intersection,September,C: Possible Injury,19:15:00,Motorist Left Turn - Opposite Direction,2007,No,No,Dusk,Straight - Grade,Local Street,Dry,"Two-Way, Not Divided",None,Four-Way Intersection,Smooth Asphalt,2 lanes,"35.996631116, -78.9211987061"
6888,None - Rural Crash,Buncombe,Mountains,Commercial,Mixed (30% To 70% Developed),NA,Rural,40 - 45  MPH,No Control Present,Cloudy,No,48,40-49,Yes,NA,With Traffic,A: Disabling Injury,Travel Lane,White,Male,37,30-39,No,NA,41-45 mph,O: No Injury,Black,Female,Passenger Car,Yes,14JUN2007,Thursday,Motorist Overtaking Bicyclist,21,Non-Intersection,June,A: Disabling Injury,21:45:00,Motorist Overtaking - Undetected Bicyclist,2007,Yes,No,Dark - Roadway Not Lighted,Straight - Level,NC Route,Wet,"Two-Way, Not Divided",None,No Special Feature,Coarse Asphalt,5 lanes,"35.454771867, -82.5219637523"
6907,Fayetteville,Cumberland,Coastal,Residential,Urban (>70% Developed),NA,Urban,NA,Stop Sign,Clear,No,27,25-29,No,NA,Facing Traffic,C: Possible Injury,Sidewalk / Crosswalk / Driveway Crossing,White,Female,59,50-59,No,NA,NA,O: No Injury,Black,Male,Passenger Car,No,25SEP2007,Tuesday,Motorist Failed to Yield - Sign-Controlled Intersection,14,Intersection,September,C: Possible Injury,14:08:00,Motorist Drive Out - Sign-Controlled Intersection,2007,No,No,Daylight,Straight - Level,Local Street,Dry,"Two-Way, Not Divided",None,T-Intersection,Coarse Asphalt,2 lanes,"35.0722169181, -78.8836026465"
6922,None - Rural Crash,Dare,Coastal,Commercial,Urban (>70% Developed),NA,Rural,30 - 35  MPH,"Double Yellow Line, No Passing Zone",Clear,No,53,50-59,No,NA,Facing Traffic,A: Disabling Injury,Bike Lane / Paved Shoulder,White,Female,23,20-24,No,NA,26-30 mph,O: No Injury,Hispanic,Female,"Light Truck (Mini-Van, Panel)",No,25JUN2007,Monday,Motorist Left Turn / Merge,16,Intersection,June,A: Disabling Injury,16:50:00,Motorist Left Turn - Same Direction,2007,Yes,No,Daylight,Straight - Level,NC Route,Dry,"Two-Way, Not Divided",None,T-Intersection,Smooth Asphalt,2 lanes,"35.3517720913, -75.5032976297"
6924,Morehead City,Carteret,Coastal,Commercial,Urban (>70% Developed),NA,Urban,40 - 45  MPH,No Control Present,Clear,No,60,60-69,No,NA,With Traffic,A: Disabling Injury,Travel Lane,White,Male,70+,70+,No,NA,0-5 mph,O: No Injury,White,Female,Passenger Car,No,25JUN2007,Monday,Motorist Failed to Yield - Midblock,10,Non-Intersection,June,A: Disabling Injury,10:55:00,Motorist Drive Out - Commercial Driveway / Alley,2007,Yes,No,Daylight,Straight - Level,US Route,Dry,"Two-Way, Divided, Unprotected Median",None,No Special Feature,Smooth Asphalt,4 lanes,"34.7365029144, -76.8000819976"
6928,None - Rural Crash,Onslow,Coastal,"Farms, Woods, Pastures",Rural (<30% Developed),NA,Rural,50 - 55  MPH,No Control Present,Clear,No,16,16-19,No,NA,With Traffic,B: Evident Injury,Travel Lane,White,Male,23,20-24,No,NA,41-45 mph,O: No Injury,White,Male,Pickup,No,26JUN2007,Tuesday,Bicyclist Left Turn / Merge,17,Non-Intersection,June,B: Evident Injury,17:15:00,Bicyclist Left Turn - Opposite Direction,2007,Yes,No,Daylight,Straight - Level,NC Route,Dry,"Two-Way, Not Divided",None,No Special Feature,Smooth Asphalt,2 lanes,"34.6984318919, -77.2343921279"
6932,Fayetteville,Cumberland,Coastal,Commercial,Urban (>70% Developed),NA,Urban,20 - 25  MPH,Stop And Go Signal,Clear,No,NA,NA,Missing,NA,NA,Unknown Injury,NA,Unknown/Missing,NA,36,30-39,No,NA,0-5 mph,O: No Injury,White,Female,Sport Utility,No,23JUN2007,Saturday,Bicyclist Failed to Yield - Midblock,19,Non-Intersection,June,O: No Injury,19:11:00,Bicyclist Ride Out - Midblock - Unknown,2007,No,No,Daylight,Straight - Level,Local Street,Dry,"Two-Way, Not Divided",None,No Special Feature,Smooth Asphalt,3 lanes,"35.0448139104, -78.9571226663"
5331,Raleigh,Wake,Piedmont,Commercial,Urban (>70% Developed),NA,Urban,40 - 45  MPH,Stop And Go Signal,Clear,No,25,25-29,No,NA,With Traffic,B: Evident Injury,Travel Lane,White,Male,34,30-39,No,NA,16-20 mph,O: No Injury,Black,Male,Passenger Car,No,16OCT2009,Friday,Motorist Right Turn / Merge,11,Intersection,October,B: Evident Injury,11:58:00,Motorist Right Turn on Red - Opposite Direction,2009,Yes,No,Daylight,Straight - Level,Local Street,Dry,"Two-Way, Not Divided",None,Four-Way Intersection,Coarse Asphalt,6 lanes,"35.7849570786, -78.6869026239"
5340,Raleigh,Wake,Piedmont,Commercial,Urban (>70% Developed),NA,Urban,20 - 25  MPH,No Control Present,Clear,No,33,30-39,No,NA,Not Applicable,B: Evident Injury,NA,Black,Male,62,60-69,No,NA,0-5 mph,O: No Injury,Black,Male,Commercial Bus,No,30OCT2009,Friday,Crossing Paths - Other Circumstances,19,Intersection-Related,October,B: Evident Injury,19:43:00,Crossing Paths - Uncontrolled Intersection,2009,Yes,No,Dark - Lighted Roadway,Straight - Level,Local Street,Dry,"Two-Way, Not Divided",None,No Special Feature,Smooth Asphalt,2 lanes,"35.7860370802, -78.6627526163"
5341,Raleigh,Wake,Piedmont,Commercial,Urban (>70% Developed),NA,Urban,40 - 45  MPH,Stop And Go Signal,Clear,No,14,11-15,No,NA,Not Applicable,B: Evident Injury,NA,White,Male,23,20-24,No,NA,41-45 mph,O: No Injury,Black,Male,Passenger Car,No,02NOV2009,Monday,Bicyclist Failed to Yield - Midblock,18,Non-Intersection,November,B: Evident Injury,18:50:00,Bicyclist Ride Out - Midblock - Unknown,2009,Yes,No,Dark - Lighted Roadway,Straight - Level,Local Street,Dry,"Two-Way, Divided, Unprotected Median",None,No Special Feature,Smooth Asphalt,8 lanes,"35.8448440959, -78.579912594"
5357,Greensboro,Guilford,Piedmont,Commercial,Urban (>70% Developed),NA,Urban,NA,No Control Present,Clear,No,49,40-49,No,NA,Not Applicable,C: Possible Injury,Non-Roadway,Black,Male,51,50-59,No,NA,NA,O: No Injury,Black,Male,Van,No,22NOV2009,Sunday,Non-Roadway,11,Non-Roadway,November,C: Possible Injury,11:52:00,Non-Roadway,2009,Yes,No,Daylight,Straight - Level,Public Vehicular Area,Dry,NA,None,No Special Feature,Smooth Asphalt,NA,"36.0647230985, -79.7937029738"
5360,Rocky Mount,Nash,Coastal,Commercial,Urban (>70% Developed),NA,Urban,20 - 25  MPH,Stop And Go Signal,Cloudy,No,44,40-49,Yes,NA,Facing Traffic,O: No Injury,Travel Lane,Black,Male,37,30-39,No,NA,0-5 mph,O: No Injury,Black,Male,Sport Utility,Yes,30OCT2009,Friday,Crossing Paths - Other Circumstances,21,Intersection,October,O: No Injury,21:48:00,Signalized Intersection - Other / Unknown,2009,No,No,Dark - Lighted Roadway,Straight - Level,Local Street,Wet,"One-Way, Not Divided",None,Four-Way Intersection,Smooth Asphalt,3 lanes,"35.9446211441, -77.7962673613"
5365,None - Rural Crash,Chatham,Piedmont,"Farms, Woods, Pastures",Rural (<30% Developed),NA,Rural,50 - 55  MPH,No Control Present,Clear,No,70+,70+,No,NA,With Traffic,B: Evident Injury,Travel Lane,White,Male,20,20-24,No,NA,51-55 mph,O: No Injury,White,Female,Sport Utility,No,24DEC2009,Thursday,Motorist Overtaking Bicyclist,11,Non-Intersection,December,B: Evident Injury,11:25:00,Motorist Overtaking - Misjudged Space,2009,Yes,No,Daylight,Straight - Level,State Secondary Route,Dry,"Two-Way, Not Divided",None,No Special Feature,Smooth Asphalt,2 lanes,"35.7864070679, -79.009768721"
5367,None - Rural Crash,Wake,Piedmont,"Farms, Woods, Pastures",Rural (<30% Developed),NA,Rural,50 - 55  MPH,"Double Yellow Line, No Passing Zone",Clear,No,43,40-49,No,NA,With Traffic,C: Possible Injury,Travel Lane,White,Male,NA,NA,No,NA,51-55 mph,Unknown Injury,Unknown/Missing,NA,Passenger Car,No,23DEC2009,Wednesday,Motorist Overtaking Bicyclist,15,Non-Intersection,December,C: Possible Injury,15:37:00,Motorist Overtaking - Misjudged Space,2009,No,Yes,Daylight,Straight - Grade,NC Route,Dry,"Two-Way, Not Divided",None,No Special Feature,Smooth Asphalt,2 lanes,"36.0460071343, -78.6980826407"
5378,Elizabeth City,Pasquotank,Coastal,Residential,Rural (<30% Developed),NA,Urban,30 - 35  MPH,Stop And Go Signal,Clear,No,53,50-59,No,NA,With Traffic,C: Possible Injury,Travel Lane,Black,Male,38,30-39,Yes,NA,6-10 mph,O: No Injury,White,Male,Passenger Car,Yes,01DEC2009,Tuesday,Bicyclist Failed to Yield - Signalized Intersection,20,Intersection,December,C: Possible Injury,20:23:00,Bicyclist Ride Out - Signalized  Intersection,2009,Yes,No,Dark - Lighted Roadway,Straight - Level,Local Street,Dry,"Two-Way, Divided, Unprotected Median",None,Four-Way Intersection,Grooved Concrete,2 lanes,"36.2815572703, -76.2234418972"
5381,Lumberton,Robeson,Coastal,Commercial,Urban (>70% Developed),NA,Urban,NA,No Control Present,Clear,No,41,40-49,Yes,NA,Facing Traffic,C: Possible Injury,Travel Lane,Black,Male,NA,NA,Missing,NA,NA,Unknown Injury,Unknown/Missing,NA,NA,Yes,03DEC2009,Thursday,Head-On,19,Non-Intersection,December,C: Possible Injury,19:39:00,Head-On - Bicyclist,2009,Yes,Yes,Dark - Lighted Roadway,Straight - Level,NC Route,Dry,"Two-Way, Not Divided",None,No Special Feature,Coarse Asphalt,5 lanes,"34.6289398182, -78.9881926553"
5385,Carrboro,Orange,Piedmont,Residential,Urban (>70% Developed),NA,Urban,30 - 35  MPH,No Control Present,Clear,No,29,25-29,No,NA,With Traffic,B: Evident Injury,Travel Lane,White,Female,43,40-49,No,NA,0-5 mph,O: No Injury,White,Male,Passenger Car,No,08DEC2009,Tuesday,Motorist Failed to Yield - Midblock,17,Non-Intersection,December,B: Evident Injury,17:45:00,Motorist Drive Out - Residential Driveway,2009,No,No,Dark - Roadway Not Lighted,Straight - Level,Local Street,Dry,"Two-Way, Not Divided",None,No Special Feature,Coarse Asphalt,NA,"35.9239650943, -79.0903527532"
5393,None - Rural Crash,Pender,Coastal,"Farms, Woods, Pastures",Rural (<30% Developed),NA,Rural,50 - 55  MPH,No Control Present,Clear,No,40,40-49,No,NA,With Traffic,B: Evident Injury,Travel Lane,White,Male,NA,NA,Missing,NA,51-55 mph,Unknown Injury,Unknown/Missing,NA,NA,No,17DEC2009,Thursday,Motorist Overtaking Bicyclist,17,Non-Intersection,December,B: Evident Injury,17:52:00,Motorist Overtaking - Other / Unknown,2009,Yes,Yes,Dark - Roadway Not Lighted,Straight - Level,State Secondary Route,Dry,"Two-Way, Not Divided",None,No Special Feature,Smooth Asphalt,2 lanes,"34.6956898656, -78.0103223638"
5404,Pineville,Mecklenburg,Piedmont,Commercial,Urban (>70% Developed),NA,Rural,30 - 35  MPH,Yield Sign,Clear,No,60,60-69,No,NA,With Traffic,C: Possible Injury,Travel Lane,White,Male,70+,70+,No,NA,6-10 mph,O: No Injury,White,Female,Passenger Car,No,29DEC2009,Tuesday,Motorist Failed to Yield - Sign-Controlled Intersection,16,Intersection,December,C: Possible Injury,16:08:00,Motorist Drive Out - Sign-Controlled Intersection,2009,Yes,No,Daylight,Curve - Level,Public Vehicular Area,Dry,"Two-Way, Not Divided",None,Traffic Circle/Roundabout,Smooth Asphalt,1 lane,"35.0705068478, -80.8808092442"
5414,Wilson,Wilson,Coastal,Commercial,Urban (>70% Developed),NA,Urban,30 - 35  MPH,No Control Present,Clear,No,35,30-39,No,NA,Not Applicable,O: No Injury,Non-Roadway,Black,Male,70+,70+,No,NA,11-15 mph,O: No Injury,Black,Female,Passenger Car,No,28AUG2009,Friday,Non-Roadway,13,Non-Roadway,August,O: No Injury,13:40:00,Non-Roadway,2009,No,No,Daylight,Straight - Level,"Private Road, Driveway",Dry,"Two-Way, Not Divided",None,No Special Feature,Gravel,2 lanes,"35.7237620933, -77.9119023851"
5421,Charlotte,Mecklenburg,Piedmont,Residential,Rural (<30% Developed),NA,Urban,30 - 35  MPH,No Control Present,Clear,No,62,60-69,No,NA,Not Applicable,B: Evident Injury,NA,Black,Male,65,60-69,Yes,NA,31-35 mph,O: No Injury,Black,Male,Passenger Car,Yes,28SEP2009,Monday,Bicyclist Failed to Yield - Midblock,20,Non-Intersection,September,B: Evident Injury,20:51:00,Bicyclist Ride Out - Midblock - Unknown,2009,No,No,Dark - Lighted Roadway,Straight - Level,Local Street,Dry,"Two-Way, Not Divided",None,No Special Feature,Coarse Asphalt,2 lanes,"35.2458948846, -80.8974872592"
5423,Charlotte,Mecklenburg,Piedmont,Commercial,Urban (>70% Developed),NA,Urban,20 - 25  MPH,Stop And Go Signal,Cloudy,No,49,40-49,No,NA,Facing Traffic,C: Possible Injury,Sidewalk / Crosswalk / Driveway Crossing,Hispanic,Male,39,30-39,No,NA,0-5 mph,O: No Injury,Black,Male,Passenger Car,No,22SEP2009,Tuesday,Motorist Failed to Yield - Signalized Intersection,18,Intersection,September,C: Possible Injury,18:45:00,Motorist Drive Out - Signalized Intersection,2009,No,No,Daylight,Straight - Level,Local Street,Dry,"Two-Way, Not Divided",None,Four-Way Intersection,Smooth Asphalt,3 lanes,"35.1377168615, -80.8792372479"
5433,Charlotte,Mecklenburg,Piedmont,Residential,Urban (>70% Developed),NA,Urban,5 - 15 MPH,No Control Present,Clear,No,9,6-10,No,NA,Not Applicable,C: Possible Injury,Non-Roadway,Black,Male,32,30-39,No,NA,0-5 mph,O: No Injury,Black,Female,Passenger Car,No,02JUL2009,Thursday,Non-Roadway,19,Non-Roadway,July,C: Possible Injury,19:39:00,Non-Roadway,2009,Yes,No,Daylight,Straight - Level,Public Vehicular Area,Dry,"Two-Way, Not Divided",None,No Special Feature,Smooth Asphalt,1 lane,"35.1999568807, -80.7384132095"
5434,Charlotte,Mecklenburg,Piedmont,Residential,Urban (>70% Developed),NA,Urban,20 - 25  MPH,No Control Present,Cloudy,No,6,6-10,No,NA,With Traffic,C: Possible Injury,Travel Lane,Black,Male,18,0-19,No,NA,21-25 mph,O: No Injury,Asian,Male,Sport Utility,No,09JUL2009,Thursday,Motorist Overtaking Bicyclist,17,Non-Intersection,July,C: Possible Injury,17:43:00,Motorist Overtaking - Other / Unknown,2009,No,Yes,Daylight,Straight - Level,Local Street,Wet,"Two-Way, Not Divided",None,No Special Feature,Smooth Asphalt,2 lanes,"35.2406648878, -80.7587132179"
5435,Charlotte,Mecklenburg,Piedmont,Residential,Urban (>70% Developed),NA,Urban,30 - 35  MPH,No Control Present,Clear,No,10,6-10,No,NA,Not Applicable,C: Possible Injury,NA,Black,Male,39,30-39,No,NA,6-10 mph,O: No Injury,Black,Male,Van,No,19JUN2009,Friday,Other / Unknown - Insufficient Details,21,Intersection-Related,June,C: Possible Injury,21:25:00,Unknown Approach Paths,2009,Yes,No,Dark - Roadway Not Lighted,Straight - Level,Local Street,Dry,"Two-Way, Not Divided",None,Traffic Circle/Roundabout,Smooth Asphalt,4 lanes,"35.185873877, -80.7469132109"
5441,Charlotte,Mecklenburg,Piedmont,Commercial,Urban (>70% Developed),NA,Urban,30 - 35  MPH,No Control Present,Clear,No,44,40-49,No,NA,With Traffic,B: Evident Injury,Travel Lane,White,Male,21,20-24,No,NA,21-25 mph,O: No Injury,White,Female,Sport Utility,No,30MAY2009,Saturday,Motorist Right Turn / Merge,13,Intersection,May,B: Evident Injury,13:36:00,Motorist Right Turn - Same Direction,2009,No,No,Daylight,Straight - Level,Local Street,Dry,"Two-Way, Not Divided",None,T-Intersection,Smooth Asphalt,2 lanes,"35.2006668765, -80.8430032401"
5443,Charlotte,Mecklenburg,Piedmont,Commercial,Urban (>70% Developed),NA,Urban,40 - 45  MPH,No Control Present,Clear,No,16,16-19,No,NA,With Traffic,C: Possible Injury,Sidewalk / Crosswalk / Driveway Crossing,White,Male,44,40-49,No,NA,31-35 mph,O: No Injury,Black,Female,Passenger Car,No,29MAR2009,Sunday,Motorist Left Turn / Merge,16,Non-Intersection,March,C: Possible Injury,16:44:00,Motorist Left Turn - Opposite Direction,2009,No,Yes,Daylight,Straight - Level,Local Street,Dry,"Two-Way, Divided, Unprotected Median",None,No Special Feature,Smooth Asphalt,4 lanes,"35.2106868766, -80.9049332598"
5444,Charlotte,Mecklenburg,Piedmont,Commercial,Urban (>70% Developed),NA,Urban,40 - 45  MPH,Stop Sign,Rain,No,50,50-59,No,NA,With Traffic,A: Disabling Injury,Sidewalk / Crosswalk / Driveway Crossing,Black,Male,39,30-39,No,NA,0-5 mph,O: No Injury,White,Male,Sport Utility,No,27MAR2009,Friday,Motorist Right Turn / Merge,12,Intersection,March,A: Disabling Injury,12:22:00,Motorist Right Turn - Same Direction,2009,Yes,No,Daylight,Straight - Level,Local Street,Wet,"Two-Way, Not Divided",None,No Special Feature,Smooth Asphalt,4 lanes,"35.1554368708, -80.74819321"
5451,Charlotte,Mecklenburg,Piedmont,Residential,Urban (>70% Developed),NA,Urban,20 - 25  MPH,No Control Present,Clear,No,6,6-10,No,NA,Facing Traffic,O: No Injury,Travel Lane,Black,Male,41,40-49,No,NA,21-25 mph,O: No Injury,White,Female,Passenger Car,No,21JAN2008,Monday,Bicyclist Right Turn / Merge,15,Non-Intersection,January,O: No Injury,15:33:00,Bicyclist Right Turn - Same Direction,2008,Yes,No,Daylight,Straight - Level,Local Street,Dry,"Two-Way, Not Divided",None,No Special Feature,Concrete,2 lanes,"35.2143168775, -80.9046832592"
5453,Charlotte,Mecklenburg,Piedmont,Commercial,Urban (>70% Developed),NA,Urban,20 - 25  MPH,No Control Present,Cloudy,No,57,50-59,No,NA,Facing Traffic,C: Possible Injury,Sidewalk / Crosswalk / Driveway Crossing,Black,Male,39,30-39,No,NA,0-5 mph,O: No Injury,Black,Female,Passenger Car,No,04FEB2008,Monday,Motorist Failed to Yield - Midblock,8,Non-Intersection,February,C: Possible Injury,08:35:00,Motorist Drive Out - Commercial Driveway / Alley,2008,No,No,Daylight,Straight - Level,"Private Road, Driveway",Dry,NA,None,"Driveway, Public",Other,NA,"35.2494348894, -80.7817232247"
5463,Lenoir,Caldwell,Mountains,Commercial,Urban (>70% Developed),NA,Urban,40 - 45  MPH,Stop Sign,Clear,No,38,30-39,No,NA,With Traffic,C: Possible Injury,Travel Lane,White,Male,70+,70+,No,NA,0-5 mph,O: No Injury,White,Male,Passenger Car,No,25FEB2008,Monday,Motorist Failed to Yield - Sign-Controlled Intersection,9,Intersection,February,C: Possible Injury,09:42:00,Motorist Drive Out - Sign-Controlled Intersection,2008,No,No,Daylight,Straight - Level,Local Street,Dry,"Two-Way, Not Divided",None,Four-Way Intersection,Smooth Asphalt,5 lanes,"35.9199270038, -81.5090634792"
5464,Charlotte,Mecklenburg,Piedmont,Commercial,Urban (>70% Developed),NA,Urban,30 - 35  MPH,No Control Present,"Fog, Smog, Smoke",No,61,60-69,No,NA,With Traffic,C: Possible Injury,Travel Lane,White,Male,35,30-39,No,NA,31-35 mph,O: No Injury,Black,Female,Sport Utility,No,25FEB2008,Monday,Bicyclist Left Turn / Merge,7,Non-Intersection,February,C: Possible Injury,07:57:00,Bicyclist Left Turn - Same Direction,2008,Yes,No,Daylight,Straight - Level,Local Street,Dry,"Two-Way, Not Divided",None,No Special Feature,Smooth Asphalt,3 lanes,"35.2598908911, -80.8020582315"
5465,Kinston,Lenoir,Coastal,Commercial,Urban (>70% Developed),NA,Urban,NA,Stop Sign,Clear,No,8,6-10,No,NA,With Traffic,C: Possible Injury,Sidewalk / Crosswalk / Driveway Crossing,Black,Male,70+,70+,No,NA,NA,O: No Injury,Black,Female,Passenger Car,No,02MAR2008,Sunday,Bicyclist Failed to Yield - Sign-Controlled Intersection,14,Intersection,March,C: Possible Injury,14:49:00,Bicyclist Ride Through - Sign-Controlled Intersection,2008,No,No,Daylight,Straight - Bottom,Local Street,Dry,"Two-Way, Not Divided",None,Four-Way Intersection,Coarse Asphalt,2 lanes,"35.2596390046, -77.5601672544"
5466,Charlotte,Mecklenburg,Piedmont,Commercial,Urban (>70% Developed),NA,Urban,30 - 35  MPH,No Control Present,Clear,No,58,50-59,No,NA,With Traffic,B: Evident Injury,Travel Lane,White,Female,65,60-69,No,NA,31-35 mph,O: No Injury,White,Female,Sport Utility,No,03MAR2008,Monday,Bicyclist Left Turn / Merge,11,Non-Intersection,March,B: Evident Injury,11:50:00,Bicyclist Left Turn - Same Direction,2008,No,No,Daylight,Straight - Level,Local Street,Dry,"Two-Way, Not Divided",None,No Special Feature,Smooth Asphalt,4 lanes,"35.1994048774, -80.8123582316"
5467,Charlotte,Mecklenburg,Piedmont,Commercial,Urban (>70% Developed),NA,Urban,40 - 45  MPH,Stop And Go Signal,Clear,No,48,40-49,No,NA,Facing Traffic,C: Possible Injury,Travel Lane,White,Male,39,30-39,No,NA,0-5 mph,O: No Injury,Hispanic,Male,Sport Utility,No,09MAR2008,Sunday,Crossing Paths - Other Circumstances,12,Intersection,March,C: Possible Injury,12:30:00,Signalized Intersection - Other / Unknown,2008,No,No,Daylight,Straight - Level,Local Street,Dry,"Two-Way, Divided, Positive Median Barrier",None,No Special Feature,Smooth Asphalt,4 lanes,"35.2100708818, -80.7572592151"
5476,None - Rural Crash,Nash,Coastal,Residential,Mixed (30% To 70% Developed),NA,Rural,NA,Missing,Clear,No,19,16-19,No,NA,With Traffic,C: Possible Injury,Travel Lane,White,Male,41,40-49,No,NA,NA,O: No Injury,White,Female,Passenger Car,No,05JAN2008,Saturday,Other / Unusual Circumstances,16,Non-Intersection,January,C: Possible Injury,16:30:00,Unusual Circumstances,2008,No,No,Daylight,NA,State Secondary Route,Dry,NA,None,No Special Feature,NA,NA,"35.9697111464, -77.8873723903"
5478,None - Rural Crash,Harnett,Coastal,Residential,Rural (<30% Developed),NA,Rural,20 - 25  MPH,No Control Present,Clear,No,8,6-10,No,NA,Not Applicable,C: Possible Injury,Travel Lane,White,Female,NA,NA,Missing,NA,26-30 mph,Unknown Injury,Unknown/Missing,NA,NA,No,06JAN2008,Sunday,Non-Roadway,17,Non-Roadway,January,C: Possible Injury,17:50:00,Non-Roadway,2008,Yes,Yes,Dark - Roadway Not Lighted,Straight - Level,Public Vehicular Area,Dry,"Two-Way, Not Divided",None,No Special Feature,Smooth Asphalt,2 lanes,"35.2503269545, -78.9700126816"
5483,None - Rural Crash,Pasquotank,Coastal,Residential,Mixed (30% To 70% Developed),NA,Rural,20 - 25  MPH,No Control Present,Clear,No,14,11-15,No,NA,With Traffic,B: Evident Injury,Travel Lane,White,Male,18,0-19,No,NA,16-20 mph,O: No Injury,White,Female,Passenger Car,No,02APR2008,Wednesday,Head-On,16,Non-Intersection,April,B: Evident Injury,16:49:00,Head-On - Bicyclist,2008,Yes,No,Daylight,Straight - Level,State Secondary Route,Dry,"Two-Way, Not Divided",None,No Special Feature,Coarse Asphalt,1 lane,"36.3128472762, -76.2456919051"
5484,Charlotte,Mecklenburg,Piedmont,Residential,Mixed (30% To 70% Developed),NA,Urban,40 - 45  MPH,Stop Sign,Clear,No,29,25-29,No,NA,With Traffic,B: Evident Injury,Travel Lane,White,Male,19,0-19,No,NA,6-10 mph,O: No Injury,White,Male,Passenger Car,No,02APR2008,Wednesday,Loss of Control / Turning Error,10,Intersection-Related,April,B: Evident Injury,10:28:00,Motorist Lost Control - Other / Unknown,2008,Yes,No,Daylight,Straight - Level,Local Street,Dry,"Two-Way, Not Divided",None,T-Intersection,Smooth Asphalt,2 lanes,"35.3655199138, -80.7876232331"
5487,None - Rural Crash,Randolph,Piedmont,"Farms, Woods, Pastures",Rural (<30% Developed),NA,Rural,50 - 55  MPH,"Double Yellow Line, No Passing Zone",Clear,No,67,60-69,No,NA,With Traffic,C: Possible Injury,Bike Lane / Paved Shoulder,Hispanic,Male,20,20-24,No,NA,51-55 mph,O: No Injury,White,Male,Pickup,No,09JAN2008,Wednesday,Motorist Overtaking Bicyclist,18,Non-Intersection,January,C: Possible Injury,18:28:00,Motorist Overtaking - Misjudged Space,2008,Yes,No,Dark - Roadway Not Lighted,Straight - Level,US Route,Dry,"Two-Way, Not Divided",None,No Special Feature,Smooth Asphalt,2 lanes,"35.6455830087, -79.8249129596"
5489,Raleigh,Wake,Piedmont,Commercial,Urban (>70% Developed),NA,Urban,30 - 35  MPH,No Control Present,Clear,No,31,30-39,No,NA,Not Applicable,O: No Injury,Non-Roadway,Black,Male,40,40-49,No,NA,0-5 mph,O: No Injury,White,Male,"Light Truck (Mini-Van, Panel)",No,10JAN2008,Thursday,Non-Roadway,22,Non-Roadway,January,O: No Injury,22:03:00,Non-Roadway,2008,No,No,Dark - Lighted Roadway,Straight - Level,Public Vehicular Area,Dry,"Two-Way, Not Divided",None,"Driveway, Public",Smooth Asphalt,NA,"35.7885470814, -78.649576612"
5490,Greensboro,Guilford,Piedmont,Residential,Urban (>70% Developed),NA,Urban,30 - 35  MPH,Missing,Cloudy,No,27,25-29,Yes,NA,With Traffic,C: Possible Injury,Travel Lane,White,Male,NA,NA,Missing,NA,21-25 mph,Unknown Injury,Unknown/Missing,NA,NA,Yes,10JAN2008,Thursday,Parallel Paths - Other Circumstances,23,Intersection,January,C: Possible Injury,23:12:00,Motorist Turn / Merge - Other / Unknown,2008,Yes,Yes,Dark - Lighted Roadway,Straight - Level,Local Street,Wet,"Two-Way, Divided, Unprotected Median",None,T-Intersection,Smooth Asphalt,2 lanes,"36.0852071041, -79.7517029613"