object_id,city,county,region,development,locality,on_road,rural_urban,speed_limit,traffic_control,weather,workzone,bike_age,bike_age_group,bike_alcohol,bike_alcohol_drugs,bike_direction,bike_injury,bike_position,bike_race,bike_sex,driver_age,driver_age_group,driver_alcohol,driver_alcohol_drugs,driver_est_speed,driver_injury,driver_race,driver_sex,driver_vehicle_type,crash_alcohol,crash_date,crash_day,crash_group,crash_hour,crash_location,crash_month,crash_severity,crash_time,crash_type,crash_year,ambulance_req,hit_run,light_condition,road_character,road_class,road_condition,road_configuration,road_defects,road_feature,road_surface,num_lanes,geo_point
5492,None - Rural Crash,Rockingham,Piedmont,"Farms, Woods, Pastures",Urban (>70% Developed),NA,Rural,50 - 55  MPH,"Double Yellow Line, No Passing Zone",Rain,No,21,20-24,Yes,NA,With Traffic,A: Disabling Injury,Travel Lane,White,Male,38,30-39,No,NA,26-30 mph,O: No Injury,White,Female,Passenger Car,Yes,04APR2008,Friday,Bicyclist Left Turn / Merge,20,Intersection,April,A: Disabling Injury,20:38:00,Bicyclist Left Turn - Same Direction,2008,Yes,No,Dark - Roadway Not Lighted,Curve - Level,NC Route,Wet,"Two-Way, Not Divided",None,No Special Feature,Coarse Asphalt,2 lanes,"36.4131921636, -80.0129430587"
5494,Kannapolis,Cabarrus,Piedmont,Residential,Urban (>70% Developed),NA,Urban,40 - 45  MPH,Stop Sign,Clear,No,64,60-69,Yes,NA,With Traffic,B: Evident Injury,Travel Lane,Black,Male,70+,70+,No,NA,6-10 mph,O: No Injury,White,Male,Sport Utility,Yes,11JAN2008,Friday,Crossing Paths - Other Circumstances,22,Intersection,January,B: Evident Injury,22:01:00,Sign-Controlled Intersection - Other / Unknown,2008,No,No,Dark - Lighted Roadway,Straight - Level,Local Street,Dry,"Two-Way, Not Divided",None,No Special Feature,Smooth Asphalt,2 lanes,"35.4791439443, -80.6242331899"
5497,Wilmington,New Hanover,Coastal,Commercial,Urban (>70% Developed),NA,Urban,40 - 45  MPH,Stop And Go Signal,Clear,No,40,40-49,No,NA,With Traffic,B: Evident Injury,NA,White,Male,59,50-59,No,NA,11-15 mph,O: No Injury,Black,Female,Passenger Car,No,14JAN2008,Monday,Motorist Left Turn / Merge,7,Intersection,January,B: Evident Injury,07:40:00,Motorist Left Turn - Opposite Direction,2008,Yes,No,Daylight,Straight - Level,Local Street,Dry,"Two-Way, Not Divided",None,Four-Way Intersection,Smooth Asphalt,5 lanes,"34.1948117577, -77.9361623166"
5504,Goldsboro,Wayne,Coastal,Commercial,Urban (>70% Developed),NA,Urban,30 - 35  MPH,Stop And Go Signal,Clear,No,28,25-29,No,NA,Facing Traffic,C: Possible Injury,Sidewalk / Crosswalk / Driveway Crossing,Black,Male,34,30-39,No,NA,0-5 mph,O: No Injury,White,Female,Sport Utility,No,21JAN2008,Monday,Crossing Paths - Other Circumstances,17,Intersection,January,C: Possible Injury,17:10:00,Signalized Intersection - Other / Unknown,2008,Yes,No,Dusk,Straight - Level,Local Street,Dry,"Two-Way, Not Divided",None,Four-Way Intersection,Coarse Asphalt,4 lanes,"35.4016910211, -77.9852123911"
5506,Charlotte,Mecklenburg,Piedmont,Residential,Urban (>70% Developed),NA,Urban,20 - 25  MPH,No Control Present,Clear,No,9,6-10,No,NA,NA,B: Evident Injury,NA,Black,Male,43,40-49,No,NA,21-25 mph,O: No Injury,Hispanic,Female,Passenger Car,No,09APR2008,Wednesday,Loss of Control / Turning Error,17,Intersection,April,B: Evident Injury,17:36:00,Bicyclist Lost Control - Mechanical Problems,2008,No,No,Daylight,Straight - Level,Local Street,Dry,"Two-Way, Not Divided",None,Four-Way Intersection,Smooth Asphalt,1 lane,"35.2536768862, -80.8790032541"
5508,Charlotte,Mecklenburg,Piedmont,Residential,Urban (>70% Developed),NA,Urban,30 - 35  MPH,No Control Present,Clear,No,9,6-10,No,NA,With Traffic,A: Disabling Injury,Travel Lane,Black,Male,24,20-24,No,NA,21-25 mph,O: No Injury,Black,Female,Sport Utility,No,22MAR2008,Saturday,Crossing Paths - Other Circumstances,18,Intersection,March,A: Disabling Injury,18:51:00,Sign-Controlled Intersection - Other / Unknown,2008,Yes,No,Daylight,Straight - Level,Local Street,Dry,"Two-Way, Not Divided",None,No Special Feature,Concrete,2 lanes,"35.2005988745, -80.8902332545"
5509,Charlotte,Mecklenburg,Piedmont,Commercial,Urban (>70% Developed),NA,Urban,40 - 45  MPH,No Control Present,Cloudy,No,18,16-19,No,NA,With Traffic,C: Possible Injury,Travel Lane,Black,Male,43,40-49,No,NA,26-30 mph,O: No Injury,Black,Female,Passenger Car,No,11APR2008,Friday,Bicyclist Right Turn / Merge,15,Non-Intersection,April,C: Possible Injury,15:35:00,Bicyclist Right Turn - Same Direction,2008,Yes,No,Daylight,Straight - Level,Local Street,Dry,"Two-Way, Not Divided",None,No Special Feature,Coarse Asphalt,5 lanes,"35.2668268905, -80.8540332474"
5510,None - Rural Crash,Cleveland,Mountains,"Farms, Woods, Pastures",Rural (<30% Developed),NA,Rural,50 - 55  MPH,No Control Present,Rain,No,53,50-59,No,NA,With Traffic,B: Evident Injury,Travel Lane,White,Male,50,50-59,No,NA,41-45 mph,O: No Injury,White,Male,Pickup,No,12APR2008,Saturday,Motorist Overtaking Bicyclist,10,Non-Intersection,April,B: Evident Injury,10:49:00,Motorist Overtaking - Misjudged Space,2008,Yes,No,Daylight,Straight - Level,NC Route,Wet,"Two-Way, Not Divided",None,No Special Feature,Smooth Asphalt,2 lanes,"35.3045668794, -81.3612473999"
5512,None - Rural Crash,Cumberland,Coastal,Residential,Mixed (30% To 70% Developed),NA,Rural,40 - 45  MPH,"Double Yellow Line, No Passing Zone",Clear,No,41,40-49,No,NA,With Traffic,C: Possible Injury,Travel Lane,White,Male,33,30-39,No,NA,31-35 mph,O: No Injury,White,Female,Sport Utility,No,25JAN2008,Friday,Motorist Overtaking Bicyclist,10,Non-Intersection,January,C: Possible Injury,10:20:00,Motorist Overtaking - Misjudged Space,2008,Yes,No,Daylight,Straight - Level,State Secondary Route,Dry,"Two-Way, Not Divided",None,No Special Feature,Smooth Asphalt,2 lanes,"35.0040429019, -78.9236426548"
5515,Asheville,Buncombe,Mountains,Commercial,Urban (>70% Developed),NA,Urban,40 - 45  MPH,Stop And Go Signal,Clear,No,33,30-39,No,NA,With Traffic,C: Possible Injury,Travel Lane,White,Male,39,30-39,No,NA,11-15 mph,O: No Injury,White,Female,Passenger Car,No,26JAN2008,Saturday,Motorist Right Turn / Merge,13,Intersection,January,C: Possible Injury,13:59:00,Motorist Right Turn - Same Direction,2008,No,No,Daylight,Straight - Hillcrest,Local Street,Dry,"Two-Way, Not Divided",None,Four-Way Intersection,Smooth Asphalt,5 lanes,"35.5056668778, -82.5247737561"
5529,Wilson,Wilson,Coastal,Commercial,Urban (>70% Developed),NA,Urban,30 - 35  MPH,Stop And Go Signal,Clear,No,12,11-15,No,NA,Not Applicable,B: Evident Injury,Non-Roadway,White,Male,36,30-39,No,NA,16-20 mph,O: No Injury,White,Female,Passenger Car,No,01FEB2008,Friday,Non-Roadway,17,Non-Roadway,February,B: Evident Injury,17:09:00,Non-Roadway,2008,No,No,Daylight,Straight - Level,Public Vehicular Area,Wet,NA,None,No Special Feature,Smooth Asphalt,NA,"35.7380630945, -77.9542523984"
5531,Carrboro,Orange,Piedmont,Residential,Urban (>70% Developed),NA,Urban,20 - 25  MPH,Stop Sign,Clear,No,30,30-39,Yes,NA,With Traffic,B: Evident Injury,Travel Lane,White,Male,43,40-49,No,NA,16-20 mph,O: No Injury,Asian,Male,Passenger Car,Yes,01FEB2008,Friday,Motorist Left Turn / Merge,22,Intersection,February,B: Evident Injury,22:47:00,Motorist Left Turn - Opposite Direction,2008,Yes,No,Dark - Lighted Roadway,Straight - Level,Local Street,Dry,"Two-Way, Not Divided",None,T-Intersection,Coarse Asphalt,3 lanes,"35.9123220924, -79.0779427486"
5532,Wrightsville Beach,New Hanover,Coastal,Residential,Urban (>70% Developed),NA,Rural,20 - 25  MPH,No Control Present,Clear,No,41,40-49,No,NA,With Traffic,C: Possible Injury,Travel Lane,White,Male,18,0-19,No,NA,0-5 mph,O: No Injury,White,Male,Passenger Car,No,02FEB2008,Saturday,Crossing Paths - Other Circumstances,10,Intersection,February,C: Possible Injury,10:29:00,Sign-Controlled Intersection - Other / Unknown,2008,Yes,No,Daylight,Straight - Level,Local Street,Dry,"Two-Way, Not Divided",None,Four-Way Intersection,Coarse Asphalt,2 lanes,"34.2100937654, -77.7943522749"
5536,Chapel Hill,Orange,Piedmont,Residential,Urban (>70% Developed),NA,Urban,30 - 35  MPH,Stop Sign,Clear,No,43,40-49,No,NA,With Traffic,B: Evident Injury,Travel Lane,White,Male,19,0-19,No,NA,26-30 mph,O: No Injury,White,Male,Passenger Car,No,04FEB2008,Monday,Motorist Right Turn / Merge,13,Intersection,February,B: Evident Injury,13:27:00,Motorist Right Turn - Same Direction,2008,No,No,Daylight,Curve - Grade,Local Street,Dry,"Two-Way, Not Divided",None,T-Intersection,Smooth Asphalt,2 lanes,"35.8915970884, -79.0644427439"
5537,None - Rural Crash,Richmond,Piedmont,Commercial,Urban (>70% Developed),NA,Rural,40 - 45  MPH,"Double Yellow Line, No Passing Zone",Cloudy,No,17,16-19,No,NA,With Traffic,B: Evident Injury,Travel Lane,White,Male,NA,NA,Missing,NA,41-45 mph,Unknown Injury,Unknown/Missing,NA,NA,No,04FEB2008,Monday,Motorist Overtaking Bicyclist,14,Non-Intersection,February,B: Evident Injury,14:00:00,Motorist Overtaking - Other / Unknown,2008,Yes,Yes,Daylight,Straight - Grade,State Secondary Route,Wet,"Two-Way, Not Divided",None,No Special Feature,Smooth Asphalt,2 lanes,"34.9078518521, -79.7646729024"
5540,Bayboro,Pamlico,Coastal,"Farms, Woods, Pastures",Mixed (30% To 70% Developed),NA,Rural,30 - 35  MPH,No Control Present,Clear,No,38,30-39,Yes,NA,With Traffic,C: Possible Injury,Travel Lane,White,Male,64,60-69,No,NA,21-25 mph,O: No Injury,White,Male,Van,Yes,09APR2008,Wednesday,Bicyclist Left Turn / Merge,20,Non-Intersection,April,C: Possible Injury,20:18:00,Bicyclist Left Turn - Opposite Direction,2008,No,No,Dark - Roadway Not Lighted,Straight - Level,NC Route,Dry,"Two-Way, Divided, Unprotected Median",None,No Special Feature,Smooth Asphalt,3 lanes,"35.1439620044, -76.7864920128"
5542,Greensboro,Guilford,Piedmont,Commercial,Urban (>70% Developed),NA,Urban,20 - 25  MPH,Stop Sign,Clear,No,33,30-39,No,NA,NA,C: Possible Injury,NA,Black,Male,22,20-24,No,NA,11-15 mph,O: No Injury,Black,Female,Passenger Car,No,07FEB2008,Thursday,Other / Unknown - Insufficient Details,17,Intersection,February,C: Possible Injury,17:15:00,Unknown Approach Paths,2008,No,No,Dusk,Straight - Level,Local Street,Dry,"Two-Way, Divided, Unprotected Median",None,T-Intersection,Smooth Asphalt,3 lanes,"36.0700830999, -79.7870729722"
5559,None - Rural Crash,Wilson,Coastal,"Farms, Woods, Pastures",Rural (<30% Developed),NA,Rural,40 - 45  MPH,No Control Present,Clear,No,52,50-59,No,NA,With Traffic,B: Evident Injury,Travel Lane,Black,Male,41,40-49,No,NA,36-40 mph,O: No Injury,White,Male,Pickup,No,15FEB2008,Friday,Motorist Overtaking Bicyclist,6,Non-Intersection,February,B: Evident Injury,06:03:00,Motorist Overtaking - Undetected Bicyclist,2008,Yes,No,Dark - Roadway Not Lighted,Straight - Level,US Route,Dry,"Two-Way, Divided, Unprotected Median",None,No Special Feature,Smooth Asphalt,8 lanes,"35.6778290817, -77.953612395"
5562,Wilmington,New Hanover,Coastal,Residential,Urban (>70% Developed),NA,Urban,30 - 35  MPH,Stop And Go Signal,Clear,No,32,30-39,No,NA,Facing Traffic,B: Evident Injury,Sidewalk / Crosswalk / Driveway Crossing,White,Male,46,40-49,No,NA,0-5 mph,O: No Injury,White,Female,Passenger Car,No,16FEB2008,Saturday,Bicyclist Failed to Yield - Signalized Intersection,8,Intersection,February,B: Evident Injury,08:37:00,Bicyclist Ride Through - Signalized Intersection,2008,No,No,Daylight,Straight - Level,Local Street,Dry,"Two-Way, Not Divided",None,Related To Intersection,Smooth Asphalt,2 lanes,"34.238396768, -77.9151723126"
5563,Raleigh,Wake,Piedmont,Residential,Urban (>70% Developed),NA,Urban,30 - 35  MPH,Stop And Go Signal,Rain,No,29,25-29,No,NA,Facing Traffic,C: Possible Injury,Sidewalk / Crosswalk / Driveway Crossing,Other,Male,19,0-19,No,NA,6-10 mph,O: No Injury,White,Female,Sport Utility,No,13FEB2008,Wednesday,Bicyclist Failed to Yield - Signalized Intersection,21,Intersection,February,C: Possible Injury,21:14:00,Bicyclist Ride Through - Signalized Intersection,2008,No,No,Dark - Lighted Roadway,Straight - Level,Local Street,Wet,"Two-Way, Divided, Unprotected Median",None,Four-Way Intersection,Smooth Asphalt,5 lanes,"35.7690420753, -78.6912226246"
5565,None - Rural Crash,Beaufort,Coastal,"Farms, Woods, Pastures",Rural (<30% Developed),NA,Rural,50 - 55  MPH,No Control Present,Clear,No,57,50-59,Yes,NA,Facing Traffic,C: Possible Injury,Travel Lane,Black,Male,70+,70+,No,NA,51-55 mph,O: No Injury,White,Male,Passenger Car,Yes,18FEB2008,Monday,Motorist Overtaking Bicyclist,18,Non-Intersection,February,C: Possible Injury,18:41:00,Motorist Overtaking - Misjudged Space,2008,Yes,No,Dark - Roadway Not Lighted,Straight - Level,State Secondary Route,Dry,"Two-Way, Not Divided",None,No Special Feature,Smooth Asphalt,2 lanes,"35.535774083, -77.0117921007"
5567,Durham,Durham,Piedmont,Residential,Mixed (30% To 70% Developed),NA,Urban,40 - 45  MPH,"Double Yellow Line, No Passing Zone",Clear,No,26,25-29,No,NA,With Traffic,B: Evident Injury,Travel Lane,Black,Male,NA,NA,Missing,NA,41-45 mph,Unknown Injury,Unknown/Missing,NA,NA,No,19FEB2008,Tuesday,Motorist Overtaking Bicyclist,19,Non-Intersection,February,B: Evident Injury,19:15:00,Motorist Overtaking - Other / Unknown,2008,Yes,Yes,Dark - Roadway Not Lighted,Straight - Level,State Secondary Route,Dry,"Two-Way, Not Divided",None,No Special Feature,Smooth Asphalt,2 lanes,"35.9889631116, -78.9887827261"
5574,Kinston,Lenoir,Coastal,Residential,Urban (>70% Developed),NA,Urban,30 - 35  MPH,Stop Sign,Clear,No,22,20-24,Yes,NA,With Traffic,B: Evident Injury,Travel Lane,Black,Female,57,50-59,No,NA,11-15 mph,O: No Injury,Black,Female,Van,Yes,29APR2008,Tuesday,Bicyclist Failed to Yield - Sign-Controlled Intersection,23,Intersection,April,B: Evident Injury,23:28:00,Bicyclist Ride Through - Sign-Controlled Intersection,2008,Yes,No,Dark - Lighted Roadway,Straight - Grade,Local Street,Dry,"Two-Way, Not Divided",None,Four-Way Intersection,Smooth Asphalt,2 lanes,"35.2709340061, -77.5757222596"
5582,None - Rural Crash,Johnston,Coastal,Residential,Rural (<30% Developed),NA,Rural,50 - 55  MPH,"Double Yellow Line, No Passing Zone",Clear,No,13,11-15,No,NA,With Traffic,B: Evident Injury,Travel Lane,White,Male,62,60-69,No,NA,51-55 mph,O: No Injury,White,Male,Passenger Car,No,27FEB2008,Wednesday,Bicyclist Left Turn / Merge,17,Intersection,February,B: Evident Injury,17:21:00,Bicyclist Left Turn - Same Direction,2008,No,No,Daylight,Straight - Level,State Secondary Route,Dry,"Two-Way, Not Divided",None,T-Intersection,Coarse Asphalt,2 lanes,"35.4998470354, -78.1662224507"
5598,None - Rural Crash,Guilford,Piedmont,"Farms, Woods, Pastures",Rural (<30% Developed),NA,Rural,40 - 45  MPH,"Double Yellow Line, No Passing Zone",Clear,No,70+,70+,No,NA,With Traffic,C: Possible Injury,Travel Lane,White,Male,55,50-59,No,NA,36-40 mph,O: No Injury,White,Male,Sport Utility,No,06MAR2008,Thursday,Motorist Overtaking Bicyclist,13,Non-Intersection,March,C: Possible Injury,13:30:00,Motorist Overtaking - Misjudged Space,2008,No,No,Daylight,Straight - Grade,State Secondary Route,Dry,"Two-Way, Not Divided",None,No Special Feature,Coarse Asphalt,2 lanes,"36.1235541068, -79.9108130116"
5609,None - Rural Crash,Transylvania,Mountains,"Farms, Woods, Pastures",Rural (<30% Developed),NA,Rural,40 - 45  MPH,"Double Yellow Line, No Passing Zone",Clear,No,15,11-15,No,NA,With Traffic,C: Possible Injury,Travel Lane,White,Male,52,50-59,No,NA,41-45 mph,O: No Injury,White,Female,Sport Utility,No,11MAR2008,Tuesday,Bicyclist Left Turn / Merge,17,Non-Intersection,March,C: Possible Injury,17:56:00,Bicyclist Left Turn - Opposite Direction,2008,No,No,Daylight,Straight - Level,US Route,Dry,"Two-Way, Not Divided",None,No Special Feature,Smooth Asphalt,3 lanes,"35.2726068221, -82.7004137949"
5615,Charlotte,Mecklenburg,Piedmont,Commercial,Urban (>70% Developed),NA,Urban,30 - 35  MPH,Stop And Go Signal,Clear,No,10,6-10,No,NA,Facing Traffic,B: Evident Injury,Sidewalk / Crosswalk / Driveway Crossing,White,Female,28,25-29,No,NA,0-5 mph,O: No Injury,White,Male,Passenger Car,No,09MAY2008,Friday,Motorist Failed to Yield - Signalized Intersection,15,Intersection,May,B: Evident Injury,15:55:00,Motorist Drive Out - Right Turn on Red,2008,No,No,Daylight,Straight - Grade,Local Street,Dry,"Two-Way, Divided, Positive Median Barrier",Other,Four-Way Intersection,Coarse Asphalt,2 lanes,"35.1172438546, -80.9573732701"
5617,Raleigh,Wake,Piedmont,Commercial,Urban (>70% Developed),NA,Urban,30 - 35  MPH,No Control Present,Clear,No,42,40-49,No,NA,Facing Traffic,A: Disabling Injury,Bike Lane / Paved Shoulder,Hispanic,Male,41,40-49,No,NA,31-35 mph,C: Possible Injury,White,Female,Passenger Car,No,11MAR2008,Tuesday,Parallel Paths - Other Circumstances,7,Intersection,March,A: Disabling Injury,07:29:00,Bicyclist Ride Out - Parallel Path,2008,Yes,No,Daylight,Curve - Level,Local Street,Dry,"One-Way, Not Divided",None,On or Off Ramp,Smooth Asphalt,1 lane,"35.7793770787, -78.6664376173"
5621,Chapel Hill,Orange,Piedmont,Residential,Urban (>70% Developed),NA,Urban,30 - 35  MPH,No Control Present,Clear,No,48,40-49,No,NA,With Traffic,C: Possible Injury,Travel Lane,White,Female,70+,70+,No,NA,16-20 mph,O: No Injury,White,Female,Passenger Car,No,16MAR2008,Sunday,Motorist Left Turn / Merge,18,Intersection,March,C: Possible Injury,18:01:00,Motorist Left Turn - Opposite Direction,2008,Yes,No,Daylight,Straight - Level,Local Street,Dry,"Two-Way, Not Divided",None,Four-Way Intersection,Smooth Asphalt,2 lanes,"35.9326740986, -79.0112527299"
5625,None - Rural Crash,Henderson,Mountains,Residential,Urban (>70% Developed),NA,Rural,40 - 45  MPH,"Double Yellow Line, No Passing Zone",Clear,No,43,40-49,No,NA,With Traffic,C: Possible Injury,Travel Lane,White,Male,NA,NA,No,NA,36-40 mph,Unknown Injury,Unknown/Missing,NA,NA,No,18MAR2008,Tuesday,Motorist Overtaking Bicyclist,7,Non-Intersection,March,C: Possible Injury,07:32:00,Motorist Overtaking - Misjudged Space,2008,Yes,Yes,Daylight,Straight - Level,US Route,Dry,"Two-Way, Not Divided",None,No Special Feature,Smooth Asphalt,2 lanes,"35.3235468408, -82.5013387392"
5629,None - Rural Crash,Dare,Coastal,Residential,Urban (>70% Developed),NA,Rural,30 - 35  MPH,"Double Yellow Line, No Passing Zone",Cloudy,No,5,0-5,No,NA,Not Applicable,B: Evident Injury,Non-Roadway,Hispanic,Male,22,20-24,No,NA,31-35 mph,O: No Injury,White,Female,Passenger Car,No,20MAR2008,Thursday,Bicyclist Failed to Yield - Midblock,18,Non-Intersection,March,B: Evident Injury,18:49:00,Bicyclist Ride Out - Commercial Driveway / Alley,2008,Yes,No,Dusk,Straight - Level,State Secondary Route,Dry,"Two-Way, Not Divided",None,"Driveway, Public",Coarse Asphalt,2 lanes,"35.8419071939, -75.6509876989"
5630,Charlotte,Mecklenburg,Piedmont,Commercial,Urban (>70% Developed),NA,Urban,30 - 35  MPH,No Control Present,Clear,No,13,11-15,No,NA,NA,B: Evident Injury,NA,Black,Male,36,30-39,No,NA,26-30 mph,O: No Injury,Black,Female,Passenger Car,No,09MAY2008,Friday,Other / Unknown - Insufficient Details,18,Non-Intersection,May,B: Evident Injury,18:47:00,Unknown Approach Paths,2008,Yes,No,Daylight,Straight - Level,Local Street,Dry,"Two-Way, Not Divided",None,No Special Feature,Coarse Asphalt,1 lane,"35.2021268815, -80.7235232054"
5637,Fayetteville,Cumberland,Coastal,Commercial,Urban (>70% Developed),NA,Urban,40 - 45  MPH,Stop And Go Signal,Clear,No,47,40-49,No,NA,NA,B: Evident Injury,NA,Black,Male,58,50-59,No,NA,41-45 mph,C: Possible Injury,Black,Female,Sport Utility,No,25MAR2008,Tuesday,Other / Unknown - Insufficient Details,7,Non-Intersection,March,B: Evident Injury,07:00:00,Unknown Approach Paths,2008,Yes,No,Dawn,Straight - Level,Local Street,Dry,"Two-Way, Divided, Unprotected Median",None,No Special Feature,Coarse Asphalt,7 lanes,"35.0442769092, -78.9766526726"
5639,Oxford,Granville,Piedmont,Commercial,Urban (>70% Developed),NA,Urban,NA,Missing,Clear,No,29,25-29,Yes,NA,With Traffic,B: Evident Injury,Bike Lane / Paved Shoulder,Hispanic,Male,NA,NA,Missing,NA,NA,Unknown Injury,Unknown/Missing,NA,NA,Yes,04FEB2008,Monday,Motorist Overtaking Bicyclist,16,Non-Intersection,February,B: Evident Injury,16:53:00,Motorist Overtaking - Misjudged Space,2008,Yes,Yes,Daylight,Straight - Grade,Local Street,Dry,"Two-Way, Not Divided",None,No Special Feature,Smooth Asphalt,2 lanes,"36.303642193, -78.5973626244"
5642,None - Rural Crash,Wake,Piedmont,"Farms, Woods, Pastures",Rural (<30% Developed),NA,Rural,40 - 45  MPH,No Control Present,Cloudy,No,44,40-49,Yes,NA,With Traffic,C: Possible Injury,Travel Lane,Black,Male,NA,NA,Missing,NA,41-45 mph,Unknown Injury,Unknown/Missing,NA,NA,Yes,18MAY2008,Sunday,Motorist Overtaking Bicyclist,23,Non-Intersection,May,C: Possible Injury,23:28:00,Motorist Overtaking - Other / Unknown,2008,Yes,Yes,Dark - Roadway Not Lighted,Straight - Level,State Secondary Route,Wet,"Two-Way, Not Divided",None,No Special Feature,Smooth Asphalt,2 lanes,"35.9863571218, -78.6976266377"
5647,Raleigh,Wake,Piedmont,Residential,Urban (>70% Developed),NA,Urban,30 - 35  MPH,Missing,Clear,No,14,11-15,No,NA,Facing Traffic,C: Possible Injury,Sidewalk / Crosswalk / Driveway Crossing,Black,Male,NA,NA,Missing,NA,NA,Unknown Injury,Unknown/Missing,NA,NA,No,27MAR2008,Thursday,Motorist Failed to Yield - Midblock,18,Non-Intersection,March,C: Possible Injury,18:45:00,Motorist Drive Out - Commercial Driveway / Alley,2008,No,Yes,Daylight,Straight - Level,Public Vehicular Area,Dry,"Two-Way, Not Divided",None,"Driveway, Public",Smooth Asphalt,NA,"35.8559830985, -78.573557593"
5651,Wilmington,New Hanover,Coastal,Residential,Urban (>70% Developed),NA,Urban,20 - 25  MPH,Stop Sign,Clear,No,69,60-69,No,NA,With Traffic,B: Evident Injury,Travel Lane,White,Male,18,0-19,No,NA,0-5 mph,O: No Injury,White,Male,Passenger Car,No,28MAR2008,Friday,Motorist Failed to Yield - Sign-Controlled Intersection,16,Intersection,March,B: Evident Injury,16:32:00,Motorist Drive Out - Sign-Controlled Intersection,2008,Yes,No,Daylight,Straight - Level,Local Street,Dry,"Two-Way, Not Divided",None,Four-Way Intersection,Smooth Asphalt,2 lanes,"34.2440637712, -77.8376922897"
5657,Raleigh,Wake,Piedmont,Residential,Urban (>70% Developed),NA,Urban,20 - 25  MPH,Stop Sign,Clear,No,27,25-29,No,NA,With Traffic,B: Evident Injury,Travel Lane,White,Male,28,25-29,No,NA,21-25 mph,O: No Injury,White,Female,Passenger Car,No,02APR2008,Wednesday,Bicyclist Failed to Yield - Sign-Controlled Intersection,19,Intersection,April,B: Evident Injury,19:10:00,Bicyclist Ride Through - Sign-Controlled Intersection,2008,Yes,No,Daylight,Straight - Bottom,Local Street,Dry,"Two-Way, Not Divided",None,Four-Way Intersection,Smooth Asphalt,2 lanes,"35.7857700791, -78.6897326248"
5659,High Point,Guilford,Piedmont,Residential,Urban (>70% Developed),NA,Urban,30 - 35  MPH,Stop Sign,Clear,No,26,25-29,No,NA,With Traffic,B: Evident Injury,Travel Lane,Black,Male,57,50-59,No,NA,26-30 mph,O: No Injury,Black,Female,Passenger Car,No,03APR2008,Thursday,Bicyclist Failed to Yield - Sign-Controlled Intersection,9,Intersection,April,B: Evident Injury,09:32:00,Bicyclist Ride Through - Sign-Controlled Intersection,2008,Yes,No,Daylight,Straight - Level,Public Vehicular Area,Dry,"Two-Way, Not Divided",None,Four-Way Intersection,Smooth Asphalt,2 lanes,"35.9565730684, -79.997253029"
5663,Charlotte,Mecklenburg,Piedmont,Residential,Mixed (30% To 70% Developed),NA,Urban,30 - 35  MPH,No Control Present,Clear,No,7,6-10,No,NA,With Traffic,C: Possible Injury,Travel Lane,Black,Male,59,50-59,No,NA,21-25 mph,O: No Injury,Black,Male,Van,No,22MAY2008,Thursday,Bicyclist Failed to Yield - Sign-Controlled Intersection,19,Intersection,May,C: Possible Injury,19:42:00,Bicyclist Ride Out - Sign-Controlled Intersection,2008,Yes,No,Daylight,Straight - Grade,Local Street,Dry,"Two-Way, Not Divided",None,No Special Feature,Smooth Asphalt,2 lanes,"35.2563548874, -80.8613932486"
5673,Gastonia,Gaston,Piedmont,Residential,Urban (>70% Developed),NA,Urban,30 - 35  MPH,Missing,Clear,No,7,6-10,No,NA,Not Applicable,C: Possible Injury,Driveway / Alley,Asian,Female,23,20-24,No,NA,21-25 mph,O: No Injury,White,Female,Passenger Car,No,07APR2008,Monday,Bicyclist Failed to Yield - Midblock,13,Non-Intersection,April,C: Possible Injury,13:49:00,Bicyclist Ride Out - Residential Driveway,2008,No,No,Daylight,Straight - Level,Local Street,Dry,"Two-Way, Not Divided",None,"Driveway, Public",Smooth Asphalt,2 lanes,"35.2557748779, -81.1297433293"
5696,Greensboro,Guilford,Piedmont,Institutional,Urban (>70% Developed),NA,Urban,20 - 25  MPH,No Control Present,Clear,No,20,20-24,No,NA,With Traffic,Unknown Injury,Bike Lane / Paved Shoulder,White,Male,70+,70+,No,NA,NA,O: No Injury,White,Male,Passenger Car,No,17APR2008,Thursday,Motorist Right Turn / Merge,19,Non-Intersection,April,O: No Injury,19:16:00,Motorist Right Turn - Same Direction,2008,No,No,Daylight,Straight - Level,Local Street,Dry,"Two-Way, Not Divided",None,Shared-Use Paths Or Trails,Smooth Asphalt,3 lanes,"36.0657230986, -79.811112979"
5697,None - Rural Crash,Robeson,Coastal,"Farms, Woods, Pastures",Rural (<30% Developed),NA,Rural,50 - 55  MPH,No Control Present,Clear,No,20,20-24,No,NA,With Traffic,B: Evident Injury,Travel Lane,Native American,Female,63,60-69,No,NA,51-55 mph,O: No Injury,White,Male,Tractor/Semi-Trailer,No,23MAY2008,Friday,Motorist Overtaking Bicyclist,4,Non-Intersection,May,B: Evident Injury,04:24:00,Motorist Overtaking - Undetected Bicyclist,2008,No,No,Dark - Roadway Not Lighted,Straight - Level,NC Route,Dry,"Two-Way, Not Divided",None,No Special Feature,Coarse Asphalt,2 lanes,"34.8100048506, -79.2055627294"