object_id,city,county,region,development,locality,on_road,rural_urban,speed_limit,traffic_control,weather,workzone,bike_age,bike_age_group,bike_alcohol,bike_alcohol_drugs,bike_direction,bike_injury,bike_position,bike_race,bike_sex,driver_age,driver_age_group,driver_alcohol,driver_alcohol_drugs,driver_est_speed,driver_injury,driver_race,driver_sex,driver_vehicle_type,crash_alcohol,crash_date,crash_day,crash_group,crash_hour,crash_location,crash_month,crash_severity,crash_time,crash_type,crash_year,ambulance_req,hit_run,light_condition,road_character,road_class,road_condition,road_configuration,road_defects,road_feature,road_surface,num_lanes,geo_point
5701,Raleigh,Wake,Piedmont,Commercial,Urban (>70% Developed),NA,Urban,20 - 25  MPH,Stop And Go Signal,Cloudy,No,22,20-24,No,NA,With Traffic,C: Possible Injury,Travel Lane,White,Female,36,30-39,No,NA,6-10 mph,O: No Injury,White,Female,Passenger Car,No,27APR2008,Sunday,Motorist Failed to Yield - Signalized Intersection,20,Intersection,April,C: Possible Injury,20:10:00,Motorist Drive Out - Right Turn on Red,2008,No,No,Dusk,Straight - Level,Local Street,Wet,"Two-Way, Not Divided",None,No Special Feature,Concrete,4 lanes,"35.7857810801, -78.6614126155"
5703,None - Rural Crash,Orange,Piedmont,"Farms, Woods, Pastures",Mixed (30% To 70% Developed),NA,Rural,40 - 45  MPH,"Double Yellow Line, No Passing Zone",Clear,No,51,50-59,No,NA,With Traffic,B: Evident Injury,Travel Lane,White,Male,49,40-49,No,NA,41-45 mph,O: No Injury,Black,Male,Sport Utility,No,17APR2008,Thursday,Motorist Overtaking Bicyclist,20,Non-Intersection,April,B: Evident Injury,20:38:00,Motorist Overtaking - Undetected Bicyclist,2008,No,No,Dark - Roadway Not Lighted,Straight - Level,State Secondary Route,Dry,"Two-Way, Not Divided",None,No Special Feature,Smooth Asphalt,2 lanes,"35.9278670923, -79.1747427788"
5712,Raleigh,Wake,Piedmont,Commercial,Urban (>70% Developed),NA,Urban,40 - 45  MPH,Missing,Cloudy,No,18,16-19,No,NA,NA,C: Possible Injury,NA,White,Female,34,30-39,No,NA,31-35 mph,O: No Injury,Black,Female,Passenger Car,No,22APR2008,Tuesday,Crossing Paths - Other Circumstances,16,Non-Intersection,April,C: Possible Injury,16:05:00,Crossing Paths - Midblock - Other / Unknown,2008,No,No,Daylight,Straight - Grade,Local Street,Wet,"Two-Way, Divided, Positive Median Barrier",None,No Special Feature,Smooth Asphalt,4 lanes,"35.7780570781, -78.6632626159"
5713,Raleigh,Wake,Piedmont,Residential,Urban (>70% Developed),NA,Urban,20 - 25  MPH,No Control Present,Cloudy,No,60,60-69,No,NA,With Traffic,K: Killed,Travel Lane,White,Female,21,20-24,Yes,NA,31-35 mph,O: No Injury,White,Male,Pickup,Yes,23APR2008,Wednesday,Motorist Overtaking Bicyclist,10,Non-Intersection,April,K: Killed,10:57:00,Motorist Overtaking - Other / Unknown,2008,Yes,No,Daylight,Straight - Grade,Local Street,Dry,"Two-Way, Not Divided",None,No Special Feature,Smooth Asphalt,2 lanes,"35.7785870783, -78.6729726187"
5716,Asheville,Buncombe,Mountains,Commercial,Urban (>70% Developed),NA,Urban,30 - 35  MPH,Stop And Go Signal,Clear,No,20,20-24,No,NA,With Traffic,A: Disabling Injury,Travel Lane,White,Male,52,50-59,No,NA,31-35 mph,O: No Injury,White,Male,Pickup,No,24APR2008,Thursday,Bicyclist Left Turn / Merge,13,Intersection,April,A: Disabling Injury,13:33:00,Bicyclist Left Turn - Opposite Direction,2008,Yes,No,Daylight,Straight - Grade,Local Street,Dry,"Two-Way, Not Divided",None,Four-Way Intersection,Coarse Asphalt,4 lanes,"35.6203339013, -82.554433772"
5736,Fayetteville,Cumberland,Coastal,Commercial,Urban (>70% Developed),NA,Urban,NA,No Control Present,Cloudy,No,18,16-19,No,NA,With Traffic,B: Evident Injury,Sidewalk / Crosswalk / Driveway Crossing,White,Male,20,20-24,No,NA,0-5 mph,O: No Injury,Black,Male,Passenger Car,No,02MAY2008,Friday,Motorist Failed to Yield - Midblock,13,Non-Intersection,May,B: Evident Injury,13:22:00,Motorist Drive Out - Commercial Driveway / Alley,2008,Yes,No,Daylight,Straight - Grade,Local Street,Dry,"Two-Way, Not Divided",None,No Special Feature,Concrete,NA,"35.0402769107, -78.905582651"
5750,Kinston,Lenoir,Coastal,Residential,Urban (>70% Developed),NA,Urban,30 - 35  MPH,Stop Sign,Clear,No,7,6-10,No,NA,With Traffic,C: Possible Injury,Travel Lane,Black,Male,48,40-49,No,NA,31-35 mph,O: No Injury,Black,Male,Pickup,No,14JUN2008,Saturday,Bicyclist Failed to Yield - Sign-Controlled Intersection,19,Intersection,June,C: Possible Injury,19:36:00,Bicyclist Ride Through - Sign-Controlled Intersection,2008,Yes,No,Daylight,Straight - Level,NC Route,Dry,"Two-Way, Divided, Unprotected Median",None,Four-Way Intersection,Coarse Asphalt,4 lanes,"35.2636140048, -77.5724022585"
5752,None - Rural Crash,Durham,Piedmont,"Farms, Woods, Pastures",Rural (<30% Developed),NA,Rural,40 - 45  MPH,"Double Yellow Line, No Passing Zone",Clear,No,14,11-15,No,NA,With Traffic,B: Evident Injury,Travel Lane,Hispanic,Male,50,50-59,No,NA,41-45 mph,O: No Injury,Black,Female,Passenger Car,No,07MAY2008,Wednesday,Motorist Overtaking Bicyclist,15,Non-Intersection,May,B: Evident Injury,15:17:00,Motorist Overtaking - Bicyclist Swerved,2008,No,No,Daylight,Straight - Level,State Secondary Route,Dry,"Two-Way, Not Divided",None,No Special Feature,Coarse Asphalt,2 lanes,"36.0768121347, -78.8602226915"
5753,Mount Holly,Gaston,Piedmont,Residential,Urban (>70% Developed),NA,Urban,NA,No Control Present,Clear,No,27,25-29,Yes,NA,Not Applicable,B: Evident Injury,Non-Roadway,White,Male,21,20-24,No,NA,0-5 mph,O: No Injury,White,Male,Sport Utility,Yes,07MAY2008,Wednesday,Non-Roadway,21,Non-Roadway,May,B: Evident Injury,21:24:00,Non-Roadway,2008,Yes,No,Dark - Roadway Not Lighted,Straight - Level,Local Street,Dry,"Two-Way, Not Divided",None,No Special Feature,Smooth Asphalt,NA,"35.2853168881, -81.0207332975"
5758,Burlington,Alamance,Piedmont,Residential,Urban (>70% Developed),NA,Urban,NA,No Control Present,Clear,No,4,0-5,No,NA,Not Applicable,C: Possible Injury,Non-Roadway,Black,Male,27,25-29,No,NA,0-5 mph,O: No Injury,White,Female,Passenger Car,No,08MAY2008,Thursday,Non-Roadway,15,Non-Roadway,May,C: Possible Injury,15:17:00,Non-Roadway,2008,Yes,No,Daylight,Straight - Level,Public Vehicular Area,Dry,"Two-Way, Not Divided",None,No Special Feature,Smooth Asphalt,NA,"36.0661001123, -79.4205028611"
5766,Raleigh,Wake,Piedmont,Residential,Urban (>70% Developed),NA,Urban,20 - 25  MPH,Stop Sign,Clear,No,37,30-39,No,NA,With Traffic,O: No Injury,Travel Lane,Black,Male,65,60-69,No,NA,11-15 mph,O: No Injury,Black,Male,"Light Truck (Mini-Van, Panel)",No,13MAY2008,Tuesday,Bicyclist Failed to Yield - Sign-Controlled Intersection,18,Intersection,May,O: No Injury,18:13:00,Bicyclist Ride Through - Sign-Controlled Intersection,2008,No,No,Daylight,Straight - Grade,Local Street,Dry,"Two-Way, Not Divided",None,Four-Way Intersection,Smooth Asphalt,2 lanes,"35.7822720808, -78.6321926066"
5768,Raleigh,Wake,Piedmont,Residential,Urban (>70% Developed),NA,Urban,30 - 35  MPH,Stop Sign,Clear,No,46,40-49,No,NA,With Traffic,B: Evident Injury,Travel Lane,White,Male,50,50-59,No,NA,NA,O: No Injury,Other,Male,Passenger Car,No,01MAY2008,Thursday,Motorist Failed to Yield - Sign-Controlled Intersection,7,Intersection,May,B: Evident Injury,07:05:00,Motorist Drive Out - Sign-Controlled Intersection,2008,Yes,No,Daylight,Straight - Grade,Local Street,Dry,"Two-Way, Not Divided",None,Four-Way Intersection,Smooth Asphalt,5 lanes,"35.8155890854, -78.695932628"
5770,Raleigh,Wake,Piedmont,Commercial,Rural (<30% Developed),NA,Urban,40 - 45  MPH,Stop And Go Signal,Clear,No,29,25-29,No,NA,Facing Traffic,B: Evident Injury,Sidewalk / Crosswalk / Driveway Crossing,White,Female,18,0-19,No,NA,0-5 mph,O: No Injury,White,Female,Passenger Car,No,07MAY2008,Wednesday,Motorist Failed to Yield - Signalized Intersection,14,Intersection,May,B: Evident Injury,14:48:00,Motorist Drive Out - Right Turn on Red,2008,Yes,No,Daylight,Straight - Level,Local Street,Dry,"Two-Way, Not Divided",None,No Special Feature,Smooth Asphalt,5 lanes,"35.8155570846, -78.7050576308"
5771,Raleigh,Wake,Piedmont,Commercial,Urban (>70% Developed),NA,Urban,40 - 45  MPH,Missing,Clear,No,48,40-49,Yes,NA,NA,C: Possible Injury,NA,Black,Male,38,30-39,No,NA,41-45 mph,O: No Injury,Black,Female,Passenger Car,Yes,30APR2008,Wednesday,Bicyclist Failed to Yield - Midblock,22,Non-Intersection,April,C: Possible Injury,22:00:00,Bicyclist Ride Out - Midblock - Unknown,2008,No,No,Dark - Lighted Roadway,NA,Local Street,Dry,NA,None,No Special Feature,NA,NA,"35.7800170801, -78.6145276017"
5774,Greensboro,Guilford,Piedmont,Commercial,Urban (>70% Developed),NA,Urban,30 - 35  MPH,Stop And Go Signal,Cloudy,No,1,0-5,No,NA,Facing Traffic,B: Evident Injury,Sidewalk / Crosswalk / Driveway Crossing,White,Female,61,60-69,No,NA,0-5 mph,O: No Injury,White,Male,Passenger Car,No,12MAY2008,Monday,Crossing Paths - Other Circumstances,16,Intersection,May,B: Evident Injury,16:32:00,Signalized Intersection - Other / Unknown,2008,No,No,Daylight,Straight - Level,Local Street,Dry,"Two-Way, Not Divided",None,Four-Way Intersection,Smooth Asphalt,2 lanes,"36.0742301007, -79.8026229765"
5776,Concord,Cabarrus,Piedmont,Residential,Urban (>70% Developed),NA,Urban,30 - 35  MPH,Missing,Clear,No,31,30-39,No,NA,With Traffic,C: Possible Injury,Travel Lane,White,Male,20,20-24,No,NA,0-5 mph,O: No Injury,White,Male,Pickup,No,13MAY2008,Tuesday,Motorist Failed to Yield - Sign-Controlled Intersection,22,Intersection,May,C: Possible Injury,22:41:00,Motorist Drive Through - Sign-Controlled Intersection,2008,No,No,Dark - Lighted Roadway,Straight - Level,Local Street,Dry,"Two-Way, Not Divided",None,T-Intersection,Smooth Asphalt,2 lanes,"35.390266927, -80.5627431668"
5785,Asheboro,Randolph,Piedmont,Residential,Urban (>70% Developed),NA,Urban,30 - 35  MPH,Missing,Clear,No,7,6-10,No,NA,Not Applicable,C: Possible Injury,Non-Roadway,White,Male,36,30-39,No,NA,21-25 mph,O: No Injury,Black,Male,Sport Utility,No,17MAY2008,Saturday,Bicyclist Failed to Yield - Midblock,11,Non-Intersection,May,C: Possible Injury,11:26:00,Bicyclist Ride Out - Other Midblock,2008,Yes,No,Daylight,Straight - Level,Local Street,Dry,"Two-Way, Not Divided",None,"Driveway, Public",Smooth Asphalt,2 lanes,"35.6904170192, -79.7963429539"
5791,Fayetteville,Cumberland,Coastal,Residential,Urban (>70% Developed),NA,Urban,40 - 45  MPH,Stop Sign,Clear,No,32,30-39,No,NA,NA,B: Evident Injury,NA,White,Female,70+,70+,No,NA,0-5 mph,O: No Injury,Black,Male,Pickup,No,19MAY2008,Monday,Motorist Failed to Yield - Sign-Controlled Intersection,19,Intersection,May,B: Evident Injury,19:07:00,Motorist Drive Out - Sign-Controlled Intersection,2008,Yes,No,Daylight,Straight - Level,Local Street,Dry,"Two-Way, Divided, Unprotected Median",None,Four-Way Intersection,Smooth Asphalt,6 lanes,"35.0417869135, -78.8496426342"
5792,Washington,Beaufort,Coastal,Commercial,Urban (>70% Developed),NA,Urban,NA,Missing,Rain,No,NA,NA,No,NA,Not Applicable,O: No Injury,NA,Other,Male,70+,70+,No,NA,NA,O: No Injury,White,Male,Pickup,No,18MAY2008,Sunday,Crossing Paths - Other Circumstances,20,Non-Intersection,May,O: No Injury,20:38:00,Crossing Paths - Midblock - Other / Unknown,2008,No,No,Dusk,NA,Local Street,Wet,NA,None,No Special Feature,NA,NA,"35.5556020856, -77.0592981169"
5801,Rocky Mount,Nash,Coastal,Commercial,Urban (>70% Developed),NA,Urban,30 - 35  MPH,No Control Present,Cloudy,No,47,40-49,No,NA,Not Applicable,C: Possible Injury,Non-Roadway,Black,Male,15,0-19,No,NA,0-5 mph,O: No Injury,White,Male,Sport Utility,No,21MAY2008,Wednesday,Non-Roadway,17,Non-Roadway,May,C: Possible Injury,17:08:00,Non-Roadway,2008,Yes,No,Daylight,Curve - Level,Public Vehicular Area,Dry,"Two-Way, Not Divided",None,"Driveway, Public",Smooth Asphalt,2 lanes,"35.9709541494, -77.8100623667"
5804,Southern Pines,Moore,Piedmont,Residential,Urban (>70% Developed),NA,Urban,40 - 45  MPH,Missing,Clear,No,67,60-69,No,NA,With Traffic,B: Evident Injury,Travel Lane,White,Male,70+,70+,No,NA,41-45 mph,O: No Injury,White,Female,Passenger Car,No,22MAY2008,Thursday,Motorist Right Turn / Merge,13,Intersection,May,B: Evident Injury,13:13:00,Motorist Right Turn - Same Direction,2008,Yes,No,Daylight,Straight - Grade,NC Route,Dry,"Two-Way, Divided, Unprotected Median",None,T-Intersection,Coarse Asphalt,4 lanes,"35.1928319271, -79.3870628042"
5806,Charlotte,Mecklenburg,Piedmont,Residential,Urban (>70% Developed),NA,Urban,30 - 35  MPH,No Control Present,Clear,No,30,30-39,No,NA,With Traffic,C: Possible Injury,Travel Lane,White,Male,32,30-39,No,NA,16-20 mph,O: No Injury,White,Male,Passenger Car,No,24JUN2008,Tuesday,Motorist Right Turn / Merge,19,Intersection,June,C: Possible Injury,19:45:00,Motorist Right Turn - Same Direction,2008,No,No,Daylight,Straight - Level,Local Street,Dry,"Two-Way, Divided, Unprotected Median",None,No Special Feature,Smooth Asphalt,4 lanes,"35.1835438726, -80.8397532386"
6426,Raleigh,Wake,Piedmont,Commercial,Urban (>70% Developed),NA,Urban,30 - 35  MPH,Flashing Signal With Stop Sign,Clear,No,39,30-39,Yes,NA,With Traffic,O: No Injury,Travel Lane,White,Male,22,20-24,No,NA,31-35 mph,O: No Injury,Black,Female,Passenger Car,Yes,23SEP2008,Tuesday,Bicyclist Failed to Yield - Sign-Controlled Intersection,18,Intersection,September,O: No Injury,18:21:00,Bicyclist Ride Through - Sign-Controlled Intersection,2008,Yes,No,Daylight,Straight - Level,Local Street,Dry,"Two-Way, Not Divided",None,Four-Way Intersection,Coarse Asphalt,2 lanes,"35.8375170902, -78.6789576241"
6431,None - Rural Crash,Johnston,Coastal,"Farms, Woods, Pastures",Rural (<30% Developed),NA,Rural,50 - 55  MPH,"Double Yellow Line, No Passing Zone",Cloudy,No,19,16-19,No,NA,With Traffic,A: Disabling Injury,Bike Lane / Paved Shoulder,White,Male,35,30-39,No,NA,51-55 mph,O: No Injury,White,Female,Passenger Car,No,26DEC2008,Friday,Bicyclist Left Turn / Merge,18,Non-Intersection,December,A: Disabling Injury,18:18:00,Bicyclist Left Turn - Same Direction,2008,Yes,No,Dark - Roadway Not Lighted,Straight - Level,US Route,Wet,"Two-Way, Not Divided",None,No Special Feature,Smooth Asphalt,2 lanes,"35.5871120551, -78.1523324516"
6436,Charlotte,Mecklenburg,Piedmont,Commercial,Urban (>70% Developed),NA,Urban,20 - 25  MPH,Stop And Go Signal,Clear,No,22,20-24,No,NA,With Traffic,B: Evident Injury,Sidewalk / Crosswalk / Driveway Crossing,White,Male,19,0-19,No,NA,6-10 mph,O: No Injury,Hispanic,Male,Passenger Car,No,29DEC2008,Monday,Motorist Right Turn / Merge,19,Intersection,December,B: Evident Injury,19:57:00,Motorist Right Turn - Same Direction,2008,No,No,Dark - Lighted Roadway,Straight - Level,Local Street,Dry,"Two-Way, Not Divided",None,Four-Way Intersection,Smooth Asphalt,4 lanes,"35.2279918821, -80.8420292414"
6438,None - Rural Crash,Catawba,Piedmont,Residential,Mixed (30% To 70% Developed),NA,Rural,30 - 35  MPH,No Control Present,Clear,No,13,11-15,No,NA,Facing Traffic,C: Possible Injury,Travel Lane,Hispanic,Male,19,0-19,No,NA,16-20 mph,O: No Injury,White,Female,Passenger Car,No,31DEC2008,Wednesday,Bicyclist Right Turn / Merge,17,Non-Intersection,December,C: Possible Injury,17:39:00,Bicyclist Right Turn - Same Direction,2008,No,No,Dusk,Straight - Level,State Secondary Route,Dry,"Two-Way, Not Divided",None,No Special Feature,Smooth Asphalt,2 lanes,"35.7519969772, -81.2714333987"
6448,Mooresville,Iredell,Piedmont,Residential,Mixed (30% To 70% Developed),NA,Urban,40 - 45  MPH,"Double Yellow Line, No Passing Zone",Cloudy,No,21,20-24,Yes,NA,With Traffic,B: Evident Injury,Bike Lane / Paved Shoulder,Black,Male,45,40-49,No,NA,41-45 mph,O: No Injury,White,Male,"Single Unit Truck (2-Axle, 6-Tire)",Yes,24NOV2008,Monday,Motorist Overtaking Bicyclist,7,Non-Intersection,November,B: Evident Injury,07:17:00,Motorist Overtaking - Undetected Bicyclist,2008,No,No,Dawn,Straight - Level,Local Street,Dry,"Two-Way, Not Divided",None,No Special Feature,Smooth Asphalt,2 lanes,"35.5693869572, -80.7923532458"
6449,Jacksonville,Onslow,Coastal,Commercial,Urban (>70% Developed),NA,Urban,40 - 45  MPH,Missing,Clear,No,58,50-59,No,NA,Not Applicable,K: Killed,Travel Lane,Black,Male,19,0-19,No,NA,41-45 mph,O: No Injury,White,Male,Passenger Car,No,28NOV2008,Friday,Bicyclist Failed to Yield - Midblock,21,Non-Intersection,November,K: Killed,21:56:00,Bicyclist Ride Out - Other Midblock,2008,Yes,No,Dark - Roadway Not Lighted,Straight - Level,Local Street,Dry,"Two-Way, Not Divided",None,No Special Feature,Coarse Asphalt,7 lanes,"34.7536538995, -77.3809521754"
6458,Raleigh,Wake,Piedmont,Residential,Urban (>70% Developed),NA,Urban,20 - 25  MPH,Missing,Clear,No,8,6-10,No,NA,Not Applicable,C: Possible Injury,Non-Roadway,Black,Female,43,40-49,No,NA,11-15 mph,O: No Injury,Black,Male,"Light Truck (Mini-Van, Panel)",No,06AUG2008,Wednesday,Bicyclist Failed to Yield - Midblock,19,Non-Intersection,August,C: Possible Injury,19:14:00,Bicyclist Ride Out - Other Midblock,2008,No,No,Daylight,Straight - Hillcrest,Local Street,Dry,"Two-Way, Not Divided",None,No Special Feature,Smooth Asphalt,2 lanes,"35.8452570963, -78.5563025878"
6478,Raleigh,Wake,Piedmont,Commercial,Urban (>70% Developed),NA,Urban,40 - 45  MPH,No Control Present,Clear,No,35,30-39,No,NA,With Traffic,B: Evident Injury,Travel Lane,Black,Male,27,25-29,No,NA,31-35 mph,O: No Injury,White,Male,Pickup,No,02JAN2007,Tuesday,Motorist Overtaking Bicyclist,11,Non-Intersection,January,B: Evident Injury,11:32:00,Motorist Overtaking - Other / Unknown,2007,Yes,No,Dark - Lighted Roadway,Straight - Level,Local Street,Dry,"Two-Way, Divided, Unprotected Median",None,No Special Feature,Coarse Asphalt,6 lanes,"35.8540910974, -78.5809885951"
6480,Davidson,Mecklenburg,Piedmont,Residential,Urban (>70% Developed),NA,Urban,30 - 35  MPH,"Double Yellow Line, No Passing Zone",Clear,No,31,30-39,No,NA,With Traffic,B: Evident Injury,Travel Lane,White,Male,17,0-19,No,NA,11-15 mph,O: No Injury,White,Female,Passenger Car,No,03JAN2007,Wednesday,Motorist Right Turn / Merge,15,Intersection,January,B: Evident Injury,15:01:00,Motorist Right Turn - Same Direction,2007,Yes,No,Daylight,Straight - Level,Local Street,Dry,"Two-Way, Not Divided",None,No Special Feature,Concrete,2 lanes,"35.4911839386, -80.8314432528"
6481,Smithfield,Johnston,Coastal,Residential,Urban (>70% Developed),NA,Urban,20 - 25  MPH,No Control Present,Clear,No,10,6-10,No,NA,Not Applicable,C: Possible Injury,Sidewalk / Crosswalk / Driveway Crossing,White,Female,66,60-69,No,NA,16-20 mph,O: No Injury,White,Female,Passenger Car,No,05JAN2007,Friday,Bicyclist Failed to Yield - Midblock,14,Non-Intersection,January,C: Possible Injury,14:48:00,Bicyclist Ride Out - Other Midblock,2007,Yes,No,Daylight,Straight - Level,Local Street,Dry,"Two-Way, Not Divided",None,No Special Feature,Smooth Asphalt,2 lanes,"35.5050270308, -78.3512065068"
6482,Smithfield,Johnston,Coastal,Commercial,Mixed (30% To 70% Developed),NA,Urban,30 - 35  MPH,No Control Present,Rain,No,31,30-39,No,NA,Facing Traffic,C: Possible Injury,Travel Lane,Black,Female,47,40-49,No,NA,0-5 mph,O: No Injury,White,Male,Pickup,No,05JAN2007,Friday,Motorist Failed to Yield - Sign-Controlled Intersection,8,Intersection,January,C: Possible Injury,08:08:00,Motorist Drive Out - Sign-Controlled Intersection,2007,Yes,No,Daylight,Straight - Level,US Route,Wet,"Two-Way, Divided, Unprotected Median",None,No Special Feature,Coarse Asphalt,5 lanes,"35.4923620278, -78.3579125083"
6483,None - Rural Crash,Davie,Piedmont,Residential,Urban (>70% Developed),NA,Rural,50 - 55  MPH,No Control Present,Clear,No,10,6-10,No,NA,Not Applicable,A: Disabling Injury,Non-Roadway,White,Male,26,25-29,No,NA,16-20 mph,O: No Injury,White,Female,Passenger Car,No,06JAN2007,Saturday,Bicyclist Failed to Yield - Midblock,13,Non-Intersection,January,A: Disabling Injury,13:58:00,Bicyclist Ride Out - Other Midblock,2007,Yes,No,Daylight,Straight - Level,Public Vehicular Area,Dry,"Two-Way, Not Divided",None,No Special Feature,Smooth Asphalt,2 lanes,"36.0136470638, -80.4382031649"
6484,None - Rural Crash,Robeson,Coastal,"Farms, Woods, Pastures",Rural (<30% Developed),NA,Rural,50 - 55  MPH,No Control Present,Cloudy,No,49,40-49,Yes,NA,With Traffic,C: Possible Injury,Other,Native American,Female,61,60-69,No,NA,41-45 mph,O: No Injury,Native American,Male,Pickup,Yes,06JAN2007,Saturday,Loss of Control / Turning Error,6,Non-Intersection,January,C: Possible Injury,06:43:00,"Bicyclist Lost Control - Oversteering, Improper Braking, Speed",2007,No,No,Dark - Roadway Not Lighted,Straight - Level,State Secondary Route,Wet,"Two-Way, Not Divided",None,No Special Feature,Smooth Asphalt,2 lanes,"34.7111268354, -79.0251626701"
6487,None - Rural Crash,Carteret,Coastal,Residential,Mixed (30% To 70% Developed),NA,Rural,40 - 45  MPH,No Control Present,Clear,No,30,30-39,Yes,NA,With Traffic,B: Evident Injury,Travel Lane,White,Male,19,0-19,No,NA,41-45 mph,O: No Injury,White,Female,Passenger Car,Yes,08JAN2007,Monday,Motorist Overtaking Bicyclist,19,Non-Intersection,January,B: Evident Injury,19:25:00,Motorist Overtaking - Undetected Bicyclist,2007,Yes,No,Dark - Roadway Not Lighted,Straight - Level,State Secondary Route,Dry,"Two-Way, Not Divided",None,No Special Feature,Smooth Asphalt,2 lanes,"34.792822924, -76.8881220273"
6492,None - Rural Crash,Iredell,Piedmont,"Farms, Woods, Pastures",Rural (<30% Developed),NA,Rural,40 - 45  MPH,"Double Yellow Line, No Passing Zone",Clear,No,13,11-15,Yes,NA,Facing Traffic,C: Possible Injury,Travel Lane,Black,Male,NA,NA,Missing,NA,NA,Unknown Injury,Unknown/Missing,NA,NA,Yes,16JAN2007,Tuesday,Head-On,17,Non-Intersection,January,C: Possible Injury,17:45:00,Head-On - Bicyclist,2007,Yes,Yes,Dusk,Straight - Grade,NC Route,Dry,"Two-Way, Not Divided",None,No Special Feature,Smooth Asphalt,2 lanes,"35.8079570015, -80.9464633045"
6497,Charlotte,Mecklenburg,Piedmont,Commercial,Urban (>70% Developed),NA,Urban,40 - 45  MPH,Stop And Go Signal,Clear,No,50,50-59,No,NA,With Traffic,C: Possible Injury,Travel Lane,White,Male,NA,NA,Missing,NA,26-30 mph,Unknown Injury,Unknown/Missing,NA,NA,No,11JAN2007,Thursday,Bicyclist Failed to Yield - Signalized Intersection,11,Intersection,January,C: Possible Injury,11:00:00,Bicyclist Ride Out - Signalized  Intersection,2007,No,Yes,Daylight,Straight - Level,Local Street,Dry,"Two-Way, Not Divided",None,No Special Feature,Smooth Asphalt,3 lanes,"35.245512884, -80.8931032583"
6508,None - Rural Crash,Cleveland,Mountains,"Farms, Woods, Pastures",Rural (<30% Developed),NA,Rural,60 - 75 MPH,No Control Present,Clear,No,46,40-49,No,NA,With Traffic,K: Killed,Bike Lane / Paved Shoulder,White,Male,35,30-39,No,NA,56-60 mph,O: No Injury,White,Male,Tractor/Semi-Trailer,No,19JAN2007,Friday,Parallel Paths - Other Circumstances,12,Non-Intersection,January,K: Killed,12:06:00,Parallel Paths - Other / Unknown,2007,Yes,No,Daylight,Straight - Level,US Route,Dry,"Two-Way, Divided, Positive Median Barrier",None,No Special Feature,Smooth Asphalt,4 lanes,"35.2467228648, -81.4257234163"
6514,Durham,Durham,Piedmont,Residential,Urban (>70% Developed),NA,Urban,30 - 35  MPH,No Control Present,Clear,No,36,30-39,No,NA,With Traffic,C: Possible Injury,Travel Lane,Black,Male,16,0-19,No,NA,31-35 mph,O: No Injury,White,Male,Passenger Car,No,30MAR2007,Friday,Bicyclist Left Turn / Merge,15,Intersection,March,C: Possible Injury,15:24:00,Bicyclist Left Turn - Same Direction,2007,Yes,No,Daylight,Straight - Grade,Local Street,Dry,"Two-Way, Not Divided",None,Four-Way Intersection,Smooth Asphalt,2 lanes,"36.0170091201, -78.9143127048"
6518,Raleigh,Wake,Piedmont,Commercial,Urban (>70% Developed),NA,Urban,30 - 35  MPH,No Control Present,Clear,No,NA,NA,Missing,NA,Facing Traffic,Unknown Injury,Travel Lane,Unknown/Missing,NA,49,40-49,No,NA,26-30 mph,O: No Injury,White,Female,Passenger Car,No,24JAN2007,Wednesday,Head-On,18,Non-Intersection,January,O: No Injury,18:46:00,Head-On - Bicyclist,2007,No,No,Dark - Lighted Roadway,Straight - Level,Local Street,Dry,"Two-Way, Divided, Unprotected Median",None,No Special Feature,Smooth Asphalt,2 lanes,"35.7507970721, -78.6696026166"
6528,None - Rural Crash,Davidson,Piedmont,Residential,Rural (<30% Developed),NA,Rural,50 - 55  MPH,"Double Yellow Line, No Passing Zone",Clear,No,15,11-15,No,NA,Not Applicable,A: Disabling Injury,Driveway / Alley,White,Male,17,0-19,No,NA,51-55 mph,C: Possible Injury,White,Female,Passenger Car,No,04FEB2007,Sunday,Bicyclist Failed to Yield - Midblock,13,Non-Intersection,February,A: Disabling Injury,13:52:00,Bicyclist Ride Out - Commercial Driveway / Alley,2007,Yes,No,Daylight,Curve - Grade,State Secondary Route,Dry,"Two-Way, Not Divided",None,"Driveway, Private",Smooth Asphalt,2 lanes,"35.6993270044, -80.2463830896"
6531,Havelock,Craven,Coastal,Commercial,Urban (>70% Developed),NA,Urban,30 - 35  MPH,No Control Present,Clear,No,13,11-15,No,NA,With Traffic,Unknown Injury,Sidewalk / Crosswalk / Driveway Crossing,Unknown/Missing,Male,17,0-19,No,NA,6-10 mph,O: No Injury,White,Female,Pickup,No,07FEB2007,Wednesday,Motorist Right Turn / Merge,7,Non-Intersection,February,O: No Injury,07:36:00,Motorist Right Turn - Same Direction,2007,No,No,Daylight,Straight - Level,Public Vehicular Area,Dry,"Two-Way, Not Divided",None,"Driveway, Public",Smooth Asphalt,4 lanes,"34.8827049433, -76.910642039"
6532,Gastonia,Gaston,Piedmont,Residential,Urban (>70% Developed),NA,Urban,30 - 35  MPH,No Control Present,Clear,No,5,0-5,No,NA,Not Applicable,C: Possible Injury,Non-Roadway,Black,Female,43,40-49,No,NA,11-15 mph,O: No Injury,Black,Male,Sport Utility,No,07FEB2007,Wednesday,Bicyclist Failed to Yield - Midblock,15,Non-Intersection,February,C: Possible Injury,15:46:00,Bicyclist Ride Out - Commercial Driveway / Alley,2007,No,No,Daylight,Straight - Grade,Public Vehicular Area,Dry,"Two-Way, Not Divided",None,"Driveway, Public",Coarse Asphalt,2 lanes,"35.2754068796, -81.1995733507"