object_id,city,county,region,development,locality,on_road,rural_urban,speed_limit,traffic_control,weather,workzone,bike_age,bike_age_group,bike_alcohol,bike_alcohol_drugs,bike_direction,bike_injury,bike_position,bike_race,bike_sex,driver_age,driver_age_group,driver_alcohol,driver_alcohol_drugs,driver_est_speed,driver_injury,driver_race,driver_sex,driver_vehicle_type,crash_alcohol,crash_date,crash_day,crash_group,crash_hour,crash_location,crash_month,crash_severity,crash_time,crash_type,crash_year,ambulance_req,hit_run,light_condition,road_character,road_class,road_condition,road_configuration,road_defects,road_feature,road_surface,num_lanes,geo_point
6535,Monroe,Union,Piedmont,Commercial,Urban (>70% Developed),NA,Urban,30 - 35  MPH,Stop Sign,Clear,No,20,20-24,Yes,NA,NA,B: Evident Injury,Travel Lane,Hispanic,Male,32,30-39,No,NA,31-35 mph,O: No Injury,White,Female,Passenger Car,Yes,12FEB2007,Monday,Bicyclist Failed to Yield - Sign-Controlled Intersection,19,Intersection,February,B: Evident Injury,19:44:00,Bicyclist Ride Out - Sign-Controlled Intersection,2007,Yes,No,Dark - Roadway Not Lighted,Straight - Level,NC Route,Dry,"Two-Way, Not Divided",None,Four-Way Intersection,Coarse Asphalt,2 lanes,"34.9745738387, -80.5574831427"
6537,Cary,Wake,Piedmont,Residential,Urban (>70% Developed),NA,Urban,30 - 35  MPH,No Control Present,Clear,No,11,11-15,No,NA,With Traffic,C: Possible Injury,NA,White,Female,20,20-24,No,NA,46-50 mph,O: No Injury,White,Male,Passenger Car,No,22APR2007,Sunday,Crossing Paths - Other Circumstances,16,Intersection,April,C: Possible Injury,16:40:00,Crossing Paths - Intersection - Other / Unknown,2007,Yes,No,Daylight,Curve - Grade,State Secondary Route,Dry,"Two-Way, Divided, Unprotected Median",None,No Special Feature,Smooth Asphalt,4 lanes,"35.7670930725, -78.7677866472"
6538,Wilson,Wilson,Coastal,Residential,Urban (>70% Developed),NA,Urban,40 - 45  MPH,Stop And Go Signal,Rain,No,20,20-24,No,NA,With Traffic,B: Evident Injury,Travel Lane,Black,Male,36,30-39,No,NA,11-15 mph,O: No Injury,White,Female,Passenger Car,No,13FEB2007,Tuesday,Motorist Left Turn / Merge,22,Intersection,February,B: Evident Injury,22:47:00,Motorist Left Turn - Opposite Direction,2007,Yes,No,Dark - Lighted Roadway,Straight - Level,Local Street,Wet,"Two-Way, Not Divided",Road Surface Condition,No Special Feature,Coarse Asphalt,5 lanes,"35.7319570939, -77.9226823892"
6540,None - Rural Crash,Robeson,Coastal,"Farms, Woods, Pastures",Rural (<30% Developed),NA,Rural,50 - 55  MPH,No Control Present,Clear,No,34,30-39,Yes,NA,With Traffic,C: Possible Injury,Travel Lane,Native American,Male,33,30-39,No,NA,51-55 mph,O: No Injury,Native American,Female,Passenger Car,Yes,16FEB2007,Friday,Motorist Overtaking Bicyclist,18,Non-Intersection,February,C: Possible Injury,18:44:00,Motorist Overtaking - Other / Unknown,2007,Yes,No,Dark - Roadway Not Lighted,Straight - Level,State Secondary Route,Dry,"Two-Way, Not Divided",None,No Special Feature,Coarse Asphalt,2 lanes,"34.6423448133, -79.2069227216"
6541,Jefferson,Ashe,Mountains,Commercial,Urban (>70% Developed),NA,Rural,30 - 35  MPH,Stop And Go Signal,Clear,No,38,30-39,No,NA,With Traffic,O: No Injury,Travel Lane,White,Male,64,60-69,No,NA,6-10 mph,O: No Injury,White,Female,Passenger Car,No,27APR2007,Friday,Bicyclist Failed to Yield - Signalized Intersection,7,Intersection,April,O: No Injury,07:37:00,Bicyclist Failed to Clear - Trapped,2007,No,No,Daylight,Straight - Level,US Route,Dry,"Two-Way, Not Divided",None,Four-Way Intersection,Smooth Asphalt,4 lanes,"36.4205011097, -81.4739434984"
6542,Charlotte,Mecklenburg,Piedmont,Commercial,Urban (>70% Developed),NA,Urban,30 - 35  MPH,Stop Sign,Clear,No,30,30-39,No,NA,With Traffic,A: Disabling Injury,Travel Lane,Black,Male,64,60-69,No,NA,6-10 mph,O: No Injury,White,Male,Passenger Car,No,18FEB2007,Sunday,Motorist Failed to Yield - Sign-Controlled Intersection,18,Intersection,February,A: Disabling Injury,18:57:00,Motorist Drive Out - Sign-Controlled Intersection,2007,Yes,No,Dark - Lighted Roadway,Straight - Level,Local Street,Dry,"Two-Way, Divided, Unprotected Median",None,No Special Feature,Smooth Asphalt,2 lanes,"35.186366872, -80.8905332537"
6545,Cary,Wake,Piedmont,Residential,Urban (>70% Developed),NA,Urban,20 - 25  MPH,No Control Present,Clear,No,48,40-49,No,NA,With Traffic,B: Evident Injury,Travel Lane,White,Male,37,30-39,No,NA,21-25 mph,O: No Injury,Black,Male,"Single Unit Truck (2-Axle, 6-Tire)",No,01MAY2007,Tuesday,Motorist Left Turn / Merge,14,Intersection,May,B: Evident Injury,14:47:00,Motorist Left Turn - Opposite Direction,2007,Yes,No,Daylight,Straight - Level,State Secondary Route,Dry,"Two-Way, Not Divided",None,T-Intersection,Smooth Asphalt,5 lanes,"35.7677950726, -78.7654926462"
6550,Raleigh,Wake,Piedmont,Commercial,Urban (>70% Developed),NA,Urban,30 - 35  MPH,No Control Present,Clear,No,42,40-49,No,NA,With Traffic,O: No Injury,Travel Lane,White,Male,34,30-39,No,NA,21-25 mph,O: No Injury,White,Female,Passenger Car,No,22FEB2007,Thursday,Bicyclist Left Turn / Merge,18,Intersection,February,O: No Injury,18:19:00,Bicyclist Left Turn - Opposite Direction,2007,No,No,Dusk,Straight - Level,Local Street,Dry,"Two-Way, Not Divided",None,No Special Feature,Smooth Asphalt,4 lanes,"35.7875370803, -78.6669926173"
6557,Charlotte,Mecklenburg,Piedmont,Commercial,Urban (>70% Developed),NA,Urban,40 - 45  MPH,No Control Present,Clear,No,23,20-24,No,NA,Facing Traffic,C: Possible Injury,Sidewalk / Crosswalk / Driveway Crossing,Black,Male,19,0-19,No,NA,0-5 mph,O: No Injury,White,Female,Sport Utility,No,27FEB2007,Tuesday,Motorist Failed to Yield - Midblock,13,Non-Intersection,February,C: Possible Injury,13:25:00,Motorist Drive Out - Commercial Driveway / Alley,2007,Yes,No,Daylight,Straight - Level,Local Street,Dry,"Two-Way, Not Divided",None,"Driveway, Public",Concrete,2 lanes,"35.2026568809, -80.7341932079"
6565,Charlotte,Mecklenburg,Piedmont,Commercial,Urban (>70% Developed),NA,Urban,30 - 35  MPH,No Control Present,Cloudy,No,54,50-59,No,NA,With Traffic,B: Evident Injury,Travel Lane,Black,Male,64,60-69,No,NA,11-15 mph,O: No Injury,Black,Female,Passenger Car,No,01MAR2007,Thursday,Motorist Left Turn / Merge,9,Non-Intersection,March,B: Evident Injury,09:08:00,Motorist Left Turn - Opposite Direction,2007,Yes,No,Daylight,Straight - Level,Local Street,Dry,"Two-Way, Not Divided",None,No Special Feature,Smooth Asphalt,4 lanes,"35.2218168807, -80.8502632436"
6566,None - Rural Crash,Jones,Coastal,"Farms, Woods, Pastures",Rural (<30% Developed),NA,Rural,50 - 55  MPH,"Double Yellow Line, No Passing Zone",Clear,No,46,40-49,No,NA,Facing Traffic,O: No Injury,Travel Lane,Black,Male,43,40-49,No,NA,51-55 mph,O: No Injury,Black,Female,Sport Utility,No,03MAR2007,Saturday,Head-On,19,Non-Intersection,March,O: No Injury,19:23:00,Head-On - Bicyclist,2007,No,No,Dark - Roadway Not Lighted,Straight - Level,US Route,Dry,"Two-Way, Not Divided",None,No Special Feature,Smooth Asphalt,2 lanes,"35.0130069621, -77.2179661385"
6569,Durham,Durham,Piedmont,Commercial,Urban (>70% Developed),NA,Urban,30 - 35  MPH,Stop And Go Signal,Clear,No,49,40-49,No,NA,Facing Traffic,B: Evident Injury,Sidewalk / Crosswalk / Driveway Crossing,Black,Male,25,25-29,No,NA,0-5 mph,O: No Injury,White,Female,Passenger Car,No,17MAY2007,Thursday,Bicyclist Failed to Yield - Signalized Intersection,19,Intersection,May,B: Evident Injury,19:20:00,Bicyclist Ride Through - Signalized Intersection,2007,Yes,No,Dusk,Straight - Level,Local Street,Dry,"Two-Way, Not Divided",None,Four-Way Intersection,Smooth Asphalt,8 lanes,"35.9027400945, -78.9531327105"
6577,None - Rural Crash,Robeson,Coastal,Residential,Rural (<30% Developed),NA,Rural,30 - 35  MPH,"Double Yellow Line, No Passing Zone",Clear,No,5,0-5,No,NA,Facing Traffic,C: Possible Injury,Travel Lane,Black,Male,24,20-24,No,NA,16-20 mph,O: No Injury,Black,Male,Passenger Car,No,10MAR2007,Saturday,Bicyclist Right Turn / Merge,13,Non-Intersection,March,C: Possible Injury,13:00:00,Bicyclist Right Turn - Same Direction,2007,Yes,No,Daylight,Straight - Level,State Secondary Route,Dry,"Two-Way, Not Divided",None,No Special Feature,Coarse Asphalt,2 lanes,"34.8146068601, -78.9604666566"
6580,Charlotte,Mecklenburg,Piedmont,Commercial,Urban (>70% Developed),NA,Urban,20 - 25  MPH,Stop Sign,Clear,No,34,30-39,No,NA,With Traffic,B: Evident Injury,Travel Lane,Black,Male,38,30-39,No,NA,21-25 mph,O: No Injury,Black,Female,Passenger Car,No,13MAR2007,Tuesday,Motorist Overtaking Bicyclist,0,Intersection,March,B: Evident Injury,00:15:00,Motorist Overtaking - Other / Unknown,2007,No,Yes,Dark - Roadway Not Lighted,Straight - Hillcrest,Local Street,Dry,"Two-Way, Not Divided",None,T-Intersection,Smooth Asphalt,2 lanes,"35.2424838848, -80.8609132475"
6589,Goldsboro,Wayne,Coastal,Commercial,Urban (>70% Developed),NA,Urban,20 - 25  MPH,Stop And Go Signal,Clear,No,53,50-59,Yes,NA,Facing Traffic,C: Possible Injury,Travel Lane,Black,Male,51,50-59,No,NA,21-25 mph,O: No Injury,White,Male,Passenger Car,Yes,09MAR2007,Friday,Loss of Control / Turning Error,11,Intersection,March,C: Possible Injury,11:43:00,Bicyclist Turning Error - Left Turn,2007,Yes,No,Daylight,Straight - Level,Local Street,Dry,"Two-Way, Not Divided",None,Four-Way Intersection,Coarse Asphalt,2 lanes,"35.3964170198, -77.9876923913"
6590,Wilmington,New Hanover,Coastal,Residential,Urban (>70% Developed),NA,Urban,5 - 15 MPH,No Control Present,Clear,No,8,6-10,No,NA,With Traffic,B: Evident Injury,Sidewalk / Crosswalk / Driveway Crossing,White,Male,56,50-59,No,NA,0-5 mph,O: No Injury,White,Female,Passenger Car,No,15MAR2007,Thursday,Motorist Failed to Yield - Midblock,7,Non-Intersection,March,B: Evident Injury,07:50:00,Motorist Drive Out - Residential Driveway,2007,No,No,Daylight,Straight - Level,Local Street,Dry,"Two-Way, Not Divided",None,"Driveway, Private",Concrete,2 lanes,"34.2071637606, -77.9137023104"
6593,None - Rural Crash,Person,Piedmont,"Farms, Woods, Pastures",Rural (<30% Developed),NA,Rural,50 - 55  MPH,Stop And Go Signal,Cloudy,No,18,16-19,No,NA,With Traffic,C: Possible Injury,Bike Lane / Paved Shoulder,White,Male,70+,70+,No,NA,0-5 mph,O: No Injury,White,Male,Passenger Car,No,16MAR2007,Friday,Bicyclist Left Turn / Merge,8,Intersection,March,C: Possible Injury,08:45:00,Bicyclist Left Turn - Same Direction,2007,No,No,Daylight,Straight - Level,US Route,Wet,"Two-Way, Divided, Unprotected Median",None,Four-Way Intersection,Smooth Asphalt,3 lanes,"36.3258571842, -78.9747127406"
6597,None - Rural Crash,Madison,Mountains,"Farms, Woods, Pastures",Rural (<30% Developed),NA,Rural,50 - 55  MPH,"Double Yellow Line, No Passing Zone",Clear,No,64,60-69,No,NA,With Traffic,K: Killed,Travel Lane,White,Male,20,20-24,No,NA,31-35 mph,O: No Injury,White,Male,Pickup,No,11MAR2007,Sunday,Motorist Overtaking Bicyclist,13,Non-Intersection,March,K: Killed,13:22:00,Motorist Overtaking - Misjudged Space,2007,Yes,No,Daylight,Straight - Level,NC Route,Dry,"Two-Way, Not Divided",None,No Special Feature,Smooth Asphalt,2 lanes,"35.9863849715, -82.6899938338"
6601,Burlington,Alamance,Piedmont,Commercial,Urban (>70% Developed),NA,Urban,40 - 45  MPH,No Control Present,Clear,No,53,50-59,No,NA,With Traffic,B: Evident Injury,Travel Lane,Black,Male,70+,70+,No,NA,31-35 mph,O: No Injury,White,Male,Passenger Car,No,19MAR2007,Monday,Motorist Overtaking Bicyclist,11,Non-Intersection,March,B: Evident Injury,11:52:00,Motorist Overtaking - Misjudged Space,2007,Yes,No,Daylight,Straight - Level,Local Street,Dry,"Two-Way, Not Divided",None,No Special Feature,Smooth Asphalt,2 lanes,"36.0592911102, -79.4474228688"
6602,Lumberton,Robeson,Coastal,Residential,Urban (>70% Developed),NA,Urban,20 - 25  MPH,Stop Sign,Clear,No,45,40-49,No,NA,Facing Traffic,C: Possible Injury,Sidewalk / Crosswalk / Driveway Crossing,Black,Male,22,20-24,Yes,NA,0-5 mph,O: No Injury,White,Female,Passenger Car,Yes,19MAR2007,Monday,Motorist Failed to Yield - Sign-Controlled Intersection,19,Intersection,March,C: Possible Injury,19:37:00,Motorist Drive Out - Sign-Controlled Intersection,2007,Yes,Yes,Daylight,Straight - Level,Local Street,Dry,"Two-Way, Not Divided",None,T-Intersection,Smooth Asphalt,6 lanes,"34.608919813, -79.0226086649"
6607,Raleigh,Wake,Piedmont,Commercial,Urban (>70% Developed),NA,Urban,30 - 35  MPH,No Control Present,Clear,No,28,25-29,No,NA,With Traffic,C: Possible Injury,Travel Lane,White,Male,NA,NA,Missing,NA,36-40 mph,Unknown Injury,Unknown/Missing,NA,NA,No,21MAR2007,Wednesday,Motorist Overtaking Bicyclist,23,Non-Intersection,March,C: Possible Injury,23:37:00,Motorist Overtaking - Other / Unknown,2007,No,Yes,Dark - Lighted Roadway,Straight - Level,Local Street,Dry,"Two-Way, Not Divided",None,No Special Feature,Coarse Asphalt,5 lanes,"35.7809750796, -78.6510226125"
6615,Carolina Beach,New Hanover,Coastal,Commercial,Urban (>70% Developed),NA,Urban,NA,Stop And Go Signal,Clear,No,61,60-69,No,NA,With Traffic,O: No Injury,Travel Lane,White,Male,NA,NA,Missing,NA,NA,Unknown Injury,Unknown/Missing,NA,NA,No,25MAR2007,Sunday,Motorist Right Turn / Merge,12,Intersection,March,O: No Injury,12:08:00,Motorist Right Turn - Same Direction,2007,Yes,Yes,Daylight,Straight - Level,Local Street,Dry,"Two-Way, Not Divided",None,Four-Way Intersection,Smooth Asphalt,4 lanes,"34.0334667229, -77.8940922968"
6616,Wadesboro,Anson,Piedmont,Residential,Mixed (30% To 70% Developed),NA,Urban,30 - 35  MPH,No Control Present,Clear,No,54,50-59,No,NA,Not Applicable,C: Possible Injury,Non-Roadway,Black,Male,65,60-69,No,NA,6-10 mph,O: No Injury,Black,Male,Pickup,No,22FEB2007,Thursday,Bicyclist Failed to Yield - Midblock,17,Non-Intersection,February,C: Possible Injury,17:36:00,Bicyclist Ride Out - Midblock - Unknown,2007,Yes,No,Daylight,Straight - Level,Local Street,Dry,"Two-Way, Not Divided",None,No Special Feature,Coarse Asphalt,2 lanes,"34.9765468554, -80.0858490028"
6635,Salisbury,Rowan,Piedmont,Residential,Urban (>70% Developed),NA,Urban,20 - 25  MPH,Stop Sign,Clear,No,12,11-15,No,NA,With Traffic,C: Possible Injury,Travel Lane,Black,Male,65,60-69,No,NA,16-20 mph,O: No Injury,White,Male,Van,No,20JUN2007,Wednesday,Bicyclist Failed to Yield - Sign-Controlled Intersection,13,Intersection,June,C: Possible Injury,13:42:00,Bicyclist Ride Out - Sign-Controlled Intersection,2007,No,No,Daylight,Straight - Level,Local Street,Dry,"One-Way, Not Divided",None,T-Intersection,Smooth Asphalt,1 lane,"35.6630509882, -80.4854531586"
6642,Clemmons,Forsyth,Piedmont,Commercial,Urban (>70% Developed),NA,Urban,30 - 35  MPH,Stop Sign,Clear,No,17,16-19,No,NA,Facing Traffic,B: Evident Injury,Sidewalk / Crosswalk / Driveway Crossing,White,Male,39,30-39,No,NA,6-10 mph,O: No Injury,White,Female,Passenger Car,No,02APR2007,Monday,Crossing Paths - Other Circumstances,18,Intersection,April,B: Evident Injury,18:45:00,Sign-Controlled Intersection - Other / Unknown,2007,No,No,Daylight,Straight - Level,State Secondary Route,Dry,"Two-Way, Not Divided",None,Four-Way Intersection,Smooth Asphalt,3 lanes,"36.0306670701, -80.3818131481"
6643,Winston-Salem,Forsyth,Piedmont,Residential,Rural (<30% Developed),NA,Urban,30 - 35  MPH,No Control Present,Clear,No,15,11-15,No,NA,NA,B: Evident Injury,Travel Lane,Black,Male,45,40-49,No,NA,26-30 mph,O: No Injury,Black,Female,Sport Utility,No,02APR2007,Monday,Bicyclist Failed to Yield - Sign-Controlled Intersection,17,Intersection,April,B: Evident Injury,17:50:00,Bicyclist Ride Through - Sign-Controlled Intersection,2007,Yes,No,Daylight,Straight - Level,Local Street,Dry,"Two-Way, Not Divided",None,No Special Feature,Smooth Asphalt,2 lanes,"36.1053230918, -80.2045030997"
6657,Wilson,Wilson,Coastal,Residential,Urban (>70% Developed),NA,Urban,30 - 35  MPH,Stop Sign,Clear,No,36,30-39,No,NA,With Traffic,B: Evident Injury,Travel Lane,Black,Male,52,50-59,No,NA,21-25 mph,O: No Injury,Black,Male,Passenger Car,No,06APR2007,Friday,Motorist Failed to Yield - Sign-Controlled Intersection,16,Intersection,April,B: Evident Injury,16:36:00,Motorist Drive Out - Sign-Controlled Intersection,2007,Yes,No,Daylight,Straight - Level,Local Street,Dry,"Two-Way, Not Divided",None,No Special Feature,Coarse Asphalt,2 lanes,"35.727797093, -77.9227473884"
6661,Charlotte,Mecklenburg,Piedmont,Commercial,Urban (>70% Developed),NA,Urban,30 - 35  MPH,Stop And Go Signal,Clear,No,47,40-49,No,NA,With Traffic,B: Evident Injury,Sidewalk / Crosswalk / Driveway Crossing,White,Female,58,50-59,No,NA,11-15 mph,O: No Injury,Black,Female,Passenger Car,No,29JUN2007,Friday,Motorist Right Turn / Merge,17,Intersection,June,B: Evident Injury,17:19:00,Motorist Right Turn - Same Direction,2007,Yes,No,Daylight,Straight - Level,Local Street,Dry,"Two-Way, Divided, Positive Median Barrier",None,Four-Way Intersection,Smooth Asphalt,4 lanes,"35.2096628814, -80.7570332149"
6676,Durham,Durham,Piedmont,Residential,Urban (>70% Developed),NA,Urban,30 - 35  MPH,Stop Sign,Clear,No,16,16-19,No,NA,Facing Traffic,C: Possible Injury,NA,Black,Male,59,50-59,No,NA,0-5 mph,O: No Injury,White,Male,Passenger Car,No,12APR2007,Thursday,Motorist Failed to Yield - Sign-Controlled Intersection,19,Intersection,April,C: Possible Injury,19:24:00,Motorist Drive Out - Sign-Controlled Intersection,2007,No,No,Daylight,Straight - Level,Local Street,Dry,"Two-Way, Not Divided",None,T-Intersection,Smooth Asphalt,4 lanes,"36.0224451215, -78.9176927066"
6680,Salisbury,Rowan,Piedmont,Residential,Urban (>70% Developed),NA,Urban,20 - 25  MPH,Stop Sign,Clear,No,14,11-15,No,NA,With Traffic,B: Evident Injury,Travel Lane,White,Male,58,50-59,No,NA,21-25 mph,O: No Injury,White,Female,Passenger Car,No,06JUL2007,Friday,Bicyclist Failed to Yield - Sign-Controlled Intersection,17,Intersection,July,B: Evident Injury,17:17:00,Bicyclist Ride Through - Sign-Controlled Intersection,2007,Yes,No,Daylight,Straight - Grade,Local Street,Dry,"Two-Way, Not Divided",None,Four-Way Intersection,Smooth Asphalt,2 lanes,"35.6666869895, -80.4754291561"
6686,Raleigh,Wake,Piedmont,Residential,Urban (>70% Developed),NA,Urban,20 - 25  MPH,No Control Present,Clear,No,8,6-10,No,NA,Not Applicable,O: No Injury,Driveway / Alley,Black,Male,29,25-29,No,NA,16-20 mph,O: No Injury,Black,Female,Passenger Car,No,10APR2007,Tuesday,Bicyclist Failed to Yield - Midblock,18,Non-Intersection,April,O: No Injury,18:44:00,Bicyclist Ride Out - Commercial Driveway / Alley,2007,No,No,Daylight,Straight - Grade,Local Street,Dry,"Two-Way, Not Divided",None,No Special Feature,Smooth Asphalt,1 lane,"35.7665820763, -78.6411926085"
6689,None - Rural Crash,Gaston,Piedmont,Residential,Urban (>70% Developed),NA,Rural,40 - 45  MPH,No Control Present,Clear,No,39,30-39,No,NA,With Traffic,A: Disabling Injury,Travel Lane,White,Male,27,25-29,No,NA,46-50 mph,O: No Injury,White,Male,Pickup,No,17APR2007,Tuesday,Motorist Overtaking Bicyclist,17,Non-Intersection,April,A: Disabling Injury,17:05:00,Motorist Overtaking - Undetected Bicyclist,2007,Yes,No,Daylight,Straight - Level,NC Route,Dry,"Two-Way, Not Divided",None,No Special Feature,Smooth Asphalt,2 lanes,"35.2925638819, -81.2369533632"
6698,Winston-Salem,Forsyth,Piedmont,Commercial,Urban (>70% Developed),NA,Urban,40 - 45  MPH,No Control Present,Clear,No,35,30-39,No,NA,With Traffic,B: Evident Injury,Sidewalk / Crosswalk / Driveway Crossing,White,Male,37,30-39,No,NA,21-25 mph,O: No Injury,White,Female,Passenger Car,No,14APR2007,Saturday,Motorist Right Turn / Merge,16,Intersection,April,B: Evident Injury,16:11:00,Motorist Right Turn - Same Direction,2007,Yes,No,Daylight,Straight - Level,US Route,Dry,"One-Way, Not Divided",None,On or Off Ramp,Smooth Asphalt,1 lane,"36.0935970868, -80.2791471213"
6700,Charlotte,Mecklenburg,Piedmont,Residential,Urban (>70% Developed),NA,Urban,30 - 35  MPH,No Control Present,Clear,No,7,6-10,No,NA,Not Applicable,C: Possible Injury,Driveway / Alley,White,Male,41,40-49,No,NA,11-15 mph,O: No Injury,White,Female,Sport Utility,No,20APR2007,Friday,Loss of Control / Turning Error,19,Non-Intersection,April,C: Possible Injury,19:55:00,Bicyclist Lost Control - Mechanical Problems,2007,Yes,No,Daylight,Straight - Level,Local Street,Dry,"Two-Way, Not Divided",None,No Special Feature,Smooth Asphalt,2 lanes,"35.1035868574, -80.8092072247"
6703,Belmont,Gaston,Piedmont,Residential,Urban (>70% Developed),NA,Urban,30 - 35  MPH,Stop Sign,Clear,No,6,6-10,No,NA,With Traffic,B: Evident Injury,Travel Lane,Hispanic,Male,35,30-39,No,NA,11-15 mph,O: No Injury,White,Male,Passenger Car,No,21APR2007,Saturday,Bicyclist Failed to Yield - Sign-Controlled Intersection,13,Intersection,April,B: Evident Injury,13:54:00,Bicyclist Ride Through - Sign-Controlled Intersection,2007,Yes,No,Daylight,Straight - Level,Local Street,Dry,"Two-Way, Not Divided",None,T-Intersection,Coarse Asphalt,2 lanes,"35.2177998728, -81.0471073016"
6712,Durham,Durham,Piedmont,Commercial,Urban (>70% Developed),NA,Urban,5 - 15 MPH,Stop Sign,Clear,No,46,40-49,No,NA,Facing Traffic,O: No Injury,Travel Lane,Black,Male,57,50-59,No,NA,0-5 mph,O: No Injury,Black,Female,Passenger Car,No,23JUL2007,Monday,Motorist Failed to Yield - Midblock,12,Non-Intersection,July,O: No Injury,12:28:00,Motorist Drive Out - Commercial Driveway / Alley,2007,Yes,No,Daylight,Straight - Level,Public Vehicular Area,Dry,"Two-Way, Not Divided",None,"Driveway, Public",Coarse Asphalt,NA,"36.037433126, -78.8930126999"
6724,Charlotte,Mecklenburg,Piedmont,Commercial,Urban (>70% Developed),NA,Urban,30 - 35  MPH,No Control Present,Clear,No,37,30-39,No,NA,With Traffic,B: Evident Injury,Sidewalk / Crosswalk / Driveway Crossing,Black,Male,45,40-49,No,NA,0-5 mph,O: No Injury,Black,Male,Van,No,26JUL2007,Thursday,Motorist Right Turn / Merge,16,Non-Intersection,July,B: Evident Injury,16:04:00,Motorist Right Turn - Same Direction,2007,Yes,No,Daylight,Straight - Grade,Local Street,Dry,"Two-Way, Not Divided",None,"Driveway, Public",Smooth Asphalt,4 lanes,"35.2193468821, -80.7988032282"
6727,Winston-Salem,Forsyth,Piedmont,Residential,Urban (>70% Developed),NA,Urban,30 - 35  MPH,Stop Sign,Clear,No,53,50-59,No,NA,Facing Traffic,A: Disabling Injury,Travel Lane,Black,Male,70+,70+,No,NA,31-35 mph,B: Evident Injury,Black,Male,Passenger Car,No,29APR2007,Sunday,Bicyclist Failed to Yield - Sign-Controlled Intersection,20,Intersection,April,A: Disabling Injury,20:35:00,Bicyclist Ride Through - Sign-Controlled Intersection,2007,Yes,No,Dark - Lighted Roadway,Straight - Level,Local Street,Dry,"Two-Way, Not Divided",None,T-Intersection,Smooth Asphalt,3 lanes,"36.1003790905, -80.2269331062"
6734,Monroe,Union,Piedmont,Commercial,Mixed (30% To 70% Developed),NA,Urban,5 - 15 MPH,No Control Present,Cloudy,No,44,40-49,No,NA,With Traffic,C: Possible Injury,NA,Black,Male,36,30-39,No,NA,0-5 mph,O: No Injury,White,Male,Pickup,No,30JUL2007,Monday,Motorist Right Turn / Merge,8,Intersection,July,C: Possible Injury,08:20:00,Motorist Right Turn - Same Direction,2007,Yes,No,Daylight,Straight - Grade,Local Street,Dry,"One-Way, Not Divided",None,T-Intersection,Smooth Asphalt,1 lane,"34.9815738404, -80.5432771389"
6737,Charlotte,Mecklenburg,Piedmont,Residential,Urban (>70% Developed),NA,Urban,30 - 35  MPH,Stop And Go Signal,Clear,No,13,11-15,No,NA,Facing Traffic,O: No Injury,Sidewalk / Crosswalk / Driveway Crossing,White,Male,57,50-59,No,NA,16-20 mph,O: No Injury,Black,Male,Pickup,No,30APR2007,Monday,Bicyclist Failed to Yield - Signalized Intersection,16,Intersection,April,O: No Injury,16:34:00,Bicyclist Ride Out - Signalized  Intersection,2007,No,No,Daylight,Straight - Level,Local Street,Dry,"Two-Way, Divided, Unprotected Median",None,No Special Feature,Smooth Asphalt,4 lanes,"35.0304328411, -80.8206432249"
6745,None - Rural Crash,Brunswick,Coastal,Residential,Rural (<30% Developed),NA,Rural,40 - 45  MPH,No Control Present,Clear,No,54,50-59,No,NA,With Traffic,B: Evident Injury,Travel Lane,White,Male,16,0-19,No,NA,41-45 mph,O: No Injury,Black,Female,Pickup,No,04MAY2007,Friday,Motorist Overtaking Bicyclist,22,Non-Intersection,May,B: Evident Injury,22:17:00,Motorist Overtaking - Undetected Bicyclist,2007,Yes,No,Dark - Roadway Not Lighted,Straight - Level,State Secondary Route,Dry,"Two-Way, Not Divided",None,No Special Feature,Coarse Asphalt,2 lanes,"34.2467297652, -78.0568223555"
6746,None - Rural Crash,Buncombe,Mountains,"Farms, Woods, Pastures",Rural (<30% Developed),NA,Rural,40 - 45  MPH,"Double Yellow Line, No Passing Zone",Cloudy,No,20,20-24,No,NA,With Traffic,A: Disabling Injury,Travel Lane,White,Male,40,40-49,No,NA,41-45 mph,O: No Injury,White,Male,Pickup,No,04MAY2007,Friday,Bicyclist Left Turn / Merge,17,Intersection,May,A: Disabling Injury,17:30:00,Bicyclist Left Turn - Same Direction,2007,Yes,No,Daylight,Straight - Grade,State Secondary Route,Dry,"Two-Way, Not Divided",None,T-Intersection,Smooth Asphalt,2 lanes,"35.4874268761, -82.4775137416"
6752,None - Rural Crash,Gaston,Piedmont,Commercial,Mixed (30% To 70% Developed),NA,Rural,40 - 45  MPH,"Double Yellow Line, No Passing Zone",Clear,No,52,50-59,No,NA,With Traffic,C: Possible Injury,Travel Lane,White,Male,70+,70+,No,NA,41-45 mph,O: No Injury,White,Male,Passenger Car,No,07MAY2007,Monday,Motorist Overtaking Bicyclist,20,Non-Intersection,May,C: Possible Injury,20:06:00,Motorist Overtaking - Misjudged Space,2007,Yes,No,Daylight,Curve - Level,NC Route,Dry,"Two-Way, Not Divided",None,No Special Feature,Smooth Asphalt,2 lanes,"35.1968368648, -81.1523533328"
6753,Rocky Mount,Nash,Coastal,Residential,Urban (>70% Developed),NA,Urban,30 - 35  MPH,No Control Present,Clear,No,32,30-39,No,NA,Facing Traffic,O: No Injury,Travel Lane,Black,Male,35,30-39,No,NA,0-5 mph,O: No Injury,Black,Female,Passenger Car,No,07MAY2007,Monday,Bicyclist Right Turn / Merge,15,Non-Intersection,May,O: No Injury,15:37:00,Bicyclist Right Turn - Same Direction,2007,No,No,Daylight,Straight - Grade,Local Street,Dry,"Two-Way, Not Divided",None,No Special Feature,Coarse Asphalt,3 lanes,"35.9173571379, -77.8075583638"