object_id,city,county,region,development,locality,on_road,rural_urban,speed_limit,traffic_control,weather,workzone,bike_age,bike_age_group,bike_alcohol,bike_alcohol_drugs,bike_direction,bike_injury,bike_position,bike_race,bike_sex,driver_age,driver_age_group,driver_alcohol,driver_alcohol_drugs,driver_est_speed,driver_injury,driver_race,driver_sex,driver_vehicle_type,crash_alcohol,crash_date,crash_day,crash_group,crash_hour,crash_location,crash_month,crash_severity,crash_time,crash_type,crash_year,ambulance_req,hit_run,light_condition,road_character,road_class,road_condition,road_configuration,road_defects,road_feature,road_surface,num_lanes,geo_point
6755,Elizabeth City,Pasquotank,Coastal,Residential,Urban (>70% Developed),NA,Urban,50 - 55  MPH,Stop And Go Signal,Cloudy,No,49,40-49,No,NA,With Traffic,B: Evident Injury,NA,White,Male,20,20-24,No,NA,21-25 mph,O: No Injury,White,Male,Passenger Car,No,08MAY2007,Tuesday,Motorist Left Turn / Merge,20,Intersection,May,B: Evident Injury,20:56:00,Motorist Left Turn - Opposite Direction,2007,Yes,No,Dark - Lighted Roadway,Straight - Level,Local Street,Wet,"Two-Way, Divided, Unprotected Median",None,Four-Way Intersection,Coarse Asphalt,5 lanes,"36.2815622703, -76.2234358966"
6757,Winston-Salem,Forsyth,Piedmont,Residential,Urban (>70% Developed),NA,Urban,30 - 35  MPH,No Control Present,Clear,No,6,6-10,No,NA,NA,A: Disabling Injury,Travel Lane,Black,Male,18,0-19,No,NA,36-40 mph,O: No Injury,Black,Female,Passenger Car,No,08MAY2007,Tuesday,Other / Unknown - Insufficient Details,17,Non-Intersection,May,A: Disabling Injury,17:06:00,Unknown Approach Paths,2007,Yes,Yes,Daylight,Straight - Level,Local Street,Dry,"Two-Way, Not Divided",None,No Special Feature,Smooth Asphalt,2 lanes,"36.0615610779, -80.323813133"
6764,Charlotte,Mecklenburg,Piedmont,Commercial,Urban (>70% Developed),NA,Urban,30 - 35  MPH,No Control Present,Clear,No,29,25-29,No,NA,With Traffic,O: No Injury,Sidewalk / Crosswalk / Driveway Crossing,Hispanic,Male,23,20-24,No,NA,0-5 mph,O: No Injury,Black,Female,Passenger Car,No,04AUG2007,Saturday,Motorist Right Turn / Merge,12,Non-Intersection,August,O: No Injury,12:29:00,Motorist Right Turn - Same Direction,2007,No,No,Daylight,Straight - Level,Public Vehicular Area,Dry,"Two-Way, Not Divided",None,No Special Feature,Smooth Asphalt,NA,"35.2133398786, -80.8557772447"
6772,Charlotte,Mecklenburg,Piedmont,Residential,Urban (>70% Developed),NA,Urban,30 - 35  MPH,No Control Present,Clear,No,48,40-49,No,NA,With Traffic,A: Disabling Injury,Travel Lane,Other,Male,NA,NA,Missing,NA,21-25 mph,Unknown Injury,Unknown/Missing,NA,NA,No,13MAY2007,Sunday,Motorist Right Turn / Merge,16,Non-Intersection,May,A: Disabling Injury,16:44:00,Motorist Right Turn - Same Direction,2007,Yes,Yes,Daylight,Straight - Hillcrest,Local Street,Dry,"Two-Way, Divided, Unprotected Median",None,No Special Feature,Smooth Asphalt,4 lanes,"35.1640768675, -80.873623247"
6787,Charlotte,Mecklenburg,Piedmont,Commercial,Urban (>70% Developed),NA,Urban,NA,Stop And Go Signal,Clear,No,25,25-29,No,NA,Facing Traffic,B: Evident Injury,Travel Lane,White,Female,NA,NA,Missing,NA,NA,Unknown Injury,Unknown/Missing,NA,NA,No,17AUG2007,Friday,Bicyclist Failed to Yield - Signalized Intersection,14,Intersection,August,B: Evident Injury,14:27:00,Bicyclist Ride Through - Signalized Intersection,2007,Yes,Yes,Daylight,Straight - Level,Local Street,Dry,"Two-Way, Not Divided",None,Four-Way Intersection,Smooth Asphalt,3 lanes,"35.2203938807, -80.8350232395"
6789,Charlotte,Mecklenburg,Piedmont,Residential,Urban (>70% Developed),NA,Urban,40 - 45  MPH,No Control Present,Clear,No,30,30-39,No,NA,Facing Traffic,B: Evident Injury,Sidewalk / Crosswalk / Driveway Crossing,Black,Female,28,25-29,No,NA,0-5 mph,O: No Injury,Black,Female,Passenger Car,No,18AUG2007,Saturday,Motorist Failed to Yield - Midblock,11,Non-Intersection,August,B: Evident Injury,11:09:00,Motorist Drive Out - Residential Driveway,2007,Yes,No,Daylight,Straight - Level,Public Vehicular Area,Dry,NA,None,No Special Feature,Grooved Concrete,NA,"35.2506098902, -80.7750732226"
6795,Cary,Wake,Piedmont,Residential,Urban (>70% Developed),NA,Urban,20 - 25  MPH,No Control Present,Cloudy,No,40,40-49,No,NA,With Traffic,B: Evident Injury,Travel Lane,White,Male,44,40-49,No,NA,16-20 mph,O: No Injury,White,Female,Passenger Car,No,21AUG2007,Tuesday,Bicyclist Left Turn / Merge,18,Intersection,August,B: Evident Injury,18:51:00,Bicyclist Left Turn - Same Direction,2007,Yes,No,Daylight,Straight - Level,Local Street,Wet,"Two-Way, Not Divided",None,No Special Feature,Coarse Asphalt,4 lanes,"35.7817870759, -78.7675726476"
6797,Waxhaw,Union,Piedmont,Residential,Urban (>70% Developed),NA,Rural,NA,No Control Present,Clear,No,11,11-15,No,NA,With Traffic,O: No Injury,Sidewalk / Crosswalk / Driveway Crossing,Black,Male,36,30-39,No,NA,0-5 mph,O: No Injury,Native American,Female,Passenger Car,No,06MAY2007,Sunday,Motorist Left Turn / Merge,19,Intersection,May,O: No Injury,19:14:00,Motorist Left Turn - Opposite Direction,2007,No,No,Daylight,Straight - Level,Local Street,Dry,"Two-Way, Not Divided",None,No Special Feature,Coarse Asphalt,2 lanes,"34.9242318209, -80.7472231968"
6798,None - Rural Crash,Carteret,Coastal,Residential,Mixed (30% To 70% Developed),NA,Rural,30 - 35  MPH,"Double Yellow Line, No Passing Zone",Clear,No,18,16-19,No,NA,Facing Traffic,B: Evident Injury,Travel Lane,White,Male,NA,NA,Missing,NA,NA,Unknown Injury,Unknown/Missing,NA,Van,No,21MAY2007,Monday,Motorist Overtaking Bicyclist,22,Non-Intersection,May,B: Evident Injury,22:15:00,Motorist Overtaking - Other / Unknown,2007,Yes,Yes,Dark - Roadway Not Lighted,Curve - Level,State Secondary Route,Dry,"Two-Way, Not Divided",None,No Special Feature,Coarse Asphalt,2 lanes,"34.7218549065, -76.9375920388"
6810,Durham,Durham,Piedmont,Commercial,Urban (>70% Developed),NA,Urban,30 - 35  MPH,No Control Present,Clear,No,48,40-49,No,NA,NA,B: Evident Injury,Non-Roadway,Black,Male,NA,NA,Missing,NA,0-5 mph,Unknown Injury,Unknown/Missing,NA,Sport Utility,No,25AUG2007,Saturday,Non-Roadway,14,Non-Roadway,August,B: Evident Injury,14:12:00,Non-Roadway,2007,Yes,No,Daylight,Curve - Hillcrest,Public Vehicular Area,Dry,"Two-Way, Not Divided",None,No Special Feature,Smooth Asphalt,NA,"35.986827115, -78.8977426982"
6812,Lewisville,Forsyth,Piedmont,Residential,Rural (<30% Developed),NA,Urban,40 - 45  MPH,"Double Yellow Line, No Passing Zone",Clear,No,56,50-59,No,NA,With Traffic,C: Possible Injury,Travel Lane,White,Male,26,25-29,No,NA,21-25 mph,O: No Injury,White,Male,Passenger Car,No,24MAY2007,Thursday,Motorist Overtaking Bicyclist,16,Non-Intersection,May,C: Possible Injury,16:29:00,Motorist Overtaking - Other / Unknown,2007,No,No,Daylight,Straight - Level,State Secondary Route,Dry,"Two-Way, Not Divided",None,No Special Feature,Smooth Asphalt,2 lanes,"36.1450070929, -80.4126731646"
6815,Burlington,Alamance,Piedmont,Residential,Urban (>70% Developed),NA,Urban,30 - 35  MPH,No Control Present,Clear,No,7,6-10,No,NA,NA,B: Evident Injury,Travel Lane,Black,Male,70+,70+,No,NA,11-15 mph,O: No Injury,Black,Male,Passenger Car,No,25MAY2007,Friday,Bicyclist Right Turn / Merge,16,Non-Intersection,May,B: Evident Injury,16:42:00,Bicyclist Right Turn - Opposite Direction,2007,Yes,No,Daylight,Straight - Grade,Local Street,Dry,"Two-Way, Not Divided",None,No Special Feature,Smooth Asphalt,2 lanes,"36.0829231157, -79.4311778651"
6822,None - Rural Crash,New Hanover,Coastal,Residential,Urban (>70% Developed),NA,Rural,30 - 35  MPH,No Control Present,Clear,No,7,6-10,No,NA,Not Applicable,C: Possible Injury,Driveway / Alley,Hispanic,Male,28,25-29,No,NA,26-30 mph,O: No Injury,White,Female,Sport Utility,No,26MAY2007,Saturday,Bicyclist Failed to Yield - Midblock,20,Non-Intersection,May,C: Possible Injury,20:20:00,Bicyclist Ride Out - Residential Driveway,2007,Yes,No,Dark - Roadway Not Lighted,Straight - Grade,State Secondary Route,Dry,"Two-Way, Not Divided",None,"Driveway, Private",Smooth Asphalt,2 lanes,"34.2775027792, -77.8389322912"
6825,None - Rural Crash,Caldwell,Mountains,Residential,Mixed (30% To 70% Developed),NA,Rural,40 - 45  MPH,"Double Yellow Line, No Passing Zone",Clear,No,40,40-49,Yes,NA,With Traffic,B: Evident Injury,Travel Lane,White,Male,19,0-19,No,NA,41-45 mph,O: No Injury,White,Male,Passenger Car,Yes,27MAY2007,Sunday,Motorist Overtaking Bicyclist,11,Non-Intersection,May,B: Evident Injury,11:49:00,Motorist Overtaking - Other / Unknown,2007,Yes,No,Dark - Roadway Not Lighted,Straight - Level,State Secondary Route,Dry,"Two-Way, Not Divided",None,No Special Feature,Smooth Asphalt,2 lanes,"35.8308569831, -81.5546984871"
6828,Asheville,Buncombe,Mountains,Commercial,Urban (>70% Developed),NA,Urban,NA,Stop And Go Signal,Clear,No,27,25-29,No,NA,Facing Traffic,C: Possible Injury,Sidewalk / Crosswalk / Driveway Crossing,White,Male,NA,NA,Missing,NA,NA,Unknown Injury,Unknown/Missing,NA,NA,No,02MAY2007,Wednesday,Crossing Paths - Other Circumstances,17,Intersection,May,C: Possible Injury,17:15:00,Signalized Intersection - Other / Unknown,2007,No,Yes,Daylight,Straight - Level,Local Street,Dry,"Two-Way, Not Divided",None,Related To Intersection,Smooth Asphalt,2 lanes,"35.5940668955, -82.5569837711"
6834,Atlantic Beach,Carteret,Coastal,Commercial,Urban (>70% Developed),NA,Rural,30 - 35  MPH,No Control Present,Clear,No,26,25-29,Yes,NA,With Traffic,O: No Injury,Travel Lane,White,Male,44,40-49,No,NA,26-30 mph,O: No Injury,White,Male,Passenger Car,Yes,30MAY2007,Wednesday,Motorist Overtaking Bicyclist,22,Non-Intersection,May,O: No Injury,22:05:00,Motorist Overtaking - Misjudged Space,2007,Yes,No,Dark - Lighted Roadway,Straight - Level,Local Street,Dry,"Two-Way, Divided, Unprotected Median",None,No Special Feature,Smooth Asphalt,5 lanes,"34.7040319091, -76.7379479777"
6840,Charlotte,Mecklenburg,Piedmont,Commercial,Mixed (30% To 70% Developed),NA,Urban,NA,No Control Present,Clear,No,16,16-19,No,NA,With Traffic,C: Possible Injury,Travel Lane,Black,Female,NA,NA,Missing,NA,NA,Unknown Injury,Unknown/Missing,NA,NA,No,02SEP2007,Sunday,Motorist Overtaking Bicyclist,20,Non-Intersection,September,C: Possible Injury,20:04:00,Motorist Overtaking - Misjudged Space,2007,No,Yes,Daylight,Straight - Level,Local Street,Dry,"Two-Way, Not Divided",None,No Special Feature,Concrete,2 lanes,"35.2550368863, -80.8975632599"
6845,Charlotte,Mecklenburg,Piedmont,Commercial,Urban (>70% Developed),NA,Urban,30 - 35  MPH,Stop Sign,Clear,No,22,20-24,No,NA,Facing Traffic,C: Possible Injury,Sidewalk / Crosswalk / Driveway Crossing,Black,Male,28,25-29,No,NA,NA,O: No Injury,White,Female,Passenger Car,No,30MAY2007,Wednesday,Motorist Failed to Yield - Midblock,7,Non-Intersection,May,C: Possible Injury,07:57:00,Motorist Drive Out - Commercial Driveway / Alley,2007,Yes,No,Daylight,Straight - Level,Local Street,Dry,"Two-Way, Divided, Positive Median Barrier",None,"Driveway, Public",Smooth Asphalt,4 lanes,"35.2488868894, -80.7809832247"
6853,Raleigh,Wake,Piedmont,Commercial,Urban (>70% Developed),NA,Urban,5 - 15 MPH,Stop Sign,Clear,No,26,25-29,No,NA,Facing Traffic,C: Possible Injury,Travel Lane,Black,Male,41,40-49,No,NA,0-5 mph,O: No Injury,White,Female,Passenger Car,No,05JUN2007,Tuesday,Motorist Failed to Yield - Sign-Controlled Intersection,13,Intersection,June,C: Possible Injury,13:26:00,Motorist Drive Out - Sign-Controlled Intersection,2007,No,No,Daylight,Straight - Level,Public Vehicular Area,Dry,"Two-Way, Not Divided",None,No Special Feature,Smooth Asphalt,2 lanes,"35.8000630865, -78.5624725871"
6855,Fayetteville,Cumberland,Coastal,Commercial,Urban (>70% Developed),NA,Urban,5 - 15 MPH,Stop Sign,Clear,No,14,11-15,No,NA,Facing Traffic,C: Possible Injury,Sidewalk / Crosswalk / Driveway Crossing,Black,Male,20,20-24,No,NA,6-10 mph,O: No Injury,Black,Male,Passenger Car,No,06JUN2007,Wednesday,Motorist Failed to Yield - Sign-Controlled Intersection,12,Intersection,June,C: Possible Injury,12:54:00,Motorist Drive Out - Sign-Controlled Intersection,2007,Yes,No,Daylight,Straight - Level,Local Street,Dry,"Two-Way, Divided, Positive Median Barrier",None,No Special Feature,Concrete,2 lanes,"35.0598939117, -79.010582684"
6858,None - Rural Crash,Surry,Mountains,Residential,Mixed (30% To 70% Developed),NA,Rural,50 - 55  MPH,Stop Sign,Clear,No,13,11-15,No,NA,Facing Traffic,B: Evident Injury,Travel Lane,White,Male,20,20-24,No,NA,41-45 mph,O: No Injury,White,Male,Pickup,No,06JUN2007,Wednesday,Bicyclist Failed to Yield - Sign-Controlled Intersection,16,Intersection,June,B: Evident Injury,16:20:00,Bicyclist Ride Through - Sign-Controlled Intersection,2007,Yes,No,Daylight,Straight - Grade,State Secondary Route,Dry,"Two-Way, Not Divided",None,T-Intersection,Smooth Asphalt,2 lanes,"36.4529671519, -80.5412232206"
6860,Rockingham,Richmond,Piedmont,Residential,Urban (>70% Developed),NA,Urban,30 - 35  MPH,No Control Present,Clear,No,36,30-39,No,NA,With Traffic,B: Evident Injury,Travel Lane,White,Male,NA,NA,Missing,NA,NA,Unknown Injury,Unknown/Missing,NA,Passenger Car,No,07JUN2007,Thursday,Motorist Overtaking Bicyclist,20,Non-Intersection,June,B: Evident Injury,20:49:00,Motorist Overtaking - Other / Unknown,2007,Yes,Yes,Dark - Lighted Roadway,Straight - Level,Local Street,Dry,"Two-Way, Not Divided",None,No Special Feature,Smooth Asphalt,2 lanes,"34.9229728561, -79.755198901"
6866,Mint Hill,Mecklenburg,Piedmont,Residential,Mixed (30% To 70% Developed),NA,Urban,30 - 35  MPH,Stop Sign,Rain,No,15,11-15,No,NA,With Traffic,B: Evident Injury,Travel Lane,White,Male,51,50-59,No,NA,26-30 mph,O: No Injury,White,Female,Passenger Car,No,08JUN2007,Friday,Bicyclist Failed to Yield - Sign-Controlled Intersection,18,Intersection,June,B: Evident Injury,18:45:00,Bicyclist Ride Through - Sign-Controlled Intersection,2007,Yes,No,Dark - Lighted Roadway,Straight - Grade,Local Street,Wet,"Two-Way, Not Divided",None,T-Intersection,Smooth Asphalt,2 lanes,"35.1645428741, -80.6915081927"
6881,Raleigh,Wake,Piedmont,Commercial,Urban (>70% Developed),NA,Urban,30 - 35  MPH,Stop And Go Signal,Clear,No,20,20-24,No,NA,Facing Traffic,Unknown Injury,Sidewalk / Crosswalk / Driveway Crossing,Black,Male,70+,70+,No,NA,11-15 mph,O: No Injury,White,Male,Pickup,No,11JUN2007,Monday,Bicyclist Failed to Yield - Signalized Intersection,14,Intersection,June,O: No Injury,14:13:00,Bicyclist Ride Through - Signalized Intersection,2007,Yes,No,Daylight,Straight - Level,Local Street,Dry,"Two-Way, Not Divided",None,Four-Way Intersection,Smooth Asphalt,8 lanes,"35.8325300936, -78.5600825873"
6885,Clemmons,Forsyth,Piedmont,Commercial,Mixed (30% To 70% Developed),NA,Urban,30 - 35  MPH,No Control Present,Clear,No,4,0-5,No,NA,Not Applicable,B: Evident Injury,Driveway / Alley,Hispanic,Male,62,60-69,No,NA,21-25 mph,O: No Injury,White,Male,Pickup,No,13JUN2007,Wednesday,Bicyclist Failed to Yield - Midblock,14,Non-Intersection,June,B: Evident Injury,14:10:00,Bicyclist Ride Out - Residential Driveway,2007,No,No,Daylight,Straight - Level,State Secondary Route,Dry,"Two-Way, Not Divided",None,"Driveway, Private",Smooth Asphalt,2 lanes,"36.0264570688, -80.3813231475"
6886,Greensboro,Guilford,Piedmont,Residential,Urban (>70% Developed),NA,Urban,NA,No Control Present,Clear,No,9,6-10,No,NA,NA,C: Possible Injury,Non-Roadway,Black,Male,24,20-24,No,NA,NA,O: No Injury,Black,Female,Passenger Car,No,12JUN2007,Tuesday,Non-Roadway,17,Non-Roadway,June,C: Possible Injury,17:44:00,Non-Roadway,2007,Yes,No,Daylight,Straight - Level,Local Street,Dry,"Two-Way, Not Divided",None,No Special Feature,Smooth Asphalt,2 lanes,"36.0871771045, -79.753232962"
6894,None - Rural Crash,Montgomery,Piedmont,"Farms, Woods, Pastures",Rural (<30% Developed),NA,Rural,50 - 55  MPH,"Double Yellow Line, No Passing Zone",Clear,No,19,16-19,No,NA,Not Applicable,B: Evident Injury,Non-Roadway,White,Male,20,20-24,No,NA,36-40 mph,O: No Injury,White,Female,Sport Utility,No,15JUN2007,Friday,Bicyclist Failed to Yield - Midblock,17,Non-Intersection,June,B: Evident Injury,17:56:00,Bicyclist Ride Out - Other Midblock,2007,Yes,No,Daylight,Curve - Level,State Secondary Route,Dry,"Two-Way, Not Divided",None,No Special Feature,Smooth Asphalt,2 lanes,"35.2164669092, -80.0251929965"
6896,Atlantic Beach,Carteret,Coastal,Commercial,Urban (>70% Developed),NA,Rural,30 - 35  MPH,No Control Present,Clear,No,20,20-24,No,NA,Facing Traffic,O: No Injury,Travel Lane,White,Female,41,40-49,No,NA,0-5 mph,O: No Injury,White,Female,Passenger Car,No,16JUN2007,Saturday,Motorist Failed to Yield - Midblock,8,Non-Intersection,June,O: No Injury,08:55:00,Motorist Drive Out - Commercial Driveway / Alley,2007,No,No,Daylight,Straight - Level,NC Route,Dry,"Two-Way, Not Divided",None,No Special Feature,Smooth Asphalt,NA,"34.7011829087, -76.7422579784"
6897,Charlotte,Mecklenburg,Piedmont,Residential,Urban (>70% Developed),NA,Urban,30 - 35  MPH,Stop And Go Signal,Rain,No,41,40-49,No,NA,With Traffic,O: No Injury,Travel Lane,White,Male,45,40-49,No,NA,11-15 mph,O: No Injury,White,Female,Sport Utility,No,14SEP2007,Friday,Motorist Right Turn / Merge,14,Intersection,September,O: No Injury,14:50:00,Motorist Right Turn - Same Direction,2007,Yes,No,Daylight,Straight - Level,Local Street,Wet,"Two-Way, Divided, Positive Median Barrier",None,Four-Way Intersection,Smooth Asphalt,4 lanes,"35.1893038747, -80.8304032362"
6901,Durham,Durham,Piedmont,Residential,Mixed (30% To 70% Developed),NA,Urban,40 - 45  MPH,Stop Sign,Clear,No,13,11-15,No,NA,With Traffic,B: Evident Injury,Travel Lane,White,Male,21,20-24,No,NA,41-45 mph,O: No Injury,Black,Female,Van,No,20SEP2007,Thursday,Bicyclist Failed to Yield - Sign-Controlled Intersection,12,Intersection,September,B: Evident Injury,12:11:00,Bicyclist Ride Through - Sign-Controlled Intersection,2007,Yes,No,Daylight,Straight - Grade,Local Street,Dry,"Two-Way, Not Divided",None,Four-Way Intersection,Smooth Asphalt,2 lanes,"36.0824121349, -78.8915277021"
6911,None - Rural Crash,Burke,Mountains,Residential,Mixed (30% To 70% Developed),NA,Rural,40 - 45  MPH,"Double Yellow Line, No Passing Zone",Clear,No,14,11-15,No,NA,Not Applicable,B: Evident Injury,Driveway / Alley,White,Male,21,20-24,No,NA,36-40 mph,O: No Injury,White,Male,Pickup,No,21JUN2007,Thursday,Bicyclist Failed to Yield - Midblock,16,Non-Intersection,June,B: Evident Injury,16:37:00,Bicyclist Ride Out - Residential Driveway,2007,Yes,No,Daylight,Straight - Grade,State Secondary Route,Dry,"Two-Way, Not Divided",None,"Driveway, Private",Smooth Asphalt,2 lanes,"35.6758069419, -81.7972735505"
6913,None - Rural Crash,Wilson,Coastal,"Farms, Woods, Pastures",Rural (<30% Developed),NA,Rural,50 - 55  MPH,No Control Present,Clear,No,17,16-19,No,NA,With Traffic,A: Disabling Injury,Travel Lane,Hispanic,Male,34,30-39,No,NA,41-45 mph,O: No Injury,Black,Male,Passenger Car,No,22JUN2007,Friday,Bicyclist Left Turn / Merge,12,Non-Intersection,June,A: Disabling Injury,12:12:00,Bicyclist Left Turn - Same Direction,2007,Yes,No,Daylight,Straight - Level,State Secondary Route,Dry,"One-Way, Not Divided",None,No Special Feature,Coarse Asphalt,1 lane,"35.8257251168, -77.8568673735"
6918,None - Rural Crash,Hyde,Coastal,Commercial,Mixed (30% To 70% Developed),NA,Rural,30 - 35  MPH,"Double Yellow Line, No Passing Zone",Clear,No,30,30-39,Yes,NA,Facing Traffic,B: Evident Injury,Travel Lane,White,Male,48,40-49,Yes,NA,31-35 mph,O: No Injury,White,Male,Passenger Car,Yes,24JUN2007,Sunday,Loss of Control / Turning Error,0,Non-Intersection,June,B: Evident Injury,00:49:00,Motorist Lost Control - Other / Unknown,2007,No,No,Dark - Roadway Not Lighted,Straight - Level,NC Route,Dry,"Two-Way, Not Divided",None,No Special Feature,Smooth Asphalt,2 lanes,"35.4071000772, -76.3301818863"
6920,Southern Shores,Dare,Coastal,Residential,Urban (>70% Developed),NA,Rural,20 - 25  MPH,Stop Sign,Clear,No,14,11-15,No,NA,With Traffic,B: Evident Injury,Travel Lane,White,Male,NA,NA,Missing,NA,0-5 mph,Unknown Injury,Unknown/Missing,NA,NA,No,24JUN2007,Sunday,Motorist Left Turn / Merge,21,Intersection,June,B: Evident Injury,21:50:00,Motorist Left Turn - Opposite Direction,2007,Yes,Yes,Dark - Roadway Not Lighted,Straight - Level,Local Street,Dry,"Two-Way, Not Divided",None,T-Intersection,Grooved Concrete,2 lanes,"36.1292972537, -75.7402717406"
2448,Albemarle,Stanly,Piedmont,Commercial,Urban (>70% Developed),NA,Urban,20 - 25  MPH,Stop And Go Signal,Clear,No,12,11-15,No,NA,Facing Traffic,B: Evident Injury,Travel Lane,White,Male,NA,NA,No,NA,11-15 mph,Unknown Injury,Unknown/Missing,NA,NA,No,13SEP2012,Thursday,Motorist Right Turn / Merge,19,Intersection,September,B: Evident Injury,19:50:00,Motorist Right Turn - Opposite Direction,2012,Yes,Yes,Dark - Lighted Roadway,Straight - Grade,Local Street,Dry,"Two-Way, Not Divided",None,Four-Way Intersection,Smooth Asphalt,3 lanes,"35.3503469319, -80.2009030569"
2450,None - Rural Crash,Gaston,Piedmont,Residential,Mixed (30% To 70% Developed),NA,Rural,5 - 15 MPH,No Control Present,Clear,No,3,0-5,No,NA,With Traffic,C: Possible Injury,Travel Lane,White,Male,17,0-19,No,NA,0-5 mph,O: No Injury,White,Female,Passenger Car,No,23SEP2012,Sunday,Backing Vehicle,10,Non-Intersection,September,C: Possible Injury,10:40:00,Backing Vehicle,2012,Yes,No,Daylight,Straight - Level,"Private Road, Driveway",Dry,"Two-Way, Not Divided",None,No Special Feature,Coarse Asphalt,2 lanes,"35.3330168951, -81.1090033271"
2454,Raleigh,Wake,Piedmont,Commercial,Urban (>70% Developed),NA,Urban,30 - 35  MPH,Stop And Go Signal,Clear,No,47,40-49,No,NA,With Traffic,O: No Injury,Travel Lane,White,Male,50,50-59,No,NA,16-20 mph,O: No Injury,Black,Male,Taxicab,No,02SEP2012,Sunday,Motorist Overtaking Bicyclist,21,Intersection-Related,September,O: No Injury,21:54:00,Motorist Overtaking - Other / Unknown,2012,No,No,Dark - Lighted Roadway,Straight - Level,Interstate,Dry,"One-Way, Not Divided",None,T-Intersection,Smooth Asphalt,3 lanes,"35.7795970799, -78.6394026092"
2459,Greensboro,Guilford,Piedmont,Residential,Mixed (30% To 70% Developed),NA,Urban,30 - 35  MPH,Stop Sign,Clear,No,10,6-10,No,NA,With Traffic,C: Possible Injury,Travel Lane,Black,Male,19,0-19,No,NA,31-35 mph,O: No Injury,Black,Male,Sport Utility,No,22SEP2012,Saturday,Bicyclist Failed to Yield - Sign-Controlled Intersection,17,Intersection,September,C: Possible Injury,17:49:00,Bicyclist Ride Through - Sign-Controlled Intersection,2012,Yes,No,Daylight,Straight - Level,Local Street,Dry,"Two-Way, Not Divided",None,T-Intersection,Coarse Asphalt,2 lanes,"36.0525170951, -79.8136029783"
2465,None - Rural Crash,Dare,Coastal,Residential,Urban (>70% Developed),NA,Rural,30 - 35  MPH,Stop Sign,Rain,No,26,25-29,No,NA,With Traffic,C: Possible Injury,Travel Lane,White,Male,70+,70+,No,NA,11-15 mph,O: No Injury,White,Female,Sport Utility,No,29SEP2012,Saturday,Crossing Paths - Other Circumstances,16,Intersection,September,C: Possible Injury,16:30:00,Crossing Paths - Intersection - Other / Unknown,2012,No,No,Daylight,Straight - Level,State Secondary Route,Wet,"Two-Way, Not Divided",None,T-Intersection,Smooth Asphalt,2 lanes,"35.3521670913, -75.5105016317"
2470,Wilson,Wilson,Coastal,Residential,Urban (>70% Developed),NA,Urban,40 - 45  MPH,Stop And Go Signal,Clear,No,15,11-15,No,NA,With Traffic,B: Evident Injury,Travel Lane,Black,Male,63,60-69,No,NA,41-45 mph,O: No Injury,White,Male,Pickup,No,14SEP2012,Friday,Crossing Paths - Other Circumstances,18,Intersection,September,B: Evident Injury,18:47:00,Signalized Intersection - Other / Unknown,2012,Yes,No,Daylight,Straight - Level,Local Street,Dry,"Two-Way, Not Divided",None,Four-Way Intersection,Coarse Asphalt,5 lanes,"35.7098370885, -77.9439023944"
2472,Burlington,Alamance,Piedmont,Residential,Urban (>70% Developed),NA,Urban,30 - 35  MPH,No Control Present,Clear,No,22,20-24,No,NA,With Traffic,O: No Injury,Travel Lane,White,Male,NA,NA,Missing,NA,0-5 mph,Unknown Injury,Unknown/Missing,NA,Pickup,No,28SEP2012,Friday,Bicyclist Overtaking Motorist,10,Non-Intersection,September,O: No Injury,10:15:00,Bicyclist Overtaking - Parked Vehicle,2012,No,No,Daylight,Straight - Level,Local Street,Dry,"Two-Way, Not Divided",None,No Special Feature,Smooth Asphalt,2 lanes,"36.100497119, -79.436702868"
2477,Greenville,Pitt,Coastal,Commercial,Urban (>70% Developed),NA,Urban,30 - 35  MPH,Stop And Go Signal,Clear,No,18,16-19,No,NA,With Traffic,C: Possible Injury,Sidewalk / Crosswalk / Driveway Crossing,White,Male,42,40-49,No,NA,31-35 mph,O: No Injury,Black,Male,Van,No,21SEP2012,Friday,Bicyclist Failed to Yield - Sign-Controlled Intersection,20,Intersection,September,C: Possible Injury,20:15:00,Bicyclist Ride Out - Sign-Controlled Intersection,2012,Yes,No,Daylight,Straight - Level,Local Street,Dry,"Two-Way, Not Divided",None,Four-Way Intersection,Smooth Asphalt,5 lanes,"35.6038870856, -77.3619022117"
2495,None - Rural Crash,Stanly,Piedmont,"Farms, Woods, Pastures",Rural (<30% Developed),NA,Rural,50 - 55  MPH,"Double Yellow Line, No Passing Zone","Fog, Smog, Smoke",No,27,25-29,No,NA,With Traffic,O: No Injury,Travel Lane,Hispanic,Male,38,30-39,No,NA,51-55 mph,O: No Injury,White,Male,Passenger Car,No,25SEP2012,Tuesday,Motorist Overtaking Bicyclist,6,Non-Intersection,September,O: No Injury,06:14:00,Motorist Overtaking - Bicyclist Swerved,2012,No,No,Dark - Roadway Not Lighted,Straight - Level,NC Route,Dry,"Two-Way, Not Divided",None,No Special Feature,Smooth Asphalt,2 lanes,"35.2051269048, -80.0875030153"