object_id,city,county,region,development,locality,on_road,rural_urban,speed_limit,traffic_control,weather,workzone,bike_age,bike_age_group,bike_alcohol,bike_alcohol_drugs,bike_direction,bike_injury,bike_position,bike_race,bike_sex,driver_age,driver_age_group,driver_alcohol,driver_alcohol_drugs,driver_est_speed,driver_injury,driver_race,driver_sex,driver_vehicle_type,crash_alcohol,crash_date,crash_day,crash_group,crash_hour,crash_location,crash_month,crash_severity,crash_time,crash_type,crash_year,ambulance_req,hit_run,light_condition,road_character,road_class,road_condition,road_configuration,road_defects,road_feature,road_surface,num_lanes,geo_point
2500,Greensboro,Guilford,Piedmont,Institutional,Urban (>70% Developed),NA,Urban,30 - 35  MPH,No Control Present,Clear,No,18,16-19,No,NA,With Traffic,C: Possible Injury,Sidewalk / Crosswalk / Driveway Crossing,White,Male,70+,70+,No,NA,NA,O: No Injury,White,Male,Commercial Bus,No,21SEP2012,Friday,Motorist Left Turn / Merge,10,Intersection,September,C: Possible Injury,10:56:00,Motorist Left Turn - Opposite Direction,2012,No,No,Daylight,Straight - Grade,Local Street,Dry,"Two-Way, Not Divided",None,No Special Feature,Smooth Asphalt,2 lanes,"36.0631770975, -79.8154029803"
1007,Matthews,Mecklenburg,Piedmont,Residential,Urban (>70% Developed),PVA COLONIAL VILAGE APTS,Urban,5 - 15 MPH,No Control Present,Clear,No,8,6-10,No,NA,Not Applicable,O: No Injury,Non-Roadway,Hispanic,Male,64,60-69,No,NA,6-10 mph,O: No Injury,White,Female,Sport Utility,No,01APR2013,Monday,Bicyclist Failed to Yield - Midblock,12,Non-Intersection,April,O: No Injury,12:52:00,Bicyclist Ride Out - Commercial Driveway / Alley,2013,No,No,Daylight,Straight - Grade,Public Vehicular Area,Dry,"Two-Way, Not Divided",None,No Special Feature,Smooth Asphalt,NA,"35.1244668652, -80.7171031985"
1012,Charlotte,Mecklenburg,Piedmont,Residential,Urban (>70% Developed),I 85,Urban,60 - 75 MPH,Stop And Go Signal,Clear,No,45,40-49,No,NA,With Traffic,C: Possible Injury,Travel Lane,Black,Male,40,40-49,No,NA,0-5 mph,O: No Injury,White,Female,Sport Utility,No,17APR2013,Wednesday,Motorist Failed to Yield - Signalized Intersection,6,Intersection,April,C: Possible Injury,06:35:00,Motorist Drive Out - Signalized Intersection,2013,No,No,Dark - Lighted Roadway,Straight - Level,Interstate,Dry,"Two-Way, Divided, Positive Median Barrier",None,On or Off Ramp,Smooth Asphalt,2 lanes,"35.2742768927, -80.8358032422"
1013,Greensboro,Guilford,Piedmont,Commercial,Urban (>70% Developed),FRIENDLY AVE,Urban,30 - 35  MPH,Stop And Go Signal,Clear,No,42,40-49,No,NA,With Traffic,C: Possible Injury,Sidewalk / Crosswalk / Driveway Crossing,White,Male,29,25-29,No,NA,21-25 mph,O: No Injury,White,Female,Passenger Car,No,07MAR2013,Thursday,Motorist Left Turn / Merge,17,Intersection,March,C: Possible Injury,17:38:00,Motorist Left Turn - Opposite Direction,2013,Yes,No,Daylight,Straight - Level,Local Street,Dry,"Two-Way, Not Divided",None,No Special Feature,Smooth Asphalt,8 lanes,"36.0890771005, -79.8845030021"
1024,Roanoke Rapids,Halifax,Coastal,Commercial,Urban (>70% Developed),7TH ST,Urban,30 - 35  MPH,Stop And Go Signal,Clear,No,13,11-15,No,NA,With Traffic,C: Possible Injury,Sidewalk / Crosswalk / Driveway Crossing,Black,Male,38,30-39,No,NA,6-10 mph,O: No Injury,Black,Female,"Light Truck (Mini-Van, Panel)",No,18APR2013,Thursday,Motorist Left Turn / Merge,15,Intersection,April,C: Possible Injury,15:45:00,Motorist Left Turn - Opposite Direction,2013,Yes,No,Daylight,Straight - Grade,Local Street,Dry,"Two-Way, Not Divided",None,Four-Way Intersection,Coarse Asphalt,2 lanes,"36.4610772593, -77.6546023452"
1035,Hendersonville,Henderson,Mountains,Commercial,Urban (>70% Developed),WASHINGTON STREET,Urban,30 - 35  MPH,Stop Sign,Clear,No,45,40-49,No,NA,With Traffic,C: Possible Injury,Travel Lane,White,Male,31,30-39,No,NA,26-30 mph,O: No Injury,White,Female,Passenger Car,No,25APR2013,Thursday,Motorist Failed to Yield - Sign-Controlled Intersection,20,Intersection,April,C: Possible Injury,20:05:00,Motorist Drive Through - Sign-Controlled Intersection,2013,No,No,Dusk,Straight - Level,Local Street,Dry,"Two-Way, Not Divided",None,No Special Feature,Coarse Asphalt,2 lanes,"35.31399684, -82.4622037264"
1036,Eden,Rockingham,Piedmont,Residential,Urban (>70% Developed),LAWSON STREET,Urban,30 - 35  MPH,Stop Sign,Cloudy,No,16,16-19,No,NA,With Traffic,C: Possible Injury,Travel Lane,White,Male,NA,NA,No,NA,16-20 mph,Unknown Injury,Unknown/Missing,NA,Passenger Car,No,15APR2013,Monday,Motorist Overtaking Bicyclist,19,Intersection,April,C: Possible Injury,19:33:00,Motorist Overtaking - Other / Unknown,2013,No,Yes,Daylight,Straight - Level,Local Street,Dry,"Two-Way, Not Divided",None,Four-Way Intersection,Smooth Asphalt,2 lanes,"36.490447189, -79.7770029926"
1037,None - Rural Crash,Brunswick,Coastal,"Farms, Woods, Pastures",Rural (<30% Developed),NC 87,Rural,50 - 55  MPH,No Control Present,Clear,No,56,50-59,No,NA,With Traffic,B: Evident Injury,Travel Lane,White,Male,21,20-24,No,NA,51-55 mph,O: No Injury,White,Female,Pickup,No,02APR2013,Tuesday,Motorist Overtaking Bicyclist,13,Non-Intersection,April,B: Evident Injury,13:05:00,Motorist Overtaking - Other / Unknown,2013,No,No,Daylight,Straight - Level,NC Route,Dry,"Two-Way, Not Divided",None,No Special Feature,Coarse Asphalt,2 lanes,"33.9919467088, -78.0390023387"
1039,Wilmington,New Hanover,Coastal,Commercial,Urban (>70% Developed),S COLLEGE RD,Urban,40 - 45  MPH,No Control Present,Clear,No,19,16-19,No,NA,With Traffic,B: Evident Injury,Travel Lane,White,Male,25,25-29,No,NA,11-15 mph,O: No Injury,Hispanic,Male,Passenger Car,No,09APR2013,Tuesday,Bicyclist Overtaking Motorist,12,Non-Intersection,April,B: Evident Injury,12:09:00,Bicyclist Overtaking - Passing on Right,2013,Yes,No,Daylight,Straight - Level,Local Street,Dry,"Two-Way, Not Divided",None,No Special Feature,Smooth Asphalt,6 lanes,"34.2138267637, -77.8863023034"
1043,None - Rural Crash,Wilson,Coastal,"Farms, Woods, Pastures",Rural (<30% Developed),NC 581,Rural,50 - 55  MPH,No Control Present,Cloudy,No,64,60-69,Yes,NA,With Traffic,B: Evident Injury,Travel Lane,Black,Male,35,30-39,No,NA,41-45 mph,O: No Injury,Black,Female,Passenger Car,Yes,28APR2013,Sunday,Motorist Overtaking Bicyclist,10,Non-Intersection,April,B: Evident Injury,10:40:00,Motorist Overtaking - Bicyclist Swerved,2013,Yes,No,Daylight,Straight - Level,NC Route,Dry,"Two-Way, Not Divided",None,No Special Feature,Coarse Asphalt,2 lanes,"35.6560070715, -78.1085024409"
1052,Charlotte,Mecklenburg,Piedmont,Residential,Mixed (30% To 70% Developed),PVA 2301 CROSS POINT CR,Urban,20 - 25  MPH,No Control Present,Clear,No,6,6-10,No,NA,Not Applicable,C: Possible Injury,Non-Roadway,Black,Male,24,20-24,No,NA,6-10 mph,O: No Injury,White,Male,Van,No,30APR2013,Tuesday,Non-Roadway,18,Non-Roadway,April,C: Possible Injury,18:35:00,Non-Roadway,2013,No,No,Daylight,Straight - Level,Public Vehicular Area,Dry,"Two-Way, Not Divided",None,No Special Feature,Smooth Asphalt,1 lane,"35.1555568712, -80.7283032037"
1063,Raleigh,Wake,Piedmont,Commercial,Urban (>70% Developed),FALLS OF NEUSE RD,Urban,40 - 45  MPH,No Control Present,Clear,No,24,20-24,No,NA,Facing Traffic,B: Evident Injury,Travel Lane,White,Male,NA,NA,Missing,NA,11-15 mph,Unknown Injury,Unknown/Missing,NA,Passenger Car,No,25APR2013,Thursday,Motorist Left Turn / Merge,14,Intersection,April,B: Evident Injury,14:57:00,Motorist Left Turn - Same Direction,2013,No,Yes,Daylight,Straight - Level,Local Street,Dry,"Two-Way, Not Divided",None,No Special Feature,Smooth Asphalt,6 lanes,"35.8903471032, -78.6273026116"
1064,Hendersonville,Henderson,Mountains,Residential,Urban (>70% Developed),ELM STREET,Urban,30 - 35  MPH,Stop Sign,Clear,No,4,0-5,No,NA,With Traffic,O: No Injury,Travel Lane,Hispanic,Male,50,50-59,No,NA,0-5 mph,O: No Injury,White,Female,Passenger Car,No,29APR2013,Monday,Loss of Control / Turning Error,19,Intersection,April,O: No Injury,19:06:00,Bicyclist Turning Error - Right Turn,2013,No,No,Daylight,Straight - Bottom,Local Street,Dry,"Two-Way, Not Divided",None,T-Intersection,Smooth Asphalt,2 lanes,"35.3239368425, -82.4531037247"
1066,None - Rural Crash,Jackson,Mountains,"Farms, Woods, Pastures",Rural (<30% Developed),SR 1143,Rural,30 - 35  MPH,"Double Yellow Line, No Passing Zone",Rain,No,58,50-59,No,NA,With Traffic,B: Evident Injury,Travel Lane,White,Male,49,40-49,No,NA,0-5 mph,O: No Injury,White,Male,Passenger Car,No,04MAY2013,Saturday,Motorist Left Turn / Merge,16,Non-Intersection,May,B: Evident Injury,16:45:00,Motorist Left Turn - Opposite Direction,2013,Yes,No,Daylight,Curve - Level,State Secondary Route,Wet,"Two-Way, Not Divided",None,No Special Feature,Smooth Asphalt,2 lanes,"35.1490367788, -83.14930392"
1067,None - Rural Crash,Surry,Mountains,"Farms, Woods, Pastures",Rural (<30% Developed),PILOT KNOB PARK RD,Rural,20 - 25  MPH,No Control Present,Clear,No,50,50-59,No,NA,Not Applicable,B: Evident Injury,Travel Lane,White,Male,41,40-49,No,NA,NA,O: No Injury,White,Male,Passenger Car,No,05APR2013,Friday,Non-Roadway,16,Non-Roadway,April,B: Evident Injury,16:15:00,Non-Roadway,2013,Yes,No,Daylight,Curve - Grade,Public Vehicular Area,Dry,"Two-Way, Not Divided",None,No Special Feature,Smooth Asphalt,2 lanes,"36.341237132, -80.4630031906"
1074,None - Rural Crash,Wilson,Coastal,Residential,Mixed (30% To 70% Developed),SR 1148,Rural,50 - 55  MPH,No Control Present,Clear,No,13,11-15,No,NA,Not Applicable,B: Evident Injury,Driveway / Alley,White,Male,39,30-39,No,NA,41-45 mph,O: No Injury,White,Male,Passenger Car,No,03MAY2013,Friday,Bicyclist Failed to Yield - Midblock,16,Non-Intersection,May,B: Evident Injury,16:45:00,Bicyclist Ride Out - Residential Driveway,2013,Yes,No,Daylight,Straight - Level,State Secondary Route,Dry,"Two-Way, Not Divided",None,No Special Feature,Smooth Asphalt,2 lanes,"35.7339470885, -78.1012024429"
1075,Charlotte,Mecklenburg,Piedmont,Residential,Urban (>70% Developed),CHURCHILL DOWNS CT,Urban,20 - 25  MPH,No Control Present,Clear,No,19,16-19,No,NA,Not Applicable,B: Evident Injury,Non-Roadway,Hispanic,Female,33,30-39,No,NA,6-10 mph,O: No Injury,Black,Female,Passenger Car,No,08MAY2013,Wednesday,Non-Roadway,18,Non-Roadway,May,B: Evident Injury,18:56:00,Non-Roadway,2013,No,No,Daylight,Straight - Level,Local Street,Dry,"Two-Way, Not Divided",None,No Special Feature,Smooth Asphalt,2 lanes,"35.1885868761, -80.7912032244"
1081,Greensboro,Guilford,Piedmont,Residential,Urban (>70% Developed),WEBSTER RD,Urban,5 - 15 MPH,No Control Present,Clear,No,8,6-10,No,NA,Not Applicable,C: Possible Injury,Travel Lane,White,Male,44,40-49,No,NA,11-15 mph,O: No Injury,Hispanic,Male,Van,No,09MAY2013,Thursday,Non-Roadway,19,Non-Roadway,May,C: Possible Injury,19:30:00,Non-Roadway,2013,Yes,No,Dusk,Straight - Level,Local Street,Dry,"Two-Way, Not Divided",None,No Special Feature,Coarse Asphalt,2 lanes,"36.0091270868, -79.7938029702"
1084,None - Rural Crash,Robeson,Coastal,"Farms, Woods, Pastures",Rural (<30% Developed),SR 2115,Rural,50 - 55  MPH,"Double Yellow Line, No Passing Zone",Clear,No,NA,NA,Missing,NA,Not Applicable,Unknown Injury,Driveway / Alley,Unknown/Missing,NA,39,30-39,No,NA,31-35 mph,O: No Injury,White,Male,Sport Utility,No,11MAY2013,Saturday,Bicyclist Failed to Yield - Midblock,17,Non-Intersection,May,B: Evident Injury,17:15:00,Bicyclist Ride Out - Residential Driveway,2013,Yes,No,Daylight,Straight - Level,State Secondary Route,Dry,"Two-Way, Not Divided",None,"Driveway, Private",Coarse Asphalt,2 lanes,"34.5827168099, -78.9413026391"
1085,Greenville,Pitt,Coastal,Commercial,Urban (>70% Developed),PVA 1400 CHARLES BV,Urban,NA,No Control Present,Cloudy,No,11,11-15,No,NA,Not Applicable,B: Evident Injury,Non-Roadway,Black,Male,48,40-49,No,NA,0-5 mph,O: No Injury,White,Female,Passenger Car,No,11MAY2013,Saturday,Non-Roadway,17,Non-Roadway,May,B: Evident Injury,17:13:00,Non-Roadway,2013,Yes,No,Daylight,Straight - Level,Public Vehicular Area,Dry,"Two-Way, Not Divided",None,No Special Feature,Coarse Asphalt,NA,"35.6009470844, -77.372202214"
1086,Wilmington,New Hanover,Coastal,Residential,Urban (>70% Developed),ST ANDREW DR,Urban,30 - 35  MPH,No Control Present,Clear,No,8,6-10,No,NA,With Traffic,B: Evident Injury,Sidewalk / Crosswalk / Driveway Crossing,White,Female,25,25-29,No,NA,36-40 mph,O: No Injury,White,Female,Sport Utility,No,24APR2013,Wednesday,Parallel Paths - Other Circumstances,18,Non-Intersection,April,B: Evident Injury,18:28:00,Bicyclist Ride Out - Parallel Path,2013,Yes,No,Daylight,Straight - Level,Local Street,Dry,"Two-Way, Divided, Unprotected Median",None,No Special Feature,Coarse Asphalt,2 lanes,"34.1694367531, -77.9024023059"
1091,Charlotte,Mecklenburg,Piedmont,Commercial,Urban (>70% Developed),CENTRAL AV,Urban,30 - 35  MPH,Stop And Go Signal,Clear,No,28,25-29,Yes,NA,With Traffic,B: Evident Injury,Sidewalk / Crosswalk / Driveway Crossing,White,Male,45,40-49,No,NA,21-25 mph,O: No Injury,Hispanic,Male,Passenger Car,Yes,13MAY2013,Monday,Crossing Paths - Other Circumstances,20,Intersection,May,B: Evident Injury,20:26:00,Signalized Intersection - Other / Unknown,2013,No,No,Daylight,Straight - Level,Local Street,Dry,"Two-Way, Divided, Positive Median Barrier",None,No Special Feature,Smooth Asphalt,6 lanes,"35.2155668817, -80.7809032223"
1098,None - Rural Crash,Wake,Piedmont,Residential,Mixed (30% To 70% Developed),SR 3533,Rural,20 - 25  MPH,No Control Present,Clear,No,53,50-59,No,NA,With Traffic,B: Evident Injury,Travel Lane,White,Male,40,40-49,No,NA,21-25 mph,O: No Injury,White,Male,Passenger Car,No,15MAY2013,Wednesday,Motorist Left Turn / Merge,18,Non-Intersection,May,B: Evident Injury,18:20:00,Motorist Left Turn - Opposite Direction,2013,Yes,No,Daylight,Curve - Grade,State Secondary Route,Dry,"Two-Way, Not Divided",None,No Special Feature,Smooth Asphalt,2 lanes,"35.961017119, -78.6258026143"
1099,None - Rural Crash,Mcdowell,Mountains,"Farms, Woods, Pastures",Rural (<30% Developed),NC 80,Rural,50 - 55  MPH,"Double Yellow Line, No Passing Zone",Clear,No,41,40-49,No,NA,With Traffic,B: Evident Injury,Travel Lane,White,Male,20,20-24,No,NA,51-55 mph,A: Disabling Injury,White,Male,Motorcycle,No,20APR2013,Saturday,Loss of Control / Turning Error,17,Non-Intersection,April,A: Disabling Injury,17:18:00,"Motorist Lost Control - Oversteering, Improper Braking, Speed",2013,Yes,No,Dusk,Curve - Level,NC Route,Dry,"Two-Way, Not Divided",None,No Special Feature,Smooth Asphalt,2 lanes,"35.7337369418, -82.1024036448"
1104,Durham,Durham,Piedmont,Residential,Urban (>70% Developed),LUMLEY RD,Urban,40 - 45  MPH,No Control Present,Cloudy,No,46,40-49,No,NA,With Traffic,C: Possible Injury,Travel Lane,White,Male,47,40-49,No,NA,26-30 mph,O: No Injury,Black,Female,Passenger Car,No,19MAY2013,Sunday,Motorist Overtaking Bicyclist,8,Non-Intersection,May,C: Possible Injury,08:40:00,Motorist Overtaking - Other / Unknown,2013,Yes,No,Daylight,Straight - Hillcrest,Local Street,Dry,"Two-Way, Not Divided",None,No Special Feature,Smooth Asphalt,2 lanes,"35.9273271042, -78.8279026735"
1108,None - Rural Crash,Johnston,Coastal,"Farms, Woods, Pastures",Rural (<30% Developed),SR 1003,Rural,50 - 55  MPH,"Double Yellow Line, No Passing Zone",Clear,No,70+,70+,No,NA,With Traffic,A: Disabling Injury,Travel Lane,White,Male,64,60-69,No,NA,46-50 mph,O: No Injury,Black,Male,Pickup,No,16MAY2013,Thursday,Motorist Overtaking Bicyclist,16,Non-Intersection,May,A: Disabling Injury,16:15:00,Motorist Overtaking - Other / Unknown,2013,Yes,No,Daylight,Straight - Level,State Secondary Route,Dry,"Two-Way, Not Divided",None,No Special Feature,Coarse Asphalt,2 lanes,"35.7315270779, -78.3888025305"
1111,None - Rural Crash,Rutherford,Mountains,Commercial,Mixed (30% To 70% Developed),SR 1006,Rural,50 - 55  MPH,"Double Yellow Line, No Passing Zone",Clear,No,22,20-24,No,NA,With Traffic,C: Possible Injury,Travel Lane,White,Male,66,60-69,No,NA,6-10 mph,O: No Injury,Black,Male,Sport Utility,No,16MAY2013,Thursday,Motorist Left Turn / Merge,17,Non-Intersection,May,C: Possible Injury,17:09:00,Motorist Left Turn - Opposite Direction,2013,No,No,Daylight,Straight - Grade,State Secondary Route,Dry,"Two-Way, Not Divided",None,"Driveway, Public",Smooth Asphalt,2 lanes,"35.3339268679, -81.8368035432"
1113,Wrightsville Beach,New Hanover,Coastal,Residential,Urban (>70% Developed),WAYNICK BLVD,Rural,30 - 35  MPH,No Control Present,Rain,No,51,50-59,No,NA,With Traffic,C: Possible Injury,Travel Lane,White,Male,59,50-59,No,NA,16-20 mph,O: No Injury,White,Female,Passenger Car,No,18APR2013,Thursday,Motorist Left Turn / Merge,18,Intersection-Related,April,C: Possible Injury,18:28:00,Motorist Left Turn - Opposite Direction,2013,Yes,No,Daylight,Straight - Level,Local Street,Wet,"Two-Way, Not Divided",None,"Driveway, Private",Smooth Asphalt,4 lanes,"34.2034867634, -77.7993022761"
1114,None - Rural Crash,Brunswick,Coastal,"Farms, Woods, Pastures",Rural (<30% Developed),SR 1426,Rural,50 - 55  MPH,"Double Yellow Line, No Passing Zone",Clear,No,7,6-10,No,NA,With Traffic,C: Possible Injury,Travel Lane,White,Male,35,30-39,No,NA,41-45 mph,O: No Injury,Black,Female,Van,No,13MAY2013,Monday,Crossing Paths - Other Circumstances,19,Intersection,May,C: Possible Injury,19:31:00,Crossing Paths - Uncontrolled Intersection,2013,Yes,No,Daylight,Straight - Level,State Secondary Route,Dry,"Two-Way, Not Divided",None,No Special Feature,Coarse Asphalt,2 lanes,"34.3081267778, -78.0826023662"
1119,Cary,Wake,Piedmont,Commercial,Urban (>70% Developed),YORK ST,Urban,NA,No Control Present,Clear,No,5,0-5,No,NA,Not Applicable,C: Possible Injury,Non-Roadway,White,Female,46,40-49,No,NA,6-10 mph,O: No Injury,White,Male,Sport Utility,No,08MAY2013,Wednesday,Non-Roadway,20,Non-Roadway,May,C: Possible Injury,20:06:00,Non-Roadway,2013,Yes,No,Daylight,Curve - Grade,Public Vehicular Area,Dry,"Two-Way, Not Divided",None,"Driveway, Public",Coarse Asphalt,2 lanes,"35.7856170766, -78.761802646"
1122,None - Rural Crash,Brunswick,Coastal,Residential,Mixed (30% To 70% Developed),SR 1348,Rural,50 - 55  MPH,"Double Yellow Line, No Passing Zone",Clear,No,48,40-49,No,NA,With Traffic,C: Possible Injury,Travel Lane,Black,Male,27,25-29,No,NA,NA,A: Disabling Injury,Black,Male,Motorcycle,No,22MAY2013,Wednesday,Motorist Overtaking Bicyclist,11,Non-Intersection,May,A: Disabling Injury,11:30:00,Motorist Overtaking - Other / Unknown,2013,Yes,No,Dark - Roadway Not Lighted,Straight - Level,State Secondary Route,Dry,"Two-Way, Not Divided",None,No Special Feature,Coarse Asphalt,2 lanes,"33.9850566961, -78.3919024446"
1127,Lexington,Davidson,Piedmont,Commercial,Urban (>70% Developed),MYERS PARK DR,Urban,30 - 35  MPH,Stop And Go Signal,Cloudy,No,12,11-15,No,NA,With Traffic,A: Disabling Injury,Travel Lane,Black,Male,46,40-49,No,NA,21-25 mph,O: No Injury,White,Male,Passenger Car,No,19MAY2013,Sunday,Bicyclist Failed to Yield - Sign-Controlled Intersection,13,Intersection,May,A: Disabling Injury,13:38:00,Bicyclist Ride Through - Sign-Controlled Intersection,2013,Yes,No,Daylight,Straight - Level,Local Street,Dry,"Two-Way, Not Divided",None,T-Intersection,Coarse Asphalt,2 lanes,"35.8137970285, -80.2522030976"
1135,Charlotte,Mecklenburg,Piedmont,Commercial,Urban (>70% Developed),10TH ST,Urban,30 - 35  MPH,No Control Present,Clear,No,26,25-29,Yes,NA,With Traffic,C: Possible Injury,Travel Lane,White,Male,32,30-39,Yes,NA,31-35 mph,O: No Injury,White,Female,Sport Utility,Yes,30MAY2013,Thursday,Motorist Right Turn / Merge,19,Intersection,May,C: Possible Injury,19:42:00,Motorist Right Turn - Same Direction,2013,Yes,No,Daylight,Straight - Level,Local Street,Dry,"Two-Way, Not Divided",None,No Special Feature,Grooved Concrete,4 lanes,"35.2246768819, -80.8281032371"
1148,Asheville,Buncombe,Mountains,Commercial,Urban (>70% Developed),MCDOWELL ST,Urban,30 - 35  MPH,No Control Present,Clear,No,25,25-29,No,NA,With Traffic,B: Evident Injury,Travel Lane,White,Female,NA,NA,Missing,NA,46-50 mph,Unknown Injury,Unknown/Missing,NA,NA,No,23MAY2013,Thursday,Motorist Overtaking Bicyclist,14,Non-Intersection,May,B: Evident Injury,14:00:00,Motorist Overtaking - Other / Unknown,2013,Yes,Yes,Other,Straight - Hillcrest,Local Street,Dry,"Two-Way, Divided, Unprotected Median",None,Tunnel,Smooth Asphalt,4 lanes,"35.5774068921, -82.5514037684"
1157,Pembroke,Robeson,Coastal,Commercial,Urban (>70% Developed),EAST THIRD STREET,Rural,30 - 35  MPH,Stop Sign,Clear,No,60,60-69,No,NA,Facing Traffic,C: Possible Injury,NA,Native American,Male,64,60-69,No,NA,0-5 mph,O: No Injury,Native American,Female,Truck/Trailer,No,05JUN2013,Wednesday,Motorist Failed to Yield - Sign-Controlled Intersection,12,Intersection,June,C: Possible Injury,12:33:00,Motorist Drive Out - Sign-Controlled Intersection,2013,Yes,No,Daylight,Straight - Level,Local Street,Dry,"Two-Way, Divided, Unprotected Median",Work Zone,T-Intersection,Smooth Asphalt,2 lanes,"34.6795068224, -79.193302719"
1160,Southern Pines,Moore,Piedmont,Residential,Urban (>70% Developed),S MAY ST,Urban,30 - 35  MPH,Stop And Go Signal,Clear,No,32,30-39,No,NA,With Traffic,C: Possible Injury,Travel Lane,White,Male,34,30-39,No,NA,6-10 mph,O: No Injury,White,Male,Passenger Car,No,27MAY2013,Monday,Motorist Left Turn / Merge,11,Intersection,May,C: Possible Injury,11:02:00,Motorist Left Turn - Opposite Direction,2013,Yes,No,Daylight,Straight - Level,Local Street,Dry,"Two-Way, Not Divided",None,Four-Way Intersection,Coarse Asphalt,2 lanes,"35.1691769215, -79.393802805"
1161,Elon College,Alamance,Piedmont,"Farms, Woods, Pastures",Mixed (30% To 70% Developed),UNIVERSITY DR,Urban,50 - 55  MPH,No Control Present,Clear,No,54,50-59,No,NA,With Traffic,B: Evident Injury,Travel Lane,White,Male,NA,NA,Missing,NA,NA,Unknown Injury,Unknown/Missing,NA,Passenger Car,No,25MAY2013,Saturday,Bicyclist Overtaking Motorist,17,Non-Intersection,May,B: Evident Injury,17:21:00,Bicyclist Overtaking - Parked Vehicle,2013,Yes,No,Daylight,Straight - Level,Local Street,Dry,"Two-Way, Not Divided",None,No Special Feature,Smooth Asphalt,2 lanes,"36.1106471193, -79.5031028883"
1169,Greensboro,Guilford,Piedmont,Institutional,Urban (>70% Developed),STIRLING ST,Urban,NA,Stop Sign,Clear,No,19,16-19,No,NA,Facing Traffic,O: No Injury,Sidewalk / Crosswalk / Driveway Crossing,Black,Male,25,25-29,No,NA,NA,O: No Injury,Black,Female,Passenger Car,No,19MAY2013,Sunday,Motorist Left Turn / Merge,9,Non-Intersection,May,O: No Injury,09:58:00,Motorist Left Turn - Same Direction,2013,No,No,Daylight,Straight - Level,Local Street,Dry,"One-Way, Not Divided",None,No Special Feature,Smooth Asphalt,2 lanes,"36.0673170987, -79.8114029785"
1171,Morrisville,Wake,Piedmont,Commercial,Urban (>70% Developed),SR 3014,Urban,30 - 35  MPH,No Control Present,Clear,No,43,40-49,No,NA,With Traffic,B: Evident Injury,Travel Lane,White,Male,38,30-39,No,NA,11-15 mph,O: No Injury,Asian,Female,Passenger Car,No,14JUN2013,Friday,Motorist Right Turn / Merge,7,Intersection,June,B: Evident Injury,07:35:00,Motorist Right Turn - Same Direction,2013,Yes,No,Daylight,Straight - Hillcrest,State Secondary Route,Dry,"Two-Way, Not Divided",None,No Special Feature,Coarse Asphalt,2 lanes,"35.8203470811, -78.8297026685"
1173,Greensboro,Guilford,Piedmont,Residential,Urban (>70% Developed),HEWITT ST,Urban,30 - 35  MPH,No Control Present,Clear,No,70+,70+,No,NA,With Traffic,B: Evident Injury,Travel Lane,White,Male,22,20-24,No,NA,6-10 mph,O: No Injury,Black,Male,Passenger Car,No,11JUN2013,Tuesday,Motorist Left Turn / Merge,22,Intersection,June,B: Evident Injury,22:37:00,Motorist Left Turn - Opposite Direction,2013,Yes,No,Dark - Lighted Roadway,Straight - Level,Local Street,Dry,"Two-Way, Not Divided",None,No Special Feature,Smooth Asphalt,2 lanes,"36.0564970941, -79.8697029954"
1176,Archdale,Randolph,Piedmont,Residential,Urban (>70% Developed),GOODMAN ST,Urban,30 - 35  MPH,Stop Sign,Cloudy,No,11,11-15,No,NA,With Traffic,C: Possible Injury,Travel Lane,Hispanic,Male,29,25-29,No,NA,16-20 mph,O: No Injury,White,Female,Sport Utility,No,03JUN2013,Monday,Loss of Control / Turning Error,8,Intersection,June,C: Possible Injury,08:01:00,Bicyclist Lost Control - Mechanical Problems,2013,No,No,Daylight,Straight - Grade,Local Street,Wet,"Two-Way, Not Divided",None,T-Intersection,Smooth Asphalt,2 lanes,"35.9074870591, -79.9696030174"
1177,Hendersonville,Henderson,Mountains,Commercial,Urban (>70% Developed),N MAIN,Urban,20 - 25  MPH,Stop And Go Signal,Clear,No,45,40-49,No,NA,With Traffic,O: No Injury,Travel Lane,White,Male,34,30-39,No,NA,16-20 mph,O: No Injury,Black,Male,Passenger Car,No,08JUN2013,Saturday,Bicyclist Failed to Yield - Signalized Intersection,17,Intersection,June,O: No Injury,17:37:00,Bicyclist Ride Through - Signalized Intersection,2013,No,Yes,Daylight,Straight - Level,Local Street,Dry,"Two-Way, Not Divided",None,Four-Way Intersection,Coarse Asphalt,2 lanes,"35.3232568423, -82.4628037277"
1180,Wilmington,New Hanover,Coastal,Residential,Urban (>70% Developed),WRIGHTSVILLE AVE,Urban,30 - 35  MPH,Stop Sign,Clear,No,60,60-69,No,NA,Facing Traffic,C: Possible Injury,Travel Lane,White,Male,31,30-39,No,NA,0-5 mph,O: No Injury,White,Male,Pickup,No,04JUN2013,Tuesday,Motorist Failed to Yield - Sign-Controlled Intersection,16,Intersection,June,C: Possible Injury,16:58:00,Motorist Drive Out - Sign-Controlled Intersection,2013,Yes,No,Daylight,Straight - Level,Local Street,Dry,"Two-Way, Not Divided",None,Related To Intersection,Smooth Asphalt,2 lanes,"34.2121767632, -77.8669022965"
1185,Salisbury,Rowan,Piedmont,Residential,Urban (>70% Developed),W MCCUBBINS ST,Urban,20 - 25  MPH,No Control Present,Clear,No,10,6-10,No,NA,Not Applicable,A: Disabling Injury,Driveway / Alley,Black,Male,32,30-39,No,NA,16-20 mph,O: No Injury,Black,Female,Passenger Car,No,20JUN2013,Thursday,Bicyclist Failed to Yield - Midblock,20,Non-Intersection,June,A: Disabling Injury,20:14:00,Bicyclist Ride Out - Residential Driveway,2013,No,No,Daylight,Straight - Grade,Local Street,Dry,"Two-Way, Not Divided",None,"Driveway, Private",Coarse Asphalt,2 lanes,"35.6645769887, -80.4813031579"