object_id,city,county,region,development,locality,on_road,rural_urban,speed_limit,traffic_control,weather,workzone,bike_age,bike_age_group,bike_alcohol,bike_alcohol_drugs,bike_direction,bike_injury,bike_position,bike_race,bike_sex,driver_age,driver_age_group,driver_alcohol,driver_alcohol_drugs,driver_est_speed,driver_injury,driver_race,driver_sex,driver_vehicle_type,crash_alcohol,crash_date,crash_day,crash_group,crash_hour,crash_location,crash_month,crash_severity,crash_time,crash_type,crash_year,ambulance_req,hit_run,light_condition,road_character,road_class,road_condition,road_configuration,road_defects,road_feature,road_surface,num_lanes,geo_point
1189,None - Rural Crash,Dare,Coastal,"Farms, Woods, Pastures",Rural (<30% Developed),NC 12,Rural,50 - 55  MPH,No Control Present,Clear,No,55,50-59,No,NA,With Traffic,C: Possible Injury,Sidewalk / Crosswalk / Driveway Crossing,Asian,Male,29,25-29,No,NA,51-55 mph,O: No Injury,White,Female,Passenger Car,No,23JUN2013,Sunday,Parallel Paths - Other Circumstances,7,Non-Intersection,June,C: Possible Injury,07:54:00,Bicyclist Ride Out - Parallel Path,2013,No,No,Daylight,Straight - Level,NC Route,Dry,"Two-Way, Not Divided",None,No Special Feature,Smooth Asphalt,2 lanes,"35.4532771147, -75.484901629"
1191,Greensboro,Guilford,Piedmont,Commercial,Urban (>70% Developed),FOURTH ST,Urban,30 - 35  MPH,Stop And Go Signal,Clear,No,34,30-39,No,NA,Facing Traffic,C: Possible Injury,Sidewalk / Crosswalk / Driveway Crossing,Black,Male,47,40-49,No,NA,0-5 mph,O: No Injury,Asian,Male,Passenger Car,No,04JUN2013,Tuesday,Crossing Paths - Other Circumstances,15,Intersection,June,C: Possible Injury,15:52:00,Signalized Intersection - Other / Unknown,2013,Yes,Yes,Daylight,Straight - Level,Local Street,Dry,"Two-Way, Not Divided",None,T-Intersection,Coarse Asphalt,3 lanes,"36.090337105, -79.7731029691"
1192,Asheville,Buncombe,Mountains,Residential,Urban (>70% Developed),PVA 42 WESTMORE DR,Urban,NA,No Control Present,Cloudy,No,7,6-10,No,NA,Not Applicable,C: Possible Injury,Non-Roadway,White,Male,54,50-59,No,NA,6-10 mph,O: No Injury,Black,Male,Passenger Car,No,06JUN2013,Thursday,Non-Roadway,17,Non-Roadway,June,C: Possible Injury,17:34:00,Non-Roadway,2013,No,No,Daylight,Straight - Level,Public Vehicular Area,Dry,"Two-Way, Not Divided",None,No Special Feature,Smooth Asphalt,NA,"35.5835168906, -82.6218037895"
1205,Fayetteville,Cumberland,Coastal,Commercial,Urban (>70% Developed),RAEFORD RD,Urban,40 - 45  MPH,No Control Present,Clear,No,NA,NA,No,NA,NA,K: Killed,NA,White,Male,26,25-29,No,NA,16-20 mph,C: Possible Injury,White,Male,Passenger Car,No,12JAN2013,Saturday,Parallel Paths - Other Circumstances,19,Non-Intersection,January,K: Killed,19:03:00,Bicyclist Ride Out - Parallel Path,2013,Yes,No,Dark - Lighted Roadway,Straight - Level,Local Street,Dry,"Two-Way, Not Divided",None,"Driveway, Public",Coarse Asphalt,7 lanes,"35.0436969096, -78.949202664"
1207,Lincolnton,Lincoln,Piedmont,Residential,Mixed (30% To 70% Developed),SOUTH ASPEN STREET,Urban,40 - 45  MPH,Stop Sign,Clear,No,55,50-59,No,NA,Facing Traffic,A: Disabling Injury,Travel Lane,Black,Male,69,60-69,No,NA,16-20 mph,O: No Injury,White,Male,"Light Truck (Mini-Van, Panel)",No,25JUN2013,Tuesday,Bicyclist Failed to Yield - Sign-Controlled Intersection,16,Intersection,June,A: Disabling Injury,16:25:00,Bicyclist Ride Through - Sign-Controlled Intersection,2013,Yes,No,Daylight,Straight - Hillcrest,Local Street,Dry,"Two-Way, Not Divided",None,Y-Intersection,Smooth Asphalt,2 lanes,"35.4618569172, -81.2540033766"
1217,Charlotte,Mecklenburg,Piedmont,Residential,Mixed (30% To 70% Developed),CHESTNUT LAKE DR,Urban,30 - 35  MPH,Stop Sign,Clear,No,16,16-19,No,NA,With Traffic,O: No Injury,Travel Lane,White,Male,NA,NA,Missing,NA,0-5 mph,Unknown Injury,Unknown/Missing,NA,NA,No,01JUL2013,Monday,Motorist Overtaking Bicyclist,18,Intersection-Related,July,O: No Injury,18:50:00,Motorist Overtaking - Other / Unknown,2013,No,Yes,Daylight,Straight - Level,Local Street,Dry,"Two-Way, Divided, Unprotected Median",None,No Special Feature,Smooth Asphalt,2 lanes,"35.1930068795, -80.7161032017"
1218,Raleigh,Wake,Piedmont,Commercial,Urban (>70% Developed),PEACE ST,Urban,30 - 35  MPH,Stop Sign,Cloudy,No,24,20-24,No,NA,With Traffic,B: Evident Injury,Travel Lane,White,Female,46,40-49,No,NA,0-5 mph,O: No Injury,White,Male,Sport Utility,No,02JUL2013,Tuesday,Motorist Left Turn / Merge,21,Intersection,July,B: Evident Injury,21:13:00,Motorist Left Turn - Opposite Direction,2013,Yes,No,Dark - Roadway Not Lighted,Straight - Grade,Local Street,Dry,"Two-Way, Not Divided",None,T-Intersection,Smooth Asphalt,4 lanes,"35.788167081, -78.6396026096"
1236,Greensboro,Guilford,Piedmont,Commercial,Urban (>70% Developed),ASHWOOD CT,Urban,30 - 35  MPH,Stop Sign,Cloudy,No,64,60-69,No,NA,Facing Traffic,B: Evident Injury,Sidewalk / Crosswalk / Driveway Crossing,White,Male,19,0-19,No,NA,11-15 mph,O: No Injury,White,Male,Passenger Car,No,07JUL2013,Sunday,Motorist Failed to Yield - Sign-Controlled Intersection,10,Intersection,July,B: Evident Injury,10:37:00,Motorist Drive Out - Sign-Controlled Intersection,2013,Yes,No,Daylight,Straight - Level,Local Street,Dry,"Two-Way, Not Divided",None,T-Intersection,Smooth Asphalt,5 lanes,"36.1207671089, -79.8304029874"
1237,Sanford,Lee,Piedmont,Residential,Urban (>70% Developed),FORREST DR,Urban,30 - 35  MPH,No Control Present,Clear,No,8,6-10,No,NA,Not Applicable,C: Possible Injury,Driveway / Alley,White,Male,33,30-39,No,NA,6-10 mph,O: No Injury,Black,Female,Passenger Car,No,14JUN2013,Friday,Bicyclist Failed to Yield - Midblock,18,Non-Intersection,June,C: Possible Injury,18:43:00,Bicyclist Ride Out - Residential Driveway,2013,No,No,Daylight,Straight - Hillcrest,Local Street,Dry,"Two-Way, Not Divided",None,No Special Feature,Coarse Asphalt,1 lane,"35.4958569992, -79.1822027582"
1238,None - Rural Crash,Buncombe,Mountains,"Farms, Woods, Pastures",Rural (<30% Developed),SR 3446,Rural,40 - 45  MPH,"Double Yellow Line, No Passing Zone",Clear,No,23,20-24,No,NA,With Traffic,B: Evident Injury,Travel Lane,White,Male,36,30-39,No,NA,0-5 mph,O: No Injury,White,Male,Passenger Car,No,09JUL2013,Tuesday,Motorist Failed to Yield - Midblock,10,Non-Intersection,July,B: Evident Injury,10:00:00,Motorist Drive Out - Residential Driveway,2013,Yes,No,Daylight,Curve - Grade,State Secondary Route,Dry,"Two-Way, Not Divided",None,"Driveway, Private",Smooth Asphalt,2 lanes,"35.507976872, -82.6982038073"
1243,Charlotte,Mecklenburg,Piedmont,Commercial,Urban (>70% Developed),FREEDOM DR,Urban,30 - 35  MPH,Stop And Go Signal,Clear,No,48,40-49,No,NA,With Traffic,B: Evident Injury,Travel Lane,White,Male,59,50-59,No,NA,16-20 mph,O: No Injury,White,Male,"Light Truck (Mini-Van, Panel)",No,09JUL2013,Tuesday,Motorist Right Turn / Merge,12,Intersection,July,B: Evident Injury,12:08:00,Motorist Right Turn - Opposite Direction,2013,Yes,No,Daylight,Straight - Level,Local Street,Dry,"Two-Way, Divided, Unprotected Median",None,No Special Feature,Smooth Asphalt,4 lanes,"35.2452868842, -80.8931032575"
1245,None - Rural Crash,Catawba,Piedmont,Residential,Mixed (30% To 70% Developed),SR 1401,Rural,40 - 45  MPH,Stop Sign,Cloudy,No,61,60-69,No,NA,With Traffic,B: Evident Injury,Travel Lane,White,Female,70+,70+,No,NA,0-5 mph,O: No Injury,White,Male,Pickup,No,10JUL2013,Wednesday,Motorist Failed to Yield - Sign-Controlled Intersection,16,Intersection,July,B: Evident Injury,16:07:00,Motorist Drive Out - Sign-Controlled Intersection,2013,Yes,No,Daylight,Straight - Level,State Secondary Route,Dry,"Two-Way, Not Divided",None,T-Intersection,Smooth Asphalt,2 lanes,"35.7880969848, -81.2933034069"
1252,Hickory,Catawba,Piedmont,Residential,Mixed (30% To 70% Developed),3RD AVE,Urban,20 - 25  MPH,Other,Clear,No,23,20-24,No,NA,Facing Traffic,B: Evident Injury,Sidewalk / Crosswalk / Driveway Crossing,White,Male,70+,70+,No,NA,21-25 mph,O: No Injury,White,Male,Pickup,No,15JUN2013,Saturday,Parallel Paths - Other Circumstances,21,Intersection-Related,June,B: Evident Injury,21:14:00,Bicyclist Ride Out - Parallel Path,2013,Yes,No,Dark - Lighted Roadway,Straight - Grade,Local Street,Dry,"One-Way, Not Divided",None,No Special Feature,Smooth Asphalt,2 lanes,"35.7356269712, -81.3424034189"
1253,None - Rural Crash,Granville,Piedmont,"Farms, Woods, Pastures",Rural (<30% Developed),SR 1710,Rural,50 - 55  MPH,"Double Yellow Line, No Passing Zone",Cloudy,No,15,11-15,No,NA,With Traffic,B: Evident Injury,Travel Lane,White,Female,44,40-49,No,NA,51-55 mph,O: No Injury,White,Male,Passenger Car,No,13JUL2013,Saturday,Motorist Overtaking Bicyclist,8,Non-Intersection,July,B: Evident Injury,08:00:00,Motorist Overtaking - Other / Unknown,2013,Yes,No,Daylight,Curve - Level,State Secondary Route,Wet,"Two-Way, Not Divided",None,No Special Feature,Smooth Asphalt,2 lanes,"36.0580251408, -78.5952476105"
1269,Charlotte,Mecklenburg,Piedmont,Residential,Urban (>70% Developed),2600 N GRAHAM ST,Urban,30 - 35  MPH,Stop Sign,Clear,No,48,40-49,No,NA,With Traffic,C: Possible Injury,Non-Roadway,Hispanic,Male,48,40-49,No,NA,21-25 mph,O: No Injury,Black,Female,Passenger Car,No,01JUL2013,Monday,Parallel Paths - Other Circumstances,17,Non-Intersection,July,C: Possible Injury,17:08:00,Bicyclist Ride Out - Parallel Path,2013,Yes,No,Daylight,Straight - Level,Local Street,Dry,"Two-Way, Not Divided",None,No Special Feature,Coarse Asphalt,4 lanes,"35.2481568872, -80.8294032385"
1271,Durham,Durham,Piedmont,Residential,Urban (>70% Developed),S BUCHANAN BLVD,Urban,20 - 25  MPH,No Control Present,Clear,No,7,6-10,No,NA,Not Applicable,O: No Injury,Sidewalk / Crosswalk / Driveway Crossing,Black,Male,57,50-59,No,NA,0-5 mph,O: No Injury,Black,Female,Passenger Car,No,20JUL2013,Saturday,Bicyclist Failed to Yield - Midblock,18,Non-Intersection,July,O: No Injury,18:53:00,Bicyclist Ride Out - Residential Driveway,2013,Yes,No,Daylight,Straight - Grade,Local Street,Dry,"Two-Way, Not Divided",None,No Special Feature,Coarse Asphalt,2 lanes,"35.9943771156, -78.9151027044"
1272,None - Rural Crash,Scotland,Coastal,"Farms, Woods, Pastures",Rural (<30% Developed),NC 381,Rural,50 - 55  MPH,No Control Present,Cloudy,No,22,20-24,Yes,NA,With Traffic,A: Disabling Injury,Travel Lane,Black,Male,50,50-59,No,NA,51-55 mph,O: No Injury,White,Male,Passenger Car,Yes,17JUL2013,Wednesday,Motorist Overtaking Bicyclist,21,Non-Intersection,July,A: Disabling Injury,21:12:00,Motorist Overtaking - Bicyclist Swerved,2013,Yes,No,Dark - Roadway Not Lighted,Straight - Level,NC Route,Dry,"Two-Way, Not Divided",None,No Special Feature,Smooth Asphalt,2 lanes,"34.779086829, -79.6184028524"
1273,Emerald Isle,Carteret,Coastal,Commercial,Urban (>70% Developed),NC 58,Rural,40 - 45  MPH,Stop And Go Signal,Clear,No,13,11-15,No,NA,Facing Traffic,C: Possible Injury,Sidewalk / Crosswalk / Driveway Crossing,White,Female,20,20-24,No,NA,31-35 mph,O: No Injury,White,Female,Pickup,No,06JUL2013,Saturday,Bicyclist Failed to Yield - Signalized Intersection,18,Intersection,July,C: Possible Injury,18:32:00,Bicyclist Ride Out - Signalized  Intersection,2013,Yes,No,Daylight,Straight - Level,NC Route,Dry,"Two-Way, Not Divided",None,Four-Way Intersection,Smooth Asphalt,9 or more lanes,"34.6618068897, -77.0490020702"
1281,None - Rural Crash,Madison,Mountains,"Farms, Woods, Pastures",Rural (<30% Developed),SR 1001,Rural,50 - 55  MPH,"Double Yellow Line, No Passing Zone",Clear,No,17,16-19,No,NA,With Traffic,O: No Injury,Travel Lane,White,Male,62,60-69,No,NA,21-25 mph,O: No Injury,White,Male,Passenger Car,No,24JUL2013,Wednesday,Motorist Overtaking Bicyclist,15,Non-Intersection,July,O: No Injury,15:52:00,Motorist Overtaking - Bicyclist Swerved,2013,No,No,Daylight,Straight - Grade,State Secondary Route,Dry,"Two-Way, Not Divided",None,No Special Feature,Smooth Asphalt,2 lanes,"35.7523169225, -82.7064038248"
1282,Statesville,Iredell,Piedmont,Residential,Urban (>70% Developed),GROVE ST,Urban,30 - 35  MPH,Stop Sign,Clear,No,10,6-10,No,NA,With Traffic,C: Possible Injury,Travel Lane,Black,Female,57,50-59,No,NA,16-20 mph,O: No Injury,Black,Female,Sport Utility,No,10JUL2013,Wednesday,Bicyclist Failed to Yield - Sign-Controlled Intersection,15,Intersection,July,C: Possible Injury,15:40:00,Bicyclist Ride Through - Sign-Controlled Intersection,2013,Yes,No,Daylight,Straight - Grade,Local Street,Dry,"Two-Way, Not Divided",None,T-Intersection,Smooth Asphalt,2 lanes,"35.7722769959, -80.90360329"
1284,Durham,Durham,Piedmont,Commercial,Urban (>70% Developed),NINTH ST,Urban,20 - 25  MPH,No Control Present,Clear,No,26,25-29,No,NA,With Traffic,B: Evident Injury,Travel Lane,Black,Female,55,50-59,No,NA,21-25 mph,O: No Injury,White,Female,Van,No,23JUL2013,Tuesday,Backing Vehicle,9,Non-Intersection,July,B: Evident Injury,09:57:00,Backing Vehicle,2013,Yes,No,Daylight,Straight - Level,Local Street,Dry,"Two-Way, Not Divided",None,No Special Feature,Coarse Asphalt,2 lanes,"36.0076971184, -78.9222027065"
1288,High Point,Guilford,Piedmont,Commercial,Urban (>70% Developed),S MAIN ST,Urban,30 - 35  MPH,Stop And Go Signal,Clear,No,40,40-49,Yes,NA,Facing Traffic,B: Evident Injury,Travel Lane,Hispanic,Male,34,30-39,No,NA,0-5 mph,O: No Injury,White,Female,Pickup,Yes,28JUN2013,Friday,Motorist Failed to Yield - Signalized Intersection,12,Intersection,June,B: Evident Injury,12:26:00,Motorist Drive Out - Right Turn on Red,2013,No,No,Daylight,Straight - Level,Local Street,Dry,"Two-Way, Not Divided",None,T-Intersection,Coarse Asphalt,5 lanes,"35.9266570621, -79.9860030241"
1294,Kinston,Lenoir,Coastal,Commercial,Urban (>70% Developed),US 70,Urban,40 - 45  MPH,Stop And Go Signal,Clear,No,28,25-29,No,NA,With Traffic,B: Evident Injury,Travel Lane,White,Male,70+,70+,No,NA,26-30 mph,O: No Injury,White,Female,Passenger Car,No,29JUL2013,Monday,Motorist Right Turn / Merge,12,Intersection,July,B: Evident Injury,12:55:00,Motorist Right Turn - Same Direction,2013,Yes,No,Daylight,Straight - Level,US Route,Dry,"Two-Way, Not Divided",None,T-Intersection,Grooved Concrete,7 lanes,"35.2423169999, -77.5792022598"
1299,Oak Island,Brunswick,Coastal,Commercial,Urban (>70% Developed),NE 63RD ST,Urban,30 - 35  MPH,No Control Present,Cloudy,No,10,6-10,No,NA,Facing Traffic,B: Evident Injury,Driveway / Alley,Hispanic,Male,65,60-69,No,NA,16-20 mph,O: No Injury,White,Female,Sport Utility,No,27JUN2013,Thursday,Bicyclist Failed to Yield - Midblock,17,Non-Intersection,June,B: Evident Injury,17:28:00,Bicyclist Ride Out - Commercial Driveway / Alley,2013,No,No,Daylight,Straight - Level,Local Street,Dry,"Two-Way, Not Divided",None,Alley Intersection,Smooth Asphalt,2 lanes,"33.9122066893, -78.1010023538"
1320,Winston-Salem,Forsyth,Piedmont,Residential,Urban (>70% Developed),E 16TH ST,Urban,20 - 25  MPH,No Control Present,Clear,No,21,20-24,No,NA,With Traffic,B: Evident Injury,Travel Lane,Black,Male,65,60-69,No,NA,16-20 mph,O: No Injury,Black,Female,Passenger Car,No,24JUL2013,Wednesday,Motorist Overtaking Bicyclist,7,Non-Intersection,July,B: Evident Injury,07:45:00,Motorist Overtaking - Bicyclist Swerved,2013,Yes,No,Daylight,Straight - Level,Local Street,Dry,"Two-Way, Not Divided",None,No Special Feature,Coarse Asphalt,2 lanes,"36.1147170927, -80.2364031089"
1325,Raleigh,Wake,Piedmont,Commercial,Urban (>70% Developed),E CABARRUS,Urban,30 - 35  MPH,Stop Sign,Clear,No,34,30-39,No,NA,Facing Traffic,B: Evident Injury,Travel Lane,White,Male,34,30-39,No,NA,26-30 mph,O: No Injury,White,Male,Pickup,No,30JUL2013,Tuesday,Loss of Control / Turning Error,13,Intersection,July,B: Evident Injury,13:58:00,Bicyclist Turning Error - Right Turn,2013,Yes,No,Daylight,Straight - Grade,Local Street,Dry,"Two-Way, Not Divided",None,No Special Feature,Smooth Asphalt,2 lanes,"35.7740170789, -78.6326026064"
1329,Wilmington,New Hanover,Coastal,Residential,Urban (>70% Developed),SOUTH COLLEGE RD,Urban,40 - 45  MPH,Stop And Go Signal,Clear,No,31,30-39,No,NA,With Traffic,B: Evident Injury,Bike Lane / Paved Shoulder,White,Male,48,40-49,No,NA,31-35 mph,O: No Injury,White,Male,Pickup,No,03JUL2013,Wednesday,Motorist Overtaking Bicyclist,7,Intersection,July,B: Evident Injury,07:39:00,Motorist Overtaking - Other / Unknown,2013,Yes,No,Daylight,Straight - Level,Local Street,Dry,"Two-Way, Divided, Positive Median Barrier",None,Four-Way Intersection,Smooth Asphalt,5 lanes,"34.2013567601, -77.8881023028"
1331,Winston-Salem,Forsyth,Piedmont,Residential,Urban (>70% Developed),E FIFTH ST,Urban,30 - 35  MPH,"Double Yellow Line, No Passing Zone",Clear,No,47,40-49,No,NA,Facing Traffic,B: Evident Injury,Travel Lane,Black,Male,NA,NA,Missing,NA,11-15 mph,Unknown Injury,Unknown/Missing,NA,NA,No,25JUL2013,Thursday,Crossing Paths - Other Circumstances,21,Intersection-Related,July,B: Evident Injury,21:51:00,Signalized Intersection - Other / Unknown,2013,Yes,Yes,Dark - Lighted Roadway,Straight - Level,Local Street,Dry,"Two-Way, Divided, Unprotected Median",None,No Special Feature,Smooth Asphalt,2 lanes,"36.1004270897, -80.2284031058"
1336,Wilmington,New Hanover,Coastal,Residential,Urban (>70% Developed),PRICES LN,Urban,30 - 35  MPH,No Control Present,Clear,No,6,6-10,No,NA,Facing Traffic,C: Possible Injury,Travel Lane,Black,Female,NA,NA,Missing,NA,26-30 mph,Unknown Injury,Unknown/Missing,NA,Passenger Car,No,28JUN2013,Friday,Crossing Paths - Other Circumstances,20,Non-Intersection,June,C: Possible Injury,20:35:00,Crossing Paths - Midblock - Other / Unknown,2013,Yes,Yes,Daylight,Straight - Level,Local Street,Dry,"Two-Way, Not Divided",None,No Special Feature,Smooth Asphalt,2 lanes,"34.24664677, -77.8989023085"
1341,None - Rural Crash,Halifax,Coastal,"Farms, Woods, Pastures",Rural (<30% Developed),SR 1409,Rural,50 - 55  MPH,"Double Yellow Line, No Passing Zone",Cloudy,No,58,50-59,Yes,NA,NA,K: Killed,Travel Lane,Black,Male,NA,NA,No,NA,51-55 mph,Unknown Injury,Unknown/Missing,NA,NA,Yes,06AUG2013,Tuesday,Motorist Overtaking Bicyclist,21,Non-Intersection,August,K: Killed,21:00:00,Motorist Overtaking - Other / Unknown,2013,Yes,Yes,Dark - Roadway Not Lighted,Straight - Level,State Secondary Route,Dry,"Two-Way, Not Divided",None,No Special Feature,Smooth Asphalt,2 lanes,"36.4368072465, -77.8761024116"
1343,None - Rural Crash,Gaston,Piedmont,"Farms, Woods, Pastures",Rural (<30% Developed),SR 2426,Rural,40 - 45  MPH,"Double Yellow Line, No Passing Zone",Cloudy,No,52,50-59,No,NA,With Traffic,O: No Injury,Travel Lane,White,Male,70+,70+,No,NA,21-25 mph,O: No Injury,White,Male,Passenger Car,No,07AUG2013,Wednesday,Motorist Overtaking Bicyclist,9,Non-Intersection,August,O: No Injury,09:50:00,Motorist Overtaking - Misjudged Space,2013,No,No,Daylight,Straight - Grade,State Secondary Route,Wet,"Two-Way, Not Divided",None,No Special Feature,Smooth Asphalt,2 lanes,"35.1648068581, -81.1478033289"
1350,Duck,Dare,Coastal,Commercial,Mixed (30% To 70% Developed),DUCK RD,Rural,NA,No Control Present,Clear,No,31,30-39,No,NA,With Traffic,C: Possible Injury,Bike Lane / Paved Shoulder,Black,Male,NA,NA,Missing,NA,NA,Unknown Injury,Unknown/Missing,NA,NA,No,29JUL2013,Monday,Motorist Overtaking Bicyclist,8,Non-Intersection,July,C: Possible Injury,08:40:00,Motorist Overtaking - Other / Unknown,2013,No,Yes,Daylight,Straight - Level,NC Route,Dry,"Two-Way, Divided, Unprotected Median",None,No Special Feature,Coarse Asphalt,3 lanes,"36.1613272596, -75.7522017456"
1351,Jacksonville,Onslow,Coastal,Commercial,Urban (>70% Developed),US 17,Urban,40 - 45  MPH,No Control Present,Rain,No,43,40-49,No,NA,Facing Traffic,B: Evident Injury,Travel Lane,Black,Female,37,30-39,No,NA,41-45 mph,O: No Injury,White,Female,Passenger Car,No,30JUN2013,Sunday,Crossing Paths - Other Circumstances,14,Intersection,June,B: Evident Injury,14:17:00,Crossing Paths - Uncontrolled Intersection,2013,Yes,No,Daylight,Straight - Level,NC Route,"Water (Standing, Moving)","Two-Way, Not Divided",None,No Special Feature,Smooth Asphalt,5 lanes,"34.767296901, -77.4065021842"
1352,Oak Island,Brunswick,Coastal,Residential,Urban (>70% Developed),E OAK ISLAND DR,Urban,40 - 45  MPH,No Control Present,Clear,No,16,16-19,No,NA,With Traffic,B: Evident Injury,Sidewalk / Crosswalk / Driveway Crossing,White,Male,59,50-59,No,NA,NA,O: No Injury,White,Male,Passenger Car,No,15JUL2013,Monday,Backing Vehicle,12,Non-Intersection,July,B: Evident Injury,12:16:00,Backing Vehicle,2013,Yes,No,Daylight,Straight - Level,Local Street,Dry,"Two-Way, Not Divided",None,No Special Feature,Concrete,3 lanes,"33.9209466897, -78.1350023643"
1358,Durham,Durham,Piedmont,Commercial,Urban (>70% Developed),PVA 114 S BUCHANAN BLVD,Urban,30 - 35  MPH,Stop Sign,Cloudy,No,52,50-59,No,NA,Facing Traffic,C: Possible Injury,Sidewalk / Crosswalk / Driveway Crossing,White,Female,30,30-39,No,NA,0-5 mph,O: No Injury,White,Female,Van,No,14AUG2013,Wednesday,Motorist Failed to Yield - Midblock,17,Non-Intersection,August,C: Possible Injury,17:05:00,Motorist Drive Out - Commercial Driveway / Alley,2013,Yes,No,Daylight,Straight - Level,Public Vehicular Area,Dry,"Two-Way, Not Divided",None,No Special Feature,Coarse Asphalt,2 lanes,"36.0009971166, -78.9137027037"
1359,Fuquay-Varina,Wake,Piedmont,Commercial,Urban (>70% Developed),WAKE CHAPEL RD,Urban,30 - 35  MPH,Stop And Go Signal,Cloudy,No,NA,NA,No,NA,With Traffic,Unknown Injury,Travel Lane,Unknown/Missing,NA,40,40-49,No,NA,0-5 mph,O: No Injury,White,Male,"Single Unit Truck (2-Axle, 6-Tire)",No,02JUL2013,Tuesday,Loss of Control / Turning Error,0,Intersection,July,C: Possible Injury,00:38:00,Motorist Turning Error - Left Turn,2013,No,No,Dark - Lighted Roadway,Straight - Level,Local Street,Wet,"Two-Way, Not Divided",None,Y-Intersection,Coarse Asphalt,2 lanes,"35.5891170331, -78.7996026477"
1364,Cary,Wake,Piedmont,Commercial,Urban (>70% Developed),CHAPEL HILL RD,Urban,40 - 45  MPH,No Control Present,Rain,No,35,30-39,No,NA,With Traffic,C: Possible Injury,Sidewalk / Crosswalk / Driveway Crossing,Black,Female,53,50-59,No,NA,36-40 mph,O: No Injury,Black,Female,Passenger Car,No,27JUL2013,Saturday,Motorist Right Turn / Merge,18,Non-Intersection,July,C: Possible Injury,18:15:00,Motorist Right Turn - Same Direction,2013,No,No,Daylight,Straight - Level,NC Route,Wet,"Two-Way, Divided, Unprotected Median",None,"Driveway, Public",Smooth Asphalt,4 lanes,"35.7960670785, -78.7605026469"
1368,Raleigh,Wake,Piedmont,Residential,Urban (>70% Developed),KAPLAN DR,Urban,30 - 35  MPH,Stop Sign,Clear,No,18,16-19,No,NA,With Traffic,B: Evident Injury,Travel Lane,Black,Male,24,20-24,No,NA,31-35 mph,O: No Injury,Black,Female,Sport Utility,No,15AUG2013,Thursday,Bicyclist Failed to Yield - Sign-Controlled Intersection,19,Intersection,August,B: Evident Injury,19:09:00,Bicyclist Ride Through - Sign-Controlled Intersection,2013,Yes,No,Daylight,Straight - Level,Local Street,Dry,"Two-Way, Not Divided",None,No Special Feature,Smooth Asphalt,2 lanes,"35.7768470774, -78.6940026258"
1376,Duck,Dare,Coastal,Residential,Urban (>70% Developed),DUCK RD,Rural,20 - 25  MPH,No Control Present,Clear,No,41,40-49,No,NA,With Traffic,B: Evident Injury,Bike Lane / Paved Shoulder,White,Male,32,30-39,No,NA,0-5 mph,O: No Injury,White,Female,Passenger Car,No,19JUL2013,Friday,Motorist Right Turn / Merge,9,Non-Intersection,July,B: Evident Injury,09:04:00,Motorist Right Turn - Same Direction,2013,No,No,Daylight,Straight - Level,NC Route,Dry,"Two-Way, Divided, Unprotected Median",None,No Special Feature,Smooth Asphalt,3 lanes,"36.1643072601, -75.7527017464"
1378,Fayetteville,Cumberland,Coastal,Commercial,Urban (>70% Developed),ALL AMERICAN EXP ON R,Urban,40 - 45  MPH,Stop And Go Signal,Clear,No,23,20-24,No,NA,With Traffic,B: Evident Injury,Travel Lane,Black,Male,31,30-39,No,NA,31-35 mph,O: No Injury,White,Female,Passenger Car,No,23JUL2013,Tuesday,Crossing Paths - Other Circumstances,9,Non-Intersection,July,B: Evident Injury,09:14:00,Crossing Paths - Midblock - Other / Unknown,2013,No,No,Daylight,Curve - Grade,Local Street,Dry,"Two-Way, Divided, Positive Median Barrier",None,On or Off Ramp,Coarse Asphalt,6 lanes,"35.0751969165, -78.9597026691"
1381,None - Rural Crash,Union,Piedmont,Residential,Rural (<30% Developed),PVA OAKSTONE SUBDIVISION,Rural,50 - 55  MPH,No Control Present,Cloudy,No,13,11-15,No,NA,Not Applicable,O: No Injury,NA,White,Male,NA,NA,Missing,NA,0-5 mph,Unknown Injury,Unknown/Missing,NA,Passenger Car,No,18AUG2013,Sunday,Non-Roadway,14,Non-Roadway,August,O: No Injury,14:30:00,Non-Roadway,2013,No,No,Daylight,Straight - Level,Public Vehicular Area,Dry,"Two-Way, Not Divided",None,"Driveway, Public",Smooth Asphalt,2 lanes,"35.0620768558, -80.6079031629"
1384,Jacksonville,Onslow,Coastal,Commercial,Urban (>70% Developed),GUM BRANCH RD,Urban,40 - 45  MPH,Stop And Go Signal,Cloudy,No,27,25-29,Yes,NA,With Traffic,C: Possible Injury,Travel Lane,Hispanic,Male,27,25-29,No,NA,41-45 mph,O: No Injury,Black,Female,Passenger Car,Yes,02AUG2013,Friday,Bicyclist Failed to Yield - Signalized Intersection,10,Intersection,August,C: Possible Injury,10:11:00,Bicyclist Ride Through - Signalized Intersection,2013,Yes,No,Daylight,Straight - Level,Local Street,Wet,"Two-Way, Not Divided",None,Four-Way Intersection,Smooth Asphalt,4 lanes,"34.7792269036, -77.4162021869"
1387,High Point,Guilford,Piedmont,Commercial,Urban (>70% Developed),3102 E KIVETT DR,Urban,NA,No Control Present,Clear,No,13,11-15,No,NA,Facing Traffic,B: Evident Injury,Sidewalk / Crosswalk / Driveway Crossing,Black,Male,41,40-49,No,NA,NA,O: No Injury,White,Female,Sport Utility,No,02AUG2013,Friday,Motorist Failed to Yield - Midblock,12,Non-Intersection,August,B: Evident Injury,12:53:00,Motorist Drive Out - Commercial Driveway / Alley,2013,No,No,Daylight,Straight - Level,Public Vehicular Area,Dry,"Two-Way, Not Divided",None,"Driveway, Public",Smooth Asphalt,NA,"35.9628470714, -79.9508030152"