object_id,city,county,region,development,locality,on_road,rural_urban,speed_limit,traffic_control,weather,workzone,bike_age,bike_age_group,bike_alcohol,bike_alcohol_drugs,bike_direction,bike_injury,bike_position,bike_race,bike_sex,driver_age,driver_age_group,driver_alcohol,driver_alcohol_drugs,driver_est_speed,driver_injury,driver_race,driver_sex,driver_vehicle_type,crash_alcohol,crash_date,crash_day,crash_group,crash_hour,crash_location,crash_month,crash_severity,crash_time,crash_type,crash_year,ambulance_req,hit_run,light_condition,road_character,road_class,road_condition,road_configuration,road_defects,road_feature,road_surface,num_lanes,geo_point
1401,None - Rural Crash,Mecklenburg,Piedmont,Residential,Urban (>70% Developed),REGAL OAKS RD,Rural,40 - 45  MPH,Stop And Go Signal,Cloudy,No,56,50-59,Yes,NA,Facing Traffic,B: Evident Injury,Sidewalk / Crosswalk / Driveway Crossing,White,Male,NA,NA,Missing,NA,6-10 mph,Unknown Injury,Unknown/Missing,NA,NA,Yes,01SEP2013,Sunday,Motorist Failed to Yield - Signalized Intersection,20,Intersection,September,B: Evident Injury,20:00:00,Motorist Drive Out - Signalized Intersection,2013,Yes,Yes,Dark - Lighted Roadway,Straight - Level,Local Street,Wet,"Two-Way, Not Divided",None,No Special Feature,Smooth Asphalt,2 lanes,"35.2023868814, -80.7307032072"
1406,New Bern,Craven,Coastal,Residential,Urban (>70% Developed),MILLER ST,Urban,30 - 35  MPH,No Control Present,Clear,No,12,11-15,No,NA,Facing Traffic,C: Possible Injury,Sidewalk / Crosswalk / Driveway Crossing,Black,Male,70+,70+,No,NA,16-20 mph,O: No Injury,White,Male,Passenger Car,No,21AUG2013,Wednesday,Motorist Left Turn / Merge,16,Intersection-Related,August,C: Possible Injury,16:09:00,Motorist Left Turn - Same Direction,2013,Yes,No,Daylight,Straight - Level,Local Street,Dry,"Two-Way, Not Divided",None,No Special Feature,Smooth Asphalt,2 lanes,"35.1085169881, -77.0524020924"
1422,None - Rural Crash,Lincoln,Piedmont,"Farms, Woods, Pastures",Mixed (30% To 70% Developed),US 321,Rural,40 - 45  MPH,"Double Yellow Line, No Passing Zone",Clear,No,28,25-29,No,NA,With Traffic,B: Evident Injury,Travel Lane,White,Male,20,20-24,No,NA,41-45 mph,O: No Injury,White,Male,Passenger Car,No,06SEP2013,Friday,Motorist Overtaking Bicyclist,5,Non-Intersection,September,B: Evident Injury,05:49:00,Motorist Overtaking - Undetected Bicyclist,2013,Yes,No,Dark - Roadway Not Lighted,Straight - Level,US Route,Dry,"Two-Way, Not Divided",None,No Special Feature,Smooth Asphalt,2 lanes,"35.5479069368, -81.2060033679"
1426,High Point,Guilford,Piedmont,Residential,Urban (>70% Developed),RAGAN AVE,Urban,30 - 35  MPH,Stop Sign,Clear,No,43,40-49,Yes,NA,With Traffic,A: Disabling Injury,Travel Lane,White,Female,43,40-49,No,NA,31-35 mph,O: No Injury,Black,Female,Sport Utility,Yes,20AUG2013,Tuesday,Loss of Control / Turning Error,20,Intersection,August,A: Disabling Injury,20:12:00,Bicyclist Turning Error - Right Turn,2013,Yes,No,Dusk,Straight - Hillcrest,Local Street,Dry,"Two-Way, Not Divided",None,Related To Intersection,Smooth Asphalt,2 lanes,"35.9526870675, -79.9897030264"
442,Greensboro,Guilford,Piedmont,Residential,Urban (>70% Developed),PVA 6010 W FRIENDLY AV,Urban,5 - 15 MPH,No Control Present,Clear,No,27,25-29,NA,No,Facing Traffic,B: Evident Injury,Sidewalk / Crosswalk / Driveway Crossing,White,Male,32,30-39,NA,No,0-5 mph,O: No Injury,Other,Male,Passenger Car,No,25AUG2014,Monday,Motorist Failed to Yield - Midblock,15,Non-Intersection,August,B: Evident Injury,15:58:00,Motorist Drive Out - Commercial Driveway / Alley,2014,Yes,No,Daylight,Straight - Level,Public Vehicular Area,Dry,"Two-Way, Not Divided",None,"Driveway, Private",Smooth Asphalt,5 lanes,"36.0879271, -79.8970030058"
441,None - Rural Crash,Guilford,Piedmont,Residential,Mixed (30% To 70% Developed),SR 2770,Rural,50 - 55  MPH,"Double Yellow Line, No Passing Zone",Clear,No,8,6-10,NA,No,Not Applicable,C: Possible Injury,Driveway / Alley,White,Male,62,60-69,NA,No,31-35 mph,O: No Injury,White,Female,Sport Utility,No,22AUG2014,Friday,Bicyclist Failed to Yield - Midblock,18,Non-Intersection,August,C: Possible Injury,18:15:00,Bicyclist Ride Out - Residential Driveway,2014,Yes,No,Daylight,Straight - Grade,State Secondary Route,Dry,"Two-Way, Not Divided",None,"Driveway, Private",Smooth Asphalt,2 lanes,"36.1368021187, -79.6564829362"
438,None - Rural Crash,Richmond,Piedmont,Residential,Mixed (30% To 70% Developed),1103,Rural,40 - 45  MPH,"Double Yellow Line, No Passing Zone",Cloudy,No,19,16-19,NA,No,With Traffic,C: Possible Injury,Travel Lane,Black,Male,57,50-59,NA,No,26-30 mph,O: No Injury,White,Female,Passenger Car,No,08AUG2014,Friday,Bicyclist Left Turn / Merge,17,Intersection-Related,August,C: Possible Injury,17:48:00,Bicyclist Left Turn - Same Direction,2014,Yes,No,Daylight,Straight - Bottom,State Secondary Route,Dry,"Two-Way, Not Divided",None,No Special Feature,Coarse Asphalt,2 lanes,"34.9130508519, -79.7986929129"
433,Shallotte,Brunswick,Coastal,Commercial,Urban (>70% Developed),MAIN ST,Rural,30 - 35  MPH,No Control Present,Clear,No,51,50-59,NA,No,Facing Traffic,C: Possible Injury,NA,Unknown/Missing,Male,42,40-49,NA,No,0-5 mph,O: No Injury,White,Male,Pickup,No,17JUL2014,Thursday,Motorist Failed to Yield - Midblock,19,Non-Intersection,July,C: Possible Injury,19:02:00,Motorist Drive Out - Commercial Driveway / Alley,2014,Yes,No,Daylight,Straight - Level,Local Street,Dry,"Two-Way, Divided, Unprotected Median",None,"Driveway, Public",Smooth Asphalt,3 lanes,"33.9764866945, -78.3808424407"
445,Emerald Isle,Carteret,Coastal,Commercial,Urban (>70% Developed),LOON DRIVE,Rural,20 - 25  MPH,Stop Sign,Clear,No,16,16-19,NA,No,Not Applicable,C: Possible Injury,Multi-use Path,White,Male,61,60-69,NA,No,6-10 mph,O: No Injury,White,Female,Sport Utility,No,26JUL2014,Saturday,Bicyclist Failed to Yield - Midblock,13,Non-Intersection,July,C: Possible Injury,13:04:00,Bicyclist Ride Out - Other Midblock,2014,No,No,Daylight,Straight - Level,Local Street,Dry,"Two-Way, Not Divided",None,Four-Way Intersection,Coarse Asphalt,9 or more lanes,"34.6615168896, -77.0490420698"
417,Rocky Mount,Nash,Coastal,Residential,Urban (>70% Developed),W RALEIGH BLVD,Urban,30 - 35  MPH,No Control Present,Clear,No,46,40-49,NA,No,Facing Traffic,B: Evident Injury,Travel Lane,Black,Female,22,20-24,NA,NA,0-5 mph,Unknown Injury,Black,Male,Pickup,No,04AUG2014,Monday,Motorist Left Turn / Merge,21,Intersection,August,B: Evident Injury,21:44:00,Motorist Left Turn - Opposite Direction,2014,No,No,Dusk,Straight - Level,Local Street,Dry,"Two-Way, Not Divided",None,Four-Way Intersection,Smooth Asphalt,2 lanes,"35.9330871416, -77.8104223647"
430,Boone,Watauga,Mountains,Institutional,Urban (>70% Developed),STADIUM DRIVE,Urban,20 - 25  MPH,Stop And Go Signal,Rain,No,22,20-24,NA,No,With Traffic,B: Evident Injury,Travel Lane,White,Female,47,40-49,NA,No,6-10 mph,O: No Injury,White,Female,Pickup,No,18AUG2014,Monday,Motorist Right Turn / Merge,12,Intersection,August,B: Evident Injury,12:30:00,Motorist Right Turn - Same Direction,2014,Yes,No,Daylight,Straight - Level,Local Street,Wet,"Two-Way, Not Divided",None,T-Intersection,Smooth Asphalt,4 lanes,"36.2137640583, -81.6822775481"
414,Durham,Durham,Piedmont,Residential,Urban (>70% Developed),PVA 901 CHALK LEVEL RD,Urban,5 - 15 MPH,No Control Present,Cloudy,No,5,0-5,NA,No,Not Applicable,C: Possible Injury,Driveway / Alley,Black,Female,22,20-24,NA,No,0-5 mph,O: No Injury,Black,Male,Passenger Car,No,13AUG2014,Wednesday,Non-Roadway,13,Non-Roadway,August,C: Possible Injury,13:01:00,Non-Roadway,2014,Yes,No,Daylight,Straight - Level,Public Vehicular Area,Wet,"Two-Way, Not Divided",None,No Special Feature,Coarse Asphalt,NA,"36.0499491278, -78.9114927062"
426,Raleigh,Wake,Piedmont,Residential,Urban (>70% Developed),BRAGG ST,Urban,30 - 35  MPH,Stop Sign,Clear,No,10,6-10,NA,No,With Traffic,C: Possible Injury,Travel Lane,Black,Male,58,50-59,NA,No,0-5 mph,O: No Injury,Black,Male,Pickup,No,17AUG2014,Sunday,Motorist Right Turn / Merge,16,Intersection,August,C: Possible Injury,16:27:00,Motorist Right Turn - Same Direction,2014,Yes,No,Daylight,Straight - Level,Local Street,Dry,"Two-Way, Not Divided",None,Four-Way Intersection,Coarse Asphalt,2 lanes,"35.7657770768, -78.633997607"
861,None - Rural Crash,Onslow,Coastal,Residential,Mixed (30% To 70% Developed),SR 1213,Rural,50 - 55  MPH,"Double Yellow Line, No Passing Zone",Clear,No,20,20-24,No,NA,With Traffic,B: Evident Injury,Bike Lane / Paved Shoulder,White,Male,NA,NA,No,NA,51-55 mph,Unknown Injury,Unknown/Missing,NA,Passenger Car,No,14JAN2013,Monday,Loss of Control / Turning Error,13,Non-Intersection,January,B: Evident Injury,13:48:00,Motorist Lost Control - Other / Unknown,2013,No,Yes,Daylight,Curve - Level,State Secondary Route,Dry,"Two-Way, Not Divided",None,No Special Feature,Coarse Asphalt,2 lanes,"34.7568568947, -77.5483022265"
871,Wilmington,New Hanover,Coastal,Commercial,Urban (>70% Developed),SHIPYARD BLVD,Urban,40 - 45  MPH,Stop And Go Signal,Clear,No,19,16-19,No,NA,With Traffic,C: Possible Injury,Travel Lane,White,Male,62,60-69,No,NA,11-15 mph,O: No Injury,Black,Female,Van,No,09JAN2013,Wednesday,Bicyclist Failed to Yield - Signalized Intersection,20,Intersection,January,C: Possible Injury,20:21:00,Bicyclist Ride Out - Signalized  Intersection,2013,Yes,No,Dark - Lighted Roadway,Straight - Level,Local Street,Dry,"Two-Way, Divided, Positive Median Barrier",None,Four-Way Intersection,Smooth Asphalt,9 or more lanes,"34.1914967564, -77.9343023164"
864,None - Rural Crash,Robeson,Coastal,"Farms, Woods, Pastures",Rural (<30% Developed),SR 1752,Rural,50 - 55  MPH,"Double Yellow Line, No Passing Zone",Clear,No,49,40-49,No,NA,With Traffic,B: Evident Injury,Travel Lane,Native American,Male,42,40-49,No,NA,51-55 mph,O: No Injury,Native American,Female,Van,No,13JAN2013,Sunday,Motorist Overtaking Bicyclist,18,Non-Intersection,January,B: Evident Injury,18:34:00,Motorist Overtaking - Other / Unknown,2013,Yes,No,Dark - Roadway Not Lighted,Straight - Level,State Secondary Route,Dry,"Two-Way, Not Divided",None,No Special Feature,Coarse Asphalt,2 lanes,"34.7059168338, -79.0213026689"
854,None - Rural Crash,Nash,Coastal,Residential,Mixed (30% To 70% Developed),SR 1743,Rural,50 - 55  MPH,"Double Yellow Line, No Passing Zone",Clear,No,29,25-29,No,NA,With Traffic,B: Evident Injury,Travel Lane,White,Male,45,40-49,No,NA,41-45 mph,O: No Injury,Black,Male,Passenger Car,No,07JAN2013,Monday,Motorist Overtaking Bicyclist,18,Non-Intersection,January,B: Evident Injury,18:40:00,Motorist Overtaking - Other / Unknown,2013,Yes,No,Dark - Roadway Not Lighted,Straight - Grade,State Secondary Route,Dry,"Two-Way, Not Divided",None,No Special Feature,Smooth Asphalt,2 lanes,"35.836627117, -77.9155023924"
850,Chapel Hill,Orange,Piedmont,Institutional,Urban (>70% Developed),S COLUMBIA ST,Urban,20 - 25  MPH,No Control Present,Clear,No,26,25-29,NA,No,With Traffic,B: Evident Injury,Travel Lane,White,Male,21,20-24,NA,No,0-5 mph,Unknown Injury,White,Female,Passenger Car,No,11NOV2014,Tuesday,Loss of Control / Turning Error,17,Non-Intersection,November,B: Evident Injury,17:50:00,Bicyclist Lost Control - Mechanical Problems,2014,No,No,Dark - Lighted Roadway,Straight - Grade,Local Street,Dry,NA,None,No Special Feature,Coarse Asphalt,3 lanes,"35.9080610922, -79.0528527416"
877,Durham,Durham,Piedmont,Residential,Urban (>70% Developed),BARBEE RD,Urban,30 - 35  MPH,No Control Present,Clear,No,41,40-49,No,NA,With Traffic,B: Evident Injury,Travel Lane,Black,Male,20,20-24,No,NA,31-35 mph,O: No Injury,White,Female,Passenger Car,No,29JAN2013,Tuesday,Motorist Overtaking Bicyclist,17,Non-Intersection,January,B: Evident Injury,17:56:00,Motorist Overtaking - Undetected Bicyclist,2013,Yes,No,Dark - Lighted Roadway,Straight - Level,Local Street,Dry,"Two-Way, Not Divided",None,No Special Feature,Smooth Asphalt,2 lanes,"35.9130270984, -78.9172027001"
870,New Bern,Craven,Coastal,Commercial,Urban (>70% Developed),NEUSE BLVD,Urban,30 - 35  MPH,No Control Present,Clear,No,61,60-69,No,NA,With Traffic,C: Possible Injury,Travel Lane,Black,Male,NA,NA,Missing,NA,31-35 mph,Unknown Injury,Unknown/Missing,NA,NA,No,07JAN2013,Monday,Motorist Overtaking Bicyclist,8,Intersection-Related,January,C: Possible Injury,08:17:00,Motorist Overtaking - Other / Unknown,2013,No,Yes,Daylight,Straight - Level,Local Street,Dry,"Two-Way, Not Divided",None,No Special Feature,Concrete,4 lanes,"35.1184269898, -77.0782021011"
872,Greenville,Pitt,Coastal,Commercial,Urban (>70% Developed),NC 11,Urban,40 - 45  MPH,Stop And Go Signal,Clear,No,23,20-24,Yes,NA,With Traffic,B: Evident Injury,Travel Lane,Hispanic,Female,65,60-69,No,NA,16-20 mph,O: No Injury,White,Female,Passenger Car,Yes,18JAN2013,Friday,Motorist Left Turn / Merge,16,Intersection,January,B: Evident Injury,16:06:00,Motorist Left Turn - Opposite Direction,2013,Yes,No,Daylight,Straight - Level,NC Route,Dry,"Two-Way, Divided, Unprotected Median",None,Four-Way Intersection,Smooth Asphalt,6 lanes,"35.5562970741, -77.4064022232"
855,Greensboro,Guilford,Piedmont,Residential,Urban (>70% Developed),WESTRIDGE RD,Urban,40 - 45  MPH,No Control Present,Clear,No,47,40-49,No,NA,With Traffic,C: Possible Injury,Travel Lane,White,Male,70+,70+,No,NA,11-15 mph,O: No Injury,White,Female,Passenger Car,No,07JAN2013,Monday,Motorist Left Turn / Merge,17,Intersection,January,C: Possible Injury,17:52:00,Motorist Left Turn - Opposite Direction,2013,Yes,No,Dusk,Straight - Level,Local Street,Dry,"Two-Way, Not Divided",None,No Special Feature,Coarse Asphalt,2 lanes,"36.1173371076, -79.8463029923"
4004,Rocky Mount,Nash,Coastal,Commercial,Urban (>70% Developed),NA,Urban,30 - 35  MPH,Stop And Go Signal,Cloudy,No,13,11-15,Yes,NA,Facing Traffic,O: No Injury,Travel Lane,White,Female,27,25-29,No,NA,0-5 mph,O: No Injury,Black,Female,Passenger Car,Yes,26APR2010,Monday,Bicyclist Failed to Yield - Signalized Intersection,16,Intersection,April,O: No Injury,16:22:00,Bicyclist Ride Out - Signalized  Intersection,2010,No,No,Daylight,Straight - Level,Local Street,Dry,"Two-Way, Divided, Unprotected Median",None,Four-Way Intersection,Coarse Asphalt,4 lanes,"35.9426471436, -77.8020883631"
4009,Charlotte,Mecklenburg,Piedmont,Residential,Urban (>70% Developed),NA,Urban,30 - 35  MPH,No Control Present,Cloudy,No,7,6-10,No,NA,With Traffic,O: No Injury,Travel Lane,Black,Male,NA,NA,Missing,NA,46-50 mph,Unknown Injury,Unknown/Missing,NA,Passenger Car,No,29MAY2010,Saturday,Loss of Control / Turning Error,12,Non-Intersection,May,O: No Injury,12:52:00,"Motorist Lost Control - Oversteering, Improper Braking, Speed",2010,No,Yes,Daylight,Curve - Grade,Local Street,Dry,"Two-Way, Not Divided",None,No Special Feature,Smooth Asphalt,2 lanes,"35.231046882, -80.8784332531"
4019,Charlotte,Mecklenburg,Piedmont,Residential,Urban (>70% Developed),NA,Urban,30 - 35  MPH,Stop Sign,Cloudy,No,59,50-59,No,NA,With Traffic,B: Evident Injury,Travel Lane,White,Male,NA,NA,Missing,NA,16-20 mph,Unknown Injury,Unknown/Missing,NA,NA,No,01JUN2010,Tuesday,Crossing Paths - Other Circumstances,18,Intersection,June,B: Evident Injury,18:20:00,Sign-Controlled Intersection - Other / Unknown,2010,Yes,Yes,Daylight,Straight - Level,Local Street,Dry,"Two-Way, Not Divided",None,Four-Way Intersection,Smooth Asphalt,4 lanes,"35.2216098825, -80.8105832319"
4037,Charlotte,Mecklenburg,Piedmont,Residential,Urban (>70% Developed),NA,Urban,30 - 35  MPH,Stop And Go Signal,Clear,No,69,60-69,No,NA,With Traffic,B: Evident Injury,Travel Lane,White,Male,21,20-24,No,NA,31-35 mph,O: No Injury,Black,Male,Passenger Car,No,07JUN2010,Monday,Bicyclist Left Turn / Merge,18,Non-Intersection,June,B: Evident Injury,18:23:00,Bicyclist Left Turn - Same Direction,2010,Yes,No,Daylight,Straight - Level,Local Street,Dry,"Two-Way, Divided, Unprotected Median",None,No Special Feature,Smooth Asphalt,4 lanes,"35.1952508749, -80.8514332426"
4038,High Point,Guilford,Piedmont,Commercial,Urban (>70% Developed),NA,Urban,30 - 35  MPH,No Control Present,Clear,No,32,30-39,No,NA,With Traffic,B: Evident Injury,Travel Lane,White,Male,NA,NA,Missing,NA,31-35 mph,Unknown Injury,Unknown/Missing,NA,Passenger Car,No,17JUN2010,Thursday,Motorist Overtaking Bicyclist,17,Intersection-Related,June,B: Evident Injury,17:01:00,Motorist Overtaking - Other / Unknown,2010,Yes,Yes,Daylight,Straight - Grade,Local Street,Dry,"Two-Way, Not Divided",None,No Special Feature,Smooth Asphalt,4 lanes,"35.9441570649, -80.0234480354"
4041,Holly Springs,Wake,Piedmont,Residential,Urban (>70% Developed),NA,Urban,20 - 25  MPH,No Control Present,Clear,No,22,20-24,No,NA,With Traffic,Unknown Injury,Travel Lane,Asian,Male,18,0-19,No,NA,31-35 mph,O: No Injury,White,Male,Passenger Car,No,26JUN2010,Saturday,Motorist Left Turn / Merge,10,Intersection,June,O: No Injury,10:28:00,Motorist Left Turn - Opposite Direction,2010,Yes,No,Daylight,Straight - Level,Local Street,Dry,"Two-Way, Not Divided",None,T-Intersection,Coarse Asphalt,2 lanes,"35.6549100459, -78.8303226599"
4047,Norwood,Stanly,Piedmont,Commercial,Rural (<30% Developed),NA,Rural,40 - 45  MPH,No Control Present,Clear,No,23,20-24,No,NA,With Traffic,B: Evident Injury,Travel Lane,White,Male,66,60-69,No,NA,26-30 mph,O: No Injury,White,Male,Pickup,No,08JUN2010,Tuesday,Bicyclist Right Turn / Merge,12,Non-Intersection,June,B: Evident Injury,12:00:00,Bicyclist Right Turn - Same Direction,2010,Yes,No,Daylight,Straight - Grade,Local Street,Dry,"Two-Way, Not Divided",None,No Special Feature,Smooth Asphalt,2 lanes,"35.2451619121, -80.1256530285"
4049,Greensboro,Guilford,Piedmont,Residential,Urban (>70% Developed),NA,Urban,30 - 35  MPH,Stop Sign,Clear,No,54,50-59,No,NA,With Traffic,B: Evident Injury,Travel Lane,White,Male,27,25-29,No,NA,16-20 mph,O: No Injury,Black,Male,Passenger Car,No,13JUN2010,Sunday,Motorist Failed to Yield - Sign-Controlled Intersection,12,Intersection,June,B: Evident Injury,12:46:00,Motorist Drive Out - Sign-Controlled Intersection,2010,Yes,No,Daylight,Straight - Level,Local Street,Dry,"Two-Way, Not Divided",None,T-Intersection,Smooth Asphalt,2 lanes,"36.1360471124, -79.8210329861"
4057,Durham,Durham,Piedmont,Commercial,Urban (>70% Developed),NA,Urban,30 - 35  MPH,Stop Sign,Clear,No,53,50-59,No,NA,Facing Traffic,B: Evident Injury,Travel Lane,Black,Male,55,50-59,No,NA,6-10 mph,O: No Injury,White,Male,Passenger Car,No,28JUN2010,Monday,Bicyclist Failed to Yield - Sign-Controlled Intersection,17,Intersection,June,B: Evident Injury,17:49:00,Bicyclist Ride Out - Sign-Controlled Intersection,2010,Yes,No,Daylight,Straight - Grade,Local Street,Dry,"Two-Way, Not Divided",None,T-Intersection,Coarse Asphalt,2 lanes,"35.9905471154, -78.8960526979"
4061,Hickory,Catawba,Piedmont,Residential,Mixed (30% To 70% Developed),NA,Urban,30 - 35  MPH,No Control Present,Clear,No,14,11-15,No,NA,With Traffic,O: No Injury,Travel Lane,Black,Male,64,60-69,No,NA,NA,O: No Injury,White,Male,Van,No,20JUN2010,Sunday,Bicyclist Overtaking Motorist,19,Non-Intersection,June,O: No Injury,19:27:00,Bicyclist Overtaking - Other / Unknown,2010,No,No,Dusk,Straight - Bottom,Local Street,Dry,"Two-Way, Not Divided",None,No Special Feature,Coarse Asphalt,2 lanes,"35.7282169703, -81.3377794168"
4070,None - Rural Crash,Wake,Piedmont,"Farms, Woods, Pastures",Rural (<30% Developed),NA,Rural,40 - 45  MPH,No Control Present,Clear,No,39,30-39,No,NA,With Traffic,B: Evident Injury,Travel Lane,White,Male,27,25-29,No,NA,41-45 mph,O: No Injury,White,Male,Van,No,05JUL2010,Monday,Motorist Overtaking Bicyclist,19,Non-Intersection,July,B: Evident Injury,19:45:00,Motorist Overtaking - Undetected Bicyclist,2010,Yes,No,Daylight,Straight - Grade,State Secondary Route,Dry,"Two-Way, Not Divided",None,No Special Feature,Coarse Asphalt,2 lanes,"35.6521140517, -78.6587626085"
4072,Raleigh,Wake,Piedmont,Commercial,Urban (>70% Developed),NA,Urban,30 - 35  MPH,No Control Present,Clear,No,39,30-39,No,NA,With Traffic,B: Evident Injury,Travel Lane,White,Male,58,50-59,No,NA,NA,O: No Injury,White,Male,Passenger Car,No,04JUN2010,Friday,Bicyclist Overtaking Motorist,20,Non-Intersection,June,B: Evident Injury,20:30:00,Bicyclist Overtaking - Extended Door,2010,Yes,No,Dawn,Straight - Level,Local Street,Dry,"Two-Way, Not Divided",None,No Special Feature,Smooth Asphalt,2 lanes,"35.7770650788, -78.6442976105"
4075,Raleigh,Wake,Piedmont,Commercial,Urban (>70% Developed),NA,Urban,40 - 45  MPH,Stop And Go Signal,Clear,No,36,30-39,No,NA,With Traffic,B: Evident Injury,Travel Lane,White,Male,NA,NA,Missing,NA,26-30 mph,Unknown Injury,Unknown/Missing,NA,NA,No,08JUN2010,Tuesday,Motorist Overtaking Bicyclist,18,Intersection-Related,June,B: Evident Injury,18:51:00,Motorist Overtaking - Misjudged Space,2010,No,Yes,Daylight,Straight - Level,Local Street,Dry,"Two-Way, Not Divided",None,No Special Feature,Smooth Asphalt,3 lanes,"35.826145087, -78.7049226319"
4080,Kinston,Lenoir,Coastal,Residential,Urban (>70% Developed),NA,Urban,30 - 35  MPH,Stop Sign,Clear,No,59,50-59,No,NA,With Traffic,B: Evident Injury,Travel Lane,Black,Male,64,60-69,No,NA,0-5 mph,O: No Injury,Black,Female,Passenger Car,No,11JUL2010,Sunday,Motorist Failed to Yield - Sign-Controlled Intersection,21,Intersection,July,B: Evident Injury,21:10:00,Motorist Drive Out - Sign-Controlled Intersection,2010,Yes,No,Dark - Roadway Not Lighted,Straight - Level,Local Street,Dry,"Two-Way, Not Divided",None,T-Intersection,Smooth Asphalt,4 lanes,"35.2572820033, -77.5702222572"
4083,Wilmington,New Hanover,Coastal,Residential,Urban (>70% Developed),NA,Urban,20 - 25  MPH,No Control Present,Clear,No,22,20-24,No,NA,Facing Traffic,C: Possible Injury,Sidewalk / Crosswalk / Driveway Crossing,White,Male,21,20-24,No,NA,0-5 mph,O: No Injury,White,Female,Passenger Car,No,24JUN2010,Thursday,Motorist Failed to Yield - Midblock,8,Non-Intersection,June,C: Possible Injury,08:45:00,Motorist Drive Out - Commercial Driveway / Alley,2010,Yes,No,Daylight,Straight - Level,Local Street,Dry,"Two-Way, Not Divided",None,No Special Feature,Coarse Asphalt,5 lanes,"34.2332767686, -77.8703482988"
4101,Charlotte,Mecklenburg,Piedmont,Commercial,Urban (>70% Developed),NA,Urban,40 - 45  MPH,Stop And Go Signal,Clear,No,21,20-24,No,NA,Not Applicable,B: Evident Injury,Sidewalk / Crosswalk / Driveway Crossing,White,Male,53,50-59,No,NA,31-35 mph,O: No Injury,Hispanic,Male,Van,No,29JUN2010,Tuesday,Bicyclist Failed to Yield - Sign-Controlled Intersection,9,Intersection,June,B: Evident Injury,09:54:00,Bicyclist Ride Out - Sign-Controlled Intersection,2010,Yes,No,Daylight,Straight - Level,Local Street,Dry,"Two-Way, Divided, Unprotected Median",None,T-Intersection,Coarse Asphalt,4 lanes,"35.1197308583, -80.8811732471"
4104,Charlotte,Mecklenburg,Piedmont,Residential,Urban (>70% Developed),NA,Urban,30 - 35  MPH,No Control Present,Clear,No,47,40-49,No,NA,NA,B: Evident Injury,Travel Lane,Black,Male,NA,NA,Missing,NA,31-35 mph,Unknown Injury,Unknown/Missing,NA,NA,No,10JUL2010,Saturday,Other / Unknown - Insufficient Details,23,Non-Intersection,July,B: Evident Injury,23:08:00,Unknown Approach Paths,2010,Yes,Yes,Dark - Lighted Roadway,Straight - Level,Local Street,Dry,"Two-Way, Divided, Positive Median Barrier",None,Related To Intersection,Smooth Asphalt,5 lanes,"35.2464968894, -80.7523932159"
4112,Selma,Johnston,Coastal,Commercial,Urban (>70% Developed),NA,Urban,40 - 45  MPH,No Control Present,Clear,No,49,40-49,No,NA,With Traffic,B: Evident Injury,Travel Lane,Black,Male,24,20-24,No,NA,41-45 mph,O: No Injury,White,Female,Sport Utility,No,01JUL2010,Thursday,Motorist Overtaking Bicyclist,8,Non-Intersection,July,B: Evident Injury,08:42:00,Motorist Overtaking - Misjudged Space,2010,Yes,No,Daylight,Straight - Level,State Secondary Route,Dry,"Two-Way, Not Divided",None,Underpass,Smooth Asphalt,2 lanes,"35.5165210346, -78.296772491"
4122,Raleigh,Wake,Piedmont,Commercial,Urban (>70% Developed),NA,Urban,30 - 35  MPH,No Control Present,Clear,No,24,20-24,No,NA,With Traffic,O: No Injury,Travel Lane,White,Male,60,60-69,No,NA,16-20 mph,O: No Injury,Black,Female,Passenger Car,No,30JUN2010,Wednesday,Motorist Left Turn / Merge,16,Intersection-Related,June,O: No Injury,16:49:00,Motorist Left Turn - Opposite Direction,2010,No,No,Daylight,Straight - Grade,Local Street,Dry,"Two-Way, Not Divided",None,No Special Feature,Smooth Asphalt,3 lanes,"35.7890620803, -78.6623626167"
4126,Kitty Hawk,Dare,Coastal,Residential,Urban (>70% Developed),NA,Rural,20 - 25  MPH,No Control Present,Clear,No,7,6-10,No,NA,Not Applicable,B: Evident Injury,Driveway / Alley,White,Male,21,20-24,No,NA,>100 mph,O: No Injury,White,Female,Pickup,No,20JUN2010,Sunday,Bicyclist Failed to Yield - Midblock,18,Non-Intersection,June,B: Evident Injury,18:05:00,Bicyclist Ride Out - Residential Driveway,2010,No,No,Daylight,Straight - Level,Local Street,Dry,"Two-Way, Not Divided",None,No Special Feature,Coarse Asphalt,2 lanes,"36.0592472389, -75.7308977337"
4129,None - Rural Crash,Stokes,Piedmont,"Farms, Woods, Pastures",Rural (<30% Developed),NA,Rural,40 - 45  MPH,"Double Yellow Line, No Passing Zone",Clear,No,49,40-49,No,NA,With Traffic,B: Evident Injury,Travel Lane,White,Male,51,50-59,No,NA,41-45 mph,O: No Injury,White,Female,Sport Utility,No,23JUL2010,Friday,Motorist Overtaking Bicyclist,7,Non-Intersection,July,K: Killed,07:42:00,Motorist Overtaking - Other / Unknown,2010,Yes,No,Daylight,Curve - Grade,State Secondary Route,Dry,"Two-Way, Not Divided",None,No Special Feature,Smooth Asphalt,2 lanes,"36.2843671226, -80.3906431654"