object_id,city,county,region,development,locality,on_road,rural_urban,speed_limit,traffic_control,weather,workzone,bike_age,bike_age_group,bike_alcohol,bike_alcohol_drugs,bike_direction,bike_injury,bike_position,bike_race,bike_sex,driver_age,driver_age_group,driver_alcohol,driver_alcohol_drugs,driver_est_speed,driver_injury,driver_race,driver_sex,driver_vehicle_type,crash_alcohol,crash_date,crash_day,crash_group,crash_hour,crash_location,crash_month,crash_severity,crash_time,crash_type,crash_year,ambulance_req,hit_run,light_condition,road_character,road_class,road_condition,road_configuration,road_defects,road_feature,road_surface,num_lanes,geo_point
4130,Raleigh,Wake,Piedmont,Commercial,Urban (>70% Developed),NA,Urban,30 - 35  MPH,No Control Present,Rain,No,32,30-39,No,NA,With Traffic,C: Possible Injury,Travel Lane,White,Male,31,30-39,No,NA,21-25 mph,O: No Injury,Other,Male,Sport Utility,No,29MAY2010,Saturday,Motorist Overtaking Bicyclist,0,Non-Intersection,May,C: Possible Injury,00:07:00,Motorist Overtaking - Other / Unknown,2010,No,No,Dark - Roadway Not Lighted,Straight - Grade,Local Street,"Water (Standing, Moving)","Two-Way, Divided, Unprotected Median",None,No Special Feature,Coarse Asphalt,5 lanes,"35.7952650804, -78.7067826306"
4131,Charlotte,Mecklenburg,Piedmont,Commercial,Urban (>70% Developed),NA,Urban,40 - 45  MPH,No Control Present,Clear,No,51,50-59,No,NA,Not Applicable,B: Evident Injury,Travel Lane,White,Male,37,30-39,No,NA,0-5 mph,O: No Injury,White,Female,Van,No,15JUL2010,Thursday,Parallel Paths - Other Circumstances,18,Intersection,July,B: Evident Injury,18:43:00,Parallel Paths - Other / Unknown,2010,Yes,No,Daylight,Straight - Level,Local Street,Dry,"Two-Way, Divided, Positive Median Barrier",None,T-Intersection,Smooth Asphalt,4 lanes,"35.0971328564, -80.7778882151"
4135,Asheville,Buncombe,Mountains,Commercial,Urban (>70% Developed),NA,Urban,20 - 25  MPH,Stop Sign,Other,No,25,25-29,No,NA,NA,B: Evident Injury,Travel Lane,White,Female,NA,NA,No,NA,NA,Unknown Injury,Unknown/Missing,NA,Passenger Car,No,21JUL2010,Wednesday,Motorist Left Turn / Merge,15,Non-Intersection,July,B: Evident Injury,15:08:00,Motorist Left Turn - Opposite Direction,2010,Yes,Yes,NA,Straight - Level,Local Street,NA,"Two-Way, Not Divided",None,Four-Way Intersection,Smooth Asphalt,2 lanes,"35.6014318966, -82.5547837704"
4143,None - Rural Crash,Davie,Piedmont,"Farms, Woods, Pastures",Rural (<30% Developed),NA,Rural,50 - 55  MPH,"Double Yellow Line, No Passing Zone",Cloudy,No,59,50-59,No,NA,Facing Traffic,K: Killed,Travel Lane,White,Male,30,30-39,No,NA,46-50 mph,O: No Injury,White,Male,Pickup,No,31JUL2010,Saturday,Motorist Overtaking Bicyclist,18,Non-Intersection,July,K: Killed,18:21:00,Motorist Overtaking - Other / Unknown,2010,Yes,No,Daylight,Curve - Level,US Route,Dry,"Two-Way, Not Divided",None,No Special Feature,Smooth Asphalt,2 lanes,"35.9521440446, -80.6087332122"
4146,Asheville,Buncombe,Mountains,Commercial,Urban (>70% Developed),NA,Urban,30 - 35  MPH,Stop And Go Signal,Rain,No,19,16-19,No,NA,With Traffic,A: Disabling Injury,Travel Lane,White,Female,32,30-39,No,NA,6-10 mph,O: No Injury,White,Male,Passenger Car,No,28MAY2010,Friday,Motorist Left Turn / Merge,18,Intersection,May,A: Disabling Injury,18:16:00,Motorist Left Turn - Opposite Direction,2010,Yes,No,Other,Straight - Grade,US Route,"Water (Standing, Moving)","Two-Way, Divided, Unprotected Median",None,No Special Feature,Smooth Asphalt,2 lanes,"35.6202839012, -82.5544397717"
4150,None - Rural Crash,Richmond,Piedmont,Residential,Rural (<30% Developed),NA,Rural,30 - 35  MPH,Stop Sign,Clear,No,7,6-10,No,NA,With Traffic,B: Evident Injury,Travel Lane,Black,Male,51,50-59,No,NA,21-25 mph,O: No Injury,Black,Male,Passenger Car,No,14JUL2010,Wednesday,Bicyclist Failed to Yield - Sign-Controlled Intersection,19,Intersection,July,B: Evident Injury,19:00:00,Bicyclist Ride Through - Sign-Controlled Intersection,2010,Yes,No,Daylight,Straight - Level,State Secondary Route,Dry,"Two-Way, Not Divided",None,Four-Way Intersection,Coarse Asphalt,2 lanes,"34.9556468636, -79.7291828939"
4153,None - Rural Crash,Currituck,Coastal,Residential,Rural (<30% Developed),NA,Rural,50 - 55  MPH,"Double Yellow Line, No Passing Zone",Clear,No,52,50-59,Yes,NA,With Traffic,O: No Injury,Travel Lane,White,Male,30,30-39,No,NA,41-45 mph,O: No Injury,Black,Female,Passenger Car,Yes,02AUG2010,Monday,Bicyclist Left Turn / Merge,20,Non-Intersection,August,O: No Injury,20:45:00,Bicyclist Left Turn - Same Direction,2010,No,No,Dark - Roadway Not Lighted,Straight - Level,State Secondary Route,Dry,"Two-Way, Not Divided",None,No Special Feature,Smooth Asphalt,2 lanes,"36.2542302755, -75.8819067904"
4157,Wilmington,New Hanover,Coastal,Institutional,Urban (>70% Developed),NA,Urban,5 - 15 MPH,No Control Present,Clear,No,26,25-29,No,NA,Not Applicable,B: Evident Injury,Non-Roadway,Unknown/Missing,Female,25,25-29,No,NA,NA,O: No Injury,Unknown/Missing,Male,Sport Utility,No,22JUL2010,Thursday,Non-Roadway,17,Non-Roadway,July,B: Evident Injury,17:04:00,Non-Roadway,2010,No,No,Daylight,Straight - Level,Public Vehicular Area,Dry,"Two-Way, Not Divided",None,No Special Feature,Coarse Asphalt,9 or more lanes,"34.2257987666, -77.8748322995"
4169,Charlotte,Mecklenburg,Piedmont,Commercial,Urban (>70% Developed),NA,Urban,5 - 15 MPH,No Control Present,Cloudy,No,43,40-49,No,NA,Facing Traffic,C: Possible Injury,Sidewalk / Crosswalk / Driveway Crossing,Black,Male,50,50-59,No,NA,6-10 mph,O: No Injury,White,Male,Van,No,27JUL2010,Tuesday,Motorist Failed to Yield - Midblock,17,Non-Intersection,July,C: Possible Injury,17:10:00,Motorist Drive Out - Commercial Driveway / Alley,2010,No,No,Daylight,Straight - Level,Public Vehicular Area,Wet,"Two-Way, Not Divided",None,No Special Feature,Smooth Asphalt,NA,"35.2652508911, -80.8165772366"
4170,Rocky Mount,Nash,Coastal,Commercial,Urban (>70% Developed),NA,Urban,5 - 15 MPH,No Control Present,Clear,No,68,60-69,No,NA,Facing Traffic,O: No Injury,Sidewalk / Crosswalk / Driveway Crossing,Unknown/Missing,NA,NA,NA,Missing,NA,6-10 mph,Unknown Injury,Unknown/Missing,NA,NA,No,07JUL2010,Wednesday,Motorist Right Turn / Merge,10,Non-Intersection,July,O: No Injury,10:31:00,Motorist Right Turn - Opposite Direction,2010,No,Yes,Daylight,Straight - Level,Local Street,Dry,"Two-Way, Not Divided",None,"Driveway, Public",Smooth Asphalt,5 lanes,"35.9327201409, -77.810982365"
4172,None - Rural Crash,Davie,Piedmont,"Farms, Woods, Pastures",Rural (<30% Developed),NA,Rural,40 - 45  MPH,No Control Present,Clear,No,31,30-39,No,NA,With Traffic,B: Evident Injury,Travel Lane,White,Male,NA,NA,No,NA,41-45 mph,B: Evident Injury,White,Male,Sport Utility,No,29JUL2010,Thursday,Motorist Right Turn / Merge,8,Intersection-Related,July,B: Evident Injury,08:05:00,Motorist Right Turn - Same Direction,2010,Yes,No,Daylight,Straight - Grade,NC Route,Dry,"Two-Way, Not Divided",None,T-Intersection,Coarse Asphalt,2 lanes,"35.9728010562, -80.4256471587"
4182,None - Rural Crash,Rowan,Piedmont,Residential,Mixed (30% To 70% Developed),NA,Rural,40 - 45  MPH,"Double Yellow Line, No Passing Zone",Clear,No,34,30-39,No,NA,With Traffic,C: Possible Injury,Travel Lane,Asian,Male,29,25-29,No,NA,6-10 mph,O: No Injury,White,Male,Passenger Car,No,17JUL2010,Saturday,Motorist Right Turn / Merge,8,Intersection,July,C: Possible Injury,08:35:00,Motorist Right Turn - Same Direction,2010,No,No,Daylight,Straight - Level,State Secondary Route,Dry,"Two-Way, Not Divided",None,T-Intersection,Coarse Asphalt,2 lanes,"35.547232956, -80.7018082168"
4183,Davidson,Mecklenburg,Piedmont,Commercial,Urban (>70% Developed),NA,Urban,20 - 25  MPH,No Control Present,Clear,No,33,30-39,No,NA,With Traffic,O: No Injury,Travel Lane,White,Male,62,60-69,No,NA,0-5 mph,O: No Injury,White,Female,Sport Utility,No,04JUN2010,Friday,Motorist Right Turn / Merge,9,Non-Intersection,June,O: No Injury,09:30:00,Motorist Right Turn - Same Direction,2010,No,No,Daylight,Straight - Level,US Route,Dry,"Two-Way, Not Divided",None,No Special Feature,Smooth Asphalt,2 lanes,"35.4981869399, -80.8489032585"
4189,None - Rural Crash,Vance,Piedmont,Residential,Rural (<30% Developed),NA,Rural,40 - 45  MPH,No Control Present,Clear,No,48,40-49,No,NA,Facing Traffic,K: Killed,Travel Lane,Black,Male,42,40-49,No,NA,36-40 mph,O: No Injury,Black,Female,Passenger Car,No,10AUG2010,Tuesday,Head-On,21,Non-Intersection,August,K: Killed,21:05:00,Head-On - Bicyclist,2010,Yes,No,Dark - Roadway Not Lighted,Straight - Level,State Secondary Route,Dry,"Two-Way, Not Divided",None,No Special Feature,Smooth Asphalt,2 lanes,"36.428871225, -78.4348225822"
4195,Carolina Beach,New Hanover,Coastal,Commercial,Urban (>70% Developed),NA,Urban,20 - 25  MPH,No Control Present,Cloudy,No,49,40-49,No,NA,NA,B: Evident Injury,Travel Lane,White,Male,57,50-59,No,NA,16-20 mph,O: No Injury,White,Female,Van,No,10JUL2010,Saturday,Crossing Paths - Other Circumstances,15,Intersection,July,B: Evident Injury,15:57:00,Crossing Paths - Intersection - Other / Unknown,2010,Yes,No,Daylight,Straight - Level,US Route,Dry,"Two-Way, Not Divided",None,No Special Feature,Smooth Asphalt,4 lanes,"34.0376767243, -77.8939722974"
4200,Raleigh,Wake,Piedmont,Commercial,Urban (>70% Developed),NA,Urban,30 - 35  MPH,Stop And Go Signal,Clear,No,42,40-49,No,NA,With Traffic,B: Evident Injury,Travel Lane,White,Male,47,40-49,No,NA,31-35 mph,O: No Injury,Black,Female,Passenger Car,No,28JUL2010,Wednesday,Motorist Left Turn / Merge,17,Intersection,July,B: Evident Injury,17:35:00,Motorist Left Turn - Opposite Direction,2010,No,No,Daylight,Straight - Level,Local Street,Dry,"Two-Way, Not Divided",None,No Special Feature,Smooth Asphalt,2 lanes,"35.7889470799, -78.6863226238"
4209,None - Rural Crash,Guilford,Piedmont,Residential,Mixed (30% To 70% Developed),NA,Rural,30 - 35  MPH,No Control Present,Clear,No,12,11-15,No,NA,Not Applicable,B: Evident Injury,Driveway / Alley,White,Male,40,40-49,No,NA,31-35 mph,O: No Injury,Black,Male,Passenger Car,No,16AUG2010,Monday,Bicyclist Failed to Yield - Midblock,14,Non-Intersection,August,B: Evident Injury,14:04:00,Bicyclist Ride Out - Residential Driveway,2010,Yes,No,Daylight,Straight - Level,State Secondary Route,Dry,"Two-Way, Not Divided",None,"Driveway, Private",Smooth Asphalt,2 lanes,"36.2002771319, -79.6592969407"
4223,Wilmington,New Hanover,Coastal,Commercial,Urban (>70% Developed),NA,Urban,40 - 45  MPH,No Control Present,Cloudy,No,65,60-69,Yes,NA,Not Applicable,B: Evident Injury,Travel Lane,White,Male,25,25-29,No,NA,36-40 mph,C: Possible Injury,Black,Male,Passenger Car,Yes,06AUG2010,Friday,Bicyclist Failed to Yield - Midblock,15,Non-Intersection,August,B: Evident Injury,15:20:00,Bicyclist Ride Out - Other Midblock,2010,Yes,No,Daylight,Straight - Level,US Route,Wet,"Two-Way, Not Divided",None,No Special Feature,Coarse Asphalt,5 lanes,"34.2003737589, -77.9395163186"
4228,None - Rural Crash,Orange,Piedmont,Residential,Rural (<30% Developed),NA,Rural,40 - 45  MPH,"Double Yellow Line, No Passing Zone",Clear,No,17,16-19,No,NA,With Traffic,O: No Injury,Travel Lane,White,Male,26,25-29,No,NA,36-40 mph,O: No Injury,Black,Female,Van,No,02AUG2010,Monday,Bicyclist Left Turn / Merge,17,Non-Intersection,August,O: No Injury,17:45:00,Bicyclist Left Turn - Same Direction,2010,No,No,Daylight,Curve - Level,State Secondary Route,Dry,"Two-Way, Not Divided",None,No Special Feature,Coarse Asphalt,2 lanes,"36.0925441255, -79.2142968002"
4232,None - Rural Crash,Harnett,Coastal,Institutional,Rural (<30% Developed),NA,Rural,50 - 55  MPH,Stop Sign,Clear,No,44,40-49,No,NA,With Traffic,B: Evident Injury,Travel Lane,White,Male,17,0-19,No,NA,11-15 mph,O: No Injury,White,Female,Passenger Car,No,17AUG2010,Tuesday,Motorist Failed to Yield - Sign-Controlled Intersection,8,Intersection,August,B: Evident Injury,08:39:00,Motorist Drive Out - Sign-Controlled Intersection,2010,No,No,Daylight,Straight - Level,State Secondary Route,Dry,"Two-Way, Not Divided",None,No Special Feature,Smooth Asphalt,2 lanes,"35.4606010058, -78.7784826343"
4234,Raleigh,Wake,Piedmont,Commercial,Urban (>70% Developed),NA,Urban,30 - 35  MPH,Stop And Go Signal,Clear,No,31,30-39,No,NA,Facing Traffic,O: No Injury,Sidewalk / Crosswalk / Driveway Crossing,White,Male,27,25-29,No,NA,16-20 mph,O: No Injury,Black,Male,NA,No,06AUG2010,Friday,Motorist Left Turn / Merge,22,Intersection,August,O: No Injury,22:04:00,Motorist Left Turn - Same Direction,2010,No,Yes,Daylight,Straight - Level,Local Street,Dry,"Two-Way, Not Divided",None,No Special Feature,Smooth Asphalt,4 lanes,"35.7809870798, -78.6505326127"
4237,Wilson,Wilson,Coastal,Commercial,Urban (>70% Developed),NA,Urban,30 - 35  MPH,Stop And Go Signal,Clear,No,14,11-15,No,NA,Facing Traffic,C: Possible Injury,Travel Lane,Black,Male,56,50-59,No,NA,11-15 mph,O: No Injury,Black,Female,Passenger Car,No,03AUG2010,Tuesday,Bicyclist Failed to Yield - Signalized Intersection,11,Intersection,August,C: Possible Injury,11:49:00,Bicyclist Ride Through - Signalized Intersection,2010,No,No,Daylight,Straight - Level,Local Street,Dry,"Two-Way, Not Divided",None,Four-Way Intersection,Smooth Asphalt,3 lanes,"35.7186040906, -77.9344423915"
4240,Greensboro,Guilford,Piedmont,Residential,Urban (>70% Developed),NA,Urban,5 - 15 MPH,No Control Present,Clear,No,4,0-5,No,NA,Not Applicable,C: Possible Injury,Non-Roadway,Black,Female,62,60-69,No,NA,6-10 mph,O: No Injury,Black,Female,Passenger Car,No,09AUG2010,Monday,Non-Roadway,19,Non-Roadway,August,C: Possible Injury,19:00:00,Non-Roadway,2010,No,No,Daylight,Straight - Level,Public Vehicular Area,Dry,NA,None,"Driveway, Public",Coarse Asphalt,NA,"36.0652350996, -79.7619529637"
4242,Wilmington,New Hanover,Coastal,Residential,Urban (>70% Developed),NA,Urban,30 - 35  MPH,No Control Present,Clear,No,26,25-29,No,NA,Not Applicable,C: Possible Injury,Sidewalk / Crosswalk / Driveway Crossing,Black,Male,25,25-29,No,NA,0-5 mph,O: No Injury,White,Male,Passenger Car,No,16AUG2010,Monday,Motorist Failed to Yield - Midblock,19,Non-Intersection,August,C: Possible Injury,19:31:00,Motorist Drive Out - Commercial Driveway / Alley,2010,Yes,No,Daylight,Straight - Level,Local Street,Dry,"Two-Way, Not Divided",None,T-Intersection,Smooth Asphalt,2 lanes,"34.2341067681, -77.8688822981"
4243,Charlotte,Mecklenburg,Piedmont,Commercial,Urban (>70% Developed),NA,Urban,30 - 35  MPH,Stop And Go Signal,Rain,No,48,40-49,No,NA,With Traffic,B: Evident Injury,Travel Lane,Black,Male,NA,NA,Missing,NA,51-55 mph,Unknown Injury,Unknown/Missing,NA,NA,No,14AUG2010,Saturday,Motorist Overtaking Bicyclist,21,Non-Intersection,August,B: Evident Injury,21:30:00,Motorist Overtaking - Misjudged Space,2010,Yes,Yes,Dark - Roadway Not Lighted,Straight - Level,Local Street,Wet,"Two-Way, Not Divided",None,Bridge,Smooth Asphalt,4 lanes,"35.2363238849, -80.8307832385"
4247,None - Rural Crash,Johnston,Coastal,"Farms, Woods, Pastures",Rural (<30% Developed),NA,Rural,50 - 55  MPH,No Control Present,Clear,No,14,11-15,No,NA,With Traffic,B: Evident Injury,Travel Lane,Hispanic,Male,70+,70+,No,NA,36-40 mph,C: Possible Injury,White,Male,Passenger Car,No,21AUG2010,Saturday,Bicyclist Failed to Yield - Midblock,16,Non-Intersection,August,B: Evident Injury,16:41:00,Bicyclist Ride Out - Other Midblock,2010,Yes,No,Daylight,Straight - Level,US Route,Dry,"Two-Way, Divided, Unprotected Median",None,No Special Feature,Coarse Asphalt,4 lanes,"35.5603820413, -78.3906585222"
4249,Smithfield,Johnston,Coastal,Commercial,Urban (>70% Developed),NA,Urban,5 - 15 MPH,No Control Present,Clear,No,44,40-49,Yes,NA,Not Applicable,B: Evident Injury,Non-Roadway,White,Male,58,50-59,No,NA,6-10 mph,O: No Injury,Black,Female,Passenger Car,Yes,07AUG2010,Saturday,Non-Roadway,17,Non-Roadway,August,B: Evident Injury,17:15:00,Non-Roadway,2010,Yes,No,Daylight,Straight - Level,Public Vehicular Area,Dry,"Two-Way, Not Divided",None,No Special Feature,Coarse Asphalt,NA,"35.5048870312, -78.3249384996"
4257,Mooresville,Iredell,Piedmont,Commercial,Urban (>70% Developed),NA,Urban,40 - 45  MPH,"Double Yellow Line, No Passing Zone",Cloudy,No,36,30-39,No,NA,With Traffic,C: Possible Injury,Travel Lane,White,Male,44,40-49,No,NA,41-45 mph,O: No Injury,White,Male,Single Unit Truck (3 Or More Axles),No,03AUG2010,Tuesday,Motorist Overtaking Bicyclist,6,Non-Intersection,August,C: Possible Injury,06:07:00,Motorist Overtaking - Undetected Bicyclist,2010,Yes,No,Dark - Lighted Roadway,Straight - Level,US Route,Dry,"Two-Way, Not Divided",No Shoulders,No Special Feature,Smooth Asphalt,2 lanes,"35.5841629582, -80.8395832601"
4263,Durham,Durham,Piedmont,Residential,Urban (>70% Developed),NA,Urban,20 - 25  MPH,No Control Present,Clear,No,10,6-10,No,NA,With Traffic,C: Possible Injury,Travel Lane,Black,Female,40,40-49,No,NA,0-5 mph,O: No Injury,Black,Female,Passenger Car,No,27AUG2010,Friday,Backing Vehicle,20,Non-Intersection,August,C: Possible Injury,20:17:00,Backing Vehicle,2010,Yes,No,Dark - Lighted Roadway,Straight - Level,Local Street,Dry,"Two-Way, Not Divided",None,No Special Feature,Smooth Asphalt,2 lanes,"36.039073126, -78.8849976973"
4264,Lumberton,Robeson,Coastal,Commercial,Urban (>70% Developed),NA,Urban,40 - 45  MPH,Stop And Go Signal,Clear,No,51,50-59,No,NA,Facing Traffic,O: No Injury,Travel Lane,White,Male,52,50-59,No,NA,0-5 mph,O: No Injury,White,Male,Passenger Car,No,28AUG2010,Saturday,Crossing Paths - Other Circumstances,19,Intersection,August,O: No Injury,19:01:00,Signalized Intersection - Other / Unknown,2010,No,No,Daylight,Straight - Level,Local Street,Dry,"Two-Way, Not Divided",None,No Special Feature,Coarse Asphalt,7 lanes,"34.660196825, -78.9999926608"
4266,Winterville,Pitt,Coastal,Commercial,Urban (>70% Developed),NA,Urban,40 - 45  MPH,Stop Sign,Cloudy,No,48,40-49,No,NA,Facing Traffic,B: Evident Injury,Sidewalk / Crosswalk / Driveway Crossing,Unknown/Missing,Male,59,50-59,No,NA,NA,O: No Injury,White,Female,Van,No,15AUG2010,Sunday,Motorist Failed to Yield - Sign-Controlled Intersection,19,Intersection,August,B: Evident Injury,19:48:00,Motorist Drive Out - Sign-Controlled Intersection,2010,No,No,Dusk,Straight - Level,Local Street,Dry,"Two-Way, Not Divided",None,T-Intersection,Smooth Asphalt,2 lanes,"35.5479420722, -77.4028022216"
4270,Fayetteville,Cumberland,Coastal,"Farms, Woods, Pastures",Urban (>70% Developed),NA,Urban,40 - 45  MPH,Stop And Go Signal,Clear,No,19,16-19,No,NA,NA,B: Evident Injury,Travel Lane,Hispanic,Male,31,30-39,No,NA,36-40 mph,O: No Injury,White,Female,Pickup,No,19AUG2010,Thursday,Crossing Paths - Other Circumstances,14,Intersection,August,B: Evident Injury,14:15:00,Signalized Intersection - Other / Unknown,2010,Yes,No,Daylight,Straight - Level,Local Street,Dry,"Two-Way, Divided, Positive Median Barrier",None,No Special Feature,Smooth Asphalt,7 lanes,"35.0446169111, -78.9340086603"
4276,None - Rural Crash,Guilford,Piedmont,"Farms, Woods, Pastures",Mixed (30% To 70% Developed),NA,Rural,30 - 35  MPH,Other,Clear,No,8,6-10,No,NA,With Traffic,C: Possible Injury,Travel Lane,White,Female,18,0-19,No,NA,0-5 mph,O: No Injury,White,Female,Passenger Car,No,16AUG2010,Monday,Backing Vehicle,14,Intersection-Related,August,C: Possible Injury,14:21:00,Backing Vehicle,2010,Yes,No,Daylight,Straight - Level,State Secondary Route,Dry,"Two-Way, Not Divided",None,No Special Feature,Coarse Asphalt,2 lanes,"36.1458201209, -79.6523329354"
4282,Midland,Cabarrus,Piedmont,Commercial,Mixed (30% To 70% Developed),NA,Rural,50 - 55  MPH,No Control Present,Clear,No,45,40-49,No,NA,With Traffic,B: Evident Injury,Travel Lane,White,Female,22,20-24,No,NA,51-55 mph,O: No Injury,White,Female,Passenger Car,No,01SEP2010,Wednesday,Motorist Overtaking Bicyclist,10,Non-Intersection,September,B: Evident Injury,10:26:00,Motorist Overtaking - Misjudged Space,2010,Yes,No,Daylight,Straight - Level,NC Route,Dry,"Two-Way, Divided, Unprotected Median",None,No Special Feature,Smooth Asphalt,4 lanes,"35.2492938975, -80.5462981542"
4295,Erwin,Harnett,Coastal,Residential,Rural (<30% Developed),NA,Rural,30 - 35  MPH,Stop And Go Signal,Clear,No,28,25-29,No,NA,With Traffic,Unknown Injury,Travel Lane,Unknown/Missing,NA,NA,NA,Missing,NA,21-25 mph,Unknown Injury,Unknown/Missing,NA,NA,No,28AUG2010,Saturday,Crossing Paths - Other Circumstances,21,Intersection,August,Unknown Injury,21:51:00,Crossing Paths - Intersection - Other / Unknown,2010,No,Yes,Dark - Lighted Roadway,Straight - Grade,Local Street,Dry,"Two-Way, Not Divided",None,Four-Way Intersection,Coarse Asphalt,3 lanes,"35.3285209818, -78.6603825918"
4313,None - Rural Crash,Onslow,Coastal,"Farms, Woods, Pastures",Rural (<30% Developed),NA,Rural,50 - 55  MPH,No Control Present,Clear,No,11,11-15,No,NA,With Traffic,C: Possible Injury,Travel Lane,White,Female,58,50-59,No,NA,31-35 mph,B: Evident Injury,White,Male,Motorcycle,No,05SEP2010,Sunday,Bicyclist Left Turn / Merge,14,Non-Intersection,September,B: Evident Injury,14:26:00,Bicyclist Left Turn - Same Direction,2010,Yes,No,Daylight,Straight - Level,State Secondary Route,Dry,"Two-Way, Not Divided",None,No Special Feature,Coarse Asphalt,2 lanes,"34.9256429383, -77.3355121699"
4314,Cary,Wake,Piedmont,Commercial,Urban (>70% Developed),NA,Urban,5 - 15 MPH,No Control Present,Clear,No,9,6-10,No,NA,Not Applicable,C: Possible Injury,Travel Lane,Black,Male,57,50-59,No,NA,0-5 mph,O: No Injury,White,Male,Van,No,07SEP2010,Tuesday,Non-Roadway,18,Non-Roadway,September,C: Possible Injury,18:53:00,Non-Roadway,2010,Yes,No,Daylight,Curve - Level,Public Vehicular Area,Dry,"Two-Way, Not Divided",None,"Driveway, Public",Smooth Asphalt,NA,"35.8291170854, -78.7714186516"
4319,Salisbury,Rowan,Piedmont,Commercial,Urban (>70% Developed),NA,Urban,60 - 75 MPH,Yield Sign,Clear,No,24,20-24,No,NA,With Traffic,C: Possible Injury,Travel Lane,Black,Male,37,30-39,No,NA,61-65 mph,O: No Injury,White,Male,Van,No,13SEP2010,Monday,Motorist Overtaking Bicyclist,11,Non-Intersection,September,C: Possible Injury,11:17:00,Motorist Overtaking - Other / Unknown,2010,Yes,No,Daylight,Straight - Level,Interstate,Dry,"One-Way, Not Divided",None,On or Off Ramp,Concrete,1 lane,"35.6583269877, -80.4598931505"
4330,Raleigh,Wake,Piedmont,Commercial,Urban (>70% Developed),NA,Urban,30 - 35  MPH,Yield Sign,Clear,No,46,40-49,No,NA,With Traffic,C: Possible Injury,Travel Lane,Black,Male,NA,NA,Missing,NA,26-30 mph,Unknown Injury,Unknown/Missing,NA,NA,No,21JUL2010,Wednesday,Motorist Overtaking Bicyclist,16,Intersection,July,C: Possible Injury,16:35:00,Motorist Overtaking - Misjudged Space,2010,No,Yes,Daylight,Straight - Level,Local Street,Dry,"One-Way, Not Divided",None,Traffic Circle/Roundabout,Smooth Asphalt,1 lane,"35.7826270795, -78.6553986139"
4337,Wilmington,New Hanover,Coastal,Commercial,Urban (>70% Developed),NA,Urban,30 - 35  MPH,No Control Present,Clear,No,26,25-29,No,NA,Not Applicable,B: Evident Injury,Travel Lane,Asian,Female,49,40-49,No,NA,16-20 mph,O: No Injury,Black,Male,Passenger Car,No,13SEP2010,Monday,Bicyclist Failed to Yield - Midblock,18,Non-Intersection,September,B: Evident Injury,18:49:00,Bicyclist Ride Out - Midblock - Unknown,2010,Yes,No,Daylight,Straight - Level,Local Street,Dry,"One-Way, Not Divided",None,No Special Feature,Smooth Asphalt,1 lane,"34.2426967697, -77.8921723062"
4342,Chadbourn,Columbus,Coastal,Commercial,Urban (>70% Developed),NA,Rural,30 - 35  MPH,No Control Present,Clear,No,24,20-24,No,NA,With Traffic,B: Evident Injury,Travel Lane,Black,Male,31,30-39,No,NA,26-30 mph,O: No Injury,Black,Female,Passenger Car,No,18AUG2010,Wednesday,Motorist Right Turn / Merge,10,Intersection,August,B: Evident Injury,10:26:00,Motorist Right Turn - Same Direction,2010,Yes,No,Daylight,Straight - Level,Local Street,Dry,"Two-Way, Not Divided",None,T-Intersection,Smooth Asphalt,4 lanes,"34.3306417587, -78.8250025915"
4345,Carrboro,Orange,Piedmont,Commercial,Urban (>70% Developed),NA,Urban,20 - 25  MPH,Stop And Go Signal,Clear,No,21,20-24,No,NA,With Traffic,C: Possible Injury,Sidewalk / Crosswalk / Driveway Crossing,Asian,Female,47,40-49,No,NA,6-10 mph,O: No Injury,Black,Female,Passenger Car,No,09SEP2010,Thursday,Bicyclist Left Turn / Merge,7,Intersection,September,C: Possible Injury,07:49:00,Bicyclist Left Turn - Opposite Direction,2010,No,No,Daylight,Curve - Grade,Local Street,Dry,"Two-Way, Not Divided",None,T-Intersection,Smooth Asphalt,2 lanes,"35.9070700915, -79.0638927439"
4351,None - Rural Crash,Union,Piedmont,Residential,Mixed (30% To 70% Developed),NA,Rural,40 - 45  MPH,"Double Yellow Line, No Passing Zone",Clear,No,37,30-39,No,NA,With Traffic,C: Possible Injury,Travel Lane,White,Male,55,50-59,No,NA,41-45 mph,O: No Injury,Asian,Male,Pickup,No,20SEP2010,Monday,Motorist Overtaking Bicyclist,19,Non-Intersection,September,C: Possible Injury,19:20:00,Motorist Overtaking - Undetected Bicyclist,2010,Yes,No,Daylight,Straight - Level,State Secondary Route,Dry,"Two-Way, Not Divided",None,No Special Feature,Coarse Asphalt,2 lanes,"35.0906208656, -80.4990131317"
4352,Newton,Catawba,Piedmont,Residential,Urban (>70% Developed),NA,Urban,NA,No Control Present,Clear,No,51,50-59,No,NA,With Traffic,C: Possible Injury,Sidewalk / Crosswalk / Driveway Crossing,Black,Male,46,40-49,No,NA,0-5 mph,O: No Injury,White,Female,Passenger Car,No,10SEP2010,Friday,Motorist Failed to Yield - Midblock,16,Non-Intersection,September,C: Possible Injury,16:12:00,Motorist Drive Out - Commercial Driveway / Alley,2010,Yes,No,Daylight,Straight - Level,Public Vehicular Area,Dry,"Two-Way, Not Divided",None,"Driveway, Public",Coarse Asphalt,NA,"35.6600669603, -81.2216673785"