object_id,city,county,region,development,locality,on_road,rural_urban,speed_limit,traffic_control,weather,workzone,bike_age,bike_age_group,bike_alcohol,bike_alcohol_drugs,bike_direction,bike_injury,bike_position,bike_race,bike_sex,driver_age,driver_age_group,driver_alcohol,driver_alcohol_drugs,driver_est_speed,driver_injury,driver_race,driver_sex,driver_vehicle_type,crash_alcohol,crash_date,crash_day,crash_group,crash_hour,crash_location,crash_month,crash_severity,crash_time,crash_type,crash_year,ambulance_req,hit_run,light_condition,road_character,road_class,road_condition,road_configuration,road_defects,road_feature,road_surface,num_lanes,geo_point
4376,None - Rural Crash,Brunswick,Coastal,"Farms, Woods, Pastures",Rural (<30% Developed),NA,Rural,50 - 55  MPH,No Control Present,Rain,No,61,60-69,No,NA,With Traffic,O: No Injury,Travel Lane,White,Male,40,40-49,No,NA,31-35 mph,O: No Injury,White,Female,Passenger Car,No,26SEP2010,Sunday,Bicyclist Left Turn / Merge,12,Non-Intersection,September,B: Evident Injury,12:09:00,Bicyclist Left Turn - Same Direction,2010,Yes,No,Daylight,Straight - Level,State Secondary Route,Wet,"Two-Way, Not Divided",None,"Driveway, Public",Smooth Asphalt,2 lanes,"33.9947966921, -78.5805625016"
4378,Charlotte,Mecklenburg,Piedmont,Residential,Urban (>70% Developed),NA,Urban,20 - 25  MPH,Stop Sign,Clear,No,38,30-39,No,NA,With Traffic,B: Evident Injury,Travel Lane,White,Male,17,0-19,No,NA,11-15 mph,O: No Injury,Other,Male,Sport Utility,No,02SEP2010,Thursday,Motorist Failed to Yield - Sign-Controlled Intersection,16,Intersection,September,B: Evident Injury,16:00:00,Motorist Drive Out - Sign-Controlled Intersection,2010,No,No,Daylight,Straight - Hillcrest,Local Street,Dry,"Two-Way, Not Divided",None,No Special Feature,Smooth Asphalt,2 lanes,"35.0548388448, -80.8533432351"
4384,High Point,Guilford,Piedmont,Commercial,Urban (>70% Developed),NA,Urban,30 - 35  MPH,No Control Present,Clear,No,40,40-49,No,NA,With Traffic,C: Possible Injury,Travel Lane,Black,Male,35,30-39,No,NA,NA,O: No Injury,White,Male,Police,No,23SEP2010,Thursday,Bicyclist Overtaking Motorist,12,Non-Intersection,September,C: Possible Injury,12:57:00,Bicyclist Overtaking - Passing on Left,2010,No,No,Daylight,Straight - Level,US Route,Dry,"Two-Way, Not Divided",None,"Driveway, Public",Smooth Asphalt,5 lanes,"35.974357071, -80.0182130362"
4386,High Shoals,Gaston,Piedmont,"Farms, Woods, Pastures",Rural (<30% Developed),NA,Rural,60 - 75 MPH,No Control Present,Clear,No,38,30-39,No,NA,With Traffic,B: Evident Injury,Travel Lane,Black,Male,33,30-39,No,NA,56-60 mph,O: No Injury,Black,Male,Truck/Trailer,No,30SEP2010,Thursday,Motorist Overtaking Bicyclist,6,Non-Intersection,September,B: Evident Injury,06:35:00,Motorist Overtaking - Undetected Bicyclist,2010,Yes,No,Dark - Roadway Not Lighted,Straight - Grade,US Route,Wet,"Two-Way, Divided, Positive Median Barrier",None,No Special Feature,Smooth Asphalt,4 lanes,"35.4062719072, -81.2099333614"
4401,Fayetteville,Cumberland,Coastal,Commercial,Urban (>70% Developed),NA,Urban,40 - 45  MPH,No Control Present,Clear,No,22,20-24,No,NA,Facing Traffic,C: Possible Injury,Travel Lane,White,Female,56,50-59,No,NA,6-10 mph,O: No Injury,Black,Male,Passenger Car,No,04OCT2010,Monday,Motorist Failed to Yield - Midblock,15,Non-Intersection,October,C: Possible Injury,15:24:00,Motorist Drive Out - Other Midblock,2010,No,No,Daylight,Straight - Level,Local Street,Dry,"Two-Way, Not Divided",None,No Special Feature,Coarse Asphalt,5 lanes,"35.0865089185, -78.9781726756"
4402,Hickory,Catawba,Piedmont,Commercial,Urban (>70% Developed),NA,Urban,30 - 35  MPH,Stop And Go Signal,Cloudy,No,62,60-69,No,NA,With Traffic,B: Evident Injury,Travel Lane,White,Male,56,50-59,No,NA,16-20 mph,O: No Injury,White,Male,Passenger Car,No,27SEP2010,Monday,Motorist Failed to Yield - Signalized Intersection,12,Intersection,September,B: Evident Injury,12:54:00,Motorist Drive Out - Signalized Intersection,2010,Yes,No,Daylight,Straight - Hillcrest,Local Street,Wet,"One-Way, Not Divided",None,Four-Way Intersection,Coarse Asphalt,2 lanes,"35.7290769691, -81.3609934237"
4403,Wilmington,New Hanover,Coastal,Commercial,Urban (>70% Developed),NA,Urban,20 - 25  MPH,No Control Present,Clear,No,23,20-24,No,NA,With Traffic,B: Evident Injury,Travel Lane,Black,Male,60,60-69,No,NA,0-5 mph,O: No Injury,Black,Male,Van,No,21SEP2010,Tuesday,Bicyclist Overtaking Motorist,16,Intersection-Related,September,B: Evident Injury,16:00:00,Bicyclist Overtaking - Passing on Right,2010,Yes,No,Daylight,Straight - Level,Local Street,Dry,"Two-Way, Not Divided",None,No Special Feature,Smooth Asphalt,2 lanes,"34.238996767, -77.9316323173"
4415,Raleigh,Wake,Piedmont,Commercial,Urban (>70% Developed),NA,Urban,40 - 45  MPH,Stop And Go Signal,Cloudy,No,12,11-15,No,NA,Facing Traffic,B: Evident Injury,Sidewalk / Crosswalk / Driveway Crossing,Black,Male,22,20-24,No,NA,NA,O: No Injury,Black,Female,Passenger Car,No,02SEP2010,Thursday,Motorist Right Turn / Merge,17,Intersection,September,B: Evident Injury,17:40:00,Motorist Right Turn - Opposite Direction,2010,Yes,No,Daylight,Straight - Level,Local Street,Dry,"Two-Way, Not Divided",None,No Special Feature,Smooth Asphalt,6 lanes,"35.8428950952, -78.5733285923"
4418,Wilmington,New Hanover,Coastal,Residential,Urban (>70% Developed),NA,Urban,40 - 45  MPH,No Control Present,Clear,No,25,25-29,No,NA,Not Applicable,B: Evident Injury,Non-Roadway,White,Male,29,25-29,No,NA,41-45 mph,O: No Injury,Black,Male,Passenger Car,No,23SEP2010,Thursday,Crossing Paths - Other Circumstances,14,Intersection,September,B: Evident Injury,14:08:00,Crossing Paths - Intersection - Other / Unknown,2010,Yes,No,Daylight,Straight - Level,NC Route,Dry,"Two-Way, Divided, Unprotected Median",None,No Special Feature,Coarse Asphalt,5 lanes,"34.2390817701, -77.8520422941"
4428,Raleigh,Wake,Piedmont,Commercial,Urban (>70% Developed),NA,Urban,30 - 35  MPH,Stop And Go Signal,Clear,No,16,16-19,No,NA,With Traffic,C: Possible Injury,Sidewalk / Crosswalk / Driveway Crossing,White,Male,17,0-19,No,NA,NA,O: No Injury,White,Male,Passenger Car,No,07SEP2010,Tuesday,Motorist Right Turn / Merge,15,Intersection,September,C: Possible Injury,15:25:00,Motorist Right Turn - Same Direction,2010,Yes,No,Daylight,Straight - Level,Local Street,Dry,"Two-Way, Not Divided",None,No Special Feature,Smooth Asphalt,5 lanes,"35.8564770953, -78.6506226161"
4437,Boone,Watauga,Mountains,Institutional,Urban (>70% Developed),NA,Urban,20 - 25  MPH,No Control Present,Cloudy,No,19,16-19,No,NA,With Traffic,B: Evident Injury,Bike Lane / Paved Shoulder,White,Male,22,20-24,No,NA,11-15 mph,O: No Injury,White,Male,Passenger Car,No,14OCT2010,Thursday,Motorist Left Turn / Merge,8,Non-Intersection,October,B: Evident Injury,08:01:00,Motorist Left Turn - Opposite Direction,2010,No,No,Daylight,Straight - Level,Local Street,Wet,"Two-Way, Not Divided",None,No Special Feature,Coarse Asphalt,4 lanes,"36.2124090582, -81.6807595472"
4438,Elon College,Alamance,Piedmont,Residential,Urban (>70% Developed),NA,Urban,20 - 25  MPH,No Control Present,Clear,No,26,25-29,No,NA,With Traffic,Unknown Injury,Travel Lane,Other,Male,35,30-39,No,NA,21-25 mph,O: No Injury,Black,Female,NA,No,15SEP2010,Wednesday,Motorist Overtaking Bicyclist,7,Non-Intersection,September,O: No Injury,07:49:00,Motorist Overtaking - Other / Unknown,2010,Yes,Yes,Dawn,Straight - Level,Local Street,Dry,"Two-Way, Not Divided",None,No Special Feature,Smooth Asphalt,2 lanes,"36.1005971171, -79.5092028899"
4440,Charlotte,Mecklenburg,Piedmont,Residential,Urban (>70% Developed),NA,Urban,20 - 25  MPH,No Control Present,Clear,No,9,6-10,No,NA,NA,C: Possible Injury,Travel Lane,Black,Female,17,0-19,No,NA,6-10 mph,O: No Injury,Black,Female,Sport Utility,No,08OCT2010,Friday,Other / Unknown - Insufficient Details,17,Non-Intersection,October,C: Possible Injury,17:00:00,Unknown Approach Paths,2010,Yes,No,Daylight,Straight - Level,Local Street,Dry,"Two-Way, Not Divided",None,No Special Feature,Smooth Asphalt,NA,"35.271994895, -80.7440632147"
4442,Chapel Hill,Orange,Piedmont,Residential,Rural (<30% Developed),NA,Urban,20 - 25  MPH,Stop Sign,Clear,No,10,6-10,No,NA,With Traffic,B: Evident Injury,Travel Lane,Black,Male,21,20-24,No,NA,16-20 mph,O: No Injury,White,Male,"Single Unit Truck (2-Axle, 6-Tire)",No,07OCT2010,Thursday,Bicyclist Failed to Yield - Sign-Controlled Intersection,15,Intersection,October,B: Evident Injury,15:13:00,Bicyclist Ride Through - Sign-Controlled Intersection,2010,Yes,No,Daylight,Straight - Level,Local Street,Dry,"Two-Way, Not Divided",None,Four-Way Intersection,Coarse Asphalt,2 lanes,"35.9374800989, -79.0503227415"
4452,Lumberton,Robeson,Coastal,"Farms, Woods, Pastures",Rural (<30% Developed),NA,Urban,40 - 45  MPH,No Control Present,Clear,No,52,50-59,No,NA,With Traffic,C: Possible Injury,Travel Lane,Native American,Male,38,30-39,No,NA,31-35 mph,O: No Injury,Native American,Female,Sport Utility,No,07OCT2010,Thursday,Motorist Overtaking Bicyclist,19,Intersection-Related,October,C: Possible Injury,19:31:00,Motorist Overtaking - Misjudged Space,2010,Yes,No,Dark - Lighted Roadway,Straight - Level,State Secondary Route,Dry,"Two-Way, Not Divided",None,No Special Feature,Coarse Asphalt,NA,"34.6951768315, -79.0134626658"
4457,Raleigh,Wake,Piedmont,Residential,Urban (>70% Developed),NA,Urban,30 - 35  MPH,No Control Present,Clear,No,31,30-39,No,NA,With Traffic,C: Possible Injury,Sidewalk / Crosswalk / Driveway Crossing,Black,Male,54,50-59,No,NA,0-5 mph,O: No Injury,Black,Male,Passenger Car,No,15SEP2010,Wednesday,Crossing Paths - Other Circumstances,9,Intersection,September,C: Possible Injury,09:49:00,Crossing Paths - Intersection - Other / Unknown,2010,Yes,No,Daylight,Straight - Level,Local Street,Dry,"Two-Way, Not Divided",None,T-Intersection,Smooth Asphalt,2 lanes,"35.784477081, -78.6346826077"
4462,Rockwell,Rowan,Piedmont,Commercial,Urban (>70% Developed),NA,Rural,30 - 35  MPH,No Control Present,Clear,No,18,16-19,No,NA,Not Applicable,B: Evident Injury,Non-Roadway,White,Male,70+,70+,No,NA,31-35 mph,O: No Injury,White,Male,Passenger Car,No,12OCT2010,Tuesday,Bicyclist Failed to Yield - Midblock,18,Non-Intersection,October,B: Evident Injury,18:50:00,Bicyclist Ride Out - Commercial Driveway / Alley,2010,Yes,No,Dusk,Straight - Level,US Route,Dry,"Two-Way, Not Divided",None,"Driveway, Public",Smooth Asphalt,3 lanes,"35.560096969, -80.4151431317"
6935,None - Rural Crash,Currituck,Coastal,Residential,Mixed (30% To 70% Developed),NA,Rural,40 - 45  MPH,No Control Present,Clear,No,38,30-39,No,NA,With Traffic,B: Evident Injury,Bike Lane / Paved Shoulder,White,Male,68,60-69,No,NA,36-40 mph,O: No Injury,Asian,Male,Sport Utility,No,18JUN2007,Monday,Motorist Overtaking Bicyclist,11,Non-Intersection,June,B: Evident Injury,11:00:00,Motorist Overtaking - Bicyclist Swerved,2007,Yes,No,Daylight,Straight - Level,NC Route,Dry,"Two-Way, Not Divided",None,No Special Feature,Smooth Asphalt,2 lanes,"36.3238102926, -75.8167017736"
6941,Stallings,Union,Piedmont,Commercial,Urban (>70% Developed),NA,Urban,30 - 35  MPH,No Control Present,Clear,No,35,30-39,No,NA,With Traffic,O: No Injury,Travel Lane,White,Male,NA,NA,Missing,NA,11-15 mph,Unknown Injury,Unknown/Missing,NA,Pickup,No,03OCT2007,Wednesday,Motorist Overtaking Bicyclist,8,Non-Intersection,October,O: No Injury,08:35:00,Motorist Overtaking - Other / Unknown,2007,No,Yes,Daylight,Straight - Level,Local Street,Dry,"Two-Way, Not Divided",None,No Special Feature,Smooth Asphalt,2 lanes,"35.0853108573, -80.6966331901"
6943,Burlington,Alamance,Piedmont,Commercial,Urban (>70% Developed),NA,Urban,NA,No Control Present,Clear,No,14,11-15,No,NA,NA,B: Evident Injury,Non-Roadway,Black,Male,35,30-39,No,NA,6-10 mph,O: No Injury,White,Female,Passenger Car,No,29JUN2007,Friday,Non-Roadway,14,Non-Roadway,June,B: Evident Injury,14:37:00,Non-Roadway,2007,No,No,Daylight,Straight - Level,Public Vehicular Area,Dry,"One-Way, Not Divided",None,No Special Feature,Smooth Asphalt,NA,"36.0917311194, -79.3902768532"
6960,Charlotte,Mecklenburg,Piedmont,Residential,Urban (>70% Developed),NA,Urban,30 - 35  MPH,No Control Present,Clear,No,50,50-59,No,NA,With Traffic,B: Evident Injury,Travel Lane,Black,Male,35,30-39,No,NA,31-35 mph,O: No Injury,Black,Male,Passenger Car,No,06OCT2007,Saturday,Crossing Paths - Other Circumstances,19,Intersection,October,B: Evident Injury,19:18:00,Crossing Paths - Intersection - Other / Unknown,2007,Yes,No,Dark - Lighted Roadway,Straight - Level,Local Street,Dry,"Two-Way, Divided, Unprotected Median",None,No Special Feature,Coarse Asphalt,5 lanes,"35.2476468868, -80.8434332431"
6961,Gastonia,Gaston,Piedmont,Residential,Urban (>70% Developed),NA,Urban,30 - 35  MPH,No Control Present,Clear,No,7,6-10,No,NA,With Traffic,C: Possible Injury,Travel Lane,Hispanic,Male,20,20-24,No,NA,26-30 mph,O: No Injury,White,Female,Passenger Car,No,02JUL2007,Monday,Bicyclist Left Turn / Merge,19,Non-Intersection,July,C: Possible Injury,19:44:00,Bicyclist Left Turn - Same Direction,2007,Yes,No,Daylight,Straight - Level,Local Street,Dry,"Two-Way, Not Divided",None,No Special Feature,Smooth Asphalt,2 lanes,"35.2698398774, -81.2144633553"
6963,Kill Devil Hills,Dare,Coastal,Commercial,Urban (>70% Developed),NA,Urban,NA,No Control Present,Clear,No,20,20-24,No,NA,Facing Traffic,B: Evident Injury,Travel Lane,White,Female,49,40-49,No,NA,0-5 mph,O: No Injury,Asian,Male,Passenger Car,No,02JUL2007,Monday,Motorist Failed to Yield - Midblock,11,Non-Intersection,July,B: Evident Injury,11:48:00,Motorist Drive Out - Commercial Driveway / Alley,2007,Yes,No,Daylight,Straight - Level,US Route,Dry,"Two-Way, Not Divided",None,No Special Feature,Coarse Asphalt,5 lanes,"35.9927272264, -75.6485017058"
6964,Rocky Mount,Edgecombe,Coastal,Residential,Urban (>70% Developed),NA,Urban,30 - 35  MPH,Stop Sign,Clear,No,17,16-19,No,NA,With Traffic,C: Possible Injury,Travel Lane,Black,Male,70+,70+,No,NA,16-20 mph,O: No Injury,White,Female,Passenger Car,No,02JUL2007,Monday,Bicyclist Failed to Yield - Sign-Controlled Intersection,11,Intersection,July,C: Possible Injury,11:04:00,Bicyclist Ride Through - Sign-Controlled Intersection,2007,Yes,No,Daylight,Straight - Level,Local Street,Dry,"Two-Way, Not Divided",None,Four-Way Intersection,Smooth Asphalt,2 lanes,"35.9379771435, -77.7840673573"
6965,Concord,Cabarrus,Piedmont,Commercial,Urban (>70% Developed),NA,Urban,30 - 35  MPH,Stop Sign,Clear,No,15,11-15,No,NA,Facing Traffic,C: Possible Injury,Sidewalk / Crosswalk / Driveway Crossing,White,Male,NA,NA,Missing,NA,6-10 mph,Unknown Injury,Unknown/Missing,NA,NA,No,03JUL2007,Tuesday,Motorist Right Turn / Merge,17,Intersection,July,C: Possible Injury,17:36:00,Motorist Right Turn - Opposite Direction,2007,Yes,Yes,Daylight,Straight - Level,Local Street,Dry,"Two-Way, Not Divided",None,T-Intersection,Coarse Asphalt,2 lanes,"35.4213589327, -80.5907131767"
6968,Durham,Durham,Piedmont,Commercial,Urban (>70% Developed),NA,Urban,30 - 35  MPH,No Control Present,Clear,No,17,16-19,No,NA,Facing Traffic,B: Evident Injury,Sidewalk / Crosswalk / Driveway Crossing,Black,Male,47,40-49,No,NA,11-15 mph,O: No Injury,Black,Male,Sport Utility,No,08OCT2007,Monday,Loss of Control / Turning Error,11,Non-Intersection,October,B: Evident Injury,11:55:00,Bicyclist Lost Control - Other / Unknown,2007,Yes,No,Daylight,Straight - Grade,Local Street,Dry,"One-Way, Not Divided",None,No Special Feature,Smooth Asphalt,2 lanes,"35.993091116, -78.8990326989"
6970,None - Rural Crash,Currituck,Coastal,Commercial,Mixed (30% To 70% Developed),NA,Rural,5 - 15 MPH,Stop Sign,Clear,No,19,16-19,No,NA,With Traffic,C: Possible Injury,Bike Lane / Paved Shoulder,White,Male,53,50-59,No,NA,6-10 mph,O: No Injury,White,Male,Sport Utility,No,05JUL2007,Thursday,Motorist Failed to Yield - Sign-Controlled Intersection,12,Intersection,July,C: Possible Injury,12:27:00,Motorist Drive Out - Sign-Controlled Intersection,2007,Yes,No,Daylight,Straight - Level,NC Route,Dry,"Two-Way, Not Divided",None,T-Intersection,Smooth Asphalt,2 lanes,"36.301879288, -75.8045417687"
6975,Charlotte,Mecklenburg,Piedmont,Commercial,Urban (>70% Developed),NA,Urban,40 - 45  MPH,No Control Present,Clear,No,46,40-49,No,NA,Facing Traffic,B: Evident Injury,Travel Lane,Black,Male,70+,70+,No,NA,0-5 mph,O: No Injury,White,Male,Van,No,07OCT2007,Sunday,Motorist Failed to Yield - Midblock,14,Non-Intersection,October,B: Evident Injury,14:53:00,Motorist Drive Out - Midblock - Unknown,2007,Yes,No,Daylight,Straight - Level,Local Street,Dry,"Two-Way, Not Divided",None,No Special Feature,Smooth Asphalt,4 lanes,"35.291466898, -80.7970432321"
6976,Oak Island,Brunswick,Coastal,Residential,Urban (>70% Developed),NA,Urban,20 - 25  MPH,Stop Sign,Clear,No,16,16-19,No,NA,Facing Traffic,C: Possible Injury,Sidewalk / Crosswalk / Driveway Crossing,White,Male,63,60-69,No,NA,0-5 mph,O: No Injury,White,Male,Sport Utility,No,06JUL2007,Friday,Motorist Failed to Yield - Sign-Controlled Intersection,18,Intersection,July,C: Possible Injury,18:14:00,Motorist Drive Out - Sign-Controlled Intersection,2007,No,No,Daylight,Straight - Level,Local Street,Dry,"Two-Way, Not Divided",None,Four-Way Intersection,Smooth Asphalt,2 lanes,"33.9098386886, -78.0954763517"
6984,Raleigh,Wake,Piedmont,Commercial,Urban (>70% Developed),NA,Urban,30 - 35  MPH,Stop Sign,Clear,No,60,60-69,No,NA,Facing Traffic,B: Evident Injury,Sidewalk / Crosswalk / Driveway Crossing,White,Male,30,30-39,No,NA,16-20 mph,O: No Injury,Black,Female,Passenger Car,No,09JUL2007,Monday,Motorist Failed to Yield - Sign-Controlled Intersection,18,Intersection,July,B: Evident Injury,18:34:00,Motorist Drive Out - Sign-Controlled Intersection,2007,No,No,Daylight,Straight - Level,Local Street,Dry,"Two-Way, Not Divided",None,T-Intersection,Smooth Asphalt,2 lanes,"35.8935851041, -78.624112611"
6985,Chapel Hill,Orange,Piedmont,Residential,Urban (>70% Developed),NA,Urban,20 - 25  MPH,Stop Sign,Rain,No,34,30-39,No,NA,Facing Traffic,C: Possible Injury,Travel Lane,Asian,Male,39,30-39,No,NA,0-5 mph,O: No Injury,White,Male,Passenger Car,No,10JUL2007,Tuesday,Loss of Control / Turning Error,17,Intersection,July,C: Possible Injury,17:24:00,Bicyclist Turning Error - Left Turn,2007,Yes,No,Daylight,Straight - Level,Local Street,Wet,"Two-Way, Not Divided",None,T-Intersection,Smooth Asphalt,2 lanes,"35.9052040917, -79.0551127419"
6993,Raleigh,Wake,Piedmont,Commercial,Urban (>70% Developed),NA,Urban,5 - 15 MPH,No Control Present,Clear,No,12,11-15,No,NA,NA,C: Possible Injury,Non-Roadway,Black,Male,55,50-59,No,NA,0-5 mph,O: No Injury,White,Male,Passenger Car,No,12JUL2007,Thursday,Non-Roadway,17,Non-Roadway,July,C: Possible Injury,17:20:00,Non-Roadway,2007,Yes,No,Daylight,Straight - Grade,Public Vehicular Area,Dry,"Two-Way, Not Divided",None,No Special Feature,Coarse Asphalt,NA,"35.7543710749, -78.6144326006"
6999,Charlotte,Mecklenburg,Piedmont,Residential,Urban (>70% Developed),NA,Urban,30 - 35  MPH,Stop Sign,Clear,No,31,30-39,No,NA,With Traffic,C: Possible Injury,Travel Lane,White,Male,51,50-59,No,NA,0-5 mph,O: No Injury,White,Male,Sport Utility,No,17OCT2007,Wednesday,Motorist Right Turn / Merge,18,Intersection,October,C: Possible Injury,18:41:00,Motorist Right Turn - Same Direction,2007,No,No,Daylight,Curve - Grade,Local Street,Dry,"Two-Way, Divided, Unprotected Median",None,T-Intersection,Smooth Asphalt,4 lanes,"35.1961238758, -80.8278692354"
7002,None - Rural Crash,Dare,Coastal,Residential,Urban (>70% Developed),NA,Rural,5 - 15 MPH,No Control Present,Clear,No,24,20-24,No,NA,Not Applicable,C: Possible Injury,Driveway / Alley,White,Male,24,20-24,Yes,NA,0-5 mph,O: No Injury,Black,Male,Passenger Car,Yes,01JUL2007,Sunday,Bicyclist Failed to Yield - Midblock,20,Non-Intersection,July,C: Possible Injury,20:40:00,Bicyclist Ride Out - Commercial Driveway / Alley,2007,Yes,No,Dusk,Straight - Level,Public Vehicular Area,Dry,"Two-Way, Not Divided",None,T-Intersection,Coarse Asphalt,2 lanes,"35.5740071418, -75.4635256282"
7003,Ahoskie,Hertford,Coastal,Residential,Urban (>70% Developed),NA,Rural,20 - 25  MPH,No Control Present,Clear,No,10,6-10,No,NA,Not Applicable,B: Evident Injury,Non-Roadway,Black,Male,46,40-49,No,NA,16-20 mph,O: No Injury,Black,Female,Passenger Car,No,02JUL2007,Monday,Bicyclist Failed to Yield - Midblock,17,Non-Intersection,July,B: Evident Injury,17:48:00,Bicyclist Ride Out - Other Midblock,2007,Yes,No,Daylight,Straight - Level,Local Street,Dry,"Two-Way, Not Divided",None,No Special Feature,Smooth Asphalt,2 lanes,"36.2879902455, -76.9867881317"
7004,None - Rural Crash,Brunswick,Coastal,"Farms, Woods, Pastures",Rural (<30% Developed),NA,Rural,50 - 55  MPH,"Double Yellow Line, No Passing Zone",Clear,No,36,30-39,No,NA,With Traffic,B: Evident Injury,Travel Lane,Black,Male,NA,NA,Missing,NA,36-40 mph,Unknown Injury,Unknown/Missing,NA,NA,No,03JUL2007,Tuesday,Motorist Overtaking Bicyclist,23,Non-Intersection,July,B: Evident Injury,23:07:00,Motorist Overtaking - Undetected Bicyclist,2007,Yes,Yes,Dark - Roadway Not Lighted,Straight - Level,State Secondary Route,Dry,"Two-Way, Not Divided",None,No Special Feature,Smooth Asphalt,2 lanes,"34.3043627769, -78.0771723651"
7019,Charlotte,Mecklenburg,Piedmont,Institutional,Urban (>70% Developed),NA,Urban,30 - 35  MPH,No Control Present,Cloudy,No,46,40-49,No,NA,Facing Traffic,B: Evident Injury,Sidewalk / Crosswalk / Driveway Crossing,White,Male,43,40-49,No,NA,0-5 mph,O: No Injury,White,Female,Van,No,24OCT2007,Wednesday,Motorist Left Turn / Merge,7,Intersection,October,B: Evident Injury,07:58:00,Motorist Left Turn - Same Direction,2007,Yes,No,Daylight,Straight - Level,Local Street,Wet,"Two-Way, Not Divided",None,No Special Feature,Smooth Asphalt,4 lanes,"35.1875368738, -80.852809243"
7024,None - Rural Crash,Guilford,Piedmont,Residential,Urban (>70% Developed),NA,Rural,40 - 45  MPH,No Control Present,Clear,No,20,20-24,No,NA,NA,C: Possible Injury,Travel Lane,White,Female,36,30-39,No,NA,41-45 mph,O: No Injury,White,Male,Passenger Car,No,20JUL2007,Friday,Bicyclist Right Turn / Merge,12,Non-Intersection,July,C: Possible Injury,12:47:00,Bicyclist Right Turn - Same Direction,2007,No,No,Daylight,Straight - Level,State Secondary Route,Dry,"Two-Way, Not Divided",None,No Special Feature,Smooth Asphalt,3 lanes,"36.017501085, -79.8931830005"
7040,None - Rural Crash,Vance,Piedmont,Residential,Rural (<30% Developed),NA,Rural,30 - 35  MPH,"Double Yellow Line, No Passing Zone",Clear,No,9,6-10,No,NA,With Traffic,B: Evident Injury,Travel Lane,Black,Female,16,0-19,No,NA,0-5 mph,O: No Injury,Black,Male,Passenger Car,No,24JUL2007,Tuesday,Loss of Control / Turning Error,18,Non-Intersection,July,B: Evident Injury,18:04:00,Bicyclist Lost Control - Other / Unknown,2007,Yes,No,Daylight,Straight - Level,State Secondary Route,Dry,"Two-Way, Not Divided",None,No Special Feature,Coarse Asphalt,2 lanes,"36.3794672127, -78.4881825955"
7051,None - Rural Crash,Caswell,Piedmont,"Farms, Woods, Pastures",Rural (<30% Developed),NA,Rural,50 - 55  MPH,"Double Yellow Line, No Passing Zone",Clear,No,20,20-24,No,NA,With Traffic,B: Evident Injury,Travel Lane,White,Male,NA,NA,Missing,NA,51-55 mph,Unknown Injury,Unknown/Missing,NA,NA,No,26JUL2007,Thursday,Head-On,20,Intersection,July,B: Evident Injury,20:19:00,Head-On - Motorist,2007,Yes,Yes,Dusk,Curve - Level,State Secondary Route,Dry,"Two-Way, Not Divided",None,No Special Feature,Smooth Asphalt,2 lanes,"36.3972871794, -79.5029779044"
7061,Wilmington,New Hanover,Coastal,Commercial,Urban (>70% Developed),NA,Urban,30 - 35  MPH,Stop And Go Signal,Clear,No,15,11-15,Yes,NA,Facing Traffic,B: Evident Injury,Sidewalk / Crosswalk / Driveway Crossing,White,Male,21,20-24,No,NA,31-35 mph,O: No Injury,Black,Male,Passenger Car,Yes,28JUL2007,Saturday,Bicyclist Failed to Yield - Signalized Intersection,1,Intersection,July,B: Evident Injury,01:25:00,Bicyclist Ride Out - Signalized  Intersection,2007,Yes,No,Dark - Lighted Roadway,Straight - Level,Local Street,Dry,"Two-Way, Not Divided",None,Four-Way Intersection,Coarse Asphalt,2 lanes,"34.2367927667, -77.9289323167"
7064,Cary,Wake,Piedmont,Residential,Urban (>70% Developed),NA,Urban,20 - 25  MPH,Stop Sign,Clear,Yes,19,16-19,No,NA,With Traffic,B: Evident Injury,Travel Lane,White,Male,47,40-49,No,NA,16-20 mph,O: No Injury,White,Male,Passenger Car,No,20OCT2007,Saturday,Motorist Failed to Yield - Sign-Controlled Intersection,10,Intersection,October,B: Evident Injury,10:30:00,Motorist Drive Out - Sign-Controlled Intersection,2007,Yes,No,Daylight,Straight - Grade,Local Street,Dry,"Two-Way, Not Divided",None,Four-Way Intersection,Coarse Asphalt,2 lanes,"35.8139670776, -78.9069466914"
7070,Raleigh,Wake,Piedmont,Residential,Urban (>70% Developed),NA,Urban,20 - 25  MPH,No Control Present,Clear,No,47,40-49,No,NA,NA,C: Possible Injury,Non-Roadway,White,Female,NA,NA,Missing,NA,6-10 mph,Unknown Injury,Unknown/Missing,NA,NA,No,30JUL2007,Monday,Non-Roadway,20,Non-Roadway,July,C: Possible Injury,20:03:00,Non-Roadway,2007,No,Yes,Daylight,Straight - Level,Public Vehicular Area,Dry,"Two-Way, Not Divided",None,No Special Feature,Smooth Asphalt,NA,"35.9651411225, -78.559032595"
7071,Kill Devil Hills,Dare,Coastal,Commercial,Urban (>70% Developed),NA,Urban,5 - 15 MPH,No Control Present,Clear,No,22,20-24,No,NA,Facing Traffic,B: Evident Injury,Sidewalk / Crosswalk / Driveway Crossing,White,Female,36,30-39,No,NA,0-5 mph,O: No Injury,White,Female,Sport Utility,No,29JUL2007,Sunday,Motorist Failed to Yield - Midblock,20,Non-Intersection,July,B: Evident Injury,20:28:00,Motorist Drive Out - Commercial Driveway / Alley,2007,Yes,No,Other,Straight - Level,Public Vehicular Area,Dry,"Two-Way, Not Divided",NA,"Driveway, Public",Concrete,NA,"36.0349842351, -75.6737517157"