object_id,city,county,region,development,locality,on_road,rural_urban,speed_limit,traffic_control,weather,workzone,bike_age,bike_age_group,bike_alcohol,bike_alcohol_drugs,bike_direction,bike_injury,bike_position,bike_race,bike_sex,driver_age,driver_age_group,driver_alcohol,driver_alcohol_drugs,driver_est_speed,driver_injury,driver_race,driver_sex,driver_vehicle_type,crash_alcohol,crash_date,crash_day,crash_group,crash_hour,crash_location,crash_month,crash_severity,crash_time,crash_type,crash_year,ambulance_req,hit_run,light_condition,road_character,road_class,road_condition,road_configuration,road_defects,road_feature,road_surface,num_lanes,geo_point
7075,None - Rural Crash,Martin,Coastal,Residential,Urban (>70% Developed),NA,Rural,30 - 35  MPH,No Control Present,Clear,No,NA,NA,No,NA,With Traffic,C: Possible Injury,Travel Lane,Black,Male,25,25-29,No,NA,6-10 mph,O: No Injury,White,Male,Police,No,31JUL2007,Tuesday,Bicyclist Left Turn / Merge,21,Non-Intersection,July,C: Possible Injury,21:12:00,Bicyclist Left Turn - Opposite Direction,2007,No,No,Daylight,Straight - Level,Local Street,Dry,"Two-Way, Not Divided",None,"Driveway, Private",Smooth Asphalt,2 lanes,"35.8508071497, -77.044268127"
7078,Greensboro,Guilford,Piedmont,Residential,Urban (>70% Developed),NA,Urban,30 - 35  MPH,Stop And Go Signal,Clear,No,33,30-39,No,NA,With Traffic,C: Possible Injury,Travel Lane,Black,Male,54,50-59,No,NA,6-10 mph,O: No Injury,Black,Male,Sport Utility,No,31JUL2007,Tuesday,Bicyclist Failed to Yield - Signalized Intersection,23,Intersection,July,C: Possible Injury,23:50:00,Bicyclist Failed to Clear - Trapped,2007,Yes,No,Dark - Lighted Roadway,Straight - Level,Local Street,Dry,"Two-Way, Divided, Positive Median Barrier",None,No Special Feature,Coarse Asphalt,6 lanes,"36.0517370962, -79.7977429743"
7079,None - Rural Crash,Buncombe,Mountains,Residential,Urban (>70% Developed),NA,Rural,NA,Stop Sign,Clear,No,14,11-15,No,NA,Facing Traffic,B: Evident Injury,Travel Lane,White,Male,19,0-19,No,NA,16-20 mph,O: No Injury,White,Male,Passenger Car,No,01AUG2007,Wednesday,Bicyclist Failed to Yield - Sign-Controlled Intersection,19,Intersection,August,B: Evident Injury,19:31:00,Bicyclist Ride Through - Sign-Controlled Intersection,2007,No,No,Daylight,Straight - Grade,Public Vehicular Area,Dry,"Two-Way, Not Divided",None,T-Intersection,Coarse Asphalt,2 lanes,"35.5903869017, -82.3645237134"
7083,Lexington,Davidson,Piedmont,Commercial,Urban (>70% Developed),NA,Urban,5 - 15 MPH,No Control Present,Clear,No,30,30-39,No,NA,Facing Traffic,A: Disabling Injury,Sidewalk / Crosswalk / Driveway Crossing,Black,Male,53,50-59,No,NA,0-5 mph,O: No Injury,White,Female,Sport Utility,No,09JUL2007,Monday,Motorist Failed to Yield - Midblock,0,Non-Intersection,July,A: Disabling Injury,00:01:00,Motorist Drive Out - Commercial Driveway / Alley,2007,Yes,No,Daylight,Straight - Level,Public Vehicular Area,Dry,"Two-Way, Divided, Unprotected Median",None,No Special Feature,Smooth Asphalt,NA,"35.8171970299, -80.2426530949"
7084,Elizabeth City,Pasquotank,Coastal,Residential,Urban (>70% Developed),NA,Urban,20 - 25  MPH,Stop Sign,Clear,No,13,11-15,No,NA,NA,C: Possible Injury,NA,Black,Female,34,30-39,No,NA,21-25 mph,O: No Injury,Black,Female,Pickup,No,02AUG2007,Thursday,Bicyclist Failed to Yield - Sign-Controlled Intersection,17,Intersection,August,C: Possible Injury,17:00:00,Bicyclist Ride Out - Sign-Controlled Intersection,2007,No,No,Daylight,Straight - Level,Local Street,Dry,"Two-Way, Not Divided",None,Four-Way Intersection,Concrete,2 lanes,"36.2902292717, -76.2242918976"
7091,None - Rural Crash,Lincoln,Piedmont,Residential,Urban (>70% Developed),NA,Rural,40 - 45  MPH,No Control Present,Clear,No,7,6-10,No,NA,With Traffic,B: Evident Injury,Travel Lane,White,Female,19,0-19,No,NA,6-10 mph,O: No Injury,White,Male,Passenger Car,No,05AUG2007,Sunday,Motorist Overtaking Bicyclist,20,Non-Intersection,August,B: Evident Injury,20:03:00,Motorist Overtaking - Bicyclist Swerved,2007,Yes,No,Daylight,Straight - Level,State Secondary Route,Dry,"Two-Way, Not Divided",None,No Special Feature,Coarse Asphalt,2 lanes,"35.5143849386, -80.9755532975"
7094,Raleigh,Wake,Piedmont,Residential,Urban (>70% Developed),NA,Urban,20 - 25  MPH,No Control Present,Clear,No,11,11-15,No,NA,With Traffic,C: Possible Injury,Travel Lane,Black,Male,25,25-29,No,NA,11-15 mph,O: No Injury,Black,Female,Passenger Car,No,06AUG2007,Monday,Bicyclist Overtaking Motorist,20,Non-Intersection,August,C: Possible Injury,20:37:00,Bicyclist Overtaking - Passing on Right,2007,Yes,No,Dark - Lighted Roadway,Straight - Level,Local Street,Dry,"Two-Way, Not Divided",None,No Special Feature,Smooth Asphalt,2 lanes,"35.7673570771, -78.6404126092"
7102,Greensboro,Guilford,Piedmont,Residential,Urban (>70% Developed),NA,Urban,30 - 35  MPH,No Control Present,Clear,No,16,16-19,No,NA,With Traffic,C: Possible Injury,Travel Lane,Black,Male,NA,NA,Missing,NA,0-5 mph,Unknown Injury,Unknown/Missing,NA,NA,No,08AUG2007,Wednesday,Crossing Paths - Other Circumstances,22,Intersection,August,C: Possible Injury,22:31:00,Crossing Paths - Intersection - Other / Unknown,2007,No,Yes,Dark - Lighted Roadway,Straight - Level,Local Street,Dry,"Two-Way, Not Divided",None,No Special Feature,Smooth Asphalt,2 lanes,"36.0550420964, -79.7961069736"
7105,None - Rural Crash,Wake,Piedmont,"Farms, Woods, Pastures",Rural (<30% Developed),NA,Rural,40 - 45  MPH,"Double Yellow Line, No Passing Zone",Clear,Yes,57,50-59,No,NA,With Traffic,B: Evident Injury,Travel Lane,White,Male,47,40-49,No,NA,6-10 mph,O: No Injury,White,Male,Pickup,No,09AUG2007,Thursday,Motorist Left Turn / Merge,6,Non-Intersection,August,B: Evident Injury,06:48:00,Motorist Left Turn - Opposite Direction,2007,Yes,No,Dusk,Curve - Grade,State Secondary Route,Dry,"Two-Way, Not Divided",None,T-Intersection,Smooth Asphalt,2 lanes,"35.8414670841, -78.8929126895"
7107,None - Rural Crash,Duplin,Coastal,"Farms, Woods, Pastures",Rural (<30% Developed),NA,Rural,50 - 55  MPH,No Control Present,Clear,No,41,40-49,No,NA,Facing Traffic,C: Possible Injury,Travel Lane,Black,Male,24,20-24,No,NA,51-55 mph,O: No Injury,Black,Male,Passenger Car,No,09AUG2007,Thursday,Bicyclist Right Turn / Merge,8,Non-Intersection,August,C: Possible Injury,08:16:00,Bicyclist Right Turn - Same Direction,2007,Yes,No,Daylight,Straight - Level,State Secondary Route,Dry,"Two-Way, Not Divided",None,No Special Feature,Coarse Asphalt,2 lanes,"34.9644309235, -78.0505323883"
7109,Fayetteville,Cumberland,Coastal,Commercial,Urban (>70% Developed),NA,Urban,40 - 45  MPH,No Control Present,Clear,No,50,50-59,No,NA,With Traffic,B: Evident Injury,Bike Lane / Paved Shoulder,Black,Male,45,40-49,No,NA,41-45 mph,O: No Injury,White,Male,Pickup,No,10AUG2007,Friday,Motorist Overtaking Bicyclist,5,Non-Intersection,August,B: Evident Injury,05:03:00,Motorist Overtaking - Other / Unknown,2007,Yes,No,Dark - Roadway Not Lighted,Straight - Level,Local Street,Dry,"Two-Way, Divided, Positive Median Barrier",None,No Special Feature,Coarse Asphalt,4 lanes,"35.0594769164, -78.8514926355"
7115,None - Rural Crash,Cleveland,Mountains,"Farms, Woods, Pastures",Rural (<30% Developed),NA,Rural,40 - 45  MPH,"Double Yellow Line, No Passing Zone",Clear,No,33,30-39,No,NA,With Traffic,C: Possible Injury,Travel Lane,White,Female,22,20-24,No,NA,36-40 mph,O: No Injury,White,Male,Pickup,No,13AUG2007,Monday,Motorist Overtaking Bicyclist,7,Non-Intersection,August,C: Possible Injury,07:20:00,Motorist Overtaking - Misjudged Space,2007,No,No,Daylight,Straight - Level,State Secondary Route,Dry,"Two-Way, Not Divided",None,No Special Feature,Smooth Asphalt,2 lanes,"35.2966838752, -81.4383334231"
7125,Raleigh,Wake,Piedmont,Commercial,Urban (>70% Developed),NA,Urban,40 - 45  MPH,Stop And Go Signal,Clear,No,12,11-15,No,NA,Facing Traffic,B: Evident Injury,Driveway / Alley,Black,Male,70+,70+,No,NA,0-5 mph,O: No Injury,White,Female,Passenger Car,No,10AUG2007,Friday,Bicyclist Failed to Yield - Signalized Intersection,12,Intersection,August,B: Evident Injury,12:10:00,Bicyclist Ride Through - Signalized Intersection,2007,Yes,No,Daylight,Straight - Level,Local Street,Dry,"Two-Way, Divided, Unprotected Median",None,"Driveway, Public",Smooth Asphalt,8 lanes,"35.855507098, -78.5809225955"
7127,Charlotte,Mecklenburg,Piedmont,Residential,Urban (>70% Developed),NA,Urban,20 - 25  MPH,No Control Present,Clear,No,39,30-39,No,NA,Facing Traffic,B: Evident Injury,Travel Lane,Black,Male,25,25-29,No,NA,31-35 mph,O: No Injury,Black,Male,Passenger Car,No,20NOV2007,Tuesday,Head-On,10,Non-Intersection,November,B: Evident Injury,10:26:00,Head-On - Bicyclist,2007,Yes,No,Daylight,Straight - Level,Local Street,Dry,"Two-Way, Not Divided",None,No Special Feature,Smooth Asphalt,2 lanes,"35.2633368896, -80.8632832496"
7128,Wilson,Wilson,Coastal,Residential,Urban (>70% Developed),NA,Urban,30 - 35  MPH,Stop And Go Signal,Clear,No,26,25-29,No,NA,Facing Traffic,B: Evident Injury,NA,Black,Male,NA,NA,Missing,NA,31-35 mph,Unknown Injury,Unknown/Missing,NA,NA,No,14AUG2007,Tuesday,Crossing Paths - Other Circumstances,16,Intersection,August,B: Evident Injury,16:18:00,Signalized Intersection - Other / Unknown,2007,Yes,Yes,Daylight,Straight - Level,Local Street,Dry,"Two-Way, Not Divided",None,Four-Way Intersection,Coarse Asphalt,3 lanes,"35.7230640933, -77.9043923827"
7133,High Point,Guilford,Piedmont,Commercial,Urban (>70% Developed),NA,Urban,30 - 35  MPH,Stop And Go Signal,Clear,No,32,30-39,No,NA,Facing Traffic,C: Possible Injury,Travel Lane,Black,Male,48,40-49,No,NA,11-15 mph,O: No Injury,Black,Female,Passenger Car,No,15AUG2007,Wednesday,Crossing Paths - Other Circumstances,12,Intersection-Related,August,C: Possible Injury,12:50:00,Crossing Paths - Intersection - Other / Unknown,2007,Yes,No,Daylight,Straight - Grade,Local Street,Dry,"Two-Way, Not Divided",None,Four-Way Intersection,Smooth Asphalt,4 lanes,"35.9562300684, -79.9999030293"
7147,Sanford,Lee,Piedmont,Commercial,Urban (>70% Developed),NA,Urban,30 - 35  MPH,No Control Present,Clear,No,14,11-15,No,NA,Facing Traffic,O: No Injury,Sidewalk / Crosswalk / Driveway Crossing,White,Female,18,0-19,No,NA,31-35 mph,C: Possible Injury,Black,Male,Passenger Car,No,20AUG2007,Monday,Motorist Left Turn / Merge,15,Intersection,August,C: Possible Injury,15:58:00,Motorist Left Turn - Same Direction,2007,No,No,Daylight,Straight - Grade,US Route,Dry,"Two-Way, Not Divided",None,"Driveway, Public",Coarse Asphalt,5 lanes,"35.4649689938, -79.1532527482"
7148,Lumberton,Robeson,Coastal,Residential,Urban (>70% Developed),NA,Urban,30 - 35  MPH,Stop Sign,Clear,No,16,16-19,No,NA,Facing Traffic,O: No Injury,Travel Lane,Black,Male,62,60-69,No,NA,0-5 mph,O: No Injury,White,Female,Passenger Car,No,20AUG2007,Monday,Motorist Failed to Yield - Sign-Controlled Intersection,21,Intersection,August,O: No Injury,21:14:00,Motorist Drive Out - Sign-Controlled Intersection,2007,No,No,Dark - Roadway Not Lighted,Straight - Level,Local Street,Dry,"Two-Way, Not Divided",None,Four-Way Intersection,Smooth Asphalt,4 lanes,"34.6297668183, -79.0057426604"
7151,Morven,Anson,Piedmont,Commercial,Urban (>70% Developed),NA,Rural,30 - 35  MPH,"Double Yellow Line, No Passing Zone",Clear,No,39,30-39,No,NA,With Traffic,C: Possible Injury,Travel Lane,Black,Male,26,25-29,No,NA,26-30 mph,O: No Injury,Black,Female,Passenger Car,No,22AUG2007,Wednesday,Bicyclist Failed to Yield - Sign-Controlled Intersection,7,Intersection,August,C: Possible Injury,07:35:00,Bicyclist Ride Out - Sign-Controlled Intersection,2007,Yes,No,Daylight,Straight - Level,US Route,Dry,"Two-Way, Not Divided",None,T-Intersection,Smooth Asphalt,2 lanes,"34.8611218339, -79.9994379705"
7152,None - Rural Crash,Caldwell,Mountains,Residential,Urban (>70% Developed),NA,Rural,40 - 45  MPH,"Double Yellow Line, No Passing Zone",Clear,No,17,16-19,No,NA,With Traffic,C: Possible Injury,Travel Lane,White,Male,NA,NA,Missing,NA,41-45 mph,Unknown Injury,Unknown/Missing,NA,NA,No,22AUG2007,Wednesday,Head-On,22,Non-Intersection,August,C: Possible Injury,22:10:00,Head-On - Motorist,2007,No,Yes,Dark - Roadway Not Lighted,Curve - Level,State Secondary Route,Dry,"Two-Way, Not Divided",None,No Special Feature,Smooth Asphalt,2 lanes,"35.8109699807, -81.5102634736"
7158,Cary,Wake,Piedmont,Commercial,Urban (>70% Developed),NA,Urban,40 - 45  MPH,Stop And Go Signal,Clear,No,17,16-19,No,NA,With Traffic,C: Possible Injury,Travel Lane,White,Male,27,25-29,No,NA,31-35 mph,O: No Injury,Hispanic,Female,Sport Utility,No,29NOV2007,Thursday,Bicyclist Failed to Yield - Signalized Intersection,18,Intersection,November,C: Possible Injury,18:22:00,Bicyclist Ride Through - Signalized Intersection,2007,Yes,No,Dark - Lighted Roadway,Straight - Grade,State Secondary Route,Dry,"Two-Way, Divided, Unprotected Median",None,Four-Way Intersection,Smooth Asphalt,4 lanes,"35.8025470798, -78.7829386538"
7159,Charlotte,Mecklenburg,Piedmont,Residential,Urban (>70% Developed),NA,Urban,30 - 35  MPH,Stop Sign,Clear,No,24,20-24,No,NA,NA,B: Evident Injury,Travel Lane,White,Male,48,40-49,No,NA,0-5 mph,O: No Injury,Black,Male,School Bus,No,17SEP2007,Monday,Motorist Left Turn / Merge,7,Intersection,September,B: Evident Injury,07:58:00,Motorist Left Turn - Same Direction,2007,Yes,No,Daylight,Straight - Level,Local Street,Dry,"Two-Way, Not Divided",None,Four-Way Intersection,Smooth Asphalt,2 lanes,"35.2299868874, -80.7198532058"
7169,Gastonia,Gaston,Piedmont,Residential,Urban (>70% Developed),NA,Urban,30 - 35  MPH,Stop Sign,Clear,No,26,25-29,No,NA,NA,C: Possible Injury,NA,White,Male,61,60-69,No,NA,NA,O: No Injury,White,Male,Pickup,No,26AUG2007,Sunday,Crossing Paths - Other Circumstances,10,Intersection,August,C: Possible Injury,10:39:00,Crossing Paths - Intersection - Other / Unknown,2007,No,No,Daylight,Straight - Level,Local Street,Dry,"Two-Way, Not Divided",None,T-Intersection,Smooth Asphalt,2 lanes,"35.2405848735, -81.1504473344"
7171,None - Rural Crash,Chatham,Piedmont,"Farms, Woods, Pastures",Rural (<30% Developed),NA,Rural,50 - 55  MPH,"Double Yellow Line, No Passing Zone",Cloudy,No,22,20-24,No,NA,With Traffic,B: Evident Injury,Travel Lane,White,Male,44,40-49,No,NA,61-65 mph,O: No Injury,Asian,Male,Passenger Car,No,26AUG2007,Sunday,Loss of Control / Turning Error,15,Non-Intersection,August,B: Evident Injury,15:38:00,Motorist Lost Control - Mechanical Problems,2007,Yes,No,Daylight,Curve - Level,State Secondary Route,Dry,"Two-Way, Not Divided",None,No Special Feature,Smooth Asphalt,2 lanes,"35.7600210622, -79.0092827201"
7172,None - Rural Crash,New Hanover,Coastal,Residential,Urban (>70% Developed),NA,Rural,30 - 35  MPH,Stop Sign,Clear,No,56,50-59,No,NA,NA,B: Evident Injury,Travel Lane,White,Male,70+,70+,No,NA,21-25 mph,O: No Injury,White,Male,Passenger Car,No,27AUG2007,Monday,Bicyclist Failed to Yield - Sign-Controlled Intersection,13,Intersection,August,B: Evident Injury,13:00:00,Bicyclist Ride Through - Sign-Controlled Intersection,2007,Yes,No,Daylight,Straight - Level,State Secondary Route,Dry,"Two-Way, Not Divided",None,Four-Way Intersection,Smooth Asphalt,2 lanes,"34.2682527774, -77.8371822901"
7173,Wilmington,New Hanover,Coastal,Institutional,Urban (>70% Developed),NA,Urban,20 - 25  MPH,"Double Yellow Line, No Passing Zone",Clear,No,18,16-19,No,NA,NA,O: No Injury,Sidewalk / Crosswalk / Driveway Crossing,White,Female,NA,NA,Missing,NA,0-5 mph,Unknown Injury,Unknown/Missing,NA,NA,No,28AUG2007,Tuesday,Non-Roadway,13,Non-Roadway,August,O: No Injury,13:50:00,Non-Roadway,2007,No,Yes,Daylight,Straight - Level,Public Vehicular Area,Dry,"Two-Way, Not Divided",None,No Special Feature,Smooth Asphalt,2 lanes,"34.2214167659, -77.8693562982"
7177,Apex,Wake,Piedmont,Commercial,Urban (>70% Developed),NA,Urban,NA,No Control Present,Clear,No,61,60-69,No,NA,Facing Traffic,C: Possible Injury,Sidewalk / Crosswalk / Driveway Crossing,Black,Male,31,30-39,No,NA,NA,O: No Injury,White,Male,Pickup,No,30AUG2007,Thursday,Motorist Failed to Yield - Midblock,16,Non-Intersection,August,C: Possible Injury,16:51:00,Motorist Drive Out - Commercial Driveway / Alley,2007,No,No,Daylight,Straight - Level,Local Street,Dry,"Two-Way, Not Divided",None,No Special Feature,Gravel,2 lanes,"35.7112870575, -78.838752666"
7180,Raleigh,Wake,Piedmont,Commercial,Urban (>70% Developed),NA,Urban,30 - 35  MPH,Stop And Go Signal,Clear,No,35,30-39,No,NA,Facing Traffic,C: Possible Injury,Sidewalk / Crosswalk / Driveway Crossing,Black,Male,30,30-39,No,NA,0-5 mph,O: No Injury,White,Female,Sport Utility,No,31AUG2007,Friday,Motorist Failed to Yield - Signalized Intersection,17,Intersection,August,C: Possible Injury,17:10:00,Motorist Drive Out - Right Turn on Red,2007,No,No,Daylight,Straight - Hillcrest,Local Street,Dry,"Two-Way, Not Divided",None,Four-Way Intersection,Smooth Asphalt,9 or more lanes,"35.7751570782, -78.6567026135"
7195,None - Rural Crash,Pasquotank,Coastal,"Farms, Woods, Pastures",Rural (<30% Developed),NA,Rural,50 - 55  MPH,No Control Present,Clear,No,43,40-49,No,NA,With Traffic,C: Possible Injury,Travel Lane,White,Male,17,0-19,No,NA,11-15 mph,O: No Injury,White,Female,Sport Utility,No,05SEP2007,Wednesday,Head-On,11,Non-Intersection,September,C: Possible Injury,11:29:00,Head-On - Unknown,2007,Yes,No,Daylight,Straight - Level,State Secondary Route,Dry,"Two-Way, Not Divided",None,No Special Feature,Smooth Asphalt,2 lanes,"36.2194932553, -76.27497191"
7196,None - Rural Crash,Surry,Mountains,Residential,Mixed (30% To 70% Developed),NA,Rural,40 - 45  MPH,No Control Present,Clear,No,15,11-15,No,NA,With Traffic,C: Possible Injury,Travel Lane,White,Male,70+,70+,No,NA,41-45 mph,O: No Injury,White,Male,Pickup,No,05SEP2007,Wednesday,Motorist Left Turn / Merge,17,Intersection,September,C: Possible Injury,17:15:00,Motorist Left Turn - Opposite Direction,2007,Yes,No,Daylight,Straight - Level,State Secondary Route,Dry,"Two-Way, Not Divided",None,Four-Way Intersection,Coarse Asphalt,2 lanes,"36.5072971557, -80.734773282"
7210,None - Rural Crash,Onslow,Coastal,Residential,Rural (<30% Developed),NA,Rural,40 - 45  MPH,"Double Yellow Line, No Passing Zone",Clear,No,20,20-24,No,NA,With Traffic,K: Killed,Travel Lane,White,Male,19,0-19,No,NA,41-45 mph,O: No Injury,White,Male,Passenger Car,No,06SEP2007,Thursday,Motorist Overtaking Bicyclist,6,Non-Intersection,September,K: Killed,06:20:00,Motorist Overtaking - Undetected Bicyclist,2007,No,No,Dark - Roadway Not Lighted,Straight - Level,NC Route,Dry,"Two-Way, Not Divided",None,"Driveway, Private",Coarse Asphalt,3 lanes,"34.7346668888, -77.5729472327"
7213,Conover,Catawba,Piedmont,Commercial,Urban (>70% Developed),NA,Urban,40 - 45  MPH,Stop And Go Signal,Clear,No,20,20-24,No,NA,NA,C: Possible Injury,Travel Lane,White,Male,32,30-39,No,NA,16-20 mph,O: No Injury,White,Female,Passenger Car,No,12DEC2007,Wednesday,Bicyclist Failed to Yield - Signalized Intersection,19,Intersection,December,C: Possible Injury,19:58:00,Bicyclist Ride Through - Signalized Intersection,2007,Yes,No,Dark - Lighted Roadway,Straight - Level,Local Street,Dry,"Two-Way, Not Divided",None,Four-Way Intersection,Smooth Asphalt,2 lanes,"35.7030749697, -81.2111133785"
7216,Matthews,Mecklenburg,Piedmont,Commercial,Urban (>70% Developed),NA,Urban,20 - 25  MPH,Stop Sign,Clear,No,47,40-49,No,NA,Facing Traffic,C: Possible Injury,NA,White,Male,50,50-59,No,NA,11-15 mph,O: No Injury,White,Male,Passenger Car,No,07SEP2007,Friday,Motorist Failed to Yield - Sign-Controlled Intersection,10,Intersection,September,C: Possible Injury,10:11:00,Motorist Drive Out - Sign-Controlled Intersection,2007,No,No,Daylight,Straight - Level,Local Street,Dry,"Two-Way, Not Divided",None,T-Intersection,Smooth Asphalt,2 lanes,"35.117468863, -80.724943201"
7230,None - Rural Crash,Wake,Piedmont,"Farms, Woods, Pastures",Rural (<30% Developed),NA,Rural,50 - 55  MPH,"Double Yellow Line, No Passing Zone",Clear,No,41,40-49,No,NA,With Traffic,B: Evident Injury,NA,Black,Male,47,40-49,No,NA,51-55 mph,O: No Injury,White,Male,Sport Utility,No,12SEP2007,Wednesday,Motorist Overtaking Bicyclist,7,Non-Intersection,September,B: Evident Injury,07:46:00,Motorist Overtaking - Bicyclist Swerved,2007,Yes,No,Daylight,Straight - Level,State Secondary Route,Dry,"Two-Way, Not Divided",None,Related To Intersection,Smooth Asphalt,2 lanes,"35.6082300354, -78.8400626602"
7233,Kinston,Lenoir,Coastal,Commercial,Urban (>70% Developed),NA,Urban,30 - 35  MPH,No Control Present,Clear,No,30,30-39,No,NA,Facing Traffic,C: Possible Injury,NA,White,Male,48,40-49,No,NA,11-15 mph,O: No Injury,White,Female,Passenger Car,No,19DEC2007,Wednesday,Motorist Left Turn / Merge,19,Intersection,December,C: Possible Injury,19:31:00,Motorist Left Turn - Same Direction,2007,Yes,No,Dark - Lighted Roadway,Straight - Level,US Route,Dry,"Two-Way, Not Divided",None,T-Intersection,Coarse Asphalt,5 lanes,"35.2710790049, -77.605222269"
7238,None - Rural Crash,Lenoir,Coastal,Commercial,Urban (>70% Developed),NA,Rural,40 - 45  MPH,No Control Present,Clear,No,51,50-59,No,NA,Facing Traffic,A: Disabling Injury,Bike Lane / Paved Shoulder,Hispanic,Male,36,30-39,No,NA,36-40 mph,O: No Injury,White,Female,Passenger Car,No,12SEP2007,Wednesday,Bicyclist Right Turn / Merge,0,Non-Intersection,September,A: Disabling Injury,00:05:00,Bicyclist Right Turn - Opposite Direction,2007,Yes,No,Dark - Roadway Not Lighted,Straight - Level,US Route,Dry,"Two-Way, Not Divided",None,No Special Feature,Smooth Asphalt,4 lanes,"35.2553630022, -77.6032322679"
7246,Greensboro,Guilford,Piedmont,Commercial,Urban (>70% Developed),NA,Urban,20 - 25  MPH,Stop And Go Signal,Clear,No,43,40-49,No,NA,With Traffic,B: Evident Injury,Travel Lane,Black,Male,41,40-49,No,NA,16-20 mph,O: No Injury,White,Female,Passenger Car,No,15SEP2007,Saturday,Bicyclist Left Turn / Merge,15,Intersection,September,B: Evident Injury,15:23:00,Bicyclist Left Turn - Opposite Direction,2007,Yes,No,Daylight,Straight - Level,Local Street,Dry,"Two-Way, Not Divided",None,Four-Way Intersection,Smooth Asphalt,2 lanes,"36.0702810998, -79.7904129724"
7247,Charlotte,Mecklenburg,Piedmont,Residential,Urban (>70% Developed),NA,Urban,30 - 35  MPH,Stop And Go Signal,Clear,No,47,40-49,No,NA,With Traffic,C: Possible Injury,Sidewalk / Crosswalk / Driveway Crossing,Black,Male,20,20-24,No,NA,11-15 mph,O: No Injury,Black,Female,School Bus,No,31OCT2007,Wednesday,Motorist Left Turn / Merge,14,Intersection,October,C: Possible Injury,14:55:00,Motorist Left Turn - Opposite Direction,2007,Yes,No,Daylight,Straight - Level,Local Street,Dry,"Two-Way, Not Divided",None,No Special Feature,Smooth Asphalt,3 lanes,"35.1635738665, -80.8954532535"
7261,Asheville,Buncombe,Mountains,Commercial,Urban (>70% Developed),NA,Urban,40 - 45  MPH,No Control Present,Clear,No,36,30-39,No,NA,With Traffic,B: Evident Injury,Travel Lane,White,Male,41,40-49,No,NA,16-20 mph,O: No Injury,White,Female,Sport Utility,No,18SEP2007,Tuesday,Motorist Failed to Yield - Midblock,16,Non-Intersection,September,B: Evident Injury,16:27:00,Motorist Drive Out - Commercial Driveway / Alley,2007,No,No,Daylight,Straight - Grade,US Route,Dry,"Two-Way, Not Divided",None,"Driveway, Private",Smooth Asphalt,5 lanes,"35.5220898811, -82.5293387581"
7268,Greensboro,Guilford,Piedmont,Commercial,Urban (>70% Developed),NA,Urban,30 - 35  MPH,Stop And Go Signal,Clear,No,42,40-49,No,NA,Facing Traffic,B: Evident Injury,Sidewalk / Crosswalk / Driveway Crossing,White,Male,NA,NA,Missing,NA,6-10 mph,Unknown Injury,Unknown/Missing,NA,NA,No,20SEP2007,Thursday,Bicyclist Failed to Yield - Signalized Intersection,13,Intersection,September,B: Evident Injury,13:30:00,Bicyclist Ride Through - Signalized Intersection,2007,Yes,Yes,Daylight,Straight - Level,Local Street,Dry,"Two-Way, Not Divided",None,Four-Way Intersection,Smooth Asphalt,5 lanes,"36.0210220895, -79.7916929699"
7271,Laurinburg,Scotland,Coastal,Residential,Urban (>70% Developed),NA,Urban,30 - 35  MPH,No Control Present,Clear,No,50,50-59,Yes,NA,With Traffic,C: Possible Injury,Travel Lane,Black,Male,35,30-39,No,NA,26-30 mph,O: No Injury,Black,Male,Sport Utility,Yes,21SEP2007,Friday,Motorist Overtaking Bicyclist,16,Non-Intersection,September,C: Possible Injury,16:52:00,Motorist Overtaking - Bicyclist Swerved,2007,Yes,No,Daylight,Straight - Level,Local Street,Dry,"Two-Way, Not Divided",None,No Special Feature,Smooth Asphalt,2 lanes,"34.7744018336, -79.4535928021"
7278,Wilson,Wilson,Coastal,Commercial,Urban (>70% Developed),NA,Urban,30 - 35  MPH,No Control Present,Clear,No,12,11-15,No,NA,Not Applicable,B: Evident Injury,Driveway / Alley,Black,Male,24,20-24,No,NA,36-40 mph,O: No Injury,Black,Female,Passenger Car,No,24SEP2007,Monday,Bicyclist Failed to Yield - Midblock,15,Non-Intersection,September,B: Evident Injury,15:14:00,Bicyclist Ride Out - Commercial Driveway / Alley,2007,Yes,No,Daylight,Straight - Grade,Local Street,Dry,"One-Way, Not Divided",None,No Special Feature,Smooth Asphalt,2 lanes,"35.7379950959, -77.9116763861"
7280,Raleigh,Wake,Piedmont,Residential,Urban (>70% Developed),NA,Urban,30 - 35  MPH,No Control Present,Clear,No,6,6-10,No,NA,Not Applicable,C: Possible Injury,Driveway / Alley,Black,Male,53,50-59,No,NA,6-10 mph,O: No Injury,Black,Male,Passenger Car,No,25SEP2007,Tuesday,Bicyclist Failed to Yield - Midblock,19,Non-Intersection,September,C: Possible Injury,19:18:00,Bicyclist Ride Out - Commercial Driveway / Alley,2007,No,No,Daylight,Straight - Level,Local Street,Dry,NA,None,"Driveway, Public",Smooth Asphalt,1 lane,"35.7683570772, -78.6416026093"
7287,Fayetteville,Cumberland,Coastal,Commercial,Urban (>70% Developed),NA,Urban,40 - 45  MPH,No Control Present,Clear,No,53,50-59,No,NA,With Traffic,B: Evident Injury,Travel Lane,Black,Male,17,0-19,No,NA,41-45 mph,O: No Injury,Black,Male,Passenger Car,No,29SEP2007,Saturday,Bicyclist Left Turn / Merge,1,Non-Intersection,September,B: Evident Injury,01:04:00,Bicyclist Left Turn - Same Direction,2007,Yes,No,Dark - Lighted Roadway,Straight - Level,Local Street,Wet,"Two-Way, Divided, Unprotected Median",None,No Special Feature,Coarse Asphalt,6 lanes,"35.0792539198, -78.8817926455"