object_id,city,county,region,development,locality,on_road,rural_urban,speed_limit,traffic_control,weather,workzone,bike_age,bike_age_group,bike_alcohol,bike_alcohol_drugs,bike_direction,bike_injury,bike_position,bike_race,bike_sex,driver_age,driver_age_group,driver_alcohol,driver_alcohol_drugs,driver_est_speed,driver_injury,driver_race,driver_sex,driver_vehicle_type,crash_alcohol,crash_date,crash_day,crash_group,crash_hour,crash_location,crash_month,crash_severity,crash_time,crash_type,crash_year,ambulance_req,hit_run,light_condition,road_character,road_class,road_condition,road_configuration,road_defects,road_feature,road_surface,num_lanes,geo_point
7293,None - Rural Crash,Nash,Coastal,Commercial,Mixed (30% To 70% Developed),NA,Rural,50 - 55  MPH,No Control Present,Cloudy,No,36,30-39,No,NA,With Traffic,B: Evident Injury,Bike Lane / Paved Shoulder,Black,Male,NA,NA,Missing,NA,51-55 mph,Unknown Injury,Unknown/Missing,NA,NA,No,01OCT2007,Monday,Motorist Overtaking Bicyclist,21,Non-Intersection,October,B: Evident Injury,21:30:00,Motorist Overtaking - Other / Unknown,2007,Yes,Yes,Dark - Roadway Not Lighted,Curve - Level,US Route,Dry,"Two-Way, Divided, Unprotected Median",None,No Special Feature,Coarse Asphalt,4 lanes,"35.8852171304, -77.8209423658"
7301,Winston-Salem,Forsyth,Piedmont,Industrial,Urban (>70% Developed),NA,Urban,30 - 35  MPH,Stop And Go Signal,Clear,No,14,11-15,No,NA,Not Applicable,B: Evident Injury,NA,Black,Male,36,30-39,No,NA,0-5 mph,O: No Injury,Black,Male,Pickup,No,03OCT2007,Wednesday,Bicyclist Failed to Yield - Signalized Intersection,17,Intersection-Related,October,B: Evident Injury,17:35:00,Bicyclist Ride Out - Signalized  Intersection,2007,Yes,No,Daylight,Straight - Level,Local Street,Dry,"Two-Way, Not Divided",None,T-Intersection,Smooth Asphalt,3 lanes,"36.1315950965, -80.2316731091"
7303,None - Rural Crash,New Hanover,Coastal,Residential,Urban (>70% Developed),NA,Rural,20 - 25  MPH,No Control Present,Cloudy,No,16,16-19,No,NA,Facing Traffic,C: Possible Injury,Travel Lane,Black,Male,61,60-69,No,NA,11-15 mph,O: No Injury,Black,Male,Passenger Car,No,05OCT2007,Friday,Bicyclist Right Turn / Merge,16,Intersection-Related,October,C: Possible Injury,16:36:00,Bicyclist Right Turn - Opposite Direction,2007,No,No,Daylight,Straight - Level,Local Street,Dry,"Two-Way, Not Divided",None,No Special Feature,Smooth Asphalt,2 lanes,"34.2219187638, -77.9403483198"
7305,Charlotte,Mecklenburg,Piedmont,Residential,Urban (>70% Developed),NA,Urban,40 - 45  MPH,No Control Present,Clear,No,44,40-49,No,NA,With Traffic,A: Disabling Injury,Travel Lane,Black,Male,NA,NA,Missing,NA,11-15 mph,Unknown Injury,Unknown/Missing,NA,Passenger Car,No,12SEP2007,Wednesday,Motorist Left Turn / Merge,6,Intersection,September,A: Disabling Injury,06:26:00,Motorist Left Turn - Opposite Direction,2007,Yes,Yes,Dark - Lighted Roadway,Straight - Grade,Local Street,Dry,"Two-Way, Divided, Positive Median Barrier",None,Bridge,Coarse Asphalt,4 lanes,"35.3318249083, -80.7425192174"
7309,None - Rural Crash,Robeson,Coastal,"Farms, Woods, Pastures",Rural (<30% Developed),NA,Rural,50 - 55  MPH,"Double Yellow Line, No Passing Zone",Clear,No,38,30-39,No,NA,Not Applicable,C: Possible Injury,Driveway / Alley,White,Male,30,30-39,No,NA,16-20 mph,O: No Injury,White,Female,Sport Utility,No,08OCT2007,Monday,Bicyclist Failed to Yield - Midblock,21,Non-Intersection,October,C: Possible Injury,21:00:00,Bicyclist Ride Out - Residential Driveway,2007,No,No,Dark - Roadway Not Lighted,Straight - Level,NC Route,Dry,"Two-Way, Not Divided",None,"Driveway, Private",Smooth Asphalt,2 lanes,"34.6039608133, -78.9650726467"
7313,Raleigh,Wake,Piedmont,Commercial,Urban (>70% Developed),NA,Urban,20 - 25  MPH,Stop And Go Signal,Clear,No,30,30-39,No,NA,Facing Traffic,C: Possible Injury,Sidewalk / Crosswalk / Driveway Crossing,Black,Male,27,25-29,No,NA,0-5 mph,O: No Injury,White,Male,Passenger Car,No,10OCT2007,Wednesday,Bicyclist Failed to Yield - Signalized Intersection,12,Intersection,October,C: Possible Injury,12:39:00,Bicyclist Ride Through - Signalized Intersection,2007,Yes,No,Daylight,Straight - Level,Local Street,Dry,"Two-Way, Not Divided",None,Four-Way Intersection,Smooth Asphalt,3 lanes,"35.8544610935, -78.700426632"
7314,Raleigh,Wake,Piedmont,Commercial,Urban (>70% Developed),NA,Urban,30 - 35  MPH,Stop Sign,Clear,No,19,16-19,No,NA,Facing Traffic,C: Possible Injury,Travel Lane,White,Female,NA,NA,Missing,NA,26-30 mph,Unknown Injury,Unknown/Missing,NA,NA,No,10OCT2007,Wednesday,Motorist Left Turn / Merge,15,Intersection,October,C: Possible Injury,15:47:00,Motorist Left Turn - Same Direction,2007,Yes,Yes,Daylight,Straight - Level,Local Street,Dry,"Two-Way, Not Divided",None,No Special Feature,Smooth Asphalt,2 lanes,"35.7720100752, -78.7144126315"
7327,Winston-Salem,Forsyth,Piedmont,Commercial,Urban (>70% Developed),NA,Urban,30 - 35  MPH,No Control Present,Clear,No,38,30-39,No,NA,With Traffic,B: Evident Injury,Travel Lane,White,Male,59,50-59,No,NA,0-5 mph,O: No Injury,White,Female,Sport Utility,No,15OCT2007,Monday,Motorist Left Turn / Merge,16,Non-Intersection,October,B: Evident Injury,16:54:00,Motorist Left Turn - Opposite Direction,2007,Yes,No,Daylight,Curve - Level,Local Street,Dry,"Two-Way, Not Divided",None,No Special Feature,Smooth Asphalt,2 lanes,"36.1184800908, -80.3189631345"
7334,Dudley,Wayne,Coastal,Commercial,Mixed (30% To 70% Developed),NA,Rural,40 - 45  MPH,"Double Yellow Line, No Passing Zone",Cloudy,No,19,16-19,No,NA,Not Applicable,B: Evident Injury,Non-Roadway,White,Male,54,50-59,No,NA,41-45 mph,O: No Injury,White,Female,Passenger Car,No,19OCT2007,Friday,Bicyclist Failed to Yield - Midblock,13,Non-Intersection,October,B: Evident Injury,13:53:00,Bicyclist Ride Out - Commercial Driveway / Alley,2007,No,No,Daylight,Straight - Level,US Route,Dry,"Two-Way, Not Divided",None,No Special Feature,Smooth Asphalt,2 lanes,"35.2677169895, -78.0422324011"
7335,Greensboro,Guilford,Piedmont,Residential,Urban (>70% Developed),NA,Urban,30 - 35  MPH,No Control Present,Clear,No,16,16-19,No,NA,Not Applicable,B: Evident Injury,NA,Black,Male,31,30-39,No,NA,NA,O: No Injury,Black,Female,Passenger Car,No,19OCT2007,Friday,Bicyclist Failed to Yield - Midblock,19,Non-Intersection,October,B: Evident Injury,19:08:00,Bicyclist Ride Out - Midblock - Unknown,2007,Yes,No,Other,Straight - Level,Local Street,Dry,"Two-Way, Divided, Unprotected Median",None,No Special Feature,Smooth Asphalt,2 lanes,"36.0644070999, -79.762222964"
7337,None - Rural Crash,Pitt,Coastal,"Farms, Woods, Pastures",Rural (<30% Developed),NA,Rural,50 - 55  MPH,"Double Yellow Line, No Passing Zone",Clear,No,37,30-39,No,NA,With Traffic,A: Disabling Injury,Travel Lane,Other,Female,70+,70+,No,NA,46-50 mph,O: No Injury,White,Female,Passenger Car,No,19OCT2007,Friday,Motorist Overtaking Bicyclist,18,Non-Intersection,October,A: Disabling Injury,18:22:00,Motorist Overtaking - Undetected Bicyclist,2007,Yes,No,Daylight,Straight - Level,State Secondary Route,Dry,"Two-Way, Not Divided",None,Bridge,Grooved Concrete,2 lanes,"35.6113240852, -77.4377022354"
7340,Durham,Durham,Piedmont,Commercial,Mixed (30% To 70% Developed),NA,Urban,30 - 35  MPH,Stop And Go Signal,Clear,No,20,20-24,No,NA,Facing Traffic,C: Possible Injury,Sidewalk / Crosswalk / Driveway Crossing,Black,Male,22,20-24,No,NA,0-5 mph,O: No Injury,White,Male,Passenger Car,No,30OCT2007,Tuesday,Motorist Failed to Yield - Signalized Intersection,14,Intersection,October,C: Possible Injury,14:07:00,Motorist Drive Out - Right Turn on Red,2007,Yes,No,Daylight,Straight - Level,Local Street,Dry,"One-Way, Not Divided",None,No Special Feature,Coarse Asphalt,3 lanes,"35.9970731168, -78.9103427023"
7341,None - Rural Crash,Rutherford,Mountains,Residential,Mixed (30% To 70% Developed),NA,Rural,30 - 35  MPH,"Double Yellow Line, No Passing Zone",Cloudy,No,12,11-15,No,NA,Facing Traffic,C: Possible Injury,NA,White,Male,19,0-19,No,NA,26-30 mph,O: No Injury,White,Female,Passenger Car,No,22OCT2007,Monday,Bicyclist Right Turn / Merge,14,Non-Intersection,October,C: Possible Injury,14:30:00,Bicyclist Right Turn - Opposite Direction,2007,Yes,No,Dark - Roadway Not Lighted,Straight - Level,State Secondary Route,Wet,"Two-Way, Not Divided",None,No Special Feature,Smooth Asphalt,2 lanes,"35.2438348483, -81.8464635414"
7344,Havelock,Craven,Coastal,Commercial,Urban (>70% Developed),NA,Urban,NA,No Control Present,Clear,No,49,40-49,No,NA,Facing Traffic,B: Evident Injury,Travel Lane,Hispanic,Male,19,0-19,No,NA,0-5 mph,O: No Injury,White,Female,Sport Utility,No,23OCT2007,Tuesday,Motorist Failed to Yield - Midblock,13,Non-Intersection,October,B: Evident Injury,13:30:00,Motorist Drive Out - Commercial Driveway / Alley,2007,No,No,Daylight,Straight - Level,Public Vehicular Area,Dry,"Two-Way, Divided, Unprotected Median",None,T-Intersection,Smooth Asphalt,5 lanes,"34.8602589382, -76.8970920338"
7352,None - Rural Crash,Wilson,Coastal,"Farms, Woods, Pastures",Rural (<30% Developed),NA,Rural,50 - 55  MPH,No Control Present,Clear,No,18,16-19,No,NA,Facing Traffic,A: Disabling Injury,Travel Lane,White,Male,29,25-29,No,NA,41-45 mph,O: No Injury,White,Female,Passenger Car,No,19OCT2007,Friday,Head-On,20,Non-Intersection,October,A: Disabling Injury,20:03:00,Head-On - Bicyclist,2007,Yes,Yes,Dark - Roadway Not Lighted,Straight - Level,US Route,Dry,"Two-Way, Divided, Unprotected Median",None,No Special Feature,Smooth Asphalt,4 lanes,"35.6006230597, -78.1156324411"
7355,Burlington,Alamance,Piedmont,Commercial,Urban (>70% Developed),NA,Urban,40 - 45  MPH,No Control Present,Clear,No,12,11-15,No,NA,Not Applicable,B: Evident Injury,NA,Black,Male,17,0-19,No,NA,6-10 mph,O: No Injury,Black,Male,Passenger Car,No,29OCT2007,Monday,Bicyclist Failed to Yield - Midblock,15,Non-Intersection,October,B: Evident Injury,15:04:00,Bicyclist Ride Out - Midblock - Unknown,2007,No,No,Daylight,Straight - Level,US Route,Dry,"Two-Way, Not Divided",None,No Special Feature,Smooth Asphalt,5 lanes,"36.093685119, -79.3985778558"
7362,Wilmington,New Hanover,Coastal,Residential,Urban (>70% Developed),NA,Urban,30 - 35  MPH,Stop Sign,Clear,No,21,20-24,No,NA,Facing Traffic,B: Evident Injury,Sidewalk / Crosswalk / Driveway Crossing,White,Male,23,20-24,No,NA,11-15 mph,O: No Injury,Black,Female,Passenger Car,No,30OCT2007,Tuesday,Motorist Failed to Yield - Sign-Controlled Intersection,10,Intersection,October,B: Evident Injury,10:59:00,Motorist Drive Out - Sign-Controlled Intersection,2007,Yes,No,Daylight,Straight - Level,Local Street,Dry,"Two-Way, Not Divided",None,Four-Way Intersection,Smooth Asphalt,2 lanes,"34.2299367676, -77.8709622988"
7363,Huntersville,Mecklenburg,Piedmont,Commercial,Mixed (30% To 70% Developed),NA,Urban,30 - 35  MPH,No Control Present,Clear,No,60,60-69,No,NA,With Traffic,B: Evident Injury,Travel Lane,White,Male,24,20-24,No,NA,NA,O: No Injury,White,Female,Passenger Car,No,31OCT2007,Wednesday,Bicyclist Overtaking Motorist,10,Non-Intersection,October,B: Evident Injury,10:05:00,Bicyclist Overtaking - Other / Unknown,2007,Yes,No,Daylight,Straight - Level,Local Street,Dry,"Two-Way, Not Divided",None,No Special Feature,Smooth Asphalt,2 lanes,"35.3995549178, -80.8641332575"
7364,None - Rural Crash,Bertie,Coastal,Residential,Mixed (30% To 70% Developed),NA,Rural,40 - 45  MPH,"Double Yellow Line, No Passing Zone",Clear,No,37,30-39,Yes,NA,With Traffic,B: Evident Injury,Travel Lane,Black,Male,53,50-59,No,NA,>100 mph,O: No Injury,White,Female,Van,Yes,01NOV2007,Thursday,Bicyclist Left Turn / Merge,14,Non-Intersection,November,B: Evident Injury,14:54:00,Bicyclist Left Turn - Same Direction,2007,Yes,No,Daylight,Straight - Level,US Route,Dry,"Two-Way, Not Divided",None,No Special Feature,Coarse Asphalt,2 lanes,"35.9846301819, -76.9575421078"
7378,None - Rural Crash,Onslow,Coastal,Residential,Urban (>70% Developed),NA,Rural,40 - 45  MPH,No Control Present,Clear,No,17,16-19,No,NA,With Traffic,B: Evident Injury,Travel Lane,White,Male,21,20-24,No,NA,41-45 mph,O: No Injury,Black,Male,Passenger Car,No,08NOV2007,Thursday,Motorist Overtaking Bicyclist,16,Non-Intersection,November,B: Evident Injury,16:50:00,Motorist Overtaking - Misjudged Space,2007,Yes,No,Daylight,Straight - Level,State Secondary Route,Dry,"Two-Way, Not Divided",None,No Special Feature,Smooth Asphalt,2 lanes,"34.898086926, -77.5276122274"
7380,Garner,Wake,Piedmont,Commercial,Urban (>70% Developed),NA,Urban,NA,Stop Sign,Clear,No,39,30-39,Yes,NA,With Traffic,C: Possible Injury,Travel Lane,White,Male,48,40-49,No,NA,21-25 mph,O: No Injury,White,Male,Passenger Car,Yes,08NOV2007,Thursday,Motorist Failed to Yield - Midblock,16,Non-Intersection,November,C: Possible Injury,16:24:00,Motorist Drive Out - Commercial Driveway / Alley,2007,Yes,No,Daylight,Straight - Grade,Local Street,Dry,"Two-Way, Not Divided",None,T-Intersection,Coarse Asphalt,2 lanes,"35.6850970599, -78.6179625975"
7385,None - Rural Crash,Carteret,Coastal,Residential,Mixed (30% To 70% Developed),NA,Rural,50 - 55  MPH,No Control Present,Clear,No,NA,NA,Missing,NA,With Traffic,Unknown Injury,Other,Unknown/Missing,NA,18,0-19,No,NA,51-55 mph,O: No Injury,White,Female,Passenger Car,No,10NOV2007,Saturday,Bicyclist Left Turn / Merge,21,Non-Intersection,November,O: No Injury,21:56:00,Bicyclist Left Turn - Same Direction,2007,No,No,Dark - Roadway Not Lighted,Straight - Level,State Secondary Route,Dry,"Two-Way, Not Divided",None,No Special Feature,Smooth Asphalt,2 lanes,"34.8189729298, -76.8732420236"
7386,None - Rural Crash,New Hanover,Coastal,Residential,Mixed (30% To 70% Developed),NA,Rural,40 - 45  MPH,"Double Yellow Line, No Passing Zone",Clear,No,22,20-24,No,NA,With Traffic,B: Evident Injury,Travel Lane,White,Male,NA,NA,Missing,NA,41-45 mph,Unknown Injury,Unknown/Missing,NA,NA,No,10NOV2007,Saturday,Motorist Overtaking Bicyclist,21,Non-Intersection,November,B: Evident Injury,21:40:00,Motorist Overtaking - Misjudged Space,2007,Yes,Yes,Dark - Roadway Not Lighted,Straight - Level,State Secondary Route,Dry,"Two-Way, Not Divided",None,No Special Feature,Smooth Asphalt,2 lanes,"34.1259667442, -77.8786122963"
7395,Asheville,Buncombe,Mountains,Commercial,Urban (>70% Developed),NA,Urban,30 - 35  MPH,Stop And Go Signal,Clear,No,46,40-49,No,NA,With Traffic,B: Evident Injury,Travel Lane,White,Male,70+,70+,No,NA,16-20 mph,O: No Injury,Black,Male,Sport Utility,No,18NOV2007,Sunday,Motorist Left Turn / Merge,6,Intersection,November,B: Evident Injury,06:13:00,Motorist Left Turn - Opposite Direction,2007,Yes,No,Dark - Lighted Roadway,Straight - Level,Local Street,Dry,"Two-Way, Not Divided",None,On or Off Ramp,Smooth Asphalt,3 lanes,"35.5989598966, -82.5536037704"
7397,None - Rural Crash,Iredell,Piedmont,Commercial,Mixed (30% To 70% Developed),NA,Rural,50 - 55  MPH,"Double Yellow Line, No Passing Zone",Clear,No,48,40-49,No,NA,With Traffic,C: Possible Injury,Travel Lane,White,Male,33,30-39,No,NA,41-45 mph,O: No Injury,White,Male,Pickup,No,19NOV2007,Monday,Motorist Overtaking Bicyclist,8,Non-Intersection,November,C: Possible Injury,08:30:00,Motorist Overtaking - Misjudged Space,2007,Yes,No,Daylight,Straight - Level,NC Route,Dry,"Two-Way, Not Divided",None,No Special Feature,Smooth Asphalt,2 lanes,"35.8557200082, -81.0287433324"
7398,Troy,Montgomery,Piedmont,Commercial,Urban (>70% Developed),NA,Rural,30 - 35  MPH,Stop Sign,Clear,No,23,20-24,No,NA,With Traffic,C: Possible Injury,Sidewalk / Crosswalk / Driveway Crossing,Black,Female,43,40-49,Yes,NA,0-5 mph,O: No Injury,Black,Female,Van,Yes,19NOV2007,Monday,Motorist Failed to Yield - Sign-Controlled Intersection,18,Intersection,November,C: Possible Injury,18:00:00,Motorist Drive Out - Sign-Controlled Intersection,2007,No,No,Daylight,Straight - Level,Local Street,Dry,"Two-Way, Not Divided",None,No Special Feature,Smooth Asphalt,2 lanes,"35.3557969435, -79.9001029665"
7400,Apex,Wake,Piedmont,Commercial,Urban (>70% Developed),NA,Urban,40 - 45  MPH,Stop And Go Signal,Clear,No,17,16-19,No,NA,With Traffic,B: Evident Injury,Travel Lane,White,Male,28,25-29,No,NA,26-30 mph,O: No Injury,White,Female,Sport Utility,No,20NOV2007,Tuesday,Bicyclist Left Turn / Merge,18,Intersection,November,B: Evident Injury,18:21:00,Bicyclist Left Turn - Opposite Direction,2007,Yes,No,Dark - Lighted Roadway,Straight - Grade,Local Street,Dry,"Two-Way, Not Divided",None,Four-Way Intersection,Smooth Asphalt,6 lanes,"35.7385630626, -78.865372675"
7402,Erwin,Harnett,Coastal,Commercial,Urban (>70% Developed),NA,Rural,50 - 55  MPH,No Control Present,Clear,No,15,11-15,No,NA,With Traffic,Unknown Injury,Travel Lane,Unknown/Missing,Male,NA,NA,Missing,NA,51-55 mph,Unknown Injury,Unknown/Missing,NA,NA,No,22NOV2007,Thursday,Motorist Overtaking Bicyclist,1,Non-Intersection,November,Unknown Injury,01:01:00,Motorist Overtaking - Undetected Bicyclist,2007,No,Yes,Dark - Roadway Not Lighted,Straight - Level,Local Street,Dry,"Two-Way, Divided, Unprotected Median",None,No Special Feature,Smooth Asphalt,4 lanes,"35.3250269814, -78.6505325889"
7405,Manteo,Dare,Coastal,Residential,Urban (>70% Developed),NA,Rural,20 - 25  MPH,Stop And Go Signal,Clear,No,52,50-59,No,NA,Facing Traffic,Unknown Injury,Sidewalk / Crosswalk / Driveway Crossing,Unknown/Missing,NA,40,40-49,No,NA,0-5 mph,Unknown Injury,Unknown/Missing,Male,Passenger Car,No,20NOV2007,Tuesday,Motorist Failed to Yield - Signalized Intersection,12,Intersection,November,Unknown Injury,12:30:00,Motorist Drive Out - Right Turn on Red,2007,No,No,Daylight,Straight - Level,Local Street,Dry,"Two-Way, Divided, Unprotected Median",None,T-Intersection,Smooth Asphalt,3 lanes,"35.9086972079, -75.6760577093"
5807,Charlotte,Mecklenburg,Piedmont,Commercial,Urban (>70% Developed),NA,Urban,30 - 35  MPH,No Control Present,Clear,No,54,50-59,No,NA,With Traffic,B: Evident Injury,Travel Lane,White,Male,30,30-39,No,NA,21-25 mph,O: No Injury,Other,Male,Passenger Car,No,24JUN2008,Tuesday,Motorist Right Turn / Merge,16,Non-Intersection,June,B: Evident Injury,16:42:00,Motorist Right Turn - Same Direction,2008,No,No,Daylight,Straight - Level,Local Street,Dry,"Two-Way, Divided, Unprotected Median",None,Related To Intersection,Smooth Asphalt,4 lanes,"35.195476876, -80.8275232353"
5824,Kinston,Lenoir,Coastal,Commercial,Urban (>70% Developed),NA,Urban,30 - 35  MPH,Stop And Go Signal,Clear,No,29,25-29,No,NA,Facing Traffic,C: Possible Injury,NA,Black,Female,22,20-24,No,NA,0-5 mph,O: No Injury,White,Female,Sport Utility,No,27JUN2008,Friday,Crossing Paths - Other Circumstances,14,Intersection,June,C: Possible Injury,14:21:00,Signalized Intersection - Other / Unknown,2008,Yes,No,Daylight,Straight - Level,Local Street,Dry,"Two-Way, Not Divided",None,Four-Way Intersection,Smooth Asphalt,2 lanes,"35.2637740042, -77.5826972621"
5829,Lewisville,Forsyth,Piedmont,Residential,Mixed (30% To 70% Developed),NA,Urban,30 - 35  MPH,"Double Yellow Line, No Passing Zone",Clear,No,50,50-59,No,NA,With Traffic,B: Evident Injury,Travel Lane,White,Male,70+,70+,No,NA,0-5 mph,O: No Injury,White,Female,Passenger Car,No,31MAY2008,Saturday,Motorist Failed to Yield - Midblock,9,Non-Intersection,May,B: Evident Injury,09:57:00,Motorist Drive Out - Residential Driveway,2008,No,Yes,Daylight,Curve - Level,State Secondary Route,Dry,"Two-Way, Not Divided",None,No Special Feature,Smooth Asphalt,2 lanes,"36.1001620832, -80.4104531607"
5835,Boone,Watauga,Mountains,Commercial,Urban (>70% Developed),NA,Urban,NA,Missing,Clear,No,57,50-59,Yes,NA,Not Applicable,Unknown Injury,Non-Roadway,White,Male,70+,70+,No,NA,16-20 mph,O: No Injury,White,Female,Passenger Car,Yes,03JUN2008,Tuesday,Non-Roadway,10,Non-Roadway,June,O: No Injury,10:43:00,Non-Roadway,2008,No,No,Daylight,Straight - Level,Public Vehicular Area,Dry,"Two-Way, Not Divided",None,No Special Feature,Smooth Asphalt,NA,"36.196947056, -81.65826354"
5838,Greensboro,Guilford,Piedmont,Commercial,Urban (>70% Developed),NA,Urban,30 - 35  MPH,Stop And Go Signal,Clear,No,20,20-24,No,NA,With Traffic,B: Evident Injury,Travel Lane,White,Male,NA,NA,Missing,NA,NA,Unknown Injury,Unknown/Missing,NA,NA,No,12JUN2008,Thursday,Motorist Overtaking Bicyclist,23,Intersection,June,B: Evident Injury,23:11:00,Motorist Overtaking - Other / Unknown,2008,Yes,Yes,Dark - Lighted Roadway,Straight - Level,Local Street,Dry,"Two-Way, Divided, Unprotected Median",NA,Four-Way Intersection,Smooth Asphalt,4 lanes,"36.0403440918, -79.8420029865"
5844,None - Rural Crash,Johnston,Coastal,Residential,Mixed (30% To 70% Developed),NA,Rural,20 - 25  MPH,Stop Sign,Cloudy,No,12,11-15,No,NA,With Traffic,B: Evident Injury,Travel Lane,White,Female,44,40-49,No,NA,16-20 mph,O: No Injury,White,Female,Passenger Car,No,12MAY2008,Monday,Bicyclist Failed to Yield - Sign-Controlled Intersection,17,Intersection,May,B: Evident Injury,17:37:00,Bicyclist Ride Through - Sign-Controlled Intersection,2008,Yes,No,Daylight,Straight - Grade,Local Street,Dry,"Two-Way, Not Divided",None,T-Intersection,Smooth Asphalt,2 lanes,"35.6596470622, -78.3902525269"
5845,Cary,Wake,Piedmont,Commercial,Urban (>70% Developed),NA,Urban,30 - 35  MPH,No Control Present,Clear,No,42,40-49,No,NA,With Traffic,B: Evident Injury,Travel Lane,White,Male,54,50-59,No,NA,0-5 mph,O: No Injury,Black,Male,Passenger Car,No,02JUL2008,Wednesday,Motorist Left Turn / Merge,6,Non-Intersection,July,B: Evident Injury,06:48:00,Motorist Left Turn - Opposite Direction,2008,Yes,No,Daylight,Straight - Grade,Local Street,Dry,"Two-Way, Not Divided",None,No Special Feature,Smooth Asphalt,2 lanes,"35.7964370773, -78.8027426593"
5850,Kannapolis,Cabarrus,Piedmont,Commercial,Urban (>70% Developed),NA,Urban,30 - 35  MPH,Stop Sign,Clear,No,59,50-59,No,NA,With Traffic,B: Evident Injury,Travel Lane,White,Male,58,50-59,No,NA,11-15 mph,O: No Injury,White,Female,Sport Utility,No,15MAY2008,Thursday,Motorist Failed to Yield - Sign-Controlled Intersection,16,Intersection,May,B: Evident Injury,16:09:00,Motorist Drive Out - Sign-Controlled Intersection,2008,No,No,Daylight,Straight - Level,Local Street,Dry,"Two-Way, Not Divided",None,Four-Way Intersection,Smooth Asphalt,2 lanes,"35.473116943, -80.6095531853"
5854,Matthews,Mecklenburg,Piedmont,Commercial,Rural (<30% Developed),NA,Urban,30 - 35  MPH,Stop And Go Signal,Clear,No,36,30-39,No,NA,With Traffic,C: Possible Injury,Travel Lane,White,Male,46,40-49,No,NA,6-10 mph,O: No Injury,White,Female,Sport Utility,No,10JUN2008,Tuesday,Motorist Left Turn / Merge,20,Intersection,June,C: Possible Injury,20:06:00,Motorist Left Turn - Opposite Direction,2008,No,No,Daylight,Straight - Level,Local Street,Dry,"Two-Way, Not Divided",None,No Special Feature,Smooth Asphalt,2 lanes,"35.1082028608, -80.7290932016"
5861,Black Mountain,Buncombe,Mountains,Commercial,Mixed (30% To 70% Developed),NA,Urban,20 - 25  MPH,Missing,Clear,No,13,11-15,No,NA,NA,C: Possible Injury,NA,White,Female,35,30-39,No,NA,6-10 mph,O: No Injury,White,Male,Sport Utility,No,11JUN2008,Wednesday,Bicyclist Failed to Yield - Midblock,16,Non-Intersection,June,C: Possible Injury,16:48:00,Multiple Threat - Midblock,2008,Yes,No,Daylight,Straight - Level,Local Street,Dry,"Two-Way, Not Divided",None,No Special Feature,Other,2 lanes,"35.618208909, -82.3212137024"
5865,Salisbury,Rowan,Piedmont,Residential,Urban (>70% Developed),NA,Urban,20 - 25  MPH,No Control Present,Clear,No,62,60-69,No,NA,Facing Traffic,B: Evident Injury,Travel Lane,Black,Male,38,30-39,No,NA,21-25 mph,O: No Injury,Black,Female,Passenger Car,No,12JUL2008,Saturday,Head-On,13,Non-Intersection,July,B: Evident Injury,13:52:00,Head-On - Bicyclist,2008,Yes,No,Daylight,Straight - Level,Local Street,Dry,"Two-Way, Not Divided",None,No Special Feature,Smooth Asphalt,2 lanes,"35.6720769899, -80.4839891586"
5870,Charlotte,Mecklenburg,Piedmont,Commercial,Urban (>70% Developed),NA,Urban,30 - 35  MPH,No Control Present,Clear,No,24,20-24,No,NA,NA,B: Evident Injury,NA,Black,Male,25,25-29,No,NA,31-35 mph,O: No Injury,White,Male,Passenger Car,No,15JUL2008,Tuesday,Bicyclist Failed to Yield - Midblock,15,Non-Intersection,July,B: Evident Injury,15:10:00,Bicyclist Ride Out - Midblock - Unknown,2008,Yes,No,Daylight,Straight - Hillcrest,Local Street,Dry,"Two-Way, Not Divided",None,No Special Feature,Smooth Asphalt,4 lanes,"35.2199168818, -80.8057832303"
5871,Charlotte,Mecklenburg,Piedmont,Residential,Urban (>70% Developed),NA,Urban,5 - 15 MPH,No Control Present,Clear,No,22,20-24,No,NA,Not Applicable,C: Possible Injury,Non-Roadway,Hispanic,Male,47,40-49,No,NA,0-5 mph,O: No Injury,Black,Male,Passenger Car,No,15JUL2008,Tuesday,Non-Roadway,21,Non-Roadway,July,C: Possible Injury,21:44:00,Non-Roadway,2008,No,No,Dark - Lighted Roadway,Straight - Level,Public Vehicular Area,Dry,"Two-Way, Not Divided",None,"Driveway, Public",Coarse Asphalt,NA,"35.2559808871, -80.890933258"
5872,Kitty Hawk,Dare,Coastal,Commercial,Mixed (30% To 70% Developed),NA,Rural,20 - 25  MPH,Stop Sign,"Fog, Smog, Smoke",No,21,20-24,No,NA,Facing Traffic,B: Evident Injury,Bike Lane / Paved Shoulder,White,Male,21,20-24,No,NA,0-5 mph,O: No Injury,White,Male,Sport Utility,No,14JUN2008,Saturday,Motorist Failed to Yield - Sign-Controlled Intersection,8,Intersection,June,B: Evident Injury,08:22:00,Motorist Drive Out - Sign-Controlled Intersection,2008,No,No,Daylight,Straight - Level,Local Street,Dry,"Two-Way, Not Divided",None,T-Intersection,Coarse Asphalt,5 lanes,"36.0943072471, -75.7107217297"