object_id,city,county,region,development,locality,on_road,rural_urban,speed_limit,traffic_control,weather,workzone,bike_age,bike_age_group,bike_alcohol,bike_alcohol_drugs,bike_direction,bike_injury,bike_position,bike_race,bike_sex,driver_age,driver_age_group,driver_alcohol,driver_alcohol_drugs,driver_est_speed,driver_injury,driver_race,driver_sex,driver_vehicle_type,crash_alcohol,crash_date,crash_day,crash_group,crash_hour,crash_location,crash_month,crash_severity,crash_time,crash_type,crash_year,ambulance_req,hit_run,light_condition,road_character,road_class,road_condition,road_configuration,road_defects,road_feature,road_surface,num_lanes,geo_point
5876,Durham,Durham,Piedmont,Commercial,Urban (>70% Developed),NA,Urban,30 - 35  MPH,No Control Present,Clear,No,33,30-39,No,NA,With Traffic,B: Evident Injury,Travel Lane,Hispanic,Male,58,50-59,No,NA,31-35 mph,O: No Injury,White,Male,Pickup,No,15JUL2008,Tuesday,Bicyclist Left Turn / Merge,15,Non-Intersection,July,B: Evident Injury,15:18:00,Bicyclist Left Turn - Same Direction,2008,Yes,No,Daylight,Straight - Level,Local Street,Dry,"Two-Way, Not Divided",None,No Special Feature,Coarse Asphalt,2 lanes,"36.0334311216, -78.973302724"
5883,Wilmington,New Hanover,Coastal,Commercial,Urban (>70% Developed),NA,Urban,40 - 45  MPH,No Control Present,Clear,No,19,16-19,No,NA,With Traffic,C: Possible Injury,Sidewalk / Crosswalk / Driveway Crossing,Black,Male,NA,NA,Missing,NA,6-10 mph,Unknown Injury,Unknown/Missing,NA,Passenger Car,No,16JUN2008,Monday,Motorist Failed to Yield - Midblock,21,Non-Intersection,June,C: Possible Injury,21:21:00,Motorist Drive Out - Commercial Driveway / Alley,2008,Yes,Yes,Dark - Lighted Roadway,Straight - Level,Local Street,Dry,"Two-Way, Divided, Unprotected Median",None,No Special Feature,Smooth Asphalt,4 lanes,"34.2391307681, -77.9106773116"
5884,Wilmington,New Hanover,Coastal,Commercial,Urban (>70% Developed),NA,Urban,40 - 45  MPH,Stop And Go Signal,Clear,No,55,50-59,No,NA,Facing Traffic,C: Possible Injury,Travel Lane,White,Female,23,20-24,No,NA,0-5 mph,O: No Injury,White,Female,Sport Utility,No,14JUN2008,Saturday,Motorist Failed to Yield - Signalized Intersection,15,Intersection,June,C: Possible Injury,15:18:00,Motorist Drive Out - Right Turn on Red,2008,Yes,No,Daylight,Straight - Level,Local Street,Dry,"Two-Way, Divided, Unprotected Median",None,Four-Way Intersection,Coarse Asphalt,8 lanes,"34.2436767701, -77.8838623033"
5886,Charlotte,Mecklenburg,Piedmont,Commercial,Rural (<30% Developed),NA,Urban,40 - 45  MPH,No Control Present,Clear,No,56,50-59,No,NA,NA,C: Possible Injury,NA,White,Male,38,30-39,No,NA,0-5 mph,O: No Injury,Black,Female,Passenger Car,No,18JUL2008,Friday,Bicyclist Failed to Yield - Midblock,14,Non-Intersection,July,C: Possible Injury,14:11:00,Bicyclist Ride Out - Midblock - Unknown,2008,Yes,No,Daylight,Straight - Level,Local Street,Dry,"Two-Way, Not Divided",None,No Special Feature,Smooth Asphalt,4 lanes,"35.2632128924, -80.7716732224"
5887,Oak Island,Brunswick,Coastal,Commercial,Urban (>70% Developed),NA,Urban,30 - 35  MPH,Stop And Go Signal,Clear,No,17,16-19,No,NA,Facing Traffic,C: Possible Injury,Sidewalk / Crosswalk / Driveway Crossing,White,Male,52,50-59,No,NA,NA,O: No Injury,White,Male,Sport Utility,No,16JUN2008,Monday,Bicyclist Failed to Yield - Signalized Intersection,16,Intersection,June,C: Possible Injury,16:50:00,Bicyclist Ride Through - Signalized Intersection,2008,No,No,Daylight,Straight - Level,Local Street,Dry,"Two-Way, Not Divided",None,Four-Way Intersection,Smooth Asphalt,3 lanes,"33.9120866887, -78.1059923552"
5892,Kinston,Lenoir,Coastal,Commercial,Urban (>70% Developed),NA,Urban,30 - 35  MPH,Stop Sign,Clear,No,10,6-10,No,NA,With Traffic,O: No Injury,Travel Lane,Black,Female,57,50-59,No,NA,31-35 mph,O: No Injury,White,Female,Pickup,No,22JUL2008,Tuesday,Bicyclist Failed to Yield - Sign-Controlled Intersection,7,Intersection,July,O: No Injury,07:21:00,Bicyclist Ride Out - Sign-Controlled Intersection,2008,Yes,No,Daylight,Straight - Level,Local Street,Dry,"Two-Way, Not Divided",None,T-Intersection,Smooth Asphalt,4 lanes,"35.2587620033, -77.5745872586"
5895,Selma,Johnston,Coastal,Commercial,Urban (>70% Developed),NA,Urban,30 - 35  MPH,Stop Sign,Clear,No,8,6-10,No,NA,With Traffic,A: Disabling Injury,Travel Lane,Black,Male,60,60-69,No,NA,31-35 mph,O: No Injury,White,Male,Van,No,24JUN2008,Tuesday,Bicyclist Failed to Yield - Sign-Controlled Intersection,13,Intersection,June,A: Disabling Injury,13:22:00,Bicyclist Ride Out - Sign-Controlled Intersection,2008,Yes,No,Daylight,Straight - Level,US Route,Dry,"Two-Way, Divided, Unprotected Median",None,Four-Way Intersection,Smooth Asphalt,5 lanes,"35.5335110393, -78.2868424888"
5899,Charlotte,Mecklenburg,Piedmont,Residential,Urban (>70% Developed),NA,Urban,30 - 35  MPH,Stop Sign,Cloudy,No,9,6-10,No,NA,With Traffic,Unknown Injury,Travel Lane,Black,Female,36,30-39,No,NA,31-35 mph,O: No Injury,Black,Female,Passenger Car,No,22JUL2008,Tuesday,Loss of Control / Turning Error,20,Intersection,July,O: No Injury,20:23:00,Bicyclist Lost Control - Mechanical Problems,2008,Yes,No,Daylight,Straight - Level,Local Street,Dry,"Two-Way, Not Divided",None,No Special Feature,Smooth Asphalt,2 lanes,"35.275053895, -80.7743932239"
5913,Charlotte,Mecklenburg,Piedmont,Commercial,Urban (>70% Developed),NA,Urban,30 - 35  MPH,No Control Present,Cloudy,No,28,25-29,No,NA,With Traffic,B: Evident Injury,Bike Lane / Paved Shoulder,White,Male,46,40-49,No,NA,31-35 mph,O: No Injury,Black,Male,Passenger Car,No,07JUL2008,Monday,Motorist Right Turn / Merge,7,Non-Intersection,July,B: Evident Injury,07:24:00,Motorist Right Turn - Same Direction,2008,No,No,Daylight,Straight - Level,Local Street,Dry,"Two-Way, Divided, Unprotected Median",None,No Special Feature,Smooth Asphalt,2 lanes,"35.2516548869, -80.8709982513"
5915,None - Rural Crash,Davidson,Piedmont,Institutional,Mixed (30% To 70% Developed),NA,Rural,50 - 55  MPH,Stop And Go Signal,Clear,No,66,60-69,No,NA,With Traffic,C: Possible Injury,Travel Lane,White,Male,32,30-39,No,NA,11-15 mph,O: No Injury,Hispanic,Female,Passenger Car,No,30JUN2008,Monday,Motorist Failed to Yield - Signalized Intersection,10,Intersection,June,C: Possible Injury,10:11:00,Motorist Drive Through - Signalized Intersection,2008,No,No,Daylight,Straight - Level,NC Route,Dry,"Two-Way, Divided, Unprotected Median",None,Four-Way Intersection,Smooth Asphalt,4 lanes,"35.9485670617, -80.121853066"
5920,Enfield,Halifax,Coastal,Residential,Rural (<30% Developed),NA,Rural,NA,Missing,Clear,No,42,40-49,No,NA,Not Applicable,Unknown Injury,Non-Roadway,Black,Male,31,30-39,No,NA,11-15 mph,O: No Injury,Black,Male,Passenger Car,No,02JUL2008,Wednesday,Non-Roadway,2,Non-Roadway,July,O: No Injury,02:20:00,Non-Roadway,2008,Yes,No,Dark - Unknown Lighting,NA,"Private Road, Driveway",Wet,NA,None,No Special Feature,Soil,NA,"36.1745031978, -77.6682523343"
5921,Greensboro,Guilford,Piedmont,Residential,Urban (>70% Developed),NA,Urban,30 - 35  MPH,No Control Present,Clear,No,47,40-49,No,NA,With Traffic,C: Possible Injury,Travel Lane,Black,Male,70+,70+,No,NA,16-20 mph,O: No Injury,White,Female,Passenger Car,No,28JUN2008,Saturday,Motorist Failed to Yield - Sign-Controlled Intersection,17,Intersection,June,C: Possible Injury,17:00:00,Motorist Drive Out - Sign-Controlled Intersection,2008,Yes,No,Daylight,Straight - Level,Local Street,Dry,"Two-Way, Not Divided",None,No Special Feature,Smooth Asphalt,5 lanes,"36.0463970935, -79.8221129813"
5931,Huntersville,Mecklenburg,Piedmont,Commercial,Urban (>70% Developed),NA,Urban,40 - 45  MPH,Stop Sign,Clear,No,45,40-49,No,NA,With Traffic,C: Possible Injury,Travel Lane,White,Male,37,30-39,No,NA,0-5 mph,O: No Injury,White,Female,Passenger Car,No,03JUL2008,Thursday,Motorist Left Turn / Merge,15,Intersection,July,C: Possible Injury,15:52:00,Motorist Left Turn - Opposite Direction,2008,Yes,No,Daylight,Straight - Grade,Local Street,Dry,"Two-Way, Not Divided",None,T-Intersection,Smooth Asphalt,2 lanes,"35.4457869279, -80.8664132607"
5942,Boone,Watauga,Mountains,Commercial,Urban (>70% Developed),NA,Urban,NA,No Control Present,Clear,No,13,11-15,No,NA,Not Applicable,B: Evident Injury,Non-Roadway,Black,Male,48,40-49,Yes,NA,16-20 mph,O: No Injury,White,Male,Passenger Car,Yes,07JUL2008,Monday,Non-Roadway,21,Non-Roadway,July,B: Evident Injury,21:09:00,Non-Roadway,2008,Yes,No,Dusk,Straight - Grade,Public Vehicular Area,Dry,"Two-Way, Not Divided",None,No Special Feature,Smooth Asphalt,NA,"36.2075470579, -81.6723335446"
5944,None - Rural Crash,Cumberland,Coastal,Commercial,Mixed (30% To 70% Developed),NA,Rural,40 - 45  MPH,Missing,Cloudy,No,34,30-39,No,NA,With Traffic,C: Possible Injury,Travel Lane,Black,Male,NA,NA,Missing,NA,31-35 mph,Unknown Injury,Unknown/Missing,NA,NA,No,08JUL2008,Tuesday,Motorist Overtaking Bicyclist,23,Non-Intersection,July,C: Possible Injury,23:05:00,Motorist Overtaking - Other / Unknown,2008,Yes,Yes,Dark - Roadway Not Lighted,Straight - Level,State Secondary Route,Wet,"Two-Way, Not Divided",None,No Special Feature,Coarse Asphalt,5 lanes,"35.013936904, -78.9363126584"
5947,None - Rural Crash,Cumberland,Coastal,"Farms, Woods, Pastures",Rural (<30% Developed),NA,Rural,50 - 55  MPH,"Double Yellow Line, No Passing Zone",Clear,No,15,11-15,No,NA,With Traffic,C: Possible Injury,Travel Lane,White,Male,NA,NA,Missing,NA,51-55 mph,Unknown Injury,Unknown/Missing,NA,NA,No,09JUL2008,Wednesday,Motorist Overtaking Bicyclist,22,Non-Intersection,July,C: Possible Injury,22:49:00,Motorist Overtaking - Undetected Bicyclist,2008,Yes,Yes,Dark - Roadway Not Lighted,Straight - Level,State Secondary Route,Dry,"Two-Way, Not Divided",None,T-Intersection,Coarse Asphalt,2 lanes,"34.9778129031, -78.7466376004"
5948,None - Rural Crash,Pasquotank,Coastal,"Farms, Woods, Pastures",Rural (<30% Developed),NA,Rural,40 - 45  MPH,No Control Present,Clear,No,15,11-15,No,NA,With Traffic,A: Disabling Injury,Travel Lane,Black,Male,21,20-24,No,NA,41-45 mph,O: No Injury,White,Male,Passenger Car,No,03AUG2008,Sunday,Bicyclist Left Turn / Merge,20,Non-Intersection,August,A: Disabling Injury,20:05:00,Bicyclist Left Turn - Same Direction,2008,Yes,No,Dark - Roadway Not Lighted,Straight - Level,State Secondary Route,Dry,"Two-Way, Not Divided",None,No Special Feature,Coarse Asphalt,2 lanes,"36.2540242627, -76.2716519102"
5949,Raleigh,Wake,Piedmont,Commercial,Urban (>70% Developed),NA,Urban,30 - 35  MPH,Stop Sign,Clear,No,49,40-49,No,NA,With Traffic,C: Possible Injury,Travel Lane,White,Male,66,60-69,No,NA,6-10 mph,O: No Injury,White,Male,Pickup,No,14JUL2008,Monday,Motorist Failed to Yield - Sign-Controlled Intersection,16,Intersection,July,C: Possible Injury,16:43:00,Motorist Drive Out - Sign-Controlled Intersection,2008,No,No,Daylight,Straight - Level,Local Street,Dry,"Two-Way, Not Divided",None,No Special Feature,Smooth Asphalt,2 lanes,"35.9447131179, -78.5448225895"
5959,Charlotte,Mecklenburg,Piedmont,Commercial,Urban (>70% Developed),NA,Urban,40 - 45  MPH,Missing,Clear,No,25,25-29,No,NA,Facing Traffic,B: Evident Injury,Sidewalk / Crosswalk / Driveway Crossing,Black,Male,23,20-24,No,NA,0-5 mph,O: No Injury,White,Male,Sport Utility,No,08AUG2008,Friday,Bicyclist Failed to Yield - Signalized Intersection,12,Intersection,August,B: Evident Injury,12:22:00,Bicyclist Ride Through - Signalized Intersection,2008,Yes,No,Daylight,Straight - Grade,Local Street,Dry,"Two-Way, Divided, Unprotected Median",None,No Special Feature,Smooth Asphalt,4 lanes,"35.1670828727, -80.7423892088"
5962,None - Rural Crash,Pender,Coastal,"Farms, Woods, Pastures",Rural (<30% Developed),NA,Rural,50 - 55  MPH,No Control Present,Clear,No,14,11-15,No,NA,With Traffic,A: Disabling Injury,Travel Lane,White,Female,24,20-24,No,NA,51-55 mph,O: No Injury,Black,Female,Passenger Car,No,10AUG2008,Sunday,Bicyclist Left Turn / Merge,0,Non-Intersection,August,A: Disabling Injury,00:25:00,Bicyclist Left Turn - Same Direction,2008,Yes,No,Dark - Roadway Not Lighted,Straight - Level,State Secondary Route,Dry,"Two-Way, Not Divided",None,No Special Feature,Coarse Asphalt,2 lanes,"34.3925968023, -77.9172763212"
5963,Charlotte,Mecklenburg,Piedmont,Commercial,Mixed (30% To 70% Developed),NA,Urban,40 - 45  MPH,Stop And Go Signal,Clear,No,20,20-24,No,NA,With Traffic,C: Possible Injury,Sidewalk / Crosswalk / Driveway Crossing,White,Male,20,20-24,No,NA,0-5 mph,O: No Injury,White,Male,Pickup,No,12AUG2008,Tuesday,Bicyclist Failed to Yield - Signalized Intersection,14,Intersection,August,C: Possible Injury,14:15:00,Bicyclist Failed to Clear - Trapped,2008,Yes,No,Daylight,Straight - Level,Local Street,Dry,"Two-Way, Divided, Unprotected Median",None,No Special Feature,Smooth Asphalt,3 lanes,"35.3025849025, -80.7291032116"
5973,Fayetteville,Cumberland,Coastal,Residential,Urban (>70% Developed),NA,Urban,20 - 25  MPH,No Control Present,Clear,No,12,11-15,No,NA,With Traffic,O: No Injury,Travel Lane,Black,Male,25,25-29,No,NA,21-25 mph,O: No Injury,Black,Female,Passenger Car,No,15AUG2008,Friday,Motorist Overtaking Bicyclist,16,Non-Intersection,August,O: No Injury,16:41:00,Motorist Overtaking - Bicyclist Swerved,2008,No,No,Daylight,Straight - Level,Local Street,Dry,"Two-Way, Not Divided",None,No Special Feature,Smooth Asphalt,2 lanes,"35.078562916, -78.9889476778"
5983,None - Rural Crash,Durham,Piedmont,Commercial,Rural (<30% Developed),NA,Rural,NA,Stop Sign,Cloudy,No,NA,NA,Missing,NA,With Traffic,Unknown Injury,Bike Lane / Paved Shoulder,Unknown/Missing,NA,43,40-49,No,NA,NA,Unknown Injury,Unknown/Missing,NA,Pedalcycle,No,18JUL2008,Friday,Motorist Failed to Yield - Sign-Controlled Intersection,15,Intersection,July,Unknown Injury,15:45:00,Motorist Drive Out - Sign-Controlled Intersection,2008,No,Yes,Daylight,Curve - Bottom,State Secondary Route,Dry,"Two-Way, Divided, Unprotected Median",None,T-Intersection,Smooth Asphalt,2 lanes,"35.905347099, -78.8606426825"
5989,Chapel Hill,Orange,Piedmont,Residential,Urban (>70% Developed),NA,Urban,30 - 35  MPH,Stop And Go Signal,Clear,No,63,60-69,No,NA,Facing Traffic,C: Possible Injury,Sidewalk / Crosswalk / Driveway Crossing,White,Male,62,60-69,No,NA,0-5 mph,O: No Injury,Black,Male,Passenger Car,No,21JUL2008,Monday,Motorist Failed to Yield - Signalized Intersection,13,Intersection,July,C: Possible Injury,13:56:00,Motorist Drive Out - Right Turn on Red,2008,Yes,No,Daylight,Straight - Level,Local Street,Dry,"Two-Way, Not Divided",None,Related To Intersection,Smooth Asphalt,2 lanes,"35.9352790982, -79.0560177439"
5991,Charlotte,Mecklenburg,Piedmont,Commercial,Urban (>70% Developed),NA,Urban,40 - 45  MPH,Stop And Go Signal,Clear,No,57,50-59,Yes,NA,Facing Traffic,B: Evident Injury,Sidewalk / Crosswalk / Driveway Crossing,White,Male,24,20-24,No,NA,0-5 mph,O: No Injury,White,Male,Passenger Car,Yes,18AUG2008,Monday,Crossing Paths - Other Circumstances,23,Intersection,August,B: Evident Injury,23:55:00,Signalized Intersection - Other / Unknown,2008,Yes,No,Dark - Lighted Roadway,Straight - Level,NC Route,Dry,"Two-Way, Divided, Unprotected Median",None,Four-Way Intersection,Smooth Asphalt,7 lanes,"35.1296768575, -80.9419732657"
5995,Lumberton,Robeson,Coastal,Commercial,Urban (>70% Developed),NA,Urban,40 - 45  MPH,Missing,Cloudy,No,27,25-29,No,NA,Facing Traffic,B: Evident Injury,Travel Lane,Black,Male,NA,NA,Missing,NA,16-20 mph,Unknown Injury,Unknown/Missing,NA,NA,No,26JUL2008,Saturday,Motorist Failed to Yield - Midblock,12,Non-Intersection,July,B: Evident Injury,12:50:00,Motorist Drive Out - Commercial Driveway / Alley,2008,Yes,Yes,Daylight,Straight - Level,NC Route,Wet,"Two-Way, Not Divided",None,No Special Feature,Smooth Asphalt,5 lanes,"34.6318668187, -78.9918326566"
5997,Asheville,Buncombe,Mountains,Commercial,Urban (>70% Developed),NA,Urban,40 - 45  MPH,Stop And Go Signal,Cloudy,No,19,16-19,No,NA,With Traffic,K: Killed,Travel Lane,White,Male,70+,70+,No,NA,41-45 mph,O: No Injury,White,Male,Sport Utility,No,23JUL2008,Wednesday,Crossing Paths - Other Circumstances,22,Intersection,July,K: Killed,22:40:00,Signalized Intersection - Other / Unknown,2008,Yes,No,Dark - Lighted Roadway,Straight - Level,US Route,Dry,"Two-Way, Not Divided",None,Four-Way Intersection,Coarse Asphalt,5 lanes,"35.5867608959, -82.5136987573"
6000,Fayetteville,Cumberland,Coastal,Commercial,Urban (>70% Developed),NA,Urban,40 - 45  MPH,Stop And Go Signal,Cloudy,No,NA,NA,No,NA,With Traffic,O: No Injury,Non-Roadway,Black,Male,19,0-19,No,NA,0-5 mph,O: No Injury,White,Male,Passenger Car,No,22JUL2008,Tuesday,Motorist Left Turn / Merge,17,Intersection,July,O: No Injury,17:57:00,Motorist Left Turn - Opposite Direction,2008,No,No,Daylight,Straight - Level,Local Street,Dry,"Two-Way, Not Divided",None,T-Intersection,Smooth Asphalt,5 lanes,"35.1056269215, -78.9951526816"
3534,Winston-Salem,Forsyth,Piedmont,Commercial,Urban (>70% Developed),NA,Urban,30 - 35  MPH,Stop Sign,Clear,No,64,60-69,No,NA,With Traffic,B: Evident Injury,Travel Lane,Black,Male,52,50-59,No,NA,6-10 mph,O: No Injury,White,Female,Passenger Car,No,17OCT2011,Monday,Motorist Failed to Yield - Sign-Controlled Intersection,7,Intersection,October,B: Evident Injury,07:07:00,Motorist Drive Out - Sign-Controlled Intersection,2011,Yes,No,Dark - Roadway Not Lighted,Straight - Grade,Local Street,Dry,"Two-Way, Divided, Unprotected Median",None,Related To Intersection,Coarse Asphalt,4 lanes,"36.1052370906, -80.235003109"
3535,None - Rural Crash,Forsyth,Piedmont,Residential,Mixed (30% To 70% Developed),NA,Rural,50 - 55  MPH,No Control Present,Clear,No,48,40-49,No,NA,With Traffic,A: Disabling Injury,Travel Lane,White,Female,67,60-69,No,NA,41-45 mph,O: No Injury,White,Male,Sport Utility,No,03NOV2011,Thursday,Bicyclist Left Turn / Merge,13,Non-Intersection,November,A: Disabling Injury,13:40:00,Bicyclist Left Turn - Same Direction,2011,Yes,No,Daylight,Straight - Level,State Secondary Route,Dry,"Two-Way, Not Divided",None,No Special Feature,Smooth Asphalt,2 lanes,"36.2116471117, -80.2832031285"
3557,High Point,Guilford,Piedmont,Institutional,Urban (>70% Developed),NA,Urban,30 - 35  MPH,Stop And Go Signal,Clear,No,18,16-19,No,NA,With Traffic,B: Evident Injury,Sidewalk / Crosswalk / Driveway Crossing,White,Female,26,25-29,No,NA,26-30 mph,O: No Injury,Black,Male,Sport Utility,No,27OCT2011,Thursday,Bicyclist Failed to Yield - Signalized Intersection,16,Intersection,October,B: Evident Injury,16:48:00,Bicyclist Ride Out - Signalized  Intersection,2011,No,No,Daylight,Straight - Level,Local Street,Dry,"Two-Way, Not Divided",None,Four-Way Intersection,Smooth Asphalt,5 lanes,"35.9790770733, -79.9963030302"
3563,Burgaw,Pender,Coastal,Residential,Mixed (30% To 70% Developed),NA,Rural,30 - 35  MPH,No Control Present,Clear,No,53,50-59,No,NA,With Traffic,B: Evident Injury,Bike Lane / Paved Shoulder,Black,Male,31,30-39,No,NA,31-35 mph,O: No Injury,White,Male,Pickup,No,21OCT2011,Friday,Motorist Overtaking Bicyclist,22,Non-Intersection,October,B: Evident Injury,22:03:00,Motorist Overtaking - Misjudged Space,2011,Yes,No,Dark - Roadway Not Lighted,Straight - Level,NC Route,Dry,"Two-Way, Not Divided",None,No Special Feature,Coarse Asphalt,2 lanes,"34.5648568405, -77.9146023286"
3564,Red Springs,Robeson,Coastal,Residential,Urban (>70% Developed),NA,Rural,30 - 35  MPH,Stop Sign,Rain,No,8,6-10,No,NA,Not Applicable,C: Possible Injury,Travel Lane,Native American,Male,18,0-19,No,NA,16-20 mph,O: No Injury,Other,Male,Passenger Car,No,19OCT2011,Wednesday,Crossing Paths - Other Circumstances,17,Intersection-Related,October,C: Possible Injury,17:45:00,Crossing Paths - Intersection - Other / Unknown,2011,Yes,No,Daylight,Straight - Level,Local Street,Wet,"Two-Way, Not Divided",None,No Special Feature,Coarse Asphalt,2 lanes,"34.8275968557, -79.1740027213"
3566,None - Rural Crash,Brunswick,Coastal,"Farms, Woods, Pastures",Rural (<30% Developed),NA,Rural,50 - 55  MPH,No Control Present,Clear,No,21,20-24,No,NA,Facing Traffic,B: Evident Injury,Bike Lane / Paved Shoulder,Black,Male,NA,NA,Missing,NA,NA,Unknown Injury,Unknown/Missing,NA,NA,No,30OCT2011,Sunday,Loss of Control / Turning Error,20,Non-Intersection,October,B: Evident Injury,20:42:00,Motorist Lost Control - Other / Unknown,2011,Yes,Yes,Dark - Roadway Not Lighted,Straight - Level,NC Route,Dry,"Two-Way, Not Divided",None,No Special Feature,Coarse Asphalt,2 lanes,"33.899736672, -78.5509024882"
3573,Boone,Watauga,Mountains,Commercial,Urban (>70% Developed),NA,Urban,20 - 25  MPH,"Double Yellow Line, No Passing Zone",Clear,No,20,20-24,No,NA,Not Applicable,B: Evident Injury,Non-Roadway,White,Male,36,30-39,No,NA,16-20 mph,O: No Injury,White,Female,Passenger Car,No,01NOV2011,Tuesday,Crossing Paths - Other Circumstances,11,Intersection-Related,November,B: Evident Injury,11:27:00,Crossing Paths - Uncontrolled Intersection,2011,No,No,Daylight,Straight - Level,Local Street,Dry,"Two-Way, Not Divided",None,No Special Feature,Smooth Asphalt,2 lanes,"36.2025970575, -81.6537035383"
3574,Raleigh,Wake,Piedmont,Residential,Urban (>70% Developed),NA,Urban,20 - 25  MPH,Stop Sign,Clear,No,46,40-49,No,NA,With Traffic,C: Possible Injury,Travel Lane,Black,Male,23,20-24,No,NA,6-10 mph,O: No Injury,White,Male,Passenger Car,No,11NOV2011,Friday,Motorist Failed to Yield - Sign-Controlled Intersection,18,Intersection,November,C: Possible Injury,18:13:00,Motorist Drive Out - Sign-Controlled Intersection,2011,Yes,No,Dark - Lighted Roadway,Straight - Level,Local Street,Dry,"Two-Way, Divided, Unprotected Median",None,No Special Feature,Smooth Asphalt,2 lanes,"35.9089871085, -78.5926026016"
3584,None - Rural Crash,Yancey,Mountains,"Farms, Woods, Pastures",Rural (<30% Developed),NA,Rural,50 - 55  MPH,"Double Yellow Line, No Passing Zone",Clear,Yes,47,40-49,No,NA,With Traffic,C: Possible Injury,Travel Lane,White,Male,25,25-29,No,NA,51-55 mph,O: No Injury,White,Male,Passenger Car,No,26NOV2011,Saturday,Motorist Overtaking Bicyclist,14,Non-Intersection,November,C: Possible Injury,14:40:00,Motorist Overtaking - Misjudged Space,2011,No,No,Daylight,Straight - Level,US Route,Dry,"Two-Way, Not Divided",None,No Special Feature,Smooth Asphalt,2 lanes,"35.9131669664, -82.4356037534"
3602,Wilmington,New Hanover,Coastal,Commercial,Urban (>70% Developed),NA,Urban,20 - 25  MPH,No Control Present,Clear,No,19,16-19,No,NA,Facing Traffic,B: Evident Injury,Sidewalk / Crosswalk / Driveway Crossing,White,Female,23,20-24,No,NA,0-5 mph,O: No Injury,White,Male,Sport Utility,No,12NOV2011,Saturday,Motorist Failed to Yield - Midblock,13,Non-Intersection,November,B: Evident Injury,13:19:00,Motorist Drive Out - Commercial Driveway / Alley,2011,Yes,No,Daylight,Straight - Level,Local Street,Dry,"Two-Way, Not Divided",None,No Special Feature,Smooth Asphalt,2 lanes,"34.2321067682, -77.8711022994"
3610,Charlotte,Mecklenburg,Piedmont,Residential,Urban (>70% Developed),NA,Urban,30 - 35  MPH,Stop And Go Signal,Clear,No,42,40-49,No,NA,With Traffic,B: Evident Injury,Sidewalk / Crosswalk / Driveway Crossing,Black,Male,26,25-29,No,NA,6-10 mph,O: No Injury,Black,Female,Passenger Car,No,09DEC2011,Friday,Motorist Right Turn / Merge,23,Intersection,December,B: Evident Injury,23:22:00,Motorist Right Turn on Red - Same Direction,2011,Yes,No,Dark - Lighted Roadway,Straight - Level,Local Street,Dry,"Two-Way, Not Divided",None,No Special Feature,Concrete,4 lanes,"35.2629968891, -80.8547032469"
3619,None - Rural Crash,Guilford,Piedmont,Residential,Mixed (30% To 70% Developed),NA,Rural,50 - 55  MPH,No Control Present,Clear,No,39,30-39,No,NA,With Traffic,A: Disabling Injury,Travel Lane,White,Male,38,30-39,No,NA,46-50 mph,O: No Injury,White,Female,Sport Utility,No,10DEC2011,Saturday,Motorist Overtaking Bicyclist,10,Non-Intersection,December,A: Disabling Injury,10:58:00,Motorist Overtaking - Other / Unknown,2011,Yes,No,Daylight,Straight - Hillcrest,State Secondary Route,Dry,"Two-Way, Not Divided",None,No Special Feature,Smooth Asphalt,2 lanes,"36.2084271272, -79.8437029968"
3622,None - Rural Crash,Avery,Mountains,"Farms, Woods, Pastures",Mixed (30% To 70% Developed),NA,Rural,40 - 45  MPH,"Double Yellow Line, No Passing Zone",Cloudy,No,19,16-19,No,NA,With Traffic,K: Killed,Travel Lane,White,Female,19,0-19,No,NA,41-45 mph,O: No Injury,White,Male,Pickup,No,15DEC2011,Thursday,Head-On,14,Non-Intersection,December,K: Killed,14:26:00,Head-On - Motorist,2011,Yes,No,Daylight,Straight - Grade,US Route,Dry,"Two-Way, Not Divided",None,No Special Feature,Smooth Asphalt,2 lanes,"35.9876570011, -81.9480036133"
3628,None - Rural Crash,Pender,Coastal,Residential,Mixed (30% To 70% Developed),NA,Rural,20 - 25  MPH,No Control Present,Clear,No,70+,70+,No,NA,With Traffic,B: Evident Injury,Travel Lane,White,Male,70+,70+,No,NA,21-25 mph,O: No Injury,White,Male,Passenger Car,No,16NOV2011,Wednesday,Bicyclist Left Turn / Merge,9,Intersection,November,B: Evident Injury,09:56:00,Bicyclist Left Turn - Same Direction,2011,Yes,No,Daylight,Straight - Level,State Secondary Route,Dry,"Two-Way, Not Divided",None,T-Intersection,Smooth Asphalt,2 lanes,"34.3973668117, -77.6493022395"
3629,Fayetteville,Cumberland,Coastal,Commercial,Urban (>70% Developed),NA,Urban,30 - 35  MPH,Stop And Go Signal,Clear,No,51,50-59,No,NA,With Traffic,B: Evident Injury,Travel Lane,White,Male,42,40-49,No,NA,6-10 mph,O: No Injury,White,Male,Passenger Car,No,01DEC2011,Thursday,Motorist Left Turn / Merge,21,Intersection,December,B: Evident Injury,21:12:00,Motorist Left Turn - Opposite Direction,2011,Yes,No,Dark - Lighted Roadway,Straight - Level,Local Street,Dry,"Two-Way, Not Divided",None,No Special Feature,Coarse Asphalt,6 lanes,"35.055466915, -78.8869026457"