object_id,city,county,region,development,locality,on_road,rural_urban,speed_limit,traffic_control,weather,workzone,bike_age,bike_age_group,bike_alcohol,bike_alcohol_drugs,bike_direction,bike_injury,bike_position,bike_race,bike_sex,driver_age,driver_age_group,driver_alcohol,driver_alcohol_drugs,driver_est_speed,driver_injury,driver_race,driver_sex,driver_vehicle_type,crash_alcohol,crash_date,crash_day,crash_group,crash_hour,crash_location,crash_month,crash_severity,crash_time,crash_type,crash_year,ambulance_req,hit_run,light_condition,road_character,road_class,road_condition,road_configuration,road_defects,road_feature,road_surface,num_lanes,geo_point
3634,None - Rural Crash,Onslow,Coastal,"Farms, Woods, Pastures",Rural (<30% Developed),NA,Rural,50 - 55  MPH,"Double Yellow Line, No Passing Zone",Clear,No,15,11-15,No,NA,With Traffic,O: No Injury,Travel Lane,White,Male,70+,70+,No,NA,31-35 mph,O: No Injury,White,Female,Passenger Car,No,23DEC2011,Friday,Bicyclist Right Turn / Merge,11,Non-Intersection,December,O: No Injury,11:55:00,Bicyclist Right Turn - Same Direction,2011,No,No,Daylight,Curve - Level,State Secondary Route,Dry,"Two-Way, Not Divided",None,No Special Feature,Coarse Asphalt,2 lanes,"34.9030869254, -77.5832022445"
3637,Jacksonville,Onslow,Coastal,Commercial,Urban (>70% Developed),NA,Urban,40 - 45  MPH,No Control Present,Clear,No,17,16-19,No,NA,Not Applicable,B: Evident Injury,Travel Lane,White,Male,50,50-59,No,NA,26-30 mph,O: No Injury,White,Male,Passenger Car,No,06DEC2011,Tuesday,Bicyclist Failed to Yield - Midblock,13,Non-Intersection,December,B: Evident Injury,13:34:00,Bicyclist Ride Out - Other Midblock,2011,Yes,No,Daylight,Straight - Level,NC Route,Dry,"Two-Way, Divided, Unprotected Median",None,No Special Feature,Grooved Concrete,7 lanes,"34.7684369028, -77.3852021777"
3641,Wilson,Wilson,Coastal,Commercial,Urban (>70% Developed),NA,Urban,40 - 45  MPH,No Control Present,Cloudy,No,50,50-59,No,NA,With Traffic,B: Evident Injury,Travel Lane,Black,Male,69,60-69,No,NA,41-45 mph,O: No Injury,White,Male,"Light Truck (Mini-Van, Panel)",No,22NOV2011,Tuesday,Motorist Overtaking Bicyclist,19,Non-Intersection,November,B: Evident Injury,19:48:00,Motorist Overtaking - Undetected Bicyclist,2011,Yes,No,Dark - Lighted Roadway,Straight - Bottom,Local Street,Dry,"Two-Way, Not Divided",None,No Special Feature,Smooth Asphalt,5 lanes,"35.7523970974, -77.9602024015"
3642,Holly Springs,Wake,Piedmont,Residential,Urban (>70% Developed),NA,Urban,30 - 35  MPH,No Control Present,Clear,No,23,20-24,No,NA,With Traffic,C: Possible Injury,Travel Lane,White,Male,65,60-69,No,NA,0-5 mph,O: No Injury,White,Male,Passenger Car,No,14DEC2011,Wednesday,Motorist Left Turn / Merge,14,Intersection,December,C: Possible Injury,14:41:00,Motorist Left Turn - Opposite Direction,2011,No,No,Daylight,Straight - Level,Local Street,Dry,"Two-Way, Not Divided",None,"Driveway, Private",Coarse Asphalt,2 lanes,"35.664657049, -78.8006026515"
3648,Wilmington,New Hanover,Coastal,Commercial,Urban (>70% Developed),NA,Urban,30 - 35  MPH,Stop Sign,Clear,No,55,50-59,No,NA,With Traffic,B: Evident Injury,Travel Lane,Black,Male,22,20-24,No,NA,6-10 mph,O: No Injury,White,Female,Passenger Car,No,02DEC2011,Friday,Motorist Left Turn / Merge,11,Intersection,December,B: Evident Injury,11:31:00,Motorist Left Turn - Opposite Direction,2011,Yes,No,Daylight,Straight - Level,Local Street,Dry,"Two-Way, Not Divided",None,Four-Way Intersection,Grooved Concrete,5 lanes,"34.215336764, -77.887202303"
3660,Greensboro,Guilford,Piedmont,Residential,Urban (>70% Developed),NA,Urban,30 - 35  MPH,Stop Sign,Clear,No,45,40-49,No,NA,With Traffic,A: Disabling Injury,Travel Lane,Black,Male,48,40-49,No,NA,31-35 mph,O: No Injury,Black,Male,Pickup,No,31DEC2011,Saturday,Bicyclist Failed to Yield - Sign-Controlled Intersection,17,Intersection,December,A: Disabling Injury,17:59:00,Bicyclist Ride Through - Sign-Controlled Intersection,2011,Yes,No,Dark - Lighted Roadway,Straight - Grade,Local Street,Dry,"Two-Way, Divided, Unprotected Median",None,Four-Way Intersection,Smooth Asphalt,4 lanes,"36.0677971008, -79.7572029625"
3673,None - Rural Crash,Mcdowell,Mountains,Residential,Mixed (30% To 70% Developed),NA,Rural,50 - 55  MPH,No Control Present,Clear,No,12,11-15,No,NA,With Traffic,B: Evident Injury,Travel Lane,Asian,Male,45,40-49,No,NA,36-40 mph,O: No Injury,White,Male,Pickup,No,15JAN2010,Friday,Crossing Paths - Other Circumstances,16,Non-Intersection,January,B: Evident Injury,16:50:00,Crossing Paths - Midblock - Other / Unknown,2010,Yes,No,Daylight,Straight - Grade,State Secondary Route,Dry,"Two-Way, Not Divided",None,No Special Feature,Smooth Asphalt,2 lanes,"35.6552539346, -81.8670635698"
3678,Durham,Durham,Piedmont,Commercial,Urban (>70% Developed),NA,Urban,30 - 35  MPH,Stop Sign,Clear,No,63,60-69,No,NA,With Traffic,C: Possible Injury,Travel Lane,White,Female,64,60-69,No,NA,11-15 mph,O: No Injury,Black,Male,Sport Utility,No,18JAN2010,Monday,Bicyclist Left Turn / Merge,13,Intersection-Related,January,C: Possible Injury,13:38:00,Bicyclist Left Turn - Same Direction,2010,No,No,Daylight,Straight - Level,Local Street,Dry,"Two-Way, Not Divided",None,No Special Feature,Smooth Asphalt,2 lanes,"35.957557109, -78.8787126908"
3692,Raleigh,Wake,Piedmont,Commercial,Mixed (30% To 70% Developed),NA,Urban,30 - 35  MPH,Stop And Go Signal,Clear,No,18,16-19,No,NA,With Traffic,O: No Injury,Travel Lane,Black,Male,NA,NA,Missing,NA,16-20 mph,Unknown Injury,Unknown/Missing,NA,NA,No,13JAN2010,Wednesday,Crossing Paths - Other Circumstances,16,Intersection,January,O: No Injury,16:58:00,Signalized Intersection - Other / Unknown,2010,No,Yes,Dusk,Straight - Grade,Local Street,Dry,"Two-Way, Not Divided",None,No Special Feature,Smooth Asphalt,4 lanes,"35.7610510766, -78.6138866001"
3695,Charlotte,Mecklenburg,Piedmont,Commercial,Urban (>70% Developed),NA,Urban,NA,Stop Sign,Cloudy,No,6,6-10,No,NA,With Traffic,B: Evident Injury,Travel Lane,Black,Male,23,20-24,No,NA,6-10 mph,O: No Injury,Black,Female,Passenger Car,No,19JAN2010,Tuesday,Bicyclist Failed to Yield - Sign-Controlled Intersection,17,Intersection,January,B: Evident Injury,17:24:00,Bicyclist Ride Through - Sign-Controlled Intersection,2010,No,No,Dusk,Straight - Grade,Public Vehicular Area,Dry,"Two-Way, Not Divided",None,Four-Way Intersection,Smooth Asphalt,NA,"35.2158348839, -80.7218582054"
3712,Charlotte,Mecklenburg,Piedmont,Commercial,Urban (>70% Developed),NA,Urban,40 - 45  MPH,No Control Present,Clear,No,42,40-49,No,NA,With Traffic,C: Possible Injury,Travel Lane,Black,Male,34,30-39,No,NA,16-20 mph,O: No Injury,Black,Female,Passenger Car,No,31JAN2010,Sunday,Loss of Control / Turning Error,21,Non-Intersection,January,C: Possible Injury,21:20:00,Motorist Lost Control - Surface Conditions,2010,Yes,No,Dark - Roadway Not Lighted,Straight - Level,Local Street,Ice,"Two-Way, Not Divided",Road Surface Condition,No Special Feature,Smooth Asphalt,2 lanes,"35.3134609031, -80.7861732293"
3717,Durham,Durham,Piedmont,Residential,Urban (>70% Developed),NA,Urban,20 - 25  MPH,No Control Present,Clear,No,9,6-10,No,NA,Not Applicable,O: No Injury,Non-Roadway,Black,Male,25,25-29,No,NA,11-15 mph,O: No Injury,Hispanic,Male,Sport Utility,No,28FEB2010,Sunday,Non-Roadway,8,Non-Roadway,February,O: No Injury,08:49:00,Non-Roadway,2010,No,No,Daylight,Straight - Level,"Private Road, Driveway",Dry,"Two-Way, Not Divided",None,No Special Feature,Smooth Asphalt,1 lane,"35.9988551187, -78.8643626886"
3725,Boone,Watauga,Mountains,Commercial,Urban (>70% Developed),NA,Urban,20 - 25  MPH,No Control Present,Clear,No,63,60-69,No,NA,With Traffic,O: No Injury,Travel Lane,White,Male,NA,NA,Missing,NA,NA,Unknown Injury,Unknown/Missing,NA,NA,No,21FEB2010,Sunday,Bicyclist Left Turn / Merge,12,Non-Intersection,February,O: No Injury,12:06:00,Bicyclist Left Turn - Same Direction,2010,No,Yes,Dark - Roadway Not Lighted,Straight - Level,Local Street,Wet,"Two-Way, Not Divided",NA,No Special Feature,Smooth Asphalt,2 lanes,"36.1991720562, -81.6703035436"
3731,High Point,Guilford,Piedmont,Commercial,Urban (>70% Developed),NA,Urban,NA,Stop And Go Signal,Clear,No,11,11-15,No,NA,With Traffic,B: Evident Injury,Sidewalk / Crosswalk / Driveway Crossing,Black,Male,NA,NA,Missing,NA,NA,Unknown Injury,Unknown/Missing,NA,NA,No,23FEB2010,Tuesday,Motorist Right Turn / Merge,19,Intersection,February,B: Evident Injury,19:12:00,Motorist Right Turn - Same Direction,2010,Yes,Yes,Dark - Lighted Roadway,Straight - Level,Local Street,Wet,"Two-Way, Not Divided",None,Four-Way Intersection,Smooth Asphalt,2 lanes,"35.9561370684, -80.0001830299"
3736,Cary,Wake,Piedmont,Residential,Urban (>70% Developed),NA,Urban,20 - 25  MPH,No Control Present,Cloudy,No,11,11-15,No,NA,With Traffic,B: Evident Injury,Bike Lane / Paved Shoulder,White,Male,36,30-39,No,NA,6-10 mph,O: No Injury,Asian,Male,Sport Utility,No,17MAR2010,Wednesday,Motorist Overtaking Bicyclist,17,Non-Intersection,March,B: Evident Injury,17:10:00,Motorist Overtaking - Bicyclist Swerved,2010,Yes,No,Daylight,Straight - Level,Local Street,Dry,"Two-Way, Not Divided",None,No Special Feature,Smooth Asphalt,2 lanes,"35.8075330779, -78.8605626778"
3744,None - Rural Crash,Camden,Coastal,"Farms, Woods, Pastures",Rural (<30% Developed),NA,Rural,50 - 55  MPH,No Control Present,Clear,No,6,6-10,No,NA,NA,B: Evident Injury,NA,Black,Male,63,60-69,No,NA,6-10 mph,O: No Injury,White,Male,Passenger Car,No,09MAR2010,Tuesday,NA,18,NA,March,B: Evident Injury,18:24:00,NA,2010,Yes,No,Dark - Roadway Not Lighted,Straight - Level,State Secondary Route,Dry,"Two-Way, Not Divided",None,No Special Feature,Smooth Asphalt,2 lanes,"36.3024902795, -76.0717318518"
3748,Durham,Durham,Piedmont,Residential,Urban (>70% Developed),NA,Urban,5 - 15 MPH,Stop Sign,Cloudy,No,7,6-10,No,NA,With Traffic,C: Possible Injury,Travel Lane,Black,Male,27,25-29,No,NA,11-15 mph,O: No Injury,White,Male,Passenger Car,No,21MAR2010,Sunday,Loss of Control / Turning Error,18,Intersection,March,C: Possible Injury,18:41:00,Bicyclist Turning Error - Right Turn,2010,Yes,No,Daylight,Straight - Level,Local Street,Dry,"Two-Way, Not Divided",None,No Special Feature,Smooth Asphalt,2 lanes,"35.9185021029, -78.8094426675"
3749,Fayetteville,Cumberland,Coastal,Commercial,Mixed (30% To 70% Developed),NA,Urban,30 - 35  MPH,No Control Present,Clear,No,57,50-59,No,NA,Not Applicable,C: Possible Injury,NA,Black,Male,62,60-69,No,NA,21-25 mph,O: No Injury,Black,Female,Van,No,05MAR2010,Friday,Bicyclist Failed to Yield - Midblock,13,Non-Intersection,March,C: Possible Injury,13:06:00,Bicyclist Ride Out - Other Midblock,2010,Yes,No,Daylight,Straight - Level,Local Street,Dry,"Two-Way, Divided, Unprotected Median",None,No Special Feature,Smooth Asphalt,5 lanes,"35.0487019137, -78.8671326397"
3758,None - Rural Crash,Onslow,Coastal,"Farms, Woods, Pastures",Rural (<30% Developed),NA,Rural,50 - 55  MPH,"Double Yellow Line, No Passing Zone",Clear,No,13,11-15,No,NA,With Traffic,B: Evident Injury,Travel Lane,White,Male,25,25-29,No,NA,51-55 mph,O: No Injury,White,Male,Pickup,No,05MAR2010,Friday,Bicyclist Left Turn / Merge,19,Non-Intersection,March,B: Evident Injury,19:14:00,Bicyclist Left Turn - Same Direction,2010,Yes,No,Dark - Roadway Not Lighted,Straight - Level,State Secondary Route,Dry,"Two-Way, Not Divided",None,No Special Feature,Coarse Asphalt,2 lanes,"34.6571838836, -77.2012221162"
3767,None - Rural Crash,Rowan,Piedmont,"Farms, Woods, Pastures",Rural (<30% Developed),NA,Rural,50 - 55  MPH,"Double Yellow Line, No Passing Zone",Clear,No,16,16-19,No,NA,With Traffic,B: Evident Injury,Travel Lane,White,Male,24,20-24,No,NA,46-50 mph,O: No Injury,Black,Male,Passenger Car,No,31MAR2010,Wednesday,Bicyclist Left Turn / Merge,15,Non-Intersection,March,B: Evident Injury,15:55:00,Bicyclist Left Turn - Same Direction,2010,Yes,No,Daylight,Straight - Grade,State Secondary Route,Dry,"Two-Way, Not Divided",None,No Special Feature,Coarse Asphalt,2 lanes,"35.7151750009, -80.4354231472"
3768,Hickory,Catawba,Piedmont,Residential,Urban (>70% Developed),NA,Urban,20 - 25  MPH,No Control Present,Clear,No,12,11-15,No,NA,Not Applicable,C: Possible Injury,Non-Roadway,Black,Male,46,40-49,No,NA,21-25 mph,O: No Injury,White,Female,Passenger Car,No,19MAR2010,Friday,Loss of Control / Turning Error,19,Intersection,March,C: Possible Injury,19:24:00,Bicyclist Lost Control - Mechanical Problems,2010,Yes,No,Dusk,Straight - Hillcrest,Local Street,Dry,"Two-Way, Not Divided",None,No Special Feature,Coarse Asphalt,2 lanes,"35.7545999757, -81.3291434163"
3770,Greensboro,Guilford,Piedmont,Residential,Urban (>70% Developed),NA,Urban,30 - 35  MPH,No Control Present,Clear,No,30,30-39,No,NA,With Traffic,C: Possible Injury,Travel Lane,Black,Male,18,0-19,No,NA,11-15 mph,O: No Injury,White,Female,Passenger Car,No,04MAR2010,Thursday,Motorist Right Turn / Merge,17,Intersection,March,C: Possible Injury,17:08:00,Motorist Right Turn - Same Direction,2010,Yes,No,Daylight,Straight - Level,Local Street,Dry,"Two-Way, Not Divided",None,Four-Way Intersection,Coarse Asphalt,2 lanes,"36.068763098, -79.8318429855"
3784,Boone,Watauga,Mountains,Institutional,Urban (>70% Developed),NA,Urban,20 - 25  MPH,Stop And Go Signal,Cloudy,No,20,20-24,No,NA,With Traffic,C: Possible Injury,Travel Lane,White,Female,NA,NA,Missing,NA,0-5 mph,Unknown Injury,Unknown/Missing,NA,NA,No,08APR2010,Thursday,Motorist Right Turn / Merge,16,Intersection,April,C: Possible Injury,16:17:00,Motorist Right Turn - Same Direction,2010,No,Yes,Daylight,Straight - Level,Local Street,Dry,"Two-Way, Not Divided",None,No Special Feature,Coarse Asphalt,4 lanes,"36.211723058, -81.6784035461"
3789,None - Rural Crash,Wake,Piedmont,"Farms, Woods, Pastures",Rural (<30% Developed),NA,Rural,50 - 55  MPH,"Double Yellow Line, No Passing Zone",Clear,No,29,25-29,No,NA,With Traffic,B: Evident Injury,Travel Lane,Hispanic,Male,29,25-29,No,NA,46-50 mph,O: No Injury,Hispanic,Male,Pickup,No,11APR2010,Sunday,Motorist Overtaking Bicyclist,20,Non-Intersection,April,B: Evident Injury,20:38:00,Motorist Overtaking - Misjudged Space,2010,Yes,No,Dark - Roadway Not Lighted,Straight - Level,State Secondary Route,Dry,"Two-Way, Not Divided",None,No Special Feature,Smooth Asphalt,2 lanes,"35.7183410721, -78.4676325538"
3793,Asheville,Buncombe,Mountains,Commercial,Urban (>70% Developed),NA,Urban,20 - 25  MPH,Stop And Go Signal,Clear,No,26,25-29,No,NA,With Traffic,C: Possible Injury,Travel Lane,White,Male,45,40-49,No,NA,6-10 mph,O: No Injury,White,Female,Passenger Car,No,02APR2010,Friday,Crossing Paths - Other Circumstances,8,Intersection-Related,April,C: Possible Injury,08:16:00,Crossing Paths - Uncontrolled Intersection,2010,No,No,Daylight,Straight - Level,US Route,Dry,"Two-Way, Divided, Unprotected Median",None,Related To Intersection,Smooth Asphalt,5 lanes,"35.5671368905, -82.5442537656"
3797,Wilmington,New Hanover,Coastal,Commercial,Urban (>70% Developed),NA,Urban,30 - 35  MPH,No Control Present,Clear,No,19,16-19,No,NA,Not Applicable,C: Possible Injury,Travel Lane,Black,Male,NA,NA,Missing,NA,NA,Unknown Injury,Unknown/Missing,NA,NA,No,30MAR2010,Tuesday,Crossing Paths - Other Circumstances,11,Non-Intersection,March,C: Possible Injury,11:04:00,Crossing Paths - Midblock - Other / Unknown,2010,Yes,Yes,Daylight,Straight - Grade,Local Street,Dry,"One-Way, Not Divided",None,No Special Feature,Smooth Asphalt,5 lanes,"34.2243717635, -77.9432123211"
3800,Wilson,Wilson,Coastal,Residential,Urban (>70% Developed),NA,Urban,30 - 35  MPH,No Control Present,Clear,No,37,30-39,No,NA,With Traffic,B: Evident Injury,Travel Lane,Black,Male,48,40-49,No,NA,16-20 mph,O: No Injury,Black,Female,Passenger Car,No,21FEB2010,Sunday,Motorist Overtaking Bicyclist,18,Non-Intersection,February,B: Evident Injury,18:54:00,Motorist Overtaking - Other / Unknown,2010,Yes,No,Dark - Lighted Roadway,Straight - Level,Local Street,Dry,"Two-Way, Not Divided",None,No Special Feature,Coarse Asphalt,2 lanes,"35.7121190906, -77.9025723814"
3803,Jacksonville,Onslow,Coastal,Commercial,Urban (>70% Developed),NA,Urban,40 - 45  MPH,Stop And Go Signal,Clear,No,13,11-15,No,NA,Not Applicable,B: Evident Injury,Travel Lane,Black,Male,22,20-24,No,NA,26-30 mph,O: No Injury,Black,Female,Sport Utility,No,02APR2010,Friday,Bicyclist Failed to Yield - Midblock,12,Non-Intersection,April,B: Evident Injury,12:34:00,Multiple Threat - Midblock,2010,Yes,No,Daylight,Straight - Level,US Route,Dry,"Two-Way, Divided, Unprotected Median",None,No Special Feature,Smooth Asphalt,6 lanes,"34.7679089018, -77.4056571841"
3807,Greensboro,Guilford,Piedmont,Commercial,Urban (>70% Developed),NA,Urban,30 - 35  MPH,Stop And Go Signal,Clear,No,14,11-15,No,NA,Facing Traffic,B: Evident Injury,Sidewalk / Crosswalk / Driveway Crossing,White,Female,20,20-24,No,NA,26-30 mph,O: No Injury,White,Male,Passenger Car,No,30MAR2010,Tuesday,Bicyclist Failed to Yield - Sign-Controlled Intersection,18,Intersection,March,B: Evident Injury,18:38:00,Bicyclist Ride Out - Sign-Controlled Intersection,2010,Yes,No,Daylight,Straight - Level,Local Street,Dry,"Two-Way, Not Divided",None,Four-Way Intersection,Coarse Asphalt,2 lanes,"36.0523070945, -79.8226729809"
3809,Greensboro,Guilford,Piedmont,Institutional,Urban (>70% Developed),NA,Urban,20 - 25  MPH,Stop And Go Signal,Clear,No,65,60-69,No,NA,With Traffic,C: Possible Injury,Sidewalk / Crosswalk / Driveway Crossing,White,Male,21,20-24,No,NA,11-15 mph,O: No Injury,Asian,Female,Passenger Car,No,16APR2010,Friday,Motorist Right Turn / Merge,12,Intersection,April,C: Possible Injury,12:50:00,Motorist Right Turn - Same Direction,2010,Yes,No,Daylight,Straight - Level,Local Street,Dry,"Two-Way, Divided, Unprotected Median",None,Four-Way Intersection,Smooth Asphalt,2 lanes,"36.0652990981, -79.8128029788"
3820,Rocky Mount,Nash,Coastal,Residential,Urban (>70% Developed),NA,Urban,30 - 35  MPH,No Control Present,Clear,No,14,11-15,No,NA,Not Applicable,C: Possible Injury,Travel Lane,Black,Male,66,60-69,No,NA,26-30 mph,O: No Injury,Black,Male,Passenger Car,No,31MAR2010,Wednesday,Bicyclist Failed to Yield - Midblock,18,Non-Intersection,March,C: Possible Injury,18:25:00,Bicyclist Ride Out - Midblock - Unknown,2010,Yes,No,Daylight,Straight - Level,Local Street,Dry,"Two-Way, Not Divided",None,No Special Feature,Smooth Asphalt,2 lanes,"35.9303621404, -77.8133223657"
3821,Fayetteville,Cumberland,Coastal,Residential,Urban (>70% Developed),NA,Urban,20 - 25  MPH,Stop And Go Signal,Clear,No,16,16-19,No,NA,With Traffic,C: Possible Injury,Bike Lane / Paved Shoulder,White,Male,51,50-59,No,NA,16-20 mph,O: No Injury,White,Female,School Bus,No,20APR2010,Tuesday,Bicyclist Left Turn / Merge,15,Non-Intersection,April,C: Possible Injury,15:42:00,Bicyclist Left Turn - Same Direction,2010,Yes,No,Daylight,Straight - Level,Local Street,Dry,"Two-Way, Not Divided",None,No Special Feature,Coarse Asphalt,2 lanes,"35.0258129063, -78.942572662"
3837,Conover,Catawba,Piedmont,Residential,Urban (>70% Developed),NA,Urban,30 - 35  MPH,No Control Present,Rain,No,35,30-39,Yes,NA,With Traffic,B: Evident Injury,Travel Lane,Hispanic,Male,NA,NA,Missing,NA,0-5 mph,Unknown Injury,Unknown/Missing,NA,Sport Utility,Yes,24APR2010,Saturday,Bicyclist Overtaking Motorist,20,Non-Intersection,April,B: Evident Injury,20:09:00,Bicyclist Overtaking - Parked Vehicle,2010,Yes,No,Dark - Roadway Not Lighted,Straight - Level,Local Street,Wet,"Two-Way, Not Divided",None,No Special Feature,Smooth Asphalt,2 lanes,"35.70791697, -81.2263633824"
3840,Kannapolis,Cabarrus,Piedmont,Residential,Urban (>70% Developed),NA,Urban,30 - 35  MPH,No Control Present,Clear,No,7,6-10,No,NA,Not Applicable,A: Disabling Injury,Driveway / Alley,White,Female,63,60-69,No,NA,31-35 mph,O: No Injury,White,Female,Passenger Car,No,09APR2010,Friday,Bicyclist Failed to Yield - Midblock,14,Non-Intersection,April,A: Disabling Injury,14:44:00,Bicyclist Ride Out - Residential Driveway,2010,Yes,No,Daylight,Straight - Grade,Local Street,Dry,"Two-Way, Not Divided",None,No Special Feature,Coarse Asphalt,2 lanes,"35.5118209522, -80.5945391836"
3844,None - Rural Crash,Wake,Piedmont,Commercial,Urban (>70% Developed),NA,Rural,40 - 45  MPH,Stop And Go Signal,Clear,No,34,30-39,No,NA,Facing Traffic,B: Evident Injury,Bike Lane / Paved Shoulder,Hispanic,Male,42,40-49,No,NA,0-5 mph,O: No Injury,White,Male,Passenger Car,No,22APR2010,Thursday,Motorist Failed to Yield - Signalized Intersection,14,Intersection,April,B: Evident Injury,14:18:00,Motorist Drive Out - Signalized Intersection,2010,Yes,No,Daylight,Straight - Level,US Route,Dry,"Two-Way, Divided, Unprotected Median",None,T-Intersection,Smooth Asphalt,8 lanes,"35.8773911027, -78.5746925947"
3847,Charlotte,Mecklenburg,Piedmont,Institutional,Urban (>70% Developed),NA,Urban,50 - 55  MPH,Stop And Go Signal,Clear,No,24,20-24,No,NA,With Traffic,B: Evident Injury,Sidewalk / Crosswalk / Driveway Crossing,White,Male,36,30-39,No,NA,26-30 mph,O: No Injury,Hispanic,Male,Pickup,No,19APR2010,Monday,Crossing Paths - Other Circumstances,17,Intersection,April,B: Evident Injury,17:00:00,Signalized Intersection - Other / Unknown,2010,Yes,No,Daylight,Straight - Level,Local Street,Dry,"Two-Way, Divided, Positive Median Barrier",None,No Special Feature,Smooth Asphalt,4 lanes,"35.3011969018, -80.7312932121"
3848,Kinston,Lenoir,Coastal,Residential,Urban (>70% Developed),NA,Urban,30 - 35  MPH,No Control Present,Clear,No,31,30-39,No,NA,NA,C: Possible Injury,NA,Black,Male,70+,70+,No,NA,31-35 mph,O: No Injury,White,Male,Van,No,27APR2010,Tuesday,Other / Unknown - Insufficient Details,13,Non-Intersection,April,C: Possible Injury,13:04:00,Unknown Approach Paths,2010,No,No,Daylight,Straight - Level,Local Street,Dry,"Two-Way, Not Divided",NA,No Special Feature,Smooth Asphalt,2 lanes,"35.2695190062, -77.5776722609"
3852,None - Rural Crash,Scotland,Coastal,Residential,Mixed (30% To 70% Developed),NA,Rural,40 - 45  MPH,"Double Yellow Line, No Passing Zone",Clear,No,17,16-19,No,NA,Not Applicable,B: Evident Injury,Driveway / Alley,Black,Male,70+,70+,No,NA,41-45 mph,O: No Injury,Native American,Male,Passenger Car,No,19APR2010,Monday,Bicyclist Failed to Yield - Midblock,20,Non-Intersection,April,B: Evident Injury,20:34:00,Bicyclist Ride Out - Commercial Driveway / Alley,2010,Yes,No,Dark - Roadway Not Lighted,Straight - Level,State Secondary Route,Dry,"Two-Way, Not Divided",None,"Driveway, Public",Smooth Asphalt,2 lanes,"34.8378068509, -79.3644927791"
3859,Durham,Durham,Piedmont,Residential,Urban (>70% Developed),NA,Urban,30 - 35  MPH,No Control Present,Clear,No,18,16-19,No,NA,With Traffic,B: Evident Injury,Travel Lane,Hispanic,Male,21,20-24,No,NA,26-30 mph,O: No Injury,Black,Female,Passenger Car,No,30APR2010,Friday,Motorist Overtaking Bicyclist,15,Non-Intersection,April,B: Evident Injury,15:39:00,Motorist Overtaking - Bicyclist Swerved,2010,Yes,No,Daylight,Straight - Level,Local Street,Dry,"Two-Way, Not Divided",None,No Special Feature,Coarse Asphalt,2 lanes,"36.0004911191, -78.8659086899"
3889,Greensboro,Guilford,Piedmont,Residential,Urban (>70% Developed),NA,Urban,30 - 35  MPH,Stop Sign,Clear,No,13,11-15,No,NA,Facing Traffic,B: Evident Injury,Travel Lane,Black,Male,36,30-39,No,NA,36-40 mph,O: No Injury,White,Female,Passenger Car,No,30APR2010,Friday,Bicyclist Failed to Yield - Sign-Controlled Intersection,18,Intersection,April,B: Evident Injury,18:01:00,Bicyclist Ride Out - Sign-Controlled Intersection,2010,Yes,No,Daylight,Straight - Hillcrest,Local Street,Dry,"Two-Way, Not Divided",None,T-Intersection,Coarse Asphalt,2 lanes,"36.1735971255, -79.6989829506"
3899,Roxboro,Person,Piedmont,Commercial,Urban (>70% Developed),NA,Urban,NA,No Control Present,Clear,No,22,20-24,No,NA,With Traffic,O: No Injury,Travel Lane,White,Male,NA,NA,Missing,NA,NA,Unknown Injury,Unknown/Missing,NA,NA,No,18APR2010,Sunday,Head-On,19,Intersection-Related,April,O: No Injury,19:30:00,Head-On - Motorist,2010,Yes,Yes,Dark - Lighted Roadway,Straight - Level,US Route,Dry,"Two-Way, Not Divided",None,No Special Feature,Smooth Asphalt,5 lanes,"36.3927951971, -78.9879427477"
3900,None - Rural Crash,Davidson,Piedmont,Residential,Rural (<30% Developed),NA,Rural,50 - 55  MPH,Stop Sign,Clear,No,40,40-49,No,NA,With Traffic,B: Evident Injury,Travel Lane,White,Male,21,20-24,No,NA,0-5 mph,O: No Injury,White,Female,Passenger Car,No,14MAY2010,Friday,Motorist Failed to Yield - Sign-Controlled Intersection,13,Intersection,May,B: Evident Injury,13:16:00,Motorist Drive Out - Sign-Controlled Intersection,2010,Yes,No,Daylight,Straight - Grade,State Secondary Route,Dry,"Two-Way, Not Divided",None,Four-Way Intersection,Smooth Asphalt,2 lanes,"35.8122870305, -80.2015030815"
3901,Durham,Durham,Piedmont,Residential,Urban (>70% Developed),NA,Urban,20 - 25  MPH,Stop Sign,Clear,No,8,6-10,No,NA,With Traffic,C: Possible Injury,Travel Lane,Black,Female,31,30-39,No,NA,21-25 mph,O: No Injury,White,Female,Sport Utility,No,15MAY2010,Saturday,Crossing Paths - Other Circumstances,19,Intersection,May,C: Possible Injury,19:07:00,Sign-Controlled Intersection - Other / Unknown,2010,Yes,No,Daylight,Straight - Level,Local Street,Dry,"Two-Way, Not Divided",None,Four-Way Intersection,Coarse Asphalt,2 lanes,"36.0151971202, -78.915636705"
6926,Boone,Watauga,Mountains,Commercial,Urban (>70% Developed),NA,Urban,30 - 35  MPH,Stop And Go Signal,Clear,No,22,20-24,No,NA,With Traffic,B: Evident Injury,Travel Lane,White,Male,70+,70+,No,NA,6-10 mph,O: No Injury,White,Female,Sport Utility,No,25JUN2007,Monday,Bicyclist Failed to Yield - Signalized Intersection,19,Intersection,June,B: Evident Injury,19:55:00,Bicyclist Ride Through - Signalized Intersection,2007,No,No,Daylight,Straight - Grade,Local Street,Dry,"Two-Way, Not Divided",None,Four-Way Intersection,Smooth Asphalt,2 lanes,"36.2164800595, -81.674739546"