object_id,city,county,region,development,locality,on_road,rural_urban,speed_limit,traffic_control,weather,workzone,bike_age,bike_age_group,bike_alcohol,bike_alcohol_drugs,bike_direction,bike_injury,bike_position,bike_race,bike_sex,driver_age,driver_age_group,driver_alcohol,driver_alcohol_drugs,driver_est_speed,driver_injury,driver_race,driver_sex,driver_vehicle_type,crash_alcohol,crash_date,crash_day,crash_group,crash_hour,crash_location,crash_month,crash_severity,crash_time,crash_type,crash_year,ambulance_req,hit_run,light_condition,road_character,road_class,road_condition,road_configuration,road_defects,road_feature,road_surface,num_lanes,geo_point
6933,Raleigh,Wake,Piedmont,Residential,Urban (>70% Developed),NA,Urban,30 - 35  MPH,Stop Sign,Clear,No,49,40-49,No,NA,With Traffic,K: Killed,Travel Lane,White,Female,65,60-69,No,NA,0-5 mph,O: No Injury,White,Female,Passenger Car,No,25JUN2007,Monday,Motorist Failed to Yield - Sign-Controlled Intersection,16,Intersection,June,K: Killed,16:54:00,Motorist Drive Out - Sign-Controlled Intersection,2007,Yes,No,Daylight,Straight - Grade,Local Street,Dry,"Two-Way, Not Divided",None,T-Intersection,Coarse Asphalt,2 lanes,"35.7734600752, -78.736262638"
6936,Hickory,Catawba,Piedmont,Residential,Urban (>70% Developed),NA,Urban,30 - 35  MPH,Stop Sign,Clear,No,22,20-24,No,NA,NA,B: Evident Injury,Travel Lane,White,Male,21,20-24,No,NA,6-10 mph,O: No Injury,White,Female,Passenger Car,No,26JUN2007,Tuesday,Bicyclist Failed to Yield - Sign-Controlled Intersection,21,Intersection,June,B: Evident Injury,21:19:00,Bicyclist Ride Through - Sign-Controlled Intersection,2007,Yes,No,Dark - Lighted Roadway,Straight - Bottom,Local Street,Dry,"Two-Way, Not Divided",None,T-Intersection,Smooth Asphalt,2 lanes,"35.7456999754, -81.2996834066"
6939,Wilmington,New Hanover,Coastal,Commercial,Urban (>70% Developed),NA,Urban,40 - 45  MPH,No Control Present,Clear,No,13,11-15,No,NA,Not Applicable,B: Evident Injury,Non-Roadway,White,Male,20,20-24,No,NA,16-20 mph,O: No Injury,White,Female,Passenger Car,No,27JUN2007,Wednesday,Bicyclist Failed to Yield - Midblock,12,Non-Intersection,June,B: Evident Injury,12:51:00,Bicyclist Ride Out - Commercial Driveway / Alley,2007,Yes,No,Daylight,Straight - Level,Local Street,Dry,"Two-Way, Not Divided",None,No Special Feature,Coarse Asphalt,5 lanes,"34.2613967762, -77.8300882885"
6954,Charlotte,Mecklenburg,Piedmont,Commercial,Urban (>70% Developed),NA,Urban,NA,Stop And Go Signal,Clear,No,42,40-49,Yes,NA,With Traffic,B: Evident Injury,Travel Lane,Black,Male,NA,NA,Missing,NA,NA,Unknown Injury,Unknown/Missing,NA,Passenger Car,Yes,06OCT2007,Saturday,Bicyclist Failed to Yield - Signalized Intersection,2,Intersection,October,B: Evident Injury,02:02:00,Bicyclist Ride Through - Signalized Intersection,2007,Yes,Yes,Dark - Lighted Roadway,Straight - Level,Local Street,Dry,"Two-Way, Not Divided",None,No Special Feature,Concrete,4 lanes,"35.2256468819, -80.845409242"
6956,None - Rural Crash,Rowan,Piedmont,Residential,Urban (>70% Developed),NA,Rural,NA,No Control Present,Clear,No,6,6-10,No,NA,NA,C: Possible Injury,NA,White,Female,18,0-19,No,NA,0-5 mph,O: No Injury,Hispanic,Male,Passenger Car,No,01JUL2007,Sunday,Parallel Paths - Other Circumstances,13,Non-Intersection,July,C: Possible Injury,13:00:00,Parallel Paths - Other / Unknown,2007,No,No,Daylight,Straight - Grade,Local Street,Dry,"Two-Way, Not Divided",None,No Special Feature,Smooth Asphalt,2 lanes,"35.6853769909, -80.531723174"
6967,Emerald Isle,Carteret,Coastal,Commercial,Urban (>70% Developed),NA,Rural,40 - 45  MPH,No Control Present,Clear,No,58,50-59,No,NA,With Traffic,B: Evident Injury,Travel Lane,White,Male,16,0-19,No,NA,0-5 mph,O: No Injury,White,Male,Pickup,No,04JUL2007,Wednesday,Motorist Right Turn / Merge,12,Non-Intersection,July,B: Evident Injury,12:30:00,Motorist Right Turn - Same Direction,2007,Yes,No,Daylight,Straight - Level,NC Route,Dry,"Two-Way, Not Divided",None,"Driveway, Public",Smooth Asphalt,2 lanes,"34.6759708951, -76.9672520458"
6969,Raleigh,Wake,Piedmont,Residential,Urban (>70% Developed),NA,Urban,30 - 35  MPH,Stop Sign,Clear,No,46,40-49,No,NA,Facing Traffic,O: No Injury,Travel Lane,Black,Male,45,40-49,No,NA,0-5 mph,O: No Injury,Hispanic,Female,Sport Utility,No,04JUL2007,Wednesday,Motorist Failed to Yield - Sign-Controlled Intersection,12,Intersection,July,O: No Injury,12:47:00,Motorist Drive Out - Sign-Controlled Intersection,2007,No,No,Daylight,Straight - Level,Local Street,Dry,"Two-Way, Not Divided",None,T-Intersection,Coarse Asphalt,2 lanes,"35.7803030782, -78.6872586235"
6972,Emerald Isle,Carteret,Coastal,Residential,Urban (>70% Developed),NA,Rural,20 - 25  MPH,No Control Present,Clear,No,8,6-10,No,NA,Facing Traffic,B: Evident Injury,Travel Lane,White,Female,59,50-59,No,NA,0-5 mph,O: No Injury,White,Female,Passenger Car,No,04JUL2007,Wednesday,Parallel Paths - Other Circumstances,16,Non-Intersection,July,B: Evident Injury,16:50:00,Parallel Paths - Other / Unknown,2007,No,No,Daylight,Straight - Hillcrest,Local Street,Dry,"Two-Way, Not Divided",None,"Driveway, Public",Coarse Asphalt,2 lanes,"34.6704588938, -76.991412053"
6990,Huntersville,Mecklenburg,Piedmont,Commercial,Urban (>70% Developed),NA,Urban,30 - 35  MPH,Stop And Go Signal,Clear,No,20,20-24,No,NA,With Traffic,C: Possible Injury,Travel Lane,White,Male,55,50-59,No,NA,6-10 mph,O: No Injury,White,Female,Passenger Car,No,11JUL2007,Wednesday,Loss of Control / Turning Error,12,Intersection,July,C: Possible Injury,12:47:00,Bicyclist Lost Control - Mechanical Problems,2007,Yes,No,Daylight,Straight - Level,Local Street,Dry,"Two-Way, Divided, Unprotected Median",None,Four-Way Intersection,Smooth Asphalt,4 lanes,"35.40713692, -80.8628192576"
6992,Holly Springs,Wake,Piedmont,Residential,Urban (>70% Developed),NA,Urban,20 - 25  MPH,Stop Sign,Clear,No,7,6-10,No,NA,With Traffic,B: Evident Injury,Travel Lane,White,Male,18,0-19,No,NA,11-15 mph,O: No Injury,Black,Male,Passenger Car,No,12JUL2007,Thursday,Bicyclist Failed to Yield - Sign-Controlled Intersection,13,Intersection,July,B: Evident Injury,13:00:00,Bicyclist Ride Through - Sign-Controlled Intersection,2007,Yes,No,Daylight,Straight - Level,Local Street,Dry,"Two-Way, Not Divided",None,Four-Way Intersection,Coarse Asphalt,2 lanes,"35.6620570471, -78.8405426634"
6994,Statesville,Iredell,Piedmont,Residential,Urban (>70% Developed),NA,Urban,30 - 35  MPH,No Control Present,Clear,No,35,30-39,No,NA,With Traffic,C: Possible Injury,Travel Lane,Black,Female,41,40-49,No,NA,6-10 mph,Unknown Injury,Black,Male,NA,No,12JUL2007,Thursday,Motorist Overtaking Bicyclist,20,Intersection-Related,July,C: Possible Injury,20:30:00,Motorist Overtaking - Other / Unknown,2007,No,Yes,Dark - Unknown Lighting,Straight - Level,Local Street,Dry,"Two-Way, Not Divided",None,No Special Feature,Smooth Asphalt,2 lanes,"35.7649219941, -80.896098288"
7005,None - Rural Crash,Dare,Coastal,Commercial,Urban (>70% Developed),NA,Rural,30 - 35  MPH,"Double Yellow Line, No Passing Zone",Clear,No,34,30-39,No,NA,With Traffic,B: Evident Injury,Bike Lane / Paved Shoulder,White,Female,66,60-69,No,NA,26-30 mph,O: No Injury,White,Female,Passenger Car,No,04JUL2007,Wednesday,Motorist Overtaking Bicyclist,20,Non-Intersection,July,B: Evident Injury,20:30:00,Motorist Overtaking - Bicyclist Swerved,2007,Yes,No,Daylight,Straight - Level,NC Route,Dry,"Two-Way, Not Divided",None,No Special Feature,Smooth Asphalt,2 lanes,"35.5753211415, -75.4671116293"
7006,None - Rural Crash,Rowan,Piedmont,Residential,Urban (>70% Developed),NA,Rural,50 - 55  MPH,No Control Present,Clear,No,58,50-59,No,NA,With Traffic,C: Possible Injury,Travel Lane,White,Male,70+,70+,No,NA,41-45 mph,O: No Injury,White,Female,Passenger Car,No,14JUL2007,Saturday,Motorist Overtaking Bicyclist,9,Non-Intersection,July,C: Possible Injury,09:14:00,Motorist Overtaking - Misjudged Space,2007,Yes,No,Daylight,Straight - Level,State Secondary Route,Dry,"Two-Way, Not Divided",None,No Special Feature,Smooth Asphalt,2 lanes,"35.6872869903, -80.5715031861"
7008,Charlotte,Mecklenburg,Piedmont,Commercial,Urban (>70% Developed),NA,Urban,30 - 35  MPH,No Control Present,Rain,No,20,20-24,No,NA,With Traffic,O: No Injury,Travel Lane,Black,Male,42,40-49,No,NA,0-5 mph,O: No Injury,Black,Female,Passenger Car,No,19OCT2007,Friday,Motorist Left Turn / Merge,9,Non-Intersection,October,O: No Injury,09:42:00,Motorist Left Turn - Opposite Direction,2007,No,No,Daylight,Straight - Grade,Local Street,Wet,"Two-Way, Divided, Unprotected Median",None,No Special Feature,Coarse Asphalt,4 lanes,"35.2209918818, -80.8172432342"
7015,Greensboro,Guilford,Piedmont,Residential,Urban (>70% Developed),NA,Urban,30 - 35  MPH,Stop And Go Signal,Rain,No,56,50-59,No,NA,With Traffic,B: Evident Injury,Travel Lane,White,Male,41,40-49,No,NA,26-30 mph,O: No Injury,White,Male,Passenger Car,No,17JUL2007,Tuesday,Bicyclist Left Turn / Merge,23,Intersection,July,B: Evident Injury,23:43:00,Bicyclist Left Turn - Opposite Direction,2007,No,No,Dark - Lighted Roadway,Straight - Grade,Local Street,Wet,"Two-Way, Divided, Unprotected Median",None,No Special Feature,Coarse Asphalt,7 lanes,"36.0730930999, -79.8026429763"
7026,Asheville,Buncombe,Mountains,Residential,Urban (>70% Developed),NA,Urban,20 - 25  MPH,No Control Present,Clear,No,12,11-15,No,NA,With Traffic,C: Possible Injury,Travel Lane,Black,Male,53,50-59,No,NA,NA,O: No Injury,Black,Male,Passenger Car,No,20JUL2007,Friday,Parallel Paths - Other Circumstances,16,Non-Intersection,July,C: Possible Injury,16:40:00,Parallel Paths - Other / Unknown,2007,No,Yes,Daylight,Straight - Level,Local Street,Dry,"Two-Way, Not Divided",None,No Special Feature,Coarse Asphalt,2 lanes,"35.5503468871, -82.5244437584"
7030,Cary,Wake,Piedmont,Commercial,Urban (>70% Developed),NA,Urban,30 - 35  MPH,Stop And Go Signal,Clear,No,16,16-19,Yes,NA,Not Applicable,B: Evident Injury,Travel Lane,Hispanic,Male,26,25-29,No,NA,26-30 mph,O: No Injury,White,Male,Passenger Car,Yes,27OCT2007,Saturday,Bicyclist Failed to Yield - Midblock,12,Non-Intersection,October,B: Evident Injury,12:55:00,Multiple Threat - Midblock,2007,Yes,No,Daylight,Straight - Level,State Secondary Route,Dry,"Two-Way, Not Divided",None,Related To Intersection,Smooth Asphalt,5 lanes,"35.7712970725, -78.7823626514"
7035,None - Rural Crash,Pender,Coastal,Residential,Mixed (30% To 70% Developed),NA,Rural,NA,No Control Present,Clear,No,25,25-29,No,NA,With Traffic,B: Evident Injury,Travel Lane,White,Male,24,20-24,Yes,NA,46-50 mph,O: No Injury,White,Male,Passenger Car,Yes,23JUL2007,Monday,Motorist Overtaking Bicyclist,20,Non-Intersection,July,B: Evident Injury,20:00:00,Motorist Overtaking - Other / Unknown,2007,Yes,No,Dusk,Straight - Level,State Secondary Route,Dry,"Two-Way, Not Divided",None,No Special Feature,Smooth Asphalt,2 lanes,"34.3922068016, -77.9207863219"
7041,Davidson,Mecklenburg,Piedmont,Residential,Urban (>70% Developed),NA,Urban,30 - 35  MPH,Stop Sign,Clear,No,8,6-10,No,NA,With Traffic,B: Evident Injury,Sidewalk / Crosswalk / Driveway Crossing,White,Male,33,30-39,No,NA,31-35 mph,O: No Injury,Hispanic,Male,Pickup,No,24JUL2007,Tuesday,Bicyclist Failed to Yield - Sign-Controlled Intersection,13,Intersection,July,B: Evident Injury,13:45:00,Bicyclist Ride Out - Sign-Controlled Intersection,2007,Yes,No,Daylight,Straight - Level,Local Street,Dry,"Two-Way, Not Divided",None,Four-Way Intersection,Coarse Asphalt,2 lanes,"35.4911569387, -80.8313532531"
7042,Charlotte,Mecklenburg,Piedmont,Commercial,Urban (>70% Developed),NA,Urban,40 - 45  MPH,No Control Present,Clear,No,43,40-49,No,NA,With Traffic,B: Evident Injury,Bike Lane / Paved Shoulder,Asian,Male,56,50-59,No,NA,41-45 mph,O: No Injury,White,Male,Commercial Bus,No,12OCT2007,Friday,Motorist Overtaking Bicyclist,23,Non-Intersection,October,B: Evident Injury,23:35:00,Motorist Overtaking - Bicyclist Swerved,2007,Yes,No,Dark - Roadway Not Lighted,Straight - Grade,Local Street,Dry,"Two-Way, Divided, Positive Median Barrier",None,No Special Feature,Smooth Asphalt,4 lanes,"35.3163519051, -80.7391732159"
7055,Sims,Wilson,Coastal,Residential,Urban (>70% Developed),NA,Rural,30 - 35  MPH,Stop Sign,Clear,No,65,60-69,Yes,NA,Facing Traffic,C: Possible Injury,Travel Lane,Black,Male,58,50-59,No,NA,0-5 mph,O: No Injury,White,Male,Pickup,Yes,27JUL2007,Friday,Bicyclist Failed to Yield - Sign-Controlled Intersection,18,Intersection,July,C: Possible Injury,18:48:00,Bicyclist Ride Through - Sign-Controlled Intersection,2007,No,No,Daylight,Straight - Level,Local Street,Dry,"Two-Way, Not Divided",None,Four-Way Intersection,Smooth Asphalt,2 lanes,"35.7587870957, -78.0600724315"
7063,Wilmington,New Hanover,Coastal,Commercial,Urban (>70% Developed),NA,Urban,40 - 45  MPH,Stop Sign,Cloudy,No,43,40-49,No,NA,With Traffic,C: Possible Injury,Travel Lane,White,Male,19,0-19,No,NA,0-5 mph,O: No Injury,White,Male,Passenger Car,No,28JUL2007,Saturday,Loss of Control / Turning Error,18,Intersection,July,C: Possible Injury,18:31:00,Bicyclist Lost Control - Mechanical Problems,2007,Yes,No,Daylight,Straight - Level,Local Street,Wet,"Two-Way, Not Divided",None,T-Intersection,Smooth Asphalt,6 lanes,"34.209841764, -77.8391522885"
7066,Oak Island,Brunswick,Coastal,Residential,Urban (>70% Developed),NA,Urban,20 - 25  MPH,No Control Present,Clear,No,17,16-19,No,NA,With Traffic,O: No Injury,Travel Lane,White,Male,65,60-69,No,NA,21-25 mph,O: No Injury,White,Male,Passenger Car,No,29JUL2007,Sunday,Bicyclist Left Turn / Merge,19,Intersection,July,O: No Injury,19:20:00,Bicyclist Left Turn - Same Direction,2007,No,No,Daylight,Straight - Level,Local Street,Dry,"Two-Way, Not Divided",None,T-Intersection,Smooth Asphalt,2 lanes,"33.9111966892, -78.0849723489"
7074,None - Rural Crash,Jones,Coastal,"Farms, Woods, Pastures",Rural (<30% Developed),NA,Rural,50 - 55  MPH,Stop Sign,Clear,No,44,40-49,Yes,NA,With Traffic,C: Possible Injury,Travel Lane,Black,Male,65,60-69,No,NA,0-5 mph,O: No Injury,White,Male,Passenger Car,Yes,31JUL2007,Tuesday,Motorist Failed to Yield - Sign-Controlled Intersection,21,Intersection,July,C: Possible Injury,21:30:00,Motorist Drive Out - Sign-Controlled Intersection,2007,No,No,Dark - Roadway Not Lighted,Straight - Level,NC Route,Dry,"Two-Way, Not Divided",None,Y-Intersection,Smooth Asphalt,2 lanes,"35.0665069691, -77.3505521812"
7081,High Point,Guilford,Piedmont,Residential,Urban (>70% Developed),NA,Urban,30 - 35  MPH,No Control Present,Clear,No,7,6-10,No,NA,Not Applicable,A: Disabling Injury,Driveway / Alley,White,Male,33,30-39,No,NA,36-40 mph,O: No Injury,Black,Female,Passenger Car,No,01AUG2007,Wednesday,Bicyclist Failed to Yield - Midblock,13,Non-Intersection,August,A: Disabling Injury,13:57:00,Bicyclist Ride Out - Residential Driveway,2007,Yes,No,Daylight,Straight - Grade,Local Street,Dry,"Two-Way, Not Divided",None,No Special Feature,Smooth Asphalt,2 lanes,"35.9495470661, -80.0204230347"
7082,Black Mountain,Buncombe,Mountains,Residential,Mixed (30% To 70% Developed),NA,Urban,20 - 25  MPH,No Control Present,Clear,No,12,11-15,No,NA,With Traffic,B: Evident Injury,Travel Lane,Black,Male,NA,NA,Missing,NA,NA,Unknown Injury,Unknown/Missing,NA,Passenger Car,No,02AUG2007,Thursday,Loss of Control / Turning Error,13,Non-Intersection,August,B: Evident Injury,13:40:00,Bicyclist Lost Control - Other / Unknown,2007,No,No,Daylight,Straight - Level,Local Street,Dry,"Two-Way, Not Divided",None,"Driveway, Public",Smooth Asphalt,2 lanes,"35.6299239121, -82.3183477026"
7085,Rocky Mount,Nash,Coastal,Commercial,Urban (>70% Developed),NA,Urban,20 - 25  MPH,Stop And Go Signal,Clear,No,18,16-19,No,NA,With Traffic,C: Possible Injury,Sidewalk / Crosswalk / Driveway Crossing,Black,Male,30,30-39,No,NA,26-30 mph,O: No Injury,Black,Male,Passenger Car,No,03AUG2007,Friday,Bicyclist Failed to Yield - Signalized Intersection,14,Intersection,August,C: Possible Injury,14:38:00,Bicyclist Ride Out - Signalized  Intersection,2007,No,No,Daylight,Straight - Level,Local Street,Dry,"One-Way, Not Divided",None,Four-Way Intersection,Coarse Asphalt,3 lanes,"35.9451471448, -77.7977323618"
7086,Morrisville,Wake,Piedmont,Commercial,Mixed (30% To 70% Developed),NA,Urban,30 - 35  MPH,Stop And Go Signal,Clear,No,41,40-49,No,NA,With Traffic,A: Disabling Injury,Travel Lane,White,Male,48,40-49,No,NA,31-35 mph,A: Disabling Injury,White,Male,Passenger Car,No,03AUG2007,Friday,Bicyclist Failed to Yield - Signalized Intersection,6,Intersection,August,A: Disabling Injury,06:20:00,Bicyclist Ride Through - Signalized Intersection,2007,Yes,No,Daylight,Straight - Grade,Local Street,Dry,"Two-Way, Divided, Unprotected Median",None,Four-Way Intersection,Smooth Asphalt,4 lanes,"35.8009830778, -78.817698664"
7088,High Point,Guilford,Piedmont,Commercial,Urban (>70% Developed),NA,Urban,30 - 35  MPH,Stop And Go Signal,Clear,No,16,16-19,No,NA,Facing Traffic,C: Possible Injury,Sidewalk / Crosswalk / Driveway Crossing,Black,Male,30,30-39,No,NA,0-5 mph,O: No Injury,White,Female,Van,No,04AUG2007,Saturday,Motorist Failed to Yield - Signalized Intersection,19,Intersection,August,C: Possible Injury,19:32:00,Motorist Drive Out - Right Turn on Red,2007,Yes,No,Daylight,Straight - Level,Local Street,Dry,"Two-Way, Not Divided",None,No Special Feature,Smooth Asphalt,2 lanes,"35.9699970703, -80.0155230351"
7095,Fayetteville,Cumberland,Coastal,Commercial,Urban (>70% Developed),NA,Urban,40 - 45  MPH,Stop And Go Signal,Clear,No,31,30-39,No,NA,With Traffic,Unknown Injury,Travel Lane,Black,Male,39,30-39,No,NA,41-45 mph,O: No Injury,Black,Male,Passenger Car,No,07AUG2007,Tuesday,Crossing Paths - Other Circumstances,20,Intersection,August,O: No Injury,20:41:00,Signalized Intersection - Other / Unknown,2007,No,No,Dark - Lighted Roadway,Straight - Level,Local Street,Dry,"Two-Way, Divided, Unprotected Median",None,Four-Way Intersection,Smooth Asphalt,4 lanes,"35.0791469174, -78.956722668"
7098,None - Rural Crash,Jackson,Mountains,"Farms, Woods, Pastures",Rural (<30% Developed),NA,Rural,40 - 45  MPH,"Double Yellow Line, No Passing Zone",Cloudy,No,20,20-24,No,NA,With Traffic,A: Disabling Injury,Travel Lane,White,Male,38,30-39,No,NA,31-35 mph,O: No Injury,White,Male,Pickup,No,07AUG2007,Tuesday,Head-On,19,Non-Intersection,August,A: Disabling Injury,19:18:00,Head-On - Bicyclist,2007,Yes,No,Daylight,Curve - Grade,State Secondary Route,Dry,"Two-Way, Not Divided",None,No Special Feature,Coarse Asphalt,2 lanes,"35.4044408325, -83.145549933"
7100,Fayetteville,Cumberland,Coastal,Commercial,Urban (>70% Developed),NA,Urban,40 - 45  MPH,Stop And Go Signal,Clear,No,NA,NA,No,NA,NA,Unknown Injury,NA,Unknown/Missing,NA,64,60-69,No,NA,NA,O: No Injury,White,Female,Sport Utility,No,08JUL2007,Sunday,Other / Unknown - Insufficient Details,17,Intersection,July,O: No Injury,17:14:00,Unknown Approach Paths,2007,No,No,Daylight,Straight - Grade,Local Street,Dry,"One-Way, Not Divided",None,On or Off Ramp,Coarse Asphalt,2 lanes,"35.0620229162, -78.8902076471"
7101,Asheville,Buncombe,Mountains,Residential,Urban (>70% Developed),NA,Urban,30 - 35  MPH,No Control Present,Clear,No,14,11-15,No,NA,With Traffic,A: Disabling Injury,Travel Lane,White,Male,26,25-29,No,NA,26-30 mph,O: No Injury,White,Male,Passenger Car,No,08AUG2007,Wednesday,Head-On,15,Non-Intersection,August,A: Disabling Injury,15:07:00,Head-On - Bicyclist,2007,Yes,No,Daylight,Curve - Level,Local Street,Dry,"Two-Way, Not Divided",None,No Special Feature,Coarse Asphalt,2 lanes,"35.6329839029, -82.562483775"
7104,Elizabeth City,Pasquotank,Coastal,Commercial,Urban (>70% Developed),NA,Urban,30 - 35  MPH,No Control Present,Cloudy,No,NA,NA,No,NA,With Traffic,C: Possible Injury,Sidewalk / Crosswalk / Driveway Crossing,Black,Male,34,30-39,No,NA,21-25 mph,O: No Injury,Black,Male,Passenger Car,No,09AUG2007,Thursday,Parallel Paths - Other Circumstances,0,Non-Intersection,August,C: Possible Injury,00:00:00,Bicyclist Ride Out - Parallel Path,2007,No,No,Daylight,Straight - Level,Local Street,Dry,"Two-Way, Divided, Unprotected Median",None,No Special Feature,Smooth Asphalt,5 lanes,"36.2968212738, -76.2213118973"
7110,None - Rural Crash,Moore,Piedmont,Commercial,Mixed (30% To 70% Developed),NA,Rural,30 - 35  MPH,Stop Sign,Cloudy,No,47,40-49,Yes,NA,Facing Traffic,C: Possible Injury,Travel Lane,Black,Male,53,50-59,No,NA,0-5 mph,O: No Injury,White,Female,Passenger Car,Yes,10AUG2007,Friday,Loss of Control / Turning Error,17,Intersection,August,C: Possible Injury,17:18:00,Bicyclist Turning Error - Left Turn,2007,Yes,No,Daylight,Straight - Level,State Secondary Route,Dry,"Two-Way, Not Divided",None,T-Intersection,Coarse Asphalt,2 lanes,"35.2445289319, -79.5692128615"
7116,Halifax,Halifax,Coastal,Commercial,Mixed (30% To 70% Developed),NA,Rural,40 - 45  MPH,"Double Yellow Line, No Passing Zone",Clear,No,48,40-49,No,NA,Facing Traffic,C: Possible Injury,Travel Lane,Black,Male,23,20-24,No,NA,16-20 mph,O: No Injury,Black,Male,Sport Utility,No,13AUG2007,Monday,Head-On,15,Non-Intersection,August,C: Possible Injury,15:10:00,Head-On - Bicyclist,2007,Yes,No,Daylight,Straight - Level,US Route,Dry,"Two-Way, Not Divided",None,No Special Feature,Smooth Asphalt,2 lanes,"36.3207732316, -77.5935723197"
7118,Asheville,Buncombe,Mountains,Commercial,Urban (>70% Developed),NA,Urban,20 - 25  MPH,Stop And Go Signal,Clear,No,NA,NA,Missing,NA,NA,Unknown Injury,Non-Roadway,Unknown/Missing,NA,55,50-59,No,NA,6-10 mph,O: No Injury,Black,Female,Other Bus,No,05NOV2007,Monday,Non-Roadway,13,Non-Roadway,November,O: No Injury,13:45:00,Non-Roadway,2007,No,No,Daylight,Straight - Level,Local Street,Dry,"Two-Way, Not Divided",None,Four-Way Intersection,Smooth Asphalt,3 lanes,"35.5951168956, -82.5542637702"
7120,None - Rural Crash,Rockingham,Piedmont,"Farms, Woods, Pastures",Rural (<30% Developed),NA,Rural,50 - 55  MPH,"Double Yellow Line, No Passing Zone",Clear,No,12,11-15,No,NA,Not Applicable,O: No Injury,Multi-use Path,Black,Male,42,40-49,No,NA,41-45 mph,O: No Injury,White,Male,Pickup,No,13AUG2007,Monday,Bicyclist Failed to Yield - Midblock,9,Non-Intersection,August,O: No Injury,09:09:00,Bicyclist Ride Out - Other Midblock,2007,Yes,No,Daylight,Straight - Level,US Route,Dry,"Two-Way, Not Divided",None,No Special Feature,Smooth Asphalt,2 lanes,"36.3819671733, -79.577097926"
7122,Greensboro,Guilford,Piedmont,Residential,Urban (>70% Developed),NA,Urban,20 - 25  MPH,No Control Present,Clear,No,24,20-24,No,NA,With Traffic,B: Evident Injury,Travel Lane,Black,Male,37,30-39,No,NA,11-15 mph,O: No Injury,Black,Female,Passenger Car,No,13AUG2007,Monday,Backing Vehicle,18,Non-Intersection,August,B: Evident Injury,18:57:00,Backing Vehicle,2007,Yes,No,Daylight,Straight - Level,Local Street,Dry,"Two-Way, Not Divided",None,No Special Feature,Smooth Asphalt,3 lanes,"36.056867097, -79.7848429708"
7131,None - Rural Crash,Johnston,Coastal,"Farms, Woods, Pastures",Rural (<30% Developed),NA,Rural,50 - 55  MPH,"Double Yellow Line, No Passing Zone",Clear,No,47,40-49,No,NA,NA,C: Possible Injury,Travel Lane,Black,Male,17,0-19,No,NA,51-55 mph,O: No Injury,White,Male,Pickup,No,15AUG2007,Wednesday,Parallel Paths - Other Circumstances,23,Non-Intersection,August,C: Possible Injury,23:07:00,Parallel Paths - Other / Unknown,2007,Yes,No,Dark - Roadway Not Lighted,Straight - Grade,State Secondary Route,Dry,"Two-Way, Not Divided",None,No Special Feature,Smooth Asphalt,2 lanes,"35.3274369871, -78.4886125395"
7135,Gastonia,Gaston,Piedmont,Residential,Urban (>70% Developed),NA,Urban,40 - 45  MPH,Stop Sign,Clear,No,15,11-15,No,NA,With Traffic,A: Disabling Injury,Travel Lane,White,Male,26,25-29,No,NA,36-40 mph,O: No Injury,White,Male,"Light Truck (Mini-Van, Panel)",No,16AUG2007,Thursday,Bicyclist Failed to Yield - Sign-Controlled Intersection,11,Intersection,August,A: Disabling Injury,11:44:00,Bicyclist Ride Out - Sign-Controlled Intersection,2007,Yes,No,Daylight,Straight - Grade,Local Street,Dry,"Two-Way, Not Divided",None,T-Intersection,Smooth Asphalt,5 lanes,"35.2846368834, -81.1493333363"
7137,Goldsboro,Wayne,Coastal,Residential,Urban (>70% Developed),NA,Urban,30 - 35  MPH,Stop And Go Signal,Clear,No,17,16-19,No,NA,Facing Traffic,C: Possible Injury,Sidewalk / Crosswalk / Driveway Crossing,Black,Male,66,60-69,No,NA,26-30 mph,O: No Injury,White,Male,Pickup,No,16AUG2007,Thursday,Bicyclist Failed to Yield - Signalized Intersection,9,Intersection,August,C: Possible Injury,09:30:00,Bicyclist Ride Through - Signalized Intersection,2007,Yes,No,Daylight,Straight - Level,Local Street,Dry,"Two-Way, Not Divided",None,Four-Way Intersection,Coarse Asphalt,2 lanes,"35.3898870184, -77.990342392"
7138,Matthews,Mecklenburg,Piedmont,Commercial,Urban (>70% Developed),NA,Urban,20 - 25  MPH,Other,Clear,No,15,11-15,No,NA,With Traffic,C: Possible Injury,Sidewalk / Crosswalk / Driveway Crossing,White,Male,43,40-49,No,NA,16-20 mph,O: No Injury,White,Male,Sport Utility,No,16AUG2007,Thursday,Crossing Paths - Other Circumstances,16,Intersection,August,C: Possible Injury,16:21:00,Crossing Paths - Intersection - Other / Unknown,2007,No,No,Daylight,Straight - Level,Local Street,Dry,"Two-Way, Divided, Unprotected Median",None,Other,Smooth Asphalt,2 lanes,"35.1169008632, -80.7214931998"
7139,Rocky Mount,Nash,Coastal,Residential,Urban (>70% Developed),NA,Urban,30 - 35  MPH,No Control Present,Clear,No,16,16-19,No,NA,With Traffic,B: Evident Injury,Travel Lane,Black,Male,28,25-29,No,NA,31-35 mph,O: No Injury,Black,Male,Sport Utility,No,17AUG2007,Friday,Motorist Overtaking Bicyclist,18,Non-Intersection,August,B: Evident Injury,18:37:00,Motorist Overtaking - Bicyclist Swerved,2007,Yes,No,Daylight,Straight - Level,Local Street,Dry,"Two-Way, Not Divided",None,No Special Feature,Coarse Asphalt,2 lanes,"35.9273171401, -77.8148673666"