object_id,city,county,region,development,locality,on_road,rural_urban,speed_limit,traffic_control,weather,workzone,bike_age,bike_age_group,bike_alcohol,bike_alcohol_drugs,bike_direction,bike_injury,bike_position,bike_race,bike_sex,driver_age,driver_age_group,driver_alcohol,driver_alcohol_drugs,driver_est_speed,driver_injury,driver_race,driver_sex,driver_vehicle_type,crash_alcohol,crash_date,crash_day,crash_group,crash_hour,crash_location,crash_month,crash_severity,crash_time,crash_type,crash_year,ambulance_req,hit_run,light_condition,road_character,road_class,road_condition,road_configuration,road_defects,road_feature,road_surface,num_lanes,geo_point
7141,None - Rural Crash,Transylvania,Mountains,Residential,Mixed (30% To 70% Developed),NA,Rural,40 - 45  MPH,"Double Yellow Line, No Passing Zone",Clear,No,56,50-59,No,NA,With Traffic,C: Possible Injury,Travel Lane,White,Male,25,25-29,No,NA,36-40 mph,O: No Injury,White,Male,Passenger Car,No,18AUG2007,Saturday,Motorist Overtaking Bicyclist,16,Non-Intersection,August,C: Possible Injury,16:10:00,Motorist Overtaking - Bicyclist Swerved,2007,Yes,No,Daylight,Straight - Grade,State Secondary Route,Dry,"Two-Way, Not Divided",None,No Special Feature,Smooth Asphalt,2 lanes,"35.1841067999, -82.7950738178"
7146,Asheville,Buncombe,Mountains,Commercial,Urban (>70% Developed),NA,Urban,20 - 25  MPH,Stop And Go Signal,Clear,No,36,30-39,No,NA,With Traffic,B: Evident Injury,Travel Lane,White,Female,29,25-29,No,NA,21-25 mph,O: No Injury,White,Female,Sport Utility,No,19AUG2007,Sunday,Crossing Paths - Other Circumstances,11,Intersection,August,B: Evident Injury,11:27:00,Signalized Intersection - Other / Unknown,2007,Yes,No,Daylight,Straight - Level,Local Street,Dry,"Two-Way, Not Divided",None,Four-Way Intersection,Coarse Asphalt,2 lanes,"35.5953868956, -82.5527737692"
7153,Fayetteville,Cumberland,Coastal,Commercial,Urban (>70% Developed),NA,Urban,30 - 35  MPH,Stop And Go Signal,Clear,No,31,30-39,No,NA,Facing Traffic,B: Evident Injury,Travel Lane,Asian,Male,NA,NA,No,NA,NA,O: No Injury,White,Male,Sport Utility,No,22AUG2007,Wednesday,Motorist Failed to Yield - Signalized Intersection,9,Intersection,August,B: Evident Injury,09:40:00,Motorist Drive Out - Right Turn on Red,2007,No,No,Daylight,Straight - Level,Local Street,Dry,"Two-Way, Not Divided",None,Related To Intersection,Coarse Asphalt,7 lanes,"35.0453789121, -78.8920826473"
7154,Wilson,Wilson,Coastal,Commercial,Urban (>70% Developed),NA,Urban,5 - 15 MPH,Stop Sign,Clear,No,32,30-39,No,NA,NA,C: Possible Injury,Travel Lane,Black,Male,45,40-49,No,NA,6-10 mph,O: No Injury,Black,Female,Sport Utility,No,22AUG2007,Wednesday,Motorist Failed to Yield - Sign-Controlled Intersection,8,Intersection,August,C: Possible Injury,08:52:00,Motorist Drive Out - Sign-Controlled Intersection,2007,Yes,No,Daylight,Straight - Level,Local Street,Dry,"Two-Way, Not Divided",None,Related To Intersection,Coarse Asphalt,3 lanes,"35.7206800929, -77.9058023826"
7175,Boone,Watauga,Mountains,Commercial,Urban (>70% Developed),NA,Urban,30 - 35  MPH,No Control Present,Clear,No,19,16-19,No,NA,Facing Traffic,B: Evident Injury,Sidewalk / Crosswalk / Driveway Crossing,White,Male,35,30-39,No,NA,16-20 mph,O: No Injury,White,Male,Van,No,29AUG2007,Wednesday,Motorist Failed to Yield - Midblock,16,Non-Intersection,August,B: Evident Injury,16:23:00,Motorist Drive Out - Commercial Driveway / Alley,2007,Yes,No,Daylight,Straight - Grade,Local Street,Dry,"Two-Way, Divided, Unprotected Median",None,"Driveway, Public",Smooth Asphalt,4 lanes,"36.2173530597, -81.6649035429"
7203,Raleigh,Wake,Piedmont,Residential,Urban (>70% Developed),NA,Urban,20 - 25  MPH,Stop Sign,Clear,No,45,40-49,No,NA,With Traffic,O: No Injury,Travel Lane,White,Male,54,50-59,No,NA,0-5 mph,O: No Injury,Black,Male,Passenger Car,No,08OCT2007,Monday,Bicyclist Overtaking Motorist,13,Intersection-Related,October,O: No Injury,13:43:00,Bicyclist Overtaking - Passing on Right,2007,No,No,Daylight,Straight - Level,Local Street,Dry,"Two-Way, Not Divided",None,No Special Feature,Smooth Asphalt,2 lanes,"35.9501531192, -78.5592325941"
7221,None - Rural Crash,Beaufort,Coastal,Residential,Mixed (30% To 70% Developed),NA,Rural,30 - 35  MPH,"Double Yellow Line, No Passing Zone",Cloudy,No,4,0-5,No,NA,With Traffic,C: Possible Injury,Travel Lane,Other,Male,70+,70+,No,NA,16-20 mph,O: No Injury,Black,Female,Passenger Car,No,09SEP2007,Sunday,Bicyclist Failed to Yield - Sign-Controlled Intersection,16,Intersection,September,C: Possible Injury,16:10:00,Bicyclist Ride Through - Sign-Controlled Intersection,2007,No,No,Daylight,Straight - Level,State Secondary Route,Wet,"Two-Way, Not Divided",None,T-Intersection,Coarse Asphalt,2 lanes,"35.3280770417, -76.8788720498"
7223,None - Rural Crash,Pitt,Coastal,Institutional,Mixed (30% To 70% Developed),NA,Rural,50 - 55  MPH,Stop Sign,Clear,No,20,20-24,Yes,NA,With Traffic,A: Disabling Injury,Driveway / Alley,Hispanic,Male,68,60-69,No,NA,46-50 mph,O: No Injury,Black,Male,Passenger Car,Yes,09SEP2007,Sunday,Bicyclist Failed to Yield - Sign-Controlled Intersection,0,Intersection,September,A: Disabling Injury,00:00:00,Bicyclist Ride Through - Sign-Controlled Intersection,2007,Yes,No,Dark - Roadway Not Lighted,Straight - Level,NC Route,Dry,"Two-Way, Not Divided",None,"Driveway, Public",Coarse Asphalt,2 lanes,"35.6670970975, -77.4191082321"
7225,Dunn,Harnett,Coastal,Industrial,Mixed (30% To 70% Developed),NA,Urban,30 - 35  MPH,Stop Sign,Clear,No,38,30-39,Yes,NA,NA,C: Possible Injury,Travel Lane,White,Male,70+,70+,No,NA,6-10 mph,O: No Injury,White,Male,Pickup,Yes,11SEP2007,Tuesday,Bicyclist Failed to Yield - Sign-Controlled Intersection,20,Intersection,September,C: Possible Injury,20:10:00,Bicyclist Ride Through - Sign-Controlled Intersection,2007,No,No,Dark - Roadway Not Lighted,Straight - Level,Local Street,Dry,"Two-Way, Not Divided",None,Four-Way Intersection,Coarse Asphalt,2 lanes,"35.3260109821, -78.6305125825"
7229,Chapel Hill,Orange,Piedmont,Residential,Urban (>70% Developed),NA,Urban,20 - 25  MPH,No Control Present,Clear,No,53,50-59,No,NA,With Traffic,C: Possible Injury,NA,White,Male,34,30-39,No,NA,6-10 mph,O: No Injury,White,Male,Passenger Car,No,12SEP2007,Wednesday,Motorist Left Turn / Merge,8,Non-Intersection,September,C: Possible Injury,08:04:00,Motorist Left Turn - Opposite Direction,2007,No,No,Daylight,Straight - Level,Local Street,Dry,"Two-Way, Not Divided",None,No Special Feature,Smooth Asphalt,2 lanes,"35.9099230922, -79.056212742"
7231,Greensboro,Guilford,Piedmont,Commercial,Mixed (30% To 70% Developed),NA,Urban,50 - 55  MPH,No Control Present,Clear,No,44,40-49,No,NA,With Traffic,B: Evident Injury,Travel Lane,Black,Male,35,30-39,No,NA,36-40 mph,O: No Injury,Black,Female,NA,No,12SEP2007,Wednesday,Parallel Paths - Other Circumstances,5,Non-Intersection,September,B: Evident Injury,05:30:00,Parallel Paths - Other / Unknown,2007,Yes,Yes,Dark - Lighted Roadway,Straight - Hillcrest,Interstate,Dry,"One-Way, Not Divided",None,On or Off Ramp,Smooth Asphalt,1 lane,"36.1031951076, -79.7629529668"
7236,None - Rural Crash,Lenoir,Coastal,"Farms, Woods, Pastures",Rural (<30% Developed),NA,Rural,50 - 55  MPH,No Control Present,Cloudy,No,17,16-19,No,NA,With Traffic,A: Disabling Injury,Travel Lane,White,Female,35,30-39,No,NA,41-45 mph,O: No Injury,White,Male,Passenger Car,No,14SEP2007,Friday,Head-On,19,Non-Intersection,September,A: Disabling Injury,19:11:00,Head-On - Bicyclist,2007,Yes,No,Daylight,Straight - Level,State Secondary Route,Dry,"Two-Way, Not Divided",None,No Special Feature,Coarse Asphalt,2 lanes,"35.1355389725, -77.7119322943"
7237,Charlotte,Mecklenburg,Piedmont,Commercial,Urban (>70% Developed),NA,Urban,NA,Stop And Go Signal,Clear,No,36,30-39,No,NA,With Traffic,B: Evident Injury,Travel Lane,Hispanic,Male,NA,NA,Missing,NA,NA,Unknown Injury,Unknown/Missing,NA,Passenger Car,No,20DEC2007,Thursday,Motorist Overtaking Bicyclist,12,Intersection,December,B: Evident Injury,12:24:00,Motorist Overtaking - Other / Unknown,2007,No,Yes,Daylight,Straight - Grade,Local Street,Dry,"Two-Way, Not Divided",None,Four-Way Intersection,Smooth Asphalt,4 lanes,"35.1379268615, -80.8793432482"
7241,Southern Shores,Dare,Coastal,Commercial,Urban (>70% Developed),NA,Rural,50 - 55  MPH,No Control Present,Clear,No,45,40-49,No,NA,Facing Traffic,B: Evident Injury,Multi-use Path,White,Female,44,40-49,No,NA,6-10 mph,O: No Injury,White,Male,Unknown Heavy Truck,No,11OCT2007,Thursday,Motorist Right Turn / Merge,9,Non-Intersection,October,B: Evident Injury,09:04:00,Motorist Right Turn - Opposite Direction,2007,Yes,No,Daylight,Straight - Level,US Route,Dry,"Two-Way, Not Divided",None,"Driveway, Public",Smooth Asphalt,NA,"36.0980642467, -75.7244657345"
7255,High Point,Guilford,Piedmont,Residential,Urban (>70% Developed),NA,Urban,30 - 35  MPH,No Control Present,Clear,No,6,6-10,No,NA,Not Applicable,O: No Injury,NA,Black,Male,21,20-24,No,NA,31-35 mph,O: No Injury,Black,Male,Passenger Car,No,17SEP2007,Monday,Bicyclist Failed to Yield - Midblock,17,Non-Intersection,September,O: No Injury,17:14:00,Bicyclist Ride Out - Midblock - Unknown,2007,No,No,Daylight,Straight - Level,Local Street,Dry,"Two-Way, Divided, Unprotected Median",None,No Special Feature,Coarse Asphalt,2 lanes,"35.9497830671, -79.9863080246"
7257,None - Rural Crash,Buncombe,Mountains,"Farms, Woods, Pastures",Rural (<30% Developed),NA,Rural,30 - 35  MPH,"Double Yellow Line, No Passing Zone",Clear,No,11,11-15,No,NA,Not Applicable,B: Evident Injury,Driveway / Alley,White,Female,48,40-49,No,NA,26-30 mph,O: No Injury,White,Male,Pickup,No,18SEP2007,Tuesday,Bicyclist Failed to Yield - Midblock,17,Non-Intersection,September,B: Evident Injury,17:20:00,Bicyclist Ride Out - Residential Driveway,2007,Yes,No,Daylight,Straight - Level,State Secondary Route,Dry,"Two-Way, Not Divided",None,No Special Feature,Coarse Asphalt,2 lanes,"35.6186519107, -82.2922236938"
7269,None - Rural Crash,Davie,Piedmont,Residential,Rural (<30% Developed),NA,Rural,40 - 45  MPH,"Double Yellow Line, No Passing Zone",Cloudy,No,47,40-49,No,NA,Not Applicable,B: Evident Injury,NA,Hispanic,Male,39,30-39,No,NA,41-45 mph,O: No Injury,White,Male,Passenger Car,No,21SEP2007,Friday,Bicyclist Failed to Yield - Midblock,5,Non-Intersection,September,B: Evident Injury,05:55:00,Bicyclist Ride Out - Midblock - Unknown,2007,Yes,No,Dark - Roadway Not Lighted,Straight - Level,US Route,Dry,"Two-Way, Not Divided",None,"Driveway, Private",Smooth Asphalt,2 lanes,"35.8626550281, -80.5494431891"
7295,Durham,Durham,Piedmont,Institutional,Mixed (30% To 70% Developed),NA,Urban,20 - 25  MPH,Stop Sign,Clear,No,28,25-29,No,NA,With Traffic,C: Possible Injury,Travel Lane,White,Female,NA,NA,Missing,NA,6-10 mph,Unknown Injury,Unknown/Missing,NA,NA,No,02OCT2007,Tuesday,Crossing Paths - Other Circumstances,15,Intersection,October,C: Possible Injury,15:15:00,Sign-Controlled Intersection - Other / Unknown,2007,No,Yes,Daylight,Straight - Level,Local Street,Dry,"Two-Way, Divided, Unprotected Median",None,Four-Way Intersection,Concrete,4 lanes,"35.9999971164, -78.9234327069"
7299,Apex,Wake,Piedmont,Residential,Urban (>70% Developed),NA,Urban,20 - 25  MPH,No Control Present,Clear,No,10,6-10,No,NA,Facing Traffic,B: Evident Injury,Travel Lane,Other,Male,16,0-19,No,NA,21-25 mph,O: No Injury,White,Male,Passenger Car,No,03OCT2007,Wednesday,Bicyclist Failed to Yield - Sign-Controlled Intersection,14,Intersection,October,B: Evident Injury,14:43:00,Bicyclist Ride Out - Sign-Controlled Intersection,2007,Yes,No,Dusk,Straight - Level,Local Street,Dry,"Two-Way, Divided, Unprotected Median",None,No Special Feature,Smooth Asphalt,2 lanes,"35.7463470649, -78.8641526753"
7306,Enfield,Halifax,Coastal,Residential,Mixed (30% To 70% Developed),NA,Rural,20 - 25  MPH,No Control Present,Clear,No,65,60-69,No,NA,With Traffic,B: Evident Injury,Travel Lane,Black,Male,20,20-24,No,NA,6-10 mph,O: No Injury,Black,Female,Passenger Car,No,07OCT2007,Sunday,Loss of Control / Turning Error,18,Intersection,October,B: Evident Injury,18:50:00,Motorist Turning Error - Left Turn,2007,No,No,Dark - Lighted Roadway,Straight - Level,Local Street,Dry,"Two-Way, Not Divided",None,No Special Feature,Smooth Asphalt,2 lanes,"36.1744471984, -77.661702333"
7308,Rocky Mount,Nash,Coastal,Residential,Urban (>70% Developed),NA,Urban,30 - 35  MPH,No Control Present,Clear,No,3,0-5,No,NA,NA,B: Evident Injury,NA,Black,Male,NA,NA,No,NA,26-30 mph,Unknown Injury,Unknown/Missing,NA,Passenger Car,No,08OCT2007,Monday,Other / Unknown - Insufficient Details,19,Non-Intersection,October,B: Evident Injury,19:38:00,Unknown Approach Paths,2007,Yes,Yes,Dusk,Straight - Level,Local Street,Dry,"Two-Way, Not Divided",None,No Special Feature,Smooth Asphalt,2 lanes,"35.9247171394, -77.8217723683"
7310,Gastonia,Gaston,Piedmont,Residential,Urban (>70% Developed),NA,Urban,30 - 35  MPH,No Control Present,Cloudy,No,16,16-19,No,NA,NA,C: Possible Injury,Travel Lane,Black,Male,26,25-29,No,NA,26-30 mph,O: No Injury,White,Male,Passenger Car,No,09OCT2007,Tuesday,Motorist Left Turn / Merge,20,Non-Intersection,October,C: Possible Injury,20:29:00,Motorist Left Turn - Same Direction,2007,Yes,No,Dark - Lighted Roadway,Straight - Grade,Local Street,Wet,"Two-Way, Not Divided",None,No Special Feature,Smooth Asphalt,2 lanes,"35.2415538726, -81.1873933456"
7312,Cary,Wake,Piedmont,Commercial,Urban (>70% Developed),NA,Urban,40 - 45  MPH,No Control Present,Clear,No,41,40-49,No,NA,NA,B: Evident Injury,NA,Hispanic,Male,NA,NA,Missing,NA,41-45 mph,Unknown Injury,Unknown/Missing,NA,Passenger Car,No,09OCT2007,Tuesday,Other / Unknown - Insufficient Details,7,Unknown Location,October,B: Evident Injury,07:10:00,Unknown Location,2007,Yes,Yes,Dawn,Straight - Grade,State Secondary Route,Dry,"Two-Way, Not Divided",None,No Special Feature,Smooth Asphalt,5 lanes,"35.7809820755, -78.7643076471"
7316,Wilmington,New Hanover,Coastal,Residential,Urban (>70% Developed),NA,Urban,20 - 25  MPH,Stop And Go Signal,Clear,No,44,40-49,No,NA,With Traffic,C: Possible Injury,Sidewalk / Crosswalk / Driveway Crossing,White,Female,26,25-29,No,NA,6-10 mph,O: No Injury,White,Male,Passenger Car,No,11OCT2007,Thursday,Motorist Left Turn / Merge,8,Intersection,October,C: Possible Injury,08:34:00,Motorist Left Turn - Opposite Direction,2007,Yes,No,Daylight,Straight - Level,Local Street,Dry,"Two-Way, Not Divided",None,Four-Way Intersection,Smooth Asphalt,2 lanes,"34.227986765, -77.9450023211"
7322,Graham,Alamance,Piedmont,Residential,Urban (>70% Developed),NA,Urban,30 - 35  MPH,No Control Present,Cloudy,No,30,30-39,No,NA,With Traffic,A: Disabling Injury,Travel Lane,Black,Male,20,20-24,No,NA,26-30 mph,O: No Injury,Black,Male,Passenger Car,No,04JUN2007,Monday,Head-On,20,Non-Intersection,June,A: Disabling Injury,20:24:00,Head-On - Motorist,2007,Yes,No,Dusk,Straight - Grade,Local Street,Dry,"Two-Way, Not Divided",None,No Special Feature,Smooth Asphalt,2 lanes,"36.0741651152, -79.4090528584"
7326,Raeford,Hoke,Coastal,Commercial,Mixed (30% To 70% Developed),NA,Rural,20 - 25  MPH,Flashing Stop And Go Signal,Clear,No,41,40-49,No,NA,Facing Traffic,Unknown Injury,Travel Lane,Black,Male,70+,70+,No,NA,16-20 mph,O: No Injury,White,Male,Pickup,No,14OCT2007,Sunday,Head-On,16,Non-Intersection,October,O: No Injury,16:53:00,Head-On - Bicyclist,2007,Yes,No,Daylight,Straight - Level,NC Route,Dry,"Two-Way, Not Divided",None,Four-Way Intersection,Smooth Asphalt,2 lanes,"34.9790368862, -79.2240427443"
7346,Asheville,Buncombe,Mountains,Commercial,Urban (>70% Developed),NA,Urban,30 - 35  MPH,No Control Present,Rain,No,28,25-29,No,NA,With Traffic,C: Possible Injury,Travel Lane,White,Female,NA,NA,Missing,NA,21-25 mph,Unknown Injury,Unknown/Missing,NA,NA,No,24OCT2007,Wednesday,Parallel Paths - Other Circumstances,8,Non-Intersection,October,C: Possible Injury,08:04:00,Parallel Paths - Other / Unknown,2007,Yes,Yes,Daylight,Straight - Grade,Local Street,Wet,"One-Way, Not Divided",None,No Special Feature,Smooth Asphalt,2 lanes,"35.6097438986, -82.565257774"
7347,Hope Mills,Cumberland,Coastal,Commercial,Urban (>70% Developed),NA,Urban,40 - 45  MPH,No Control Present,Cloudy,No,NA,NA,No,NA,With Traffic,B: Evident Injury,Travel Lane,Asian,Male,50,50-59,No,NA,41-45 mph,O: No Injury,White,Male,Pickup,No,25OCT2007,Thursday,Motorist Overtaking Bicyclist,18,Non-Intersection,October,B: Evident Injury,18:51:00,Motorist Overtaking - Undetected Bicyclist,2007,Yes,No,Dark - Lighted Roadway,Straight - Level,NC Route,Wet,"Two-Way, Not Divided",None,No Special Feature,Smooth Asphalt,5 lanes,"35.0077869016, -78.966992668"
7350,Fayetteville,Cumberland,Coastal,Commercial,Rural (<30% Developed),NA,Urban,20 - 25  MPH,No Control Present,Rain,No,25,25-29,No,NA,NA,B: Evident Injury,NA,Black,Male,NA,NA,Missing,NA,16-20 mph,Unknown Injury,Unknown/Missing,NA,NA,No,26OCT2007,Friday,Other / Unknown - Insufficient Details,23,Non-Intersection,October,B: Evident Injury,23:34:00,Unknown Approach Paths,2007,Yes,Yes,Dark - Lighted Roadway,Straight - Level,Local Street,Wet,"Two-Way, Not Divided",None,No Special Feature,Coarse Asphalt,1 lane,"35.0930319201, -78.955512669"
7360,Wilmington,New Hanover,Coastal,Commercial,Urban (>70% Developed),NA,Urban,40 - 45  MPH,No Control Present,Clear,No,13,11-15,No,NA,Not Applicable,A: Disabling Injury,NA,White,Male,70+,70+,No,NA,31-35 mph,O: No Injury,White,Male,Passenger Car,No,29OCT2007,Monday,Bicyclist Failed to Yield - Midblock,12,Non-Intersection,October,A: Disabling Injury,12:34:00,Bicyclist Ride Out - Midblock - Unknown,2007,Yes,No,Daylight,Straight - Level,Local Street,Dry,"Two-Way, Divided, Unprotected Median",NA,No Special Feature,Smooth Asphalt,4 lanes,"34.1950367591, -77.8891523025"
7371,Rockingham,Richmond,Piedmont,Commercial,Urban (>70% Developed),NA,Urban,30 - 35  MPH,No Control Present,Clear,No,54,50-59,No,NA,With Traffic,B: Evident Injury,Travel Lane,Black,Male,39,30-39,No,NA,31-35 mph,O: No Injury,White,Female,Passenger Car,No,04NOV2007,Sunday,Motorist Overtaking Bicyclist,11,Non-Intersection,November,B: Evident Injury,11:10:00,Motorist Overtaking - Other / Unknown,2007,Yes,No,Daylight,Straight - Level,Local Street,Dry,"Two-Way, Not Divided",None,No Special Feature,Smooth Asphalt,2 lanes,"34.9266618561, -79.7763429066"
7377,None - Rural Crash,Stokes,Piedmont,"Farms, Woods, Pastures",Rural (<30% Developed),NA,Rural,50 - 55  MPH,"Double Yellow Line, No Passing Zone",Clear,No,46,40-49,No,NA,With Traffic,B: Evident Injury,Travel Lane,White,Male,64,60-69,No,NA,41-45 mph,O: No Injury,White,Male,Van,No,07NOV2007,Wednesday,Motorist Overtaking Bicyclist,18,Non-Intersection,November,B: Evident Injury,18:08:00,Motorist Overtaking - Undetected Bicyclist,2007,Yes,No,Dark - Roadway Not Lighted,Straight - Level,State Secondary Route,Dry,"Two-Way, Not Divided",None,No Special Feature,Smooth Asphalt,2 lanes,"36.2742671226, -80.3368631493"
7379,Raleigh,Wake,Piedmont,Commercial,Urban (>70% Developed),NA,Urban,30 - 35  MPH,No Control Present,Clear,No,25,25-29,No,NA,With Traffic,O: No Injury,Travel Lane,White,Female,NA,NA,Missing,NA,NA,Unknown Injury,Unknown/Missing,NA,Sport Utility,No,06NOV2007,Tuesday,Bicyclist Overtaking Motorist,12,Non-Intersection,November,O: No Injury,12:29:00,Bicyclist Overtaking - Parked Vehicle,2007,No,No,Daylight,Straight - Level,Local Street,Dry,"Two-Way, Not Divided",None,No Special Feature,Coarse Asphalt,2 lanes,"35.794902081, -78.7004126282"
7381,Greensboro,Guilford,Piedmont,Commercial,Urban (>70% Developed),NA,Urban,30 - 35  MPH,Stop And Go Signal,Clear,No,47,40-49,No,NA,Facing Traffic,C: Possible Injury,NA,White,Male,26,25-29,No,NA,0-5 mph,O: No Injury,White,Male,Sport Utility,No,08NOV2007,Thursday,Motorist Failed to Yield - Signalized Intersection,12,Intersection,November,C: Possible Injury,12:57:00,Motorist Drive Out - Signalized Intersection,2007,No,No,Daylight,Straight - Level,Local Street,Dry,"Two-Way, Not Divided",None,Four-Way Intersection,Smooth Asphalt,4 lanes,"36.0556750958, -79.8307129842"
7384,Albemarle,Stanly,Piedmont,Residential,Urban (>70% Developed),NA,Urban,30 - 35  MPH,Stop Sign,Clear,No,12,11-15,No,NA,With Traffic,C: Possible Injury,Travel Lane,Black,Male,18,0-19,No,NA,26-30 mph,O: No Injury,White,Male,Pickup,No,09NOV2007,Friday,Bicyclist Failed to Yield - Sign-Controlled Intersection,16,Intersection,November,C: Possible Injury,16:03:00,Bicyclist Ride Through - Sign-Controlled Intersection,2007,Yes,No,Daylight,Straight - Level,Local Street,Dry,"Two-Way, Not Divided",None,Four-Way Intersection,Coarse Asphalt,2 lanes,"35.3650469349, -80.2036530585"
7389,Raleigh,Wake,Piedmont,Residential,Urban (>70% Developed),NA,Urban,20 - 25  MPH,No Control Present,Clear,No,34,30-39,No,NA,Facing Traffic,O: No Injury,Travel Lane,White,Male,47,40-49,No,NA,6-10 mph,O: No Injury,Asian,Male,Passenger Car,No,13NOV2007,Tuesday,Head-On,18,Non-Intersection,November,O: No Injury,18:10:00,Head-On - Bicyclist,2007,Yes,No,Dark - Lighted Roadway,Straight - Level,Local Street,Dry,"Two-Way, Divided, Unprotected Median",None,No Special Feature,Concrete,2 lanes,"35.7862240799, -78.6622876164"
7392,Asheville,Buncombe,Mountains,Residential,Urban (>70% Developed),NA,Urban,20 - 25  MPH,No Control Present,Clear,No,36,30-39,No,NA,With Traffic,C: Possible Injury,Travel Lane,White,Male,44,40-49,No,NA,NA,O: No Injury,Black,Male,Passenger Car,No,14NOV2007,Wednesday,Motorist Left Turn / Merge,20,Non-Intersection,November,C: Possible Injury,20:14:00,Motorist Left Turn - Opposite Direction,2007,No,No,Dark - Lighted Roadway,Straight - Level,Local Street,Dry,"Two-Way, Not Divided",None,No Special Feature,Smooth Asphalt,2 lanes,"35.6032398975, -82.5525137707"
7406,None - Rural Crash,Wayne,Coastal,Residential,Urban (>70% Developed),NA,Rural,40 - 45  MPH,No Control Present,Cloudy,No,40,40-49,Yes,NA,With Traffic,C: Possible Injury,Travel Lane,White,Male,70+,70+,No,NA,36-40 mph,O: No Injury,White,Female,Passenger Car,Yes,26NOV2007,Monday,Motorist Overtaking Bicyclist,17,Non-Intersection,November,C: Possible Injury,17:42:00,Motorist Overtaking - Misjudged Space,2007,Yes,No,Dark - Roadway Not Lighted,Straight - Level,State Secondary Route,Wet,"Two-Way, Not Divided",None,No Special Feature,Coarse Asphalt,2 lanes,"35.3321570026, -78.0782424159"
7410,Grantsboro,Pamlico,Coastal,"Farms, Woods, Pastures",Rural (<30% Developed),NA,Rural,50 - 55  MPH,"Double Yellow Line, No Passing Zone",Clear,No,45,40-49,No,NA,Facing Traffic,O: No Injury,Travel Lane,Hispanic,Male,63,60-69,No,NA,46-50 mph,O: No Injury,Black,Female,Sport Utility,No,28NOV2007,Wednesday,Bicyclist Right Turn / Merge,17,Non-Intersection,November,O: No Injury,17:52:00,Bicyclist Right Turn - Same Direction,2007,No,No,Dark - Roadway Not Lighted,Straight - Level,NC Route,Dry,"Two-Way, Not Divided",None,No Special Feature,Smooth Asphalt,2 lanes,"35.1293439994, -76.8408070287"
7413,Greensboro,Guilford,Piedmont,Commercial,Urban (>70% Developed),NA,Urban,30 - 35  MPH,No Control Present,Clear,No,51,50-59,No,NA,With Traffic,C: Possible Injury,Travel Lane,Black,Male,50,50-59,No,NA,0-5 mph,O: No Injury,White,Male,Pickup,No,28NOV2007,Wednesday,Motorist Failed to Yield - Midblock,6,Non-Intersection,November,C: Possible Injury,06:39:00,Motorist Drive Out - Commercial Driveway / Alley,2007,Yes,No,Dark - Lighted Roadway,Straight - Level,Local Street,Dry,"Two-Way, Divided, Unprotected Median",None,No Special Feature,Smooth Asphalt,1 lane,"36.0382990929, -79.7999979742"
7414,None - Rural Crash,Pitt,Coastal,"Farms, Woods, Pastures",Rural (<30% Developed),NA,Rural,50 - 55  MPH,"Double Yellow Line, No Passing Zone",Clear,No,NA,NA,Missing,NA,With Traffic,Unknown Injury,Travel Lane,Unknown/Missing,NA,41,40-49,No,NA,51-55 mph,O: No Injury,White,Female,Passenger Car,No,29NOV2007,Thursday,Motorist Overtaking Bicyclist,18,Non-Intersection,November,O: No Injury,18:35:00,Motorist Overtaking - Other / Unknown,2007,No,No,Dark - Roadway Not Lighted,Straight - Level,State Secondary Route,Dry,"Two-Way, Not Divided",None,No Special Feature,Smooth Asphalt,2 lanes,"35.4929730618, -77.3538122035"
7424,Greenville,Pitt,Coastal,Commercial,Urban (>70% Developed),NA,Urban,30 - 35  MPH,No Control Present,Clear,No,15,11-15,No,NA,NA,B: Evident Injury,NA,Black,Male,64,60-69,No,NA,31-35 mph,O: No Injury,Hispanic,NA,"Light Truck (Mini-Van, Panel)",No,03DEC2007,Monday,Bicyclist Failed to Yield - Midblock,16,Non-Intersection,December,B: Evident Injury,16:34:00,Bicyclist Ride Out - Midblock - Unknown,2007,Yes,No,Daylight,Straight - Level,Local Street,Dry,"Two-Way, Not Divided",None,No Special Feature,Smooth Asphalt,4 lanes,"35.6073950862, -77.3849822189"
7434,None - Rural Crash,Wake,Piedmont,"Farms, Woods, Pastures",Rural (<30% Developed),NA,Rural,50 - 55  MPH,"Double Yellow Line, No Passing Zone",Clear,No,22,20-24,No,NA,With Traffic,B: Evident Injury,Travel Lane,White,Male,33,30-39,No,NA,46-50 mph,Unknown Injury,White,Male,NA,No,09DEC2007,Sunday,Motorist Overtaking Bicyclist,17,Non-Intersection,December,B: Evident Injury,17:43:00,Motorist Overtaking - Misjudged Space,2007,Yes,Yes,Dark - Roadway Not Lighted,Straight - Grade,NC Route,Dry,"Two-Way, Not Divided",None,No Special Feature,Coarse Asphalt,2 lanes,"35.585304037, -78.6625626056"
7437,Roanoke Rapids,Halifax,Coastal,Commercial,Urban (>70% Developed),NA,Urban,20 - 25  MPH,Stop And Go Signal,Clear,No,14,11-15,No,NA,With Traffic,C: Possible Injury,Travel Lane,White,Male,67,60-69,No,NA,16-20 mph,O: No Injury,White,Male,Passenger Car,No,20DEC2007,Thursday,Bicyclist Left Turn / Merge,15,Intersection,December,C: Possible Injury,15:34:00,Bicyclist Left Turn - Same Direction,2007,No,No,Daylight,Straight - Level,Local Street,Dry,"Two-Way, Not Divided",None,Four-Way Intersection,Smooth Asphalt,4 lanes,"36.4647872603, -77.6541323455"