object_id,city,county,region,development,locality,on_road,rural_urban,speed_limit,traffic_control,weather,workzone,bike_age,bike_age_group,bike_alcohol,bike_alcohol_drugs,bike_direction,bike_injury,bike_position,bike_race,bike_sex,driver_age,driver_age_group,driver_alcohol,driver_alcohol_drugs,driver_est_speed,driver_injury,driver_race,driver_sex,driver_vehicle_type,crash_alcohol,crash_date,crash_day,crash_group,crash_hour,crash_location,crash_month,crash_severity,crash_time,crash_type,crash_year,ambulance_req,hit_run,light_condition,road_character,road_class,road_condition,road_configuration,road_defects,road_feature,road_surface,num_lanes,geo_point
7443,Raleigh,Wake,Piedmont,Commercial,Urban (>70% Developed),NA,Urban,30 - 35  MPH,Stop Sign,Clear,No,23,20-24,No,NA,With Traffic,C: Possible Injury,Travel Lane,White,Male,27,25-29,No,NA,21-25 mph,O: No Injury,Black,Female,Pickup,No,14DEC2007,Friday,Motorist Failed to Yield - Sign-Controlled Intersection,17,Intersection,December,C: Possible Injury,17:42:00,Motorist Drive Out - Sign-Controlled Intersection,2007,Yes,No,Dark - Lighted Roadway,Straight - Grade,Local Street,Dry,"Two-Way, Not Divided",None,No Special Feature,Coarse Asphalt,2 lanes,"35.7828520802, -78.6490426123"
7448,Hamlet,Richmond,Piedmont,Residential,Mixed (30% To 70% Developed),NA,Urban,30 - 35  MPH,No Control Present,Clear,No,53,50-59,No,NA,With Traffic,C: Possible Injury,Bike Lane / Paved Shoulder,Black,Male,65,60-69,No,NA,21-25 mph,O: No Injury,White,Female,Passenger Car,No,17DEC2007,Monday,Motorist Overtaking Bicyclist,1,Non-Intersection,December,C: Possible Injury,01:34:00,Motorist Overtaking - Undetected Bicyclist,2007,Yes,No,Dark - Unknown Lighting,Straight - Level,Local Street,Dry,"Two-Way, Not Divided",None,No Special Feature,Smooth Asphalt,2 lanes,"34.8959608514, -79.7035478835"
7453,Fayetteville,Cumberland,Coastal,Residential,Urban (>70% Developed),NA,Urban,20 - 25  MPH,Stop And Go Signal,Rain,No,17,16-19,No,NA,Facing Traffic,C: Possible Injury,Travel Lane,Black,Male,52,50-59,No,NA,0-5 mph,C: Possible Injury,Black,Male,Passenger Car,No,26DEC2007,Wednesday,Crossing Paths - Other Circumstances,11,Intersection,December,C: Possible Injury,11:44:00,Signalized Intersection - Other / Unknown,2007,Yes,No,Daylight,Straight - Level,Local Street,Wet,"Two-Way, Not Divided",None,Four-Way Intersection,Smooth Asphalt,2 lanes,"35.0277819066, -78.9608866672"
7456,Reidsville,Rockingham,Piedmont,Residential,Rural (<30% Developed),NA,Urban,20 - 25  MPH,Stop Sign,Rain,No,NA,NA,Missing,NA,NA,Unknown Injury,Travel Lane,Unknown/Missing,NA,70+,70+,No,NA,11-15 mph,O: No Injury,Black,Female,Passenger Car,No,15DEC2007,Saturday,Bicyclist Failed to Yield - Sign-Controlled Intersection,12,Intersection,December,O: No Injury,12:11:00,Bicyclist Ride Out - Sign-Controlled Intersection,2007,No,No,Daylight,Straight - Level,Local Street,Wet,"Two-Way, Not Divided",None,Four-Way Intersection,Smooth Asphalt,2 lanes,"36.359844165, -79.6744329545"
7458,None - Rural Crash,Columbus,Coastal,"Farms, Woods, Pastures",Rural (<30% Developed),NA,Rural,50 - 55  MPH,"Double Yellow Line, No Passing Zone",Clear,No,27,25-29,No,NA,Facing Traffic,B: Evident Injury,Travel Lane,Hispanic,Female,41,40-49,No,NA,56-60 mph,O: No Injury,White,Male,Pickup,No,29DEC2007,Saturday,Head-On,9,Non-Intersection,December,B: Evident Injury,09:58:00,Head-On - Bicyclist,2007,Yes,No,Daylight,Straight - Level,NC Route,Dry,"Two-Way, Not Divided",None,No Special Feature,Coarse Asphalt,2 lanes,"34.1193067109, -78.8447125872"
7460,Eden,Rockingham,Piedmont,Residential,Urban (>70% Developed),NA,Urban,30 - 35  MPH,Stop Sign,Clear,No,NA,NA,No,NA,With Traffic,Unknown Injury,Travel Lane,Unknown/Missing,NA,65,60-69,No,NA,31-35 mph,O: No Injury,White,Male,Passenger Car,No,14AUG2007,Tuesday,Bicyclist Failed to Yield - Sign-Controlled Intersection,15,Intersection,August,O: No Injury,15:42:00,Bicyclist Ride Through - Sign-Controlled Intersection,2007,No,No,Daylight,Straight - Level,Local Street,Dry,"Two-Way, Divided, Unprotected Median",None,Four-Way Intersection,Coarse Asphalt,2 lanes,"36.498439191, -79.7679929901"
7463,Greensboro,Guilford,Piedmont,Commercial,Urban (>70% Developed),NA,Urban,30 - 35  MPH,Stop Sign,Clear,No,38,30-39,No,NA,With Traffic,C: Possible Injury,Travel Lane,White,Male,16,0-19,No,NA,6-10 mph,O: No Injury,White,Female,Passenger Car,No,04SEP2007,Tuesday,Loss of Control / Turning Error,16,Intersection,September,C: Possible Injury,16:00:00,Bicyclist Turning Error - Left Turn,2007,No,No,Daylight,Straight - Level,Local Street,Dry,"Two-Way, Divided, Positive Median Barrier",None,T-Intersection,Smooth Asphalt,3 lanes,"36.0681220992, -79.7977429744"
7467,Wilmington,New Hanover,Coastal,Commercial,Urban (>70% Developed),NA,Urban,30 - 35  MPH,Stop And Go Signal,Clear,No,0,0-5,No,NA,NA,C: Possible Injury,NA,White,Male,47,40-49,No,NA,26-30 mph,O: No Injury,White,Male,Sport Utility,No,19OCT2007,Friday,Bicyclist Failed to Yield - Midblock,8,Non-Intersection,October,C: Possible Injury,08:08:00,Bicyclist Ride Out - Midblock - Unknown,2007,Yes,No,Daylight,Straight - Level,Local Street,Dry,"Two-Way, Divided, Unprotected Median",None,Four-Way Intersection,Smooth Asphalt,5 lanes,"34.1983967592, -77.8942823042"
3002,Wilmington,New Hanover,Coastal,Residential,Urban (>70% Developed),NA,Urban,NA,No Control Present,Clear,No,7,6-10,No,NA,Not Applicable,C: Possible Injury,Travel Lane,White,Male,58,50-59,No,NA,NA,O: No Injury,White,Female,Passenger Car,No,20APR2011,Wednesday,Other / Unknown - Insufficient Details,23,Non-Intersection,April,C: Possible Injury,23:19:00,Unknown Approach Paths,2011,Yes,No,Daylight,Straight - Level,Local Street,Dry,"Two-Way, Not Divided",None,No Special Feature,Coarse Asphalt,2 lanes,"34.2050167611, -77.8959023054"
3005,Brevard,Transylvania,Mountains,Commercial,Urban (>70% Developed),NA,Urban,40 - 45  MPH,Stop And Go Signal,Clear,No,17,16-19,No,NA,Not Applicable,B: Evident Injury,Bike Lane / Paved Shoulder,White,Male,33,30-39,No,NA,31-35 mph,O: No Injury,Black,Male,Passenger Car,No,21MAY2011,Saturday,Bicyclist Failed to Yield - Signalized Intersection,14,Intersection,May,B: Evident Injury,14:49:00,Bicyclist Ride Through - Signalized Intersection,2011,Yes,No,Daylight,Straight - Grade,Local Street,Dry,"Two-Way, Not Divided",None,Four-Way Intersection,Smooth Asphalt,5 lanes,"35.2495268165, -82.7218037996"
3007,Laurinburg,Scotland,Coastal,Residential,Urban (>70% Developed),NA,Urban,20 - 25  MPH,Stop Sign,Clear,No,14,11-15,No,NA,Facing Traffic,C: Possible Injury,Travel Lane,Black,Male,70+,70+,No,NA,21-25 mph,O: No Injury,White,Male,Pickup,No,30APR2011,Saturday,Bicyclist Failed to Yield - Sign-Controlled Intersection,18,Intersection,April,C: Possible Injury,18:00:00,Bicyclist Ride Through - Sign-Controlled Intersection,2011,No,No,Daylight,Straight - Level,Local Street,Dry,"Two-Way, Not Divided",None,No Special Feature,Coarse Asphalt,2 lanes,"34.7740968343, -79.4449027993"
1433,Emerald Isle,Carteret,Coastal,Residential,Urban (>70% Developed),COAST GUARD RD,Rural,30 - 35  MPH,No Control Present,Clear,No,48,40-49,No,NA,With Traffic,C: Possible Injury,Bike Lane / Paved Shoulder,White,Male,70+,70+,No,NA,31-35 mph,O: No Injury,White,Male,Passenger Car,No,24JUL2013,Wednesday,Motorist Overtaking Bicyclist,12,Non-Intersection,July,C: Possible Injury,12:07:00,Motorist Overtaking - Other / Unknown,2013,No,No,Daylight,Straight - Hillcrest,Local Street,Dry,"Two-Way, Divided, Unprotected Median",None,No Special Feature,Coarse Asphalt,2 lanes,"34.657666888, -77.075002078"
1439,Salisbury,Rowan,Piedmont,Commercial,Urban (>70% Developed),N LONG ST,Urban,30 - 35  MPH,No Control Present,Clear,No,43,40-49,No,NA,With Traffic,O: No Injury,Travel Lane,Black,Male,35,30-39,No,NA,16-20 mph,O: No Injury,Black,Female,Sport Utility,No,10SEP2013,Tuesday,Bicyclist Left Turn / Merge,16,Intersection,September,O: No Injury,16:14:00,Bicyclist Left Turn - Same Direction,2013,No,No,Daylight,Straight - Grade,Local Street,Dry,"Two-Way, Not Divided",None,No Special Feature,Smooth Asphalt,2 lanes,"35.6698469907, -80.4601031519"
1450,None - Rural Crash,Swain,Mountains,"Farms, Woods, Pastures",Rural (<30% Developed),NC 28,Rural,50 - 55  MPH,No Control Present,Clear,No,70+,70+,No,NA,With Traffic,K: Killed,Travel Lane,White,Male,53,50-59,No,NA,51-55 mph,O: No Injury,White,Female,Passenger Car,No,06SEP2013,Friday,Motorist Overtaking Bicyclist,17,Non-Intersection,September,K: Killed,17:02:00,Motorist Overtaking - Other / Unknown,2013,Yes,No,Daylight,Straight - Grade,NC Route,Dry,"Two-Way, Divided, Positive Median Barrier",None,Bridge,Smooth Asphalt,4 lanes,"35.3728568097, -83.5634040538"
1455,Raleigh,Wake,Piedmont,Commercial,Urban (>70% Developed),DURALEGH RD,Urban,40 - 45  MPH,No Control Present,Clear,No,30,30-39,No,NA,With Traffic,B: Evident Injury,Travel Lane,White,Male,NA,NA,Missing,NA,16-20 mph,Unknown Injury,Unknown/Missing,NA,Passenger Car,No,09SEP2013,Monday,Motorist Right Turn / Merge,15,Intersection,September,B: Evident Injury,15:08:00,Motorist Right Turn - Same Direction,2013,Yes,Yes,Daylight,Straight - Level,Local Street,Dry,"Two-Way, Divided, Unprotected Median",None,No Special Feature,Smooth Asphalt,2 lanes,"35.8247970865, -78.7084026326"
1457,Jamestown,Guilford,Piedmont,"Farms, Woods, Pastures",Mixed (30% To 70% Developed),SR 1546,Rural,40 - 45  MPH,Stop And Go Signal,Clear,No,53,50-59,No,NA,Facing Traffic,B: Evident Injury,Travel Lane,White,Male,29,25-29,No,NA,0-5 mph,O: No Injury,White,Female,Passenger Car,No,11SEP2013,Wednesday,Bicyclist Failed to Yield - Signalized Intersection,7,Intersection,September,B: Evident Injury,07:39:00,Bicyclist Ride Through - Signalized Intersection,2013,Yes,No,Daylight,Straight - Level,State Secondary Route,Dry,"Two-Way, Not Divided",None,Four-Way Intersection,Smooth Asphalt,2 lanes,"36.012367083, -79.9276030109"
1459,None - Rural Crash,Halifax,Coastal,Residential,Rural (<30% Developed),SR 1520,Rural,50 - 55  MPH,"Double Yellow Line, No Passing Zone",Clear,No,15,11-15,No,NA,Facing Traffic,B: Evident Injury,Travel Lane,Black,Male,31,30-39,No,NA,41-45 mph,O: No Injury,Black,Female,Passenger Car,No,02SEP2013,Monday,Bicyclist Right Turn / Merge,19,Non-Intersection,September,B: Evident Injury,19:58:00,Bicyclist Right Turn - Same Direction,2013,Yes,No,Daylight,Curve - Level,State Secondary Route,Dry,"Two-Way, Not Divided",None,No Special Feature,Smooth Asphalt,2 lanes,"36.4253372441, -77.8641024082"
1462,Elizabeth City,Pasquotank,Coastal,Commercial,Urban (>70% Developed),WEEKSVILLE ROAD,Urban,50 - 55  MPH,Stop And Go Signal,Cloudy,No,39,30-39,No,NA,With Traffic,B: Evident Injury,Travel Lane,Black,Male,32,30-39,No,NA,46-50 mph,O: No Injury,Black,Male,Passenger Car,No,16SEP2013,Monday,Motorist Overtaking Bicyclist,23,Intersection,September,B: Evident Injury,23:40:00,Motorist Overtaking - Undetected Bicyclist,2013,Yes,No,Dark - Lighted Roadway,Straight - Level,Local Street,Dry,"Two-Way, Not Divided",None,No Special Feature,Smooth Asphalt,5 lanes,"36.2710672682, -76.2074018917"
1466,Kitty Hawk,Dare,Coastal,Commercial,Urban (>70% Developed),CROATAN HWY,Rural,50 - 55  MPH,Stop And Go Signal,Clear,No,20,20-24,No,NA,Facing Traffic,C: Possible Injury,Sidewalk / Crosswalk / Driveway Crossing,Asian,Female,36,30-39,No,NA,0-5 mph,O: No Injury,White,Female,Sport Utility,No,22AUG2013,Thursday,Motorist Failed to Yield - Signalized Intersection,13,Intersection,August,C: Possible Injury,13:34:00,Motorist Drive Out - Right Turn on Red,2013,Yes,No,Daylight,Straight - Level,US Route,Dry,"Two-Way, Not Divided",None,Four-Way Intersection,Coarse Asphalt,6 lanes,"36.0991072474, -75.7205017332"
1470,None - Rural Crash,Orange,Piedmont,"Farms, Woods, Pastures",Rural (<30% Developed),SR 1343,Rural,50 - 55  MPH,"Double Yellow Line, No Passing Zone",Clear,No,56,50-59,No,NA,With Traffic,A: Disabling Injury,NA,White,Female,35,30-39,No,NA,51-55 mph,O: No Injury,White,Male,Pickup,No,18SEP2013,Wednesday,Parallel Paths - Other Circumstances,17,Non-Intersection,September,A: Disabling Injury,17:34:00,Parallel Paths - Other / Unknown,2013,Yes,No,Daylight,Straight - Hillcrest,State Secondary Route,Dry,"Two-Way, Not Divided",None,No Special Feature,Smooth Asphalt,3 lanes,"36.1391271351, -79.2203028048"
1474,Durham,Durham,Piedmont,Commercial,Urban (>70% Developed),CHAPEL HILL RD,Urban,30 - 35  MPH,No Control Present,Clear,No,26,25-29,No,NA,With Traffic,O: No Injury,Travel Lane,White,Female,31,30-39,No,NA,6-10 mph,O: No Injury,Black,Male,Passenger Car,No,19SEP2013,Thursday,Motorist Left Turn / Merge,21,Intersection,September,O: No Injury,21:17:00,Motorist Left Turn - Opposite Direction,2013,No,No,Dark - Lighted Roadway,Straight - Level,Local Street,Dry,"Two-Way, Divided, Unprotected Median",None,No Special Feature,Smooth Asphalt,2 lanes,"35.9877671138, -78.9257027064"
1476,None - Rural Crash,Harnett,Coastal,"Farms, Woods, Pastures",Rural (<30% Developed),SR 1229,Rural,50 - 55  MPH,"Double Yellow Line, No Passing Zone",Clear,No,8,6-10,No,NA,Not Applicable,O: No Injury,Driveway / Alley,White,Male,29,25-29,No,NA,36-40 mph,O: No Injury,White,Female,Sport Utility,No,15SEP2013,Sunday,Bicyclist Failed to Yield - Midblock,20,Non-Intersection,September,O: No Injury,20:10:00,Bicyclist Ride Out - Residential Driveway,2013,No,No,Dusk,Straight - Level,State Secondary Route,Dry,"Two-Way, Not Divided",None,No Special Feature,Coarse Asphalt,2 lanes,"35.3677169779, -79.0017026969"
1483,None - Rural Crash,Wayne,Coastal,Residential,Mixed (30% To 70% Developed),NC 55,Rural,50 - 55  MPH,No Control Present,Rain,No,20,20-24,Yes,NA,Facing Traffic,B: Evident Injury,Travel Lane,White,Female,25,25-29,No,NA,41-45 mph,O: No Injury,White,Male,Pickup,Yes,22SEP2013,Sunday,Head-On,2,Non-Intersection,September,B: Evident Injury,02:54:00,Head-On - Bicyclist,2013,Yes,No,Dark - Roadway Not Lighted,Straight - Level,NC Route,Wet,"Two-Way, Not Divided",None,No Special Feature,Smooth Asphalt,2 lanes,"35.1861969739, -77.9757023776"
1485,Greensboro,Guilford,Piedmont,Commercial,Urban (>70% Developed),BATTLEGROUND AV,Urban,30 - 35  MPH,No Control Present,Clear,No,28,25-29,No,NA,With Traffic,C: Possible Injury,Travel Lane,White,Male,70+,70+,No,NA,21-25 mph,O: No Injury,White,Female,Passenger Car,No,23SEP2013,Monday,Motorist Overtaking Bicyclist,10,Intersection-Related,September,C: Possible Injury,10:31:00,Motorist Overtaking - Misjudged Space,2013,Yes,No,Daylight,Curve - Grade,Local Street,Dry,"Two-Way, Divided, Positive Median Barrier",None,No Special Feature,Smooth Asphalt,6 lanes,"36.0891271028, -79.80980298"
1489,Cary,Wake,Piedmont,Residential,Urban (>70% Developed),8622 CHAPEL HILL RD,Urban,20 - 25  MPH,No Control Present,Clear,No,64,60-69,No,NA,With Traffic,C: Possible Injury,Travel Lane,White,Male,46,40-49,No,NA,6-10 mph,O: No Injury,Black,Female,Passenger Car,No,01SEP2013,Sunday,Motorist Right Turn / Merge,8,Non-Intersection,September,C: Possible Injury,08:24:00,Motorist Right Turn - Same Direction,2013,Yes,No,Daylight,Straight - Level,State Secondary Route,Dry,"Two-Way, Not Divided",None,No Special Feature,Coarse Asphalt,2 lanes,"35.7919870774, -78.7851026535"
1493,Asheville,Buncombe,Mountains,Commercial,Urban (>70% Developed),US 25,Urban,40 - 45  MPH,Stop Sign,Clear,No,27,25-29,No,NA,With Traffic,C: Possible Injury,Travel Lane,White,Male,61,60-69,No,NA,6-10 mph,O: No Injury,Black,Female,Passenger Car,No,28AUG2013,Wednesday,Loss of Control / Turning Error,18,Intersection,August,C: Possible Injury,18:09:00,Motorist Turning Error - Right Turn,2013,No,No,Daylight,Straight - Hillcrest,US Route,Dry,"Two-Way, Not Divided",None,T-Intersection,NA,5 lanes,"35.579656892, -82.5534037693"
1495,Whiteville,Columbus,Coastal,Commercial,Urban (>70% Developed),JEFFERSON ST,Urban,40 - 45  MPH,No Control Present,Cloudy,No,40,40-49,No,NA,NA,B: Evident Injury,NA,White,Male,NA,NA,No,NA,31-35 mph,O: No Injury,Black,Male,Passenger Car,No,25SEP2013,Wednesday,Parallel Paths - Other Circumstances,22,Intersection,September,B: Evident Injury,22:00:00,Parallel Paths - Other / Unknown,2013,No,No,Dark - Lighted Roadway,Straight - Level,Local Street,Wet,"Two-Way, Not Divided",None,No Special Feature,Coarse Asphalt,1 lane,"34.3390267648, -78.6913025513"
1498,None - Rural Crash,Orange,Piedmont,"Farms, Woods, Pastures",Rural (<30% Developed),US 15,Rural,40 - 45  MPH,No Control Present,Clear,No,41,40-49,Yes,NA,With Traffic,K: Killed,Travel Lane,Black,Male,NA,NA,No,NA,61-65 mph,Unknown Injury,Unknown/Missing,NA,NA,Yes,19SEP2013,Thursday,Motorist Overtaking Bicyclist,23,Non-Intersection,September,K: Killed,23:35:00,Motorist Overtaking - Other / Unknown,2013,Yes,Yes,Dark - Roadway Not Lighted,Straight - Level,US Route,Dry,"Two-Way, Divided, Unprotected Median",None,No Special Feature,Smooth Asphalt,4 lanes,"35.8709370842, -79.0686027442"
501,Cary,Wake,Piedmont,Commercial,Urban (>70% Developed),SR 1747 (SW MAYNARD RD,Urban,5 - 15 MPH,Stop And Go Signal,Clear,No,23,20-24,NA,No,Facing Traffic,C: Possible Injury,Travel Lane,Hispanic,Male,NA,NA,NA,Missing,6-10 mph,Unknown Injury,Unknown/Missing,NA,NA,No,25JUL2014,Friday,Motorist Failed to Yield - Signalized Intersection,12,Intersection,July,C: Possible Injury,12:19:00,Motorist Drive Out - Signalized Intersection,2014,Yes,Yes,Daylight,Straight - Level,State Secondary Route,Dry,"Two-Way, Not Divided",None,T-Intersection,Smooth Asphalt,5 lanes,"35.7712570729, -78.7852326527"
504,Durham,Durham,Piedmont,Residential,Urban (>70% Developed),N DUKE ST,Urban,30 - 35  MPH,Stop And Go Signal,Rain,No,13,11-15,NA,No,With Traffic,C: Possible Injury,Sidewalk / Crosswalk / Driveway Crossing,Black,Male,36,30-39,NA,No,31-35 mph,O: No Injury,Black,Female,Passenger Car,No,08SEP2014,Monday,Bicyclist Failed to Yield - Signalized Intersection,16,Intersection,September,C: Possible Injury,16:00:00,Bicyclist Ride Out - Signalized  Intersection,2014,Yes,No,Daylight,Straight - Level,Local Street,Wet,"One-Way, Not Divided",None,No Special Feature,Smooth Asphalt,2 lanes,"36.0054121179, -78.9056127023"
506,Raleigh,Wake,Piedmont,Residential,Urban (>70% Developed),HARGETT ST,Urban,20 - 25  MPH,No Control Present,Clear,No,29,25-29,NA,No,With Traffic,O: No Injury,Travel Lane,White,Male,58,50-59,NA,No,11-15 mph,O: No Injury,White,Female,Passenger Car,No,05SEP2014,Friday,Motorist Left Turn / Merge,18,Intersection,September,O: No Injury,18:00:00,Motorist Left Turn - Opposite Direction,2014,No,No,Daylight,Straight - Level,Local Street,Dry,"Two-Way, Not Divided",None,No Special Feature,Smooth Asphalt,2 lanes,"35.7786520793, -78.6504776121"
518,Wilmington,NA,Coastal,Residential,Urban (>70% Developed),ROBERT E LEE DR,Urban,20 - 25  MPH,No Control Present,Clear,No,40,40-49,NA,No,With Traffic,B: Evident Injury,Travel Lane,White,Male,33,30-39,NA,No,6-10 mph,O: No Injury,White,Female,Passenger Car,No,21AUG2014,Thursday,Motorist Left Turn / Merge,19,Non-Intersection,August,B: Evident Injury,19:53:00,Motorist Left Turn - Opposite Direction,2014,Yes,No,Dark - Roadway Not Lighted,Straight - Level,Local Street,Dry,"Two-Way, Not Divided",None,No Special Feature,Smooth Asphalt,2 lanes,"34.1819907561, -77.8985623051"
519,Cary,Wake,Piedmont,Residential,Urban (>70% Developed),HARRISON AVE,Urban,40 - 45  MPH,No Control Present,Clear,No,17,16-19,NA,No,With Traffic,Unknown Injury,Travel Lane,Black,Male,NA,NA,NA,Missing,NA,Unknown Injury,Unknown/Missing,NA,NA,No,31JUL2014,Thursday,Motorist Overtaking Bicyclist,21,Non-Intersection,July,Unknown Injury,21:14:00,Motorist Overtaking - Other / Unknown,2014,Yes,Yes,Dark - Roadway Not Lighted,Straight - Grade,State Secondary Route,Dry,"Two-Way, Not Divided",None,No Special Feature,Smooth Asphalt,NA,"35.7962530777, -78.7830376539"
524,Kill Devil Hills,Dare,Coastal,Commercial,Urban (>70% Developed),W LAKE DR,Urban,20 - 25  MPH,Stop Sign,Clear,No,20,20-24,NA,No,Facing Traffic,B: Evident Injury,Sidewalk / Crosswalk / Driveway Crossing,Asian,Female,53,50-59,NA,No,0-5 mph,O: No Injury,White,Male,Van,No,31JUL2014,Thursday,Motorist Failed to Yield - Sign-Controlled Intersection,12,Intersection,July,B: Evident Injury,12:54:00,Motorist Drive Out - Sign-Controlled Intersection,2014,Yes,No,Daylight,Straight - Level,Local Street,Dry,"Two-Way, Not Divided",None,T-Intersection,Coarse Asphalt,2 lanes,"35.9958532276, -75.6504517061"
525,Fayetteville,Cumberland,Coastal,Residential,Mixed (30% To 70% Developed),RIM RD,Urban,40 - 45  MPH,No Control Present,Clear,No,29,25-29,NA,No,With Traffic,Unknown Injury,Travel Lane,White,Male,42,40-49,NA,No,21-25 mph,O: No Injury,White,Female,Pickup,No,14AUG2014,Thursday,Motorist Overtaking Bicyclist,20,Non-Intersection,August,O: No Injury,20:25:00,Motorist Overtaking - Misjudged Space,2014,No,No,Dark - Roadway Not Lighted,Straight - Level,Local Street,Dry,"Two-Way, Not Divided",None,No Special Feature,Coarse Asphalt,2 lanes,"35.0434969064, -79.0473586943"
528,Fayetteville,Cumberland,Coastal,Institutional,Urban (>70% Developed),RAMSEY ST,Urban,30 - 35  MPH,Stop Sign,Cloudy,No,41,40-49,NA,No,Facing Traffic,C: Possible Injury,Sidewalk / Crosswalk / Driveway Crossing,Black,Male,59,50-59,NA,No,0-5 mph,O: No Injury,Black,Female,Sport Utility,No,03AUG2014,Sunday,Motorist Failed to Yield - Sign-Controlled Intersection,14,Intersection,August,C: Possible Injury,14:36:00,Motorist Drive Out - Sign-Controlled Intersection,2014,Yes,No,Daylight,Straight - Grade,Local Street,Dry,"Two-Way, Divided, Unprotected Median",None,T-Intersection,Smooth Asphalt,6 lanes,"35.087856922, -78.8791986452"
529,Wilmington,New Hanover,Coastal,Commercial,Urban (>70% Developed),PVA 351 S COLLEGE RD,Urban,5 - 15 MPH,Stop Sign,Cloudy,No,28,25-29,NA,"Yes-Alcohol, no impairment detected",Facing Traffic,C: Possible Injury,Sidewalk / Crosswalk / Driveway Crossing,White,Male,42,40-49,NA,No,0-5 mph,O: No Injury,White,Female,Sport Utility,Yes,11AUG2014,Monday,Motorist Failed to Yield - Sign-Controlled Intersection,15,Intersection,August,C: Possible Injury,15:14:00,Motorist Drive Out - Sign-Controlled Intersection,2014,Yes,No,Daylight,Straight - Level,Public Vehicular Area,Dry,"Two-Way, Not Divided",None,No Special Feature,Smooth Asphalt,NA,"34.2354467682, -77.8731523001"
532,None - Rural Crash,Carteret,Coastal,Residential,Mixed (30% To 70% Developed),SR 1140,Rural,40 - 45  MPH,"Double Yellow Line, No Passing Zone",Clear,No,12,11-15,NA,No,Facing Traffic,O: No Injury,Travel Lane,White,Male,67,60-69,NA,No,21-25 mph,O: No Injury,White,Female,Passenger Car,No,17AUG2014,Sunday,Head-On,15,Intersection,August,O: No Injury,15:52:00,Head-On - Bicyclist,2014,Yes,No,Daylight,Curve - Level,State Secondary Route,Dry,"Two-Way, Not Divided",None,No Special Feature,Coarse Asphalt,2 lanes,"34.7768739208, -76.884737026"
536,Greenville,Pitt,Coastal,Residential,Urban (>70% Developed),CALDWELL CT,Urban,30 - 35  MPH,No Control Present,Rain,No,16,16-19,NA,No,With Traffic,C: Possible Injury,Travel Lane,Black,Male,NA,NA,NA,Missing,6-10 mph,Unknown Injury,Unknown/Missing,NA,NA,No,08SEP2014,Monday,Motorist Overtaking Bicyclist,19,Intersection-Related,September,C: Possible Injury,19:59:00,Motorist Overtaking - Other / Unknown,2014,Yes,Yes,Dark - Lighted Roadway,Straight - Level,Local Street,Wet,"Two-Way, Not Divided",None,No Special Feature,Coarse Asphalt,2 lanes,"35.5752140781, -77.4091022246"
537,Kitty Hawk,Dare,Coastal,Commercial,Urban (>70% Developed),VIRGINIA DARE TRL,Rural,30 - 35  MPH,No Control Present,Clear,No,52,50-59,NA,No,With Traffic,C: Possible Injury,Travel Lane,White,Male,57,50-59,NA,No,6-10 mph,O: No Injury,White,Female,Sport Utility,No,07AUG2014,Thursday,Motorist Left Turn / Merge,5,Non-Intersection,August,C: Possible Injury,05:25:00,Motorist Left Turn - Opposite Direction,2014,Yes,No,Dark - Lighted Roadway,Straight - Grade,NC Route,Dry,"Two-Way, Not Divided",None,No Special Feature,Coarse Asphalt,3 lanes,"36.1000272479, -75.7120617304"
538,Raleigh,Wake,Piedmont,Residential,Mixed (30% To 70% Developed),NEW HOPE RD,Urban,40 - 45  MPH,Stop And Go Signal,Clear,No,20,20-24,NA,No,Not Applicable,C: Possible Injury,Travel Lane,Black,Male,46,40-49,NA,No,31-35 mph,O: No Injury,White,Female,Sport Utility,No,16SEP2014,Tuesday,Bicyclist Failed to Yield - Midblock,7,Non-Intersection,September,C: Possible Injury,07:54:00,Bicyclist Ride Out - Other Midblock,2014,Yes,No,Daylight,Straight - Level,Local Street,Dry,"Two-Way, Divided, Unprotected Median",None,No Special Feature,Smooth Asphalt,2 lanes,"35.7592270782, -78.5607925843"
541,Laurinburg,Scotland,Coastal,Residential,Urban (>70% Developed),TURNPIKE ROAD,Urban,40 - 45  MPH,No Control Present,Clear,No,38,30-39,NA,No,With Traffic,K: Killed,Travel Lane,Black,Male,22,20-24,NA,"Yes-Alcohol, no impairment detected",41-45 mph,O: No Injury,White,Male,Passenger Car,Yes,17JUL2014,Thursday,Motorist Overtaking Bicyclist,22,Non-Intersection,July,K: Killed,22:33:00,Motorist Overtaking - Undetected Bicyclist,2014,Yes,No,Dark - Roadway Not Lighted,Straight - Level,Local Street,Dry,"Two-Way, Not Divided",None,No Special Feature,Smooth Asphalt,2 lanes,"34.7485228273, -79.4966528142"
545,None - Rural Crash,Transylvania,Mountains,"Farms, Woods, Pastures",Rural (<30% Developed),SR 1401,Rural,30 - 35  MPH,No Control Present,Clear,No,23,20-24,NA,No,Facing Traffic,O: No Injury,Travel Lane,White,Male,57,50-59,NA,No,21-25 mph,O: No Injury,White,Male,Pickup,No,22JUN2014,Sunday,Head-On,9,Non-Intersection,June,O: No Injury,09:01:00,Head-On - Bicyclist,2014,No,No,Daylight,Curve - Level,State Secondary Route,Dry,"Two-Way, Not Divided",None,No Special Feature,Gravel,2 lanes,"35.3185608366, -82.5877137643"