object_id,city,county,region,development,locality,on_road,rural_urban,speed_limit,traffic_control,weather,workzone,bike_age,bike_age_group,bike_alcohol,bike_alcohol_drugs,bike_direction,bike_injury,bike_position,bike_race,bike_sex,driver_age,driver_age_group,driver_alcohol,driver_alcohol_drugs,driver_est_speed,driver_injury,driver_race,driver_sex,driver_vehicle_type,crash_alcohol,crash_date,crash_day,crash_group,crash_hour,crash_location,crash_month,crash_severity,crash_time,crash_type,crash_year,ambulance_req,hit_run,light_condition,road_character,road_class,road_condition,road_configuration,road_defects,road_feature,road_surface,num_lanes,geo_point
553,Wilson,Wilson,Coastal,Residential,Urban (>70% Developed),VICK ST E,Urban,30 - 35  MPH,Stop Sign,Clear,No,41,40-49,NA,"Yes-Alcohol,  impairment suspected",With Traffic,B: Evident Injury,Travel Lane,Black,Female,29,25-29,NA,No,0-5 mph,O: No Injury,Black,Female,Passenger Car,Yes,16AUG2014,Saturday,Motorist Failed to Yield - Sign-Controlled Intersection,22,Intersection,August,B: Evident Injury,22:24:00,Motorist Drive Out - Sign-Controlled Intersection,2014,Yes,No,Dark - Lighted Roadway,Straight - Level,Local Street,Dry,"Two-Way, Not Divided",None,No Special Feature,Coarse Asphalt,2 lanes,"35.7195670922, -77.9010623817"
556,Kill Devil Hills,Dare,Coastal,Commercial,Urban (>70% Developed),E FIFTH ST,Urban,NA,Stop Sign,Clear,No,30,30-39,NA,No,Facing Traffic,B: Evident Injury,Sidewalk / Crosswalk / Driveway Crossing,White,Female,44,40-49,NA,No,0-5 mph,O: No Injury,Black,Female,Passenger Car,No,24AUG2014,Sunday,Motorist Failed to Yield - Midblock,18,Non-Intersection,August,B: Evident Injury,18:30:00,Motorist Drive Out - Commercial Driveway / Alley,2014,No,No,Daylight,Straight - Level,Local Street,Dry,"Two-Way, Not Divided",None,T-Intersection,Coarse Asphalt,2 lanes,"36.0381622357, -75.6743517152"
564,Fayetteville,Cumberland,Coastal,Commercial,Urban (>70% Developed),BRAGG BLVD,Urban,40 - 45  MPH,Stop And Go Signal,Clear,No,55,50-59,NA,No,Facing Traffic,O: No Injury,Sidewalk / Crosswalk / Driveway Crossing,White,Male,39,30-39,NA,No,6-10 mph,O: No Injury,White,Female,Pickup,No,31MAY2014,Saturday,Loss of Control / Turning Error,10,Intersection,May,C: Possible Injury,10:22:00,"Motorist Lost Control - Oversteering, Improper Braking, Speed",2014,No,No,Daylight,Straight - Level,Local Street,Dry,"Two-Way, Divided, Positive Median Barrier",None,No Special Feature,Coarse Asphalt,7 lanes,"35.0770069181, -78.936542662"
565,Hickory,Catawba,Piedmont,Commercial,Urban (>70% Developed),127,Urban,NA,No Control Present,Clear,No,54,50-59,NA,No,Facing Traffic,C: Possible Injury,Sidewalk / Crosswalk / Driveway Crossing,White,Male,23,20-24,NA,No,0-5 mph,O: No Injury,White,Female,Sport Utility,No,12AUG2014,Tuesday,Motorist Failed to Yield - Midblock,12,Non-Intersection,August,C: Possible Injury,12:15:00,Motorist Drive Out - Commercial Driveway / Alley,2014,Yes,No,Daylight,Straight - Level,Public Vehicular Area,Dry,"Two-Way, Not Divided",None,No Special Feature,Coarse Asphalt,NA,"35.7295789708, -81.3332474157"
567,None - Rural Crash,Buncombe,Mountains,Commercial,Mixed (30% To 70% Developed),US 74,Rural,40 - 45  MPH,"Double Yellow Line, No Passing Zone",Clear,No,18,16-19,NA,No,With Traffic,B: Evident Injury,Travel Lane,White,Male,46,40-49,NA,No,31-35 mph,O: No Injury,White,Female,Passenger Car,No,13SEP2014,Saturday,Motorist Overtaking Bicyclist,18,Non-Intersection,September,B: Evident Injury,18:25:00,Motorist Overtaking - Misjudged Space,2014,Yes,No,Daylight,Straight - Level,US Route,Dry,"Two-Way, Not Divided",None,No Special Feature,Smooth Asphalt,2 lanes,"35.5189428851, -82.4037237211"
568,None - Rural Crash,Wake,Piedmont,Residential,Mixed (30% To 70% Developed),SR 3568,Rural,30 - 35  MPH,Stop Sign,Clear,No,44,40-49,NA,No,Facing Traffic,C: Possible Injury,Sidewalk / Crosswalk / Driveway Crossing,White,Female,18,0-19,NA,No,6-10 mph,O: No Injury,White,Male,Passenger Car,No,31AUG2014,Sunday,Motorist Failed to Yield - Sign-Controlled Intersection,13,Intersection,August,C: Possible Injury,13:40:00,Motorist Drive Through - Sign-Controlled Intersection,2014,Yes,No,Daylight,Straight - Level,State Secondary Route,Dry,"Two-Way, Not Divided",None,T-Intersection,Smooth Asphalt,2 lanes,"35.9216611116, -78.5910126019"
570,Greensboro,Guilford,Piedmont,Residential,Urban (>70% Developed),BRIGHTWOOD SCHOOL RD,Urban,30 - 35  MPH,No Control Present,Rain,No,43,40-49,NA,No,With Traffic,B: Evident Injury,Travel Lane,White,Male,24,20-24,NA,No,31-35 mph,O: No Injury,White,Male,Passenger Car,No,18AUG2014,Monday,Motorist Overtaking Bicyclist,21,Non-Intersection,August,B: Evident Injury,21:47:00,Motorist Overtaking - Undetected Bicyclist,2014,Yes,No,Dark - Roadway Not Lighted,Straight - Level,Local Street,Wet,"Two-Way, Not Divided",None,No Special Feature,Smooth Asphalt,2 lanes,"36.1467171174, -79.7487829649"
575,None - Rural Crash,Randolph,Piedmont,"Farms, Woods, Pastures",Rural (<30% Developed),311,Rural,50 - 55  MPH,No Control Present,Clear,No,38,30-39,NA,No,With Traffic,B: Evident Injury,Travel Lane,Black,Male,NA,NA,NA,NA,51-55 mph,Unknown Injury,Unknown/Missing,NA,Pickup,No,22SEP2014,Monday,Motorist Overtaking Bicyclist,8,Non-Intersection,September,B: Evident Injury,08:09:00,Motorist Overtaking - Other / Unknown,2014,Yes,Yes,Daylight,Straight - Grade,US Route,Dry,"Two-Way, Not Divided",None,No Special Feature,Smooth Asphalt,2 lanes,"35.8518590502, -79.8864829891"
581,None - Rural Crash,Cumberland,Coastal,Residential,Mixed (30% To 70% Developed),SR 2000,Rural,30 - 35  MPH,"Double Yellow Line, No Passing Zone",Clear,No,20,20-24,NA,No,With Traffic,B: Evident Injury,Travel Lane,White,Male,20,20-24,NA,No,31-35 mph,O: No Injury,White,Female,Sport Utility,No,05SEP2014,Friday,Bicyclist Left Turn / Merge,7,Non-Intersection,September,B: Evident Injury,07:52:00,Bicyclist Left Turn - Opposite Direction,2014,Yes,No,Daylight,Straight - Level,State Secondary Route,Dry,"Two-Way, Not Divided",None,No Special Feature,Coarse Asphalt,2 lanes,"35.0299939121, -78.7935926164"
583,None - Rural Crash,Pasquotank,Coastal,"Farms, Woods, Pastures",Rural (<30% Developed),SR 1416,Rural,50 - 55  MPH,No Control Present,Clear,No,19,16-19,NA,No,With Traffic,A: Disabling Injury,Travel Lane,White,Male,37,30-39,NA,No,51-55 mph,O: No Injury,Black,Male,Pickup,No,19SEP2014,Friday,Motorist Overtaking Bicyclist,23,Non-Intersection,September,A: Disabling Injury,23:04:00,Motorist Overtaking - Bicyclist Swerved,2014,Yes,No,Dark - Roadway Not Lighted,Straight - Level,State Secondary Route,Dry,"Two-Way, Not Divided",None,No Special Feature,Coarse Asphalt,2 lanes,"36.4026142925, -76.3254219348"
597,Charlotte,Mecklenburg,Piedmont,Residential,Urban (>70% Developed),RUNNYMEDE LN,Urban,30 - 35  MPH,Stop And Go Signal,Cloudy,No,47,40-49,NA,No,With Traffic,B: Evident Injury,Travel Lane,White,Male,24,20-24,NA,No,11-15 mph,O: No Injury,White,Male,Sport Utility,No,10SEP2014,Wednesday,Head-On,6,Intersection,September,B: Evident Injury,06:55:00,Head-On - Bicyclist,2014,No,No,Dawn,Curve - Level,Local Street,Dry,"Two-Way, Not Divided",None,Four-Way Intersection,Smooth Asphalt,4 lanes,"35.1656768689, -80.8356532364"
605,Greensboro,Guilford,Piedmont,Residential,Urban (>70% Developed),COTSWOLD AV,Urban,30 - 35  MPH,Stop And Go Signal,Cloudy,Yes,70+,70+,NA,No,Facing Traffic,C: Possible Injury,Sidewalk / Crosswalk / Driveway Crossing,White,Male,70+,70+,NA,No,6-10 mph,O: No Injury,White,Male,Passenger Car,No,26SEP2014,Friday,Motorist Left Turn / Merge,11,Intersection,September,C: Possible Injury,11:21:00,Motorist Left Turn - Same Direction,2014,Yes,No,Daylight,Straight - Level,Local Street,Wet,"Two-Way, Not Divided",None,Four-Way Intersection,Smooth Asphalt,3 lanes,"36.1381601123, -79.8473029938"
606,Rocky Mount,Edgecombe,Coastal,Residential,Mixed (30% To 70% Developed),OLD BATTLEBORO RD,Urban,40 - 45  MPH,No Control Present,Clear,No,58,50-59,NA,"Yes-Alcohol, no impairment detected",With Traffic,C: Possible Injury,Travel Lane,Black,Male,50,50-59,NA,No,31-35 mph,O: No Injury,White,Male,Pickup,Yes,04OCT2014,Saturday,Motorist Overtaking Bicyclist,17,Non-Intersection,October,C: Possible Injury,17:51:00,Motorist Overtaking - Bicyclist Swerved,2014,Yes,No,Daylight,Straight - Level,Local Street,Dry,"Two-Way, Not Divided",None,No Special Feature,Smooth Asphalt,2 lanes,"35.9907111554, -77.7565483516"
609,Wilmington,New Hanover,Coastal,Commercial,Urban (>70% Developed),OLEANDER DR,Urban,40 - 45  MPH,No Control Present,Clear,No,38,30-39,NA,"Yes-Alcohol,  impairment suspected",With Traffic,K: Killed,Travel Lane,Hispanic,Male,47,40-49,NA,No,46-50 mph,O: No Injury,Black,Male,Taxicab,Yes,30AUG2014,Saturday,Motorist Overtaking Bicyclist,23,Intersection,August,K: Killed,23:54:00,Motorist Overtaking - Undetected Bicyclist,2014,Yes,No,Dark - Lighted Roadway,Straight - Level,US Route,Dry,"Two-Way, Not Divided",None,No Special Feature,Smooth Asphalt,5 lanes,"34.2092927635, -77.8449722906"
610,Raleigh,Wake,Piedmont,Commercial,Urban (>70% Developed),PVA 6201 CAPITAL BLVD,Urban,5 - 15 MPH,No Control Present,Clear,No,51,50-59,NA,"Yes-Alcohol,  impairment suspected",Not Applicable,C: Possible Injury,Non-Roadway,White,Male,50,50-59,NA,No,0-5 mph,O: No Injury,Asian,Female,Passenger Car,Yes,30SEP2014,Tuesday,Non-Roadway,20,Non-Roadway,September,C: Possible Injury,20:58:00,Non-Roadway,2014,Yes,No,Dark - Lighted Roadway,Straight - Level,Public Vehicular Area,Dry,"Two-Way, Not Divided",None,No Special Feature,Smooth Asphalt,NA,"35.8699221011, -78.5819025968"
612,Henderson,Vance,Piedmont,Commercial,Urban (>70% Developed),DABNEY DR,Urban,30 - 35  MPH,No Control Present,Clear,No,34,30-39,NA,No,Not Applicable,C: Possible Injury,Travel Lane,Black,Male,34,30-39,NA,No,16-20 mph,O: No Injury,White,Male,Passenger Car,No,06SEP2014,Saturday,Bicyclist Failed to Yield - Signalized Intersection,19,Intersection-Related,September,C: Possible Injury,19:04:00,Bicyclist Ride Through - Signalized Intersection,2014,No,No,Dusk,Straight - Level,Local Street,Dry,"Two-Way, Divided, Unprotected Median",None,No Special Feature,Smooth Asphalt,5 lanes,"36.3331522047, -78.4358625766"
613,Greenville,Pitt,Coastal,Residential,Urban (>70% Developed),BANCROFT AV,Urban,20 - 25  MPH,No Control Present,Clear,No,55,50-59,NA,No,With Traffic,B: Evident Injury,Travel Lane,Black,Male,26,25-29,NA,No,21-25 mph,O: No Injury,Black,Female,Sport Utility,No,03OCT2014,Friday,Loss of Control / Turning Error,16,Intersection-Related,October,B: Evident Injury,16:50:00,Bicyclist Turning Error - Other,2014,Yes,No,Daylight,Straight - Level,Local Street,Dry,"Two-Way, Not Divided",None,No Special Feature,Coarse Asphalt,2 lanes,"35.6103470858, -77.3907262204"
618,Brevard,Transylvania,Mountains,Commercial,Mixed (30% To 70% Developed),OLD HENDERSONVILLE HWY,Urban,30 - 35  MPH,Stop Sign,Clear,No,62,60-69,NA,No,With Traffic,B: Evident Injury,Travel Lane,White,Female,70+,70+,NA,No,11-15 mph,O: No Injury,White,Female,Passenger Car,No,08OCT2014,Wednesday,Motorist Failed to Yield - Sign-Controlled Intersection,11,Intersection,October,B: Evident Injury,11:19:00,Motorist Drive Out - Sign-Controlled Intersection,2014,Yes,No,Daylight,Straight - Level,Local Street,Dry,"Two-Way, Not Divided",None,T-Intersection,Smooth Asphalt,2 lanes,"35.2536368181, -82.7008397936"
623,Durham,Durham,Piedmont,Commercial,Urban (>70% Developed),NC 55,Urban,40 - 45  MPH,Stop And Go Signal,Clear,No,45,40-49,NA,"Yes-Alcohol,  impairment suspected",Facing Traffic,B: Evident Injury,Travel Lane,Black,Male,58,50-59,NA,No,21-25 mph,O: No Injury,Other,Female,Passenger Car,Yes,08OCT2014,Wednesday,Bicyclist Failed to Yield - Signalized Intersection,17,Intersection,October,B: Evident Injury,17:10:00,Bicyclist Ride Through - Signalized Intersection,2014,Yes,No,Daylight,Straight - Level,Local Street,Dry,"Two-Way, Not Divided",None,No Special Feature,Smooth Asphalt,4 lanes,"35.9794341133, -78.891718696"
625,Statesville,Iredell,Piedmont,Commercial,Urban (>70% Developed),SHELTON AVE,Urban,30 - 35  MPH,No Control Present,Clear,No,23,20-24,NA,No,With Traffic,B: Evident Injury,Travel Lane,White,Male,41,40-49,NA,No,26-30 mph,O: No Injury,Black,Male,Pickup,No,01OCT2014,Wednesday,Head-On,12,Non-Intersection,October,B: Evident Injury,12:26:00,Head-On - Bicyclist,2014,Yes,No,Daylight,Straight - Bottom,NC Route,Dry,"Two-Way, Not Divided",None,No Special Feature,Smooth Asphalt,3 lanes,"35.7760229976, -80.8847632849"
632,Wilmington,New Hanover,Coastal,Commercial,Urban (>70% Developed),SHIPYARD BLVD,Urban,50 - 55  MPH,Stop Sign,Clear,No,21,20-24,NA,No,Facing Traffic,B: Evident Injury,Travel Lane,White,Female,56,50-59,NA,No,0-5 mph,O: No Injury,Black,Male,Passenger Car,No,12SEP2014,Friday,Motorist Failed to Yield - Sign-Controlled Intersection,11,Intersection,September,B: Evident Injury,11:39:00,Motorist Drive Through - Sign-Controlled Intersection,2014,Yes,No,Daylight,Straight - Level,Local Street,Dry,"Two-Way, Divided, Positive Median Barrier",None,No Special Feature,Coarse Asphalt,5 lanes,"34.1918367575, -77.927442314"
637,None - Rural Crash,Wayne,Coastal,"Farms, Woods, Pastures",Rural (<30% Developed),SR 1342,Rural,50 - 55  MPH,No Control Present,Clear,No,42,40-49,NA,No,With Traffic,B: Evident Injury,Travel Lane,Hispanic,Female,60,60-69,NA,No,51-55 mph,O: No Injury,White,Male,Passenger Car,No,02OCT2014,Thursday,Motorist Overtaking Bicyclist,18,Non-Intersection,October,B: Evident Injury,18:21:00,Motorist Overtaking - Bicyclist Swerved,2014,Yes,No,Daylight,Straight - Level,State Secondary Route,Dry,"Two-Way, Not Divided",None,No Special Feature,Coarse Asphalt,2 lanes,"35.5375250494, -77.9954524007"
644,Fayetteville,Cumberland,Coastal,Residential,Mixed (30% To 70% Developed),ROSEHILL ROAD,Urban,30 - 35  MPH,No Control Present,Other,No,37,30-39,NA,NA,With Traffic,B: Evident Injury,Travel Lane,Black,Male,NA,NA,NA,Missing,0-5 mph,Unknown Injury,Unknown/Missing,NA,Pickup,No,01OCT2014,Wednesday,Motorist Overtaking Bicyclist,11,Non-Intersection,October,B: Evident Injury,11:35:00,Motorist Overtaking - Other / Unknown,2014,No,Yes,Dark - Lighted Roadway,Straight - Level,Local Street,NA,"Two-Way, Not Divided",NA,No Special Feature,Coarse Asphalt,3 lanes,"35.1210869285, -78.9125826573"
646,Rocky Mount,Edgecombe,Coastal,Commercial,Urban (>70% Developed),EDGECOMBE MEADOWS DR,Urban,30 - 35  MPH,Stop Sign,Clear,No,58,50-59,NA,No,Facing Traffic,C: Possible Injury,Travel Lane,Black,Male,NA,NA,NA,Missing,0-5 mph,Unknown Injury,Unknown/Missing,NA,Passenger Car,No,14OCT2014,Tuesday,Motorist Failed to Yield - Sign-Controlled Intersection,14,Intersection,October,C: Possible Injury,14:02:00,Motorist Drive Out - Sign-Controlled Intersection,2014,Yes,Yes,Daylight,Straight - Level,Local Street,Dry,"Two-Way, Not Divided",None,"Driveway, Public",Coarse Asphalt,2 lanes,"35.9420671445, -77.7754773552"
650,Winston-Salem,Forsyth,Piedmont,Residential,Urban (>70% Developed),WOODS RD,Urban,30 - 35  MPH,Stop Sign,Cloudy,No,12,11-15,NA,No,NA,B: Evident Injury,Travel Lane,Black,Male,33,30-39,NA,No,31-35 mph,O: No Injury,White,Male,Pickup,No,29SEP2014,Monday,Loss of Control / Turning Error,12,Intersection,September,B: Evident Injury,12:15:00,Bicyclist Lost Control - Surface Conditions,2014,Yes,No,Daylight,Straight - Level,Local Street,Wet,"Two-Way, Not Divided",None,T-Intersection,Coarse Asphalt,2 lanes,"36.1462740975, -80.2975881299"
654,High Point,Guilford,Piedmont,Commercial,Urban (>70% Developed),N LINDSAY ST,Urban,30 - 35  MPH,Stop Sign,Clear,No,22,20-24,NA,No,With Traffic,A: Disabling Injury,Travel Lane,White,Male,68,60-69,NA,No,11-15 mph,O: No Injury,White,Male,Passenger Car,No,01OCT2014,Wednesday,Motorist Failed to Yield - Sign-Controlled Intersection,19,Intersection,October,A: Disabling Injury,19:34:00,Motorist Drive Through - Sign-Controlled Intersection,2014,Yes,No,Dark - Lighted Roadway,Straight - Grade,Local Street,Dry,"Two-Way, Not Divided",None,Four-Way Intersection,Smooth Asphalt,2 lanes,"35.9612270689, -80.0151780348"
676,Morehead City,Carteret,Coastal,Commercial,Rural (<30% Developed),PVA PNC PLAZA,Urban,30 - 35  MPH,No Control Present,Clear,No,18,16-19,NA,No,NA,O: No Injury,Sidewalk / Crosswalk / Driveway Crossing,White,Male,48,40-49,NA,No,NA,O: No Injury,White,Female,Sport Utility,No,26SEP2014,Friday,Motorist Failed to Yield - Midblock,14,Non-Intersection,September,O: No Injury,14:58:00,Motorist Drive Out - Commercial Driveway / Alley,2014,Yes,No,Daylight,Straight - Grade,Public Vehicular Area,Dry,"Two-Way, Not Divided",None,No Special Feature,Concrete,NA,"34.7232549137, -76.7345819769"
688,Raleigh,Wake,Piedmont,Institutional,Urban (>70% Developed),DAN ALLEN DR,Urban,5 - 15 MPH,Stop And Go Signal,Clear,No,18,16-19,NA,No,With Traffic,O: No Injury,Sidewalk / Crosswalk / Driveway Crossing,White,Male,21,20-24,NA,No,0-5 mph,O: No Injury,White,Male,Sport Utility,No,09OCT2014,Thursday,Bicyclist Failed to Yield - Signalized Intersection,18,Intersection,October,O: No Injury,18:00:00,Bicyclist Ride Through - Signalized Intersection,2014,No,No,Daylight,Straight - Level,Local Street,Dry,"Two-Way, Not Divided",None,Related To Intersection,Smooth Asphalt,2 lanes,"35.7890470803, -78.6744866204"
700,Charlotte,Mecklenburg,Piedmont,Residential,Urban (>70% Developed),E 11TH ST,Urban,30 - 35  MPH,Stop And Go Signal,Clear,No,54,50-59,NA,No,With Traffic,C: Possible Injury,Sidewalk / Crosswalk / Driveway Crossing,White,Male,47,40-49,NA,No,11-15 mph,O: No Injury,White,Male,Sport Utility,No,03NOV2014,Monday,Motorist Left Turn / Merge,15,Intersection,November,C: Possible Injury,15:37:00,Motorist Left Turn - Opposite Direction,2014,Yes,No,Daylight,Straight - Level,Local Street,Dry,"Two-Way, Divided, Unprotected Median",None,Four-Way Intersection,Concrete,4 lanes,"35.2282098825, -80.8303832386"
709,Wake Forest,Wake,Piedmont,Commercial,Urban (>70% Developed),SOUTH MAIN ST,Urban,30 - 35  MPH,No Control Present,Clear,No,37,30-39,NA,"Yes-Alcohol,  impairment suspected",Not Applicable,B: Evident Injury,NA,White,Male,30,30-39,NA,No,6-10 mph,O: No Injury,Hispanic,Male,Passenger Car,Yes,20OCT2014,Monday,Bicyclist Failed to Yield - Midblock,3,Non-Intersection,October,B: Evident Injury,03:36:00,Bicyclist Ride Out - Midblock - Unknown,2014,No,No,Daylight,Straight - Level,Local Street,Dry,"Two-Way, Divided, Unprotected Median",None,No Special Feature,Smooth Asphalt,4 lanes,"35.946800119, -78.5369425873"
722,Greensboro,Guilford,Piedmont,Commercial,Urban (>70% Developed),W MARKET ST,Urban,30 - 35  MPH,Stop And Go Signal,Cloudy,Yes,25,25-29,NA,No,With Traffic,B: Evident Injury,Travel Lane,Black,Male,59,50-59,NA,No,11-15 mph,O: No Injury,Other,Male,Van,No,17NOV2014,Monday,Motorist Failed to Yield - Signalized Intersection,17,Intersection-Related,November,B: Evident Injury,17:58:00,Motorist Drive Out - Right Turn on Red,2014,Yes,No,Dark - Roadway Not Lighted,Straight - Level,Local Street,Wet,"Two-Way, Not Divided",None,On or Off Ramp,Smooth Asphalt,4 lanes,"36.0939820985, -79.965213027"
732,None - Rural Crash,Carteret,Coastal,Residential,Mixed (30% To 70% Developed),SR 1124,Rural,40 - 45  MPH,Stop Sign,Clear,No,18,16-19,NA,No,With Traffic,B: Evident Injury,Travel Lane,Black,Male,32,30-39,NA,No,41-45 mph,O: No Injury,White,Female,Passenger Car,No,11OCT2014,Saturday,Bicyclist Failed to Yield - Sign-Controlled Intersection,17,Intersection,October,B: Evident Injury,17:13:00,Bicyclist Ride Through - Sign-Controlled Intersection,2014,Yes,No,Daylight,Straight - Level,State Secondary Route,Dry,"Two-Way, Not Divided",None,T-Intersection,Smooth Asphalt,2 lanes,"34.7969319247, -76.8974480305"
735,Raleigh,Wake,Piedmont,Residential,Urban (>70% Developed),GORMAN ST,Urban,20 - 25  MPH,Stop Sign,Clear,No,23,20-24,NA,No,With Traffic,B: Evident Injury,Bike Lane / Paved Shoulder,White,Male,NA,NA,NA,Missing,NA,Unknown Injury,Unknown/Missing,NA,NA,No,04NOV2014,Tuesday,Motorist Failed to Yield - Sign-Controlled Intersection,17,Intersection,November,B: Evident Injury,17:36:00,Motorist Drive Out - Sign-Controlled Intersection,2014,Yes,Yes,Dusk,Straight - Level,Local Street,Dry,"Two-Way, Not Divided",None,Four-Way Intersection,Smooth Asphalt,4 lanes,"35.7869900795, -78.6870726244"
736,High Point,Guilford,Piedmont,Residential,Urban (>70% Developed),BRIDGES DR,Urban,30 - 35  MPH,"Double Yellow Line, No Passing Zone",Clear,No,10,6-10,NA,No,Facing Traffic,C: Possible Injury,Travel Lane,Black,Male,22,20-24,NA,No,31-35 mph,O: No Injury,White,Male,Sport Utility,No,09NOV2014,Sunday,Bicyclist Right Turn / Merge,17,Non-Intersection,November,C: Possible Injury,17:21:00,Bicyclist Right Turn - Same Direction,2014,No,No,Daylight,Straight - Level,Local Street,Dry,"Two-Way, Not Divided",None,No Special Feature,Smooth Asphalt,2 lanes,"35.981193073, -80.0067230326"
772,Garner,Wake,Piedmont,Commercial,Mixed (30% To 70% Developed),W GARNER RD,Urban,30 - 35  MPH,No Control Present,Rain,No,16,16-19,NA,No,With Traffic,C: Possible Injury,Travel Lane,Black,Male,29,25-29,NA,No,21-25 mph,O: No Injury,White,Male,Passenger Car,No,14NOV2014,Friday,Motorist Overtaking Bicyclist,9,Non-Intersection,November,C: Possible Injury,09:19:00,Motorist Overtaking - Bicyclist Swerved,2014,Yes,No,Daylight,Straight - Level,Local Street,Wet,"Two-Way, Divided, Unprotected Median",None,No Special Feature,Smooth Asphalt,2 lanes,"35.7035330646, -78.5899375897"
775,Raleigh,Wake,Piedmont,Commercial,Urban (>70% Developed),WAKE FOREST RD,Urban,30 - 35  MPH,Stop Sign,Clear,No,17,16-19,NA,No,Facing Traffic,B: Evident Injury,Sidewalk / Crosswalk / Driveway Crossing,White,Male,33,30-39,NA,No,0-5 mph,O: No Injury,White,Male,Passenger Car,No,10DEC2014,Wednesday,Motorist Failed to Yield - Midblock,16,Non-Intersection,December,B: Evident Injury,16:56:00,Motorist Drive Out - Commercial Driveway / Alley,2014,Yes,No,Daylight,Straight - Level,Local Street,Dry,"One-Way, Not Divided",None,T-Intersection,Smooth Asphalt,7 lanes,"35.8204910892, -78.6234766061"
779,Mooresville,Iredell,Piedmont,Residential,Urban (>70% Developed),E MCLELLAND AVE,Urban,30 - 35  MPH,No Control Present,Clear,No,16,16-19,NA,No,With Traffic,O: No Injury,Sidewalk / Crosswalk / Driveway Crossing,White,Male,26,25-29,NA,No,21-25 mph,O: No Injury,White,Male,Sport Utility,No,07DEC2014,Sunday,Bicyclist Left Turn / Merge,15,Non-Intersection,December,O: No Injury,15:03:00,Bicyclist Left Turn - Same Direction,2014,Yes,No,Daylight,Straight - Level,Local Street,Dry,"Two-Way, Not Divided",None,No Special Feature,Smooth Asphalt,2 lanes,"35.5828969587, -80.8151832527"
784,Raleigh,Wake,Piedmont,Residential,Rural (<30% Developed),ROCK QUARRY RD,Urban,40 - 45  MPH,No Control Present,Clear,No,17,16-19,NA,No,With Traffic,B: Evident Injury,Other,Black,Male,36,30-39,NA,No,41-45 mph,O: No Injury,Black,Male,Sport Utility,No,07DEC2014,Sunday,Motorist Overtaking Bicyclist,20,Non-Intersection,December,B: Evident Injury,20:35:00,Motorist Overtaking - Bicyclist Swerved,2014,Yes,No,Dark - Roadway Not Lighted,Straight - Level,Local Street,Dry,"Two-Way, Not Divided",None,No Special Feature,Smooth Asphalt,2 lanes,"35.7371130733, -78.5657725847"
785,None - Rural Crash,Surry,Mountains,"Farms, Woods, Pastures",Rural (<30% Developed),SR 1618,Rural,50 - 55  MPH,"Double Yellow Line, No Passing Zone",Clear,No,51,50-59,NA,No,With Traffic,A: Disabling Injury,Travel Lane,White,Male,40,40-49,NA,NA,41-45 mph,O: No Injury,White,Male,"Light Truck (Mini-Van, Panel)",No,12DEC2014,Friday,Motorist Overtaking Bicyclist,16,Non-Intersection,December,A: Disabling Injury,16:00:00,Motorist Overtaking - Undetected Bicyclist,2014,Yes,Yes,Daylight,Straight - Grade,State Secondary Route,Dry,"Two-Way, Not Divided",None,No Special Feature,Coarse Asphalt,2 lanes,"36.5326651616, -80.7386282846"
790,Wilmington,NA,Coastal,Institutional,Urban (>70% Developed),CAHILL DRIVE,Urban,NA,No Control Present,Cloudy,No,19,16-19,NA,No,Not Applicable,Unknown Injury,Sidewalk / Crosswalk / Driveway Crossing,White,Male,NA,NA,NA,Missing,NA,Unknown Injury,Unknown/Missing,NA,NA,No,14NOV2014,Friday,Bicyclist Failed to Yield - Midblock,15,Non-Intersection,November,Unknown Injury,15:59:00,Bicyclist Ride Out - Other Midblock,2014,No,Yes,Daylight,Straight - Level,Local Street,Dry,"Two-Way, Not Divided",None,No Special Feature,Smooth Asphalt,2 lanes,"34.2252267664, -77.8662222975"
792,Lillington,Harnett,Coastal,Residential,Rural (<30% Developed),SUMMERVILLE MAMMERS RD,Rural,30 - 35  MPH,No Control Present,Clear,No,50,50-59,NA,"Yes-Alcohol,  impairment suspected",With Traffic,B: Evident Injury,Travel Lane,Black,Male,27,25-29,NA,No,31-35 mph,O: No Injury,White,Male,Pickup,Yes,19DEC2014,Friday,Motorist Overtaking Bicyclist,20,Intersection,December,B: Evident Injury,20:15:00,Motorist Overtaking - Bicyclist Swerved,2014,No,No,Dark - Roadway Not Lighted,Straight - Level,Local Street,Dry,"Two-Way, Not Divided",None,No Special Feature,Smooth Asphalt,2 lanes,"35.3950039904, -78.8367526485"
808,Raleigh,Wake,Piedmont,Residential,Urban (>70% Developed),COMSTOCK RD,Urban,30 - 35  MPH,No Control Present,Rain,No,46,40-49,NA,No,With Traffic,C: Possible Injury,Travel Lane,White,Male,NA,NA,NA,Missing,11-15 mph,Unknown Injury,Unknown/Missing,NA,NA,No,24DEC2014,Wednesday,Loss of Control / Turning Error,4,Intersection-Related,December,C: Possible Injury,04:17:00,Motorist Turning Error - Left Turn,2014,No,Yes,Dark - Lighted Roadway,Straight - Level,Local Street,Wet,"Two-Way, Not Divided",None,Four-Way Intersection,Smooth Asphalt,2 lanes,"35.8409340946, -78.5844225961"