object_id,city,county,region,development,locality,on_road,rural_urban,speed_limit,traffic_control,weather,workzone,bike_age,bike_age_group,bike_alcohol,bike_alcohol_drugs,bike_direction,bike_injury,bike_position,bike_race,bike_sex,driver_age,driver_age_group,driver_alcohol,driver_alcohol_drugs,driver_est_speed,driver_injury,driver_race,driver_sex,driver_vehicle_type,crash_alcohol,crash_date,crash_day,crash_group,crash_hour,crash_location,crash_month,crash_severity,crash_time,crash_type,crash_year,ambulance_req,hit_run,light_condition,road_character,road_class,road_condition,road_configuration,road_defects,road_feature,road_surface,num_lanes,geo_point
4745,Tobaccoville,Forsyth,Piedmont,Residential,Rural (<30% Developed),NA,Rural,40 - 45  MPH,Stop Sign,Clear,No,55,50-59,No,NA,With Traffic,C: Possible Injury,Travel Lane,White,Male,25,25-29,No,NA,31-35 mph,O: No Injury,Hispanic,Female,Passenger Car,No,11APR2009,Saturday,Motorist Failed to Yield - Sign-Controlled Intersection,14,Intersection,April,C: Possible Injury,14:00:00,Motorist Drive Through - Sign-Controlled Intersection,2009,No,No,Daylight,Straight - Level,State Secondary Route,Dry,"Two-Way, Not Divided",None,Four-Way Intersection,Smooth Asphalt,2 lanes,"36.2382311133, -80.3711431575"
4747,Wilmington,New Hanover,Coastal,Commercial,Urban (>70% Developed),NA,Urban,30 - 35  MPH,Stop And Go Signal,Clear,No,44,40-49,No,NA,Facing Traffic,B: Evident Injury,Sidewalk / Crosswalk / Driveway Crossing,White,Female,44,40-49,No,NA,NA,O: No Injury,White,Female,Passenger Car,No,06APR2009,Monday,Bicyclist Failed to Yield - Sign-Controlled Intersection,17,Intersection,April,B: Evident Injury,17:06:00,Bicyclist Ride Through - Sign-Controlled Intersection,2009,Yes,No,Daylight,Straight - Level,Local Street,Dry,"Two-Way, Not Divided",None,Four-Way Intersection,Smooth Asphalt,4 lanes,"34.2389867668, -77.9466123221"
4748,Charlotte,Mecklenburg,Piedmont,Residential,Urban (>70% Developed),NA,Urban,20 - 25  MPH,No Control Present,Cloudy,No,11,11-15,No,NA,Not Applicable,O: No Injury,Non-Roadway,Hispanic,Male,50,50-59,No,NA,0-5 mph,O: No Injury,Black,Male,Pickup,No,06APR2009,Monday,Non-Roadway,13,Non-Roadway,April,O: No Injury,13:12:00,Non-Roadway,2009,No,No,Daylight,Straight - Level,Public Vehicular Area,Dry,"Two-Way, Not Divided",None,No Special Feature,Smooth Asphalt,NA,"35.2011368803, -80.7332532077"
4751,None - Rural Crash,Greene,Coastal,"Farms, Woods, Pastures",Mixed (30% To 70% Developed),NA,Rural,40 - 45  MPH,No Control Present,Clear,No,51,50-59,No,NA,With Traffic,C: Possible Injury,Travel Lane,Black,Male,40,40-49,No,NA,31-35 mph,O: No Injury,White,Male,Police,No,08APR2009,Wednesday,Motorist Overtaking Bicyclist,21,Non-Intersection,April,C: Possible Injury,21:22:00,Motorist Overtaking - Undetected Bicyclist,2009,Yes,No,Dark - Roadway Not Lighted,Straight - Level,Interstate,Dry,"Two-Way, Not Divided",None,No Special Feature,Coarse Asphalt,2 lanes,"35.4331070382, -77.6612922938"
4752,None - Rural Crash,Harnett,Coastal,"Farms, Woods, Pastures",Rural (<30% Developed),NA,Rural,50 - 55  MPH,"Double Yellow Line, No Passing Zone",Clear,No,48,40-49,No,NA,With Traffic,A: Disabling Injury,Travel Lane,Other,Male,18,0-19,No,NA,41-45 mph,O: No Injury,White,Female,Passenger Car,No,17APR2009,Friday,Motorist Overtaking Bicyclist,15,Non-Intersection,April,A: Disabling Injury,15:30:00,Motorist Overtaking - Other / Unknown,2009,Yes,No,Daylight,Straight - Grade,NC Route,Dry,"Two-Way, Not Divided",None,No Special Feature,Coarse Asphalt,2 lanes,"35.4148099988, -78.7030286091"
4755,Cary,Wake,Piedmont,Residential,Urban (>70% Developed),NA,Urban,30 - 35  MPH,No Control Present,Clear,No,15,11-15,No,NA,Not Applicable,C: Possible Injury,Non-Roadway,Hispanic,Male,24,20-24,No,NA,21-25 mph,O: No Injury,Black,Female,Passenger Car,No,23APR2009,Thursday,Non-Roadway,16,Non-Roadway,April,C: Possible Injury,16:57:00,Non-Roadway,2009,No,No,Daylight,Curve - Grade,Local Street,Dry,"Two-Way, Not Divided",None,No Special Feature,Coarse Asphalt,2 lanes,"35.7793530752, -78.7607926461"
4773,None - Rural Crash,Catawba,Piedmont,Residential,Rural (<30% Developed),NA,Rural,20 - 25  MPH,No Control Present,Clear,No,10,6-10,No,NA,Not Applicable,C: Possible Injury,Travel Lane,Black,Female,51,50-59,No,NA,11-15 mph,O: No Injury,White,Male,Passenger Car,No,01MAY2009,Friday,Non-Roadway,19,Non-Roadway,May,C: Possible Injury,19:42:00,Non-Roadway,2009,Yes,No,Daylight,Straight - Grade,Public Vehicular Area,Dry,"Two-Way, Not Divided",None,T-Intersection,Coarse Asphalt,2 lanes,"35.7857699874, -81.1970633788"
4777,Raleigh,Wake,Piedmont,Commercial,Urban (>70% Developed),NA,Urban,30 - 35  MPH,Stop And Go Signal,Cloudy,No,48,40-49,No,NA,Facing Traffic,B: Evident Injury,Sidewalk / Crosswalk / Driveway Crossing,Black,Male,57,50-59,No,NA,0-5 mph,O: No Injury,White,Male,Pickup,No,27MAR2009,Friday,Crossing Paths - Other Circumstances,7,Intersection,March,B: Evident Injury,07:55:00,Signalized Intersection - Other / Unknown,2009,No,No,Daylight,Straight - Level,Local Street,Dry,"Two-Way, Not Divided",None,Four-Way Intersection,Smooth Asphalt,4 lanes,"35.7932570811, -78.6843126238"
4781,Emerald Isle,Carteret,Coastal,Commercial,Urban (>70% Developed),NA,Rural,20 - 25  MPH,No Control Present,Clear,No,11,11-15,No,NA,Not Applicable,B: Evident Injury,Driveway / Alley,White,Female,46,40-49,No,NA,11-15 mph,O: No Injury,White,Female,Passenger Car,No,25APR2009,Saturday,Bicyclist Failed to Yield - Midblock,8,Non-Intersection,April,B: Evident Injury,08:57:00,Bicyclist Ride Out - Residential Driveway,2009,Yes,No,Daylight,Straight - Level,Local Street,Dry,"Two-Way, Not Divided",None,"Driveway, Public",Coarse Asphalt,2 lanes,"34.6652438917, -77.01650206"
4788,None - Rural Crash,New Hanover,Coastal,Commercial,Urban (>70% Developed),NA,Rural,50 - 55  MPH,No Control Present,Clear,No,35,30-39,Yes,NA,Facing Traffic,B: Evident Injury,Bike Lane / Paved Shoulder,White,Male,23,20-24,No,NA,46-50 mph,O: No Injury,White,Male,Passenger Car,Yes,30APR2009,Thursday,Bicyclist Right Turn / Merge,0,Non-Intersection,April,B: Evident Injury,00:00:00,Bicyclist Right Turn - Opposite Direction,2009,Yes,No,Dark - Roadway Not Lighted,Straight - Level,US Route,Dry,"Two-Way, Divided, Unprotected Median",None,No Special Feature,Smooth Asphalt,4 lanes,"34.1246167434, -77.9000223023"
4793,Pembroke,Robeson,Coastal,Commercial,Mixed (30% To 70% Developed),NA,Rural,20 - 25  MPH,No Control Present,Cloudy,No,16,16-19,No,NA,With Traffic,B: Evident Injury,Travel Lane,Native American,Male,48,40-49,No,NA,21-25 mph,O: No Injury,White,Female,Passenger Car,No,05MAY2009,Tuesday,Loss of Control / Turning Error,19,Intersection,May,B: Evident Injury,19:30:00,Bicyclist Lost Control - Mechanical Problems,2009,No,No,Dark - Lighted Roadway,Curve - Grade,Local Street,Wet,"Two-Way, Not Divided",None,No Special Feature,Smooth Asphalt,2 lanes,"34.6803388228, -79.1945977195"
4796,Cary,Wake,Piedmont,Residential,Urban (>70% Developed),NA,Urban,20 - 25  MPH,Stop And Go Signal,Clear,No,12,11-15,No,NA,With Traffic,B: Evident Injury,Sidewalk / Crosswalk / Driveway Crossing,Black,Male,70+,70+,No,NA,0-5 mph,O: No Injury,White,Female,Passenger Car,No,12MAY2009,Tuesday,Motorist Right Turn / Merge,15,Intersection,May,B: Evident Injury,15:30:00,Motorist Right Turn - Same Direction,2009,Yes,No,Daylight,Straight - Grade,Local Street,Dry,"Two-Way, Not Divided",None,T-Intersection,Smooth Asphalt,2 lanes,"35.7710150711, -78.8208926636"
4809,Wilmington,New Hanover,Coastal,Commercial,Urban (>70% Developed),NA,Urban,40 - 45  MPH,Stop And Go Signal,Cloudy,No,24,20-24,No,NA,With Traffic,B: Evident Injury,Travel Lane,White,Male,24,20-24,Yes,NA,36-40 mph,O: No Injury,White,Male,Passenger Car,Yes,03MAY2009,Sunday,Crossing Paths - Other Circumstances,3,Intersection,May,B: Evident Injury,03:38:00,Signalized Intersection - Other / Unknown,2009,Yes,No,Dark - Roadway Not Lighted,Straight - Level,US Route,Dry,"Two-Way, Divided, Unprotected Median",None,No Special Feature,Coarse Asphalt,NA,"34.2230667654, -77.882128302"
4810,Charlotte,Mecklenburg,Piedmont,Residential,Urban (>70% Developed),NA,Urban,30 - 35  MPH,Stop And Go Signal,Cloudy,No,36,30-39,No,NA,With Traffic,C: Possible Injury,Travel Lane,White,Female,27,25-29,No,NA,6-10 mph,O: No Injury,Asian,Male,Passenger Car,No,30APR2009,Thursday,Crossing Paths - Other Circumstances,10,Intersection,April,C: Possible Injury,10:17:00,Signalized Intersection - Other / Unknown,2009,Yes,No,Daylight,Straight - Level,Local Street,Dry,"Two-Way, Not Divided",None,Four-Way Intersection,Coarse Asphalt,4 lanes,"35.16829687, -80.8223982328"
4814,None - Rural Crash,New Hanover,Coastal,Commercial,Mixed (30% To 70% Developed),NA,Rural,30 - 35  MPH,Stop And Go Signal,Clear,No,18,16-19,No,NA,Facing Traffic,B: Evident Injury,Travel Lane,Black,Female,63,60-69,No,NA,11-15 mph,O: No Injury,White,Male,Sport Utility,No,06MAY2009,Wednesday,Motorist Left Turn / Merge,20,Intersection,May,B: Evident Injury,20:44:00,Motorist Left Turn - Same Direction,2009,Yes,No,Dark - Roadway Not Lighted,Straight - Level,State Secondary Route,Dry,"Two-Way, Divided, Unprotected Median",None,T-Intersection,Coarse Asphalt,2 lanes,"34.1039467387, -77.8994523021"
4819,None - Rural Crash,New Hanover,Coastal,Residential,Urban (>70% Developed),NA,Rural,30 - 35  MPH,No Control Present,Clear,No,12,11-15,No,NA,With Traffic,B: Evident Injury,Travel Lane,White,Male,NA,NA,Missing,NA,11-15 mph,Unknown Injury,Unknown/Missing,NA,NA,No,12MAY2009,Tuesday,Motorist Overtaking Bicyclist,18,Intersection,May,B: Evident Injury,18:50:00,Motorist Overtaking - Other / Unknown,2009,Yes,Yes,Daylight,Straight - Level,State Secondary Route,Dry,"Two-Way, Not Divided",None,T-Intersection,Smooth Asphalt,2 lanes,"34.1454497471, -77.915567308"
5003,Winston-Salem,Forsyth,Piedmont,Residential,Urban (>70% Developed),NA,Urban,30 - 35  MPH,No Control Present,Clear,No,46,40-49,No,NA,With Traffic,B: Evident Injury,Travel Lane,Black,Male,NA,NA,Missing,NA,16-20 mph,Unknown Injury,Unknown/Missing,NA,NA,No,16JUL2009,Thursday,Other / Unusual Circumstances,22,Non-Intersection,July,B: Evident Injury,22:10:00,Motorist Intentionally Caused,2009,No,Yes,Dark - Lighted Roadway,Straight - Grade,Local Street,Dry,"Two-Way, Not Divided",None,No Special Feature,Coarse Asphalt,2 lanes,"36.0559610813, -80.2167530999"
5004,Winston-Salem,Forsyth,Piedmont,Commercial,Urban (>70% Developed),NA,Urban,30 - 35  MPH,Stop And Go Signal,Clear,No,40,40-49,No,NA,With Traffic,B: Evident Injury,Travel Lane,Black,Male,19,0-19,Yes,NA,0-5 mph,O: No Injury,Black,Male,Passenger Car,Yes,10JUL2009,Friday,Motorist Left Turn / Merge,0,Intersection,July,B: Evident Injury,00:48:00,Motorist Left Turn - Opposite Direction,2009,Yes,No,Dark - Lighted Roadway,Straight - Grade,Local Street,Dry,"Two-Way, Not Divided",None,Four-Way Intersection,Coarse Asphalt,2 lanes,"36.0964270878, -80.2564231147"
5005,Charlotte,Mecklenburg,Piedmont,Residential,Rural (<30% Developed),NA,Urban,30 - 35  MPH,Stop And Go Signal,Clear,No,45,40-49,No,NA,With Traffic,B: Evident Injury,Sidewalk / Crosswalk / Driveway Crossing,White,Male,14,0-19,No,NA,31-35 mph,O: No Injury,Black,Male,Passenger Car,No,01MAY2009,Friday,Motorist Left Turn / Merge,18,Intersection,May,B: Evident Injury,18:48:00,Motorist Left Turn - Opposite Direction,2009,No,No,Daylight,Straight - Level,Local Street,Dry,"Two-Way, Divided, Unprotected Median",None,Four-Way Intersection,Smooth Asphalt,5 lanes,"35.186053878, -80.7299132057"
5017,Jacksonville,Onslow,Coastal,Residential,Urban (>70% Developed),NA,Urban,5 - 15 MPH,No Control Present,Rain,No,7,6-10,No,NA,With Traffic,B: Evident Injury,Bike Lane / Paved Shoulder,White,Male,33,30-39,No,NA,0-5 mph,O: No Injury,White,Female,Sport Utility,No,13JUL2009,Monday,Crossing Paths - Other Circumstances,17,Non-Intersection,July,B: Evident Injury,17:07:00,Crossing Paths - Midblock - Other / Unknown,2009,Yes,No,Daylight,Straight - Level,"Private Road, Driveway",Wet,NA,None,"Driveway, Private",Smooth Asphalt,NA,"34.7879269062, -77.3923121801"
5025,Charlotte,Mecklenburg,Piedmont,Commercial,Urban (>70% Developed),NA,Urban,30 - 35  MPH,No Control Present,Clear,No,44,40-49,Yes,NA,Facing Traffic,C: Possible Injury,Sidewalk / Crosswalk / Driveway Crossing,White,Male,68,60-69,No,NA,11-15 mph,O: No Injury,White,Male,Passenger Car,Yes,24JUL2009,Friday,Motorist Right Turn / Merge,20,Intersection,July,C: Possible Injury,20:51:00,Motorist Right Turn - Opposite Direction,2009,No,No,Dusk,Straight - Grade,Local Street,Dry,"One-Way, Not Divided",None,No Special Feature,Smooth Asphalt,2 lanes,"35.2147438801, -80.8320732381"
5030,Winston-Salem,Forsyth,Piedmont,Residential,Urban (>70% Developed),NA,Urban,30 - 35  MPH,No Control Present,Clear,No,43,40-49,No,NA,Facing Traffic,C: Possible Injury,Sidewalk / Crosswalk / Driveway Crossing,Asian,Female,37,30-39,No,NA,0-5 mph,O: No Injury,White,Female,Passenger Car,No,27JUL2009,Monday,Crossing Paths - Other Circumstances,10,Intersection,July,C: Possible Injury,10:17:00,Crossing Paths - Intersection - Other / Unknown,2009,No,No,Daylight,Straight - Level,Local Street,Dry,"Two-Way, Not Divided",None,No Special Feature,Smooth Asphalt,2 lanes,"36.1384540957, -80.2947331281"
5032,None - Rural Crash,Rockingham,Piedmont,"Farms, Woods, Pastures",Rural (<30% Developed),NA,Rural,30 - 35  MPH,No Control Present,Clear,No,14,11-15,No,NA,Not Applicable,B: Evident Injury,Driveway / Alley,Other,Male,58,50-59,No,NA,11-15 mph,O: No Injury,White,Female,Van,No,03AUG2009,Monday,Bicyclist Failed to Yield - Midblock,19,Non-Intersection,August,B: Evident Injury,19:24:00,Bicyclist Ride Out - Residential Driveway,2009,Yes,No,Daylight,Straight - Level,State Secondary Route,Dry,"Two-Way, Not Divided",None,"Driveway, Private",Smooth Asphalt,2 lanes,"36.5354871992, -79.7599329893"
5037,Raleigh,Wake,Piedmont,Residential,Urban (>70% Developed),NA,Urban,30 - 35  MPH,No Control Present,Clear,No,7,6-10,No,NA,Not Applicable,O: No Injury,Driveway / Alley,Black,Male,38,30-39,No,NA,31-35 mph,O: No Injury,Black,Male,Sport Utility,No,19JUN2009,Friday,Bicyclist Failed to Yield - Midblock,20,Non-Intersection,June,O: No Injury,20:45:00,Bicyclist Ride Out - Residential Driveway,2009,Yes,No,Dark - Lighted Roadway,Straight - Level,Local Street,Dry,"Two-Way, Not Divided",None,No Special Feature,Smooth Asphalt,2 lanes,"35.7668220778, -78.6019765968"
5040,Elizabeth City,Pasquotank,Coastal,Residential,Urban (>70% Developed),NA,Urban,30 - 35  MPH,Stop And Go Signal,Clear,No,48,40-49,No,NA,With Traffic,B: Evident Injury,Travel Lane,White,Male,53,50-59,No,NA,0-5 mph,O: No Injury,White,Female,Passenger Car,No,31JUL2009,Friday,Bicyclist Failed to Yield - Signalized Intersection,4,Intersection,July,B: Evident Injury,04:36:00,Bicyclist Failed to Clear - Unknown,2009,Yes,No,Daylight,Straight - Grade,Local Street,Dry,"Two-Way, Divided, Unprotected Median",None,No Special Feature,Smooth Asphalt,5 lanes,"36.3021872749, -76.2231618982"
5047,Durham,Durham,Piedmont,Residential,Urban (>70% Developed),NA,Urban,30 - 35  MPH,Stop And Go Signal,Clear,No,22,20-24,Yes,NA,With Traffic,A: Disabling Injury,Travel Lane,White,Male,26,25-29,No,NA,31-35 mph,O: No Injury,Black,Female,Passenger Car,Yes,08AUG2009,Saturday,Motorist Left Turn / Merge,23,Intersection,August,A: Disabling Injury,23:51:00,Motorist Left Turn - Opposite Direction,2009,Yes,Yes,Dark - Roadway Not Lighted,Straight - Grade,Local Street,Dry,"Two-Way, Not Divided",None,Four-Way Intersection,Smooth Asphalt,2 lanes,"35.943357102, -78.9831927216"
5051,Wilmington,New Hanover,Coastal,Commercial,Urban (>70% Developed),NA,Urban,40 - 45  MPH,No Control Present,Cloudy,No,26,25-29,No,NA,Facing Traffic,C: Possible Injury,Travel Lane,White,Male,47,40-49,No,NA,0-5 mph,O: No Injury,White,Female,"Light Truck (Mini-Van, Panel)",No,27JUN2009,Saturday,Motorist Failed to Yield - Midblock,14,Non-Intersection,June,C: Possible Injury,14:58:00,Motorist Drive Out - Commercial Driveway / Alley,2009,No,No,Daylight,Straight - Grade,NC Route,Dry,"Two-Way, Not Divided",None,No Special Feature,Smooth Asphalt,4 lanes,"34.1926947574, -77.9351423168"
5070,None - Rural Crash,Currituck,Coastal,"Farms, Woods, Pastures",Mixed (30% To 70% Developed),NA,Rural,50 - 55  MPH,Stop Sign,Clear,No,14,11-15,No,NA,With Traffic,A: Disabling Injury,Travel Lane,White,Female,39,30-39,No,NA,41-45 mph,O: No Injury,White,Female,Sport Utility,No,23JUL2009,Thursday,Crossing Paths - Other Circumstances,15,Intersection,July,A: Disabling Injury,15:26:00,Sign-Controlled Intersection - Other / Unknown,2009,Yes,No,Daylight,Straight - Level,State Secondary Route,Dry,"Two-Way, Not Divided",None,T-Intersection,Smooth Asphalt,3 lanes,"36.4690173163, -76.034421848"
5076,Raleigh,Wake,Piedmont,Residential,Urban (>70% Developed),NA,Urban,30 - 35  MPH,No Control Present,Clear,No,7,6-10,No,NA,Not Applicable,B: Evident Injury,Driveway / Alley,White,Male,58,50-59,No,NA,31-35 mph,O: No Injury,Other,Female,Passenger Car,No,05AUG2009,Wednesday,Bicyclist Failed to Yield - Midblock,18,Non-Intersection,August,B: Evident Injury,18:39:00,Bicyclist Ride Out - Residential Driveway,2009,Yes,No,Daylight,Curve - Level,Local Street,Dry,"Two-Way, Not Divided",None,No Special Feature,Coarse Asphalt,2 lanes,"35.8721371001, -78.6260476096"
5077,Lewisville,Forsyth,Piedmont,"Farms, Woods, Pastures",Rural (<30% Developed),NA,Urban,30 - 35  MPH,Yield Sign,Clear,No,32,30-39,No,NA,With Traffic,C: Possible Injury,Travel Lane,White,Male,25,25-29,No,NA,31-35 mph,O: No Injury,Black,Male,Passenger Car,No,21AUG2009,Friday,Parallel Paths - Other Circumstances,19,Intersection,August,C: Possible Injury,19:29:00,Parallel Paths - Other / Unknown,2009,No,No,Dusk,Curve - Level,State Secondary Route,Dry,"One-Way, Not Divided",None,Traffic Circle/Roundabout,Smooth Asphalt,1 lane,"36.08964708, -80.4309131669"
5086,Cherokee,Swain,Mountains,"Farms, Woods, Pastures",Rural (<30% Developed),NA,Rural,30 - 35  MPH,Stop Sign,Clear,No,13,11-15,No,NA,With Traffic,B: Evident Injury,Travel Lane,Native American,Male,57,50-59,No,NA,26-30 mph,O: No Injury,Native American,Female,Van,No,21AUG2009,Friday,Bicyclist Failed to Yield - Sign-Controlled Intersection,17,Intersection,August,B: Evident Injury,17:55:00,Bicyclist Ride Through - Sign-Controlled Intersection,2009,Yes,No,Daylight,Straight - Level,Local Street,Dry,"Two-Way, Not Divided",None,T-Intersection,Smooth Asphalt,2 lanes,"35.4652768366, -83.3636940003"
5088,None - Rural Crash,Wake,Piedmont,Residential,Mixed (30% To 70% Developed),NA,Rural,40 - 45  MPH,Stop And Go Signal,Clear,No,49,40-49,No,NA,With Traffic,O: No Injury,Travel Lane,White,Female,56,50-59,No,NA,31-35 mph,B: Evident Injury,White,Male,Motorcycle,No,18AUG2009,Tuesday,Crossing Paths - Other Circumstances,18,Intersection,August,B: Evident Injury,18:41:00,Crossing Paths - Intersection - Other / Unknown,2009,Yes,No,Daylight,Straight - Level,State Secondary Route,Dry,"Two-Way, Not Divided",None,Four-Way Intersection,Coarse Asphalt,2 lanes,"35.6823340547, -78.7429426355"
5091,None - Rural Crash,Wake,Piedmont,"Farms, Woods, Pastures",Rural (<30% Developed),NA,Rural,40 - 45  MPH,"Double Yellow Line, No Passing Zone",Clear,No,38,30-39,No,NA,With Traffic,C: Possible Injury,Travel Lane,White,Male,17,0-19,No,NA,41-45 mph,O: No Injury,White,Female,Passenger Car,No,15MAY2009,Friday,Motorist Right Turn / Merge,19,Intersection-Related,May,C: Possible Injury,19:00:00,Motorist Right Turn - Same Direction,2009,No,No,Daylight,Straight - Level,State Secondary Route,Dry,"Two-Way, Not Divided",None,No Special Feature,Smooth Asphalt,2 lanes,"36.0351591333, -78.6640526305"
5098,Goldsboro,Wayne,Coastal,Residential,Urban (>70% Developed),NA,Urban,30 - 35  MPH,Stop And Go Signal,Cloudy,No,43,40-49,No,NA,With Traffic,C: Possible Injury,Travel Lane,Black,Male,39,30-39,No,NA,NA,O: No Injury,Black,Male,Pickup,No,25AUG2009,Tuesday,Bicyclist Failed to Yield - Signalized Intersection,14,Intersection,August,C: Possible Injury,14:20:00,Bicyclist Failed to Clear - Trapped,2009,Yes,No,Daylight,Straight - Level,Local Street,Dry,"Two-Way, Not Divided",None,Four-Way Intersection,Smooth Asphalt,4 lanes,"35.3658470125, -77.9917823915"
5102,Charlotte,Mecklenburg,Piedmont,Residential,Urban (>70% Developed),NA,Urban,30 - 35  MPH,Stop Sign,Clear,No,13,11-15,No,NA,With Traffic,B: Evident Injury,Sidewalk / Crosswalk / Driveway Crossing,Black,Male,21,20-24,No,NA,0-5 mph,O: No Injury,Hispanic,Female,"Light Truck (Mini-Van, Panel)",No,17AUG2009,Monday,Loss of Control / Turning Error,18,Intersection,August,B: Evident Injury,18:16:00,Bicyclist Lost Control - Mechanical Problems,2009,Yes,No,Daylight,Straight - Grade,Local Street,Dry,"Two-Way, Not Divided",None,Four-Way Intersection,Smooth Asphalt,2 lanes,"35.2295298838, -80.8121132331"
5120,High Point,Guilford,Piedmont,Commercial,Urban (>70% Developed),NA,Urban,40 - 45  MPH,Stop Sign,Clear,No,53,50-59,No,NA,With Traffic,B: Evident Injury,Travel Lane,White,Female,22,20-24,No,NA,41-45 mph,O: No Injury,White,Male,Pickup,No,12AUG2009,Wednesday,Crossing Paths - Other Circumstances,17,Intersection,August,B: Evident Injury,17:13:00,Sign-Controlled Intersection - Other / Unknown,2009,Yes,No,Daylight,Straight - Grade,NC Route,Dry,"Two-Way, Not Divided",None,Four-Way Intersection,Smooth Asphalt,5 lanes,"35.9848400737, -80.0068770332"
5123,Fayetteville,Cumberland,Coastal,Residential,Urban (>70% Developed),NA,Urban,20 - 25  MPH,Stop Sign,Clear,No,57,50-59,No,NA,Facing Traffic,B: Evident Injury,Sidewalk / Crosswalk / Driveway Crossing,White,Male,18,0-19,No,NA,21-25 mph,O: No Injury,Black,Female,Passenger Car,No,25AUG2009,Tuesday,Motorist Failed to Yield - Sign-Controlled Intersection,12,Intersection,August,B: Evident Injury,12:36:00,Motorist Drive Out - Sign-Controlled Intersection,2009,Yes,No,Daylight,Straight - Level,Local Street,Dry,"Two-Way, Not Divided",None,T-Intersection,Coarse Asphalt,3 lanes,"35.071112917, -78.9206526575"
5127,Charlotte,Mecklenburg,Piedmont,Commercial,Urban (>70% Developed),NA,Urban,20 - 25  MPH,Stop Sign,Clear,No,18,16-19,No,NA,Facing Traffic,C: Possible Injury,Travel Lane,Black,Male,51,50-59,No,NA,21-25 mph,O: No Injury,White,Male,Sport Utility,No,21AUG2009,Friday,Motorist Failed to Yield - Sign-Controlled Intersection,16,Intersection,August,C: Possible Injury,16:28:00,Motorist Drive Out - Sign-Controlled Intersection,2009,No,No,Daylight,Straight - Level,Local Street,Dry,"Two-Way, Not Divided",None,T-Intersection,Smooth Asphalt,2 lanes,"35.2464468841, -80.8942232587"
5129,Durham,Durham,Piedmont,Residential,Urban (>70% Developed),NA,Urban,30 - 35  MPH,Stop Sign,Rain,No,15,11-15,No,NA,With Traffic,C: Possible Injury,Travel Lane,White,Male,52,50-59,No,NA,31-35 mph,O: No Injury,Black,Male,Sport Utility,No,07SEP2009,Monday,Loss of Control / Turning Error,18,Intersection,September,C: Possible Injury,18:07:00,Bicyclist Lost Control - Surface Conditions,2009,Yes,No,Daylight,Straight - Hillcrest,Local Street,Wet,"Two-Way, Not Divided",None,No Special Feature,Coarse Asphalt,2 lanes,"35.976767112, -78.9068477006"
7416,Kannapolis,Rowan,Piedmont,Residential,Urban (>70% Developed),NA,Urban,30 - 35  MPH,No Control Present,Clear,No,13,11-15,No,NA,With Traffic,C: Possible Injury,Travel Lane,White,Male,NA,NA,Missing,NA,6-10 mph,Unknown Injury,Unknown/Missing,NA,NA,No,30NOV2007,Friday,Loss of Control / Turning Error,20,Intersection-Related,November,C: Possible Injury,20:30:00,Motorist Turning Error - Right Turn,2007,No,Yes,Dark - Roadway Not Lighted,Straight - Grade,Local Street,Dry,"Two-Way, Not Divided",None,No Special Feature,Smooth Asphalt,2 lanes,"35.5077969513, -80.5905731819"
7420,None - Rural Crash,Brunswick,Coastal,Commercial,Urban (>70% Developed),NA,Rural,5 - 15 MPH,No Control Present,Clear,No,45,40-49,No,NA,NA,B: Evident Injury,Travel Lane,White,Male,39,30-39,No,NA,0-5 mph,O: No Injury,White,Male,Sport Utility,No,01DEC2007,Saturday,Non-Roadway,19,Non-Roadway,December,B: Evident Injury,19:42:00,Non-Roadway,2007,Yes,No,Dark - Lighted Roadway,Straight - Level,Public Vehicular Area,Dry,"Two-Way, Not Divided",None,"Driveway, Public",Smooth Asphalt,NA,"33.9515066992, -78.0494023396"
7422,High Point,Guilford,Piedmont,Residential,Urban (>70% Developed),NA,Urban,30 - 35  MPH,Stop Sign,Clear,No,6,6-10,No,NA,With Traffic,O: No Injury,Travel Lane,White,Male,59,50-59,No,NA,11-15 mph,O: No Injury,White,Male,Passenger Car,No,02DEC2007,Sunday,Bicyclist Failed to Yield - Sign-Controlled Intersection,16,Intersection,December,O: No Injury,16:00:00,Bicyclist Ride Through - Sign-Controlled Intersection,2007,No,No,Daylight,Straight - Grade,Public Vehicular Area,Dry,"Two-Way, Not Divided",None,T-Intersection,Smooth Asphalt,2 lanes,"35.979277072, -80.0302230403"
7429,Roper,Washington,Coastal,"Farms, Woods, Pastures",Rural (<30% Developed),NA,Rural,40 - 45  MPH,"Double Yellow Line, No Passing Zone",Clear,No,70+,70+,No,NA,With Traffic,B: Evident Injury,Bike Lane / Paved Shoulder,White,Male,43,40-49,No,NA,31-35 mph,O: No Injury,Black,Male,Pickup,No,05DEC2007,Wednesday,Bicyclist Left Turn / Merge,17,Non-Intersection,December,B: Evident Injury,17:10:00,Bicyclist Left Turn - Same Direction,2007,Yes,No,Dawn,Straight - Level,NC Route,Dry,"Two-Way, Not Divided",None,No Special Feature,Smooth Asphalt,2 lanes,"35.8822321712, -76.6104719956"