object_id,city,county,region,development,locality,on_road,rural_urban,speed_limit,traffic_control,weather,workzone,bike_age,bike_age_group,bike_alcohol,bike_alcohol_drugs,bike_direction,bike_injury,bike_position,bike_race,bike_sex,driver_age,driver_age_group,driver_alcohol,driver_alcohol_drugs,driver_est_speed,driver_injury,driver_race,driver_sex,driver_vehicle_type,crash_alcohol,crash_date,crash_day,crash_group,crash_hour,crash_location,crash_month,crash_severity,crash_time,crash_type,crash_year,ambulance_req,hit_run,light_condition,road_character,road_class,road_condition,road_configuration,road_defects,road_feature,road_surface,num_lanes,geo_point
7440,Raleigh,Wake,Piedmont,Residential,Urban (>70% Developed),NA,Urban,5 - 15 MPH,No Control Present,Clear,No,8,6-10,No,NA,NA,C: Possible Injury,Non-Roadway,White,Male,22,20-24,No,NA,0-5 mph,O: No Injury,Black,Female,Passenger Car,No,11DEC2007,Tuesday,Non-Roadway,9,Non-Roadway,December,C: Possible Injury,09:46:00,Non-Roadway,2007,No,No,Daylight,Straight - Level,Public Vehicular Area,Dry,"Two-Way, Not Divided",None,No Special Feature,Smooth Asphalt,NA,"35.8440370953, -78.5735325926"
7444,Wilson,Wilson,Coastal,Commercial,Urban (>70% Developed),NA,Urban,30 - 35  MPH,No Control Present,Clear,No,65,60-69,No,NA,Not Applicable,B: Evident Injury,Non-Roadway,Black,Male,51,50-59,No,NA,21-25 mph,B: Evident Injury,Black,Male,Passenger Car,No,14DEC2007,Friday,Bicyclist Failed to Yield - Midblock,18,Non-Intersection,December,B: Evident Injury,18:17:00,Bicyclist Ride Out - Commercial Driveway / Alley,2007,No,No,Dark - Lighted Roadway,Straight - Level,Public Vehicular Area,Dry,"Two-Way, Not Divided",None,No Special Feature,Smooth Asphalt,2 lanes,"35.713210091, -77.8982263801"
7451,Wilson,Wilson,Coastal,Commercial,Urban (>70% Developed),NA,Urban,30 - 35  MPH,Stop And Go Signal,Rain,No,14,11-15,No,NA,NA,C: Possible Injury,NA,Black,Male,37,30-39,No,NA,6-10 mph,O: No Injury,Black,Female,Passenger Car,No,25DEC2007,Tuesday,Other / Unknown - Insufficient Details,16,Non-Intersection,December,C: Possible Injury,16:51:00,Unknown Approach Paths,2007,No,No,Dark - Lighted Roadway,Straight - Level,Local Street,Wet,"Two-Way, Not Divided",None,No Special Feature,Concrete,4 lanes,"35.7228620917, -77.9354123923"
7454,None - Rural Crash,New Hanover,Coastal,Commercial,Urban (>70% Developed),NA,Rural,40 - 45  MPH,No Control Present,Cloudy,No,24,20-24,No,NA,Facing Traffic,O: No Injury,Travel Lane,Black,Male,58,50-59,No,NA,0-5 mph,O: No Injury,White,Male,Passenger Car,No,27DEC2007,Thursday,Motorist Failed to Yield - Midblock,9,Non-Intersection,December,O: No Injury,09:00:00,Motorist Drive Out - Commercial Driveway / Alley,2007,No,No,Daylight,Straight - Level,US Route,Dry,"Two-Way, Divided, Unprotected Median",None,"Driveway, Public",Coarse Asphalt,4 lanes,"34.1338067449, -77.8952223013"
7462,Greensboro,Guilford,Piedmont,Commercial,Urban (>70% Developed),NA,Urban,NA,No Control Present,Cloudy,No,40,40-49,No,NA,With Traffic,C: Possible Injury,Bike Lane / Paved Shoulder,Black,Male,NA,NA,Missing,NA,NA,Unknown Injury,Unknown/Missing,NA,NA,No,25NOV2007,Sunday,Motorist Overtaking Bicyclist,0,Non-Intersection,November,C: Possible Injury,00:10:00,Motorist Overtaking - Bicyclist Swerved,2007,Yes,Yes,Dark - Lighted Roadway,Straight - Level,Local Street,Dry,"Two-Way, Divided, Unprotected Median",None,No Special Feature,Smooth Asphalt,7 lanes,"36.0620670974, -79.8157029794"
7465,Wilmington,New Hanover,Coastal,Commercial,Urban (>70% Developed),NA,Urban,40 - 45  MPH,Stop And Go Signal,Clear,No,49,40-49,No,NA,With Traffic,K: Killed,Travel Lane,Black,Male,26,25-29,No,NA,36-40 mph,O: No Injury,White,Female,Sport Utility,No,25JAN2007,Thursday,Bicyclist Left Turn / Merge,13,Intersection,January,K: Killed,13:39:00,Bicyclist Left Turn - Opposite Direction,2007,Yes,No,Daylight,Straight - Level,Local Street,Dry,"Two-Way, Divided, Unprotected Median",NA,"Driveway, Public",Smooth Asphalt,8 lanes,"34.2160767628, -77.9042763086"
7466,Kill Devil Hills,Dare,Coastal,Commercial,Urban (>70% Developed),NA,Urban,50 - 55  MPH,No Control Present,Clear,No,20,20-24,No,NA,With Traffic,B: Evident Injury,Travel Lane,White,Female,16,0-19,No,NA,NA,O: No Injury,White,Male,Sport Utility,No,24JUN2007,Sunday,Parallel Paths - Other Circumstances,2,Non-Intersection,June,B: Evident Injury,02:58:00,Parallel Paths - Other / Unknown,2007,Yes,Yes,Dark - Lighted Roadway,Straight - Level,US Route,Dry,"Two-Way, Divided, Unprotected Median",None,No Special Feature,Coarse Asphalt,4 lanes,"36.0050122291, -75.6556817087"
3003,None - Rural Crash,Wayne,Coastal,Commercial,Rural (<30% Developed),NA,Rural,40 - 45  MPH,Stop And Go Signal,Clear,No,26,25-29,No,NA,With Traffic,O: No Injury,Travel Lane,White,Male,32,30-39,No,NA,16-20 mph,O: No Injury,Black,Male,Passenger Car,No,20MAY2011,Friday,Loss of Control / Turning Error,8,Intersection,May,O: No Injury,08:02:00,Motorist Turning Error - Left Turn,2011,No,No,Daylight,Straight - Level,State Secondary Route,Dry,"Two-Way, Not Divided",None,T-Intersection,Coarse Asphalt,2 lanes,"35.3414170071, -78.0014023932"
3009,Asheville,Buncombe,Mountains,Residential,Urban (>70% Developed),NA,Urban,30 - 35  MPH,No Control Present,Clear,No,51,50-59,No,NA,With Traffic,B: Evident Injury,Travel Lane,White,Female,NA,NA,Missing,NA,21-25 mph,Unknown Injury,Unknown/Missing,NA,Passenger Car,No,12MAY2011,Thursday,Motorist Overtaking Bicyclist,20,Non-Intersection,May,B: Evident Injury,20:14:00,Motorist Overtaking - Misjudged Space,2011,Yes,Yes,Daylight,Straight - Hillcrest,Local Street,Dry,"Two-Way, Divided, Unprotected Median",None,No Special Feature,Smooth Asphalt,2 lanes,"35.5974068955, -82.5602037721"
3016,Durham,Durham,Piedmont,Residential,Urban (>70% Developed),NA,Urban,20 - 25  MPH,No Control Present,Clear,No,4,0-5,No,NA,Not Applicable,O: No Injury,Driveway / Alley,Hispanic,Male,38,30-39,No,NA,21-25 mph,O: No Injury,Black,Female,Passenger Car,No,24MAY2011,Tuesday,Bicyclist Failed to Yield - Midblock,19,Non-Intersection,May,O: No Injury,19:09:00,Bicyclist Ride Out - Residential Driveway,2011,No,No,Daylight,Straight - Level,Local Street,Dry,"Two-Way, Not Divided",None,"Driveway, Private",Coarse Asphalt,2 lanes,"35.9610271091, -78.9087027003"
3026,Greensboro,Guilford,Piedmont,Residential,Urban (>70% Developed),NA,Urban,30 - 35  MPH,Stop Sign,Rain,No,54,50-59,No,NA,With Traffic,C: Possible Injury,Travel Lane,Black,Male,16,0-19,No,NA,11-15 mph,O: No Injury,White,Female,Passenger Car,No,17MAY2011,Tuesday,Motorist Failed to Yield - Sign-Controlled Intersection,16,Intersection,May,C: Possible Injury,16:01:00,Motorist Drive Out - Sign-Controlled Intersection,2011,Yes,No,Daylight,Straight - Level,Local Street,Wet,"Two-Way, Not Divided",None,Four-Way Intersection,Smooth Asphalt,4 lanes,"36.0153270882, -79.8006029729"
3028,Henderson,Vance,Piedmont,Residential,Urban (>70% Developed),NA,Urban,30 - 35  MPH,Stop Sign,Clear,No,8,6-10,No,NA,With Traffic,C: Possible Injury,Travel Lane,Black,Female,19,0-19,Yes,NA,31-35 mph,O: No Injury,Black,Male,Pickup,Yes,09MAY2011,Monday,Bicyclist Failed to Yield - Sign-Controlled Intersection,18,Intersection,May,C: Possible Injury,18:12:00,Bicyclist Ride Through - Sign-Controlled Intersection,2011,Yes,No,Daylight,Straight - Level,Local Street,Dry,"Two-Way, Not Divided",None,Four-Way Intersection,Coarse Asphalt,NA,"36.3303972055, -78.3946025638"
4514,Winterville,Pitt,Coastal,Commercial,Mixed (30% To 70% Developed),NA,Urban,50 - 55  MPH,Stop And Go Signal,Clear,No,17,16-19,No,NA,With Traffic,C: Possible Injury,Travel Lane,Black,Male,29,25-29,No,NA,16-20 mph,O: No Injury,White,Female,Sport Utility,No,28OCT2010,Thursday,Bicyclist Failed to Yield - Signalized Intersection,12,Intersection,October,C: Possible Injury,12:40:00,Bicyclist Ride Through - Signalized Intersection,2010,Yes,No,Daylight,Straight - Level,NC Route,Dry,"Two-Way, Divided, Unprotected Median",None,Four-Way Intersection,Smooth Asphalt,4 lanes,"35.5354040694, -77.4072522214"
4515,None - Rural Crash,Gates,Coastal,"Farms, Woods, Pastures",Rural (<30% Developed),NA,Rural,50 - 55  MPH,No Control Present,Clear,No,60,60-69,No,NA,Facing Traffic,B: Evident Injury,Travel Lane,Black,Male,30,30-39,No,NA,51-55 mph,O: No Injury,White,Male,Van,No,10NOV2010,Wednesday,Head-On,16,Non-Intersection,November,B: Evident Injury,16:50:00,Head-On - Bicyclist,2010,Yes,No,Daylight,Straight - Level,State Secondary Route,Dry,"Two-Way, Not Divided",None,No Special Feature,Coarse Asphalt,2 lanes,"36.4789922955, -76.7139070583"
4516,None - Rural Crash,Onslow,Coastal,"Farms, Woods, Pastures",Rural (<30% Developed),NA,Rural,40 - 45  MPH,"Double Yellow Line, No Passing Zone",Clear,No,63,60-69,No,NA,With Traffic,B: Evident Injury,Travel Lane,White,Male,NA,NA,No,NA,41-45 mph,Unknown Injury,Unknown/Missing,NA,Passenger Car,No,08NOV2010,Monday,Motorist Overtaking Bicyclist,22,Non-Intersection,November,B: Evident Injury,22:22:00,Motorist Overtaking - Misjudged Space,2010,Yes,Yes,Dark - Roadway Not Lighted,Straight - Level,State Secondary Route,Dry,"Two-Way, Not Divided",None,No Special Feature,Coarse Asphalt,2 lanes,"34.526171847, -77.4315971795"
4528,Andrews,Cherokee,Mountains,Commercial,Mixed (30% To 70% Developed),NA,Rural,30 - 35  MPH,No Control Present,Cloudy,No,36,30-39,No,NA,NA,Unknown Injury,Sidewalk / Crosswalk / Driveway Crossing,Hispanic,Male,19,0-19,No,NA,NA,O: No Injury,White,Male,Pickup,No,14SEP2010,Tuesday,Motorist Failed to Yield - Midblock,20,Non-Intersection,September,O: No Injury,20:35:00,Motorist Drive Out - Commercial Driveway / Alley,2010,No,No,Dark - Lighted Roadway,Straight - Level,NA,Dry,"Two-Way, Divided, Unprotected Median",Other,Other,Smooth Asphalt,2 lanes,"35.199900763, -83.8303041212"
4529,Winston-Salem,Forsyth,Piedmont,Residential,Rural (<30% Developed),NA,Urban,30 - 35  MPH,Stop And Go Signal,Clear,No,28,25-29,Yes,NA,With Traffic,A: Disabling Injury,Travel Lane,Black,Male,36,30-39,No,NA,NA,O: No Injury,White,Male,Passenger Car,Yes,03NOV2010,Wednesday,Motorist Left Turn / Merge,21,Intersection,November,A: Disabling Injury,21:11:00,Motorist Left Turn - Opposite Direction,2010,Yes,No,Dark - Lighted Roadway,Straight - Hillcrest,Local Street,Dry,"Two-Way, Not Divided",None,Four-Way Intersection,Smooth Asphalt,2 lanes,"36.0976470882, -80.2670031174"
4544,Elizabeth City,Pasquotank,Coastal,Commercial,Urban (>70% Developed),NA,Urban,20 - 25  MPH,No Control Present,Clear,No,24,20-24,No,NA,Facing Traffic,O: No Injury,Travel Lane,Black,Male,40,40-49,No,NA,0-5 mph,O: No Injury,Black,Male,Police,No,21NOV2010,Sunday,Crossing Paths - Other Circumstances,15,Intersection,November,O: No Injury,15:49:00,Crossing Paths - Intersection - Other / Unknown,2010,No,No,Daylight,Straight - Level,Local Street,Dry,"Two-Way, Not Divided",None,T-Intersection,Smooth Asphalt,5 lanes,"36.2966342735, -76.2227918979"
4545,Asheville,Buncombe,Mountains,Commercial,Urban (>70% Developed),NA,Urban,30 - 35  MPH,Stop Sign,Clear,No,33,30-39,No,NA,With Traffic,C: Possible Injury,Travel Lane,White,Male,35,30-39,No,NA,0-5 mph,O: No Injury,White,Female,Sport Utility,No,12NOV2010,Friday,Motorist Failed to Yield - Sign-Controlled Intersection,13,Intersection,November,C: Possible Injury,13:48:00,Motorist Drive Out - Sign-Controlled Intersection,2010,No,No,Daylight,Straight - Grade,Local Street,Dry,"Two-Way, Not Divided",None,T-Intersection,Smooth Asphalt,4 lanes,"35.6009018967, -82.5554237709"
4552,Burlington,Alamance,Piedmont,Commercial,Urban (>70% Developed),NA,Urban,30 - 35  MPH,Stop Sign,Clear,No,26,25-29,No,NA,With Traffic,B: Evident Injury,Travel Lane,Black,Male,36,30-39,No,NA,6-10 mph,O: No Injury,Black,Male,Passenger Car,No,11NOV2010,Thursday,Bicyclist Failed to Yield - Sign-Controlled Intersection,8,Intersection,November,B: Evident Injury,08:12:00,Bicyclist Ride Out - Sign-Controlled Intersection,2010,Yes,No,Daylight,Straight - Level,Local Street,Dry,"Two-Way, Not Divided",None,Four-Way Intersection,Smooth Asphalt,2 lanes,"36.0995171187, -79.4381928679"
4555,Wilmington,New Hanover,Coastal,Residential,Rural (<30% Developed),NA,Urban,40 - 45  MPH,No Control Present,Clear,No,25,25-29,No,NA,With Traffic,B: Evident Injury,Travel Lane,White,Male,57,50-59,No,NA,26-30 mph,O: No Injury,White,Female,Sport Utility,No,07NOV2010,Sunday,Motorist Left Turn / Merge,17,Intersection,November,B: Evident Injury,17:37:00,Motorist Left Turn - Opposite Direction,2010,Yes,No,Dusk,Straight - Level,Local Street,Dry,"Two-Way, Not Divided",None,No Special Feature,Smooth Asphalt,2 lanes,"34.2163467634, -77.8912623047"
4559,None - Rural Crash,Dare,Coastal,Residential,Mixed (30% To 70% Developed),NA,Rural,20 - 25  MPH,"Double Yellow Line, No Passing Zone",Cloudy,No,10,6-10,No,NA,With Traffic,A: Disabling Injury,Travel Lane,White,Male,46,40-49,No,NA,16-20 mph,O: No Injury,White,Male,Van,No,30NOV2010,Tuesday,Bicyclist Failed to Yield - Sign-Controlled Intersection,16,Intersection,November,A: Disabling Injury,16:22:00,Bicyclist Ride Through - Sign-Controlled Intersection,2010,Yes,No,Daylight,Straight - Level,Public Vehicular Area,Dry,"Two-Way, Not Divided",None,Four-Way Intersection,Coarse Asphalt,2 lanes,"36.0141632292, -75.7126617258"
4564,None - Rural Crash,New Hanover,Coastal,Residential,Urban (>70% Developed),NA,Rural,30 - 35  MPH,No Control Present,Cloudy,No,15,11-15,No,NA,Facing Traffic,C: Possible Injury,Travel Lane,White,Male,70+,70+,No,NA,11-15 mph,O: No Injury,White,Female,Passenger Car,No,29NOV2010,Monday,Head-On,16,Non-Intersection,November,C: Possible Injury,16:00:00,Head-On - Bicyclist,2010,No,No,Daylight,Curve - Level,State Secondary Route,Dry,"Two-Way, Not Divided",None,No Special Feature,Smooth Asphalt,2 lanes,"34.2838197818, -77.7957172792"
4570,Asheville,Buncombe,Mountains,Commercial,Urban (>70% Developed),NA,Urban,30 - 35  MPH,Flashing Stop And Go Signal,Clear,No,39,30-39,No,NA,With Traffic,B: Evident Injury,Travel Lane,White,Male,57,50-59,No,NA,21-25 mph,O: No Injury,White,Male,Van,No,21NOV2010,Sunday,Motorist Left Turn / Merge,18,Intersection,November,B: Evident Injury,18:13:00,Motorist Left Turn - Opposite Direction,2010,Yes,No,Dark - Lighted Roadway,NA,Local Street,Dry,"Two-Way, Not Divided",None,Related To Intersection,Smooth Asphalt,5 lanes,"35.5989568965, -82.5535387697"
4572,Henderson,Vance,Piedmont,Residential,Mixed (30% To 70% Developed),NA,Urban,20 - 25  MPH,Stop Sign,Clear,No,NA,NA,No,NA,Facing Traffic,O: No Injury,Travel Lane,Black,Male,68,60-69,No,NA,26-30 mph,O: No Injury,White,Female,Passenger Car,No,14NOV2010,Sunday,Motorist Failed to Yield - Sign-Controlled Intersection,12,Intersection,November,O: No Injury,12:23:00,Motorist Drive Out - Sign-Controlled Intersection,2010,No,No,Daylight,Straight - Grade,Local Street,Dry,"Two-Way, Not Divided",None,No Special Feature,Smooth Asphalt,2 lanes,"36.3233972031, -78.4126525699"
4590,Hendersonville,Henderson,Mountains,Commercial,Urban (>70% Developed),NA,Urban,30 - 35  MPH,No Control Present,Clear,No,47,40-49,No,NA,Facing Traffic,C: Possible Injury,Sidewalk / Crosswalk / Driveway Crossing,White,Male,63,60-69,No,NA,NA,O: No Injury,White,Male,Passenger Car,No,23NOV2010,Tuesday,Motorist Failed to Yield - Midblock,11,Non-Intersection,November,C: Possible Injury,11:49:00,Motorist Drive Out - Commercial Driveway / Alley,2010,Yes,No,Daylight,Straight - Level,Local Street,Dry,"One-Way, Not Divided",None,No Special Feature,Coarse Asphalt,3 lanes,"35.3195948416, -82.4616537273"
4591,Wilmington,New Hanover,Coastal,Commercial,Urban (>70% Developed),NA,Urban,40 - 45  MPH,Stop And Go Signal,Clear,No,32,30-39,No,NA,With Traffic,C: Possible Injury,Travel Lane,White,Male,68,60-69,No,NA,41-45 mph,O: No Injury,White,Male,Sport Utility,No,03DEC2010,Friday,Motorist Left Turn / Merge,16,Intersection,December,C: Possible Injury,16:24:00,Motorist Left Turn - Opposite Direction,2010,Yes,No,Daylight,Straight - Level,Local Street,Dry,"Two-Way, Not Divided",None,No Special Feature,Smooth Asphalt,9 or more lanes,"34.2101737645, -77.8369222873"
4592,Davidson,Mecklenburg,Piedmont,Residential,Urban (>70% Developed),NA,Urban,20 - 25  MPH,No Control Present,Clear,No,34,30-39,No,NA,With Traffic,B: Evident Injury,Travel Lane,White,Male,52,50-59,No,NA,21-25 mph,O: No Injury,White,Male,Sport Utility,No,02DEC2010,Thursday,Motorist Overtaking Bicyclist,12,Non-Intersection,December,B: Evident Injury,12:24:00,Motorist Overtaking - Misjudged Space,2010,No,No,Daylight,Straight - Hillcrest,Local Street,Dry,"Two-Way, Not Divided",None,No Special Feature,Smooth Asphalt,2 lanes,"35.4628569337, -80.8072392438"
4595,Cary,Wake,Piedmont,Residential,Urban (>70% Developed),NA,Urban,20 - 25  MPH,Stop Sign,Clear,No,44,40-49,Yes,NA,Facing Traffic,C: Possible Injury,Sidewalk / Crosswalk / Driveway Crossing,Black,Male,43,40-49,No,NA,0-5 mph,O: No Injury,Asian,Male,Passenger Car,Yes,14DEC2010,Tuesday,Motorist Failed to Yield - Sign-Controlled Intersection,10,Intersection,December,C: Possible Injury,10:04:00,Motorist Drive Out - Sign-Controlled Intersection,2010,Yes,No,Daylight,Straight - Grade,NC Route,Dry,"Two-Way, Divided, Unprotected Median",None,T-Intersection,Smooth Asphalt,4 lanes,"35.7964130786, -78.7592026465"
4600,None - Rural Crash,Buncombe,Mountains,Commercial,Rural (<30% Developed),NA,Rural,20 - 25  MPH,"Double Yellow Line, No Passing Zone",Clear,No,22,20-24,No,NA,With Traffic,C: Possible Injury,Travel Lane,White,Male,NA,NA,No,NA,21-25 mph,Unknown Injury,Unknown/Missing,NA,Passenger Car,No,19DEC2010,Sunday,Bicyclist Left Turn / Merge,14,Non-Intersection,December,C: Possible Injury,14:04:00,Bicyclist Left Turn - Same Direction,2010,No,Yes,Daylight,Straight - Grade,State Secondary Route,Dry,"Two-Way, Not Divided",None,"Driveway, Public",Smooth Asphalt,2 lanes,"35.6125409029, -82.4526937416"
4605,Rocky Mount,Nash,Coastal,Residential,Urban (>70% Developed),NA,Urban,30 - 35  MPH,Stop Sign,Rain,No,21,20-24,No,NA,Facing Traffic,B: Evident Injury,Travel Lane,Black,Male,38,30-39,No,NA,NA,O: No Injury,White,Female,Sport Utility,No,16NOV2010,Tuesday,Motorist Failed to Yield - Sign-Controlled Intersection,15,Intersection,November,B: Evident Injury,15:54:00,Motorist Drive Out - Sign-Controlled Intersection,2010,Yes,No,Daylight,Straight - Level,Local Street,Wet,"Two-Way, Not Divided",None,Four-Way Intersection,Smooth Asphalt,2 lanes,"35.9306021409, -77.8200783675"
4609,None - Rural Crash,Forsyth,Piedmont,"Farms, Woods, Pastures",Rural (<30% Developed),NA,Rural,40 - 45  MPH,"Double Yellow Line, No Passing Zone",Clear,No,15,11-15,No,NA,With Traffic,B: Evident Injury,Bike Lane / Paved Shoulder,White,Male,25,25-29,No,NA,36-40 mph,O: No Injury,White,Male,Passenger Car,No,23DEC2010,Thursday,Motorist Overtaking Bicyclist,18,Non-Intersection,December,B: Evident Injury,18:19:00,Motorist Overtaking - Other / Unknown,2010,Yes,No,Dark - Roadway Not Lighted,Straight - Level,State Secondary Route,Dry,"Two-Way, Not Divided",None,No Special Feature,Coarse Asphalt,2 lanes,"36.1752311108, -80.0886430682"
4623,Wilson,Wilson,Coastal,Commercial,Urban (>70% Developed),NA,Urban,30 - 35  MPH,No Control Present,Clear,No,41,40-49,No,NA,Facing Traffic,B: Evident Injury,Travel Lane,Black,Male,54,50-59,No,NA,0-5 mph,O: No Injury,White,Male,Passenger Car,No,30NOV2010,Tuesday,Motorist Failed to Yield - Midblock,13,Non-Intersection,November,B: Evident Injury,13:53:00,Motorist Drive Out - Other Midblock,2010,No,No,Daylight,Curve - Level,Public Vehicular Area,Dry,"Two-Way, Not Divided",None,"Driveway, Public",Coarse Asphalt,2 lanes,"35.7151170909, -77.9241283879"
4624,Wilson,Wilson,Coastal,Residential,Urban (>70% Developed),NA,Urban,30 - 35  MPH,No Control Present,Clear,No,42,40-49,No,NA,With Traffic,B: Evident Injury,Travel Lane,White,Male,NA,NA,Missing,NA,36-40 mph,Unknown Injury,Unknown/Missing,NA,NA,No,24NOV2010,Wednesday,Motorist Overtaking Bicyclist,11,Non-Intersection,November,B: Evident Injury,11:42:00,Motorist Overtaking - Other / Unknown,2010,Yes,Yes,Daylight,Straight - Level,Local Street,Dry,"Two-Way, Not Divided",None,No Special Feature,Coarse Asphalt,2 lanes,"35.7143970912, -77.8977323806"
4631,Weldon,Halifax,Coastal,Residential,Mixed (30% To 70% Developed),NA,Rural,40 - 45  MPH,No Control Present,Clear,No,47,40-49,No,NA,Facing Traffic,C: Possible Injury,Bike Lane / Paved Shoulder,Black,Male,70+,70+,No,NA,41-45 mph,O: No Injury,Black,Female,Passenger Car,No,28OCT2010,Thursday,Loss of Control / Turning Error,11,Non-Intersection,October,C: Possible Injury,11:37:00,Motorist Lost Control - Mechanical Problems,2010,No,No,Daylight,Straight - Level,Local Street,Dry,"Two-Way, Not Divided",None,"Driveway, Public",Smooth Asphalt,2 lanes,"36.4128472508, -77.6160023314"
4632,Concord,Cabarrus,Piedmont,Commercial,Urban (>70% Developed),NA,Urban,20 - 25  MPH,Stop Sign,Clear,No,35,30-39,No,NA,Facing Traffic,C: Possible Injury,Travel Lane,White,Male,NA,NA,No,NA,0-5 mph,Unknown Injury,Unknown/Missing,NA,"Light Truck (Mini-Van, Panel)",No,20JAN2010,Wednesday,Motorist Failed to Yield - Sign-Controlled Intersection,16,Intersection,January,C: Possible Injury,16:47:00,Motorist Drive Out - Sign-Controlled Intersection,2010,No,Yes,Daylight,Straight - Level,Local Street,Dry,"Two-Way, Not Divided",None,T-Intersection,Smooth Asphalt,2 lanes,"35.4119169309, -80.5830131741"
4646,Fayetteville,Cumberland,Coastal,Commercial,Urban (>70% Developed),NA,Urban,30 - 35  MPH,Stop And Go Signal,Clear,No,53,50-59,No,NA,Facing Traffic,C: Possible Injury,Sidewalk / Crosswalk / Driveway Crossing,Black,Male,70+,70+,No,NA,31-35 mph,O: No Injury,Native American,Male,Pickup,No,21JAN2009,Wednesday,Bicyclist Failed to Yield - Signalized Intersection,13,Intersection,January,C: Possible Injury,13:32:00,Bicyclist Ride Through - Signalized Intersection,2009,Yes,No,Daylight,Straight - Level,Local Street,Snow,"Two-Way, Divided, Unprotected Median",None,Four-Way Intersection,Coarse Asphalt,3 lanes,"35.0507069139, -78.8790726435"
4656,None - Rural Crash,Hertford,Coastal,Commercial,Rural (<30% Developed),NA,Rural,50 - 55  MPH,"Double Yellow Line, No Passing Zone",Clear,No,21,20-24,No,NA,With Traffic,C: Possible Injury,Bike Lane / Paved Shoulder,Black,Male,70+,70+,No,NA,51-55 mph,O: No Injury,White,Male,Sport Utility,No,09FEB2009,Monday,Motorist Overtaking Bicyclist,18,Non-Intersection,February,C: Possible Injury,18:58:00,Motorist Overtaking - Misjudged Space,2009,Yes,No,Dark - Roadway Not Lighted,Curve - Level,NC Route,Dry,"Two-Way, Not Divided",None,No Special Feature,Coarse Asphalt,2 lanes,"36.2768472427, -77.0113921384"
4668,Jacksonville,Onslow,Coastal,Commercial,Mixed (30% To 70% Developed),NA,Urban,20 - 25  MPH,No Control Present,Clear,No,18,16-19,No,NA,With Traffic,C: Possible Injury,Travel Lane,White,Male,NA,NA,No,NA,NA,Unknown Injury,Unknown/Missing,NA,NA,No,25JAN2009,Sunday,Parallel Paths - Other Circumstances,22,Non-Intersection,January,C: Possible Injury,22:22:00,Parallel Paths - Other / Unknown,2009,Yes,Yes,Dark - Lighted Roadway,Curve - Level,Local Street,Dry,"Two-Way, Divided, Unprotected Median",None,No Special Feature,Smooth Asphalt,2 lanes,"34.796176908, -77.3992621825"
4672,Raleigh,Wake,Piedmont,Commercial,Urban (>70% Developed),NA,Urban,30 - 35  MPH,Stop And Go Signal,Clear,No,49,40-49,Yes,NA,Facing Traffic,O: No Injury,Sidewalk / Crosswalk / Driveway Crossing,Black,Male,24,20-24,No,NA,31-35 mph,O: No Injury,White,Male,Passenger Car,Yes,09JAN2009,Friday,Motorist Failed to Yield - Signalized Intersection,20,Intersection,January,O: No Injury,20:29:00,Motorist Drive Out - Signalized Intersection,2009,Yes,No,Dark - Lighted Roadway,Straight - Level,Local Street,Dry,"Two-Way, Not Divided",None,No Special Feature,Smooth Asphalt,2 lanes,"35.7808450797, -78.6476086121"
4680,Goldsboro,Wayne,Coastal,Commercial,Urban (>70% Developed),NA,Urban,20 - 25  MPH,Stop And Go Signal,Clear,No,43,40-49,No,NA,Facing Traffic,C: Possible Injury,Bike Lane / Paved Shoulder,White,Male,70+,70+,No,NA,21-25 mph,O: No Injury,White,Female,Passenger Car,No,11FEB2009,Wednesday,Bicyclist Failed to Yield - Signalized Intersection,17,Intersection,February,C: Possible Injury,17:10:00,Bicyclist Ride Out - Signalized  Intersection,2009,Yes,No,Daylight,Straight - Level,Local Street,Dry,"Two-Way, Not Divided",None,No Special Feature,Coarse Asphalt,6 lanes,"35.3844470167, -77.9967023931"
4682,None - Rural Crash,New Hanover,Coastal,Residential,Urban (>70% Developed),NA,Rural,30 - 35  MPH,No Control Present,Clear,No,66,60-69,No,NA,With Traffic,C: Possible Injury,Travel Lane,White,Female,70+,70+,No,NA,11-15 mph,O: No Injury,White,Male,Pickup,No,13FEB2009,Friday,Motorist Failed to Yield - Sign-Controlled Intersection,16,Intersection,February,C: Possible Injury,16:10:00,Motorist Drive Out - Sign-Controlled Intersection,2009,Yes,No,Daylight,Straight - Level,State Secondary Route,Dry,"Two-Way, Divided, Positive Median Barrier",None,No Special Feature,Coarse Asphalt,2 lanes,"34.2578187733, -77.8719323003"
4683,Gastonia,Gaston,Piedmont,Commercial,Urban (>70% Developed),NA,Urban,NA,No Control Present,Clear,No,53,50-59,No,NA,With Traffic,O: No Injury,Travel Lane,White,Male,34,30-39,Yes,NA,NA,B: Evident Injury,White,Male,Pedestrian,Yes,09JAN2009,Friday,Motorist Overtaking Bicyclist,20,Non-Intersection,January,B: Evident Injury,20:15:00,Motorist Overtaking - Other / Unknown,2009,Yes,No,Dark - Roadway Not Lighted,Straight - Level,US Route,Dry,"Two-Way, Divided, Positive Median Barrier",None,No Special Feature,Smooth Asphalt,4 lanes,"35.3021568855, -81.1878233483"
4685,Kinston,Lenoir,Coastal,Commercial,Urban (>70% Developed),NA,Urban,30 - 35  MPH,No Control Present,Clear,No,10,6-10,No,NA,With Traffic,O: No Injury,Travel Lane,Black,Female,29,25-29,No,NA,31-35 mph,B: Evident Injury,Black,Female,Motorcycle,No,07MAR2009,Saturday,Motorist Overtaking Bicyclist,12,Non-Intersection,March,B: Evident Injury,12:53:00,Motorist Overtaking - Other / Unknown,2009,Yes,No,Daylight,Curve - Level,Local Street,Dry,"Two-Way, Not Divided",None,T-Intersection,Smooth Asphalt,2 lanes,"35.2706220061, -77.5828022618"