object_id,city,county,region,development,locality,on_road,rural_urban,speed_limit,traffic_control,weather,workzone,bike_age,bike_age_group,bike_alcohol,bike_alcohol_drugs,bike_direction,bike_injury,bike_position,bike_race,bike_sex,driver_age,driver_age_group,driver_alcohol,driver_alcohol_drugs,driver_est_speed,driver_injury,driver_race,driver_sex,driver_vehicle_type,crash_alcohol,crash_date,crash_day,crash_group,crash_hour,crash_location,crash_month,crash_severity,crash_time,crash_type,crash_year,ambulance_req,hit_run,light_condition,road_character,road_class,road_condition,road_configuration,road_defects,road_feature,road_surface,num_lanes,geo_point
4688,Concord,Cabarrus,Piedmont,Commercial,Urban (>70% Developed),NA,Urban,40 - 45  MPH,No Control Present,Clear,No,24,20-24,No,NA,Facing Traffic,C: Possible Injury,Sidewalk / Crosswalk / Driveway Crossing,Black,Male,70+,70+,No,NA,0-5 mph,O: No Injury,White,Male,Pickup,No,17FEB2009,Tuesday,Motorist Failed to Yield - Midblock,15,Non-Intersection,February,C: Possible Injury,15:25:00,Motorist Drive Out - Commercial Driveway / Alley,2009,Yes,No,Daylight,Straight - Level,US Route,Dry,"Two-Way, Divided, Unprotected Median",None,T-Intersection,Coarse Asphalt,4 lanes,"35.3951069263, -80.614947183"
4689,Winston-Salem,Forsyth,Piedmont,Commercial,Urban (>70% Developed),NA,Urban,30 - 35  MPH,No Control Present,Clear,No,58,50-59,No,NA,With Traffic,A: Disabling Injury,Travel Lane,White,Male,51,50-59,No,NA,31-35 mph,O: No Injury,White,Female,Passenger Car,No,21FEB2009,Saturday,Motorist Overtaking Bicyclist,19,Non-Intersection,February,A: Disabling Injury,19:39:00,Motorist Overtaking - Other / Unknown,2009,Yes,No,Dark - Lighted Roadway,Straight - Level,Local Street,Dry,"Two-Way, Not Divided",None,No Special Feature,Smooth Asphalt,4 lanes,"36.0798450818, -80.3357631378"
4703,None - Rural Crash,Forsyth,Piedmont,"Farms, Woods, Pastures",Rural (<30% Developed),NA,Rural,40 - 45  MPH,Stop Sign,Clear,No,43,40-49,No,NA,With Traffic,B: Evident Injury,Travel Lane,White,Male,33,30-39,No,NA,0-5 mph,O: No Injury,White,Male,Passenger Car,No,23MAR2009,Monday,Motorist Failed to Yield - Sign-Controlled Intersection,17,Intersection,March,B: Evident Injury,17:00:00,Motorist Drive Out - Sign-Controlled Intersection,2009,No,No,Daylight,Straight - Level,State Secondary Route,Dry,"Two-Way, Not Divided",None,T-Intersection,Smooth Asphalt,2 lanes,"36.0417440827, -80.0940130624"
4708,Wilson,Wilson,Coastal,Residential,Urban (>70% Developed),NA,Urban,30 - 35  MPH,Stop Sign,"Snow, Sleet, Hail, Freezing Rain/Drizzle",No,63,60-69,No,NA,Facing Traffic,O: No Injury,Travel Lane,Black,Male,16,0-19,No,NA,NA,O: No Injury,White,Male,Passenger Car,No,02MAR2009,Monday,Motorist Failed to Yield - Sign-Controlled Intersection,9,Intersection,March,O: No Injury,09:50:00,Motorist Drive Out - Sign-Controlled Intersection,2009,No,No,Daylight,Straight - Level,Local Street,Ice,"Two-Way, Not Divided",None,T-Intersection,Coarse Asphalt,5 lanes,"35.7611171005, -77.9340723942"
4711,Rocky Mount,Nash,Coastal,Commercial,Urban (>70% Developed),NA,Urban,40 - 45  MPH,No Control Present,Clear,No,45,40-49,No,NA,With Traffic,B: Evident Injury,Bike Lane / Paved Shoulder,White,Male,NA,NA,Missing,NA,31-35 mph,Unknown Injury,Unknown/Missing,NA,NA,No,07FEB2009,Saturday,Motorist Overtaking Bicyclist,8,Non-Intersection,February,B: Evident Injury,08:52:00,Motorist Overtaking - Other / Unknown,2009,No,Yes,Dark - Lighted Roadway,Straight - Level,US Route,Dry,"Two-Way, Divided, Unprotected Median",None,No Special Feature,Coarse Asphalt,2 lanes,"35.962187147, -77.8200423696"
4715,Wilmington,New Hanover,Coastal,Residential,Urban (>70% Developed),NA,Urban,20 - 25  MPH,No Control Present,Cloudy,No,27,25-29,No,NA,With Traffic,O: No Injury,Sidewalk / Crosswalk / Driveway Crossing,Black,Male,23,20-24,No,NA,0-5 mph,O: No Injury,White,Male,Passenger Car,No,14MAR2009,Saturday,Bicyclist Overtaking Motorist,20,Intersection-Related,March,O: No Injury,20:43:00,Bicyclist Overtaking - Other / Unknown,2009,No,No,Dark - Lighted Roadway,Straight - Level,Local Street,Dry,"Two-Way, Divided, Unprotected Median",None,No Special Feature,Coarse Asphalt,2 lanes,"34.2424967682, -77.9426623217"
4716,Greensboro,Guilford,Piedmont,Commercial,Urban (>70% Developed),NA,Urban,20 - 25  MPH,No Control Present,Clear,No,20,20-24,No,NA,Not Applicable,C: Possible Injury,Non-Roadway,Black,Female,20,20-24,No,NA,NA,C: Possible Injury,Black,Female,Passenger Car,No,22MAR2009,Sunday,Non-Roadway,19,Non-Roadway,March,C: Possible Injury,19:15:00,Non-Roadway,2009,Yes,Yes,Daylight,Straight - Level,Public Vehicular Area,Dry,NA,None,"Driveway, Public",Smooth Asphalt,NA,"36.0471110948, -79.7996429743"
4724,Greensboro,Guilford,Piedmont,Residential,Urban (>70% Developed),NA,Urban,30 - 35  MPH,Stop And Go Signal,Rain,No,24,20-24,No,NA,With Traffic,B: Evident Injury,Travel Lane,White,Male,60,60-69,No,NA,11-15 mph,O: No Injury,White,Male,"Single Unit Truck (2-Axle, 6-Tire)",No,25MAR2009,Wednesday,Motorist Left Turn / Merge,15,Intersection,March,B: Evident Injury,15:21:00,Motorist Left Turn - Opposite Direction,2009,No,No,Daylight,Straight - Level,Local Street,Wet,"Two-Way, Not Divided",None,T-Intersection,Smooth Asphalt,7 lanes,"36.0533900949, -79.8424529873"
4725,Morehead City,Carteret,Coastal,Commercial,Rural (<30% Developed),NA,Urban,5 - 15 MPH,No Control Present,Clear,No,12,11-15,No,NA,Facing Traffic,O: No Injury,Sidewalk / Crosswalk / Driveway Crossing,White,Male,63,60-69,No,NA,6-10 mph,O: No Injury,White,Female,Van,No,21MAR2009,Saturday,Motorist Failed to Yield - Midblock,11,Non-Intersection,March,O: No Injury,11:32:00,Motorist Drive Out - Commercial Driveway / Alley,2009,No,No,Daylight,Straight - Level,NA,Dry,"Two-Way, Divided, Unprotected Median",None,No Special Feature,Smooth Asphalt,NA,"34.7269739128, -76.7692519877"
4728,None - Rural Crash,Caldwell,Mountains,Residential,Rural (<30% Developed),NA,Rural,5 - 15 MPH,No Control Present,Clear,No,10,6-10,No,NA,Not Applicable,C: Possible Injury,Driveway / Alley,White,Male,33,30-39,No,NA,0-5 mph,O: No Injury,White,Female,Van,No,03APR2009,Friday,Non-Roadway,18,Non-Roadway,April,C: Possible Injury,18:02:00,Non-Roadway,2009,No,No,Daylight,Straight - Grade,"Private Road, Driveway",Dry,"One-Way, Not Divided",None,"Driveway, Public",Gravel,1 lane,"35.8278499822, -81.5807234949"
4730,Greensboro,Guilford,Piedmont,Commercial,Urban (>70% Developed),NA,Urban,30 - 35  MPH,Stop And Go Signal,Clear,No,13,11-15,No,NA,Facing Traffic,C: Possible Injury,Sidewalk / Crosswalk / Driveway Crossing,White,Male,39,30-39,No,NA,0-5 mph,O: No Injury,White,Male,Passenger Car,No,31MAR2009,Tuesday,Bicyclist Failed to Yield - Signalized Intersection,17,Intersection,March,C: Possible Injury,17:19:00,Bicyclist Ride Through - Signalized Intersection,2009,Yes,No,Daylight,Straight - Level,Local Street,Dry,"Two-Way, Not Divided",None,Four-Way Intersection,Smooth Asphalt,3 lanes,"36.1027601073, -79.787832974"
4732,Raleigh,Wake,Piedmont,Residential,Urban (>70% Developed),NA,Urban,20 - 25  MPH,Stop Sign,Cloudy,No,12,11-15,No,NA,Facing Traffic,C: Possible Injury,Travel Lane,White,Male,56,50-59,No,NA,21-25 mph,O: No Injury,Black,Female,Passenger Car,No,27FEB2009,Friday,Crossing Paths - Other Circumstances,17,Intersection,February,C: Possible Injury,17:41:00,Sign-Controlled Intersection - Other / Unknown,2009,Yes,No,Dusk,Curve - Grade,Local Street,Dry,"Two-Way, Not Divided",Other,T-Intersection,Coarse Asphalt,2 lanes,"35.8075940891, -78.5505475838"
4735,Washington,Beaufort,Coastal,Residential,Urban (>70% Developed),NA,Urban,30 - 35  MPH,No Control Present,Clear,No,21,20-24,No,NA,Facing Traffic,O: No Injury,Travel Lane,Black,Male,53,50-59,No,NA,6-10 mph,O: No Injury,Black,Female,Passenger Car,No,19MAR2009,Thursday,Motorist Overtaking Bicyclist,16,Non-Intersection,March,O: No Injury,16:31:00,Motorist Overtaking - Other / Unknown,2009,No,No,Daylight,Straight - Level,Local Street,Dry,"Two-Way, Not Divided",None,No Special Feature,Coarse Asphalt,1 lane,"35.5500970845, -77.0555671157"
4739,None - Rural Crash,Rowan,Piedmont,"Farms, Woods, Pastures",Rural (<30% Developed),NA,Rural,50 - 55  MPH,No Control Present,Clear,No,22,20-24,No,NA,With Traffic,A: Disabling Injury,Travel Lane,White,Male,21,20-24,No,NA,51-55 mph,O: No Injury,White,Male,"Light Truck (Mini-Van, Panel)",No,04APR2009,Saturday,Motorist Overtaking Bicyclist,11,Non-Intersection,April,A: Disabling Injury,11:35:00,Motorist Overtaking - Bicyclist Swerved,2009,Yes,No,Daylight,Straight - Level,State Secondary Route,Dry,"Two-Way, Not Divided",None,No Special Feature,Smooth Asphalt,2 lanes,"35.5620229602, -80.6585632052"
4740,None - Rural Crash,Forsyth,Piedmont,"Farms, Woods, Pastures",Mixed (30% To 70% Developed),NA,Rural,50 - 55  MPH,"Double Yellow Line, No Passing Zone",Clear,No,38,30-39,No,NA,With Traffic,A: Disabling Injury,Travel Lane,White,Male,38,30-39,No,NA,41-45 mph,O: No Injury,White,Male,Passenger Car,No,20MAR2009,Friday,Motorist Overtaking Bicyclist,20,Non-Intersection,March,A: Disabling Injury,20:10:00,Motorist Overtaking - Other / Unknown,2009,Yes,No,Dusk,Straight - Level,NC Route,Dry,"Two-Way, Not Divided",None,No Special Feature,Smooth Asphalt,2 lanes,"36.2173871122, -80.2851671295"
4744,Raleigh,Wake,Piedmont,Institutional,Urban (>70% Developed),NA,Urban,20 - 25  MPH,Other,Clear,No,27,25-29,No,NA,With Traffic,A: Disabling Injury,Travel Lane,White,Female,NA,NA,Missing,NA,6-10 mph,Unknown Injury,Unknown/Missing,NA,NA,No,03APR2009,Friday,Bicyclist Overtaking Motorist,9,Intersection,April,A: Disabling Injury,09:27:00,Bicyclist Overtaking - Passing on Right,2009,No,Yes,Daylight,Straight - Level,Local Street,Wet,"Two-Way, Not Divided",None,No Special Feature,Smooth Asphalt,2 lanes,"35.78615108, -78.6749826199"
4750,Rocky Mount,Nash,Coastal,Residential,Urban (>70% Developed),NA,Urban,30 - 35  MPH,No Control Present,Clear,No,14,11-15,No,NA,NA,B: Evident Injury,NA,Black,Male,NA,NA,No,NA,11-15 mph,Unknown Injury,Unknown/Missing,NA,Passenger Car,No,20MAR2009,Friday,Other / Unknown - Insufficient Details,19,Unknown Location,March,B: Evident Injury,19:55:00,Unknown Location,2009,Yes,Yes,Dark - Roadway Not Lighted,Straight - Level,Local Street,Dry,"Two-Way, Not Divided",None,No Special Feature,Coarse Asphalt,2 lanes,"35.9272721397, -77.8148673666"
4753,Raleigh,Wake,Piedmont,Commercial,Urban (>70% Developed),NA,Urban,20 - 25  MPH,Stop Sign,Clear,No,17,16-19,No,NA,Facing Traffic,O: No Injury,Sidewalk / Crosswalk / Driveway Crossing,Asian,Male,24,20-24,No,NA,NA,O: No Injury,White,Female,Passenger Car,No,04MAR2009,Wednesday,Motorist Failed to Yield - Sign-Controlled Intersection,16,Intersection,March,O: No Injury,16:48:00,Motorist Drive Out - Sign-Controlled Intersection,2009,No,No,Daylight,Straight - Level,Local Street,Dry,"Two-Way, Not Divided",None,T-Intersection,Smooth Asphalt,2 lanes,"35.8499900957, -78.6047526025"
4762,Raleigh,Wake,Piedmont,Residential,Urban (>70% Developed),NA,Urban,20 - 25  MPH,Stop Sign,Clear,No,36,30-39,No,NA,Facing Traffic,C: Possible Injury,Travel Lane,Asian,Male,28,25-29,No,NA,0-5 mph,O: No Injury,White,Female,Passenger Car,No,23MAR2009,Monday,Motorist Failed to Yield - Sign-Controlled Intersection,7,Intersection,March,C: Possible Injury,07:38:00,Motorist Drive Out - Sign-Controlled Intersection,2009,No,No,Daylight,Straight - Level,Local Street,Dry,"Two-Way, Not Divided",None,Four-Way Intersection,Smooth Asphalt,3 lanes,"35.7996770826, -78.6837226235"
4763,Raleigh,Wake,Piedmont,Residential,Urban (>70% Developed),NA,Urban,30 - 35  MPH,Stop And Go Signal,Clear,No,43,40-49,Yes,NA,With Traffic,C: Possible Injury,Travel Lane,Black,Male,49,40-49,Yes,NA,0-5 mph,O: No Injury,Black,Male,Passenger Car,Yes,20MAR2009,Friday,Parallel Paths - Other Circumstances,23,Intersection,March,C: Possible Injury,23:49:00,Parallel Paths - Other / Unknown,2009,Yes,No,Dark - Lighted Roadway,Straight - Level,Local Street,Dry,"One-Way, Not Divided",None,Four-Way Intersection,Concrete,3 lanes,"35.7670570766, -78.6355026073"
4766,Hickory,Catawba,Piedmont,Commercial,Urban (>70% Developed),NA,Urban,30 - 35  MPH,Stop And Go Signal,Clear,No,12,11-15,No,NA,Facing Traffic,C: Possible Injury,Sidewalk / Crosswalk / Driveway Crossing,White,Male,31,30-39,No,NA,0-5 mph,O: No Injury,White,Male,Pickup,No,15APR2009,Wednesday,Motorist Failed to Yield - Sign-Controlled Intersection,13,Intersection,April,C: Possible Injury,13:06:00,Motorist Drive Out - Sign-Controlled Intersection,2009,Yes,No,Daylight,Straight - Level,NC Route,Dry,"Two-Way, Not Divided",None,T-Intersection,Smooth Asphalt,5 lanes,"35.7575409767, -81.3355534182"
4778,Raleigh,Wake,Piedmont,Commercial,Urban (>70% Developed),NA,Urban,30 - 35  MPH,Stop And Go Signal,Clear,No,45,40-49,Yes,NA,Facing Traffic,B: Evident Injury,Sidewalk / Crosswalk / Driveway Crossing,Black,Male,51,50-59,No,NA,11-15 mph,O: No Injury,Black,Male,Van,Yes,03APR2009,Friday,Loss of Control / Turning Error,15,Non-Intersection,April,B: Evident Injury,15:00:00,Bicyclist Lost Control - Surface Conditions,2009,Yes,No,Daylight,Straight - Level,Local Street,Dry,"Two-Way, Divided, Unprotected Median",None,No Special Feature,Concrete,6 lanes,"35.7855830797, -78.6612626163"
4782,None - Rural Crash,Catawba,Piedmont,Residential,Urban (>70% Developed),NA,Rural,50 - 55  MPH,"Double Yellow Line, No Passing Zone",Clear,No,42,40-49,Yes,NA,With Traffic,K: Killed,Travel Lane,White,Male,24,20-24,No,NA,51-55 mph,O: No Injury,White,Female,Sport Utility,Yes,18APR2009,Saturday,Bicyclist Left Turn / Merge,22,Non-Intersection,April,K: Killed,22:47:00,Bicyclist Left Turn - Same Direction,2009,Yes,No,Dark - Roadway Not Lighted,Straight - Level,NC Route,Dry,"Two-Way, Not Divided",None,No Special Feature,Smooth Asphalt,2 lanes,"35.6082869529, -81.1173433443"
4786,None - Rural Crash,Harnett,Coastal,"Farms, Woods, Pastures",Rural (<30% Developed),NA,Rural,50 - 55  MPH,No Control Present,Clear,No,47,40-49,No,NA,With Traffic,C: Possible Injury,Travel Lane,Black,Male,58,50-59,No,NA,41-45 mph,O: No Injury,Black,Female,Passenger Car,No,23APR2009,Thursday,Bicyclist Overtaking Motorist,14,Intersection,April,C: Possible Injury,14:25:00,Bicyclist Overtaking - Other / Unknown,2009,Yes,No,Daylight,Straight - Level,State Secondary Route,Dry,"Two-Way, Not Divided",None,T-Intersection,Coarse Asphalt,2 lanes,"35.2831169731, -78.6360575824"
4799,None - Rural Crash,Randolph,Piedmont,Residential,Mixed (30% To 70% Developed),NA,Rural,50 - 55  MPH,"Double Yellow Line, No Passing Zone",Clear,No,15,11-15,No,NA,Not Applicable,B: Evident Injury,Driveway / Alley,White,Male,31,30-39,No,NA,51-55 mph,O: No Injury,White,Female,Passenger Car,No,09MAY2009,Saturday,Crossing Paths - Other Circumstances,14,Intersection,May,B: Evident Injury,14:25:00,Crossing Paths - Uncontrolled Intersection,2009,Yes,No,Daylight,Curve - Level,State Secondary Route,Dry,"Two-Way, Not Divided",None,"Driveway, Private",Smooth Asphalt,2 lanes,"35.6532210112, -79.796076952"
4803,None - Rural Crash,Nash,Coastal,Residential,Urban (>70% Developed),NA,Rural,5 - 15 MPH,No Control Present,Clear,No,12,11-15,No,NA,With Traffic,C: Possible Injury,Travel Lane,White,Male,31,30-39,No,NA,0-5 mph,O: No Injury,Hispanic,Male,Van,No,01MAY2009,Friday,Backing Vehicle,21,Non-Intersection,May,C: Possible Injury,21:10:00,Backing Vehicle,2009,Yes,No,Dark - Unknown Lighting,Straight - Level,"Private Road, Driveway",Dry,"Two-Way, Not Divided",None,"Driveway, Private",Coarse Asphalt,2 lanes,"35.8962551315, -77.8605623786"
4812,Shelby,Cleveland,Mountains,Residential,Urban (>70% Developed),NA,Urban,30 - 35  MPH,Stop Sign,Clear,No,41,40-49,No,NA,With Traffic,Unknown Injury,Travel Lane,White,Female,70+,70+,No,NA,11-15 mph,O: No Injury,White,Male,Passenger Car,No,09MAY2009,Saturday,Motorist Failed to Yield - Sign-Controlled Intersection,10,Intersection,May,O: No Injury,10:17:00,Motorist Drive Out - Sign-Controlled Intersection,2009,Yes,No,Daylight,Straight - Level,Local Street,Dry,"Two-Way, Not Divided",None,Four-Way Intersection,Coarse Asphalt,5 lanes,"35.284701868, -81.5620684589"
4813,Mooresville,Iredell,Piedmont,Institutional,Urban (>70% Developed),NA,Urban,NA,No Control Present,Clear,No,7,6-10,No,NA,With Traffic,C: Possible Injury,Sidewalk / Crosswalk / Driveway Crossing,White,Female,42,40-49,No,NA,0-5 mph,O: No Injury,Black,Female,School Bus,No,07MAY2009,Thursday,Motorist Failed to Yield - Midblock,7,Non-Intersection,May,C: Possible Injury,07:59:00,Motorist Drive Out - Commercial Driveway / Alley,2009,No,No,Daylight,Straight - Level,Public Vehicular Area,Dry,"Two-Way, Not Divided",None,"Driveway, Public",Smooth Asphalt,2 lanes,"35.5821639558, -80.8972232775"
4816,Wrightsville Beach,New Hanover,Coastal,Residential,Urban (>70% Developed),NA,Rural,30 - 35  MPH,No Control Present,Clear,No,23,20-24,No,NA,With Traffic,B: Evident Injury,Travel Lane,White,Male,19,0-19,No,NA,NA,O: No Injury,White,Male,Passenger Car,No,08MAY2009,Friday,Motorist Left Turn / Merge,12,Non-Intersection,May,B: Evident Injury,12:03:00,Motorist Left Turn - Opposite Direction,2009,Yes,No,Daylight,Straight - Level,NC Route,Dry,"Two-Way, Not Divided",None,No Special Feature,Coarse Asphalt,4 lanes,"34.2034637635, -77.7993222765"
4818,Jacksonville,Onslow,Coastal,Commercial,Urban (>70% Developed),NA,Urban,30 - 35  MPH,No Control Present,Clear,No,25,25-29,No,NA,With Traffic,B: Evident Injury,Travel Lane,White,Male,NA,NA,Missing,NA,31-35 mph,Unknown Injury,Unknown/Missing,NA,NA,No,04MAY2009,Monday,Other / Unknown - Insufficient Details,5,Non-Intersection,May,B: Evident Injury,05:23:00,Unknown Approach Paths,2009,Yes,Yes,Dark - Lighted Roadway,Straight - Level,Local Street,Dry,"Two-Way, Not Divided",None,No Special Feature,Smooth Asphalt,7 lanes,"34.7463068981, -77.379302175"
4826,Rocky Mount,Edgecombe,Coastal,Residential,Urban (>70% Developed),NA,Urban,30 - 35  MPH,No Control Present,Rain,No,19,16-19,No,NA,With Traffic,Unknown Injury,Travel Lane,Unknown/Missing,NA,19,0-19,No,NA,31-35 mph,C: Possible Injury,Asian,Male,Sport Utility,No,21APR2009,Tuesday,Other / Unusual Circumstances,20,Non-Intersection,April,C: Possible Injury,20:06:00,Motorist Intentionally Caused,2009,Yes,Yes,Dark - Lighted Roadway,Straight - Level,Local Street,Wet,"Two-Way, Not Divided",None,No Special Feature,Coarse Asphalt,2 lanes,"35.92428914, -77.7899223583"
4831,Kannapolis,Rowan,Piedmont,Commercial,Urban (>70% Developed),NA,Urban,30 - 35  MPH,No Control Present,Clear,No,21,20-24,No,NA,Not Applicable,C: Possible Injury,Sidewalk / Crosswalk / Driveway Crossing,White,Male,43,40-49,No,NA,0-5 mph,O: No Injury,Black,Male,Passenger Car,No,18MAY2009,Monday,Motorist Failed to Yield - Midblock,13,Non-Intersection,May,C: Possible Injury,13:42:00,Motorist Drive Out - Residential Driveway,2009,Yes,No,Daylight,Straight - Level,NC Route,Dry,NA,None,"Driveway, Public",Smooth Asphalt,2 lanes,"35.5099869512, -80.6155931889"
4852,Greensboro,Guilford,Piedmont,Residential,Urban (>70% Developed),NA,Urban,30 - 35  MPH,Stop And Go Signal,Clear,No,15,11-15,No,NA,Facing Traffic,C: Possible Injury,Sidewalk / Crosswalk / Driveway Crossing,Black,Male,32,30-39,No,NA,0-5 mph,O: No Injury,Black,Female,Passenger Car,No,20MAY2009,Wednesday,Crossing Paths - Other Circumstances,16,Intersection,May,C: Possible Injury,16:01:00,Signalized Intersection - Other / Unknown,2009,No,No,Daylight,Straight - Level,Local Street,Dry,"Two-Way, Not Divided",None,T-Intersection,Smooth Asphalt,3 lanes,"36.0214570878, -79.8304129822"
4858,Pinehurst,Moore,Piedmont,Residential,Mixed (30% To 70% Developed),NA,Urban,30 - 35  MPH,Stop And Go Signal,Clear,No,50,50-59,No,NA,With Traffic,B: Evident Injury,Travel Lane,White,Female,50,50-59,No,NA,16-20 mph,O: No Injury,White,Female,Passenger Car,No,22MAY2009,Friday,Parallel Paths - Other Circumstances,19,Intersection,May,B: Evident Injury,19:06:00,Parallel Paths - Other / Unknown,2009,Yes,No,Daylight,Straight - Level,US Route,Dry,"Two-Way, Not Divided",None,Four-Way Intersection,Smooth Asphalt,4 lanes,"35.2065919279, -79.4510028241"
4866,Fayetteville,Cumberland,Coastal,Residential,Urban (>70% Developed),NA,Urban,20 - 25  MPH,No Control Present,Clear,No,51,50-59,No,NA,With Traffic,O: No Injury,Travel Lane,White,Male,NA,NA,Missing,NA,16-20 mph,Unknown Injury,Unknown/Missing,NA,NA,No,25MAY2009,Monday,Motorist Overtaking Bicyclist,3,Non-Intersection,May,O: No Injury,03:32:00,Motorist Overtaking - Misjudged Space,2009,Yes,Yes,Dark - Lighted Roadway,Straight - Level,Local Street,Dry,"Two-Way, Not Divided",None,No Special Feature,Coarse Asphalt,2 lanes,"35.1010169224, -78.95688267"
4872,Charlotte,Mecklenburg,Piedmont,Residential,Urban (>70% Developed),NA,Urban,30 - 35  MPH,Stop Sign,Clear,No,54,50-59,No,NA,With Traffic,B: Evident Injury,Travel Lane,White,Male,42,40-49,No,NA,0-5 mph,C: Possible Injury,White,Female,Passenger Car,No,02JUN2009,Tuesday,Motorist Failed to Yield - Midblock,16,Non-Intersection,June,B: Evident Injury,16:36:00,Motorist Drive Out - Midblock - Unknown,2009,Yes,No,Daylight,Straight - Grade,Local Street,Dry,"Two-Way, Not Divided",None,No Special Feature,Smooth Asphalt,2 lanes,"35.0883708556, -80.7556132084"
4880,None - Rural Crash,Rowan,Piedmont,"Farms, Woods, Pastures",Mixed (30% To 70% Developed),NA,Rural,50 - 55  MPH,Stop Sign,Cloudy,No,15,11-15,No,NA,With Traffic,C: Possible Injury,Travel Lane,White,Male,27,25-29,No,NA,41-45 mph,O: No Injury,White,Female,"Light Truck (Mini-Van, Panel)",No,11JUN2009,Thursday,Bicyclist Failed to Yield - Sign-Controlled Intersection,16,Intersection,June,C: Possible Injury,16:08:00,Bicyclist Ride Through - Sign-Controlled Intersection,2009,No,No,Daylight,Straight - Grade,US Route,Dry,"Two-Way, Not Divided",None,T-Intersection,Smooth Asphalt,5 lanes,"35.5969369764, -80.4261581377"
4882,Raleigh,Wake,Piedmont,Commercial,Urban (>70% Developed),NA,Urban,NA,No Control Present,Clear,No,23,20-24,No,NA,With Traffic,C: Possible Injury,Sidewalk / Crosswalk / Driveway Crossing,White,Male,28,25-29,No,NA,0-5 mph,O: No Injury,Black,Male,Passenger Car,No,22MAY2009,Friday,Motorist Failed to Yield - Midblock,7,Non-Intersection,May,C: Possible Injury,07:02:00,Motorist Drive Out - Commercial Driveway / Alley,2009,Yes,No,Daylight,Straight - Level,Public Vehicular Area,Dry,"Two-Way, Not Divided",None,"Driveway, Public",Coarse Asphalt,2 lanes,"35.8773471006, -78.6454426158"
4884,Salisbury,Rowan,Piedmont,Residential,Urban (>70% Developed),NA,Urban,20 - 25  MPH,Stop Sign,Cloudy,No,24,20-24,No,NA,With Traffic,B: Evident Injury,Travel Lane,Black,Male,19,0-19,No,NA,21-25 mph,O: No Injury,White,Male,Passenger Car,No,11JUN2009,Thursday,Bicyclist Failed to Yield - Sign-Controlled Intersection,17,Intersection,June,B: Evident Injury,17:25:00,Bicyclist Ride Through - Sign-Controlled Intersection,2009,Yes,No,Daylight,Straight - Level,Local Street,Wet,"Two-Way, Not Divided",None,Four-Way Intersection,Coarse Asphalt,2 lanes,"35.6646069895, -80.4602231511"
4885,Durham,Durham,Piedmont,Commercial,Urban (>70% Developed),NA,Urban,20 - 25  MPH,Stop And Go Signal,Clear,No,29,25-29,Yes,NA,With Traffic,B: Evident Injury,Travel Lane,White,Male,45,40-49,No,NA,0-5 mph,O: No Injury,White,Male,Sport Utility,Yes,10JUN2009,Wednesday,Motorist Left Turn / Merge,23,Intersection,June,B: Evident Injury,23:48:00,Motorist Left Turn - Opposite Direction,2009,No,No,Dark - Lighted Roadway,Straight - Level,Local Street,Dry,"Two-Way, Divided, Unprotected Median",None,T-Intersection,Coarse Asphalt,3 lanes,"35.9999771167, -78.9093027027"
4887,Raleigh,Wake,Piedmont,Residential,Urban (>70% Developed),NA,Urban,20 - 25  MPH,No Control Present,Cloudy,No,12,11-15,No,NA,Not Applicable,C: Possible Injury,Non-Roadway,Black,Male,27,25-29,Yes,NA,6-10 mph,O: No Injury,Hispanic,Male,Passenger Car,Yes,25MAY2009,Monday,Non-Roadway,21,Non-Roadway,May,C: Possible Injury,21:59:00,Non-Roadway,2009,Yes,No,Daylight,Straight - Level,Local Street,Dry,"Two-Way, Not Divided",None,No Special Feature,Smooth Asphalt,2 lanes,"35.8304670905, -78.6274326078"
4906,None - Rural Crash,Robeson,Coastal,"Farms, Woods, Pastures",Rural (<30% Developed),NA,Rural,50 - 55  MPH,No Control Present,Clear,No,38,30-39,No,NA,With Traffic,B: Evident Injury,Travel Lane,Native American,Male,40,40-49,No,NA,51-55 mph,O: No Injury,White,Male,Pickup,No,20JUN2009,Saturday,Motorist Overtaking Bicyclist,22,Non-Intersection,June,B: Evident Injury,22:17:00,Motorist Overtaking - Misjudged Space,2009,Yes,No,Dark - Roadway Not Lighted,Straight - Level,NC Route,Dry,"Two-Way, Not Divided",None,No Special Feature,Coarse Asphalt,2 lanes,"34.7706408421, -79.2044427269"
4908,Davidson,Mecklenburg,Piedmont,Residential,Rural (<30% Developed),NA,Urban,NA,No Control Present,Clear,No,55,50-59,No,NA,With Traffic,B: Evident Injury,Travel Lane,White,Male,NA,NA,Missing,NA,NA,Unknown Injury,Unknown/Missing,NA,Van,No,05JUN2009,Friday,Bicyclist Overtaking Motorist,6,Non-Intersection,June,B: Evident Injury,06:29:00,Bicyclist Overtaking - Parked Vehicle,2009,Yes,No,Daylight,Straight - Grade,Local Street,Wet,"Two-Way, Not Divided",Road Surface Condition,No Special Feature,Smooth Asphalt,2 lanes,"35.4930299383, -80.8468432572"