object_id,city,county,region,development,locality,on_road,rural_urban,speed_limit,traffic_control,weather,workzone,bike_age,bike_age_group,bike_alcohol,bike_alcohol_drugs,bike_direction,bike_injury,bike_position,bike_race,bike_sex,driver_age,driver_age_group,driver_alcohol,driver_alcohol_drugs,driver_est_speed,driver_injury,driver_race,driver_sex,driver_vehicle_type,crash_alcohol,crash_date,crash_day,crash_group,crash_hour,crash_location,crash_month,crash_severity,crash_time,crash_type,crash_year,ambulance_req,hit_run,light_condition,road_character,road_class,road_condition,road_configuration,road_defects,road_feature,road_surface,num_lanes,geo_point
4916,None - Rural Crash,Rutherford,Mountains,Residential,Mixed (30% To 70% Developed),NA,Rural,30 - 35  MPH,Stop Sign,Clear,No,10,6-10,No,NA,With Traffic,B: Evident Injury,Travel Lane,White,Male,55,50-59,No,NA,16-20 mph,O: No Injury,White,Female,Passenger Car,No,25JUN2009,Thursday,Bicyclist Failed to Yield - Sign-Controlled Intersection,16,Intersection,June,B: Evident Injury,16:10:00,Bicyclist Ride Through - Sign-Controlled Intersection,2009,No,No,Daylight,Straight - Level,State Secondary Route,Dry,"Two-Way, Not Divided",None,No Special Feature,Smooth Asphalt,2 lanes,"35.2912128587, -81.8501435449"
4918,Salisbury,Rowan,Piedmont,Commercial,Mixed (30% To 70% Developed),NA,Urban,30 - 35  MPH,No Control Present,Clear,No,33,30-39,No,NA,Facing Traffic,O: No Injury,Sidewalk / Crosswalk / Driveway Crossing,White,Male,51,50-59,No,NA,6-10 mph,O: No Injury,White,Male,Van,No,25JUN2009,Thursday,Motorist Failed to Yield - Midblock,16,Non-Intersection,June,O: No Injury,16:47:00,Motorist Drive Out - Commercial Driveway / Alley,2009,No,No,Daylight,Straight - Level,Local Street,Dry,"Two-Way, Not Divided",None,No Special Feature,Coarse Asphalt,2 lanes,"35.6739229911, -80.4781231578"
4927,Rocky Mount,Edgecombe,Coastal,"Farms, Woods, Pastures",Mixed (30% To 70% Developed),NA,Urban,30 - 35  MPH,Flashing Signal Without Stop Sign,Clear,No,12,11-15,No,NA,With Traffic,C: Possible Injury,Travel Lane,Black,Male,70+,70+,No,NA,6-10 mph,O: No Injury,White,Male,Pickup,No,13MAY2009,Wednesday,Motorist Failed to Yield - Signalized Intersection,15,Intersection,May,C: Possible Injury,15:19:00,Motorist Drive Through - Signalized Intersection,2009,No,No,Daylight,Straight - Level,Local Street,Dry,"Two-Way, Not Divided",None,No Special Feature,Coarse Asphalt,6 lanes,"35.9321271419, -77.7907323587"
4931,Cornelius,Mecklenburg,Piedmont,Residential,Rural (<30% Developed),NA,Urban,40 - 45  MPH,No Control Present,Clear,No,46,40-49,No,NA,Facing Traffic,C: Possible Injury,Travel Lane,White,Male,49,40-49,No,NA,11-15 mph,O: No Injury,White,Male,Sport Utility,No,18JUN2009,Thursday,Motorist Failed to Yield - Sign-Controlled Intersection,20,Intersection,June,C: Possible Injury,20:11:00,Motorist Drive Out - Sign-Controlled Intersection,2009,No,No,Dusk,Straight - Level,Local Street,Dry,"Two-Way, Divided, Unprotected Median",None,No Special Feature,Smooth Asphalt,2 lanes,"35.4832829354, -80.8932432707"
4933,Wilmington,New Hanover,Coastal,Commercial,Urban (>70% Developed),NA,Urban,30 - 35  MPH,Stop And Go Signal,Clear,No,51,50-59,No,NA,Facing Traffic,C: Possible Injury,Sidewalk / Crosswalk / Driveway Crossing,White,Female,50,50-59,No,NA,0-5 mph,O: No Injury,White,Female,Sport Utility,No,17JUN2009,Wednesday,Motorist Failed to Yield - Signalized Intersection,15,Intersection,June,C: Possible Injury,15:52:00,Motorist Drive Out - Right Turn on Red,2009,Yes,No,Daylight,Straight - Level,Local Street,Dry,"Two-Way, Not Divided",None,T-Intersection,Smooth Asphalt,3 lanes,"34.2315897675, -77.8796523018"
4935,Graham,Alamance,Piedmont,Residential,Mixed (30% To 70% Developed),NA,Urban,30 - 35  MPH,Stop And Go Signal,Clear,No,13,11-15,No,NA,With Traffic,B: Evident Injury,Travel Lane,White,Male,26,25-29,No,NA,6-10 mph,O: No Injury,White,Male,Sport Utility,No,21JUN2009,Sunday,Bicyclist Failed to Yield - Signalized Intersection,21,Intersection,June,B: Evident Injury,21:41:00,Bicyclist Ride Through - Signalized Intersection,2009,Yes,No,Dark - Lighted Roadway,Straight - Grade,NC Route,Dry,"Two-Way, Not Divided",None,T-Intersection,Smooth Asphalt,4 lanes,"36.0674241137, -79.3885728512"
4941,None - Rural Crash,Sampson,Coastal,"Farms, Woods, Pastures",Rural (<30% Developed),NA,Rural,50 - 55  MPH,"Double Yellow Line, No Passing Zone",Clear,No,26,25-29,No,NA,With Traffic,B: Evident Injury,Travel Lane,White,Male,69,60-69,No,NA,51-55 mph,O: No Injury,White,Male,Passenger Car,No,30JUN2009,Tuesday,Motorist Overtaking Bicyclist,21,Non-Intersection,June,B: Evident Injury,21:45:00,Motorist Overtaking - Other / Unknown,2009,Yes,No,Dark - Roadway Not Lighted,Curve - Level,State Secondary Route,Dry,"Two-Way, Not Divided",None,No Special Feature,Smooth Asphalt,2 lanes,"34.9444839018, -78.5662725434"
4951,Wilmington,New Hanover,Coastal,Commercial,Urban (>70% Developed),NA,Urban,5 - 15 MPH,Stop And Go Signal,Cloudy,No,49,40-49,No,NA,Facing Traffic,C: Possible Injury,Sidewalk / Crosswalk / Driveway Crossing,White,Male,45,40-49,No,NA,NA,O: No Injury,White,Male,Passenger Car,No,17JUN2009,Wednesday,Motorist Failed to Yield - Sign-Controlled Intersection,14,Intersection,June,C: Possible Injury,14:24:00,Motorist Drive Out - Sign-Controlled Intersection,2009,Yes,No,Daylight,Straight - Level,Local Street,Dry,"Two-Way, Divided, Unprotected Median",None,T-Intersection,Smooth Asphalt,5 lanes,"34.2422247692, -77.8921223064"
4955,None - Rural Crash,Haywood,Mountains,"Farms, Woods, Pastures",Rural (<30% Developed),NA,Rural,50 - 55  MPH,No Control Present,Clear,No,21,20-24,No,NA,With Traffic,B: Evident Injury,Travel Lane,White,Male,NA,NA,Missing,NA,36-40 mph,Unknown Injury,Unknown/Missing,NA,NA,No,22JUN2009,Monday,Motorist Overtaking Bicyclist,16,Non-Intersection,June,B: Evident Injury,16:48:00,Motorist Overtaking - Other / Unknown,2009,Yes,Yes,Daylight,Straight - Level,NC Route,Dry,"Two-Way, Not Divided",None,No Special Feature,Coarse Asphalt,3 lanes,"35.5841898784, -82.9431138845"
3905,Charlotte,Mecklenburg,Piedmont,Commercial,Urban (>70% Developed),NA,Urban,30 - 35  MPH,Stop And Go Signal,Clear,No,29,25-29,No,NA,With Traffic,B: Evident Injury,Sidewalk / Crosswalk / Driveway Crossing,White,Male,34,30-39,No,NA,36-40 mph,O: No Injury,Black,Female,Passenger Car,No,08MAY2010,Saturday,Crossing Paths - Other Circumstances,0,Intersection,May,B: Evident Injury,00:27:00,Signalized Intersection - Other / Unknown,2010,Yes,No,Dark - Lighted Roadway,Straight - Level,Local Street,Dry,"Two-Way, Divided, Unprotected Median",None,No Special Feature,Smooth Asphalt,4 lanes,"35.2135868793, -80.855609245"
3908,Monroe,Union,Piedmont,Residential,Urban (>70% Developed),NA,Urban,30 - 35  MPH,No Control Present,Clear,No,42,40-49,No,NA,Facing Traffic,C: Possible Injury,Sidewalk / Crosswalk / Driveway Crossing,Black,Male,30,30-39,No,NA,NA,O: No Injury,White,Female,Passenger Car,No,07MAY2010,Friday,Motorist Left Turn / Merge,14,Non-Intersection,May,C: Possible Injury,14:40:00,Motorist Left Turn - Same Direction,2010,Yes,No,Daylight,Straight - Grade,Local Street,Dry,"Two-Way, Not Divided",None,T-Intersection,Smooth Asphalt,2 lanes,"34.9710228386, -80.5343331358"
3911,Charlotte,Mecklenburg,Piedmont,Institutional,Mixed (30% To 70% Developed),NA,Urban,20 - 25  MPH,No Control Present,Clear,No,9,6-10,No,NA,Not Applicable,B: Evident Injury,Driveway / Alley,Black,Female,24,20-24,No,NA,21-25 mph,O: No Injury,White,Male,Passenger Car,No,06MAY2010,Thursday,Loss of Control / Turning Error,15,Non-Intersection,May,B: Evident Injury,15:32:00,Bicyclist Lost Control - Other / Unknown,2010,Yes,No,Daylight,Straight - Grade,Local Street,Dry,"Two-Way, Not Divided",None,No Special Feature,Smooth Asphalt,2 lanes,"35.2430718855, -80.8416532424"
3912,Lumberton,Robeson,Coastal,Commercial,Urban (>70% Developed),NA,Urban,30 - 35  MPH,Stop And Go Signal,Cloudy,No,35,30-39,No,NA,Facing Traffic,C: Possible Injury,Travel Lane,White,Male,39,30-39,No,NA,11-15 mph,O: No Injury,White,Male,Tractor/Semi-Trailer,No,23APR2010,Friday,Crossing Paths - Other Circumstances,13,Intersection-Related,April,C: Possible Injury,13:39:00,Crossing Paths - Intersection - Other / Unknown,2010,Yes,No,Daylight,Straight - Level,Local Street,Dry,"Two-Way, Divided, Unprotected Median",None,No Special Feature,Coarse Asphalt,5 lanes,"34.6326368192, -78.9925226569"
3915,High Point,Guilford,Piedmont,Residential,Mixed (30% To 70% Developed),NA,Urban,40 - 45  MPH,Stop Sign,Cloudy,No,37,30-39,No,NA,With Traffic,B: Evident Injury,Travel Lane,White,Male,60,60-69,No,NA,6-10 mph,O: No Injury,White,Male,Pickup,No,26APR2010,Monday,Motorist Left Turn / Merge,17,Intersection,April,B: Evident Injury,17:17:00,Motorist Left Turn - Opposite Direction,2010,Yes,No,Daylight,Straight - Level,Local Street,Dry,"Two-Way, Not Divided",None,Four-Way Intersection,Coarse Asphalt,2 lanes,"35.9565970707, -79.9297230083"
3916,High Point,Guilford,Piedmont,Residential,Urban (>70% Developed),NA,Urban,30 - 35  MPH,No Control Present,Clear,No,44,40-49,No,NA,With Traffic,B: Evident Injury,Travel Lane,Black,Male,64,60-69,No,NA,11-15 mph,O: No Injury,Black,Male,Van,No,05MAY2010,Wednesday,Motorist Left Turn / Merge,22,Intersection,May,B: Evident Injury,22:22:00,Motorist Left Turn - Opposite Direction,2010,Yes,No,Dark - Lighted Roadway,Straight - Grade,Local Street,Dry,"Two-Way, Not Divided",None,T-Intersection,Coarse Asphalt,4 lanes,"35.9551170687, -79.9695770197"
3917,Charlotte,Mecklenburg,Piedmont,Residential,Urban (>70% Developed),NA,Urban,40 - 45  MPH,Stop And Go Signal,Clear,No,37,30-39,No,NA,With Traffic,B: Evident Injury,Travel Lane,White,Male,53,50-59,No,NA,21-25 mph,O: No Injury,White,Male,Passenger Car,No,09MAY2010,Sunday,Motorist Overtaking Bicyclist,11,Non-Intersection,May,B: Evident Injury,11:46:00,Motorist Overtaking - Undetected Bicyclist,2010,No,No,Daylight,Straight - Level,Local Street,Dry,"Two-Way, Divided, Unprotected Median",None,No Special Feature,Smooth Asphalt,2 lanes,"35.369546913, -80.8410232494"
3922,Lumberton,Robeson,Coastal,Residential,Mixed (30% To 70% Developed),NA,Urban,50 - 55  MPH,No Control Present,Rain,No,25,25-29,No,NA,With Traffic,B: Evident Injury,Travel Lane,Asian,Male,57,50-59,No,NA,51-55 mph,Unknown Injury,White,Female,Passenger Car,No,24APR2010,Saturday,Motorist Overtaking Bicyclist,21,Non-Intersection,April,K: Killed,21:12:00,Motorist Overtaking - Other / Unknown,2010,Yes,No,Dark - Roadway Not Lighted,Straight - Level,Local Street,Wet,"Two-Way, Not Divided",None,No Special Feature,Coarse Asphalt,2 lanes,"34.5798328095, -78.9378766377"
3929,Wilson,Wilson,Coastal,Commercial,Urban (>70% Developed),NA,Urban,30 - 35  MPH,No Control Present,Clear,No,54,50-59,No,NA,With Traffic,C: Possible Injury,Travel Lane,White,Male,66,60-69,No,NA,21-25 mph,O: No Injury,White,Male,Pickup,No,01MAY2010,Saturday,Bicyclist Left Turn / Merge,16,Non-Intersection,May,C: Possible Injury,16:42:00,Bicyclist Left Turn - Same Direction,2010,Yes,No,Daylight,Straight - Level,Local Street,Dry,"Two-Way, Not Divided",None,No Special Feature,Smooth Asphalt,2 lanes,"35.6973300882, -77.8930123779"
3932,None - Rural Crash,Hertford,Coastal,Commercial,Rural (<30% Developed),NA,Rural,40 - 45  MPH,"Double Yellow Line, No Passing Zone",Clear,No,13,11-15,No,NA,Not Applicable,C: Possible Injury,Non-Roadway,Black,Male,45,40-49,No,NA,21-25 mph,O: No Injury,White,Male,Pickup,No,15MAY2010,Saturday,Bicyclist Failed to Yield - Midblock,15,Non-Intersection,May,C: Possible Injury,15:00:00,Bicyclist Ride Out - Commercial Driveway / Alley,2010,Yes,No,Daylight,Straight - Level,US Route,Dry,"Two-Way, Not Divided",None,"Driveway, Public",Coarse Asphalt,3 lanes,"36.4417472745, -77.1182721807"
3937,None - Rural Crash,Chatham,Piedmont,"Farms, Woods, Pastures",Rural (<30% Developed),NA,Rural,40 - 45  MPH,"Double Yellow Line, No Passing Zone",Cloudy,No,26,25-29,No,NA,With Traffic,C: Possible Injury,Travel Lane,White,Female,50,50-59,No,NA,26-30 mph,O: No Injury,White,Female,"Light Truck (Mini-Van, Panel)",No,18MAY2010,Tuesday,Motorist Overtaking Bicyclist,18,Non-Intersection,May,C: Possible Injury,18:45:00,Motorist Overtaking - Other / Unknown,2010,No,No,Daylight,Curve - Level,State Secondary Route,Dry,"Two-Way, Not Divided",None,Related To Intersection,Smooth Asphalt,2 lanes,"35.7914170714, -78.947107703"
3941,None - Rural Crash,Surry,Mountains,Residential,Mixed (30% To 70% Developed),NA,Rural,40 - 45  MPH,No Control Present,Clear,No,14,11-15,No,NA,NA,B: Evident Injury,Other,White,Male,62,60-69,No,NA,41-45 mph,K: Killed,White,Male,Pickup,No,25MAY2010,Tuesday,Loss of Control / Turning Error,17,Non-Intersection,May,K: Killed,17:57:00,Motorist Lost Control - Other / Unknown,2010,Yes,No,Daylight,Straight - Level,US Route,Dry,"Two-Way, Not Divided",None,No Special Feature,Smooth Asphalt,2 lanes,"36.307547115, -80.7165432651"
3944,Wilmington,New Hanover,Coastal,Residential,Mixed (30% To 70% Developed),NA,Urban,40 - 45  MPH,Stop Sign,Clear,No,38,30-39,No,NA,Facing Traffic,C: Possible Injury,Travel Lane,White,Male,37,30-39,No,NA,NA,O: No Injury,White,Male,Pickup,No,11MAY2010,Tuesday,Motorist Failed to Yield - Sign-Controlled Intersection,19,Intersection,May,C: Possible Injury,19:32:00,Motorist Drive Out - Sign-Controlled Intersection,2010,No,No,Daylight,Straight - Level,Local Street,Dry,"Two-Way, Divided, Positive Median Barrier",None,T-Intersection,Coarse Asphalt,6 lanes,"34.1914507566, -77.9359123173"
3948,Morehead City,Carteret,Coastal,Commercial,Urban (>70% Developed),NA,Urban,NA,No Control Present,Cloudy,No,14,11-15,No,NA,Not Applicable,C: Possible Injury,Non-Roadway,White,Male,70+,70+,No,NA,NA,O: No Injury,White,Female,Passenger Car,No,19MAY2010,Wednesday,Non-Roadway,18,Non-Roadway,May,C: Possible Injury,18:02:00,Non-Roadway,2010,Yes,No,Daylight,Straight - Level,Public Vehicular Area,Dry,"Two-Way, Not Divided",None,No Special Feature,Smooth Asphalt,NA,"34.7227869134, -76.7260819746"
3950,None - Rural Crash,Burke,Mountains,Residential,Rural (<30% Developed),NA,Rural,40 - 45  MPH,"Double Yellow Line, No Passing Zone",Clear,No,31,30-39,No,NA,With Traffic,C: Possible Injury,Travel Lane,White,Male,70+,70+,No,NA,36-40 mph,O: No Injury,White,Female,Van,No,19MAY2010,Wednesday,Motorist Overtaking Bicyclist,18,Non-Intersection,May,C: Possible Injury,18:35:00,Motorist Overtaking - Other / Unknown,2010,No,No,Daylight,Straight - Grade,State Secondary Route,Dry,"Two-Way, Not Divided",None,"Driveway, Private",Smooth Asphalt,2 lanes,"35.7618709727, -81.4543834538"
3955,None - Rural Crash,Dare,Coastal,Residential,Mixed (30% To 70% Developed),NA,Rural,5 - 15 MPH,No Control Present,Clear,No,9,6-10,No,NA,Not Applicable,C: Possible Injury,Non-Roadway,White,Female,53,50-59,No,NA,0-5 mph,O: No Injury,White,Male,Pickup,No,28MAY2010,Friday,Non-Roadway,16,Non-Roadway,May,C: Possible Injury,16:45:00,Non-Roadway,2010,Yes,No,Daylight,Straight - Level,"Private Road, Driveway",Dry,"Two-Way, Not Divided",None,T-Intersection,Coarse Asphalt,2 lanes,"35.5781401419, -75.4669816294"
3960,Wilmington,New Hanover,Coastal,Commercial,Urban (>70% Developed),NA,Urban,NA,No Control Present,Clear,No,21,20-24,No,NA,Not Applicable,C: Possible Injury,Non-Roadway,White,Male,70+,70+,No,NA,11-15 mph,O: No Injury,White,Male,Passenger Car,No,20MAY2010,Thursday,Non-Roadway,14,Non-Roadway,May,C: Possible Injury,14:17:00,Non-Roadway,2010,No,No,Daylight,Straight - Level,Public Vehicular Area,Dry,"Two-Way, Not Divided",None,"Driveway, Public",Smooth Asphalt,2 lanes,"34.2351217687, -77.8759523007"
3969,Charlotte,Mecklenburg,Piedmont,Residential,Urban (>70% Developed),NA,Urban,30 - 35  MPH,Stop And Go Signal,Clear,No,26,25-29,No,NA,With Traffic,B: Evident Injury,Travel Lane,Black,Male,NA,NA,Missing,NA,11-15 mph,Unknown Injury,Unknown/Missing,NA,NA,No,20MAY2010,Thursday,Motorist Left Turn / Merge,21,Intersection,May,B: Evident Injury,21:00:00,Motorist Left Turn - Opposite Direction,2010,Yes,Yes,Dark - Lighted Roadway,Straight - Level,Local Street,Dry,"Two-Way, Not Divided",None,Four-Way Intersection,Smooth Asphalt,4 lanes,"35.2280648849, -80.7752632216"
3970,Raleigh,Wake,Piedmont,Residential,Urban (>70% Developed),NA,Urban,20 - 25  MPH,No Control Present,Clear,No,12,11-15,No,NA,Not Applicable,B: Evident Injury,Non-Roadway,White,Male,43,40-49,No,NA,0-5 mph,O: No Injury,White,Female,Sport Utility,No,04MAY2010,Tuesday,Non-Roadway,18,Non-Roadway,May,B: Evident Injury,18:39:00,Non-Roadway,2010,Yes,No,Daylight,Straight - Level,Public Vehicular Area,Dry,"Two-Way, Not Divided",None,No Special Feature,Smooth Asphalt,2 lanes,"35.8958850984, -78.8003826643"
3973,Raleigh,Wake,Piedmont,Commercial,Urban (>70% Developed),NA,Urban,20 - 25  MPH,Stop Sign,Cloudy,No,18,16-19,No,NA,Facing Traffic,C: Possible Injury,Sidewalk / Crosswalk / Driveway Crossing,White,Male,55,50-59,No,NA,21-25 mph,O: No Injury,White,Female,Passenger Car,No,18MAY2010,Tuesday,Motorist Failed to Yield - Sign-Controlled Intersection,13,Intersection,May,C: Possible Injury,13:23:00,Motorist Drive Out - Sign-Controlled Intersection,2010,Yes,No,Daylight,Straight - Level,Public Vehicular Area,Dry,"Two-Way, Divided, Positive Median Barrier",None,"Driveway, Public",Smooth Asphalt,2 lanes,"35.8945991038, -78.6494726178"
3979,None - Rural Crash,Rowan,Piedmont,Residential,Rural (<30% Developed),NA,Rural,30 - 35  MPH,Stop Sign,Clear,No,50,50-59,No,NA,With Traffic,C: Possible Injury,Travel Lane,White,Male,36,30-39,No,NA,0-5 mph,O: No Injury,White,Male,Passenger Car,No,08JUN2010,Tuesday,Motorist Failed to Yield - Sign-Controlled Intersection,8,Intersection,June,C: Possible Injury,08:27:00,Motorist Drive Out - Sign-Controlled Intersection,2010,Yes,No,Daylight,Curve - Level,State Secondary Route,Dry,"Two-Way, Not Divided",None,T-Intersection,Smooth Asphalt,4 lanes,"35.5877369705, -80.53754717"
3982,Lumberton,Robeson,Coastal,Commercial,Urban (>70% Developed),NA,Urban,30 - 35  MPH,No Control Present,Clear,No,42,40-49,No,NA,Facing Traffic,O: No Injury,Sidewalk / Crosswalk / Driveway Crossing,White,Female,60,60-69,No,NA,0-5 mph,O: No Injury,White,Male,Passenger Car,No,07MAY2010,Friday,Motorist Failed to Yield - Sign-Controlled Intersection,11,Intersection,May,O: No Injury,11:03:00,Motorist Drive Out - Sign-Controlled Intersection,2010,No,No,Daylight,Straight - Level,Local Street,Dry,"Two-Way, Not Divided",None,No Special Feature,Coarse Asphalt,4 lanes,"34.6225068147, -79.051182674"
3983,Wilmington,New Hanover,Coastal,Commercial,Urban (>70% Developed),NA,Urban,40 - 45  MPH,Stop And Go Signal,Clear,No,54,50-59,No,NA,With Traffic,C: Possible Injury,Travel Lane,White,Male,50,50-59,No,NA,21-25 mph,O: No Injury,White,Male,Passenger Car,No,20MAY2010,Thursday,Motorist Right Turn / Merge,18,Intersection,May,C: Possible Injury,18:04:00,Motorist Right Turn - Same Direction,2010,Yes,No,Daylight,Straight - Level,Local Street,Dry,"Two-Way, Divided, Unprotected Median",None,Four-Way Intersection,Coarse Asphalt,6 lanes,"34.2096967622, -77.8811423015"
3986,Salisbury,Rowan,Piedmont,Commercial,Urban (>70% Developed),NA,Urban,30 - 35  MPH,Stop And Go Signal,Clear,No,42,40-49,No,NA,Facing Traffic,O: No Injury,Sidewalk / Crosswalk / Driveway Crossing,White,Male,54,50-59,No,NA,11-15 mph,O: No Injury,White,Male,Pickup,No,10JUN2010,Thursday,Bicyclist Failed to Yield - Signalized Intersection,13,Intersection,June,O: No Injury,13:05:00,Bicyclist Ride Out - Signalized  Intersection,2010,No,No,Daylight,Straight - Level,Local Street,Dry,"Two-Way, Not Divided",None,Four-Way Intersection,Smooth Asphalt,4 lanes,"35.6647519895, -80.4668331536"
4746,Wilmington,New Hanover,Coastal,Residential,Urban (>70% Developed),NA,Urban,NA,No Control Present,Cloudy,No,22,20-24,No,NA,Facing Traffic,C: Possible Injury,Travel Lane,Black,Male,24,20-24,No,NA,NA,O: No Injury,White,Male,Passenger Car,No,10APR2009,Friday,Bicyclist Failed to Yield - Sign-Controlled Intersection,22,Intersection,April,C: Possible Injury,22:45:00,Bicyclist Ride Through - Sign-Controlled Intersection,2009,Yes,No,Dark - Lighted Roadway,Straight - Level,Local Street,Dry,"Two-Way, Not Divided",None,No Special Feature,Coarse Asphalt,2 lanes,"34.2373967672, -77.936932319"
4749,None - Rural Crash,Rowan,Piedmont,"Farms, Woods, Pastures",Rural (<30% Developed),NA,Rural,50 - 55  MPH,"Double Yellow Line, No Passing Zone",Clear,No,38,30-39,No,NA,With Traffic,B: Evident Injury,Travel Lane,White,Male,57,50-59,No,NA,0-5 mph,O: No Injury,White,Female,Sport Utility,No,08MAR2009,Sunday,Loss of Control / Turning Error,11,Intersection-Related,March,B: Evident Injury,11:19:00,Motorist Turning Error - Left Turn,2009,Yes,No,Daylight,Straight - Level,State Secondary Route,Dry,"Two-Way, Not Divided",None,No Special Feature,Smooth Asphalt,2 lanes,"35.5584019729, -80.2833030921"
4764,Shelby,Cleveland,Mountains,Commercial,Urban (>70% Developed),NA,Urban,40 - 45  MPH,No Control Present,Clear,No,51,50-59,No,NA,Not Applicable,K: Killed,Travel Lane,Black,Male,55,50-59,Yes,NA,36-40 mph,C: Possible Injury,White,Male,Passenger Car,Yes,17APR2009,Friday,Bicyclist Failed to Yield - Midblock,21,Non-Intersection,April,K: Killed,21:11:00,Bicyclist Ride Out - Other Midblock,2009,Yes,No,Dark - Roadway Not Lighted,Straight - Level,US Route,Dry,"Two-Way, Divided, Unprotected Median",None,No Special Feature,Smooth Asphalt,NA,"35.2807418675, -81.5493634545"
4770,Charlotte,Mecklenburg,Piedmont,Residential,Urban (>70% Developed),NA,Urban,20 - 25  MPH,No Control Present,Clear,No,26,25-29,No,NA,With Traffic,C: Possible Injury,Travel Lane,White,Female,44,40-49,No,NA,0-5 mph,O: No Injury,White,Male,Passenger Car,No,24APR2009,Friday,Motorist Right Turn / Merge,8,Non-Intersection,April,C: Possible Injury,08:20:00,Motorist Right Turn - Same Direction,2009,No,No,Daylight,Straight - Grade,Local Street,Dry,"Two-Way, Not Divided",None,No Special Feature,Smooth Asphalt,2 lanes,"35.2335118852, -80.792833227"
4775,Asheboro,Randolph,Piedmont,Residential,Mixed (30% To 70% Developed),NA,Urban,30 - 35  MPH,No Control Present,Clear,No,11,11-15,No,NA,With Traffic,B: Evident Injury,Travel Lane,Hispanic,Female,30,30-39,No,NA,21-25 mph,O: No Injury,White,Male,Sport Utility,No,22APR2009,Wednesday,Loss of Control / Turning Error,15,Intersection,April,B: Evident Injury,15:55:00,Bicyclist Lost Control - Mechanical Problems,2009,No,No,Daylight,Straight - Level,State Secondary Route,Dry,"Two-Way, Not Divided",None,Alley Intersection,Coarse Asphalt,2 lanes,"35.7045130211, -79.8250989629"
4776,Southern Shores,Dare,Coastal,Commercial,Urban (>70% Developed),NA,Rural,30 - 35  MPH,No Control Present,Clear,No,70+,70+,No,NA,Not Applicable,K: Killed,Non-Roadway,White,Male,26,25-29,No,NA,26-30 mph,O: No Injury,White,Male,Pickup,No,28MAR2009,Saturday,Bicyclist Failed to Yield - Midblock,13,Non-Intersection,March,K: Killed,13:27:00,Bicyclist Ride Out - Commercial Driveway / Alley,2009,Yes,No,Daylight,Curve - Hillcrest,NC Route,Dry,"Two-Way, Not Divided",None,No Special Feature,Coarse Asphalt,4 lanes,"36.1010272477, -75.7139417309"
4779,Winston-Salem,Forsyth,Piedmont,Institutional,Urban (>70% Developed),NA,Urban,30 - 35  MPH,No Control Present,Clear,No,28,25-29,No,NA,With Traffic,B: Evident Injury,Travel Lane,White,Male,44,40-49,No,NA,0-5 mph,O: No Injury,Black,Female,Passenger Car,No,21APR2009,Tuesday,Motorist Left Turn / Merge,15,Intersection,April,B: Evident Injury,15:35:00,Motorist Left Turn - Opposite Direction,2009,Yes,No,Daylight,Straight - Grade,Local Street,Dry,"Two-Way, Not Divided",None,T-Intersection,Smooth Asphalt,2 lanes,"36.0914000872, -80.2652131173"
4780,Asheville,Buncombe,Mountains,Commercial,Urban (>70% Developed),NA,Urban,30 - 35  MPH,No Control Present,Clear,No,22,20-24,No,NA,With Traffic,B: Evident Injury,Travel Lane,White,Male,49,40-49,No,NA,21-25 mph,Unknown Injury,White,Male,Passenger Car,No,22APR2009,Wednesday,Motorist Right Turn / Merge,9,Intersection,April,B: Evident Injury,09:59:00,Motorist Right Turn - Same Direction,2009,No,No,Daylight,Straight - Level,US Route,Dry,"Two-Way, Not Divided",None,Other,Coarse Asphalt,4 lanes,"35.600130897, -82.5540237702"
4785,Raleigh,Wake,Piedmont,Residential,Mixed (30% To 70% Developed),NA,Urban,40 - 45  MPH,No Control Present,Clear,No,43,40-49,No,NA,With Traffic,C: Possible Injury,Other,Black,Male,NA,NA,Missing,NA,41-45 mph,Unknown Injury,Unknown/Missing,NA,NA,No,04APR2009,Saturday,Motorist Overtaking Bicyclist,17,Non-Intersection,April,C: Possible Injury,17:04:00,Motorist Overtaking - Misjudged Space,2009,No,Yes,Dusk,Straight - Level,Local Street,Dry,"Two-Way, Not Divided",None,No Special Feature,Smooth Asphalt,2 lanes,"35.7362400728, -78.5645825842"
4792,None - Rural Crash,Pender,Coastal,Commercial,Urban (>70% Developed),NA,Rural,40 - 45  MPH,No Control Present,Clear,No,26,25-29,No,NA,Not Applicable,C: Possible Injury,Non-Roadway,White,Male,20,20-24,No,NA,41-45 mph,O: No Injury,White,Male,Pickup,No,08MAY2009,Friday,Bicyclist Failed to Yield - Midblock,15,Non-Intersection,May,C: Possible Injury,15:30:00,Bicyclist Ride Out - Commercial Driveway / Alley,2009,Yes,No,Daylight,Straight - Level,US Route,Dry,"Two-Way, Not Divided",None,"Driveway, Public",Coarse Asphalt,5 lanes,"34.3900448086, -77.6833222501"
4797,Durham,Durham,Piedmont,Commercial,Urban (>70% Developed),NA,Urban,30 - 35  MPH,Stop Sign,Clear,No,31,30-39,No,NA,With Traffic,C: Possible Injury,Travel Lane,White,Female,27,25-29,No,NA,0-5 mph,O: No Injury,White,Male,Pickup,No,13MAY2009,Wednesday,Motorist Failed to Yield - Sign-Controlled Intersection,12,Intersection,May,C: Possible Injury,12:08:00,Motorist Drive Out - Sign-Controlled Intersection,2009,Yes,No,Daylight,Straight - Level,Local Street,Dry,"Two-Way, Not Divided",None,Four-Way Intersection,Smooth Asphalt,4 lanes,"35.8732770921, -78.845902677"