object_id,city,county,region,development,locality,on_road,rural_urban,speed_limit,traffic_control,weather,workzone,bike_age,bike_age_group,bike_alcohol,bike_alcohol_drugs,bike_direction,bike_injury,bike_position,bike_race,bike_sex,driver_age,driver_age_group,driver_alcohol,driver_alcohol_drugs,driver_est_speed,driver_injury,driver_race,driver_sex,driver_vehicle_type,crash_alcohol,crash_date,crash_day,crash_group,crash_hour,crash_location,crash_month,crash_severity,crash_time,crash_type,crash_year,ambulance_req,hit_run,light_condition,road_character,road_class,road_condition,road_configuration,road_defects,road_feature,road_surface,num_lanes,geo_point
4801,Mebane,Alamance,Piedmont,Commercial,Urban (>70% Developed),NA,Urban,30 - 35  MPH,Stop And Go Signal,Clear,No,35,30-39,No,NA,Not Applicable,C: Possible Injury,NA,White,Male,38,30-39,No,NA,31-35 mph,O: No Injury,White,Male,Pickup,No,08MAY2009,Friday,Bicyclist Failed to Yield - Midblock,19,Non-Intersection,May,C: Possible Injury,19:16:00,Bicyclist Ride Out - Residential Driveway,2009,Yes,No,Daylight,Straight - Level,Local Street,Dry,"Two-Way, Not Divided",None,No Special Feature,Smooth Asphalt,3 lanes,"36.0685071186, -79.2700378161"
4804,None - Rural Crash,Brunswick,Coastal,Residential,Rural (<30% Developed),NA,Rural,40 - 45  MPH,No Control Present,Clear,No,8,6-10,No,NA,Facing Traffic,C: Possible Injury,Travel Lane,Black,Male,21,20-24,No,NA,6-10 mph,O: No Injury,White,Female,Passenger Car,No,09MAY2009,Saturday,Bicyclist Right Turn / Merge,15,Non-Intersection,May,C: Possible Injury,15:50:00,Bicyclist Right Turn - Same Direction,2009,No,No,Daylight,Curve - Level,State Secondary Route,Dry,"Two-Way, Not Divided",None,No Special Feature,Coarse Asphalt,2 lanes,"34.0509027176, -78.1880023867"
4808,Gibson,Scotland,Coastal,Residential,Rural (<30% Developed),NA,Rural,30 - 35  MPH,Stop Sign,Clear,No,45,40-49,No,NA,With Traffic,A: Disabling Injury,Travel Lane,Black,Male,30,30-39,No,NA,31-35 mph,C: Possible Injury,White,Male,Pickup,No,30APR2009,Thursday,Bicyclist Failed to Yield - Sign-Controlled Intersection,15,Intersection,April,A: Disabling Injury,15:16:00,Bicyclist Ride Through - Sign-Controlled Intersection,2009,Yes,No,Daylight,Curve - Level,NC Route,Dry,"Two-Way, Not Divided",None,T-Intersection,Smooth Asphalt,2 lanes,"34.7587998249, -79.6153628504"
4817,Fayetteville,Cumberland,Coastal,Residential,Urban (>70% Developed),NA,Urban,20 - 25  MPH,No Control Present,Clear,No,12,11-15,No,NA,Not Applicable,B: Evident Injury,Non-Roadway,Black,Male,54,50-59,No,NA,21-25 mph,O: No Injury,Black,Female,Van,No,10MAY2009,Sunday,Bicyclist Failed to Yield - Midblock,18,Non-Intersection,May,B: Evident Injury,18:40:00,Bicyclist Ride Out - Other Midblock,2009,Yes,No,Daylight,Straight - Level,Local Street,Dry,"Two-Way, Not Divided",None,No Special Feature,Coarse Asphalt,2 lanes,"35.0813969199, -78.8973426508"
4825,Rocky Mount,Edgecombe,Coastal,Commercial,Urban (>70% Developed),NA,Urban,30 - 35  MPH,No Control Present,Clear,No,62,60-69,No,NA,With Traffic,C: Possible Injury,Travel Lane,Black,Male,70+,70+,No,NA,26-30 mph,O: No Injury,Black,Male,Pickup,No,09APR2009,Thursday,Bicyclist Left Turn / Merge,14,Non-Intersection,April,C: Possible Injury,14:00:00,Bicyclist Left Turn - Same Direction,2009,No,No,Daylight,Straight - Level,Local Street,Dry,"Two-Way, Divided, Unprotected Median",None,No Special Feature,Smooth Asphalt,4 lanes,"35.9443171443, -77.7916723604"
4828,Durham,Durham,Piedmont,Residential,Urban (>70% Developed),NA,Urban,30 - 35  MPH,Stop And Go Signal,Clear,No,24,20-24,No,NA,With Traffic,C: Possible Injury,Travel Lane,White,Male,46,40-49,No,NA,6-10 mph,O: No Injury,Black,Male,Passenger Car,No,25MAY2009,Monday,Motorist Left Turn / Merge,18,Intersection,May,C: Possible Injury,18:14:00,Motorist Left Turn - Opposite Direction,2009,Yes,No,Daylight,Straight - Level,Local Street,Dry,"Two-Way, Not Divided",None,No Special Feature,Smooth Asphalt,5 lanes,"36.0168641204, -78.9118377048"
4829,None - Rural Crash,Buncombe,Mountains,"Farms, Woods, Pastures",Rural (<30% Developed),NA,Rural,50 - 55  MPH,No Control Present,Clear,No,49,40-49,No,NA,With Traffic,B: Evident Injury,Bike Lane / Paved Shoulder,White,Male,28,25-29,No,NA,36-40 mph,O: No Injury,White,Male,Passenger Car,No,28MAY2009,Thursday,Motorist Overtaking Bicyclist,21,Non-Intersection,May,B: Evident Injury,21:06:00,Motorist Overtaking - Other / Unknown,2009,Yes,No,Dark - Roadway Not Lighted,Straight - Level,NC Route,Dry,"Two-Way, Not Divided",None,No Special Feature,Smooth Asphalt,5 lanes,"35.6194218964, -82.6527638005"
4833,None - Rural Crash,Cabarrus,Piedmont,Residential,Mixed (30% To 70% Developed),NA,Rural,30 - 35  MPH,No Control Present,Clear,No,10,6-10,No,NA,Not Applicable,B: Evident Injury,Driveway / Alley,Black,Male,22,20-24,No,NA,31-35 mph,O: No Injury,Black,Male,Passenger Car,No,16MAY2009,Saturday,Loss of Control / Turning Error,19,Non-Intersection,May,B: Evident Injury,19:30:00,Bicyclist Lost Control - Other / Unknown,2009,Yes,No,Daylight,Curve - Grade,State Secondary Route,Dry,"Two-Way, Not Divided",None,No Special Feature,Coarse Asphalt,2 lanes,"35.2915599032, -80.6352131831"
4835,Rocky Mount,Nash,Coastal,Residential,Urban (>70% Developed),NA,Urban,30 - 35  MPH,No Control Present,Cloudy,No,50,50-59,No,NA,Not Applicable,C: Possible Injury,Sidewalk / Crosswalk / Driveway Crossing,Black,Male,19,0-19,No,NA,0-5 mph,O: No Injury,Black,Female,Passenger Car,No,01APR2009,Wednesday,Motorist Failed to Yield - Sign-Controlled Intersection,15,Intersection,April,C: Possible Injury,15:41:00,Motorist Drive Out - Sign-Controlled Intersection,2009,Yes,No,Daylight,Straight - Level,Local Street,Dry,"Two-Way, Not Divided",None,No Special Feature,Smooth Asphalt,5 lanes,"35.9230951396, -77.8052323633"
4838,None - Rural Crash,Robeson,Coastal,"Farms, Woods, Pastures",Rural (<30% Developed),NA,Rural,50 - 55  MPH,No Control Present,Clear,No,24,20-24,No,NA,With Traffic,O: No Injury,Travel Lane,White,Male,29,25-29,No,NA,51-55 mph,O: No Injury,White,Male,Passenger Car,No,30MAY2009,Saturday,Motorist Overtaking Bicyclist,21,Non-Intersection,May,O: No Injury,21:28:00,Motorist Overtaking - Misjudged Space,2009,No,No,Dark - Roadway Not Lighted,Straight - Level,NC Route,Dry,"Two-Way, Not Divided",None,No Special Feature,Coarse Asphalt,2 lanes,"34.6423068223, -78.9416376413"
4839,None - Rural Crash,Burke,Mountains,Residential,Mixed (30% To 70% Developed),NA,Rural,50 - 55  MPH,Stop Sign,Clear,No,33,30-39,No,NA,With Traffic,B: Evident Injury,Travel Lane,White,Female,65,60-69,No,NA,0-5 mph,O: No Injury,White,Female,School Bus,No,08MAY2009,Friday,Other / Unusual Circumstances,15,Intersection,May,B: Evident Injury,15:45:00,Bicyclist Intentionally Caused,2009,No,No,Daylight,Straight - Level,State Secondary Route,Dry,"Two-Way, Not Divided",None,Related To Intersection,Smooth Asphalt,2 lanes,"35.6896199566, -81.4919134613"
4840,Fayetteville,Cumberland,Coastal,Residential,Urban (>70% Developed),NA,Urban,20 - 25  MPH,Stop Sign,Clear,No,25,25-29,No,NA,With Traffic,B: Evident Injury,Travel Lane,Black,Male,30,30-39,No,NA,21-25 mph,O: No Injury,White,Male,Passenger Car,No,31MAY2009,Sunday,Bicyclist Failed to Yield - Sign-Controlled Intersection,12,Intersection,May,B: Evident Injury,12:32:00,Bicyclist Ride Out - Sign-Controlled Intersection,2009,Yes,No,Daylight,Straight - Level,Local Street,Dry,"Two-Way, Not Divided",None,Four-Way Intersection,Concrete,2 lanes,"35.097609922, -78.9528826678"
4844,Gastonia,Gaston,Piedmont,Commercial,Urban (>70% Developed),NA,Urban,40 - 45  MPH,Stop And Go Signal,Cloudy,No,18,16-19,No,NA,With Traffic,C: Possible Injury,Travel Lane,White,Male,43,40-49,No,NA,36-40 mph,O: No Injury,White,Male,Passenger Car,No,13MAY2009,Wednesday,Crossing Paths - Other Circumstances,16,Intersection,May,C: Possible Injury,16:22:00,Crossing Paths - Intersection - Other / Unknown,2009,Yes,No,Daylight,Straight - Level,State Secondary Route,Dry,"Two-Way, Not Divided",None,Four-Way Intersection,Smooth Asphalt,5 lanes,"35.2576138758, -81.2075133518"
4845,Fayetteville,Cumberland,Coastal,Commercial,Urban (>70% Developed),NA,Urban,30 - 35  MPH,No Control Present,Clear,No,21,20-24,No,NA,Not Applicable,O: No Injury,Other,Black,Male,70+,70+,No,NA,16-20 mph,O: No Injury,Black,Male,Passenger Car,No,20MAY2009,Wednesday,Bicyclist Failed to Yield - Midblock,21,Non-Intersection,May,O: No Injury,21:46:00,Bicyclist Ride Out - Midblock - Unknown,2009,No,No,Dark - Lighted Roadway,Straight - Level,Local Street,Dry,"Two-Way, Not Divided",None,No Special Feature,Concrete,4 lanes,"35.0537709148, -78.8665026404"
4862,Kenly,Johnston,Coastal,Residential,Urban (>70% Developed),NA,Rural,30 - 35  MPH,Stop Sign,Cloudy,No,16,16-19,No,NA,With Traffic,C: Possible Injury,Travel Lane,Black,Male,70+,70+,No,NA,0-5 mph,O: No Injury,White,Male,Pickup,No,06JUN2009,Saturday,Motorist Left Turn / Merge,13,Intersection,June,C: Possible Injury,13:25:00,Motorist Left Turn - Opposite Direction,2009,Yes,No,Daylight,Straight - Level,Local Street,Dry,"Two-Way, Divided, Unprotected Median",None,No Special Feature,Coarse Asphalt,2 lanes,"35.5969420578, -78.1253824431"
4864,Charlotte,Mecklenburg,Piedmont,Commercial,Urban (>70% Developed),NA,Urban,40 - 45  MPH,Stop And Go Signal,Clear,No,21,20-24,No,NA,Facing Traffic,C: Possible Injury,Travel Lane,Black,Female,24,20-24,No,NA,0-5 mph,O: No Injury,White,Male,Sport Utility,No,21MAY2009,Thursday,Crossing Paths - Other Circumstances,19,Intersection,May,C: Possible Injury,19:09:00,Signalized Intersection - Other / Unknown,2009,No,No,Daylight,Straight - Level,Local Street,Dry,"Two-Way, Divided, Unprotected Median",None,No Special Feature,Smooth Asphalt,4 lanes,"35.0875048519, -80.8528132371"
4869,Charlotte,Mecklenburg,Piedmont,Commercial,Urban (>70% Developed),NA,Urban,30 - 35  MPH,No Control Present,Clear,No,30,30-39,No,NA,With Traffic,C: Possible Injury,Travel Lane,White,Female,NA,NA,Missing,NA,31-35 mph,Unknown Injury,Unknown/Missing,NA,Passenger Car,No,23MAY2009,Saturday,Motorist Overtaking Bicyclist,1,Non-Intersection,May,C: Possible Injury,01:28:00,Motorist Overtaking - Other / Unknown,2009,No,Yes,Dark - Lighted Roadway,Straight - Grade,Local Street,Dry,"One-Way, Not Divided",None,No Special Feature,Smooth Asphalt,2 lanes,"35.2242808814, -80.8497032437"
4871,Washington,Beaufort,Coastal,Residential,Urban (>70% Developed),NA,Urban,20 - 25  MPH,Stop Sign,Clear,No,10,6-10,No,NA,With Traffic,B: Evident Injury,Travel Lane,Black,Male,30,30-39,No,NA,21-25 mph,O: No Injury,Black,Male,Van,No,27MAY2009,Wednesday,Bicyclist Failed to Yield - Sign-Controlled Intersection,10,Intersection,May,B: Evident Injury,10:57:00,Bicyclist Ride Through - Sign-Controlled Intersection,2009,Yes,No,Daylight,Straight - Level,Local Street,Dry,"Two-Way, Not Divided",None,Four-Way Intersection,Coarse Asphalt,2 lanes,"35.5493230842, -77.0542521151"
4878,Wrightsville Beach,New Hanover,Coastal,Residential,Urban (>70% Developed),NA,Rural,20 - 25  MPH,No Control Present,Clear,No,32,30-39,No,NA,With Traffic,Unknown Injury,Travel Lane,White,Male,NA,NA,Missing,NA,21-25 mph,Unknown Injury,Unknown/Missing,NA,NA,No,25MAY2009,Monday,Motorist Overtaking Bicyclist,17,Non-Intersection,May,Unknown Injury,17:00:00,Motorist Overtaking - Misjudged Space,2009,No,Yes,Daylight,Straight - Level,Local Street,Dry,"Two-Way, Not Divided",None,No Special Feature,Smooth Asphalt,2 lanes,"34.2115237655, -77.7933122748"
4881,Raleigh,Wake,Piedmont,Commercial,Urban (>70% Developed),NA,Urban,30 - 35  MPH,No Control Present,Clear,Yes,22,20-24,No,NA,With Traffic,C: Possible Injury,Travel Lane,White,Male,NA,NA,Missing,NA,31-35 mph,Unknown Injury,Unknown/Missing,NA,NA,No,21MAY2009,Thursday,Motorist Overtaking Bicyclist,2,Non-Intersection,May,C: Possible Injury,02:54:00,Motorist Overtaking - Other / Unknown,2009,No,Yes,Dark - Lighted Roadway,Straight - Level,Local Street,Dry,"Two-Way, Not Divided",None,No Special Feature,Smooth Asphalt,2 lanes,"35.7878270803, -78.6682226183"
4883,Raleigh,Wake,Piedmont,Residential,Urban (>70% Developed),NA,Urban,30 - 35  MPH,Stop And Go Signal,Clear,No,53,50-59,No,NA,With Traffic,C: Possible Injury,Travel Lane,Black,Male,22,20-24,No,NA,16-20 mph,O: No Injury,Black,Female,Passenger Car,No,23APR2009,Thursday,Crossing Paths - Other Circumstances,17,Intersection,April,C: Possible Injury,17:16:00,Signalized Intersection - Other / Unknown,2009,Yes,No,Daylight,Straight - Level,Local Street,Dry,"One-Way, Not Divided",None,No Special Feature,Concrete,3 lanes,"35.7808070805, -78.6282626063"
4886,None - Rural Crash,Brunswick,Coastal,"Farms, Woods, Pastures",Rural (<30% Developed),NA,Rural,50 - 55  MPH,"Double Yellow Line, No Passing Zone",Clear,No,44,40-49,Yes,NA,With Traffic,B: Evident Injury,Travel Lane,White,Male,NA,NA,Missing,NA,NA,Unknown Injury,Unknown/Missing,NA,NA,Yes,11JUN2009,Thursday,Motorist Overtaking Bicyclist,20,Non-Intersection,June,B: Evident Injury,20:39:00,Motorist Overtaking - Misjudged Space,2009,Yes,Yes,Dark - Roadway Not Lighted,Curve - Level,State Secondary Route,Dry,"Two-Way, Not Divided",None,No Special Feature,Coarse Asphalt,2 lanes,"34.3012467767, -78.0696523628"
4890,Edenton,Chowan,Coastal,Residential,Mixed (30% To 70% Developed),NA,Urban,20 - 25  MPH,Stop Sign,Clear,No,5,0-5,No,NA,Facing Traffic,B: Evident Injury,Sidewalk / Crosswalk / Driveway Crossing,Black,Male,24,20-24,No,NA,NA,O: No Injury,Black,Female,Van,No,31MAY2009,Sunday,Motorist Failed to Yield - Midblock,14,Non-Intersection,May,B: Evident Injury,14:35:00,Motorist Drive Out - Commercial Driveway / Alley,2009,No,No,Daylight,Straight - Level,Local Street,Dry,"Two-Way, Divided, Unprotected Median",None,No Special Feature,Coarse Asphalt,2 lanes,"36.0631442106, -76.6034620024"
4894,Greenville,Pitt,Coastal,Residential,Urban (>70% Developed),NA,Urban,20 - 25  MPH,Stop Sign,Clear,No,44,40-49,No,NA,NA,B: Evident Injury,Sidewalk / Crosswalk / Driveway Crossing,Black,Male,38,30-39,No,NA,21-25 mph,O: No Injury,Hispanic,Male,Passenger Car,No,03JUN2009,Wednesday,Parallel Paths - Other Circumstances,16,Non-Intersection,June,B: Evident Injury,16:30:00,Bicyclist Ride Out - Parallel Path,2009,Yes,No,Daylight,Straight - Level,Local Street,Dry,"Two-Way, Not Divided",None,Four-Way Intersection,Coarse Asphalt,2 lanes,"35.6095670872, -77.367462214"
4895,Asheville,Buncombe,Mountains,Commercial,Urban (>70% Developed),NA,Urban,30 - 35  MPH,No Control Present,Cloudy,No,49,40-49,No,NA,With Traffic,C: Possible Injury,Travel Lane,White,Male,70+,70+,No,NA,21-25 mph,O: No Injury,White,Female,Pickup,No,04JUN2009,Thursday,Motorist Overtaking Bicyclist,10,Non-Intersection,June,C: Possible Injury,10:32:00,Motorist Overtaking - Undetected Bicyclist,2009,No,No,Daylight,Straight - Level,US Route,Dry,"Two-Way, Not Divided",None,Tunnel,Smooth Asphalt,2 lanes,"35.599310897, -82.5411237666"
4896,Greensboro,Guilford,Piedmont,Commercial,Urban (>70% Developed),NA,Urban,30 - 35  MPH,Stop And Go Signal,Cloudy,No,17,16-19,No,NA,Facing Traffic,C: Possible Injury,Travel Lane,White,Male,34,30-39,No,NA,21-25 mph,O: No Injury,Black,Female,Passenger Car,No,04JUN2009,Thursday,Bicyclist Failed to Yield - Signalized Intersection,15,Intersection,June,C: Possible Injury,15:47:00,Bicyclist Ride Through - Signalized Intersection,2009,Yes,No,Daylight,Straight - Level,Local Street,Wet,"Two-Way, Divided, Unprotected Median",None,T-Intersection,Coarse Asphalt,NA,"36.1103371085, -79.7885089748"
4902,Chapel Hill,Orange,Piedmont,Commercial,Urban (>70% Developed),NA,Urban,30 - 35  MPH,No Control Present,Clear,No,8,6-10,No,NA,NA,B: Evident Injury,Sidewalk / Crosswalk / Driveway Crossing,Black,Female,32,30-39,No,NA,0-5 mph,O: No Injury,White,Male,Van,No,12JUN2009,Friday,Motorist Failed to Yield - Midblock,14,Non-Intersection,June,B: Evident Injury,14:42:00,Motorist Drive Out - Residential Driveway,2009,Yes,No,Daylight,Straight - Grade,Local Street,Dry,"Two-Way, Not Divided",None,"Driveway, Public",Smooth Asphalt,2 lanes,"35.9292600975, -79.0340327369"
4907,Davidson,Mecklenburg,Piedmont,Commercial,Rural (<30% Developed),NA,Urban,20 - 25  MPH,Stop Sign,Clear,No,20,20-24,No,NA,Facing Traffic,B: Evident Injury,Sidewalk / Crosswalk / Driveway Crossing,White,Female,50,50-59,No,NA,0-5 mph,O: No Injury,White,Female,Passenger Car,No,09JUN2009,Tuesday,Motorist Failed to Yield - Sign-Controlled Intersection,17,Intersection,June,B: Evident Injury,17:12:00,Motorist Drive Out - Sign-Controlled Intersection,2009,Yes,No,Daylight,Straight - Level,Local Street,Dry,"Two-Way, Divided, Unprotected Median",None,T-Intersection,Smooth Asphalt,2 lanes,"35.4973269397, -80.8506932588"
4911,Durham,Durham,Piedmont,Residential,Urban (>70% Developed),NA,Urban,30 - 35  MPH,Stop Sign,Clear,No,7,6-10,No,NA,Facing Traffic,C: Possible Injury,Travel Lane,Black,Male,22,20-24,No,NA,26-30 mph,O: No Injury,Black,Male,Passenger Car,No,23JUN2009,Tuesday,Bicyclist Failed to Yield - Sign-Controlled Intersection,14,Intersection,June,C: Possible Injury,14:04:00,Bicyclist Ride Out - Sign-Controlled Intersection,2009,Yes,No,Daylight,Straight - Grade,Local Street,Dry,"Two-Way, Not Divided",None,Four-Way Intersection,Smooth Asphalt,2 lanes,"35.9753111124, -78.8884026948"
4912,None - Rural Crash,Dare,Coastal,"Farms, Woods, Pastures",Rural (<30% Developed),NA,Rural,40 - 45  MPH,"Double Yellow Line, No Passing Zone",Clear,No,29,25-29,No,NA,With Traffic,B: Evident Injury,Travel Lane,White,Male,22,20-24,No,NA,31-35 mph,O: No Injury,White,Male,Pickup,No,04JUN2009,Thursday,Motorist Overtaking Bicyclist,17,Non-Intersection,June,B: Evident Injury,17:55:00,Motorist Overtaking - Other / Unknown,2009,Yes,No,Daylight,Curve - Grade,NC Route,Dry,"Two-Way, Not Divided",None,No Special Feature,Smooth Asphalt,2 lanes,"35.8678071996, -75.6497216994"
4915,None - Rural Crash,Wake,Piedmont,Residential,Mixed (30% To 70% Developed),NA,Rural,40 - 45  MPH,"Double Yellow Line, No Passing Zone",Clear,No,33,30-39,No,NA,With Traffic,C: Possible Injury,Travel Lane,White,Male,18,0-19,No,NA,41-45 mph,O: No Injury,White,Female,Passenger Car,No,21JUN2009,Sunday,Bicyclist Left Turn / Merge,8,Intersection,June,C: Possible Injury,08:19:00,Bicyclist Left Turn - Same Direction,2009,No,No,Daylight,Straight - Level,NC Route,Dry,"Two-Way, Not Divided",None,Y-Intersection,Smooth Asphalt,2 lanes,"35.9696111226, -78.5612625957"
2065,None - Rural Crash,Dare,Coastal,Residential,Mixed (30% To 70% Developed),NA,Rural,20 - 25  MPH,"Double Yellow Line, No Passing Zone",Cloudy,No,13,11-15,No,NA,With Traffic,A: Disabling Injury,Travel Lane,Black,Male,44,40-49,No,NA,21-25 mph,O: No Injury,Black,Female,Van,No,28MAY2012,Monday,Bicyclist Failed to Yield - Sign-Controlled Intersection,13,Intersection,May,A: Disabling Injury,13:12:00,Bicyclist Ride Through - Sign-Controlled Intersection,2012,Yes,No,Daylight,Straight - Level,State Secondary Route,Dry,"Two-Way, Not Divided",None,T-Intersection,Coarse Asphalt,2 lanes,"35.9084772073, -75.6807017111"
2070,Wilmington,New Hanover,Coastal,Commercial,Mixed (30% To 70% Developed),NA,Urban,20 - 25  MPH,Stop Sign,Cloudy,No,20,20-24,No,NA,With Traffic,B: Evident Injury,Travel Lane,White,Male,50,50-59,No,NA,0-5 mph,O: No Injury,White,Male,Passenger Car,No,16MAY2012,Wednesday,Motorist Failed to Yield - Sign-Controlled Intersection,12,Intersection,May,B: Evident Injury,12:41:00,Motorist Drive Out - Sign-Controlled Intersection,2012,Yes,No,Daylight,Straight - Level,Local Street,Wet,"Two-Way, Divided, Positive Median Barrier",None,No Special Feature,Smooth Asphalt,6 lanes,"34.2431967676, -77.9497023239"
2079,None - Rural Crash,Greene,Coastal,"Farms, Woods, Pastures",Rural (<30% Developed),NA,Rural,50 - 55  MPH,"Double Yellow Line, No Passing Zone",Clear,No,50,50-59,No,NA,With Traffic,C: Possible Injury,Travel Lane,White,Male,NA,NA,Missing,NA,NA,Unknown Injury,Unknown/Missing,NA,Van,No,02JUN2012,Saturday,Motorist Overtaking Bicyclist,13,Non-Intersection,June,C: Possible Injury,13:46:00,Motorist Overtaking - Misjudged Space,2012,Yes,Yes,Daylight,Straight - Level,US Route,Dry,"Two-Way, Not Divided",None,No Special Feature,Coarse Asphalt,2 lanes,"35.3758070263, -77.6670022934"
2061,Wilson,Wilson,Coastal,Residential,Mixed (30% To 70% Developed),NA,Urban,30 - 35  MPH,Stop Sign,Cloudy,No,54,50-59,No,NA,With Traffic,B: Evident Injury,Travel Lane,Black,Male,18,0-19,No,NA,31-35 mph,O: No Injury,White,Female,Passenger Car,No,07MAY2012,Monday,Motorist Failed to Yield - Sign-Controlled Intersection,23,Intersection,May,B: Evident Injury,23:14:00,Motorist Drive Out - Sign-Controlled Intersection,2012,Yes,No,Dark - Roadway Not Lighted,Straight - Level,Local Street,Dry,"Two-Way, Not Divided",None,No Special Feature,Coarse Asphalt,2 lanes,"35.7161370909, -77.919402387"
2095,Winston-Salem,Forsyth,Piedmont,Commercial,Urban (>70% Developed),NA,Urban,30 - 35  MPH,No Control Present,Clear,No,25,25-29,No,NA,With Traffic,C: Possible Injury,Travel Lane,Black,Male,NA,NA,No,NA,6-10 mph,Unknown Injury,Unknown/Missing,NA,NA,No,02JUN2012,Saturday,Motorist Overtaking Bicyclist,23,Non-Intersection,June,C: Possible Injury,23:05:00,Motorist Overtaking - Other / Unknown,2012,No,Yes,Daylight,Straight - Level,Local Street,Dry,"Two-Way, Divided, Unprotected Median",None,No Special Feature,Smooth Asphalt,2 lanes,"36.1079670914, -80.247703112"
2089,None - Rural Crash,Guilford,Piedmont,"Farms, Woods, Pastures",Rural (<30% Developed),NA,Rural,NA,"Double Yellow Line, No Passing Zone",Clear,No,43,40-49,No,NA,With Traffic,B: Evident Injury,Travel Lane,White,Male,41,40-49,No,NA,NA,O: No Injury,White,Female,Passenger Car,No,03JUN2012,Sunday,Motorist Overtaking Bicyclist,18,Non-Intersection,June,B: Evident Injury,18:26:00,Motorist Overtaking - Other / Unknown,2012,Yes,No,Daylight,Curve - Grade,State Secondary Route,Dry,"Two-Way, Not Divided",None,No Special Feature,Smooth Asphalt,2 lanes,"36.2182271293, -79.8460029975"
2084,None - Rural Crash,Alamance,Piedmont,Residential,Urban (>70% Developed),NA,Rural,30 - 35  MPH,"Double Yellow Line, No Passing Zone",Cloudy,No,21,20-24,No,NA,With Traffic,O: No Injury,Travel Lane,Unknown/Missing,NA,70+,70+,No,NA,0-5 mph,O: No Injury,White,Male,Other Bus,No,14MAY2012,Monday,Crossing Paths - Other Circumstances,7,Intersection-Related,May,O: No Injury,07:44:00,Crossing Paths - Uncontrolled Intersection,2012,No,No,Daylight,Straight - Level,Local Street,Dry,"Two-Way, Not Divided",None,"Driveway, Public",Smooth Asphalt,2 lanes,"36.108087119, -79.4842028822"
2062,Wilson,Wilson,Coastal,Residential,Urban (>70% Developed),NA,Urban,40 - 45  MPH,Stop And Go Signal,Clear,No,58,50-59,No,NA,With Traffic,C: Possible Injury,Travel Lane,Black,Male,70+,70+,No,NA,0-5 mph,O: No Injury,White,Female,Passenger Car,No,02MAY2012,Wednesday,Crossing Paths - Other Circumstances,14,Intersection,May,C: Possible Injury,14:58:00,Signalized Intersection - Other / Unknown,2012,Yes,No,Daylight,Straight - Level,Local Street,Dry,"Two-Way, Not Divided",None,Four-Way Intersection,Smooth Asphalt,5 lanes,"35.7200870914, -77.9458023958"
2088,Raleigh,Wake,Piedmont,Industrial,Urban (>70% Developed),NA,Urban,30 - 35  MPH,Stop And Go Signal,Clear,Yes,29,25-29,No,NA,With Traffic,C: Possible Injury,Travel Lane,White,Male,39,30-39,Missing,NA,0-5 mph,O: No Injury,White,Male,Police,No,30MAY2012,Wednesday,Bicyclist Overtaking Motorist,15,Non-Intersection,May,C: Possible Injury,15:51:00,Bicyclist Overtaking - Extended Door,2012,Yes,No,Daylight,Straight - Level,Local Street,Dry,"One-Way, Not Divided",None,No Special Feature,Smooth Asphalt,2 lanes,"35.7760870792, -78.6404026095"
2711,Greensboro,Guilford,Piedmont,Commercial,Urban (>70% Developed),NA,Urban,20 - 25  MPH,Stop Sign,Clear,No,40,40-49,No,NA,Facing Traffic,C: Possible Injury,Sidewalk / Crosswalk / Driveway Crossing,White,Male,44,40-49,No,NA,0-5 mph,O: No Injury,White,Male,Passenger Car,No,14DEC2012,Friday,Motorist Failed to Yield - Sign-Controlled Intersection,17,Intersection,December,C: Possible Injury,17:50:00,Motorist Drive Out - Sign-Controlled Intersection,2012,Yes,No,Dark - Lighted Roadway,Straight - Bottom,Local Street,Dry,"One-Way, Not Divided",None,Four-Way Intersection,Coarse Asphalt,4 lanes,"36.0758171006, -79.7970029748"
2689,None - Rural Crash,Durham,Piedmont,"Farms, Woods, Pastures",Rural (<30% Developed),NA,Rural,50 - 55  MPH,"Double Yellow Line, No Passing Zone",Clear,No,36,30-39,No,NA,With Traffic,C: Possible Injury,Bike Lane / Paved Shoulder,White,Male,70+,70+,No,NA,41-45 mph,O: No Injury,White,Male,Pickup,No,02DEC2012,Sunday,Loss of Control / Turning Error,16,Non-Intersection,December,C: Possible Injury,16:22:00,"Motorist Lost Control - Oversteering, Improper Braking, Speed",2012,Yes,No,Daylight,Straight - Grade,NC Route,Dry,"Two-Way, Not Divided",None,No Special Feature,Smooth Asphalt,2 lanes,"35.8733370889, -78.9484027073"
2688,Chapel Hill,Orange,Piedmont,Residential,Urban (>70% Developed),NA,Urban,20 - 25  MPH,"Double Yellow Line, No Passing Zone",Rain,No,54,50-59,No,NA,With Traffic,C: Possible Injury,Travel Lane,White,Male,31,30-39,No,NA,0-5 mph,O: No Injury,White,Female,Passenger Car,No,27NOV2012,Tuesday,Bicyclist Overtaking Motorist,17,Intersection-Related,November,C: Possible Injury,17:25:00,Bicyclist Overtaking - Extended Door,2012,Yes,No,Dark - Lighted Roadway,Straight - Level,Local Street,Wet,"Two-Way, Divided, Unprotected Median",None,No Special Feature,Smooth Asphalt,2 lanes,"35.9116570929, -79.0626027443"