object_id,city,county,region,development,locality,on_road,rural_urban,speed_limit,traffic_control,weather,workzone,bike_age,bike_age_group,bike_alcohol,bike_alcohol_drugs,bike_direction,bike_injury,bike_position,bike_race,bike_sex,driver_age,driver_age_group,driver_alcohol,driver_alcohol_drugs,driver_est_speed,driver_injury,driver_race,driver_sex,driver_vehicle_type,crash_alcohol,crash_date,crash_day,crash_group,crash_hour,crash_location,crash_month,crash_severity,crash_time,crash_type,crash_year,ambulance_req,hit_run,light_condition,road_character,road_class,road_condition,road_configuration,road_defects,road_feature,road_surface,num_lanes,geo_point
2713,Weddington,Union,Piedmont,"Farms, Woods, Pastures",Rural (<30% Developed),NA,Urban,40 - 45  MPH,Yield Sign,Clear,No,56,50-59,No,NA,With Traffic,A: Disabling Injury,Travel Lane,White,Female,32,30-39,No,NA,6-10 mph,O: No Injury,Black,Female,Passenger Car,No,15DEC2012,Saturday,Motorist Failed to Yield - Sign-Controlled Intersection,16,Intersection,December,A: Disabling Injury,16:49:00,Motorist Drive Out - Sign-Controlled Intersection,2012,Yes,No,Daylight,Curve - Level,State Secondary Route,Dry,"One-Way, Not Divided",None,Traffic Circle/Roundabout,Smooth Asphalt,1 lane,"35.0238768444, -80.6915031858"
2721,Winston-Salem,Forsyth,Piedmont,Commercial,Urban (>70% Developed),NA,Urban,30 - 35  MPH,No Control Present,Cloudy,No,24,20-24,Yes,NA,With Traffic,B: Evident Injury,Travel Lane,White,Male,NA,NA,Missing,NA,6-10 mph,Unknown Injury,Unknown/Missing,NA,Passenger Car,Yes,25NOV2012,Sunday,Bicyclist Overtaking Motorist,1,Non-Intersection,November,B: Evident Injury,01:43:00,Bicyclist Overtaking - Parked Vehicle,2012,Yes,No,Dark - Lighted Roadway,Straight - Level,Local Street,Dry,"Two-Way, Not Divided",None,No Special Feature,Coarse Asphalt,2 lanes,"36.0980270888, -80.2486031119"
2703,Indian Trail,Union,Piedmont,Commercial,Urban (>70% Developed),NA,Urban,30 - 35  MPH,Stop And Go Signal,Clear,No,19,16-19,No,NA,With Traffic,C: Possible Injury,Travel Lane,White,Male,38,30-39,No,NA,21-25 mph,O: No Injury,White,Female,Passenger Car,No,11DEC2012,Tuesday,Bicyclist Failed to Yield - Signalized Intersection,15,Intersection,December,C: Possible Injury,15:40:00,Bicyclist Ride Through - Signalized Intersection,2012,Yes,No,Daylight,Straight - Level,Local Street,Dry,"Two-Way, Not Divided",None,Four-Way Intersection,Smooth Asphalt,2 lanes,"35.0489768509, -80.6482031736"
2714,Marvin,Union,Piedmont,"Farms, Woods, Pastures",Mixed (30% To 70% Developed),NA,Rural,30 - 35  MPH,"Double Yellow Line, No Passing Zone",Clear,No,27,25-29,No,NA,With Traffic,C: Possible Injury,Travel Lane,White,Male,17,0-19,No,NA,31-35 mph,O: No Injury,White,Male,Sport Utility,No,15DEC2012,Saturday,Bicyclist Left Turn / Merge,14,Intersection,December,C: Possible Injury,14:56:00,Bicyclist Left Turn - Same Direction,2012,Yes,No,Daylight,Straight - Bottom,State Secondary Route,Dry,"Two-Way, Not Divided",None,T-Intersection,Smooth Asphalt,2 lanes,"35.0089968366, -80.821303224"
2693,Greenville,Pitt,Coastal,Commercial,Urban (>70% Developed),NA,Urban,40 - 45  MPH,No Control Present,Clear,No,56,50-59,No,NA,With Traffic,C: Possible Injury,Travel Lane,Black,Male,21,20-24,No,NA,41-45 mph,O: No Injury,White,Female,Passenger Car,No,04DEC2012,Tuesday,Bicyclist Failed to Yield - Sign-Controlled Intersection,13,Intersection,December,C: Possible Injury,13:46:00,Bicyclist Ride Out - Sign-Controlled Intersection,2012,Yes,No,Daylight,Straight - Level,NC Route,Dry,"Two-Way, Not Divided",None,T-Intersection,Smooth Asphalt,7 lanes,"35.6087170854, -77.3946022222"
2704,None - Rural Crash,Columbus,Coastal,"Farms, Woods, Pastures",Rural (<30% Developed),NA,Rural,50 - 55  MPH,No Control Present,Rain,No,16,16-19,No,NA,With Traffic,O: No Injury,Travel Lane,White,Male,45,40-49,No,NA,41-45 mph,O: No Injury,Black,Male,Passenger Car,No,11DEC2012,Tuesday,Motorist Overtaking Bicyclist,17,Intersection,December,O: No Injury,17:38:00,Motorist Overtaking - Other / Unknown,2012,No,No,Dark - Roadway Not Lighted,Curve - Level,US Route,Wet,"Two-Way, Not Divided",None,No Special Feature,Coarse Asphalt,2 lanes,"34.2485567422, -78.754302566"
2691,Mount Airy,Surry,Mountains,Commercial,Urban (>70% Developed),NA,Urban,30 - 35  MPH,Stop And Go Signal,Clear,No,26,25-29,No,NA,Facing Traffic,C: Possible Injury,Travel Lane,Black,Male,20,20-24,No,NA,6-10 mph,O: No Injury,White,Female,Passenger Car,No,23NOV2012,Friday,Crossing Paths - Other Circumstances,16,Intersection,November,C: Possible Injury,16:55:00,Signalized Intersection - Other / Unknown,2012,Yes,No,Dusk,Straight - Grade,US Route,Dry,"Two-Way, Not Divided",None,Four-Way Intersection,Smooth Asphalt,4 lanes,"36.5036271605, -80.6072032429"
2798,Fayetteville,Cumberland,Coastal,Residential,Urban (>70% Developed),NA,Urban,40 - 45  MPH,Stop Sign,Rain,No,37,30-39,No,NA,Facing Traffic,C: Possible Injury,Travel Lane,Black,Male,NA,NA,Missing,NA,0-5 mph,Unknown Injury,Unknown/Missing,NA,NA,No,04FEB2011,Friday,Motorist Failed to Yield - Sign-Controlled Intersection,18,Intersection,February,C: Possible Injury,18:32:00,Motorist Drive Out - Sign-Controlled Intersection,2011,Yes,Yes,Dark - Roadway Not Lighted,Straight - Level,Local Street,Wet,"Two-Way, Divided, Unprotected Median",None,No Special Feature,Coarse Asphalt,2 lanes,"35.1318169308, -78.9005026547"
2835,Greensboro,Guilford,Piedmont,Commercial,Urban (>70% Developed),NA,Urban,30 - 35  MPH,Stop And Go Signal,Cloudy,No,18,16-19,Yes,NA,Not Applicable,C: Possible Injury,Travel Lane,White,Male,53,50-59,No,NA,16-20 mph,O: No Injury,White,Male,Sport Utility,Yes,24FEB2011,Thursday,Bicyclist Failed to Yield - Midblock,18,Non-Intersection,February,C: Possible Injury,18:29:00,Bicyclist Ride Out - Other Midblock,2011,No,No,Dark - Lighted Roadway,Straight - Level,Local Street,Wet,"Two-Way, Divided, Unprotected Median",None,Related To Intersection,Coarse Asphalt,6 lanes,"36.0620870975, -79.8160029795"
2812,Charlotte,Mecklenburg,Piedmont,Commercial,Urban (>70% Developed),NA,Urban,30 - 35  MPH,No Control Present,Clear,No,48,40-49,Yes,NA,Not Applicable,C: Possible Injury,Non-Roadway,White,Male,20,20-24,No,NA,21-25 mph,O: No Injury,Black,Female,Passenger Car,Yes,14FEB2011,Monday,Loss of Control / Turning Error,18,Non-Intersection,February,C: Possible Injury,18:35:00,Bicylist Lost Control - Alcohol / Drug Impairment,2011,No,No,Dark - Lighted Roadway,Straight - Level,Local Street,Dry,"Two-Way, Not Divided",None,No Special Feature,Smooth Asphalt,4 lanes,"35.246296884, -80.8995032593"
2830,None - Rural Crash,Brunswick,Coastal,"Farms, Woods, Pastures",Rural (<30% Developed),NA,Rural,50 - 55  MPH,No Control Present,Clear,No,40,40-49,No,NA,With Traffic,K: Killed,Travel Lane,White,Male,53,50-59,No,NA,51-55 mph,O: No Injury,White,Male,Passenger Car,No,03MAR2011,Thursday,Motorist Overtaking Bicyclist,18,Non-Intersection,March,K: Killed,18:54:00,Motorist Overtaking - Other / Unknown,2011,Yes,No,Dark - Roadway Not Lighted,Straight - Level,US Route,Dry,"Two-Way, Divided, Unprotected Median",None,No Special Feature,Smooth Asphalt,4 lanes,"34.166986746, -78.0890023614"
2821,Laurinburg,Scotland,Coastal,Residential,Urban (>70% Developed),NA,Urban,30 - 35  MPH,Stop Sign,Clear,No,14,11-15,No,NA,Facing Traffic,C: Possible Injury,Travel Lane,Black,Male,63,60-69,No,NA,0-5 mph,O: No Injury,Black,Female,Passenger Car,No,13FEB2011,Sunday,Motorist Failed to Yield - Sign-Controlled Intersection,16,Intersection,February,C: Possible Injury,16:11:00,Motorist Drive Out - Sign-Controlled Intersection,2011,Yes,No,Daylight,Straight - Level,Local Street,Dry,"Two-Way, Not Divided",None,No Special Feature,Coarse Asphalt,2 lanes,"34.7828668359, -79.4601028049"
2823,Durham,Durham,Piedmont,Commercial,Urban (>70% Developed),NA,Urban,NA,No Control Present,Clear,No,15,11-15,No,NA,Not Applicable,C: Possible Injury,Travel Lane,Black,Male,NA,NA,No,NA,NA,Unknown Injury,Unknown/Missing,NA,Van,No,02FEB2011,Wednesday,Crossing Paths - Other Circumstances,23,Intersection-Related,February,C: Possible Injury,23:21:00,Crossing Paths - Intersection - Other / Unknown,2011,No,Yes,Daylight,Straight - Level,Local Street,Dry,"Two-Way, Not Divided",None,No Special Feature,Coarse Asphalt,2 lanes,"36.0050271196, -78.8669026904"
2804,Durham,Durham,Piedmont,Residential,Urban (>70% Developed),NA,Urban,30 - 35  MPH,No Control Present,Clear,No,26,25-29,No,NA,With Traffic,B: Evident Injury,Travel Lane,White,Female,21,20-24,No,NA,11-15 mph,O: No Injury,White,Male,Passenger Car,No,15FEB2011,Tuesday,Motorist Left Turn / Merge,9,Intersection,February,B: Evident Injury,09:30:00,Motorist Left Turn - Opposite Direction,2011,Yes,No,Daylight,Straight - Grade,Local Street,Dry,"Two-Way, Divided, Unprotected Median",None,No Special Feature,Smooth Asphalt,2 lanes,"35.9979671161, -78.9272027079"
2827,Charlotte,Mecklenburg,Piedmont,Residential,Urban (>70% Developed),NA,Urban,20 - 25  MPH,No Control Present,Clear,No,52,50-59,No,NA,With Traffic,B: Evident Injury,Travel Lane,White,Male,38,30-39,No,NA,11-15 mph,O: No Injury,White,Female,Passenger Car,No,22FEB2011,Tuesday,Motorist Left Turn / Merge,7,Intersection,February,B: Evident Injury,07:22:00,Motorist Left Turn - Opposite Direction,2011,No,No,Daylight,Straight - Level,Local Street,Dry,"Two-Way, Not Divided",None,T-Intersection,Coarse Asphalt,2 lanes,"35.1518368653, -80.868403245"
2808,Raleigh,Wake,Piedmont,Commercial,Urban (>70% Developed),NA,Urban,30 - 35  MPH,No Control Present,Clear,No,29,25-29,No,NA,Facing Traffic,B: Evident Injury,Travel Lane,White,Male,24,20-24,Yes,NA,11-15 mph,O: No Injury,White,Male,Passenger Car,Yes,24JAN2011,Monday,Head-On,2,Intersection-Related,January,B: Evident Injury,02:35:00,Head-On - Motorist,2011,Yes,No,Dark - Lighted Roadway,Straight - Level,Local Street,Dry,"Two-Way, Not Divided",None,No Special Feature,Smooth Asphalt,3 lanes,"35.7808170792, -78.6492026124"
2853,None - Rural Crash,Gates,Coastal,Residential,Mixed (30% To 70% Developed),NA,Rural,50 - 55  MPH,Stop Sign,Clear,No,48,40-49,No,NA,With Traffic,A: Disabling Injury,Travel Lane,White,Male,22,20-24,No,NA,51-55 mph,B: Evident Injury,Black,Female,Passenger Car,No,09MAR2011,Wednesday,Bicyclist Failed to Yield - Sign-Controlled Intersection,16,Intersection,March,A: Disabling Injury,16:20:00,Bicyclist Ride Through - Sign-Controlled Intersection,2011,Yes,No,Daylight,Straight - Level,State Secondary Route,Dry,"Two-Way, Not Divided",None,T-Intersection,Coarse Asphalt,2 lanes,"36.4984772991, -76.7303020647"
2878,None - Rural Crash,Catawba,Piedmont,Residential,Mixed (30% To 70% Developed),NA,Rural,50 - 55  MPH,"Double Yellow Line, No Passing Zone",Clear,No,15,11-15,No,NA,With Traffic,C: Possible Injury,Travel Lane,White,Male,NA,NA,Missing,NA,36-40 mph,Unknown Injury,Unknown/Missing,NA,Van,No,21MAR2011,Monday,Bicyclist Left Turn / Merge,13,Intersection,March,C: Possible Injury,13:33:00,Bicyclist Left Turn - Same Direction,2011,Yes,Yes,Daylight,Straight - Level,State Secondary Route,Dry,"Two-Way, Not Divided",None,No Special Feature,Coarse Asphalt,2 lanes,"35.7538869823, -81.1481033622"
2864,Wrightsville Beach,New Hanover,Coastal,Residential,Urban (>70% Developed),NA,Rural,20 - 25  MPH,No Control Present,Clear,No,52,50-59,No,NA,With Traffic,A: Disabling Injury,Travel Lane,White,Male,NA,NA,Missing,NA,NA,Unknown Injury,Unknown/Missing,NA,Passenger Car,No,12FEB2011,Saturday,Crossing Paths - Other Circumstances,12,Non-Intersection,February,A: Disabling Injury,12:26:00,Crossing Paths - Midblock - Other / Unknown,2011,Yes,No,Daylight,Straight - Level,US Route,Dry,"Two-Way, Not Divided",None,No Special Feature,Smooth Asphalt,2 lanes,"34.2126167665, -77.7923022741"
2880,Carrboro,Orange,Piedmont,Residential,Urban (>70% Developed),NA,Urban,30 - 35  MPH,"Double Yellow Line, No Passing Zone",Clear,No,31,30-39,No,NA,With Traffic,B: Evident Injury,Travel Lane,White,Male,NA,NA,Missing,NA,NA,Unknown Injury,Unknown/Missing,NA,Commercial Bus,No,15MAR2011,Tuesday,Bicyclist Overtaking Motorist,12,Non-Intersection,March,B: Evident Injury,12:28:00,Bicyclist Overtaking - Parked Vehicle,2011,Yes,No,Daylight,Straight - Level,State Secondary Route,Dry,"Two-Way, Not Divided",None,No Special Feature,Smooth Asphalt,2 lanes,"35.9255470942, -79.0920027537"
2845,None - Rural Crash,Transylvania,Mountains,"Farms, Woods, Pastures",Rural (<30% Developed),NA,Rural,20 - 25  MPH,Stop Sign,Clear,No,12,11-15,No,NA,With Traffic,B: Evident Injury,Travel Lane,White,Female,70+,70+,No,NA,21-25 mph,O: No Injury,White,Female,Passenger Car,No,13MAR2011,Sunday,Bicyclist Failed to Yield - Sign-Controlled Intersection,13,Intersection,March,B: Evident Injury,13:19:00,Bicyclist Ride Through - Sign-Controlled Intersection,2011,No,No,Daylight,Curve - Level,State Secondary Route,Dry,"Two-Way, Not Divided",None,T-Intersection,Coarse Asphalt,2 lanes,"35.2238868104, -82.7470038051"
2888,Cary,Wake,Piedmont,Commercial,Urban (>70% Developed),NA,Urban,30 - 35  MPH,No Control Present,Clear,No,20,20-24,No,NA,Facing Traffic,C: Possible Injury,Sidewalk / Crosswalk / Driveway Crossing,Black,Male,49,40-49,No,NA,6-10 mph,O: No Injury,White,Female,Passenger Car,No,04APR2011,Monday,Motorist Failed to Yield - Midblock,15,Non-Intersection,April,C: Possible Injury,15:14:00,Motorist Drive Out - Commercial Driveway / Alley,2011,Yes,No,Daylight,Straight - Level,State Secondary Route,Dry,"Two-Way, Not Divided",None,No Special Feature,Coarse Asphalt,4 lanes,"35.7712270727, -78.7817026519"
3020,Durham,Durham,Piedmont,Residential,Urban (>70% Developed),NA,Urban,30 - 35  MPH,No Control Present,Clear,No,12,11-15,No,NA,With Traffic,B: Evident Injury,Travel Lane,Black,Male,21,20-24,No,NA,21-25 mph,O: No Injury,Black,Female,Passenger Car,No,26MAY2011,Thursday,Bicyclist Left Turn / Merge,18,Intersection-Related,May,B: Evident Injury,18:25:00,Bicyclist Left Turn - Same Direction,2011,Yes,No,Daylight,Straight - Level,Local Street,Dry,"Two-Way, Divided, Unprotected Median",None,No Special Feature,Smooth Asphalt,2 lanes,"35.9801971132, -78.9052027006"
3023,None - Rural Crash,Currituck,Coastal,Residential,Rural (<30% Developed),NA,Rural,30 - 35  MPH,Stop Sign,Clear,No,69,60-69,No,NA,Facing Traffic,B: Evident Injury,Multi-use Path,White,Female,33,30-39,No,NA,0-5 mph,O: No Injury,White,Female,Passenger Car,No,28MAY2011,Saturday,Bicyclist Failed to Yield - Sign-Controlled Intersection,10,Intersection,May,B: Evident Injury,10:07:00,Bicyclist Ride Through - Sign-Controlled Intersection,2011,Yes,No,Daylight,Straight - Level,NC Route,Dry,"Two-Way, Not Divided",None,Four-Way Intersection,Coarse Asphalt,2 lanes,"36.3785573039, -75.8302017808"
3024,Fayetteville,Cumberland,Coastal,Commercial,Rural (<30% Developed),NA,Urban,40 - 45  MPH,No Control Present,Clear,No,33,30-39,No,NA,Facing Traffic,C: Possible Injury,Sidewalk / Crosswalk / Driveway Crossing,Black,Male,28,25-29,No,NA,0-5 mph,O: No Injury,White,Female,Passenger Car,No,02MAY2011,Monday,Motorist Failed to Yield - Midblock,18,Non-Intersection,May,C: Possible Injury,18:31:00,Motorist Drive Out - Commercial Driveway / Alley,2011,No,No,Daylight,Straight - Level,Local Street,Dry,"Two-Way, Divided, Unprotected Median",None,"Driveway, Public",Coarse Asphalt,5 lanes,"35.1342669318, -78.8767026471"
3033,Greensboro,Guilford,Piedmont,Commercial,Urban (>70% Developed),NA,Urban,NA,No Control Present,Clear,No,21,20-24,No,NA,Facing Traffic,C: Possible Injury,Sidewalk / Crosswalk / Driveway Crossing,White,Female,57,50-59,No,NA,0-5 mph,O: No Injury,Black,Male,Pickup,No,19MAY2011,Thursday,Motorist Failed to Yield - Midblock,14,Non-Intersection,May,C: Possible Injury,14:43:00,Motorist Drive Out - Commercial Driveway / Alley,2011,Yes,No,Daylight,Straight - Level,Public Vehicular Area,Dry,"Two-Way, Not Divided",Other,"Driveway, Public",Smooth Asphalt,2 lanes,"36.0883571002, -79.8882030032"
3035,Asheville,Buncombe,Mountains,Residential,Urban (>70% Developed),NA,Urban,30 - 35  MPH,Flashing Stop And Go Signal,Clear,No,18,16-19,No,NA,Facing Traffic,C: Possible Injury,Travel Lane,White,Male,68,60-69,No,NA,31-35 mph,O: No Injury,White,Female,Passenger Car,No,22MAY2011,Sunday,Loss of Control / Turning Error,12,Intersection,May,C: Possible Injury,12:37:00,Bicyclist Lost Control - Mechanical Problems,2011,Yes,No,Daylight,Straight - Level,Local Street,Dry,"Two-Way, Not Divided",None,Four-Way Intersection,Smooth Asphalt,4 lanes,"35.5717668899, -82.5826037777"
3045,Statesville,Iredell,Piedmont,Residential,Urban (>70% Developed),NA,Urban,30 - 35  MPH,No Control Present,Cloudy,No,50,50-59,No,NA,With Traffic,B: Evident Injury,Travel Lane,White,Male,70+,70+,No,NA,26-30 mph,O: No Injury,White,Male,Pickup,No,14MAY2011,Saturday,Crossing Paths - Other Circumstances,8,Intersection-Related,May,B: Evident Injury,08:13:00,Crossing Paths - Intersection - Other / Unknown,2011,Yes,No,Daylight,Curve - Level,Local Street,Dry,"Two-Way, Not Divided",None,No Special Feature,Smooth Asphalt,2 lanes,"35.8048570031, -80.8821032852"
3050,None - Rural Crash,Robeson,Coastal,"Farms, Woods, Pastures",Rural (<30% Developed),NA,Rural,50 - 55  MPH,"Double Yellow Line, No Passing Zone",Clear,No,17,16-19,No,NA,With Traffic,B: Evident Injury,Travel Lane,White,Male,25,25-29,No,NA,51-55 mph,O: No Injury,Native American,Male,Pickup,No,06JUN2011,Monday,Bicyclist Left Turn / Merge,18,Non-Intersection,June,B: Evident Injury,18:28:00,Bicyclist Left Turn - Same Direction,2011,No,No,Daylight,Straight - Level,State Secondary Route,Dry,"Two-Way, Not Divided",None,No Special Feature,Smooth Asphalt,2 lanes,"34.6250068131, -79.1275026971"
3058,Durham,Durham,Piedmont,Residential,Urban (>70% Developed),NA,Urban,30 - 35  MPH,No Control Present,Clear,No,13,11-15,No,NA,With Traffic,B: Evident Injury,Travel Lane,White,Female,NA,NA,Missing,NA,0-5 mph,Unknown Injury,Unknown/Missing,NA,Passenger Car,No,10JUN2011,Friday,Loss of Control / Turning Error,19,Intersection,June,B: Evident Injury,19:18:00,"Bicyclist Lost Control - Oversteering, Improper Braking, Speed",2011,No,No,Daylight,Straight - Level,Local Street,Dry,"Two-Way, Not Divided",None,No Special Feature,Smooth Asphalt,2 lanes,"35.9954771161, -78.9195027059"
3062,Charlotte,Mecklenburg,Piedmont,Residential,Urban (>70% Developed),NA,Urban,30 - 35  MPH,Stop Sign,Clear,No,34,30-39,No,NA,With Traffic,B: Evident Injury,Travel Lane,White,Male,36,30-39,No,NA,0-5 mph,O: No Injury,Black,Female,Passenger Car,No,20MAY2011,Friday,Motorist Failed to Yield - Sign-Controlled Intersection,18,Intersection,May,B: Evident Injury,18:06:00,Motorist Drive Out - Sign-Controlled Intersection,2011,No,No,Daylight,Straight - Level,Local Street,Dry,"Two-Way, Divided, Unprotected Median",None,No Special Feature,Smooth Asphalt,2 lanes,"35.1989668765, -80.8406032393"
3071,Mooresville,Iredell,Piedmont,Residential,Urban (>70% Developed),NA,Urban,30 - 35  MPH,Stop Sign,Clear,No,45,40-49,No,NA,Facing Traffic,C: Possible Injury,Sidewalk / Crosswalk / Driveway Crossing,Black,Male,42,40-49,No,NA,0-5 mph,O: No Injury,White,Female,Passenger Car,No,27MAY2011,Friday,Motorist Failed to Yield - Sign-Controlled Intersection,12,Intersection,May,C: Possible Injury,12:00:00,Motorist Drive Out - Sign-Controlled Intersection,2011,Yes,No,Daylight,Straight - Level,NC Route,Dry,"Two-Way, Divided, Unprotected Median",None,Four-Way Intersection,Coarse Asphalt,3 lanes,"35.5882369609, -80.7976032479"
3076,Asheville,Buncombe,Mountains,Commercial,Urban (>70% Developed),NA,Urban,40 - 45  MPH,No Control Present,Clear,No,NA,NA,Missing,NA,With Traffic,Unknown Injury,Travel Lane,Unknown/Missing,NA,59,50-59,No,NA,21-25 mph,O: No Injury,White,Female,Passenger Car,No,27MAY2011,Friday,Motorist Overtaking Bicyclist,13,Non-Intersection,May,O: No Injury,13:04:00,Motorist Overtaking - Other / Unknown,2011,No,No,Daylight,Straight - Grade,US Route,Dry,"Two-Way, Divided, Unprotected Median",None,No Special Feature,Coarse Asphalt,5 lanes,"35.5583868883, -82.5386037637"
3079,Hendersonville,Henderson,Mountains,Institutional,Urban (>70% Developed),NA,Urban,20 - 25  MPH,No Control Present,Cloudy,No,55,50-59,No,NA,Not Applicable,B: Evident Injury,Non-Roadway,White,Male,NA,NA,Missing,NA,6-10 mph,Unknown Injury,Unknown/Missing,NA,NA,No,03MAY2011,Tuesday,Non-Roadway,12,Non-Roadway,May,B: Evident Injury,12:00:00,Non-Roadway,2011,No,Yes,Daylight,Straight - Level,Public Vehicular Area,Dry,"Two-Way, Not Divided",None,"Driveway, Public",Coarse Asphalt,2 lanes,"35.2929168366, -82.427803715"
3089,Roanoke Rapids,Halifax,Coastal,Residential,Mixed (30% To 70% Developed),NA,Urban,20 - 25  MPH,Stop And Go Signal,Clear,No,37,30-39,No,NA,Facing Traffic,O: No Injury,Sidewalk / Crosswalk / Driveway Crossing,Black,Male,63,60-69,No,NA,0-5 mph,O: No Injury,White,Male,Pickup,No,30MAY2011,Monday,Motorist Failed to Yield - Signalized Intersection,10,Intersection,May,O: No Injury,10:26:00,Motorist Drive Out - Right Turn on Red,2011,No,No,Daylight,Straight - Level,Local Street,Dry,"Two-Way, Not Divided",None,Four-Way Intersection,Coarse Asphalt,2 lanes,"36.4644972599, -77.6528023455"
3093,Raleigh,Wake,Piedmont,Commercial,Urban (>70% Developed),NA,Urban,30 - 35  MPH,No Control Present,Clear,No,21,20-24,No,NA,Not Applicable,O: No Injury,Sidewalk / Crosswalk / Driveway Crossing,Black,Male,NA,NA,Missing,NA,0-5 mph,Unknown Injury,Unknown/Missing,NA,NA,No,16JUN2011,Thursday,Non-Roadway,16,Non-Roadway,June,O: No Injury,16:11:00,Non-Roadway,2011,No,Yes,Daylight,Straight - Level,Local Street,Dry,"Two-Way, Not Divided",None,No Special Feature,Smooth Asphalt,2 lanes,"35.7741370783, -78.6375026084"
3097,Kinston,Lenoir,Coastal,Commercial,Urban (>70% Developed),NA,Urban,20 - 25  MPH,No Control Present,Clear,No,17,16-19,No,NA,With Traffic,O: No Injury,Travel Lane,Black,Male,NA,NA,Missing,NA,16-20 mph,Unknown Injury,Unknown/Missing,NA,NA,No,21MAY2011,Saturday,Motorist Failed to Yield - Midblock,20,Non-Intersection,May,O: No Injury,20:19:00,Motorist Drive Out - Commercial Driveway / Alley,2011,No,Yes,Daylight,Straight - Level,Local Street,Dry,"Two-Way, Not Divided",None,"Driveway, Public",Coarse Asphalt,2 lanes,"35.2766870076, -77.5820022617"
3103,Winston-Salem,Forsyth,Piedmont,Residential,Urban (>70% Developed),NA,Urban,30 - 35  MPH,No Control Present,Clear,No,45,40-49,No,NA,With Traffic,B: Evident Injury,Travel Lane,White,Male,70+,70+,No,NA,16-20 mph,O: No Injury,White,Female,Passenger Car,No,06JUN2011,Monday,Motorist Left Turn / Merge,8,Intersection,June,B: Evident Injury,08:39:00,Motorist Left Turn - Opposite Direction,2011,Yes,No,Daylight,Straight - Level,Local Street,Dry,"Two-Way, Not Divided",None,T-Intersection,Smooth Asphalt,2 lanes,"36.1145970907, -80.2825031234"
3106,None - Rural Crash,Wake,Piedmont,"Farms, Woods, Pastures",Rural (<30% Developed),NA,Rural,50 - 55  MPH,No Control Present,Clear,No,52,50-59,No,NA,With Traffic,B: Evident Injury,Travel Lane,White,Male,49,40-49,No,NA,46-50 mph,O: No Injury,White,Female,Passenger Car,No,22JUN2011,Wednesday,Bicyclist Left Turn / Merge,18,Non-Intersection,June,B: Evident Injury,18:31:00,Bicyclist Left Turn - Same Direction,2011,Yes,No,Daylight,Straight - Level,NC Route,Dry,"Two-Way, Not Divided",None,No Special Feature,Coarse Asphalt,2 lanes,"35.9515371149, -78.6815026307"
3110,Charlotte,Mecklenburg,Piedmont,Commercial,Urban (>70% Developed),NA,Urban,30 - 35  MPH,Stop Sign,Clear,No,35,30-39,No,NA,Facing Traffic,B: Evident Injury,Sidewalk / Crosswalk / Driveway Crossing,White,Male,39,30-39,No,NA,6-10 mph,O: No Injury,White,Female,Passenger Car,No,06JUN2011,Monday,Motorist Failed to Yield - Midblock,10,Non-Intersection,June,B: Evident Injury,10:37:00,Motorist Drive Out - Commercial Driveway / Alley,2011,Yes,No,Daylight,Straight - Level,Local Street,Dry,"Two-Way, Divided, Unprotected Median",None,No Special Feature,Coarse Asphalt,6 lanes,"35.2195068809, -80.8361032392"
3121,Pinehurst,Moore,Piedmont,Commercial,Urban (>70% Developed),NA,Urban,40 - 45  MPH,Yield Sign,Clear,No,24,20-24,No,NA,With Traffic,O: No Injury,Travel Lane,White,Male,19,0-19,No,NA,21-25 mph,O: No Injury,White,Female,Passenger Car,No,07JUN2011,Tuesday,Motorist Left Turn / Merge,7,Intersection,June,O: No Injury,07:29:00,Motorist Left Turn - Opposite Direction,2011,No,No,Daylight,Straight - Level,Local Street,Dry,"Two-Way, Divided, Unprotected Median",None,No Special Feature,Smooth Asphalt,4 lanes,"35.2031569275, -79.4458028217"
3126,Jacksonville,Onslow,Coastal,Residential,Urban (>70% Developed),NA,Urban,20 - 25  MPH,No Control Present,Clear,No,11,11-15,No,NA,With Traffic,B: Evident Injury,Travel Lane,Black,Female,23,20-24,No,NA,16-20 mph,C: Possible Injury,Hispanic,Male,Motorcycle,No,13JUN2011,Monday,Head-On,17,Non-Intersection,June,B: Evident Injury,17:04:00,Head-On - Motorist,2011,Yes,No,Daylight,Straight - Level,Local Street,Dry,"Two-Way, Not Divided",None,No Special Feature,Smooth Asphalt,2 lanes,"34.7668469022, -77.3697021722"
3127,None - Rural Crash,Johnston,Coastal,"Farms, Woods, Pastures",Rural (<30% Developed),NA,Rural,40 - 45  MPH,"Double Yellow Line, No Passing Zone",Clear,No,52,50-59,No,NA,With Traffic,A: Disabling Injury,Travel Lane,White,Male,21,20-24,No,NA,46-50 mph,O: No Injury,White,Male,Passenger Car,No,29JUN2011,Wednesday,Motorist Overtaking Bicyclist,15,Non-Intersection,June,A: Disabling Injury,15:04:00,Motorist Overtaking - Misjudged Space,2011,Yes,No,Daylight,Curve - Level,State Secondary Route,Dry,"Two-Way, Not Divided",None,No Special Feature,Smooth Asphalt,2 lanes,"35.6900870692, -78.380702526"
3128,None - Rural Crash,Brunswick,Coastal,"Farms, Woods, Pastures",Rural (<30% Developed),NA,Rural,50 - 55  MPH,No Control Present,Clear,No,60,60-69,No,NA,With Traffic,K: Killed,Travel Lane,White,Male,51,50-59,No,NA,51-55 mph,O: No Injury,White,Male,"Single Unit Truck (2-Axle, 6-Tire)",No,20JUN2011,Monday,Bicyclist Left Turn / Merge,14,Non-Intersection,June,K: Killed,14:02:00,Bicyclist Left Turn - Same Direction,2011,Yes,No,Daylight,Straight - Level,US Route,Dry,"Two-Way, Divided, Unprotected Median",None,No Special Feature,Coarse Asphalt,4 lanes,"34.1310067379, -78.0991023635"