object_id,city,county,region,development,locality,on_road,rural_urban,speed_limit,traffic_control,weather,workzone,bike_age,bike_age_group,bike_alcohol,bike_alcohol_drugs,bike_direction,bike_injury,bike_position,bike_race,bike_sex,driver_age,driver_age_group,driver_alcohol,driver_alcohol_drugs,driver_est_speed,driver_injury,driver_race,driver_sex,driver_vehicle_type,crash_alcohol,crash_date,crash_day,crash_group,crash_hour,crash_location,crash_month,crash_severity,crash_time,crash_type,crash_year,ambulance_req,hit_run,light_condition,road_character,road_class,road_condition,road_configuration,road_defects,road_feature,road_surface,num_lanes,geo_point
3132,Boone,Watauga,Mountains,Commercial,Urban (>70% Developed),NA,Urban,30 - 35  MPH,"Double Yellow Line, No Passing Zone",Other,No,22,20-24,No,NA,With Traffic,B: Evident Injury,Travel Lane,White,Male,NA,NA,Missing,NA,NA,Unknown Injury,Unknown/Missing,NA,NA,No,05JUN2011,Sunday,Motorist Overtaking Bicyclist,21,Non-Intersection,June,B: Evident Injury,21:10:00,Motorist Overtaking - Misjudged Space,2011,No,Yes,Dawn,Curve - Grade,US Route,NA,"Two-Way, Not Divided",None,No Special Feature,Smooth Asphalt,2 lanes,"36.2220570594, -81.6956035526"
3144,None - Rural Crash,Scotland,Coastal,"Farms, Woods, Pastures",Rural (<30% Developed),NA,Rural,50 - 55  MPH,No Control Present,Clear,No,17,16-19,No,NA,With Traffic,C: Possible Injury,Travel Lane,Black,Male,70+,70+,No,NA,46-50 mph,O: No Injury,Black,Male,Passenger Car,No,02JUL2011,Saturday,Motorist Overtaking Bicyclist,1,Non-Intersection,July,C: Possible Injury,01:25:00,Motorist Overtaking - Bicyclist Swerved,2011,Yes,No,Dark - Roadway Not Lighted,Straight - Level,US Route,Dry,"Two-Way, Not Divided",None,No Special Feature,Smooth Asphalt,2 lanes,"34.716536819, -79.5138028177"
3151,Siler City,Chatham,Piedmont,Commercial,Urban (>70% Developed),NA,Urban,30 - 35  MPH,Stop Sign,Clear,No,38,30-39,No,NA,With Traffic,O: No Injury,Travel Lane,Hispanic,Male,65,60-69,No,NA,31-35 mph,O: No Injury,Black,Female,Passenger Car,No,15JUN2011,Wednesday,Bicyclist Failed to Yield - Sign-Controlled Intersection,20,Intersection,June,O: No Injury,20:10:00,Bicyclist Ride Out - Sign-Controlled Intersection,2011,No,No,Daylight,Straight - Level,Local Street,Dry,"Two-Way, Not Divided",None,Four-Way Intersection,Smooth Asphalt,5 lanes,"35.7262670384, -79.4640028554"
3160,Matthews,Mecklenburg,Piedmont,Residential,Urban (>70% Developed),NA,Urban,20 - 25  MPH,No Control Present,Clear,No,41,40-49,No,NA,With Traffic,B: Evident Injury,Travel Lane,White,Male,36,30-39,No,NA,21-25 mph,O: No Injury,White,Female,Passenger Car,No,21JUN2011,Tuesday,Motorist Left Turn / Merge,20,Non-Intersection,June,B: Evident Injury,20:06:00,Motorist Left Turn - Opposite Direction,2011,No,No,Daylight,Curve - Grade,Local Street,Dry,"Two-Way, Not Divided",None,No Special Feature,Smooth Asphalt,2 lanes,"35.1316268683, -80.6739031865"
3163,Southern Shores,Dare,Coastal,Residential,Urban (>70% Developed),NA,Rural,NA,Stop Sign,Clear,No,38,30-39,No,NA,With Traffic,B: Evident Injury,Multi-use Path,White,Female,43,40-49,No,NA,0-5 mph,O: No Injury,White,Female,Passenger Car,No,21JUN2011,Tuesday,Crossing Paths - Other Circumstances,13,Intersection-Related,June,B: Evident Injury,13:31:00,Sign-Controlled Intersection - Other / Unknown,2011,No,No,Daylight,Straight - Level,"Private Road, Driveway",Dry,"Two-Way, Not Divided",None,"Driveway, Public",Coarse Asphalt,2 lanes,"36.1443772568, -75.7397017415"
3164,None - Rural Crash,Cleveland,Mountains,"Farms, Woods, Pastures",Rural (<30% Developed),NA,Rural,50 - 55  MPH,Stop Sign,Clear,No,17,16-19,Yes,NA,With Traffic,C: Possible Injury,Travel Lane,Hispanic,Male,36,30-39,No,NA,51-55 mph,O: No Injury,White,Male,Passenger Car,Yes,11JUL2011,Monday,Bicyclist Failed to Yield - Sign-Controlled Intersection,21,Intersection,July,C: Possible Injury,21:14:00,Bicyclist Ride Through - Sign-Controlled Intersection,2011,Yes,No,Dark - Roadway Not Lighted,Straight - Level,NC Route,Dry,"Two-Way, Not Divided",None,T-Intersection,Coarse Asphalt,2 lanes,"35.4190568933, -81.6441034906"
3173,Wilmington,New Hanover,Coastal,Commercial,Urban (>70% Developed),NA,Urban,30 - 35  MPH,Stop Sign,Clear,No,21,20-24,No,NA,Facing Traffic,C: Possible Injury,Travel Lane,White,Male,20,20-24,No,NA,0-5 mph,O: No Injury,White,Male,Passenger Car,No,22MAY2011,Sunday,Motorist Failed to Yield - Sign-Controlled Intersection,17,Intersection,May,C: Possible Injury,17:32:00,Motorist Drive Out - Sign-Controlled Intersection,2011,Yes,No,Daylight,Straight - Grade,Local Street,Dry,"Two-Way, Not Divided",None,Related To Intersection,Coarse Asphalt,NA,"34.2187967666, -77.8137022813"
3179,None - Rural Crash,Wake,Piedmont,Residential,Mixed (30% To 70% Developed),NA,Rural,40 - 45  MPH,No Control Present,Clear,No,19,16-19,No,NA,With Traffic,O: No Injury,Travel Lane,Black,Male,39,30-39,No,NA,41-45 mph,O: No Injury,Black,Female,Passenger Car,No,10JUL2011,Sunday,Bicyclist Left Turn / Merge,17,Non-Intersection,July,O: No Injury,17:46:00,Bicyclist Left Turn - Same Direction,2011,Yes,No,Daylight,Straight - Level,State Secondary Route,Dry,"Two-Way, Not Divided",None,No Special Feature,Smooth Asphalt,3 lanes,"35.7476170746, -78.5915025929"
3182,Raleigh,Wake,Piedmont,Commercial,Mixed (30% To 70% Developed),NA,Urban,40 - 45  MPH,Stop And Go Signal,Clear,No,25,25-29,No,NA,With Traffic,C: Possible Injury,Travel Lane,Black,Male,28,25-29,No,NA,0-5 mph,O: No Injury,Black,Female,Sport Utility,No,15JUL2011,Friday,Bicyclist Failed to Yield - Signalized Intersection,0,Intersection,July,C: Possible Injury,00:37:00,Bicyclist Failed to Clear - Trapped,2011,Yes,No,Dark - Lighted Roadway,Straight - Level,Local Street,Dry,"Two-Way, Divided, Unprotected Median",None,Four-Way Intersection,Smooth Asphalt,9 or more lanes,"35.8395570922, -78.6422026128"
3184,Fayetteville,Cumberland,Coastal,Residential,Urban (>70% Developed),NA,Urban,20 - 25  MPH,No Control Present,Clear,No,15,11-15,No,NA,With Traffic,B: Evident Injury,Travel Lane,Black,Male,38,30-39,No,NA,21-25 mph,O: No Injury,Black,Female,Passenger Car,No,09APR2011,Saturday,Head-On,13,Non-Intersection,April,B: Evident Injury,13:27:00,Head-On - Bicyclist,2011,Yes,No,Daylight,Curve - Grade,Local Street,Dry,"Two-Way, Not Divided",None,No Special Feature,Coarse Asphalt,2 lanes,"35.0624469126, -79.0000026803"
3189,Roanoke Rapids,Halifax,Coastal,Residential,Urban (>70% Developed),NA,Urban,20 - 25  MPH,No Control Present,Clear,No,13,11-15,No,NA,Not Applicable,C: Possible Injury,Driveway / Alley,White,Male,41,40-49,No,NA,11-15 mph,Unknown Injury,White,Male,Sport Utility,No,27JUN2011,Monday,Loss of Control / Turning Error,20,Intersection-Related,June,C: Possible Injury,20:09:00,Bicyclist Lost Control - Mechanical Problems,2011,Yes,No,Daylight,Straight - Level,Local Street,Dry,"Two-Way, Not Divided",None,No Special Feature,Smooth Asphalt,2 lanes,"36.4702972616, -77.6467023433"
3192,Charlotte,Mecklenburg,Piedmont,Residential,Urban (>70% Developed),NA,Urban,30 - 35  MPH,No Control Present,Clear,No,60,60-69,No,NA,Facing Traffic,B: Evident Injury,Sidewalk / Crosswalk / Driveway Crossing,Black,Male,61,60-69,No,NA,6-10 mph,O: No Injury,Black,Male,Passenger Car,No,29JUN2011,Wednesday,Motorist Left Turn / Merge,19,Intersection,June,B: Evident Injury,19:21:00,Motorist Left Turn - Same Direction,2011,No,No,Daylight,Straight - Level,Local Street,Dry,"Two-Way, Divided, Unprotected Median",None,No Special Feature,Smooth Asphalt,2 lanes,"35.2002168748, -80.8892032539"
3198,Raleigh,Wake,Piedmont,Institutional,Urban (>70% Developed),NA,Urban,20 - 25  MPH,Stop And Go Signal,Clear,No,26,25-29,No,NA,With Traffic,B: Evident Injury,Travel Lane,Other,Male,20,20-24,No,NA,0-5 mph,O: No Injury,Other,Female,Passenger Car,No,01JUL2011,Friday,Bicyclist Overtaking Motorist,9,Intersection-Related,July,B: Evident Injury,09:35:00,Bicyclist Overtaking - Passing on Right,2011,Yes,No,Daylight,Straight - Level,Local Street,Dry,"Two-Way, Not Divided",None,No Special Feature,Coarse Asphalt,2 lanes,"35.7862470799, -78.6749026198"
3201,Jacksonville,Onslow,Coastal,Residential,Urban (>70% Developed),NA,Urban,5 - 15 MPH,No Control Present,Clear,No,3,0-5,No,NA,Not Applicable,B: Evident Injury,Non-Roadway,Other,Male,59,50-59,No,NA,6-10 mph,O: No Injury,Black,Female,Passenger Car,No,02JUL2011,Saturday,Non-Roadway,17,Non-Roadway,July,B: Evident Injury,17:34:00,Non-Roadway,2011,Yes,No,Daylight,Straight - Level,Public Vehicular Area,Dry,"Two-Way, Not Divided",None,"Driveway, Public",Coarse Asphalt,NA,"34.7887669058, -77.4269021909"
3210,None - Rural Crash,Onslow,Coastal,"Farms, Woods, Pastures",Rural (<30% Developed),NA,Rural,40 - 45  MPH,No Control Present,Clear,No,14,11-15,No,NA,With Traffic,A: Disabling Injury,Travel Lane,Black,Male,46,40-49,No,NA,41-45 mph,O: No Injury,White,Female,Passenger Car,No,24JUL2011,Sunday,Bicyclist Right Turn / Merge,20,Non-Intersection,July,A: Disabling Injury,20:50:00,Bicyclist Right Turn - Same Direction,2011,Yes,No,Dark - Roadway Not Lighted,Straight - Level,NC Route,Dry,"Two-Way, Not Divided",None,No Special Feature,Coarse Asphalt,3 lanes,"34.7442068935, -77.4895022079"
3214,None - Rural Crash,Brunswick,Coastal,"Farms, Woods, Pastures",Rural (<30% Developed),NA,Rural,40 - 45  MPH,"Double Yellow Line, No Passing Zone",Cloudy,No,67,60-69,No,NA,With Traffic,B: Evident Injury,Travel Lane,White,Male,27,25-29,No,NA,41-45 mph,O: No Injury,White,Male,Van,No,25JUL2011,Monday,Motorist Overtaking Bicyclist,9,Non-Intersection,July,B: Evident Injury,09:05:00,Motorist Overtaking - Misjudged Space,2011,Yes,No,Daylight,Straight - Level,NC Route,Dry,"Two-Way, Not Divided",None,No Special Feature,Smooth Asphalt,2 lanes,"33.9405866984, -78.024502332"
3219,Asheboro,Randolph,Piedmont,Residential,Urban (>70% Developed),NA,Urban,40 - 45  MPH,No Control Present,Clear,No,22,20-24,No,NA,With Traffic,A: Disabling Injury,Travel Lane,White,Male,NA,NA,Missing,NA,NA,Unknown Injury,Unknown/Missing,NA,NA,No,10JUL2011,Sunday,Motorist Overtaking Bicyclist,20,Non-Intersection,July,A: Disabling Injury,20:40:00,Motorist Overtaking - Other / Unknown,2011,Yes,Yes,Dusk,Straight - Grade,US Route,"Water (Standing, Moving)","Two-Way, Not Divided",None,No Special Feature,Smooth Asphalt,2 lanes,"35.7632970341, -79.8065029609"
3225,None - Rural Crash,Onslow,Coastal,Residential,Urban (>70% Developed),NA,Rural,50 - 55  MPH,No Control Present,Clear,No,57,50-59,No,NA,With Traffic,K: Killed,Travel Lane,White,Male,52,50-59,No,NA,51-55 mph,O: No Injury,White,Male,Motorcycle,No,27JUL2011,Wednesday,Motorist Overtaking Bicyclist,16,Non-Intersection,July,K: Killed,16:52:00,Motorist Overtaking - Bicyclist Swerved,2011,Yes,No,Daylight,Straight - Level,State Secondary Route,Dry,"Two-Way, Not Divided",None,No Special Feature,Smooth Asphalt,2 lanes,"34.7551468937, -77.5517022274"
3237,Charlotte,Mecklenburg,Piedmont,Residential,Urban (>70% Developed),NA,Urban,30 - 35  MPH,No Control Present,Cloudy,No,52,50-59,No,NA,With Traffic,C: Possible Injury,Travel Lane,Black,Male,22,20-24,Yes,NA,31-35 mph,O: No Injury,White,Male,Passenger Car,Yes,16JUL2011,Saturday,Motorist Overtaking Bicyclist,0,Intersection-Related,July,C: Possible Injury,00:48:00,Motorist Overtaking - Undetected Bicyclist,2011,Yes,No,Dark - Roadway Not Lighted,Curve - Grade,Local Street,Dry,"Two-Way, Not Divided",None,No Special Feature,Smooth Asphalt,2 lanes,"35.2151268808, -80.8155032329"
3238,Charlotte,Mecklenburg,Piedmont,Residential,Urban (>70% Developed),NA,Urban,5 - 15 MPH,No Control Present,Clear,No,10,6-10,No,NA,Not Applicable,B: Evident Injury,Non-Roadway,Black,Male,40,40-49,No,NA,6-10 mph,O: No Injury,Hispanic,Male,Pickup,No,16JUL2011,Saturday,Non-Roadway,20,Non-Roadway,July,B: Evident Injury,20:13:00,Non-Roadway,2011,Yes,No,Daylight,Straight - Level,Public Vehicular Area,Dry,"Two-Way, Not Divided",None,No Special Feature,Smooth Asphalt,NA,"35.2729968946, -80.7721032233"
3244,Fayetteville,Cumberland,Coastal,Residential,Urban (>70% Developed),NA,Urban,30 - 35  MPH,Stop Sign,Cloudy,No,40,40-49,No,NA,With Traffic,C: Possible Injury,Travel Lane,Black,Male,22,20-24,No,NA,6-10 mph,O: No Injury,Black,Male,Passenger Car,No,06JUL2011,Wednesday,Motorist Failed to Yield - Sign-Controlled Intersection,6,Intersection-Related,July,C: Possible Injury,06:40:00,Motorist Drive Out - Sign-Controlled Intersection,2011,No,No,Daylight,Straight - Level,Local Street,Dry,"Two-Way, Not Divided",None,No Special Feature,Coarse Asphalt,2 lanes,"35.020666905, -78.9401026609"
3246,Elizabeth City,Pasquotank,Coastal,Residential,Urban (>70% Developed),NA,Urban,40 - 45  MPH,Stop Sign,Clear,No,26,25-29,No,NA,With Traffic,B: Evident Injury,Travel Lane,White,Male,27,25-29,No,NA,21-25 mph,O: No Injury,White,Male,Passenger Car,No,18JUL2011,Monday,Motorist Failed to Yield - Sign-Controlled Intersection,15,Intersection,July,B: Evident Injury,15:57:00,Motorist Drive Out - Sign-Controlled Intersection,2011,Yes,Yes,Daylight,Straight - Level,Local Street,Dry,"Two-Way, Not Divided",None,No Special Feature,Smooth Asphalt,2 lanes,"36.267457268, -76.1991018884"
3248,Charlotte,Mecklenburg,Piedmont,Commercial,Urban (>70% Developed),NA,Urban,30 - 35  MPH,No Control Present,Clear,No,12,11-15,No,NA,With Traffic,B: Evident Injury,Travel Lane,Black,Male,70+,70+,No,NA,11-15 mph,O: No Injury,White,Male,Passenger Car,No,19JUL2011,Tuesday,Bicyclist Left Turn / Merge,13,Non-Intersection,July,B: Evident Injury,13:04:00,Bicyclist Left Turn - Opposite Direction,2011,Yes,No,Daylight,Curve - Bottom,Local Street,Dry,"Two-Way, Divided, Unprotected Median",None,No Special Feature,Smooth Asphalt,2 lanes,"35.2011368809, -80.731403207"
3249,Concord,Cabarrus,Piedmont,Residential,Urban (>70% Developed),NA,Urban,30 - 35  MPH,Stop Sign,Clear,No,61,60-69,No,NA,With Traffic,B: Evident Injury,Bike Lane / Paved Shoulder,White,Male,68,60-69,No,NA,0-5 mph,O: No Injury,White,Female,Passenger Car,No,21JUL2011,Thursday,Motorist Failed to Yield - Sign-Controlled Intersection,18,Intersection,July,B: Evident Injury,18:35:00,Motorist Drive Out - Sign-Controlled Intersection,2011,Yes,No,Daylight,Straight - Level,Local Street,Dry,"Two-Way, Not Divided",None,T-Intersection,Smooth Asphalt,2 lanes,"35.3962469287, -80.5678031694"
3250,Charlotte,Mecklenburg,Piedmont,Residential,Urban (>70% Developed),NA,Urban,20 - 25  MPH,No Control Present,Clear,No,22,20-24,No,NA,Facing Traffic,B: Evident Injury,Sidewalk / Crosswalk / Driveway Crossing,Black,Male,64,60-69,No,NA,0-5 mph,O: No Injury,Black,Male,Van,No,22JUL2011,Friday,Motorist Failed to Yield - Sign-Controlled Intersection,17,Intersection,July,B: Evident Injury,17:21:00,Motorist Drive Out - Sign-Controlled Intersection,2011,Yes,No,Daylight,Straight - Level,Local Street,Dry,"Two-Way, Not Divided",Obstruction In Roadway,T-Intersection,Smooth Asphalt,2 lanes,"35.2788368953, -80.7759032245"
3253,Wilmington,New Hanover,Coastal,Residential,Urban (>70% Developed),NA,Urban,40 - 45  MPH,No Control Present,Clear,No,NA,NA,Missing,NA,With Traffic,Unknown Injury,Travel Lane,Unknown/Missing,NA,38,30-39,No,NA,31-35 mph,O: No Injury,White,Female,Passenger Car,No,20JUL2011,Wednesday,Bicyclist Left Turn / Merge,12,Non-Intersection,July,O: No Injury,12:48:00,Bicyclist Left Turn - Same Direction,2011,Yes,No,Daylight,Straight - Level,Local Street,Dry,"Two-Way, Divided, Positive Median Barrier",None,No Special Feature,Smooth Asphalt,5 lanes,"34.1929967573, -77.9198023121"
3254,Tabor City,Columbus,Coastal,Commercial,Mixed (30% To 70% Developed),NA,Rural,50 - 55  MPH,No Control Present,Clear,No,42,40-49,Yes,NA,With Traffic,B: Evident Injury,Travel Lane,Hispanic,Male,44,40-49,No,NA,41-45 mph,O: No Injury,White,Male,Pickup,Yes,23JUL2011,Saturday,Motorist Overtaking Bicyclist,0,Non-Intersection,July,B: Evident Injury,00:24:00,Motorist Overtaking - Other / Unknown,2011,Yes,No,Dark - Roadway Not Lighted,Straight - Level,US Route,Dry,"Two-Way, Divided, Unprotected Median",None,No Special Feature,Coarse Asphalt,2 lanes,"34.1398167148, -78.8693025958"
3257,Winston-Salem,Forsyth,Piedmont,Commercial,Urban (>70% Developed),NA,Urban,NA,No Control Present,Clear,No,48,40-49,No,NA,Facing Traffic,C: Possible Injury,Sidewalk / Crosswalk / Driveway Crossing,Black,Male,22,20-24,No,NA,0-5 mph,O: No Injury,White,Female,Pickup,No,21JUL2011,Thursday,Motorist Failed to Yield - Midblock,12,Non-Intersection,July,C: Possible Injury,12:22:00,Motorist Drive Out - Commercial Driveway / Alley,2011,No,No,Daylight,Straight - Level,Local Street,Dry,"Two-Way, Not Divided",None,"Driveway, Public",Smooth Asphalt,NA,"36.0825270857, -80.2576031144"
3261,Raleigh,Wake,Piedmont,Residential,Urban (>70% Developed),NA,Urban,40 - 45  MPH,No Control Present,Clear,No,33,30-39,No,NA,With Traffic,B: Evident Injury,Travel Lane,White,Male,NA,NA,Missing,NA,41-45 mph,Unknown Injury,Unknown/Missing,NA,NA,No,01AUG2011,Monday,Parallel Paths - Other Circumstances,20,Non-Intersection,August,B: Evident Injury,20:50:00,Parallel Paths - Other / Unknown,2011,Yes,Yes,Daylight,Straight - Grade,Local Street,Dry,"Two-Way, Not Divided",None,No Special Feature,Smooth Asphalt,2 lanes,"35.8901571009, -78.6976026322"
3274,Charlotte,Mecklenburg,Piedmont,Commercial,Urban (>70% Developed),NA,Urban,40 - 45  MPH,No Control Present,Clear,No,20,20-24,Yes,NA,With Traffic,B: Evident Injury,Travel Lane,White,Male,NA,NA,Missing,NA,41-45 mph,Unknown Injury,Unknown/Missing,NA,NA,Yes,03AUG2011,Wednesday,Motorist Overtaking Bicyclist,2,Non-Intersection,August,B: Evident Injury,02:16:00,Motorist Overtaking - Other / Unknown,2011,Yes,Yes,Dark - Lighted Roadway,Straight - Level,Local Street,Dry,"Two-Way, Divided, Unprotected Median",None,No Special Feature,Smooth Asphalt,2 lanes,"35.2645768857, -80.9753032828"
3299,Charlotte,Mecklenburg,Piedmont,Commercial,Urban (>70% Developed),NA,Urban,30 - 35  MPH,No Control Present,Clear,No,34,30-39,No,NA,With Traffic,C: Possible Injury,Travel Lane,White,Male,53,50-59,No,NA,6-10 mph,O: No Injury,White,Male,"Light Truck (Mini-Van, Panel)",No,10AUG2011,Wednesday,Motorist Left Turn / Merge,18,Non-Intersection,August,C: Possible Injury,18:37:00,Motorist Left Turn - Opposite Direction,2011,Yes,No,Daylight,Straight - Level,Local Street,Dry,"Two-Way, Divided, Unprotected Median",None,No Special Feature,Smooth Asphalt,3 lanes,"35.2006868766, -80.8429032405"
3300,Charlotte,Mecklenburg,Piedmont,Commercial,Urban (>70% Developed),NA,Urban,40 - 45  MPH,No Control Present,Cloudy,No,41,40-49,No,NA,With Traffic,C: Possible Injury,Sidewalk / Crosswalk / Driveway Crossing,Black,Male,66,60-69,No,NA,26-30 mph,O: No Injury,White,Male,Passenger Car,No,11AUG2011,Thursday,Motorist Right Turn / Merge,8,Non-Intersection,August,C: Possible Injury,08:19:00,Motorist Right Turn - Same Direction,2011,No,No,Daylight,Straight - Grade,Local Street,Dry,"Two-Way, Divided, Positive Median Barrier",None,"Driveway, Public",Coarse Asphalt,4 lanes,"35.1477768627, -80.925603262"
3304,Mount Airy,Surry,Mountains,Commercial,Urban (>70% Developed),NA,Urban,NA,No Control Present,Clear,No,3,0-5,No,NA,Not Applicable,O: No Injury,Non-Roadway,Unknown/Missing,NA,66,60-69,No,NA,6-10 mph,O: No Injury,Black,Female,Passenger Car,No,13AUG2011,Saturday,Non-Roadway,14,Non-Roadway,August,O: No Injury,14:59:00,Non-Roadway,2011,No,No,Daylight,Straight - Level,Public Vehicular Area,Dry,"Two-Way, Not Divided",None,"Driveway, Public",Smooth Asphalt,NA,"36.5056671611, -80.6021032422"
3306,Winston-Salem,Forsyth,Piedmont,Residential,Urban (>70% Developed),NA,Urban,30 - 35  MPH,Stop Sign,Clear,No,7,6-10,No,NA,With Traffic,B: Evident Injury,Travel Lane,White,Female,47,40-49,No,NA,6-10 mph,O: No Injury,White,Male,Passenger Car,No,11AUG2011,Thursday,Bicyclist Failed to Yield - Sign-Controlled Intersection,20,Intersection,August,B: Evident Injury,20:08:00,Bicyclist Ride Out - Sign-Controlled Intersection,2011,Yes,No,Dusk,Straight - Level,Local Street,Dry,"Two-Way, Not Divided",None,T-Intersection,Smooth Asphalt,4 lanes,"36.0548370807, -80.2209031013"
3316,Durham,Durham,Piedmont,Residential,Urban (>70% Developed),NA,Urban,5 - 15 MPH,Stop Sign,Clear,No,14,11-15,No,NA,Facing Traffic,B: Evident Injury,Travel Lane,Hispanic,Male,18,0-19,No,NA,11-15 mph,O: No Injury,Black,Female,Passenger Car,No,22AUG2011,Monday,Motorist Failed to Yield - Sign-Controlled Intersection,14,Intersection,August,B: Evident Injury,14:31:00,Motorist Drive Out - Sign-Controlled Intersection,2011,Yes,No,Daylight,Straight - Hillcrest,Public Vehicular Area,Dry,"Two-Way, Not Divided",None,No Special Feature,Smooth Asphalt,2 lanes,"35.9184870991, -78.9253027031"
3323,None - Rural Crash,Robeson,Coastal,"Farms, Woods, Pastures",Rural (<30% Developed),NA,Rural,50 - 55  MPH,No Control Present,Cloudy,No,53,50-59,No,NA,With Traffic,K: Killed,Travel Lane,Native American,Male,NA,NA,No,NA,51-55 mph,Unknown Injury,Unknown/Missing,NA,NA,No,26AUG2011,Friday,Motorist Overtaking Bicyclist,21,Non-Intersection,August,K: Killed,21:05:00,Motorist Overtaking - Other / Unknown,2011,Yes,Yes,Dark - Roadway Not Lighted,Straight - Level,State Secondary Route,Dry,"Two-Way, Not Divided",None,No Special Feature,Coarse Asphalt,2 lanes,"34.7826268409, -79.3189027623"
3344,Boone,Watauga,Mountains,Commercial,Urban (>70% Developed),NA,Urban,30 - 35  MPH,Stop Sign,Rain,No,19,16-19,No,NA,With Traffic,B: Evident Injury,Travel Lane,White,Female,NA,NA,Missing,NA,0-5 mph,Unknown Injury,Unknown/Missing,NA,NA,No,20AUG2011,Saturday,Motorist Failed to Yield - Sign-Controlled Intersection,13,Intersection,August,B: Evident Injury,13:11:00,Motorist Drive Out - Sign-Controlled Intersection,2011,Yes,Yes,Daylight,Straight - Level,US Route,Wet,"Two-Way, Not Divided",None,T-Intersection,Coarse Asphalt,4 lanes,"36.1998270567, -81.6598035407"
3345,Chapel Hill,Orange,Piedmont,Residential,Urban (>70% Developed),NA,Urban,20 - 25  MPH,No Control Present,Clear,No,21,20-24,No,NA,With Traffic,B: Evident Injury,Travel Lane,White,Female,52,50-59,No,NA,16-20 mph,O: No Injury,White,Female,Pickup,No,26AUG2011,Friday,Motorist Right Turn / Merge,12,Intersection,August,B: Evident Injury,12:23:00,Motorist Right Turn - Same Direction,2011,No,No,Daylight,Straight - Level,Local Street,Dry,"Two-Way, Not Divided",None,T-Intersection,Smooth Asphalt,3 lanes,"35.908867092, -79.0593027431"
3351,Charlotte,Mecklenburg,Piedmont,Commercial,Mixed (30% To 70% Developed),NA,Urban,40 - 45  MPH,Stop And Go Signal,Clear,No,43,40-49,No,NA,Facing Traffic,C: Possible Injury,Sidewalk / Crosswalk / Driveway Crossing,Black,Male,54,50-59,No,NA,0-5 mph,O: No Injury,White,Male,Van,No,27AUG2011,Saturday,Loss of Control / Turning Error,17,Intersection,August,C: Possible Injury,17:43:00,Motorist Turning Error - Right Turn,2011,No,No,Daylight,Straight - Level,Local Street,Dry,"Two-Way, Not Divided",None,No Special Feature,Smooth Asphalt,4 lanes,"35.1696268674, -80.9047032568"
3352,Burlington,Alamance,Piedmont,Commercial,Urban (>70% Developed),NA,Urban,30 - 35  MPH,No Control Present,Cloudy,No,45,40-49,No,NA,With Traffic,C: Possible Injury,Travel Lane,White,Male,70+,70+,No,NA,0-5 mph,O: No Injury,Black,Male,Passenger Car,No,29AUG2011,Monday,Motorist Left Turn / Merge,19,Non-Intersection,August,C: Possible Injury,19:58:00,Motorist Left Turn - Opposite Direction,2011,No,No,Dark - Lighted Roadway,Straight - Level,Local Street,Dry,"Two-Way, Not Divided",None,No Special Feature,Smooth Asphalt,3 lanes,"36.0974971191, -79.4141028604"
3353,None - Rural Crash,Brunswick,Coastal,Residential,Mixed (30% To 70% Developed),NA,Rural,NA,No Control Present,Clear,No,40,40-49,No,NA,Not Applicable,C: Possible Injury,Non-Roadway,White,Male,61,60-69,No,NA,0-5 mph,O: No Injury,White,Male,Pickup,No,29AUG2011,Monday,Non-Roadway,2,Non-Roadway,August,C: Possible Injury,02:02:00,Non-Roadway,2011,Yes,No,Dark - Roadway Not Lighted,Straight - Level,Public Vehicular Area,Dry,"Two-Way, Divided, Unprotected Median",None,"Driveway, Private",Coarse Asphalt,2 lanes,"33.9472166812, -78.5758024981"
3356,None - Rural Crash,Halifax,Coastal,"Farms, Woods, Pastures",Rural (<30% Developed),NA,Rural,30 - 35  MPH,Stop Sign,Cloudy,No,70+,70+,No,NA,With Traffic,C: Possible Injury,Travel Lane,Black,Male,54,50-59,No,NA,21-25 mph,O: No Injury,Black,Female,Passenger Car,No,06SEP2011,Tuesday,Bicyclist Left Turn / Merge,10,Intersection,September,C: Possible Injury,10:02:00,Bicyclist Left Turn - Same Direction,2011,Yes,No,Daylight,Straight - Level,NC Route,Dry,"Two-Way, Not Divided",None,No Special Feature,Smooth Asphalt,2 lanes,"36.1328471974, -77.4292022598"
3363,Raleigh,Wake,Piedmont,Commercial,Urban (>70% Developed),NA,Urban,30 - 35  MPH,No Control Present,Clear,No,27,25-29,No,NA,With Traffic,B: Evident Injury,Travel Lane,White,Male,21,20-24,No,NA,0-5 mph,O: No Injury,White,Male,Passenger Car,No,02SEP2011,Friday,Bicyclist Overtaking Motorist,13,Non-Intersection,September,B: Evident Injury,13:23:00,Bicyclist Overtaking - Passing on Right,2011,Yes,No,Daylight,Straight - Level,Local Street,Dry,"Two-Way, Not Divided",None,No Special Feature,Smooth Asphalt,2 lanes,"35.7888870802, -78.6732026193"
3365,None - Rural Crash,Orange,Piedmont,"Farms, Woods, Pastures",Rural (<30% Developed),NA,Rural,30 - 35  MPH,"Double Yellow Line, No Passing Zone",Clear,No,57,50-59,No,NA,With Traffic,B: Evident Injury,Travel Lane,White,Male,59,50-59,No,NA,31-35 mph,O: No Injury,Black,Male,Passenger Car,No,07SEP2011,Wednesday,Bicyclist Left Turn / Merge,19,Non-Intersection,September,B: Evident Injury,19:05:00,Bicyclist Left Turn - Same Direction,2011,No,No,Daylight,Straight - Hillcrest,State Secondary Route,Dry,"Two-Way, Not Divided",None,"Driveway, Private",Smooth Asphalt,2 lanes,"36.0523071199, -79.1323027731"