object_id,city,county,region,development,locality,on_road,rural_urban,speed_limit,traffic_control,weather,workzone,bike_age,bike_age_group,bike_alcohol,bike_alcohol_drugs,bike_direction,bike_injury,bike_position,bike_race,bike_sex,driver_age,driver_age_group,driver_alcohol,driver_alcohol_drugs,driver_est_speed,driver_injury,driver_race,driver_sex,driver_vehicle_type,crash_alcohol,crash_date,crash_day,crash_group,crash_hour,crash_location,crash_month,crash_severity,crash_time,crash_type,crash_year,ambulance_req,hit_run,light_condition,road_character,road_class,road_condition,road_configuration,road_defects,road_feature,road_surface,num_lanes,geo_point
3366,Fayetteville,Cumberland,Coastal,Commercial,Urban (>70% Developed),NA,Urban,30 - 35  MPH,Stop And Go Signal,Cloudy,No,26,25-29,No,NA,With Traffic,O: No Injury,Travel Lane,White,Male,56,50-59,No,NA,0-5 mph,O: No Injury,Black,Male,Passenger Car,No,08SEP2011,Thursday,Motorist Left Turn / Merge,7,Intersection,September,O: No Injury,07:00:00,Motorist Left Turn - Opposite Direction,2011,No,No,Daylight,Straight - Level,Local Street,Dry,"Two-Way, Not Divided",None,T-Intersection,Coarse Asphalt,5 lanes,"35.0486969132, -78.890102647"
3367,Winston-Salem,Forsyth,Piedmont,Commercial,Urban (>70% Developed),NA,Urban,30 - 35  MPH,No Control Present,Clear,No,29,25-29,No,NA,With Traffic,B: Evident Injury,Travel Lane,White,Male,46,40-49,No,NA,6-10 mph,O: No Injury,Black,Male,Sport Utility,No,29AUG2011,Monday,Motorist Left Turn / Merge,22,Intersection-Related,August,B: Evident Injury,22:39:00,Motorist Left Turn - Opposite Direction,2011,Yes,No,Dark - Lighted Roadway,Straight - Level,Local Street,Dry,"Two-Way, Not Divided",None,No Special Feature,Coarse Asphalt,4 lanes,"36.0926170868, -80.2651031163"
3379,None - Rural Crash,Pitt,Coastal,Residential,Rural (<30% Developed),NA,Rural,50 - 55  MPH,"Double Yellow Line, No Passing Zone",Clear,No,16,16-19,No,NA,With Traffic,B: Evident Injury,Travel Lane,Black,Male,19,0-19,No,NA,46-50 mph,O: No Injury,Black,Female,Passenger Car,No,11SEP2011,Sunday,Motorist Overtaking Bicyclist,16,Non-Intersection,September,B: Evident Injury,16:39:00,Motorist Overtaking - Misjudged Space,2011,Yes,No,Daylight,Straight - Level,State Secondary Route,Dry,"Two-Way, Not Divided",None,No Special Feature,Coarse Asphalt,2 lanes,"35.6601570955, -77.4315022353"
3386,Carolina Beach,New Hanover,Coastal,Commercial,Urban (>70% Developed),NA,Urban,20 - 25  MPH,Stop Sign,Rain,No,45,40-49,Yes,NA,With Traffic,B: Evident Injury,Travel Lane,White,Male,44,40-49,No,NA,16-20 mph,O: No Injury,White,Male,Passenger Car,Yes,22AUG2011,Monday,Bicyclist Left Turn / Merge,17,Intersection-Related,August,B: Evident Injury,17:34:00,Bicyclist Left Turn - Same Direction,2011,Yes,No,Daylight,Straight - Level,Local Street,Wet,"Two-Way, Not Divided",None,Four-Way Intersection,Smooth Asphalt,2 lanes,"34.0272467219, -77.8954022972"
3388,None - Rural Crash,Forsyth,Piedmont,Residential,Mixed (30% To 70% Developed),NA,Rural,40 - 45  MPH,"Double Yellow Line, No Passing Zone",Clear,No,70+,70+,No,NA,With Traffic,A: Disabling Injury,Travel Lane,White,Male,70+,70+,No,NA,31-35 mph,O: No Injury,White,Male,Passenger Car,No,15SEP2011,Thursday,Motorist Overtaking Bicyclist,9,Non-Intersection,September,A: Disabling Injury,09:00:00,Motorist Overtaking - Other / Unknown,2011,Yes,No,Daylight,Straight - Level,State Secondary Route,Dry,"Two-Way, Not Divided",None,No Special Feature,Smooth Asphalt,2 lanes,"35.9954970626, -80.3667031421"
3391,None - Rural Crash,New Hanover,Coastal,Commercial,Urban (>70% Developed),NA,Rural,50 - 55  MPH,No Control Present,Clear,No,48,40-49,No,NA,With Traffic,O: No Injury,Travel Lane,Hispanic,Male,55,50-59,No,NA,41-45 mph,O: No Injury,White,Female,Passenger Car,No,16SEP2011,Friday,Motorist Overtaking Bicyclist,17,Non-Intersection,September,O: No Injury,17:49:00,Motorist Overtaking - Misjudged Space,2011,No,No,Daylight,Straight - Level,US Route,Dry,"Two-Way, Divided, Unprotected Median",None,No Special Feature,Smooth Asphalt,4 lanes,"34.1053967384, -77.8998023021"
3402,Asheville,Buncombe,Mountains,Commercial,Urban (>70% Developed),NA,Urban,20 - 25  MPH,Stop And Go Signal,Rain,No,45,40-49,No,NA,With Traffic,C: Possible Injury,Travel Lane,White,Male,57,50-59,No,NA,0-5 mph,O: No Injury,Black,Female,Sport Utility,No,07SEP2011,Wednesday,Motorist Left Turn / Merge,19,Intersection,September,C: Possible Injury,19:14:00,Motorist Left Turn - Opposite Direction,2011,No,No,Daylight,Straight - Level,Local Street,Wet,"One-Way, Not Divided",None,No Special Feature,Smooth Asphalt,2 lanes,"35.5946468954, -82.55400377"
3418,Elizabeth City,Pasquotank,Coastal,Residential,Urban (>70% Developed),NA,Urban,20 - 25  MPH,Stop Sign,Clear,No,31,30-39,No,NA,Facing Traffic,O: No Injury,Travel Lane,Black,Male,50,50-59,No,NA,0-5 mph,O: No Injury,Black,Female,Passenger Car,No,19SEP2011,Monday,Bicyclist Failed to Yield - Sign-Controlled Intersection,15,Intersection,September,O: No Injury,15:36:00,Bicyclist Ride Out - Sign-Controlled Intersection,2011,No,No,Daylight,Straight - Level,Local Street,Dry,"Two-Way, Not Divided",None,No Special Feature,Coarse Asphalt,2 lanes,"36.3064672754, -76.2189018971"
3422,Charlotte,Mecklenburg,Piedmont,Commercial,Urban (>70% Developed),NA,Urban,40 - 45  MPH,Stop And Go Signal,Clear,No,39,30-39,No,NA,With Traffic,C: Possible Injury,Sidewalk / Crosswalk / Driveway Crossing,Black,Male,33,30-39,No,NA,0-5 mph,O: No Injury,Black,Female,Pickup,No,20SEP2011,Tuesday,Motorist Failed to Yield - Signalized Intersection,16,Intersection,September,C: Possible Injury,16:08:00,Motorist Drive Out - Right Turn on Red,2011,Yes,No,Daylight,Straight - Level,NC Route,Dry,"Two-Way, Divided, Positive Median Barrier",None,Four-Way Intersection,Concrete,5 lanes,"35.2954568996, -80.7552032192"
3423,Raleigh,Wake,Piedmont,Residential,Urban (>70% Developed),NA,Urban,40 - 45  MPH,Stop And Go Signal,Clear,No,23,20-24,No,NA,Facing Traffic,C: Possible Injury,Sidewalk / Crosswalk / Driveway Crossing,Other,Male,NA,NA,Missing,NA,41-45 mph,Unknown Injury,Unknown/Missing,NA,NA,No,26SEP2011,Monday,Motorist Failed to Yield - Signalized Intersection,9,Intersection,September,C: Possible Injury,09:46:00,Motorist Drive Out - Signalized Intersection,2011,Yes,Yes,Daylight,Straight - Level,Local Street,Dry,"Two-Way, Not Divided",None,No Special Feature,Concrete,5 lanes,"35.7691170758, -78.6913026237"
3427,Dunn,Harnett,Coastal,Residential,Urban (>70% Developed),NA,Urban,30 - 35  MPH,Stop Sign,Clear,No,45,40-49,No,NA,Facing Traffic,B: Evident Injury,Travel Lane,Black,Male,46,40-49,No,NA,6-10 mph,O: No Injury,Black,Female,Passenger Car,No,03SEP2011,Saturday,Motorist Failed to Yield - Sign-Controlled Intersection,11,Intersection,September,B: Evident Injury,11:57:00,Motorist Drive Out - Sign-Controlled Intersection,2011,Yes,No,Daylight,Straight - Level,Local Street,Dry,"Two-Way, Not Divided",None,No Special Feature,Coarse Asphalt,2 lanes,"35.3037869786, -78.6068025745"
3429,Charlotte,Mecklenburg,Piedmont,Commercial,Urban (>70% Developed),NA,Urban,40 - 45  MPH,No Control Present,Cloudy,No,51,50-59,No,NA,Facing Traffic,C: Possible Injury,Travel Lane,Black,Male,42,40-49,No,NA,6-10 mph,O: No Injury,Black,Female,Passenger Car,No,17SEP2011,Saturday,Motorist Failed to Yield - Midblock,19,Non-Intersection,September,C: Possible Injury,19:08:00,Motorist Drive Out - Commercial Driveway / Alley,2011,No,No,Dawn,Straight - Grade,Local Street,Dry,"Two-Way, Divided, Positive Median Barrier",None,No Special Feature,Smooth Asphalt,4 lanes,"35.3423969093, -80.7658032255"
3444,Rocky Mount,Nash,Coastal,Commercial,Urban (>70% Developed),NA,Urban,30 - 35  MPH,No Control Present,Clear,No,18,16-19,No,NA,With Traffic,C: Possible Injury,Sidewalk / Crosswalk / Driveway Crossing,Black,Male,30,30-39,No,NA,0-5 mph,O: No Injury,White,Female,Passenger Car,No,10AUG2011,Wednesday,Motorist Failed to Yield - Midblock,14,Non-Intersection,August,C: Possible Injury,14:22:00,Motorist Drive Out - Commercial Driveway / Alley,2011,No,No,Daylight,Straight - Level,Public Vehicular Area,Dry,"Two-Way, Not Divided",None,"Driveway, Private",Smooth Asphalt,2 lanes,"35.9442371447, -77.796502362"
3451,Wilmington,New Hanover,Coastal,Residential,Urban (>70% Developed),NA,Urban,30 - 35  MPH,No Control Present,Clear,No,15,11-15,No,NA,With Traffic,C: Possible Injury,Sidewalk / Crosswalk / Driveway Crossing,Black,Male,47,40-49,No,NA,16-20 mph,O: No Injury,White,Female,Sport Utility,No,22SEP2011,Thursday,Loss of Control / Turning Error,8,Intersection,September,C: Possible Injury,08:02:00,Bicyclist Lost Control - Other / Unknown,2011,Yes,No,Daylight,Straight - Level,Local Street,Dry,"One-Way, Not Divided",Debris,No Special Feature,Smooth Asphalt,2 lanes,"34.2331867665, -77.928402316"
3461,Charlotte,Mecklenburg,Piedmont,Residential,Urban (>70% Developed),NA,Urban,30 - 35  MPH,No Control Present,Clear,No,42,40-49,No,NA,With Traffic,O: No Injury,Travel Lane,Black,Male,29,25-29,No,NA,26-30 mph,O: No Injury,White,Male,Passenger Car,No,28SEP2011,Wednesday,Bicyclist Left Turn / Merge,8,Intersection,September,O: No Injury,08:03:00,Bicyclist Left Turn - Same Direction,2011,No,No,Daylight,Straight - Level,Local Street,Dry,"Two-Way, Not Divided",None,No Special Feature,Smooth Asphalt,2 lanes,"35.2002168748, -80.8892032539"
3462,Raleigh,Wake,Piedmont,Residential,Urban (>70% Developed),NA,Urban,40 - 45  MPH,No Control Present,Clear,No,36,30-39,Yes,NA,Not Applicable,A: Disabling Injury,Travel Lane,Hispanic,Male,38,30-39,Yes,NA,36-40 mph,O: No Injury,Black,Male,Passenger Car,Yes,09OCT2011,Sunday,Bicyclist Failed to Yield - Midblock,19,Non-Intersection,October,A: Disabling Injury,19:10:00,Bicyclist Ride Out - Midblock - Unknown,2011,Yes,No,Dusk,Curve - Level,Local Street,Dry,"Two-Way, Not Divided",None,No Special Feature,Smooth Asphalt,5 lanes,"35.8497270969, -78.5767025938"
3477,Charlotte,Mecklenburg,Piedmont,Residential,Urban (>70% Developed),NA,Urban,5 - 15 MPH,No Control Present,Clear,No,16,16-19,No,NA,Facing Traffic,C: Possible Injury,Sidewalk / Crosswalk / Driveway Crossing,Black,Male,NA,NA,Missing,NA,6-10 mph,Unknown Injury,Unknown/Missing,NA,NA,No,07OCT2011,Friday,Motorist Failed to Yield - Midblock,21,Non-Intersection,October,C: Possible Injury,21:00:00,Motorist Drive Out - Commercial Driveway / Alley,2011,No,Yes,Dark - Unknown Lighting,Straight - Grade,Local Street,Dry,"Two-Way, Not Divided",None,"Driveway, Public",Concrete,2 lanes,"35.2523868902, -80.7803032246"
3493,Raleigh,Wake,Piedmont,Residential,Urban (>70% Developed),NA,Urban,30 - 35  MPH,No Control Present,Clear,No,26,25-29,No,NA,With Traffic,C: Possible Injury,Travel Lane,White,Male,NA,NA,Missing,NA,0-5 mph,Unknown Injury,Unknown/Missing,NA,Commercial Bus,No,22OCT2011,Saturday,Motorist Left Turn / Merge,17,Non-Intersection,October,C: Possible Injury,17:23:00,Motorist Left Turn - Same Direction,2011,No,Yes,Daylight,Straight - Level,Local Street,Dry,"Two-Way, Not Divided",None,No Special Feature,Smooth Asphalt,5 lanes,"35.7857270802, -78.6613026155"
3505,Charlotte,Mecklenburg,Piedmont,Residential,Urban (>70% Developed),NA,Urban,40 - 45  MPH,No Control Present,Clear,No,22,20-24,No,NA,With Traffic,B: Evident Injury,Travel Lane,White,Female,NA,NA,Missing,NA,21-25 mph,Unknown Injury,Unknown/Missing,NA,NA,No,18OCT2011,Tuesday,Motorist Overtaking Bicyclist,4,Non-Intersection,October,B: Evident Injury,04:48:00,Motorist Overtaking - Other / Unknown,2011,No,Yes,Daylight,Straight - Level,Local Street,Dry,"Two-Way, Divided, Positive Median Barrier",None,No Special Feature,Smooth Asphalt,5 lanes,"35.1127768573, -80.85720324"
3518,Greensboro,Guilford,Piedmont,Commercial,Urban (>70% Developed),NA,Urban,40 - 45  MPH,Stop And Go Signal,Cloudy,No,57,50-59,No,NA,With Traffic,C: Possible Injury,Travel Lane,White,Male,52,50-59,No,NA,0-5 mph,O: No Injury,White,Male,Passenger Car,No,10OCT2011,Monday,Bicyclist Right Turn / Merge,12,Intersection,October,C: Possible Injury,12:17:00,Bicyclist Right Turn - Same Direction,2011,Yes,No,Daylight,Straight - Level,Local Street,Dry,"Two-Way, Divided, Unprotected Median",None,Four-Way Intersection,Smooth Asphalt,6 lanes,"36.0884471025, -79.8258029845"
3519,None - Rural Crash,Onslow,Coastal,"Farms, Woods, Pastures",Rural (<30% Developed),NA,Rural,40 - 45  MPH,"Double Yellow Line, No Passing Zone",Cloudy,No,24,20-24,No,NA,With Traffic,C: Possible Injury,Travel Lane,Black,Male,61,60-69,No,NA,26-30 mph,O: No Injury,Other,Male,Passenger Car,No,28OCT2011,Friday,Motorist Overtaking Bicyclist,8,Non-Intersection,October,C: Possible Injury,08:30:00,Motorist Overtaking - Other / Unknown,2011,Yes,Yes,Daylight,Curve - Level,State Secondary Route,Dry,"Two-Way, Not Divided",None,No Special Feature,Coarse Asphalt,2 lanes,"34.7239168896, -77.4835022049"
3525,Rocky Mount,Nash,Coastal,Residential,Urban (>70% Developed),NA,Urban,20 - 25  MPH,Stop Sign,Clear,No,57,50-59,No,NA,With Traffic,C: Possible Injury,Travel Lane,Black,Male,70+,70+,No,NA,6-10 mph,O: No Injury,Black,Female,Passenger Car,No,11SEP2011,Sunday,Motorist Failed to Yield - Sign-Controlled Intersection,15,Intersection,September,C: Possible Injury,15:37:00,Motorist Drive Through - Sign-Controlled Intersection,2011,No,No,Daylight,Straight - Level,Local Street,Dry,"Two-Way, Divided, Unprotected Median",None,No Special Feature,Coarse Asphalt,2 lanes,"35.9454371448, -77.7992023629"
4602,Raleigh,Wake,Piedmont,Residential,Urban (>70% Developed),NA,Urban,30 - 35  MPH,Stop Sign,Clear,No,18,16-19,No,NA,With Traffic,B: Evident Injury,Travel Lane,White,Male,70+,70+,No,NA,31-35 mph,O: No Injury,White,Male,Passenger Car,No,06DEC2010,Monday,Loss of Control / Turning Error,16,Intersection,December,B: Evident Injury,16:17:00,Bicyclist Lost Control - Mechanical Problems,2010,Yes,No,Daylight,Straight - Hillcrest,Local Street,Dry,"Two-Way, Divided, Unprotected Median",None,Four-Way Intersection,Coarse Asphalt,4 lanes,"35.962474122, -78.5527925923"
4603,Raleigh,Wake,Piedmont,Residential,Urban (>70% Developed),NA,Urban,20 - 25  MPH,No Control Present,Clear,No,19,16-19,No,NA,Not Applicable,C: Possible Injury,Driveway / Alley,Black,Male,63,60-69,No,NA,6-10 mph,O: No Injury,Black,Male,Sport Utility,No,03DEC2010,Friday,Crossing Paths - Other Circumstances,18,Intersection-Related,December,C: Possible Injury,18:43:00,Crossing Paths - Uncontrolled Intersection,2010,Yes,No,Dark - Lighted Roadway,Straight - Level,Local Street,Dry,"Two-Way, Divided, Unprotected Median",None,T-Intersection,Smooth Asphalt,2 lanes,"35.7645030763, -78.6323526063"
4613,Wilmington,New Hanover,Coastal,Commercial,Urban (>70% Developed),NA,Urban,NA,No Control Present,Clear,No,40,40-49,No,NA,Not Applicable,B: Evident Injury,Travel Lane,White,Male,49,40-49,No,NA,6-10 mph,O: No Injury,White,Female,Passenger Car,No,14DEC2010,Tuesday,Bicyclist Failed to Yield - Midblock,11,Non-Intersection,December,B: Evident Injury,11:35:00,Bicyclist Ride Out - Other Midblock,2010,Yes,No,Daylight,Straight - Level,Public Vehicular Area,Dry,"One-Way, Not Divided",None,No Special Feature,Smooth Asphalt,NA,"34.2617767762, -77.8281022872"
4616,Raleigh,Wake,Piedmont,Commercial,Urban (>70% Developed),NA,Urban,40 - 45  MPH,No Control Present,Cloudy,No,32,30-39,No,NA,With Traffic,O: No Injury,Travel Lane,Black,Male,35,30-39,No,NA,36-40 mph,O: No Injury,Black,Male,Passenger Car,No,18DEC2010,Saturday,Motorist Overtaking Bicyclist,8,Non-Intersection,December,O: No Injury,08:59:00,Motorist Overtaking - Bicyclist Swerved,2010,No,No,Daylight,Straight - Level,Local Street,Dry,"Two-Way, Divided, Positive Median Barrier",None,No Special Feature,Smooth Asphalt,9 or more lanes,"35.8359270939, -78.5820425946"
4619,High Point,Guilford,Piedmont,Commercial,Urban (>70% Developed),NA,Urban,NA,Stop Sign,Clear,No,43,40-49,No,NA,With Traffic,C: Possible Injury,Travel Lane,Black,Male,NA,NA,Missing,NA,NA,Unknown Injury,Unknown/Missing,NA,NA,No,24DEC2010,Friday,Motorist Overtaking Bicyclist,13,Intersection-Related,December,C: Possible Injury,13:44:00,Motorist Overtaking - Misjudged Space,2010,Yes,Yes,Daylight,Straight - Grade,Local Street,Dry,"Two-Way, Not Divided",None,No Special Feature,Grooved Concrete,2 lanes,"35.9628210696, -79.9928130274"
4621,Greensboro,Guilford,Piedmont,Commercial,Urban (>70% Developed),NA,Urban,30 - 35  MPH,No Control Present,Clear,No,23,20-24,No,NA,With Traffic,A: Disabling Injury,Travel Lane,White,Male,54,50-59,No,NA,36-40 mph,O: No Injury,White,Male,Van,No,28DEC2010,Tuesday,Motorist Overtaking Bicyclist,3,Non-Intersection,December,A: Disabling Injury,03:02:00,Motorist Overtaking - Undetected Bicyclist,2010,Yes,No,Dark - Roadway Not Lighted,Straight - Level,Local Street,Dry,"Two-Way, Not Divided",None,No Special Feature,Coarse Asphalt,2 lanes,"36.0932841049, -79.7885629732"
4637,None - Rural Crash,Alamance,Piedmont,Institutional,Urban (>70% Developed),NA,Rural,20 - 25  MPH,Stop And Go Signal,Clear,No,19,16-19,No,NA,Not Applicable,C: Possible Injury,Sidewalk / Crosswalk / Driveway Crossing,White,Male,39,30-39,No,NA,21-25 mph,O: No Injury,White,Female,Sport Utility,No,01APR2010,Thursday,Bicyclist Failed to Yield - Signalized Intersection,18,Intersection,April,C: Possible Injury,18:00:00,Bicyclist Ride Through - Signalized Intersection,2010,Yes,No,Daylight,Straight - Grade,Local Street,Dry,"Two-Way, Not Divided",None,T-Intersection,Smooth Asphalt,2 lanes,"36.1030611172, -79.5024978882"
4639,Cary,Wake,Piedmont,Commercial,Urban (>70% Developed),NA,Urban,40 - 45  MPH,Stop Sign,Clear,No,49,40-49,No,NA,With Traffic,C: Possible Injury,Travel Lane,White,Male,17,0-19,No,NA,11-15 mph,O: No Injury,White,Male,Passenger Car,No,10JAN2009,Saturday,Motorist Failed to Yield - Sign-Controlled Intersection,12,Intersection,January,C: Possible Injury,12:18:00,Motorist Drive Out - Sign-Controlled Intersection,2009,Yes,No,Daylight,Straight - Level,State Secondary Route,Dry,"Two-Way, Not Divided",None,Four-Way Intersection,Smooth Asphalt,3 lanes,"35.7874370732, -78.8722226798"
4648,None - Rural Crash,Chatham,Piedmont,Residential,Mixed (30% To 70% Developed),NA,Rural,50 - 55  MPH,"Double Yellow Line, No Passing Zone",Clear,No,21,20-24,No,NA,With Traffic,B: Evident Injury,Travel Lane,White,Male,39,30-39,No,NA,51-55 mph,O: No Injury,Black,Male,Pickup,No,29JAN2009,Thursday,Motorist Overtaking Bicyclist,16,Non-Intersection,January,B: Evident Injury,16:14:00,Motorist Overtaking - Other / Unknown,2009,Yes,No,Daylight,Straight - Grade,NC Route,Dry,"Two-Way, Not Divided",None,No Special Feature,Smooth Asphalt,2 lanes,"35.7887870703, -78.9637627078"
4652,Raleigh,Wake,Piedmont,Commercial,Urban (>70% Developed),NA,Urban,40 - 45  MPH,No Control Present,Clear,No,23,20-24,No,NA,With Traffic,B: Evident Injury,Travel Lane,White,Male,NA,NA,Missing,NA,41-45 mph,Unknown Injury,Unknown/Missing,NA,NA,No,09JAN2009,Friday,Motorist Overtaking Bicyclist,7,Non-Intersection,January,B: Evident Injury,07:11:00,Motorist Overtaking - Other / Unknown,2009,Yes,Yes,Daylight,Straight - Level,Local Street,Dry,"Two-Way, Divided, Positive Median Barrier",None,No Special Feature,Grooved Concrete,4 lanes,"35.7702630776, -78.6486126112"
4660,Durham,Durham,Piedmont,Residential,Urban (>70% Developed),NA,Urban,30 - 35  MPH,Stop Sign,Clear,No,51,50-59,No,NA,Facing Traffic,C: Possible Injury,Sidewalk / Crosswalk / Driveway Crossing,Black,Male,33,30-39,No,NA,0-5 mph,O: No Injury,Black,Male,Van,No,13FEB2009,Friday,Motorist Failed to Yield - Sign-Controlled Intersection,17,Intersection,February,C: Possible Injury,17:54:00,Motorist Drive Out - Sign-Controlled Intersection,2009,Yes,No,Daylight,Straight - Grade,Local Street,Dry,"Two-Way, Not Divided",None,Four-Way Intersection,Smooth Asphalt,8 lanes,"35.981189113, -78.8994026991"
4663,Carthage,Moore,Piedmont,Commercial,Urban (>70% Developed),NA,Rural,30 - 35  MPH,No Control Present,Clear,No,54,50-59,No,NA,Facing Traffic,B: Evident Injury,Travel Lane,Black,Male,37,30-39,No,NA,0-5 mph,O: No Injury,White,Female,Passenger Car,No,23JAN2009,Friday,Head-On,18,Non-Intersection,January,B: Evident Injury,18:24:00,Head-On - Bicyclist,2009,Yes,No,Dark - Lighted Roadway,Straight - Grade,Local Street,Dry,"Two-Way, Divided, Unprotected Median",None,No Special Feature,Coarse Asphalt,2 lanes,"35.3410969582, -79.4062328179"
933,Creedmoor,Granville,Piedmont,Commercial,Urban (>70% Developed),NC 50,Rural,20 - 25  MPH,"Double Yellow Line, No Passing Zone",Clear,No,12,11-15,No,NA,Not Applicable,C: Possible Injury,Non-Roadway,Black,Male,26,25-29,No,NA,16-20 mph,O: No Injury,White,Male,Passenger Car,No,31JAN2013,Thursday,Crossing Paths - Other Circumstances,16,Intersection-Related,January,C: Possible Injury,16:50:00,Crossing Paths - Intersection - Other / Unknown,2013,No,No,Daylight,Straight - Level,NC Route,Dry,"Two-Way, Not Divided",None,No Special Feature,Smooth Asphalt,2 lanes,"36.1179871497, -78.6868026411"
936,Cary,Wake,Piedmont,Institutional,Urban (>70% Developed),PVA 1510 N HARRISON AVE,Urban,NA,No Control Present,Clear,No,37,30-39,No,NA,Not Applicable,O: No Injury,Driveway / Alley,White,Male,41,40-49,No,NA,16-20 mph,O: No Injury,White,Male,Pickup,No,14FEB2013,Thursday,Non-Roadway,14,Non-Roadway,February,O: No Injury,14:15:00,Non-Roadway,2013,No,No,Daylight,Curve - Grade,Public Vehicular Area,Dry,"Two-Way, Divided, Positive Median Barrier",None,T-Intersection,Smooth Asphalt,4 lanes,"35.8207270841, -78.7712026507"
940,None - Rural Crash,New Hanover,Coastal,Residential,Urban (>70% Developed),SR 1828,Rural,30 - 35  MPH,No Control Present,Clear,No,35,30-39,No,NA,With Traffic,B: Evident Injury,Travel Lane,White,Female,61,60-69,No,NA,0-5 mph,O: No Injury,Black,Female,Van,No,08MAR2013,Friday,Motorist Failed to Yield - Midblock,15,Non-Intersection,March,B: Evident Injury,15:17:00,Motorist Drive Out - Residential Driveway,2013,No,No,Daylight,Curve - Level,State Secondary Route,Dry,"Two-Way, Not Divided",None,No Special Feature,Coarse Asphalt,2 lanes,"34.269346778, -77.819602285"
941,Kings Mountain,Cleveland,Mountains,Residential,Urban (>70% Developed),2ND STREET,Urban,30 - 35  MPH,Stop Sign,Clear,No,8,6-10,No,NA,With Traffic,O: No Injury,Travel Lane,White,Male,21,20-24,No,NA,31-35 mph,O: No Injury,Black,Female,Passenger Car,No,10MAR2013,Sunday,Bicyclist Failed to Yield - Sign-Controlled Intersection,18,Intersection,March,O: No Injury,18:02:00,Bicyclist Ride Through - Sign-Controlled Intersection,2013,Yes,No,Daylight,Straight - Level,Local Street,Dry,"Two-Way, Divided, Unprotected Median",None,No Special Feature,Coarse Asphalt,2 lanes,"35.2586768709, -81.3317033894"
947,None - Rural Crash,Henderson,Mountains,"Farms, Woods, Pastures",Rural (<30% Developed),SR 1325,Rural,30 - 35  MPH,Stop Sign,Clear,No,27,25-29,No,NA,With Traffic,B: Evident Injury,Travel Lane,White,Male,63,60-69,No,NA,31-35 mph,O: No Injury,White,Female,Sport Utility,No,14MAR2013,Thursday,Loss of Control / Turning Error,13,Intersection-Related,March,B: Evident Injury,13:35:00,Motorist Turning Error - Left Turn,2013,No,No,Daylight,Straight - Level,State Secondary Route,Dry,"Two-Way, Not Divided",None,Four-Way Intersection,Coarse Asphalt,2 lanes,"35.3214968362, -82.6173037734"
960,Indian Trail,Union,Piedmont,Residential,Urban (>70% Developed),SR 1367,Urban,40 - 45  MPH,"Double Yellow Line, No Passing Zone",Clear,No,31,30-39,No,NA,With Traffic,K: Killed,Travel Lane,White,Male,29,25-29,Yes,NA,46-50 mph,O: No Injury,White,Male,Pickup,Yes,16MAR2013,Saturday,Motorist Overtaking Bicyclist,22,Non-Intersection,March,K: Killed,22:16:00,Motorist Overtaking - Other / Unknown,2013,Yes,Yes,Dark - Roadway Not Lighted,Straight - Level,State Secondary Route,Dry,"Two-Way, Not Divided",None,No Special Feature,Smooth Asphalt,2 lanes,"35.0762068569, -80.6463031754"
966,Selma,Johnston,Coastal,Commercial,Urban (>70% Developed),US 301,Urban,30 - 35  MPH,No Control Present,Rain,No,48,40-49,No,NA,With Traffic,B: Evident Injury,Travel Lane,Black,Male,59,50-59,No,NA,0-5 mph,O: No Injury,White,Female,Sport Utility,No,18MAR2013,Monday,Motorist Left Turn / Merge,4,Intersection,March,B: Evident Injury,04:35:00,Motorist Left Turn - Opposite Direction,2013,Yes,No,Dark - Lighted Roadway,Straight - Level,US Route,Wet,"Two-Way, Not Divided",None,Four-Way Intersection,Smooth Asphalt,5 lanes,"35.5351970389, -78.2854024884"
971,None - Rural Crash,Harnett,Coastal,Residential,Rural (<30% Developed),SR 2045,Rural,50 - 55  MPH,"Double Yellow Line, No Passing Zone",Clear,No,36,30-39,No,NA,With Traffic,C: Possible Injury,Travel Lane,White,Male,69,60-69,No,NA,41-45 mph,O: No Injury,White,Male,Pickup,No,02APR2013,Tuesday,Motorist Overtaking Bicyclist,16,Non-Intersection,April,C: Possible Injury,16:52:00,Motorist Overtaking - Other / Unknown,2013,No,No,Daylight,Straight - Level,State Secondary Route,Dry,"Two-Way, Not Divided",None,No Special Feature,Coarse Asphalt,2 lanes,"35.2563969591, -78.872602652"
974,Fayetteville,Cumberland,Coastal,Commercial,Urban (>70% Developed),VILLAGE DR,Urban,30 - 35  MPH,Flashing Stop And Go Signal,Clear,No,57,50-59,No,NA,Facing Traffic,C: Possible Injury,Sidewalk / Crosswalk / Driveway Crossing,Black,Male,32,30-39,No,NA,0-5 mph,O: No Injury,Black,Female,Passenger Car,No,23MAR2013,Saturday,Bicyclist Failed to Yield - Signalized Intersection,18,Intersection,March,C: Possible Injury,18:46:00,Bicyclist Ride Through - Signalized Intersection,2013,Yes,No,Daylight,Straight - Level,Local Street,Dry,"Two-Way, Not Divided",None,T-Intersection,Smooth Asphalt,5 lanes,"35.0411169106, -78.9143026539"