object_id,city,county,region,development,locality,on_road,rural_urban,speed_limit,traffic_control,weather,workzone,bike_age,bike_age_group,bike_alcohol,bike_alcohol_drugs,bike_direction,bike_injury,bike_position,bike_race,bike_sex,driver_age,driver_age_group,driver_alcohol,driver_alcohol_drugs,driver_est_speed,driver_injury,driver_race,driver_sex,driver_vehicle_type,crash_alcohol,crash_date,crash_day,crash_group,crash_hour,crash_location,crash_month,crash_severity,crash_time,crash_type,crash_year,ambulance_req,hit_run,light_condition,road_character,road_class,road_condition,road_configuration,road_defects,road_feature,road_surface,num_lanes,geo_point
988,Jacksonville,Onslow,Coastal,Commercial,Urban (>70% Developed),US 17,Urban,40 - 45  MPH,No Control Present,Clear,No,60,60-69,No,NA,NA,C: Possible Injury,NA,Other,Male,66,60-69,No,NA,21-25 mph,O: No Injury,White,Male,Sport Utility,No,25MAR2013,Monday,Bicyclist Failed to Yield - Midblock,16,Non-Intersection,March,C: Possible Injury,16:58:00,Bicyclist Ride Out - Midblock - Unknown,2013,Yes,No,Daylight,Straight - Level,US Route,Dry,"Two-Way, Not Divided",None,No Special Feature,Smooth Asphalt,4 lanes,"34.7785369048, -77.3912021795"
993,Durham,Durham,Piedmont,Commercial,Urban (>70% Developed),I85 N ACCESS RD,Urban,30 - 35  MPH,Stop And Go Signal,Clear,No,18,16-19,No,NA,With Traffic,C: Possible Injury,Sidewalk / Crosswalk / Driveway Crossing,Black,Male,65,60-69,No,NA,11-15 mph,O: No Injury,White,Female,Passenger Car,No,10APR2013,Wednesday,Motorist Left Turn / Merge,14,Intersection,April,C: Possible Injury,14:22:00,Motorist Left Turn - Opposite Direction,2013,Yes,No,Daylight,Straight - Bottom,Local Street,Dry,"One-Way, Not Divided",None,On or Off Ramp,Smooth Asphalt,2 lanes,"36.0141671207, -78.8904026975"
995,None - Rural Crash,Iredell,Piedmont,"Farms, Woods, Pastures",Rural (<30% Developed),SR 1328,Rural,40 - 45  MPH,"Double Yellow Line, No Passing Zone",Clear,No,54,50-59,No,NA,With Traffic,B: Evident Injury,Travel Lane,White,Male,NA,NA,Missing,NA,56-60 mph,Unknown Injury,Unknown/Missing,NA,Motorcycle,No,13APR2013,Saturday,Motorist Overtaking Bicyclist,13,Intersection,April,B: Evident Injury,13:29:00,Motorist Overtaking - Misjudged Space,2013,No,Yes,Daylight,Straight - Level,State Secondary Route,Dry,"Two-Way, Not Divided",None,T-Intersection,Smooth Asphalt,2 lanes,"35.6948169787, -80.9236032913"
997,Durham,Durham,Piedmont,Residential,Urban (>70% Developed),LIBERTY ST,Urban,30 - 35  MPH,Stop Sign,Clear,No,48,40-49,No,NA,With Traffic,C: Possible Injury,Travel Lane,Black,Male,68,60-69,No,NA,6-10 mph,O: No Injury,Black,Male,Pickup,No,13APR2013,Saturday,Bicyclist Failed to Yield - Sign-Controlled Intersection,20,Intersection,April,C: Possible Injury,20:36:00,Bicyclist Ride Through - Sign-Controlled Intersection,2013,Yes,No,Dusk,Straight - Level,Local Street,Dry,"Two-Way, Not Divided",None,Four-Way Intersection,Smooth Asphalt,2 lanes,"35.9925271163, -78.8800026938"
998,None - Rural Crash,Halifax,Coastal,"Farms, Woods, Pastures",Rural (<30% Developed),NC 561,Rural,50 - 55  MPH,No Control Present,Clear,No,7,6-10,No,NA,NA,K: Killed,NA,White,Male,61,60-69,No,NA,51-55 mph,O: No Injury,White,Female,Pickup,No,11APR2013,Thursday,Crossing Paths - Other Circumstances,19,Non-Intersection,April,K: Killed,19:05:00,Crossing Paths - Midblock - Other / Unknown,2013,Yes,No,Daylight,Straight - Level,NC Route,Dry,"Two-Way, Not Divided",None,No Special Feature,Smooth Asphalt,2 lanes,"36.3021572252, -77.6600023384"
1000,Greenville,Pitt,Coastal,Residential,Urban (>70% Developed),MUMFORD RD,Urban,30 - 35  MPH,Stop Sign,Cloudy,No,28,25-29,No,NA,With Traffic,B: Evident Injury,Travel Lane,Black,Male,29,25-29,No,NA,26-30 mph,O: No Injury,White,Male,Passenger Car,No,15APR2013,Monday,Crossing Paths - Other Circumstances,6,Intersection,April,B: Evident Injury,06:25:00,Crossing Paths - Intersection - Other / Unknown,2013,Yes,No,Dark - Lighted Roadway,Straight - Level,Local Street,Wet,"Two-Way, Not Divided",None,Four-Way Intersection,Coarse Asphalt,3 lanes,"35.631067091, -77.3713022156"
2511,None - Rural Crash,Moore,Piedmont,Commercial,Rural (<30% Developed),NA,Rural,NA,"Double Yellow Line, No Passing Zone",Clear,No,51,50-59,No,NA,With Traffic,B: Evident Injury,Travel Lane,White,Male,NA,NA,Missing,NA,NA,Unknown Injury,Unknown/Missing,NA,Sport Utility,No,13OCT2012,Saturday,Motorist Overtaking Bicyclist,17,Non-Intersection,October,B: Evident Injury,17:28:00,Motorist Overtaking - Other / Unknown,2012,Yes,Yes,Daylight,Straight - Grade,US Route,Dry,"Two-Way, Not Divided",None,No Special Feature,Smooth Asphalt,2 lanes,"35.301956955, -79.2515027691"
2513,Wilmington,New Hanover,Coastal,Commercial,Urban (>70% Developed),NA,Urban,40 - 45  MPH,Stop And Go Signal,Clear,No,18,16-19,No,NA,Facing Traffic,B: Evident Injury,NA,Black,Female,21,20-24,No,NA,41-45 mph,O: No Injury,White,Female,Passenger Car,No,26SEP2012,Wednesday,Bicyclist Failed to Yield - Signalized Intersection,16,Intersection-Related,September,B: Evident Injury,16:45:00,Bicyclist Ride Out - Signalized  Intersection,2012,Yes,No,Daylight,Straight - Level,Local Street,Dry,"Two-Way, Not Divided",Other,No Special Feature,Concrete,9 or more lanes,"34.2307567677, -77.8771023008"
2518,Charlotte,Mecklenburg,Piedmont,Commercial,Urban (>70% Developed),NA,Urban,30 - 35  MPH,Stop And Go Signal,Clear,No,21,20-24,No,NA,With Traffic,B: Evident Injury,Travel Lane,White,Male,33,30-39,No,NA,26-30 mph,O: No Injury,Black,Female,Sport Utility,No,15OCT2012,Monday,Bicyclist Failed to Yield - Signalized Intersection,17,Intersection,October,B: Evident Injury,17:30:00,Bicyclist Ride Out - Signalized  Intersection,2012,Yes,No,Daylight,Straight - Level,Local Street,Dry,"Two-Way, Not Divided",None,T-Intersection,Smooth Asphalt,4 lanes,"35.2203668822, -80.8121032321"
2530,None - Rural Crash,Robeson,Coastal,"Farms, Woods, Pastures",Rural (<30% Developed),NA,Rural,50 - 55  MPH,No Control Present,Clear,No,50,50-59,Yes,NA,With Traffic,K: Killed,Travel Lane,Native American,Male,56,50-59,No,NA,46-50 mph,O: No Injury,Black,Male,Van,Yes,11OCT2012,Thursday,Motorist Overtaking Bicyclist,20,Non-Intersection,October,K: Killed,20:23:00,Motorist Overtaking - Other / Unknown,2012,Yes,No,Dark - Roadway Not Lighted,Straight - Level,NC Route,Dry,"Two-Way, Not Divided",None,No Special Feature,Coarse Asphalt,2 lanes,"34.5314267932, -79.0976026831"
2535,None - Rural Crash,Brunswick,Coastal,Commercial,Urban (>70% Developed),NA,Rural,40 - 45  MPH,No Control Present,Clear,No,54,50-59,No,NA,With Traffic,C: Possible Injury,Travel Lane,White,Male,32,30-39,No,NA,41-45 mph,O: No Injury,White,Male,Pickup,No,18OCT2012,Thursday,Motorist Overtaking Bicyclist,18,Non-Intersection,October,C: Possible Injury,18:11:00,Motorist Overtaking - Other / Unknown,2012,No,No,Daylight,Straight - Level,NC Route,Dry,"Two-Way, Not Divided",None,No Special Feature,Coarse Asphalt,2 lanes,"33.9531666997, -78.051402341"
2545,Durham,Durham,Piedmont,Commercial,Urban (>70% Developed),NA,Urban,30 - 35  MPH,No Control Present,Clear,No,17,16-19,No,NA,With Traffic,B: Evident Injury,Travel Lane,White,Female,62,60-69,Missing,NA,0-5 mph,O: No Injury,White,Female,Passenger Car,No,20OCT2012,Saturday,Bicyclist Overtaking Motorist,15,Intersection,October,B: Evident Injury,15:16:00,Bicyclist Overtaking - Extended Door,2012,Yes,No,Daylight,Straight - Grade,Local Street,Dry,"Two-Way, Not Divided",None,No Special Feature,Smooth Asphalt,4 lanes,"36.0136771194, -78.921802707"
2551,None - Rural Crash,Caldwell,Mountains,"Farms, Woods, Pastures",Rural (<30% Developed),NA,Rural,50 - 55  MPH,"Double Yellow Line, No Passing Zone",Clear,No,62,60-69,No,NA,With Traffic,B: Evident Injury,Travel Lane,White,Male,57,50-59,No,NA,26-30 mph,O: No Injury,White,Female,Passenger Car,No,19OCT2012,Friday,Motorist Right Turn / Merge,11,Intersection,October,B: Evident Injury,11:44:00,Motorist Right Turn - Same Direction,2012,Yes,No,Daylight,Straight - Level,State Secondary Route,Dry,"Two-Way, Not Divided",None,T-Intersection,Smooth Asphalt,2 lanes,"35.8600169977, -81.3446034266"
2556,Wilmington,New Hanover,Coastal,Commercial,Urban (>70% Developed),NA,Urban,30 - 35  MPH,Stop And Go Signal,Clear,No,27,25-29,No,NA,With Traffic,B: Evident Injury,Travel Lane,White,Male,NA,NA,Missing,NA,21-25 mph,Unknown Injury,Unknown/Missing,NA,Pickup,No,10OCT2012,Wednesday,Motorist Right Turn / Merge,17,Intersection,October,B: Evident Injury,17:15:00,Motorist Right Turn - Same Direction,2012,Yes,Yes,Daylight,Straight - Level,Local Street,Dry,"One-Way, Not Divided",None,No Special Feature,Coarse Asphalt,4 lanes,"34.2255067644, -77.9276023158"
2557,Wilmington,New Hanover,Coastal,Residential,Urban (>70% Developed),NA,Urban,20 - 25  MPH,Stop Sign,Clear,No,33,30-39,No,NA,Facing Traffic,B: Evident Injury,Travel Lane,White,Male,24,20-24,No,NA,11-15 mph,O: No Injury,Black,Female,Passenger Car,No,15OCT2012,Monday,Bicyclist Failed to Yield - Sign-Controlled Intersection,11,Intersection,October,B: Evident Injury,11:33:00,Bicyclist Ride Through - Sign-Controlled Intersection,2012,Yes,No,Daylight,Straight - Level,Local Street,Dry,"Two-Way, Not Divided",None,Four-Way Intersection,Other,8 lanes,"34.231656765, -77.9470023216"
2570,Greensboro,Guilford,Piedmont,Commercial,Urban (>70% Developed),NA,Urban,30 - 35  MPH,"Double Yellow Line, No Passing Zone",Clear,No,28,25-29,No,NA,With Traffic,C: Possible Injury,Travel Lane,White,Male,68,60-69,No,NA,0-5 mph,O: No Injury,Black,Female,Passenger Car,No,24OCT2012,Wednesday,Motorist Left Turn / Merge,16,Intersection,October,C: Possible Injury,16:59:00,Motorist Left Turn - Opposite Direction,2012,Yes,No,Daylight,Straight - Hillcrest,Local Street,Dry,"Two-Way, Divided, Unprotected Median",None,No Special Feature,Coarse Asphalt,3 lanes,"36.0673670996, -79.7906029721"
2573,Chapel Hill,Orange,Piedmont,Residential,Urban (>70% Developed),NA,Urban,30 - 35  MPH,Stop And Go Signal,Clear,No,24,20-24,No,NA,With Traffic,B: Evident Injury,Travel Lane,White,Female,70+,70+,No,NA,6-10 mph,O: No Injury,White,Female,Passenger Car,No,22OCT2012,Monday,Motorist Left Turn / Merge,16,Intersection,October,B: Evident Injury,16:39:00,Motorist Left Turn - Opposite Direction,2012,Yes,No,Daylight,Straight - Grade,Local Street,Dry,"Two-Way, Not Divided",None,Four-Way Intersection,Smooth Asphalt,4 lanes,"35.916887094, -79.0459027398"
2578,Fayetteville,Cumberland,Coastal,Commercial,Urban (>70% Developed),NA,Urban,30 - 35  MPH,Stop Sign,Clear,No,67,60-69,No,NA,Facing Traffic,C: Possible Injury,Sidewalk / Crosswalk / Driveway Crossing,Black,Male,25,25-29,No,NA,0-5 mph,O: No Injury,Unknown/Missing,Male,Police,No,23OCT2012,Tuesday,Motorist Failed to Yield - Sign-Controlled Intersection,11,Intersection,October,C: Possible Injury,11:58:00,Motorist Drive Out - Sign-Controlled Intersection,2012,Yes,No,Daylight,Straight - Level,Local Street,Dry,"Two-Way, Not Divided",None,T-Intersection,Coarse Asphalt,2 lanes,"35.0649369169, -78.8898026474"
2584,Maiden,Catawba,Piedmont,Residential,Urban (>70% Developed),NA,Rural,30 - 35  MPH,Stop Sign,Cloudy,No,11,11-15,No,NA,With Traffic,B: Evident Injury,Travel Lane,Hispanic,Male,42,40-49,No,NA,31-35 mph,O: No Injury,White,Female,Passenger Car,No,06AUG2012,Monday,Bicyclist Failed to Yield - Sign-Controlled Intersection,11,Intersection,August,B: Evident Injury,11:25:00,Bicyclist Ride Through - Sign-Controlled Intersection,2012,Yes,No,Daylight,Straight - Hillcrest,Local Street,Dry,"Two-Way, Not Divided",None,T-Intersection,Smooth Asphalt,2 lanes,"35.5762669432, -81.2060033693"
2586,Hickory,Catawba,Piedmont,Commercial,Urban (>70% Developed),NA,Urban,40 - 45  MPH,No Control Present,Clear,No,56,50-59,No,NA,With Traffic,B: Evident Injury,Travel Lane,White,Male,55,50-59,No,NA,6-10 mph,O: No Injury,Asian,Female,Sport Utility,No,25OCT2012,Thursday,Motorist Right Turn / Merge,13,Non-Intersection,October,B: Evident Injury,13:58:00,Motorist Right Turn - Same Direction,2012,No,No,Daylight,Straight - Grade,Local Street,Dry,"Two-Way, Not Divided",None,No Special Feature,Coarse Asphalt,5 lanes,"35.7521769772, -81.2864034028"
2588,None - Rural Crash,Person,Piedmont,"Farms, Woods, Pastures",Rural (<30% Developed),NA,Rural,40 - 45  MPH,"Double Yellow Line, No Passing Zone",Clear,No,53,50-59,No,NA,With Traffic,A: Disabling Injury,Travel Lane,Black,Male,NA,NA,Missing,NA,41-45 mph,Unknown Injury,Unknown/Missing,NA,NA,No,03NOV2012,Saturday,Motorist Overtaking Bicyclist,19,Non-Intersection,November,A: Disabling Injury,19:17:00,Motorist Overtaking - Other / Unknown,2012,Yes,Yes,Dark - Roadway Not Lighted,Curve - Grade,State Secondary Route,Dry,"Two-Way, Not Divided",None,No Special Feature,Smooth Asphalt,2 lanes,"36.45796721, -79.0062027572"
2595,Kinston,Lenoir,Coastal,Commercial,Urban (>70% Developed),NA,Urban,30 - 35  MPH,Stop Sign,Clear,No,41,40-49,No,NA,With Traffic,B: Evident Injury,Travel Lane,Black,Male,34,30-39,No,NA,0-5 mph,O: No Injury,White,Female,Passenger Car,No,05NOV2012,Monday,Motorist Right Turn / Merge,16,Intersection,November,B: Evident Injury,16:30:00,Motorist Right Turn - Same Direction,2012,Yes,No,Daylight,Straight - Level,Local Street,Dry,"Two-Way, Not Divided",None,Four-Way Intersection,Smooth Asphalt,9 or more lanes,"35.2689370054, -77.5843022627"
2601,Wilmington,New Hanover,Coastal,Residential,Urban (>70% Developed),NA,Urban,20 - 25  MPH,Stop And Go Signal,Clear,No,26,25-29,No,NA,With Traffic,B: Evident Injury,Sidewalk / Crosswalk / Driveway Crossing,White,Female,47,40-49,No,NA,11-15 mph,O: No Injury,White,Female,Passenger Car,No,23OCT2012,Tuesday,Bicyclist Failed to Yield - Signalized Intersection,14,Intersection,October,B: Evident Injury,14:30:00,Bicyclist Failed to Clear - Trapped,2012,Yes,No,Daylight,Straight - Level,Local Street,Dry,"Two-Way, Divided, Unprotected Median",Other,Four-Way Intersection,Coarse Asphalt,4 lanes,"34.2245267676, -77.8238022846"
2608,Charlotte,Mecklenburg,Piedmont,Commercial,Urban (>70% Developed),NA,Urban,40 - 45  MPH,Stop And Go Signal,Clear,No,47,40-49,No,NA,With Traffic,C: Possible Injury,Bike Lane / Paved Shoulder,White,Male,24,20-24,No,NA,41-45 mph,O: No Injury,White,Female,Sport Utility,No,02NOV2012,Friday,Motorist Right Turn / Merge,11,Intersection,November,C: Possible Injury,11:56:00,Motorist Right Turn - Same Direction,2012,Yes,No,Daylight,Straight - Level,Local Street,Dry,"Two-Way, Divided, Unprotected Median",None,Four-Way Intersection,Smooth Asphalt,6 lanes,"35.0544868449, -80.8501032343"
2610,None - Rural Crash,Lee,Piedmont,"Farms, Woods, Pastures",Rural (<30% Developed),NA,Rural,50 - 55  MPH,"Double Yellow Line, No Passing Zone",Clear,No,48,40-49,Yes,NA,With Traffic,K: Killed,Travel Lane,Black,Male,36,30-39,No,NA,51-55 mph,O: No Injury,White,Male,Passenger Car,Yes,06NOV2012,Tuesday,Motorist Overtaking Bicyclist,20,Non-Intersection,November,K: Killed,20:29:00,Motorist Overtaking - Other / Unknown,2012,Yes,No,Dark - Roadway Not Lighted,Curve - Level,State Secondary Route,Dry,"Two-Way, Not Divided",None,No Special Feature,Smooth Asphalt,2 lanes,"35.4130669827, -79.1492027441"
2620,Greensboro,Guilford,Piedmont,Residential,Urban (>70% Developed),NA,Urban,30 - 35  MPH,No Control Present,Clear,No,68,60-69,No,NA,With Traffic,C: Possible Injury,Travel Lane,White,Male,28,25-29,No,NA,21-25 mph,O: No Injury,Black,Female,Passenger Car,No,11NOV2012,Sunday,Motorist Overtaking Bicyclist,10,Non-Intersection,November,C: Possible Injury,10:55:00,Motorist Overtaking - Undetected Bicyclist,2012,Yes,No,Daylight,Straight - Level,Local Street,Dry,"Two-Way, Not Divided",None,No Special Feature,Smooth Asphalt,2 lanes,"36.1368971126, -79.8238029867"
2624,None - Rural Crash,Cabarrus,Piedmont,Residential,Mixed (30% To 70% Developed),NA,Rural,40 - 45  MPH,Stop Sign,Clear,No,14,11-15,No,NA,With Traffic,B: Evident Injury,Travel Lane,White,Male,17,0-19,No,NA,41-45 mph,O: No Injury,Black,Male,Passenger Car,No,13NOV2012,Tuesday,Bicyclist Failed to Yield - Sign-Controlled Intersection,17,Intersection,November,B: Evident Injury,17:02:00,Bicyclist Ride Through - Sign-Controlled Intersection,2012,Yes,No,Daylight,Straight - Grade,State Secondary Route,Dry,"Two-Way, Not Divided",None,Four-Way Intersection,Coarse Asphalt,2 lanes,"35.3628469217, -80.5600031649"
2628,Lenoir,Caldwell,Mountains,Commercial,Urban (>70% Developed),NA,Urban,50 - 55  MPH,No Control Present,Clear,No,35,30-39,No,NA,With Traffic,B: Evident Injury,Travel Lane,White,Male,63,60-69,No,NA,46-50 mph,O: No Injury,White,Female,Passenger Car,No,15NOV2012,Thursday,Motorist Overtaking Bicyclist,18,Non-Intersection,November,B: Evident Injury,18:04:00,Motorist Overtaking - Undetected Bicyclist,2012,Yes,No,Dark - Roadway Not Lighted,Straight - Grade,Local Street,Dry,"Two-Way, Divided, Unprotected Median",None,No Special Feature,Coarse Asphalt,5 lanes,"35.8883569942, -81.5801034988"
2630,Greensboro,Guilford,Piedmont,Commercial,Urban (>70% Developed),NA,Urban,30 - 35  MPH,Stop Sign,Clear,No,20,20-24,No,NA,Facing Traffic,B: Evident Injury,Sidewalk / Crosswalk / Driveway Crossing,White,Male,24,20-24,No,NA,0-5 mph,O: No Injury,White,Female,Passenger Car,No,05OCT2012,Friday,Motorist Failed to Yield - Sign-Controlled Intersection,15,Intersection,October,B: Evident Injury,15:46:00,Motorist Drive Out - Sign-Controlled Intersection,2012,Yes,No,Daylight,Curve - Hillcrest,Local Street,Dry,"Two-Way, Divided, Unprotected Median",None,On or Off Ramp,Smooth Asphalt,3 lanes,"36.0871271039, -79.7756029694"
2635,Durham,Durham,Piedmont,Commercial,Urban (>70% Developed),NA,Urban,20 - 25  MPH,No Control Present,Clear,No,53,50-59,Yes,NA,With Traffic,B: Evident Injury,Travel Lane,Black,Male,69,60-69,No,NA,21-25 mph,O: No Injury,Black,Male,Passenger Car,Yes,18NOV2012,Sunday,Motorist Overtaking Bicyclist,22,Non-Intersection,November,B: Evident Injury,22:27:00,Motorist Overtaking - Undetected Bicyclist,2012,Yes,No,Dark - Lighted Roadway,Straight - Grade,Local Street,Dry,"One-Way, Not Divided",None,No Special Feature,Smooth Asphalt,3 lanes,"35.9949771161, -78.8973026984"
2641,Greensboro,Guilford,Piedmont,Commercial,Urban (>70% Developed),NA,Urban,30 - 35  MPH,No Control Present,Clear,No,53,50-59,No,NA,With Traffic,B: Evident Injury,Travel Lane,Black,Male,NA,NA,Missing,NA,6-10 mph,Unknown Injury,Unknown/Missing,NA,Passenger Car,No,10SEP2012,Monday,Motorist Left Turn / Merge,18,Non-Intersection,September,B: Evident Injury,18:38:00,Motorist Left Turn - Opposite Direction,2012,Yes,Yes,Daylight,Straight - Level,Local Street,Dry,"Two-Way, Divided, Unprotected Median",None,"Driveway, Public",Smooth Asphalt,5 lanes,"36.0845271031, -79.7771029692"
2647,Southern Pines,Moore,Piedmont,Residential,Urban (>70% Developed),NA,Urban,40 - 45  MPH,Stop And Go Signal,Clear,No,70+,70+,No,NA,With Traffic,B: Evident Injury,Travel Lane,White,Male,40,40-49,No,NA,41-45 mph,O: No Injury,Black,Female,Passenger Car,No,07NOV2012,Wednesday,Motorist Overtaking Bicyclist,16,Non-Intersection,November,B: Evident Injury,16:18:00,Motorist Overtaking - Bicyclist Swerved,2012,Yes,No,Daylight,Straight - Grade,NC Route,Dry,"Two-Way, Divided, Unprotected Median",None,No Special Feature,Coarse Asphalt,4 lanes,"35.1966769276, -79.4025028088"
2655,Greensboro,Guilford,Piedmont,Residential,Urban (>70% Developed),NA,Urban,30 - 35  MPH,No Control Present,Other,No,51,50-59,No,NA,With Traffic,C: Possible Injury,Travel Lane,Black,Male,20,20-24,No,NA,0-5 mph,O: No Injury,Black,Male,Passenger Car,No,12JUN2012,Tuesday,Motorist Overtaking Bicyclist,0,Non-Intersection,June,C: Possible Injury,00:50:00,Motorist Overtaking - Other / Unknown,2012,Yes,No,Dark - Lighted Roadway,Straight - Level,Local Street,NA,"Two-Way, Not Divided",None,No Special Feature,Smooth Asphalt,2 lanes,"36.0850871042, -79.7486029607"
2658,Lumberton,Robeson,Coastal,"Farms, Woods, Pastures",Rural (<30% Developed),NA,Urban,50 - 55  MPH,"Double Yellow Line, No Passing Zone",Clear,No,52,50-59,No,NA,With Traffic,C: Possible Injury,Travel Lane,Black,Male,70+,70+,No,NA,41-45 mph,O: No Injury,Native American,Female,Passenger Car,No,06NOV2012,Tuesday,Motorist Overtaking Bicyclist,12,Non-Intersection,November,C: Possible Injury,12:30:00,Motorist Overtaking - Bicyclist Swerved,2012,Yes,No,Daylight,Straight - Level,Local Street,Dry,"Two-Way, Not Divided",None,No Special Feature,Coarse Asphalt,2 lanes,"34.5931968057, -79.119602693"
2663,Lumberton,Robeson,Coastal,Commercial,Urban (>70% Developed),NA,Urban,20 - 25  MPH,No Control Present,Clear,No,NA,NA,Missing,NA,Facing Traffic,Unknown Injury,Travel Lane,Unknown/Missing,NA,62,60-69,No,NA,11-15 mph,O: No Injury,White,Female,Sport Utility,No,20OCT2012,Saturday,Bicyclist Failed to Yield - Sign-Controlled Intersection,17,Intersection,October,O: No Injury,17:18:00,Bicyclist Ride Through - Sign-Controlled Intersection,2012,No,No,Daylight,Straight - Level,Local Street,Dry,"Two-Way, Not Divided",None,No Special Feature,Concrete,4 lanes,"34.6202268154, -79.0086026608"
2664,Raleigh,Wake,Piedmont,Residential,Urban (>70% Developed),NA,Urban,30 - 35  MPH,No Control Present,Clear,No,55,50-59,No,NA,With Traffic,B: Evident Injury,Travel Lane,White,Male,NA,NA,Missing,NA,31-35 mph,Unknown Injury,Unknown/Missing,NA,NA,No,24NOV2012,Saturday,Motorist Overtaking Bicyclist,16,Non-Intersection,November,B: Evident Injury,16:02:00,Motorist Overtaking - Other / Unknown,2012,Yes,Yes,Daylight,Straight - Level,Local Street,Dry,"Two-Way, Not Divided",None,No Special Feature,Smooth Asphalt,2 lanes,"35.8324170887, -78.6911026271"
2668,Greensboro,Guilford,Piedmont,Institutional,Urban (>70% Developed),NA,Urban,20 - 25  MPH,Stop And Go Signal,Clear,No,19,16-19,No,NA,With Traffic,Unknown Injury,Bike Lane / Paved Shoulder,White,Female,49,40-49,No,NA,0-5 mph,O: No Injury,White,Male,Van,No,06NOV2012,Tuesday,Motorist Left Turn / Merge,13,Intersection,November,O: No Injury,13:52:00,Motorist Left Turn - Opposite Direction,2012,No,No,Daylight,Straight - Level,Local Street,Dry,"Two-Way, Not Divided",None,Four-Way Intersection,Smooth Asphalt,2 lanes,"36.0653270977, -79.812702979"
2671,None - Rural Crash,Orange,Piedmont,"Farms, Woods, Pastures",Rural (<30% Developed),NA,Rural,40 - 45  MPH,"Double Yellow Line, No Passing Zone",Clear,No,62,60-69,No,NA,With Traffic,B: Evident Injury,Travel Lane,White,Male,48,40-49,No,NA,36-40 mph,O: No Injury,White,Female,Passenger Car,No,23NOV2012,Friday,Bicyclist Left Turn / Merge,15,Intersection,November,B: Evident Injury,15:01:00,Bicyclist Left Turn - Same Direction,2012,Yes,No,Daylight,Straight - Grade,State Secondary Route,Dry,"Two-Way, Not Divided",None,T-Intersection,Coarse Asphalt,2 lanes,"36.1821171532, -78.9761027332"
2678,Greensboro,Guilford,Piedmont,Commercial,Urban (>70% Developed),NA,Urban,5 - 15 MPH,Stop Sign,Clear,No,23,20-24,No,NA,Not Applicable,B: Evident Injury,Sidewalk / Crosswalk / Driveway Crossing,White,Female,48,40-49,No,NA,0-5 mph,O: No Injury,White,Female,Passenger Car,No,01DEC2012,Saturday,Motorist Failed to Yield - Midblock,13,Non-Intersection,December,B: Evident Injury,13:02:00,Motorist Drive Out - Commercial Driveway / Alley,2012,Yes,No,Daylight,Straight - Bottom,Local Street,Dry,"Two-Way, Divided, Unprotected Median",None,Related To Intersection,Smooth Asphalt,NA,"36.1303471099, -79.8572029961"
2683,Charlotte,Mecklenburg,Piedmont,Residential,Urban (>70% Developed),NA,Urban,30 - 35  MPH,Stop Sign,Clear,No,48,40-49,No,NA,With Traffic,B: Evident Injury,Travel Lane,White,Male,NA,NA,Missing,NA,16-20 mph,Unknown Injury,Unknown/Missing,NA,NA,No,24OCT2012,Wednesday,Motorist Failed to Yield - Sign-Controlled Intersection,8,Intersection,October,B: Evident Injury,08:46:00,Motorist Drive Through - Sign-Controlled Intersection,2012,Yes,Yes,Daylight,Straight - Level,Local Street,Dry,"Two-Way, Not Divided",None,No Special Feature,Concrete,2 lanes,"35.157116865, -80.8970032539"
2707,Charlotte,Mecklenburg,Piedmont,Residential,Urban (>70% Developed),NA,Urban,20 - 25  MPH,Stop Sign,Cloudy,No,35,30-39,No,NA,Facing Traffic,O: No Injury,Sidewalk / Crosswalk / Driveway Crossing,Hispanic,Male,49,40-49,No,NA,0-5 mph,O: No Injury,White,Male,Passenger Car,No,12DEC2012,Wednesday,Motorist Failed to Yield - Midblock,9,Non-Intersection,December,B: Evident Injury,09:11:00,Motorist Drive Out - Residential Driveway,2012,Yes,No,Daylight,Straight - Level,Local Street,Dry,"Two-Way, Divided, Unprotected Median",None,"Driveway, Public",Concrete,2 lanes,"35.1863068773, -80.7443032098"
2708,Durham,Durham,Piedmont,Residential,Urban (>70% Developed),NA,Urban,40 - 45  MPH,Stop Sign,Cloudy,No,12,11-15,No,NA,Facing Traffic,K: Killed,Travel Lane,Black,Female,59,50-59,No,NA,41-45 mph,O: No Injury,White,Male,Pickup,No,10DEC2012,Monday,Loss of Control / Turning Error,15,Intersection,December,K: Killed,15:09:00,Bicyclist Turning Error - Left Turn,2012,Yes,No,Daylight,Straight - Hillcrest,NC Route,Dry,"Two-Way, Not Divided",None,Four-Way Intersection,Smooth Asphalt,3 lanes,"35.9143470969, -78.9610027137"
2715,None - Rural Crash,Chowan,Coastal,"Farms, Woods, Pastures",Rural (<30% Developed),NA,Rural,50 - 55  MPH,No Control Present,Clear,No,64,60-69,No,NA,With Traffic,B: Evident Injury,Travel Lane,Black,Male,28,25-29,No,NA,26-30 mph,O: No Injury,White,Male,Tractor/Semi-Trailer,No,03DEC2012,Monday,Motorist Overtaking Bicyclist,16,Non-Intersection,December,B: Evident Injury,16:32:00,Motorist Overtaking - Other / Unknown,2012,Yes,No,Daylight,Curve - Level,State Secondary Route,Dry,"Two-Way, Not Divided",None,No Special Feature,Smooth Asphalt,2 lanes,"36.2258972439, -76.6610020285"