object_id,city,county,region,development,locality,on_road,rural_urban,speed_limit,traffic_control,weather,workzone,bike_age,bike_age_group,bike_alcohol,bike_alcohol_drugs,bike_direction,bike_injury,bike_position,bike_race,bike_sex,driver_age,driver_age_group,driver_alcohol,driver_alcohol_drugs,driver_est_speed,driver_injury,driver_race,driver_sex,driver_vehicle_type,crash_alcohol,crash_date,crash_day,crash_group,crash_hour,crash_location,crash_month,crash_severity,crash_time,crash_type,crash_year,ambulance_req,hit_run,light_condition,road_character,road_class,road_condition,road_configuration,road_defects,road_feature,road_surface,num_lanes,geo_point
2716,Wilson,Wilson,Coastal,Residential,Urban (>70% Developed),NA,Urban,30 - 35  MPH,Yield Sign,Clear,No,20,20-24,No,NA,With Traffic,C: Possible Injury,Travel Lane,Black,Male,40,40-49,No,NA,6-10 mph,O: No Injury,Black,Female,Other Bus,No,07NOV2012,Wednesday,Motorist Failed to Yield - Sign-Controlled Intersection,12,Intersection-Related,November,C: Possible Injury,12:01:00,Motorist Drive Out - Sign-Controlled Intersection,2012,Yes,No,Daylight,Straight - Level,Local Street,Dry,"Two-Way, Not Divided",None,T-Intersection,Coarse Asphalt,2 lanes,"35.7285270934, -77.9284023909"
2720,Kill Devil Hills,Dare,Coastal,Commercial,Urban (>70% Developed),NA,Urban,50 - 55  MPH,No Control Present,Cloudy,No,24,20-24,No,NA,Not Applicable,B: Evident Injury,Non-Roadway,Black,Male,27,25-29,No,NA,46-50 mph,C: Possible Injury,White,Female,Passenger Car,No,20NOV2012,Tuesday,Bicyclist Failed to Yield - Midblock,16,Non-Intersection,November,B: Evident Injury,16:18:00,Bicyclist Ride Out - Other Midblock,2012,Yes,No,Daylight,Straight - Level,US Route,Dry,"Two-Way, Not Divided",None,No Special Feature,Coarse Asphalt,5 lanes,"36.031287234, -75.6715017148"
2722,None - Rural Crash,Rutherford,Mountains,Residential,Mixed (30% To 70% Developed),NA,Rural,50 - 55  MPH,No Control Present,Clear,No,18,16-19,No,NA,With Traffic,C: Possible Injury,Travel Lane,Black,Male,NA,NA,Missing,NA,16-20 mph,Unknown Injury,Unknown/Missing,NA,Passenger Car,No,14DEC2012,Friday,Motorist Overtaking Bicyclist,13,Intersection,December,C: Possible Injury,13:15:00,Motorist Overtaking - Other / Unknown,2012,Yes,Yes,Daylight,Straight - Level,State Secondary Route,Dry,"Two-Way, Not Divided",None,Four-Way Intersection,Smooth Asphalt,2 lanes,"35.3514068706, -81.8710035545"
2724,Wilmington,New Hanover,Coastal,Commercial,Urban (>70% Developed),NA,Urban,20 - 25  MPH,Stop Sign,Clear,No,59,50-59,No,NA,With Traffic,C: Possible Injury,Travel Lane,White,Male,31,30-39,No,NA,0-5 mph,O: No Injury,White,Male,Passenger Car,No,03DEC2012,Monday,Motorist Failed to Yield - Sign-Controlled Intersection,7,Intersection,December,C: Possible Injury,07:06:00,Motorist Drive Out - Sign-Controlled Intersection,2012,Yes,No,Daylight,Straight - Level,Local Street,Dry,"Two-Way, Not Divided",None,No Special Feature,Coarse Asphalt,3 lanes,"34.2323867674, -77.8832023031"
2728,Fayetteville,Cumberland,Coastal,Commercial,Urban (>70% Developed),NA,Urban,30 - 35  MPH,No Control Present,Clear,No,54,50-59,No,NA,Not Applicable,B: Evident Injury,Non-Roadway,Black,Male,70+,70+,No,NA,36-40 mph,O: No Injury,White,Male,Passenger Car,No,01DEC2012,Saturday,Bicyclist Failed to Yield - Midblock,9,Non-Intersection,December,B: Evident Injury,09:55:00,Bicyclist Ride Out - Other Midblock,2012,Yes,No,Daylight,Straight - Hillcrest,Local Street,Dry,"Two-Way, Divided, Unprotected Median",None,No Special Feature,Smooth Asphalt,3 lanes,"35.0303469094, -78.8947026473"
2733,Lenoir,Caldwell,Mountains,Commercial,Urban (>70% Developed),NA,Urban,20 - 25  MPH,Stop And Go Signal,Clear,No,12,11-15,No,NA,With Traffic,C: Possible Injury,Travel Lane,Asian,Male,50,50-59,No,NA,6-10 mph,O: No Injury,Black,Female,Sport Utility,No,23DEC2012,Sunday,Bicyclist Failed to Yield - Signalized Intersection,20,Intersection,December,C: Possible Injury,20:38:00,Bicyclist Ride Out - Signalized  Intersection,2012,Yes,No,Dark - Lighted Roadway,Straight - Level,Local Street,Dry,"One-Way, Not Divided",None,No Special Feature,Coarse Asphalt,2 lanes,"35.9123270009, -81.5429034889"
2745,Winston-Salem,Forsyth,Piedmont,Residential,Urban (>70% Developed),NA,Urban,30 - 35  MPH,Stop Sign,Cloudy,No,36,30-39,No,NA,Facing Traffic,C: Possible Injury,Sidewalk / Crosswalk / Driveway Crossing,White,Male,NA,NA,No,NA,0-5 mph,Unknown Injury,Unknown/Missing,NA,NA,No,10DEC2012,Monday,Motorist Failed to Yield - Sign-Controlled Intersection,23,Intersection,December,C: Possible Injury,23:05:00,Motorist Drive Out - Sign-Controlled Intersection,2012,Yes,Yes,Dark - Lighted Roadway,Straight - Level,Local Street,Dry,"Two-Way, Not Divided",None,T-Intersection,Smooth Asphalt,4 lanes,"36.10043709, -80.224003105"
2748,Wilmington,New Hanover,Coastal,Residential,Urban (>70% Developed),NA,Urban,30 - 35  MPH,Stop Sign,Clear,No,16,16-19,No,NA,With Traffic,C: Possible Injury,Travel Lane,Black,Male,42,40-49,No,NA,11-15 mph,O: No Injury,Black,Female,Passenger Car,No,14DEC2012,Friday,Bicyclist Failed to Yield - Sign-Controlled Intersection,17,Intersection,December,C: Possible Injury,17:34:00,Bicyclist Ride Through - Sign-Controlled Intersection,2012,No,No,Dark - Lighted Roadway,Straight - Level,Local Street,Dry,"Two-Way, Not Divided",None,Four-Way Intersection,Coarse Asphalt,2 lanes,"34.226286765, -77.9343023175"
2750,Winston-Salem,Forsyth,Piedmont,Residential,Urban (>70% Developed),NA,Urban,30 - 35  MPH,Stop And Go Signal,Clear,No,36,30-39,No,NA,Facing Traffic,B: Evident Injury,NA,Black,Male,34,30-39,No,NA,26-30 mph,O: No Injury,White,Female,"Light Truck (Mini-Van, Panel)",No,21DEC2012,Friday,Bicyclist Failed to Yield - Signalized Intersection,17,Intersection-Related,December,B: Evident Injury,17:14:00,Bicyclist Ride Out - Signalized  Intersection,2012,Yes,No,Daylight,Straight - Level,Local Street,Dry,"Two-Way, Not Divided",None,Related To Intersection,Smooth Asphalt,2 lanes,"36.0695970828, -80.2391031077"
2751,Rocky Mount,Nash,Coastal,Residential,Urban (>70% Developed),NA,Urban,30 - 35  MPH,No Control Present,Cloudy,No,38,30-39,No,NA,With Traffic,C: Possible Injury,Travel Lane,Black,Male,51,50-59,No,NA,NA,O: No Injury,Black,Male,Pickup,No,16DEC2012,Sunday,Bicyclist Overtaking Motorist,10,Intersection-Related,December,C: Possible Injury,10:15:00,Bicyclist Overtaking - Parked Vehicle,2012,Yes,No,Daylight,Straight - Level,Local Street,Dry,"Two-Way, Not Divided",None,No Special Feature,Smooth Asphalt,2 lanes,"35.9313671406, -77.8165023673"
2755,Dunn,Harnett,Coastal,Residential,Mixed (30% To 70% Developed),NA,Urban,30 - 35  MPH,No Control Present,Clear,No,63,60-69,No,NA,With Traffic,Unknown Injury,Travel Lane,Unknown/Missing,Male,70+,70+,No,NA,31-35 mph,O: No Injury,Black,Male,Passenger Car,No,26OCT2012,Friday,Motorist Overtaking Bicyclist,19,Non-Intersection,October,O: No Injury,19:15:00,Motorist Overtaking - Undetected Bicyclist,2012,No,No,Dark - Roadway Not Lighted,Straight - Level,Local Street,Dry,"Two-Way, Not Divided",None,No Special Feature,Coarse Asphalt,2 lanes,"35.3040769775, -78.6273025807"
2760,Wilmington,New Hanover,Coastal,Commercial,Urban (>70% Developed),NA,Urban,20 - 25  MPH,No Control Present,Clear,No,18,16-19,No,NA,With Traffic,O: No Injury,Sidewalk / Crosswalk / Driveway Crossing,White,Male,20,20-24,No,NA,6-10 mph,O: No Injury,Black,Male,Passenger Car,No,26SEP2012,Wednesday,Crossing Paths - Other Circumstances,14,Intersection-Related,September,O: No Injury,14:04:00,Crossing Paths - Uncontrolled Intersection,2012,No,No,Daylight,Straight - Level,Local Street,Dry,"Two-Way, Divided, Unprotected Median",None,No Special Feature,Smooth Asphalt,2 lanes,"34.2242467665, -77.8741022994"
2761,Chapel Hill,Orange,Piedmont,"Farms, Woods, Pastures",Urban (>70% Developed),NA,Urban,20 - 25  MPH,"Double Yellow Line, No Passing Zone",Clear,No,27,25-29,No,NA,With Traffic,C: Possible Injury,Travel Lane,White,Female,21,20-24,No,NA,0-5 mph,O: No Injury,White,Male,Passenger Car,No,11DEC2012,Tuesday,Motorist Failed to Yield - Midblock,13,Non-Intersection,December,C: Possible Injury,13:30:00,Motorist Drive Out - Residential Driveway,2012,No,No,Daylight,Straight - Grade,Local Street,Dry,"Two-Way, Not Divided",None,No Special Feature,Smooth Asphalt,2 lanes,"35.922087095, -79.0517027419"
2780,None - Rural Crash,Randolph,Piedmont,Residential,Rural (<30% Developed),NA,Rural,30 - 35  MPH,No Control Present,Clear,No,12,11-15,No,NA,Not Applicable,B: Evident Injury,Non-Roadway,White,Female,33,30-39,No,NA,21-25 mph,O: No Injury,White,Female,Passenger Car,No,30JAN2011,Sunday,Bicyclist Failed to Yield - Midblock,12,Non-Intersection,January,B: Evident Injury,12:42:00,Bicyclist Ride Out - Other Midblock,2011,Yes,No,Daylight,Straight - Level,State Secondary Route,Dry,"Two-Way, Not Divided",None,No Special Feature,Smooth Asphalt,2 lanes,"35.8525270533, -79.7944029617"
2787,Greensboro,Guilford,Piedmont,Residential,Urban (>70% Developed),NA,Urban,NA,Stop Sign,Clear,No,51,50-59,No,NA,Facing Traffic,C: Possible Injury,Sidewalk / Crosswalk / Driveway Crossing,White,Male,21,20-24,No,NA,6-10 mph,O: No Injury,Black,Male,Passenger Car,No,28JAN2011,Friday,Crossing Paths - Other Circumstances,13,Intersection,January,C: Possible Injury,13:07:00,Sign-Controlled Intersection - Other / Unknown,2011,Yes,No,Daylight,Straight - Hillcrest,Public Vehicular Area,Dry,"Two-Way, Not Divided",No Shoulders,T-Intersection,Smooth Asphalt,2 lanes,"36.0757870971, -79.8939030037"
2796,None - Rural Crash,Robeson,Coastal,"Farms, Woods, Pastures",Rural (<30% Developed),NA,Rural,50 - 55  MPH,No Control Present,Clear,No,49,40-49,Yes,NA,Facing Traffic,O: No Injury,Travel Lane,Native American,Male,70+,70+,No,NA,51-55 mph,O: No Injury,White,Male,"EMS Vehicle, Ambulance, Rescue Squad",Yes,11FEB2011,Friday,Head-On,18,Non-Intersection,February,O: No Injury,18:45:00,Head-On - Bicyclist,2011,No,No,Dark - Roadway Not Lighted,Straight - Level,NC Route,Dry,"Two-Way, Not Divided",None,No Special Feature,Coarse Asphalt,2 lanes,"34.5652868021, -79.0574026733"
2803,Goldsboro,Wayne,Coastal,Commercial,Urban (>70% Developed),NA,Urban,40 - 45  MPH,"Double Yellow Line, No Passing Zone",Rain,No,33,30-39,No,NA,With Traffic,C: Possible Injury,Bike Lane / Paved Shoulder,Hispanic,Male,NA,NA,Missing,NA,31-35 mph,Unknown Injury,Unknown/Missing,NA,NA,No,04FEB2011,Friday,Motorist Overtaking Bicyclist,6,Non-Intersection,February,C: Possible Injury,06:46:00,Motorist Overtaking - Other / Unknown,2011,No,Yes,Dark - Lighted Roadway,Straight - Level,Local Street,Wet,"Two-Way, Not Divided",None,No Special Feature,Coarse Asphalt,2 lanes,"35.3665070145, -77.9337023736"
2809,None - Rural Crash,Nash,Coastal,"Farms, Woods, Pastures",Rural (<30% Developed),NA,Rural,50 - 55  MPH,"Double Yellow Line, No Passing Zone",Clear,No,53,50-59,No,NA,With Traffic,B: Evident Injury,Travel Lane,White,Male,55,50-59,No,NA,51-55 mph,O: No Injury,White,Male,Pickup,No,19FEB2011,Saturday,Motorist Overtaking Bicyclist,10,Non-Intersection,February,B: Evident Injury,10:57:00,Motorist Overtaking - Other / Unknown,2011,Yes,No,Daylight,Straight - Grade,NC Route,Dry,"Two-Way, Not Divided",None,No Special Feature,Coarse Asphalt,2 lanes,"35.8602871149, -78.1347024598"
2811,None - Rural Crash,Randolph,Piedmont,Residential,Rural (<30% Developed),NA,Rural,40 - 45  MPH,"Double Yellow Line, No Passing Zone",Clear,No,35,30-39,No,NA,With Traffic,O: No Injury,Travel Lane,White,Male,70+,70+,No,NA,31-35 mph,O: No Injury,White,Male,Passenger Car,No,17FEB2011,Thursday,Motorist Overtaking Bicyclist,15,Non-Intersection,February,O: No Injury,15:01:00,Motorist Overtaking - Other / Unknown,2011,No,No,Daylight,Straight - Grade,State Secondary Route,Dry,"Two-Way, Not Divided",None,No Special Feature,Smooth Asphalt,2 lanes,"35.8222270411, -79.9503030072"
2816,Albemarle,Stanly,Piedmont,Commercial,Urban (>70% Developed),NA,Urban,40 - 45  MPH,No Control Present,Clear,No,30,30-39,No,NA,With Traffic,C: Possible Injury,Travel Lane,White,Female,66,60-69,No,NA,31-35 mph,O: No Injury,White,Male,Pickup,No,16FEB2011,Wednesday,Motorist Overtaking Bicyclist,19,Non-Intersection,February,C: Possible Injury,19:22:00,Motorist Overtaking - Undetected Bicyclist,2011,Yes,No,Dark - Roadway Not Lighted,Straight - Level,NC Route,Dry,"Two-Way, Not Divided",None,No Special Feature,Smooth Asphalt,5 lanes,"35.3425269311, -80.1817030508"
2817,Wilmington,New Hanover,Coastal,Commercial,Urban (>70% Developed),NA,Urban,40 - 45  MPH,Stop And Go Signal,Clear,No,NA,NA,No,NA,With Traffic,B: Evident Injury,Travel Lane,Black,Male,33,30-39,No,NA,41-45 mph,Unknown Injury,Black,Male,Sport Utility,No,08FEB2011,Tuesday,Bicyclist Failed to Yield - Signalized Intersection,17,Intersection,February,B: Evident Injury,17:25:00,Bicyclist Ride Through - Signalized Intersection,2011,Yes,No,Daylight,Straight - Level,NC Route,Dry,"Two-Way, Not Divided",None,No Special Feature,Coarse Asphalt,5 lanes,"34.2424067692, -77.8923023065"
2826,Wilmington,New Hanover,Coastal,Commercial,Urban (>70% Developed),NA,Urban,NA,Stop Sign,Clear,No,18,16-19,No,NA,Facing Traffic,C: Possible Injury,Sidewalk / Crosswalk / Driveway Crossing,White,Female,23,20-24,No,NA,0-5 mph,O: No Injury,White,Male,Sport Utility,No,18FEB2011,Friday,Motorist Failed to Yield - Midblock,14,Non-Intersection,February,C: Possible Injury,14:31:00,Motorist Drive Out - Commercial Driveway / Alley,2011,Yes,No,Daylight,Straight - Level,Public Vehicular Area,Dry,"Two-Way, Not Divided",None,"Driveway, Public",Coarse Asphalt,NA,"34.2369367699, -77.828202286"
2831,Rocky Mount,Nash,Coastal,Commercial,Urban (>70% Developed),NA,Urban,5 - 15 MPH,No Control Present,Cloudy,No,56,50-59,Yes,NA,Not Applicable,B: Evident Injury,Non-Roadway,Black,Male,48,40-49,No,NA,16-20 mph,O: No Injury,White,Male,Pickup,Yes,25JAN2011,Tuesday,Non-Roadway,18,Non-Roadway,January,B: Evident Injury,18:09:00,Non-Roadway,2011,Yes,No,Dark - Lighted Roadway,Straight - Level,Public Vehicular Area,Wet,"Two-Way, Not Divided",None,"Driveway, Public",Coarse Asphalt,NA,"35.9710071496, -77.8099023671"
2834,Apex,Wake,Piedmont,Commercial,Mixed (30% To 70% Developed),NA,Urban,50 - 55  MPH,Stop And Go Signal,Clear,No,49,40-49,No,NA,With Traffic,B: Evident Injury,Non-Roadway,White,Male,28,25-29,No,NA,16-20 mph,O: No Injury,White,Male,Pickup,No,07MAR2011,Monday,Motorist Left Turn / Merge,6,Intersection,March,B: Evident Injury,06:38:00,Motorist Left Turn - Opposite Direction,2011,Yes,No,Daylight,Straight - Grade,US Route,Dry,"One-Way, Not Divided",None,Four-Way Intersection,Smooth Asphalt,1 lane,"35.7271870605, -78.8541026717"
2837,None - Rural Crash,Sampson,Coastal,"Farms, Woods, Pastures",Rural (<30% Developed),NA,Rural,NA,"Double Yellow Line, No Passing Zone",Clear,No,NA,NA,Missing,NA,With Traffic,Unknown Injury,Travel Lane,Unknown/Missing,NA,NA,NA,Missing,NA,NA,Unknown Injury,Unknown/Missing,NA,NA,No,08MAR2011,Tuesday,Bicyclist Left Turn / Merge,15,Non-Intersection,March,C: Possible Injury,15:32:00,Bicyclist Left Turn - Same Direction,2011,No,No,Daylight,Straight - Level,State Secondary Route,Dry,"Two-Way, Not Divided",None,No Special Feature,Coarse Asphalt,2 lanes,"34.957796909, -78.4286025032"
2838,Rocky Mount,Edgecombe,Coastal,Residential,Urban (>70% Developed),NA,Urban,30 - 35  MPH,Stop Sign,Clear,No,27,25-29,No,NA,Facing Traffic,A: Disabling Injury,Travel Lane,Black,Male,42,40-49,No,NA,11-15 mph,O: No Injury,Black,Male,Pickup,No,15FEB2011,Tuesday,Head-On,7,Intersection,February,A: Disabling Injury,07:50:00,Head-On - Bicyclist,2011,Yes,No,Daylight,Straight - Level,Local Street,Dry,"Two-Way, Not Divided",None,T-Intersection,Coarse Asphalt,2 lanes,"35.9450071452, -77.7824023571"
2840,Greensboro,Guilford,Piedmont,Commercial,Urban (>70% Developed),NA,Urban,30 - 35  MPH,No Control Present,Cloudy,No,19,16-19,No,NA,With Traffic,B: Evident Injury,Bike Lane / Paved Shoulder,White,Male,38,30-39,No,NA,NA,O: No Injury,Black,Male,Commercial Bus,No,18FEB2011,Friday,Bicyclist Overtaking Motorist,9,Non-Intersection,February,B: Evident Injury,09:58:00,Bicyclist Overtaking - Other / Unknown,2011,Yes,No,Daylight,Straight - Level,Local Street,Dry,"Two-Way, Not Divided",None,No Special Feature,Smooth Asphalt,2 lanes,"36.0638170976, -79.8220029816"
2841,Kinston,Lenoir,Coastal,Commercial,Urban (>70% Developed),NA,Urban,30 - 35  MPH,Stop And Go Signal,Clear,No,NA,NA,No,NA,With Traffic,B: Evident Injury,Travel Lane,Black,Male,NA,NA,No,NA,NA,Unknown Injury,Unknown/Missing,NA,NA,No,03FEB2011,Thursday,Motorist Failed to Yield - Signalized Intersection,20,Intersection,February,B: Evident Injury,20:09:00,Motorist Drive Out - Signalized Intersection,2011,No,Yes,Dark - Lighted Roadway,Straight - Level,NC Route,Dry,"Two-Way, Not Divided",None,T-Intersection,Coarse Asphalt,4 lanes,"35.2836970093, -77.5806022624"
2842,None - Rural Crash,New Hanover,Coastal,Commercial,Mixed (30% To 70% Developed),NA,Rural,30 - 35  MPH,Stop Sign,Clear,No,68,60-69,No,NA,With Traffic,B: Evident Injury,Travel Lane,White,Male,61,60-69,No,NA,6-10 mph,O: No Injury,White,Female,Van,No,09MAR2011,Wednesday,Motorist Failed to Yield - Sign-Controlled Intersection,13,Intersection,March,B: Evident Injury,13:55:00,Motorist Drive Out - Sign-Controlled Intersection,2011,No,No,Daylight,Straight - Level,NC Route,Dry,"Two-Way, Divided, Unprotected Median",None,T-Intersection,Coarse Asphalt,4 lanes,"34.1637867523, -77.8915023019"
2852,Salisbury,Rowan,Piedmont,Residential,Urban (>70% Developed),NA,Urban,30 - 35  MPH,No Control Present,Clear,No,2,0-5,No,NA,Not Applicable,C: Possible Injury,Travel Lane,Black,Male,66,60-69,No,NA,0-5 mph,O: No Injury,Black,Female,Pickup,No,17MAR2011,Thursday,Other / Unusual Circumstances,19,Non-Intersection,March,C: Possible Injury,19:36:00,Play Vehicle-Related,2011,No,No,Dusk,Straight - Level,Local Street,Dry,"Two-Way, Not Divided",None,No Special Feature,Smooth Asphalt,2 lanes,"35.6749269905, -80.4935031625"
2860,None - Rural Crash,Moore,Piedmont,"Farms, Woods, Pastures",Rural (<30% Developed),NA,Rural,50 - 55  MPH,No Control Present,Clear,No,16,16-19,No,NA,With Traffic,C: Possible Injury,Bike Lane / Paved Shoulder,White,Male,NA,NA,No,NA,31-35 mph,Unknown Injury,Unknown/Missing,NA,Pickup,No,22MAR2011,Tuesday,Motorist Overtaking Bicyclist,10,Non-Intersection,March,C: Possible Injury,10:15:00,Motorist Overtaking - Other / Unknown,2011,Yes,Yes,Daylight,Straight - Grade,State Secondary Route,Dry,"Two-Way, Not Divided",None,No Special Feature,Coarse Asphalt,2 lanes,"35.3327969592, -79.3287027937"
2861,None - Rural Crash,Johnston,Coastal,Residential,Mixed (30% To 70% Developed),NA,Rural,5 - 15 MPH,Stop Sign,Clear,No,7,6-10,No,NA,With Traffic,C: Possible Injury,Travel Lane,Hispanic,Male,58,50-59,No,NA,0-5 mph,O: No Injury,White,Female,Passenger Car,No,23MAR2011,Wednesday,Bicyclist Failed to Yield - Sign-Controlled Intersection,17,Intersection,March,C: Possible Injury,17:27:00,Bicyclist Ride Through - Sign-Controlled Intersection,2011,Yes,No,Daylight,Straight - Level,State Secondary Route,Dry,"One-Way, Not Divided",None,No Special Feature,Smooth Asphalt,1 lane,"35.6502470609, -78.3842025252"
2865,Greenville,Pitt,Coastal,Residential,Urban (>70% Developed),NA,Urban,5 - 15 MPH,Stop And Go Signal,Clear,No,20,20-24,No,NA,With Traffic,O: No Injury,Bike Lane / Paved Shoulder,White,Male,27,25-29,No,NA,0-5 mph,O: No Injury,White,Female,Passenger Car,No,23FEB2011,Wednesday,Bicyclist Failed to Yield - Signalized Intersection,12,Intersection,February,O: No Injury,12:33:00,Bicyclist Failed to Clear - Trapped,2011,No,No,Daylight,Straight - Level,"Private Road, Driveway",Dry,"Two-Way, Divided, Positive Median Barrier",Other,"Driveway, Private",Coarse Asphalt,2 lanes,"35.5594670759, -77.3654022102"
2867,Charlotte,Mecklenburg,Piedmont,Commercial,Urban (>70% Developed),NA,Urban,20 - 25  MPH,No Control Present,Clear,No,20,20-24,No,NA,NA,B: Evident Injury,Travel Lane,Black,Male,22,20-24,No,NA,0-5 mph,O: No Injury,Black,Female,Passenger Car,No,21MAR2011,Monday,Parallel Paths - Other Circumstances,15,Non-Intersection,March,B: Evident Injury,15:05:00,Motorist Turn / Merge - Other / Unknown,2011,Yes,No,Daylight,Straight - Level,Local Street,Dry,"Two-Way, Not Divided",None,No Special Feature,Smooth Asphalt,4 lanes,"35.2264168822, -80.8442032424"
2874,Durham,Durham,Piedmont,Commercial,Urban (>70% Developed),NA,Urban,30 - 35  MPH,Stop And Go Signal,Cloudy,No,55,50-59,No,NA,With Traffic,C: Possible Injury,Sidewalk / Crosswalk / Driveway Crossing,Black,Male,45,40-49,No,NA,6-10 mph,O: No Injury,Hispanic,Male,Passenger Car,No,24MAR2011,Thursday,Motorist Failed to Yield - Signalized Intersection,16,Intersection,March,C: Possible Injury,16:01:00,Motorist Drive Out - Signalized Intersection,2011,Yes,No,Daylight,Straight - Level,Local Street,Dry,"Two-Way, Not Divided",None,Four-Way Intersection,Coarse Asphalt,3 lanes,"36.0100371183, -78.9220027071"
2876,Fayetteville,Cumberland,Coastal,Commercial,Urban (>70% Developed),NA,Urban,NA,No Control Present,Clear,Yes,34,30-39,No,NA,With Traffic,B: Evident Injury,Travel Lane,White,Female,NA,NA,Missing,NA,NA,Unknown Injury,Unknown/Missing,NA,NA,No,18MAR2011,Friday,Motorist Overtaking Bicyclist,1,Non-Intersection,March,B: Evident Injury,01:55:00,Motorist Overtaking - Other / Unknown,2011,Yes,Yes,Dark - Lighted Roadway,Straight - Level,Local Street,Dry,"Two-Way, Divided, Unprotected Median",None,No Special Feature,Coarse Asphalt,4 lanes,"35.1116669241, -78.9609026712"
2881,Monroe,Union,Piedmont,Commercial,Urban (>70% Developed),NA,Urban,40 - 45  MPH,Stop Sign,Clear,No,60,60-69,No,NA,With Traffic,C: Possible Injury,Travel Lane,White,Female,70+,70+,No,NA,36-40 mph,O: No Injury,White,Male,Van,No,24MAR2011,Thursday,Bicyclist Failed to Yield - Sign-Controlled Intersection,20,Intersection,March,C: Possible Injury,20:17:00,Bicyclist Ride Out - Sign-Controlled Intersection,2011,Yes,No,Dark - Lighted Roadway,Straight - Level,State Secondary Route,Dry,"Two-Way, Not Divided",None,No Special Feature,Smooth Asphalt,2 lanes,"35.0180368461, -80.6058031601"
2885,None - Rural Crash,Union,Piedmont,"Farms, Woods, Pastures",Rural (<30% Developed),NA,Rural,50 - 55  MPH,"Double Yellow Line, No Passing Zone",Clear,No,48,40-49,No,NA,With Traffic,B: Evident Injury,Travel Lane,White,Male,39,30-39,No,NA,41-45 mph,O: No Injury,White,Male,Pickup,No,19MAR2011,Saturday,Motorist Overtaking Bicyclist,11,Non-Intersection,March,B: Evident Injury,11:36:00,Motorist Overtaking - Misjudged Space,2011,No,No,Daylight,Straight - Level,State Secondary Route,Dry,"Two-Way, Not Divided",None,No Special Feature,Coarse Asphalt,2 lanes,"34.9004568243, -80.5073031246"
2886,None - Rural Crash,Rowan,Piedmont,Residential,Mixed (30% To 70% Developed),NA,Rural,50 - 55  MPH,"Double Yellow Line, No Passing Zone",Clear,No,11,11-15,No,NA,With Traffic,B: Evident Injury,Travel Lane,White,Male,30,30-39,No,NA,41-45 mph,O: No Injury,White,Female,Sport Utility,No,02APR2011,Saturday,Motorist Overtaking Bicyclist,17,Non-Intersection,April,B: Evident Injury,17:34:00,Motorist Overtaking - Bicyclist Swerved,2011,Yes,No,Daylight,Straight - Hillcrest,State Secondary Route,Dry,"Two-Way, Not Divided",None,No Special Feature,Coarse Asphalt,2 lanes,"35.5039169538, -80.496603153"
2893,None - Rural Crash,Martin,Coastal,"Farms, Woods, Pastures",Rural (<30% Developed),NA,Rural,50 - 55  MPH,"Double Yellow Line, No Passing Zone",Clear,No,50,50-59,No,NA,With Traffic,A: Disabling Injury,Travel Lane,White,Male,44,40-49,No,NA,51-55 mph,O: No Injury,White,Female,Sport Utility,No,29MAR2011,Tuesday,Bicyclist Left Turn / Merge,8,Non-Intersection,March,A: Disabling Injury,08:22:00,Bicyclist Left Turn - Same Direction,2011,Yes,No,Daylight,Straight - Grade,State Secondary Route,Dry,"Two-Way, Not Divided",None,"Driveway, Private",Coarse Asphalt,2 lanes,"35.7715671326, -77.0381021212"
2894,Concord,Cabarrus,Piedmont,Commercial,Urban (>70% Developed),NA,Urban,30 - 35  MPH,Stop Sign,Cloudy,No,61,60-69,No,NA,Facing Traffic,C: Possible Injury,Travel Lane,White,Male,64,60-69,No,NA,0-5 mph,O: No Injury,White,Male,Passenger Car,No,31MAR2011,Thursday,Motorist Failed to Yield - Sign-Controlled Intersection,16,Intersection,March,C: Possible Injury,16:13:00,Motorist Drive Out - Sign-Controlled Intersection,2011,No,No,Daylight,Straight - Level,Local Street,Dry,"Two-Way, Not Divided",None,No Special Feature,Smooth Asphalt,2 lanes,"35.4364269352, -80.604403182"
2901,Cary,Wake,Piedmont,Residential,Urban (>70% Developed),NA,Urban,30 - 35  MPH,Stop And Go Signal,Clear,No,11,11-15,No,NA,With Traffic,O: No Injury,Sidewalk / Crosswalk / Driveway Crossing,Black,Male,NA,NA,No,NA,16-20 mph,Unknown Injury,Unknown/Missing,NA,Passenger Car,No,04APR2011,Monday,Bicyclist Failed to Yield - Signalized Intersection,6,Intersection,April,O: No Injury,06:30:00,Bicyclist Ride Out - Signalized  Intersection,2011,No,Yes,Dawn,Straight - Level,State Secondary Route,Dry,"Two-Way, Not Divided",None,Four-Way Intersection,Smooth Asphalt,4 lanes,"35.7942670773, -78.7989026584"
2905,Ahoskie,Hertford,Coastal,Residential,Mixed (30% To 70% Developed),NA,Rural,20 - 25  MPH,Stop Sign,Clear,No,14,11-15,No,NA,Facing Traffic,C: Possible Injury,Travel Lane,Black,Male,40,40-49,No,NA,0-5 mph,O: No Injury,Black,Female,Passenger Car,No,02MAR2011,Wednesday,Crossing Paths - Other Circumstances,12,Intersection,March,C: Possible Injury,12:17:00,Sign-Controlled Intersection - Other / Unknown,2011,No,No,Daylight,Straight - Level,Local Street,Dry,"Two-Way, Not Divided",None,T-Intersection,Smooth Asphalt,2 lanes,"36.2786672442, -76.9793021291"