object_id,city,county,region,development,locality,on_road,rural_urban,speed_limit,traffic_control,weather,workzone,bike_age,bike_age_group,bike_alcohol,bike_alcohol_drugs,bike_direction,bike_injury,bike_position,bike_race,bike_sex,driver_age,driver_age_group,driver_alcohol,driver_alcohol_drugs,driver_est_speed,driver_injury,driver_race,driver_sex,driver_vehicle_type,crash_alcohol,crash_date,crash_day,crash_group,crash_hour,crash_location,crash_month,crash_severity,crash_time,crash_type,crash_year,ambulance_req,hit_run,light_condition,road_character,road_class,road_condition,road_configuration,road_defects,road_feature,road_surface,num_lanes,geo_point
2906,Cary,Wake,Piedmont,Commercial,Urban (>70% Developed),NA,Urban,40 - 45  MPH,Stop And Go Signal,Clear,No,37,30-39,No,NA,With Traffic,C: Possible Injury,Travel Lane,White,Male,69,60-69,No,NA,11-15 mph,O: No Injury,White,Male,Van,No,13APR2011,Wednesday,Motorist Left Turn / Merge,13,Intersection,April,C: Possible Injury,13:58:00,Motorist Left Turn - Opposite Direction,2011,Yes,No,Daylight,Straight - Level,State Secondary Route,Dry,"Two-Way, Divided, Unprotected Median",None,Four-Way Intersection,Smooth Asphalt,4 lanes,"35.8022070791, -78.7866026544"
2909,Durham,Durham,Piedmont,Residential,Urban (>70% Developed),NA,Urban,30 - 35  MPH,No Control Present,Clear,No,21,20-24,No,NA,With Traffic,C: Possible Injury,Bike Lane / Paved Shoulder,Hispanic,Male,66,60-69,No,NA,31-35 mph,O: No Injury,White,Male,Passenger Car,No,14APR2011,Thursday,Motorist Overtaking Bicyclist,17,Non-Intersection,April,C: Possible Injury,17:05:00,Motorist Overtaking - Other / Unknown,2011,No,No,Daylight,Straight - Level,Local Street,Dry,"Two-Way, Not Divided",None,No Special Feature,Coarse Asphalt,4 lanes,"35.9859071166, -78.8400026812"
2910,Salisbury,Rowan,Piedmont,Residential,Urban (>70% Developed),NA,Urban,30 - 35  MPH,No Control Present,Clear,No,4,0-5,No,NA,Not Applicable,C: Possible Injury,Driveway / Alley,Black,Male,39,30-39,No,NA,26-30 mph,O: No Injury,White,Female,Passenger Car,No,17APR2011,Sunday,Bicyclist Failed to Yield - Midblock,15,Non-Intersection,April,C: Possible Injury,15:08:00,Bicyclist Ride Out - Residential Driveway,2011,No,No,Daylight,Straight - Level,Local Street,Dry,"Two-Way, Not Divided",None,No Special Feature,Smooth Asphalt,2 lanes,"35.6596569869, -80.4925031603"
2915,Charlotte,Mecklenburg,Piedmont,Residential,Urban (>70% Developed),NA,Urban,30 - 35  MPH,Stop And Go Signal,Clear,No,26,25-29,No,NA,With Traffic,B: Evident Injury,Travel Lane,White,Male,46,40-49,No,NA,31-35 mph,O: No Injury,White,Female,Sport Utility,No,13APR2011,Wednesday,Loss of Control / Turning Error,6,Intersection,April,B: Evident Injury,06:43:00,Motorist Turning Error - Other,2011,Yes,No,Daylight,Straight - Level,Local Street,Dry,"Two-Way, Divided, Unprotected Median",None,Four-Way Intersection,Smooth Asphalt,4 lanes,"35.2058168785, -80.8104032309"
2927,Wilson,Wilson,Coastal,Residential,Urban (>70% Developed),NA,Urban,30 - 35  MPH,No Control Present,Clear,No,5,0-5,No,NA,Not Applicable,C: Possible Injury,Non-Roadway,White,Male,25,25-29,No,NA,0-5 mph,O: No Injury,Black,Male,Sport Utility,No,23JAN2011,Sunday,Non-Roadway,13,Non-Roadway,January,C: Possible Injury,13:47:00,Non-Roadway,2011,No,No,Daylight,Straight - Level,Public Vehicular Area,Dry,"Two-Way, Not Divided",None,No Special Feature,Concrete,NA,"35.7316170947, -77.918102387"
5132,Rocky Mount,Nash,Coastal,Commercial,Urban (>70% Developed),NA,Urban,40 - 45  MPH,Stop And Go Signal,Clear,No,46,40-49,Yes,NA,With Traffic,C: Possible Injury,Travel Lane,White,Male,38,30-39,No,NA,NA,O: No Injury,White,Female,Passenger Car,Yes,29JUL2009,Wednesday,Crossing Paths - Other Circumstances,18,Intersection,July,C: Possible Injury,18:00:00,Signalized Intersection - Other / Unknown,2009,Yes,No,Daylight,Straight - Level,Local Street,Dry,"Two-Way, Divided, Unprotected Median",None,Four-Way Intersection,Coarse Asphalt,7 lanes,"35.9637221468, -77.849462379"
5137,Emerald Isle,Carteret,Coastal,Residential,Urban (>70% Developed),NA,Rural,40 - 45  MPH,No Control Present,Clear,No,68,60-69,No,NA,With Traffic,C: Possible Injury,Travel Lane,White,Female,70+,70+,No,NA,31-35 mph,O: No Injury,White,Male,Passenger Car,No,29AUG2009,Saturday,Motorist Right Turn / Merge,11,Non-Intersection,August,C: Possible Injury,11:46:00,Motorist Right Turn - Same Direction,2009,Yes,No,Daylight,Straight - Level,NC Route,Dry,"Two-Way, Divided, Unprotected Median",None,No Special Feature,Smooth Asphalt,2 lanes,"34.6765238961, -76.9614620447"
5141,Salisbury,Rowan,Piedmont,Commercial,Urban (>70% Developed),NA,Urban,30 - 35  MPH,Stop Sign,Clear,No,38,30-39,Yes,NA,Facing Traffic,O: No Injury,Sidewalk / Crosswalk / Driveway Crossing,Black,Male,39,30-39,No,NA,21-25 mph,O: No Injury,White,Male,Police,Yes,14SEP2009,Monday,Motorist Left Turn / Merge,23,Intersection,September,O: No Injury,23:21:00,Motorist Left Turn - Same Direction,2009,No,No,Dark - Lighted Roadway,Straight - Grade,Local Street,Dry,"Two-Way, Not Divided",None,Four-Way Intersection,Smooth Asphalt,2 lanes,"35.6647449888, -80.4646031532"
5150,Monroe,Union,Piedmont,Commercial,Mixed (30% To 70% Developed),NA,Urban,30 - 35  MPH,No Control Present,Rain,No,46,40-49,No,NA,With Traffic,C: Possible Injury,Travel Lane,White,Male,70+,70+,No,NA,26-30 mph,O: No Injury,White,Male,Pickup,No,31AUG2009,Monday,Motorist Overtaking Bicyclist,6,Non-Intersection,August,C: Possible Injury,06:32:00,Motorist Overtaking - Other / Unknown,2009,Yes,No,Dark - Lighted Roadway,Straight - Level,US Route,Wet,"Two-Way, Not Divided",None,No Special Feature,Smooth Asphalt,4 lanes,"34.988764842, -80.5491031419"
5153,None - Rural Crash,Pitt,Coastal,Residential,Urban (>70% Developed),NA,Rural,50 - 55  MPH,"Double Yellow Line, No Passing Zone",Clear,No,16,16-19,No,NA,With Traffic,A: Disabling Injury,Bike Lane / Paved Shoulder,Black,Male,40,40-49,No,NA,46-50 mph,O: No Injury,Black,Female,Passenger Car,No,08AUG2009,Saturday,Bicyclist Left Turn / Merge,13,Non-Intersection,August,A: Disabling Injury,13:36:00,Bicyclist Left Turn - Same Direction,2009,Yes,No,Daylight,Straight - Level,State Secondary Route,Dry,"Two-Way, Not Divided",None,No Special Feature,Smooth Asphalt,2 lanes,"35.6497640936, -77.4161922309"
5155,Hendersonville,Henderson,Mountains,Commercial,Urban (>70% Developed),NA,Urban,30 - 35  MPH,Stop And Go Signal,Clear,No,23,20-24,No,NA,Not Applicable,B: Evident Injury,NA,White,Male,70+,70+,No,NA,6-10 mph,C: Possible Injury,White,Female,Passenger Car,No,03AUG2009,Monday,Bicyclist Failed to Yield - Midblock,15,Non-Intersection,August,B: Evident Injury,15:53:00,Multiple Threat - Midblock,2009,Yes,No,Daylight,Straight - Level,Local Street,Dry,"Two-Way, Not Divided",None,No Special Feature,Coarse Asphalt,3 lanes,"35.3369518455, -82.4458037234"
5156,Raleigh,Wake,Piedmont,Institutional,Urban (>70% Developed),NA,Urban,20 - 25  MPH,No Control Present,Clear,No,21,20-24,No,NA,With Traffic,B: Evident Injury,Travel Lane,White,Male,19,0-19,No,NA,6-10 mph,O: No Injury,White,Male,Pickup,No,02SEP2009,Wednesday,Backing Vehicle,12,Non-Intersection,September,B: Evident Injury,12:21:00,Backing Vehicle,2009,No,No,Daylight,Straight - Hillcrest,Local Street,Dry,"Two-Way, Not Divided",None,"Driveway, Private",Coarse Asphalt,2 lanes,"35.7811370787, -78.6807326212"
5157,Charlotte,Mecklenburg,Piedmont,Residential,Mixed (30% To 70% Developed),NA,Urban,20 - 25  MPH,No Control Present,Clear,No,13,11-15,No,NA,With Traffic,C: Possible Injury,Sidewalk / Crosswalk / Driveway Crossing,Black,Male,63,60-69,No,NA,6-10 mph,O: No Injury,Black,Female,Passenger Car,No,30AUG2009,Sunday,Motorist Right Turn / Merge,16,Non-Intersection,August,C: Possible Injury,16:56:00,Motorist Right Turn - Same Direction,2009,No,No,Daylight,Straight - Hillcrest,Local Street,Dry,"Two-Way, Not Divided",None,"Driveway, Private",Smooth Asphalt,2 lanes,"35.2383868894, -80.7124932034"
5158,None - Rural Crash,Washington,Coastal,Residential,Mixed (30% To 70% Developed),NA,Rural,50 - 55  MPH,No Control Present,Clear,No,14,11-15,No,NA,Not Applicable,B: Evident Injury,Driveway / Alley,Black,Male,70+,70+,No,NA,26-30 mph,O: No Injury,White,Female,Passenger Car,No,18SEP2009,Friday,Bicyclist Failed to Yield - Midblock,18,Non-Intersection,September,B: Evident Injury,18:35:00,Bicyclist Ride Out - Residential Driveway,2009,Yes,No,Daylight,Straight - Level,State Secondary Route,Dry,"Two-Way, Not Divided",None,"Driveway, Private",Smooth Asphalt,2 lanes,"35.8653411744, -76.3965319288"
5160,None - Rural Crash,Cleveland,Mountains,Residential,Mixed (30% To 70% Developed),NA,Rural,20 - 25  MPH,Stop Sign,Cloudy,No,12,11-15,No,NA,With Traffic,C: Possible Injury,Travel Lane,White,Female,22,20-24,No,NA,21-25 mph,O: No Injury,Black,Male,Passenger Car,No,21SEP2009,Monday,Bicyclist Failed to Yield - Sign-Controlled Intersection,19,Intersection,September,C: Possible Injury,19:48:00,Bicyclist Ride Through - Sign-Controlled Intersection,2009,Yes,No,Dark - Roadway Not Lighted,Straight - Level,State Secondary Route,Dry,"Two-Way, Not Divided",None,Four-Way Intersection,Coarse Asphalt,2 lanes,"35.3264498793, -81.502177443"
5163,Fayetteville,Cumberland,Coastal,Commercial,Urban (>70% Developed),NA,Urban,5 - 15 MPH,Stop Sign,Clear,No,36,30-39,No,NA,Facing Traffic,C: Possible Injury,Sidewalk / Crosswalk / Driveway Crossing,White,Male,41,40-49,No,NA,0-5 mph,O: No Injury,White,Female,Sport Utility,No,15SEP2009,Tuesday,Motorist Failed to Yield - Sign-Controlled Intersection,15,Intersection,September,C: Possible Injury,15:01:00,Motorist Drive Out - Sign-Controlled Intersection,2009,Yes,No,Daylight,Straight - Level,Local Street,Dry,"Two-Way, Divided, Unprotected Median",None,T-Intersection,Coarse Asphalt,2 lanes,"35.0687249147, -78.9661326702"
5173,Black Mountain,Buncombe,Mountains,Commercial,Mixed (30% To 70% Developed),NA,Urban,30 - 35  MPH,Stop And Go Signal,Cloudy,No,18,16-19,No,NA,Not Applicable,B: Evident Injury,Sidewalk / Crosswalk / Driveway Crossing,White,Male,42,40-49,No,NA,NA,O: No Injury,White,Male,Pickup,No,10SEP2009,Thursday,Other / Unknown - Insufficient Details,15,Non-Intersection,September,B: Evident Injury,15:53:00,Unknown Approach Paths,2009,No,Yes,Daylight,Straight - Grade,NC Route,Dry,"Two-Way, Not Divided",None,Four-Way Intersection,Smooth Asphalt,4 lanes,"35.6147719092, -82.3190137022"
5179,Charlotte,Mecklenburg,Piedmont,Residential,Urban (>70% Developed),NA,Urban,20 - 25  MPH,Stop Sign,Clear,No,10,6-10,No,NA,With Traffic,C: Possible Injury,Travel Lane,Black,Female,67,60-69,No,NA,11-15 mph,O: No Injury,White,Female,Passenger Car,No,11SEP2009,Friday,Loss of Control / Turning Error,17,Intersection,September,C: Possible Injury,17:45:00,Motorist Turning Error - Left Turn,2009,No,No,Daylight,Straight - Level,Local Street,Dry,"Two-Way, Not Divided",None,Four-Way Intersection,Smooth Asphalt,2 lanes,"35.1904938783, -80.729083206"
5203,None - Rural Crash,Columbus,Coastal,"Farms, Woods, Pastures",Rural (<30% Developed),NA,Rural,50 - 55  MPH,No Control Present,Clear,No,35,30-39,No,NA,With Traffic,C: Possible Injury,Travel Lane,White,Male,70+,70+,No,NA,51-55 mph,O: No Injury,White,Male,Pickup,No,02OCT2009,Friday,Motorist Overtaking Bicyclist,19,Non-Intersection,October,C: Possible Injury,19:29:00,Motorist Overtaking - Undetected Bicyclist,2009,Yes,No,Dark - Roadway Not Lighted,Straight - Level,State Secondary Route,Dry,"Two-Way, Not Divided",None,No Special Feature,Coarse Asphalt,2 lanes,"34.2778117496, -78.7290825595"
5210,None - Rural Crash,Catawba,Piedmont,Residential,Urban (>70% Developed),NA,Rural,40 - 45  MPH,"Double Yellow Line, No Passing Zone",Cloudy,No,18,16-19,Yes,NA,Facing Traffic,C: Possible Injury,Travel Lane,White,Male,25,25-29,No,NA,36-40 mph,O: No Injury,White,Male,Sport Utility,Yes,21SEP2009,Monday,Head-On,22,Non-Intersection,September,C: Possible Injury,22:13:00,Head-On - Bicyclist,2009,No,No,Dark - Roadway Not Lighted,Straight - Level,NC Route,Dry,"Two-Way, Not Divided",None,No Special Feature,Smooth Asphalt,2 lanes,"35.6505309587, -81.1974933704"
5219,Raleigh,Wake,Piedmont,Residential,Urban (>70% Developed),NA,Urban,30 - 35  MPH,No Control Present,Clear,No,10,6-10,No,NA,With Traffic,C: Possible Injury,Travel Lane,Black,Male,33,30-39,No,NA,26-30 mph,O: No Injury,Black,Female,Passenger Car,No,12SEP2009,Saturday,Bicyclist Failed to Yield - Midblock,17,Non-Intersection,September,C: Possible Injury,17:46:00,Bicyclist Ride Out - Other Midblock,2009,No,No,Daylight,Straight - Hillcrest,Local Street,Dry,"Two-Way, Not Divided",None,"Driveway, Public",Smooth Asphalt,2 lanes,"35.7447310716, -78.6537526112"
5221,Raleigh,Wake,Piedmont,Commercial,Urban (>70% Developed),NA,Urban,30 - 35  MPH,No Control Present,Clear,No,61,60-69,No,NA,With Traffic,B: Evident Injury,Travel Lane,White,Male,NA,NA,Missing,NA,16-20 mph,Unknown Injury,Unknown/Missing,NA,NA,No,08SEP2009,Tuesday,Motorist Right Turn / Merge,18,Non-Intersection,September,B: Evident Injury,18:23:00,Motorist Right Turn - Same Direction,2009,No,Yes,Daylight,Straight - Level,Local Street,Dry,"Two-Way, Not Divided",None,No Special Feature,Coarse Asphalt,4 lanes,"35.7908770815, -78.660262616"
5226,Weaverville,Buncombe,Mountains,Commercial,Urban (>70% Developed),NA,Rural,30 - 35  MPH,Stop And Go Signal,Cloudy,No,63,60-69,No,NA,With Traffic,B: Evident Injury,Travel Lane,White,Male,36,30-39,No,NA,11-15 mph,O: No Injury,White,Female,Passenger Car,No,17MAY2009,Sunday,Loss of Control / Turning Error,15,Intersection,May,B: Evident Injury,15:09:00,Motorist Turning Error - Right Turn,2009,Yes,No,Daylight,Straight - Grade,US Route,Wet,"Two-Way, Not Divided",None,No Special Feature,Smooth Asphalt,2 lanes,"35.71185192, -82.5607437794"
5234,Asheboro,Randolph,Piedmont,Commercial,Urban (>70% Developed),NA,Urban,NA,No Control Present,Clear,No,27,25-29,No,NA,Facing Traffic,C: Possible Injury,Sidewalk / Crosswalk / Driveway Crossing,White,Male,NA,NA,Missing,NA,0-5 mph,Unknown Injury,Unknown/Missing,NA,NA,No,18AUG2009,Tuesday,Motorist Failed to Yield - Midblock,18,Non-Intersection,August,C: Possible Injury,18:00:00,Motorist Drive Out - Commercial Driveway / Alley,2009,No,Yes,Daylight,Straight - Level,Local Street,Dry,"Two-Way, Not Divided",None,"Driveway, Public",Smooth Asphalt,2 lanes,"35.7057450219, -79.8154929607"
5242,Huntersville,Mecklenburg,Piedmont,Residential,Mixed (30% To 70% Developed),NA,Urban,40 - 45  MPH,"Double Yellow Line, No Passing Zone",Clear,No,48,40-49,No,NA,With Traffic,C: Possible Injury,Travel Lane,White,Male,27,25-29,No,NA,41-45 mph,O: No Injury,White,Female,Sport Utility,No,03OCT2009,Saturday,Motorist Overtaking Bicyclist,6,Non-Intersection,October,C: Possible Injury,06:14:00,Motorist Overtaking - Other / Unknown,2009,No,No,Dawn,Straight - Level,NC Route,Dry,"Two-Way, Not Divided",None,No Special Feature,Smooth Asphalt,2 lanes,"35.434406924, -80.9051932715"
5245,Asheville,Buncombe,Mountains,Commercial,Urban (>70% Developed),NA,Urban,40 - 45  MPH,Stop And Go Signal,Clear,No,25,25-29,No,NA,With Traffic,O: No Injury,Travel Lane,White,Male,22,20-24,No,NA,31-35 mph,O: No Injury,White,Male,Sport Utility,No,07OCT2009,Wednesday,Motorist Failed to Yield - Signalized Intersection,12,Intersection,October,O: No Injury,12:03:00,Motorist Drive Through - Signalized Intersection,2009,No,No,Daylight,Straight - Level,US Route,Dry,"Two-Way, Divided, Positive Median Barrier",None,Four-Way Intersection,Smooth Asphalt,7 lanes,"35.5867608921, -82.5973937827"
5249,Raleigh,Wake,Piedmont,Commercial,Urban (>70% Developed),NA,Urban,40 - 45  MPH,No Control Present,Clear,No,30,30-39,No,NA,Facing Traffic,B: Evident Injury,Sidewalk / Crosswalk / Driveway Crossing,Black,Male,63,60-69,No,NA,26-30 mph,O: No Injury,White,Male,Pickup,No,15SEP2009,Tuesday,Motorist Failed to Yield - Midblock,17,Non-Intersection,September,B: Evident Injury,17:13:00,Motorist Drive Out - Midblock - Unknown,2009,No,No,Daylight,Straight - Grade,Local Street,Dry,"Two-Way, Divided, Unprotected Median",None,No Special Feature,Coarse Asphalt,7 lanes,"35.849947097, -78.5813425946"
5252,Morehead City,Carteret,Coastal,Commercial,Urban (>70% Developed),NA,Urban,30 - 35  MPH,No Control Present,Clear,No,25,25-29,No,NA,Facing Traffic,B: Evident Injury,NA,Hispanic,Male,43,40-49,No,NA,11-15 mph,O: No Injury,White,Male,Passenger Car,No,03OCT2009,Saturday,Crossing Paths - Other Circumstances,15,Intersection,October,B: Evident Injury,15:05:00,Crossing Paths - Intersection - Other / Unknown,2009,Yes,No,Daylight,Straight - Level,Local Street,Dry,"Two-Way, Not Divided",None,Four-Way Intersection,Smooth Asphalt,3 lanes,"34.7241069141, -76.7352319772"
5253,Raleigh,Wake,Piedmont,Residential,Mixed (30% To 70% Developed),NA,Urban,30 - 35  MPH,No Control Present,Clear,No,19,16-19,No,NA,Not Applicable,B: Evident Injury,NA,Black,Male,NA,NA,Missing,NA,31-35 mph,Unknown Injury,Unknown/Missing,NA,Sport Utility,No,27SEP2009,Sunday,Bicyclist Failed to Yield - Midblock,20,Non-Intersection,September,B: Evident Injury,20:49:00,Bicyclist Ride Out - Midblock - Unknown,2009,Yes,Yes,Dark - Lighted Roadway,Straight - Level,Local Street,Dry,"Two-Way, Not Divided",None,No Special Feature,Smooth Asphalt,2 lanes,"35.7468830735, -78.6068675973"
5257,Asheville,Buncombe,Mountains,Commercial,Urban (>70% Developed),NA,Urban,20 - 25  MPH,Stop Sign,Clear,No,17,16-19,No,NA,Facing Traffic,B: Evident Injury,Sidewalk / Crosswalk / Driveway Crossing,White,Female,NA,NA,Missing,NA,6-10 mph,Unknown Injury,Unknown/Missing,NA,Pickup,No,22SEP2009,Tuesday,Motorist Failed to Yield - Sign-Controlled Intersection,19,Intersection,September,B: Evident Injury,19:00:00,Motorist Drive Out - Sign-Controlled Intersection,2009,No,Yes,Dusk,Straight - Level,Public Vehicular Area,Dry,NA,None,T-Intersection,Smooth Asphalt,2 lanes,"35.6302409032, -82.5530887717"
5268,Mcadenville,Gaston,Piedmont,Residential,Urban (>70% Developed),NA,Rural,40 - 45  MPH,"Double Yellow Line, No Passing Zone",Clear,No,54,50-59,No,NA,With Traffic,C: Possible Injury,Travel Lane,White,Male,24,20-24,No,NA,6-10 mph,Unknown Injury,White,Male,Passenger Car,No,27SEP2009,Sunday,Motorist Left Turn / Merge,19,Intersection,September,C: Possible Injury,19:36:00,Motorist Left Turn - Opposite Direction,2009,Yes,No,Dusk,Straight - Level,Local Street,Dry,"Two-Way, Divided, Unprotected Median",None,T-Intersection,Smooth Asphalt,2 lanes,"35.268346884, -81.0379233026"
5282,Asheville,Buncombe,Mountains,Commercial,Urban (>70% Developed),NA,Urban,20 - 25  MPH,"Double Yellow Line, No Passing Zone",Clear,No,20,20-24,No,NA,With Traffic,B: Evident Injury,Bike Lane / Paved Shoulder,White,Female,38,30-39,No,NA,0-5 mph,O: No Injury,White,Male,Pickup,No,22OCT2009,Thursday,Motorist Right Turn / Merge,11,Non-Intersection,October,B: Evident Injury,11:21:00,Motorist Right Turn - Same Direction,2009,Yes,No,Daylight,Straight - Grade,Local Street,Dry,"Two-Way, Divided, Positive Median Barrier",None,No Special Feature,Smooth Asphalt,2 lanes,"35.5964428964, -82.5486637691"
5286,None - Rural Crash,Onslow,Coastal,Institutional,Rural (<30% Developed),NA,Rural,40 - 45  MPH,No Control Present,Clear,No,22,20-24,No,NA,With Traffic,C: Possible Injury,Travel Lane,White,Male,NA,NA,Missing,NA,31-35 mph,Unknown Injury,Unknown/Missing,NA,NA,No,07NOV2009,Saturday,Motorist Overtaking Bicyclist,7,Non-Intersection,November,C: Possible Injury,07:05:00,Motorist Overtaking - Other / Unknown,2009,Yes,Yes,Daylight,Straight - Level,State Secondary Route,Dry,"Two-Way, Not Divided",None,No Special Feature,Coarse Asphalt,2 lanes,"34.8152609122, -77.4120621873"
5290,Wilmington,New Hanover,Coastal,Residential,Urban (>70% Developed),NA,Urban,30 - 35  MPH,Stop Sign,Clear,No,53,50-59,No,NA,With Traffic,B: Evident Injury,Travel Lane,White,Male,20,20-24,No,NA,NA,O: No Injury,Black,Female,Passenger Car,No,23OCT2009,Friday,Motorist Failed to Yield - Sign-Controlled Intersection,7,Intersection,October,B: Evident Injury,07:57:00,Motorist Drive Out - Sign-Controlled Intersection,2009,No,No,Daylight,Straight - Grade,Local Street,Dry,"Two-Way, Not Divided",None,Four-Way Intersection,Coarse Asphalt,2 lanes,"34.2219307632, -77.9415383199"
5293,None - Rural Crash,Guilford,Piedmont,"Farms, Woods, Pastures",Rural (<30% Developed),NA,Rural,40 - 45  MPH,"Double Yellow Line, No Passing Zone",Clear,No,38,30-39,Yes,NA,With Traffic,C: Possible Injury,Travel Lane,White,Male,70+,70+,No,NA,31-35 mph,O: No Injury,White,Male,Pickup,Yes,09NOV2009,Monday,Loss of Control / Turning Error,21,Non-Intersection,November,C: Possible Injury,21:31:00,Bicyclist Lost Control - Other / Unknown,2009,No,No,Dark - Roadway Not Lighted,Straight - Level,State Secondary Route,Dry,"Two-Way, Not Divided",None,No Special Feature,Coarse Asphalt,2 lanes,"36.1077231114, -79.6941729461"
5296,None - Rural Crash,Richmond,Piedmont,Residential,Urban (>70% Developed),NA,Rural,50 - 55  MPH,"Double Yellow Line, No Passing Zone",Clear,No,12,11-15,No,NA,With Traffic,B: Evident Injury,Travel Lane,White,Female,44,40-49,No,NA,41-45 mph,O: No Injury,White,Male,Pickup,No,24OCT2009,Saturday,Bicyclist Left Turn / Merge,17,Non-Intersection,October,B: Evident Injury,17:07:00,Bicyclist Left Turn - Same Direction,2009,Yes,No,Daylight,Straight - Level,State Secondary Route,Dry,"Two-Way, Not Divided",None,No Special Feature,Smooth Asphalt,2 lanes,"34.9042568496, -79.8129829166"
5299,Raleigh,Wake,Piedmont,Residential,Urban (>70% Developed),NA,Urban,30 - 35  MPH,No Control Present,Clear,No,56,50-59,Yes,NA,With Traffic,B: Evident Injury,Travel Lane,Black,Male,57,50-59,No,NA,6-10 mph,O: No Injury,White,Male,Pickup,Yes,13OCT2009,Tuesday,Motorist Left Turn / Merge,15,Intersection-Related,October,B: Evident Injury,15:51:00,Motorist Left Turn - Opposite Direction,2009,Yes,No,Daylight,Straight - Level,Local Street,Dry,"One-Way, Not Divided",None,No Special Feature,Smooth Asphalt,4 lanes,"35.7877500825, -78.6136026011"
5301,None - Rural Crash,Catawba,Piedmont,Residential,Mixed (30% To 70% Developed),NA,Rural,40 - 45  MPH,"Double Yellow Line, No Passing Zone",Clear,No,45,40-49,No,NA,With Traffic,C: Possible Injury,Travel Lane,White,Male,32,30-39,No,NA,41-45 mph,O: No Injury,White,Female,Sport Utility,No,16NOV2009,Monday,Motorist Overtaking Bicyclist,7,Non-Intersection,November,C: Possible Injury,07:39:00,Motorist Overtaking - Misjudged Space,2009,No,No,Daylight,Straight - Grade,State Secondary Route,Dry,"Two-Way, Not Divided",None,No Special Feature,Smooth Asphalt,2 lanes,"35.7557569796, -81.2470433917"
5303,Greensboro,Guilford,Piedmont,Commercial,Urban (>70% Developed),NA,Urban,30 - 35  MPH,No Control Present,Clear,No,28,25-29,Yes,NA,Not Applicable,B: Evident Injury,Travel Lane,White,Male,NA,NA,Missing,NA,NA,Unknown Injury,Unknown/Missing,NA,NA,Yes,02NOV2009,Monday,Bicyclist Failed to Yield - Midblock,22,Non-Intersection,November,B: Evident Injury,22:53:00,Bicyclist Ride Out - Midblock - Unknown,2009,Yes,Yes,Dark - Lighted Roadway,Straight - Level,Local Street,Dry,"Two-Way, Not Divided",None,No Special Feature,Coarse Asphalt,5 lanes,"36.0633570975, -79.8067529777"
5306,Havelock,Craven,Coastal,Commercial,Urban (>70% Developed),NA,Urban,30 - 35  MPH,Stop Sign,Clear,No,22,20-24,No,NA,Facing Traffic,C: Possible Injury,Travel Lane,Black,Male,62,60-69,No,NA,0-5 mph,O: No Injury,White,Male,Passenger Car,No,02OCT2009,Friday,Motorist Failed to Yield - Sign-Controlled Intersection,12,Intersection,October,C: Possible Injury,12:27:00,Motorist Drive Out - Sign-Controlled Intersection,2009,Yes,No,Daylight,Straight - Level,Local Street,"Water (Standing, Moving)","Two-Way, Divided, Unprotected Median",None,No Special Feature,Smooth Asphalt,2 lanes,"34.8682169399, -76.9000920343"
5314,None - Rural Crash,Guilford,Piedmont,Residential,Mixed (30% To 70% Developed),NA,Rural,40 - 45  MPH,"Double Yellow Line, No Passing Zone",Cloudy,No,49,40-49,No,NA,With Traffic,O: No Injury,Bike Lane / Paved Shoulder,White,Male,31,30-39,No,NA,66-70 mph,B: Evident Injury,Black,Male,Passenger Car,No,17OCT2009,Saturday,Loss of Control / Turning Error,12,Intersection-Related,October,B: Evident Injury,12:25:00,"Motorist Lost Control - Oversteering, Improper Braking, Speed",2009,Yes,No,Daylight,Curve - Hillcrest,State Secondary Route,Dry,"Two-Way, Not Divided",None,T-Intersection,Smooth Asphalt,2 lanes,"36.0597601009, -79.7128229493"
5320,None - Rural Crash,Rockingham,Piedmont,"Farms, Woods, Pastures",Rural (<30% Developed),NA,Rural,40 - 45  MPH,"Double Yellow Line, No Passing Zone",Clear,No,17,16-19,No,NA,With Traffic,C: Possible Injury,Travel Lane,White,Male,70+,70+,No,NA,41-45 mph,Unknown Injury,Unknown/Missing,Male,Passenger Car,No,26NOV2009,Thursday,Loss of Control / Turning Error,14,Non-Intersection,November,C: Possible Injury,14:30:00,Motorist Lost Control - Other / Unknown,2009,Yes,Yes,Daylight,Curve - Grade,State Secondary Route,Dry,"Two-Way, Not Divided",None,No Special Feature,Smooth Asphalt,2 lanes,"36.4741071841, -79.8106530022"
5322,Durham,Durham,Piedmont,Residential,Urban (>70% Developed),NA,Urban,40 - 45  MPH,No Control Present,Clear,No,57,50-59,No,NA,With Traffic,B: Evident Injury,Travel Lane,Asian,Male,NA,NA,Missing,NA,41-45 mph,Unknown Injury,Unknown/Missing,NA,NA,No,30OCT2009,Friday,Motorist Overtaking Bicyclist,21,Intersection,October,B: Evident Injury,21:09:00,Motorist Overtaking - Misjudged Space,2009,No,Yes,Dark - Roadway Not Lighted,Straight - Hillcrest,NC Route,Dry,"Two-Way, Divided, Unprotected Median",None,T-Intersection,Coarse Asphalt,2 lanes,"35.9165830977, -78.9511227105"