object_id,city,county,region,development,locality,on_road,rural_urban,speed_limit,traffic_control,weather,workzone,bike_age,bike_age_group,bike_alcohol,bike_alcohol_drugs,bike_direction,bike_injury,bike_position,bike_race,bike_sex,driver_age,driver_age_group,driver_alcohol,driver_alcohol_drugs,driver_est_speed,driver_injury,driver_race,driver_sex,driver_vehicle_type,crash_alcohol,crash_date,crash_day,crash_group,crash_hour,crash_location,crash_month,crash_severity,crash_time,crash_type,crash_year,ambulance_req,hit_run,light_condition,road_character,road_class,road_condition,road_configuration,road_defects,road_feature,road_surface,num_lanes,geo_point
5325,Morrisville,Wake,Piedmont,Commercial,Mixed (30% To 70% Developed),NA,Urban,40 - 45  MPH,"Double Yellow Line, No Passing Zone",Clear,No,47,40-49,No,NA,With Traffic,C: Possible Injury,Travel Lane,Hispanic,Female,28,25-29,No,NA,6-10 mph,O: No Injury,White,Male,Pickup,No,09NOV2009,Monday,Motorist Failed to Yield - Midblock,7,Non-Intersection,November,C: Possible Injury,07:00:00,Motorist Drive Out - Other Midblock,2009,Yes,No,Daylight,Straight - Level,NC Route,Dry,"Two-Way, Not Divided",None,No Special Feature,Smooth Asphalt,2 lanes,"35.8368710849, -78.82955267"
5335,Raleigh,Wake,Piedmont,Commercial,Urban (>70% Developed),NA,Urban,30 - 35  MPH,Stop And Go Signal,Clear,No,54,50-59,No,NA,Facing Traffic,Unknown Injury,Travel Lane,White,Male,28,25-29,No,NA,6-10 mph,O: No Injury,Hispanic,Female,Passenger Car,No,06NOV2009,Friday,Parallel Paths - Other Circumstances,17,Intersection,November,O: No Injury,17:27:00,Parallel Paths - Other / Unknown,2009,No,No,Daylight,Straight - Hillcrest,Local Street,Dry,"Two-Way, Divided, Unprotected Median",None,No Special Feature,Smooth Asphalt,7 lanes,"35.7865020825, -78.5888725945"
5358,Boone,Watauga,Mountains,Commercial,Mixed (30% To 70% Developed),NA,Urban,20 - 25  MPH,No Control Present,Clear,No,23,20-24,No,NA,With Traffic,O: No Injury,Travel Lane,White,Female,21,20-24,No,NA,0-5 mph,O: No Injury,White,Female,Passenger Car,No,24NOV2009,Tuesday,Motorist Right Turn / Merge,13,Non-Intersection,November,O: No Injury,13:14:00,Motorist Right Turn - Same Direction,2009,No,No,Daylight,Straight - Grade,Local Street,Dry,"Two-Way, Not Divided",None,No Special Feature,Smooth Asphalt,2 lanes,"36.216495059, -81.6760235462"
5362,Cary,Wake,Piedmont,Commercial,Urban (>70% Developed),NA,Urban,5 - 15 MPH,Stop Sign,Clear,No,23,20-24,No,NA,Facing Traffic,B: Evident Injury,Sidewalk / Crosswalk / Driveway Crossing,White,Male,21,20-24,No,NA,0-5 mph,O: No Injury,White,Female,Passenger Car,No,22DEC2009,Tuesday,Motorist Failed to Yield - Sign-Controlled Intersection,15,Intersection,December,B: Evident Injury,15:12:00,Motorist Drive Out - Sign-Controlled Intersection,2009,Yes,No,Daylight,Straight - Grade,Public Vehicular Area,Dry,"Two-Way, Not Divided",None,"Driveway, Public",Smooth Asphalt,2 lanes,"35.7440830675, -78.7609426444"
5366,Raleigh,Wake,Piedmont,Commercial,Urban (>70% Developed),NA,Urban,40 - 45  MPH,No Control Present,Rain,No,29,25-29,No,NA,With Traffic,C: Possible Injury,Travel Lane,White,Male,NA,NA,Missing,NA,16-20 mph,Unknown Injury,Unknown/Missing,NA,NA,No,02DEC2009,Wednesday,Motorist Overtaking Bicyclist,12,Non-Intersection,December,C: Possible Injury,12:52:00,Motorist Overtaking - Other / Unknown,2009,No,Yes,Daylight,Straight - Level,Local Street,Wet,"Two-Way, Divided, Unprotected Median",None,No Special Feature,Smooth Asphalt,5 lanes,"35.9185941032, -78.7997526653"
5373,None - Rural Crash,Greene,Coastal,"Farms, Woods, Pastures",Rural (<30% Developed),NA,Rural,50 - 55  MPH,No Control Present,Clear,No,52,50-59,No,NA,With Traffic,B: Evident Injury,Travel Lane,Black,Male,23,20-24,No,NA,51-55 mph,O: No Injury,White,Male,Pickup,No,29NOV2009,Sunday,Motorist Overtaking Bicyclist,16,Non-Intersection,November,B: Evident Injury,16:44:00,Motorist Overtaking - Undetected Bicyclist,2009,Yes,No,Daylight,Straight - Level,State Secondary Route,Dry,"Two-Way, Not Divided",None,"Driveway, Private",Coarse Asphalt,2 lanes,"35.5875310708, -77.6916623114"
5382,Goldsboro,Wayne,Coastal,Commercial,Urban (>70% Developed),NA,Urban,20 - 25  MPH,Stop And Go Signal,Cloudy,No,66,60-69,No,NA,With Traffic,B: Evident Injury,Travel Lane,Black,Male,68,60-69,No,NA,6-10 mph,O: No Injury,White,Female,Sport Utility,No,04DEC2009,Friday,Bicyclist Failed to Yield - Signalized Intersection,18,Intersection,December,B: Evident Injury,18:00:00,Bicyclist Ride Through - Signalized Intersection,2009,No,No,Dark - Lighted Roadway,Straight - Level,Local Street,Dry,"Two-Way, Not Divided",None,Four-Way Intersection,Smooth Asphalt,5 lanes,"35.3846970165, -77.9926173928"
5396,Bessemer City,Gaston,Piedmont,Residential,Urban (>70% Developed),NA,Urban,40 - 45  MPH,Stop Sign,Clear,No,30,30-39,No,NA,With Traffic,B: Evident Injury,Travel Lane,White,Female,46,40-49,No,NA,31-35 mph,O: No Injury,White,Female,Sport Utility,No,22DEC2009,Tuesday,Motorist Overtaking Bicyclist,8,Non-Intersection,December,B: Evident Injury,08:15:00,Motorist Overtaking - Misjudged Space,2009,Yes,No,Daylight,Straight - Level,Local Street,Dry,"Two-Way, Not Divided",None,No Special Feature,Smooth Asphalt,2 lanes,"35.270441876, -81.2618733688"
5405,Ayden,Pitt,Coastal,Residential,Mixed (30% To 70% Developed),NA,Rural,60 - 75 MPH,No Control Present,Rain,No,65,60-69,No,NA,With Traffic,C: Possible Injury,Travel Lane,White,Male,22,20-24,No,NA,56-60 mph,O: No Injury,Black,Female,Passenger Car,No,18DEC2009,Friday,Bicyclist Failed to Yield - Sign-Controlled Intersection,17,Intersection,December,C: Possible Injury,17:31:00,Bicyclist Ride Out - Sign-Controlled Intersection,2009,Yes,No,Dark - Roadway Not Lighted,Straight - Level,NC Route,Wet,"Two-Way, Divided, Unprotected Median",None,No Special Feature,Smooth Asphalt,4 lanes,"35.4919390592, -77.4284922264"
5409,Nags Head,Dare,Coastal,Residential,Urban (>70% Developed),NA,Rural,30 - 35  MPH,No Control Present,Clear,No,14,11-15,No,NA,NA,B: Evident Injury,NA,White,Male,65,60-69,No,NA,36-40 mph,O: No Injury,Black,Male,Pickup,No,07AUG2009,Friday,Other / Unknown - Insufficient Details,8,Unknown Location,August,B: Evident Injury,08:02:00,Unknown Location,2009,Yes,No,Daylight,Straight - Level,NC Route,Dry,"Two-Way, Not Divided",None,No Special Feature,Smooth Asphalt,2 lanes,"35.9364692156, -75.612405692"
5413,Wilson,Wilson,Coastal,Commercial,Urban (>70% Developed),NA,Urban,30 - 35  MPH,Stop And Go Signal,Clear,No,61,60-69,No,NA,Facing Traffic,C: Possible Injury,Travel Lane,Black,Male,30,30-39,No,NA,NA,O: No Injury,Black,Female,Passenger Car,No,26JUN2009,Friday,Head-On,14,Intersection-Related,June,C: Possible Injury,14:05:00,Head-On - Bicyclist,2009,Yes,No,Daylight,Straight - Grade,Local Street,Dry,"Two-Way, Not Divided",None,No Special Feature,Coarse Asphalt,3 lanes,"35.7133570904, -77.9319623902"
5416,Charlotte,Mecklenburg,Piedmont,Commercial,Urban (>70% Developed),NA,Urban,5 - 15 MPH,Stop Sign,Clear,No,49,40-49,No,NA,Facing Traffic,C: Possible Injury,Sidewalk / Crosswalk / Driveway Crossing,Black,Male,37,30-39,No,NA,0-5 mph,O: No Injury,White,Female,Passenger Car,No,15NOV2009,Sunday,Motorist Failed to Yield - Midblock,13,Non-Intersection,November,C: Possible Injury,13:09:00,Motorist Drive Out - Commercial Driveway / Alley,2009,No,No,Daylight,Straight - Grade,Local Street,Dry,"Two-Way, Not Divided",None,"Driveway, Private",Concrete,5 lanes,"35.1428068677, -80.7408832071"
5422,Charlotte,Mecklenburg,Piedmont,Residential,Urban (>70% Developed),NA,Urban,30 - 35  MPH,Stop Sign,Clear,No,69,60-69,No,NA,With Traffic,B: Evident Injury,Travel Lane,White,Male,57,50-59,No,NA,11-15 mph,O: No Injury,White,Male,Passenger Car,No,27SEP2009,Sunday,Motorist Failed to Yield - Sign-Controlled Intersection,14,Intersection,September,B: Evident Injury,14:25:00,Motorist Drive Out - Sign-Controlled Intersection,2009,No,No,Daylight,Straight - Level,Local Street,Dry,"Two-Way, Not Divided",None,Four-Way Intersection,Smooth Asphalt,4 lanes,"35.179430872, -80.8370092369"
5427,Erwin,Harnett,Coastal,Commercial,Urban (>70% Developed),NA,Rural,30 - 35  MPH,No Control Present,Clear,No,34,30-39,No,NA,With Traffic,Unknown Injury,Travel Lane,Unknown/Missing,NA,NA,NA,Missing,NA,31-35 mph,Unknown Injury,Unknown/Missing,NA,NA,No,17AUG2009,Monday,Bicyclist Left Turn / Merge,18,Non-Intersection,August,Unknown Injury,18:16:00,Bicyclist Left Turn - Same Direction,2009,Yes,Yes,Daylight,Curve - Level,Local Street,Dry,"Two-Way, Not Divided",None,No Special Feature,Smooth Asphalt,2 lanes,"35.3198469792, -78.6770925959"
5437,Charlotte,Mecklenburg,Piedmont,Commercial,Urban (>70% Developed),NA,Urban,30 - 35  MPH,Stop And Go Signal,Clear,No,26,25-29,No,NA,With Traffic,A: Disabling Injury,Travel Lane,White,Male,22,20-24,Yes,NA,26-30 mph,O: No Injury,White,Female,Sport Utility,Yes,26MAY2009,Tuesday,Other / Unknown - Insufficient Details,0,Intersection,May,A: Disabling Injury,00:44:00,Unknown Approach Paths,2009,No,No,Dark - Lighted Roadway,Straight - Level,Local Street,Dry,"Two-Way, Not Divided",None,Four-Way Intersection,Other,4 lanes,"35.2237238818, -80.8390932409"
5442,Charlotte,Mecklenburg,Piedmont,Residential,Urban (>70% Developed),NA,Urban,20 - 25  MPH,No Control Present,Clear,No,8,6-10,No,NA,NA,C: Possible Injury,NA,Black,Male,68,60-69,No,NA,11-15 mph,O: No Injury,Black,Male,Pickup,No,03APR2009,Friday,Bicyclist Failed to Yield - Midblock,19,Non-Intersection,April,C: Possible Injury,19:33:00,Bicyclist Ride Out - Midblock - Unknown,2009,Yes,No,Daylight,Straight - Level,Local Street,Dry,"Two-Way, Not Divided",None,"Driveway, Public",Smooth Asphalt,2 lanes,"35.1350238589, -80.942923267"
5449,Charlotte,Mecklenburg,Piedmont,Commercial,Urban (>70% Developed),NA,Urban,20 - 25  MPH,Stop And Go Signal,Clear,No,43,40-49,No,NA,With Traffic,O: No Injury,Sidewalk / Crosswalk / Driveway Crossing,White,Male,54,50-59,No,NA,0-5 mph,O: No Injury,White,Female,"Light Truck (Mini-Van, Panel)",No,25JAN2008,Friday,Bicyclist Failed to Yield - Signalized Intersection,9,Intersection,January,O: No Injury,09:03:00,Bicyclist Failed to Clear - Trapped,2008,No,No,Daylight,Straight - Level,Local Street,Dry,"Two-Way, Not Divided",None,Four-Way Intersection,Smooth Asphalt,3 lanes,"35.2127868798, -80.8256182362"
5457,Benson,Johnston,Coastal,Residential,Rural (<30% Developed),NA,Rural,40 - 45  MPH,"Double Yellow Line, No Passing Zone",Clear,No,41,40-49,No,NA,With Traffic,C: Possible Injury,Bike Lane / Paved Shoulder,Hispanic,Male,70+,70+,No,NA,26-30 mph,O: No Injury,White,Male,"Light Truck (Mini-Van, Panel)",No,14FEB2008,Thursday,Motorist Overtaking Bicyclist,18,Non-Intersection,February,C: Possible Injury,18:59:00,Motorist Overtaking - Undetected Bicyclist,2008,Yes,No,Dark - Lighted Roadway,Curve - Level,Local Street,Dry,"Two-Way, Not Divided",None,No Special Feature,Smooth Asphalt,2 lanes,"35.3819269979, -78.5343825565"
5458,Charlotte,Mecklenburg,Piedmont,Residential,Mixed (30% To 70% Developed),NA,Urban,30 - 35  MPH,Stop Sign,Clear,No,8,6-10,No,NA,Facing Traffic,B: Evident Injury,Sidewalk / Crosswalk / Driveway Crossing,Black,Female,18,0-19,No,NA,0-5 mph,O: No Injury,White,Male,Passenger Car,No,16FEB2008,Saturday,Motorist Failed to Yield - Sign-Controlled Intersection,18,Intersection,February,B: Evident Injury,18:24:00,Motorist Drive Out - Sign-Controlled Intersection,2008,No,No,Dusk,Straight - Level,Local Street,Dry,"Two-Way, Not Divided",None,Four-Way Intersection,Smooth Asphalt,2 lanes,"35.3112208961, -80.9426992757"
5462,Charlotte,Mecklenburg,Piedmont,Commercial,Urban (>70% Developed),NA,Urban,40 - 45  MPH,No Control Present,Rain,No,40,40-49,No,NA,Facing Traffic,O: No Injury,Travel Lane,Black,Male,29,25-29,No,NA,11-15 mph,O: No Injury,Asian,Female,Passenger Car,No,22JAN2008,Tuesday,Crossing Paths - Other Circumstances,16,Intersection-Related,January,O: No Injury,16:21:00,Crossing Paths - Intersection - Other / Unknown,2008,No,No,Daylight,Straight - Level,Local Street,Wet,"Two-Way, Divided, Positive Median Barrier",None,No Special Feature,Coarse Asphalt,8 lanes,"35.1835088761, -80.7563532133"
5474,None - Rural Crash,Guilford,Piedmont,"Farms, Woods, Pastures",Rural (<30% Developed),NA,Rural,40 - 45  MPH,Stop Sign,Clear,No,68,60-69,No,NA,With Traffic,C: Possible Injury,Travel Lane,White,Male,70+,70+,No,NA,11-15 mph,O: No Injury,White,Male,Pickup,No,01JAN2008,Tuesday,Loss of Control / Turning Error,15,Intersection,January,C: Possible Injury,15:41:00,Motorist Turning Error - Left Turn,2008,Yes,No,Daylight,Straight - Level,State Secondary Route,Dry,"Two-Way, Not Divided",None,T-Intersection,Coarse Asphalt,2 lanes,"36.1114041139, -79.6393929294"
5479,Charlotte,Mecklenburg,Piedmont,Commercial,Urban (>70% Developed),NA,Urban,30 - 35  MPH,Stop Sign,Clear,No,48,40-49,No,NA,With Traffic,B: Evident Injury,Bike Lane / Paved Shoulder,White,Male,34,30-39,No,NA,6-10 mph,O: No Injury,White,Male,Passenger Car,No,02APR2008,Wednesday,Motorist Left Turn / Merge,19,Intersection,April,B: Evident Injury,19:41:00,Motorist Left Turn - Opposite Direction,2008,Yes,No,Daylight,Straight - Grade,Local Street,NA,"Two-Way, Not Divided",None,T-Intersection,Coarse Asphalt,2 lanes,"35.1988748767, -80.84034324"
5486,Gastonia,Gaston,Piedmont,Residential,Urban (>70% Developed),NA,Urban,20 - 25  MPH,Stop Sign,Clear,No,10,6-10,No,NA,With Traffic,C: Possible Injury,Travel Lane,Black,Male,33,30-39,No,NA,16-20 mph,O: No Injury,White,Male,Pickup,No,09JAN2008,Wednesday,Bicyclist Failed to Yield - Sign-Controlled Intersection,16,Intersection,January,C: Possible Injury,16:06:00,Bicyclist Ride Through - Sign-Controlled Intersection,2008,No,No,Daylight,Straight - Level,Local Street,Dry,"Two-Way, Not Divided",None,Four-Way Intersection,Coarse Asphalt,2 lanes,"35.2564198751, -81.211978353"
5488,None - Rural Crash,Granville,Piedmont,"Farms, Woods, Pastures",Rural (<30% Developed),NA,Rural,50 - 55  MPH,"Double Yellow Line, No Passing Zone",Cloudy,No,42,40-49,No,NA,With Traffic,C: Possible Injury,Travel Lane,Black,Male,43,40-49,No,NA,51-55 mph,O: No Injury,White,Male,Pickup,No,10JAN2008,Thursday,Motorist Overtaking Bicyclist,22,Non-Intersection,January,C: Possible Injury,22:00:00,Motorist Overtaking - Undetected Bicyclist,2008,Yes,No,Dark - Roadway Not Lighted,Straight - Level,US Route,Dry,"Two-Way, Not Divided",None,No Special Feature,Smooth Asphalt,2 lanes,"36.3625142057, -78.5909426255"
5491,Durham,Durham,Piedmont,Residential,Urban (>70% Developed),NA,Urban,30 - 35  MPH,Stop Sign,Rain,No,8,6-10,No,NA,With Traffic,O: No Injury,Travel Lane,Black,Male,70+,70+,No,NA,31-35 mph,O: No Injury,Black,Female,Passenger Car,No,03APR2008,Thursday,Bicyclist Failed to Yield - Sign-Controlled Intersection,17,Intersection,April,O: No Injury,17:29:00,Bicyclist Ride Out - Sign-Controlled Intersection,2008,No,No,Daylight,Straight - Level,Local Street,Wet,"Two-Way, Divided, Unprotected Median",None,Four-Way Intersection,Smooth Asphalt,2 lanes,"36.0420371267, -78.8899866993"
5493,Raleigh,Wake,Piedmont,Residential,Urban (>70% Developed),NA,Urban,30 - 35  MPH,No Control Present,Clear,No,44,40-49,Yes,NA,With Traffic,Unknown Injury,Driveway / Alley,Black,Female,38,30-39,No,NA,0-5 mph,O: No Injury,Black,Male,Passenger Car,Yes,11JAN2008,Friday,Parallel Paths - Other Circumstances,20,Intersection,January,O: No Injury,20:15:00,Parallel Paths - Other / Unknown,2008,Yes,No,Dark - Lighted Roadway,Straight - Level,Local Street,Dry,"Two-Way, Not Divided",None,"Driveway, Public",Smooth Asphalt,4 lanes,"35.7768210801, -78.6114926004"
5498,Belmont,Gaston,Piedmont,Residential,Urban (>70% Developed),NA,Urban,30 - 35  MPH,Stop Sign,Clear,No,15,11-15,No,NA,Facing Traffic,C: Possible Injury,Sidewalk / Crosswalk / Driveway Crossing,White,Male,70+,70+,No,NA,0-5 mph,O: No Injury,White,Male,Passenger Car,No,15JAN2008,Tuesday,Motorist Failed to Yield - Sign-Controlled Intersection,7,Intersection,January,C: Possible Injury,07:50:00,Motorist Drive Out - Sign-Controlled Intersection,2008,No,No,Daylight,Straight - Level,Local Street,Dry,"Two-Way, Not Divided",None,Related To Intersection,Smooth Asphalt,2 lanes,"35.2303348755, -81.0391833004"
5499,Wilmington,New Hanover,Coastal,Commercial,Urban (>70% Developed),NA,Urban,20 - 25  MPH,Missing,Clear,No,44,40-49,No,NA,With Traffic,C: Possible Injury,Travel Lane,White,Male,NA,NA,Missing,NA,0-5 mph,Unknown Injury,Unknown/Missing,NA,Passenger Car,No,15JAN2008,Tuesday,Bicyclist Overtaking Motorist,23,Intersection-Related,January,C: Possible Injury,23:22:00,Bicyclist Overtaking - Parked Vehicle,2008,Yes,No,Dark - Lighted Roadway,Straight - Hillcrest,Local Street,Dry,"Two-Way, Not Divided",None,No Special Feature,Coarse Asphalt,2 lanes,"34.2349807657, -77.9487123228"
5500,Pembroke,Robeson,Coastal,Residential,Urban (>70% Developed),NA,Rural,30 - 35  MPH,No Control Present,Clear,No,18,16-19,No,NA,With Traffic,O: No Injury,Sidewalk / Crosswalk / Driveway Crossing,Black,Male,43,40-49,No,NA,26-30 mph,O: No Injury,Native American,Female,Passenger Car,No,03APR2008,Thursday,Crossing Paths - Other Circumstances,16,Intersection,April,O: No Injury,16:39:00,Crossing Paths - Uncontrolled Intersection,2008,Yes,No,Daylight,Straight - Level,Local Street,Wet,"Two-Way, Not Divided",None,No Special Feature,Smooth Asphalt,4 lanes,"34.6782598217, -79.1915027188"
5516,Wesley Chapel,Union,Piedmont,Residential,Rural (<30% Developed),NA,Rural,30 - 35  MPH,"Double Yellow Line, No Passing Zone",Clear,No,46,40-49,No,NA,With Traffic,K: Killed,Travel Lane,White,Male,46,40-49,No,NA,36-40 mph,B: Evident Injury,White,Female,Van,No,27JAN2008,Sunday,Head-On,15,Non-Intersection,January,K: Killed,15:30:00,Head-On - Motorist,2008,Yes,No,Daylight,Straight - Level,State Secondary Route,Dry,"Two-Way, Not Divided",None,No Special Feature,Smooth Asphalt,2 lanes,"34.9778018328, -80.7288931945"
5517,Greensboro,Guilford,Piedmont,Commercial,Urban (>70% Developed),NA,Urban,30 - 35  MPH,Stop And Go Signal,Clear,No,35,30-39,No,NA,Facing Traffic,C: Possible Injury,Travel Lane,White,Male,32,30-39,No,NA,0-5 mph,O: No Injury,White,Female,Passenger Car,No,28JAN2008,Monday,Motorist Failed to Yield - Signalized Intersection,12,Intersection,January,C: Possible Injury,12:42:00,Motorist Drive Out - Right Turn on Red,2008,Yes,No,Daylight,Straight - Level,Local Street,Dry,"Two-Way, Not Divided",None,T-Intersection,Smooth Asphalt,4 lanes,"36.0910451035, -79.8121829805"
5518,None - Rural Crash,New Hanover,Coastal,Residential,Mixed (30% To 70% Developed),NA,Rural,40 - 45  MPH,Missing,Clear,No,18,16-19,No,NA,With Traffic,B: Evident Injury,Travel Lane,White,Male,21,20-24,No,NA,41-45 mph,O: No Injury,White,Male,Passenger Car,No,28JAN2008,Monday,Motorist Overtaking Bicyclist,0,Non-Intersection,January,B: Evident Injury,00:15:00,Motorist Overtaking - Undetected Bicyclist,2008,Yes,No,Dark - Roadway Not Lighted,Straight - Level,US Route,Dry,"Two-Way, Divided, Unprotected Median",None,No Special Feature,Smooth Asphalt,4 lanes,"34.0642237295, -77.8982222992"
5521,Hickory,Catawba,Piedmont,Commercial,Urban (>70% Developed),NA,Urban,5 - 15 MPH,No Control Present,Cloudy,No,35,30-39,No,NA,With Traffic,B: Evident Injury,Sidewalk / Crosswalk / Driveway Crossing,White,Male,27,25-29,No,NA,0-5 mph,O: No Injury,White,Female,Passenger Car,No,29JAN2008,Tuesday,Motorist Right Turn / Merge,11,Intersection,January,B: Evident Injury,11:41:00,Motorist Right Turn - Same Direction,2008,Yes,No,Daylight,Straight - Grade,Public Vehicular Area,Dry,"Two-Way, Not Divided",None,No Special Feature,Coarse Asphalt,2 lanes,"35.7364369718, -81.3443334196"
5523,Carrboro,Orange,Piedmont,Commercial,Urban (>70% Developed),NA,Urban,40 - 45  MPH,Stop And Go Signal,Clear,No,29,25-29,No,NA,With Traffic,B: Evident Injury,Travel Lane,White,Male,52,50-59,No,NA,26-30 mph,O: No Injury,Black,Female,Passenger Car,No,30JAN2008,Wednesday,Bicyclist Failed to Yield - Signalized Intersection,11,Intersection,January,B: Evident Injury,11:26:00,Bicyclist Failed to Clear - Multiple Threat,2008,Yes,No,Daylight,Curve - Hillcrest,NC Route,Dry,"Two-Way, Divided, Unprotected Median",None,Four-Way Intersection,Smooth Asphalt,4 lanes,"35.917644093, -79.0942627539"
5534,Morehead City,Carteret,Coastal,Commercial,Urban (>70% Developed),NA,Urban,40 - 45  MPH,No Control Present,Clear,No,56,50-59,Yes,NA,With Traffic,C: Possible Injury,Bike Lane / Paved Shoulder,Black,Male,67,60-69,No,NA,36-40 mph,O: No Injury,White,Male,Pickup,Yes,03FEB2008,Sunday,Bicyclist Left Turn / Merge,18,Non-Intersection,February,C: Possible Injury,18:46:00,Bicyclist Left Turn - Same Direction,2008,Yes,No,Dark - Lighted Roadway,Straight - Level,US Route,Dry,"Two-Way, Divided, Unprotected Median",None,No Special Feature,Smooth Asphalt,4 lanes,"34.7369719144, -76.8018419979"
5539,Kenly,Johnston,Coastal,Commercial,Mixed (30% To 70% Developed),NA,Rural,30 - 35  MPH,No Control Present,Clear,No,46,40-49,No,NA,With Traffic,Unknown Injury,Bike Lane / Paved Shoulder,Black,Female,31,30-39,No,NA,31-35 mph,O: No Injury,White,Female,Passenger Car,No,15APR2008,Tuesday,Bicyclist Left Turn / Merge,16,Non-Intersection,April,O: No Injury,16:30:00,Bicyclist Left Turn - Same Direction,2008,Yes,No,Daylight,Straight - Level,Local Street,Dry,"Two-Way, Not Divided",None,No Special Feature,Concrete,2 lanes,"35.5944400581, -78.1223324425"
5545,Fayetteville,Cumberland,Coastal,Commercial,Urban (>70% Developed),NA,Urban,40 - 45  MPH,Stop And Go Signal,Clear,No,18,16-19,No,NA,Facing Traffic,C: Possible Injury,Travel Lane,Black,Male,57,50-59,No,NA,0-5 mph,Unknown Injury,White,Female,Passenger Car,No,07FEB2008,Thursday,Bicyclist Failed to Yield - Signalized Intersection,21,Intersection,February,C: Possible Injury,21:09:00,Bicyclist Failed to Clear - Trapped,2008,No,No,Dark - Lighted Roadway,Straight - Level,Local Street,Dry,"Two-Way, Divided, Positive Median Barrier",None,Four-Way Intersection,Coarse Asphalt,6 lanes,"35.0932869204, -78.9552226683"
5546,Boone,Watauga,Mountains,Commercial,Urban (>70% Developed),NA,Urban,30 - 35  MPH,Stop And Go Signal,Clear,No,26,25-29,No,NA,With Traffic,C: Possible Injury,Travel Lane,White,Male,43,40-49,No,NA,0-5 mph,O: No Injury,White,Female,Sport Utility,No,05FEB2008,Tuesday,Bicyclist Failed to Yield - Signalized Intersection,16,Intersection,February,C: Possible Injury,16:43:00,Bicyclist Ride Through - Signalized Intersection,2008,No,No,Daylight,Straight - Level,Local Street,Dry,"Two-Way, Not Divided",None,T-Intersection,Smooth Asphalt,5 lanes,"36.2038150567, -81.6669035424"
5547,None - Rural Crash,Caldwell,Mountains,"Farms, Woods, Pastures",Rural (<30% Developed),NA,Rural,30 - 35  MPH,"Double Yellow Line, No Passing Zone",Clear,No,24,20-24,No,NA,With Traffic,B: Evident Injury,Travel Lane,White,Male,NA,NA,Missing,NA,31-35 mph,Unknown Injury,Unknown/Missing,NA,NA,No,07FEB2008,Thursday,Motorist Overtaking Bicyclist,15,Non-Intersection,February,B: Evident Injury,15:15:00,Motorist Overtaking - Other / Unknown,2008,Yes,Yes,Daylight,Curve - Grade,State Secondary Route,Dry,"Two-Way, Not Divided",None,No Special Feature,Smooth Asphalt,2 lanes,"35.8529069916, -81.4699534639"
5548,Hickory,Catawba,Piedmont,Commercial,Urban (>70% Developed),NA,Urban,30 - 35  MPH,Stop Sign,Clear,No,67,60-69,No,NA,Facing Traffic,B: Evident Injury,Sidewalk / Crosswalk / Driveway Crossing,White,Male,64,60-69,No,NA,0-5 mph,O: No Injury,White,Male,Passenger Car,No,07FEB2008,Thursday,Motorist Failed to Yield - Sign-Controlled Intersection,7,Intersection,February,B: Evident Injury,07:30:00,Motorist Drive Out - Sign-Controlled Intersection,2008,Yes,No,Daylight,Straight - Level,Local Street,Dry,"Two-Way, Not Divided",None,No Special Feature,Coarse Asphalt,2 lanes,"35.7594099765, -81.3348194182"
5549,Gastonia,Gaston,Piedmont,Commercial,Urban (>70% Developed),NA,Urban,30 - 35  MPH,Stop And Go Signal,Clear,No,51,50-59,Yes,NA,Facing Traffic,C: Possible Injury,Sidewalk / Crosswalk / Driveway Crossing,Black,Male,NA,NA,Missing,NA,0-5 mph,Unknown Injury,Unknown/Missing,NA,Passenger Car,Yes,08FEB2008,Friday,Motorist Right Turn / Merge,16,Intersection,February,C: Possible Injury,16:48:00,Motorist Right Turn - Opposite Direction,2008,Yes,Yes,Daylight,Straight - Grade,Local Street,Dry,"Two-Way, Not Divided",None,Four-Way Intersection,Smooth Asphalt,6 lanes,"35.2339168706, -81.1940033469"
5550,High Point,Guilford,Piedmont,Commercial,Urban (>70% Developed),NA,Urban,5 - 15 MPH,No Control Present,Clear,No,52,50-59,No,NA,Facing Traffic,B: Evident Injury,Sidewalk / Crosswalk / Driveway Crossing,White,Male,38,30-39,No,NA,0-5 mph,O: No Injury,White,Male,Passenger Car,No,09FEB2008,Saturday,Motorist Failed to Yield - Midblock,13,Non-Intersection,February,B: Evident Injury,13:44:00,Motorist Drive Out - Commercial Driveway / Alley,2008,No,No,Daylight,Straight - Level,"Private Road, Driveway",Dry,"Two-Way, Not Divided",None,"Driveway, Public",Concrete,2 lanes,"35.9799040726, -80.0214870374"
5560,Fayetteville,Cumberland,Coastal,Commercial,Urban (>70% Developed),NA,Urban,40 - 45  MPH,Stop And Go Signal,Clear,No,48,40-49,No,NA,Facing Traffic,C: Possible Injury,Travel Lane,Black,Male,35,30-39,No,NA,6-10 mph,O: No Injury,Black,Female,Sport Utility,No,16FEB2008,Saturday,Head-On,10,Intersection,February,C: Possible Injury,10:22:00,Head-On - Bicyclist,2008,No,No,Daylight,Straight - Level,Local Street,Dry,"Two-Way, Not Divided",None,No Special Feature,Coarse Asphalt,5 lanes,"35.0901329192, -78.9828226764"
5571,Fayetteville,Cumberland,Coastal,Commercial,Urban (>70% Developed),NA,Urban,NA,Missing,Cloudy,No,47,40-49,No,NA,NA,B: Evident Injury,NA,Black,Male,39,30-39,No,NA,NA,O: No Injury,White,Male,Unknown Heavy Truck,No,22FEB2008,Friday,Other / Unknown - Insufficient Details,15,Intersection-Related,February,B: Evident Injury,15:55:00,Unknown Approach Paths,2008,No,No,Daylight,NA,Local Street,Dry,NA,None,No Special Feature,NA,NA,"35.0969069227, -78.9158326569"