object_id,city,county,region,development,locality,on_road,rural_urban,speed_limit,traffic_control,weather,workzone,bike_age,bike_age_group,bike_alcohol,bike_alcohol_drugs,bike_direction,bike_injury,bike_position,bike_race,bike_sex,driver_age,driver_age_group,driver_alcohol,driver_alcohol_drugs,driver_est_speed,driver_injury,driver_race,driver_sex,driver_vehicle_type,crash_alcohol,crash_date,crash_day,crash_group,crash_hour,crash_location,crash_month,crash_severity,crash_time,crash_type,crash_year,ambulance_req,hit_run,light_condition,road_character,road_class,road_condition,road_configuration,road_defects,road_feature,road_surface,num_lanes,geo_point
5573,Fayetteville,Cumberland,Coastal,Residential,Urban (>70% Developed),NA,Urban,30 - 35  MPH,Stop Sign,Clear,No,42,40-49,No,NA,With Traffic,C: Possible Injury,Travel Lane,White,Female,18,0-19,No,NA,0-5 mph,O: No Injury,White,Male,Sport Utility,No,09APR2008,Wednesday,Motorist Failed to Yield - Sign-Controlled Intersection,16,Intersection,April,C: Possible Injury,16:35:00,Motorist Drive Out - Sign-Controlled Intersection,2008,No,No,Daylight,Straight - Level,Local Street,Dry,"Two-Way, Not Divided",None,No Special Feature,Smooth Asphalt,3 lanes,"35.063994916, -78.9120026546"
5579,None - Rural Crash,Edgecombe,Coastal,"Farms, Woods, Pastures",Rural (<30% Developed),NA,Rural,50 - 55  MPH,"Double Yellow Line, No Passing Zone",Rain,No,44,40-49,No,NA,With Traffic,B: Evident Injury,Travel Lane,Black,Male,70+,70+,No,NA,41-45 mph,O: No Injury,White,Male,Passenger Car,No,26FEB2008,Tuesday,Motorist Overtaking Bicyclist,11,Non-Intersection,February,B: Evident Injury,11:47:00,Motorist Overtaking - Misjudged Space,2008,No,No,Daylight,Straight - Grade,NC Route,Wet,"Two-Way, Not Divided",None,No Special Feature,Smooth Asphalt,2 lanes,"35.8423151284, -77.6157783007"
5581,Charlotte,Mecklenburg,Piedmont,Institutional,Mixed (30% To 70% Developed),NA,Urban,40 - 45  MPH,No Control Present,Clear,No,30,30-39,No,NA,Facing Traffic,B: Evident Injury,Travel Lane,Hispanic,Female,36,30-39,No,NA,11-15 mph,O: No Injury,Other,Female,Passenger Car,No,01MAY2008,Thursday,Head-On,15,Intersection,May,B: Evident Injury,15:55:00,Head-On - Bicyclist,2008,Yes,No,Daylight,NA,Local Street,Dry,NA,None,No Special Feature,NA,2 lanes,"35.0984608508, -80.9570572684"
5584,Charlotte,Mecklenburg,Piedmont,Residential,Urban (>70% Developed),NA,Urban,20 - 25  MPH,Stop And Go Signal,Clear,No,21,20-24,No,NA,With Traffic,C: Possible Injury,Travel Lane,White,Female,44,40-49,No,NA,21-25 mph,O: No Injury,White,Female,Van,No,02MAY2008,Friday,Bicyclist Overtaking Motorist,18,Non-Intersection,May,C: Possible Injury,18:33:00,Bicyclist Overtaking - Other / Unknown,2008,Yes,No,Daylight,Straight - Level,Local Street,Dry,"Two-Way, Divided, Positive Median Barrier",None,No Special Feature,Smooth Asphalt,2 lanes,"35.194769876, -80.8365232381"
5585,None - Rural Crash,Moore,Piedmont,Residential,Mixed (30% To 70% Developed),NA,Rural,20 - 25  MPH,No Control Present,Clear,No,13,11-15,No,NA,NA,C: Possible Injury,Bike Lane / Paved Shoulder,Black,Male,23,20-24,No,NA,21-25 mph,O: No Injury,Black,Female,Sport Utility,No,04MAY2008,Sunday,Other / Unknown - Insufficient Details,15,Non-Intersection,May,C: Possible Injury,15:00:00,Unknown Approach Paths,2008,Yes,No,Daylight,Straight - Grade,State Secondary Route,Dry,"Two-Way, Not Divided",None,No Special Feature,Smooth Asphalt,2 lanes,"35.12682991, -79.4655428242"
5586,Goldsboro,Wayne,Coastal,Commercial,Urban (>70% Developed),NA,Urban,30 - 35  MPH,Stop And Go Signal,Clear,No,19,16-19,No,NA,With Traffic,C: Possible Injury,Travel Lane,White,Male,61,60-69,No,NA,0-5 mph,O: No Injury,White,Female,Passenger Car,No,01MAR2008,Saturday,Bicyclist Overtaking Motorist,15,Intersection,March,C: Possible Injury,15:24:00,Bicyclist Overtaking - Passing on Right,2008,No,No,Daylight,Straight - Level,Local Street,Dry,"Two-Way, Divided, Unprotected Median",None,On or Off Ramp,Smooth Asphalt,4 lanes,"35.3776510168, -77.9374423749"
5587,Greensboro,Guilford,Piedmont,Commercial,Urban (>70% Developed),NA,Urban,30 - 35  MPH,Stop And Go Signal,Clear,No,25,25-29,No,NA,Facing Traffic,C: Possible Injury,Sidewalk / Crosswalk / Driveway Crossing,Black,Male,21,20-24,No,NA,11-15 mph,O: No Injury,Black,Female,Passenger Car,No,02MAR2008,Sunday,Bicyclist Failed to Yield - Signalized Intersection,13,Intersection,March,C: Possible Injury,13:49:00,Bicyclist Ride Through - Signalized Intersection,2008,Yes,No,Daylight,Straight - Level,Local Street,Dry,"Two-Way, Not Divided",None,Four-Way Intersection,Smooth Asphalt,3 lanes,"36.072685101, -79.7703889674"
5590,Grantsboro,Pamlico,Coastal,Commercial,Urban (>70% Developed),NA,Rural,40 - 45  MPH,"Double Yellow Line, No Passing Zone",Clear,No,15,11-15,No,NA,NA,O: No Injury,NA,White,Male,49,40-49,No,NA,16-20 mph,O: No Injury,Black,Female,Passenger Car,No,02MAR2008,Sunday,Other / Unknown - Insufficient Details,15,Non-Intersection,March,O: No Injury,15:40:00,Unknown Approach Paths,2008,No,No,Daylight,Straight - Level,NC Route,Dry,"Two-Way, Not Divided",None,No Special Feature,Coarse Asphalt,3 lanes,"35.1404070023, -76.8433320298"
5595,Asheville,Buncombe,Mountains,Residential,Rural (<30% Developed),NA,Urban,20 - 25  MPH,No Control Present,Clear,No,NA,NA,No,NA,With Traffic,C: Possible Injury,Travel Lane,White,Male,53,50-59,No,NA,16-20 mph,O: No Injury,White,Female,Passenger Car,No,05MAR2008,Wednesday,Head-On,14,Non-Intersection,March,C: Possible Injury,14:41:00,Head-On - Unknown,2008,Yes,No,Daylight,Curve - Grade,Local Street,Dry,"Two-Way, Not Divided",None,No Special Feature,Smooth Asphalt,2 lanes,"35.6133529003, -82.5379677661"
5596,Greensboro,Guilford,Piedmont,Commercial,Urban (>70% Developed),NA,Urban,NA,Stop Sign,Clear,No,28,25-29,No,NA,Facing Traffic,B: Evident Injury,Sidewalk / Crosswalk / Driveway Crossing,White,Male,NA,NA,Missing,NA,NA,Unknown Injury,Unknown/Missing,NA,NA,No,05MAR2008,Wednesday,Motorist Failed to Yield - Sign-Controlled Intersection,17,Intersection,March,B: Evident Injury,17:56:00,Motorist Drive Out - Sign-Controlled Intersection,2008,No,Yes,Daylight,Straight - Level,Public Vehicular Area,Dry,"Two-Way, Not Divided",None,No Special Feature,Coarse Asphalt,3 lanes,"36.1315871131, -79.7964889778"
5597,Mooresville,Iredell,Piedmont,Commercial,Rural (<30% Developed),NA,Urban,40 - 45  MPH,No Control Present,Clear,No,24,20-24,No,NA,With Traffic,B: Evident Injury,Bike Lane / Paved Shoulder,White,Male,70+,70+,No,NA,36-40 mph,O: No Injury,White,Female,"Light Truck (Mini-Van, Panel)",No,01MAR2008,Saturday,Parallel Paths - Other Circumstances,14,Non-Intersection,March,B: Evident Injury,14:59:00,Parallel Paths - Other / Unknown,2008,Yes,No,Daylight,Straight - Hillcrest,Local Street,Dry,"Two-Way, Not Divided",None,No Special Feature,Smooth Asphalt,2 lanes,"35.582616957, -80.864103268"
5599,Chapel Hill,Orange,Piedmont,Residential,Urban (>70% Developed),NA,Urban,30 - 35  MPH,No Control Present,Clear,No,65,60-69,No,NA,With Traffic,A: Disabling Injury,Travel Lane,White,Male,65,60-69,No,NA,31-35 mph,O: No Injury,White,Female,Passenger Car,No,06MAR2008,Thursday,Bicyclist Left Turn / Merge,17,Non-Intersection,March,A: Disabling Injury,17:25:00,Bicyclist Left Turn - Same Direction,2008,Yes,No,Daylight,Straight - Level,Local Street,Dry,"Two-Way, Not Divided",None,No Special Feature,Smooth Asphalt,5 lanes,"35.9376070989, -79.0565827433"
5607,Gastonia,Gaston,Piedmont,Residential,Urban (>70% Developed),NA,Urban,30 - 35  MPH,Missing,Cloudy,No,69,60-69,No,NA,Facing Traffic,B: Evident Injury,Other,White,Male,16,0-19,No,NA,26-30 mph,O: No Injury,Black,Male,Passenger Car,No,11MAR2008,Tuesday,Loss of Control / Turning Error,16,Intersection-Related,March,B: Evident Injury,16:33:00,"Motorist Lost Control - Oversteering, Improper Braking, Speed",2008,Yes,No,Daylight,Curve - Grade,Local Street,Dry,"Two-Way, Not Divided",None,T-Intersection,Coarse Asphalt,2 lanes,"35.2785328802, -81.2086633536"
5611,Asheville,Buncombe,Mountains,Commercial,Urban (>70% Developed),NA,Urban,40 - 45  MPH,"Double Yellow Line, No Passing Zone",Cloudy,No,60,60-69,No,NA,With Traffic,O: No Injury,NA,White,Male,45,40-49,No,NA,41-45 mph,B: Evident Injury,White,Male,Pickup,No,05MAR2008,Wednesday,Loss of Control / Turning Error,8,Non-Intersection,March,B: Evident Injury,08:27:00,Motorist Lost Control - Other / Unknown,2008,Yes,No,Daylight,Straight - Level,US Route,Dry,"Two-Way, Not Divided",None,No Special Feature,Coarse Asphalt,2 lanes,"35.5321228837, -82.5185587556"
5626,Indian Trail,Union,Piedmont,Residential,Urban (>70% Developed),NA,Urban,40 - 45  MPH,Stop Sign,Cloudy,No,12,11-15,No,NA,With Traffic,C: Possible Injury,Travel Lane,White,Male,38,30-39,No,NA,31-35 mph,O: No Injury,White,Female,Sport Utility,No,18MAR2008,Tuesday,Bicyclist Failed to Yield - Sign-Controlled Intersection,17,Intersection,March,C: Possible Injury,17:07:00,Bicyclist Ride Through - Sign-Controlled Intersection,2008,No,No,Daylight,Straight - Level,State Secondary Route,Dry,"Two-Way, Not Divided",None,T-Intersection,Smooth Asphalt,2 lanes,"35.0751638553, -80.6857331862"
5631,Chapel Hill,Orange,Piedmont,Commercial,Urban (>70% Developed),NA,Urban,40 - 45  MPH,No Control Present,Rain,No,26,25-29,No,NA,With Traffic,C: Possible Injury,Travel Lane,White,Male,34,30-39,No,NA,36-40 mph,O: No Injury,White,Male,Passenger Car,No,06APR2008,Sunday,Motorist Overtaking Bicyclist,3,Non-Intersection,April,C: Possible Injury,03:20:00,Motorist Overtaking - Undetected Bicyclist,2008,No,No,Dark - Roadway Not Lighted,Straight - Level,US Route,Wet,"Two-Way, Divided, Unprotected Median",None,No Special Feature,Coarse Asphalt,4 lanes,"35.9464471017, -79.0089027296"
5635,None - Rural Crash,Duplin,Coastal,"Farms, Woods, Pastures",Rural (<30% Developed),NA,Rural,50 - 55  MPH,No Control Present,Clear,No,45,40-49,Yes,NA,With Traffic,B: Evident Injury,Travel Lane,Black,Male,48,40-49,No,NA,41-45 mph,O: No Injury,Black,Male,Passenger Car,Yes,23MAR2008,Sunday,Motorist Overtaking Bicyclist,20,Non-Intersection,March,B: Evident Injury,20:00:00,Motorist Overtaking - Other / Unknown,2008,Yes,No,Dark - Roadway Not Lighted,Straight - Level,State Secondary Route,Dry,"Two-Way, Not Divided",None,No Special Feature,Coarse Asphalt,2 lanes,"35.096626948, -78.1668624312"
5640,Greenville,Pitt,Coastal,Commercial,Urban (>70% Developed),NA,Urban,40 - 45  MPH,No Control Present,Clear,No,29,25-29,No,NA,With Traffic,K: Killed,Travel Lane,White,Male,19,0-19,No,NA,56-60 mph,O: No Injury,Hispanic,Male,Passenger Car,No,22MAR2008,Saturday,Bicyclist Failed to Yield - Sign-Controlled Intersection,12,Intersection,March,K: Killed,12:57:00,Bicyclist Ride Out - Sign-Controlled Intersection,2008,Yes,No,Daylight,Straight - Level,NC Route,Dry,"Two-Way, Not Divided",None,Four-Way Intersection,Smooth Asphalt,5 lanes,"35.5845640816, -77.3623022104"
4956,Raleigh,Wake,Piedmont,Residential,Urban (>70% Developed),NA,Urban,40 - 45  MPH,Stop Sign,Clear,No,54,50-59,No,NA,With Traffic,B: Evident Injury,Travel Lane,White,Female,27,25-29,No,NA,21-25 mph,O: No Injury,White,Female,Passenger Car,No,14JUN2009,Sunday,Bicyclist Failed to Yield - Sign-Controlled Intersection,10,Intersection,June,B: Evident Injury,10:41:00,Bicyclist Ride Through - Sign-Controlled Intersection,2009,Yes,No,Daylight,Straight - Level,Local Street,Dry,"Two-Way, Not Divided",None,No Special Feature,Coarse Asphalt,2 lanes,"35.8622870971, -78.6362126122"
4957,Raleigh,Wake,Piedmont,Residential,Urban (>70% Developed),NA,Urban,30 - 35  MPH,No Control Present,Clear,No,22,20-24,No,NA,Not Applicable,C: Possible Injury,NA,Black,Male,NA,NA,No,NA,41-45 mph,Unknown Injury,Unknown/Missing,NA,Sport Utility,No,15JUN2009,Monday,Bicyclist Failed to Yield - Midblock,16,Non-Intersection,June,C: Possible Injury,16:23:00,Bicyclist Ride Out - Midblock - Unknown,2009,Yes,Yes,Daylight,Straight - Level,Local Street,Dry,"Two-Way, Not Divided",None,No Special Feature,Smooth Asphalt,2 lanes,"35.77201708, -78.5930425943"
4960,Raleigh,Wake,Piedmont,Commercial,Urban (>70% Developed),NA,Urban,30 - 35  MPH,No Control Present,Clear,No,15,11-15,No,NA,With Traffic,B: Evident Injury,Travel Lane,Black,Male,49,40-49,No,NA,31-35 mph,O: No Injury,White,Male,Passenger Car,No,22JUN2009,Monday,Motorist Overtaking Bicyclist,18,Non-Intersection,June,B: Evident Injury,18:00:00,Motorist Overtaking - Misjudged Space,2009,Yes,No,Daylight,Straight - Level,Local Street,Dry,"Two-Way, Not Divided",None,No Special Feature,Smooth Asphalt,2 lanes,"35.7598870751, -78.6375686077"
4967,Smithfield,Johnston,Coastal,Residential,Urban (>70% Developed),NA,Urban,20 - 25  MPH,No Control Present,Clear,No,9,6-10,No,NA,Not Applicable,C: Possible Injury,NA,Black,Female,70+,70+,No,NA,21-25 mph,O: No Injury,Black,Female,Sport Utility,No,20JUN2009,Saturday,Bicyclist Failed to Yield - Midblock,11,Non-Intersection,June,C: Possible Injury,11:11:00,Bicyclist Ride Out - Midblock - Unknown,2009,Yes,No,Daylight,Straight - Level,Local Street,Dry,"Two-Way, Not Divided",None,No Special Feature,Smooth Asphalt,2 lanes,"35.4961270288, -78.3475225059"
4971,Edenton,Chowan,Coastal,Residential,Urban (>70% Developed),NA,Urban,NA,No Control Present,Clear,No,12,11-15,No,NA,Not Applicable,C: Possible Injury,Sidewalk / Crosswalk / Driveway Crossing,Black,Male,51,50-59,No,NA,NA,O: No Injury,Black,Female,Passenger Car,No,30JUN2009,Tuesday,Bicyclist Failed to Yield - Midblock,17,Non-Intersection,June,C: Possible Injury,17:29:00,Bicyclist Ride Out - Other Midblock,2009,Yes,No,Daylight,Straight - Level,Local Street,Dry,"Two-Way, Not Divided",None,No Special Feature,Coarse Asphalt,2 lanes,"36.0637322104, -76.6032020025"
4975,Wilmington,New Hanover,Coastal,Institutional,Urban (>70% Developed),NA,Urban,20 - 25  MPH,No Control Present,Clear,No,21,20-24,No,NA,Not Applicable,B: Evident Injury,Sidewalk / Crosswalk / Driveway Crossing,White,Female,42,40-49,No,NA,11-15 mph,O: No Injury,White,Male,Sport Utility,No,02JUL2009,Thursday,Parallel Paths - Other Circumstances,16,Non-Intersection,July,B: Evident Injury,16:20:00,Bicyclist Ride Out - Parallel Path,2009,No,No,Daylight,Straight - Level,State Secondary Route,Dry,"Two-Way, Not Divided",None,No Special Feature,Smooth Asphalt,2 lanes,"34.223089766, -77.8664322975"
4977,Fayetteville,Cumberland,Coastal,Commercial,Urban (>70% Developed),NA,Urban,50 - 55  MPH,Stop And Go Signal,Clear,No,23,20-24,Yes,NA,NA,K: Killed,Bike Lane / Paved Shoulder,Black,Male,16,0-19,No,NA,46-50 mph,C: Possible Injury,Black,Female,Passenger Car,Yes,03JUL2009,Friday,Crossing Paths - Other Circumstances,21,Intersection-Related,July,K: Killed,21:56:00,Sign-Controlled Intersection - Other / Unknown,2009,No,No,Dark - Lighted Roadway,Straight - Level,Local Street,Dry,"Two-Way, Divided, Unprotected Median",None,Four-Way Intersection,Coarse Asphalt,4 lanes,"35.0582499121, -78.9928386785"
4978,Greensboro,Guilford,Piedmont,Commercial,Urban (>70% Developed),NA,Urban,30 - 35  MPH,Stop And Go Signal,Clear,No,14,11-15,No,NA,Facing Traffic,B: Evident Injury,Sidewalk / Crosswalk / Driveway Crossing,White,Male,32,30-39,No,NA,6-10 mph,O: No Injury,Black,Female,Passenger Car,No,03JUL2009,Friday,Motorist Failed to Yield - Signalized Intersection,14,Intersection,July,B: Evident Injury,14:20:00,Motorist Drive Out - Right Turn on Red,2009,Yes,No,Daylight,Straight - Level,Local Street,Dry,"Two-Way, Not Divided",None,Four-Way Intersection,Smooth Asphalt,4 lanes,"36.0865171019, -79.8410229892"
4982,None - Rural Crash,Sampson,Coastal,"Farms, Woods, Pastures",Rural (<30% Developed),NA,Rural,50 - 55  MPH,"Double Yellow Line, No Passing Zone",Clear,No,16,16-19,No,NA,With Traffic,A: Disabling Injury,Bike Lane / Paved Shoulder,Black,Male,24,20-24,No,NA,51-55 mph,C: Possible Injury,Black,Female,Passenger Car,No,11JUN2009,Thursday,Bicyclist Left Turn / Merge,4,Non-Intersection,June,A: Disabling Injury,04:20:00,Bicyclist Left Turn - Same Direction,2009,Yes,No,Dark - Roadway Not Lighted,Straight - Hillcrest,NC Route,Dry,"Two-Way, Not Divided",None,No Special Feature,Coarse Asphalt,2 lanes,"34.9746129126, -78.4258375031"
4984,None - Rural Crash,Perquimans,Coastal,"Farms, Woods, Pastures",Rural (<30% Developed),NA,Rural,50 - 55  MPH,"Double Yellow Line, No Passing Zone",Clear,No,10,6-10,No,NA,With Traffic,O: No Injury,Travel Lane,Other,Male,17,0-19,No,NA,51-55 mph,O: No Injury,White,Male,Sport Utility,No,16JUL2009,Thursday,Motorist Overtaking Bicyclist,16,Non-Intersection,July,O: No Injury,16:40:00,Motorist Overtaking - Bicyclist Swerved,2009,Yes,No,Daylight,Straight - Level,State Secondary Route,Dry,"Two-Way, Not Divided",None,No Special Feature,Smooth Asphalt,2 lanes,"36.1597872368, -76.4470319596"
4988,None - Rural Crash,Johnston,Coastal,"Farms, Woods, Pastures",Rural (<30% Developed),NA,Rural,50 - 55  MPH,"Double Yellow Line, No Passing Zone",Clear,No,45,40-49,No,NA,With Traffic,B: Evident Injury,Travel Lane,Black,Male,NA,NA,No,NA,51-55 mph,Unknown Injury,Unknown/Missing,NA,NA,No,04JUL2009,Saturday,Motorist Overtaking Bicyclist,14,Non-Intersection,July,B: Evident Injury,14:37:00,Motorist Overtaking - Misjudged Space,2009,No,Yes,Daylight,Curve - Level,NC Route,Dry,"Two-Way, Not Divided",None,No Special Feature,Coarse Asphalt,2 lanes,"35.5844640499, -78.2912224934"
4989,Greensboro,Guilford,Piedmont,Residential,Urban (>70% Developed),NA,Urban,20 - 25  MPH,Stop Sign,Clear,No,8,6-10,No,NA,With Traffic,B: Evident Injury,Sidewalk / Crosswalk / Driveway Crossing,Black,Male,47,40-49,No,NA,21-25 mph,O: No Injury,Black,Male,Pickup,No,09JUL2009,Thursday,Bicyclist Failed to Yield - Sign-Controlled Intersection,14,Intersection,July,B: Evident Injury,14:32:00,Bicyclist Ride Through - Sign-Controlled Intersection,2009,Yes,No,Daylight,Straight - Hillcrest,Local Street,Dry,"Two-Way, Not Divided",None,T-Intersection,Smooth Asphalt,2 lanes,"36.0635640987, -79.7827229703"
4991,Charlotte,Mecklenburg,Piedmont,Commercial,Urban (>70% Developed),NA,Urban,30 - 35  MPH,No Control Present,Cloudy,No,23,20-24,No,NA,With Traffic,C: Possible Injury,Travel Lane,White,Female,40,40-49,No,NA,31-35 mph,O: No Injury,White,Female,Sport Utility,No,07JUL2009,Tuesday,Motorist Right Turn / Merge,12,Non-Intersection,July,C: Possible Injury,12:18:00,Motorist Right Turn - Same Direction,2009,Yes,No,Daylight,Straight - Level,Local Street,Dry,"Two-Way, Not Divided",None,No Special Feature,Smooth Asphalt,3 lanes,"35.2004428768, -80.8426932401"
6002,Charlotte,Mecklenburg,Piedmont,Commercial,Urban (>70% Developed),NA,Urban,5 - 15 MPH,Missing,Clear,No,17,16-19,No,NA,With Traffic,B: Evident Injury,Sidewalk / Crosswalk / Driveway Crossing,White,Male,28,25-29,No,NA,0-5 mph,O: No Injury,White,Male,Van,No,04AUG2008,Monday,Motorist Failed to Yield - Midblock,15,Non-Intersection,August,B: Evident Injury,15:29:00,Motorist Drive Out - Commercial Driveway / Alley,2008,No,No,Daylight,Straight - Level,Local Street,Dry,"One-Way, Not Divided",None,No Special Feature,Concrete,NA,"35.2199068805, -80.8359182397"
6006,Asheville,Buncombe,Mountains,Commercial,Urban (>70% Developed),NA,Urban,40 - 45  MPH,No Control Present,Clear,No,22,20-24,No,NA,With Traffic,B: Evident Injury,Travel Lane,White,Female,25,25-29,No,NA,41-45 mph,O: No Injury,White,Male,Passenger Car,No,24JUL2008,Thursday,Motorist Overtaking Bicyclist,6,Non-Intersection,July,B: Evident Injury,06:55:00,Motorist Overtaking - Undetected Bicyclist,2008,Yes,No,Daylight,Straight - Grade,US Route,Dry,"Two-Way, Not Divided",None,No Special Feature,Smooth Asphalt,5 lanes,"35.584399897, -82.4616137418"
6024,Gastonia,Gaston,Piedmont,Commercial,Urban (>70% Developed),NA,Urban,NA,Missing,Clear,No,12,11-15,No,NA,Facing Traffic,B: Evident Injury,Sidewalk / Crosswalk / Driveway Crossing,Black,Male,28,25-29,No,NA,NA,O: No Injury,White,Female,Passenger Car,No,31JUL2008,Thursday,Motorist Failed to Yield - Midblock,17,Non-Intersection,July,B: Evident Injury,17:43:00,Motorist Drive Out - Commercial Driveway / Alley,2008,Yes,No,Daylight,NA,Local Street,Dry,NA,None,No Special Feature,Smooth Asphalt,NA,"35.2650598783, -81.1748233427"
6029,High Point,Guilford,Piedmont,Commercial,Urban (>70% Developed),NA,Urban,30 - 35  MPH,Stop And Go Signal,Clear,No,47,40-49,No,NA,Facing Traffic,B: Evident Injury,Sidewalk / Crosswalk / Driveway Crossing,White,Female,28,25-29,No,NA,16-20 mph,O: No Injury,Black,Female,Passenger Car,No,01AUG2008,Friday,Crossing Paths - Other Circumstances,6,Intersection,August,B: Evident Injury,06:48:00,Signalized Intersection - Other / Unknown,2008,Yes,No,Daylight,Straight - Level,Local Street,Dry,"Two-Way, Not Divided",None,Four-Way Intersection,Coarse Asphalt,7 lanes,"35.9583270685, -80.0087390319"
6039,Greensboro,Guilford,Piedmont,Residential,Urban (>70% Developed),NA,Urban,20 - 25  MPH,Stop Sign,Clear,No,8,6-10,No,NA,With Traffic,B: Evident Injury,Travel Lane,Black,Female,51,50-59,No,NA,0-5 mph,O: No Injury,Black,Male,NA,No,11JUL2008,Friday,Motorist Failed to Yield - Sign-Controlled Intersection,20,Intersection,July,B: Evident Injury,20:00:00,Motorist Drive Out - Sign-Controlled Intersection,2008,Yes,Yes,Dark - Lighted Roadway,Straight - Level,Local Street,Dry,"Two-Way, Not Divided",None,T-Intersection,Coarse Asphalt,2 lanes,"36.0917731058, -79.7416629592"
6047,Charlotte,Mecklenburg,Piedmont,Residential,Urban (>70% Developed),NA,Urban,NA,No Control Present,Clear,No,10,6-10,No,NA,Facing Traffic,B: Evident Injury,Travel Lane,Black,Male,30,30-39,No,NA,NA,O: No Injury,Black,Female,Passenger Car,No,30AUG2008,Saturday,Motorist Failed to Yield - Midblock,16,Non-Intersection,August,B: Evident Injury,16:30:00,Motorist Drive Out - Residential Driveway,2008,Yes,No,Daylight,Straight - Level,Local Street,Dry,"Two-Way, Divided, Unprotected Median",None,No Special Feature,Smooth Asphalt,4 lanes,"35.2500718895, -80.7735532224"
6050,Raleigh,Wake,Piedmont,Commercial,Urban (>70% Developed),NA,Urban,5 - 15 MPH,Stop Sign,Clear,No,30,30-39,No,NA,With Traffic,B: Evident Injury,Travel Lane,White,Female,17,0-19,No,NA,0-5 mph,O: No Injury,White,Female,Passenger Car,No,11AUG2008,Monday,Motorist Failed to Yield - Sign-Controlled Intersection,18,Intersection,August,B: Evident Injury,18:27:00,Motorist Drive Out - Sign-Controlled Intersection,2008,Yes,No,Daylight,Straight - Grade,Public Vehicular Area,Dry,"Two-Way, Not Divided",None,Four-Way Intersection,Smooth Asphalt,NA,"35.8380170917, -78.6439826134"
6062,Charlotte,Mecklenburg,Piedmont,Commercial,Urban (>70% Developed),NA,Urban,30 - 35  MPH,Stop Sign,Clear,No,47,40-49,No,NA,Facing Traffic,B: Evident Injury,Sidewalk / Crosswalk / Driveway Crossing,Black,Female,24,20-24,Missing,NA,0-5 mph,O: No Injury,White,Female,Passenger Car,No,01SEP2008,Monday,Motorist Failed to Yield - Sign-Controlled Intersection,17,Intersection,September,B: Evident Injury,17:30:00,Motorist Drive Out - Sign-Controlled Intersection,2008,Yes,No,Daylight,Straight - Level,Public Vehicular Area,Dry,"Two-Way, Not Divided",None,No Special Feature,Smooth Asphalt,3 lanes,"35.1999168762, -80.8417132403"
6068,Charlotte,Mecklenburg,Piedmont,Commercial,Urban (>70% Developed),NA,Urban,40 - 45  MPH,Stop Sign,Clear,No,40,40-49,No,NA,With Traffic,O: No Injury,Sidewalk / Crosswalk / Driveway Crossing,Black,Male,33,30-39,No,NA,6-10 mph,O: No Injury,White,Female,Passenger Car,No,06SEP2008,Saturday,Motorist Failed to Yield - Midblock,21,Non-Intersection,September,O: No Injury,21:47:00,Motorist Drive Out - Commercial Driveway / Alley,2008,No,No,Dark - Lighted Roadway,Straight - Level,Local Street,Dry,"Two-Way, Divided, Positive Median Barrier",None,No Special Feature,Smooth Asphalt,6 lanes,"35.2245568803, -80.8941132571"
6071,Sanford,Lee,Piedmont,Commercial,Mixed (30% To 70% Developed),NA,Urban,NA,Stop Sign,Clear,No,18,16-19,No,NA,Facing Traffic,Unknown Injury,Travel Lane,Black,Male,18,0-19,No,NA,NA,O: No Injury,White,Male,Pedalcycle,No,14AUG2008,Thursday,Crossing Paths - Other Circumstances,23,Intersection,August,O: No Injury,23:47:00,Sign-Controlled Intersection - Other / Unknown,2008,Yes,No,Dark - Lighted Roadway,Straight - Level,Local Street,Dry,"Two-Way, Not Divided",None,Y-Intersection,Smooth Asphalt,6 lanes,"35.4525749915, -79.1476777458"
6073,None - Rural Crash,Cleveland,Mountains,Residential,Urban (>70% Developed),NA,Rural,40 - 45  MPH,"Double Yellow Line, No Passing Zone",Cloudy,No,9,6-10,No,NA,Not Applicable,C: Possible Injury,NA,Black,Male,41,40-49,No,NA,41-45 mph,O: No Injury,Black,Female,Passenger Car,No,14AUG2008,Thursday,Bicyclist Failed to Yield - Midblock,17,Non-Intersection,August,C: Possible Injury,17:34:00,Bicyclist Ride Out - Other Midblock,2008,Yes,No,Daylight,Straight - Level,State Secondary Route,Dry,"Two-Way, Not Divided",None,No Special Feature,Smooth Asphalt,2 lanes,"35.3316418828, -81.4215884195"
6077,Rocky Mount,Nash,Coastal,Residential,Urban (>70% Developed),NA,Urban,30 - 35  MPH,Stop Sign,Clear,No,13,11-15,No,NA,With Traffic,B: Evident Injury,Travel Lane,Black,Male,38,30-39,No,NA,31-35 mph,O: No Injury,Black,Female,Passenger Car,No,09AUG2008,Saturday,Bicyclist Failed to Yield - Sign-Controlled Intersection,14,Intersection,August,B: Evident Injury,14:28:00,Bicyclist Ride Out - Sign-Controlled Intersection,2008,No,No,Daylight,Straight - Level,Local Street,Dry,"Two-Way, Not Divided",None,Four-Way Intersection,Coarse Asphalt,2 lanes,"35.9254911403, -77.8071423638"
6093,Chapel Hill,Orange,Piedmont,Commercial,Urban (>70% Developed),NA,Urban,20 - 25  MPH,Stop And Go Signal,Clear,No,21,20-24,No,NA,With Traffic,B: Evident Injury,Travel Lane,White,Female,54,50-59,No,NA,NA,O: No Injury,White,Male,Sport Utility,No,18AUG2008,Monday,Bicyclist Overtaking Motorist,14,Intersection,August,B: Evident Injury,14:46:00,Bicyclist Overtaking - Passing on Right,2008,No,No,Daylight,Straight - Level,Local Street,Dry,"Two-Way, Not Divided",None,Four-Way Intersection,Smooth Asphalt,4 lanes,"35.9132570933, -79.0557277422"