object_id,city,county,region,development,locality,on_road,rural_urban,speed_limit,traffic_control,weather,workzone,bike_age,bike_age_group,bike_alcohol,bike_alcohol_drugs,bike_direction,bike_injury,bike_position,bike_race,bike_sex,driver_age,driver_age_group,driver_alcohol,driver_alcohol_drugs,driver_est_speed,driver_injury,driver_race,driver_sex,driver_vehicle_type,crash_alcohol,crash_date,crash_day,crash_group,crash_hour,crash_location,crash_month,crash_severity,crash_time,crash_type,crash_year,ambulance_req,hit_run,light_condition,road_character,road_class,road_condition,road_configuration,road_defects,road_feature,road_surface,num_lanes,geo_point
6104,Boone,Watauga,Mountains,Commercial,Urban (>70% Developed),NA,Urban,30 - 35  MPH,Stop And Go Signal,Rain,No,19,16-19,Yes,NA,Facing Traffic,B: Evident Injury,Sidewalk / Crosswalk / Driveway Crossing,White,Male,NA,NA,Missing,NA,26-30 mph,Unknown Injury,Unknown/Missing,NA,NA,Yes,26AUG2008,Tuesday,Crossing Paths - Other Circumstances,17,Intersection,August,B: Evident Injury,17:11:00,Signalized Intersection - Other / Unknown,2008,Yes,Yes,Daylight,Straight - Level,Local Street,Wet,"Two-Way, Divided, Unprotected Median",None,Four-Way Intersection,Smooth Asphalt,5 lanes,"36.2057720575, -81.6697135438"
6113,Sylva,Jackson,Mountains,Residential,Mixed (30% To 70% Developed),NA,Rural,20 - 25  MPH,No Control Present,Cloudy,No,38,30-39,No,NA,Facing Traffic,B: Evident Injury,Travel Lane,White,Male,23,20-24,No,NA,21-25 mph,O: No Injury,White,Female,Pickup,No,20AUG2008,Wednesday,Head-On,14,Non-Intersection,August,B: Evident Injury,14:37:00,Head-On - Bicyclist,2008,Yes,No,Daylight,Curve - Grade,Local Street,Dry,"Two-Way, Not Divided",None,No Special Feature,Smooth Asphalt,2 lanes,"35.376478824, -83.2289239561"
6119,Rocky Mount,Nash,Coastal,Residential,Urban (>70% Developed),NA,Urban,30 - 35  MPH,Stop Sign,Clear,No,35,30-39,No,NA,With Traffic,O: No Injury,Travel Lane,White,Male,NA,NA,Missing,NA,0-5 mph,Unknown Injury,Unknown/Missing,NA,NA,No,13JUL2008,Sunday,Loss of Control / Turning Error,12,Intersection,July,O: No Injury,12:10:00,Motorist Turning Error - Left Turn,2008,No,Yes,Dark - Unknown Lighting,Straight - Level,Local Street,Dry,"Two-Way, Not Divided",None,No Special Feature,Smooth Asphalt,2 lanes,"35.966529146, -77.8906223913"
6128,None - Rural Crash,Wilson,Coastal,Commercial,Mixed (30% To 70% Developed),NA,Rural,40 - 45  MPH,"Double Yellow Line, No Passing Zone",Clear,No,15,11-15,No,NA,With Traffic,B: Evident Injury,Travel Lane,Black,Male,39,30-39,No,NA,41-45 mph,O: No Injury,White,Male,Passenger Car,No,31AUG2008,Sunday,Motorist Overtaking Bicyclist,11,Non-Intersection,August,B: Evident Injury,11:14:00,Motorist Overtaking - Other / Unknown,2008,Yes,No,Daylight,Straight - Level,NC Route,Dry,"Two-Way, Not Divided",None,No Special Feature,Smooth Asphalt,2 lanes,"35.6060630708, -77.8171863508"
6129,High Point,Guilford,Piedmont,Commercial,Urban (>70% Developed),NA,Urban,30 - 35  MPH,Stop And Go Signal,Clear,No,14,11-15,No,NA,Facing Traffic,C: Possible Injury,Sidewalk / Crosswalk / Driveway Crossing,Black,Male,70+,70+,No,NA,0-5 mph,O: No Injury,White,Male,Van,No,31AUG2008,Sunday,Loss of Control / Turning Error,18,Intersection,August,C: Possible Injury,18:20:00,Bicyclist Lost Control - Other / Unknown,2008,Yes,No,Daylight,Straight - Level,Public Vehicular Area,Dry,"Two-Way, Not Divided",None,Related To Intersection,Smooth Asphalt,5 lanes,"35.9766340717, -80.019613037"
6138,Charlotte,Mecklenburg,Piedmont,Residential,Urban (>70% Developed),NA,Urban,20 - 25  MPH,Stop Sign,Clear,No,65,60-69,No,NA,With Traffic,B: Evident Injury,Travel Lane,White,Male,32,30-39,No,NA,6-10 mph,O: No Injury,Black,Male,Passenger Car,No,23SEP2008,Tuesday,Motorist Failed to Yield - Sign-Controlled Intersection,17,Intersection,September,B: Evident Injury,17:44:00,Motorist Drive Out - Sign-Controlled Intersection,2008,Yes,No,Daylight,Straight - Level,Local Street,Dry,"Two-Way, Not Divided",None,No Special Feature,Smooth Asphalt,2 lanes,"35.2128208823, -80.7659632179"
6142,Fayetteville,Cumberland,Coastal,Commercial,Urban (>70% Developed),NA,Urban,20 - 25  MPH,Stop Sign,Clear,No,8,6-10,No,NA,With Traffic,B: Evident Injury,Travel Lane,White,Female,39,30-39,No,NA,21-25 mph,O: No Injury,Black,Male,Sport Utility,No,03SEP2008,Wednesday,Bicyclist Failed to Yield - Sign-Controlled Intersection,19,Intersection,September,B: Evident Injury,19:03:00,Bicyclist Ride Through - Sign-Controlled Intersection,2008,No,No,Daylight,Straight - Bottom,Local Street,Dry,"Two-Way, Not Divided",None,T-Intersection,Smooth Asphalt,2 lanes,"35.0315849032, -79.0809627039"
6144,Fayetteville,Cumberland,Coastal,Residential,Urban (>70% Developed),NA,Urban,30 - 35  MPH,No Control Present,Cloudy,No,15,11-15,No,NA,Facing Traffic,B: Evident Injury,Travel Lane,White,Male,27,25-29,No,NA,31-35 mph,O: No Injury,Black,Female,Passenger Car,No,10JUL2008,Thursday,Bicyclist Failed to Yield - Sign-Controlled Intersection,7,Intersection,July,B: Evident Injury,07:26:00,Bicyclist Ride Out - Sign-Controlled Intersection,2008,Yes,No,Daylight,Straight - Level,Local Street,Dry,"Two-Way, Not Divided",None,No Special Feature,Coarse Asphalt,2 lanes,"35.1326769312, -78.8942926527"
6153,None - Rural Crash,Robeson,Coastal,"Farms, Woods, Pastures",Rural (<30% Developed),NA,Rural,50 - 55  MPH,No Control Present,Clear,No,55,50-59,No,NA,Facing Traffic,C: Possible Injury,Travel Lane,Native American,Male,NA,NA,Missing,NA,51-55 mph,Unknown Injury,Unknown/Missing,NA,NA,No,07SEP2008,Sunday,Head-On,22,Non-Intersection,September,C: Possible Injury,22:15:00,Head-On - Bicyclist,2008,Yes,Yes,Dark - Roadway Not Lighted,Straight - Level,NC Route,Dry,"Two-Way, Not Divided",None,No Special Feature,Coarse Asphalt,2 lanes,"34.7114628281, -79.2161967276"
6158,None - Rural Crash,Johnston,Coastal,Residential,Rural (<30% Developed),NA,Rural,50 - 55  MPH,"Double Yellow Line, No Passing Zone",Cloudy,No,42,40-49,No,NA,With Traffic,B: Evident Injury,Travel Lane,White,Male,35,30-39,No,NA,51-55 mph,O: No Injury,White,Male,Pickup,No,09SEP2008,Tuesday,Motorist Left Turn / Merge,6,Intersection,September,B: Evident Injury,06:31:00,Motorist Left Turn - Opposite Direction,2008,Yes,No,Dark - Roadway Not Lighted,Straight - Level,State Secondary Route,Dry,"Two-Way, Not Divided",None,T-Intersection,Smooth Asphalt,2 lanes,"35.6873320689, -78.3887225277"
6159,None - Rural Crash,Lenoir,Coastal,"Farms, Woods, Pastures",Rural (<30% Developed),NA,Rural,50 - 55  MPH,Missing,"Fog, Smog, Smoke",No,70+,70+,No,NA,With Traffic,B: Evident Injury,Travel Lane,White,Male,70+,70+,No,NA,51-55 mph,O: No Injury,Black,Female,Passenger Car,No,09SEP2008,Tuesday,Motorist Overtaking Bicyclist,8,Non-Intersection,September,B: Evident Injury,08:10:00,Motorist Overtaking - Other / Unknown,2008,Yes,No,Daylight,Straight - Level,US Route,Dry,"Two-Way, Divided, Unprotected Median",None,No Special Feature,Coarse Asphalt,4 lanes,"35.2670399998, -77.7322123071"
6160,Boone,Watauga,Mountains,Institutional,Rural (<30% Developed),NA,Urban,20 - 25  MPH,Stop And Go Signal,Cloudy,No,23,20-24,No,NA,With Traffic,B: Evident Injury,Travel Lane,White,Male,30,30-39,No,NA,16-20 mph,O: No Injury,White,Female,Sport Utility,No,09SEP2008,Tuesday,Bicyclist Overtaking Motorist,13,Non-Intersection,September,B: Evident Injury,13:59:00,Bicyclist Overtaking - Other / Unknown,2008,No,No,Daylight,Straight - Level,Local Street,Wet,"Two-Way, Not Divided",None,No Special Feature,Smooth Asphalt,4 lanes,"36.2154070585, -81.6829185486"
6162,Clinton,Sampson,Coastal,Commercial,Urban (>70% Developed),NA,Urban,30 - 35  MPH,No Control Present,Cloudy,No,22,20-24,No,NA,With Traffic,B: Evident Injury,Travel Lane,White,Male,20,20-24,No,NA,31-35 mph,O: No Injury,Hispanic,Male,Passenger Car,No,10SEP2008,Wednesday,Bicyclist Left Turn / Merge,6,Non-Intersection,September,B: Evident Injury,06:20:00,Bicyclist Left Turn - Opposite Direction,2008,Yes,No,Dark - Lighted Roadway,Straight - Level,Local Street,Dry,"Two-Way, Not Divided",None,No Special Feature,Coarse Asphalt,3 lanes,"34.9943669214, -78.3127724696"
6165,Durham,Durham,Piedmont,Commercial,Urban (>70% Developed),NA,Urban,20 - 25  MPH,No Control Present,Clear,No,60,60-69,No,NA,With Traffic,B: Evident Injury,Travel Lane,Black,Female,NA,NA,Missing,NA,0-5 mph,Unknown Injury,Unknown/Missing,NA,NA,No,14JUL2008,Monday,Bicyclist Overtaking Motorist,14,Non-Intersection,July,B: Evident Injury,14:34:00,Bicyclist Overtaking - Extended Door,2008,No,Yes,Daylight,Straight - Grade,Local Street,Dry,"Two-Way, Not Divided",None,No Special Feature,Smooth Asphalt,2 lanes,"35.9964441167, -78.9031167001"
6181,Raleigh,Wake,Piedmont,Institutional,Urban (>70% Developed),NA,Urban,5 - 15 MPH,No Control Present,Cloudy,No,20,20-24,No,NA,Not Applicable,C: Possible Injury,Non-Roadway,White,Male,20,20-24,No,NA,0-5 mph,O: No Injury,White,Male,Passenger Car,No,16SEP2008,Tuesday,Non-Roadway,8,Non-Roadway,September,C: Possible Injury,08:13:00,Non-Roadway,2008,No,No,Daylight,Straight - Hillcrest,Local Street,Dry,"Two-Way, Not Divided",None,"Driveway, Public",Smooth Asphalt,NA,"35.7850950794, -78.6795726216"
6193,Goldsboro,Wayne,Coastal,Residential,Mixed (30% To 70% Developed),NA,Urban,30 - 35  MPH,No Control Present,Clear,No,34,30-39,No,NA,With Traffic,B: Evident Injury,Bike Lane / Paved Shoulder,Black,Male,35,30-39,No,NA,31-35 mph,C: Possible Injury,Black,Female,Sport Utility,No,27SEP2008,Saturday,Other / Unusual Circumstances,14,Non-Intersection,September,B: Evident Injury,14:30:00,Motorist Intentionally Caused,2008,No,No,Daylight,Straight - Level,Local Street,Dry,"Two-Way, Not Divided",None,No Special Feature,Coarse Asphalt,2 lanes,"35.3993970204, -77.9943183941"
6202,Greensboro,Guilford,Piedmont,Residential,Urban (>70% Developed),NA,Urban,30 - 35  MPH,Stop Sign,Clear,No,NA,NA,No,NA,With Traffic,B: Evident Injury,Travel Lane,Black,Male,25,25-29,No,NA,21-25 mph,O: No Injury,White,Female,Passenger Car,No,15SEP2008,Monday,Motorist Overtaking Bicyclist,21,Non-Intersection,September,B: Evident Injury,21:13:00,Motorist Overtaking - Undetected Bicyclist,2008,Yes,No,Dusk,Straight - Grade,Local Street,Dry,"Two-Way, Not Divided",None,No Special Feature,Smooth Asphalt,4 lanes,"36.064960099, -79.7833969703"
6204,Sunset Beach,Brunswick,Coastal,Residential,Rural (<30% Developed),NA,Rural,30 - 35  MPH,Stop Sign,Clear,No,67,60-69,No,NA,With Traffic,C: Possible Injury,Travel Lane,White,Male,58,50-59,No,NA,NA,O: No Injury,White,Male,Pickup,No,28SEP2008,Sunday,Motorist Failed to Yield - Sign-Controlled Intersection,11,Intersection,September,C: Possible Injury,11:05:00,Motorist Drive Out - Sign-Controlled Intersection,2008,Yes,No,Daylight,Straight - Level,Local Street,Dry,"Two-Way, Divided, Unprotected Median",None,T-Intersection,Smooth Asphalt,2 lanes,"33.8876146702, -78.5107624761"
6205,None - Rural Crash,Onslow,Coastal,"Farms, Woods, Pastures",Rural (<30% Developed),NA,Rural,50 - 55  MPH,No Control Present,Clear,No,17,16-19,No,NA,With Traffic,A: Disabling Injury,Travel Lane,White,Male,22,20-24,No,NA,46-50 mph,O: No Injury,White,Male,Passenger Car,No,28SEP2008,Sunday,Motorist Overtaking Bicyclist,19,Non-Intersection,September,A: Disabling Injury,19:48:00,Motorist Overtaking - Other / Unknown,2008,Yes,No,Daylight,Straight - Level,State Secondary Route,Dry,"Two-Way, Not Divided",None,No Special Feature,Coarse Asphalt,2 lanes,"34.7290148895, -77.5051022117"
6212,High Point,Guilford,Piedmont,Residential,Urban (>70% Developed),NA,Urban,30 - 35  MPH,Yield Sign,Clear,No,11,11-15,No,NA,With Traffic,B: Evident Injury,Travel Lane,Black,Male,39,30-39,No,NA,31-35 mph,O: No Injury,White,Female,Pickup,No,30SEP2008,Tuesday,Bicyclist Failed to Yield - Sign-Controlled Intersection,16,Intersection,September,B: Evident Injury,16:16:00,Bicyclist Ride Out - Sign-Controlled Intersection,2008,Yes,No,Daylight,Straight - Level,Local Street,Dry,"Two-Way, Not Divided",None,Related To Intersection,Smooth Asphalt,2 lanes,"35.9742350718, -80.0067530329"
6217,Kannapolis,Cabarrus,Piedmont,Commercial,Urban (>70% Developed),NA,Urban,40 - 45  MPH,No Control Present,Clear,No,53,50-59,No,NA,With Traffic,A: Disabling Injury,Travel Lane,White,Female,59,50-59,No,NA,41-45 mph,O: No Injury,White,Male,Sport Utility,No,04OCT2008,Saturday,Motorist Overtaking Bicyclist,18,Non-Intersection,October,A: Disabling Injury,18:04:00,Motorist Overtaking - Undetected Bicyclist,2008,Yes,No,Daylight,Straight - Grade,Local Street,Dry,"Two-Way, Not Divided",None,No Special Feature,Smooth Asphalt,5 lanes,"35.5048019492, -80.6296631934"
6228,Boone,Watauga,Mountains,Commercial,Urban (>70% Developed),NA,Urban,30 - 35  MPH,Missing,Rain,No,20,20-24,No,NA,With Traffic,B: Evident Injury,Travel Lane,White,Female,61,60-69,No,NA,NA,O: No Injury,White,Male,Passenger Car,No,09OCT2008,Thursday,Motorist Left Turn / Merge,15,Non-Intersection,October,B: Evident Injury,15:35:00,Motorist Left Turn - Opposite Direction,2008,Yes,No,Daylight,Straight - Level,Local Street,Wet,"Two-Way, Not Divided",None,"Driveway, Public",Smooth Asphalt,3 lanes,"36.2046350573, -81.6686895433"
6229,None - Rural Crash,Cumberland,Coastal,Residential,Mixed (30% To 70% Developed),NA,Rural,40 - 45  MPH,Stop Sign,Clear,No,28,25-29,No,NA,With Traffic,B: Evident Injury,Travel Lane,White,Male,50,50-59,No,NA,0-5 mph,O: No Injury,White,Male,Pickup,No,15OCT2008,Wednesday,Motorist Failed to Yield - Sign-Controlled Intersection,6,Intersection,October,B: Evident Injury,06:30:00,Motorist Drive Out - Sign-Controlled Intersection,2008,Yes,No,Dark - Roadway Not Lighted,Straight - Level,State Secondary Route,Dry,"Two-Way, Not Divided",None,T-Intersection,Smooth Asphalt,2 lanes,"34.9758898945, -78.9758786693"
6230,Henderson,Vance,Piedmont,Residential,Urban (>70% Developed),NA,Urban,30 - 35  MPH,"Double Yellow Line, No Passing Zone",Clear,No,21,20-24,No,NA,With Traffic,C: Possible Injury,Travel Lane,Black,Male,NA,NA,No,NA,31-35 mph,Unknown Injury,Unknown/Missing,NA,Pickup,No,15OCT2008,Wednesday,Motorist Overtaking Bicyclist,16,Non-Intersection,October,C: Possible Injury,16:00:00,Motorist Overtaking - Other / Unknown,2008,No,Yes,Daylight,Curve - Level,State Secondary Route,Dry,"Two-Way, Not Divided",None,No Special Feature,Coarse Asphalt,2 lanes,"36.3366872072, -78.394192564"
6252,Pembroke,Robeson,Coastal,Commercial,Urban (>70% Developed),NA,Rural,NA,Stop Sign,Cloudy,No,42,40-49,No,NA,Facing Traffic,O: No Injury,Bike Lane / Paved Shoulder,Native American,Male,NA,NA,Missing,NA,NA,Unknown Injury,Unknown/Missing,NA,Passenger Car,No,24OCT2008,Friday,Head-On,20,Intersection,October,O: No Injury,20:45:00,Head-On - Bicyclist,2008,Yes,Yes,Dark - Lighted Roadway,Straight - Level,Local Street,Wet,"Two-Way, Not Divided",None,T-Intersection,Smooth Asphalt,4 lanes,"34.6756318218, -79.1877087177"
6253,Wilmington,New Hanover,Coastal,Commercial,Urban (>70% Developed),NA,Urban,40 - 45  MPH,Stop Sign,Clear,No,25,25-29,No,NA,Facing Traffic,C: Possible Injury,Travel Lane,White,Female,61,60-69,No,NA,0-5 mph,O: No Injury,White,Male,Passenger Car,No,13OCT2008,Monday,Motorist Failed to Yield - Sign-Controlled Intersection,10,Intersection,October,C: Possible Injury,10:44:00,Motorist Drive Out - Sign-Controlled Intersection,2008,Yes,No,Daylight,Straight - Level,Local Street,Dry,"Two-Way, Not Divided",None,T-Intersection,Coarse Asphalt,5 lanes,"34.2080947629, -77.8607122952"
6260,Chapel Hill,Orange,Piedmont,Institutional,Mixed (30% To 70% Developed),NA,Urban,20 - 25  MPH,Missing,Clear,No,39,30-39,No,NA,With Traffic,B: Evident Injury,Travel Lane,Native American,Male,36,30-39,No,NA,0-5 mph,O: No Injury,White,Male,Sport Utility,No,08OCT2008,Wednesday,Parking / Bus-Related,7,Non-Intersection,October,B: Evident Injury,07:56:00,Motorist Drive In / Out - Parking,2008,Yes,No,Daylight,Straight - Level,Local Street,Dry,"Two-Way, Not Divided",None,No Special Feature,Smooth Asphalt,2 lanes,"35.9098670932, -79.04728274"
6262,Oxford,Granville,Piedmont,Commercial,Urban (>70% Developed),NA,Urban,5 - 15 MPH,No Control Present,Clear,No,18,16-19,No,NA,Not Applicable,C: Possible Injury,Non-Roadway,Black,Male,50,50-59,No,NA,6-10 mph,O: No Injury,Black,Female,Passenger Car,No,26AUG2008,Tuesday,Non-Roadway,17,Non-Roadway,August,C: Possible Injury,17:20:00,Non-Roadway,2008,Yes,No,Daylight,Straight - Level,Public Vehicular Area,Dry,"One-Way, Not Divided",None,"Driveway, Public",Smooth Asphalt,NA,"36.2998371925, -78.5826126203"
6266,Raleigh,Wake,Piedmont,Commercial,Urban (>70% Developed),NA,Urban,30 - 35  MPH,No Control Present,Clear,No,16,16-19,No,NA,Facing Traffic,B: Evident Injury,Bike Lane / Paved Shoulder,Black,Male,34,30-39,Yes,NA,56-60 mph,O: No Injury,Hispanic,Male,Pickup,Yes,25AUG2008,Monday,Head-On,1,Non-Intersection,August,B: Evident Injury,01:44:00,Head-On - Bicyclist,2008,No,No,Dark - Lighted Roadway,Straight - Level,Local Street,Dry,"Two-Way, Not Divided",None,No Special Feature,Coarse Asphalt,1 lane,"35.7447690708, -78.6782176195"
6274,Rocky Mount,Nash,Coastal,Commercial,Urban (>70% Developed),NA,Urban,40 - 45  MPH,Stop And Go Signal,Clear,No,45,40-49,No,NA,Facing Traffic,K: Killed,Travel Lane,White,Male,52,50-59,No,NA,36-40 mph,O: No Injury,Hispanic,Male,Van,No,30SEP2008,Tuesday,Head-On,20,Non-Intersection,September,K: Killed,20:08:00,Head-On - Bicyclist,2008,Yes,No,Dark - Lighted Roadway,Straight - Level,Local Street,Dry,"Two-Way, Divided, Unprotected Median",None,No Special Feature,Concrete,4 lanes,"35.9662391484, -77.816912369"
6276,Charlotte,Mecklenburg,Piedmont,Residential,Urban (>70% Developed),NA,Urban,20 - 25  MPH,No Control Present,Clear,No,22,20-24,No,NA,Facing Traffic,C: Possible Injury,Travel Lane,Hispanic,Male,16,0-19,No,NA,31-35 mph,O: No Injury,Hispanic,Male,Passenger Car,No,06NOV2008,Thursday,Head-On,8,Intersection-Related,November,C: Possible Injury,08:17:00,Head-On - Bicyclist,2008,Yes,Yes,Daylight,Straight - Level,Local Street,Dry,"Two-Way, Not Divided",None,T-Intersection,Smooth Asphalt,2 lanes,"35.1440418631, -80.8904032516"
6277,None - Rural Crash,Wake,Piedmont,Residential,Mixed (30% To 70% Developed),NA,Rural,40 - 45  MPH,"Double Yellow Line, No Passing Zone",Cloudy,No,41,40-49,No,NA,With Traffic,B: Evident Injury,Travel Lane,White,Male,70+,70+,No,NA,36-40 mph,O: No Injury,White,Female,Passenger Car,No,11OCT2008,Saturday,Motorist Right Turn / Merge,10,Intersection,October,B: Evident Injury,10:31:00,Motorist Right Turn - Same Direction,2008,Yes,No,Daylight,Straight - Level,State Secondary Route,Dry,"Two-Way, Not Divided",None,T-Intersection,Smooth Asphalt,2 lanes,"35.677277054, -78.7370176329"
6278,None - Rural Crash,Hoke,Coastal,Commercial,Mixed (30% To 70% Developed),NA,Rural,50 - 55  MPH,Stop And Go Signal,Clear,No,45,40-49,No,NA,With Traffic,C: Possible Injury,Travel Lane,White,Male,53,50-59,No,NA,11-15 mph,O: No Injury,White,Female,Passenger Car,No,13OCT2008,Monday,Crossing Paths - Other Circumstances,13,Intersection,October,C: Possible Injury,13:36:00,Signalized Intersection - Other / Unknown,2008,Yes,No,Daylight,Straight - Level,US Route,Dry,"Two-Way, Divided, Unprotected Median",None,Four-Way Intersection,Smooth Asphalt,4 lanes,"35.0317529028, -79.0952827073"
6279,None - Rural Crash,Halifax,Coastal,"Farms, Woods, Pastures",Rural (<30% Developed),NA,Rural,50 - 55  MPH,"Double Yellow Line, No Passing Zone",Clear,No,20,20-24,No,NA,With Traffic,C: Possible Injury,Bike Lane / Paved Shoulder,Black,Male,NA,NA,Missing,NA,41-45 mph,Unknown Injury,Unknown/Missing,NA,NA,No,07OCT2008,Tuesday,Head-On,19,Non-Intersection,October,C: Possible Injury,19:07:00,Head-On - Motorist,2008,Yes,Yes,Dusk,Straight - Bottom,State Secondary Route,Dry,"Two-Way, Not Divided",None,No Special Feature,Smooth Asphalt,2 lanes,"36.4331372493, -77.7716523795"
6281,Jacksonville,Onslow,Coastal,Residential,Urban (>70% Developed),NA,Urban,20 - 25  MPH,Stop Sign,Clear,No,57,50-59,No,NA,Facing Traffic,C: Possible Injury,Travel Lane,White,Male,35,30-39,No,NA,21-25 mph,O: No Injury,White,Male,Pickup,No,26OCT2008,Sunday,Motorist Left Turn / Merge,12,Intersection,October,C: Possible Injury,12:41:00,Motorist Left Turn - Same Direction,2008,No,No,Daylight,Straight - Level,Local Street,Dry,"Two-Way, Not Divided",None,Four-Way Intersection,Smooth Asphalt,2 lanes,"34.7470538981, -77.3684521709"
6284,None - Rural Crash,Davidson,Piedmont,Residential,Rural (<30% Developed),NA,Rural,20 - 25  MPH,No Control Present,Clear,No,27,25-29,No,NA,With Traffic,O: No Injury,Travel Lane,White,Male,20,20-24,No,NA,0-5 mph,O: No Injury,White,Male,Passenger Car,No,25OCT2008,Saturday,Motorist Right Turn / Merge,14,Non-Intersection,October,O: No Injury,14:28:00,Motorist Right Turn - Same Direction,2008,No,No,Dark - Roadway Not Lighted,Curve - Grade,State Secondary Route,Dry,"Two-Way, Not Divided",None,"Driveway, Private",Smooth Asphalt,2 lanes,"35.6752729995, -80.2427630872"
6298,None - Rural Crash,Carteret,Coastal,"Farms, Woods, Pastures",Rural (<30% Developed),NA,Rural,50 - 55  MPH,No Control Present,Cloudy,No,46,40-49,No,NA,With Traffic,C: Possible Injury,Travel Lane,White,Female,26,25-29,No,NA,51-55 mph,O: No Injury,White,Female,Pickup,No,13NOV2008,Thursday,Motorist Overtaking Bicyclist,18,Non-Intersection,November,C: Possible Injury,18:26:00,Motorist Overtaking - Misjudged Space,2008,Yes,No,Dark - Roadway Not Lighted,Straight - Level,US Route,Wet,"Two-Way, Divided, Unprotected Median",None,No Special Feature,Coarse Asphalt,4 lanes,"34.7486969157, -76.8369770095"
6302,Mount Airy,Surry,Mountains,Commercial,Urban (>70% Developed),NA,Urban,30 - 35  MPH,Missing,Clear,No,20,20-24,No,NA,Facing Traffic,C: Possible Injury,Sidewalk / Crosswalk / Driveway Crossing,White,Male,60,60-69,No,NA,0-5 mph,O: No Injury,White,Male,Pickup,No,27OCT2008,Monday,Motorist Right Turn / Merge,11,Non-Intersection,October,C: Possible Injury,11:40:00,Motorist Right Turn - Opposite Direction,2008,No,No,Daylight,Straight - Grade,NC Route,Dry,"Two-Way, Not Divided",None,"Driveway, Public",Smooth Asphalt,2 lanes,"36.5021471595, -80.6141392455"
6303,Fayetteville,Cumberland,Coastal,Commercial,Urban (>70% Developed),NA,Urban,20 - 25  MPH,Stop And Go Signal,Clear,No,44,40-49,No,NA,Facing Traffic,C: Possible Injury,Travel Lane,Black,Male,20,20-24,No,NA,6-10 mph,O: No Injury,Black,Female,Passenger Car,No,30OCT2008,Thursday,Crossing Paths - Other Circumstances,17,Intersection,October,C: Possible Injury,17:06:00,Signalized Intersection - Other / Unknown,2008,Yes,No,Daylight,Straight - Level,Local Street,Dry,"Two-Way, Divided, Unprotected Median",None,T-Intersection,Coarse Asphalt,6 lanes,"35.0710289172, -78.9239226585"
6304,Beaufort,Carteret,Coastal,Institutional,Urban (>70% Developed),NA,Rural,30 - 35  MPH,No Control Present,Rain,No,29,25-29,Yes,NA,With Traffic,C: Possible Injury,Travel Lane,White,Male,NA,NA,Missing,NA,31-35 mph,Unknown Injury,Unknown/Missing,NA,Pickup,Yes,15NOV2008,Saturday,Motorist Overtaking Bicyclist,22,Non-Intersection,November,C: Possible Injury,22:30:00,Motorist Overtaking - Misjudged Space,2008,Yes,Yes,Dark - Lighted Roadway,Straight - Level,NC Route,Wet,"Two-Way, Divided, Unprotected Median",None,No Special Feature,Smooth Asphalt,2 lanes,"34.7283739173, -76.648477951"
6310,Greensboro,Guilford,Piedmont,Commercial,Urban (>70% Developed),NA,Urban,30 - 35  MPH,No Control Present,Clear,No,25,25-29,No,NA,With Traffic,C: Possible Injury,Sidewalk / Crosswalk / Driveway Crossing,White,Male,33,30-39,No,NA,0-5 mph,O: No Injury,Black,Female,Sport Utility,No,12OCT2008,Sunday,Motorist Failed to Yield - Midblock,16,Non-Intersection,October,C: Possible Injury,16:36:00,Motorist Drive Out - Commercial Driveway / Alley,2008,No,No,Daylight,Straight - Level,Local Street,Dry,"Two-Way, Not Divided",None,No Special Feature,Smooth Asphalt,5 lanes,"36.084357099, -79.8910480039"
6325,None - Rural Crash,Duplin,Coastal,"Farms, Woods, Pastures",Mixed (30% To 70% Developed),NA,Rural,50 - 55  MPH,No Control Present,Clear,No,11,11-15,No,NA,With Traffic,B: Evident Injury,Travel Lane,White,Male,37,30-39,No,NA,51-55 mph,O: No Injury,Black,Female,"Light Truck (Mini-Van, Panel)",No,25NOV2008,Tuesday,Bicyclist Left Turn / Merge,18,Non-Intersection,November,B: Evident Injury,18:30:00,Bicyclist Left Turn - Same Direction,2008,Yes,No,Dark - Roadway Not Lighted,Straight - Level,State Secondary Route,Dry,"Two-Way, Not Divided",None,No Special Feature,Coarse Asphalt,2 lanes,"34.9621189228, -78.0476173881"
6326,Charlotte,Mecklenburg,Piedmont,Residential,Mixed (30% To 70% Developed),NA,Urban,20 - 25  MPH,No Control Present,Clear,No,9,6-10,No,NA,With Traffic,B: Evident Injury,Travel Lane,Hispanic,Male,58,50-59,No,NA,16-20 mph,O: No Injury,White,Male,Passenger Car,No,27NOV2008,Thursday,Loss of Control / Turning Error,14,Non-Intersection,November,B: Evident Injury,14:27:00,Bicyclist Lost Control - Other / Unknown,2008,Yes,No,Daylight,Straight - Grade,Local Street,Dry,"Two-Way, Not Divided",None,No Special Feature,Smooth Asphalt,2 lanes,"35.3281399088, -80.6988482043"
6336,Charlotte,Mecklenburg,Piedmont,Commercial,Urban (>70% Developed),NA,Urban,NA,Stop Sign,Clear,No,45,40-49,No,NA,Facing Traffic,C: Possible Injury,Sidewalk / Crosswalk / Driveway Crossing,Black,Male,NA,NA,Missing,NA,NA,Unknown Injury,Unknown/Missing,NA,Passenger Car,No,02DEC2008,Tuesday,Motorist Failed to Yield - Sign-Controlled Intersection,20,Intersection,December,C: Possible Injury,20:05:00,Motorist Drive Out - Sign-Controlled Intersection,2008,Yes,Yes,Dark - Lighted Roadway,Straight - Level,Local Street,Dry,"Two-Way, Not Divided",None,Four-Way Intersection,Smooth Asphalt,2 lanes,"35.2183868813, -80.8111032322"