object_id,city,county,region,development,locality,on_road,rural_urban,speed_limit,traffic_control,weather,workzone,bike_age,bike_age_group,bike_alcohol,bike_alcohol_drugs,bike_direction,bike_injury,bike_position,bike_race,bike_sex,driver_age,driver_age_group,driver_alcohol,driver_alcohol_drugs,driver_est_speed,driver_injury,driver_race,driver_sex,driver_vehicle_type,crash_alcohol,crash_date,crash_day,crash_group,crash_hour,crash_location,crash_month,crash_severity,crash_time,crash_type,crash_year,ambulance_req,hit_run,light_condition,road_character,road_class,road_condition,road_configuration,road_defects,road_feature,road_surface,num_lanes,geo_point
6339,Durham,Durham,Piedmont,Commercial,Urban (>70% Developed),NA,Urban,30 - 35  MPH,No Control Present,Clear,No,25,25-29,No,NA,With Traffic,C: Possible Injury,Travel Lane,White,Female,48,40-49,No,NA,31-35 mph,O: No Injury,White,Male,Passenger Car,No,02DEC2008,Tuesday,Bicyclist Left Turn / Merge,16,Non-Intersection,December,C: Possible Injury,16:40:00,Bicyclist Left Turn - Same Direction,2008,Yes,No,Daylight,Straight - Level,Local Street,Dry,"Two-Way, Not Divided",None,No Special Feature,Concrete,5 lanes,"36.0060071173, -78.9478787144"
6341,None - Rural Crash,Lenoir,Coastal,"Farms, Woods, Pastures",Mixed (30% To 70% Developed),NA,Rural,60 - 75 MPH,No Control Present,Cloudy,No,35,30-39,No,NA,With Traffic,K: Killed,Bike Lane / Paved Shoulder,Black,Male,29,25-29,No,NA,36-40 mph,O: No Injury,White,Male,"Single Unit Truck (2-Axle, 6-Tire)",No,13NOV2008,Thursday,Motorist Overtaking Bicyclist,6,Non-Intersection,November,K: Killed,06:15:00,Motorist Overtaking - Other / Unknown,2008,Yes,No,Dark - Roadway Not Lighted,Straight - Level,NC Route,Wet,"Two-Way, Divided, Unprotected Median",None,No Special Feature,Smooth Asphalt,4 lanes,"35.3539670283, -77.466022231"
6344,Asheville,Buncombe,Mountains,Commercial,Urban (>70% Developed),NA,Urban,30 - 35  MPH,No Control Present,Clear,No,24,20-24,No,NA,With Traffic,O: No Injury,Sidewalk / Crosswalk / Driveway Crossing,White,Male,NA,NA,No,NA,21-25 mph,O: No Injury,White,Female,Passenger Car,No,12NOV2008,Wednesday,Motorist Right Turn / Merge,14,Non-Intersection,November,O: No Injury,14:16:00,Motorist Right Turn - Same Direction,2008,No,No,Daylight,Straight - Level,Local Street,Dry,"Two-Way, Not Divided",None,"Driveway, Public",Smooth Asphalt,4 lanes,"35.606242898, -82.5531837702"
6348,None - Rural Crash,Robeson,Coastal,"Farms, Woods, Pastures",Rural (<30% Developed),NA,Rural,50 - 55  MPH,"Double Yellow Line, No Passing Zone",Clear,No,53,50-59,No,NA,With Traffic,A: Disabling Injury,Travel Lane,Native American,Male,NA,NA,No,NA,31-35 mph,Unknown Injury,Unknown/Missing,NA,"Light Truck (Mini-Van, Panel)",No,05DEC2008,Friday,Motorist Left Turn / Merge,22,Intersection,December,A: Disabling Injury,22:20:00,Motorist Left Turn - Opposite Direction,2008,Yes,Yes,Dark - Roadway Not Lighted,Straight - Level,State Secondary Route,Dry,"Two-Way, Not Divided",None,T-Intersection,Coarse Asphalt,2 lanes,"34.7030468272, -79.1931427202"
6353,Leland,Brunswick,Coastal,"Farms, Woods, Pastures",Urban (>70% Developed),NA,Rural,40 - 45  MPH,No Control Present,Clear,No,47,40-49,No,NA,Facing Traffic,B: Evident Injury,Bike Lane / Paved Shoulder,Hispanic,Female,56,50-59,No,NA,0-5 mph,O: No Injury,White,Male,Pickup,No,16NOV2008,Sunday,Motorist Failed to Yield - Midblock,16,Non-Intersection,November,B: Evident Injury,16:50:00,Motorist Drive Out - Commercial Driveway / Alley,2008,Yes,No,Daylight,Straight - Level,Local Street,NA,"Two-Way, Not Divided",None,"Driveway, Public",Coarse Asphalt,5 lanes,"34.2335197638, -77.9960523366"
6359,Winston-Salem,Forsyth,Piedmont,Commercial,Urban (>70% Developed),NA,Urban,30 - 35  MPH,Missing,Clear,No,46,40-49,No,NA,With Traffic,C: Possible Injury,Travel Lane,Black,Male,59,50-59,No,NA,6-10 mph,O: No Injury,Black,Male,Sport Utility,No,19NOV2008,Wednesday,Motorist Right Turn / Merge,13,Non-Intersection,November,C: Possible Injury,13:00:00,Motorist Right Turn - Same Direction,2008,No,No,Daylight,Curve - Bottom,Local Street,Dry,"Two-Way, Not Divided",None,No Special Feature,Coarse Asphalt,3 lanes,"36.0795870855, -80.238683108"
6366,Raleigh,Wake,Piedmont,Commercial,Urban (>70% Developed),NA,Urban,NA,Missing,Cloudy,No,9,6-10,No,NA,Not Applicable,Unknown Injury,NA,Black,Male,31,30-39,No,NA,NA,O: No Injury,Black,Male,Passenger Car,No,03NOV2008,Monday,Crossing Paths - Other Circumstances,17,Intersection-Related,November,O: No Injury,17:07:00,Crossing Paths - Uncontrolled Intersection,2008,Yes,No,Dark - Roadway Not Lighted,Straight - Grade,Local Street,Dry,"Two-Way, Divided, Unprotected Median",None,No Special Feature,Smooth Asphalt,7 lanes,"35.7799370803, -78.6146226015"
6367,Winston-Salem,Forsyth,Piedmont,Commercial,Urban (>70% Developed),NA,Urban,30 - 35  MPH,No Control Present,Clear,No,20,20-24,No,NA,With Traffic,C: Possible Injury,Travel Lane,Hispanic,Male,39,30-39,No,NA,26-30 mph,O: No Injury,White,Male,Single Unit Truck (3 Or More Axles),No,19NOV2008,Wednesday,Motorist Overtaking Bicyclist,8,Non-Intersection,November,C: Possible Injury,08:20:00,Motorist Overtaking - Other / Unknown,2008,Yes,No,Daylight,Straight - Level,Local Street,Dry,"Two-Way, Not Divided",None,No Special Feature,Smooth Asphalt,2 lanes,"36.1643631032, -80.2338831117"
6369,Kinston,Lenoir,Coastal,Residential,Urban (>70% Developed),NA,Urban,30 - 35  MPH,Stop Sign,Clear,No,15,11-15,No,NA,With Traffic,B: Evident Injury,Travel Lane,Black,Male,67,60-69,No,NA,16-20 mph,C: Possible Injury,White,Female,Sport Utility,No,15DEC2008,Monday,Bicyclist Failed to Yield - Sign-Controlled Intersection,16,Intersection,December,B: Evident Injury,16:16:00,Bicyclist Ride Through - Sign-Controlled Intersection,2008,Yes,No,Daylight,Straight - Hillcrest,Local Street,Dry,"Two-Way, Not Divided",None,Four-Way Intersection,Coarse Asphalt,2 lanes,"35.2724450058, -77.5858222627"
6372,Monroe,Union,Piedmont,Commercial,Urban (>70% Developed),NA,Urban,40 - 45  MPH,Missing,Cloudy,No,16,16-19,No,NA,Not Applicable,B: Evident Injury,NA,White,Male,43,40-49,No,NA,36-40 mph,O: No Injury,White,Male,Passenger Car,No,24NOV2008,Monday,Bicyclist Failed to Yield - Midblock,17,Non-Intersection,November,B: Evident Injury,17:35:00,Bicyclist Ride Out - Midblock - Unknown,2008,No,No,Dark - Lighted Roadway,Straight - Level,Local Street,Wet,"Two-Way, Not Divided",None,No Special Feature,Smooth Asphalt,2 lanes,"35.0209568471, -80.5913881556"
6376,None - Rural Crash,Bertie,Coastal,"Farms, Woods, Pastures",Rural (<30% Developed),NA,Rural,50 - 55  MPH,"Double Yellow Line, No Passing Zone",Cloudy,No,57,50-59,No,NA,Facing Traffic,C: Possible Injury,Travel Lane,White,Male,70+,70+,No,NA,51-55 mph,O: No Injury,White,Male,Passenger Car,No,20DEC2008,Saturday,Bicyclist Right Turn / Merge,10,Non-Intersection,December,C: Possible Injury,10:09:00,Bicyclist Right Turn - Same Direction,2008,Yes,No,Daylight,Straight - Level,State Secondary Route,Wet,"Two-Way, Not Divided",None,No Special Feature,Coarse Asphalt,2 lanes,"36.098647208, -76.9079220974"
6380,None - Rural Crash,Cabarrus,Piedmont,Residential,Urban (>70% Developed),NA,Rural,40 - 45  MPH,"Double Yellow Line, No Passing Zone",Clear,No,44,40-49,No,NA,With Traffic,B: Evident Injury,Travel Lane,White,Female,28,25-29,No,NA,36-40 mph,O: No Injury,White,Male,Passenger Car,No,25DEC2008,Thursday,Motorist Overtaking Bicyclist,16,Non-Intersection,December,B: Evident Injury,16:54:00,Motorist Overtaking - Other / Unknown,2008,Yes,No,Dusk,Straight - Level,State Secondary Route,Dry,"Two-Way, Not Divided",None,No Special Feature,Smooth Asphalt,2 lanes,"35.3532769191, -80.5749231683"
6381,None - Rural Crash,Cumberland,Coastal,Commercial,Mixed (30% To 70% Developed),NA,Rural,40 - 45  MPH,"Double Yellow Line, No Passing Zone",Clear,No,14,11-15,No,NA,Not Applicable,B: Evident Injury,Other,Black,Male,52,50-59,No,NA,31-35 mph,O: No Injury,White,Female,Passenger Car,No,22DEC2008,Monday,Crossing Paths - Other Circumstances,17,Intersection,December,B: Evident Injury,17:40:00,Crossing Paths - Uncontrolled Intersection,2008,Yes,No,Dark - Roadway Not Lighted,Straight - Level,State Secondary Route,Dry,"Two-Way, Not Divided",None,No Special Feature,Coarse Asphalt,2 lanes,"34.9824668986, -78.906817649"
6383,Raleigh,Wake,Piedmont,Commercial,Urban (>70% Developed),NA,Urban,30 - 35  MPH,Stop And Go Signal,Clear,No,25,25-29,No,NA,With Traffic,B: Evident Injury,Travel Lane,White,Male,70+,70+,No,NA,16-20 mph,O: No Injury,White,Female,Passenger Car,No,04SEP2008,Thursday,Motorist Left Turn / Merge,18,Intersection,September,B: Evident Injury,18:09:00,Motorist Left Turn - Opposite Direction,2008,No,No,Daylight,Straight - Level,Local Street,Dry,"Two-Way, Not Divided",None,Four-Way Intersection,Smooth Asphalt,2 lanes,"35.7782700794, -78.6402386088"
6390,Raleigh,Wake,Piedmont,Residential,Mixed (30% To 70% Developed),NA,Urban,40 - 45  MPH,Stop Sign,Clear,No,55,50-59,No,NA,With Traffic,B: Evident Injury,Travel Lane,Black,Male,37,30-39,No,NA,41-45 mph,O: No Injury,Black,Female,Passenger Car,No,21OCT2008,Tuesday,Bicyclist Failed to Yield - Sign-Controlled Intersection,23,Intersection,October,B: Evident Injury,23:07:00,Bicyclist Ride Through - Sign-Controlled Intersection,2008,Yes,No,Dark - Lighted Roadway,Straight - Level,Local Street,Dry,"Two-Way, Not Divided",None,T-Intersection,Coarse Asphalt,3 lanes,"35.760517076, -78.6313726056"
6393,Greensboro,Guilford,Piedmont,Residential,Mixed (30% To 70% Developed),NA,Urban,20 - 25  MPH,Missing,Clear,No,9,6-10,No,NA,Not Applicable,B: Evident Injury,Driveway / Alley,White,Female,54,50-59,No,NA,16-20 mph,O: No Injury,White,Female,Passenger Car,No,09NOV2008,Sunday,Bicyclist Failed to Yield - Midblock,17,Non-Intersection,November,B: Evident Injury,17:36:00,Bicyclist Ride Out - Residential Driveway,2008,Yes,No,Dark - Roadway Not Lighted,Straight - Grade,Local Street,Dry,"Two-Way, Not Divided",None,No Special Feature,Smooth Asphalt,2 lanes,"36.0875070991, -79.9117080104"
6396,None - Rural Crash,Caldwell,Mountains,Residential,Mixed (30% To 70% Developed),NA,Rural,NA,No Control Present,Clear,No,14,11-15,No,NA,Not Applicable,C: Possible Injury,Non-Roadway,White,Female,NA,NA,Missing,NA,0-5 mph,Unknown Injury,Unknown/Missing,NA,Passenger Car,No,30DEC2008,Tuesday,Non-Roadway,14,Non-Roadway,December,C: Possible Injury,14:50:00,Non-Roadway,2008,No,No,Daylight,Straight - Grade,"Private Road, Driveway",Dry,"Two-Way, Not Divided",None,"Driveway, Private",Gravel,NA,"35.8248739867, -81.425783449"
6400,Pinetops,Edgecombe,Coastal,Residential,Urban (>70% Developed),NA,Rural,5 - 15 MPH,No Control Present,Cloudy,No,52,50-59,No,NA,Facing Traffic,C: Possible Injury,Travel Lane,Black,Male,35,30-39,No,NA,0-5 mph,O: No Injury,Black,Female,Passenger Car,No,17SEP2008,Wednesday,Motorist Failed to Yield - Sign-Controlled Intersection,15,Intersection,September,C: Possible Injury,15:43:00,Motorist Drive Out - Sign-Controlled Intersection,2008,Yes,No,Daylight,Straight - Level,Local Street,Dry,"Two-Way, Not Divided",None,No Special Feature,Smooth Asphalt,2 lanes,"35.7870871156, -77.6385423054"
6408,Apex,Wake,Piedmont,Commercial,Urban (>70% Developed),NA,Urban,40 - 45  MPH,Stop And Go Signal,Clear,No,12,11-15,No,NA,Facing Traffic,C: Possible Injury,Sidewalk / Crosswalk / Driveway Crossing,White,Male,34,30-39,No,NA,41-45 mph,O: No Injury,White,Female,Van,No,13DEC2008,Saturday,Crossing Paths - Other Circumstances,17,Intersection,December,C: Possible Injury,17:33:00,Signalized Intersection - Other / Unknown,2008,Yes,No,Dark - Lighted Roadway,Straight - Level,Local Street,Dry,"Two-Way, Not Divided",None,Four-Way Intersection,Smooth Asphalt,5 lanes,"35.7435070633, -78.8704726768"
6410,None - Rural Crash,Johnston,Coastal,"Farms, Woods, Pastures",Rural (<30% Developed),NA,Rural,50 - 55  MPH,"Double Yellow Line, No Passing Zone","Fog, Smog, Smoke",No,41,40-49,No,NA,With Traffic,C: Possible Injury,Travel Lane,Black,Male,54,50-59,No,NA,51-55 mph,O: No Injury,White,Male,Police,No,15DEC2008,Monday,Motorist Overtaking Bicyclist,17,Non-Intersection,December,C: Possible Injury,17:50:00,Motorist Overtaking - Misjudged Space,2008,No,No,Dark - Roadway Not Lighted,Straight - Level,NC Route,Wet,"Two-Way, Not Divided",None,No Special Feature,Smooth Asphalt,2 lanes,"35.4043340018, -78.5410485596"
6420,Greensboro,Guilford,Piedmont,Residential,Urban (>70% Developed),NA,Urban,20 - 25  MPH,Stop And Go Signal,Rain,No,26,25-29,No,NA,With Traffic,B: Evident Injury,Travel Lane,Black,Male,24,20-24,No,NA,11-15 mph,O: No Injury,Asian,Male,Passenger Car,No,24NOV2008,Monday,Motorist Left Turn / Merge,12,Intersection,November,B: Evident Injury,12:58:00,Motorist Left Turn - Opposite Direction,2008,Yes,No,Daylight,Straight - Level,Local Street,Wet,"Two-Way, Not Divided",None,Related To Intersection,Smooth Asphalt,2 lanes,"36.0703670997, -79.8055729778"
6425,Dunn,Harnett,Coastal,Residential,Urban (>70% Developed),NA,Urban,30 - 35  MPH,Stop Sign,Clear,No,53,50-59,No,NA,With Traffic,C: Possible Injury,Travel Lane,Black,Male,NA,NA,Missing,NA,NA,Unknown Injury,Unknown/Missing,NA,Passenger Car,No,03DEC2008,Wednesday,Bicyclist Failed to Yield - Sign-Controlled Intersection,19,Intersection,December,C: Possible Injury,19:20:00,Bicyclist Ride Through - Sign-Controlled Intersection,2008,No,Yes,Dark - Roadway Not Lighted,Straight - Level,Local Street,Dry,"Two-Way, Not Divided",None,Four-Way Intersection,Coarse Asphalt,2 lanes,"35.3037369781, -78.6067725743"
6429,Wilmington,New Hanover,Coastal,Residential,Urban (>70% Developed),NA,Urban,20 - 25  MPH,Stop Sign,Clear,No,15,11-15,No,NA,With Traffic,B: Evident Injury,Sidewalk / Crosswalk / Driveway Crossing,Black,Female,60,60-69,No,NA,0-5 mph,O: No Injury,Black,Male,Passenger Car,No,24DEC2008,Wednesday,Motorist Left Turn / Merge,20,Intersection,December,B: Evident Injury,20:07:00,Motorist Left Turn - Opposite Direction,2008,Yes,No,Dark - Lighted Roadway,Straight - Level,Local Street,Dry,"Two-Way, Not Divided",None,Four-Way Intersection,Smooth Asphalt,2 lanes,"34.2221897635, -77.9390323192"
6433,Raleigh,Wake,Piedmont,Commercial,Urban (>70% Developed),NA,Urban,30 - 35  MPH,Missing,Clear,No,43,40-49,No,NA,With Traffic,B: Evident Injury,Travel Lane,White,Male,24,20-24,No,NA,31-35 mph,O: No Injury,White,Male,Passenger Car,No,16OCT2008,Thursday,Motorist Overtaking Bicyclist,8,Non-Intersection,October,B: Evident Injury,08:28:00,Motorist Overtaking - Undetected Bicyclist,2008,No,No,Daylight,Straight - Level,Local Street,Dry,"Two-Way, Not Divided",None,No Special Feature,Smooth Asphalt,4 lanes,"35.7947650811, -78.691322625"
6437,None - Rural Crash,Pasquotank,Coastal,"Farms, Woods, Pastures",Rural (<30% Developed),NA,Rural,40 - 45  MPH,"Double Yellow Line, No Passing Zone",Clear,No,20,20-24,Yes,NA,Facing Traffic,B: Evident Injury,Travel Lane,Black,Male,67,60-69,No,NA,41-45 mph,O: No Injury,Black,Female,Passenger Car,Yes,30DEC2008,Tuesday,Head-On,17,Non-Intersection,December,B: Evident Injury,17:55:00,Head-On - Bicyclist,2008,Yes,No,Dark - Roadway Not Lighted,Straight - Level,State Secondary Route,Dry,"Two-Way, Not Divided",None,No Special Feature,Coarse Asphalt,2 lanes,"36.2753172674, -76.26667191"
6439,Raleigh,Wake,Piedmont,Residential,Urban (>70% Developed),NA,Urban,5 - 15 MPH,No Control Present,Rain,No,12,11-15,No,NA,Facing Traffic,C: Possible Injury,Travel Lane,Black,Male,NA,NA,No,NA,0-5 mph,Unknown Injury,Unknown/Missing,NA,NA,No,26DEC2008,Friday,Head-On,16,Non-Intersection,December,C: Possible Injury,16:46:00,Head-On - Bicyclist,2008,Yes,Yes,Daylight,Straight - Level,Local Street,Dry,"Two-Way, Not Divided",None,No Special Feature,Concrete,2 lanes,"35.77976708, -78.6147126019"
6441,Raleigh,Wake,Piedmont,Residential,Urban (>70% Developed),NA,Urban,20 - 25  MPH,Missing,Clear,No,8,6-10,No,NA,With Traffic,C: Possible Injury,Travel Lane,White,Male,NA,NA,Missing,NA,6-10 mph,Unknown Injury,Unknown/Missing,NA,NA,No,21OCT2008,Tuesday,Motorist Overtaking Bicyclist,17,Non-Intersection,October,C: Possible Injury,17:35:00,Motorist Overtaking - Other / Unknown,2008,No,Yes,Daylight,Straight - Grade,Local Street,Dry,"Two-Way, Not Divided",None,No Special Feature,Smooth Asphalt,2 lanes,"35.7540010725, -78.6755226191"
6451,Charlotte,Mecklenburg,Piedmont,Commercial,Urban (>70% Developed),NA,Urban,40 - 45  MPH,Stop And Go Signal,Clear,No,32,30-39,Yes,NA,Facing Traffic,B: Evident Injury,Travel Lane,Hispanic,Male,50,50-59,No,NA,41-45 mph,O: No Injury,Black,Male,Passenger Car,Yes,22DEC2008,Monday,Crossing Paths - Other Circumstances,5,Intersection,December,B: Evident Injury,05:55:00,Signalized Intersection - Other / Unknown,2008,Yes,No,Dusk,Straight - Level,Local Street,Dry,"Two-Way, Divided, Positive Median Barrier",None,No Special Feature,Smooth Asphalt,6 lanes,"35.2017398795, -80.7607132156"
6452,Charlotte,Mecklenburg,Piedmont,Residential,Mixed (30% To 70% Developed),NA,Urban,30 - 35  MPH,Missing,Clear,No,7,6-10,No,NA,With Traffic,C: Possible Injury,Travel Lane,Black,Male,44,40-49,No,NA,41-45 mph,Unknown Injury,Other,Male,Pickup,No,13FEB2008,Wednesday,Crossing Paths - Other Circumstances,17,Intersection,February,C: Possible Injury,17:33:00,Sign-Controlled Intersection - Other / Unknown,2008,Yes,No,Daylight,NA,Local Street,Dry,NA,None,No Special Feature,NA,NA,"35.2507388941, -80.6568131878"
6455,Wilmington,New Hanover,Coastal,Institutional,Urban (>70% Developed),NA,Urban,5 - 15 MPH,Missing,Clear,No,18,16-19,No,NA,Not Applicable,C: Possible Injury,Non-Roadway,Black,Female,24,20-24,No,NA,0-5 mph,O: No Injury,Unknown/Missing,Male,Passenger Car,No,17NOV2008,Monday,Non-Roadway,9,Non-Roadway,November,C: Possible Injury,09:59:00,Non-Roadway,2008,No,Yes,Daylight,Straight - Level,Public Vehicular Area,Dry,"Two-Way, Not Divided",None,No Special Feature,Smooth Asphalt,NA,"34.2212867656, -77.8693522984"
2859,Greenville,Pitt,Coastal,Commercial,Urban (>70% Developed),NA,Urban,40 - 45  MPH,Stop And Go Signal,Rain,No,36,30-39,No,NA,Facing Traffic,B: Evident Injury,Travel Lane,Black,Male,70+,70+,No,NA,41-45 mph,O: No Injury,Black,Male,Sport Utility,No,06MAR2011,Sunday,Bicyclist Failed to Yield - Signalized Intersection,11,Intersection,March,B: Evident Injury,11:48:00,Bicyclist Ride Out - Signalized  Intersection,2011,Yes,No,Daylight,Straight - Grade,Local Street,Wet,"Two-Way, Divided, Unprotected Median",None,Four-Way Intersection,Coarse Asphalt,6 lanes,"35.6131270869, -77.3929022214"
2846,Charlotte,Mecklenburg,Piedmont,Commercial,Urban (>70% Developed),NA,Urban,20 - 25  MPH,No Control Present,Rain,No,27,25-29,No,NA,Not Applicable,B: Evident Injury,Non-Roadway,White,Male,66,60-69,No,NA,6-10 mph,O: No Injury,Black,Male,Passenger Car,No,05MAR2011,Saturday,Non-Roadway,15,Non-Roadway,March,B: Evident Injury,15:36:00,Non-Roadway,2011,Yes,No,Daylight,Straight - Level,Public Vehicular Area,Wet,"Two-Way, Not Divided",None,No Special Feature,Smooth Asphalt,2 lanes,"35.2114668758, -80.9260032656"
781,Wilmington,New Hanover,Coastal,Commercial,Urban (>70% Developed),MARKET ST,Urban,30 - 35  MPH,Stop And Go Signal,Clear,No,25,25-29,NA,No,Facing Traffic,C: Possible Injury,Sidewalk / Crosswalk / Driveway Crossing,Black,Male,47,40-49,NA,No,0-5 mph,O: No Injury,White,Female,Sport Utility,No,18NOV2014,Tuesday,Motorist Failed to Yield - Signalized Intersection,14,Intersection,November,C: Possible Injury,14:23:00,Motorist Drive Out - Signalized Intersection,2014,Yes,No,Daylight,Straight - Level,Local Street,Dry,"Two-Way, Not Divided",None,No Special Feature,Smooth Asphalt,5 lanes,"34.2436707703, -77.8839123038"
794,Wilmington,New Hanover,Coastal,Commercial,Urban (>70% Developed),RANDALL PKY,Urban,20 - 25  MPH,Stop Sign,Clear,No,24,20-24,NA,No,With Traffic,C: Possible Injury,Bike Lane / Paved Shoulder,White,Female,70+,70+,NA,No,0-5 mph,O: No Injury,White,Male,Passenger Car,No,24NOV2014,Monday,Motorist Failed to Yield - Sign-Controlled Intersection,15,Intersection,November,C: Possible Injury,15:49:00,Motorist Drive Out - Sign-Controlled Intersection,2014,No,No,Daylight,Straight - Level,Local Street,Dry,"Two-Way, Divided, Positive Median Barrier",None,No Special Feature,Smooth Asphalt,4 lanes,"34.2307727665, -77.9000263082"
768,Statesville,Iredell,Piedmont,Commercial,Urban (>70% Developed),W BROAD ST,Urban,20 - 25  MPH,No Control Present,Clear,No,27,25-29,NA,No,With Traffic,B: Evident Injury,Travel Lane,Black,Male,NA,NA,NA,Missing,0-5 mph,Unknown Injury,Unknown/Missing,NA,Sport Utility,No,03DEC2014,Wednesday,Loss of Control / Turning Error,22,Non-Intersection,December,B: Evident Injury,22:25:00,Bicyclist Lost Control - Other / Unknown,2014,Yes,No,Dark - Lighted Roadway,Straight - Grade,Local Street,Dry,"Two-Way, Not Divided",None,No Special Feature,Coarse Asphalt,2 lanes,"35.7843809989, -80.8889192868"
782,Raleigh,Wake,Piedmont,Commercial,Urban (>70% Developed),SIX FORKS RD,Urban,40 - 45  MPH,No Control Present,Cloudy,No,25,25-29,NA,No,Not Applicable,A: Disabling Injury,Travel Lane,White,Male,67,60-69,NA,No,41-45 mph,O: No Injury,White,Female,Passenger Car,No,06DEC2014,Saturday,Bicyclist Failed to Yield - Midblock,20,Non-Intersection,December,A: Disabling Injury,20:29:00,Bicyclist Ride Out - Commercial Driveway / Alley,2014,Yes,No,Dark - Lighted Roadway,Straight - Level,Local Street,Wet,"Two-Way, Not Divided",None,No Special Feature,Smooth Asphalt,5 lanes,"35.8860701018, -78.6467766169"
787,Raleigh,Wake,Piedmont,Commercial,Urban (>70% Developed),LEESVILLE RD,Urban,20 - 25  MPH,Stop Sign,Clear,No,37,30-39,NA,No,With Traffic,B: Evident Injury,Travel Lane,White,Male,44,40-49,NA,No,0-5 mph,O: No Injury,White,Female,Sport Utility,No,17DEC2014,Wednesday,Motorist Failed to Yield - Sign-Controlled Intersection,8,Intersection,December,B: Evident Injury,08:35:00,Motorist Drive Out - Sign-Controlled Intersection,2014,Yes,No,Daylight,Straight - Level,Local Street,Dry,"Two-Way, Divided, Unprotected Median",None,T-Intersection,Smooth Asphalt,3 lanes,"35.8751410976, -78.701868633"
763,None - Rural Crash,Cumberland,Coastal,Residential,Urban (>70% Developed),SR 1115,Rural,50 - 55  MPH,"Double Yellow Line, No Passing Zone",Clear,No,54,50-59,NA,No,With Traffic,B: Evident Injury,Travel Lane,Other,Male,70+,70+,NA,No,31-35 mph,O: No Injury,White,Male,Pickup,No,01DEC2014,Monday,Motorist Overtaking Bicyclist,5,Non-Intersection,December,B: Evident Injury,05:50:00,Motorist Overtaking - Other / Unknown,2014,Yes,No,Dark - Roadway Not Lighted,Straight - Level,State Secondary Route,Dry,"Two-Way, Not Divided",None,No Special Feature,Coarse Asphalt,2 lanes,"34.9411808866, -78.9886426715"
778,Jacksonville,Onslow,Coastal,Commercial,Mixed (30% To 70% Developed),PVA N MARINE BLVD,Urban,40 - 45  MPH,No Control Present,Clear,No,19,16-19,NA,No,Facing Traffic,C: Possible Injury,Multi-use Path,White,Male,23,20-24,NA,No,6-10 mph,O: No Injury,Black,Female,Sport Utility,No,05DEC2014,Friday,Motorist Left Turn / Merge,11,Non-Intersection,December,C: Possible Injury,11:14:00,Motorist Left Turn - Same Direction,2014,No,No,Daylight,Straight - Level,NA,Dry,"Two-Way, Not Divided",None,No Special Feature,Smooth Asphalt,2 lanes,"34.7590868989, -77.4175621871"
799,None - Rural Crash,Guilford,Piedmont,"Farms, Woods, Pastures",Rural (<30% Developed),SR 2630,Rural,40 - 45  MPH,No Control Present,Clear,No,63,60-69,NA,No,With Traffic,B: Evident Injury,Travel Lane,White,Male,70+,70+,NA,No,36-40 mph,O: No Injury,Black,Male,Pickup,No,17DEC2014,Wednesday,Motorist Overtaking Bicyclist,16,Non-Intersection,December,B: Evident Injury,16:52:00,Motorist Overtaking - Undetected Bicyclist,2014,Yes,No,Daylight,Straight - Grade,State Secondary Route,Dry,"Two-Way, Not Divided",None,No Special Feature,Smooth Asphalt,2 lanes,"36.1881171263, -79.76058297"
788,Wilmington,New Hanover,Coastal,Commercial,Urban (>70% Developed),S 15TH ST,Urban,20 - 25  MPH,Stop Sign,Clear,No,34,30-39,NA,No,With Traffic,C: Possible Injury,Travel Lane,Black,Male,17,0-19,NA,No,11-15 mph,O: No Injury,White,Male,Passenger Car,No,04DEC2014,Thursday,Motorist Right Turn / Merge,15,Intersection,December,C: Possible Injury,15:49:00,Motorist Right Turn - Same Direction,2014,No,No,Daylight,Straight - Level,Local Street,Dry,"Two-Way, Not Divided",None,Four-Way Intersection,Coarse Asphalt,2 lanes,"34.2367887672, -77.9301723173"
760,Morven,Anson,Piedmont,Commercial,Urban (>70% Developed),PVA MORVEN POST OFFICE,Rural,NA,No Control Present,Clear,No,10,6-10,NA,No,Not Applicable,B: Evident Injury,Non-Roadway,Black,Male,70+,70+,NA,No,0-5 mph,O: No Injury,White,Male,Pickup,No,22NOV2014,Saturday,Non-Roadway,14,Non-Roadway,November,B: Evident Injury,14:50:00,Non-Roadway,2014,Yes,No,Daylight,Straight - Grade,Public Vehicular Area,Dry,"Two-Way, Not Divided",None,"Driveway, Public",Concrete,2 lanes,"34.8636618346, -80.0004229713"
920,Charlotte,Mecklenburg,Piedmont,Commercial,Urban (>70% Developed),FAIRVIEW ROAD,Urban,30 - 35  MPH,Stop Sign,Cloudy,No,16,16-19,Missing,NA,Facing Traffic,C: Possible Injury,Sidewalk / Crosswalk / Driveway Crossing,White,Male,32,30-39,No,NA,NA,O: No Injury,Black,Female,Passenger Car,No,25FEB2013,Monday,Motorist Failed to Yield - Midblock,14,Non-Intersection,February,C: Possible Injury,14:32:00,Motorist Drive Out - Commercial Driveway / Alley,2013,Yes,No,Daylight,Straight - Level,Local Street,Dry,"Two-Way, Divided, Unprotected Median",None,No Special Feature,Smooth Asphalt,3 lanes,"35.149006866, -80.8330032343"