object_id,city,county,region,development,locality,on_road,rural_urban,speed_limit,traffic_control,weather,workzone,bike_age,bike_age_group,bike_alcohol,bike_alcohol_drugs,bike_direction,bike_injury,bike_position,bike_race,bike_sex,driver_age,driver_age_group,driver_alcohol,driver_alcohol_drugs,driver_est_speed,driver_injury,driver_race,driver_sex,driver_vehicle_type,crash_alcohol,crash_date,crash_day,crash_group,crash_hour,crash_location,crash_month,crash_severity,crash_time,crash_type,crash_year,ambulance_req,hit_run,light_condition,road_character,road_class,road_condition,road_configuration,road_defects,road_feature,road_surface,num_lanes,geo_point
942,Franklinton,Franklin,Piedmont,Commercial,Urban (>70% Developed),US 1,Rural,50 - 55  MPH,Stop And Go Signal,Clear,No,55,50-59,No,NA,Not Applicable,B: Evident Injury,Non-Roadway,Black,Male,19,0-19,No,NA,56-60 mph,O: No Injury,Black,Female,Passenger Car,No,09MAR2013,Saturday,Crossing Paths - Other Circumstances,20,Intersection-Related,March,B: Evident Injury,20:01:00,Signalized Intersection - Other / Unknown,2013,Yes,No,Dark - Roadway Not Lighted,Straight - Level,US Route,Dry,"Two-Way, Divided, Positive Median Barrier",None,Four-Way Intersection,Smooth Asphalt,5 lanes,"36.0971571538, -78.4690025743"
934,Durham,Durham,Piedmont,Commercial,Urban (>70% Developed),S GREGSON ST,Urban,20 - 25  MPH,Stop And Go Signal,Cloudy,No,24,20-24,No,NA,Facing Traffic,C: Possible Injury,Sidewalk / Crosswalk / Driveway Crossing,Black,Male,48,40-49,No,NA,0-5 mph,O: No Injury,White,Female,Sport Utility,No,06MAR2013,Wednesday,Loss of Control / Turning Error,14,Intersection,March,C: Possible Injury,14:10:00,Bicyclist Lost Control - Mechanical Problems,2013,Yes,No,Daylight,Straight - Hillcrest,Local Street,Dry,"One-Way, Not Divided",None,Four-Way Intersection,Smooth Asphalt,3 lanes,"35.9969871167, -78.9103027028"
938,None - Rural Crash,Transylvania,Mountains,"Farms, Woods, Pastures",Rural (<30% Developed),US 64,Rural,40 - 45  MPH,No Control Present,Clear,No,22,20-24,No,NA,With Traffic,C: Possible Injury,Travel Lane,White,Male,18,0-19,No,NA,41-45 mph,O: No Injury,White,Male,Passenger Car,No,09MAR2013,Saturday,Motorist Overtaking Bicyclist,19,Non-Intersection,March,C: Possible Injury,19:33:00,Motorist Overtaking - Undetected Bicyclist,2013,Yes,No,Dark - Roadway Not Lighted,Straight - Level,US Route,Dry,"Two-Way, Not Divided",None,No Special Feature,Smooth Asphalt,5 lanes,"35.2118868068, -82.7614038092"
918,None - Rural Crash,Orange,Piedmont,"Farms, Woods, Pastures",Rural (<30% Developed),SR 1718,Rural,40 - 45  MPH,"Double Yellow Line, No Passing Zone",Clear,No,58,50-59,No,NA,With Traffic,B: Evident Injury,Travel Lane,White,Male,70+,70+,No,NA,41-45 mph,O: No Injury,White,Female,Van,No,24FEB2013,Sunday,Motorist Overtaking Bicyclist,13,Non-Intersection,February,B: Evident Injury,13:00:00,Motorist Overtaking - Other / Unknown,2013,No,No,Daylight,Straight - Level,State Secondary Route,Dry,"Two-Way, Not Divided",None,No Special Feature,Smooth Asphalt,2 lanes,"35.9956671113, -79.054402746"
935,Long View,Catawba,Piedmont,Commercial,Urban (>70% Developed),1ST AVE SW,Rural,30 - 35  MPH,Stop Sign,Cloudy,No,36,30-39,No,NA,With Traffic,B: Evident Injury,Travel Lane,Hispanic,Male,52,50-59,No,NA,6-10 mph,O: No Injury,White,Male,Passenger Car,No,25FEB2013,Monday,Motorist Failed to Yield - Sign-Controlled Intersection,13,Intersection,February,B: Evident Injury,13:54:00,Motorist Drive Out - Sign-Controlled Intersection,2013,Yes,No,Daylight,Straight - Grade,State Secondary Route,Dry,"Two-Way, Not Divided",None,T-Intersection,Coarse Asphalt,2 lanes,"35.7293369683, -81.3824034303"
929,Washington,Beaufort,Coastal,Commercial,Urban (>70% Developed),CAROLINA AVE,Urban,40 - 45  MPH,No Control Present,Clear,No,59,50-59,Yes,NA,Facing Traffic,C: Possible Injury,Travel Lane,Black,Male,21,20-24,No,NA,21-25 mph,O: No Injury,Black,Female,"Light Truck (Mini-Van, Panel)",Yes,12FEB2013,Tuesday,Bicyclist Right Turn / Merge,17,Non-Intersection,February,C: Possible Injury,17:15:00,Bicyclist Right Turn - Same Direction,2013,Yes,No,Daylight,Straight - Level,Local Street,Dry,"Two-Way, Not Divided",None,No Special Feature,Coarse Asphalt,5 lanes,"35.5625870867, -77.0618021177"
932,None - Rural Crash,Dare,Coastal,Residential,Urban (>70% Developed),PVA COLINGTON DR,Rural,20 - 25  MPH,Stop Sign,Clear,No,62,60-69,No,NA,With Traffic,C: Possible Injury,Travel Lane,White,Male,70+,70+,No,NA,16-20 mph,O: No Injury,White,Male,Passenger Car,No,04MAR2013,Monday,Crossing Paths - Other Circumstances,13,Intersection,March,C: Possible Injury,13:05:00,Sign-Controlled Intersection - Other / Unknown,2013,No,No,Daylight,Straight - Level,Public Vehicular Area,Dry,"Two-Way, Not Divided",None,T-Intersection,Smooth Asphalt,2 lanes,"36.013477229, -75.7125017264"
939,None - Rural Crash,New Hanover,Coastal,Commercial,Urban (>70% Developed),US 17,Rural,40 - 45  MPH,Stop Sign,Clear,No,17,16-19,No,NA,Facing Traffic,C: Possible Injury,Travel Lane,White,Male,25,25-29,No,NA,0-5 mph,O: No Injury,White,Male,Sport Utility,No,09MAR2013,Saturday,Motorist Failed to Yield - Midblock,15,Non-Intersection,March,C: Possible Injury,15:53:00,Motorist Drive Out - Commercial Driveway / Alley,2013,Yes,No,Daylight,Straight - Level,US Route,Dry,"Two-Way, Not Divided",None,"Driveway, Public",Smooth Asphalt,5 lanes,"34.2779367803, -77.8142022839"
845,Hertford,Perquimans,Coastal,Commercial,Mixed (30% To 70% Developed),US 17,Rural,50 - 55  MPH,Stop And Go Signal,Clear,No,27,25-29,NA,No,NA,C: Possible Injury,Travel Lane,Black,Male,NA,NA,NA,Missing,NA,Unknown Injury,Unknown/Missing,NA,Van,No,01MAR2014,Saturday,Motorist Failed to Yield - Signalized Intersection,17,Intersection,March,C: Possible Injury,17:30:00,Motorist Drive Through - Signalized Intersection,2014,No,Yes,Daylight,Straight - Level,US Route,Dry,"Two-Way, Not Divided",None,No Special Feature,Concrete,2 lanes,"36.1780732395, -76.4614719645"
866,Charlotte,Mecklenburg,Piedmont,Commercial,Urban (>70% Developed),E 4TH ST,Urban,30 - 35  MPH,Stop And Go Signal,Clear,No,44,40-49,Missing,NA,With Traffic,C: Possible Injury,Sidewalk / Crosswalk / Driveway Crossing,White,Male,41,40-49,No,NA,0-5 mph,O: No Injury,Black,Male,Passenger Car,No,09JAN2013,Wednesday,Motorist Left Turn / Merge,19,Intersection,January,C: Possible Injury,19:17:00,Motorist Left Turn - Opposite Direction,2013,No,No,Dark - Lighted Roadway,Straight - Grade,Local Street,Dry,"One-Way, Not Divided",None,No Special Feature,Smooth Asphalt,4 lanes,"35.2186168804, -80.8353032388"
857,Raleigh,Wake,Piedmont,Commercial,Mixed (30% To 70% Developed),W SOUTH ST,Urban,20 - 25  MPH,No Control Present,Clear,No,48,40-49,Yes,NA,With Traffic,B: Evident Injury,Sidewalk / Crosswalk / Driveway Crossing,Black,Male,46,40-49,No,NA,16-20 mph,O: No Injury,Black,Female,Passenger Car,Yes,09JAN2013,Wednesday,Motorist Left Turn / Merge,18,Non-Intersection,January,B: Evident Injury,18:56:00,Motorist Left Turn - Opposite Direction,2013,No,No,Dark - Lighted Roadway,Straight - Grade,Local Street,Dry,"Two-Way, Not Divided",None,"Driveway, Private",Smooth Asphalt,2 lanes,"35.7724070777, -78.6494026116"
842,Wilmington,New Hanover,Coastal,Institutional,Urban (>70% Developed),WALTON DR,Urban,20 - 25  MPH,No Control Present,Clear,No,22,20-24,NA,No,Facing Traffic,A: Disabling Injury,Bike Lane / Paved Shoulder,White,Male,21,20-24,NA,No,6-10 mph,O: No Injury,White,Male,Pickup,No,16SEP2014,Tuesday,Motorist Left Turn / Merge,20,Non-Intersection,September,A: Disabling Injury,20:29:00,Motorist Left Turn - Same Direction,2014,Yes,No,Dark - Lighted Roadway,Straight - Level,Local Street,Dry,"Two-Way, Not Divided",None,No Special Feature,Coarse Asphalt,2 lanes,"34.2232197657, -77.8664422968"
823,Burlington,Alamance,Piedmont,Residential,Urban (>70% Developed),RAINEY ST,Urban,30 - 35  MPH,No Control Present,Clear,No,6,6-10,NA,No,Not Applicable,B: Evident Injury,Driveway / Alley,White,Male,52,50-59,NA,No,26-30 mph,O: No Injury,Hispanic,Female,Van,No,26DEC2014,Friday,Bicyclist Failed to Yield - Midblock,16,Non-Intersection,December,B: Evident Injury,16:35:00,Bicyclist Ride Out - Residential Driveway,2014,Yes,Yes,Daylight,Straight - Level,Local Street,Dry,"Two-Way, Not Divided",None,No Special Feature,Smooth Asphalt,2 lanes,"36.0954271186, -79.4214728625"
835,Chapel Hill,Orange,Piedmont,Commercial,Urban (>70% Developed),NC 86,Urban,NA,No Control Present,Clear,No,57,50-59,NA,No,Facing Traffic,K: Killed,Travel Lane,White,Female,27,25-29,NA,No,0-5 mph,O: No Injury,White,Female,Sport Utility,No,03OCT2014,Friday,Motorist Failed to Yield - Midblock,9,Non-Intersection,October,K: Killed,09:39:00,Motorist Drive Out - Commercial Driveway / Alley,2014,Yes,No,Daylight,Straight - Grade,"Private Road, Driveway",Dry,"Two-Way, Not Divided",None,"Driveway, Private",Smooth Asphalt,5 lanes,"35.9254910964, -79.053882742"
818,Wilmington,NA,Coastal,Commercial,Urban (>70% Developed),NEW CENTRE DR,Urban,30 - 35  MPH,No Control Present,Clear,No,32,30-39,NA,NA,Not Applicable,B: Evident Injury,Travel Lane,White,Male,20,20-24,NA,No,31-35 mph,O: No Injury,White,Male,Passenger Car,No,12DEC2014,Friday,Bicyclist Failed to Yield - Midblock,14,Non-Intersection,December,B: Evident Injury,14:58:00,Bicyclist Ride Out - Other Midblock,2014,Yes,No,Daylight,Straight - Level,Local Street,Dry,"Two-Way, Not Divided",None,No Special Feature,Smooth Asphalt,3 lanes,"34.2357367689, -77.8710322991"
865,Clayton,Johnston,Coastal,Residential,Urban (>70% Developed),O NEIL ST,Urban,20 - 25  MPH,Stop Sign,Rain,No,13,11-15,No,NA,Not Applicable,C: Possible Injury,Non-Roadway,Black,Male,22,20-24,No,NA,21-25 mph,O: No Injury,White,Male,Passenger Car,No,01JAN2013,Tuesday,Motorist Left Turn / Merge,20,Intersection-Related,January,C: Possible Injury,20:19:00,Motorist Left Turn - Opposite Direction,2013,Yes,No,Dark - Lighted Roadway,Straight - Level,Local Street,Wet,"Two-Way, Not Divided",None,Four-Way Intersection,Coarse Asphalt,2 lanes,"35.6544570587, -78.4595025474"
862,Durham,Durham,Piedmont,Commercial,Urban (>70% Developed),PICKETT RD,Urban,30 - 35  MPH,No Control Present,Rain,No,49,40-49,No,NA,With Traffic,B: Evident Injury,Travel Lane,White,Male,35,30-39,No,NA,26-30 mph,O: No Injury,White,Male,Passenger Car,No,15JAN2013,Tuesday,Motorist Overtaking Bicyclist,5,Non-Intersection,January,B: Evident Injury,05:34:00,Motorist Overtaking - Other / Unknown,2013,Yes,Yes,Dawn,Straight - Level,Local Street,Dry,"Two-Way, Not Divided",None,No Special Feature,Smooth Asphalt,2 lanes,"35.9750071094, -78.9633027177"
859,Kinston,Lenoir,Coastal,Residential,Urban (>70% Developed),HIGHLAND AVE,Urban,30 - 35  MPH,No Control Present,Clear,No,15,11-15,No,NA,With Traffic,C: Possible Injury,Travel Lane,Black,Male,53,50-59,No,NA,31-35 mph,O: No Injury,Black,Female,Passenger Car,No,13JAN2013,Sunday,Head-On,22,Non-Intersection,January,C: Possible Injury,22:25:00,Head-On - Bicyclist,2013,Yes,No,Dark - Lighted Roadway,Straight - Level,Local Street,Dry,"Two-Way, Not Divided",None,No Special Feature,Coarse Asphalt,3 lanes,"35.2778170075, -77.5774022609"
897,Tarboro,Edgecombe,Coastal,Commercial,Mixed (30% To 70% Developed),ST ANDREW ST,Urban,20 - 25  MPH,No Control Present,Cloudy,No,54,50-59,No,NA,Facing Traffic,B: Evident Injury,Sidewalk / Crosswalk / Driveway Crossing,Black,Male,22,20-24,No,NA,11-15 mph,O: No Injury,White,Male,Passenger Car,No,31JAN2013,Thursday,Motorist Failed to Yield - Sign-Controlled Intersection,18,Intersection-Related,January,B: Evident Injury,18:08:00,Motorist Drive Out - Sign-Controlled Intersection,2013,Yes,No,Dark - Lighted Roadway,Straight - Level,Local Street,Dry,"Two-Way, Divided, Unprotected Median",None,Traffic Circle/Roundabout,Coarse Asphalt,1 lane,"35.8947271424, -77.5329022784"
887,Rocky Mount,Edgecombe,Coastal,Commercial,Urban (>70% Developed),E RALEIGH BLVD,Urban,30 - 35  MPH,"Double Yellow Line, No Passing Zone",Clear,No,NA,NA,Missing,NA,With Traffic,Unknown Injury,Travel Lane,Unknown/Missing,NA,43,40-49,No,NA,26-30 mph,O: No Injury,Black,Male,Passenger Car,No,10JAN2013,Thursday,Motorist Failed to Yield - Sign-Controlled Intersection,17,Intersection,January,C: Possible Injury,17:47:00,Motorist Drive Out - Sign-Controlled Intersection,2013,No,No,Dark - Lighted Roadway,Straight - Level,Local Street,Dry,"Two-Way, Divided, Unprotected Median",None,No Special Feature,Smooth Asphalt,4 lanes,"35.9411371442, -77.7879023588"
882,Wilmington,New Hanover,Coastal,Residential,Urban (>70% Developed),S 13TH ST,Urban,NA,Stop Sign,Clear,No,28,25-29,No,NA,With Traffic,C: Possible Injury,Travel Lane,White,Male,NA,NA,Missing,NA,NA,Unknown Injury,Unknown/Missing,NA,NA,No,10JAN2013,Thursday,Motorist Failed to Yield - Sign-Controlled Intersection,14,Intersection,January,C: Possible Injury,14:07:00,Motorist Drive Out - Sign-Controlled Intersection,2013,Yes,Yes,Daylight,Straight - Level,Local Street,Dry,"Two-Way, Divided, Unprotected Median",None,No Special Feature,Smooth Asphalt,2 lanes,"34.2354667668, -77.9327023182"
886,None - Rural Crash,Robeson,Coastal,"Farms, Woods, Pastures",Rural (<30% Developed),SR 2104,Rural,50 - 55  MPH,"Double Yellow Line, No Passing Zone",Clear,No,56,50-59,No,NA,With Traffic,C: Possible Injury,Travel Lane,White,Male,34,30-39,No,NA,51-55 mph,O: No Injury,White,Male,Pickup,No,09FEB2013,Saturday,Motorist Overtaking Bicyclist,17,Non-Intersection,February,C: Possible Injury,17:34:00,Motorist Overtaking - Other / Unknown,2013,Yes,No,Daylight,Straight - Level,State Secondary Route,Dry,"Two-Way, Not Divided",None,No Special Feature,Coarse Asphalt,2 lanes,"34.6252668201, -78.9216026354"
907,Durham,Durham,Piedmont,Commercial,Urban (>70% Developed),AVONDALE DR,Urban,30 - 35  MPH,No Control Present,Clear,No,19,16-19,No,NA,NA,C: Possible Injury,Travel Lane,Black,Male,NA,NA,No,NA,31-35 mph,Unknown Injury,Unknown/Missing,NA,Passenger Car,No,20FEB2013,Wednesday,Motorist Left Turn / Merge,18,Intersection-Related,February,C: Possible Injury,18:41:00,Motorist Left Turn - Opposite Direction,2013,Yes,Yes,Dark - Lighted Roadway,Straight - Grade,Local Street,Dry,"Two-Way, Not Divided",None,No Special Feature,Smooth Asphalt,4 lanes,"36.0058371194, -78.8851026959"
906,Wilmington,New Hanover,Coastal,Institutional,Urban (>70% Developed),REYNOLDS DR,Urban,20 - 25  MPH,No Control Present,Clear,No,20,20-24,No,NA,Facing Traffic,C: Possible Injury,Sidewalk / Crosswalk / Driveway Crossing,White,Female,28,25-29,No,NA,0-5 mph,O: No Injury,White,Male,Passenger Car,No,21FEB2013,Thursday,Motorist Left Turn / Merge,9,Non-Intersection,February,C: Possible Injury,09:23:00,Motorist Left Turn - Same Direction,2013,Yes,No,Daylight,Straight - Level,Local Street,Dry,"Two-Way, Not Divided",None,"Driveway, Public",Smooth Asphalt,2 lanes,"34.226796767, -77.8665022978"
876,Concord,Cabarrus,Piedmont,Commercial,Urban (>70% Developed),CONCORD PKWY,Urban,30 - 35  MPH,Stop Sign,Cloudy,No,31,30-39,No,NA,Facing Traffic,B: Evident Injury,Travel Lane,White,Male,34,30-39,No,NA,0-5 mph,O: No Injury,White,Male,Passenger Car,No,14JAN2013,Monday,Motorist Failed to Yield - Sign-Controlled Intersection,14,Intersection,January,B: Evident Injury,14:12:00,Motorist Drive Out - Sign-Controlled Intersection,2013,Yes,No,Daylight,Straight - Grade,US Route,Wet,"Two-Way, Divided, Unprotected Median",None,T-Intersection,Smooth Asphalt,4 lanes,"35.4301869344, -80.6078031831"
892,Morehead City,Carteret,Coastal,Commercial,Urban (>70% Developed),DOWNTOWN,Urban,NA,No Control Present,Clear,No,49,40-49,No,NA,With Traffic,Unknown Injury,Sidewalk / Crosswalk / Driveway Crossing,Black,Male,36,30-39,No,NA,0-5 mph,O: No Injury,White,Male,Pickup,No,30JAN2013,Wednesday,Motorist Failed to Yield - Midblock,7,Non-Intersection,January,O: No Injury,07:44:00,Motorist Drive Out - Commercial Driveway / Alley,2013,Yes,No,Daylight,Straight - Level,Public Vehicular Area,Dry,NA,None,Alley Intersection,Smooth Asphalt,NA,"34.7213369135, -76.7107019699"
914,Wilmington,New Hanover,Coastal,Commercial,Urban (>70% Developed),S KERR AVE,Urban,40 - 45  MPH,Stop And Go Signal,Cloudy,No,33,30-39,No,NA,NA,B: Evident Injury,Non-Roadway,White,Male,27,25-29,No,NA,16-20 mph,O: No Injury,White,Female,Passenger Car,No,12FEB2013,Tuesday,Bicyclist Failed to Yield - Midblock,15,Non-Intersection,February,B: Evident Injury,15:24:00,Bicyclist Ride Out - Other Midblock,2013,Yes,No,Daylight,Straight - Level,Local Street,Dry,"Two-Way, Not Divided",None,No Special Feature,Smooth Asphalt,2 lanes,"34.2208267652, -77.8864023034"
896,Raleigh,Wake,Piedmont,Commercial,Urban (>70% Developed),SIX FORKS RD,Urban,40 - 45  MPH,No Control Present,Clear,No,56,50-59,No,NA,With Traffic,C: Possible Injury,Travel Lane,White,Male,57,50-59,No,NA,26-30 mph,Unknown Injury,White,Male,Passenger Car,No,15FEB2013,Friday,Parallel Paths - Other Circumstances,13,Intersection-Related,February,C: Possible Injury,13:39:00,Parallel Paths - Other / Unknown,2013,Yes,No,Daylight,Straight - Level,Local Street,Dry,"One-Way, Not Divided",None,No Special Feature,Coarse Asphalt,5 lanes,"35.897567104, -78.6506026184"
955,Fayetteville,Cumberland,Coastal,Commercial,Mixed (30% To 70% Developed),RAEFORD RD,Urban,40 - 45  MPH,Stop Sign,Clear,No,56,50-59,No,NA,Facing Traffic,C: Possible Injury,Sidewalk / Crosswalk / Driveway Crossing,Black,Male,70+,70+,No,NA,0-5 mph,Unknown Injury,White,Male,Passenger Car,No,01MAR2013,Friday,Motorist Failed to Yield - Sign-Controlled Intersection,10,Intersection,March,C: Possible Injury,10:38:00,Motorist Drive Out - Sign-Controlled Intersection,2013,Yes,No,Daylight,Straight - Level,Local Street,Dry,"One-Way, Not Divided",None,"Driveway, Public",Coarse Asphalt,6 lanes,"35.0431969093, -78.9587026671"
964,Raleigh,Wake,Piedmont,Institutional,Urban (>70% Developed),N WILMINGTON ST,Urban,30 - 35  MPH,No Control Present,Clear,No,23,20-24,No,NA,With Traffic,B: Evident Injury,Travel Lane,White,Female,NA,NA,Missing,NA,0-5 mph,Unknown Injury,Unknown/Missing,NA,Passenger Car,No,14MAR2013,Thursday,Motorist Right Turn / Merge,13,Non-Intersection,March,B: Evident Injury,13:25:00,Motorist Right Turn - Same Direction,2013,No,Yes,Daylight,Straight - Level,Local Street,Dry,"One-Way, Not Divided",None,No Special Feature,Smooth Asphalt,2 lanes,"35.7828370799, -78.6379026083"
946,Salisbury,Rowan,Piedmont,Commercial,Urban (>70% Developed),US 29,Urban,20 - 25  MPH,Stop And Go Signal,Clear,No,18,16-19,No,NA,With Traffic,C: Possible Injury,Sidewalk / Crosswalk / Driveway Crossing,White,Male,57,50-59,No,NA,16-20 mph,O: No Injury,White,Male,Passenger Car,No,14MAR2013,Thursday,Parallel Paths - Other Circumstances,11,Non-Intersection,March,C: Possible Injury,11:48:00,Bicyclist Ride Out - Parallel Path,2013,Yes,No,Daylight,Straight - Level,US Route,Dry,"Two-Way, Not Divided",None,Four-Way Intersection,Smooth Asphalt,4 lanes,"35.6671469895, -80.4703031543"
948,Black Mountain,Buncombe,Mountains,Residential,Mixed (30% To 70% Developed),WEST COLLEGE STREET,Urban,20 - 25  MPH,No Control Present,Clear,No,17,16-19,No,NA,With Traffic,Unknown Injury,Travel Lane,White,Female,30,30-39,No,NA,6-10 mph,O: No Injury,Black,Male,Passenger Car,No,14MAR2013,Thursday,Motorist Left Turn / Merge,20,Intersection,March,O: No Injury,20:28:00,Motorist Left Turn - Opposite Direction,2013,No,No,Daylight,Straight - Grade,Local Street,Dry,"Two-Way, Not Divided",None,T-Intersection,Smooth Asphalt,2 lanes,"35.6162969085, -82.3341037065"
958,Cary,Wake,Piedmont,Residential,Urban (>70% Developed),FOREST GREEN DR,Urban,20 - 25  MPH,No Control Present,Clear,No,7,6-10,No,NA,Not Applicable,C: Possible Injury,Non-Roadway,White,Male,22,20-24,No,NA,6-10 mph,O: No Injury,White,Male,Passenger Car,No,20FEB2013,Wednesday,Bicyclist Failed to Yield - Midblock,17,Non-Intersection,February,C: Possible Injury,17:30:00,Bicyclist Ride Out - Other Midblock,2013,No,No,Daylight,Straight - Level,Local Street,Wet,"Two-Way, Not Divided",None,No Special Feature,Gravel,2 lanes,"35.7792370743, -78.7763026509"
951,Raleigh,Wake,Piedmont,Residential,Urban (>70% Developed),MILBURNIE RD,Urban,30 - 35  MPH,No Control Present,Clear,No,30,30-39,No,NA,With Traffic,C: Possible Injury,Travel Lane,White,Female,25,25-29,No,NA,0-5 mph,O: No Injury,White,Male,Police,No,09MAR2013,Saturday,Motorist Left Turn / Merge,16,Intersection,March,C: Possible Injury,16:16:00,Motorist Left Turn - Opposite Direction,2013,No,No,Daylight,Straight - Level,Local Street,Dry,"Two-Way, Not Divided",None,T-Intersection,Smooth Asphalt,2 lanes,"35.7876170822, -78.6144026022"
2056,Charlotte,Mecklenburg,Piedmont,Residential,Urban (>70% Developed),NA,Urban,30 - 35  MPH,No Control Present,Cloudy,No,23,20-24,No,NA,Facing Traffic,C: Possible Injury,Sidewalk / Crosswalk / Driveway Crossing,Black,Male,NA,NA,Missing,NA,6-10 mph,Unknown Injury,Hispanic,Female,"Light Truck (Mini-Van, Panel)",No,12MAY2012,Saturday,Motorist Failed to Yield - Midblock,18,Non-Intersection,May,C: Possible Injury,18:19:00,Motorist Drive Out - Commercial Driveway / Alley,2012,Yes,Yes,Daylight,Straight - Level,Local Street,Dry,"Two-Way, Divided, Positive Median Barrier",None,"Driveway, Public",Smooth Asphalt,2 lanes,"35.2227168848, -80.7500032135"
2030,Macclesfield,Edgecombe,Coastal,Residential,Urban (>70% Developed),NA,Rural,30 - 35  MPH,"Double Yellow Line, No Passing Zone",Clear,No,18,16-19,No,NA,With Traffic,B: Evident Injury,Bike Lane / Paved Shoulder,White,Female,NA,NA,No,NA,26-30 mph,Unknown Injury,Unknown/Missing,NA,Passenger Car,No,14MAR2012,Wednesday,Motorist Overtaking Bicyclist,16,Non-Intersection,March,B: Evident Injury,16:57:00,Motorist Overtaking - Misjudged Space,2012,No,Yes,Daylight,Straight - Level,Local Street,Dry,"Two-Way, Not Divided",None,No Special Feature,Coarse Asphalt,2 lanes,"35.7513971075, -77.6721023132"
2047,None - Rural Crash,Wayne,Coastal,"Farms, Woods, Pastures",Urban (>70% Developed),NA,Rural,40 - 45  MPH,"Double Yellow Line, No Passing Zone",Clear,No,31,30-39,No,NA,With Traffic,C: Possible Injury,Travel Lane,White,Female,NA,NA,No,NA,41-45 mph,Unknown Injury,Unknown/Missing,NA,Passenger Car,No,20MAY2012,Sunday,Motorist Overtaking Bicyclist,15,Non-Intersection,May,C: Possible Injury,15:35:00,Motorist Overtaking - Other / Unknown,2012,No,Yes,Daylight,Straight - Level,State Secondary Route,Dry,"Two-Way, Not Divided",None,No Special Feature,Smooth Asphalt,2 lanes,"35.3273670028, -78.0320024011"
2017,Fayetteville,Cumberland,Coastal,Commercial,Urban (>70% Developed),NA,Urban,5 - 15 MPH,No Control Present,Clear,No,23,20-24,No,NA,Facing Traffic,C: Possible Injury,Sidewalk / Crosswalk / Driveway Crossing,White,Male,32,30-39,No,NA,0-5 mph,O: No Injury,Black,Female,Passenger Car,No,03MAY2012,Thursday,Motorist Failed to Yield - Midblock,10,Non-Intersection,May,C: Possible Injury,10:27:00,Motorist Drive Out - Commercial Driveway / Alley,2012,Yes,No,Daylight,Straight - Level,Public Vehicular Area,Dry,"Two-Way, Not Divided",None,No Special Feature,Coarse Asphalt,NA,"35.0577569152, -78.8787026434"
2045,Asheville,Buncombe,Mountains,Commercial,Urban (>70% Developed),NA,Urban,5 - 15 MPH,No Control Present,Cloudy,No,42,40-49,No,NA,Facing Traffic,C: Possible Injury,Sidewalk / Crosswalk / Driveway Crossing,White,Male,60,60-69,No,NA,0-5 mph,O: No Injury,White,Male,Passenger Car,No,23APR2012,Monday,Motorist Failed to Yield - Midblock,13,Non-Intersection,April,C: Possible Injury,13:06:00,Motorist Drive Out - Commercial Driveway / Alley,2012,Yes,No,Daylight,Straight - Level,Public Vehicular Area,Dry,"Two-Way, Not Divided",None,No Special Feature,Smooth Asphalt,2 lanes,"35.5513968871, -82.5371037626"
2011,Winston-Salem,Forsyth,Piedmont,Commercial,Mixed (30% To 70% Developed),NA,Urban,30 - 35  MPH,Stop And Go Signal,Clear,No,12,11-15,No,NA,Not Applicable,C: Possible Injury,Travel Lane,Black,Male,20,20-24,No,NA,31-35 mph,O: No Injury,Hispanic,Male,Passenger Car,No,26APR2012,Thursday,Bicyclist Failed to Yield - Midblock,18,Non-Intersection,April,C: Possible Injury,18:03:00,Multiple Threat - Midblock,2012,Yes,No,Daylight,Straight - Level,Local Street,Dry,"Two-Way, Divided, Unprotected Median",None,No Special Feature,Smooth Asphalt,4 lanes,"36.0589870816, -80.2141030995"
2031,Holly Springs,Wake,Piedmont,Residential,Urban (>70% Developed),NA,Urban,50 - 55  MPH,Stop And Go Signal,Clear,No,15,11-15,No,NA,Facing Traffic,C: Possible Injury,Travel Lane,White,Male,60,60-69,No,NA,0-5 mph,O: No Injury,White,Female,Passenger Car,No,16MAY2012,Wednesday,Crossing Paths - Other Circumstances,6,Intersection,May,C: Possible Injury,06:54:00,Signalized Intersection - Other / Unknown,2012,Yes,No,Daylight,Straight - Level,Local Street,Wet,"Two-Way, Not Divided",None,T-Intersection,Smooth Asphalt,3 lanes,"35.6391270425, -78.8433026637"
2008,Fayetteville,Cumberland,Coastal,Commercial,Urban (>70% Developed),NA,Urban,30 - 35  MPH,Stop Sign,Clear,No,32,30-39,No,NA,With Traffic,B: Evident Injury,Travel Lane,White,Male,21,20-24,No,NA,16-20 mph,O: No Injury,White,Female,Passenger Car,No,27APR2012,Friday,Motorist Right Turn / Merge,12,Intersection,April,B: Evident Injury,12:07:00,Motorist Right Turn - Same Direction,2012,No,No,Daylight,Straight - Level,State Secondary Route,Dry,"Two-Way, Not Divided",None,T-Intersection,Coarse Asphalt,4 lanes,"35.0720669162, -78.9520026661"
2022,Sanford,Lee,Piedmont,Residential,Urban (>70% Developed),NA,Urban,40 - 45  MPH,No Control Present,Clear,No,64,60-69,No,NA,With Traffic,B: Evident Injury,Travel Lane,White,Male,18,0-19,No,NA,41-45 mph,O: No Injury,White,Male,Pickup,No,30APR2012,Monday,Bicyclist Left Turn / Merge,19,Intersection,April,B: Evident Injury,19:02:00,Bicyclist Left Turn - Same Direction,2012,Yes,No,Daylight,Straight - Level,Local Street,Dry,"Two-Way, Not Divided",None,Four-Way Intersection,Coarse Asphalt,2 lanes,"35.452876989, -79.2263027693"