object_id,city,county,region,development,locality,on_road,rural_urban,speed_limit,traffic_control,weather,workzone,bike_age,bike_age_group,bike_alcohol,bike_alcohol_drugs,bike_direction,bike_injury,bike_position,bike_race,bike_sex,driver_age,driver_age_group,driver_alcohol,driver_alcohol_drugs,driver_est_speed,driver_injury,driver_race,driver_sex,driver_vehicle_type,crash_alcohol,crash_date,crash_day,crash_group,crash_hour,crash_location,crash_month,crash_severity,crash_time,crash_type,crash_year,ambulance_req,hit_run,light_condition,road_character,road_class,road_condition,road_configuration,road_defects,road_feature,road_surface,num_lanes,geo_point
2028,Havelock,Craven,Coastal,Commercial,Urban (>70% Developed),NA,Urban,40 - 45  MPH,No Control Present,Clear,No,42,40-49,No,NA,Facing Traffic,B: Evident Injury,Travel Lane,Hispanic,Male,60,60-69,No,NA,6-10 mph,O: No Injury,White,Male,Passenger Car,No,16APR2012,Monday,Head-On,9,Non-Intersection,April,B: Evident Injury,09:38:00,Head-On - Bicyclist,2012,Yes,No,Daylight,Straight - Level,US Route,Dry,"Two-Way, Divided, Unprotected Median",None,No Special Feature,Smooth Asphalt,4 lanes,"34.8604269388, -76.8972020332"
2101,Wilmington,New Hanover,Coastal,Residential,Urban (>70% Developed),NA,Urban,20 - 25  MPH,No Control Present,Clear,No,14,11-15,No,NA,With Traffic,C: Possible Injury,Travel Lane,White,Female,NA,NA,Missing,NA,6-10 mph,Unknown Injury,Unknown/Missing,NA,NA,No,04JUN2012,Monday,Motorist Overtaking Bicyclist,16,Intersection-Related,June,C: Possible Injury,16:45:00,Motorist Overtaking - Other / Unknown,2012,No,Yes,Daylight,Straight - Level,Local Street,Dry,"Two-Way, Divided, Unprotected Median",None,No Special Feature,Coarse Asphalt,2 lanes,"34.2231267648, -77.90920231"
2114,Raleigh,Wake,Piedmont,Commercial,Rural (<30% Developed),NA,Urban,30 - 35  MPH,No Control Present,Clear,No,23,20-24,No,NA,With Traffic,B: Evident Injury,Travel Lane,White,Male,NA,NA,Missing,NA,21-25 mph,Unknown Injury,Unknown/Missing,NA,Passenger Car,No,03JUN2012,Sunday,Motorist Left Turn / Merge,1,Intersection,June,B: Evident Injury,01:02:00,Motorist Left Turn - Opposite Direction,2012,Yes,Yes,Dark - Lighted Roadway,Straight - Level,Local Street,Dry,"Two-Way, Divided, Unprotected Median",None,T-Intersection,Coarse Asphalt,3 lanes,"35.7831370802, -78.6560026146"
2098,Asheboro,Randolph,Piedmont,Residential,Urban (>70% Developed),NA,Urban,30 - 35  MPH,No Control Present,Clear,No,7,6-10,No,NA,NA,B: Evident Injury,NA,White,Female,NA,NA,Missing,NA,NA,Unknown Injury,Unknown/Missing,NA,Passenger Car,No,30MAY2012,Wednesday,Bicyclist Failed to Yield - Midblock,20,Non-Intersection,May,B: Evident Injury,20:35:00,Bicyclist Ride Out - Midblock - Unknown,2012,Yes,Yes,Daylight,Straight - Bottom,State Secondary Route,Dry,"Two-Way, Not Divided",None,No Special Feature,Smooth Asphalt,2 lanes,"35.7164270245, -79.8077029582"
2130,Asheville,Buncombe,Mountains,Commercial,Urban (>70% Developed),NA,Urban,40 - 45  MPH,Stop Sign,Clear,No,34,30-39,No,NA,With Traffic,C: Possible Injury,Travel Lane,White,Male,NA,NA,Missing,NA,36-40 mph,Unknown Injury,Unknown/Missing,NA,NA,No,07JUN2012,Thursday,Motorist Overtaking Bicyclist,20,Intersection,June,C: Possible Injury,20:22:00,Motorist Overtaking - Misjudged Space,2012,Yes,Yes,Daylight,Straight - Level,Local Street,Dry,"Two-Way, Divided, Unprotected Median",None,No Special Feature,Coarse Asphalt,5 lanes,"35.5895668949, -82.5502037692"
2102,Lenoir,Caldwell,Mountains,Residential,Urban (>70% Developed),NA,Urban,20 - 25  MPH,Stop Sign,Clear,No,15,11-15,No,NA,With Traffic,B: Evident Injury,Travel Lane,Black,Male,57,50-59,No,NA,11-15 mph,O: No Injury,White,Female,Passenger Car,No,08JUN2012,Friday,Bicyclist Failed to Yield - Sign-Controlled Intersection,13,Intersection,June,B: Evident Injury,13:30:00,Bicyclist Ride Through - Sign-Controlled Intersection,2012,Yes,No,Daylight,Straight - Grade,Local Street,Dry,"Two-Way, Not Divided",None,No Special Feature,Coarse Asphalt,2 lanes,"35.9188570027, -81.530503485"
2127,Havelock,Craven,Coastal,Commercial,Urban (>70% Developed),NA,Urban,50 - 55  MPH,No Control Present,Clear,No,50,50-59,No,NA,Not Applicable,K: Killed,NA,White,Male,49,40-49,No,NA,46-50 mph,C: Possible Injury,Black,Male,Passenger Car,No,11MAY2012,Friday,Crossing Paths - Other Circumstances,22,Non-Intersection,May,K: Killed,22:28:00,Crossing Paths - Midblock - Other / Unknown,2012,Yes,No,Dark - Roadway Not Lighted,Straight - Grade,US Route,Dry,"Two-Way, Divided, Unprotected Median",None,No Special Feature,Smooth Asphalt,4 lanes,"34.8925369451, -76.9240020427"
2123,None - Rural Crash,Onslow,Coastal,Residential,Mixed (30% To 70% Developed),NA,Rural,40 - 45  MPH,No Control Present,Clear,No,60,60-69,No,NA,With Traffic,K: Killed,Travel Lane,White,Male,65,60-69,No,NA,11-15 mph,O: No Injury,White,Male,Passenger Car,No,10JUN2012,Sunday,Motorist Left Turn / Merge,10,Intersection,June,K: Killed,10:47:00,Motorist Left Turn - Opposite Direction,2012,Yes,No,Daylight,Straight - Level,Public Vehicular Area,Dry,"Two-Way, Not Divided",None,"Driveway, Public",Coarse Asphalt,2 lanes,"34.5098868439, -77.4338021799"
2118,Cary,Wake,Piedmont,Commercial,Urban (>70% Developed),NA,Urban,30 - 35  MPH,Stop And Go Signal,Cloudy,No,20,20-24,No,NA,Facing Traffic,O: No Injury,Travel Lane,White,Male,61,60-69,No,NA,6-10 mph,O: No Injury,Black,Female,Pickup,No,29MAY2012,Tuesday,Crossing Paths - Other Circumstances,15,Intersection,May,O: No Injury,15:13:00,Crossing Paths - Intersection - Other / Unknown,2012,No,No,Daylight,Straight - Level,State Secondary Route,Dry,"Two-Way, Not Divided",None,Four-Way Intersection,Smooth Asphalt,5 lanes,"35.7692970724, -78.782002652"
162,Elizabeth City,Pasquotank,Coastal,Residential,Mixed (30% To 70% Developed),HALSTEAD BLVD,Urban,50 - 55  MPH,Stop And Go Signal,Clear,No,44,40-49,NA,"Yes-Alcohol,  impairment suspected",With Traffic,A: Disabling Injury,Travel Lane,Black,Male,21,20-24,NA,"Yes-Alcohol, no impairment detected",36-40 mph,C: Possible Injury,Black,Female,Passenger Car,Yes,16APR2014,Wednesday,Crossing Paths - Other Circumstances,19,Intersection,April,A: Disabling Injury,19:25:00,Signalized Intersection - Other / Unknown,2014,Yes,No,Dusk,Straight - Level,Local Street,Dry,"Two-Way, Divided, Unprotected Median",None,Four-Way Intersection,Smooth Asphalt,4 lanes,"36.2815872699, -76.2237868967"
166,Wilmington,New Hanover,Coastal,Commercial,Urban (>70% Developed),S 16TH ST,Urban,30 - 35  MPH,Stop And Go Signal,Clear,No,32,30-39,NA,No,With Traffic,B: Evident Injury,Travel Lane,White,Male,NA,NA,NA,NA,6-10 mph,Unknown Injury,Unknown/Missing,NA,NA,No,13APR2014,Sunday,Motorist Failed to Yield - Signalized Intersection,5,Intersection,April,B: Evident Injury,05:00:00,Motorist Drive Through - Signalized Intersection,2014,No,Yes,Dark - Lighted Roadway,Straight - Level,Local Street,Dry,"One-Way, Not Divided",None,Four-Way Intersection,Coarse Asphalt,5 lanes,"34.2131987622, -77.9260583151"
192,None - Rural Crash,Wake,Piedmont,Residential,Rural (<30% Developed),SR 1903,Rural,40 - 45  MPH,"Double Yellow Line, No Passing Zone",Clear,No,17,16-19,NA,No,Facing Traffic,C: Possible Injury,Bike Lane / Paved Shoulder,White,Male,67,60-69,NA,No,16-20 mph,O: No Injury,White,Male,Sport Utility,No,16MAY2014,Friday,Loss of Control / Turning Error,14,Non-Intersection,May,C: Possible Injury,14:23:00,Motorist Lost Control - Other / Unknown,2014,Yes,No,Daylight,Curve - Grade,State Secondary Route,Dry,"Two-Way, Not Divided",None,No Special Feature,Smooth Asphalt,2 lanes,"36.0516541339, -78.7338326523"
175,Burlington,Alamance,Piedmont,Residential,Urban (>70% Developed),PVA 702 LAKESIDE AVE,Urban,5 - 15 MPH,Stop Sign,Clear,No,11,11-15,NA,No,Not Applicable,B: Evident Injury,Driveway / Alley,Black,Male,48,40-49,NA,No,0-5 mph,O: No Injury,Black,Male,Passenger Car,No,04MAY2014,Sunday,Loss of Control / Turning Error,21,Non-Intersection,May,B: Evident Injury,21:10:00,Bicyclist Lost Control - Other / Unknown,2014,Yes,No,Dark - Roadway Not Lighted,Straight - Level,Public Vehicular Area,Dry,"Two-Way, Not Divided",None,No Special Feature,Smooth Asphalt,2 lanes,"36.1102901209, -79.4420828694"
155,None - Rural Crash,Haywood,Mountains,"Farms, Woods, Pastures",Mixed (30% To 70% Developed),US 276,Rural,50 - 55  MPH,No Control Present,Clear,No,36,30-39,NA,No,With Traffic,A: Disabling Injury,Travel Lane,Hispanic,Male,21,20-24,NA,No,61-65 mph,O: No Injury,White,Male,Pickup,No,20APR2014,Sunday,Motorist Overtaking Bicyclist,17,Non-Intersection,April,A: Disabling Injury,17:07:00,Motorist Overtaking - Other / Unknown,2014,Yes,No,Daylight,Straight - Grade,US Route,Dry,"Two-Way, Divided, Positive Median Barrier",None,No Special Feature,Smooth Asphalt,4 lanes,"35.5749308732, -83.0155939047"
201,Holly Springs,Wake,Piedmont,Commercial,Urban (>70% Developed),GB ALFORD HWY,Urban,50 - 55  MPH,Stop And Go Signal,Clear,No,37,30-39,NA,No,With Traffic,C: Possible Injury,Travel Lane,White,Male,70+,70+,NA,No,46-50 mph,O: No Injury,White,Female,Sport Utility,No,25MAY2014,Sunday,Motorist Overtaking Bicyclist,18,Non-Intersection,May,C: Possible Injury,18:56:00,Motorist Overtaking - Other / Unknown,2014,Yes,No,Daylight,Straight - Grade,Local Street,Dry,"Two-Way, Divided, Unprotected Median",None,Other,Coarse Asphalt,4 lanes,"35.6538670453, -78.8478026656"
170,None - Rural Crash,Buncombe,Mountains,Commercial,Mixed (30% To 70% Developed),SR 2416,Rural,30 - 35  MPH,"Double Yellow Line, No Passing Zone",Clear,No,28,25-29,NA,No,With Traffic,B: Evident Injury,Travel Lane,White,Male,41,40-49,NA,No,26-30 mph,O: No Injury,Hispanic,Female,Van,No,24APR2014,Thursday,Motorist Left Turn / Merge,17,Non-Intersection,April,B: Evident Injury,17:26:00,Motorist Left Turn - Opposite Direction,2014,No,No,Daylight,Straight - Level,State Secondary Route,Dry,"Two-Way, Not Divided",None,"Driveway, Public",Smooth Asphalt,2 lanes,"35.6121589039, -82.4305637343"
202,Cary,Wake,Piedmont,Residential,Urban (>70% Developed),GREEN LEVEL CH RD,Urban,40 - 45  MPH,Stop Sign,Clear,No,58,50-59,NA,No,With Traffic,B: Evident Injury,Travel Lane,White,Male,31,30-39,NA,No,31-35 mph,O: No Injury,Hispanic,Male,Pickup,No,24APR2014,Thursday,Loss of Control / Turning Error,19,Intersection,April,B: Evident Injury,19:13:00,Motorist Turning Error - Left Turn,2014,Yes,No,Daylight,Straight - Level,State Secondary Route,Dry,"Two-Way, Not Divided",None,No Special Feature,Smooth Asphalt,2 lanes,"35.7987930748, -78.9003226889"
152,None - Rural Crash,Chatham,Piedmont,"Farms, Woods, Pastures",Rural (<30% Developed),SR 1008,Rural,50 - 55  MPH,Stop Sign,Cloudy,No,70+,70+,NA,No,With Traffic,O: No Injury,Travel Lane,Other,Male,49,40-49,NA,No,51-55 mph,O: No Injury,White,Male,Pickup,No,08APR2014,Tuesday,Bicyclist Failed to Yield - Sign-Controlled Intersection,14,Intersection,April,O: No Injury,14:13:00,Bicyclist Ride Out - Sign-Controlled Intersection,2014,No,No,Daylight,Curve - Grade,State Secondary Route,Dry,"Two-Way, Not Divided",None,T-Intersection,Smooth Asphalt,2 lanes,"35.7710830645, -79.0028727187"
154,Wallace,Duplin,Coastal,Residential,Mixed (30% To 70% Developed),W CAROL C MHP,Rural,5 - 15 MPH,No Control Present,Clear,No,6,6-10,NA,No,Not Applicable,B: Evident Injury,Driveway / Alley,Hispanic,Male,55,50-59,NA,No,6-10 mph,O: No Injury,Hispanic,Male,Sport Utility,No,25APR2014,Friday,Non-Roadway,16,Non-Roadway,April,B: Evident Injury,16:54:00,Non-Roadway,2014,Yes,No,Daylight,Straight - Level,Local Street,Dry,"Two-Way, Not Divided",None,No Special Feature,Coarse Asphalt,2 lanes,"34.7257228729, -77.988282358"
48,Charlotte,Mecklenburg,Piedmont,Commercial,Urban (>70% Developed),MONROE RD,Urban,30 - 35  MPH,No Control Present,Rain,No,22,20-24,NA,No,Facing Traffic,C: Possible Injury,Sidewalk / Crosswalk / Driveway Crossing,Black,Male,NA,NA,NA,Missing,NA,Unknown Injury,Unknown/Missing,NA,NA,No,03MAR2014,Monday,Motorist Failed to Yield - Midblock,13,Non-Intersection,March,C: Possible Injury,13:15:00,Motorist Drive Out - Commercial Driveway / Alley,2014,Yes,Yes,Daylight,Straight - Level,Public Vehicular Area,Wet,"Two-Way, Not Divided",None,"Driveway, Public",Concrete,NA,"35.1937568777, -80.7827332221"
20,Wrightsville Beach,New Hanover,Coastal,Commercial,Urban (>70% Developed),WRIGHTSVILLE AVE,Rural,40 - 45  MPH,Stop Sign,Clear,Yes,60,60-69,NA,No,Facing Traffic,A: Disabling Injury,Travel Lane,White,Female,65,60-69,NA,No,6-10 mph,O: No Injury,White,Male,Sport Utility,No,10JAN2014,Friday,Motorist Failed to Yield - Sign-Controlled Intersection,11,Intersection,January,A: Disabling Injury,11:44:00,Motorist Drive Out - Sign-Controlled Intersection,2014,Yes,No,Daylight,Straight - Hillcrest,NC Route,Dry,"Two-Way, Divided, Unprotected Median",Work Zone,Bridge Approach,Coarse Asphalt,2 lanes,"34.2188097668, -77.8137122816"
29,Kannapolis,Cabarrus,Piedmont,Commercial,Urban (>70% Developed),S CANNON BVD,Urban,40 - 45  MPH,No Control Present,Clear,No,NA,NA,NA,No,With Traffic,Unknown Injury,Travel Lane,Unknown/Missing,NA,44,40-49,NA,No,46-50 mph,A: Disabling Injury,White,Female,Passenger Car,No,18JAN2014,Saturday,Loss of Control / Turning Error,18,Intersection,January,A: Disabling Injury,18:25:00,"Motorist Lost Control - Oversteering, Improper Braking, Speed",2014,Yes,No,Dark - Lighted Roadway,Straight - Grade,US Route,Dry,"Two-Way, Not Divided",None,T-Intersection,Smooth Asphalt,4 lanes,"35.4847599454, -80.6112931872"
30,Fayetteville,Cumberland,Coastal,Residential,Urban (>70% Developed),SKYE DR,Urban,20 - 25  MPH,Flashing Stop And Go Signal,Clear,No,30,30-39,NA,No,Facing Traffic,C: Possible Injury,Sidewalk / Crosswalk / Driveway Crossing,Black,Male,51,50-59,NA,No,16-20 mph,O: No Injury,Other,Male,Passenger Car,No,03JAN2014,Friday,Crossing Paths - Other Circumstances,8,Intersection,January,C: Possible Injury,08:06:00,Signalized Intersection - Other / Unknown,2014,No,No,Daylight,Straight - Level,Local Street,Dry,"Two-Way, Divided, Unprotected Median",None,T-Intersection,Coarse Asphalt,6 lanes,"35.0640709149, -78.9268026582"
41,Gastonia,Gaston,Piedmont,Residential,Urban (>70% Developed),PVA 2400 PAMELA ST,Urban,30 - 35  MPH,Stop Sign,Clear,No,13,11-15,NA,No,Facing Traffic,C: Possible Injury,Sidewalk / Crosswalk / Driveway Crossing,White,Male,63,60-69,NA,No,NA,O: No Injury,White,Male,Sport Utility,No,30JAN2014,Thursday,Motorist Failed to Yield - Sign-Controlled Intersection,16,Intersection,January,C: Possible Injury,16:53:00,Motorist Drive Out - Sign-Controlled Intersection,2014,Yes,No,Daylight,Straight - Level,Local Street,Dry,"Two-Way, Not Divided",None,T-Intersection,Smooth Asphalt,2 lanes,"35.2440638754, -81.1211333252"
42,Greensboro,Guilford,Piedmont,Residential,Urban (>70% Developed),W CONE BLVD,Urban,30 - 35  MPH,Stop Sign,Clear,No,58,50-59,NA,No,With Traffic,C: Possible Injury,Travel Lane,White,Male,44,40-49,NA,No,21-25 mph,O: No Injury,White,Female,Sport Utility,No,26FEB2014,Wednesday,Motorist Failed to Yield - Sign-Controlled Intersection,18,Intersection,February,C: Possible Injury,18:36:00,Motorist Drive Out - Sign-Controlled Intersection,2014,Yes,No,Daylight,Straight - Level,Local Street,Dry,"One-Way, Not Divided",None,No Special Feature,Coarse Asphalt,4 lanes,"36.1083371073, -79.8076329799"
11,Salisbury,Rowan,Piedmont,Residential,Urban (>70% Developed),NORTH CRAIGE STREET,Urban,30 - 35  MPH,No Control Present,Clear,No,58,50-59,NA,No,With Traffic,C: Possible Injury,Travel Lane,Black,Male,70+,70+,NA,No,6-10 mph,O: No Injury,White,Female,Passenger Car,No,23JAN2014,Thursday,Loss of Control / Turning Error,15,Intersection-Related,January,C: Possible Injury,15:02:00,Motorist Turning Error - Other,2014,No,No,Daylight,Straight - Level,Local Street,Dry,"Two-Way, Not Divided",None,No Special Feature,Smooth Asphalt,2 lanes,"35.6771369915, -80.4706831556"
43,None - Rural Crash,Lincoln,Piedmont,Residential,Mixed (30% To 70% Developed),SR 1003,Rural,40 - 45  MPH,No Control Present,Clear,No,43,40-49,NA,No,With Traffic,A: Disabling Injury,Travel Lane,White,Male,41,40-49,NA,No,36-40 mph,O: No Injury,White,Male,Pickup,No,23FEB2014,Sunday,Motorist Overtaking Bicyclist,18,Non-Intersection,February,A: Disabling Injury,18:57:00,Motorist Overtaking - Other / Unknown,2014,Yes,No,Dark - Roadway Not Lighted,Straight - Level,State Secondary Route,Dry,"Two-Way, Not Divided",None,No Special Feature,Smooth Asphalt,2 lanes,"35.5222429318, -81.1968493631"
47,None - Rural Crash,Bertie,Coastal,"Farms, Woods, Pastures",Rural (<30% Developed),1500,Rural,40 - 45  MPH,No Control Present,Clear,No,21,20-24,NA,No,With Traffic,B: Evident Injury,Travel Lane,Black,Male,37,30-39,NA,No,41-45 mph,O: No Injury,Black,Male,Passenger Car,No,08FEB2014,Saturday,Motorist Overtaking Bicyclist,1,Non-Intersection,February,B: Evident Injury,01:04:00,Motorist Overtaking - Bicyclist Swerved,2014,Yes,No,Dark - Roadway Not Lighted,Straight - Level,State Secondary Route,Dry,"Two-Way, Not Divided",None,No Special Feature,Coarse Asphalt,2 lanes,"35.9358591721, -76.9244020942"
34,Rocky Mount,Nash,Coastal,Residential,Mixed (30% To 70% Developed),PAUL ST,Urban,20 - 25  MPH,Stop Sign,Clear,No,12,11-15,NA,No,With Traffic,C: Possible Injury,Travel Lane,Black,Male,41,40-49,NA,No,16-20 mph,O: No Injury,Black,Male,Passenger Car,No,24FEB2014,Monday,Loss of Control / Turning Error,18,Intersection,February,C: Possible Injury,18:14:00,Bicyclist Turning Error - Right Turn,2014,Yes,No,Dusk,Straight - Level,Local Street,Dry,"Two-Way, Not Divided",None,No Special Feature,Smooth Asphalt,2 lanes,"35.9286531402, -77.8105223646"
265,None - Rural Crash,Buncombe,Mountains,"Farms, Woods, Pastures",Rural (<30% Developed),SR 2408,Rural,30 - 35  MPH,"Double Yellow Line, No Passing Zone",Clear,No,17,16-19,NA,No,With Traffic,C: Possible Injury,Travel Lane,White,Male,NA,NA,NA,No,31-35 mph,Unknown Injury,Unknown/Missing,NA,Passenger Car,No,06JUN2014,Friday,Motorist Overtaking Bicyclist,19,Non-Intersection,June,C: Possible Injury,19:09:00,Motorist Overtaking - Other / Unknown,2014,Yes,Yes,Daylight,Curve - Level,State Secondary Route,Dry,"Two-Way, Not Divided",None,No Special Feature,Coarse Asphalt,2 lanes,"35.6059719014, -82.4735837465"
206,None - Rural Crash,NA,Coastal,"Farms, Woods, Pastures",Urban (>70% Developed),133,Rural,50 - 55  MPH,"Double Yellow Line, No Passing Zone",Clear,No,50,50-59,NA,"Yes-Alcohol,  impairment suspected",With Traffic,B: Evident Injury,Travel Lane,White,Male,NA,NA,NA,Missing,46-50 mph,Unknown Injury,Unknown/Missing,NA,NA,Yes,25MAY2014,Sunday,Bicyclist Left Turn / Merge,22,Non-Intersection,May,B: Evident Injury,22:24:00,Bicyclist Left Turn - Same Direction,2014,Yes,Yes,Dark - Roadway Not Lighted,Straight - Level,NC Route,Dry,"Two-Way, Not Divided",None,No Special Feature,Smooth Asphalt,2 lanes,"34.3265567875, -77.9218023193"
251,Wilmington,New Hanover,Coastal,Commercial,Urban (>70% Developed),MARKET ST,Urban,20 - 25  MPH,Stop Sign,Clear,No,38,30-39,NA,No,Facing Traffic,B: Evident Injury,Sidewalk / Crosswalk / Driveway Crossing,Black,Male,23,20-24,NA,No,0-5 mph,O: No Injury,White,Female,Passenger Car,No,22MAY2014,Thursday,Motorist Failed to Yield - Sign-Controlled Intersection,11,Intersection,May,B: Evident Injury,11:01:00,Motorist Drive Out - Sign-Controlled Intersection,2014,Yes,No,Daylight,Straight - Level,Local Street,Dry,"Two-Way, Not Divided",None,T-Intersection,Coarse Asphalt,5 lanes,"34.2405167684, -77.9023323088"
271,Fayetteville,Cumberland,Coastal,Commercial,Urban (>70% Developed),PERSON ST,Urban,30 - 35  MPH,No Control Present,Clear,No,34,30-39,NA,"Yes- Alcohol and Drugs, impairment suspected",With Traffic,C: Possible Injury,Travel Lane,Black,Male,70+,70+,NA,No,0-5 mph,O: No Injury,White,Male,Passenger Car,Yes,07JUN2014,Saturday,Motorist Overtaking Bicyclist,11,Non-Intersection,June,C: Possible Injury,11:52:00,Motorist Overtaking - Bicyclist Swerved,2014,Yes,No,Daylight,Straight - Level,Local Street,Dry,"Two-Way, Not Divided",None,No Special Feature,Smooth Asphalt,5 lanes,"35.0499369138, -78.8704786414"
276,Durham,Durham,Piedmont,Commercial,Urban (>70% Developed),DOUGLAS ST,Urban,30 - 35  MPH,Stop And Go Signal,Clear,No,20,20-24,NA,No,With Traffic,C: Possible Injury,Sidewalk / Crosswalk / Driveway Crossing,White,Male,61,60-69,NA,No,0-5 mph,O: No Injury,White,Female,Passenger Car,No,23JUN2014,Monday,Motorist Failed to Yield - Signalized Intersection,13,Intersection,June,C: Possible Injury,13:17:00,Motorist Drive Out - Signalized Intersection,2014,Yes,No,Daylight,Straight - Level,Local Street,Dry,"Two-Way, Not Divided",None,No Special Feature,Coarse Asphalt,2 lanes,"36.0089451175, -78.9427027128"
255,Concord,Cabarrus,Piedmont,Commercial,Urban (>70% Developed),CONCORD PKWY N,Urban,40 - 45  MPH,Stop Sign,Clear,No,47,40-49,NA,No,Facing Traffic,A: Disabling Injury,Travel Lane,Black,Male,45,40-49,NA,No,NA,O: No Injury,White,Female,"Light Truck (Mini-Van, Panel)",No,04JUN2014,Wednesday,Motorist Failed to Yield - Midblock,16,Non-Intersection,June,A: Disabling Injury,16:20:00,Motorist Drive Out - Commercial Driveway / Alley,2014,Yes,No,Daylight,Straight - Grade,US Route,Dry,"Two-Way, Not Divided",None,"Driveway, Public",Coarse Asphalt,4 lanes,"35.4127799299, -80.6127881832"
250,Raleigh,Wake,Piedmont,Residential,Urban (>70% Developed),EVA MAE DR,Urban,20 - 25  MPH,Stop Sign,Clear,No,14,11-15,NA,No,Facing Traffic,B: Evident Injury,Travel Lane,Black,Male,24,20-24,NA,No,21-25 mph,O: No Injury,Black,Female,Passenger Car,No,10JUN2014,Tuesday,Bicyclist Failed to Yield - Sign-Controlled Intersection,19,Intersection,June,B: Evident Injury,19:46:00,Bicyclist Ride Through - Sign-Controlled Intersection,2014,Yes,No,Daylight,Straight - Level,Local Street,Dry,"Two-Way, Not Divided",None,Four-Way Intersection,Smooth Asphalt,2 lanes,"35.7575790777, -78.5578865826"
224,None - Rural Crash,Robeson,Coastal,Residential,Rural (<30% Developed),SR 1515,Rural,50 - 55  MPH,"Double Yellow Line, No Passing Zone",Clear,No,50,50-59,NA,No,Facing Traffic,C: Possible Injury,Travel Lane,Native American,Male,NA,NA,NA,NA,41-45 mph,Unknown Injury,Unknown/Missing,NA,NA,No,03JUN2014,Tuesday,Head-On,16,Non-Intersection,June,C: Possible Injury,16:32:00,Head-On - Bicyclist,2014,Yes,Yes,Daylight,Straight - Level,State Secondary Route,Dry,"Two-Way, Not Divided",None,No Special Feature,Coarse Asphalt,2 lanes,"34.7123328318, -79.1327027028"
266,None - Rural Crash,Pamlico,Coastal,"Farms, Woods, Pastures",Rural (<30% Developed),SR 1320,Rural,40 - 45  MPH,Human Control,Clear,No,47,40-49,NA,No,With Traffic,A: Disabling Injury,Travel Lane,White,Male,35,30-39,NA,Missing,0-5 mph,O: No Injury,White,Male,Truck/Trailer,No,03APR2014,Thursday,Bicyclist Overtaking Motorist,13,Non-Intersection,April,A: Disabling Injury,13:30:00,Bicyclist Overtaking - Parked Vehicle,2014,Yes,No,Daylight,Straight - Level,State Secondary Route,Dry,"Two-Way, Not Divided",None,No Special Feature,Coarse Asphalt,2 lanes,"35.0804699955, -76.6476719681"
233,Raleigh,Wake,Piedmont,Commercial,Urban (>70% Developed),EDENTON ST,Urban,30 - 35  MPH,No Control Present,Clear,No,56,50-59,NA,No,With Traffic,B: Evident Injury,Travel Lane,White,Male,24,20-24,NA,No,0-5 mph,O: No Injury,White,Male,Sport Utility,No,01JUN2014,Sunday,Bicyclist Overtaking Motorist,16,Non-Intersection,June,B: Evident Injury,16:36:00,Bicyclist Overtaking - Extended Door,2014,Yes,No,Daylight,Straight - Level,Local Street,Dry,"One-Way, Not Divided",None,No Special Feature,Smooth Asphalt,2 lanes,"35.7813600797, -78.6421626101"
143,Wilmington,New Hanover,Coastal,Commercial,Urban (>70% Developed),INDEPENDENCE BVD,Urban,30 - 35  MPH,Stop And Go Signal,Clear,No,53,50-59,NA,No,Facing Traffic,C: Possible Injury,Travel Lane,Black,Male,NA,NA,NA,NA,31-35 mph,Unknown Injury,Unknown/Missing,NA,NA,No,12MAR2014,Wednesday,Motorist Right Turn / Merge,14,Intersection,March,C: Possible Injury,14:23:00,Motorist Right Turn - Opposite Direction,2014,Yes,Yes,Daylight,Straight - Level,Local Street,Dry,"Two-Way, Divided, Unprotected Median",None,Four-Way Intersection,Coarse Asphalt,7 lanes,"34.2253567656, -77.9046823088"
131,Raleigh,Wake,Piedmont,Commercial,Urban (>70% Developed),E MARTIN ST,Urban,30 - 35  MPH,Stop And Go Signal,Clear,Yes,27,25-29,NA,No,With Traffic,C: Possible Injury,Sidewalk / Crosswalk / Driveway Crossing,White,Female,46,40-49,NA,No,0-5 mph,C: Possible Injury,Black,Male,Passenger Car,No,10APR2014,Thursday,Motorist Left Turn / Merge,15,Intersection,April,C: Possible Injury,15:24:00,Motorist Left Turn - Opposite Direction,2014,Yes,No,Daylight,Straight - Level,Local Street,Dry,"Two-Way, Not Divided",Work Zone,Four-Way Intersection,Smooth Asphalt,NA,"35.7767670787, -78.636662608"
149,Wilmington,New Hanover,Coastal,Commercial,Urban (>70% Developed),CAROLINA BEACH RD,Urban,30 - 35  MPH,No Control Present,Clear,No,13,11-15,NA,No,Not Applicable,C: Possible Injury,Travel Lane,Black,Male,32,30-39,NA,No,31-35 mph,O: No Injury,Black,Male,Passenger Car,No,04APR2014,Friday,Crossing Paths - Other Circumstances,17,Intersection-Related,April,C: Possible Injury,17:28:00,Crossing Paths - Uncontrolled Intersection,2014,Yes,No,Daylight,Straight - Level,Local Street,Dry,"Two-Way, Not Divided",None,No Special Feature,Smooth Asphalt,4 lanes,"34.2109567608, -77.9454523205"