object_id,city,county,region,development,locality,on_road,rural_urban,speed_limit,traffic_control,weather,workzone,bike_age,bike_age_group,bike_alcohol,bike_alcohol_drugs,bike_direction,bike_injury,bike_position,bike_race,bike_sex,driver_age,driver_age_group,driver_alcohol,driver_alcohol_drugs,driver_est_speed,driver_injury,driver_race,driver_sex,driver_vehicle_type,crash_alcohol,crash_date,crash_day,crash_group,crash_hour,crash_location,crash_month,crash_severity,crash_time,crash_type,crash_year,ambulance_req,hit_run,light_condition,road_character,road_class,road_condition,road_configuration,road_defects,road_feature,road_surface,num_lanes,geo_point
136,None - Rural Crash,Lincoln,Piedmont,"Farms, Woods, Pastures",Rural (<30% Developed),NC 27,Rural,50 - 55  MPH,"Double Yellow Line, No Passing Zone",Clear,No,24,20-24,NA,No,With Traffic,B: Evident Injury,Other,White,Male,70+,70+,NA,No,41-45 mph,O: No Injury,White,Female,Sport Utility,No,11APR2014,Friday,Loss of Control / Turning Error,20,Non-Intersection,April,B: Evident Injury,20:39:00,Motorist Lost Control - Other / Unknown,2014,Yes,No,Dark - Roadway Not Lighted,Straight - Level,NC Route,Dry,"Two-Way, Not Divided",None,No Special Feature,Smooth Asphalt,2 lanes,"35.4756499172, -81.3286034"
147,Mooresville,Iredell,Piedmont,Commercial,Urban (>70% Developed),MAIN ST,Urban,20 - 25  MPH,Stop And Go Signal,Clear,No,30,30-39,NA,No,With Traffic,B: Evident Injury,Sidewalk / Crosswalk / Driveway Crossing,White,Male,44,40-49,NA,No,11-15 mph,O: No Injury,White,Male,Passenger Car,No,02APR2014,Wednesday,Motorist Right Turn / Merge,16,Intersection,April,B: Evident Injury,16:31:00,Motorist Right Turn - Same Direction,2014,No,No,Daylight,Straight - Level,Local Street,Dry,"Two-Way, Not Divided",None,Four-Way Intersection,Smooth Asphalt,3 lanes,"35.5818169589, -80.8138692524"
4687,Midway,Davidson,Piedmont,"Farms, Woods, Pastures",Rural (<30% Developed),NA,Rural,50 - 55  MPH,"Double Yellow Line, No Passing Zone",Clear,No,51,50-59,No,NA,With Traffic,K: Killed,Travel Lane,White,Male,63,60-69,No,NA,0-5 mph,O: No Injury,White,Male,Pickup,No,07MAR2009,Saturday,Bicyclist Overtaking Motorist,11,Non-Intersection,March,K: Killed,11:44:00,Bicyclist Overtaking - Other / Unknown,2009,Yes,No,Daylight,Curve - Level,State Secondary Route,Dry,"One-Way, Not Divided",None,"Driveway, Private",Smooth Asphalt,2 lanes,"35.9864230661, -80.2265530992"
4698,None - Rural Crash,Wake,Piedmont,"Farms, Woods, Pastures",Rural (<30% Developed),NA,Rural,40 - 45  MPH,"Double Yellow Line, No Passing Zone",Clear,No,22,20-24,No,NA,With Traffic,B: Evident Injury,Travel Lane,White,Male,21,20-24,No,NA,6-10 mph,O: No Injury,White,Male,Pickup,No,19MAR2009,Thursday,Bicyclist Failed to Yield - Sign-Controlled Intersection,15,Intersection,March,B: Evident Injury,15:07:00,Bicyclist Ride Out - Sign-Controlled Intersection,2009,Yes,No,Daylight,Curve - Grade,State Secondary Route,Dry,"Two-Way, Not Divided",None,T-Intersection,Coarse Asphalt,2 lanes,"35.7225370644, -78.7157726288"
4706,Greensboro,Guilford,Piedmont,Commercial,Urban (>70% Developed),NA,Urban,30 - 35  MPH,Stop Sign,Clear,No,13,11-15,No,NA,Not Applicable,B: Evident Injury,Travel Lane,Black,Male,NA,NA,Missing,NA,36-40 mph,Unknown Injury,Unknown/Missing,NA,Passenger Car,No,07MAR2009,Saturday,Bicyclist Failed to Yield - Midblock,16,Non-Intersection,March,B: Evident Injury,16:59:00,Bicyclist Ride Out - Other Midblock,2009,Yes,Yes,Daylight,Straight - Level,Local Street,Dry,"Two-Way, Not Divided",None,No Special Feature,Smooth Asphalt,7 lanes,"36.039477091, -79.850592989"
4717,Fayetteville,Cumberland,Coastal,Commercial,Urban (>70% Developed),NA,Urban,30 - 35  MPH,Stop Sign,Clear,No,20,20-24,No,NA,Facing Traffic,C: Possible Injury,Travel Lane,Hispanic,NA,20,20-24,No,NA,6-10 mph,O: No Injury,White,Male,Passenger Car,No,21FEB2009,Saturday,Motorist Failed to Yield - Sign-Controlled Intersection,22,Intersection,February,C: Possible Injury,22:57:00,Motorist Drive Out - Sign-Controlled Intersection,2009,No,No,Dark - Lighted Roadway,Straight - Level,Public Vehicular Area,Dry,"Two-Way, Divided, Unprotected Median",None,No Special Feature,Coarse Asphalt,NA,"35.0594629132, -78.9608826686"
4721,Andrews,Cherokee,Mountains,Commercial,Mixed (30% To 70% Developed),NA,Rural,30 - 35  MPH,No Control Present,Clear,No,19,16-19,No,NA,NA,B: Evident Injury,NA,White,Male,30,30-39,No,NA,31-35 mph,O: No Injury,White,Male,Passenger Car,No,06MAR2009,Friday,Other / Unknown - Insufficient Details,19,Unknown Location,March,B: Evident Injury,19:18:00,Unknown Location,2009,Yes,No,Dark - Lighted Roadway,Straight - Level,US Route,Dry,"Two-Way, Not Divided",None,No Special Feature,Smooth Asphalt,3 lanes,"35.2007747636, -83.833794123"
4731,None - Rural Crash,Rockingham,Piedmont,"Farms, Woods, Pastures",Rural (<30% Developed),NA,Rural,50 - 55  MPH,No Control Present,Clear,No,9,6-10,No,NA,With Traffic,C: Possible Injury,Travel Lane,White,Male,48,40-49,No,NA,46-50 mph,O: No Injury,White,Female,Sport Utility,No,20MAR2009,Friday,Bicyclist Left Turn / Merge,17,Non-Intersection,March,C: Possible Injury,17:20:00,Bicyclist Left Turn - Same Direction,2009,No,No,Daylight,Straight - Level,State Secondary Route,Dry,"Two-Way, Not Divided",None,"Driveway, Private",Smooth Asphalt,2 lanes,"36.282247137, -80.0033980484"
4733,None - Rural Crash,Harnett,Coastal,Commercial,Mixed (30% To 70% Developed),NA,Rural,30 - 35  MPH,"Double Yellow Line, No Passing Zone",Clear,No,26,25-29,No,NA,With Traffic,C: Possible Injury,Travel Lane,White,Male,70+,70+,No,NA,31-35 mph,O: No Injury,White,Male,Passenger Car,No,04MAR2009,Wednesday,Motorist Left Turn / Merge,18,Intersection,March,C: Possible Injury,18:25:00,Motorist Left Turn - Opposite Direction,2009,Yes,No,Daylight,Straight - Level,NC Route,Dry,"Two-Way, Not Divided",None,Four-Way Intersection,Smooth Asphalt,2 lanes,"35.5625870247, -78.8719626678"
4736,Charlotte,Mecklenburg,Piedmont,Commercial,Mixed (30% To 70% Developed),NA,Urban,30 - 35  MPH,No Control Present,Clear,No,15,11-15,No,NA,Facing Traffic,B: Evident Injury,Travel Lane,Black,Male,NA,NA,Missing,NA,6-10 mph,Unknown Injury,Unknown/Missing,NA,NA,No,01APR2009,Wednesday,Crossing Paths - Other Circumstances,20,Intersection,April,B: Evident Injury,20:27:00,Sign-Controlled Intersection - Other / Unknown,2009,Yes,Yes,Dark - Lighted Roadway,Straight - Level,Local Street,Dry,"Two-Way, Not Divided",None,Four-Way Intersection,Smooth Asphalt,2 lanes,"35.2807608953, -80.7937882302"
4737,Winston-Salem,Forsyth,Piedmont,Residential,Urban (>70% Developed),NA,Urban,30 - 35  MPH,No Control Present,Cloudy,No,13,11-15,No,NA,With Traffic,B: Evident Injury,Travel Lane,Hispanic,Male,23,20-24,No,NA,11-15 mph,O: No Injury,White,Male,Van,No,27MAR2009,Friday,Bicyclist Failed to Yield - Sign-Controlled Intersection,15,Intersection,March,B: Evident Injury,15:58:00,Bicyclist Ride Out - Sign-Controlled Intersection,2009,Yes,No,Daylight,Straight - Grade,Local Street,Wet,"Two-Way, Not Divided",None,Four-Way Intersection,Smooth Asphalt,2 lanes,"36.0646890819, -80.2519131113"
4741,None - Rural Crash,Yancey,Mountains,"Farms, Woods, Pastures",Rural (<30% Developed),NA,Rural,30 - 35  MPH,"Double Yellow Line, No Passing Zone",Cloudy,No,41,40-49,No,NA,With Traffic,B: Evident Injury,Travel Lane,White,Male,21,20-24,No,NA,11-15 mph,O: No Injury,White,Male,Passenger Car,No,23MAR2009,Monday,Motorist Left Turn / Merge,15,Non-Intersection,March,B: Evident Injury,15:39:00,Motorist Left Turn - Opposite Direction,2009,Yes,No,Daylight,Curve - Grade,NC Route,Dry,"Two-Way, Not Divided",None,No Special Feature,Smooth Asphalt,2 lanes,"35.7302619348, -82.2792836968"
4754,None - Rural Crash,Nash,Coastal,Institutional,Mixed (30% To 70% Developed),NA,Rural,40 - 45  MPH,"Double Yellow Line, No Passing Zone",Clear,No,62,60-69,No,NA,With Traffic,C: Possible Injury,Travel Lane,White,Male,51,50-59,No,NA,41-45 mph,O: No Injury,White,Female,Passenger Car,No,17APR2009,Friday,Motorist Overtaking Bicyclist,12,Intersection-Related,April,C: Possible Injury,12:33:00,Motorist Overtaking - Bicyclist Swerved,2009,Yes,No,Daylight,Straight - Level,State Secondary Route,Dry,"Two-Way, Not Divided",None,"Driveway, Public",Coarse Asphalt,3 lanes,"35.9753911474, -77.8964023939"
4756,Charlotte,Mecklenburg,Piedmont,Residential,Urban (>70% Developed),NA,Urban,30 - 35  MPH,No Control Present,Clear,No,16,16-19,No,NA,Not Applicable,B: Evident Injury,NA,Black,Male,NA,NA,Missing,NA,26-30 mph,Unknown Injury,Unknown/Missing,NA,NA,No,15APR2009,Wednesday,Bicyclist Failed to Yield - Midblock,0,Non-Intersection,April,B: Evident Injury,00:21:00,Bicyclist Ride Out - Midblock - Unknown,2009,Yes,Yes,Dark - Lighted Roadway,Straight - Level,Local Street,Dry,"Two-Way, Divided, Positive Median Barrier",None,No Special Feature,Smooth Asphalt,4 lanes,"35.2494038894, -80.7647582196"
4759,Wilmington,New Hanover,Coastal,Commercial,Urban (>70% Developed),NA,Urban,30 - 35  MPH,Stop Sign,Clear,No,13,11-15,No,NA,With Traffic,A: Disabling Injury,Travel Lane,Black,Male,38,30-39,No,NA,31-35 mph,O: No Injury,White,Male,Pickup,No,18APR2009,Saturday,Bicyclist Failed to Yield - Sign-Controlled Intersection,20,Intersection,April,A: Disabling Injury,20:14:00,Bicyclist Ride Out - Sign-Controlled Intersection,2009,Yes,No,Dark - Lighted Roadway,Straight - Level,US Route,Dry,"One-Way, Not Divided",None,Four-Way Intersection,Coarse Asphalt,3 lanes,"34.226646765, -77.9303023166"
4761,Raleigh,Wake,Piedmont,Commercial,Urban (>70% Developed),NA,Urban,40 - 45  MPH,Stop And Go Signal,Cloudy,No,20,20-24,No,NA,Facing Traffic,B: Evident Injury,Sidewalk / Crosswalk / Driveway Crossing,White,Female,26,25-29,No,NA,0-5 mph,O: No Injury,White,Female,Sport Utility,No,23MAR2009,Monday,Motorist Failed to Yield - Signalized Intersection,10,Intersection,March,B: Evident Injury,10:45:00,Motorist Drive Out - Signalized Intersection,2009,No,No,Daylight,Curve - Level,Local Street,Dry,"Two-Way, Not Divided",None,Four-Way Intersection,Coarse Asphalt,4 lanes,"35.8684571, -78.6111626054"
4765,Elizabeth City,Pasquotank,Coastal,Commercial,Urban (>70% Developed),NA,Urban,50 - 55  MPH,No Control Present,Clear,No,47,40-49,No,NA,With Traffic,K: Killed,Travel Lane,Black,Male,24,20-24,No,NA,46-50 mph,O: No Injury,Black,Female,Passenger Car,No,13APR2009,Monday,Motorist Overtaking Bicyclist,1,Non-Intersection,April,K: Killed,01:36:00,Motorist Overtaking - Other / Unknown,2009,Yes,No,Dark - Lighted Roadway,Straight - Level,NC Route,Dry,"Two-Way, Divided, Unprotected Median",None,No Special Feature,Smooth Asphalt,5 lanes,"36.2841522703, -76.2357819013"
4769,Charlotte,Mecklenburg,Piedmont,Residential,Mixed (30% To 70% Developed),NA,Urban,40 - 45  MPH,No Control Present,Clear,No,36,30-39,No,NA,With Traffic,C: Possible Injury,Travel Lane,White,Male,25,25-29,No,NA,41-45 mph,O: No Injury,White,Male,Passenger Car,No,23APR2009,Thursday,Motorist Overtaking Bicyclist,7,Non-Intersection,April,C: Possible Injury,07:30:00,Motorist Overtaking - Other / Unknown,2009,Yes,No,Daylight,Straight - Level,Local Street,Dry,"Two-Way, Not Divided",None,No Special Feature,Coarse Asphalt,2 lanes,"35.2826228983, -80.7335832125"
4774,Garysburg,Northampton,Coastal,"Farms, Woods, Pastures",Rural (<30% Developed),NA,Rural,40 - 45  MPH,No Control Present,Clear,No,48,40-49,No,NA,With Traffic,B: Evident Injury,Travel Lane,Black,Male,NA,NA,No,NA,41-45 mph,Unknown Injury,Unknown/Missing,Male,NA,No,01MAY2009,Friday,Motorist Overtaking Bicyclist,20,Non-Intersection,May,B: Evident Injury,20:00:00,Motorist Overtaking - Other / Unknown,2009,Yes,Yes,Daylight,Straight - Level,NC Route,Dry,"Two-Way, Not Divided",None,No Special Feature,Smooth Asphalt,2 lanes,"36.4554632622, -77.5516763141"
4783,Greenville,Pitt,Coastal,Residential,Urban (>70% Developed),NA,Urban,30 - 35  MPH,No Control Present,Cloudy,No,58,50-59,No,NA,With Traffic,B: Evident Injury,Bike Lane / Paved Shoulder,Black,Male,52,50-59,No,NA,31-35 mph,O: No Injury,Black,Male,Passenger Car,No,26MAR2009,Thursday,Motorist Overtaking Bicyclist,4,Non-Intersection,March,B: Evident Injury,04:59:00,Motorist Overtaking - Other / Unknown,2009,Yes,No,Dark - Roadway Not Lighted,Straight - Level,Local Street,Dry,"Two-Way, Divided, Unprotected Median",None,No Special Feature,Smooth Asphalt,3 lanes,"35.6296800909, -77.3646422138"
4789,None - Rural Crash,Chatham,Piedmont,"Farms, Woods, Pastures",Rural (<30% Developed),NA,Rural,40 - 45  MPH,"Double Yellow Line, No Passing Zone",Clear,No,48,40-49,No,NA,With Traffic,B: Evident Injury,Travel Lane,White,Male,61,60-69,No,NA,41-45 mph,O: No Injury,White,Male,Pickup,No,08MAY2009,Friday,Motorist Overtaking Bicyclist,11,Non-Intersection,May,B: Evident Injury,11:00:00,Motorist Overtaking - Misjudged Space,2009,No,No,Daylight,Straight - Level,NC Route,Dry,"Two-Way, Not Divided",None,No Special Feature,Smooth Asphalt,2 lanes,"35.7888900704, -78.9637727075"
4790,None - Rural Crash,New Hanover,Coastal,Residential,Urban (>70% Developed),NA,Rural,5 - 15 MPH,Stop Sign,Clear,No,60,60-69,No,NA,Facing Traffic,C: Possible Injury,Bike Lane / Paved Shoulder,White,Female,19,0-19,No,NA,0-5 mph,O: No Injury,Black,Female,Passenger Car,No,08MAY2009,Friday,Motorist Failed to Yield - Sign-Controlled Intersection,18,Intersection,May,C: Possible Injury,18:50:00,Motorist Drive Out - Sign-Controlled Intersection,2009,Yes,No,Daylight,Straight - Level,Public Vehicular Area,Dry,"Two-Way, Not Divided",None,T-Intersection,Smooth Asphalt,2 lanes,"34.1533867493, -77.9062823066"
4791,None - Rural Crash,Northampton,Coastal,"Farms, Woods, Pastures",Rural (<30% Developed),NA,Rural,50 - 55  MPH,"Double Yellow Line, No Passing Zone",Clear,No,NA,NA,No,NA,With Traffic,Unknown Injury,Travel Lane,Black,Male,21,20-24,No,NA,51-55 mph,O: No Injury,Black,Female,Passenger Car,No,08MAY2009,Friday,Motorist Overtaking Bicyclist,19,Non-Intersection,May,O: No Injury,19:36:00,Motorist Overtaking - Other / Unknown,2009,No,No,Daylight,Straight - Level,NC Route,Dry,"Two-Way, Not Divided",None,No Special Feature,Coarse Asphalt,2 lanes,"36.34717725, -77.2234022077"
4794,Statesville,Iredell,Piedmont,Commercial,Urban (>70% Developed),NA,Urban,30 - 35  MPH,No Control Present,Clear,No,30,30-39,No,NA,Facing Traffic,O: No Injury,Travel Lane,White,Female,16,0-19,No,NA,31-35 mph,B: Evident Injury,Black,Male,Passenger Car,No,30APR2009,Thursday,Motorist Overtaking Bicyclist,19,Non-Intersection,April,B: Evident Injury,19:25:00,Motorist Overtaking - Bicyclist Swerved,2009,Yes,No,Daylight,Straight - Level,Local Street,Dry,"Two-Way, Not Divided",None,No Special Feature,Coarse Asphalt,2 lanes,"35.7756149973, -80.8693932805"
4798,Durham,Durham,Piedmont,Residential,Urban (>70% Developed),NA,Urban,30 - 35  MPH,No Control Present,Clear,No,7,6-10,No,NA,With Traffic,C: Possible Injury,Travel Lane,Black,Male,41,40-49,No,NA,11-15 mph,O: No Injury,Black,Male,Passenger Car,No,01MAY2009,Friday,Bicyclist Left Turn / Merge,16,Non-Intersection,May,C: Possible Injury,16:15:00,Bicyclist Left Turn - Same Direction,2009,Yes,No,Daylight,Straight - Grade,Local Street,Dry,"Two-Way, Not Divided",None,No Special Feature,Smooth Asphalt,2 lanes,"35.9980771183, -78.8697826908"
4800,Boone,Watauga,Mountains,Commercial,Urban (>70% Developed),NA,Urban,20 - 25  MPH,Stop Sign,Clear,No,25,25-29,No,NA,With Traffic,B: Evident Injury,Travel Lane,White,Male,19,0-19,No,NA,0-5 mph,O: No Injury,White,Female,Passenger Car,No,05MAY2009,Tuesday,Motorist Left Turn / Merge,19,Non-Intersection,May,B: Evident Injury,19:12:00,Motorist Left Turn - Opposite Direction,2009,No,No,Daylight,Straight - Level,Local Street,Dry,"Two-Way, Not Divided",None,No Special Feature,Smooth Asphalt,2 lanes,"36.2169150594, -81.682583548"
4802,High Point,Guilford,Piedmont,Residential,Urban (>70% Developed),NA,Urban,40 - 45  MPH,No Control Present,Cloudy,No,39,30-39,No,NA,With Traffic,B: Evident Injury,Travel Lane,White,Male,70+,70+,No,NA,31-35 mph,O: No Injury,White,Male,Passenger Car,No,01MAY2009,Friday,Motorist Overtaking Bicyclist,6,Non-Intersection,May,B: Evident Injury,06:45:00,Motorist Overtaking - Undetected Bicyclist,2009,Yes,No,Dawn,Curve - Hillcrest,NC Route,Dry,"Two-Way, Not Divided",None,No Special Feature,Smooth Asphalt,5 lanes,"35.982803073, -80.02931304"
4806,Raleigh,Wake,Piedmont,Commercial,Urban (>70% Developed),NA,Urban,30 - 35  MPH,Stop And Go Signal,Clear,No,20,20-24,No,NA,Facing Traffic,C: Possible Injury,Sidewalk / Crosswalk / Driveway Crossing,White,Female,51,50-59,No,NA,0-5 mph,O: No Injury,White,Female,Sport Utility,No,16APR2009,Thursday,Motorist Failed to Yield - Signalized Intersection,9,Intersection,April,C: Possible Injury,09:52:00,Motorist Drive Out - Signalized Intersection,2009,Yes,No,Daylight,Straight - Level,Local Street,Dry,"One-Way, Not Divided",None,Four-Way Intersection,Coarse Asphalt,2 lanes,"35.778381079, -78.6402426093"
4807,Charlotte,Mecklenburg,Piedmont,Residential,Urban (>70% Developed),NA,Urban,5 - 15 MPH,No Control Present,Clear,No,9,6-10,No,NA,Not Applicable,C: Possible Injury,Non-Roadway,White,Male,19,0-19,No,NA,0-5 mph,O: No Injury,White,Female,Sport Utility,No,08MAY2009,Friday,Non-Roadway,18,Non-Roadway,May,C: Possible Injury,18:49:00,Non-Roadway,2009,No,No,Daylight,Straight - Hillcrest,Public Vehicular Area,Dry,"Two-Way, Not Divided",None,"Driveway, Private",Smooth Asphalt,NA,"35.1914018767, -80.7955432256"
4811,Raleigh,Wake,Piedmont,Residential,Urban (>70% Developed),NA,Urban,30 - 35  MPH,No Control Present,Clear,No,NA,NA,No,NA,Not Applicable,O: No Injury,Non-Roadway,Black,Male,NA,NA,Missing,NA,NA,Unknown Injury,Unknown/Missing,NA,Passenger Car,No,19APR2009,Sunday,Non-Roadway,16,Non-Roadway,April,O: No Injury,16:55:00,Non-Roadway,2009,No,No,Daylight,Straight - Level,Public Vehicular Area,Dry,"Two-Way, Not Divided",None,No Special Feature,Concrete,2 lanes,"35.8476140965, -78.5723365923"
4822,Huntersville,Mecklenburg,Piedmont,Residential,Mixed (30% To 70% Developed),NA,Urban,40 - 45  MPH,"Double Yellow Line, No Passing Zone",Clear,No,39,30-39,No,NA,With Traffic,C: Possible Injury,Travel Lane,White,Male,37,30-39,No,NA,NA,O: No Injury,White,Female,NA,No,12MAY2009,Tuesday,Motorist Overtaking Bicyclist,19,Intersection,May,C: Possible Injury,19:56:00,Motorist Overtaking - Misjudged Space,2009,No,Yes,Daylight,Straight - Grade,NC Route,Dry,"Two-Way, Not Divided",None,No Special Feature,Smooth Asphalt,2 lanes,"35.3987169188, -80.8382232503"
4823,None - Rural Crash,Brunswick,Coastal,Commercial,Urban (>70% Developed),NA,Rural,40 - 45  MPH,"Double Yellow Line, No Passing Zone",Cloudy,No,13,11-15,No,NA,With Traffic,C: Possible Injury,Travel Lane,Hispanic,Male,20,20-24,No,NA,41-45 mph,O: No Injury,White,Female,Van,No,25MAY2009,Monday,Bicyclist Left Turn / Merge,16,Non-Intersection,May,C: Possible Injury,16:00:00,Bicyclist Left Turn - Same Direction,2009,Yes,No,Daylight,Straight - Level,NC Route,Dry,"Two-Way, Not Divided",None,"Driveway, Public",Coarse Asphalt,2 lanes,"33.8997106743, -78.4629124623"
4824,Charlotte,Mecklenburg,Piedmont,Residential,Urban (>70% Developed),NA,Urban,40 - 45  MPH,No Control Present,Clear,No,4,0-5,No,NA,With Traffic,B: Evident Injury,Travel Lane,Black,Male,63,60-69,No,NA,41-45 mph,O: No Injury,White,Male,Passenger Car,No,11MAY2009,Monday,Crossing Paths - Other Circumstances,16,Intersection-Related,May,B: Evident Injury,16:25:00,Crossing Paths - Uncontrolled Intersection,2009,Yes,No,Daylight,Straight - Level,Local Street,Dry,"Two-Way, Not Divided",None,No Special Feature,Coarse Asphalt,2 lanes,"35.296276897, -80.839633245"
4832,Conover,Catawba,Piedmont,Commercial,Urban (>70% Developed),NA,Urban,40 - 45  MPH,No Control Present,Clear,No,44,40-49,No,NA,With Traffic,B: Evident Injury,Travel Lane,White,Male,19,0-19,No,NA,41-45 mph,O: No Injury,White,Male,Pickup,No,31MAY2009,Sunday,Motorist Overtaking Bicyclist,18,Non-Intersection,May,B: Evident Injury,18:26:00,Motorist Overtaking - Other / Unknown,2009,Yes,No,Daylight,Straight - Level,Local Street,Dry,"Two-Way, Not Divided",None,No Special Feature,Smooth Asphalt,2 lanes,"35.7188519733, -81.1926633734"
4834,Rocky Mount,Edgecombe,Coastal,Residential,Urban (>70% Developed),NA,Urban,30 - 35  MPH,Stop Sign,Clear,No,54,50-59,Yes,NA,With Traffic,C: Possible Injury,Travel Lane,Black,Male,35,30-39,No,NA,26-30 mph,O: No Injury,Black,Female,Passenger Car,Yes,03APR2009,Friday,Bicyclist Failed to Yield - Sign-Controlled Intersection,14,Intersection,April,C: Possible Injury,14:08:00,Bicyclist Ride Out - Sign-Controlled Intersection,2009,No,No,Daylight,Straight - Level,Local Street,Dry,"Two-Way, Not Divided",None,No Special Feature,Smooth Asphalt,4 lanes,"35.9465941455, -77.7881223587"
4837,Shelby,Cleveland,Mountains,Residential,Urban (>70% Developed),NA,Urban,30 - 35  MPH,No Control Present,Clear,No,8,6-10,No,NA,Not Applicable,B: Evident Injury,NA,Black,Male,32,30-39,No,NA,6-10 mph,O: No Injury,Black,Female,Passenger Car,No,19MAY2009,Tuesday,Bicyclist Failed to Yield - Midblock,19,Non-Intersection,May,B: Evident Injury,19:30:00,Multiple Threat - Midblock,2009,Yes,No,Daylight,Curve - Grade,Local Street,Dry,"Two-Way, Not Divided",None,No Special Feature,Coarse Asphalt,2 lanes,"35.3095368743, -81.5309934513"
4842,None - Rural Crash,Orange,Piedmont,"Farms, Woods, Pastures",Rural (<30% Developed),NA,Rural,40 - 45  MPH,"Double Yellow Line, No Passing Zone",Clear,No,64,60-69,No,NA,With Traffic,C: Possible Injury,Bike Lane / Paved Shoulder,White,Male,NA,NA,No,NA,36-40 mph,Unknown Injury,Unknown/Missing,NA,NA,No,02JUN2009,Tuesday,Loss of Control / Turning Error,9,Non-Intersection,June,C: Possible Injury,09:13:00,Motorist Lost Control - Other / Unknown,2009,No,Yes,Daylight,Straight - Level,NC Route,Dry,"Two-Way, Not Divided",None,No Special Feature,Smooth Asphalt,2 lanes,"35.921863093, -79.1078627587"
4843,None - Rural Crash,Chowan,Coastal,"Farms, Woods, Pastures",Rural (<30% Developed),NA,Rural,40 - 45  MPH,"Double Yellow Line, No Passing Zone",Clear,No,36,30-39,No,NA,With Traffic,O: No Injury,Bike Lane / Paved Shoulder,White,Female,59,50-59,No,NA,31-35 mph,O: No Injury,Black,Male,Pickup,No,01JUN2009,Monday,Motorist Overtaking Bicyclist,11,Non-Intersection,June,O: No Injury,11:22:00,Motorist Overtaking - Misjudged Space,2009,No,No,Daylight,Straight - Level,State Secondary Route,Dry,"Two-Way, Not Divided",None,No Special Feature,Smooth Asphalt,2 lanes,"36.0703772104, -76.6461120164"
4846,Oak Island,Brunswick,Coastal,Residential,Urban (>70% Developed),NA,Urban,30 - 35  MPH,No Control Present,Clear,No,5,0-5,No,NA,With Traffic,B: Evident Injury,Travel Lane,White,Female,28,25-29,No,NA,36-40 mph,O: No Injury,White,Female,Sport Utility,No,17MAY2009,Sunday,Bicyclist Failed to Yield - Midblock,12,Non-Intersection,May,B: Evident Injury,12:10:00,Bicyclist Ride Out - Other Midblock,2009,Yes,No,Daylight,Straight - Level,Local Street,Dry,"Two-Way, Not Divided",None,No Special Feature,Smooth Asphalt,2 lanes,"33.9203406904, -78.1286263618"
4848,Greenville,Pitt,Coastal,Commercial,Urban (>70% Developed),NA,Urban,30 - 35  MPH,Stop Sign,Cloudy,No,54,50-59,No,NA,Facing Traffic,K: Killed,Sidewalk / Crosswalk / Driveway Crossing,Black,Male,26,25-29,No,NA,NA,O: No Injury,White,Male,Other Bus,No,26MAR2009,Thursday,Motorist Failed to Yield - Sign-Controlled Intersection,12,Intersection,March,K: Killed,12:53:00,Motorist Drive Out - Sign-Controlled Intersection,2009,Yes,No,Daylight,Straight - Level,State Secondary Route,Wet,"Two-Way, Not Divided",None,Four-Way Intersection,Smooth Asphalt,5 lanes,"35.6052050859, -77.3691222138"
4849,High Point,Guilford,Piedmont,Commercial,Urban (>70% Developed),NA,Urban,30 - 35  MPH,Stop Sign,Cloudy,No,42,40-49,No,NA,With Traffic,B: Evident Injury,Travel Lane,Black,Male,18,0-19,No,NA,31-35 mph,O: No Injury,White,Male,Passenger Car,No,15MAY2009,Friday,Motorist Left Turn / Merge,22,Intersection,May,B: Evident Injury,22:39:00,Motorist Left Turn - Opposite Direction,2009,Yes,No,Dark - Lighted Roadway,Straight - Level,Local Street,Dry,"Two-Way, Not Divided",None,No Special Feature,Coarse Asphalt,2 lanes,"35.9878990735, -80.0249430392"
4855,None - Rural Crash,Halifax,Coastal,Residential,Mixed (30% To 70% Developed),NA,Rural,40 - 45  MPH,No Control Present,Clear,No,12,11-15,No,NA,Not Applicable,B: Evident Injury,Travel Lane,Black,Male,NA,NA,Missing,NA,11-15 mph,Unknown Injury,Unknown/Missing,NA,NA,No,22MAY2009,Friday,Motorist Left Turn / Merge,16,Non-Intersection,May,B: Evident Injury,16:11:00,Motorist Left Turn - Same Direction,2009,Yes,Yes,Daylight,Straight - Level,State Secondary Route,Dry,"Two-Way, Divided, Unprotected Median",None,T-Intersection,Smooth Asphalt,3 lanes,"36.4680672596, -77.6900273573"
4861,Benson,Johnston,Coastal,Commercial,Mixed (30% To 70% Developed),NA,Rural,30 - 35  MPH,Stop And Go Signal,Clear,No,23,20-24,Yes,NA,Facing Traffic,C: Possible Injury,Other,Black,Male,49,40-49,No,NA,0-5 mph,O: No Injury,Black,Male,Passenger Car,Yes,20MAY2009,Wednesday,Crossing Paths - Other Circumstances,7,Intersection,May,C: Possible Injury,07:35:00,Signalized Intersection - Other / Unknown,2009,Yes,No,Daylight,Straight - Level,Local Street,Dry,"Two-Way, Not Divided",None,Four-Way Intersection,Smooth Asphalt,2 lanes,"35.380682997, -78.5467925604"
4865,None - Rural Crash,Guilford,Piedmont,"Farms, Woods, Pastures",Rural (<30% Developed),NA,Rural,40 - 45  MPH,"Double Yellow Line, No Passing Zone",Cloudy,No,42,40-49,No,NA,With Traffic,B: Evident Injury,Travel Lane,White,Male,70+,70+,No,NA,41-45 mph,O: No Injury,White,Female,Passenger Car,No,24MAY2009,Sunday,Motorist Overtaking Bicyclist,9,Non-Intersection,May,B: Evident Injury,09:37:00,Motorist Overtaking - Misjudged Space,2009,Yes,No,Daylight,Straight - Level,NC Route,Wet,"Two-Way, Not Divided",None,No Special Feature,Smooth Asphalt,2 lanes,"35.9233390636, -79.9390430088"