object_id,city,county,region,development,locality,on_road,rural_urban,speed_limit,traffic_control,weather,workzone,bike_age,bike_age_group,bike_alcohol,bike_alcohol_drugs,bike_direction,bike_injury,bike_position,bike_race,bike_sex,driver_age,driver_age_group,driver_alcohol,driver_alcohol_drugs,driver_est_speed,driver_injury,driver_race,driver_sex,driver_vehicle_type,crash_alcohol,crash_date,crash_day,crash_group,crash_hour,crash_location,crash_month,crash_severity,crash_time,crash_type,crash_year,ambulance_req,hit_run,light_condition,road_character,road_class,road_condition,road_configuration,road_defects,road_feature,road_surface,num_lanes,geo_point
4873,Southern Pines,Moore,Piedmont,Commercial,Urban (>70% Developed),NA,Urban,20 - 25  MPH,Stop Sign,Cloudy,No,18,16-19,No,NA,Facing Traffic,B: Evident Injury,Travel Lane,White,Male,70+,70+,No,NA,16-20 mph,O: No Injury,White,Female,Passenger Car,No,27MAY2009,Wednesday,Bicyclist Failed to Yield - Sign-Controlled Intersection,14,Intersection,May,B: Evident Injury,14:57:00,Bicyclist Ride Through - Sign-Controlled Intersection,2009,Yes,No,Daylight,Straight - Level,Local Street,Dry,"Two-Way, Divided, Positive Median Barrier",None,Four-Way Intersection,Coarse Asphalt,4 lanes,"35.1744529232, -79.3906028041"
4874,Asheville,Buncombe,Mountains,Institutional,Urban (>70% Developed),NA,Urban,30 - 35  MPH,Stop And Go Signal,Cloudy,No,57,50-59,No,NA,With Traffic,C: Possible Injury,Travel Lane,White,Male,57,50-59,No,NA,NA,O: No Injury,White,Female,Passenger Car,No,28MAY2009,Thursday,Bicyclist Failed to Yield - Signalized Intersection,17,Intersection,May,C: Possible Injury,17:24:00,Bicyclist Ride Through - Signalized Intersection,2009,Yes,No,Daylight,Straight - Grade,US Route,Dry,"Two-Way, Not Divided",None,Four-Way Intersection,Smooth Asphalt,5 lanes,"35.5816908925, -82.5540737698"
4877,Gastonia,Gaston,Piedmont,Commercial,Urban (>70% Developed),NA,Urban,30 - 35  MPH,No Control Present,Clear,No,23,20-24,No,NA,Facing Traffic,C: Possible Injury,Sidewalk / Crosswalk / Driveway Crossing,White,Male,43,40-49,No,NA,0-5 mph,O: No Injury,Black,Male,Sport Utility,No,01JUN2009,Monday,Motorist Failed to Yield - Midblock,14,Non-Intersection,June,C: Possible Injury,14:15:00,Motorist Drive Out - Other Midblock,2009,Yes,No,Daylight,Straight - Grade,NC Route,Dry,"Two-Way, Not Divided",None,No Special Feature,Smooth Asphalt,6 lanes,"35.2623568777, -81.1767683429"
4891,Elizabeth City,Pasquotank,Coastal,Residential,Mixed (30% To 70% Developed),NA,Urban,30 - 35  MPH,Stop And Go Signal,Clear,No,44,40-49,No,NA,NA,C: Possible Injury,NA,Black,Male,37,30-39,No,NA,21-25 mph,O: No Injury,White,Male,Van,No,02JUN2009,Tuesday,Other / Unknown - Insufficient Details,5,Intersection,June,C: Possible Injury,05:17:00,Unknown Approach Paths,2009,Yes,No,Daylight,Straight - Grade,Local Street,Wet,"Two-Way, Divided, Unprotected Median",None,No Special Feature,Smooth Asphalt,4 lanes,"36.3013802745, -76.2192618967"
4897,Morehead City,Carteret,Coastal,Commercial,Urban (>70% Developed),NA,Urban,30 - 35  MPH,Stop And Go Signal,Clear,No,18,16-19,No,NA,With Traffic,C: Possible Injury,Travel Lane,White,Male,64,60-69,No,NA,21-25 mph,O: No Injury,White,Female,Sport Utility,No,20MAY2009,Wednesday,Bicyclist Failed to Yield - Signalized Intersection,8,Intersection,May,C: Possible Injury,08:42:00,Bicyclist Ride Out - Signalized  Intersection,2009,Yes,No,Daylight,Straight - Level,US Route,Dry,"Two-Way, Divided, Unprotected Median",None,Four-Way Intersection,Smooth Asphalt,2 lanes,"34.724456913, -76.7535919828"
4899,Angier,Harnett,Coastal,Residential,Mixed (30% To 70% Developed),NA,Rural,40 - 45  MPH,Stop Sign,Clear,No,38,30-39,Yes,NA,Not Applicable,O: No Injury,NA,Other,Male,68,60-69,No,NA,41-45 mph,B: Evident Injury,White,Female,Motorcycle,Yes,07JUN2009,Sunday,Bicyclist Failed to Yield - Midblock,18,Non-Intersection,June,B: Evident Injury,18:25:00,Bicyclist Ride Out - Midblock - Unknown,2009,Yes,No,Daylight,Curve - Level,NC Route,Dry,"Two-Way, Not Divided",None,T-Intersection,Smooth Asphalt,2 lanes,"35.4942540144, -78.7386226237"
4900,Greensboro,Guilford,Piedmont,Commercial,Urban (>70% Developed),NA,Urban,30 - 35  MPH,No Control Present,Clear,No,46,40-49,Yes,NA,With Traffic,C: Possible Injury,Travel Lane,Black,Male,NA,NA,Missing,NA,31-35 mph,Unknown Injury,Unknown/Missing,NA,Passenger Car,Yes,08JUN2009,Monday,Motorist Overtaking Bicyclist,23,Non-Intersection,June,C: Possible Injury,23:31:00,Motorist Overtaking - Undetected Bicyclist,2009,Yes,Yes,Dark - Lighted Roadway,Straight - Level,Local Street,Dry,"Two-Way, Not Divided",None,No Special Feature,Smooth Asphalt,4 lanes,"36.0633770981, -79.8064829773"
4923,Chapel Hill,Orange,Piedmont,"Farms, Woods, Pastures",Mixed (30% To 70% Developed),NA,Urban,30 - 35  MPH,"Double Yellow Line, No Passing Zone",Clear,No,45,40-49,No,NA,With Traffic,C: Possible Injury,Bike Lane / Paved Shoulder,White,Male,NA,NA,Missing,NA,NA,Unknown Injury,Unknown/Missing,NA,Van,No,18JUN2009,Thursday,Bicyclist Overtaking Motorist,17,Non-Intersection,June,C: Possible Injury,17:27:00,Bicyclist Overtaking - Other / Unknown,2009,Yes,No,Daylight,Straight - Level,Local Street,Dry,"Two-Way, Not Divided",None,No Special Feature,Smooth Asphalt,2 lanes,"35.9312010971, -79.0625427456"
4926,Rocky Mount,Nash,Coastal,Residential,Urban (>70% Developed),NA,Urban,30 - 35  MPH,No Control Present,Clear,No,15,11-15,No,NA,Not Applicable,A: Disabling Injury,Sidewalk / Crosswalk / Driveway Crossing,Black,Male,40,40-49,No,NA,31-35 mph,O: No Injury,Black,Female,Passenger Car,No,31MAY2009,Sunday,Crossing Paths - Other Circumstances,17,Non-Intersection,May,A: Disabling Injury,17:15:00,Crossing Paths - Midblock - Other / Unknown,2009,Yes,No,Daylight,Straight - Level,Local Street,Dry,"One-Way, Not Divided",None,Underpass,Coarse Asphalt,2 lanes,"35.9611371475, -77.8052223656"
4930,None - Rural Crash,Wake,Piedmont,"Farms, Woods, Pastures",Rural (<30% Developed),NA,Rural,40 - 45  MPH,"Double Yellow Line, No Passing Zone",Clear,No,42,40-49,No,NA,With Traffic,B: Evident Injury,Travel Lane,White,Male,27,25-29,No,NA,41-45 mph,O: No Injury,White,Male,Passenger Car,No,30JUN2009,Tuesday,Bicyclist Right Turn / Merge,18,Intersection,June,B: Evident Injury,18:30:00,Bicyclist Right Turn - Same Direction,2009,No,No,Daylight,Straight - Grade,State Secondary Route,Dry,"Two-Way, Not Divided",None,T-Intersection,Coarse Asphalt,2 lanes,"35.654922043, -78.925837689"
4934,Holly Springs,Wake,Piedmont,Commercial,Urban (>70% Developed),NA,Urban,30 - 35  MPH,No Control Present,Clear,No,9,6-10,No,NA,NA,B: Evident Injury,NA,White,Male,47,40-49,No,NA,26-30 mph,O: No Injury,White,Female,Passenger Car,No,03JUN2009,Wednesday,Bicyclist Failed to Yield - Midblock,17,Non-Intersection,June,B: Evident Injury,17:50:00,Bicyclist Ride Out - Midblock - Unknown,2009,No,No,Daylight,Straight - Level,Local Street,Dry,"Two-Way, Not Divided",None,Four-Way Intersection,Smooth Asphalt,2 lanes,"35.6570470471, -78.8099126544"
4936,High Point,Guilford,Piedmont,Commercial,Urban (>70% Developed),NA,Urban,30 - 35  MPH,Stop Sign,Cloudy,No,40,40-49,No,NA,Not Applicable,C: Possible Injury,Travel Lane,Black,Male,31,30-39,No,NA,0-5 mph,O: No Injury,Black,Female,Passenger Car,No,21JUN2009,Sunday,Motorist Failed to Yield - Midblock,14,Non-Intersection,June,C: Possible Injury,14:03:00,Motorist Drive Out - Commercial Driveway / Alley,2009,Yes,No,Daylight,Straight - Level,US Route,Dry,"Two-Way, Divided, Unprotected Median",None,T-Intersection,Smooth Asphalt,5 lanes,"35.9275810624, -79.987163024"
4938,Yadkinville,Yadkin,Mountains,Commercial,Urban (>70% Developed),NA,Rural,30 - 35  MPH,Stop And Go Signal,Clear,No,36,30-39,No,NA,With Traffic,B: Evident Injury,Travel Lane,White,Male,49,40-49,No,NA,0-5 mph,O: No Injury,White,Male,Sport Utility,No,01JUL2009,Wednesday,Motorist Overtaking Bicyclist,10,Intersection,July,B: Evident Injury,10:32:00,Motorist Overtaking - Other / Unknown,2009,Yes,No,Daylight,Straight - Hillcrest,Local Street,Dry,"Two-Way, Not Divided",None,Four-Way Intersection,Coarse Asphalt,2 lanes,"36.1430470829, -80.6664382397"
4942,None - Rural Crash,Wake,Piedmont,"Farms, Woods, Pastures",Rural (<30% Developed),NA,Rural,40 - 45  MPH,"Double Yellow Line, No Passing Zone",Clear,No,55,50-59,No,NA,With Traffic,C: Possible Injury,Travel Lane,White,Male,22,20-24,No,NA,41-45 mph,O: No Injury,White,Male,Pickup,No,28JUN2009,Sunday,Motorist Left Turn / Merge,20,Non-Intersection,June,C: Possible Injury,20:38:00,Motorist Left Turn - Opposite Direction,2009,Yes,No,Daylight,Straight - Level,State Secondary Route,Dry,"Two-Way, Not Divided",None,No Special Feature,Coarse Asphalt,2 lanes,"35.7923430904, -78.4124225411"
4945,Forest City,Rutherford,Mountains,Commercial,Urban (>70% Developed),NA,Urban,30 - 35  MPH,Stop And Go Signal,Cloudy,No,44,40-49,No,NA,With Traffic,B: Evident Injury,Sidewalk / Crosswalk / Driveway Crossing,White,Male,24,20-24,No,NA,31-35 mph,O: No Injury,White,Male,Pickup,No,19JUN2009,Friday,Motorist Right Turn / Merge,11,Intersection,June,B: Evident Injury,11:20:00,Motorist Right Turn - Same Direction,2009,No,No,Daylight,Straight - Level,Local Street,Dry,"Two-Way, Not Divided",None,Four-Way Intersection,Smooth Asphalt,3 lanes,"35.317496864, -81.8575435488"
4950,Carolina Beach,New Hanover,Coastal,Commercial,Urban (>70% Developed),NA,Urban,30 - 35  MPH,No Control Present,Clear,No,17,16-19,No,NA,Not Applicable,C: Possible Injury,Non-Roadway,White,Female,67,60-69,No,NA,31-35 mph,O: No Injury,White,Male,Passenger Car,No,18JUN2009,Thursday,Bicyclist Failed to Yield - Midblock,12,Non-Intersection,June,C: Possible Injury,12:38:00,Bicyclist Ride Out - Midblock - Unknown,2009,Yes,No,Daylight,Straight - Level,Local Street,Dry,"Two-Way, Not Divided",None,No Special Feature,Coarse Asphalt,4 lanes,"34.0408267247, -77.8958022971"
4961,None - Rural Crash,Richmond,Piedmont,Residential,Urban (>70% Developed),NA,Rural,30 - 35  MPH,"Double Yellow Line, No Passing Zone",Clear,No,48,40-49,No,NA,With Traffic,B: Evident Injury,Travel Lane,White,Male,22,20-24,No,NA,31-35 mph,Unknown Injury,White,Female,Passenger Car,No,04JUL2009,Saturday,Motorist Overtaking Bicyclist,19,Intersection,July,B: Evident Injury,19:30:00,Motorist Overtaking - Other / Unknown,2009,No,Yes,Daylight,Straight - Level,State Secondary Route,Dry,"Two-Way, Not Divided",None,T-Intersection,Smooth Asphalt,2 lanes,"34.9215008551, -79.7679329044"
4963,Fayetteville,Cumberland,Coastal,Residential,Urban (>70% Developed),NA,Urban,30 - 35  MPH,No Control Present,Clear,No,10,6-10,No,NA,With Traffic,B: Evident Injury,Travel Lane,Unknown/Missing,Male,39,30-39,No,NA,21-25 mph,O: No Injury,Black,Female,Sport Utility,No,24JUN2009,Wednesday,Bicyclist Failed to Yield - Sign-Controlled Intersection,16,Intersection,June,B: Evident Injury,16:30:00,Bicyclist Ride Through - Sign-Controlled Intersection,2009,No,No,Daylight,Straight - Level,State Secondary Route,Dry,"Two-Way, Not Divided",None,T-Intersection,Coarse Asphalt,2 lanes,"34.9937319002, -78.9318326562"
4969,Asheville,Buncombe,Mountains,Commercial,Urban (>70% Developed),NA,Urban,40 - 45  MPH,Stop And Go Signal,Clear,No,14,11-15,No,NA,With Traffic,B: Evident Injury,Travel Lane,White,Male,26,25-29,No,NA,41-45 mph,O: No Injury,White,Male,Passenger Car,No,29JUN2009,Monday,Bicyclist Failed to Yield - Signalized Intersection,18,Intersection,June,B: Evident Injury,18:17:00,Bicyclist Ride Through - Signalized Intersection,2009,No,No,Daylight,Straight - Level,US Route,Dry,"Two-Way, Divided, Positive Median Barrier",None,Four-Way Intersection,Concrete,8 lanes,"35.5866168926, -82.5918837811"
4979,None - Rural Crash,New Hanover,Coastal,Residential,Urban (>70% Developed),NA,Rural,50 - 55  MPH,Stop Sign,Cloudy,No,36,30-39,No,NA,Facing Traffic,C: Possible Injury,Travel Lane,Black,Male,48,40-49,No,NA,0-5 mph,O: No Injury,White,Female,Passenger Car,No,07JUL2009,Tuesday,Motorist Failed to Yield - Sign-Controlled Intersection,15,Intersection,July,C: Possible Injury,15:45:00,Motorist Drive Out - Sign-Controlled Intersection,2009,Yes,No,Daylight,Straight - Level,US Route,Dry,"Two-Way, Divided, Unprotected Median",None,T-Intersection,Coarse Asphalt,4 lanes,"34.0948587363, -77.897842301"
4990,Rocky Mount,Nash,Coastal,Residential,Urban (>70% Developed),NA,Urban,30 - 35  MPH,Stop Sign,Clear,No,13,11-15,No,NA,With Traffic,C: Possible Injury,Sidewalk / Crosswalk / Driveway Crossing,Black,Male,27,25-29,No,NA,16-20 mph,O: No Injury,White,Female,Sport Utility,No,07JUN2009,Sunday,Motorist Overtaking Bicyclist,16,Intersection,June,C: Possible Injury,16:52:00,Motorist Overtaking - Other / Unknown,2009,No,No,Daylight,Straight - Level,Local Street,Dry,"Two-Way, Not Divided",None,Four-Way Intersection,Smooth Asphalt,4 lanes,"35.9266871403, -77.8048883629"
4997,Raleigh,Wake,Piedmont,Commercial,Urban (>70% Developed),NA,Urban,20 - 25  MPH,Stop And Go Signal,Clear,No,22,20-24,No,NA,With Traffic,B: Evident Injury,Travel Lane,White,Male,25,25-29,Yes,NA,11-15 mph,O: No Injury,White,Male,Sport Utility,Yes,26JUN2009,Friday,Crossing Paths - Other Circumstances,22,Intersection,June,B: Evident Injury,22:43:00,Crossing Paths - Intersection - Other / Unknown,2009,Yes,No,Dark - Lighted Roadway,Straight - Bottom,Local Street,Dry,"Two-Way, Not Divided",None,Four-Way Intersection,Smooth Asphalt,6 lanes,"35.7862310803, -78.6472526117"
4998,Duck,Dare,Coastal,Residential,Mixed (30% To 70% Developed),NA,Rural,5 - 15 MPH,Stop Sign,Clear,No,31,30-39,No,NA,NA,C: Possible Injury,Multi-use Path,White,Female,29,25-29,No,NA,0-5 mph,O: No Injury,White,Male,Passenger Car,No,10JUL2009,Friday,Motorist Failed to Yield - Sign-Controlled Intersection,9,Intersection,July,C: Possible Injury,09:56:00,Motorist Drive Out - Sign-Controlled Intersection,2009,Yes,No,Daylight,Straight - Level,Local Street,Dry,"Two-Way, Not Divided",None,No Special Feature,Coarse Asphalt,2 lanes,"36.1569212586, -75.7472117443"
4999,Fayetteville,Cumberland,Coastal,Commercial,Urban (>70% Developed),NA,Urban,40 - 45  MPH,No Control Present,Clear,No,54,50-59,Yes,NA,Not Applicable,B: Evident Injury,NA,Black,Male,29,25-29,No,NA,46-50 mph,C: Possible Injury,White,Male,Passenger Car,Yes,11JUL2009,Saturday,Bicyclist Failed to Yield - Midblock,0,Non-Intersection,July,B: Evident Injury,00:42:00,Bicyclist Ride Out - Other Midblock,2009,Yes,No,Dark - Lighted Roadway,Straight - Level,Local Street,Dry,"Two-Way, Divided, Positive Median Barrier",None,No Special Feature,Smooth Asphalt,3 lanes,"35.0994369222, -78.9574226693"
5001,None - Rural Crash,Guilford,Piedmont,Commercial,Mixed (30% To 70% Developed),NA,Rural,40 - 45  MPH,"Double Yellow Line, No Passing Zone",Clear,No,41,40-49,No,NA,With Traffic,C: Possible Injury,Travel Lane,White,Male,53,50-59,No,NA,0-5 mph,O: No Injury,Black,Female,Passenger Car,No,26JUL2009,Sunday,Motorist Failed to Yield - Sign-Controlled Intersection,10,Intersection,July,C: Possible Injury,10:42:00,Motorist Drive Out - Sign-Controlled Intersection,2009,Yes,No,Daylight,Straight - Level,State Secondary Route,Dry,"Two-Way, Not Divided",None,Four-Way Intersection,Smooth Asphalt,2 lanes,"36.128040115, -79.708086951"
5002,None - Rural Crash,Pitt,Coastal,"Farms, Woods, Pastures",Rural (<30% Developed),NA,Rural,50 - 55  MPH,No Control Present,Clear,No,14,11-15,No,NA,With Traffic,B: Evident Injury,Travel Lane,Black,Male,49,40-49,No,NA,46-50 mph,O: No Injury,White,Female,Sport Utility,No,15JUL2009,Wednesday,Motorist Overtaking Bicyclist,14,Non-Intersection,July,B: Evident Injury,14:33:00,Motorist Overtaking - Bicyclist Swerved,2009,Yes,No,Daylight,Straight - Level,State Secondary Route,Dry,"Two-Way, Not Divided",None,No Special Feature,Coarse Asphalt,2 lanes,"35.5262470702, -77.3111721918"
5016,Winston-Salem,Forsyth,Piedmont,Commercial,Urban (>70% Developed),NA,Urban,60 - 75 MPH,No Control Present,Clear,No,14,11-15,No,NA,With Traffic,K: Killed,Travel Lane,White,Male,18,0-19,No,NA,56-60 mph,O: No Injury,Hispanic,Female,Passenger Car,No,12JUL2009,Sunday,Motorist Overtaking Bicyclist,7,Non-Intersection,July,K: Killed,07:30:00,Motorist Overtaking - Other / Unknown,2009,Yes,No,Dark - Roadway Not Lighted,Straight - Level,US Route,Dry,"Two-Way, Divided, Unprotected Median",None,No Special Feature,Smooth Asphalt,2 lanes,"36.0501210828, -80.1310130744"
5019,Hickory,Catawba,Piedmont,Residential,Urban (>70% Developed),NA,Urban,30 - 35  MPH,Stop Sign,Cloudy,No,14,11-15,No,NA,Facing Traffic,B: Evident Injury,Travel Lane,White,Male,19,0-19,No,NA,31-35 mph,O: No Injury,White,Female,Passenger Car,No,22JUL2009,Wednesday,Bicyclist Failed to Yield - Sign-Controlled Intersection,18,Intersection,July,B: Evident Injury,18:03:00,Bicyclist Ride Through - Sign-Controlled Intersection,2009,Yes,No,Daylight,Straight - Grade,Local Street,Wet,"Two-Way, Not Divided",None,Related To Intersection,Smooth Asphalt,2 lanes,"35.7282869692, -81.3701934273"
5022,None - Rural Crash,Cumberland,Coastal,"Farms, Woods, Pastures",Mixed (30% To 70% Developed),NA,Rural,40 - 45  MPH,"Double Yellow Line, No Passing Zone",Cloudy,No,28,25-29,No,NA,Facing Traffic,C: Possible Injury,Travel Lane,White,Male,30,30-39,No,NA,41-45 mph,O: No Injury,White,Male,Sport Utility,No,02AUG2009,Sunday,Motorist Overtaking Bicyclist,3,Non-Intersection,August,C: Possible Injury,03:30:00,Motorist Overtaking - Bicyclist Swerved,2009,Yes,No,Dark - Roadway Not Lighted,Curve - Level,State Secondary Route,Dry,"Two-Way, Not Divided",None,No Special Feature,Coarse Asphalt,2 lanes,"34.9818968956, -78.9735426686"
5024,Kill Devil Hills,Dare,Coastal,Residential,Urban (>70% Developed),NA,Urban,20 - 25  MPH,No Control Present,Clear,No,11,11-15,No,NA,Not Applicable,B: Evident Injury,Non-Roadway,White,Male,50,50-59,No,NA,11-15 mph,O: No Injury,White,Male,"Light Truck (Mini-Van, Panel)",No,19JUL2009,Sunday,Bicyclist Failed to Yield - Midblock,14,Non-Intersection,July,B: Evident Injury,14:42:00,Bicyclist Ride Out - Other Midblock,2009,No,No,Daylight,Straight - Level,Local Street,Dry,"Two-Way, Not Divided",None,No Special Feature,Coarse Asphalt,2 lanes,"36.0240212326, -75.6729917151"
5039,None - Rural Crash,New Hanover,Coastal,"Farms, Woods, Pastures",Rural (<30% Developed),NA,Rural,40 - 45  MPH,No Control Present,Clear,No,68,60-69,No,NA,Facing Traffic,C: Possible Injury,Travel Lane,White,Male,63,60-69,No,NA,0-5 mph,O: No Injury,White,Male,Passenger Car,No,31JUL2009,Friday,Motorist Failed to Yield - Midblock,16,Non-Intersection,July,C: Possible Injury,16:00:00,Motorist Drive Out - Other Midblock,2009,Yes,No,Daylight,Straight - Level,US Route,Dry,"Two-Way, Divided, Unprotected Median",None,T-Intersection,Smooth Asphalt,5 lanes,"34.2665267769, -77.8246322872"
5043,Charlotte,Mecklenburg,Piedmont,Residential,Urban (>70% Developed),NA,Urban,30 - 35  MPH,No Control Present,Cloudy,No,48,40-49,Yes,NA,With Traffic,B: Evident Injury,Travel Lane,Black,Male,32,30-39,No,NA,11-15 mph,O: No Injury,White,Female,Passenger Car,Yes,31JUL2009,Friday,Crossing Paths - Other Circumstances,21,Intersection,July,B: Evident Injury,21:53:00,Crossing Paths - Intersection - Other / Unknown,2009,No,No,Dark - Lighted Roadway,Straight - Level,Local Street,Wet,"Two-Way, Not Divided",None,Four-Way Intersection,Smooth Asphalt,2 lanes,"35.2447498856, -80.8648432489"
5044,Charlotte,Mecklenburg,Piedmont,Commercial,Urban (>70% Developed),NA,Urban,30 - 35  MPH,No Control Present,Clear,No,14,11-15,No,NA,Not Applicable,C: Possible Injury,Non-Roadway,Black,Female,62,60-69,No,NA,0-5 mph,O: No Injury,White,Male,Sport Utility,No,30JUL2009,Thursday,Non-Roadway,11,Non-Roadway,July,C: Possible Injury,11:15:00,Non-Roadway,2009,Yes,No,Daylight,Straight - Grade,Public Vehicular Area,Dry,"One-Way, Not Divided",None,"Driveway, Public",Smooth Asphalt,NA,"35.2211338818, -80.8181232343"
5045,Charlotte,Mecklenburg,Piedmont,Commercial,Urban (>70% Developed),NA,Urban,40 - 45  MPH,No Control Present,Cloudy,No,54,50-59,No,NA,With Traffic,C: Possible Injury,Travel Lane,White,Male,70+,70+,No,NA,41-45 mph,O: No Injury,White,Male,Passenger Car,No,01AUG2009,Saturday,Motorist Overtaking Bicyclist,10,Non-Intersection,August,C: Possible Injury,10:23:00,Motorist Overtaking - Undetected Bicyclist,2009,Yes,No,Daylight,Straight - Grade,Local Street,Dry,"Two-Way, Divided, Unprotected Median",None,No Special Feature,Smooth Asphalt,4 lanes,"35.0934288565, -80.7764732142"
5048,Apex,Wake,Piedmont,Residential,Urban (>70% Developed),NA,Urban,40 - 45  MPH,No Control Present,Clear,No,51,50-59,No,NA,With Traffic,K: Killed,Travel Lane,White,Male,29,25-29,No,NA,36-40 mph,O: No Injury,Black,Male,Passenger Car,No,11JUL2009,Saturday,Bicyclist Left Turn / Merge,11,Intersection,July,K: Killed,11:25:00,Bicyclist Left Turn - Opposite Direction,2009,Yes,No,Daylight,Straight - Level,Local Street,Dry,"Two-Way, Not Divided",None,T-Intersection,Grooved Concrete,3 lanes,"35.7215000595, -78.8649726746"
5049,None - Rural Crash,Sampson,Coastal,Residential,Mixed (30% To 70% Developed),NA,Rural,40 - 45  MPH,"Double Yellow Line, No Passing Zone",Clear,No,12,11-15,No,NA,With Traffic,C: Possible Injury,Travel Lane,White,Male,48,40-49,No,NA,41-45 mph,O: No Injury,Black,Male,Van,No,10AUG2009,Monday,Motorist Overtaking Bicyclist,14,Non-Intersection,August,C: Possible Injury,14:51:00,Motorist Overtaking - Bicyclist Swerved,2009,No,No,Daylight,Straight - Level,US Route,Dry,"Two-Way, Not Divided",None,No Special Feature,Coarse Asphalt,2 lanes,"35.2429839668, -78.5507325545"
5050,Charlotte,Mecklenburg,Piedmont,Residential,Urban (>70% Developed),NA,Urban,30 - 35  MPH,Stop Sign,Clear,No,62,60-69,No,NA,With Traffic,B: Evident Injury,Bike Lane / Paved Shoulder,Black,Male,36,30-39,No,NA,0-5 mph,O: No Injury,White,Female,Passenger Car,No,03AUG2009,Monday,Motorist Failed to Yield - Sign-Controlled Intersection,7,Intersection,August,B: Evident Injury,07:15:00,Motorist Drive Out - Sign-Controlled Intersection,2009,No,No,Daylight,Straight - Level,Local Street,Dry,"Two-Way, Divided, Unprotected Median",None,T-Intersection,Smooth Asphalt,4 lanes,"35.3542769118, -80.7809172307"
5056,None - Rural Crash,Northampton,Coastal,"Farms, Woods, Pastures",Rural (<30% Developed),NA,Rural,50 - 55  MPH,No Control Present,Clear,No,43,40-49,No,NA,With Traffic,A: Disabling Injury,Bike Lane / Paved Shoulder,Black,Male,21,20-24,No,NA,51-55 mph,O: No Injury,Black,Female,Passenger Car,No,29JUL2009,Wednesday,Bicyclist Left Turn / Merge,10,Non-Intersection,July,A: Disabling Injury,10:55:00,Bicyclist Left Turn - Same Direction,2009,Yes,No,Daylight,Straight - Level,NC Route,Dry,"Two-Way, Not Divided",None,No Special Feature,Smooth Asphalt,2 lanes,"36.4590572628, -77.5383623101"
5060,Durham,Durham,Piedmont,Commercial,Urban (>70% Developed),NA,Urban,30 - 35  MPH,No Control Present,Clear,No,9,6-10,No,NA,Not Applicable,O: No Injury,Driveway / Alley,Black,Male,15,0-19,No,NA,21-25 mph,O: No Injury,Black,Female,Sport Utility,No,07AUG2009,Friday,Bicyclist Failed to Yield - Midblock,10,Non-Intersection,August,O: No Injury,10:09:00,Bicyclist Ride Out - Other Midblock,2009,No,No,Daylight,Straight - Grade,Local Street,Dry,"Two-Way, Not Divided",None,"Driveway, Public",Smooth Asphalt,3 lanes,"35.9933201161, -78.8860626953"
5069,Winston-Salem,Forsyth,Piedmont,Residential,Urban (>70% Developed),NA,Urban,20 - 25  MPH,Stop Sign,Clear,No,70+,70+,No,NA,Not Applicable,C: Possible Injury,NA,White,Female,70+,70+,No,NA,0-5 mph,O: No Injury,White,Female,Passenger Car,No,04AUG2009,Tuesday,Crossing Paths - Other Circumstances,0,Intersection,August,C: Possible Injury,00:09:00,Sign-Controlled Intersection - Other / Unknown,2009,Yes,No,Daylight,Straight - Level,Local Street,Dry,"Two-Way, Not Divided",None,No Special Feature,Smooth Asphalt,2 lanes,"36.105067089, -80.2793931217"
5072,Goldsboro,Wayne,Coastal,Commercial,Urban (>70% Developed),NA,Urban,NA,No Control Present,Clear,No,43,40-49,No,NA,Not Applicable,B: Evident Injury,Non-Roadway,White,Male,48,40-49,No,NA,0-5 mph,O: No Injury,White,Male,Passenger Car,No,08AUG2009,Saturday,Non-Roadway,10,Non-Roadway,August,B: Evident Injury,10:30:00,Non-Roadway,2009,Yes,No,Daylight,Straight - Level,Public Vehicular Area,Dry,"Two-Way, Not Divided",None,"Driveway, Public",Coarse Asphalt,NA,"35.3867910192, -77.9459123781"
5074,Asheville,Buncombe,Mountains,Residential,Urban (>70% Developed),NA,Urban,20 - 25  MPH,Other,Clear,No,9,6-10,No,NA,Facing Traffic,Unknown Injury,Travel Lane,Black,Male,42,40-49,No,NA,16-20 mph,O: No Injury,Black,Female,Passenger Car,No,05JUN2009,Friday,Crossing Paths - Other Circumstances,17,Intersection,June,C: Possible Injury,17:04:00,Crossing Paths - Intersection - Other / Unknown,2009,No,No,Daylight,Straight - Grade,Local Street,Dry,"Two-Way, Not Divided",None,Four-Way Intersection,Smooth Asphalt,2 lanes,"35.5674368886, -82.5785537752"
5078,None - Rural Crash,Burke,Mountains,"Farms, Woods, Pastures",Rural (<30% Developed),NA,Rural,40 - 45  MPH,"Double Yellow Line, No Passing Zone",Clear,No,59,50-59,No,NA,With Traffic,B: Evident Injury,Travel Lane,White,Male,70+,70+,No,NA,41-45 mph,O: No Injury,White,Male,Passenger Car,No,30JUL2009,Thursday,Motorist Overtaking Bicyclist,10,Non-Intersection,July,B: Evident Injury,10:50:00,Motorist Overtaking - Misjudged Space,2009,Yes,No,Daylight,Straight - Level,State Secondary Route,Dry,"Two-Way, Not Divided",None,No Special Feature,Smooth Asphalt,2 lanes,"35.742102969, -81.4489094507"
5081,Concord,Cabarrus,Piedmont,Commercial,Urban (>70% Developed),NA,Urban,30 - 35  MPH,Stop And Go Signal,Clear,No,15,11-15,No,NA,Facing Traffic,C: Possible Injury,Travel Lane,White,Male,32,30-39,No,NA,6-10 mph,O: No Injury,White,Female,Sport Utility,No,07AUG2009,Friday,Loss of Control / Turning Error,17,Intersection,August,C: Possible Injury,17:08:00,Bicyclist Lost Control - Mechanical Problems,2009,No,No,Daylight,Straight - Level,NC Route,Dry,"Two-Way, Not Divided",None,Related To Intersection,Smooth Asphalt,3 lanes,"35.4226869334, -80.5916031775"