object_id,city,county,region,development,locality,on_road,rural_urban,speed_limit,traffic_control,weather,workzone,bike_age,bike_age_group,bike_alcohol,bike_alcohol_drugs,bike_direction,bike_injury,bike_position,bike_race,bike_sex,driver_age,driver_age_group,driver_alcohol,driver_alcohol_drugs,driver_est_speed,driver_injury,driver_race,driver_sex,driver_vehicle_type,crash_alcohol,crash_date,crash_day,crash_group,crash_hour,crash_location,crash_month,crash_severity,crash_time,crash_type,crash_year,ambulance_req,hit_run,light_condition,road_character,road_class,road_condition,road_configuration,road_defects,road_feature,road_surface,num_lanes,geo_point
5083,Asheboro,Randolph,Piedmont,Commercial,Urban (>70% Developed),NA,Urban,30 - 35  MPH,No Control Present,Cloudy,No,20,20-24,No,NA,With Traffic,B: Evident Injury,Travel Lane,White,Male,19,0-19,No,NA,6-10 mph,O: No Injury,White,Male,NA,No,30JUL2009,Thursday,Motorist Overtaking Bicyclist,21,Non-Intersection,July,B: Evident Injury,21:21:00,Motorist Overtaking - Other / Unknown,2009,Yes,Yes,Dark - Lighted Roadway,Straight - Level,NC Route,Dry,"Two-Way, Not Divided",None,No Special Feature,Smooth Asphalt,3 lanes,"35.7086570224, -79.8200329618"
5085,None - Rural Crash,New Hanover,Coastal,Commercial,Mixed (30% To 70% Developed),NA,Rural,50 - 55  MPH,Stop Sign,Clear,No,17,16-19,No,NA,Facing Traffic,C: Possible Injury,Travel Lane,Black,Male,18,0-19,No,NA,16-20 mph,O: No Injury,White,Female,Sport Utility,No,23AUG2009,Sunday,Other / Unknown - Insufficient Details,22,Intersection,August,C: Possible Injury,22:07:00,Unknown Approach Paths,2009,Yes,No,Dark - Roadway Not Lighted,Straight - Level,US Route,Dry,"Two-Way, Divided, Unprotected Median",None,Four-Way Intersection,Coarse Asphalt,7 lanes,"34.1067867394, -77.8999523024"
5087,Raleigh,Wake,Piedmont,Commercial,Urban (>70% Developed),NA,Urban,30 - 35  MPH,Stop And Go Signal,Clear,No,52,50-59,No,NA,Facing Traffic,C: Possible Injury,NA,Hispanic,Male,20,20-24,No,NA,6-10 mph,O: No Injury,Black,Female,Passenger Car,No,08AUG2009,Saturday,Motorist Left Turn / Merge,15,Intersection,August,C: Possible Injury,15:03:00,Motorist Left Turn - Same Direction,2009,Yes,No,Daylight,Straight - Level,Local Street,Dry,"Two-Way, Divided, Unprotected Median",None,No Special Feature,Smooth Asphalt,2 lanes,"35.8305970913, -78.6189526058"
5094,Concord,Cabarrus,Piedmont,Residential,Mixed (30% To 70% Developed),NA,Urban,5 - 15 MPH,No Control Present,Clear,No,12,11-15,No,NA,With Traffic,C: Possible Injury,Sidewalk / Crosswalk / Driveway Crossing,Black,Male,34,30-39,No,NA,0-5 mph,O: No Injury,White,Female,Sport Utility,No,22AUG2009,Saturday,Motorist Right Turn / Merge,19,Non-Intersection,August,C: Possible Injury,19:30:00,Motorist Right Turn - Same Direction,2009,No,No,Daylight,Straight - Level,"Private Road, Driveway",Dry,"One-Way, Not Divided",None,No Special Feature,Coarse Asphalt,1 lane,"35.4401669356, -80.6272331885"
5097,None - Rural Crash,Robeson,Coastal,Residential,Mixed (30% To 70% Developed),NA,Rural,50 - 55  MPH,No Control Present,Clear,No,20,20-24,No,NA,Not Applicable,B: Evident Injury,NA,Native American,Male,34,30-39,No,NA,41-45 mph,B: Evident Injury,Native American,Male,Motorcycle,No,29AUG2009,Saturday,Bicyclist Failed to Yield - Midblock,17,Non-Intersection,August,B: Evident Injury,17:34:00,Bicyclist Ride Out - Midblock - Unknown,2009,Yes,No,Daylight,Straight - Level,State Secondary Route,Dry,"Two-Way, Not Divided",None,No Special Feature,Coarse Asphalt,2 lanes,"34.8333508595, -79.0834126943"
5100,Rockingham,Richmond,Piedmont,Residential,Urban (>70% Developed),NA,Urban,30 - 35  MPH,Stop Sign,Clear,No,22,20-24,No,NA,With Traffic,B: Evident Injury,Travel Lane,White,Male,29,25-29,No,NA,21-25 mph,O: No Injury,White,Male,Van,No,23AUG2009,Sunday,Bicyclist Failed to Yield - Sign-Controlled Intersection,18,Intersection,August,B: Evident Injury,18:10:00,Bicyclist Ride Through - Sign-Controlled Intersection,2009,Yes,No,Daylight,Straight - Hillcrest,Local Street,Dry,"Two-Way, Not Divided",None,Four-Way Intersection,Smooth Asphalt,2 lanes,"34.9445028594, -79.7807129097"
5103,None - Rural Crash,Durham,Piedmont,Residential,Mixed (30% To 70% Developed),NA,Rural,40 - 45  MPH,"Double Yellow Line, No Passing Zone",Clear,No,53,50-59,No,NA,With Traffic,B: Evident Injury,Travel Lane,White,Male,22,20-24,No,NA,41-45 mph,O: No Injury,Black,Male,Passenger Car,No,26AUG2009,Wednesday,Other / Unusual Circumstances,17,Non-Intersection,August,B: Evident Injury,17:41:00,Motorist Intentionally Caused,2009,Yes,Yes,Daylight,Straight - Level,State Secondary Route,Dry,"Two-Way, Not Divided",None,No Special Feature,Smooth Asphalt,2 lanes,"35.8802220881, -78.9966427226"
5107,Durham,Durham,Piedmont,Commercial,Urban (>70% Developed),NA,Urban,30 - 35  MPH,Stop And Go Signal,Clear,No,25,25-29,No,NA,Not Applicable,B: Evident Injury,NA,Black,Male,29,25-29,No,NA,11-15 mph,O: No Injury,Black,Female,Passenger Car,No,01SEP2009,Tuesday,Bicyclist Failed to Yield - Midblock,18,Non-Intersection,September,B: Evident Injury,18:37:00,Multiple Threat - Midblock,2009,No,No,Daylight,Straight - Level,Local Street,Dry,"Two-Way, Not Divided",None,No Special Feature,Smooth Asphalt,3 lanes,"35.9639701098, -78.9070426997"
5108,Greensboro,Guilford,Piedmont,Residential,Urban (>70% Developed),NA,Urban,40 - 45  MPH,No Control Present,Clear,No,51,50-59,No,NA,With Traffic,C: Possible Injury,Travel Lane,White,Male,43,40-49,No,NA,NA,Unknown Injury,White,Female,NA,No,23AUG2009,Sunday,Motorist Overtaking Bicyclist,17,Non-Intersection,August,C: Possible Injury,17:30:00,Motorist Overtaking - Other / Unknown,2009,No,Yes,Daylight,Straight - Level,Local Street,Dry,"Two-Way, Divided, Unprotected Median",None,No Special Feature,Smooth Asphalt,5 lanes,"36.1311601129, -79.7985729787"
5110,Greensboro,Guilford,Piedmont,Commercial,Urban (>70% Developed),NA,Urban,30 - 35  MPH,Stop Sign,Cloudy,No,15,11-15,No,NA,Facing Traffic,C: Possible Injury,Sidewalk / Crosswalk / Driveway Crossing,Unknown/Missing,Male,43,40-49,No,NA,0-5 mph,O: No Injury,White,Female,Passenger Car,No,19AUG2009,Wednesday,Motorist Failed to Yield - Midblock,20,Non-Intersection,August,C: Possible Injury,20:59:00,Motorist Drive Out - Commercial Driveway / Alley,2009,Yes,No,Dusk,Straight - Level,Local Street,Wet,"One-Way, Not Divided",None,T-Intersection,Smooth Asphalt,2 lanes,"36.0945571045, -79.8163929817"
5119,None - Rural Crash,Person,Piedmont,"Farms, Woods, Pastures",Rural (<30% Developed),NA,Rural,50 - 55  MPH,"Double Yellow Line, No Passing Zone",Cloudy,No,17,16-19,No,NA,With Traffic,C: Possible Injury,Travel Lane,White,Male,32,30-39,No,NA,51-55 mph,O: No Injury,Black,Male,Van,No,05AUG2009,Wednesday,Motorist Overtaking Bicyclist,19,Non-Intersection,August,C: Possible Injury,19:46:00,Motorist Overtaking - Bicyclist Swerved,2009,No,No,Daylight,Straight - Level,NC Route,Dry,"Two-Way, Not Divided",None,No Special Feature,Smooth Asphalt,2 lanes,"36.4346422039, -79.0556127707"
5121,Durham,Durham,Piedmont,Commercial,Mixed (30% To 70% Developed),NA,Urban,30 - 35  MPH,No Control Present,Clear,No,53,50-59,No,NA,Not Applicable,C: Possible Injury,NA,Black,Male,56,50-59,Missing,NA,0-5 mph,O: No Injury,White,Male,Pickup,No,04SEP2009,Friday,Head-On,13,Non-Intersection,September,C: Possible Injury,13:01:00,Head-On - Bicyclist,2009,Yes,No,Daylight,Straight - Level,Local Street,Dry,"Two-Way, Not Divided",None,No Special Feature,Smooth Asphalt,4 lanes,"36.050397128, -78.9036427038"
5124,Huntersville,Mecklenburg,Piedmont,Residential,Urban (>70% Developed),NA,Urban,20 - 25  MPH,"Double Yellow Line, No Passing Zone",Clear,No,17,16-19,No,NA,With Traffic,B: Evident Injury,Travel Lane,White,Male,NA,NA,Missing,NA,6-10 mph,Unknown Injury,Unknown/Missing,NA,NA,No,25AUG2009,Tuesday,Crossing Paths - Other Circumstances,17,Intersection,August,B: Evident Injury,17:59:00,Crossing Paths - Intersection - Other / Unknown,2009,No,Yes,Daylight,Straight - Level,Local Street,Dry,"Two-Way, Not Divided",None,No Special Feature,Smooth Asphalt,2 lanes,"35.4109639217, -80.8406532511"
5126,Selma,Johnston,Coastal,Commercial,Urban (>70% Developed),NA,Urban,NA,No Control Present,Clear,No,55,50-59,No,NA,Not Applicable,B: Evident Injury,Non-Roadway,Black,Male,18,0-19,No,NA,0-5 mph,O: No Injury,White,Male,Passenger Car,No,29AUG2009,Saturday,Non-Roadway,12,Non-Roadway,August,B: Evident Injury,12:07:00,Non-Roadway,2009,Yes,No,Daylight,Straight - Level,Public Vehicular Area,"Water (Standing, Moving)","Two-Way, Not Divided",None,No Special Feature,Smooth Asphalt,NA,"35.5341870394, -78.2864524889"
2929,Lumberton,Robeson,Coastal,Residential,Urban (>70% Developed),NA,Urban,40 - 45  MPH,Stop Sign,Cloudy,No,19,16-19,No,NA,With Traffic,B: Evident Injury,Travel Lane,Native American,Male,53,50-59,No,NA,41-45 mph,O: No Injury,White,Male,Passenger Car,No,27APR2011,Wednesday,Bicyclist Failed to Yield - Sign-Controlled Intersection,20,Intersection,April,B: Evident Injury,20:03:00,Bicyclist Ride Out - Sign-Controlled Intersection,2011,Yes,No,Daylight,Straight - Level,Local Street,Dry,"Two-Way, Not Divided",None,No Special Feature,Coarse Asphalt,2 lanes,"34.6103368146, -78.9729026497"
2931,None - Rural Crash,Orange,Piedmont,"Farms, Woods, Pastures",Rural (<30% Developed),NA,Rural,50 - 55  MPH,"Double Yellow Line, No Passing Zone",Clear,No,23,20-24,No,NA,With Traffic,A: Disabling Injury,Travel Lane,White,Female,25,25-29,No,NA,41-45 mph,O: No Injury,Black,Female,Passenger Car,No,14APR2011,Thursday,Motorist Right Turn / Merge,17,Intersection,April,A: Disabling Injury,17:26:00,Motorist Right Turn - Same Direction,2011,Yes,No,Daylight,Straight - Grade,State Secondary Route,Dry,"Two-Way, Not Divided",None,T-Intersection,Smooth Asphalt,2 lanes,"35.9470470974, -79.1304027669"
2934,Durham,Durham,Piedmont,Residential,Urban (>70% Developed),NA,Urban,30 - 35  MPH,No Control Present,Clear,No,21,20-24,No,NA,With Traffic,O: No Injury,Bike Lane / Paved Shoulder,White,Male,NA,NA,Missing,NA,26-30 mph,Unknown Injury,Unknown/Missing,NA,Passenger Car,No,27APR2011,Wednesday,Motorist Right Turn / Merge,7,Non-Intersection,April,O: No Injury,07:14:00,Motorist Right Turn - Same Direction,2011,No,Yes,Daylight,Straight - Level,Local Street,Dry,"Two-Way, Not Divided",None,No Special Feature,Coarse Asphalt,2 lanes,"36.017797119, -78.9578027183"
2936,Wrightsville Beach,New Hanover,Coastal,Residential,Urban (>70% Developed),NA,Rural,5 - 15 MPH,Stop Sign,Clear,No,30,30-39,No,NA,Facing Traffic,Unknown Injury,Travel Lane,White,Male,26,25-29,No,NA,NA,O: No Injury,White,Male,Van,No,18APR2011,Monday,Motorist Failed to Yield - Midblock,13,Non-Intersection,April,O: No Injury,13:40:00,Motorist Drive Out - Commercial Driveway / Alley,2011,No,No,Daylight,Straight - Level,US Route,Dry,"Two-Way, Divided, Unprotected Median",None,T-Intersection,Coarse Asphalt,5 lanes,"34.2138667663, -77.8058022784"
2939,None - Rural Crash,Durham,Piedmont,"Farms, Woods, Pastures",Mixed (30% To 70% Developed),NA,Rural,50 - 55  MPH,"Double Yellow Line, No Passing Zone",Clear,No,54,50-59,No,NA,With Traffic,C: Possible Injury,Travel Lane,White,Male,68,60-69,No,NA,46-50 mph,O: No Injury,White,Female,Van,No,29APR2011,Friday,Bicyclist Overtaking Motorist,13,Non-Intersection,April,C: Possible Injury,13:01:00,Bicyclist Overtaking - Passing on Right,2011,No,No,Daylight,Straight - Level,NC Route,Dry,"Two-Way, Not Divided",Work Zone,No Special Feature,Smooth Asphalt,2 lanes,"36.0871471351, -78.912902708"
2942,None - Rural Crash,Rockingham,Piedmont,"Farms, Woods, Pastures",Rural (<30% Developed),NA,Rural,50 - 55  MPH,"Double Yellow Line, No Passing Zone",Cloudy,No,37,30-39,No,NA,With Traffic,O: No Injury,Travel Lane,White,Male,38,30-39,No,NA,6-10 mph,O: No Injury,White,Male,Passenger Car,No,01MAY2011,Sunday,Bicyclist Right Turn / Merge,13,Intersection,May,O: No Injury,13:41:00,Bicyclist Right Turn - Same Direction,2011,No,No,Daylight,Straight - Level,State Secondary Route,Dry,"Two-Way, Not Divided",None,T-Intersection,Smooth Asphalt,2 lanes,"36.3090071427, -79.9934030468"
2945,Gastonia,Gaston,Piedmont,Commercial,Urban (>70% Developed),NA,Urban,30 - 35  MPH,Stop And Go Signal,Cloudy,No,18,16-19,No,NA,With Traffic,B: Evident Injury,Travel Lane,White,Male,47,40-49,No,NA,26-30 mph,O: No Injury,Black,Male,Passenger Car,No,15APR2011,Friday,Crossing Paths - Other Circumstances,14,Intersection,April,B: Evident Injury,14:51:00,Signalized Intersection - Other / Unknown,2011,Yes,No,Daylight,Straight - Grade,State Secondary Route,Dry,"Two-Way, Not Divided",None,Four-Way Intersection,Smooth Asphalt,3 lanes,"35.264296877, -81.2004033502"
2946,None - Rural Crash,Brunswick,Coastal,Commercial,Urban (>70% Developed),NA,Rural,NA,No Control Present,Clear,No,16,16-19,No,NA,Not Applicable,O: No Injury,Non-Roadway,White,Male,66,60-69,No,NA,0-5 mph,O: No Injury,White,Male,Van,No,20APR2011,Wednesday,Non-Roadway,18,Non-Roadway,April,O: No Injury,18:30:00,Non-Roadway,2011,Yes,No,Daylight,Straight - Level,Public Vehicular Area,Dry,NA,None,No Special Feature,Coarse Asphalt,NA,"33.9811166956, -78.3721024386"
2948,None - Rural Crash,Pitt,Coastal,"Farms, Woods, Pastures",Rural (<30% Developed),NA,Rural,50 - 55  MPH,No Control Present,Clear,No,45,40-49,No,NA,With Traffic,A: Disabling Injury,Travel Lane,White,Male,57,50-59,No,NA,41-45 mph,O: No Injury,White,Male,Pickup,No,29APR2011,Friday,Motorist Overtaking Bicyclist,19,Non-Intersection,April,A: Disabling Injury,19:12:00,Motorist Overtaking - Other / Unknown,2011,Yes,No,Daylight,Straight - Level,NC Route,Dry,"Two-Way, Not Divided",None,No Special Feature,Coarse Asphalt,2 lanes,"35.4715070565, -77.3906022141"
2954,Wilmington,New Hanover,Coastal,Residential,Urban (>70% Developed),NA,Urban,20 - 25  MPH,No Control Present,Clear,No,5,0-5,No,NA,With Traffic,B: Evident Injury,Travel Lane,Black,Male,NA,NA,Missing,NA,NA,Unknown Injury,Unknown/Missing,NA,NA,No,17APR2011,Sunday,Motorist Overtaking Bicyclist,17,Intersection-Related,April,B: Evident Injury,17:09:00,Motorist Overtaking - Other / Unknown,2011,Yes,Yes,Daylight,Straight - Level,Local Street,Dry,"Two-Way, Not Divided",None,No Special Feature,Coarse Asphalt,2 lanes,"34.2461867696, -77.9007023091"
2966,Winston-Salem,Forsyth,Piedmont,Residential,Urban (>70% Developed),NA,Urban,30 - 35  MPH,No Control Present,Rain,No,21,20-24,No,NA,With Traffic,B: Evident Injury,Travel Lane,White,Male,25,25-29,No,NA,0-5 mph,O: No Injury,White,Female,Sport Utility,No,27APR2011,Wednesday,Motorist Left Turn / Merge,13,Non-Intersection,April,B: Evident Injury,13:43:00,Motorist Left Turn - Opposite Direction,2011,Yes,No,Daylight,Straight - Level,Local Street,Wet,"Two-Way, Not Divided",None,"Driveway, Private",Coarse Asphalt,2 lanes,"36.127567093, -80.3002031291"
2970,Waynesville,Haywood,Mountains,Residential,Urban (>70% Developed),NA,Urban,20 - 25  MPH,No Control Present,Clear,No,17,16-19,No,NA,Not Applicable,C: Possible Injury,Non-Roadway,White,Female,43,40-49,No,NA,11-15 mph,O: No Injury,Native American,Female,Pickup,No,07APR2011,Thursday,Crossing Paths - Other Circumstances,19,Intersection-Related,April,C: Possible Injury,19:35:00,Crossing Paths - Uncontrolled Intersection,2011,Yes,No,Daylight,Straight - Level,Local Street,Dry,"Two-Way, Not Divided",None,No Special Feature,Smooth Asphalt,2 lanes,"35.4738368533, -82.9860038902"
2973,Clayton,Johnston,Coastal,Residential,Mixed (30% To 70% Developed),NA,Urban,20 - 25  MPH,No Control Present,Cloudy,No,5,0-5,No,NA,NA,B: Evident Injury,Travel Lane,White,Male,33,30-39,No,NA,6-10 mph,O: No Injury,White,Male,Pickup,No,26APR2011,Tuesday,Bicyclist Failed to Yield - Midblock,18,Non-Intersection,April,B: Evident Injury,18:14:00,Bicyclist Ride Out - Other Midblock,2011,Yes,No,Daylight,Straight - Level,Local Street,Dry,"Two-Way, Not Divided",None,No Special Feature,Smooth Asphalt,2 lanes,"35.6341870557, -78.440502541"
2977,Raleigh,Wake,Piedmont,Residential,Urban (>70% Developed),NA,Urban,30 - 35  MPH,Stop And Go Signal,Clear,No,48,40-49,No,NA,Facing Traffic,C: Possible Injury,Travel Lane,Black,Male,63,60-69,No,NA,31-35 mph,O: No Injury,Black,Female,Passenger Car,No,03MAY2011,Tuesday,Loss of Control / Turning Error,17,Intersection-Related,May,C: Possible Injury,17:53:00,Bicyclist Turning Error - Left Turn,2011,Yes,No,Daylight,Straight - Level,Local Street,Dry,"One-Way, Not Divided",None,No Special Feature,Smooth Asphalt,3 lanes,"35.7809070802, -78.6297026057"
2988,Morrisville,Wake,Piedmont,Commercial,Urban (>70% Developed),NA,Urban,40 - 45  MPH,No Control Present,Clear,Yes,29,25-29,No,NA,Facing Traffic,C: Possible Injury,Travel Lane,White,Male,59,50-59,No,NA,0-5 mph,O: No Injury,Black,Male,Sport Utility,No,11MAY2011,Wednesday,Motorist Failed to Yield - Midblock,11,Non-Intersection,May,C: Possible Injury,11:56:00,Motorist Drive Out - Commercial Driveway / Alley,2011,Yes,No,Daylight,Straight - Level,NC Route,Dry,"Two-Way, Not Divided",Work Zone,T-Intersection,Smooth Asphalt,3 lanes,"35.8071470789, -78.812102663"
2993,Charlotte,Mecklenburg,Piedmont,Commercial,Urban (>70% Developed),NA,Urban,5 - 15 MPH,No Control Present,Clear,No,34,30-39,No,NA,Facing Traffic,C: Possible Injury,Sidewalk / Crosswalk / Driveway Crossing,White,Male,30,30-39,No,NA,0-5 mph,O: No Injury,White,Female,Passenger Car,No,06MAY2011,Friday,Motorist Failed to Yield - Midblock,14,Non-Intersection,May,C: Possible Injury,14:01:00,Motorist Drive Out - Other Midblock,2011,Yes,No,Daylight,Straight - Level,Local Street,Dry,"Two-Way, Not Divided",None,No Special Feature,Smooth Asphalt,2 lanes,"35.2310168832, -80.8377032407"
2997,Charlotte,Mecklenburg,Piedmont,Residential,Urban (>70% Developed),NA,Urban,30 - 35  MPH,No Control Present,Clear,No,28,25-29,No,NA,With Traffic,B: Evident Injury,Travel Lane,White,Male,65,60-69,No,NA,31-35 mph,O: No Injury,Black,Female,Pickup,No,11MAY2011,Wednesday,Motorist Right Turn / Merge,19,Intersection,May,B: Evident Injury,19:36:00,Motorist Right Turn - Same Direction,2011,No,No,Daylight,Straight - Level,Local Street,Dry,"Two-Way, Not Divided",None,No Special Feature,Smooth Asphalt,2 lanes,"35.255306887, -80.8739032527"
2998,Charlotte,Mecklenburg,Piedmont,Residential,Urban (>70% Developed),NA,Urban,30 - 35  MPH,No Control Present,Clear,No,6,6-10,No,NA,Not Applicable,C: Possible Injury,NA,Hispanic,Male,47,40-49,No,NA,26-30 mph,O: No Injury,Hispanic,Female,Sport Utility,No,12MAY2011,Thursday,Crossing Paths - Other Circumstances,17,Intersection-Related,May,C: Possible Injury,17:19:00,Crossing Paths - Intersection - Other / Unknown,2011,No,No,Daylight,Straight - Level,Local Street,Dry,"Two-Way, Not Divided",None,No Special Feature,Smooth Asphalt,2 lanes,"35.1907868736, -80.8663032469"
2999,Huntersville,Mecklenburg,Piedmont,Commercial,Mixed (30% To 70% Developed),NA,Urban,30 - 35  MPH,No Control Present,Cloudy,No,44,40-49,No,NA,With Traffic,B: Evident Injury,Bike Lane / Paved Shoulder,White,Male,32,30-39,No,NA,21-25 mph,O: No Injury,Black,Male,Pickup,No,11MAY2011,Wednesday,Motorist Right Turn / Merge,11,Non-Intersection,May,B: Evident Injury,11:41:00,Motorist Right Turn - Same Direction,2011,Yes,No,Daylight,Straight - Grade,Local Street,Dry,"Two-Way, Not Divided",None,No Special Feature,Smooth Asphalt,5 lanes,"35.3972769181, -80.8640032575"
8,None - Rural Crash,Pamlico,Coastal,"Farms, Woods, Pastures",Rural (<30% Developed),SR 1301,Rural,50 - 55  MPH,"Double Yellow Line, No Passing Zone",Clear,No,70+,70+,NA,No,With Traffic,B: Evident Injury,Travel Lane,White,Male,70+,70+,NA,No,6-10 mph,O: No Injury,Black,Female,Passenger Car,No,15JAN2014,Wednesday,Motorist Right Turn / Merge,16,Intersection,January,B: Evident Injury,16:22:00,Motorist Right Turn - Same Direction,2014,Yes,No,Daylight,Straight - Level,State Secondary Route,Dry,"Two-Way, Not Divided",None,T-Intersection,Smooth Asphalt,2 lanes,"35.0258739776, -76.8174520166"
9,None - Rural Crash,Gaston,Piedmont,Residential,Mixed (30% To 70% Developed),SR 1923,Rural,30 - 35  MPH,"Double Yellow Line, No Passing Zone",Cloudy,No,26,25-29,NA,No,With Traffic,B: Evident Injury,Bike Lane / Paved Shoulder,White,Male,60,60-69,NA,No,31-35 mph,O: No Injury,Black,Male,Pickup,No,10JAN2014,Friday,Loss of Control / Turning Error,20,Non-Intersection,January,B: Evident Injury,20:50:00,Bicyclist Lost Control - Other / Unknown,2014,Yes,No,Dark - Roadway Not Lighted,Curve - Level,State Secondary Route,Wet,"Two-Way, Not Divided",None,No Special Feature,Smooth Asphalt,2 lanes,"35.3155318941, -81.0305533024"
24,Raleigh,Wake,Piedmont,Commercial,Urban (>70% Developed),S WILMINGTON ST,Urban,30 - 35  MPH,Stop And Go Signal,Clear,No,17,16-19,NA,No,With Traffic,O: No Injury,Travel Lane,Black,Male,50,50-59,NA,No,11-15 mph,O: No Injury,Black,Male,"Single Unit Truck (2-Axle, 6-Tire)",No,10FEB2014,Monday,Parallel Paths - Other Circumstances,14,Intersection,February,O: No Injury,14:10:00,Parallel Paths - Other / Unknown,2014,No,No,Daylight,Straight - Level,Local Street,Dry,"One-Way, Not Divided",None,Four-Way Intersection,Smooth Asphalt,2 lanes,"35.7781970789, -78.6381026082"
35,Wilson,Wilson,Coastal,Residential,Urban (>70% Developed),NASH ST SE,Urban,30 - 35  MPH,No Control Present,Clear,No,42,40-49,NA,"Yes-Alcohol,  impairment suspected",Facing Traffic,B: Evident Injury,Travel Lane,Black,Male,24,20-24,NA,No,6-10 mph,O: No Injury,Black,Male,Passenger Car,Yes,11JAN2014,Saturday,Loss of Control / Turning Error,21,Non-Intersection,January,B: Evident Injury,21:08:00,Bicylist Lost Control - Alcohol / Drug Impairment,2014,Yes,No,Dark - Unknown Lighting,Straight - Level,Local Street,Wet,"Two-Way, Not Divided",None,No Special Feature,Coarse Asphalt,2 lanes,"35.7186350917, -77.9028573822"
45,Raleigh,Wake,Piedmont,Commercial,Urban (>70% Developed),CAPITAL BLVD,Urban,40 - 45  MPH,Human Control,Clear,No,15,11-15,NA,No,With Traffic,C: Possible Injury,Sidewalk / Crosswalk / Driveway Crossing,Black,Male,56,50-59,NA,No,41-45 mph,O: No Injury,Black,Female,Sport Utility,No,04JAN2014,Saturday,Motorist Left Turn / Merge,20,Intersection,January,C: Possible Injury,20:50:00,Motorist Left Turn - Opposite Direction,2014,Yes,No,Dark - Lighted Roadway,Straight - Grade,Local Street,Dry,"Two-Way, Not Divided",None,T-Intersection,Smooth Asphalt,3 lanes,"35.8210210905, -78.5918625964"
51,Jacksonville,Onslow,Coastal,Commercial,Urban (>70% Developed),BELL FORK RD,Urban,30 - 35  MPH,No Control Present,"Fog, Smog, Smoke",No,35,30-39,NA,No,Not Applicable,A: Disabling Injury,Travel Lane,Black,Male,63,60-69,NA,No,31-35 mph,O: No Injury,White,Female,Passenger Car,No,03FEB2014,Monday,Bicyclist Failed to Yield - Midblock,6,Non-Intersection,February,A: Disabling Injury,06:00:00,Bicyclist Ride Out - Other Midblock,2014,Yes,No,Dark - Lighted Roadway,Straight - Level,Local Street,Dry,"Two-Way, Not Divided",None,No Special Feature,Smooth Asphalt,4 lanes,"34.7499538979, -77.3875021769"
54,Raleigh,Wake,Piedmont,Residential,Urban (>70% Developed),N BOYLAN AVE,Urban,20 - 25  MPH,No Control Present,Clear,No,32,30-39,NA,No,With Traffic,B: Evident Injury,Travel Lane,White,Male,26,25-29,NA,Missing,0-5 mph,O: No Injury,Black,Female,Passenger Car,No,02MAR2014,Sunday,Bicyclist Overtaking Motorist,10,Non-Intersection,March,B: Evident Injury,10:47:00,Bicyclist Overtaking - Extended Door,2014,Yes,No,Daylight,Straight - Bottom,Local Street,Dry,"Two-Way, Not Divided",None,No Special Feature,Smooth Asphalt,2 lanes,"35.7845910803, -78.6489666125"
59,Gastonia,Gaston,Piedmont,Commercial,Urban (>70% Developed),W FRANKLIN BLVD,Urban,40 - 45  MPH,Stop Sign,Clear,No,9,6-10,NA,No,Not Applicable,C: Possible Injury,Travel Lane,Black,Female,64,60-69,NA,No,6-10 mph,O: No Injury,Black,Female,Sport Utility,No,22FEB2014,Saturday,Bicyclist Failed to Yield - Sign-Controlled Intersection,13,Intersection,February,C: Possible Injury,13:21:00,Multiple Threat - Sign-Controlled Intersection,2014,Yes,No,Daylight,Straight - Level,US Route,Dry,"Two-Way, Divided, Unprotected Median",None,T-Intersection,Coarse Asphalt,5 lanes,"35.2598788757, -81.2142973541"
64,None - Rural Crash,Cleveland,Mountains,Residential,Urban (>70% Developed),SR 1001,Rural,40 - 45  MPH,"Double Yellow Line, No Passing Zone",Clear,No,50,50-59,NA,No,With Traffic,A: Disabling Injury,Travel Lane,White,Male,NA,NA,NA,NA,41-45 mph,Unknown Injury,Unknown/Missing,NA,NA,No,27JAN2014,Monday,Motorist Overtaking Bicyclist,15,Non-Intersection,January,A: Disabling Injury,15:07:00,Motorist Overtaking - Other / Unknown,2014,Yes,Yes,Daylight,Straight - Level,State Secondary Route,Dry,"Two-Way, Not Divided",None,No Special Feature,Smooth Asphalt,2 lanes,"35.3102268787, -81.4293534206"
67,Raleigh,Wake,Piedmont,Commercial,Urban (>70% Developed),CHESTER RD,Urban,20 - 25  MPH,No Control Present,Clear,No,36,30-39,NA,No,With Traffic,C: Possible Injury,Travel Lane,White,Male,70+,70+,NA,No,16-20 mph,O: No Injury,White,Female,Passenger Car,No,08MAR2014,Saturday,Motorist Overtaking Bicyclist,20,Intersection-Related,March,C: Possible Injury,20:33:00,Motorist Overtaking - Other / Unknown,2014,No,No,Dark - Lighted Roadway,Straight - Level,Local Street,Dry,"Two-Way, Divided, Unprotected Median",None,No Special Feature,Smooth Asphalt,2 lanes,"35.8025540833, -78.6597526162"