object_id,city,county,region,development,locality,on_road,rural_urban,speed_limit,traffic_control,weather,workzone,bike_age,bike_age_group,bike_alcohol,bike_alcohol_drugs,bike_direction,bike_injury,bike_position,bike_race,bike_sex,driver_age,driver_age_group,driver_alcohol,driver_alcohol_drugs,driver_est_speed,driver_injury,driver_race,driver_sex,driver_vehicle_type,crash_alcohol,crash_date,crash_day,crash_group,crash_hour,crash_location,crash_month,crash_severity,crash_time,crash_type,crash_year,ambulance_req,hit_run,light_condition,road_character,road_class,road_condition,road_configuration,road_defects,road_feature,road_surface,num_lanes,geo_point
75,None - Rural Crash,Montgomery,Piedmont,"Farms, Woods, Pastures",Rural (<30% Developed),220,Rural,50 - 55  MPH,"Double Yellow Line, No Passing Zone",Cloudy,No,23,20-24,NA,NA,With Traffic,A: Disabling Injury,Travel Lane,Hispanic,Male,26,25-29,NA,No,51-55 mph,O: No Injury,Black,Female,Passenger Car,No,15MAR2014,Saturday,Bicyclist Left Turn / Merge,22,Non-Intersection,March,A: Disabling Injury,22:03:00,Bicyclist Left Turn - Same Direction,2014,Yes,No,Dark - Roadway Not Lighted,Curve - Level,US Route,Dry,"Two-Way, Not Divided",None,No Special Feature,Smooth Asphalt,2 lanes,"35.3179469404, -79.7613529232"
77,Raleigh,Wake,Piedmont,Residential,Urban (>70% Developed),GARNER RD,Urban,30 - 35  MPH,No Control Present,Cloudy,No,42,40-49,NA,No,With Traffic,B: Evident Injury,Travel Lane,White,Male,43,40-49,NA,"Yes-Alcohol,  impairment suspected",6-10 mph,O: No Injury,Hispanic,Male,Passenger Car,Yes,19MAR2014,Wednesday,Motorist Left Turn / Merge,19,Intersection,March,B: Evident Injury,19:52:00,Motorist Left Turn - Opposite Direction,2014,No,No,Dark - Lighted Roadway,Straight - Level,Local Street,Dry,"Two-Way, Not Divided",None,T-Intersection,Smooth Asphalt,2 lanes,"35.7640150769, -78.6314326059"
85,Charlotte,Mecklenburg,Piedmont,Residential,Urban (>70% Developed),ALBEMARLE RD,Urban,40 - 45  MPH,No Control Present,Clear,No,21,20-24,NA,No,NA,B: Evident Injury,Travel Lane,White,Female,29,25-29,NA,No,41-45 mph,O: No Injury,Black,Female,Passenger Car,No,24MAR2014,Monday,Crossing Paths - Other Circumstances,13,Intersection-Related,March,B: Evident Injury,13:19:00,Crossing Paths - Uncontrolled Intersection,2014,Yes,No,Daylight,Straight - Level,Local Street,Dry,"Two-Way, Divided, Unprotected Median",None,T-Intersection,Smooth Asphalt,5 lanes,"35.2105968844, -80.6991991982"
86,High Point,Guilford,Piedmont,Residential,Urban (>70% Developed),HARTLEY DR,Urban,40 - 45  MPH,Stop Sign,Clear,No,18,16-19,NA,No,Facing Traffic,C: Possible Injury,Sidewalk / Crosswalk / Driveway Crossing,White,Male,NA,NA,NA,Missing,NA,Unknown Injury,Unknown/Missing,NA,NA,No,20FEB2014,Thursday,Motorist Failed to Yield - Sign-Controlled Intersection,14,Intersection,February,C: Possible Injury,14:52:00,Motorist Drive Out - Sign-Controlled Intersection,2014,Yes,Yes,Daylight,Straight - Grade,Local Street,Dry,"Two-Way, Divided, Unprotected Median",None,T-Intersection,Smooth Asphalt,4 lanes,"35.9937370754, -80.0149430365"
88,Asheville,Buncombe,Mountains,Commercial,Urban (>70% Developed),HANOVER,Urban,20 - 25  MPH,Stop And Go Signal,Clear,No,30,30-39,NA,No,With Traffic,C: Possible Injury,Travel Lane,White,Male,40,40-49,NA,No,0-5 mph,O: No Injury,Black,Male,Passenger Car,No,23FEB2014,Sunday,Motorist Left Turn / Merge,0,Intersection,February,C: Possible Injury,00:11:00,Motorist Left Turn - Opposite Direction,2014,No,No,Dark - Lighted Roadway,Straight - Level,Local Street,Dry,"Two-Way, Not Divided",None,Four-Way Intersection,Smooth Asphalt,3 lanes,"35.5777698909, -82.5823437779"
89,Fayetteville,Cumberland,Coastal,Commercial,Urban (>70% Developed),LANGDON ST,Urban,30 - 35  MPH,Stop And Go Signal,Clear,No,50,50-59,NA,No,With Traffic,B: Evident Injury,Travel Lane,Black,Male,19,0-19,NA,No,31-35 mph,O: No Injury,Black,Female,Sport Utility,No,25FEB2014,Tuesday,Motorist Failed to Yield - Signalized Intersection,11,Intersection,February,B: Evident Injury,11:10:00,Motorist Drive Out - Right Turn on Red,2014,Yes,No,Daylight,Straight - Level,Local Street,Dry,"Two-Way, Not Divided",None,No Special Feature,Coarse Asphalt,4 lanes,"35.0759839189, -78.8977026503"
93,Asheville,Buncombe,Mountains,Residential,Urban (>70% Developed),CAMPGROUND RD,Urban,30 - 35  MPH,No Control Present,Clear,No,17,16-19,NA,No,Not Applicable,B: Evident Injury,Driveway / Alley,White,Male,55,50-59,NA,No,21-25 mph,O: No Injury,White,Female,Passenger Car,No,02MAR2014,Sunday,Loss of Control / Turning Error,17,Intersection-Related,March,B: Evident Injury,17:18:00,Bicyclist Lost Control - Mechanical Problems,2014,No,No,Daylight,Curve - Level,Local Street,Dry,"Two-Way, Not Divided",None,No Special Feature,Coarse Asphalt,2 lanes,"35.590706897, -82.496768753"
110,None - Rural Crash,Durham,Piedmont,Institutional,Mixed (30% To 70% Developed),SR 1004,Rural,5 - 15 MPH,Stop Sign,Cloudy,No,57,50-59,NA,No,With Traffic,B: Evident Injury,Travel Lane,White,Male,42,40-49,NA,No,0-5 mph,O: No Injury,Black,Male,Passenger Car,No,17MAR2014,Monday,Motorist Failed to Yield - Sign-Controlled Intersection,13,Intersection,March,B: Evident Injury,13:10:00,Motorist Drive Out - Sign-Controlled Intersection,2014,Yes,No,Daylight,Straight - Level,State Secondary Route,Wet,"Two-Way, Not Divided",None,"Driveway, Private",Smooth Asphalt,2 lanes,"36.134929149, -78.8111826801"
119,None - Rural Crash,Cumberland,Coastal,Residential,Mixed (30% To 70% Developed),SR 1811,Rural,50 - 55  MPH,No Control Present,Clear,No,13,11-15,NA,No,With Traffic,B: Evident Injury,Travel Lane,White,Male,52,50-59,NA,No,31-35 mph,O: No Injury,White,Female,Passenger Car,No,01APR2014,Tuesday,Motorist Overtaking Bicyclist,17,Non-Intersection,April,B: Evident Injury,17:49:00,Motorist Overtaking - Bicyclist Swerved,2014,No,No,Daylight,Straight - Level,State Secondary Route,Dry,"Two-Way, Not Divided",None,"Driveway, Private",Coarse Asphalt,2 lanes,"35.1814269503, -78.6602025843"
124,Hendersonville,Henderson,Mountains,Commercial,Urban (>70% Developed),64,Urban,40 - 45  MPH,No Control Present,Clear,No,32,30-39,NA,No,With Traffic,B: Evident Injury,Travel Lane,White,Female,57,50-59,NA,No,31-35 mph,O: No Injury,White,Female,Sport Utility,No,03APR2014,Thursday,Motorist Overtaking Bicyclist,13,Non-Intersection,April,B: Evident Injury,13:45:00,Motorist Overtaking - Undetected Bicyclist,2014,Yes,No,Daylight,Straight - Grade,US Route,Dry,"Two-Way, Divided, Positive Median Barrier",None,No Special Feature,Coarse Asphalt,4 lanes,"35.338946846, -82.4427337227"
130,Raleigh,Wake,Piedmont,Commercial,Urban (>70% Developed),SPRING FOREST RD,Urban,40 - 45  MPH,Stop Sign,Clear,No,42,40-49,NA,No,Facing Traffic,C: Possible Injury,Travel Lane,Hispanic,Male,34,30-39,NA,No,0-5 mph,O: No Injury,White,Female,Passenger Car,No,10APR2014,Thursday,Motorist Failed to Yield - Midblock,20,Non-Intersection,April,C: Possible Injury,20:23:00,Motorist Drive Out - Commercial Driveway / Alley,2014,Yes,No,Dark - Lighted Roadway,Straight - Level,Local Street,Dry,"Two-Way, Not Divided",None,No Special Feature,Smooth Asphalt,5 lanes,"35.8678170988, -78.621852608"
142,Raleigh,Wake,Piedmont,Residential,Urban (>70% Developed),PVA 3114 GARNER RD,Urban,30 - 35  MPH,No Control Present,Clear,No,23,20-24,NA,No,Not Applicable,O: No Injury,Non-Roadway,Black,Female,NA,NA,NA,Missing,0-5 mph,Unknown Injury,Unknown/Missing,NA,Passenger Car,No,17APR2014,Thursday,Non-Roadway,17,Non-Roadway,April,O: No Injury,17:07:00,Non-Roadway,2014,Yes,No,Daylight,Straight - Level,Public Vehicular Area,Dry,"One-Way, Not Divided",None,Other,Concrete,NA,"35.7383870713, -78.6296626044"
144,Raleigh,Wake,Piedmont,Commercial,Rural (<30% Developed),GLENN EDEN DR,Urban,30 - 35  MPH,Stop And Go Signal,Clear,No,12,11-15,NA,No,With Traffic,C: Possible Injury,Travel Lane,White,Male,51,50-59,NA,No,11-15 mph,O: No Injury,White,Female,Passenger Car,No,17APR2014,Thursday,Motorist Left Turn / Merge,19,Intersection,April,C: Possible Injury,19:10:00,Motorist Left Turn - Opposite Direction,2014,Yes,No,Daylight,Straight - Level,Local Street,Dry,"Two-Way, Divided, Unprotected Median",None,Four-Way Intersection,Smooth Asphalt,NA,"35.8329970888, -78.6985226294"
145,Raleigh,Wake,Piedmont,Residential,Urban (>70% Developed),BEVERLY DR,Urban,30 - 35  MPH,Stop And Go Signal,Clear,No,31,30-39,NA,No,With Traffic,C: Possible Injury,Travel Lane,White,Male,20,20-24,NA,No,0-5 mph,O: No Injury,Black,Male,Passenger Car,No,17APR2014,Thursday,Motorist Left Turn / Merge,18,Intersection,April,C: Possible Injury,18:23:00,Motorist Left Turn - Opposite Direction,2014,Yes,No,Daylight,Straight - Level,Local Street,Dry,"Two-Way, Not Divided",None,T-Intersection,Smooth Asphalt,7 lanes,"35.7714490794, -78.5945765946"
156,Kinston,Lenoir,Coastal,Residential,Urban (>70% Developed),N ADKIN ST,Urban,20 - 25  MPH,Stop Sign,Clear,No,38,30-39,NA,"Yes-Alcohol,  impairment suspected",With Traffic,B: Evident Injury,Travel Lane,Black,Male,NA,NA,NA,Missing,21-25 mph,Unknown Injury,Unknown/Missing,NA,NA,Yes,27APR2014,Sunday,Head-On,15,Intersection,April,B: Evident Injury,15:55:00,Head-On - Bicyclist,2014,No,Yes,Dark - Lighted Roadway,Straight - Level,Local Street,Dry,"Two-Way, Not Divided",None,Four-Way Intersection,Smooth Asphalt,8 lanes,"35.2647010055, -77.5678272568"
159,Tobaccoville,Forsyth,Piedmont,Residential,Rural (<30% Developed),SR 1604,Rural,40 - 45  MPH,"Double Yellow Line, No Passing Zone",Clear,No,52,50-59,NA,No,With Traffic,C: Possible Injury,Bike Lane / Paved Shoulder,Black,Male,NA,NA,NA,NA,41-45 mph,Unknown Injury,Unknown/Missing,NA,NA,No,11APR2014,Friday,Motorist Overtaking Bicyclist,11,Non-Intersection,April,C: Possible Injury,11:18:00,Motorist Overtaking - Misjudged Space,2014,No,Yes,Daylight,Straight - Level,State Secondary Route,Dry,"Two-Way, Divided, Unprotected Median",None,No Special Feature,Smooth Asphalt,2 lanes,"36.2521011156, -80.3895931639"
164,Wilmington,NA,Coastal,Commercial,Urban (>70% Developed),OLEANDER DR,Urban,40 - 45  MPH,No Control Present,Clear,No,54,50-59,NA,"Yes-Alcohol,  impairment suspected",Facing Traffic,B: Evident Injury,Sidewalk / Crosswalk / Driveway Crossing,White,Male,34,30-39,NA,No,0-5 mph,O: No Injury,Black,Female,Sport Utility,Yes,11APR2014,Friday,Motorist Failed to Yield - Midblock,13,Non-Intersection,April,B: Evident Injury,13:46:00,Motorist Drive Out - Commercial Driveway / Alley,2014,Yes,No,Daylight,Straight - Level,Local Street,Dry,"Two-Way, Divided, Unprotected Median",None,No Special Feature,Smooth Asphalt,6 lanes,"34.2134007626, -77.8988523064"
172,None - Rural Crash,Onslow,Coastal,Commercial,Mixed (30% To 70% Developed),US 258,Rural,50 - 55  MPH,No Control Present,Clear,No,51,50-59,NA,No,With Traffic,C: Possible Injury,Travel Lane,White,Male,45,40-49,NA,No,51-55 mph,O: No Injury,Black,Female,Sport Utility,No,27APR2014,Sunday,Motorist Overtaking Bicyclist,22,Non-Intersection,April,C: Possible Injury,22:50:00,Motorist Overtaking - Undetected Bicyclist,2014,Yes,No,Dark - Roadway Not Lighted,Straight - Level,US Route,Dry,"Two-Way, Not Divided",None,No Special Feature,Smooth Asphalt,5 lanes,"34.7649298986, -77.4877822083"
177,Fayetteville,Cumberland,Coastal,Residential,Urban (>70% Developed),FILLYAW RD,Urban,30 - 35  MPH,No Control Present,Clear,No,18,16-19,NA,NA,With Traffic,C: Possible Injury,Bike Lane / Paved Shoulder,Black,Male,21,20-24,NA,No,21-25 mph,O: No Injury,Black,Male,Sport Utility,No,18APR2014,Friday,Motorist Overtaking Bicyclist,7,Non-Intersection,April,C: Possible Injury,07:38:00,Motorist Overtaking - Bicyclist Swerved,2014,Yes,No,Daylight,Straight - Level,Local Street,Dry,"Two-Way, Not Divided",None,No Special Feature,Smooth Asphalt,2 lanes,"35.0994369201, -79.0108326853"
178,Asheville,Buncombe,Mountains,Commercial,Urban (>70% Developed),HILLIARD AVE,Urban,20 - 25  MPH,No Control Present,Clear,No,28,25-29,NA,No,With Traffic,C: Possible Injury,Bike Lane / Paved Shoulder,White,Male,22,20-24,NA,No,0-5 mph,O: No Injury,White,Female,Passenger Car,No,21APR2014,Monday,Motorist Right Turn / Merge,20,Non-Intersection,April,C: Possible Injury,20:49:00,Motorist Right Turn - Same Direction,2014,No,No,Dark - Lighted Roadway,Straight - Grade,Local Street,Dry,"Two-Way, Not Divided",None,No Special Feature,Coarse Asphalt,2 lanes,"35.5911268946, -82.5552937707"
183,Greensboro,Guilford,Piedmont,Residential,Urban (>70% Developed),SEVIER ST,Urban,30 - 35  MPH,No Control Present,Clear,No,22,20-24,NA,NA,With Traffic,C: Possible Injury,Sidewalk / Crosswalk / Driveway Crossing,Black,Male,24,20-24,NA,"Yes-Alcohol, no impairment detected",6-10 mph,O: No Injury,White,Male,Passenger Car,Yes,11MAY2014,Sunday,Motorist Failed to Yield - Sign-Controlled Intersection,22,Intersection,May,C: Possible Injury,22:20:00,Motorist Drive Out - Sign-Controlled Intersection,2014,Yes,No,Dark - Lighted Roadway,Straight - Level,Local Street,Dry,"Two-Way, Divided, Unprotected Median",None,No Special Feature,Smooth Asphalt,2 lanes,"36.0647500988, -79.7793079696"
188,Asheboro,Randolph,Piedmont,Residential,Urban (>70% Developed),HOLLY ST,Urban,30 - 35  MPH,No Control Present,Clear,No,56,50-59,NA,No,With Traffic,B: Evident Injury,Travel Lane,White,Male,NA,NA,NA,Missing,NA,Unknown Injury,Unknown/Missing,NA,Passenger Car,No,07MAY2014,Wednesday,Bicyclist Overtaking Motorist,18,Non-Intersection,May,B: Evident Injury,18:07:00,Bicyclist Overtaking - Parked Vehicle,2014,Yes,No,Daylight,Straight - Grade,Local Street,Dry,"Two-Way, Not Divided",None,No Special Feature,Coarse Asphalt,2 lanes,"35.7012470208, -79.8254929627"
197,Cary,Wake,Piedmont,Residential,Urban (>70% Developed),SR 1653,Urban,30 - 35  MPH,No Control Present,Clear,No,14,11-15,NA,No,With Traffic,C: Possible Injury,Travel Lane,Black,Male,46,40-49,NA,No,11-15 mph,O: No Injury,White,Male,Pickup,No,29APR2014,Tuesday,Bicyclist Failed to Yield - Sign-Controlled Intersection,17,Intersection,April,C: Possible Injury,17:32:00,Bicyclist Ride Through - Sign-Controlled Intersection,2014,No,No,Daylight,Straight - Level,State Secondary Route,Dry,"Two-Way, Not Divided",None,Four-Way Intersection,Smooth Asphalt,4 lanes,"35.8147070818, -78.7976326587"
199,Raleigh,Wake,Piedmont,Commercial,Urban (>70% Developed),SIX FORKS RD,Urban,30 - 35  MPH,Stop Sign,Clear,No,29,25-29,NA,No,Facing Traffic,B: Evident Injury,Sidewalk / Crosswalk / Driveway Crossing,White,Male,34,30-39,NA,No,0-5 mph,O: No Injury,White,Female,Van,No,21MAY2014,Wednesday,Motorist Failed to Yield - Sign-Controlled Intersection,8,Intersection,May,B: Evident Injury,08:36:00,Motorist Drive Out - Sign-Controlled Intersection,2014,Yes,No,Daylight,Straight - Level,Local Street,Dry,"One-Way, Not Divided",None,No Special Feature,Coarse Asphalt,4 lanes,"35.8932151033, -78.6490526181"
200,Carrboro,Orange,Piedmont,Residential,Urban (>70% Developed),OAK ST,Urban,30 - 35  MPH,Stop Sign,Clear,No,51,50-59,NA,No,With Traffic,C: Possible Injury,Bike Lane / Paved Shoulder,White,Female,34,30-39,NA,No,31-35 mph,O: No Injury,White,Male,Sport Utility,No,20APR2014,Sunday,Loss of Control / Turning Error,12,Intersection,April,C: Possible Injury,12:18:00,Bicyclist Lost Control - Other / Unknown,2014,Yes,No,Daylight,Curve - Level,Local Street,Dry,"Two-Way, Not Divided",None,Other,Smooth Asphalt,2 lanes,"35.9169420935, -79.073862748"
203,Spring Lake,Cumberland,Coastal,Commercial,Urban (>70% Developed),PVA SPRING LAKE TOWN CTR,Urban,20 - 25  MPH,Stop And Go Signal,Clear,No,56,50-59,NA,No,Not Applicable,B: Evident Injury,Driveway / Alley,Black,Male,43,40-49,NA,No,NA,O: No Injury,Black,Female,Passenger Car,No,09MAY2014,Friday,Bicyclist Failed to Yield - Signalized Intersection,8,Intersection,May,B: Evident Injury,08:25:00,Bicyclist Ride Through - Signalized Intersection,2014,No,No,Daylight,Curve - Grade,NA,Dry,"Two-Way, Not Divided",None,"Driveway, Public",Smooth Asphalt,NA,"35.1743969381, -78.9692126768"
204,None - Rural Crash,Davidson,Piedmont,"Farms, Woods, Pastures",Rural (<30% Developed),1493,Rural,30 - 35  MPH,Stop Sign,Clear,No,70+,70+,NA,No,With Traffic,O: No Injury,Travel Lane,White,Male,51,50-59,NA,No,11-15 mph,O: No Injury,White,Male,Passenger Car,No,11MAY2014,Sunday,Motorist Failed to Yield - Sign-Controlled Intersection,10,Intersection,May,O: No Injury,10:19:00,Motorist Drive Through - Sign-Controlled Intersection,2014,No,No,Daylight,Straight - Grade,State Secondary Route,Dry,"Two-Way, Not Divided",None,T-Intersection,Coarse Asphalt,2 lanes,"35.9669870582, -80.3192631258"
207,Wilmington,NA,Coastal,Residential,Urban (>70% Developed),460 RAVINE DR,Urban,30 - 35  MPH,No Control Present,Clear,No,30,30-39,NA,No,Facing Traffic,C: Possible Injury,Sidewalk / Crosswalk / Driveway Crossing,White,Male,NA,NA,NA,Missing,0-5 mph,Unknown Injury,Unknown/Missing,NA,NA,No,03MAY2014,Saturday,Motorist Failed to Yield - Midblock,16,Non-Intersection,May,C: Possible Injury,16:36:00,Motorist Drive Out - Residential Driveway,2014,Yes,Yes,Daylight,Straight - Level,Public Vehicular Area,Dry,"Two-Way, Not Divided",None,No Special Feature,Smooth Asphalt,2 lanes,"34.2309467678, -77.8712122995"
208,None - Rural Crash,Rutherford,Mountains,Residential,Mixed (30% To 70% Developed),SR 1164,Rural,30 - 35  MPH,"Double Yellow Line, No Passing Zone",Cloudy,No,15,11-15,NA,No,Not Applicable,C: Possible Injury,Driveway / Alley,Black,Male,56,50-59,NA,No,31-35 mph,O: No Injury,White,Male,Pickup,No,27MAY2014,Tuesday,Bicyclist Failed to Yield - Midblock,18,Non-Intersection,May,C: Possible Injury,18:50:00,Bicyclist Ride Out - Residential Driveway,2014,Yes,No,Daylight,Straight - Grade,State Secondary Route,Wet,"Two-Way, Not Divided",None,No Special Feature,Smooth Asphalt,2 lanes,"35.3770518722, -81.9664135835"
210,Kannapolis,Rowan,Piedmont,Residential,Urban (>70% Developed),W A ST,Urban,40 - 45  MPH,No Control Present,Clear,No,7,6-10,NA,No,Not Applicable,B: Evident Injury,Travel Lane,Black,Male,63,60-69,NA,No,41-45 mph,O: No Injury,Black,Male,Passenger Car,No,03MAY2014,Saturday,Bicyclist Failed to Yield - Midblock,14,Non-Intersection,May,B: Evident Injury,14:26:00,Bicyclist Ride Out - Residential Driveway,2014,Yes,No,Daylight,Straight - Grade,Local Street,Dry,"Two-Way, Not Divided",None,No Special Feature,Smooth Asphalt,2 lanes,"35.5259069541, -80.6293531945"
212,Southport,Brunswick,Coastal,"Farms, Woods, Pastures",Rural (<30% Developed),PVA ATLANTIC AVE EXT,Rural,30 - 35  MPH,No Control Present,Clear,No,29,25-29,NA,No,Not Applicable,C: Possible Injury,Driveway / Alley,White,Male,67,60-69,NA,No,0-5 mph,O: No Injury,White,Female,Pickup,No,16MAY2014,Friday,Non-Roadway,9,Non-Roadway,May,C: Possible Injury,09:30:00,Non-Roadway,2014,No,No,Daylight,Straight - Level,Public Vehicular Area,Dry,"Two-Way, Not Divided",None,"Driveway, Public",Gravel,2 lanes,"33.9350566971, -78.0232923308"
217,Wilmington,New Hanover,Coastal,Residential,Urban (>70% Developed),GREENVILLE LOOP RD,Urban,40 - 45  MPH,No Control Present,Clear,No,26,25-29,NA,No,With Traffic,C: Possible Injury,Bike Lane / Paved Shoulder,White,Male,30,30-39,NA,NA,31-35 mph,O: No Injury,White,Female,Passenger Car,No,17MAY2014,Saturday,Loss of Control / Turning Error,16,Non-Intersection,May,C: Possible Injury,16:13:00,Motorist Lost Control - Alcohol / Drug Impairment,2014,Yes,Yes,Daylight,Straight - Level,Local Street,Dry,"Two-Way, Not Divided",None,No Special Feature,Smooth Asphalt,2 lanes,"34.2080717638, -77.8364722871"
226,Laurinburg,Scotland,Coastal,Residential,Urban (>70% Developed),LYTCH ST,Urban,30 - 35  MPH,No Control Present,Clear,No,9,6-10,NA,No,Facing Traffic,O: No Injury,Travel Lane,Black,Male,43,40-49,NA,No,31-35 mph,O: No Injury,Black,Female,Passenger Car,No,25MAY2014,Sunday,Motorist Left Turn / Merge,14,Intersection,May,O: No Injury,14:30:00,Motorist Left Turn - Same Direction,2014,No,No,Daylight,Straight - Level,Local Street,Dry,"One-Way, Not Divided",None,"Driveway, Public",Coarse Asphalt,1 lane,"34.7844728362, -79.4550028038"
236,Southern Shores,Dare,Coastal,Residential,Urban (>70% Developed),S DOGWOOD TRL,Rural,20 - 25  MPH,No Control Present,Clear,No,59,50-59,NA,No,With Traffic,C: Possible Injury,Travel Lane,White,Male,52,50-59,NA,No,0-5 mph,O: No Injury,White,Female,Sport Utility,No,24MAY2014,Saturday,Motorist Failed to Yield - Midblock,11,Non-Intersection,May,C: Possible Injury,11:10:00,Motorist Drive Out - Residential Driveway,2014,Yes,No,Daylight,Straight - Hillcrest,Local Street,Dry,"Two-Way, Not Divided",None,No Special Feature,Smooth Asphalt,2 lanes,"36.1270972531, -75.7423517407"
247,Durham,Durham,Piedmont,Residential,Urban (>70% Developed),W LAKEWOOD AVE,Urban,30 - 35  MPH,Stop And Go Signal,Clear,No,68,60-69,NA,No,With Traffic,O: No Injury,Sidewalk / Crosswalk / Driveway Crossing,Black,Male,23,20-24,NA,No,26-30 mph,O: No Injury,Black,Female,Passenger Car,No,13JUN2014,Friday,Bicyclist Failed to Yield - Signalized Intersection,14,Intersection,June,O: No Injury,14:28:00,Bicyclist Ride Through - Signalized Intersection,2014,No,No,Daylight,Straight - Level,Local Street,Dry,"Two-Way, Not Divided",None,No Special Feature,Smooth Asphalt,3 lanes,"35.9873541141, -78.9065527013"
256,Winston-Salem,Forsyth,Piedmont,Residential,Urban (>70% Developed),OAK SUMMIT RD,Urban,40 - 45  MPH,Stop Sign,Clear,No,33,30-39,NA,No,With Traffic,C: Possible Injury,Travel Lane,White,Male,60,60-69,NA,No,6-10 mph,O: No Injury,Black,Male,Pickup,No,27MAY2014,Tuesday,Motorist Failed to Yield - Sign-Controlled Intersection,19,Intersection,May,C: Possible Injury,19:59:00,Motorist Drive Out - Sign-Controlled Intersection,2014,Yes,No,Daylight,Straight - Grade,Local Street,"Water (Standing, Moving)","Two-Way, Divided, Unprotected Median",None,T-Intersection,Smooth Asphalt,4 lanes,"36.1717411044, -80.2528731174"
257,Winston-Salem,Forsyth,Piedmont,Residential,Urban (>70% Developed),HAWTHORNE RD,Urban,20 - 25  MPH,Stop And Go Signal,Clear,No,30,30-39,NA,No,With Traffic,B: Evident Injury,Travel Lane,White,Male,44,40-49,NA,No,11-15 mph,O: No Injury,White,Male,Passenger Car,No,12MAY2014,Monday,Motorist Right Turn / Merge,17,Intersection,May,B: Evident Injury,17:38:00,Motorist Right Turn - Same Direction,2014,Yes,No,Daylight,Straight - Grade,Local Street,Dry,"Two-Way, Not Divided",None,Four-Way Intersection,Smooth Asphalt,4 lanes,"36.0779870829, -80.2895131231"
258,None - Rural Crash,Catawba,Piedmont,"Farms, Woods, Pastures",Rural (<30% Developed),NC 10,Rural,50 - 55  MPH,Other,Clear,No,17,16-19,NA,No,With Traffic,O: No Injury,Bike Lane / Paved Shoulder,White,Male,30,30-39,NA,No,51-55 mph,O: No Injury,White,Female,Passenger Car,No,09JUN2014,Monday,Motorist Overtaking Bicyclist,21,Non-Intersection,June,O: No Injury,21:47:00,Motorist Overtaking - Undetected Bicyclist,2014,No,No,Dark - Roadway Not Lighted,Straight - Level,NC Route,Dry,"Two-Way, Not Divided",None,No Special Feature,Smooth Asphalt,2 lanes,"35.6789619682, -81.1065533458"
260,None - Rural Crash,Edgecombe,Coastal,"Farms, Woods, Pastures",Rural (<30% Developed),SR 1537,Rural,50 - 55  MPH,"Double Yellow Line, No Passing Zone",Clear,No,14,11-15,NA,No,With Traffic,C: Possible Injury,Travel Lane,Black,Male,59,50-59,NA,No,41-45 mph,O: No Injury,White,Male,Pickup,No,02JUN2014,Monday,Bicyclist Left Turn / Merge,17,Non-Intersection,June,C: Possible Injury,17:12:00,Bicyclist Left Turn - Same Direction,2014,No,No,Daylight,Straight - Grade,State Secondary Route,Dry,"Two-Way, Not Divided",None,No Special Feature,Coarse Asphalt,2 lanes,"35.9222221492, -77.5240522769"
269,Winston-Salem,Forsyth,Piedmont,Residential,Urban (>70% Developed),FRIENDLY ACRES DR,Urban,30 - 35  MPH,No Control Present,Cloudy,No,11,11-15,NA,No,Not Applicable,B: Evident Injury,Driveway / Alley,Black,Male,34,30-39,NA,No,41-45 mph,O: No Injury,White,Female,Passenger Car,No,08JUN2014,Sunday,Bicyclist Failed to Yield - Midblock,19,Non-Intersection,June,B: Evident Injury,19:53:00,Bicyclist Ride Out - Residential Driveway,2014,Yes,No,Dark - Lighted Roadway,Straight - Grade,Local Street,Dry,"Two-Way, Not Divided",None,No Special Feature,Smooth Asphalt,2 lanes,"35.9974020686, -80.221833098"
274,None - Rural Crash,Buncombe,Mountains,Commercial,Mixed (30% To 70% Developed),NC 191,Rural,40 - 45  MPH,"Double Yellow Line, No Passing Zone",Clear,No,39,30-39,NA,No,With Traffic,B: Evident Injury,Travel Lane,White,Male,16,0-19,NA,No,26-30 mph,O: No Injury,White,Female,Passenger Car,No,06JUN2014,Friday,Motorist Overtaking Bicyclist,6,Non-Intersection,June,B: Evident Injury,06:45:00,Motorist Overtaking - Other / Unknown,2014,Yes,No,Daylight,Straight - Level,NC Route,Dry,"Two-Way, Not Divided",None,No Special Feature,Smooth Asphalt,2 lanes,"35.4685548677, -82.5777777699"
282,High Point,Guilford,Piedmont,Commercial,Urban (>70% Developed),CENTENNIAL ST,Urban,30 - 35  MPH,Stop Sign,Clear,No,13,11-15,NA,No,With Traffic,B: Evident Injury,Travel Lane,Black,Male,50,50-59,NA,No,36-40 mph,O: No Injury,Hispanic,Male,Van,No,18MAY2014,Sunday,Bicyclist Failed to Yield - Sign-Controlled Intersection,20,Intersection,May,B: Evident Injury,20:56:00,Bicyclist Ride Through - Sign-Controlled Intersection,2014,Yes,Yes,Dark - Lighted Roadway,Straight - Grade,Local Street,Dry,"Two-Way, Not Divided",None,Four-Way Intersection,Coarse Asphalt,2 lanes,"35.9498270668, -79.9998930294"
286,Garner,Wake,Piedmont,Commercial,Urban (>70% Developed),US 401,Urban,40 - 45  MPH,Stop And Go Signal,Cloudy,No,21,20-24,NA,No,With Traffic,C: Possible Injury,Travel Lane,Black,Male,24,20-24,NA,No,31-35 mph,O: No Injury,White,Female,Passenger Car,No,27JUN2014,Friday,Crossing Paths - Other Circumstances,17,Intersection-Related,June,C: Possible Injury,17:15:00,Sign-Controlled Intersection - Other / Unknown,2014,Yes,No,Daylight,Straight - Level,US Route,Wet,"Two-Way, Divided, Unprotected Median",None,T-Intersection,Smooth Asphalt,6 lanes,"35.7162070653, -78.6556426104"