object_id,city,county,region,development,locality,on_road,rural_urban,speed_limit,traffic_control,weather,workzone,bike_age,bike_age_group,bike_alcohol,bike_alcohol_drugs,bike_direction,bike_injury,bike_position,bike_race,bike_sex,driver_age,driver_age_group,driver_alcohol,driver_alcohol_drugs,driver_est_speed,driver_injury,driver_race,driver_sex,driver_vehicle_type,crash_alcohol,crash_date,crash_day,crash_group,crash_hour,crash_location,crash_month,crash_severity,crash_time,crash_type,crash_year,ambulance_req,hit_run,light_condition,road_character,road_class,road_condition,road_configuration,road_defects,road_feature,road_surface,num_lanes,geo_point
714,Asheville,Buncombe,Mountains,Residential,Urban (>70% Developed),LIVINSTON ST,Urban,30 - 35  MPH,Stop Sign,Clear,No,36,30-39,NA,No,With Traffic,C: Possible Injury,Travel Lane,White,Male,70+,70+,NA,No,6-10 mph,O: No Injury,Black,Male,Passenger Car,No,28OCT2014,Tuesday,Motorist Failed to Yield - Sign-Controlled Intersection,20,Intersection,October,C: Possible Injury,20:27:00,Motorist Drive Through - Sign-Controlled Intersection,2014,No,No,Dark - Lighted Roadway,Curve - Grade,Local Street,Dry,"Two-Way, Not Divided",None,T-Intersection,Coarse Asphalt,2 lanes,"35.5775568916, -82.5590477709"
717,Raleigh,Wake,Piedmont,Commercial,Urban (>70% Developed),DAWSON ST,Urban,30 - 35  MPH,Stop And Go Signal,Clear,No,36,30-39,NA,No,With Traffic,B: Evident Injury,Sidewalk / Crosswalk / Driveway Crossing,White,Male,61,60-69,NA,No,21-25 mph,O: No Injury,White,Male,Passenger Car,No,12NOV2014,Wednesday,Motorist Left Turn / Merge,16,Intersection,November,B: Evident Injury,16:47:00,Motorist Left Turn - Opposite Direction,2014,No,No,Daylight,Straight - Level,Local Street,Dry,"One-Way, Not Divided",None,No Special Feature,Coarse Asphalt,3 lanes,"35.7743570782, -78.6436726104"
750,Asheville,Buncombe,Mountains,Commercial,Urban (>70% Developed),MEADOW RD,Urban,30 - 35  MPH,Stop And Go Signal,Clear,No,70+,70+,NA,No,With Traffic,B: Evident Injury,Travel Lane,White,Male,NA,NA,NA,Missing,31-35 mph,Unknown Injury,Unknown/Missing,NA,NA,No,05NOV2014,Wednesday,Motorist Overtaking Bicyclist,11,Intersection,November,B: Evident Injury,11:42:00,Motorist Overtaking - Other / Unknown,2014,Yes,Yes,Daylight,Curve - Grade,Local Street,Dry,"Two-Way, Not Divided",None,T-Intersection,Smooth Asphalt,3 lanes,"35.565396889, -82.5565937687"
734,Wilmington,NA,Coastal,Commercial,Urban (>70% Developed),CASTLE ST,Urban,5 - 15 MPH,No Control Present,Clear,No,21,20-24,NA,No,Facing Traffic,B: Evident Injury,Sidewalk / Crosswalk / Driveway Crossing,White,Female,37,30-39,NA,No,0-5 mph,O: No Injury,White,Female,Sport Utility,No,07NOV2014,Friday,Motorist Failed to Yield - Midblock,12,Non-Intersection,November,B: Evident Injury,12:03:00,Motorist Drive Out - Commercial Driveway / Alley,2014,Yes,No,Daylight,Straight - Level,Local Street,Dry,"Two-Way, Not Divided",None,No Special Feature,Coarse Asphalt,2 lanes,"34.2283067648, -77.9405123197"
733,Pittsboro,Chatham,Piedmont,Commercial,Rural (<30% Developed),W ST,Rural,20 - 25  MPH,Yield Sign,Rain,No,45,40-49,NA,No,With Traffic,C: Possible Injury,Travel Lane,White,Male,18,0-19,NA,No,0-5 mph,O: No Injury,White,Male,Passenger Car,No,11OCT2014,Saturday,Motorist Failed to Yield - Sign-Controlled Intersection,16,Intersection,October,C: Possible Injury,16:48:00,Motorist Drive Out - Sign-Controlled Intersection,2014,No,No,Daylight,Straight - Level,US Route,Wet,"One-Way, Not Divided",None,Traffic Circle/Roundabout,Smooth Asphalt,1 lane,"35.7201870475, -79.1775077681"
746,Greenville,Pitt,Coastal,Commercial,Urban (>70% Developed),NC 43,Urban,30 - 35  MPH,Stop And Go Signal,Clear,No,70+,70+,NA,No,Facing Traffic,C: Possible Injury,Sidewalk / Crosswalk / Driveway Crossing,White,Male,45,40-49,NA,No,6-10 mph,O: No Injury,White,Female,Sport Utility,No,23OCT2014,Thursday,Motorist Left Turn / Merge,16,Intersection,October,C: Possible Injury,16:59:00,Motorist Left Turn - Same Direction,2014,Yes,No,Daylight,Straight - Level,Local Street,Dry,"Two-Way, Not Divided",None,No Special Feature,Coarse Asphalt,5 lanes,"35.5836470811, -77.3614982098"
730,Asheville,Buncombe,Mountains,Commercial,Urban (>70% Developed),US 19,Urban,20 - 25  MPH,Stop And Go Signal,Cloudy,No,52,50-59,NA,No,With Traffic,C: Possible Injury,Travel Lane,White,Male,55,50-59,NA,No,0-5 mph,O: No Injury,Black,Male,Other Bus,No,29OCT2014,Wednesday,Motorist Left Turn / Merge,15,Intersection,October,C: Possible Injury,15:13:00,Motorist Left Turn - Opposite Direction,2014,No,No,Daylight,Straight - Level,US Route,Dry,"Two-Way, Not Divided",None,Four-Way Intersection,Smooth Asphalt,4 lanes,"35.5778648907, -82.5823037773"
651,Elizabeth City,Pasquotank,Coastal,Commercial,Urban (>70% Developed),EHRINGHAUS ST,Urban,30 - 35  MPH,Stop And Go Signal,Clear,No,65,60-69,NA,No,Facing Traffic,C: Possible Injury,Sidewalk / Crosswalk / Driveway Crossing,Black,Male,47,40-49,NA,No,0-5 mph,O: No Injury,White,Male,Pickup,No,14OCT2014,Tuesday,Motorist Failed to Yield - Signalized Intersection,16,Intersection,October,C: Possible Injury,16:58:00,Motorist Drive Out - Signalized Intersection,2014,Yes,No,Daylight,Straight - Level,Local Street,Dry,"Two-Way, Divided, Unprotected Median",None,Four-Way Intersection,Smooth Asphalt,3 lanes,"36.2944902722, -76.2405719031"
655,Raleigh,Wake,Piedmont,Commercial,Urban (>70% Developed),CEDARHURST DR,Urban,30 - 35  MPH,Stop Sign,Clear,No,17,16-19,NA,No,Facing Traffic,O: No Injury,Sidewalk / Crosswalk / Driveway Crossing,Other,Male,NA,NA,NA,Missing,0-5 mph,Unknown Injury,Unknown/Missing,NA,Pickup,No,10OCT2014,Friday,Motorist Failed to Yield - Sign-Controlled Intersection,19,Intersection,October,O: No Injury,19:46:00,Motorist Drive Out - Sign-Controlled Intersection,2014,No,Yes,Daylight,Straight - Level,Local Street,Dry,"Two-Way, Not Divided",None,Four-Way Intersection,Smooth Asphalt,2 lanes,"35.8490170957, -78.6146326055"
657,Charlotte,Mecklenburg,Piedmont,Commercial,Urban (>70% Developed),E 7TH ST,Urban,30 - 35  MPH,Stop And Go Signal,Clear,No,23,20-24,NA,No,Facing Traffic,B: Evident Injury,Sidewalk / Crosswalk / Driveway Crossing,Black,Male,17,0-19,NA,No,31-35 mph,O: No Injury,White,Female,Passenger Car,No,17OCT2014,Friday,Motorist Right Turn / Merge,17,Intersection,October,B: Evident Injury,17:09:00,Motorist Right Turn - Opposite Direction,2014,Yes,No,Daylight,Straight - Level,Local Street,Dry,"Two-Way, Divided, Unprotected Median",None,Four-Way Intersection,Smooth Asphalt,4 lanes,"35.2253528819, -80.8347832394"
663,Raleigh,Wake,Piedmont,Commercial,Urban (>70% Developed),AVENT FERRY RD,Urban,30 - 35  MPH,Stop Sign,Clear,No,24,20-24,NA,No,Facing Traffic,C: Possible Injury,Sidewalk / Crosswalk / Driveway Crossing,Asian,Male,60,60-69,NA,No,0-5 mph,O: No Injury,Black,Female,Sport Utility,No,08OCT2014,Wednesday,Motorist Failed to Yield - Sign-Controlled Intersection,17,Intersection,October,C: Possible Injury,17:08:00,Motorist Drive Out - Sign-Controlled Intersection,2014,Yes,No,Daylight,Straight - Level,Local Street,Dry,"Two-Way, Not Divided",None,T-Intersection,Coarse Asphalt,2 lanes,"35.7678100753, -78.695627625"
653,Raleigh,Wake,Piedmont,Residential,Urban (>70% Developed),S PERSON ST,Urban,30 - 35  MPH,Stop And Go Signal,Clear,No,21,20-24,NA,No,Facing Traffic,O: No Injury,Sidewalk / Crosswalk / Driveway Crossing,Hispanic,Male,31,30-39,NA,No,0-5 mph,O: No Injury,Black,Female,Sport Utility,No,11OCT2014,Saturday,Bicyclist Failed to Yield - Signalized Intersection,10,Intersection,October,O: No Injury,10:22:00,Bicyclist Ride Through - Signalized Intersection,2014,Yes,No,Daylight,Straight - Level,Local Street,Dry,"One-Way, Not Divided",None,Four-Way Intersection,Coarse Asphalt,2 lanes,"35.7692830778, -78.6354476068"
643,Greenville,Pitt,Coastal,Residential,Urban (>70% Developed),W 14TH AV,Urban,30 - 35  MPH,Stop And Go Signal,Clear,No,46,40-49,NA,No,Facing Traffic,B: Evident Injury,Travel Lane,Black,Male,43,40-49,NA,No,0-5 mph,O: No Injury,White,Female,Sport Utility,No,01OCT2014,Wednesday,Motorist Failed to Yield - Sign-Controlled Intersection,6,Intersection,October,B: Evident Injury,06:45:00,Motorist Drive Out - Sign-Controlled Intersection,2014,Yes,No,Daylight,Straight - Level,Local Street,Dry,"Two-Way, Not Divided",None,No Special Feature,Coarse Asphalt,5 lanes,"35.6064030851, -77.3840922184"
662,Raleigh,Wake,Piedmont,Commercial,Urban (>70% Developed),HILLSBOROUGH ST,Urban,30 - 35  MPH,No Control Present,Clear,No,37,30-39,NA,No,With Traffic,C: Possible Injury,Bike Lane / Paved Shoulder,White,Male,18,0-19,NA,No,31-35 mph,O: No Injury,Black,Female,Passenger Car,No,06OCT2014,Monday,Bicyclist Overtaking Motorist,18,Non-Intersection,October,C: Possible Injury,18:33:00,Bicyclist Overtaking - Extended Door,2014,No,Yes,Daylight,Straight - Level,Local Street,Dry,"Two-Way, Not Divided",None,No Special Feature,Smooth Asphalt,2 lanes,"35.7875210802, -78.6669226176"
638,None - Rural Crash,Cumberland,Coastal,Commercial,Urban (>70% Developed),SR 1141,Rural,40 - 45  MPH,No Control Present,Clear,No,37,30-39,NA,No,With Traffic,B: Evident Injury,Travel Lane,White,Male,70+,70+,NA,No,36-40 mph,O: No Injury,Black,Male,Sport Utility,No,19SEP2014,Friday,Motorist Overtaking Bicyclist,14,Non-Intersection,September,B: Evident Injury,14:48:00,Motorist Overtaking - Bicyclist Swerved,2014,Yes,No,Daylight,Straight - Hillcrest,State Secondary Route,Dry,"Two-Way, Not Divided",None,No Special Feature,Coarse Asphalt,4 lanes,"35.0111069027, -78.9481526625"
649,Morrisville,Wake,Piedmont,Commercial,Mixed (30% To 70% Developed),LAKE GROVE BLV,Urban,5 - 15 MPH,Stop Sign,Clear,No,46,40-49,NA,No,With Traffic,O: No Injury,Travel Lane,White,Female,49,40-49,NA,No,0-5 mph,O: No Injury,White,Female,Sport Utility,No,14OCT2014,Tuesday,Motorist Failed to Yield - Midblock,17,Non-Intersection,October,C: Possible Injury,17:32:00,Motorist Drive Out - Commercial Driveway / Alley,2014,No,No,Daylight,Straight - Level,Local Street,Dry,"Two-Way, Not Divided",None,No Special Feature,Smooth Asphalt,2 lanes,"35.8227420811, -78.8472526744"
656,Durham,Durham,Piedmont,Residential,Mixed (30% To 70% Developed),CHANDLER RD,Urban,30 - 35  MPH,No Control Present,Clear,No,39,30-39,NA,No,With Traffic,B: Evident Injury,Travel Lane,Hispanic,Male,61,60-69,NA,No,31-35 mph,O: No Injury,Black,Male,Sport Utility,No,14OCT2014,Tuesday,Motorist Left Turn / Merge,19,Intersection,October,B: Evident Injury,19:18:00,Motorist Left Turn - Opposite Direction,2014,Yes,No,Dark - Lighted Roadway,Straight - Grade,Local Street,Dry,"Two-Way, Not Divided",None,T-Intersection,Smooth Asphalt,2 lanes,"35.9951131189, -78.833246679"
812,Siler City,Chatham,Piedmont,Commercial,Mixed (30% To 70% Developed),E ELEVENTH ST,Urban,40 - 45  MPH,Stop And Go Signal,Clear,No,48,40-49,NA,No,With Traffic,Unknown Injury,Travel Lane,Unknown/Missing,Male,NA,NA,NA,Missing,41-45 mph,Unknown Injury,Unknown/Missing,NA,NA,No,21DEC2014,Sunday,Motorist Overtaking Bicyclist,10,Non-Intersection,December,Unknown Injury,10:23:00,Motorist Overtaking - Other / Unknown,2014,No,Yes,Dark - Lighted Roadway,Straight - Level,Local Street,Dry,"Two-Way, Divided, Unprotected Median",None,No Special Feature,Smooth Asphalt,4 lanes,"35.7339470419, -79.4357628478"
805,Fayetteville,Cumberland,Coastal,Commercial,Urban (>70% Developed),SKIBO RD,Urban,40 - 45  MPH,Stop And Go Signal,Clear,No,14,11-15,NA,No,With Traffic,O: No Injury,Travel Lane,Black,Male,25,25-29,NA,No,0-5 mph,O: No Injury,Black,Female,Passenger Car,No,17DEC2014,Wednesday,Bicyclist Failed to Yield - Signalized Intersection,13,Intersection,December,O: No Injury,13:43:00,Bicyclist Failed to Clear - Trapped,2014,No,No,Daylight,Straight - Level,Local Street,Dry,"Two-Way, Divided, Positive Median Barrier",None,Four-Way Intersection,Smooth Asphalt,4 lanes,"35.0523469113, -78.9736826727"
804,Erwin,Harnett,Coastal,Residential,Mixed (30% To 70% Developed),MAYNARD LAKE ROAD,Rural,30 - 35  MPH,No Control Present,Clear,No,32,30-39,NA,No,With Traffic,A: Disabling Injury,Travel Lane,White,Male,NA,NA,NA,Missing,36-40 mph,Unknown Injury,Unknown/Missing,NA,NA,No,11DEC2014,Thursday,Other / Unusual Circumstances,17,Non-Intersection,December,A: Disabling Injury,17:24:00,Motorist Intentionally Caused,2014,Yes,Yes,Daylight,Straight - Level,Local Street,Dry,"Two-Way, Not Divided",None,No Special Feature,Coarse Asphalt,2 lanes,"35.3356429833, -78.6697875946"
815,Raleigh,Wake,Piedmont,Commercial,Urban (>70% Developed),WOODBURN RD,Urban,20 - 25  MPH,No Control Present,Clear,No,27,25-29,NA,No,With Traffic,C: Possible Injury,Travel Lane,White,Male,50,50-59,NA,No,21-25 mph,O: No Injury,White,Male,Passenger Car,No,31DEC2014,Wednesday,Motorist Left Turn / Merge,13,Non-Intersection,December,C: Possible Injury,13:56:00,Motorist Left Turn - Opposite Direction,2014,Yes,No,Daylight,Straight - Level,Local Street,Dry,"Two-Way, Not Divided",None,No Special Feature,Smooth Asphalt,3 lanes,"35.7899700811, -78.6593276153"
813,Carrboro,Orange,Piedmont,Residential,Urban (>70% Developed),N GREENSBORO ST,Urban,30 - 35  MPH,Stop Sign,Clear,No,28,25-29,NA,No,With Traffic,O: No Injury,Bike Lane / Paved Shoulder,White,Male,19,0-19,NA,No,31-35 mph,O: No Injury,White,Female,Passenger Car,No,26MAY2014,Monday,Motorist Right Turn / Merge,17,Intersection,May,O: No Injury,17:31:00,Motorist Right Turn - Same Direction,2014,No,No,Daylight,Straight - Level,Local Street,Dry,"Two-Way, Not Divided",None,No Special Feature,Smooth Asphalt,2 lanes,"35.9208330941, -79.0799527501"
826,Winterville,Pitt,Coastal,Commercial,Urban (>70% Developed),RAILROAD ST,Urban,5 - 15 MPH,Stop Sign,Clear,No,54,50-59,NA,No,Facing Traffic,C: Possible Injury,Travel Lane,Black,Male,64,60-69,NA,No,0-5 mph,O: No Injury,Black,Female,Passenger Car,No,17DEC2014,Wednesday,Motorist Failed to Yield - Sign-Controlled Intersection,16,Intersection,December,C: Possible Injury,16:05:00,Motorist Drive Out - Sign-Controlled Intersection,2014,Yes,No,Daylight,Straight - Level,Local Street,Dry,"Two-Way, Divided, Unprotected Median",None,Four-Way Intersection,Smooth Asphalt,2 lanes,"35.528892068, -77.4021172202"
843,Williamston,Martin,Coastal,Commercial,Urban (>70% Developed),E MAIN ST,Urban,20 - 25  MPH,Stop And Go Signal,Clear,No,25,25-29,NA,No,With Traffic,B: Evident Injury,Travel Lane,White,Male,61,60-69,NA,No,16-20 mph,O: No Injury,White,Female,Passenger Car,No,11MAY2014,Sunday,Bicyclist Failed to Yield - Signalized Intersection,18,Intersection,May,B: Evident Injury,18:05:00,Bicyclist Ride Through - Signalized Intersection,2014,Yes,No,Daylight,Straight - Level,Public Vehicular Area,Dry,"Two-Way, Not Divided",None,Four-Way Intersection,Coarse Asphalt,4 lanes,"35.8550871508, -77.0548881309"
846,Woodfin,Buncombe,Mountains,Commercial,Urban (>70% Developed),US 19,Rural,40 - 45  MPH,No Control Present,Clear,No,61,60-69,NA,No,With Traffic,B: Evident Injury,Travel Lane,White,Male,70+,70+,NA,No,31-35 mph,O: No Injury,White,Male,Van,No,16APR2014,Wednesday,Motorist Overtaking Bicyclist,22,Non-Intersection,April,B: Evident Injury,22:40:00,Motorist Overtaking - Undetected Bicyclist,2014,Yes,No,Dark - Roadway Not Lighted,Straight - Grade,US Route,Dry,"Two-Way, Not Divided",None,No Special Feature,Smooth Asphalt,2 lanes,"35.6529989065, -82.5805537812"
844,Hertford,Perquimans,Coastal,Residential,Mixed (30% To 70% Developed),CENTER HILL HIGHWAY,Rural,NA,Stop Sign,Clear,No,17,16-19,NA,No,With Traffic,C: Possible Injury,Travel Lane,White,Male,49,40-49,NA,No,NA,O: No Injury,White,Male,Pickup,No,30SEP2014,Tuesday,Motorist Overtaking Bicyclist,16,Non-Intersection,September,C: Possible Injury,16:20:00,Motorist Overtaking - Bicyclist Swerved,2014,Yes,No,Daylight,Straight - Level,Local Street,Dry,"Two-Way, Divided, Unprotected Median",None,No Special Feature,Smooth Asphalt,NA,"36.1990352433, -76.5081219804"
838,Dunn,Harnett,Coastal,Commercial,Mixed (30% To 70% Developed),301,Urban,30 - 35  MPH,No Control Present,Clear,No,37,30-39,NA,No,Facing Traffic,B: Evident Injury,Travel Lane,Unknown/Missing,Male,52,50-59,NA,"Yes-Drugs, impairment suspected",31-35 mph,O: No Injury,White,Male,Pickup,No,16JAN2014,Thursday,Head-On,18,Non-Intersection,January,B: Evident Injury,18:55:00,Head-On - Bicyclist,2014,Yes,No,Dark - Lighted Roadway,Straight - Level,US Route,Dry,"Two-Way, Not Divided",None,No Special Feature,Smooth Asphalt,2 lanes,"35.3017189775, -78.6130325759"
829,Cullowhee,Jackson,Mountains,Institutional,Urban (>70% Developed),PVA KILLIAN BUILDING LANE,Rural,20 - 25  MPH,No Control Present,Clear,No,19,16-19,NA,No,With Traffic,B: Evident Injury,Travel Lane,White,Male,20,20-24,NA,No,0-5 mph,O: No Injury,White,Male,Passenger Car,No,21NOV2014,Friday,Bicyclist Overtaking Motorist,13,Intersection,November,B: Evident Injury,13:26:00,Bicyclist Overtaking - Other / Unknown,2014,Yes,No,Daylight,Straight - Level,Local Street,Dry,"Two-Way, Not Divided",None,T-Intersection,Smooth Asphalt,2 lanes,"35.3105538117, -83.1802439378"
847,Chapel Hill,Orange,Piedmont,Institutional,Urban (>70% Developed),MCCAULEY ST,Urban,20 - 25  MPH,Stop And Go Signal,Cloudy,No,35,30-39,NA,No,With Traffic,C: Possible Injury,Travel Lane,White,Male,52,50-59,NA,No,0-5 mph,O: No Injury,White,Male,Van,No,28JAN2014,Tuesday,Motorist Left Turn / Merge,10,Intersection,January,C: Possible Injury,10:34:00,Motorist Left Turn - Opposite Direction,2014,No,No,Daylight,Straight - Level,Local Street,Dry,"Two-Way, Not Divided",None,No Special Feature,Smooth Asphalt,3 lanes,"35.908167092, -79.0546527415"
822,Burlington,Alamance,Piedmont,Commercial,Urban (>70% Developed),W MOREHEAD ST,Urban,20 - 25  MPH,No Control Present,Clear,No,38,30-39,NA,No,With Traffic,C: Possible Injury,NA,Black,Male,70+,70+,NA,No,11-15 mph,O: No Injury,White,Female,Van,No,15DEC2014,Monday,Motorist Right Turn / Merge,17,Non-Intersection,December,C: Possible Injury,17:39:00,Motorist Right Turn - Same Direction,2014,No,No,Dusk,Straight - Grade,Local Street,Dry,"Two-Way, Not Divided",None,No Special Feature,Smooth Asphalt,2 lanes,"36.0928801176, -79.4405088681"
840,Dunn,Harnett,Coastal,Residential,Mixed (30% To 70% Developed),SAINTS ST,Urban,30 - 35  MPH,No Control Present,Clear,No,6,6-10,NA,NA,Facing Traffic,C: Possible Injury,Travel Lane,White,Female,50,50-59,NA,No,0-5 mph,O: No Injury,White,Male,Passenger Car,No,01JUL2014,Tuesday,Head-On,19,Non-Intersection,July,C: Possible Injury,19:00:00,Head-On - Bicyclist,2014,No,No,Daylight,Straight - Level,Local Street,Dry,"One-Way, Not Divided",None,No Special Feature,Coarse Asphalt,2 lanes,"35.3343799846, -78.602492575"
919,Spindale,Rutherford,Mountains,Residential,Mixed (30% To 70% Developed),PINEY RIDGE RD,Rural,30 - 35  MPH,"Double Yellow Line, No Passing Zone",Clear,No,63,60-69,No,NA,With Traffic,B: Evident Injury,Bike Lane / Paved Shoulder,Black,Male,19,0-19,No,NA,31-35 mph,O: No Injury,White,Male,Sport Utility,No,29JAN2013,Tuesday,Motorist Overtaking Bicyclist,19,Non-Intersection,January,B: Evident Injury,19:31:00,Motorist Overtaking - Other / Unknown,2013,Yes,No,Dark - Lighted Roadway,Straight - Level,Local Street,Dry,"Two-Way, Divided, Unprotected Median",None,No Special Feature,Smooth Asphalt,2 lanes,"35.3346868655, -81.9185035668"
962,Charlotte,Mecklenburg,Piedmont,Residential,Mixed (30% To 70% Developed),SHARON RD,Urban,30 - 35  MPH,No Control Present,Cloudy,No,19,16-19,No,NA,Facing Traffic,O: No Injury,Sidewalk / Crosswalk / Driveway Crossing,White,Male,NA,NA,Missing,NA,6-10 mph,Unknown Injury,Unknown/Missing,NA,NA,No,14MAR2013,Thursday,Motorist Failed to Yield - Midblock,17,Non-Intersection,March,O: No Injury,17:00:00,Motorist Drive Out - Commercial Driveway / Alley,2013,No,Yes,Daylight,Straight - Level,Public Vehicular Area,Dry,"Two-Way, Not Divided",None,"Driveway, Public",Smooth Asphalt,2 lanes,"35.1323668618, -80.8386032353"
881,High Point,Guilford,Piedmont,Commercial,Urban (>70% Developed),W WARD AVE,Urban,30 - 35  MPH,Stop And Go Signal,Clear,No,23,20-24,No,NA,Facing Traffic,C: Possible Injury,Sidewalk / Crosswalk / Driveway Crossing,Black,Male,55,50-59,No,NA,21-25 mph,O: No Injury,White,Female,Sport Utility,No,08JAN2013,Tuesday,Bicyclist Failed to Yield - Signalized Intersection,13,Intersection,January,C: Possible Injury,13:58:00,Bicyclist Ride Through - Signalized Intersection,2013,Yes,No,Daylight,Straight - Level,Local Street,Dry,"Two-Way, Not Divided",None,Four-Way Intersection,Coarse Asphalt,2 lanes,"35.9381970634, -80.0235030359"
922,None - Rural Crash,Buncombe,Mountains,"Farms, Woods, Pastures",Rural (<30% Developed),NC 251,Rural,50 - 55  MPH,Stop Sign,Cloudy,No,31,30-39,No,NA,With Traffic,B: Evident Injury,Travel Lane,White,Male,54,50-59,No,NA,0-5 mph,O: No Injury,White,Male,Sport Utility,No,01MAR2013,Friday,Motorist Failed to Yield - Sign-Controlled Intersection,15,Intersection,March,B: Evident Injury,15:35:00,Motorist Drive Out - Sign-Controlled Intersection,2013,Yes,No,Daylight,Straight - Level,NC Route,Dry,"Two-Way, Not Divided",None,Four-Way Intersection,Smooth Asphalt,2 lanes,"35.6674669092, -82.6048037896"
885,Chapel Hill,Orange,Piedmont,Residential,Urban (>70% Developed),CHURCH ST,Urban,20 - 25  MPH,Stop Sign,Cloudy,No,20,20-24,No,NA,With Traffic,B: Evident Injury,Travel Lane,White,Male,53,50-59,No,NA,11-15 mph,O: No Injury,White,Female,Passenger Car,No,17JAN2013,Thursday,Bicyclist Failed to Yield - Sign-Controlled Intersection,10,Intersection,January,B: Evident Injury,10:45:00,Bicyclist Ride Through - Sign-Controlled Intersection,2013,Yes,No,Daylight,Straight - Grade,Local Street,Wet,"Two-Way, Not Divided",None,No Special Feature,Smooth Asphalt,2 lanes,"35.9174070937, -79.0612027437"
953,High Point,Guilford,Piedmont,Commercial,Urban (>70% Developed),WESTCHESTER DR,Urban,40 - 45  MPH,No Control Present,Cloudy,No,14,11-15,No,NA,Not Applicable,B: Evident Injury,Non-Roadway,White,Male,20,20-24,No,NA,11-15 mph,O: No Injury,Hispanic,Male,Passenger Car,No,02MAR2013,Saturday,Crossing Paths - Other Circumstances,10,Non-Intersection,March,B: Evident Injury,10:36:00,Crossing Paths - Midblock - Other / Unknown,2013,Yes,No,Daylight,Straight - Level,NC Route,Dry,"Two-Way, Not Divided",None,No Special Feature,Smooth Asphalt,5 lanes,"35.9822070732, -80.022703038"
937,Asheville,Buncombe,Mountains,Commercial,Urban (>70% Developed),US 70,Urban,40 - 45  MPH,No Control Present,Clear,No,19,16-19,No,NA,Not Applicable,C: Possible Injury,Non-Roadway,Black,Male,54,50-59,No,NA,41-45 mph,O: No Injury,White,Male,Motorcycle,No,27FEB2013,Wednesday,Crossing Paths - Other Circumstances,11,Intersection-Related,February,C: Possible Injury,11:17:00,Sign-Controlled Intersection - Other / Unknown,2013,Yes,No,Daylight,Straight - Grade,US Route,Dry,"Two-Way, Not Divided",None,Four-Way Intersection,Coarse Asphalt,4 lanes,"35.5865668955, -82.5068037552"
893,None - Rural Crash,Randolph,Piedmont,"Farms, Woods, Pastures",Rural (<30% Developed),SR 1928,Rural,40 - 45  MPH,No Control Present,Clear,No,42,40-49,No,NA,With Traffic,B: Evident Injury,Travel Lane,White,Male,70+,70+,No,NA,26-30 mph,O: No Injury,White,Male,Pickup,No,09FEB2013,Saturday,Motorist Right Turn / Merge,13,Intersection,February,B: Evident Injury,13:52:00,Motorist Right Turn - Same Direction,2013,Yes,No,Daylight,Straight - Grade,State Secondary Route,Dry,"Two-Way, Not Divided",None,On or Off Ramp,Smooth Asphalt,2 lanes,"35.8750170548, -79.9002029945"
899,Kill Devil Hills,Dare,Coastal,Commercial,Urban (>70% Developed),PVA THIRD ST KANGAROO,Urban,NA,No Control Present,Clear,No,50,50-59,Yes,NA,Not Applicable,B: Evident Injury,Non-Roadway,White,Male,23,20-24,No,NA,6-10 mph,O: No Injury,White,Female,Passenger Car,Yes,30JAN2013,Wednesday,Non-Roadway,17,Non-Roadway,January,B: Evident Injury,17:30:00,Non-Roadway,2013,Yes,No,Daylight,Straight - Level,Public Vehicular Area,Dry,"Two-Way, Not Divided",None,"Driveway, Public",Concrete,NA,"36.0341972347, -75.6737017147"
5702,Rocky Mount,Nash,Coastal,Residential,Urban (>70% Developed),NA,Urban,30 - 35  MPH,Stop Sign,Cloudy,No,14,11-15,No,NA,With Traffic,O: No Injury,Sidewalk / Crosswalk / Driveway Crossing,Black,Male,46,40-49,No,NA,31-35 mph,O: No Injury,Black,Female,Passenger Car,No,20APR2008,Sunday,Bicyclist Failed to Yield - Sign-Controlled Intersection,17,Intersection,April,O: No Injury,17:04:00,Bicyclist Ride Through - Sign-Controlled Intersection,2008,No,No,Daylight,Straight - Level,Local Street,Dry,"One-Way, Not Divided",None,T-Intersection,Coarse Asphalt,2 lanes,"35.9433701435, -77.8048223635"
5711,Raleigh,Wake,Piedmont,Commercial,Urban (>70% Developed),NA,Urban,40 - 45  MPH,Stop And Go Signal,Clear,No,48,40-49,Yes,NA,Facing Traffic,B: Evident Injury,NA,Black,Male,45,40-49,No,NA,26-30 mph,O: No Injury,Black,Male,Passenger Car,Yes,19APR2008,Saturday,Bicyclist Failed to Yield - Signalized Intersection,15,Intersection,April,B: Evident Injury,15:34:00,Bicyclist Ride Out - Signalized  Intersection,2008,No,No,Daylight,Straight - Level,Local Street,Dry,"Two-Way, Divided, Unprotected Median",None,Four-Way Intersection,Smooth Asphalt,6 lanes,"35.8627430943, -78.7121226357"
6457,Benson,Johnston,Coastal,Commercial,Urban (>70% Developed),NA,Rural,30 - 35  MPH,Stop Sign,Clear,No,22,20-24,No,NA,With Traffic,C: Possible Injury,Travel Lane,Black,Male,39,30-39,No,NA,0-5 mph,O: No Injury,White,Female,Sport Utility,No,28OCT2008,Tuesday,Loss of Control / Turning Error,21,Intersection,October,C: Possible Injury,21:41:00,Bicyclist Turning Error - Right Turn,2008,Yes,No,Dark - Lighted Roadway,Straight - Level,Local Street,Dry,"Two-Way, Not Divided",None,T-Intersection,Smooth Asphalt,3 lanes,"35.3784329963, -78.5428825586"
6462,Eden,Rockingham,Piedmont,Residential,Urban (>70% Developed),NA,Urban,20 - 25  MPH,No Control Present,Clear,No,44,40-49,Yes,NA,With Traffic,C: Possible Injury,Travel Lane,White,Male,29,25-29,No,NA,26-30 mph,O: No Injury,Black,Female,Passenger Car,Yes,03JUL2008,Thursday,Bicyclist Left Turn / Merge,17,Non-Intersection,July,C: Possible Injury,17:10:00,Bicyclist Left Turn - Same Direction,2008,Yes,No,Daylight,Straight - Level,Local Street,Dry,"Two-Way, Not Divided",None,No Special Feature,Smooth Asphalt,2 lanes,"36.5020671917, -79.7738829922"