object_id,city,county,region,development,locality,on_road,rural_urban,speed_limit,traffic_control,weather,workzone,bike_age,bike_age_group,bike_alcohol,bike_alcohol_drugs,bike_direction,bike_injury,bike_position,bike_race,bike_sex,driver_age,driver_age_group,driver_alcohol,driver_alcohol_drugs,driver_est_speed,driver_injury,driver_race,driver_sex,driver_vehicle_type,crash_alcohol,crash_date,crash_day,crash_group,crash_hour,crash_location,crash_month,crash_severity,crash_time,crash_type,crash_year,ambulance_req,hit_run,light_condition,road_character,road_class,road_condition,road_configuration,road_defects,road_feature,road_surface,num_lanes,geo_point
6469,Stallings,Union,Piedmont,Commercial,Urban (>70% Developed),NA,Urban,20 - 25  MPH,No Control Present,Cloudy,No,37,30-39,No,NA,NA,B: Evident Injury,Non-Roadway,Black,Male,39,30-39,No,NA,6-10 mph,O: No Injury,White,Female,Passenger Car,No,15JAN2007,Monday,Non-Roadway,17,Non-Roadway,January,B: Evident Injury,17:55:00,Non-Roadway,2007,Yes,No,Dusk,Straight - Level,Public Vehicular Area,Dry,"Two-Way, Not Divided",None,No Special Feature,Smooth Asphalt,2 lanes,"35.0847388567, -80.6978231906"
6473,None - Rural Crash,Randolph,Piedmont,"Farms, Woods, Pastures",Rural (<30% Developed),NA,Rural,50 - 55  MPH,"Double Yellow Line, No Passing Zone",Cloudy,No,51,50-59,Yes,NA,With Traffic,A: Disabling Injury,Travel Lane,Black,Male,61,60-69,No,NA,41-45 mph,O: No Injury,White,Male,Pickup,Yes,06JAN2007,Saturday,Motorist Overtaking Bicyclist,19,Non-Intersection,January,A: Disabling Injury,19:10:00,Motorist Overtaking - Undetected Bicyclist,2007,No,No,Dark - Roadway Not Lighted,Straight - Level,State Secondary Route,Dry,"Two-Way, Not Divided",None,No Special Feature,Coarse Asphalt,2 lanes,"35.8392940585, -79.5900828997"
6476,Eden,Rockingham,Piedmont,Residential,Urban (>70% Developed),NA,Urban,30 - 35  MPH,No Control Present,Clear,No,39,30-39,No,NA,With Traffic,B: Evident Injury,Travel Lane,White,Male,70+,70+,No,NA,41-45 mph,Unknown Injury,Unknown/Missing,Male,Passenger Car,No,20FEB2007,Tuesday,Motorist Overtaking Bicyclist,9,Intersection-Related,February,B: Evident Injury,09:46:00,Motorist Overtaking - Other / Unknown,2007,No,Yes,Daylight,Straight - Grade,Local Street,Dry,"Two-Way, Not Divided",NA,No Special Feature,Smooth Asphalt,2 lanes,"36.512695194, -79.7597129884"
6477,Cary,Wake,Piedmont,Commercial,Urban (>70% Developed),NA,Urban,30 - 35  MPH,No Control Present,Clear,No,19,16-19,Yes,NA,Facing Traffic,A: Disabling Injury,Travel Lane,Hispanic,Male,24,20-24,Yes,NA,31-35 mph,O: No Injury,White,Female,Passenger Car,Yes,10FEB2007,Saturday,Bicyclist Right Turn / Merge,21,Non-Intersection,February,A: Disabling Injury,21:11:00,Bicyclist Right Turn - Opposite Direction,2007,Yes,No,Dark - Lighted Roadway,Straight - Level,State Secondary Route,Dry,"Two-Way, Not Divided",None,No Special Feature,Smooth Asphalt,4 lanes,"35.7906770771, -78.7709226495"
6488,Winston-Salem,Forsyth,Piedmont,Commercial,Urban (>70% Developed),NA,Urban,30 - 35  MPH,No Control Present,Clear,No,54,50-59,No,NA,Facing Traffic,C: Possible Injury,Travel Lane,Black,Male,46,40-49,No,NA,31-35 mph,O: No Injury,White,Male,Passenger Car,No,08JAN2007,Monday,Head-On,15,Non-Intersection,January,C: Possible Injury,15:01:00,Head-On - Bicyclist,2007,No,No,Daylight,Straight - Level,Local Street,Dry,"Two-Way, Not Divided",None,T-Intersection,Coarse Asphalt,2 lanes,"36.1222870947, -80.2329631092"
6495,Charlotte,Mecklenburg,Piedmont,Residential,Urban (>70% Developed),NA,Urban,40 - 45  MPH,No Control Present,Clear,No,42,40-49,No,NA,With Traffic,K: Killed,Bike Lane / Paved Shoulder,White,Male,27,25-29,Yes,NA,36-40 mph,O: No Injury,White,Female,Passenger Car,Yes,09JAN2007,Tuesday,Motorist Overtaking Bicyclist,8,Non-Intersection,January,K: Killed,08:22:00,Motorist Overtaking - Other / Unknown,2007,Yes,No,Daylight,Straight - Level,Local Street,Dry,"Two-Way, Not Divided",None,No Special Feature,Smooth Asphalt,2 lanes,"35.1758368757, -80.7123632003"
6496,Greenville,Pitt,Coastal,Commercial,Urban (>70% Developed),NA,Urban,40 - 45  MPH,Stop And Go Signal,Clear,No,51,50-59,No,NA,With Traffic,C: Possible Injury,Travel Lane,Black,Male,34,30-39,No,NA,0-5 mph,O: No Injury,Black,Male,Passenger Car,No,09JAN2007,Tuesday,Crossing Paths - Other Circumstances,23,Intersection-Related,January,C: Possible Injury,23:09:00,Crossing Paths - Intersection - Other / Unknown,2007,Yes,No,Dark - Lighted Roadway,Straight - Level,Local Street,Dry,"Two-Way, Divided, Unprotected Median",None,Four-Way Intersection,Smooth Asphalt,5 lanes,"35.6129910868, -77.3926522211"
3043,None - Rural Crash,Iredell,Piedmont,"Farms, Woods, Pastures",Rural (<30% Developed),NA,Rural,50 - 55  MPH,No Control Present,Clear,No,15,11-15,No,NA,With Traffic,B: Evident Injury,Travel Lane,White,Male,28,25-29,No,NA,41-45 mph,O: No Injury,White,Male,Passenger Car,No,03JUN2011,Friday,Motorist Overtaking Bicyclist,21,Non-Intersection,June,B: Evident Injury,21:09:00,Motorist Overtaking - Other / Unknown,2011,Yes,No,Dark - Roadway Not Lighted,Straight - Bottom,State Secondary Route,Dry,"Two-Way, Not Divided",None,No Special Feature,Smooth Asphalt,2 lanes,"35.7099069868, -80.7772032491"
3047,Monroe,Union,Piedmont,Residential,Urban (>70% Developed),NA,Urban,30 - 35  MPH,No Control Present,Clear,No,8,6-10,No,NA,Facing Traffic,B: Evident Injury,Travel Lane,Black,Male,26,25-29,No,NA,31-35 mph,O: No Injury,Hispanic,Male,Passenger Car,No,15MAY2011,Sunday,Head-On,19,Non-Intersection,May,B: Evident Injury,19:34:00,Head-On - Bicyclist,2011,Yes,No,Daylight,Straight - Grade,Local Street,Dry,"Two-Way, Not Divided",None,No Special Feature,Smooth Asphalt,2 lanes,"34.9906768435, -80.5014031272"
3048,Chapel Hill,Orange,Piedmont,Commercial,Urban (>70% Developed),NA,Urban,40 - 45  MPH,No Control Present,Clear,No,48,40-49,No,NA,With Traffic,C: Possible Injury,Bike Lane / Paved Shoulder,White,Male,NA,NA,Missing,NA,41-45 mph,Unknown Injury,Unknown/Missing,NA,NA,No,16MAY2011,Monday,Motorist Overtaking Bicyclist,13,Non-Intersection,May,C: Possible Injury,13:14:00,Motorist Overtaking - Misjudged Space,2011,No,Yes,Daylight,Straight - Level,US Route,Dry,"Two-Way, Divided, Unprotected Median",None,On or Off Ramp,Concrete,4 lanes,"35.9093570932, -79.0269027337"
3049,Salisbury,Rowan,Piedmont,Commercial,Urban (>70% Developed),NA,Urban,30 - 35  MPH,Stop And Go Signal,Clear,No,40,40-49,No,NA,With Traffic,C: Possible Injury,Travel Lane,White,Male,50,50-59,No,NA,0-5 mph,O: No Injury,Black,Female,Sport Utility,No,06JUN2011,Monday,Motorist Right Turn / Merge,15,Intersection,June,C: Possible Injury,15:44:00,Motorist Right Turn - Same Direction,2011,No,Yes,Daylight,Straight - Level,Local Street,Dry,"Two-Way, Not Divided",None,No Special Feature,Smooth Asphalt,2 lanes,"35.6572569869, -80.4877031587"
3051,Raleigh,Wake,Piedmont,Institutional,Mixed (30% To 70% Developed),NA,Urban,20 - 25  MPH,Stop And Go Signal,Clear,No,NA,NA,Missing,NA,Facing Traffic,Unknown Injury,NA,Unknown/Missing,NA,35,30-39,No,NA,0-5 mph,O: No Injury,Black,Male,Sport Utility,No,16MAY2011,Monday,Head-On,7,Intersection,May,O: No Injury,07:18:00,Head-On - Bicyclist,2011,No,No,Daylight,Straight - Hillcrest,Local Street,Dry,"Two-Way, Not Divided",None,Four-Way Intersection,Smooth Asphalt,3 lanes,"35.7824270788, -78.6787026213"
3053,Apex,Wake,Piedmont,Residential,Mixed (30% To 70% Developed),NA,Urban,40 - 45  MPH,Stop Sign,Clear,No,17,16-19,No,NA,With Traffic,C: Possible Injury,Travel Lane,White,Male,17,0-19,No,NA,6-10 mph,O: No Injury,Black,Male,Passenger Car,No,06JUN2011,Monday,Motorist Failed to Yield - Sign-Controlled Intersection,15,Intersection,June,C: Possible Injury,15:32:00,Motorist Drive Out - Sign-Controlled Intersection,2011,No,No,Daylight,Straight - Level,NC Route,Dry,"Two-Way, Not Divided",None,Four-Way Intersection,Smooth Asphalt,2 lanes,"35.6901870536, -78.8339026628"
3059,None - Rural Crash,Wake,Piedmont,Residential,Mixed (30% To 70% Developed),NA,Rural,50 - 55  MPH,"Double Yellow Line, No Passing Zone",Clear,No,18,16-19,No,NA,With Traffic,B: Evident Injury,Bike Lane / Paved Shoulder,White,Male,44,40-49,No,NA,41-45 mph,O: No Injury,White,Male,Motor Home/Recreational Vehicle,No,10JUN2011,Friday,Motorist Overtaking Bicyclist,18,Non-Intersection,June,B: Evident Injury,18:15:00,Motorist Overtaking - Bicyclist Swerved,2011,Yes,No,Daylight,Straight - Level,NC Route,Dry,"Two-Way, Not Divided",None,No Special Feature,Smooth Asphalt,2 lanes,"35.9778571288, -78.4438025602"
3060,None - Rural Crash,Cabarrus,Piedmont,Residential,Mixed (30% To 70% Developed),NA,Rural,50 - 55  MPH,No Control Present,Clear,No,30,30-39,No,NA,With Traffic,C: Possible Injury,Travel Lane,White,Male,70+,70+,No,NA,51-55 mph,O: No Injury,White,Female,Passenger Car,No,11JUN2011,Saturday,Bicyclist Left Turn / Merge,20,Intersection,June,C: Possible Injury,20:15:00,Bicyclist Left Turn - Same Direction,2011,No,No,Daylight,Straight - Grade,State Secondary Route,Dry,"Two-Way, Not Divided",None,T-Intersection,Smooth Asphalt,2 lanes,"35.44625694, -80.5475031651"
3064,Asheboro,Randolph,Piedmont,Residential,Urban (>70% Developed),NA,Urban,30 - 35  MPH,No Control Present,Clear,No,14,11-15,No,NA,With Traffic,B: Evident Injury,Travel Lane,White,Male,27,25-29,No,NA,31-35 mph,O: No Injury,White,Female,Passenger Car,No,24MAY2011,Tuesday,Bicyclist Left Turn / Merge,7,Non-Intersection,May,B: Evident Injury,07:43:00,Bicyclist Left Turn - Same Direction,2011,Yes,No,Daylight,Straight - Level,State Secondary Route,Dry,"Two-Way, Not Divided",None,No Special Feature,Smooth Asphalt,2 lanes,"35.6978170196, -79.8204029612"
3068,Charlotte,Mecklenburg,Piedmont,Residential,Urban (>70% Developed),NA,Urban,40 - 45  MPH,No Control Present,Clear,No,29,25-29,No,NA,With Traffic,B: Evident Injury,Sidewalk / Crosswalk / Driveway Crossing,Other,Male,30,30-39,No,NA,11-15 mph,O: No Injury,White,Female,Passenger Car,No,26MAY2011,Thursday,Motorist Left Turn / Merge,19,Intersection,May,B: Evident Injury,19:25:00,Motorist Left Turn - Opposite Direction,2011,Yes,No,Daylight,Straight - Level,Local Street,Dry,"Two-Way, Not Divided",None,No Special Feature,Smooth Asphalt,4 lanes,"35.1626968664, -80.9006032558"
3075,Durham,Durham,Piedmont,Residential,Mixed (30% To 70% Developed),NA,Urban,30 - 35  MPH,Stop Sign,Clear,No,26,25-29,No,NA,NA,C: Possible Injury,Travel Lane,White,Female,25,25-29,No,NA,0-5 mph,O: No Injury,Hispanic,Female,Passenger Car,No,15JUN2011,Wednesday,Crossing Paths - Other Circumstances,18,Intersection,June,C: Possible Injury,18:45:00,Crossing Paths - Intersection - Other / Unknown,2011,Yes,No,Daylight,Straight - Level,Local Street,Dry,"Two-Way, Not Divided",None,No Special Feature,Smooth Asphalt,2 lanes,"36.0121671195, -78.9055027019"
3077,Raleigh,Wake,Piedmont,Residential,Urban (>70% Developed),NA,Urban,5 - 15 MPH,Stop Sign,Clear,No,6,6-10,No,NA,With Traffic,A: Disabling Injury,Travel Lane,Black,Male,50,50-59,Yes,NA,0-5 mph,O: No Injury,Black,Female,Sport Utility,Yes,29MAY2011,Sunday,Bicyclist Failed to Yield - Sign-Controlled Intersection,15,Intersection,May,A: Disabling Injury,15:51:00,Bicyclist Ride Through - Sign-Controlled Intersection,2011,Yes,No,Daylight,Straight - Grade,Local Street,Dry,"Two-Way, Not Divided",None,Four-Way Intersection,Smooth Asphalt,2 lanes,"35.7721070776, -78.6386026089"
3083,Wilmington,New Hanover,Coastal,Residential,Urban (>70% Developed),NA,Urban,40 - 45  MPH,Stop Sign,Clear,No,32,30-39,No,NA,With Traffic,B: Evident Injury,Travel Lane,White,Male,23,20-24,No,NA,0-5 mph,O: No Injury,Black,Male,School Bus,No,26MAY2011,Thursday,Motorist Failed to Yield - Sign-Controlled Intersection,7,Intersection,May,B: Evident Injury,07:51:00,Motorist Drive Out - Sign-Controlled Intersection,2011,No,No,Daylight,Straight - Level,Local Street,Dry,"Two-Way, Not Divided",None,No Special Feature,Coarse Asphalt,2 lanes,"34.2489067714, -77.8897023056"
3085,None - Rural Crash,Craven,Coastal,Residential,Urban (>70% Developed),NA,Rural,30 - 35  MPH,No Control Present,Clear,No,8,6-10,No,NA,Facing Traffic,C: Possible Injury,Travel Lane,Unknown/Missing,Male,20,20-24,No,NA,31-35 mph,O: No Injury,White,Male,Passenger Car,No,13JUN2011,Monday,Bicyclist Right Turn / Merge,18,Non-Intersection,June,C: Possible Injury,18:38:00,Bicyclist Right Turn - Same Direction,2011,No,No,Daylight,Straight - Level,State Secondary Route,Dry,"Two-Way, Not Divided",None,No Special Feature,Coarse Asphalt,2 lanes,"35.0889769875, -76.9493020597"
3088,High Point,Guilford,Piedmont,Commercial,Urban (>70% Developed),NA,Urban,30 - 35  MPH,Stop And Go Signal,Clear,No,20,20-24,No,NA,With Traffic,C: Possible Injury,Travel Lane,White,Male,28,25-29,No,NA,11-15 mph,O: No Injury,White,Female,Passenger Car,No,30MAY2011,Monday,Bicyclist Failed to Yield - Signalized Intersection,9,Intersection,May,C: Possible Injury,09:15:00,Bicyclist Ride Through - Signalized Intersection,2011,No,No,Daylight,Straight - Level,Local Street,Dry,"Two-Way, Not Divided",None,Four-Way Intersection,Coarse Asphalt,6 lanes,"35.9826170731, -80.0231030374"
3094,None - Rural Crash,Lenoir,Coastal,"Farms, Woods, Pastures",Rural (<30% Developed),NA,Rural,40 - 45  MPH,No Control Present,Clear,No,13,11-15,No,NA,With Traffic,C: Possible Injury,Travel Lane,White,Male,34,30-39,No,NA,31-35 mph,O: No Injury,Black,Female,Passenger Car,No,18JUN2011,Saturday,Motorist Overtaking Bicyclist,19,Non-Intersection,June,C: Possible Injury,19:22:00,Motorist Overtaking - Bicyclist Swerved,2011,Yes,No,Daylight,Straight - Level,State Secondary Route,Dry,"Two-Way, Not Divided",None,No Special Feature,Coarse Asphalt,2 lanes,"35.3112870075, -77.8038023311"
3100,Charlotte,Mecklenburg,Piedmont,Commercial,Urban (>70% Developed),NA,Urban,30 - 35  MPH,Stop Sign,Clear,No,21,20-24,No,NA,Facing Traffic,O: No Injury,Sidewalk / Crosswalk / Driveway Crossing,Unknown/Missing,Male,33,30-39,No,NA,0-5 mph,O: No Injury,White,Male,Passenger Car,No,02JUN2011,Thursday,Motorist Failed to Yield - Sign-Controlled Intersection,7,Intersection,June,O: No Injury,07:30:00,Motorist Drive Out - Sign-Controlled Intersection,2011,No,No,Daylight,Straight - Grade,Local Street,Dry,"Two-Way, Not Divided",None,No Special Feature,Smooth Asphalt,4 lanes,"35.2131368798, -80.827903237"
3102,Winston-Salem,Forsyth,Piedmont,Residential,Urban (>70% Developed),NA,Urban,20 - 25  MPH,Stop Sign,Clear,No,35,30-39,No,NA,With Traffic,A: Disabling Injury,Travel Lane,White,Male,49,40-49,No,NA,6-10 mph,O: No Injury,White,Female,"Light Truck (Mini-Van, Panel)",No,04JUN2011,Saturday,Motorist Failed to Yield - Sign-Controlled Intersection,4,Intersection,June,A: Disabling Injury,04:14:00,Motorist Drive Out - Sign-Controlled Intersection,2011,Yes,No,Daylight,Straight - Grade,Local Street,"Water (Standing, Moving)","Two-Way, Not Divided",None,Four-Way Intersection,Smooth Asphalt,2 lanes,"36.0957470878, -80.2633031159"
3123,Durham,Durham,Piedmont,Residential,Urban (>70% Developed),NA,Urban,5 - 15 MPH,No Control Present,Clear,No,23,20-24,No,NA,Not Applicable,O: No Injury,Non-Roadway,Black,Male,34,30-39,No,NA,0-5 mph,O: No Injury,White,Male,Police,No,27JUN2011,Monday,Non-Roadway,21,Non-Roadway,June,O: No Injury,21:20:00,Non-Roadway,2011,No,No,Dark - Lighted Roadway,Straight - Level,Public Vehicular Area,Dry,NA,None,Other,Other,NA,"35.9925971161, -78.8819026936"
3130,None - Rural Crash,Johnston,Coastal,"Farms, Woods, Pastures",Rural (<30% Developed),NA,Rural,50 - 55  MPH,No Control Present,Clear,No,59,50-59,No,NA,With Traffic,B: Evident Injury,Sidewalk / Crosswalk / Driveway Crossing,White,Male,23,20-24,No,NA,51-55 mph,O: No Injury,White,Male,Pickup,No,01JUL2011,Friday,Motorist Left Turn / Merge,1,Non-Intersection,July,B: Evident Injury,01:57:00,Motorist Left Turn - Opposite Direction,2011,Yes,No,Dark - Roadway Not Lighted,Straight - Level,State Secondary Route,Dry,"Two-Way, Not Divided",None,"Driveway, Public",Smooth Asphalt,2 lanes,"35.5786170536, -78.1406024471"
3138,Apex,Wake,Piedmont,Commercial,Urban (>70% Developed),NA,Urban,30 - 35  MPH,"Double Yellow Line, No Passing Zone",Clear,No,50,50-59,No,NA,With Traffic,B: Evident Injury,Travel Lane,White,Male,63,60-69,No,NA,0-5 mph,O: No Injury,White,Female,Passenger Car,No,04JUL2011,Monday,Bicyclist Overtaking Motorist,10,Non-Intersection,July,B: Evident Injury,10:28:00,Bicyclist Overtaking - Other / Unknown,2011,Yes,No,Daylight,Straight - Grade,Local Street,Dry,"Two-Way, Not Divided",None,No Special Feature,Coarse Asphalt,2 lanes,"35.7437770655, -78.8213026626"
3139,Durham,Durham,Piedmont,Residential,Urban (>70% Developed),NA,Urban,5 - 15 MPH,Stop And Go Signal,Clear,No,21,20-24,No,NA,With Traffic,O: No Injury,Travel Lane,White,Male,29,25-29,No,NA,6-10 mph,O: No Injury,Black,Female,Passenger Car,No,05JUL2011,Tuesday,Motorist Right Turn / Merge,18,Intersection,July,O: No Injury,18:35:00,Motorist Right Turn - Same Direction,2011,No,No,Daylight,Straight - Grade,Local Street,Dry,"Two-Way, Not Divided",None,Four-Way Intersection,Smooth Asphalt,2 lanes,"36.0171871212, -78.9001027004"
3141,Charlotte,Mecklenburg,Piedmont,Residential,Urban (>70% Developed),NA,Urban,30 - 35  MPH,No Control Present,Clear,No,40,40-49,Yes,NA,With Traffic,B: Evident Injury,Travel Lane,Hispanic,Male,29,25-29,No,NA,16-20 mph,O: No Injury,Hispanic,Male,Pickup,Yes,11JUN2011,Saturday,Loss of Control / Turning Error,13,Non-Intersection,June,B: Evident Injury,13:34:00,Bicylist Lost Control - Alcohol / Drug Impairment,2011,No,No,Daylight,Straight - Hillcrest,Local Street,Dry,"Two-Way, Not Divided",None,No Special Feature,Smooth Asphalt,2 lanes,"35.329816905, -80.825903242"
3142,None - Rural Crash,Pasquotank,Coastal,"Farms, Woods, Pastures",Rural (<30% Developed),NA,Rural,30 - 35  MPH,"Double Yellow Line, No Passing Zone",Clear,No,14,11-15,No,NA,With Traffic,B: Evident Injury,Travel Lane,Black,Female,NA,NA,Missing,NA,46-50 mph,Unknown Injury,Unknown/Missing,NA,NA,No,12JUN2011,Sunday,Motorist Overtaking Bicyclist,19,Non-Intersection,June,B: Evident Injury,19:09:00,Motorist Overtaking - Other / Unknown,2011,Yes,Yes,Daylight,Straight - Level,State Secondary Route,Dry,"Two-Way, Not Divided",None,Bridge,Smooth Asphalt,2 lanes,"36.2202272552, -76.2764019101"
3148,Winston-Salem,Forsyth,Piedmont,Residential,Urban (>70% Developed),NA,Urban,30 - 35  MPH,No Control Present,Clear,No,21,20-24,No,NA,With Traffic,C: Possible Injury,Travel Lane,Black,Male,NA,NA,Missing,NA,21-25 mph,Unknown Injury,Unknown/Missing,NA,Passenger Car,No,14JUN2011,Tuesday,Motorist Overtaking Bicyclist,22,Intersection,June,C: Possible Injury,22:16:00,Motorist Overtaking - Other / Unknown,2011,Yes,Yes,Dark - Lighted Roadway,Straight - Grade,Local Street,Dry,"Two-Way, Not Divided",None,Four-Way Intersection,Coarse Asphalt,4 lanes,"36.1173370929, -80.2571031162"
3157,Charlotte,Mecklenburg,Piedmont,Commercial,Urban (>70% Developed),NA,Urban,5 - 15 MPH,No Control Present,Clear,No,51,50-59,Yes,NA,Not Applicable,B: Evident Injury,Non-Roadway,Black,Male,48,40-49,No,NA,0-5 mph,O: No Injury,Black,Male,Sport Utility,Yes,16JUN2011,Thursday,Non-Roadway,19,Non-Roadway,June,B: Evident Injury,19:44:00,Non-Roadway,2011,Yes,No,Daylight,Other,Public Vehicular Area,Dry,NA,None,"Driveway, Private",Concrete,NA,"35.270406892, -80.8375032422"
3165,Wilmington,New Hanover,Coastal,Residential,Urban (>70% Developed),NA,Urban,30 - 35  MPH,Stop Sign,Clear,No,70+,70+,No,NA,Facing Traffic,B: Evident Injury,Travel Lane,White,Male,21,20-24,No,NA,0-5 mph,O: No Injury,Black,Male,Passenger Car,No,15JUN2011,Wednesday,Motorist Failed to Yield - Sign-Controlled Intersection,18,Intersection,June,B: Evident Injury,18:02:00,Motorist Drive Out - Sign-Controlled Intersection,2011,Yes,No,Daylight,Straight - Level,Local Street,Dry,"Two-Way, Not Divided",None,Four-Way Intersection,Smooth Asphalt,3 lanes,"34.2303967669, -77.8871023034"
3168,Charlotte,Mecklenburg,Piedmont,Residential,Urban (>70% Developed),NA,Urban,30 - 35  MPH,Stop Sign,Clear,No,47,40-49,No,NA,With Traffic,B: Evident Injury,Travel Lane,White,Male,34,30-39,No,NA,26-30 mph,O: No Injury,White,Male,Passenger Car,No,20JUN2011,Monday,Bicyclist Failed to Yield - Sign-Controlled Intersection,19,Intersection,June,B: Evident Injury,19:28:00,Bicyclist Ride Out - Sign-Controlled Intersection,2011,No,No,Daylight,Straight - Level,Local Street,Dry,"Two-Way, Divided, Positive Median Barrier",None,No Special Feature,Smooth Asphalt,4 lanes,"35.1962568758, -80.8277032356"
3170,Winston-Salem,Forsyth,Piedmont,Commercial,Urban (>70% Developed),NA,Urban,30 - 35  MPH,Stop And Go Signal,Cloudy,No,42,40-49,Yes,NA,Facing Traffic,B: Evident Injury,Travel Lane,Black,Male,42,40-49,No,NA,0-5 mph,O: No Injury,Black,Male,Pickup,Yes,23JUN2011,Thursday,Head-On,14,Intersection-Related,June,B: Evident Injury,14:19:00,Head-On - Bicyclist,2011,Yes,No,Daylight,Curve - Hillcrest,Local Street,Dry,"Two-Way, Not Divided",None,No Special Feature,Smooth Asphalt,2 lanes,"36.1052270903, -80.2576031152"
3174,Carolina Beach,New Hanover,Coastal,Residential,Urban (>70% Developed),NA,Urban,30 - 35  MPH,No Control Present,Clear,No,15,11-15,No,NA,Facing Traffic,B: Evident Injury,Travel Lane,White,Male,58,50-59,No,NA,0-5 mph,O: No Injury,White,Male,Sport Utility,No,18JUN2011,Saturday,Motorist Left Turn / Merge,14,Non-Intersection,June,B: Evident Injury,14:20:00,Motorist Left Turn - Opposite Direction,2011,Yes,No,Daylight,Straight - Level,US Route,Dry,"Two-Way, Divided, Unprotected Median",None,No Special Feature,Coarse Asphalt,2 lanes,"34.0143067181, -77.9002022978"
3175,Carolina Beach,New Hanover,Coastal,Residential,Urban (>70% Developed),NA,Urban,20 - 25  MPH,Stop Sign,Clear,No,36,30-39,Yes,NA,With Traffic,B: Evident Injury,Travel Lane,White,Male,60,60-69,No,NA,0-5 mph,O: No Injury,White,Female,Passenger Car,Yes,04JUN2011,Saturday,Bicyclist Left Turn / Merge,18,Intersection-Related,June,B: Evident Injury,18:06:00,Bicyclist Left Turn - Same Direction,2011,No,No,Dawn,Straight - Level,Local Street,Dry,"Two-Way, Divided, Positive Median Barrier",None,T-Intersection,Coarse Asphalt,2 lanes,"34.0240367204, -77.8967022966"
3180,None - Rural Crash,Pitt,Coastal,"Farms, Woods, Pastures",Rural (<30% Developed),NA,Rural,40 - 45  MPH,No Control Present,Clear,No,48,40-49,Yes,NA,With Traffic,O: No Injury,Travel Lane,Black,Male,37,30-39,No,NA,41-45 mph,O: No Injury,Black,Female,Passenger Car,Yes,14JUL2011,Thursday,Motorist Overtaking Bicyclist,21,Non-Intersection,July,O: No Injury,21:41:00,Motorist Overtaking - Undetected Bicyclist,2011,No,No,Dark - Roadway Not Lighted,Straight - Level,State Secondary Route,Dry,"Two-Way, Not Divided",None,No Special Feature,Coarse Asphalt,2 lanes,"35.6716071003, -77.3655022156"
3185,None - Rural Crash,Lee,Piedmont,"Farms, Woods, Pastures",Rural (<30% Developed),NA,Rural,50 - 55  MPH,"Double Yellow Line, No Passing Zone",Clear,No,48,40-49,No,NA,With Traffic,C: Possible Injury,Travel Lane,White,Female,70+,70+,No,NA,26-30 mph,O: No Injury,White,Male,Pickup,No,16JUL2011,Saturday,Motorist Overtaking Bicyclist,11,Non-Intersection,July,C: Possible Injury,11:30:00,Motorist Overtaking - Misjudged Space,2011,No,No,Daylight,Straight - Grade,State Secondary Route,Dry,"Two-Way, Not Divided",None,No Special Feature,Smooth Asphalt,2 lanes,"35.415456983, -79.1726027513"
3190,Wilmington,New Hanover,Coastal,Commercial,Urban (>70% Developed),NA,Urban,30 - 35  MPH,Stop And Go Signal,Clear,No,18,16-19,No,NA,With Traffic,B: Evident Injury,Sidewalk / Crosswalk / Driveway Crossing,White,Male,27,25-29,No,NA,11-15 mph,O: No Injury,White,Male,Passenger Car,No,28JUN2011,Tuesday,Motorist Right Turn / Merge,16,Intersection,June,B: Evident Injury,16:05:00,Motorist Right Turn on Red - Same Direction,2011,Yes,No,Daylight,Straight - Level,Local Street,Dry,"Two-Way, Divided, Positive Median Barrier",None,Four-Way Intersection,Coarse Asphalt,6 lanes,"34.2385467711, -77.8280022864"
3191,Durham,Durham,Piedmont,Commercial,Urban (>70% Developed),NA,Urban,40 - 45  MPH,Stop And Go Signal,Clear,No,43,40-49,No,NA,With Traffic,B: Evident Injury,Travel Lane,White,Female,NA,NA,Missing,NA,21-25 mph,Unknown Injury,Unknown/Missing,NA,Sport Utility,No,19JUL2011,Tuesday,Motorist Left Turn / Merge,18,Intersection,July,B: Evident Injury,18:49:00,Motorist Left Turn - Opposite Direction,2011,Yes,Yes,Daylight,Straight - Level,Local Street,Dry,"Two-Way, Not Divided",None,Four-Way Intersection,Smooth Asphalt,5 lanes,"35.9460371051, -78.9217027032"
3193,None - Rural Crash,Jones,Coastal,"Farms, Woods, Pastures",Rural (<30% Developed),NA,Rural,50 - 55  MPH,"Double Yellow Line, No Passing Zone",Clear,No,47,40-49,Yes,NA,With Traffic,C: Possible Injury,Travel Lane,White,Male,34,30-39,No,NA,46-50 mph,O: No Injury,Other,Male,Sport Utility,Yes,11JUL2011,Monday,Motorist Overtaking Bicyclist,16,Non-Intersection,July,C: Possible Injury,16:56:00,Motorist Overtaking - Other / Unknown,2011,Yes,No,Daylight,Straight - Level,US Route,Dry,"Two-Way, Not Divided",None,No Special Feature,Coarse Asphalt,2 lanes,"34.949626947, -77.2424021422"
3199,Waxhaw,Union,Piedmont,"Farms, Woods, Pastures",Mixed (30% To 70% Developed),NA,Rural,40 - 45  MPH,Stop And Go Signal,Clear,No,51,50-59,No,NA,With Traffic,B: Evident Injury,Travel Lane,White,Male,42,40-49,No,NA,41-45 mph,O: No Injury,White,Male,Sport Utility,No,02JUL2011,Saturday,Loss of Control / Turning Error,7,Intersection,July,B: Evident Injury,07:41:00,Motorist Turning Error - Left Turn,2011,Yes,No,Daylight,Straight - Grade,Local Street,Dry,"Two-Way, Divided, Unprotected Median",None,Four-Way Intersection,Smooth Asphalt,4 lanes,"34.9468968244, -80.7736032065"