object_id,city,county,region,development,locality,on_road,rural_urban,speed_limit,traffic_control,weather,workzone,bike_age,bike_age_group,bike_alcohol,bike_alcohol_drugs,bike_direction,bike_injury,bike_position,bike_race,bike_sex,driver_age,driver_age_group,driver_alcohol,driver_alcohol_drugs,driver_est_speed,driver_injury,driver_race,driver_sex,driver_vehicle_type,crash_alcohol,crash_date,crash_day,crash_group,crash_hour,crash_location,crash_month,crash_severity,crash_time,crash_type,crash_year,ambulance_req,hit_run,light_condition,road_character,road_class,road_condition,road_configuration,road_defects,road_feature,road_surface,num_lanes,geo_point
3203,Charlotte,Mecklenburg,Piedmont,Commercial,Urban (>70% Developed),NA,Urban,40 - 45  MPH,Stop Sign,Clear,No,57,50-59,No,NA,With Traffic,B: Evident Injury,Travel Lane,White,Male,52,50-59,No,NA,11-15 mph,O: No Injury,White,Female,"Light Truck (Mini-Van, Panel)",No,04JUL2011,Monday,Motorist Failed to Yield - Midblock,13,Non-Intersection,July,B: Evident Injury,13:50:00,Motorist Drive Out - Commercial Driveway / Alley,2011,Yes,No,Daylight,Straight - Level,Local Street,Dry,"Two-Way, Not Divided",None,Bridge,Smooth Asphalt,2 lanes,"35.0811668552, -80.7303032"
3207,None - Rural Crash,Edgecombe,Coastal,"Farms, Woods, Pastures",Mixed (30% To 70% Developed),NA,Rural,50 - 55  MPH,No Control Present,Cloudy,No,55,50-59,No,NA,With Traffic,A: Disabling Injury,Travel Lane,Black,Male,70+,70+,No,NA,51-55 mph,O: No Injury,White,Male,Pickup,No,24JUL2011,Sunday,Motorist Overtaking Bicyclist,6,Non-Intersection,July,A: Disabling Injury,06:11:00,Motorist Overtaking - Other / Unknown,2011,Yes,No,Dawn,Straight - Level,NC Route,Dry,"Two-Way, Not Divided",None,No Special Feature,Coarse Asphalt,2 lanes,"35.9619471525, -77.6586023204"
3209,None - Rural Crash,Currituck,Coastal,"Farms, Woods, Pastures",Rural (<30% Developed),NA,Rural,50 - 55  MPH,No Control Present,Clear,No,50,50-59,No,NA,With Traffic,B: Evident Injury,Travel Lane,White,Female,46,40-49,No,NA,51-55 mph,O: No Injury,White,Male,"Single Unit Truck (2-Axle, 6-Tire)",No,23JUL2011,Saturday,Motorist Overtaking Bicyclist,5,Non-Intersection,July,B: Evident Injury,05:41:00,Motorist Overtaking - Undetected Bicyclist,2011,Yes,No,Dark - Roadway Not Lighted,Straight - Level,US Route,Dry,"Two-Way, Not Divided",None,No Special Feature,Coarse Asphalt,2 lanes,"36.300747275, -76.2022018912"
3229,Cary,Wake,Piedmont,Commercial,Urban (>70% Developed),NA,Urban,NA,Stop Sign,Clear,No,17,16-19,No,NA,With Traffic,O: No Injury,Travel Lane,Other,Male,NA,NA,Missing,NA,NA,Unknown Injury,Unknown/Missing,NA,NA,No,29JUN2011,Wednesday,Motorist Failed to Yield - Sign-Controlled Intersection,16,Intersection,June,O: No Injury,16:03:00,Motorist Drive Out - Sign-Controlled Intersection,2011,No,Yes,Dawn,Straight - Grade,Public Vehicular Area,Dry,"Two-Way, Divided, Positive Median Barrier",None,No Special Feature,Smooth Asphalt,NA,"35.7769870723, -78.8349026676"
3232,None - Rural Crash,Hyde,Coastal,Commercial,Urban (>70% Developed),NA,Rural,20 - 25  MPH,No Control Present,Clear,No,38,30-39,No,NA,Not Applicable,C: Possible Injury,Driveway / Alley,White,Male,62,60-69,No,NA,16-20 mph,B: Evident Injury,White,Male,Motorcycle,No,21JUL2011,Thursday,Bicyclist Failed to Yield - Midblock,12,Non-Intersection,July,B: Evident Injury,12:03:00,Bicyclist Ride Out - Residential Driveway,2011,No,No,Daylight,Straight - Level,Local Street,Dry,"Two-Way, Not Divided",None,No Special Feature,Smooth Asphalt,2 lanes,"35.1102170232, -75.9774017642"
3233,None - Rural Crash,New Hanover,Coastal,Residential,Urban (>70% Developed),NA,Rural,30 - 35  MPH,No Control Present,Clear,No,18,16-19,No,NA,With Traffic,B: Evident Injury,Travel Lane,White,Male,70+,70+,No,NA,0-5 mph,O: No Injury,White,Female,Passenger Car,No,30JUL2011,Saturday,Backing Vehicle,17,Non-Intersection,July,B: Evident Injury,17:40:00,Backing Vehicle,2011,Yes,No,Daylight,Curve - Level,State Secondary Route,Dry,"Two-Way, Not Divided",None,"Driveway, Private",Coarse Asphalt,2 lanes,"34.2586767739, -77.860402297"
3239,Pinehurst,Moore,Piedmont,Commercial,Mixed (30% To 70% Developed),NA,Urban,20 - 25  MPH,Stop Sign,Clear,No,37,30-39,No,NA,With Traffic,C: Possible Injury,Travel Lane,White,Male,52,50-59,No,NA,0-5 mph,O: No Injury,Black,Male,Passenger Car,No,16JUL2011,Saturday,Motorist Left Turn / Merge,9,Intersection,July,C: Possible Injury,09:35:00,Motorist Left Turn - Opposite Direction,2011,Yes,No,Daylight,Straight - Level,Local Street,Dry,"Two-Way, Not Divided",None,"Driveway, Public",Smooth Asphalt,2 lanes,"35.200616926, -79.468402829"
3240,Charlotte,Mecklenburg,Piedmont,Commercial,Urban (>70% Developed),NA,Urban,30 - 35  MPH,Stop Sign,Clear,No,37,30-39,No,NA,With Traffic,Unknown Injury,Travel Lane,Unknown/Missing,Female,NA,NA,Missing,NA,6-10 mph,Unknown Injury,Unknown/Missing,NA,NA,No,17JUL2011,Sunday,Motorist Failed to Yield - Sign-Controlled Intersection,1,Intersection,July,Unknown Injury,01:03:00,Motorist Drive Out - Sign-Controlled Intersection,2011,No,Yes,Dark - Unknown Lighting,Straight - Level,Local Street,Dry,"Two-Way, Not Divided",None,Four-Way Intersection,Smooth Asphalt,8 lanes,"35.2182768815, -80.8111032321"
3252,Charlotte,Mecklenburg,Piedmont,Commercial,Urban (>70% Developed),NA,Urban,40 - 45  MPH,No Control Present,Rain,No,31,30-39,No,NA,With Traffic,A: Disabling Injury,Travel Lane,White,Male,42,40-49,Yes,NA,0-5 mph,O: No Injury,Black,Male,Sport Utility,Yes,07JUL2011,Thursday,Motorist Overtaking Bicyclist,21,Non-Intersection,July,A: Disabling Injury,21:05:00,Motorist Overtaking - Misjudged Space,2011,Yes,Yes,Dark - Lighted Roadway,Straight - Level,State Secondary Route,Wet,"Two-Way, Divided, Positive Median Barrier",None,No Special Feature,Smooth Asphalt,6 lanes,"35.2240768797, -80.8861032541"
3258,High Point,Guilford,Piedmont,Commercial,Urban (>70% Developed),NA,Urban,30 - 35  MPH,No Control Present,Cloudy,No,61,60-69,No,NA,Not Applicable,C: Possible Injury,Non-Roadway,Black,Male,37,30-39,No,NA,6-10 mph,O: No Injury,White,Female,Sport Utility,No,23JUL2011,Saturday,Bicyclist Failed to Yield - Midblock,16,Non-Intersection,July,C: Possible Injury,16:33:00,Bicyclist Ride Out - Commercial Driveway / Alley,2011,Yes,No,Daylight,Straight - Level,Local Street,Dry,"Two-Way, Not Divided",None,No Special Feature,Coarse Asphalt,4 lanes,"35.9801670741, -79.9800030253"
3259,Edenton,Chowan,Coastal,Residential,Urban (>70% Developed),NA,Urban,30 - 35  MPH,Flashing Signal With Stop Sign,Clear,No,55,50-59,Yes,NA,With Traffic,C: Possible Injury,Sidewalk / Crosswalk / Driveway Crossing,Black,Male,54,50-59,No,NA,31-35 mph,O: No Injury,White,Female,Sport Utility,Yes,23JUL2011,Saturday,Bicyclist Failed to Yield - Sign-Controlled Intersection,2,Intersection,July,C: Possible Injury,02:51:00,Bicyclist Ride Through - Sign-Controlled Intersection,2011,Yes,No,Daylight,Straight - Level,Local Street,Dry,"Two-Way, Divided, Unprotected Median",None,Four-Way Intersection,Coarse Asphalt,2 lanes,"36.0634972101, -76.6104020047"
3271,Charlotte,Mecklenburg,Piedmont,Residential,Rural (<30% Developed),NA,Urban,30 - 35  MPH,Stop Sign,Clear,No,15,11-15,Yes,NA,With Traffic,B: Evident Injury,Travel Lane,Black,Male,20,20-24,No,NA,0-5 mph,O: No Injury,Black,Male,Sport Utility,Yes,01AUG2011,Monday,Motorist Right Turn / Merge,20,Intersection,August,B: Evident Injury,20:30:00,Motorist Right Turn - Same Direction,2011,Yes,No,Dawn,Straight - Level,Local Street,Dry,"Two-Way, Not Divided",None,No Special Feature,Smooth Asphalt,2 lanes,"35.2372668864, -80.7989032295"
3279,None - Rural Crash,Union,Piedmont,"Farms, Woods, Pastures",Rural (<30% Developed),NA,Rural,40 - 45  MPH,Stop Sign,Clear,No,45,40-49,No,NA,With Traffic,B: Evident Injury,Travel Lane,White,Female,34,30-39,No,NA,0-5 mph,O: No Injury,White,Male,Pickup,No,11AUG2011,Thursday,Motorist Failed to Yield - Sign-Controlled Intersection,12,Intersection,August,B: Evident Injury,12:33:00,Motorist Drive Out - Sign-Controlled Intersection,2011,Yes,No,Daylight,Straight - Level,State Secondary Route,Dry,"Two-Way, Not Divided",None,Four-Way Intersection,Coarse Asphalt,2 lanes,"34.9572068327, -80.6026031555"
3294,Winston-Salem,Forsyth,Piedmont,Commercial,Urban (>70% Developed),NA,Urban,40 - 45  MPH,Stop And Go Signal,Clear,No,25,25-29,No,NA,With Traffic,B: Evident Injury,Travel Lane,White,Male,NA,NA,No,NA,31-35 mph,Unknown Injury,Unknown/Missing,NA,NA,No,08AUG2011,Monday,Motorist Failed to Yield - Signalized Intersection,9,Intersection,August,B: Evident Injury,09:37:00,Motorist Drive Through - Signalized Intersection,2011,Yes,Yes,Daylight,Straight - Level,Local Street,Dry,"Two-Way, Not Divided",None,Four-Way Intersection,Smooth Asphalt,3 lanes,"36.0698470815, -80.277203119"
3295,Charlotte,Mecklenburg,Piedmont,Commercial,Urban (>70% Developed),NA,Urban,30 - 35  MPH,No Control Present,Clear,No,20,20-24,No,NA,Facing Traffic,C: Possible Injury,Bike Lane / Paved Shoulder,Black,Male,57,50-59,No,NA,0-5 mph,O: No Injury,White,Female,Sport Utility,No,08AUG2011,Monday,Motorist Failed to Yield - Midblock,15,Non-Intersection,August,C: Possible Injury,15:00:00,Motorist Drive Out - Commercial Driveway / Alley,2011,Yes,No,Daylight,Straight - Level,Public Vehicular Area,Dry,"Two-Way, Not Divided",None,"Driveway, Public",Concrete,NA,"35.2237468818, -80.8390032401"
3301,Winston-Salem,Forsyth,Piedmont,Residential,Urban (>70% Developed),NA,Urban,30 - 35  MPH,Stop Sign,Clear,No,15,11-15,No,NA,Facing Traffic,C: Possible Injury,Travel Lane,Black,Male,50,50-59,No,NA,0-5 mph,O: No Injury,Black,Female,Passenger Car,No,04AUG2011,Thursday,Motorist Failed to Yield - Sign-Controlled Intersection,12,Intersection,August,C: Possible Injury,12:54:00,Motorist Drive Out - Sign-Controlled Intersection,2011,No,No,Daylight,Straight - Level,Local Street,Dry,"Two-Way, Divided, Unprotected Median",None,No Special Feature,Smooth Asphalt,2 lanes,"36.0786470837, -80.2780031204"
3303,Charlotte,Mecklenburg,Piedmont,Residential,Rural (<30% Developed),NA,Urban,20 - 25  MPH,No Control Present,Clear,No,12,11-15,No,NA,With Traffic,C: Possible Injury,Travel Lane,Hispanic,Male,53,50-59,No,NA,6-10 mph,O: No Injury,White,Male,Passenger Car,No,10AUG2011,Wednesday,Loss of Control / Turning Error,19,Intersection,August,C: Possible Injury,19:37:00,Motorist Turning Error - Left Turn,2011,No,No,Daylight,Straight - Level,Local Street,Dry,"Two-Way, Not Divided",None,No Special Feature,Smooth Asphalt,2 lanes,"35.2427068905, -80.7168032047"
3314,Cary,Wake,Piedmont,Residential,Urban (>70% Developed),NA,Urban,NA,Stop Sign,Clear,No,13,11-15,No,NA,With Traffic,O: No Injury,Travel Lane,White,Male,NA,NA,Missing,NA,NA,Unknown Injury,Unknown/Missing,NA,NA,No,02AUG2011,Tuesday,Motorist Failed to Yield - Sign-Controlled Intersection,17,Intersection,August,O: No Injury,17:00:00,Motorist Drive Out - Sign-Controlled Intersection,2011,No,Yes,Daylight,Straight - Grade,Public Vehicular Area,Dry,"Two-Way, Not Divided",None,T-Intersection,Smooth Asphalt,NA,"35.8568670871, -78.8979026913"
3315,Gastonia,Gaston,Piedmont,Residential,Urban (>70% Developed),NA,Urban,30 - 35  MPH,No Control Present,Clear,No,10,6-10,No,NA,With Traffic,B: Evident Injury,Travel Lane,Black,Male,63,60-69,No,NA,26-30 mph,O: No Injury,White,Male,Pickup,No,01AUG2011,Monday,Bicyclist Left Turn / Merge,14,Non-Intersection,August,B: Evident Injury,14:25:00,Bicyclist Left Turn - Opposite Direction,2011,Yes,No,Daylight,Straight - Level,State Secondary Route,Dry,"Two-Way, Not Divided",None,No Special Feature,Smooth Asphalt,2 lanes,"35.2514268735, -81.2231033567"
3317,Greenville,Pitt,Coastal,Institutional,Mixed (30% To 70% Developed),NA,Urban,5 - 15 MPH,No Control Present,Clear,No,18,16-19,No,NA,Not Applicable,C: Possible Injury,NA,Black,Male,49,40-49,No,NA,6-10 mph,O: No Injury,White,Female,Van,No,12AUG2011,Friday,Bicyclist Failed to Yield - Midblock,12,Non-Intersection,August,C: Possible Injury,12:42:00,Bicyclist Ride Out - Other Midblock,2011,Yes,No,Daylight,Straight - Level,Local Street,Dry,"One-Way, Not Divided",None,No Special Feature,Smooth Asphalt,1 lane,"35.6072070863, -77.3634022116"
3318,Mooresville,Iredell,Piedmont,Commercial,Urban (>70% Developed),NA,Urban,30 - 35  MPH,Stop And Go Signal,Clear,No,9,6-10,No,NA,Facing Traffic,O: No Injury,Travel Lane,White,Male,61,60-69,No,NA,0-5 mph,O: No Injury,White,Male,Passenger Car,No,12AUG2011,Friday,Crossing Paths - Other Circumstances,15,Intersection,August,O: No Injury,15:40:00,Signalized Intersection - Other / Unknown,2011,No,No,Daylight,Straight - Level,Local Street,Dry,"Two-Way, Not Divided",None,Four-Way Intersection,Smooth Asphalt,3 lanes,"35.5953469614, -80.8164032543"
3319,Greensboro,Guilford,Piedmont,Residential,Urban (>70% Developed),NA,Urban,30 - 35  MPH,Stop Sign,Clear,No,11,11-15,No,NA,With Traffic,C: Possible Injury,Sidewalk / Crosswalk / Driveway Crossing,Black,Female,70+,70+,No,NA,NA,O: No Injury,Black,Male,Pickup,No,17AUG2011,Wednesday,Loss of Control / Turning Error,20,Intersection,August,C: Possible Injury,20:03:00,Bicyclist Lost Control - Mechanical Problems,2011,Yes,No,Daylight,Straight - Hillcrest,Local Street,Dry,"Two-Way, Divided, Unprotected Median",None,No Special Feature,Coarse Asphalt,2 lanes,"36.0732071028, -79.7408029584"
3327,Greensboro,Guilford,Piedmont,Commercial,Urban (>70% Developed),NA,Urban,30 - 35  MPH,Stop And Go Signal,Clear,No,NA,NA,Missing,NA,With Traffic,Unknown Injury,Travel Lane,Unknown/Missing,NA,NA,NA,No,NA,6-10 mph,Unknown Injury,Unknown/Missing,NA,Truck/Trailer,No,16AUG2011,Tuesday,Motorist Right Turn / Merge,21,Intersection,August,Unknown Injury,21:05:00,Motorist Right Turn - Same Direction,2011,No,Yes,Dark - Lighted Roadway,Straight - Level,Local Street,Dry,"Two-Way, Not Divided",None,No Special Feature,Smooth Asphalt,3 lanes,"36.0522170947, -79.8226029813"
3328,Charlotte,Mecklenburg,Piedmont,Commercial,Urban (>70% Developed),NA,Urban,40 - 45  MPH,No Control Present,Clear,No,25,25-29,No,NA,With Traffic,B: Evident Injury,Sidewalk / Crosswalk / Driveway Crossing,Hispanic,Male,20,20-24,No,NA,16-20 mph,O: No Injury,White,Female,Passenger Car,No,22AUG2011,Monday,Parallel Paths - Other Circumstances,19,Intersection-Related,August,B: Evident Injury,19:35:00,Bicyclist Ride Out - Parallel Path,2011,Yes,No,Daylight,Straight - Level,Local Street,Dry,"Two-Way, Divided, Unprotected Median",None,No Special Feature,Smooth Asphalt,6 lanes,"35.2343568882, -80.7332032092"
3331,Charlotte,Mecklenburg,Piedmont,Commercial,Urban (>70% Developed),NA,Urban,30 - 35  MPH,Stop And Go Signal,Clear,No,27,25-29,No,NA,With Traffic,B: Evident Injury,Travel Lane,White,Female,70+,70+,No,NA,0-5 mph,O: No Injury,White,Male,Passenger Car,No,23AUG2011,Tuesday,Bicyclist Failed to Yield - Signalized Intersection,19,Intersection,August,B: Evident Injury,19:33:00,Bicyclist Ride Through - Signalized Intersection,2011,Yes,No,Daylight,Straight - Level,Local Street,Dry,"Two-Way, Divided, Unprotected Median",None,No Special Feature,Smooth Asphalt,5 lanes,"35.2028968771, -80.8360032384"
3335,None - Rural Crash,Dare,Coastal,Commercial,Urban (>70% Developed),NA,Rural,NA,No Control Present,Clear,No,20,20-24,No,NA,Facing Traffic,B: Evident Injury,Sidewalk / Crosswalk / Driveway Crossing,White,Female,29,25-29,No,NA,NA,O: No Injury,White,Female,Passenger Car,No,20AUG2011,Saturday,Motorist Failed to Yield - Midblock,11,Non-Intersection,August,B: Evident Injury,11:38:00,Motorist Drive Out - Commercial Driveway / Alley,2011,Yes,No,Daylight,Straight - Level,NC Route,Dry,"Two-Way, Divided, Unprotected Median",Obstruction In Roadway,T-Intersection,Coarse Asphalt,3 lanes,"36.1686972612, -75.7553017471"
3349,Fayetteville,Cumberland,Coastal,Commercial,Urban (>70% Developed),NA,Urban,30 - 35  MPH,No Control Present,Clear,No,31,30-39,No,NA,Facing Traffic,O: No Injury,Sidewalk / Crosswalk / Driveway Crossing,White,Male,66,60-69,No,NA,6-10 mph,O: No Injury,Black,Female,Passenger Car,No,01SEP2011,Thursday,Motorist Failed to Yield - Midblock,15,Non-Intersection,September,O: No Injury,15:33:00,Motorist Drive Out - Commercial Driveway / Alley,2011,No,No,Daylight,Straight - Level,Public Vehicular Area,Dry,"Two-Way, Not Divided",None,No Special Feature,Coarse Asphalt,NA,"35.0562569144, -78.895202649"
3359,Raleigh,Wake,Piedmont,Institutional,Urban (>70% Developed),NA,Urban,5 - 15 MPH,Stop Sign,Clear,No,20,20-24,No,NA,NA,B: Evident Injury,Travel Lane,White,Male,21,20-24,No,NA,0-5 mph,O: No Injury,Black,Male,Passenger Car,No,31AUG2011,Wednesday,Motorist Failed to Yield - Sign-Controlled Intersection,20,Intersection,August,B: Evident Injury,20:54:00,Motorist Drive Out - Sign-Controlled Intersection,2011,Yes,No,Dark - Lighted Roadway,Straight - Level,Local Street,Dry,"Two-Way, Not Divided",None,Four-Way Intersection,Smooth Asphalt,2 lanes,"35.7865870797, -78.6810026214"
3362,Raleigh,Wake,Piedmont,Residential,Mixed (30% To 70% Developed),NA,Urban,40 - 45  MPH,No Control Present,Clear,Yes,20,20-24,No,NA,Facing Traffic,C: Possible Injury,Sidewalk / Crosswalk / Driveway Crossing,Black,Female,54,50-59,No,NA,31-35 mph,O: No Injury,Black,Male,Passenger Car,No,30AUG2011,Tuesday,Motorist Failed to Yield - Midblock,21,Non-Intersection,August,C: Possible Injury,21:31:00,Motorist Drive Out - Commercial Driveway / Alley,2011,Yes,No,Dark - Roadway Not Lighted,Straight - Level,Local Street,Dry,"Two-Way, Not Divided",None,No Special Feature,Smooth Asphalt,2 lanes,"35.733287072, -78.5752025873"
3369,Charlotte,Mecklenburg,Piedmont,Commercial,Mixed (30% To 70% Developed),NA,Urban,40 - 45  MPH,Stop Sign,Cloudy,No,57,50-59,No,NA,With Traffic,B: Evident Injury,Travel Lane,Other,Male,52,50-59,No,NA,36-40 mph,O: No Injury,Black,Male,Van,No,02SEP2011,Friday,Bicyclist Failed to Yield - Sign-Controlled Intersection,19,Intersection,September,B: Evident Injury,19:09:00,Bicyclist Ride Through - Sign-Controlled Intersection,2011,Yes,No,Daylight,Straight - Level,Local Street,Dry,"Two-Way, Not Divided",None,No Special Feature,Smooth Asphalt,4 lanes,"35.2632768897, -80.8544032467"
3371,None - Rural Crash,Buncombe,Mountains,Residential,Urban (>70% Developed),NA,Rural,20 - 25  MPH,Stop Sign,Clear,No,11,11-15,No,NA,With Traffic,C: Possible Injury,Travel Lane,White,Male,70+,70+,No,NA,11-15 mph,O: No Injury,White,Male,Passenger Car,No,09SEP2011,Friday,Bicyclist Failed to Yield - Sign-Controlled Intersection,18,Intersection,September,C: Possible Injury,18:28:00,Bicyclist Ride Through - Sign-Controlled Intersection,2011,No,No,Daylight,Curve - Grade,State Secondary Route,Dry,"Two-Way, Not Divided",None,T-Intersection,Coarse Asphalt,2 lanes,"35.6230068991, -82.6247037923"
3372,None - Rural Crash,Randolph,Piedmont,"Farms, Woods, Pastures",Mixed (30% To 70% Developed),NA,Rural,50 - 55  MPH,"Double Yellow Line, No Passing Zone",Clear,No,59,50-59,No,NA,With Traffic,C: Possible Injury,Bike Lane / Paved Shoulder,White,Male,NA,NA,No,NA,51-55 mph,Unknown Injury,Unknown/Missing,NA,Pickup,No,05SEP2011,Monday,Parallel Paths - Other Circumstances,12,Non-Intersection,September,C: Possible Injury,12:30:00,Parallel Paths - Other / Unknown,2011,No,Yes,Daylight,Straight - Level,State Secondary Route,Dry,"Two-Way, Not Divided",None,No Special Feature,Coarse Asphalt,2 lanes,"35.8670670645, -79.5692028951"
3376,None - Rural Crash,Onslow,Coastal,"Farms, Woods, Pastures",Rural (<30% Developed),NA,Rural,40 - 45  MPH,"Double Yellow Line, No Passing Zone",Cloudy,No,64,60-69,No,NA,With Traffic,C: Possible Injury,Travel Lane,White,Male,70+,70+,No,NA,31-35 mph,O: No Injury,White,Female,Passenger Car,No,07SEP2011,Wednesday,Bicyclist Left Turn / Merge,15,Non-Intersection,September,C: Possible Injury,15:11:00,Bicyclist Left Turn - Same Direction,2011,Yes,No,Daylight,Straight - Level,NC Route,Dry,"Two-Way, Not Divided",None,No Special Feature,Coarse Asphalt,2 lanes,"34.5495868527, -77.4328021813"
3377,Reidsville,Rockingham,Piedmont,Commercial,Urban (>70% Developed),NA,Urban,30 - 35  MPH,Stop And Go Signal,Clear,No,14,11-15,No,NA,With Traffic,B: Evident Injury,Travel Lane,Black,Male,54,50-59,No,NA,31-35 mph,O: No Injury,Black,Female,Passenger Car,No,09AUG2011,Tuesday,Bicyclist Failed to Yield - Signalized Intersection,15,Intersection,August,B: Evident Injury,15:48:00,Bicyclist Ride Through - Signalized Intersection,2011,Yes,No,Daylight,Straight - Level,Local Street,Dry,"Two-Way, Not Divided",None,Four-Way Intersection,Smooth Asphalt,2 lanes,"36.3585171646, -79.6767029541"
3381,Henderson,Vance,Piedmont,Residential,Urban (>70% Developed),NA,Urban,30 - 35  MPH,Stop Sign,Clear,No,12,11-15,No,NA,NA,C: Possible Injury,Travel Lane,Black,Male,58,50-59,No,NA,16-20 mph,O: No Injury,Black,Male,Van,No,05SEP2011,Monday,Other / Unknown - Insufficient Details,17,Intersection,September,C: Possible Injury,17:22:00,Unknown Approach Paths,2011,Yes,No,Daylight,Straight - Level,Local Street,Dry,"Two-Way, Not Divided",None,No Special Feature,Coarse Asphalt,2 lanes,"36.3274272049, -78.3849025615"
3389,Aberdeen,Moore,Piedmont,Commercial,Urban (>70% Developed),NA,Rural,40 - 45  MPH,No Control Present,Clear,No,13,11-15,No,NA,With Traffic,B: Evident Injury,Travel Lane,White,Male,29,25-29,No,NA,41-45 mph,O: No Injury,White,Male,Pickup,No,08SEP2011,Thursday,Crossing Paths - Other Circumstances,20,Intersection-Related,September,B: Evident Injury,20:05:00,Crossing Paths - Uncontrolled Intersection,2011,Yes,No,Dark - Lighted Roadway,Straight - Level,US Route,Dry,"Two-Way, Divided, Unprotected Median",None,No Special Feature,Coarse Asphalt,5 lanes,"35.1401169143, -79.4249028126"
3396,None - Rural Crash,Wake,Piedmont,Residential,Urban (>70% Developed),NA,Rural,30 - 35  MPH,"Double Yellow Line, No Passing Zone",Cloudy,No,48,40-49,No,NA,With Traffic,B: Evident Injury,Travel Lane,White,Male,44,40-49,No,NA,31-35 mph,O: No Injury,White,Female,Passenger Car,No,16SEP2011,Friday,Motorist Overtaking Bicyclist,19,Non-Intersection,September,B: Evident Injury,19:28:00,Motorist Overtaking - Other / Unknown,2011,Yes,No,Dark - Roadway Not Lighted,Straight - Level,State Secondary Route,Dry,"Two-Way, Not Divided",None,No Special Feature,Coarse Asphalt,2 lanes,"35.7112670655, -78.614202598"
3400,Charlotte,Mecklenburg,Piedmont,Commercial,Urban (>70% Developed),NA,Urban,30 - 35  MPH,Stop Sign,Clear,No,41,40-49,No,NA,With Traffic,C: Possible Injury,Travel Lane,White,Male,38,30-39,No,NA,0-5 mph,O: No Injury,Black,Male,Passenger Car,No,12SEP2011,Monday,Bicyclist Left Turn / Merge,15,Intersection,September,C: Possible Injury,15:03:00,Bicyclist Left Turn - Same Direction,2011,No,No,Daylight,Straight - Level,Local Street,Dry,"Two-Way, Divided, Unprotected Median",None,T-Intersection,Smooth Asphalt,2 lanes,"35.2188068818, -80.8141032324"
3414,Wilmington,New Hanover,Coastal,Residential,Urban (>70% Developed),NA,Urban,20 - 25  MPH,No Control Present,Clear,No,21,20-24,No,NA,Not Applicable,A: Disabling Injury,Driveway / Alley,Black,Male,50,50-59,No,NA,11-15 mph,O: No Injury,White,Female,Passenger Car,No,19SEP2011,Monday,Bicyclist Failed to Yield - Midblock,10,Non-Intersection,September,A: Disabling Injury,10:29:00,Bicyclist Ride Out - Residential Driveway,2011,No,No,Daylight,Straight - Level,Local Street,Dry,"Two-Way, Not Divided",None,No Special Feature,Coarse Asphalt,2 lanes,"34.2154467638, -77.8794023012"
3420,Jacksonville,Onslow,Coastal,Residential,Urban (>70% Developed),NA,Urban,20 - 25  MPH,Stop Sign,Clear,No,11,11-15,No,NA,With Traffic,C: Possible Injury,Sidewalk / Crosswalk / Driveway Crossing,Black,Male,41,40-49,No,NA,0-5 mph,O: No Injury,White,Female,"Light Truck (Mini-Van, Panel)",No,14SEP2011,Wednesday,Motorist Failed to Yield - Sign-Controlled Intersection,7,Intersection,September,C: Possible Injury,07:27:00,Motorist Drive Out - Sign-Controlled Intersection,2011,Yes,No,Daylight,Straight - Level,Local Street,"Water (Standing, Moving)","Two-Way, Not Divided",None,Four-Way Intersection,Smooth Asphalt,2 lanes,"34.7782569029, -77.4309021919"
3434,Eastover,Cumberland,Coastal,Commercial,Mixed (30% To 70% Developed),NA,Rural,40 - 45  MPH,No Control Present,Clear,No,27,25-29,No,NA,With Traffic,B: Evident Injury,Travel Lane,White,Male,60,60-69,No,NA,26-30 mph,O: No Injury,White,Male,Pickup,No,28SEP2011,Wednesday,Motorist Left Turn / Merge,19,Intersection,September,B: Evident Injury,19:54:00,Motorist Left Turn - Opposite Direction,2011,Yes,No,Dark - Lighted Roadway,Straight - Level,US Route,Dry,"Two-Way, Not Divided",None,T-Intersection,Coarse Asphalt,6 lanes,"35.0895469259, -78.7886026181"
3436,Warsaw,Duplin,Coastal,Residential,Urban (>70% Developed),NA,Rural,30 - 35  MPH,No Control Present,Clear,No,40,40-49,Yes,NA,Facing Traffic,C: Possible Injury,Sidewalk / Crosswalk / Driveway Crossing,Black,Male,23,20-24,No,NA,0-5 mph,O: No Injury,White,Male,Passenger Car,Yes,22SEP2011,Thursday,Motorist Failed to Yield - Midblock,20,Non-Intersection,September,C: Possible Injury,20:17:00,Motorist Drive Out - Commercial Driveway / Alley,2011,Yes,No,Dark - Roadway Not Lighted,Straight - Level,US Route,Dry,"Two-Way, Not Divided",None,"Driveway, Public",Coarse Asphalt,2 lanes,"34.9975969296, -78.0909024031"
3443,None - Rural Crash,Wake,Piedmont,"Farms, Woods, Pastures",Rural (<30% Developed),NA,Rural,40 - 45  MPH,"Double Yellow Line, No Passing Zone",Clear,No,21,20-24,No,NA,With Traffic,C: Possible Injury,Travel Lane,White,Male,NA,NA,No,NA,41-45 mph,Unknown Injury,Unknown/Missing,NA,Pickup,No,02OCT2011,Sunday,Motorist Overtaking Bicyclist,19,Non-Intersection,October,C: Possible Injury,19:56:00,Motorist Overtaking - Misjudged Space,2011,Yes,Yes,Dark - Roadway Not Lighted,Straight - Grade,State Secondary Route,Dry,"Two-Way, Not Divided",None,No Special Feature,Smooth Asphalt,2 lanes,"35.7688770768, -78.6492026113"