object_id,city,county,region,development,locality,on_road,rural_urban,speed_limit,traffic_control,weather,workzone,bike_age,bike_age_group,bike_alcohol,bike_alcohol_drugs,bike_direction,bike_injury,bike_position,bike_race,bike_sex,driver_age,driver_age_group,driver_alcohol,driver_alcohol_drugs,driver_est_speed,driver_injury,driver_race,driver_sex,driver_vehicle_type,crash_alcohol,crash_date,crash_day,crash_group,crash_hour,crash_location,crash_month,crash_severity,crash_time,crash_type,crash_year,ambulance_req,hit_run,light_condition,road_character,road_class,road_condition,road_configuration,road_defects,road_feature,road_surface,num_lanes,geo_point
3445,Raleigh,Wake,Piedmont,Commercial,Urban (>70% Developed),NA,Urban,5 - 15 MPH,No Control Present,Clear,No,50,50-59,No,NA,Facing Traffic,B: Evident Injury,Sidewalk / Crosswalk / Driveway Crossing,White,Male,29,25-29,No,NA,0-5 mph,O: No Injury,White,Female,Passenger Car,No,27SEP2011,Tuesday,Motorist Failed to Yield - Midblock,12,Non-Intersection,September,B: Evident Injury,12:22:00,Motorist Drive Out - Commercial Driveway / Alley,2011,No,No,Daylight,Straight - Level,Public Vehicular Area,Dry,"Two-Way, Not Divided",None,"Driveway, Public",Concrete,NA,"35.7845870787, -78.6942026259"
3475,High Point,Guilford,Piedmont,Commercial,Urban (>70% Developed),NA,Urban,30 - 35  MPH,Stop Sign,Clear,No,38,30-39,No,NA,With Traffic,B: Evident Injury,Travel Lane,Black,Female,70+,70+,No,NA,6-10 mph,O: No Injury,White,Female,Passenger Car,No,06OCT2011,Thursday,Motorist Failed to Yield - Sign-Controlled Intersection,11,Intersection,October,B: Evident Injury,11:21:00,Motorist Drive Out - Sign-Controlled Intersection,2011,Yes,No,Daylight,Straight - Grade,NC Route,Dry,"Two-Way, Not Divided",None,T-Intersection,Coarse Asphalt,5 lanes,"35.9840570734, -80.0135030352"
3478,Morrisville,Wake,Piedmont,Commercial,Urban (>70% Developed),NA,Urban,NA,Stop And Go Signal,Clear,No,30,30-39,No,NA,With Traffic,C: Possible Injury,Sidewalk / Crosswalk / Driveway Crossing,White,Male,60,60-69,No,NA,NA,O: No Injury,Black,Male,Sport Utility,No,17OCT2011,Monday,Motorist Right Turn / Merge,16,Intersection,October,C: Possible Injury,16:41:00,Motorist Right Turn - Same Direction,2011,Yes,No,Daylight,Straight - Grade,State Secondary Route,Dry,"Two-Way, Divided, Unprotected Median",None,Four-Way Intersection,Smooth Asphalt,2 lanes,"35.8048570788, -78.8133026633"
3487,Greensboro,Guilford,Piedmont,Commercial,Urban (>70% Developed),NA,Urban,30 - 35  MPH,Stop And Go Signal,Clear,No,19,16-19,No,NA,With Traffic,C: Possible Injury,Travel Lane,White,Male,70+,70+,No,NA,0-5 mph,O: No Injury,White,Male,Passenger Car,No,03OCT2011,Monday,Motorist Right Turn / Merge,13,Intersection,October,C: Possible Injury,13:49:00,Motorist Right Turn - Same Direction,2011,Yes,No,Daylight,Straight - Level,Local Street,Dry,"Two-Way, Not Divided",None,Shared-Use Paths Or Trails,Smooth Asphalt,5 lanes,"36.0637670975, -79.8239029819"
3490,Chapel Hill,Orange,Piedmont,Commercial,Urban (>70% Developed),NA,Urban,20 - 25  MPH,Stop Sign,Clear,No,38,30-39,No,NA,With Traffic,B: Evident Injury,Travel Lane,White,Male,70+,70+,No,NA,0-5 mph,O: No Injury,White,Male,Passenger Car,No,13OCT2011,Thursday,Loss of Control / Turning Error,17,Intersection,October,B: Evident Injury,17:39:00,Bicyclist Lost Control - Other / Unknown,2011,Yes,No,Daylight,Curve - Hillcrest,Local Street,Dry,"Two-Way, Divided, Unprotected Median",None,Other,Smooth Asphalt,5 lanes,"35.9152570935, -79.0568027425"
3498,Rocky Mount,Nash,Coastal,Commercial,Urban (>70% Developed),NA,Urban,30 - 35  MPH,Stop Sign,Clear,No,17,16-19,No,NA,Facing Traffic,B: Evident Injury,Travel Lane,Black,Male,34,30-39,No,NA,0-5 mph,O: No Injury,Black,Female,Passenger Car,No,14OCT2011,Friday,Motorist Failed to Yield - Sign-Controlled Intersection,19,Intersection,October,B: Evident Injury,19:12:00,Motorist Drive Out - Sign-Controlled Intersection,2011,Yes,No,Dark - Lighted Roadway,Straight - Level,Local Street,Dry,"Two-Way, Not Divided",None,No Special Feature,Coarse Asphalt,2 lanes,"35.931217141, -77.8129023662"
3503,Rocky Mount,Edgecombe,Coastal,Residential,Urban (>70% Developed),NA,Urban,30 - 35  MPH,Stop Sign,Clear,No,61,60-69,No,NA,Not Applicable,O: No Injury,Travel Lane,Black,Male,24,20-24,No,NA,6-10 mph,O: No Injury,Black,Male,Sport Utility,No,28SEP2011,Wednesday,Parallel Paths - Other Circumstances,11,Non-Intersection,September,O: No Injury,11:59:00,Bicyclist Ride Out - Parallel Path,2011,No,No,Daylight,Straight - Level,Local Street,Dry,"Two-Way, Not Divided",None,Four-Way Intersection,Smooth Asphalt,2 lanes,"35.9502371463, -77.7854023587"
3509,Rocky Mount,Nash,Coastal,Commercial,Urban (>70% Developed),NA,Urban,20 - 25  MPH,Stop And Go Signal,Clear,No,58,50-59,No,NA,Facing Traffic,C: Possible Injury,Travel Lane,White,Male,29,25-29,No,NA,11-15 mph,O: No Injury,White,Female,Passenger Car,No,15OCT2011,Saturday,Bicyclist Failed to Yield - Signalized Intersection,11,Intersection,October,C: Possible Injury,11:09:00,Bicyclist Ride Out - Signalized  Intersection,2011,Yes,No,Daylight,Straight - Level,Local Street,Dry,"One-Way, Not Divided",None,Four-Way Intersection,Smooth Asphalt,3 lanes,"35.9446471446, -77.7962023613"
3512,Greensboro,Guilford,Piedmont,Residential,Urban (>70% Developed),NA,Urban,30 - 35  MPH,No Control Present,Clear,No,51,50-59,No,NA,With Traffic,C: Possible Injury,Travel Lane,White,Male,65,60-69,No,NA,31-35 mph,O: No Injury,White,Female,Passenger Car,No,15OCT2011,Saturday,Bicyclist Left Turn / Merge,15,Non-Intersection,October,C: Possible Injury,15:48:00,Bicyclist Left Turn - Same Direction,2011,Yes,No,Daylight,Straight - Grade,Local Street,Dry,"Two-Way, Not Divided",None,Related To Intersection,Smooth Asphalt,2 lanes,"36.152247116, -79.8127029839"
3520,None - Rural Crash,Yadkin,Mountains,"Farms, Woods, Pastures",Rural (<30% Developed),NA,Rural,50 - 55  MPH,No Control Present,Clear,No,17,16-19,No,NA,With Traffic,C: Possible Injury,Travel Lane,White,Male,18,0-19,No,NA,46-50 mph,O: No Injury,White,Female,Passenger Car,No,31OCT2011,Monday,Motorist Overtaking Bicyclist,22,Non-Intersection,October,C: Possible Injury,22:28:00,Motorist Overtaking - Undetected Bicyclist,2011,Yes,No,Dark - Roadway Not Lighted,Straight - Level,State Secondary Route,Dry,"Two-Way, Not Divided",None,No Special Feature,Coarse Asphalt,2 lanes,"36.2013771007, -80.5035031948"
3523,Raleigh,Wake,Piedmont,Residential,Rural (<30% Developed),NA,Urban,30 - 35  MPH,No Control Present,Clear,No,51,50-59,No,NA,Facing Traffic,C: Possible Injury,Sidewalk / Crosswalk / Driveway Crossing,Black,Male,44,40-49,No,NA,0-5 mph,O: No Injury,Black,Female,Van,No,27OCT2011,Thursday,Motorist Failed to Yield - Midblock,17,Non-Intersection,October,C: Possible Injury,17:30:00,Motorist Drive Out - Commercial Driveway / Alley,2011,No,No,Dark - Lighted Roadway,Straight - Level,Local Street,Dry,"Two-Way, Not Divided",None,T-Intersection,Smooth Asphalt,2 lanes,"35.7403770719, -78.6298026039"
101,Boone,Watauga,Mountains,Commercial,Urban (>70% Developed),BLOWING ROCK RD,Urban,30 - 35  MPH,No Control Present,Rain,No,19,16-19,NA,No,With Traffic,C: Possible Injury,Travel Lane,White,Male,70+,70+,NA,NA,16-20 mph,O: No Injury,White,Female,Passenger Car,No,19MAR2014,Wednesday,Motorist Overtaking Bicyclist,1,Non-Intersection,March,C: Possible Injury,01:27:00,Motorist Overtaking - Other / Unknown,2014,Yes,Yes,Dark - Lighted Roadway,Straight - Level,Local Street,Wet,"Two-Way, Not Divided",None,No Special Feature,Smooth Asphalt,5 lanes,"36.2062140569, -81.6705835439"
133,Raleigh,Wake,Piedmont,Residential,Urban (>70% Developed),JOE LOUIS AVE,Urban,30 - 35  MPH,Stop Sign,Clear,No,11,11-15,NA,No,Facing Traffic,B: Evident Injury,Travel Lane,Black,Male,26,25-29,NA,No,16-20 mph,O: No Injury,Black,Female,Sport Utility,No,13APR2014,Sunday,Bicyclist Failed to Yield - Sign-Controlled Intersection,20,Intersection,April,B: Evident Injury,20:01:00,Bicyclist Ride Through - Sign-Controlled Intersection,2014,Yes,No,Dusk,Straight - Level,Local Street,Dry,"Two-Way, Not Divided",None,Four-Way Intersection,Smooth Asphalt,2 lanes,"35.7706470786, -78.6174266023"
113,None - Rural Crash,Wake,Piedmont,Commercial,Rural (<30% Developed),NC 98,Rural,50 - 55  MPH,Stop Sign,Clear,No,35,30-39,NA,No,With Traffic,B: Evident Injury,Travel Lane,White,Male,39,30-39,NA,No,16-20 mph,O: No Injury,White,Female,Sport Utility,No,31MAR2014,Monday,Motorist Failed to Yield - Sign-Controlled Intersection,13,Intersection,March,B: Evident Injury,13:15:00,Motorist Drive Out - Sign-Controlled Intersection,2014,Yes,No,Daylight,Straight - Level,NC Route,Dry,"Two-Way, Not Divided",None,Four-Way Intersection,Smooth Asphalt,2 lanes,"35.9878111226, -78.6780876318"
138,Durham,Durham,Piedmont,Residential,Urban (>70% Developed),SPRINGDALE DR,Urban,5 - 15 MPH,No Control Present,Clear,No,10,6-10,NA,No,Not Applicable,C: Possible Injury,Travel Lane,Black,Female,55,50-59,NA,No,11-15 mph,O: No Injury,Black,Female,Passenger Car,No,16APR2014,Wednesday,Bicyclist Failed to Yield - Midblock,18,Non-Intersection,April,C: Possible Injury,18:23:00,Bicyclist Ride Out - Residential Driveway,2014,No,No,Daylight,Straight - Level,Local Street,Dry,"Two-Way, Not Divided",None,No Special Feature,NA,2 lanes,"35.9576071074, -78.9154387018"
100,Harrisburg,Cabarrus,Piedmont,Residential,Rural (<30% Developed),PHARR MILL RD,Urban,40 - 45  MPH,No Control Present,Clear,No,20,20-24,NA,No,With Traffic,C: Possible Injury,Travel Lane,White,Female,59,50-59,NA,No,36-40 mph,O: No Injury,White,Female,Passenger Car,No,10MAR2014,Monday,Bicyclist Left Turn / Merge,16,Non-Intersection,March,C: Possible Injury,16:53:00,Bicyclist Left Turn - Same Direction,2014,No,No,Daylight,NA,NA,Dry,NA,None,No Special Feature,NA,NA,"35.3201019109, -80.6134831785"
87,Raleigh,Wake,Piedmont,Commercial,Urban (>70% Developed),PVA 6300 CREEDMOOR RD,Urban,30 - 35  MPH,No Control Present,Clear,No,33,30-39,NA,No,Facing Traffic,B: Evident Injury,Sidewalk / Crosswalk / Driveway Crossing,White,Male,16,0-19,NA,No,0-5 mph,O: No Injury,White,Male,Sport Utility,No,20MAR2014,Thursday,Motorist Failed to Yield - Midblock,20,Non-Intersection,March,B: Evident Injury,20:56:00,Motorist Drive Out - Commercial Driveway / Alley,2014,Yes,No,Dark - Lighted Roadway,Straight - Level,Public Vehicular Area,Dry,"Two-Way, Not Divided",None,"Driveway, Public",Smooth Asphalt,NA,"35.8719270976, -78.6795226264"
84,Fayetteville,Cumberland,Coastal,Commercial,Urban (>70% Developed),MCLAMB DR,Urban,30 - 35  MPH,Stop Sign,Clear,No,57,50-59,NA,No,Facing Traffic,C: Possible Injury,Sidewalk / Crosswalk / Driveway Crossing,Black,Male,45,40-49,NA,No,11-15 mph,O: No Injury,Black,Male,Passenger Car,No,16FEB2014,Sunday,Crossing Paths - Other Circumstances,16,Intersection,February,C: Possible Injury,16:31:00,Sign-Controlled Intersection - Other / Unknown,2014,Yes,No,Daylight,Straight - Level,Local Street,Dry,"Two-Way, Not Divided",None,No Special Feature,Coarse Asphalt,2 lanes,"35.0893739212, -78.9088726549"
69,Charlotte,Mecklenburg,Piedmont,Commercial,Mixed (30% To 70% Developed),ALLEGHANY ST,Urban,5 - 15 MPH,Stop Sign,Clear,No,15,11-15,NA,No,With Traffic,C: Possible Injury,Sidewalk / Crosswalk / Driveway Crossing,Black,Male,43,40-49,NA,No,0-5 mph,O: No Injury,Black,Male,Sport Utility,No,12MAR2014,Wednesday,Motorist Failed to Yield - Midblock,14,Non-Intersection,March,C: Possible Injury,14:30:00,Motorist Drive Out - Other Midblock,2014,No,No,Daylight,Straight - Level,Local Street,Dry,"Two-Way, Not Divided",None,No Special Feature,Smooth Asphalt,3 lanes,"35.2384328829, -80.893363257"
53,Hickory,Catawba,Piedmont,Commercial,Urban (>70% Developed),NC 127,Urban,30 - 35  MPH,Stop And Go Signal,Cloudy,No,45,40-49,NA,No,With Traffic,C: Possible Injury,Sidewalk / Crosswalk / Driveway Crossing,White,Male,40,40-49,NA,No,6-10 mph,O: No Injury,White,Male,Pickup,No,04FEB2014,Tuesday,Bicyclist Failed to Yield - Signalized Intersection,8,Intersection,February,C: Possible Injury,08:32:00,Bicyclist Failed to Clear - Trapped,2014,Yes,No,Daylight,Straight - Level,NC Route,Dry,"Two-Way, Not Divided",None,Four-Way Intersection,Smooth Asphalt,5 lanes,"35.7297319709, -81.333499416"
82,Clemmons,Forsyth,Piedmont,Residential,Rural (<30% Developed),SR 1101,Urban,40 - 45  MPH,Stop Sign,Clear,No,15,11-15,NA,No,With Traffic,O: No Injury,Travel Lane,White,Male,35,30-39,NA,No,6-10 mph,O: No Injury,Hispanic,Female,Van,No,13MAR2014,Thursday,Motorist Failed to Yield - Sign-Controlled Intersection,18,Intersection-Related,March,B: Evident Injury,18:15:00,Motorist Drive Out - Sign-Controlled Intersection,2014,Yes,No,Daylight,Straight - Grade,State Secondary Route,Dry,"Two-Way, Not Divided",None,Related To Intersection,Smooth Asphalt,2 lanes,"36.0529470735, -80.4026031561"
60,None - Rural Crash,Durham,Piedmont,Commercial,Mixed (30% To 70% Developed),SR 2028,Rural,40 - 45  MPH,"Double Yellow Line, No Passing Zone",Clear,No,35,30-39,NA,No,With Traffic,B: Evident Injury,Travel Lane,White,Female,68,60-69,NA,No,41-45 mph,O: No Injury,Black,Male,Sport Utility,No,20JAN2014,Monday,Motorist Overtaking Bicyclist,7,Non-Intersection,January,B: Evident Injury,07:05:00,Motorist Overtaking - Other / Unknown,2014,Yes,No,Dawn,Straight - Grade,State Secondary Route,Dry,"Two-Way, Not Divided",None,No Special Feature,Smooth Asphalt,2 lanes,"35.9004700964, -78.8800926878"
62,None - Rural Crash,Hoke,Coastal,Commercial,Mixed (30% To 70% Developed),US 401,Rural,40 - 45  MPH,"Double Yellow Line, No Passing Zone",Clear,No,12,11-15,NA,No,With Traffic,B: Evident Injury,Travel Lane,Black,Male,18,0-19,NA,No,41-45 mph,O: No Injury,Black,Female,Sport Utility,No,10MAR2014,Monday,Bicyclist Left Turn / Merge,18,Non-Intersection,March,B: Evident Injury,18:07:00,Bicyclist Left Turn - Same Direction,2014,Yes,No,Daylight,Straight - Grade,US Route,Dry,"Two-Way, Not Divided",None,No Special Feature,Coarse Asphalt,2 lanes,"34.9910468903, -79.1866527333"
94,None - Rural Crash,Pender,Coastal,Commercial,Mixed (30% To 70% Developed),50,Rural,40 - 45  MPH,No Control Present,Clear,No,25,25-29,NA,No,With Traffic,A: Disabling Injury,Travel Lane,White,Male,48,40-49,NA,No,11-15 mph,O: No Injury,Black,Male,Passenger Car,No,23MAR2014,Sunday,Motorist Left Turn / Merge,16,Non-Intersection,March,A: Disabling Injury,16:08:00,Motorist Left Turn - Opposite Direction,2014,Yes,No,Daylight,Straight - Level,NC Route,Dry,"Two-Way, Not Divided",None,"Driveway, Public",Smooth Asphalt,2 lanes,"34.6638938691, -77.7001022677"
83,None - Rural Crash,Dare,Coastal,Residential,Urban (>70% Developed),SR 1147,Rural,30 - 35  MPH,No Control Present,Clear,No,13,11-15,NA,No,With Traffic,B: Evident Injury,Travel Lane,White,Female,56,50-59,NA,No,26-30 mph,O: No Injury,Black,Male,Sport Utility,No,22MAR2014,Saturday,Loss of Control / Turning Error,14,Intersection,March,B: Evident Injury,14:30:00,Motorist Turning Error - Left Turn,2014,Yes,No,Daylight,Curve - Level,State Secondary Route,Dry,"Two-Way, Not Divided",None,T-Intersection,Smooth Asphalt,2 lanes,"35.8396831934, -75.6464516976"
97,Lumberton,Robeson,Coastal,Residential,Urban (>70% Developed),HEDGEPETH CIR,Urban,30 - 35  MPH,Stop Sign,Clear,No,20,20-24,NA,No,Not Applicable,C: Possible Injury,Travel Lane,Native American,Male,35,30-39,NA,No,16-20 mph,O: No Injury,Black,Male,Van,No,27FEB2014,Thursday,Head-On,19,Intersection,February,C: Possible Injury,19:21:00,Head-On - Unknown,2014,Yes,No,Daylight,Straight - Level,Local Street,Dry,"Two-Way, Not Divided",None,No Special Feature,Coarse Asphalt,2 lanes,"34.6377398202, -78.9922726571"
365,Raleigh,Wake,Piedmont,Commercial,Urban (>70% Developed),CAPITAL BLVD,Urban,40 - 45  MPH,Stop And Go Signal,Cloudy,No,14,11-15,NA,No,Facing Traffic,O: No Injury,Sidewalk / Crosswalk / Driveway Crossing,Black,Male,31,30-39,NA,"Yes-Alcohol,  impairment suspected",11-15 mph,O: No Injury,White,Male,Passenger Car,Yes,30JUL2014,Wednesday,Bicyclist Failed to Yield - Signalized Intersection,19,Intersection,July,O: No Injury,19:46:00,Bicyclist Ride Through - Signalized Intersection,2014,No,No,Daylight,Straight - Level,Local Street,Dry,"Two-Way, Divided, Positive Median Barrier",None,Four-Way Intersection,Smooth Asphalt,9 or more lanes,"35.8497000965, -78.5804625954"
371,None - Rural Crash,Watauga,Mountains,"Farms, Woods, Pastures",Rural (<30% Developed),SR 1201,Rural,30 - 35  MPH,Stop Sign,Clear,No,62,60-69,NA,No,With Traffic,B: Evident Injury,Travel Lane,White,Male,40,40-49,NA,No,26-30 mph,O: No Injury,White,Male,"Single Unit Truck (2-Axle, 6-Tire)",No,28JUN2014,Saturday,Motorist Left Turn / Merge,10,Intersection,June,B: Evident Injury,10:52:00,Motorist Left Turn - Opposite Direction,2014,Yes,No,Daylight,Straight - Grade,State Secondary Route,Dry,"Two-Way, Not Divided",None,T-Intersection,Coarse Asphalt,2 lanes,"35.1973968634, -81.193463344"
367,High Point,Guilford,Piedmont,Commercial,Urban (>70% Developed),GALLIMORE DAIRY RD,Urban,40 - 45  MPH,Stop Sign,Clear,No,68,60-69,NA,No,With Traffic,C: Possible Injury,Travel Lane,White,Male,69,60-69,NA,No,21-25 mph,O: No Injury,White,Female,Passenger Car,No,09JUN2014,Monday,Motorist Overtaking Bicyclist,13,Intersection,June,C: Possible Injury,13:36:00,Motorist Overtaking - Bicyclist Swerved,2014,Yes,No,Daylight,Straight - Level,Local Street,Dry,"Two-Way, Not Divided",None,Four-Way Intersection,Smooth Asphalt,2 lanes,"36.0641510922, -79.9637480246"
359,Newland,Avery,Mountains,"Farms, Woods, Pastures",Rural (<30% Developed),ELK ST,Rural,20 - 25  MPH,"Double Yellow Line, No Passing Zone",Cloudy,No,70+,70+,NA,No,With Traffic,B: Evident Injury,Travel Lane,White,Male,NA,NA,NA,Missing,21-25 mph,Unknown Injury,Unknown/Missing,NA,Pickup,No,12JUN2014,Thursday,Head-On,10,Non-Intersection,June,B: Evident Injury,10:13:00,Head-On - Motorist,2014,Yes,Yes,Daylight,Curve - Level,Local Street,Dry,"Two-Way, Not Divided",None,No Special Feature,Smooth Asphalt,2 lanes,"36.0999770253, -81.9219096127"
349,Garner,Wake,Piedmont,Residential,Urban (>70% Developed),PVA GARNER TOWNS LN,Urban,NA,No Control Present,Clear,No,20,20-24,NA,No,Not Applicable,C: Possible Injury,Non-Roadway,Black,Male,25,25-29,NA,No,6-10 mph,O: No Injury,Black,Female,Pickup,No,26JUL2014,Saturday,Non-Roadway,10,Non-Roadway,July,C: Possible Injury,10:50:00,Non-Roadway,2014,Yes,No,Daylight,Straight - Level,Public Vehicular Area,Dry,"Two-Way, Not Divided",None,"Driveway, Public",Coarse Asphalt,2 lanes,"35.7076270647, -78.6264926015"
314,Princeville,Edgecombe,Coastal,Residential,Urban (>70% Developed),NC 111,Rural,30 - 35  MPH,"Double Yellow Line, No Passing Zone",Clear,No,50,50-59,NA,"Yes-Alcohol,  impairment suspected",With Traffic,C: Possible Injury,Travel Lane,Black,Male,57,50-59,NA,No,31-35 mph,O: No Injury,Black,Male,Passenger Car,Yes,05JUL2014,Saturday,Bicyclist Left Turn / Merge,3,Non-Intersection,July,C: Possible Injury,03:36:00,Bicyclist Left Turn - Same Direction,2014,Yes,No,Dark - Lighted Roadway,Straight - Level,NC Route,Dry,"Two-Way, Not Divided",None,No Special Feature,Coarse Asphalt,2 lanes,"35.8900271421, -77.5168222733"
302,Greensboro,Guilford,Piedmont,Commercial,Urban (>70% Developed),E MARKET ST,Urban,30 - 35  MPH,No Control Present,Clear,No,45,40-49,NA,NA,With Traffic,A: Disabling Injury,Travel Lane,Black,Male,NA,NA,NA,Missing,46-50 mph,Unknown Injury,Unknown/Missing,NA,Pickup,No,03JUL2014,Thursday,Motorist Right Turn / Merge,0,Non-Intersection,July,A: Disabling Injury,00:20:00,Motorist Right Turn - Same Direction,2014,Yes,Yes,Dark - Lighted Roadway,Straight - Grade,Local Street,Dry,"Two-Way, Divided, Unprotected Median",None,"Driveway, Public",Smooth Asphalt,4 lanes,"36.0784301035, -79.7529029617"
299,Raleigh,Wake,Piedmont,Commercial,Urban (>70% Developed),OLD WAKE FOREST RD,Urban,40 - 45  MPH,No Control Present,Clear,No,19,16-19,NA,No,With Traffic,B: Evident Injury,Travel Lane,Black,Male,NA,NA,NA,Missing,16-20 mph,Unknown Injury,Unknown/Missing,NA,NA,No,05JUL2014,Saturday,Motorist Overtaking Bicyclist,17,Non-Intersection,July,B: Evident Injury,17:34:00,Motorist Overtaking - Other / Unknown,2014,No,Yes,Daylight,Straight - Level,Local Street,Dry,"Two-Way, Not Divided",None,No Special Feature,Coarse Asphalt,5 lanes,"35.8695331011, -78.5758125946"
300,None - Rural Crash,Lenoir,Coastal,"Farms, Woods, Pastures",Rural (<30% Developed),1690,Rural,50 - 55  MPH,"Double Yellow Line, No Passing Zone",Clear,No,43,40-49,NA,NA,With Traffic,C: Possible Injury,Travel Lane,White,Male,54,50-59,NA,NA,21-25 mph,O: No Injury,White,Female,Passenger Car,No,08JUN2014,Sunday,Motorist Overtaking Bicyclist,16,Non-Intersection,June,C: Possible Injury,16:00:00,Motorist Overtaking - Other / Unknown,2014,No,No,Daylight,Straight - Level,State Secondary Route,Dry,"Two-Way, Not Divided",None,No Special Feature,Smooth Asphalt,2 lanes,"35.3105540098, -77.7330623096"
281,Raleigh,Wake,Piedmont,Commercial,Urban (>70% Developed),E MARTIN ST,Urban,30 - 35  MPH,Stop Sign,Clear,No,45,40-49,NA,No,With Traffic,C: Possible Injury,Sidewalk / Crosswalk / Driveway Crossing,Black,Male,50,50-59,NA,No,36-40 mph,C: Possible Injury,Black,Female,Passenger Car,No,26JUN2014,Thursday,Other / Unusual Circumstances,17,Intersection-Related,June,C: Possible Injury,17:56:00,Unusual Circumstances,2014,Yes,No,Daylight,Straight - Level,Local Street,Dry,"Two-Way, Divided, Unprotected Median",None,Four-Way Intersection,Smooth Asphalt,4 lanes,"35.7765730794, -78.6267326052"
310,None - Rural Crash,New Hanover,Coastal,Commercial,Urban (>70% Developed),US 421,Rural,5 - 15 MPH,No Control Present,Clear,No,17,16-19,NA,No,Facing Traffic,B: Evident Injury,Travel Lane,Black,Male,54,50-59,NA,No,0-5 mph,O: No Injury,White,Male,Passenger Car,No,30JUN2014,Monday,Motorist Failed to Yield - Midblock,16,Non-Intersection,June,B: Evident Injury,16:10:00,Motorist Drive Out - Commercial Driveway / Alley,2014,Yes,No,Daylight,Curve - Level,US Route,Dry,"Two-Way, Divided, Unprotected Median",None,"Driveway, Public",Coarse Asphalt,4 lanes,"34.1333797454, -77.8953923017"
321,Raleigh,Wake,Piedmont,Residential,Urban (>70% Developed),RUSH SPRINGS CT,Urban,30 - 35  MPH,Stop Sign,Cloudy,No,10,6-10,NA,No,Facing Traffic,B: Evident Injury,Travel Lane,White,Female,64,60-69,NA,No,6-10 mph,O: No Injury,Other,Female,Sport Utility,No,10JUL2014,Thursday,Motorist Failed to Yield - Sign-Controlled Intersection,17,Intersection,July,B: Evident Injury,17:39:00,Motorist Drive Out - Sign-Controlled Intersection,2014,Yes,No,Daylight,Straight - Level,Local Street,Dry,"Two-Way, Not Divided",None,T-Intersection,Coarse Asphalt,2 lanes,"35.9051701027, -78.7368226457"
346,Gastonia,Gaston,Piedmont,Residential,Urban (>70% Developed),PVA 901 SMYRE DR,Urban,20 - 25  MPH,No Control Present,Clear,No,23,20-24,NA,No,With Traffic,B: Evident Injury,Travel Lane,White,Male,51,50-59,NA,No,11-15 mph,O: No Injury,White,Male,Sport Utility,No,17JUN2014,Tuesday,Motorist Overtaking Bicyclist,20,Non-Intersection,June,B: Evident Injury,20:57:00,Motorist Overtaking - Other / Unknown,2014,Yes,No,Daylight,Straight - Level,Local Street,Dry,"Two-Way, Not Divided",None,No Special Feature,Smooth Asphalt,2 lanes,"35.2762028818, -81.1274983287"
279,Tabor City,Columbus,Coastal,Residential,Urban (>70% Developed),KING ST,Rural,20 - 25  MPH,No Control Present,Clear,No,6,6-10,NA,No,Not Applicable,C: Possible Injury,Driveway / Alley,Black,Male,44,40-49,NA,No,0-5 mph,O: No Injury,Black,Female,Sport Utility,No,24MAY2014,Saturday,Bicyclist Failed to Yield - Midblock,16,Non-Intersection,May,C: Possible Injury,16:05:00,Bicyclist Ride Out - Residential Driveway,2014,Yes,No,Daylight,Straight - Level,Local Street,Dry,"Two-Way, Not Divided",None,No Special Feature,Coarse Asphalt,2 lanes,"34.1538607174, -78.8804525993"
344,Cary,Wake,Piedmont,Commercial,Urban (>70% Developed),GREGSON DR,Urban,NA,Stop Sign,Clear,No,43,40-49,NA,No,With Traffic,C: Possible Injury,Travel Lane,White,Male,57,50-59,NA,No,NA,O: No Injury,Black,Female,Passenger Car,No,04JUL2014,Friday,Motorist Left Turn / Merge,9,Intersection,July,C: Possible Injury,09:56:00,Motorist Left Turn - Opposite Direction,2014,Yes,No,Daylight,Straight - Level,Local Street,Dry,"Two-Way, Not Divided",None,Four-Way Intersection,Smooth Asphalt,2 lanes,"35.7395740649, -78.8049876568"
373,None - Rural Crash,Currituck,Coastal,"Farms, Woods, Pastures",Mixed (30% To 70% Developed),158,Rural,50 - 55  MPH,No Control Present,Clear,No,28,25-29,NA,"Yes-Alcohol, no impairment detected",Facing Traffic,C: Possible Injury,Bike Lane / Paved Shoulder,White,Female,NA,NA,NA,NA,36-40 mph,Unknown Injury,Unknown/Missing,NA,NA,Yes,25JUL2014,Friday,Loss of Control / Turning Error,2,Non-Intersection,July,C: Possible Injury,02:05:00,Motorist Lost Control - Other / Unknown,2014,Yes,Yes,Dark - Roadway Not Lighted,Straight - Level,US Route,Dry,"Two-Way, Not Divided",None,No Special Feature,Coarse Asphalt,5 lanes,"36.167657258, -75.8597277795"
375,Raleigh,Wake,Piedmont,Residential,Urban (>70% Developed),SUNNYBROOK RD,Urban,30 - 35  MPH,Stop Sign,Cloudy,No,14,11-15,NA,No,Facing Traffic,O: No Injury,Travel Lane,Black,Male,30,30-39,NA,No,31-35 mph,O: No Injury,Black,Female,Passenger Car,No,29JUL2014,Tuesday,Bicyclist Failed to Yield - Sign-Controlled Intersection,19,Intersection,July,O: No Injury,19:37:00,Bicyclist Ride Through - Sign-Controlled Intersection,2014,No,No,Daylight,Straight - Level,Local Street,Dry,"Two-Way, Divided, Unprotected Median",None,T-Intersection,Smooth Asphalt,4 lanes,"35.7448420743, -78.5867625915"