object_id,city,county,region,development,locality,on_road,rural_urban,speed_limit,traffic_control,weather,workzone,bike_age,bike_age_group,bike_alcohol,bike_alcohol_drugs,bike_direction,bike_injury,bike_position,bike_race,bike_sex,driver_age,driver_age_group,driver_alcohol,driver_alcohol_drugs,driver_est_speed,driver_injury,driver_race,driver_sex,driver_vehicle_type,crash_alcohol,crash_date,crash_day,crash_group,crash_hour,crash_location,crash_month,crash_severity,crash_time,crash_type,crash_year,ambulance_req,hit_run,light_condition,road_character,road_class,road_condition,road_configuration,road_defects,road_feature,road_surface,num_lanes,geo_point
384,Durham,Durham,Piedmont,Commercial,Urban (>70% Developed),UNITED DR,Urban,30 - 35  MPH,No Control Present,Clear,No,63,60-69,NA,No,Not Applicable,O: No Injury,Sidewalk / Crosswalk / Driveway Crossing,Black,Male,60,60-69,NA,No,6-10 mph,O: No Injury,White,Female,Passenger Car,No,04AUG2014,Monday,Bicyclist Failed to Yield - Midblock,17,Non-Intersection,August,O: No Injury,17:10:00,Bicyclist Ride Out - Other Midblock,2014,No,No,Daylight,Straight - Level,Local Street,Dry,"Two-Way, Not Divided",None,No Special Feature,Coarse Asphalt,2 lanes,"35.9370571038, -78.9074626991"
372,Midway,Davidson,Piedmont,Residential,Mixed (30% To 70% Developed),SR 1802,Rural,40 - 45  MPH,"Double Yellow Line, No Passing Zone",Clear,No,61,60-69,NA,No,With Traffic,A: Disabling Injury,Travel Lane,White,Male,22,20-24,NA,No,31-35 mph,O: No Injury,White,Male,Passenger Car,No,26JUL2014,Saturday,Bicyclist Left Turn / Merge,10,Non-Intersection,July,A: Disabling Injury,10:13:00,Bicyclist Left Turn - Opposite Direction,2014,Yes,No,Daylight,Curve - Grade,State Secondary Route,Dry,"Two-Way, Not Divided",None,T-Intersection,Smooth Asphalt,2 lanes,"35.9498470587, -80.2071130917"
383,None - Rural Crash,Mcdowell,Mountains,"Farms, Woods, Pastures",Rural (<30% Developed),NC 80,Rural,30 - 35  MPH,"Double Yellow Line, No Passing Zone",Clear,No,52,50-59,NA,No,With Traffic,C: Possible Injury,Travel Lane,White,Male,50,50-59,NA,No,26-30 mph,O: No Injury,White,Male,Pickup,No,14JUN2014,Saturday,Motorist Overtaking Bicyclist,11,Non-Intersection,June,C: Possible Injury,11:44:00,Motorist Overtaking - Other / Unknown,2014,Yes,No,Daylight,Straight - Grade,NC Route,Dry,"Two-Way, Not Divided",None,No Special Feature,Smooth Asphalt,2 lanes,"35.7356869417, -82.1288186528"
385,Southern Pines,Moore,Piedmont,Commercial,Mixed (30% To 70% Developed),15,Urban,40 - 45  MPH,No Control Present,Clear,No,46,40-49,NA,NA,With Traffic,A: Disabling Injury,Travel Lane,White,Male,42,40-49,NA,No,41-45 mph,O: No Injury,White,Female,Passenger Car,No,22JUL2014,Tuesday,Motorist Overtaking Bicyclist,14,Non-Intersection,July,A: Disabling Injury,14:25:00,Motorist Overtaking - Other / Unknown,2014,Yes,No,Daylight,Straight - Level,US Route,Dry,"Two-Way, Not Divided",None,No Special Feature,Smooth Asphalt,5 lanes,"35.1718669211, -79.4257228143"
381,Burlington,Alamance,Piedmont,Residential,Urban (>70% Developed),PVA 539 N CHURCH ST,Urban,5 - 15 MPH,No Control Present,Clear,No,17,16-19,NA,No,Not Applicable,C: Possible Injury,Non-Roadway,Black,Male,31,30-39,NA,Missing,0-5 mph,O: No Injury,Black,Female,Passenger Car,No,05AUG2014,Tuesday,Non-Roadway,19,Non-Roadway,August,C: Possible Injury,19:08:00,Non-Roadway,2014,Yes,No,Daylight,Straight - Level,Public Vehicular Area,Dry,NA,None,"Driveway, Public",Smooth Asphalt,NA,"36.1006841198, -79.4304528655"
1158,Wilmington,New Hanover,Coastal,Residential,Urban (>70% Developed),PP ARBORETUM DR,Urban,20 - 25  MPH,Stop And Go Signal,Clear,No,21,20-24,No,NA,NA,B: Evident Injury,NA,White,Female,65,60-69,No,NA,NA,O: No Injury,White,Female,Passenger Car,No,27MAY2013,Monday,Motorist Failed to Yield - Signalized Intersection,16,Intersection,May,B: Evident Injury,16:46:00,Motorist Drive Out - Right Turn on Red,2013,Yes,No,Daylight,Straight - Level,US Route,Dry,"Two-Way, Divided, Unprotected Median",None,Shared-Use Paths Or Trails,Smooth Asphalt,4 lanes,"34.2559767747, -77.8263022869"
1156,None - Rural Crash,Union,Piedmont,"Farms, Woods, Pastures",Rural (<30% Developed),SR 1007,Rural,50 - 55  MPH,"Double Yellow Line, No Passing Zone",Clear,No,58,50-59,No,NA,With Traffic,B: Evident Injury,Travel Lane,White,Male,24,20-24,No,NA,51-55 mph,O: No Injury,White,Male,Pickup,No,09JUN2013,Sunday,Motorist Overtaking Bicyclist,10,Non-Intersection,June,B: Evident Injury,10:57:00,Motorist Overtaking - Other / Unknown,2013,Yes,No,Daylight,Straight - Level,State Secondary Route,Dry,"Two-Way, Not Divided",None,No Special Feature,Smooth Asphalt,2 lanes,"34.955826832, -80.6274031631"
1164,Winston-Salem,Forsyth,Piedmont,Residential,Urban (>70% Developed),S GLENN AV,Urban,30 - 35  MPH,No Control Present,Clear,No,45,40-49,No,NA,With Traffic,B: Evident Injury,Travel Lane,Black,Male,34,30-39,No,NA,21-25 mph,O: No Injury,Black,Male,Taxicab,No,30MAY2013,Thursday,Motorist Left Turn / Merge,21,Intersection,May,B: Evident Injury,21:57:00,Motorist Left Turn - Opposite Direction,2013,Yes,No,Dark - Roadway Not Lighted,Straight - Level,Local Street,Dry,"Two-Way, Not Divided",None,T-Intersection,Smooth Asphalt,2 lanes,"36.1157670922, -80.2477031129"
1166,High Point,Guilford,Piedmont,Residential,Urban (>70% Developed),BRENTWOOD ST,Urban,30 - 35  MPH,Stop And Go Signal,Clear,No,40,40-49,No,NA,With Traffic,B: Evident Injury,Travel Lane,Black,Male,24,20-24,No,NA,16-20 mph,O: No Injury,Black,Male,Passenger Car,No,31MAY2013,Friday,Motorist Left Turn / Merge,20,Intersection,May,B: Evident Injury,20:45:00,Motorist Left Turn - Opposite Direction,2013,Yes,No,Dusk,Straight - Level,Local Street,Dry,"Two-Way, Not Divided",None,Four-Way Intersection,Coarse Asphalt,4 lanes,"35.9531070686, -79.9795030229"
1250,Raleigh,Wake,Piedmont,Institutional,Urban (>70% Developed),VARSITY DR,Urban,5 - 15 MPH,No Control Present,Rain,No,24,20-24,No,NA,Facing Traffic,C: Possible Injury,Travel Lane,Hispanic,Male,25,25-29,No,NA,21-25 mph,O: No Injury,White,Female,Passenger Car,No,07JUN2013,Friday,Crossing Paths - Other Circumstances,9,Intersection,June,C: Possible Injury,09:04:00,Crossing Paths - Uncontrolled Intersection,2013,Yes,No,Daylight,Straight - Level,Local Street,Wet,"Two-Way, Divided, Positive Median Barrier",None,Related To Intersection,Smooth Asphalt,4 lanes,"35.7839970786, -78.6821026223"
1246,Wingate,Union,Piedmont,Residential,Urban (>70% Developed),S MAIN ST,Rural,30 - 35  MPH,No Control Present,Clear,No,8,6-10,No,NA,NA,B: Evident Injury,Driveway / Alley,Black,Male,70+,70+,No,NA,31-35 mph,O: No Injury,White,Female,Passenger Car,No,25MAY2013,Saturday,Parallel Paths - Other Circumstances,13,Non-Intersection,May,B: Evident Injury,13:00:00,Bicyclist Ride Out - Parallel Path,2013,No,No,Daylight,Straight - Level,Local Street,Dry,"Two-Way, Not Divided",None,No Special Feature,Smooth Asphalt,2 lanes,"34.9799568436, -80.4489031111"
1247,Lenoir,Caldwell,Mountains,Commercial,Mixed (30% To 70% Developed),PVA 945 BLOWING ROCK BLVD,Urban,5 - 15 MPH,Stop Sign,Clear,No,38,30-39,No,NA,Not Applicable,B: Evident Injury,Non-Roadway,Black,Male,70+,70+,No,NA,6-10 mph,O: No Injury,White,Female,Passenger Car,No,11JUL2013,Thursday,Non-Roadway,9,Non-Roadway,July,B: Evident Injury,09:07:00,Non-Roadway,2013,No,No,Daylight,Straight - Level,Public Vehicular Area,Dry,"Two-Way, Not Divided",None,No Special Feature,Smooth Asphalt,8 lanes,"35.9295970047, -81.5285034859"
1251,Rocky Mount,Nash,Coastal,Commercial,Urban (>70% Developed),N FRANKLIN ST,Urban,30 - 35  MPH,Stop And Go Signal,Clear,No,14,11-15,No,NA,Facing Traffic,C: Possible Injury,Travel Lane,Black,Male,53,50-59,No,NA,21-25 mph,O: No Injury,White,Male,Passenger Car,No,13JUN2013,Thursday,Head-On,13,Intersection,June,C: Possible Injury,13:35:00,Head-On - Bicyclist,2013,Yes,No,Daylight,Straight - Level,Local Street,Dry,"One-Way, Not Divided",None,No Special Feature,Coarse Asphalt,2 lanes,"35.9450371443, -77.7977023623"
1203,Burlington,Alamance,Piedmont,Commercial,Urban (>70% Developed),PVA 535 HUFFMAN MILL RD,Urban,NA,No Control Present,Clear,No,29,25-29,No,NA,Facing Traffic,B: Evident Injury,Sidewalk / Crosswalk / Driveway Crossing,White,Male,NA,NA,Missing,NA,0-5 mph,Unknown Injury,Unknown/Missing,NA,NA,No,24JUN2013,Monday,Motorist Failed to Yield - Midblock,16,Non-Intersection,June,B: Evident Injury,16:51:00,Motorist Drive Out - Commercial Driveway / Alley,2013,No,Yes,Daylight,Straight - Grade,Local Street,Dry,"Two-Way, Divided, Unprotected Median",None,No Special Feature,Smooth Asphalt,3 lanes,"36.0720671111, -79.4929028833"
1179,Raleigh,Wake,Piedmont,Commercial,Mixed (30% To 70% Developed),WESTGATE RD,Urban,50 - 55  MPH,Stop And Go Signal,Clear,No,36,30-39,No,NA,With Traffic,A: Disabling Injury,Travel Lane,White,Male,44,40-49,No,NA,26-30 mph,O: No Injury,Other,Female,Passenger Car,No,15JUN2013,Saturday,Bicyclist Failed to Yield - Signalized Intersection,23,Intersection,June,A: Disabling Injury,23:10:00,Bicyclist Ride Through - Signalized Intersection,2013,Yes,No,Dark - Roadway Not Lighted,Straight - Level,Local Street,Dry,"Two-Way, Not Divided",None,No Special Feature,Coarse Asphalt,4 lanes,"35.9017471016, -78.7654026533"
1196,None - Rural Crash,Yadkin,Mountains,"Farms, Woods, Pastures",Rural (<30% Developed),SR 1300,Rural,50 - 55  MPH,"Double Yellow Line, No Passing Zone",Clear,No,34,30-39,No,NA,With Traffic,B: Evident Injury,Travel Lane,White,Male,70+,70+,No,NA,41-45 mph,O: No Injury,White,Female,Pickup,No,24JUN2013,Monday,Motorist Overtaking Bicyclist,7,Non-Intersection,June,B: Evident Injury,07:23:00,Motorist Overtaking - Undetected Bicyclist,2013,Yes,No,Daylight,Straight - Grade,State Secondary Route,Dry,"Two-Way, Divided, Unprotected Median",None,No Special Feature,Smooth Asphalt,2 lanes,"36.1570470781, -80.8641033007"
1172,None - Rural Crash,Hoke,Coastal,Residential,Mixed (30% To 70% Developed),SR 1305,Rural,40 - 45  MPH,"Double Yellow Line, No Passing Zone",Clear,No,17,16-19,No,NA,With Traffic,O: No Injury,Travel Lane,White,Male,39,30-39,No,NA,41-45 mph,O: No Injury,White,Female,Passenger Car,No,17MAY2013,Friday,Motorist Overtaking Bicyclist,18,Non-Intersection,May,O: No Injury,18:46:00,Motorist Overtaking - Bicyclist Swerved,2013,No,No,Daylight,Straight - Grade,State Secondary Route,Dry,"Two-Way, Not Divided",None,No Special Feature,Coarse Asphalt,2 lanes,"35.0403569041, -79.1059027115"
1197,Boone,Watauga,Mountains,Commercial,Urban (>70% Developed),BLOWING ROCK RD,Urban,30 - 35  MPH,Other,Clear,No,24,20-24,No,NA,Facing Traffic,C: Possible Injury,Travel Lane,White,Male,49,40-49,No,NA,0-5 mph,O: No Injury,White,Male,Sport Utility,No,28MAY2013,Tuesday,Motorist Failed to Yield - Midblock,15,Non-Intersection,May,C: Possible Injury,15:57:00,Motorist Drive Out - Commercial Driveway / Alley,2013,Yes,No,Daylight,Straight - Level,US Route,Dry,"Two-Way, Not Divided",None,No Special Feature,Smooth Asphalt,5 lanes,"36.2067170576, -81.671103544"
1208,Charlotte,Mecklenburg,Piedmont,Commercial,Urban (>70% Developed),PVA 1609 SARDIS RD NORTH,Urban,5 - 15 MPH,Stop Sign,Clear,No,23,20-24,No,NA,Facing Traffic,B: Evident Injury,Sidewalk / Crosswalk / Driveway Crossing,Black,Male,33,30-39,No,NA,6-10 mph,O: No Injury,White,Female,Van,No,29JUN2013,Saturday,Motorist Failed to Yield - Midblock,16,Non-Intersection,June,B: Evident Injury,16:41:00,Motorist Drive Out - Commercial Driveway / Alley,2013,Yes,No,Daylight,Straight - Grade,Local Street,Dry,"Two-Way, Divided, Unprotected Median",None,No Special Feature,Smooth Asphalt,4 lanes,"35.1407568675, -80.7397032065"
1222,None - Rural Crash,New Hanover,Coastal,Commercial,Mixed (30% To 70% Developed),US 421,Rural,40 - 45  MPH,No Control Present,Clear,No,17,16-19,No,NA,With Traffic,C: Possible Injury,Travel Lane,White,Male,22,20-24,No,NA,46-50 mph,O: No Injury,White,Male,Passenger Car,No,04JUL2013,Thursday,Motorist Overtaking Bicyclist,23,Non-Intersection,July,C: Possible Injury,23:00:00,Motorist Overtaking - Other / Unknown,2013,Yes,No,Daylight,Straight - Level,US Route,Dry,"Two-Way, Divided, Unprotected Median",None,No Special Feature,Coarse Asphalt,4 lanes,"34.0082967169, -77.9024022986"
1227,None - Rural Crash,Buncombe,Mountains,"Farms, Woods, Pastures",Rural (<30% Developed),NC 694,Rural,40 - 45  MPH,"Double Yellow Line, No Passing Zone",Clear,No,61,60-69,No,NA,With Traffic,B: Evident Injury,Travel Lane,White,Male,70+,70+,No,NA,6-10 mph,O: No Injury,White,Female,Passenger Car,No,02JUL2013,Tuesday,Motorist Left Turn / Merge,16,Intersection,July,B: Evident Injury,16:43:00,Motorist Left Turn - Opposite Direction,2013,Yes,No,Daylight,Straight - Level,NC Route,Dry,"Two-Way, Not Divided",None,No Special Feature,Smooth Asphalt,2 lanes,"35.6245869029, -82.5280037643"
1239,None - Rural Crash,New Hanover,Coastal,Residential,Urban (>70% Developed),SR 2772,Rural,30 - 35  MPH,No Control Present,Clear,No,16,16-19,No,NA,With Traffic,B: Evident Injury,Travel Lane,White,Male,26,25-29,No,NA,16-20 mph,O: No Injury,White,Male,Passenger Car,No,06JUL2013,Saturday,Motorist Overtaking Bicyclist,16,Non-Intersection,July,B: Evident Injury,16:44:00,Motorist Overtaking - Other / Unknown,2013,No,No,Daylight,Straight - Level,State Secondary Route,Dry,"Two-Way, Not Divided",None,No Special Feature,Coarse Asphalt,2 lanes,"34.2670167765, -77.8376022906"
1210,Durham,Durham,Piedmont,Commercial,Urban (>70% Developed),GUESS RD,Urban,30 - 35  MPH,No Control Present,Rain,No,22,20-24,No,NA,With Traffic,B: Evident Injury,Travel Lane,White,Female,20,20-24,No,NA,36-40 mph,O: No Injury,Black,Male,Sport Utility,No,30JUN2013,Sunday,Motorist Overtaking Bicyclist,15,Non-Intersection,June,B: Evident Injury,15:12:00,Motorist Overtaking - Other / Unknown,2013,Yes,No,Daylight,Straight - Level,Local Street,"Water (Standing, Moving)","Two-Way, Not Divided",None,No Special Feature,Smooth Asphalt,5 lanes,"36.0344971232, -78.929302711"
1228,None - Rural Crash,Harnett,Coastal,"Farms, Woods, Pastures",Rural (<30% Developed),NC 24,Rural,50 - 55  MPH,No Control Present,Clear,No,9,6-10,No,NA,With Traffic,A: Disabling Injury,Travel Lane,White,Male,24,20-24,No,NA,51-55 mph,O: No Injury,White,Female,Passenger Car,No,06JUL2013,Saturday,Bicyclist Left Turn / Merge,19,Intersection-Related,July,A: Disabling Injury,19:48:00,Bicyclist Left Turn - Same Direction,2013,Yes,No,Daylight,Straight - Level,NC Route,Dry,"Two-Way, Not Divided",None,No Special Feature,Smooth Asphalt,2 lanes,"35.2904969563, -79.1417027349"
1134,Charlotte,Mecklenburg,Piedmont,Commercial,Urban (>70% Developed),PVA 100 E 4TH ST,Urban,5 - 15 MPH,No Control Present,Clear,No,41,40-49,No,NA,Facing Traffic,B: Evident Injury,Sidewalk / Crosswalk / Driveway Crossing,White,Male,42,40-49,No,NA,NA,O: No Injury,Black,Male,Passenger Car,No,29MAY2013,Wednesday,Motorist Failed to Yield - Sign-Controlled Intersection,19,Intersection-Related,May,B: Evident Injury,19:11:00,Motorist Drive Out - Sign-Controlled Intersection,2013,No,No,Daylight,Straight - Level,Public Vehicular Area,Dry,"Two-Way, Not Divided",None,No Special Feature,Concrete,1 lane,"35.2194068805, -80.8359032388"
1132,Greensboro,Guilford,Piedmont,Commercial,Urban (>70% Developed),SPRING GARDEN ST,Urban,30 - 35  MPH,No Control Present,Clear,No,21,20-24,No,NA,With Traffic,C: Possible Injury,Bike Lane / Paved Shoulder,White,Male,25,25-29,No,NA,11-15 mph,O: No Injury,White,Female,Passenger Car,No,29MAY2013,Wednesday,Motorist Failed to Yield - Midblock,21,Non-Intersection,May,C: Possible Injury,21:46:00,Motorist Drive Out - Commercial Driveway / Alley,2013,Yes,No,Dark - Lighted Roadway,NA,Local Street,Dry,"Two-Way, Divided, Unprotected Median",None,"Driveway, Public",Smooth Asphalt,2 lanes,"36.0637770979, -79.8201029814"
1144,Washington,Beaufort,Coastal,Residential,Urban (>70% Developed),BRIDGE ST,Urban,30 - 35  MPH,Stop Sign,Clear,No,35,30-39,No,NA,Facing Traffic,C: Possible Injury,Travel Lane,Black,Female,49,40-49,No,NA,0-5 mph,O: No Injury,White,Female,Passenger Car,No,17MAY2013,Friday,Motorist Failed to Yield - Sign-Controlled Intersection,9,Intersection,May,C: Possible Injury,09:27:00,Motorist Drive Out - Sign-Controlled Intersection,2013,Yes,No,Daylight,Straight - Level,Local Street,Dry,"Two-Way, Not Divided",None,T-Intersection,Coarse Asphalt,2 lanes,"35.552657085, -77.0554021151"
1146,None - Rural Crash,Onslow,Coastal,Residential,Mixed (30% To 70% Developed),SR 2307,Rural,30 - 35  MPH,No Control Present,Clear,No,45,40-49,No,NA,With Traffic,C: Possible Injury,Travel Lane,White,Male,26,25-29,Missing,NA,0-5 mph,O: No Injury,White,Male,Police,No,31MAY2013,Friday,Bicyclist Overtaking Motorist,19,Non-Intersection,May,C: Possible Injury,19:49:00,Bicyclist Overtaking - Other / Unknown,2013,No,No,Dusk,Straight - Level,State Secondary Route,Dry,"Two-Way, Not Divided",None,No Special Feature,Smooth Asphalt,2 lanes,"34.7168968933, -77.3163021538"
1150,Durham,Durham,Piedmont,Commercial,Urban (>70% Developed),W MAIN ST,Urban,30 - 35  MPH,Stop And Go Signal,Rain,No,36,30-39,No,NA,With Traffic,C: Possible Injury,Travel Lane,White,Female,21,20-24,No,NA,11-15 mph,O: No Injury,Black,Male,Sport Utility,No,18MAY2013,Saturday,Motorist Left Turn / Merge,13,Intersection,May,C: Possible Injury,13:15:00,Motorist Left Turn - Opposite Direction,2013,Yes,No,Daylight,Straight - Level,Local Street,Wet,"Two-Way, Not Divided",None,Four-Way Intersection,Smooth Asphalt,2 lanes,"35.9950071167, -78.9007026998"
1125,Greenville,Pitt,Coastal,Institutional,Urban (>70% Developed),ORMOND ST,Urban,5 - 15 MPH,Stop And Go Signal,Clear,No,19,16-19,No,NA,NA,C: Possible Injury,Sidewalk / Crosswalk / Driveway Crossing,Black,Male,20,20-24,No,NA,6-10 mph,O: No Injury,White,Male,Passenger Car,No,16MAY2013,Thursday,Bicyclist Failed to Yield - Signalized Intersection,11,Intersection-Related,May,C: Possible Injury,11:36:00,Bicyclist Ride Out - Signalized  Intersection,2013,Yes,No,Daylight,Curve - Level,State Secondary Route,Dry,"One-Way, Not Divided",None,Related To Intersection,Smooth Asphalt,2 lanes,"35.604327086, -77.3635022122"
1097,Durham,Durham,Piedmont,Commercial,Mixed (30% To 70% Developed),S MIAMI BLVD,Urban,40 - 45  MPH,Stop And Go Signal,Clear,No,38,30-39,No,NA,With Traffic,O: No Injury,Travel Lane,White,Female,NA,NA,No,NA,41-45 mph,Unknown Injury,Unknown/Missing,NA,Passenger Car,No,14MAY2013,Tuesday,Motorist Overtaking Bicyclist,13,Intersection-Related,May,O: No Injury,13:00:00,Motorist Overtaking - Other / Unknown,2013,No,Yes,Daylight,Straight - Level,Local Street,Dry,"Two-Way, Divided, Unprotected Median",None,No Special Feature,Smooth Asphalt,4 lanes,"35.8889670958, -78.849202679"
1089,None - Rural Crash,Duplin,Coastal,Residential,Rural (<30% Developed),NC 403,Rural,50 - 55  MPH,"Double Yellow Line, No Passing Zone",Clear,No,18,16-19,No,NA,Not Applicable,B: Evident Injury,Driveway / Alley,Hispanic,Male,38,30-39,No,NA,11-15 mph,O: No Injury,Black,Male,Passenger Car,No,12MAY2013,Sunday,Bicyclist Failed to Yield - Midblock,16,Non-Intersection,May,B: Evident Injury,16:52:00,Bicyclist Ride Out - Residential Driveway,2013,Yes,No,Daylight,Straight - Level,NC Route,Dry,"Two-Way, Not Divided",None,"Driveway, Private",Coarse Asphalt,2 lanes,"35.1163369541, -78.1154024164"
1110,Raleigh,Wake,Piedmont,Commercial,Urban (>70% Developed),WEST ST,Urban,30 - 35  MPH,Stop And Go Signal,Clear,No,44,40-49,No,NA,With Traffic,B: Evident Injury,Sidewalk / Crosswalk / Driveway Crossing,White,Female,25,25-29,No,NA,0-5 mph,O: No Injury,Black,Male,Passenger Car,No,15MAY2013,Wednesday,Motorist Left Turn / Merge,18,Intersection,May,B: Evident Injury,18:37:00,Motorist Left Turn - Opposite Direction,2013,Yes,No,Daylight,Straight - Level,Local Street,Dry,"Two-Way, Not Divided",None,No Special Feature,Coarse Asphalt,2 lanes,"35.7885870811, -78.6453026112"
1130,Raleigh,Wake,Piedmont,Commercial,Urban (>70% Developed),FAYETTEVILLE ST,Urban,20 - 25  MPH,No Control Present,Clear,No,25,25-29,No,NA,With Traffic,C: Possible Injury,Travel Lane,White,Male,42,40-49,Missing,NA,0-5 mph,O: No Injury,White,Male,Passenger Car,No,28MAY2013,Tuesday,Bicyclist Overtaking Motorist,14,Intersection-Related,May,C: Possible Injury,14:27:00,Bicyclist Overtaking - Extended Door,2013,Yes,No,Daylight,Straight - Level,Local Street,Dry,"Two-Way, Not Divided",None,No Special Feature,Concrete,2 lanes,"35.7784870792, -78.6392026092"
1128,Raleigh,Wake,Piedmont,Residential,Urban (>70% Developed),EDEN CROFT DR,Urban,30 - 35  MPH,No Control Present,Clear,No,58,50-59,No,NA,Facing Traffic,B: Evident Injury,Travel Lane,Other,Male,17,0-19,No,NA,0-5 mph,O: No Injury,White,Male,Pickup,No,26MAY2013,Sunday,Motorist Left Turn / Merge,16,Non-Intersection,May,B: Evident Injury,16:17:00,Motorist Left Turn - Same Direction,2013,Yes,No,Daylight,Straight - Grade,Local Street,Dry,"Two-Way, Not Divided",None,No Special Feature,Coarse Asphalt,2 lanes,"35.8288270887, -78.6876026263"
1103,Raleigh,Wake,Piedmont,Residential,Urban (>70% Developed),LASSITER MILL RD,Urban,30 - 35  MPH,No Control Present,Cloudy,No,58,50-59,No,NA,With Traffic,K: Killed,Travel Lane,White,Male,70+,70+,No,NA,0-5 mph,O: No Injury,White,Male,Passenger Car,No,02MAY2013,Thursday,Motorist Left Turn / Merge,18,Intersection,May,K: Killed,18:47:00,Motorist Left Turn - Opposite Direction,2013,Yes,No,Daylight,Straight - Grade,Local Street,Dry,"Two-Way, Not Divided",None,Four-Way Intersection,Smooth Asphalt,3 lanes,"35.8289970899, -78.648502614"
1102,Raleigh,Wake,Piedmont,Residential,Urban (>70% Developed),PARKVILLE DR,Urban,30 - 35  MPH,No Control Present,Clear,No,7,6-10,No,NA,Not Applicable,C: Possible Injury,Non-Roadway,Black,Male,48,40-49,No,NA,21-25 mph,O: No Injury,Black,Female,Sport Utility,No,23APR2013,Tuesday,Non-Roadway,19,Non-Roadway,April,C: Possible Injury,19:06:00,Non-Roadway,2013,No,No,Daylight,Straight - Level,Local Street,Dry,"Two-Way, Not Divided",None,No Special Feature,Coarse Asphalt,2 lanes,"35.8423870944, -78.5941025981"
1256,Charlotte,Mecklenburg,Piedmont,Industrial,Urban (>70% Developed),5135 LAKEVIEW ROAD,Urban,40 - 45  MPH,No Control Present,Cloudy,No,22,20-24,No,NA,With Traffic,B: Evident Injury,Travel Lane,White,Female,NA,NA,Missing,NA,21-25 mph,Unknown Injury,Unknown/Missing,NA,NA,No,13JUL2013,Saturday,Motorist Overtaking Bicyclist,18,Intersection-Related,July,B: Evident Injury,18:19:00,Motorist Overtaking - Other / Unknown,2013,No,Yes,Daylight,Straight - Hillcrest,NC Route,Dry,"Two-Way, Divided, Unprotected Median",None,No Special Feature,Smooth Asphalt,2 lanes,"35.3322769043, -80.8527032503"
1260,High Point,Guilford,Piedmont,Commercial,Urban (>70% Developed),WESTCHESTER DR,Urban,40 - 45  MPH,No Control Present,Clear,No,24,20-24,No,NA,Facing Traffic,C: Possible Injury,Sidewalk / Crosswalk / Driveway Crossing,White,Female,62,60-69,No,NA,0-5 mph,O: No Injury,White,Male,Passenger Car,No,25JUN2013,Tuesday,Motorist Failed to Yield - Midblock,14,Non-Intersection,June,C: Possible Injury,14:13:00,Motorist Drive Out - Commercial Driveway / Alley,2013,Yes,No,Daylight,Straight - Level,NC Route,Dry,"Two-Way, Not Divided",None,"Driveway, Public",Coarse Asphalt,5 lanes,"35.9334970619, -80.0351030386"
1258,Greensboro,Guilford,Piedmont,Residential,Urban (>70% Developed),PVA LINCOLN ST,Urban,5 - 15 MPH,No Control Present,Clear,No,9,6-10,No,NA,Facing Traffic,C: Possible Injury,Sidewalk / Crosswalk / Driveway Crossing,Black,Female,NA,NA,Missing,NA,0-5 mph,Unknown Injury,Unknown/Missing,NA,Passenger Car,No,01JUL2013,Monday,Backing Vehicle,18,Non-Intersection,July,C: Possible Injury,18:46:00,Backing Vehicle,2013,Yes,Yes,Daylight,Straight - Level,"Private Road, Driveway",Dry,NA,None,"Driveway, Private",Concrete,1 lane,"36.0642170998, -79.7648029646"
1261,None - Rural Crash,Orange,Piedmont,"Farms, Woods, Pastures",Rural (<30% Developed),SR 1841,Rural,40 - 45  MPH,"Double Yellow Line, No Passing Zone",Clear,No,53,50-59,No,NA,With Traffic,B: Evident Injury,Travel Lane,Other,Male,46,40-49,No,NA,41-45 mph,O: No Injury,Black,Male,Sport Utility,No,16JUL2013,Tuesday,Motorist Overtaking Bicyclist,19,Non-Intersection,July,B: Evident Injury,19:37:00,Motorist Overtaking - Undetected Bicyclist,2013,Yes,No,Daylight,Straight - Grade,State Secondary Route,Dry,"Two-Way, Not Divided",None,No Special Feature,Smooth Asphalt,2 lanes,"36.0118571165, -78.9954027292"
1268,Raleigh,Wake,Piedmont,Residential,Urban (>70% Developed),GLENWOOD AVE,Urban,30 - 35  MPH,Stop And Go Signal,Clear,No,28,25-29,No,NA,With Traffic,C: Possible Injury,Travel Lane,White,Male,NA,NA,Missing,NA,21-25 mph,Unknown Injury,Unknown/Missing,NA,Sport Utility,No,17JUL2013,Wednesday,Motorist Right Turn / Merge,17,Non-Intersection,July,C: Possible Injury,17:36:00,Motorist Right Turn - Same Direction,2013,No,Yes,Daylight,Straight - Hillcrest,Local Street,Dry,"Two-Way, Divided, Unprotected Median",None,No Special Feature,Smooth Asphalt,4 lanes,"35.7989570833, -78.6461026124"
1277,Raleigh,Wake,Piedmont,Commercial,Urban (>70% Developed),LAKE WHEELER RD,Urban,40 - 45  MPH,Stop And Go Signal,Cloudy,No,19,16-19,No,NA,With Traffic,C: Possible Injury,Travel Lane,Other,Male,70+,70+,No,NA,16-20 mph,O: No Injury,White,Female,Van,No,22JUL2013,Monday,Bicyclist Left Turn / Merge,10,Intersection,July,C: Possible Injury,10:10:00,Bicyclist Left Turn - Opposite Direction,2013,Yes,No,Daylight,Straight - Level,Local Street,Dry,"Two-Way, Divided, Unprotected Median",None,Four-Way Intersection,Smooth Asphalt,6 lanes,"35.7609770752, -78.6614026148"