object_id,city,county,region,development,locality,on_road,rural_urban,speed_limit,traffic_control,weather,workzone,bike_age,bike_age_group,bike_alcohol,bike_alcohol_drugs,bike_direction,bike_injury,bike_position,bike_race,bike_sex,driver_age,driver_age_group,driver_alcohol,driver_alcohol_drugs,driver_est_speed,driver_injury,driver_race,driver_sex,driver_vehicle_type,crash_alcohol,crash_date,crash_day,crash_group,crash_hour,crash_location,crash_month,crash_severity,crash_time,crash_type,crash_year,ambulance_req,hit_run,light_condition,road_character,road_class,road_condition,road_configuration,road_defects,road_feature,road_surface,num_lanes,geo_point
1266,Gastonia,Gaston,Piedmont,Commercial,Urban (>70% Developed),S NEW HOPE RD,Urban,40 - 45  MPH,Stop And Go Signal,Cloudy,No,55,50-59,No,NA,With Traffic,B: Evident Injury,Travel Lane,White,Male,42,40-49,No,NA,21-25 mph,O: No Injury,Black,Female,Passenger Car,No,30JUN2013,Sunday,Motorist Left Turn / Merge,8,Intersection,June,B: Evident Injury,08:26:00,Motorist Left Turn - Opposite Direction,2013,No,No,Daylight,Straight - Level,NC Route,Wet,"Two-Way, Not Divided",None,"Driveway, Public",Smooth Asphalt,2 lanes,"35.226906872, -81.1109033216"
1338,None - Rural Crash,Robeson,Coastal,Residential,Rural (<30% Developed),SR 1108,Rural,50 - 55  MPH,"Double Yellow Line, No Passing Zone",Clear,No,8,6-10,No,NA,Facing Traffic,A: Disabling Injury,Travel Lane,Black,Female,18,0-19,No,NA,36-40 mph,O: No Injury,Native American,Male,Passenger Car,No,10AUG2013,Saturday,Bicyclist Failed to Yield - Midblock,14,Non-Intersection,August,A: Disabling Injury,14:19:00,Bicyclist Ride Out - Residential Driveway,2013,Yes,No,Daylight,Straight - Grade,State Secondary Route,Dry,"Two-Way, Not Divided",None,"Driveway, Private",Coarse Asphalt,2 lanes,"34.714276824, -79.3727027755"
1315,None - Rural Crash,Rowan,Piedmont,"Farms, Woods, Pastures",Rural (<30% Developed),SR 1915,Rural,40 - 45  MPH,No Control Present,Clear,No,47,40-49,No,NA,Facing Traffic,A: Disabling Injury,Travel Lane,White,Male,47,40-49,No,NA,41-45 mph,O: No Injury,White,Male,Pickup,No,03AUG2013,Saturday,Bicyclist Left Turn / Merge,14,Non-Intersection,August,A: Disabling Injury,14:08:00,Bicyclist Left Turn - Opposite Direction,2013,Yes,No,Daylight,Straight - Grade,State Secondary Route,Dry,"Two-Way, Not Divided",None,No Special Feature,Smooth Asphalt,2 lanes,"35.676686994, -80.4088031363"
1318,Whiteville,Columbus,Coastal,Commercial,Urban (>70% Developed),W COLUMBUS ST,Urban,30 - 35  MPH,No Control Present,Clear,No,56,50-59,No,NA,Not Applicable,B: Evident Injury,Non-Roadway,Black,Male,42,40-49,No,NA,21-25 mph,O: No Injury,Black,Male,Sport Utility,No,05AUG2013,Monday,Bicyclist Failed to Yield - Midblock,18,Non-Intersection,August,B: Evident Injury,18:36:00,Bicyclist Ride Out - Midblock - Unknown,2013,Yes,No,Daylight,Straight - Level,Local Street,Dry,"Two-Way, Not Divided",None,No Special Feature,Coarse Asphalt,1 lane,"34.3262667614, -78.707702556"
1365,Kannapolis,Cabarrus,Piedmont,Residential,Urban (>70% Developed),FISHER ST,Urban,30 - 35  MPH,Stop Sign,Clear,No,14,11-15,No,NA,NA,C: Possible Injury,Travel Lane,Black,Male,65,60-69,No,NA,6-10 mph,O: No Injury,White,Female,Passenger Car,No,28JUL2013,Sunday,Bicyclist Failed to Yield - Sign-Controlled Intersection,17,Intersection,July,C: Possible Injury,17:33:00,Bicyclist Ride Through - Sign-Controlled Intersection,2013,Yes,No,Daylight,Straight - Hillcrest,Local Street,Dry,"Two-Way, Divided, Unprotected Median",None,T-Intersection,Smooth Asphalt,2 lanes,"35.4536369384, -80.631403191"
1340,Red Springs,Robeson,Coastal,Residential,Mixed (30% To 70% Developed),PEACHTREE ST,Rural,20 - 25  MPH,Stop Sign,Clear,No,36,30-39,No,NA,With Traffic,C: Possible Injury,Travel Lane,Black,Male,18,0-19,No,NA,0-5 mph,O: No Injury,Native American,Male,Pickup,No,27JUL2013,Saturday,Motorist Failed to Yield - Sign-Controlled Intersection,12,Intersection,July,C: Possible Injury,12:15:00,Motorist Drive Out - Sign-Controlled Intersection,2013,Yes,No,Daylight,Straight - Level,Local Street,Dry,"Two-Way, Not Divided",None,T-Intersection,Smooth Asphalt,2 lanes,"34.8125668523, -79.1775027214"
1355,Pineville,Mecklenburg,Piedmont,Commercial,Urban (>70% Developed),S POLK ST,Rural,30 - 35  MPH,Stop And Go Signal,Cloudy,No,43,40-49,No,NA,With Traffic,O: No Injury,NA,White,Female,16,0-19,No,NA,6-10 mph,O: No Injury,White,Male,Sport Utility,No,17JUL2013,Wednesday,Loss of Control / Turning Error,15,Intersection,July,O: No Injury,15:28:00,Motorist Turning Error - Right Turn,2013,No,No,Daylight,Straight - Level,Local Street,Dry,"Two-Way, Divided, Unprotected Median",None,No Special Feature,Smooth Asphalt,2 lanes,"35.0851068505, -80.8868032474"
1345,Fuquay-Varina,Wake,Piedmont,Commercial,Urban (>70% Developed),NC 42,Urban,20 - 25  MPH,No Control Present,Clear,No,38,30-39,No,NA,With Traffic,A: Disabling Injury,Travel Lane,White,Female,68,60-69,No,NA,21-25 mph,O: No Injury,Native American,Female,Van,No,25JUL2013,Thursday,Motorist Right Turn / Merge,19,Intersection,July,A: Disabling Injury,19:44:00,Motorist Right Turn - Same Direction,2013,No,No,Daylight,Straight - Level,NC Route,Dry,"Two-Way, Not Divided",None,No Special Feature,Smooth Asphalt,2 lanes,"35.5843370323, -78.8009026476"
1391,None - Rural Crash,Davidson,Piedmont,Residential,Rural (<30% Developed),SR 1319,Rural,50 - 55  MPH,No Control Present,Clear,No,14,11-15,No,NA,With Traffic,B: Evident Injury,Travel Lane,White,Male,22,20-24,No,NA,41-45 mph,O: No Injury,White,Male,Passenger Car,No,25AUG2013,Sunday,Bicyclist Left Turn / Merge,16,Non-Intersection,August,B: Evident Injury,16:40:00,Bicyclist Left Turn - Same Direction,2013,No,No,Daylight,Straight - Level,State Secondary Route,Dry,"Two-Way, Not Divided",None,"Driveway, Private",Smooth Asphalt,2 lanes,"35.7429370128, -80.2843031031"
1386,Raleigh,Wake,Piedmont,Residential,Urban (>70% Developed),WAYNE ST,Urban,30 - 35  MPH,No Control Present,Clear,No,50,50-59,No,NA,With Traffic,B: Evident Injury,Travel Lane,Black,Male,42,40-49,No,NA,0-5 mph,O: No Injury,Black,Male,Passenger Car,No,24AUG2013,Saturday,Motorist Left Turn / Merge,6,Intersection,August,B: Evident Injury,06:39:00,Motorist Left Turn - Opposite Direction,2013,Yes,No,Dark - Lighted Roadway,Straight - Level,Local Street,Dry,"Two-Way, Not Divided",None,T-Intersection,Smooth Asphalt,4 lanes,"35.7598870723, -78.7284026347"
1388,Wilson,Wilson,Coastal,Commercial,Urban (>70% Developed),500 MERCER ST,Urban,30 - 35  MPH,Stop Sign,Cloudy,No,28,25-29,No,NA,With Traffic,C: Possible Injury,Travel Lane,Black,Male,63,60-69,No,NA,6-10 mph,O: No Injury,Black,Male,Van,No,03AUG2013,Saturday,Crossing Paths - Other Circumstances,19,Intersection,August,C: Possible Injury,19:26:00,Sign-Controlled Intersection - Other / Unknown,2013,Yes,No,Daylight,Straight - Level,Local Street,Dry,"Two-Way, Not Divided",None,T-Intersection,Coarse Asphalt,2 lanes,"35.7216870924, -77.9174023869"
1383,Durham,Durham,Piedmont,Residential,Urban (>70% Developed),PVA 621 E MAIN ST,Urban,20 - 25  MPH,No Control Present,Other,No,2,0-5,No,NA,Not Applicable,O: No Injury,Non-Roadway,Black,Male,NA,NA,Missing,NA,0-5 mph,Unknown Injury,Unknown/Missing,NA,Passenger Car,No,21AUG2013,Wednesday,Non-Roadway,16,Non-Roadway,August,O: No Injury,16:30:00,Non-Roadway,2013,No,Yes,Daylight,Straight - Grade,Public Vehicular Area,NA,"Two-Way, Not Divided",None,No Special Feature,Smooth Asphalt,NA,"35.9909771159, -78.8927026966"
1390,Durham,Durham,Piedmont,Residential,Urban (>70% Developed),PVA CHALK LEVEL RD,Urban,5 - 15 MPH,No Control Present,Clear,No,9,6-10,No,NA,Not Applicable,B: Evident Injury,Non-Roadway,Black,Male,52,50-59,No,NA,0-5 mph,O: No Injury,Hispanic,Female,Passenger Car,No,25AUG2013,Sunday,Non-Roadway,11,Non-Roadway,August,B: Evident Injury,11:54:00,Non-Roadway,2013,No,No,Daylight,Straight - Level,Public Vehicular Area,Dry,"Two-Way, Not Divided",None,No Special Feature,Coarse Asphalt,NA,"36.0506771281, -78.9103027059"
1399,Greensboro,Guilford,Piedmont,Commercial,Urban (>70% Developed),S EUGENE ST,Urban,30 - 35  MPH,Stop And Go Signal,Clear,No,37,30-39,No,NA,Facing Traffic,C: Possible Injury,Sidewalk / Crosswalk / Driveway Crossing,Black,Male,54,50-59,No,NA,0-5 mph,O: No Injury,White,Female,Sport Utility,No,31AUG2013,Saturday,Motorist Failed to Yield - Signalized Intersection,11,Intersection,August,C: Possible Injury,11:11:00,Motorist Drive Out - Right Turn on Red,2013,Yes,No,Daylight,Straight - Level,Local Street,Dry,"Two-Way, Divided, Unprotected Median",None,No Special Feature,Smooth Asphalt,5 lanes,"36.0646770985, -79.7929029732"
1421,Durham,Durham,Piedmont,Commercial,Urban (>70% Developed),HILLSBOROUGH RD,Urban,30 - 35  MPH,Stop And Go Signal,Clear,No,58,50-59,No,NA,Facing Traffic,C: Possible Injury,Sidewalk / Crosswalk / Driveway Crossing,White,Male,62,60-69,No,NA,0-5 mph,O: No Injury,Black,Female,Passenger Car,No,05SEP2013,Thursday,Motorist Failed to Yield - Signalized Intersection,12,Intersection,September,C: Possible Injury,12:07:00,Motorist Drive Out - Signalized Intersection,2013,Yes,No,Daylight,Straight - Grade,Local Street,Dry,"Two-Way, Not Divided",None,On or Off Ramp,Grooved Concrete,2 lanes,"36.0201971199, -78.9486027154"
1416,Greensboro,Guilford,Piedmont,Institutional,Urban (>70% Developed),SPRING GARDEN ST,Urban,20 - 25  MPH,No Control Present,Clear,No,33,30-39,No,NA,With Traffic,B: Evident Injury,Bike Lane / Paved Shoulder,White,Male,22,20-24,No,NA,0-5 mph,O: No Injury,White,Male,Passenger Car,No,05SEP2013,Thursday,Motorist Right Turn / Merge,11,Non-Intersection,September,B: Evident Injury,11:01:00,Motorist Right Turn - Same Direction,2013,Yes,No,Daylight,Straight - Level,Local Street,Dry,"Two-Way, Divided, Positive Median Barrier",None,Other,Smooth Asphalt,3 lanes,"36.0657070979, -79.8111029782"
1425,Emerald Isle,Carteret,Coastal,Commercial,Urban (>70% Developed),MANGROVE BLVD,Rural,20 - 25  MPH,No Control Present,Clear,No,56,50-59,No,NA,With Traffic,B: Evident Injury,Multi-use Path,Black,Female,44,40-49,No,NA,0-5 mph,O: No Injury,White,Female,Passenger Car,No,10AUG2013,Saturday,Crossing Paths - Other Circumstances,10,Intersection-Related,August,B: Evident Injury,10:07:00,Crossing Paths - Uncontrolled Intersection,2013,No,No,Daylight,Straight - Level,Local Street,Dry,"Two-Way, Not Divided",None,No Special Feature,Coarse Asphalt,2 lanes,"34.6631168899, -77.0420020678"
4928,Rocky Mount,Edgecombe,Coastal,Residential,Rural (<30% Developed),NA,Urban,20 - 25  MPH,No Control Present,Clear,No,11,11-15,No,NA,With Traffic,B: Evident Injury,Travel Lane,Black,Female,39,30-39,No,NA,11-15 mph,O: No Injury,Black,Female,Passenger Car,No,12MAY2009,Tuesday,Motorist Failed to Yield - Sign-Controlled Intersection,18,Intersection,May,B: Evident Injury,18:35:00,Motorist Drive Out - Sign-Controlled Intersection,2009,Yes,No,Daylight,Straight - Level,Local Street,Dry,"Two-Way, Not Divided",None,No Special Feature,Smooth Asphalt,2 lanes,"35.9420541445, -77.7743623551"
4929,Salisbury,Rowan,Piedmont,Commercial,Urban (>70% Developed),NA,Urban,30 - 35  MPH,Stop And Go Signal,Clear,No,17,16-19,No,NA,With Traffic,O: No Injury,Sidewalk / Crosswalk / Driveway Crossing,White,Male,57,50-59,No,NA,16-20 mph,C: Possible Injury,White,Male,Pickup,No,30JUN2009,Tuesday,Motorist Failed to Yield - Signalized Intersection,12,Intersection,June,C: Possible Injury,12:20:00,Motorist Drive Through - Signalized Intersection,2009,No,No,Daylight,Straight - Level,Local Street,Dry,"Two-Way, Not Divided",None,Four-Way Intersection,Coarse Asphalt,3 lanes,"35.6600719884, -80.4617031514"
4937,Erwin,Harnett,Coastal,Residential,Urban (>70% Developed),NA,Rural,30 - 35  MPH,No Control Present,Clear,No,16,16-19,No,NA,With Traffic,O: No Injury,Travel Lane,White,Male,29,25-29,No,NA,31-35 mph,O: No Injury,White,Male,Van,No,23JUN2009,Tuesday,Motorist Overtaking Bicyclist,16,Intersection,June,O: No Injury,16:00:00,Motorist Overtaking - Undetected Bicyclist,2009,No,No,Daylight,NA,NA,Dry,NA,None,No Special Feature,NA,NA,"35.3179809784, -78.6802025968"
4940,High Point,Guilford,Piedmont,Residential,Urban (>70% Developed),NA,Urban,30 - 35  MPH,Stop Sign,Clear,No,16,16-19,No,NA,With Traffic,C: Possible Injury,Travel Lane,Black,Male,55,50-59,No,NA,0-5 mph,O: No Injury,White,Female,Passenger Car,No,25JUN2009,Thursday,Parallel Paths - Other Circumstances,23,Intersection,June,C: Possible Injury,23:07:00,Motorist Turn / Merge - Other / Unknown,2009,Yes,No,Dark - Lighted Roadway,Straight - Level,Local Street,Dry,"Two-Way, Not Divided",None,T-Intersection,Coarse Asphalt,4 lanes,"35.9976650755, -80.0282530403"
4946,Monroe,Union,Piedmont,Residential,Urban (>70% Developed),NA,Urban,20 - 25  MPH,No Control Present,Clear,No,10,6-10,No,NA,Not Applicable,C: Possible Injury,Non-Roadway,Black,Male,34,30-39,No,NA,11-15 mph,O: No Injury,White,Male,Pickup,No,28JUN2009,Sunday,Bicyclist Failed to Yield - Midblock,18,Non-Intersection,June,C: Possible Injury,18:58:00,Bicyclist Ride Out - Other Midblock,2009,No,No,Daylight,Straight - Level,Local Street,Dry,"Two-Way, Not Divided",None,No Special Feature,Coarse Asphalt,2 lanes,"34.9744218388, -80.5574231434"
4959,None - Rural Crash,New Hanover,Coastal,Residential,Urban (>70% Developed),NA,Rural,40 - 45  MPH,Stop And Go Signal,Clear,No,15,11-15,No,NA,With Traffic,C: Possible Injury,Travel Lane,White,Male,36,30-39,No,NA,41-45 mph,O: No Injury,White,Male,Police,No,30JUN2009,Tuesday,Crossing Paths - Other Circumstances,22,Intersection,June,C: Possible Injury,22:58:00,Signalized Intersection - Other / Unknown,2009,No,No,Dark - Roadway Not Lighted,Straight - Level,US Route,Dry,"Two-Way, Not Divided",None,Four-Way Intersection,Smooth Asphalt,6 lanes,"34.2800587802, -77.8123022833"
4962,Cary,Wake,Piedmont,Residential,Urban (>70% Developed),NA,Urban,5 - 15 MPH,Stop Sign,Clear,No,50,50-59,No,NA,Facing Traffic,B: Evident Injury,Sidewalk / Crosswalk / Driveway Crossing,White,Female,33,30-39,No,NA,0-5 mph,O: No Injury,Hispanic,Male,Sport Utility,No,03MAY2009,Sunday,Motorist Failed to Yield - Sign-Controlled Intersection,12,Intersection,May,B: Evident Injury,12:23:00,Motorist Drive Out - Sign-Controlled Intersection,2009,Yes,No,Daylight,Straight - Level,State Secondary Route,Dry,"Two-Way, Divided, Unprotected Median",None,T-Intersection,Smooth Asphalt,4 lanes,"35.756027068, -78.8138376602"
4964,Raleigh,Wake,Piedmont,Commercial,Urban (>70% Developed),NA,Urban,30 - 35  MPH,No Control Present,Clear,No,16,16-19,No,NA,Facing Traffic,O: No Injury,Travel Lane,White,Male,19,0-19,No,NA,6-10 mph,O: No Injury,White,Female,Passenger Car,No,25JUN2009,Thursday,Backing Vehicle,14,Non-Intersection,June,O: No Injury,14:27:00,Backing Vehicle,2009,No,No,Daylight,Straight - Level,Local Street,Dry,"Two-Way, Not Divided",None,No Special Feature,Smooth Asphalt,4 lanes,"35.7896770807, -78.6764786212"
5130,Boiling Springs,Cleveland,Mountains,Residential,Mixed (30% To 70% Developed),NA,Rural,NA,No Control Present,Cloudy,No,14,11-15,No,NA,Facing Traffic,Unknown Injury,Sidewalk / Crosswalk / Driveway Crossing,White,Male,21,20-24,No,NA,NA,O: No Injury,White,Female,Van,No,27AUG2009,Thursday,Crossing Paths - Other Circumstances,21,Intersection,August,O: No Injury,21:20:00,Crossing Paths - Intersection - Other / Unknown,2009,No,No,Dark - Roadway Not Lighted,Straight - Level,Local Street,Dry,"Two-Way, Not Divided",None,No Special Feature,Smooth Asphalt,NA,"35.2608098589, -81.6676334887"
5134,Weddington,Union,Piedmont,Residential,Mixed (30% To 70% Developed),NA,Urban,20 - 25  MPH,No Control Present,Clear,No,13,11-15,No,NA,With Traffic,C: Possible Injury,Travel Lane,White,Female,62,60-69,No,NA,16-20 mph,O: No Injury,White,Male,Passenger Car,No,06SEP2009,Sunday,Bicyclist Left Turn / Merge,20,Intersection,September,C: Possible Injury,20:29:00,Bicyclist Left Turn - Same Direction,2009,Yes,No,Dark - Roadway Not Lighted,Straight - Level,State Secondary Route,Dry,"Two-Way, Not Divided",None,T-Intersection,Smooth Asphalt,2 lanes,"35.0101538375, -80.7943732155"
5136,Apex,Wake,Piedmont,Residential,Urban (>70% Developed),NA,Urban,40 - 45  MPH,No Control Present,Rain,No,16,16-19,No,NA,Facing Traffic,C: Possible Injury,Sidewalk / Crosswalk / Driveway Crossing,White,Male,40,40-49,No,NA,41-45 mph,O: No Injury,White,Female,Sport Utility,No,31AUG2009,Monday,Motorist Left Turn / Merge,15,Intersection,August,C: Possible Injury,15:37:00,Motorist Left Turn - Same Direction,2009,Yes,No,Daylight,Straight - Grade,Local Street,Wet,"Two-Way, Not Divided",None,Four-Way Intersection,Smooth Asphalt,3 lanes,"35.737285062, -78.8798776797"
5139,Charlotte,Mecklenburg,Piedmont,Commercial,Urban (>70% Developed),NA,Urban,30 - 35  MPH,No Control Present,Clear,No,30,30-39,No,NA,Facing Traffic,C: Possible Injury,Sidewalk / Crosswalk / Driveway Crossing,White,Female,37,30-39,No,NA,0-5 mph,O: No Injury,Black,Male,Van,No,02SEP2009,Wednesday,Motorist Failed to Yield - Midblock,11,Non-Intersection,September,C: Possible Injury,11:39:00,Motorist Drive Out - Commercial Driveway / Alley,2009,Yes,No,Daylight,Straight - Level,Local Street,Dry,"Two-Way, Not Divided",None,"Driveway, Public",Smooth Asphalt,4 lanes,"35.2464208894, -80.7523682157"
5142,None - Rural Crash,Wake,Piedmont,"Farms, Woods, Pastures",Rural (<30% Developed),NA,Rural,50 - 55  MPH,"Double Yellow Line, No Passing Zone",Clear,No,49,40-49,No,NA,With Traffic,C: Possible Injury,Travel Lane,White,Male,66,60-69,No,NA,51-55 mph,O: No Injury,White,Female,Passenger Car,No,12SEP2009,Saturday,Motorist Overtaking Bicyclist,8,Non-Intersection,September,C: Possible Injury,08:44:00,Motorist Overtaking - Other / Unknown,2009,Yes,No,Daylight,Straight - Grade,NC Route,Dry,"Two-Way, Not Divided",None,No Special Feature,Smooth Asphalt,2 lanes,"35.9884971224, -78.6990026387"
5144,None - Rural Crash,Orange,Piedmont,Residential,Mixed (30% To 70% Developed),NA,Rural,5 - 15 MPH,No Control Present,Cloudy,No,35,30-39,No,NA,Not Applicable,C: Possible Injury,Travel Lane,Hispanic,Male,NA,NA,Missing,NA,11-15 mph,Unknown Injury,Unknown/Missing,NA,Pickup,No,28AUG2009,Friday,Non-Roadway,18,Non-Roadway,August,C: Possible Injury,18:06:00,Non-Roadway,2009,No,No,Dusk,Straight - Level,"Private Road, Driveway",Dry,"Two-Way, Not Divided",None,"Driveway, Private",Gravel,2 lanes,"35.9244270945, -79.0986587557"
5147,Raleigh,Wake,Piedmont,Institutional,Urban (>70% Developed),NA,Urban,20 - 25  MPH,Stop Sign,Clear,No,22,20-24,No,NA,Facing Traffic,B: Evident Injury,Sidewalk / Crosswalk / Driveway Crossing,White,Male,47,40-49,No,NA,6-10 mph,O: No Injury,White,Male,Passenger Car,No,24AUG2009,Monday,Motorist Left Turn / Merge,18,Intersection,August,B: Evident Injury,18:12:00,Motorist Left Turn - Same Direction,2009,No,No,Daylight,Straight - Grade,Local Street,Dry,"Two-Way, Not Divided",None,T-Intersection,Smooth Asphalt,2 lanes,"35.7838170789, -78.6771226208"
5152,Greensboro,Guilford,Piedmont,Residential,Urban (>70% Developed),NA,Urban,20 - 25  MPH,No Control Present,Clear,No,7,6-10,No,NA,Not Applicable,C: Possible Injury,Travel Lane,White,Female,44,40-49,No,NA,0-5 mph,O: No Injury,Native American,Male,NA,No,15JUL2009,Wednesday,Non-Roadway,18,Non-Roadway,July,C: Possible Injury,18:18:00,Non-Roadway,2009,No,Yes,Daylight,Straight - Level,Public Vehicular Area,Dry,"Two-Way, Not Divided",None,No Special Feature,Smooth Asphalt,NA,"36.0094670875, -79.7883179684"
5172,Kill Devil Hills,Dare,Coastal,Commercial,Urban (>70% Developed),NA,Urban,50 - 55  MPH,Stop And Go Signal,Clear,No,46,40-49,No,NA,With Traffic,C: Possible Injury,Travel Lane,White,Male,30,30-39,No,NA,0-5 mph,O: No Injury,White,Female,Passenger Car,No,29AUG2009,Saturday,Motorist Right Turn / Merge,13,Intersection,August,C: Possible Injury,13:08:00,Motorist Right Turn - Same Direction,2009,Yes,No,Daylight,Straight - Level,US Route,Dry,"Two-Way, Divided, Unprotected Median",None,Four-Way Intersection,Coarse Asphalt,5 lanes,"35.9986302275, -75.6520517065"
5177,None - Rural Crash,New Hanover,Coastal,Commercial,Mixed (30% To 70% Developed),NA,Rural,40 - 45  MPH,No Control Present,Clear,No,19,16-19,No,NA,Facing Traffic,B: Evident Injury,Travel Lane,White,Male,43,40-49,No,NA,0-5 mph,O: No Injury,White,Male,Sport Utility,No,25SEP2009,Friday,Motorist Failed to Yield - Midblock,12,Non-Intersection,September,B: Evident Injury,12:48:00,Motorist Drive Out - Commercial Driveway / Alley,2009,Yes,No,Daylight,Straight - Level,US Route,Dry,"Two-Way, Divided, Unprotected Median",None,"Driveway, Public",Coarse Asphalt,4 lanes,"34.1500667488, -77.9029923044"
5183,Asheboro,Randolph,Piedmont,Residential,Urban (>70% Developed),NA,Urban,30 - 35  MPH,Stop Sign,Clear,No,66,60-69,No,NA,With Traffic,B: Evident Injury,Travel Lane,Black,Male,53,50-59,No,NA,21-25 mph,O: No Injury,Black,Male,Passenger Car,No,09SEP2009,Wednesday,Bicyclist Failed to Yield - Sign-Controlled Intersection,18,Intersection,September,B: Evident Injury,18:12:00,Bicyclist Ride Through - Sign-Controlled Intersection,2009,Yes,No,Daylight,Straight - Grade,Local Street,Dry,"Two-Way, Not Divided",None,Four-Way Intersection,Coarse Asphalt,2 lanes,"35.7112570233, -79.8007079559"
5184,Carrboro,Orange,Piedmont,Residential,Urban (>70% Developed),NA,Urban,30 - 35  MPH,No Control Present,Clear,No,49,40-49,No,NA,With Traffic,B: Evident Injury,Travel Lane,White,Female,60,60-69,No,NA,31-35 mph,O: No Injury,Black,Male,Passenger Car,No,13SEP2009,Sunday,Motorist Overtaking Bicyclist,7,Intersection,September,B: Evident Injury,07:40:00,Motorist Overtaking - Other / Unknown,2009,Yes,No,Daylight,Straight - Level,Local Street,Dry,"Two-Way, Not Divided",None,T-Intersection,Smooth Asphalt,2 lanes,"35.9275370952, -79.0932187538"
5190,Goldsboro,Wayne,Coastal,Residential,Urban (>70% Developed),NA,Urban,20 - 25  MPH,No Control Present,Clear,No,21,20-24,No,NA,Facing Traffic,B: Evident Injury,Travel Lane,Black,Male,32,30-39,No,NA,31-35 mph,O: No Injury,Black,Male,Passenger Car,No,18SEP2009,Friday,Bicyclist Right Turn / Merge,16,Non-Intersection,September,B: Evident Injury,16:52:00,Bicyclist Right Turn - Same Direction,2009,Yes,No,Daylight,Straight - Grade,Local Street,Dry,"Two-Way, Not Divided",None,No Special Feature,Coarse Asphalt,2 lanes,"35.3706870145, -77.9828923887"
5192,Nags Head,Dare,Coastal,Commercial,Mixed (30% To 70% Developed),NA,Rural,50 - 55  MPH,Stop Sign,Clear,No,21,20-24,No,NA,Facing Traffic,C: Possible Injury,Travel Lane,Other,Female,28,25-29,No,NA,0-5 mph,O: No Injury,White,Female,Sport Utility,No,01JUL2009,Wednesday,Motorist Failed to Yield - Sign-Controlled Intersection,13,Intersection,July,C: Possible Injury,13:50:00,Motorist Drive Out - Sign-Controlled Intersection,2009,Yes,No,Daylight,Straight - Level,Local Street,Dry,"Two-Way, Divided, Unprotected Median",None,T-Intersection,Coarse Asphalt,5 lanes,"35.9210242128, -75.6057066886"
5197,Rocky Mount,Edgecombe,Coastal,Commercial,Mixed (30% To 70% Developed),NA,Urban,30 - 35  MPH,Stop Sign,Clear,No,12,11-15,No,NA,Facing Traffic,O: No Injury,Travel Lane,Black,Male,39,30-39,No,NA,0-5 mph,O: No Injury,White,Male,Passenger Car,No,08AUG2009,Saturday,Motorist Failed to Yield - Sign-Controlled Intersection,13,Intersection,August,O: No Injury,13:27:00,Motorist Drive Out - Sign-Controlled Intersection,2009,No,No,Daylight,Straight - Level,Local Street,Dry,"Two-Way, Not Divided",None,No Special Feature,Coarse Asphalt,4 lanes,"35.9321271414, -77.7922823598"
5199,Rocky Mount,Nash,Coastal,Residential,Urban (>70% Developed),NA,Urban,30 - 35  MPH,No Control Present,Clear,No,56,50-59,No,NA,With Traffic,B: Evident Injury,Travel Lane,Black,Male,47,40-49,No,NA,21-25 mph,O: No Injury,White,Female,Passenger Car,No,03AUG2009,Monday,Motorist Failed to Yield - Sign-Controlled Intersection,9,Intersection,August,B: Evident Injury,09:36:00,Motorist Drive Through - Sign-Controlled Intersection,2009,Yes,No,Daylight,Straight - Level,Local Street,Dry,"One-Way, Not Divided",None,No Special Feature,Smooth Asphalt,2 lanes,"35.9582971466, -77.8024223641"
5200,High Point,Guilford,Piedmont,Residential,Urban (>70% Developed),NA,Urban,30 - 35  MPH,Stop Sign,Clear,No,50,50-59,No,NA,With Traffic,B: Evident Injury,Travel Lane,White,Female,55,50-59,No,NA,21-25 mph,O: No Injury,White,Male,"Light Truck (Mini-Van, Panel)",No,12SEP2009,Saturday,Motorist Failed to Yield - Sign-Controlled Intersection,11,Intersection,September,B: Evident Injury,11:30:00,Motorist Drive Out - Sign-Controlled Intersection,2009,Yes,No,Daylight,Straight - Level,Local Street,Dry,"Two-Way, Divided, Unprotected Median",None,Four-Way Intersection,Smooth Asphalt,4 lanes,"36.0000720772, -80.0096770345"
5201,None - Rural Crash,Buncombe,Mountains,"Farms, Woods, Pastures",Rural (<30% Developed),NA,Rural,NA,No Control Present,Cloudy,No,17,16-19,No,NA,Not Applicable,B: Evident Injury,Travel Lane,White,Male,25,25-29,No,NA,NA,O: No Injury,White,Female,Van,No,22SEP2009,Tuesday,Non-Roadway,13,Non-Roadway,September,B: Evident Injury,13:56:00,Non-Roadway,2009,Yes,No,Daylight,Curve - Grade,Public Vehicular Area,"Sand, Mud, Dirt, Gravel","Two-Way, Not Divided",None,"Driveway, Public",Gravel,1 lane,"35.6075089051, -82.3756237178"
5202,Gastonia,Gaston,Piedmont,Commercial,Urban (>70% Developed),NA,Urban,40 - 45  MPH,No Control Present,Clear,No,13,11-15,No,NA,With Traffic,C: Possible Injury,Travel Lane,White,Male,32,30-39,No,NA,26-30 mph,O: No Injury,Black,Male,Passenger Car,No,22SEP2009,Tuesday,Crossing Paths - Other Circumstances,18,Intersection,September,C: Possible Injury,18:05:00,Crossing Paths - Uncontrolled Intersection,2009,Yes,No,Daylight,Straight - Grade,State Secondary Route,Dry,"Two-Way, Not Divided",None,No Special Feature,Smooth Asphalt,5 lanes,"35.2534398758, -81.1781233433"