object_id,city,county,region,development,locality,on_road,rural_urban,speed_limit,traffic_control,weather,workzone,bike_age,bike_age_group,bike_alcohol,bike_alcohol_drugs,bike_direction,bike_injury,bike_position,bike_race,bike_sex,driver_age,driver_age_group,driver_alcohol,driver_alcohol_drugs,driver_est_speed,driver_injury,driver_race,driver_sex,driver_vehicle_type,crash_alcohol,crash_date,crash_day,crash_group,crash_hour,crash_location,crash_month,crash_severity,crash_time,crash_type,crash_year,ambulance_req,hit_run,light_condition,road_character,road_class,road_condition,road_configuration,road_defects,road_feature,road_surface,num_lanes,geo_point
3540,Charlotte,Mecklenburg,Piedmont,Residential,Urban (>70% Developed),NA,Urban,30 - 35  MPH,Stop And Go Signal,Clear,No,16,16-19,No,NA,With Traffic,C: Possible Injury,Sidewalk / Crosswalk / Driveway Crossing,Black,Female,19,0-19,No,NA,16-20 mph,O: No Injury,Black,Male,Passenger Car,No,07OCT2011,Friday,Crossing Paths - Other Circumstances,18,Intersection,October,C: Possible Injury,18:30:00,Signalized Intersection - Other / Unknown,2011,No,No,Daylight,Straight - Level,Local Street,Dry,"Two-Way, Divided, Unprotected Median",None,No Special Feature,Smooth Asphalt,2 lanes,"35.2380568838, -80.8753032519"
3543,Raleigh,Wake,Piedmont,Commercial,Urban (>70% Developed),NA,Urban,5 - 15 MPH,Stop Sign,Clear,No,20,20-24,No,NA,Facing Traffic,O: No Injury,Sidewalk / Crosswalk / Driveway Crossing,White,Male,21,20-24,No,NA,0-5 mph,O: No Injury,White,Female,Passenger Car,No,26OCT2011,Wednesday,Motorist Failed to Yield - Sign-Controlled Intersection,18,Intersection,October,O: No Injury,18:46:00,Motorist Drive Out - Sign-Controlled Intersection,2011,Yes,No,Dusk,Straight - Grade,Public Vehicular Area,Dry,"Two-Way, Not Divided",None,No Special Feature,Concrete,NA,"35.7810670789, -78.6767026202"
3544,Fayetteville,Cumberland,Coastal,Commercial,Urban (>70% Developed),NA,Urban,30 - 35  MPH,Stop Sign,Clear,No,47,40-49,No,NA,Facing Traffic,C: Possible Injury,Sidewalk / Crosswalk / Driveway Crossing,Black,Male,50,50-59,No,NA,NA,O: No Injury,Native American,Female,Sport Utility,No,27OCT2011,Thursday,Motorist Failed to Yield - Sign-Controlled Intersection,16,Intersection,October,C: Possible Injury,16:07:00,Motorist Drive Out - Sign-Controlled Intersection,2011,Yes,No,Daylight,Straight - Level,Local Street,Dry,"Two-Way, Not Divided",None,No Special Feature,Coarse Asphalt,2 lanes,"35.0568469153, -78.8810026444"
3548,Beaufort,Carteret,Coastal,Residential,Urban (>70% Developed),NA,Rural,30 - 35  MPH,No Control Present,Clear,No,15,11-15,No,NA,Facing Traffic,C: Possible Injury,Travel Lane,White,Female,20,20-24,No,NA,31-35 mph,O: No Injury,White,Male,Sport Utility,No,31OCT2011,Monday,Bicyclist Right Turn / Merge,18,Non-Intersection,October,C: Possible Injury,18:00:00,Bicyclist Right Turn - Same Direction,2011,Yes,No,Dawn,Straight - Level,Local Street,Dry,"Two-Way, Not Divided",None,No Special Feature,Smooth Asphalt,2 lanes,"34.7126369136, -76.6533019525"
3555,None - Rural Crash,Randolph,Piedmont,Commercial,Urban (>70% Developed),NA,Rural,40 - 45  MPH,Stop And Go Signal,Clear,No,65,60-69,No,NA,With Traffic,C: Possible Injury,Travel Lane,White,Male,NA,NA,No,NA,31-35 mph,Unknown Injury,Unknown/Missing,NA,Passenger Car,No,12NOV2011,Saturday,Motorist Overtaking Bicyclist,14,Intersection-Related,November,C: Possible Injury,14:44:00,Motorist Overtaking - Misjudged Space,2011,Yes,Yes,Daylight,Straight - Level,US Route,Dry,"Two-Way, Not Divided",None,T-Intersection,Smooth Asphalt,3 lanes,"35.6695770139, -79.8217029604"
3556,Gastonia,Gaston,Piedmont,Residential,Urban (>70% Developed),NA,Urban,40 - 45  MPH,Yield Sign,Cloudy,No,47,40-49,No,NA,With Traffic,C: Possible Injury,Travel Lane,White,Male,55,50-59,No,NA,6-10 mph,O: No Injury,White,Male,Pickup,No,12OCT2011,Wednesday,Motorist Failed to Yield - Sign-Controlled Intersection,14,Intersection-Related,October,C: Possible Injury,14:19:00,Motorist Drive Out - Sign-Controlled Intersection,2011,Yes,No,Daylight,Other,Local Street,Dry,"One-Way, Not Divided",None,Traffic Circle/Roundabout,Smooth Asphalt,1 lane,"35.214456869, -81.1332033276"
3567,Charlotte,Mecklenburg,Piedmont,Commercial,Urban (>70% Developed),NA,Urban,40 - 45  MPH,Stop And Go Signal,Cloudy,No,46,40-49,No,NA,NA,C: Possible Injury,Sidewalk / Crosswalk / Driveway Crossing,Hispanic,Male,53,50-59,No,NA,41-45 mph,O: No Injury,White,Female,Pickup,No,15NOV2011,Tuesday,Other / Unknown - Insufficient Details,11,Intersection,November,C: Possible Injury,11:01:00,Unknown Approach Paths,2011,No,No,Daylight,Straight - Level,Local Street,Dry,"Two-Way, Divided, Positive Median Barrier",None,No Special Feature,Smooth Asphalt,2 lanes,"35.2598868918, -80.7771032241"
3568,Conover,Catawba,Piedmont,Residential,Urban (>70% Developed),NA,Urban,30 - 35  MPH,Stop Sign,Clear,No,20,20-24,No,NA,With Traffic,C: Possible Injury,Sidewalk / Crosswalk / Driveway Crossing,White,Male,41,40-49,No,NA,0-5 mph,O: No Injury,White,Male,Passenger Car,No,20NOV2011,Sunday,Motorist Failed to Yield - Sign-Controlled Intersection,8,Intersection,November,C: Possible Injury,08:20:00,Motorist Drive Out - Sign-Controlled Intersection,2011,No,No,Daylight,Straight - Hillcrest,Local Street,Dry,"Two-Way, Not Divided",None,T-Intersection,Smooth Asphalt,2 lanes,"35.7065069709, -81.2005033755"
3581,Charlotte,Mecklenburg,Piedmont,Residential,Urban (>70% Developed),NA,Urban,20 - 25  MPH,No Control Present,Clear,No,9,6-10,No,NA,Not Applicable,B: Evident Injury,Non-Roadway,Black,Male,46,40-49,Yes,NA,11-15 mph,O: No Injury,Black,Male,Pickup,Yes,23NOV2011,Wednesday,Bicyclist Failed to Yield - Midblock,15,Non-Intersection,November,B: Evident Injury,15:30:00,Bicyclist Ride Out - Other Midblock,2011,Yes,No,Daylight,Straight - Bottom,Local Street,Dry,"Two-Way, Not Divided",None,No Special Feature,Smooth Asphalt,1 lane,"35.2601068898, -80.8351032408"
3586,Greensboro,Guilford,Piedmont,Residential,Urban (>70% Developed),NA,Urban,30 - 35  MPH,Stop Sign,Cloudy,No,17,16-19,No,NA,Facing Traffic,C: Possible Injury,Travel Lane,White,Male,59,50-59,No,NA,0-5 mph,O: No Injury,White,Female,Passenger Car,No,10NOV2011,Thursday,Motorist Failed to Yield - Sign-Controlled Intersection,10,Intersection,November,C: Possible Injury,10:58:00,Motorist Drive Out - Sign-Controlled Intersection,2011,Yes,No,Dusk,Straight - Grade,Local Street,Wet,"Two-Way, Divided, Unprotected Median",None,Four-Way Intersection,Coarse Asphalt,4 lanes,"36.0923871056, -79.7709029677"
3596,None - Rural Crash,Lincoln,Piedmont,Residential,Mixed (30% To 70% Developed),NA,Rural,30 - 35  MPH,No Control Present,Clear,No,48,40-49,No,NA,With Traffic,B: Evident Injury,Travel Lane,White,Male,44,40-49,No,NA,0-5 mph,O: No Injury,White,Female,Van,No,01DEC2011,Thursday,Motorist Failed to Yield - Midblock,21,Non-Intersection,December,B: Evident Injury,21:12:00,Motorist Drive Out - Residential Driveway,2011,Yes,No,Dark - Roadway Not Lighted,Straight - Level,US Route,Dry,"Two-Way, Not Divided",None,No Special Feature,Smooth Asphalt,2 lanes,"35.4112869081, -81.2030033593"
3597,None - Rural Crash,Wake,Piedmont,"Farms, Woods, Pastures",Rural (<30% Developed),NA,Rural,40 - 45  MPH,"Double Yellow Line, No Passing Zone",Clear,No,53,50-59,No,NA,With Traffic,C: Possible Injury,Travel Lane,White,Male,55,50-59,No,NA,41-45 mph,O: No Injury,White,Male,Pickup,No,01DEC2011,Thursday,Motorist Overtaking Bicyclist,17,Non-Intersection,December,C: Possible Injury,17:11:00,Motorist Overtaking - Misjudged Space,2011,Yes,No,Daylight,Straight - Level,NC Route,Dry,"Two-Way, Not Divided",None,No Special Feature,Smooth Asphalt,2 lanes,"35.581437031, -78.817502652"
3621,Huntersville,Mecklenburg,Piedmont,Residential,Rural (<30% Developed),NA,Urban,40 - 45  MPH,No Control Present,Cloudy,No,21,20-24,No,NA,With Traffic,B: Evident Injury,Travel Lane,White,Male,46,40-49,No,NA,26-30 mph,O: No Injury,White,Male,Pickup,No,19NOV2011,Saturday,Bicyclist Left Turn / Merge,13,Intersection,November,B: Evident Injury,13:32:00,Bicyclist Left Turn - Same Direction,2011,Yes,No,Daylight,Straight - Hillcrest,Local Street,Dry,"Two-Way, Not Divided",None,Four-Way Intersection,Smooth Asphalt,2 lanes,"35.3885169133, -80.9210032743"
3624,Mooresville,Iredell,Piedmont,Residential,Mixed (30% To 70% Developed),NA,Urban,30 - 35  MPH,No Control Present,Clear,No,40,40-49,Yes,NA,With Traffic,B: Evident Injury,Travel Lane,White,Male,39,30-39,No,NA,31-35 mph,O: No Injury,White,Male,Passenger Car,Yes,22NOV2011,Tuesday,Motorist Overtaking Bicyclist,21,Non-Intersection,November,B: Evident Injury,21:15:00,Motorist Overtaking - Bicyclist Swerved,2011,Yes,No,Dark - Roadway Not Lighted,Curve - Level,Local Street,Dry,"Two-Way, Not Divided",None,No Special Feature,Smooth Asphalt,2 lanes,"35.5921169607, -80.8156032538"
3631,Cornelius,Mecklenburg,Piedmont,Commercial,Urban (>70% Developed),NA,Urban,NA,Stop And Go Signal,Clear,No,18,16-19,No,NA,With Traffic,C: Possible Injury,Travel Lane,White,Male,18,0-19,No,NA,31-35 mph,O: No Injury,Black,Female,Passenger Car,No,27NOV2011,Sunday,Crossing Paths - Other Circumstances,17,Intersection,November,C: Possible Injury,17:11:00,Signalized Intersection - Other / Unknown,2011,Yes,No,Dusk,Straight - Level,Local Street,Dry,"Two-Way, Divided, Positive Median Barrier",None,No Special Feature,Smooth Asphalt,5 lanes,"35.4837269358, -80.8725032643"
3639,Sanford,Lee,Piedmont,Industrial,Urban (>70% Developed),NA,Urban,50 - 55  MPH,Stop And Go Signal,Clear,No,70+,70+,No,NA,Not Applicable,K: Killed,Travel Lane,Black,Male,56,50-59,No,NA,41-45 mph,O: No Injury,White,Female,Passenger Car,No,10DEC2011,Saturday,Crossing Paths - Other Circumstances,17,Intersection-Related,December,K: Killed,17:46:00,Crossing Paths - Uncontrolled Intersection,2011,Yes,No,Dark - Lighted Roadway,Straight - Level,NC Route,Dry,"Two-Way, Not Divided",None,No Special Feature,Smooth Asphalt,6 lanes,"35.4441369899, -79.1281027386"
3643,Concord,Cabarrus,Piedmont,Commercial,Urban (>70% Developed),NA,Urban,30 - 35  MPH,Stop And Go Signal,Clear,No,34,30-39,No,NA,Facing Traffic,C: Possible Injury,Travel Lane,White,Male,51,50-59,No,NA,0-5 mph,O: No Injury,Black,Female,Sport Utility,No,14DEC2011,Wednesday,Crossing Paths - Other Circumstances,19,Intersection,December,C: Possible Injury,19:36:00,Signalized Intersection - Other / Unknown,2011,No,No,Dark - Lighted Roadway,Straight - Level,NA,Dry,"Two-Way, Not Divided",None,Four-Way Intersection,Smooth Asphalt,4 lanes,"35.4325269348, -80.6043031819"
3645,Gastonia,Gaston,Piedmont,Commercial,Urban (>70% Developed),NA,Urban,40 - 45  MPH,No Control Present,Clear,No,45,40-49,No,NA,With Traffic,B: Evident Injury,Travel Lane,Black,Male,53,50-59,No,NA,41-45 mph,O: No Injury,White,Male,Pickup,No,12DEC2011,Monday,Bicyclist Right Turn / Merge,18,Non-Intersection,December,B: Evident Injury,18:30:00,Bicyclist Right Turn - Same Direction,2011,Yes,No,Dark - Lighted Roadway,Straight - Level,State Secondary Route,Dry,"Two-Way, Divided, Unprotected Median",None,No Special Feature,Coarse Asphalt,4 lanes,"35.2538568758, -81.1832033444"
3654,Shelby,Cleveland,Mountains,Commercial,Urban (>70% Developed),NA,Urban,30 - 35  MPH,No Control Present,Clear,No,69,60-69,No,NA,With Traffic,C: Possible Injury,Travel Lane,White,Male,20,20-24,No,NA,21-25 mph,C: Possible Injury,Black,Male,Passenger Car,No,18DEC2011,Sunday,Motorist Overtaking Bicyclist,13,Intersection-Related,December,C: Possible Injury,13:40:00,Motorist Overtaking - Other / Unknown,2011,Yes,No,Daylight,Straight - Level,NC Route,Dry,"Two-Way, Not Divided",None,No Special Feature,Smooth Asphalt,3 lanes,"35.3014268726, -81.538103453"
3661,Asheville,Buncombe,Mountains,Commercial,Urban (>70% Developed),NA,Urban,20 - 25  MPH,Stop And Go Signal,Clear,No,19,16-19,No,NA,Facing Traffic,C: Possible Injury,Sidewalk / Crosswalk / Driveway Crossing,White,Male,37,30-39,No,NA,16-20 mph,O: No Injury,White,Male,Sport Utility,No,29DEC2011,Thursday,Bicyclist Failed to Yield - Signalized Intersection,20,Intersection,December,C: Possible Injury,20:44:00,Bicyclist Ride Through - Signalized Intersection,2011,No,No,Dark - Lighted Roadway,Straight - Hillcrest,Local Street,Dry,"Two-Way, Not Divided",None,Four-Way Intersection,Smooth Asphalt,3 lanes,"35.5948668954, -82.5526037694"
3666,None - Rural Crash,Halifax,Coastal,Residential,Urban (>70% Developed),NA,Rural,30 - 35  MPH,Stop Sign,Other,No,40,40-49,No,NA,With Traffic,O: No Injury,Travel Lane,Black,Male,23,20-24,No,NA,NA,O: No Injury,Black,Female,Passenger Car,No,14MAY2011,Saturday,Motorist Overtaking Bicyclist,13,Intersection,May,O: No Injury,13:00:00,Motorist Overtaking - Other / Unknown,2011,No,No,Daylight,Straight - Level,Local Street,NA,"Two-Way, Not Divided",NA,No Special Feature,Coarse Asphalt,2 lanes,"36.175457198, -77.6672023347"
3682,None - Rural Crash,Pasquotank,Coastal,"Farms, Woods, Pastures",Rural (<30% Developed),NA,Rural,50 - 55  MPH,"Double Yellow Line, No Passing Zone",Clear,No,47,40-49,No,NA,With Traffic,C: Possible Injury,Travel Lane,White,Male,30,30-39,No,NA,11-15 mph,O: No Injury,Black,Male,Passenger Car,No,10JAN2010,Sunday,Motorist Failed to Yield - Midblock,16,Non-Intersection,January,C: Possible Injury,16:10:00,Motorist Drive Out - Other Midblock,2010,No,No,Daylight,Straight - Level,State Secondary Route,Dry,"Two-Way, Not Divided",None,"Driveway, Public",Smooth Asphalt,2 lanes,"36.3642922853, -76.2919119224"
3683,None - Rural Crash,Edgecombe,Coastal,"Farms, Woods, Pastures",Rural (<30% Developed),NA,Rural,50 - 55  MPH,No Control Present,Clear,No,34,30-39,Yes,NA,With Traffic,Unknown Injury,Travel Lane,Black,Male,42,40-49,No,NA,51-55 mph,O: No Injury,Black,Male,Passenger Car,Yes,26JAN2010,Tuesday,Bicyclist Left Turn / Merge,20,Non-Intersection,January,O: No Injury,20:39:00,Bicyclist Left Turn - Same Direction,2010,No,No,Dark - Roadway Not Lighted,Straight - Level,NC Route,Dry,"Two-Way, Not Divided",None,No Special Feature,Coarse Asphalt,2 lanes,"35.8313591333, -77.4164722392"
3685,Spring Lake,Cumberland,Coastal,Residential,Mixed (30% To 70% Developed),NA,Urban,40 - 45  MPH,"Double Yellow Line, No Passing Zone",Clear,No,22,20-24,No,NA,With Traffic,C: Possible Injury,Travel Lane,White,Female,42,40-49,No,NA,31-35 mph,O: No Injury,Black,Female,Passenger Car,No,04FEB2010,Thursday,Bicyclist Left Turn / Merge,16,Non-Intersection,February,C: Possible Injury,16:49:00,Bicyclist Left Turn - Same Direction,2010,Yes,No,Dusk,Straight - Hillcrest,State Secondary Route,Dry,"Two-Way, Not Divided",None,No Special Feature,Coarse Asphalt,2 lanes,"35.1834019393, -78.9778776803"
3690,None - Rural Crash,Rutherford,Mountains,Residential,Urban (>70% Developed),NA,Rural,30 - 35  MPH,Stop Sign,Cloudy,No,29,25-29,No,NA,With Traffic,C: Possible Injury,Travel Lane,White,Male,33,30-39,No,NA,0-5 mph,O: No Injury,Black,Male,Passenger Car,No,06FEB2010,Saturday,Motorist Failed to Yield - Sign-Controlled Intersection,14,Intersection,February,C: Possible Injury,14:59:00,Motorist Drive Out - Sign-Controlled Intersection,2010,No,No,Daylight,Straight - Level,State Secondary Route,Dry,"Two-Way, Not Divided",None,T-Intersection,Smooth Asphalt,2 lanes,"35.335509865, -81.9234735687"
3694,Wilmington,New Hanover,Coastal,Commercial,Urban (>70% Developed),NA,Urban,30 - 35  MPH,Stop And Go Signal,Rain,No,49,40-49,No,NA,With Traffic,C: Possible Injury,Travel Lane,Black,Male,20,20-24,No,NA,0-5 mph,O: No Injury,White,Male,Passenger Car,No,17JAN2010,Sunday,Motorist Failed to Yield - Signalized Intersection,17,Intersection,January,C: Possible Injury,17:50:00,Motorist Drive Out - Signalized Intersection,2010,Yes,No,Dark - Roadway Not Lighted,Straight - Level,Local Street,Wet,"Two-Way, Not Divided",None,Four-Way Intersection,Smooth Asphalt,6 lanes,"34.2295337663, -77.9047023093"
3701,Greensboro,Guilford,Piedmont,Commercial,Urban (>70% Developed),NA,Urban,30 - 35  MPH,Stop And Go Signal,Clear,No,23,20-24,No,NA,With Traffic,C: Possible Injury,Sidewalk / Crosswalk / Driveway Crossing,White,Male,NA,NA,Missing,NA,6-10 mph,Unknown Injury,Unknown/Missing,NA,NA,No,25JAN2010,Monday,Motorist Left Turn / Merge,11,Intersection,January,C: Possible Injury,11:34:00,Motorist Left Turn - Opposite Direction,2010,No,Yes,Daylight,Straight - Level,Local Street,Dry,"Two-Way, Not Divided",None,No Special Feature,Coarse Asphalt,3 lanes,"36.0638650974, -79.8237829829"
3704,Charlotte,Mecklenburg,Piedmont,Commercial,Urban (>70% Developed),NA,Urban,30 - 35  MPH,Stop Sign,Clear,No,21,20-24,No,NA,With Traffic,C: Possible Injury,Travel Lane,Hispanic,Male,NA,NA,Missing,NA,6-10 mph,Unknown Injury,Unknown/Missing,NA,NA,No,25JAN2010,Monday,Motorist Failed to Yield - Sign-Controlled Intersection,16,Intersection,January,C: Possible Injury,16:50:00,Motorist Drive Out - Sign-Controlled Intersection,2010,Yes,Yes,Daylight,Straight - Level,Local Street,Dry,"Two-Way, Divided, Unprotected Median",None,No Special Feature,Smooth Asphalt,4 lanes,"35.2506818896, -80.7907232279"
3711,Raleigh,Wake,Piedmont,Residential,Urban (>70% Developed),NA,Urban,30 - 35  MPH,No Control Present,Clear,No,22,20-24,No,NA,With Traffic,B: Evident Injury,Travel Lane,White,Male,25,25-29,No,NA,11-15 mph,O: No Injury,Black,Female,Passenger Car,No,20JAN2010,Wednesday,Motorist Failed to Yield - Sign-Controlled Intersection,19,Intersection,January,B: Evident Injury,19:13:00,Motorist Drive Out - Sign-Controlled Intersection,2010,Yes,No,Dark - Lighted Roadway,Straight - Grade,Local Street,Dry,"Two-Way, Divided, Unprotected Median",None,Four-Way Intersection,Smooth Asphalt,2 lanes,"35.7836170786, -78.688326624"
3716,None - Rural Crash,Alexander,Piedmont,Residential,Mixed (30% To 70% Developed),NA,Rural,40 - 45  MPH,"Double Yellow Line, No Passing Zone",Clear,No,53,50-59,No,NA,With Traffic,B: Evident Injury,Travel Lane,White,Male,70+,70+,No,NA,31-35 mph,O: No Injury,White,Female,Sport Utility,No,26FEB2010,Friday,Motorist Overtaking Bicyclist,18,Non-Intersection,February,B: Evident Injury,18:44:00,Motorist Overtaking - Other / Unknown,2010,Yes,No,Dusk,Straight - Grade,State Secondary Route,Dry,"Two-Way, Not Divided",None,"Driveway, Private",Coarse Asphalt,2 lanes,"35.9329140206, -81.1366033687"
4509,Carolina Beach,New Hanover,Coastal,Commercial,Urban (>70% Developed),NA,Urban,20 - 25  MPH,No Control Present,Cloudy,No,19,16-19,No,NA,With Traffic,B: Evident Injury,Travel Lane,White,Female,59,50-59,Yes,NA,NA,O: No Injury,White,Male,Pickup,Yes,28OCT2010,Thursday,Motorist Failed to Yield - Midblock,20,Non-Intersection,October,B: Evident Injury,20:10:00,Motorist Drive Out - Other Midblock,2010,Yes,No,Dark - Lighted Roadway,Straight - Level,US Route,Dry,"Two-Way, Not Divided",None,Shared-Use Paths Or Trails,Smooth Asphalt,5 lanes,"34.0327327229, -77.8944522966"
4513,Lincolnton,Lincoln,Piedmont,Commercial,Urban (>70% Developed),NA,Urban,30 - 35  MPH,"Double Yellow Line, No Passing Zone",Cloudy,No,36,30-39,No,NA,With Traffic,B: Evident Injury,Travel Lane,Black,Male,55,50-59,No,NA,31-35 mph,O: No Injury,White,Female,Passenger Car,No,27OCT2010,Wednesday,Motorist Overtaking Bicyclist,19,Non-Intersection,October,B: Evident Injury,19:51:00,Motorist Overtaking - Undetected Bicyclist,2010,Yes,No,Dark - Lighted Roadway,Straight - Level,Local Street,Wet,"Two-Way, Not Divided",None,No Special Feature,Smooth Asphalt,2 lanes,"35.47559292, -81.2398483734"
4518,Cary,Wake,Piedmont,Commercial,Urban (>70% Developed),NA,Urban,30 - 35  MPH,No Control Present,Clear,No,40,40-49,No,NA,Facing Traffic,Unknown Injury,Sidewalk / Crosswalk / Driveway Crossing,Hispanic,Male,35,30-39,No,NA,11-15 mph,O: No Injury,Black,Male,Passenger Car,No,11NOV2010,Thursday,Crossing Paths - Other Circumstances,11,Intersection,November,O: No Injury,11:52:00,Crossing Paths - Intersection - Other / Unknown,2010,No,No,Daylight,Straight - Level,Local Street,Dry,"Two-Way, Not Divided",None,Related To Intersection,Smooth Asphalt,2 lanes,"35.7735270736, -78.7815886522"
4537,Charlotte,Mecklenburg,Piedmont,Commercial,Urban (>70% Developed),NA,Urban,30 - 35  MPH,No Control Present,Cloudy,No,13,11-15,No,NA,With Traffic,C: Possible Injury,Travel Lane,White,Male,70+,70+,No,NA,26-30 mph,O: No Injury,White,Female,Sport Utility,No,15NOV2010,Monday,Bicyclist Failed to Yield - Signalized Intersection,16,Intersection-Related,November,C: Possible Injury,16:23:00,Bicyclist Ride Through - Signalized Intersection,2010,Yes,No,Daylight,Straight - Level,Local Street,Dry,"Two-Way, Divided, Unprotected Median",None,No Special Feature,Smooth Asphalt,4 lanes,"35.1548838677, -80.8308732341"
4539,Fayetteville,Cumberland,Coastal,Commercial,Urban (>70% Developed),NA,Urban,20 - 25  MPH,No Control Present,Clear,No,45,40-49,No,NA,Not Applicable,C: Possible Injury,Non-Roadway,Black,Male,31,30-39,No,NA,0-5 mph,O: No Injury,Black,Female,Sport Utility,No,10NOV2010,Wednesday,Non-Roadway,18,Non-Roadway,November,C: Possible Injury,18:28:00,Non-Roadway,2010,Yes,No,Dark - Roadway Not Lighted,Straight - Level,Public Vehicular Area,Dry,"Two-Way, Not Divided",None,"Driveway, Public",Coarse Asphalt,NA,"35.0523169087, -79.0447126937"
4540,Fayetteville,Cumberland,Coastal,Commercial,Urban (>70% Developed),NA,Urban,NA,No Control Present,Clear,No,43,40-49,No,NA,With Traffic,Unknown Injury,Bike Lane / Paved Shoulder,Unknown/Missing,NA,NA,NA,Missing,NA,NA,Unknown Injury,Unknown/Missing,NA,NA,No,12NOV2010,Friday,Motorist Failed to Yield - Midblock,8,Non-Intersection,November,Unknown Injury,08:52:00,Motorist Drive Out - Commercial Driveway / Alley,2010,No,Yes,Daylight,Straight - Level,Local Street,Dry,"Two-Way, Not Divided",None,No Special Feature,Coarse Asphalt,7 lanes,"35.0434299098, -78.9551326656"
4543,Forest City,Rutherford,Mountains,Commercial,Urban (>70% Developed),NA,Urban,20 - 25  MPH,No Control Present,Rain,No,64,60-69,No,NA,Not Applicable,C: Possible Injury,Non-Roadway,White,Female,35,30-39,No,NA,0-5 mph,O: No Injury,White,Female,Sport Utility,No,15NOV2010,Monday,Non-Roadway,15,Non-Roadway,November,C: Possible Injury,15:05:00,Non-Roadway,2010,Yes,No,Daylight,Straight - Level,Public Vehicular Area,Wet,"One-Way, Not Divided",None,No Special Feature,Smooth Asphalt,NA,"35.3198968641, -81.8588735483"
4557,Wadesboro,Anson,Piedmont,Residential,Mixed (30% To 70% Developed),NA,Urban,30 - 35  MPH,No Control Present,Clear,No,38,30-39,No,NA,With Traffic,B: Evident Injury,Travel Lane,Black,Male,NA,NA,Missing,NA,21-25 mph,Unknown Injury,Unknown/Missing,NA,Passenger Car,No,12NOV2010,Friday,Motorist Overtaking Bicyclist,19,Intersection-Related,November,B: Evident Injury,19:49:00,Motorist Overtaking - Bicyclist Swerved,2010,No,Yes,Dark - Lighted Roadway,Straight - Level,Local Street,Dry,"One-Way, Not Divided",None,No Special Feature,Smooth Asphalt,1 lane,"34.9759898554, -80.0853430022"
4562,Fayetteville,Cumberland,Coastal,"Farms, Woods, Pastures",Mixed (30% To 70% Developed),NA,Urban,40 - 45  MPH,No Control Present,Clear,No,12,11-15,No,NA,Facing Traffic,C: Possible Injury,Bike Lane / Paved Shoulder,Black,Male,55,50-59,No,NA,36-40 mph,O: No Injury,Black,Male,Pickup,No,30NOV2010,Tuesday,Bicyclist Right Turn / Merge,6,Non-Intersection,November,C: Possible Injury,06:39:00,Bicyclist Right Turn - Same Direction,2010,Yes,No,Daylight,Straight - Level,Local Street,Dry,"Two-Way, Not Divided",None,No Special Feature,Coarse Asphalt,2 lanes,"35.0135609011, -79.0056826796"
4573,Fayetteville,Cumberland,Coastal,Commercial,Urban (>70% Developed),NA,Urban,30 - 35  MPH,No Control Present,Clear,No,23,20-24,No,NA,With Traffic,C: Possible Injury,Bike Lane / Paved Shoulder,White,Male,NA,NA,Missing,NA,31-35 mph,Unknown Injury,Unknown/Missing,NA,NA,No,25NOV2010,Thursday,Motorist Overtaking Bicyclist,15,Non-Intersection,November,C: Possible Injury,15:50:00,Motorist Overtaking - Misjudged Space,2010,Yes,Yes,Daylight,Straight - Level,Local Street,Dry,"Two-Way, Not Divided",None,No Special Feature,Smooth Asphalt,2 lanes,"35.012190905, -78.9091026502"
4574,Angier,Harnett,Coastal,Residential,Mixed (30% To 70% Developed),NA,Rural,30 - 35  MPH,No Control Present,Cloudy,No,10,6-10,No,NA,Not Applicable,B: Evident Injury,Travel Lane,Hispanic,Male,34,30-39,No,NA,31-35 mph,O: No Injury,Hispanic,Male,Passenger Car,No,27OCT2010,Wednesday,Crossing Paths - Other Circumstances,18,Intersection,October,B: Evident Injury,18:00:00,Crossing Paths - Intersection - Other / Unknown,2010,No,No,Daylight,Straight - Level,Local Street,Dry,"Two-Way, Not Divided",None,No Special Feature,Smooth Asphalt,2 lanes,"35.5070830175, -78.7369126244"
4575,Williamston,Martin,Coastal,Commercial,Urban (>70% Developed),NA,Urban,NA,No Control Present,Clear,No,55,50-59,Yes,NA,NA,C: Possible Injury,Travel Lane,Black,Male,NA,NA,Missing,NA,NA,Unknown Injury,Unknown/Missing,NA,NA,Yes,26NOV2010,Friday,Parallel Paths - Other Circumstances,17,Non-Intersection,November,C: Possible Injury,17:19:00,Parallel Paths - Other / Unknown,2010,Yes,Yes,Dark - Roadway Not Lighted,Straight - Level,US Route,Dry,"Two-Way, Divided, Unprotected Median",None,No Special Feature,Smooth Asphalt,2 lanes,"35.8399731457, -77.0865121392"
4578,Raleigh,Wake,Piedmont,Residential,Urban (>70% Developed),NA,Urban,20 - 25  MPH,Stop And Go Signal,Clear,No,14,11-15,No,NA,With Traffic,C: Possible Injury,Sidewalk / Crosswalk / Driveway Crossing,White,Male,39,30-39,No,NA,11-15 mph,O: No Injury,Black,Female,Passenger Car,No,18NOV2010,Thursday,Motorist Left Turn / Merge,7,Intersection,November,C: Possible Injury,07:57:00,Motorist Left Turn - Opposite Direction,2010,No,No,Daylight,Straight - Level,Local Street,Dry,"Two-Way, Not Divided",None,Four-Way Intersection,Smooth Asphalt,2 lanes,"35.8563300952, -78.6503826169"