object_id,city,county,region,development,locality,on_road,rural_urban,speed_limit,traffic_control,weather,workzone,bike_age,bike_age_group,bike_alcohol,bike_alcohol_drugs,bike_direction,bike_injury,bike_position,bike_race,bike_sex,driver_age,driver_age_group,driver_alcohol,driver_alcohol_drugs,driver_est_speed,driver_injury,driver_race,driver_sex,driver_vehicle_type,crash_alcohol,crash_date,crash_day,crash_group,crash_hour,crash_location,crash_month,crash_severity,crash_time,crash_type,crash_year,ambulance_req,hit_run,light_condition,road_character,road_class,road_condition,road_configuration,road_defects,road_feature,road_surface,num_lanes,geo_point
4585,Raleigh,Wake,Piedmont,Commercial,Urban (>70% Developed),NA,Urban,30 - 35  MPH,Stop Sign,Clear,No,18,16-19,No,NA,With Traffic,C: Possible Injury,Travel Lane,White,Male,46,40-49,No,NA,11-15 mph,O: No Injury,Black,Female,"Light Truck (Mini-Van, Panel)",No,20NOV2010,Saturday,Motorist Right Turn / Merge,12,Intersection,November,C: Possible Injury,12:01:00,Motorist Right Turn - Same Direction,2010,No,No,Daylight,Straight - Level,Local Street,Dry,"Two-Way, Not Divided",None,Four-Way Intersection,Coarse Asphalt,5 lanes,"35.8247830869, -78.7084376318"
4593,Newton,Catawba,Piedmont,Commercial,Mixed (30% To 70% Developed),NA,Urban,30 - 35  MPH,Stop Sign,Clear,No,17,16-19,No,NA,Facing Traffic,C: Possible Injury,Travel Lane,White,Male,NA,NA,Missing,NA,31-35 mph,Unknown Injury,Unknown/Missing,NA,NA,No,27NOV2010,Saturday,Motorist Failed to Yield - Sign-Controlled Intersection,18,Intersection,November,C: Possible Injury,18:11:00,Motorist Drive Out - Sign-Controlled Intersection,2010,Yes,Yes,Dark - Lighted Roadway,Straight - Level,Local Street,Dry,"Two-Way, Not Divided",None,T-Intersection,Coarse Asphalt,2 lanes,"35.6944869672, -81.2180733797"
4596,None - Rural Crash,Harnett,Coastal,"Farms, Woods, Pastures",Rural (<30% Developed),NA,Rural,50 - 55  MPH,No Control Present,Clear,No,45,40-49,No,NA,With Traffic,C: Possible Injury,Travel Lane,Hispanic,Male,53,50-59,No,NA,21-25 mph,O: No Injury,Other,Female,Passenger Car,No,08DEC2010,Wednesday,Motorist Overtaking Bicyclist,8,Non-Intersection,December,C: Possible Injury,08:10:00,Motorist Overtaking - Misjudged Space,2010,Yes,No,Daylight,Straight - Level,NC Route,Dry,"Two-Way, Divided, Positive Median Barrier",None,No Special Feature,Coarse Asphalt,4 lanes,"35.274766956, -79.0688327121"
4599,Lumberton,Robeson,Coastal,Commercial,Urban (>70% Developed),NA,Urban,60 - 75 MPH,No Control Present,Clear,No,48,40-49,No,NA,With Traffic,C: Possible Injury,Travel Lane,Native American,Male,21,20-24,No,NA,31-35 mph,O: No Injury,Hispanic,Male,Passenger Car,No,18DEC2010,Saturday,Motorist Overtaking Bicyclist,0,Intersection-Related,December,C: Possible Injury,00:11:00,Motorist Overtaking - Undetected Bicyclist,2010,Yes,No,Dark - Roadway Not Lighted,Curve - Grade,Interstate,Dry,"One-Way, Not Divided",None,On or Off Ramp,Coarse Asphalt,1 lane,"34.6479218213, -79.0144526641"
424,None - Rural Crash,Pitt,Coastal,Residential,Urban (>70% Developed),SR 1726,Rural,40 - 45  MPH,"Double Yellow Line, No Passing Zone",Clear,No,62,60-69,NA,No,With Traffic,A: Disabling Injury,Travel Lane,White,Male,34,30-39,NA,No,41-45 mph,O: No Injury,White,Male,Sport Utility,No,25JUL2014,Friday,Bicyclist Left Turn / Merge,12,Intersection,July,A: Disabling Injury,12:30:00,Bicyclist Left Turn - Opposite Direction,2014,Yes,No,Daylight,Straight - Level,State Secondary Route,Dry,"Two-Way, Not Divided",None,T-Intersection,Coarse Asphalt,2 lanes,"35.5584410772, -77.3161321947"
425,Asheville,Buncombe,Mountains,Commercial,Urban (>70% Developed),US 70,Urban,40 - 45  MPH,No Control Present,Clear,No,19,16-19,NA,No,With Traffic,B: Evident Injury,Travel Lane,White,Female,24,20-24,NA,No,41-45 mph,O: No Injury,White,Female,Passenger Car,No,15JUL2014,Tuesday,Bicyclist Failed to Yield - Sign-Controlled Intersection,11,Intersection,July,B: Evident Injury,11:53:00,Bicyclist Ride Out - Sign-Controlled Intersection,2014,Yes,No,Daylight,Straight - Grade,US Route,Dry,"Two-Way, Not Divided",None,No Special Feature,Smooth Asphalt,4 lanes,"35.5871728961, -82.5031777548"
435,Raleigh,Wake,Piedmont,Institutional,Urban (>70% Developed),GORMAN,Urban,30 - 35  MPH,Stop Sign,Clear,No,35,30-39,NA,No,With Traffic,C: Possible Injury,Bike Lane / Paved Shoulder,White,Male,25,25-29,NA,No,11-15 mph,O: No Injury,Hispanic,Male,Passenger Car,No,20AUG2014,Wednesday,Bicyclist Failed to Yield - Sign-Controlled Intersection,16,Intersection,August,C: Possible Injury,16:30:00,Bicyclist Ride Out - Sign-Controlled Intersection,2014,Yes,No,Daylight,Straight - Level,Local Street,Dry,"Two-Way, Not Divided",None,Four-Way Intersection,Smooth Asphalt,2 lanes,"35.7871070791, -78.6870826234"
468,Fayetteville,Cumberland,Coastal,Commercial,Urban (>70% Developed),PVA 4901 BRAGG BLVD,Urban,5 - 15 MPH,No Control Present,Clear,No,37,30-39,NA,No,Facing Traffic,C: Possible Injury,Sidewalk / Crosswalk / Driveway Crossing,Hispanic,Male,59,50-59,NA,No,6-10 mph,O: No Injury,White,Male,Passenger Car,No,16JUL2014,Wednesday,Motorist Failed to Yield - Midblock,14,Non-Intersection,July,C: Possible Injury,14:35:00,Motorist Drive Out - Commercial Driveway / Alley,2014,No,No,Daylight,Straight - Level,Public Vehicular Area,Dry,"Two-Way, Not Divided",None,No Special Feature,Coarse Asphalt,2 lanes,"35.0902469201, -78.9541266682"
486,Durham,Durham,Piedmont,Residential,Urban (>70% Developed),COMMERCE ST,Urban,30 - 35  MPH,No Control Present,Clear,No,7,6-10,NA,No,Not Applicable,C: Possible Injury,Non-Roadway,Black,Male,55,50-59,NA,No,36-40 mph,O: No Injury,Black,Male,Passenger Car,No,07SEP2014,Sunday,Bicyclist Failed to Yield - Midblock,15,Non-Intersection,September,C: Possible Injury,15:26:00,Bicyclist Ride Out - Other Midblock,2014,Yes,No,Daylight,Straight - Bottom,Local Street,Dry,"Two-Way, Not Divided",None,No Special Feature,Smooth Asphalt,2 lanes,"35.9913671154, -78.8922126973"
492,None - Rural Crash,Montgomery,Piedmont,Commercial,Mixed (30% To 70% Developed),US 220,Rural,50 - 55  MPH,No Control Present,"Fog, Smog, Smoke",No,23,20-24,NA,No,With Traffic,C: Possible Injury,Travel Lane,Hispanic,Male,18,0-19,NA,No,46-50 mph,O: No Injury,Hispanic,Female,Passenger Car,No,02SEP2014,Tuesday,Motorist Overtaking Bicyclist,22,Non-Intersection,September,C: Possible Injury,22:24:00,Motorist Overtaking - Bicyclist Swerved,2014,Yes,No,Dark - Roadway Not Lighted,Straight - Level,US Route,Wet,"Two-Way, Not Divided",None,No Special Feature,Smooth Asphalt,2 lanes,"35.3098899389, -79.7568629214"
493,Greenville,Pitt,Coastal,Commercial,Urban (>70% Developed),US 264,Urban,40 - 45  MPH,Stop Sign,Rain,No,19,16-19,NA,No,Not Applicable,B: Evident Injury,Travel Lane,White,Male,28,25-29,NA,No,0-5 mph,O: No Injury,Other,Male,Passenger Car,No,04SEP2014,Thursday,Motorist Left Turn / Merge,20,Intersection-Related,September,B: Evident Injury,20:15:00,Motorist Left Turn - Opposite Direction,2014,Yes,No,Dark - Lighted Roadway,Straight - Level,US Route,Wet,"Two-Way, Not Divided",None,No Special Feature,Smooth Asphalt,5 lanes,"35.5838730807, -77.3723122133"
500,Gastonia,Gaston,Piedmont,Residential,Urban (>70% Developed),N YORK ST,Urban,30 - 35  MPH,No Control Present,Clear,No,45,40-49,NA,No,Facing Traffic,B: Evident Injury,Travel Lane,Black,Female,46,40-49,NA,No,21-25 mph,O: No Injury,Black,Male,Sport Utility,No,25JUL2014,Friday,Motorist Failed to Yield - Midblock,17,Non-Intersection,July,B: Evident Injury,17:25:00,Motorist Drive Out - Commercial Driveway / Alley,2014,Yes,No,Daylight,Straight - Grade,US Route,Dry,"One-Way, Not Divided",None,No Special Feature,Smooth Asphalt,2 lanes,"35.2508118742, -81.1901333469"
1504,None - Rural Crash,Rowan,Piedmont,"Farms, Woods, Pastures",Rural (<30% Developed),SR 1361,Rural,NA,"Double Yellow Line, No Passing Zone",Clear,No,NA,NA,No,NA,With Traffic,Unknown Injury,Travel Lane,Unknown/Missing,NA,53,50-59,No,NA,NA,A: Disabling Injury,White,Male,Pedestrian,No,27SEP2013,Friday,Parallel Paths - Other Circumstances,10,Non-Intersection,September,A: Disabling Injury,10:27:00,Parallel Paths - Other / Unknown,2013,Yes,Yes,Daylight,Curve - Grade,State Secondary Route,Dry,"Two-Way, Not Divided",None,No Special Feature,Smooth Asphalt,2 lanes,"35.5421069543, -80.6958032152"
1511,Greensboro,Guilford,Piedmont,Commercial,Urban (>70% Developed),W FRIENDLY AV,Urban,30 - 35  MPH,Stop And Go Signal,Clear,No,26,25-29,No,NA,With Traffic,C: Possible Injury,Sidewalk / Crosswalk / Driveway Crossing,White,Male,54,50-59,No,NA,6-10 mph,O: No Injury,Black,Female,Passenger Car,No,23SEP2013,Monday,Motorist Failed to Yield - Signalized Intersection,17,Intersection,September,C: Possible Injury,17:42:00,Motorist Drive Out - Right Turn on Red,2013,Yes,No,Daylight,Straight - Level,Local Street,Dry,"Two-Way, Not Divided",None,Four-Way Intersection,Coarse Asphalt,4 lanes,"36.0813171011, -79.8283029849"
1514,Charlotte,Mecklenburg,Piedmont,Commercial,Urban (>70% Developed),UNIVERSITY CITY BV,Urban,40 - 45  MPH,Stop And Go Signal,Clear,No,37,30-39,No,NA,With Traffic,B: Evident Injury,Sidewalk / Crosswalk / Driveway Crossing,Hispanic,Female,42,40-49,No,NA,11-15 mph,O: No Injury,Black,Female,Passenger Car,No,23SEP2013,Monday,Motorist Right Turn / Merge,16,Intersection,September,B: Evident Injury,16:02:00,Motorist Right Turn - Same Direction,2013,Yes,No,Daylight,Straight - Level,Local Street,Dry,"Two-Way, Divided, Unprotected Median",None,Four-Way Intersection,Smooth Asphalt,4 lanes,"35.2965769007, -80.741203215"
1515,Fayetteville,Cumberland,Coastal,Commercial,Urban (>70% Developed),GILLESPIE ST,Urban,40 - 45  MPH,Stop And Go Signal,Clear,No,NA,NA,No,NA,Not Applicable,O: No Injury,Travel Lane,Black,Female,27,25-29,No,NA,11-15 mph,O: No Injury,Black,Female,Sport Utility,No,04SEP2013,Wednesday,Crossing Paths - Other Circumstances,17,Intersection-Related,September,O: No Injury,17:14:00,Signalized Intersection - Other / Unknown,2013,No,No,Daylight,Straight - Level,Local Street,Dry,"One-Way, Not Divided",None,No Special Feature,Coarse Asphalt,4 lanes,"35.0214069074, -78.8948026467"
1520,Winston-Salem,Forsyth,Piedmont,Residential,Urban (>70% Developed),S MAIN ST,Urban,30 - 35  MPH,Stop And Go Signal,Clear,No,30,30-39,No,NA,With Traffic,B: Evident Injury,Travel Lane,White,Male,70+,70+,No,NA,6-10 mph,O: No Injury,Asian,Male,Passenger Car,No,14AUG2013,Wednesday,Motorist Left Turn / Merge,12,Intersection,August,B: Evident Injury,12:37:00,Motorist Left Turn - Opposite Direction,2013,No,No,Daylight,Straight - Grade,Local Street,Dry,"Two-Way, Not Divided",None,Four-Way Intersection,Smooth Asphalt,3 lanes,"36.0695470828, -80.2389031074"
1528,Raleigh,Wake,Piedmont,Residential,Urban (>70% Developed),PVA 1221 NEW BERN AVE,Urban,30 - 35  MPH,Stop And Go Signal,Clear,No,53,50-59,Yes,NA,Not Applicable,C: Possible Injury,Non-Roadway,Black,Male,20,20-24,No,NA,11-15 mph,O: No Injury,Black,Male,Passenger Car,Yes,01OCT2013,Tuesday,Bicyclist Failed to Yield - Midblock,20,Non-Intersection,October,C: Possible Injury,20:38:00,Bicyclist Ride Out - Commercial Driveway / Alley,2013,Yes,No,Dark - Lighted Roadway,Straight - Level,Local Street,Dry,"Two-Way, Divided, Unprotected Median",None,No Special Feature,Smooth Asphalt,3 lanes,"35.7800770801, -78.6222026036"
1537,None - Rural Crash,Orange,Piedmont,Residential,Mixed (30% To 70% Developed),SR 1831,Rural,30 - 35  MPH,"Double Yellow Line, No Passing Zone",Clear,No,49,40-49,No,NA,With Traffic,B: Evident Injury,Travel Lane,White,Male,24,20-24,No,NA,6-10 mph,O: No Injury,White,Male,Sport Utility,No,13SEP2013,Friday,Motorist Left Turn / Merge,17,Non-Intersection,September,B: Evident Injury,17:44:00,Motorist Left Turn - Opposite Direction,2013,Yes,No,Daylight,Straight - Grade,Local Street,Dry,"Two-Way, Not Divided",None,"Driveway, Private",Coarse Asphalt,2 lanes,"36.0519971226, -79.059202751"
1543,Morrisville,Wake,Piedmont,Commercial,Urban (>70% Developed),SR 1002,Urban,40 - 45  MPH,Stop And Go Signal,Clear,No,41,40-49,No,NA,With Traffic,B: Evident Injury,Travel Lane,White,Male,50,50-59,No,NA,41-45 mph,O: No Injury,Black,Male,Single Unit Truck (3 Or More Axles),No,26SEP2013,Thursday,Bicyclist Failed to Yield - Signalized Intersection,7,Intersection,September,B: Evident Injury,07:25:00,Bicyclist Ride Through - Signalized Intersection,2013,Yes,No,Daylight,Straight - Level,State Secondary Route,Dry,"Two-Way, Not Divided",None,T-Intersection,Smooth Asphalt,2 lanes,"35.8330570852, -78.8145026651"
1545,Charlotte,Mecklenburg,Piedmont,Residential,Urban (>70% Developed),QUAIL HOLLOW RD,Urban,30 - 35  MPH,No Control Present,Cloudy,No,44,40-49,No,NA,With Traffic,B: Evident Injury,Travel Lane,White,Male,16,0-19,No,NA,21-25 mph,O: No Injury,White,Female,Passenger Car,No,10OCT2013,Thursday,Motorist Right Turn / Merge,16,Intersection,October,B: Evident Injury,16:11:00,Motorist Right Turn - Same Direction,2013,Yes,No,Daylight,Straight - Level,Local Street,Dry,"Two-Way, Not Divided",None,No Special Feature,Smooth Asphalt,4 lanes,"35.125276861, -80.833303234"
1567,None - Rural Crash,Onslow,Coastal,Commercial,Mixed (30% To 70% Developed),US 258,Rural,40 - 45  MPH,No Control Present,Rain,No,56,50-59,No,NA,With Traffic,B: Evident Injury,Travel Lane,Black,Male,23,20-24,No,NA,0-5 mph,O: No Injury,White,Female,Sport Utility,No,18OCT2013,Friday,Motorist Left Turn / Merge,19,Non-Intersection,October,B: Evident Injury,19:37:00,Motorist Left Turn - Opposite Direction,2013,Yes,No,Dark - Roadway Not Lighted,Curve - Level,US Route,Wet,"Two-Way, Not Divided",None,"Driveway, Public",Smooth Asphalt,5 lanes,"34.7556468968, -77.4749022036"
1582,None - Rural Crash,Catawba,Piedmont,Residential,Rural (<30% Developed),SR 1511,Rural,40 - 45  MPH,"Double Yellow Line, No Passing Zone",Cloudy,No,32,30-39,No,NA,With Traffic,B: Evident Injury,Travel Lane,White,Male,NA,NA,No,NA,21-25 mph,Unknown Injury,Unknown/Missing,NA,Passenger Car,No,22OCT2013,Tuesday,Motorist Overtaking Bicyclist,6,Non-Intersection,October,B: Evident Injury,06:40:00,Motorist Overtaking - Other / Unknown,2013,Yes,Yes,Dark - Roadway Not Lighted,Straight - Level,State Secondary Route,Dry,"Two-Way, Not Divided",None,No Special Feature,Smooth Asphalt,2 lanes,"35.785666986, -81.2291033884"
1589,Raleigh,Wake,Piedmont,Industrial,Rural (<30% Developed),N RALEIGH BLVD,Urban,40 - 45  MPH,No Control Present,Cloudy,No,56,50-59,No,NA,With Traffic,B: Evident Injury,Travel Lane,Black,Male,NA,NA,Missing,NA,41-45 mph,Unknown Injury,Unknown/Missing,NA,NA,No,13OCT2013,Sunday,Motorist Overtaking Bicyclist,7,Non-Intersection,October,B: Evident Injury,07:26:00,Motorist Overtaking - Other / Unknown,2013,Yes,Yes,Dark - Lighted Roadway,Straight - Level,Local Street,Dry,"Two-Way, Not Divided",None,No Special Feature,Smooth Asphalt,4 lanes,"35.8081970865, -78.6033025994"
1600,Charlotte,Mecklenburg,Piedmont,Commercial,Urban (>70% Developed),ROZZELLES FERRY ROAD,Urban,40 - 45  MPH,No Control Present,Clear,No,52,50-59,No,NA,With Traffic,C: Possible Injury,Travel Lane,Black,Male,65,60-69,No,NA,41-45 mph,O: No Injury,White,Male,Passenger Car,No,04NOV2013,Monday,Motorist Overtaking Bicyclist,5,Intersection,November,C: Possible Injury,05:07:00,Motorist Overtaking - Undetected Bicyclist,2013,Yes,No,Dark - Lighted Roadway,Straight - Level,Local Street,Dry,"Two-Way, Not Divided",None,No Special Feature,Smooth Asphalt,2 lanes,"35.2777968914, -80.8981032606"
1610,Charlotte,Mecklenburg,Piedmont,Commercial,Urban (>70% Developed),STATESVILLE AV,Urban,30 - 35  MPH,Stop And Go Signal,Clear,No,43,40-49,No,NA,With Traffic,C: Possible Injury,Sidewalk / Crosswalk / Driveway Crossing,Black,Male,42,40-49,No,NA,31-35 mph,O: No Injury,White,Male,Van,No,10NOV2013,Sunday,Motorist Left Turn / Merge,18,Intersection,November,C: Possible Injury,18:18:00,Motorist Left Turn - Opposite Direction,2013,Yes,No,Dark - Lighted Roadway,Straight - Level,Local Street,Dry,"Two-Way, Divided, Positive Median Barrier",None,No Special Feature,Smooth Asphalt,2 lanes,"35.2612668893, -80.8367032422"
1614,Mooresville,Iredell,Piedmont,Residential,Rural (<30% Developed),BLUEFIELD RD,Urban,40 - 45  MPH,No Control Present,Cloudy,No,44,40-49,No,NA,With Traffic,C: Possible Injury,Travel Lane,White,Male,21,20-24,No,NA,41-45 mph,O: No Injury,White,Female,Passenger Car,No,14OCT2013,Monday,Motorist Overtaking Bicyclist,12,Non-Intersection,October,C: Possible Injury,12:50:00,Motorist Overtaking - Undetected Bicyclist,2013,Yes,No,Daylight,Straight - Grade,Local Street,Dry,"Two-Way, Not Divided",None,No Special Feature,Coarse Asphalt,2 lanes,"35.604296962, -80.8629032683"
1615,Raleigh,Wake,Piedmont,Residential,Urban (>70% Developed),BENTONVILLE CT,Urban,20 - 25  MPH,No Control Present,Clear,No,8,6-10,No,NA,With Traffic,O: No Injury,Travel Lane,Black,Male,NA,NA,Missing,NA,0-5 mph,Unknown Injury,Unknown/Missing,NA,Sport Utility,No,26OCT2013,Saturday,Loss of Control / Turning Error,16,Non-Intersection,October,O: No Injury,16:40:00,Bicyclist Lost Control - Surface Conditions,2013,No,No,Daylight,Straight - Level,Local Street,Dry,"Two-Way, Not Divided",Road Surface Condition,No Special Feature,Smooth Asphalt,2 lanes,"35.7277070721, -78.5340025738"
1619,Dobson,Surry,Mountains,Institutional,Urban (>70% Developed),COLLEGE CIR,Rural,5 - 15 MPH,Stop Sign,Clear,No,18,16-19,No,NA,Facing Traffic,Unknown Injury,Sidewalk / Crosswalk / Driveway Crossing,White,Female,19,0-19,No,NA,0-5 mph,O: No Injury,White,Female,Passenger Car,No,15OCT2013,Tuesday,Motorist Failed to Yield - Sign-Controlled Intersection,10,Intersection,October,O: No Injury,10:55:00,Motorist Drive Out - Sign-Controlled Intersection,2013,No,No,Daylight,Straight - Level,Local Street,Dry,"Two-Way, Divided, Unprotected Median",None,T-Intersection,Smooth Asphalt,2 lanes,"36.3848671318, -80.7154032687"
1623,Durham,Durham,Piedmont,Residential,Urban (>70% Developed),DUKE UNIVERSITY RD,Urban,30 - 35  MPH,No Control Present,Clear,No,28,25-29,No,NA,With Traffic,B: Evident Injury,Bike Lane / Paved Shoulder,White,Female,35,30-39,No,NA,31-35 mph,O: No Injury,White,Male,Pickup,No,05NOV2013,Tuesday,Motorist Right Turn / Merge,10,Intersection,November,B: Evident Injury,10:15:00,Motorist Right Turn - Same Direction,2013,Yes,No,Daylight,Straight - Level,Local Street,Dry,"Two-Way, Not Divided",None,No Special Feature,Smooth Asphalt,4 lanes,"35.9972271162, -78.9243027069"
1633,Murfreesboro,Hertford,Coastal,Residential,Urban (>70% Developed),UNION ST,Rural,30 - 35  MPH,Stop And Go Signal,Clear,No,60,60-69,No,NA,Facing Traffic,C: Possible Injury,Travel Lane,Black,Female,70+,70+,No,NA,6-10 mph,O: No Injury,White,Female,Passenger Car,No,21OCT2013,Monday,Bicyclist Failed to Yield - Signalized Intersection,21,Intersection,October,C: Possible Injury,21:26:00,Bicyclist Failed to Clear - Unknown,2013,Yes,No,Dark - Lighted Roadway,Straight - Level,Local Street,Dry,"Two-Way, Not Divided",None,Four-Way Intersection,Coarse Asphalt,2 lanes,"36.4403772747, -77.0981021741"
1640,Concord,Cabarrus,Piedmont,Commercial,Mixed (30% To 70% Developed),WILSHIRE AVE,Urban,30 - 35  MPH,Stop Sign,Clear,No,22,20-24,No,NA,With Traffic,A: Disabling Injury,Travel Lane,White,Male,58,50-59,No,NA,31-35 mph,O: No Injury,White,Male,Pickup,No,29OCT2013,Tuesday,Bicyclist Failed to Yield - Sign-Controlled Intersection,18,Intersection,October,A: Disabling Injury,18:09:00,Bicyclist Ride Through - Sign-Controlled Intersection,2013,Yes,No,Dusk,Straight - Grade,Local Street,Dry,"Two-Way, Divided, Unprotected Median",None,Four-Way Intersection,Smooth Asphalt,2 lanes,"35.3841669251, -80.5819031722"
1643,New Bern,Craven,Coastal,Residential,Urban (>70% Developed),TRENT BLVD,Urban,30 - 35  MPH,No Control Present,Clear,No,50,50-59,No,NA,With Traffic,B: Evident Injury,Travel Lane,White,Male,34,30-39,No,NA,31-35 mph,O: No Injury,Black,Female,Sport Utility,No,08SEP2013,Sunday,Motorist Right Turn / Merge,13,Intersection,September,B: Evident Injury,13:40:00,Motorist Right Turn - Same Direction,2013,No,No,Daylight,Straight - Level,Local Street,Dry,"Two-Way, Not Divided",None,T-Intersection,Concrete,2 lanes,"35.1066769877, -77.0584020944"
1645,None - Rural Crash,New Hanover,Coastal,Commercial,Urban (>70% Developed),US 17,Rural,40 - 45  MPH,No Control Present,Clear,No,55,50-59,No,NA,With Traffic,B: Evident Injury,Travel Lane,White,Female,40,40-49,No,NA,16-20 mph,O: No Injury,White,Female,Van,No,16NOV2013,Saturday,Motorist Left Turn / Merge,20,Intersection,November,B: Evident Injury,20:38:00,Motorist Left Turn - Opposite Direction,2013,Yes,No,Daylight,Straight - Level,US Route,Dry,"Two-Way, Not Divided",None,T-Intersection,Coarse Asphalt,5 lanes,"34.2695167779, -77.8219022862"
1646,High Point,Guilford,Piedmont,Commercial,Urban (>70% Developed),N MAIN ST,Urban,30 - 35  MPH,No Control Present,Clear,No,49,40-49,No,NA,Facing Traffic,C: Possible Injury,Travel Lane,White,Male,55,50-59,No,NA,11-15 mph,O: No Injury,White,Male,Sport Utility,No,25OCT2013,Friday,Motorist Failed to Yield - Midblock,16,Non-Intersection,October,C: Possible Injury,16:28:00,Motorist Drive Out - Commercial Driveway / Alley,2013,Yes,No,Daylight,Straight - Level,Local Street,Dry,"Two-Way, Not Divided",None,No Special Feature,Smooth Asphalt,4 lanes,"35.9871470739, -80.025703039"
1654,Raleigh,Wake,Piedmont,Commercial,Urban (>70% Developed),PVA 2008 NEW BERN AVE,Urban,NA,No Control Present,Clear,No,44,40-49,No,NA,Not Applicable,C: Possible Injury,Non-Roadway,Black,Male,44,40-49,No,NA,0-5 mph,O: No Injury,Black,Male,Passenger Car,No,25NOV2013,Monday,Non-Roadway,15,Non-Roadway,November,C: Possible Injury,15:47:00,Non-Roadway,2013,No,No,Daylight,Straight - Level,Public Vehicular Area,Dry,"Two-Way, Not Divided",None,"Driveway, Public",Coarse Asphalt,NA,"35.7793370809, -78.6074025995"
1655,High Point,Guilford,Piedmont,Residential,Urban (>70% Developed),BRENTWOOD ST,Urban,30 - 35  MPH,No Control Present,Clear,No,12,11-15,No,NA,With Traffic,B: Evident Injury,Travel Lane,Black,Male,50,50-59,No,NA,31-35 mph,O: No Injury,Black,Female,Passenger Car,No,29OCT2013,Tuesday,Bicyclist Left Turn / Merge,19,Non-Intersection,October,B: Evident Injury,19:06:00,Bicyclist Left Turn - Same Direction,2013,Yes,No,Dark - Lighted Roadway,Straight - Level,Local Street,Dry,"Two-Way, Not Divided",None,No Special Feature,Coarse Asphalt,4 lanes,"35.949297067, -79.9799030233"
1658,Kinston,Lenoir,Coastal,Commercial,Urban (>70% Developed),US 70,Urban,30 - 35  MPH,No Control Present,Clear,No,53,50-59,Yes,NA,With Traffic,B: Evident Injury,Bike Lane / Paved Shoulder,Black,Male,63,60-69,Yes,NA,31-35 mph,O: No Injury,Black,Male,Passenger Car,Yes,30NOV2013,Saturday,Motorist Overtaking Bicyclist,16,Non-Intersection,November,B: Evident Injury,16:20:00,Motorist Overtaking - Bicyclist Swerved,2013,Yes,No,Daylight,Straight - Level,US Route,Dry,"Two-Way, Divided, Unprotected Median",None,No Special Feature,Coarse Asphalt,5 lanes,"35.2508070021, -77.5814022603"
1661,Shallotte,Brunswick,Coastal,Commercial,Urban (>70% Developed),MAIN ST,Rural,30 - 35  MPH,No Control Present,Clear,No,49,40-49,No,NA,With Traffic,C: Possible Injury,Travel Lane,White,Male,64,60-69,No,NA,0-5 mph,O: No Injury,Black,Female,Passenger Car,No,17SEP2013,Tuesday,Motorist Failed to Yield - Sign-Controlled Intersection,19,Intersection,September,C: Possible Injury,19:59:00,Motorist Drive Out - Sign-Controlled Intersection,2013,Yes,No,Dark - Lighted Roadway,Straight - Level,Local Street,Dry,"Two-Way, Not Divided",None,No Special Feature,Coarse Asphalt,2 lanes,"33.9714466935, -78.3878024425"
1664,Greenville,Pitt,Coastal,Commercial,Urban (>70% Developed),COTANCHE ST,Urban,30 - 35  MPH,No Control Present,Clear,No,22,20-24,No,NA,Facing Traffic,C: Possible Injury,Sidewalk / Crosswalk / Driveway Crossing,White,Female,22,20-24,No,NA,0-5 mph,O: No Injury,Black,Female,Passenger Car,No,13NOV2013,Wednesday,Motorist Failed to Yield - Midblock,16,Non-Intersection,November,C: Possible Injury,16:24:00,Motorist Drive Out - Commercial Driveway / Alley,2013,Yes,No,Daylight,Straight - Level,Local Street,Dry,"Two-Way, Not Divided",None,No Special Feature,Coarse Asphalt,3 lanes,"35.6061070863, -77.3723022143"
1677,Winston-Salem,Forsyth,Piedmont,Commercial,Urban (>70% Developed),MARSHALL ST,Urban,30 - 35  MPH,No Control Present,Clear,No,16,16-19,No,NA,Facing Traffic,C: Possible Injury,Sidewalk / Crosswalk / Driveway Crossing,Black,Male,NA,NA,Missing,NA,0-5 mph,Unknown Injury,Unknown/Missing,NA,NA,No,06NOV2013,Wednesday,Motorist Failed to Yield - Midblock,17,Non-Intersection,November,C: Possible Injury,17:50:00,Motorist Drive Out - Commercial Driveway / Alley,2013,Yes,Yes,Daylight,Straight - Level,Local Street,Dry,"Two-Way, Not Divided",None,"Driveway, Private",Concrete,2 lanes,"36.0823770856, -80.2430031101"
1678,Raleigh,Wake,Piedmont,Residential,Urban (>70% Developed),CROSS LINK RD,Urban,30 - 35  MPH,Stop And Go Signal,Cloudy,No,18,16-19,No,NA,With Traffic,C: Possible Injury,Travel Lane,Black,Male,42,40-49,No,NA,0-5 mph,O: No Injury,Hispanic,Female,Passenger Car,No,08DEC2013,Sunday,Bicyclist Failed to Yield - Signalized Intersection,11,Intersection,December,C: Possible Injury,11:57:00,Bicyclist Failed to Clear - Trapped,2013,Yes,No,Daylight,Straight - Level,Local Street,Wet,"Two-Way, Not Divided",None,Four-Way Intersection,Smooth Asphalt,3 lanes,"35.7404970718, -78.6305026046"
1681,Asheville,Buncombe,Mountains,Commercial,Urban (>70% Developed),BARTLETT,Urban,20 - 25  MPH,No Control Present,Clear,No,26,25-29,No,NA,NA,C: Possible Injury,NA,White,Male,53,50-59,No,NA,21-25 mph,O: No Injury,Black,Male,Passenger Car,No,01NOV2013,Friday,Other / Unusual Circumstances,23,Intersection-Related,November,C: Possible Injury,23:03:00,Motorist Intentionally Caused,2013,Yes,No,Dark - Lighted Roadway,Straight - Hillcrest,Local Street,Dry,"Two-Way, Not Divided",None,No Special Feature,Smooth Asphalt,2 lanes,"35.5811768928, -82.5641037719"