object_id,city,county,region,development,locality,on_road,rural_urban,speed_limit,traffic_control,weather,workzone,bike_age,bike_age_group,bike_alcohol,bike_alcohol_drugs,bike_direction,bike_injury,bike_position,bike_race,bike_sex,driver_age,driver_age_group,driver_alcohol,driver_alcohol_drugs,driver_est_speed,driver_injury,driver_race,driver_sex,driver_vehicle_type,crash_alcohol,crash_date,crash_day,crash_group,crash_hour,crash_location,crash_month,crash_severity,crash_time,crash_type,crash_year,ambulance_req,hit_run,light_condition,road_character,road_class,road_condition,road_configuration,road_defects,road_feature,road_surface,num_lanes,geo_point
1684,Gastonia,Gaston,Piedmont,Residential,Urban (>70% Developed),2706 CRESCENT LANE,Urban,30 - 35  MPH,No Control Present,Clear,No,53,50-59,No,NA,With Traffic,B: Evident Injury,Travel Lane,Black,Male,37,30-39,No,NA,26-30 mph,O: No Injury,White,Female,Sport Utility,No,18NOV2013,Monday,Motorist Overtaking Bicyclist,17,Intersection-Related,November,B: Evident Injury,17:30:00,Motorist Overtaking - Bicyclist Swerved,2013,Yes,No,Dark - Lighted Roadway,Straight - Grade,Local Street,Dry,"Two-Way, Not Divided",None,No Special Feature,Coarse Asphalt,2 lanes,"35.266726876, -81.2308033593"
1689,Concord,Cabarrus,Piedmont,Residential,Urban (>70% Developed),BRIDGEFORD DR,Urban,20 - 25  MPH,Stop Sign,Cloudy,No,11,11-15,No,NA,With Traffic,C: Possible Injury,Sidewalk / Crosswalk / Driveway Crossing,White,Male,41,40-49,No,NA,0-5 mph,O: No Injury,White,Male,Passenger Car,No,16NOV2013,Saturday,Bicyclist Failed to Yield - Sign-Controlled Intersection,14,Intersection,November,C: Possible Injury,14:31:00,Bicyclist Ride Out - Sign-Controlled Intersection,2013,No,No,Daylight,Straight - Level,Local Street,Dry,"Two-Way, Not Divided",None,Four-Way Intersection,Coarse Asphalt,4 lanes,"35.4232369271, -80.7496032252"
1696,Cary,Wake,Piedmont,Commercial,Urban (>70% Developed),NE MAYNARD RD,Urban,30 - 35  MPH,Flashing Stop And Go Signal,Clear,No,44,40-49,No,NA,With Traffic,C: Possible Injury,Travel Lane,White,Male,70+,70+,No,NA,6-10 mph,O: No Injury,White,Female,Passenger Car,No,10NOV2013,Sunday,Bicyclist Failed to Yield - Signalized Intersection,16,Intersection,November,C: Possible Injury,16:22:00,Bicyclist Ride Through - Signalized Intersection,2013,Yes,No,Daylight,Straight - Level,State Secondary Route,Dry,"Two-Way, Not Divided",None,Related To Intersection,Coarse Asphalt,4 lanes,"35.8014570795, -78.7677026495"
1701,Lumberton,Robeson,Coastal,Commercial,Urban (>70% Developed),ROBERTS AVE,Urban,30 - 35  MPH,No Control Present,"Fog, Smog, Smoke",No,52,50-59,Yes,NA,With Traffic,C: Possible Injury,Travel Lane,Black,Male,31,30-39,No,NA,31-35 mph,O: No Injury,Native American,Female,Passenger Car,Yes,16NOV2013,Saturday,Bicyclist Failed to Yield - Sign-Controlled Intersection,23,Intersection,November,C: Possible Injury,23:05:00,Bicyclist Ride Through - Sign-Controlled Intersection,2013,Yes,No,Dark - Lighted Roadway,Straight - Level,Local Street,Dry,"Two-Way, Not Divided",None,No Special Feature,Coarse Asphalt,5 lanes,"34.610856815, -78.9805026521"
1704,Durham,Durham,Piedmont,Commercial,Urban (>70% Developed),PVA 1058 W CLUB BLVD,Urban,30 - 35  MPH,Stop And Go Signal,Clear,No,25,25-29,No,NA,Facing Traffic,O: No Injury,Sidewalk / Crosswalk / Driveway Crossing,Hispanic,Male,NA,NA,No,NA,16-20 mph,Unknown Injury,Unknown/Missing,NA,Pickup,No,18DEC2013,Wednesday,Motorist Failed to Yield - Signalized Intersection,8,Intersection,December,C: Possible Injury,08:49:00,Motorist Drive Out - Right Turn on Red,2013,No,Yes,Daylight,Straight - Level,Public Vehicular Area,Dry,"Two-Way, Not Divided",None,"Driveway, Public",Coarse Asphalt,2 lanes,"36.0183871206, -78.9123027044"
1709,Wilson,Wilson,Coastal,Residential,Urban (>70% Developed),WARD BLVD,Urban,40 - 45  MPH,Stop And Go Signal,Clear,No,26,25-29,No,NA,With Traffic,C: Possible Injury,Travel Lane,Other,Male,61,60-69,No,NA,31-35 mph,O: No Injury,White,Male,Sport Utility,No,07NOV2013,Thursday,Bicyclist Failed to Yield - Signalized Intersection,10,Intersection,November,C: Possible Injury,10:13:00,Bicyclist Failed to Clear - Multiple Threat,2013,Yes,No,Daylight,Straight - Level,Local Street,Dry,"Two-Way, Not Divided",None,Four-Way Intersection,Coarse Asphalt,4 lanes,"35.755017099, -77.9254023906"
1717,Clinton,Sampson,Coastal,Commercial,Urban (>70% Developed),PVA BP EXPRESS MARKET,Urban,5 - 15 MPH,No Control Present,Cloudy,No,70+,70+,No,NA,Not Applicable,C: Possible Injury,Non-Roadway,Black,Male,65,60-69,No,NA,0-5 mph,O: No Injury,Black,Female,Passenger Car,No,18NOV2013,Monday,Non-Roadway,7,Non-Roadway,November,C: Possible Injury,07:50:00,Non-Roadway,2013,Yes,No,Daylight,Straight - Level,Public Vehicular Area,Wet,"Two-Way, Not Divided",None,No Special Feature,Coarse Asphalt,2 lanes,"35.0058969234, -78.3119024703"
1726,Four Oaks,Johnston,Coastal,Residential,Mixed (30% To 70% Developed),US 301,Rural,30 - 35  MPH,No Control Present,Clear,No,58,50-59,No,NA,With Traffic,B: Evident Injury,Travel Lane,Hispanic,Male,70+,70+,No,NA,31-35 mph,O: No Injury,White,Male,Pickup,No,06DEC2013,Friday,Motorist Overtaking Bicyclist,6,Intersection,December,B: Evident Injury,06:50:00,Motorist Overtaking - Other / Unknown,2013,Yes,No,Daylight,Straight - Level,US Route,Dry,"Two-Way, Divided, Unprotected Median",None,No Special Feature,Coarse Asphalt,3 lanes,"35.464977021, -78.3879025167"
1732,Pittsboro,Chatham,Piedmont,Commercial,Mixed (30% To 70% Developed),PVA PIGGLY WIGGLY,Rural,NA,Stop Sign,Clear,No,12,11-15,No,NA,Facing Traffic,B: Evident Injury,Sidewalk / Crosswalk / Driveway Crossing,White,Male,62,60-69,No,NA,NA,O: No Injury,Black,Female,Passenger Car,No,11DEC2013,Wednesday,Motorist Failed to Yield - Midblock,16,Non-Intersection,December,B: Evident Injury,16:02:00,Motorist Drive Out - Commercial Driveway / Alley,2013,Yes,No,Daylight,Straight - Grade,Public Vehicular Area,Dry,"Two-Way, Not Divided",None,T-Intersection,Smooth Asphalt,3 lanes,"35.7199870483, -79.1706027663"
1734,Wilmington,New Hanover,Coastal,Residential,Urban (>70% Developed),N 21ST ST,Urban,20 - 25  MPH,Stop Sign,Clear,No,26,25-29,Yes,NA,Facing Traffic,C: Possible Injury,Travel Lane,Black,Male,NA,NA,Missing,NA,6-10 mph,Unknown Injury,Unknown/Missing,NA,NA,Yes,22DEC2013,Sunday,Motorist Failed to Yield - Sign-Controlled Intersection,18,Intersection,December,C: Possible Injury,18:56:00,Motorist Drive Out - Sign-Controlled Intersection,2013,No,Yes,Dark - Lighted Roadway,Straight - Level,Local Street,Dry,"Two-Way, Divided, Unprotected Median",None,No Special Feature,Coarse Asphalt,2 lanes,"34.2375267676, -77.9217023141"
1738,Wilmington,New Hanover,Coastal,Commercial,Urban (>70% Developed),MARKET ST,Urban,5 - 15 MPH,Stop And Go Signal,Clear,No,34,30-39,No,NA,Facing Traffic,C: Possible Injury,Sidewalk / Crosswalk / Driveway Crossing,Black,Male,47,40-49,Yes,NA,6-10 mph,O: No Injury,White,Male,Pickup,Yes,13DEC2013,Friday,Motorist Failed to Yield - Midblock,0,Non-Intersection,December,C: Possible Injury,00:17:00,Motorist Drive Out - Commercial Driveway / Alley,2013,No,No,Dark - Lighted Roadway,Straight - Level,Local Street,Dry,"Two-Way, Not Divided",None,No Special Feature,Smooth Asphalt,5 lanes,"34.2422267691, -77.8921023063"
1739,Concord,Cabarrus,Piedmont,Residential,Mixed (30% To 70% Developed),CROWELL AE,Urban,30 - 35  MPH,Stop Sign,Rain,No,41,40-49,No,NA,Facing Traffic,C: Possible Injury,Travel Lane,White,Male,68,60-69,No,NA,11-15 mph,O: No Injury,Black,Female,Passenger Car,No,14DEC2013,Saturday,Motorist Failed to Yield - Sign-Controlled Intersection,18,Intersection-Related,December,C: Possible Injury,18:02:00,Motorist Drive Out - Sign-Controlled Intersection,2013,No,No,Dark - Lighted Roadway,Straight - Grade,Local Street,Wet,"Two-Way, Not Divided",None,T-Intersection,Smooth Asphalt,2 lanes,"35.4067169303, -80.5868031747"
1743,Rockingham,Richmond,Piedmont,Residential,Urban (>70% Developed),RICHMOND ROAD,Urban,30 - 35  MPH,"Double Yellow Line, No Passing Zone",Cloudy,No,41,40-49,No,NA,With Traffic,B: Evident Injury,Travel Lane,White,Male,70+,70+,No,NA,31-35 mph,O: No Injury,White,Male,Pickup,No,31DEC2013,Tuesday,Motorist Overtaking Bicyclist,15,Intersection-Related,December,B: Evident Injury,15:19:00,Motorist Overtaking - Misjudged Space,2013,No,No,Daylight,Straight - Level,Local Street,Dry,"Two-Way, Not Divided",None,No Special Feature,Coarse Asphalt,2 lanes,"34.9591468636, -79.7481029007"
1747,Greenville,Pitt,Coastal,Residential,Urban (>70% Developed),W 3RD ST,Urban,30 - 35  MPH,Stop Sign,Clear,No,16,16-19,No,NA,With Traffic,B: Evident Injury,Travel Lane,Black,Male,45,40-49,No,NA,31-35 mph,O: No Injury,Black,Female,Passenger Car,No,18AUG2013,Sunday,Bicyclist Failed to Yield - Sign-Controlled Intersection,15,Intersection,August,B: Evident Injury,15:28:00,Bicyclist Ride Through - Sign-Controlled Intersection,2013,Yes,No,Daylight,Straight - Level,Local Street,Dry,"Two-Way, Not Divided",None,No Special Feature,Grooved Concrete,2 lanes,"35.615837087, -77.3899022208"
1749,Charlotte,Mecklenburg,Piedmont,Commercial,Urban (>70% Developed),NA,Urban,30 - 35  MPH,No Control Present,Clear,No,23,20-24,No,NA,With Traffic,O: No Injury,Travel Lane,White,Male,34,30-39,No,NA,6-10 mph,O: No Injury,Black,Male,Sport Utility,No,07JAN2012,Saturday,Motorist Right Turn / Merge,14,Non-Intersection,January,O: No Injury,14:20:00,Motorist Right Turn - Same Direction,2012,No,No,Daylight,Straight - Level,Local Street,Dry,"Two-Way, Not Divided",None,No Special Feature,Coarse Asphalt,3 lanes,"35.1989668765, -80.8406032393"
1755,Durham,Durham,Piedmont,Residential,Urban (>70% Developed),NA,Urban,30 - 35  MPH,No Control Present,Clear,No,39,30-39,No,NA,With Traffic,B: Evident Injury,Other,Hispanic,Male,25,25-29,No,NA,16-20 mph,O: No Injury,Black,Male,Passenger Car,No,10JAN2012,Tuesday,Motorist Left Turn / Merge,10,Intersection,January,B: Evident Injury,10:42:00,Motorist Left Turn - Opposite Direction,2012,Yes,No,Daylight,Straight - Level,Local Street,Dry,"Two-Way, Not Divided",None,No Special Feature,Smooth Asphalt,2 lanes,"36.0123971203, -78.8867026966"
1760,Wilson,Wilson,Coastal,Residential,Urban (>70% Developed),NA,Urban,30 - 35  MPH,Stop Sign,Clear,No,52,50-59,Yes,NA,With Traffic,O: No Injury,Travel Lane,Black,Male,25,25-29,No,NA,21-25 mph,O: No Injury,Black,Female,Police,Yes,12JAN2012,Thursday,Bicyclist Failed to Yield - Sign-Controlled Intersection,18,Intersection,January,O: No Injury,18:16:00,Bicyclist Ride Through - Sign-Controlled Intersection,2012,No,No,Dark - Lighted Roadway,Straight - Level,Local Street,Dry,"Two-Way, Not Divided",None,T-Intersection,Smooth Asphalt,2 lanes,"35.7336970953, -77.9126023857"
1761,Durham,Durham,Piedmont,Commercial,Urban (>70% Developed),NA,Urban,30 - 35  MPH,Stop And Go Signal,Clear,No,23,20-24,No,NA,With Traffic,B: Evident Injury,Travel Lane,White,Male,30,30-39,No,NA,21-25 mph,O: No Injury,Black,Male,Sport Utility,No,19JAN2012,Thursday,Bicyclist Left Turn / Merge,8,Intersection,January,B: Evident Injury,08:29:00,Bicyclist Left Turn - Opposite Direction,2012,Yes,No,Daylight,Straight - Level,Local Street,Dry,"Two-Way, Not Divided",None,Four-Way Intersection,Smooth Asphalt,2 lanes,"36.0081171183, -78.9293027096"
1763,Harrisburg,Cabarrus,Piedmont,Residential,Urban (>70% Developed),NA,Urban,30 - 35  MPH,Stop Sign,Clear,No,NA,NA,No,NA,With Traffic,Unknown Injury,Travel Lane,Unknown/Missing,NA,NA,NA,Missing,NA,31-35 mph,Unknown Injury,Unknown/Missing,NA,NA,No,06JAN2012,Friday,Motorist Overtaking Bicyclist,18,Intersection,January,Unknown Injury,18:51:00,Motorist Overtaking - Other / Unknown,2012,No,Yes,Dark - Lighted Roadway,Straight - Level,Local Street,Dry,"Two-Way, Not Divided",None,No Special Feature,Smooth Asphalt,3 lanes,"35.3324669117, -80.6451031888"
1764,Boone,Watauga,Mountains,Residential,Urban (>70% Developed),NA,Urban,30 - 35  MPH,No Control Present,Clear,No,20,20-24,No,NA,With Traffic,B: Evident Injury,Travel Lane,White,Male,56,50-59,No,NA,6-10 mph,O: No Injury,White,Male,Pickup,No,24JAN2012,Tuesday,Motorist Left Turn / Merge,14,Non-Intersection,January,B: Evident Injury,14:30:00,Motorist Left Turn - Opposite Direction,2012,Yes,No,Daylight,Curve - Grade,Public Vehicular Area,Dry,"Two-Way, Not Divided",None,"Driveway, Public",Coarse Asphalt,2 lanes,"36.2147770582, -81.6888035495"
1765,Greensboro,Guilford,Piedmont,Commercial,Urban (>70% Developed),NA,Urban,30 - 35  MPH,Stop And Go Signal,Clear,No,49,40-49,Yes,NA,With Traffic,C: Possible Injury,Travel Lane,White,Male,37,30-39,No,NA,11-15 mph,O: No Injury,White,Male,Pickup,Yes,06JAN2012,Friday,Motorist Left Turn / Merge,19,Intersection,January,C: Possible Injury,19:30:00,Motorist Left Turn - Opposite Direction,2012,Yes,No,Dark - Lighted Roadway,Straight - Level,Local Street,Dry,"Two-Way, Divided, Positive Median Barrier",None,No Special Feature,Smooth Asphalt,6 lanes,"36.1127271102, -79.753702964"
1768,Patterson Springs,Cleveland,Mountains,Residential,Mixed (30% To 70% Developed),NA,Rural,40 - 45  MPH,"Double Yellow Line, No Passing Zone",Clear,No,15,11-15,No,NA,With Traffic,B: Evident Injury,Travel Lane,White,Male,70+,70+,No,NA,41-45 mph,O: No Injury,White,Female,Passenger Car,No,27JAN2012,Friday,Bicyclist Left Turn / Merge,16,Intersection,January,B: Evident Injury,16:05:00,Bicyclist Left Turn - Opposite Direction,2012,Yes,No,Daylight,Straight - Level,NC Route,Dry,"Two-Way, Not Divided",None,T-Intersection,Smooth Asphalt,2 lanes,"35.2261668567, -81.5260034455"
1769,Charlotte,Mecklenburg,Piedmont,Commercial,Urban (>70% Developed),NA,Urban,30 - 35  MPH,Stop And Go Signal,Clear,No,48,40-49,Yes,NA,With Traffic,B: Evident Injury,Sidewalk / Crosswalk / Driveway Crossing,Black,Male,41,40-49,No,NA,0-5 mph,O: No Injury,Black,Female,Passenger Car,Yes,26JAN2012,Thursday,Motorist Left Turn / Merge,18,Intersection,January,B: Evident Injury,18:12:00,Motorist Left Turn - Opposite Direction,2012,No,No,Dark - Lighted Roadway,Straight - Level,Local Street,Dry,"Two-Way, Not Divided",None,No Special Feature,Smooth Asphalt,3 lanes,"35.2612268898, -80.8368032424"
1772,Morrisville,Wake,Piedmont,Residential,Urban (>70% Developed),NA,Urban,30 - 35  MPH,Stop Sign,Clear,No,33,30-39,No,NA,With Traffic,C: Possible Injury,Travel Lane,White,Male,26,25-29,No,NA,16-20 mph,O: No Injury,Other,Female,Passenger Car,No,01FEB2012,Wednesday,Motorist Failed to Yield - Sign-Controlled Intersection,12,Intersection,February,C: Possible Injury,12:44:00,Motorist Drive Out - Sign-Controlled Intersection,2012,Yes,No,Daylight,Straight - Level,Local Street,Dry,"One-Way, Not Divided",None,Four-Way Intersection,Smooth Asphalt,4 lanes,"35.832587084, -78.8388026719"
1791,Charlotte,Mecklenburg,Piedmont,Commercial,Urban (>70% Developed),NA,Urban,30 - 35  MPH,No Control Present,Clear,No,42,40-49,No,NA,Facing Traffic,C: Possible Injury,Sidewalk / Crosswalk / Driveway Crossing,Black,Male,65,60-69,No,NA,0-5 mph,O: No Injury,White,Male,Pickup,No,15FEB2012,Wednesday,Backing Vehicle,12,Non-Intersection,February,C: Possible Injury,12:19:00,Backing Vehicle,2012,Yes,No,Daylight,Straight - Grade,Local Street,Dry,"Two-Way, Not Divided",None,No Special Feature,Concrete,4 lanes,"35.2206168823, -80.8146032332"
1811,Wilmington,New Hanover,Coastal,Commercial,Rural (<30% Developed),NA,Urban,30 - 35  MPH,No Control Present,Clear,No,30,30-39,No,NA,With Traffic,C: Possible Injury,Travel Lane,White,Male,44,40-49,No,NA,31-35 mph,O: No Injury,Black,Male,Passenger Car,No,22FEB2012,Wednesday,Motorist Right Turn / Merge,15,Intersection,February,C: Possible Injury,15:30:00,Motorist Right Turn - Same Direction,2012,Yes,No,Daylight,Straight - Level,Local Street,Dry,"Two-Way, Not Divided",None,Four-Way Intersection,Coarse Asphalt,2 lanes,"34.2374867666, -77.9368023193"
1821,Charlotte,Mecklenburg,Piedmont,Commercial,Urban (>70% Developed),NA,Urban,40 - 45  MPH,Stop And Go Signal,Clear,No,57,50-59,No,NA,Facing Traffic,B: Evident Injury,Sidewalk / Crosswalk / Driveway Crossing,White,Male,NA,NA,Missing,NA,0-5 mph,Unknown Injury,Unknown/Missing,NA,NA,No,05MAR2012,Monday,Motorist Right Turn / Merge,16,Intersection,March,B: Evident Injury,16:05:00,Motorist Right Turn - Opposite Direction,2012,No,Yes,Daylight,Straight - Level,Local Street,Dry,"Two-Way, Not Divided",None,No Special Feature,Smooth Asphalt,4 lanes,"35.251936889, -80.810403233"
1830,Greensboro,Guilford,Piedmont,Commercial,Urban (>70% Developed),NA,Urban,30 - 35  MPH,Stop Sign,Clear,No,56,50-59,Yes,NA,Facing Traffic,C: Possible Injury,Sidewalk / Crosswalk / Driveway Crossing,Black,Male,32,30-39,No,NA,0-5 mph,O: No Injury,White,Female,Passenger Car,Yes,21FEB2012,Tuesday,Motorist Failed to Yield - Sign-Controlled Intersection,16,Intersection,February,C: Possible Injury,16:47:00,Motorist Drive Out - Sign-Controlled Intersection,2012,No,No,Daylight,Straight - Hillcrest,Local Street,Dry,"Two-Way, Not Divided",None,T-Intersection,Smooth Asphalt,2 lanes,"36.0638670981, -79.8019029759"
1834,Charlotte,Mecklenburg,Piedmont,Residential,Urban (>70% Developed),NA,Urban,20 - 25  MPH,Stop Sign,Clear,No,15,11-15,No,NA,Facing Traffic,B: Evident Injury,Travel Lane,White,Male,17,0-19,No,NA,0-5 mph,O: No Injury,White,Female,Passenger Car,No,14MAR2012,Wednesday,Motorist Failed to Yield - Sign-Controlled Intersection,18,Intersection,March,B: Evident Injury,18:25:00,Motorist Drive Out - Sign-Controlled Intersection,2012,Yes,No,Daylight,Straight - Level,Local Street,Dry,"Two-Way, Not Divided",None,T-Intersection,Smooth Asphalt,2 lanes,"35.1403268655, -80.8022032253"
1836,Greensboro,Guilford,Piedmont,Institutional,Urban (>70% Developed),NA,Urban,NA,Stop And Go Signal,Clear,No,20,20-24,No,NA,With Traffic,O: No Injury,Sidewalk / Crosswalk / Driveway Crossing,Unknown/Missing,Male,NA,NA,Missing,NA,NA,Unknown Injury,Unknown/Missing,NA,NA,No,23FEB2012,Thursday,Motorist Left Turn / Merge,10,Intersection,February,O: No Injury,10:53:00,Motorist Left Turn - Opposite Direction,2012,No,Yes,Daylight,Straight - Level,Local Street,Dry,"Two-Way, Not Divided",None,No Special Feature,Smooth Asphalt,NA,"36.0664270988, -79.8055029765"
1838,Raleigh,Wake,Piedmont,Commercial,Urban (>70% Developed),NA,Urban,30 - 35  MPH,No Control Present,Clear,No,21,20-24,No,NA,With Traffic,B: Evident Injury,Travel Lane,White,Male,22,20-24,No,NA,6-10 mph,O: No Injury,White,Male,Pickup,No,14MAR2012,Wednesday,Motorist Left Turn / Merge,16,Intersection,March,B: Evident Injury,16:51:00,Motorist Left Turn - Opposite Direction,2012,Yes,No,Daylight,Straight - Hillcrest,NA,Dry,"Two-Way, Not Divided",None,Four-Way Intersection,Smooth Asphalt,2 lanes,"35.7792770777, -78.6871026231"
1839,None - Rural Crash,Wake,Piedmont,Residential,Urban (>70% Developed),NA,Rural,5 - 15 MPH,No Control Present,Clear,No,4,0-5,No,NA,Not Applicable,B: Evident Injury,Bike Lane / Paved Shoulder,Hispanic,Male,55,50-59,No,NA,16-20 mph,O: No Injury,White,Male,Passenger Car,No,15MAR2012,Thursday,Bicyclist Failed to Yield - Midblock,18,Non-Intersection,March,B: Evident Injury,18:05:00,Bicyclist Ride Out - Other Midblock,2012,Yes,No,Daylight,Straight - Grade,Local Street,Dry,"Two-Way, Not Divided",None,No Special Feature,Coarse Asphalt,2 lanes,"35.8430771006, -78.4144025436"
1847,Swansboro,Onslow,Coastal,Commercial,Urban (>70% Developed),NA,Rural,30 - 35  MPH,No Control Present,Clear,No,16,16-19,No,NA,Not Applicable,Unknown Injury,Travel Lane,Unknown/Missing,NA,70+,70+,No,NA,26-30 mph,O: No Injury,White,Female,Passenger Car,No,27FEB2012,Monday,Bicyclist Failed to Yield - Midblock,14,Non-Intersection,February,O: No Injury,14:50:00,Bicyclist Ride Out - Other Midblock,2012,No,No,Daylight,Straight - Level,State Secondary Route,Dry,"Two-Way, Divided, Unprotected Median",None,No Special Feature,Smooth Asphalt,3 lanes,"34.702836895, -77.1553021048"
1859,None - Rural Crash,Guilford,Piedmont,"Farms, Woods, Pastures",Mixed (30% To 70% Developed),NA,Rural,40 - 45  MPH,"Double Yellow Line, No Passing Zone",Clear,No,69,60-69,No,NA,With Traffic,A: Disabling Injury,Travel Lane,White,Male,36,30-39,No,NA,41-45 mph,O: No Injury,White,Male,Pickup,No,19MAR2012,Monday,Motorist Overtaking Bicyclist,18,Non-Intersection,March,A: Disabling Injury,18:30:00,Motorist Overtaking - Other / Unknown,2012,Yes,No,Daylight,Straight - Level,NC Route,Dry,"Two-Way, Not Divided",None,No Special Feature,Coarse Asphalt,2 lanes,"36.2301171354, -79.7554029712"
1883,Raleigh,Wake,Piedmont,Residential,Urban (>70% Developed),NA,Urban,30 - 35  MPH,Stop And Go Signal,Clear,No,14,11-15,No,NA,Facing Traffic,B: Evident Injury,Sidewalk / Crosswalk / Driveway Crossing,Black,Male,NA,NA,Missing,NA,16-20 mph,Unknown Injury,Unknown/Missing,NA,Passenger Car,No,03APR2012,Tuesday,Bicyclist Failed to Yield - Signalized Intersection,15,Intersection,April,B: Evident Injury,15:14:00,Bicyclist Ride Through - Signalized Intersection,2012,Yes,Yes,Daylight,Straight - Level,Local Street,Dry,"Two-Way, Not Divided",None,Related To Intersection,Smooth Asphalt,2 lanes,"35.7840370815, -78.6132026016"
1892,Raleigh,Wake,Piedmont,Commercial,Urban (>70% Developed),NA,Urban,30 - 35  MPH,No Control Present,Clear,No,61,60-69,Yes,NA,Not Applicable,B: Evident Injury,Non-Roadway,Black,Male,36,30-39,No,NA,0-5 mph,O: No Injury,White,Male,Pickup,Yes,07APR2012,Saturday,Non-Roadway,19,Non-Roadway,April,B: Evident Injury,19:02:00,Non-Roadway,2012,Yes,No,Daylight,Straight - Grade,Public Vehicular Area,Dry,"Two-Way, Not Divided",None,No Special Feature,Smooth Asphalt,NA,"35.7885570808, -78.6466026113"
1900,Greensboro,Guilford,Piedmont,Residential,Urban (>70% Developed),NA,Urban,30 - 35  MPH,No Control Present,Clear,No,21,20-24,No,NA,With Traffic,B: Evident Injury,Travel Lane,White,Male,61,60-69,No,NA,16-20 mph,O: No Injury,White,Female,Passenger Car,No,26MAR2012,Monday,Motorist Left Turn / Merge,16,Intersection,March,B: Evident Injury,16:56:00,Motorist Left Turn - Opposite Direction,2012,Yes,No,Daylight,Straight - Level,Local Street,Dry,"Two-Way, Not Divided",None,Four-Way Intersection,Smooth Asphalt,2 lanes,"36.1061271056, -79.8505029928"
1907,Raleigh,Wake,Piedmont,Commercial,Urban (>70% Developed),NA,Urban,40 - 45  MPH,No Control Present,Clear,No,11,11-15,No,NA,Facing Traffic,C: Possible Injury,Travel Lane,Black,Female,64,60-69,No,NA,0-5 mph,O: No Injury,White,Female,Passenger Car,No,09APR2012,Monday,Motorist Left Turn / Merge,20,Intersection,April,C: Possible Injury,20:27:00,Motorist Left Turn - Same Direction,2012,Yes,No,Dark - Roadway Not Lighted,Straight - Level,Local Street,Dry,"Two-Way, Not Divided",None,No Special Feature,Smooth Asphalt,2 lanes,"35.848137094, -78.6444026147"
1918,Summerfield,Guilford,Piedmont,Residential,Mixed (30% To 70% Developed),NA,Urban,40 - 45  MPH,"Double Yellow Line, No Passing Zone",Clear,No,38,30-39,No,NA,With Traffic,K: Killed,Travel Lane,White,Female,33,30-39,No,NA,41-45 mph,O: No Injury,White,Female,Sport Utility,No,13APR2012,Friday,Motorist Overtaking Bicyclist,19,Non-Intersection,April,K: Killed,19:10:00,Motorist Overtaking - Other / Unknown,2012,Yes,No,Daylight,Straight - Hillcrest,State Secondary Route,Dry,"Two-Way, Not Divided",None,No Special Feature,Smooth Asphalt,2 lanes,"36.2087571252, -79.9048030153"
1933,Wilmington,New Hanover,Coastal,Commercial,Urban (>70% Developed),NA,Urban,5 - 15 MPH,No Control Present,Clear,No,48,40-49,No,NA,Facing Traffic,C: Possible Injury,Sidewalk / Crosswalk / Driveway Crossing,White,Male,46,40-49,No,NA,0-5 mph,O: No Injury,White,Female,Passenger Car,No,27MAR2012,Tuesday,Motorist Failed to Yield - Midblock,15,Non-Intersection,March,C: Possible Injury,15:38:00,Motorist Drive Out - Commercial Driveway / Alley,2012,No,No,Daylight,Straight - Grade,Public Vehicular Area,Dry,"Two-Way, Not Divided",None,"Driveway, Public",Concrete,NA,"34.2441767706, -77.8810023027"
1939,Greensboro,Guilford,Piedmont,Residential,Urban (>70% Developed),NA,Urban,NA,No Control Present,Clear,No,11,11-15,No,NA,Facing Traffic,C: Possible Injury,Travel Lane,Black,Female,48,40-49,No,NA,16-20 mph,Unknown Injury,Black,Male,Passenger Car,No,26MAR2012,Monday,Head-On,18,Non-Intersection,March,C: Possible Injury,18:53:00,Head-On - Bicyclist,2012,No,No,Daylight,Straight - Level,Local Street,Dry,"Two-Way, Not Divided",None,No Special Feature,Smooth Asphalt,2 lanes,"36.086637105, -79.74690296"
1941,High Point,Guilford,Piedmont,Residential,Urban (>70% Developed),NA,Urban,30 - 35  MPH,Yield Sign,Clear,No,9,6-10,No,NA,With Traffic,B: Evident Injury,Travel Lane,White,Male,70+,70+,No,NA,26-30 mph,O: No Injury,White,Female,Passenger Car,No,10APR2012,Tuesday,Bicyclist Failed to Yield - Sign-Controlled Intersection,17,Intersection,April,B: Evident Injury,17:20:00,Bicyclist Ride Through - Sign-Controlled Intersection,2012,Yes,No,Daylight,Straight - Grade,Local Street,Dry,"Two-Way, Not Divided",None,Four-Way Intersection,Coarse Asphalt,2 lanes,"35.9747470718, -80.0059030322"
1955,Asheville,Buncombe,Mountains,Residential,Urban (>70% Developed),NA,Urban,20 - 25  MPH,Stop Sign,Clear,No,51,50-59,No,NA,With Traffic,C: Possible Injury,Travel Lane,White,Female,36,30-39,No,NA,0-5 mph,O: No Injury,White,Female,Passenger Car,No,15APR2012,Sunday,Motorist Failed to Yield - Sign-Controlled Intersection,13,Intersection,April,C: Possible Injury,13:14:00,Motorist Drive Out - Sign-Controlled Intersection,2012,No,No,Daylight,Straight - Level,Local Street,Dry,"Two-Way, Not Divided",None,T-Intersection,Smooth Asphalt,2 lanes,"35.6099468986, -82.5460037688"