object_id,city,county,region,development,locality,on_road,rural_urban,speed_limit,traffic_control,weather,workzone,bike_age,bike_age_group,bike_alcohol,bike_alcohol_drugs,bike_direction,bike_injury,bike_position,bike_race,bike_sex,driver_age,driver_age_group,driver_alcohol,driver_alcohol_drugs,driver_est_speed,driver_injury,driver_race,driver_sex,driver_vehicle_type,crash_alcohol,crash_date,crash_day,crash_group,crash_hour,crash_location,crash_month,crash_severity,crash_time,crash_type,crash_year,ambulance_req,hit_run,light_condition,road_character,road_class,road_condition,road_configuration,road_defects,road_feature,road_surface,num_lanes,geo_point
1958,Greensboro,Guilford,Piedmont,Commercial,Urban (>70% Developed),NA,Urban,5 - 15 MPH,No Control Present,Clear,No,49,40-49,Yes,NA,With Traffic,B: Evident Injury,Sidewalk / Crosswalk / Driveway Crossing,White,Male,66,60-69,No,NA,0-5 mph,O: No Injury,White,Male,Passenger Car,Yes,26APR2012,Thursday,Loss of Control / Turning Error,21,Non-Intersection,April,B: Evident Injury,21:29:00,Bicyclist Turning Error - Right Turn,2012,Yes,No,Dusk,Straight - Bottom,Public Vehicular Area,Dry,NA,None,No Special Feature,Smooth Asphalt,NA,"36.1151671094, -79.7814029721"
1959,None - Rural Crash,Wake,Piedmont,Residential,Urban (>70% Developed),NA,Rural,40 - 45  MPH,"Double Yellow Line, No Passing Zone",Clear,No,42,40-49,No,NA,With Traffic,B: Evident Injury,Travel Lane,White,Male,39,30-39,No,NA,16-20 mph,O: No Injury,White,Male,Passenger Car,No,27APR2012,Friday,Motorist Left Turn / Merge,13,Intersection,April,B: Evident Injury,13:07:00,Motorist Left Turn - Opposite Direction,2012,Yes,No,Daylight,Curve - Level,State Secondary Route,Dry,"Two-Way, Not Divided",None,T-Intersection,Coarse Asphalt,2 lanes,"35.6344970475, -78.6713026106"
1962,Wilmington,New Hanover,Coastal,Commercial,Urban (>70% Developed),NA,Urban,30 - 35  MPH,Stop Sign,Clear,No,50,50-59,No,NA,Not Applicable,C: Possible Injury,Non-Roadway,White,Male,56,50-59,No,NA,NA,O: No Injury,White,Female,Passenger Car,No,18APR2012,Wednesday,Non-Roadway,15,Non-Roadway,April,C: Possible Injury,15:51:00,Non-Roadway,2012,No,No,Daylight,Straight - Level,Public Vehicular Area,Dry,"Two-Way, Not Divided",None,No Special Feature,Coarse Asphalt,NA,"34.2339067679, -77.876902301"
1968,Greensboro,Guilford,Piedmont,Residential,Urban (>70% Developed),NA,Urban,30 - 35  MPH,Stop And Go Signal,Clear,No,20,20-24,No,NA,With Traffic,C: Possible Injury,Travel Lane,White,Male,46,40-49,No,NA,0-5 mph,O: No Injury,Black,Male,Passenger Car,No,12APR2012,Thursday,Bicyclist Failed to Yield - Signalized Intersection,13,Intersection,April,C: Possible Injury,13:15:00,Bicyclist Ride Through - Signalized Intersection,2012,Yes,No,Daylight,Straight - Level,Local Street,Dry,"Two-Way, Divided, Unprotected Median",None,Four-Way Intersection,Smooth Asphalt,5 lanes,"36.1131971099, -79.7755029703"
1971,Greensboro,Guilford,Piedmont,Residential,Urban (>70% Developed),NA,Urban,30 - 35  MPH,Stop And Go Signal,Rain,No,15,11-15,No,NA,With Traffic,B: Evident Injury,Sidewalk / Crosswalk / Driveway Crossing,Unknown/Missing,Male,49,40-49,No,NA,31-35 mph,O: No Injury,Black,Female,Passenger Car,No,21APR2012,Saturday,Loss of Control / Turning Error,19,Intersection,April,B: Evident Injury,19:57:00,Bicyclist Lost Control - Mechanical Problems,2012,Yes,No,Dark - Lighted Roadway,Straight - Grade,Local Street,Wet,"Two-Way, Not Divided",None,Four-Way Intersection,Coarse Asphalt,2 lanes,"36.0488570956, -79.7915029722"
1994,Charlotte,Mecklenburg,Piedmont,Residential,Urban (>70% Developed),NA,Urban,40 - 45  MPH,No Control Present,Clear,No,14,11-15,No,NA,With Traffic,B: Evident Injury,Travel Lane,Black,Female,51,50-59,No,NA,36-40 mph,O: No Injury,White,Female,Sport Utility,No,10APR2012,Tuesday,Loss of Control / Turning Error,18,Intersection,April,B: Evident Injury,18:19:00,Bicyclist Lost Control - Mechanical Problems,2012,No,No,Daylight,Straight - Level,Local Street,Dry,NA,None,No Special Feature,Smooth Asphalt,2 lanes,"35.0787668512, -80.8303032298"
1995,Charlotte,Mecklenburg,Piedmont,Residential,Urban (>70% Developed),NA,Urban,30 - 35  MPH,No Control Present,Clear,No,30,30-39,No,NA,With Traffic,B: Evident Injury,Travel Lane,Black,Male,48,40-49,No,NA,31-35 mph,B: Evident Injury,White,Male,Motorcycle,No,03MAY2012,Thursday,Motorist Overtaking Bicyclist,15,Non-Intersection,May,B: Evident Injury,15:46:00,Motorist Overtaking - Bicyclist Swerved,2012,Yes,No,Daylight,Straight - Level,Local Street,Dry,"Two-Way, Not Divided",None,No Special Feature,Smooth Asphalt,2 lanes,"35.2830468991, -80.6966032013"
5715,Jacksonville,Onslow,Coastal,Commercial,Urban (>70% Developed),NA,Urban,5 - 15 MPH,Yield Sign,Clear,No,30,30-39,No,NA,With Traffic,B: Evident Injury,Sidewalk / Crosswalk / Driveway Crossing,White,Male,26,25-29,No,NA,0-5 mph,O: No Injury,Black,Female,Passenger Car,No,24APR2008,Thursday,Motorist Failed to Yield - Midblock,16,Non-Intersection,April,B: Evident Injury,16:25:00,Motorist Drive Out - Commercial Driveway / Alley,2008,Yes,No,Daylight,Straight - Level,Public Vehicular Area,Dry,"One-Way, Not Divided",None,No Special Feature,Smooth Asphalt,NA,"34.7602109005, -77.381892176"
5717,Gastonia,Gaston,Piedmont,Commercial,Urban (>70% Developed),NA,Urban,30 - 35  MPH,Stop And Go Signal,Clear,No,25,25-29,No,NA,With Traffic,B: Evident Injury,Sidewalk / Crosswalk / Driveway Crossing,White,Male,NA,NA,Missing,NA,16-20 mph,Unknown Injury,Unknown/Missing,NA,NA,No,25APR2008,Friday,Motorist Left Turn / Merge,15,Intersection,April,B: Evident Injury,15:41:00,Motorist Left Turn - Same Direction,2008,Yes,Yes,Daylight,Straight - Level,Local Street,Dry,"Two-Way, Not Divided",None,Four-Way Intersection,Smooth Asphalt,4 lanes,"35.2621298773, -81.1800933442"
5718,Reidsville,Rockingham,Piedmont,Residential,Rural (<30% Developed),NA,Urban,30 - 35  MPH,No Control Present,Clear,No,10,6-10,No,NA,Not Applicable,O: No Injury,Driveway / Alley,Black,Male,31,30-39,No,NA,31-35 mph,O: No Injury,White,Male,Passenger Car,No,27APR2008,Sunday,Bicyclist Failed to Yield - Midblock,10,Non-Intersection,April,O: No Injury,10:56:00,Bicyclist Ride Out - Residential Driveway,2008,No,No,Daylight,Straight - Level,Local Street,Dry,"Two-Way, Not Divided",None,No Special Feature,Coarse Asphalt,2 lanes,"36.3751751683, -79.6667429524"
5726,Kannapolis,Rowan,Piedmont,Commercial,Urban (>70% Developed),NA,Urban,40 - 45  MPH,Stop Sign,Cloudy,No,12,11-15,No,NA,Facing Traffic,C: Possible Injury,Travel Lane,Black,Female,61,60-69,No,NA,36-40 mph,O: No Injury,White,Male,"Light Truck (Mini-Van, Panel)",No,27APR2008,Sunday,Bicyclist Failed to Yield - Sign-Controlled Intersection,16,Intersection,April,C: Possible Injury,16:36:00,Bicyclist Ride Through - Sign-Controlled Intersection,2008,Yes,No,Daylight,Straight - Level,US Route,Dry,"Two-Way, Not Divided",None,T-Intersection,Smooth Asphalt,3 lanes,"35.5236729539, -80.6141771895"
5730,Asheville,Buncombe,Mountains,Commercial,Urban (>70% Developed),NA,Urban,30 - 35  MPH,No Control Present,Clear,No,13,11-15,No,NA,Facing Traffic,C: Possible Injury,Sidewalk / Crosswalk / Driveway Crossing,White,Male,50,50-59,No,NA,11-15 mph,O: No Injury,White,Male,Sport Utility,No,28APR2008,Monday,Parallel Paths - Other Circumstances,18,Non-Intersection,April,C: Possible Injury,18:40:00,Bicyclist Ride Out - Parallel Path,2008,Yes,No,Daylight,Straight - Grade,Local Street,Dry,"Two-Way, Divided, Positive Median Barrier",None,No Special Feature,Smooth Asphalt,4 lanes,"35.4825698717, -82.5529037628"
5733,Wilmington,New Hanover,Coastal,Commercial,Urban (>70% Developed),NA,Urban,20 - 25  MPH,No Control Present,Clear,No,31,30-39,No,NA,Facing Traffic,C: Possible Injury,Sidewalk / Crosswalk / Driveway Crossing,White,Female,25,25-29,No,NA,16-20 mph,O: No Injury,Black,Male,Passenger Car,No,30APR2008,Wednesday,Parallel Paths - Other Circumstances,15,Non-Intersection,April,C: Possible Injury,15:55:00,Bicyclist Ride Out - Parallel Path,2008,Yes,No,Daylight,Straight - Level,Local Street,Dry,"Two-Way, Not Divided",None,No Special Feature,Smooth Asphalt,2 lanes,"34.2176997627, -77.933442317"
5734,Kannapolis,Cabarrus,Piedmont,Commercial,Urban (>70% Developed),NA,Urban,5 - 15 MPH,No Control Present,Clear,No,15,11-15,No,NA,Facing Traffic,O: No Injury,Sidewalk / Crosswalk / Driveway Crossing,White,Male,28,25-29,No,NA,0-5 mph,O: No Injury,White,Male,Passenger Car,No,01MAY2008,Thursday,Motorist Failed to Yield - Midblock,20,Non-Intersection,May,O: No Injury,20:11:00,Motorist Drive Out - Midblock - Unknown,2008,No,No,Dusk,Straight - Level,Local Street,Dry,NA,None,Alley Intersection,Smooth Asphalt,1 lane,"35.4973669474, -80.6251231913"
5743,Durham,Durham,Piedmont,Commercial,Urban (>70% Developed),NA,Urban,30 - 35  MPH,Stop And Go Signal,Clear,No,12,11-15,No,NA,With Traffic,B: Evident Injury,Travel Lane,Hispanic,Male,NA,NA,Missing,NA,31-35 mph,Unknown Injury,Unknown/Missing,NA,Passenger Car,No,11JUN2008,Wednesday,Motorist Failed to Yield - Signalized Intersection,21,Intersection,June,B: Evident Injury,21:18:00,Motorist Drive Through - Signalized Intersection,2008,Yes,Yes,Dark - Lighted Roadway,Straight - Level,Local Street,Dry,"Two-Way, Not Divided",None,T-Intersection,Smooth Asphalt,2 lanes,"36.0274571231, -78.9140877051"
5751,Cary,Wake,Piedmont,Commercial,Urban (>70% Developed),NA,Urban,30 - 35  MPH,Stop And Go Signal,Clear,No,15,11-15,No,NA,NA,B: Evident Injury,Non-Roadway,Black,Male,25,25-29,No,NA,26-30 mph,O: No Injury,Black,Female,Passenger Car,No,14JUN2008,Saturday,Crossing Paths - Other Circumstances,14,Intersection,June,B: Evident Injury,14:09:00,Signalized Intersection - Other / Unknown,2008,Yes,No,Daylight,Straight - Level,State Secondary Route,Dry,"Two-Way, Divided, Unprotected Median",None,Four-Way Intersection,Smooth Asphalt,4 lanes,"35.7693820727, -78.7819026513"
5754,None - Rural Crash,Rowan,Piedmont,Residential,Urban (>70% Developed),NA,Rural,30 - 35  MPH,No Control Present,Clear,No,3,0-5,No,NA,With Traffic,B: Evident Injury,Travel Lane,Hispanic,Male,43,40-49,No,NA,0-5 mph,O: No Injury,Hispanic,Male,Passenger Car,No,07MAY2008,Wednesday,Backing Vehicle,16,Non-Intersection,May,B: Evident Injury,16:25:00,Backing Vehicle,2008,Yes,No,Daylight,Straight - Level,State Secondary Route,Dry,"Two-Way, Not Divided",None,"Driveway, Private",Coarse Asphalt,1 lane,"35.6476319824, -80.5577581802"
5763,None - Rural Crash,New Hanover,Coastal,Residential,Mixed (30% To 70% Developed),NA,Rural,40 - 45  MPH,No Control Present,Clear,No,26,25-29,Yes,NA,With Traffic,C: Possible Injury,Travel Lane,Hispanic,Male,24,20-24,No,NA,31-35 mph,O: No Injury,Black,Female,Passenger Car,Yes,10MAY2008,Saturday,Bicyclist Left Turn / Merge,12,Non-Intersection,May,C: Possible Injury,12:50:00,Bicyclist Left Turn - Same Direction,2008,No,No,Daylight,Straight - Level,US Route,Dry,"Two-Way, Divided, Unprotected Median",None,Merge Lane Between On And Off Ramp,Coarse Asphalt,2 lanes,"34.3485767929, -77.9011863133"
5772,Raleigh,Wake,Piedmont,Commercial,Urban (>70% Developed),NA,Urban,40 - 45  MPH,No Control Present,Clear,No,44,40-49,Yes,NA,Facing Traffic,C: Possible Injury,Bike Lane / Paved Shoulder,Hispanic,Male,45,40-49,No,NA,0-5 mph,O: No Injury,White,Female,Passenger Car,Yes,17MAY2008,Saturday,Motorist Failed to Yield - Midblock,15,Non-Intersection,May,C: Possible Injury,15:38:00,Motorist Drive Out - Commercial Driveway / Alley,2008,Yes,No,Daylight,Straight - Grade,Local Street,Dry,"Two-Way, Divided, Unprotected Median",None,T-Intersection,Coarse Asphalt,4 lanes,"35.7506970731, -78.6428786086"
5777,Wrightsville Beach,New Hanover,Coastal,Residential,Urban (>70% Developed),NA,Rural,5 - 15 MPH,Stop Sign,Clear,No,66,60-69,Yes,NA,Facing Traffic,C: Possible Injury,Travel Lane,White,Male,17,0-19,No,NA,0-5 mph,O: No Injury,White,Female,Sport Utility,Yes,13MAY2008,Tuesday,Motorist Failed to Yield - Sign-Controlled Intersection,14,Intersection,May,C: Possible Injury,14:33:00,Motorist Drive Out - Sign-Controlled Intersection,2008,Yes,No,Daylight,Straight - Level,Local Street,Dry,"One-Way, Not Divided",None,T-Intersection,Coarse Asphalt,1 lane,"34.2073067648, -77.7966322755"
5781,Raleigh,Wake,Piedmont,Residential,Urban (>70% Developed),NA,Urban,30 - 35  MPH,Missing,Clear,No,49,40-49,No,NA,NA,C: Possible Injury,NA,Black,Male,NA,NA,Missing,NA,31-35 mph,Unknown Injury,Unknown/Missing,NA,NA,No,02MAY2008,Friday,Crossing Paths - Other Circumstances,12,Non-Intersection,May,C: Possible Injury,12:19:00,Crossing Paths - Midblock - Other / Unknown,2008,No,Yes,Daylight,Straight - Hillcrest,Local Street,Dry,"Two-Way, Not Divided",None,No Special Feature,Smooth Asphalt,2 lanes,"35.7702870777, -78.6233926039"
5786,Salisbury,Rowan,Piedmont,Commercial,Urban (>70% Developed),NA,Urban,50 - 55  MPH,Stop Sign,Clear,No,13,11-15,No,NA,With Traffic,C: Possible Injury,Travel Lane,Hispanic,Male,58,50-59,No,NA,46-50 mph,O: No Injury,White,Female,Passenger Car,No,19JUN2008,Thursday,Bicyclist Right Turn / Merge,14,Non-Intersection,June,C: Possible Injury,14:40:00,Bicyclist Right Turn - Same Direction,2008,Yes,No,Daylight,Straight - Hillcrest,Local Street,Dry,"Two-Way, Not Divided",None,T-Intersection,Smooth Asphalt,5 lanes,"35.6285369796, -80.523868168"
5789,Whiteville,Columbus,Coastal,Residential,Urban (>70% Developed),NA,Urban,30 - 35  MPH,Stop Sign,Clear,No,11,11-15,No,NA,With Traffic,B: Evident Injury,Travel Lane,White,Male,30,30-39,No,NA,31-35 mph,O: No Injury,White,Female,Sport Utility,No,19MAY2008,Monday,Bicyclist Failed to Yield - Sign-Controlled Intersection,15,Intersection,May,B: Evident Injury,15:15:00,Bicyclist Ride Through - Sign-Controlled Intersection,2008,Yes,No,Daylight,Straight - Level,Local Street,Dry,"Two-Way, Not Divided",None,Four-Way Intersection,Smooth Asphalt,NA,"34.3282997621, -78.6987425536"
5803,Mount Olive,Wayne,Coastal,Residential,Urban (>70% Developed),NA,Rural,30 - 35  MPH,Missing,Clear,No,4,0-5,No,NA,Not Applicable,C: Possible Injury,Non-Roadway,Black,Male,40,40-49,No,NA,6-10 mph,O: No Injury,Black,Male,Pickup,No,22MAY2008,Thursday,Bicyclist Failed to Yield - Midblock,18,Non-Intersection,May,C: Possible Injury,18:20:00,Bicyclist Ride Out - Other Midblock,2008,Yes,No,Daylight,Straight - Level,Local Street,Dry,"Two-Way, Not Divided",None,No Special Feature,Smooth Asphalt,2 lanes,"35.1898769726, -78.0579824019"
5805,Cary,Wake,Piedmont,Commercial,Urban (>70% Developed),NA,Urban,40 - 45  MPH,No Control Present,Clear,No,41,40-49,No,NA,With Traffic,C: Possible Injury,Travel Lane,White,Male,24,20-24,No,NA,41-45 mph,O: No Injury,White,Female,Passenger Car,No,23JUN2008,Monday,Motorist Right Turn / Merge,14,Non-Intersection,June,C: Possible Injury,14:45:00,Motorist Right Turn - Same Direction,2008,No,No,Daylight,Straight - Level,State Secondary Route,Dry,"Two-Way, Divided, Positive Median Barrier",None,No Special Feature,Coarse Asphalt,4 lanes,"35.7932390763, -78.8052626602"
5809,Chapel Hill,Orange,Piedmont,Residential,Urban (>70% Developed),NA,Urban,20 - 25  MPH,Missing,Cloudy,No,20,20-24,No,NA,With Traffic,Unknown Injury,Travel Lane,White,Male,22,20-24,No,NA,NA,O: No Injury,White,Male,Passenger Car,No,24MAY2008,Saturday,Motorist Failed to Yield - Midblock,9,Non-Intersection,May,O: No Injury,09:56:00,Motorist Drive Out - Residential Driveway,2008,No,No,Daylight,Straight - Grade,Local Street,Dry,"Two-Way, Not Divided",None,No Special Feature,Smooth Asphalt,2 lanes,"35.920493095, -79.0517427412"
5812,Wilmington,New Hanover,Coastal,Commercial,Urban (>70% Developed),NA,Urban,5 - 15 MPH,No Control Present,Rain,No,24,20-24,No,NA,Not Applicable,C: Possible Injury,Non-Roadway,Black,Male,33,30-39,No,NA,0-5 mph,O: No Injury,Black,Male,Passenger Car,No,01JUN2008,Sunday,Non-Roadway,20,Non-Roadway,June,C: Possible Injury,20:43:00,Non-Roadway,2008,Yes,No,Dark - Lighted Roadway,Straight - Grade,Public Vehicular Area,Wet,"Two-Way, Not Divided",None,No Special Feature,Coarse Asphalt,2 lanes,"34.2388527682, -77.9098723116"
5817,Charlotte,Mecklenburg,Piedmont,Commercial,Urban (>70% Developed),NA,Urban,30 - 35  MPH,No Control Present,Cloudy,No,13,11-15,No,NA,NA,C: Possible Injury,NA,Black,Male,18,0-19,No,NA,31-35 mph,O: No Injury,Black,Female,Passenger Car,No,26JUN2008,Thursday,Bicyclist Failed to Yield - Midblock,21,Non-Intersection,June,C: Possible Injury,21:11:00,Bicyclist Ride Out - Midblock - Unknown,2008,Yes,No,Dark - Lighted Roadway,Straight - Level,Local Street,Dry,"Two-Way, Not Divided",None,No Special Feature,Smooth Asphalt,4 lanes,"35.256856888, -80.8556432472"
5818,Chapel Hill,Orange,Piedmont,Commercial,Urban (>70% Developed),NA,Urban,20 - 25  MPH,"Double Yellow Line, No Passing Zone",Rain,No,56,50-59,No,NA,With Traffic,B: Evident Injury,Travel Lane,Black,Male,NA,NA,Missing,NA,26-30 mph,Unknown Injury,Unknown/Missing,NA,NA,No,28MAY2008,Wednesday,Head-On,9,Non-Intersection,May,B: Evident Injury,09:32:00,Head-On - Motorist,2008,Yes,Yes,Daylight,Straight - Level,Local Street,Wet,"Two-Way, Not Divided",None,No Special Feature,Smooth Asphalt,4 lanes,"35.9110270926, -79.061282744"
5819,Wilmington,New Hanover,Coastal,Residential,Urban (>70% Developed),NA,Urban,30 - 35  MPH,Stop Sign,Cloudy,No,27,25-29,No,NA,Facing Traffic,O: No Injury,Sidewalk / Crosswalk / Driveway Crossing,Black,Male,42,40-49,No,NA,6-10 mph,C: Possible Injury,Black,Female,Passenger Car,No,28MAY2008,Wednesday,Motorist Failed to Yield - Sign-Controlled Intersection,16,Intersection,May,C: Possible Injury,16:58:00,Motorist Drive Out - Sign-Controlled Intersection,2008,Yes,No,Daylight,Straight - Level,Local Street,Dry,"One-Way, Not Divided",None,No Special Feature,Smooth Asphalt,6 lanes,"34.2246317637, -77.9406623194"
5826,New Bern,Craven,Coastal,Commercial,Urban (>70% Developed),NA,Urban,NA,Missing,Clear,No,19,16-19,No,NA,With Traffic,B: Evident Injury,Travel Lane,White,Male,36,30-39,Yes,NA,NA,B: Evident Injury,White,Male,Pedalcycle,Yes,30MAY2008,Friday,Bicyclist Right Turn / Merge,17,Intersection,May,B: Evident Injury,17:53:00,Bicyclist Right Turn - Same Direction,2008,No,No,Daylight,Straight - Level,Local Street,Dry,"Two-Way, Not Divided",None,T-Intersection,Smooth Asphalt,4 lanes,"35.1231269901, -77.0876521042"
5831,High Point,Guilford,Piedmont,Residential,Urban (>70% Developed),NA,Urban,30 - 35  MPH,Yield Sign,Clear,No,43,40-49,No,NA,With Traffic,C: Possible Injury,Travel Lane,Black,Female,44,40-49,No,NA,31-35 mph,O: No Injury,White,Male,Passenger Car,No,06JUN2008,Friday,Loss of Control / Turning Error,18,Intersection,June,C: Possible Injury,18:34:00,Bicyclist Lost Control - Other / Unknown,2008,Yes,No,Daylight,Straight - Bottom,Local Street,Dry,"Two-Way, Not Divided",None,Four-Way Intersection,Smooth Asphalt,2 lanes,"35.9747070722, -80.0058130327"
5833,Greensboro,Guilford,Piedmont,Commercial,Urban (>70% Developed),NA,Urban,30 - 35  MPH,Missing,Clear,No,28,25-29,No,NA,Not Applicable,B: Evident Injury,Non-Roadway,White,Male,30,30-39,No,NA,31-35 mph,O: No Injury,White,Female,Sport Utility,No,07JUN2008,Saturday,Bicyclist Failed to Yield - Midblock,15,Non-Intersection,June,B: Evident Injury,15:09:00,Bicyclist Ride Out - Commercial Driveway / Alley,2008,Yes,No,Daylight,Straight - Level,Local Street,Dry,"Two-Way, Divided, Unprotected Median",None,No Special Feature,Smooth Asphalt,5 lanes,"36.0867721063, -79.7205629527"
5837,Greensboro,Guilford,Piedmont,Residential,Mixed (30% To 70% Developed),NA,Urban,30 - 35  MPH,Missing,Clear,No,9,6-10,No,NA,With Traffic,C: Possible Injury,Travel Lane,Black,Male,59,50-59,No,NA,31-35 mph,O: No Injury,Black,Male,Passenger Car,No,08JUN2008,Sunday,Loss of Control / Turning Error,18,Intersection,June,C: Possible Injury,18:03:00,Bicyclist Lost Control - Mechanical Problems,2008,Yes,No,Daylight,Straight - Level,Local Street,Dry,"Two-Way, Not Divided",None,No Special Feature,Coarse Asphalt,4 lanes,"36.0564340967, -79.7874329709"
5839,Chapel Hill,Orange,Piedmont,Residential,Urban (>70% Developed),NA,Urban,NA,Stop Sign,Clear,No,19,16-19,No,NA,Facing Traffic,B: Evident Injury,Sidewalk / Crosswalk / Driveway Crossing,White,Male,NA,NA,Missing,NA,0-5 mph,Unknown Injury,Unknown/Missing,NA,NA,No,12JUN2008,Thursday,Crossing Paths - Other Circumstances,12,Intersection,June,B: Evident Injury,12:51:00,Sign-Controlled Intersection - Other / Unknown,2008,No,Yes,Daylight,Straight - Level,Local Street,Dry,"Two-Way, Not Divided",None,No Special Feature,Smooth Asphalt,2 lanes,"35.9615211037, -79.0551177441"
5841,Durham,Durham,Piedmont,Residential,Urban (>70% Developed),NA,Urban,20 - 25  MPH,Stop Sign,Rain,No,42,40-49,No,NA,With Traffic,B: Evident Injury,Travel Lane,White,Male,36,30-39,No,NA,6-10 mph,O: No Injury,Black,Male,Passenger Car,No,29JUN2008,Sunday,Motorist Left Turn / Merge,20,Intersection,June,B: Evident Injury,20:52:00,Motorist Left Turn - Opposite Direction,2008,Yes,No,Dark - Lighted Roadway,Straight - Level,Local Street,Wet,"Two-Way, Not Divided",None,No Special Feature,Concrete,2 lanes,"36.0132521195, -78.9121427046"
5848,Durham,Durham,Piedmont,Commercial,Urban (>70% Developed),NA,Urban,20 - 25  MPH,Stop And Go Signal,Clear,No,55,50-59,No,NA,With Traffic,B: Evident Injury,Sidewalk / Crosswalk / Driveway Crossing,White,Male,47,40-49,No,NA,0-5 mph,O: No Injury,Black,Male,Commercial Bus,No,02JUL2008,Wednesday,Motorist Right Turn / Merge,12,Intersection,July,B: Evident Injury,12:32:00,Motorist Right Turn - Same Direction,2008,Yes,No,Daylight,Straight - Level,Local Street,Dry,"Two-Way, Not Divided",None,No Special Feature,Smooth Asphalt,2 lanes,"36.0000171166, -78.9093727023"
5856,Chapel Hill,Orange,Piedmont,Residential,Urban (>70% Developed),NA,Urban,20 - 25  MPH,Stop Sign,Clear,No,32,30-39,No,NA,Facing Traffic,B: Evident Injury,Bike Lane / Paved Shoulder,Hispanic,Male,21,20-24,No,NA,0-5 mph,O: No Injury,White,Male,Passenger Car,No,10JUN2008,Tuesday,Motorist Failed to Yield - Sign-Controlled Intersection,15,Intersection,June,B: Evident Injury,15:29:00,Motorist Drive Out - Sign-Controlled Intersection,2008,No,No,Daylight,Straight - Level,Local Street,Dry,"Two-Way, Not Divided",None,T-Intersection,Smooth Asphalt,2 lanes,"35.9093130923, -79.0581827432"
5858,Kinston,Lenoir,Coastal,Residential,Mixed (30% To 70% Developed),NA,Urban,30 - 35  MPH,No Control Present,Cloudy,No,49,40-49,Yes,NA,With Traffic,A: Disabling Injury,Travel Lane,Black,Male,21,20-24,No,NA,31-35 mph,O: No Injury,Black,Male,Passenger Car,Yes,10JUL2008,Thursday,Bicyclist Failed to Yield - Sign-Controlled Intersection,20,Intersection,July,A: Disabling Injury,20:22:00,Bicyclist Ride Out - Sign-Controlled Intersection,2008,Yes,No,Dusk,Straight - Grade,NC Route,Dry,"Two-Way, Divided, Unprotected Median",None,Four-Way Intersection,Coarse Asphalt,5 lanes,"35.2636140051, -77.572502258"
5860,Mount Olive,Wayne,Coastal,Commercial,Urban (>70% Developed),NA,Rural,20 - 25  MPH,No Control Present,Clear,No,8,6-10,No,NA,With Traffic,C: Possible Injury,Travel Lane,Black,Male,NA,NA,Missing,NA,NA,Unknown Injury,Unknown/Missing,NA,Sport Utility,No,31MAY2008,Saturday,Motorist Overtaking Bicyclist,17,Non-Intersection,May,C: Possible Injury,17:00:00,Motorist Overtaking - Other / Unknown,2008,Yes,Yes,Daylight,Straight - Level,Local Street,Dry,"Two-Way, Not Divided",None,No Special Feature,Coarse Asphalt,2 lanes,"35.1914869723, -78.0653224042"
5878,Sylva,Jackson,Mountains,Commercial,Urban (>70% Developed),NA,Rural,20 - 25  MPH,Stop And Go Signal,Clear,No,25,25-29,No,NA,With Traffic,C: Possible Injury,Travel Lane,White,Male,31,30-39,No,NA,6-10 mph,O: No Injury,White,Male,Pickup,No,02JUN2008,Monday,Bicyclist Failed to Yield - Signalized Intersection,18,Intersection,June,C: Possible Injury,18:10:00,Bicyclist Ride Through - Signalized Intersection,2008,Yes,No,Daylight,Straight - Level,NC Route,Dry,"Two-Way, Not Divided",None,Four-Way Intersection,Coarse Asphalt,2 lanes,"35.3744468241, -83.2131139517"
5880,None - Rural Crash,Vance,Piedmont,"Farms, Woods, Pastures",Rural (<30% Developed),NA,Rural,50 - 55  MPH,No Control Present,Clear,No,30,30-39,Yes,NA,With Traffic,B: Evident Injury,Travel Lane,White,Male,69,60-69,No,NA,51-55 mph,O: No Injury,Black,Male,Passenger Car,Yes,15JUN2008,Sunday,Motorist Overtaking Bicyclist,14,Non-Intersection,June,B: Evident Injury,14:44:00,Motorist Overtaking - Bicyclist Swerved,2008,Yes,No,Daylight,Straight - Level,NC Route,Dry,"Two-Way, Not Divided",None,No Special Feature,Smooth Asphalt,2 lanes,"36.5034252412, -78.4115925793"
5894,Smithfield,Johnston,Coastal,Commercial,Urban (>70% Developed),NA,Urban,30 - 35  MPH,No Control Present,Clear,No,68,60-69,No,NA,With Traffic,O: No Injury,Travel Lane,Black,Male,70+,70+,No,NA,11-15 mph,O: No Injury,White,Male,Passenger Car,No,25JUN2008,Wednesday,Bicyclist Overtaking Motorist,11,Non-Intersection,June,O: No Injury,11:22:00,Bicyclist Overtaking - Passing on Left,2008,No,No,Daylight,Straight - Level,US Route,Dry,"Two-Way, Not Divided",None,No Special Feature,Coarse Asphalt,5 lanes,"35.5091700319, -78.3391675035"
5896,Chadbourn,Columbus,Coastal,Commercial,Urban (>70% Developed),NA,Rural,30 - 35  MPH,Missing,Clear,No,21,20-24,No,NA,Facing Traffic,C: Possible Injury,Travel Lane,Black,Male,52,50-59,No,NA,0-5 mph,O: No Injury,White,Male,Pickup,No,13JUN2008,Friday,Motorist Failed to Yield - Midblock,12,Non-Intersection,June,C: Possible Injury,12:20:00,Motorist Drive Out - Commercial Driveway / Alley,2008,Yes,No,Daylight,Straight - Level,Local Street,Dry,"Two-Way, Not Divided",None,No Special Feature,Smooth Asphalt,2 lanes,"34.3296807584, -78.8265175916"