object_id,city,county,region,development,locality,on_road,rural_urban,speed_limit,traffic_control,weather,workzone,bike_age,bike_age_group,bike_alcohol,bike_alcohol_drugs,bike_direction,bike_injury,bike_position,bike_race,bike_sex,driver_age,driver_age_group,driver_alcohol,driver_alcohol_drugs,driver_est_speed,driver_injury,driver_race,driver_sex,driver_vehicle_type,crash_alcohol,crash_date,crash_day,crash_group,crash_hour,crash_location,crash_month,crash_severity,crash_time,crash_type,crash_year,ambulance_req,hit_run,light_condition,road_character,road_class,road_condition,road_configuration,road_defects,road_feature,road_surface,num_lanes,geo_point
5898,Greensboro,Guilford,Piedmont,Residential,Urban (>70% Developed),NA,Urban,30 - 35  MPH,Stop Sign,Clear,No,15,11-15,No,NA,With Traffic,C: Possible Injury,Travel Lane,Asian,Male,NA,NA,Missing,NA,NA,Unknown Injury,Unknown/Missing,NA,Passenger Car,No,15JUN2008,Sunday,Crossing Paths - Other Circumstances,16,Intersection,June,C: Possible Injury,16:36:00,Sign-Controlled Intersection - Other / Unknown,2008,Yes,Yes,Daylight,Straight - Level,Local Street,Dry,"Two-Way, Divided, Unprotected Median",None,Four-Way Intersection,Smooth Asphalt,2 lanes,"36.0528770943, -79.838582986"
5901,None - Rural Crash,Wake,Piedmont,Residential,Rural (<30% Developed),NA,Rural,40 - 45  MPH,No Control Present,Clear,No,40,40-49,Yes,NA,With Traffic,C: Possible Injury,Bike Lane / Paved Shoulder,Black,Male,70+,70+,No,NA,41-45 mph,O: No Injury,White,Male,Passenger Car,Yes,22JUN2008,Sunday,Bicyclist Left Turn / Merge,10,Non-Intersection,June,C: Possible Injury,10:30:00,Bicyclist Left Turn - Same Direction,2008,Yes,No,Daylight,Straight - Level,State Secondary Route,Dry,"Two-Way, Not Divided",None,No Special Feature,Smooth Asphalt,2 lanes,"35.8532021068, -78.3096185124"
5926,Knightdale,Wake,Piedmont,Commercial,Urban (>70% Developed),NA,Urban,30 - 35  MPH,No Control Present,Clear,No,16,16-19,No,NA,Not Applicable,B: Evident Injury,Non-Roadway,White,Male,70+,70+,No,NA,11-15 mph,O: No Injury,White,Female,Passenger Car,No,17JUL2008,Thursday,Non-Roadway,13,Non-Roadway,July,B: Evident Injury,13:10:00,Non-Roadway,2008,Yes,No,Daylight,Straight - Grade,Public Vehicular Area,Dry,"Two-Way, Not Divided",None,"Driveway, Public",Coarse Asphalt,NA,"35.7991970892, -78.4900525649"
5930,None - Rural Crash,Wilkes,Mountains,Residential,Rural (<30% Developed),NA,Rural,30 - 35  MPH,"Double Yellow Line, No Passing Zone",Clear,No,9,6-10,No,NA,Not Applicable,B: Evident Injury,Driveway / Alley,White,Male,70+,70+,No,NA,16-20 mph,O: No Injury,White,Female,Passenger Car,No,03JUL2008,Thursday,Bicyclist Failed to Yield - Midblock,14,Non-Intersection,July,B: Evident Injury,14:30:00,Bicyclist Ride Out - Residential Driveway,2008,Yes,No,Daylight,Straight - Level,State Secondary Route,Dry,"Two-Way, Not Divided",None,"Driveway, Private",Smooth Asphalt,2 lanes,"36.1277270607, -81.1703433905"
5934,Charlotte,Mecklenburg,Piedmont,Commercial,Urban (>70% Developed),NA,Urban,5 - 15 MPH,No Control Present,Clear,No,23,20-24,No,NA,Facing Traffic,C: Possible Injury,Sidewalk / Crosswalk / Driveway Crossing,Other,Male,48,40-49,No,NA,0-5 mph,O: No Injury,Other,Male,Passenger Car,No,02AUG2008,Saturday,Motorist Failed to Yield - Midblock,15,Non-Intersection,August,C: Possible Injury,15:58:00,Motorist Drive Out - Commercial Driveway / Alley,2008,Yes,No,Daylight,Straight - Bottom,Local Street,Dry,"Two-Way, Not Divided",None,"Driveway, Public",Smooth Asphalt,2 lanes,"35.1762368729, -80.7976132259"
5935,None - Rural Crash,Cleveland,Mountains,Residential,Mixed (30% To 70% Developed),NA,Rural,40 - 45  MPH,"Double Yellow Line, No Passing Zone",Clear,No,17,16-19,No,NA,With Traffic,C: Possible Injury,Travel Lane,White,Male,53,50-59,No,NA,16-20 mph,O: No Injury,Black,Female,Passenger Car,No,02AUG2008,Saturday,Motorist Overtaking Bicyclist,15,Non-Intersection,August,C: Possible Injury,15:19:00,Motorist Overtaking - Other / Unknown,2008,Yes,No,Daylight,Straight - Level,State Secondary Route,Dry,"Two-Way, Not Divided",None,No Special Feature,Smooth Asphalt,2 lanes,"35.2830668749, -81.3609233994"
5938,Goldsboro,Wayne,Coastal,Commercial,Urban (>70% Developed),NA,Urban,NA,Missing,Rain,No,53,50-59,No,NA,Not Applicable,C: Possible Injury,Non-Roadway,Black,Male,NA,NA,Missing,NA,6-10 mph,Unknown Injury,Unknown/Missing,NA,NA,No,05JUL2008,Saturday,Non-Roadway,20,Non-Roadway,July,C: Possible Injury,20:30:00,Non-Roadway,2008,Yes,Yes,Daylight,Straight - Level,Public Vehicular Area,Wet,"One-Way, Not Divided",None,No Special Feature,Coarse Asphalt,NA,"35.3745610146, -77.990262391"
5945,Greensboro,Guilford,Piedmont,Residential,Urban (>70% Developed),NA,Urban,30 - 35  MPH,Stop Sign,Clear,No,27,25-29,No,NA,Facing Traffic,B: Evident Injury,Travel Lane,White,Male,29,25-29,No,NA,6-10 mph,O: No Injury,White,Male,Passenger Car,No,30JUN2008,Monday,Motorist Failed to Yield - Sign-Controlled Intersection,22,Intersection,June,B: Evident Injury,22:19:00,Motorist Drive Out - Sign-Controlled Intersection,2008,Yes,No,Dark - Lighted Roadway,Straight - Level,Local Street,Dry,"Two-Way, Divided, Unprotected Median",None,Four-Way Intersection,Coarse Asphalt,4 lanes,"36.1159391059, -79.8921030064"
5952,Raleigh,Wake,Piedmont,Commercial,Urban (>70% Developed),NA,Urban,30 - 35  MPH,Missing,Clear,No,15,11-15,No,NA,Facing Traffic,O: No Injury,Sidewalk / Crosswalk / Driveway Crossing,Black,Male,36,30-39,No,NA,0-5 mph,O: No Injury,White,Male,Passenger Car,No,10JUL2008,Thursday,Motorist Failed to Yield - Midblock,13,Non-Intersection,July,O: No Injury,13:28:00,Motorist Drive Out - Commercial Driveway / Alley,2008,No,No,Daylight,Straight - Grade,Public Vehicular Area,Dry,"Two-Way, Not Divided",None,"Driveway, Private",Concrete,NA,"35.8563770959, -78.6465476149"
5953,Wilmington,New Hanover,Coastal,Residential,Urban (>70% Developed),NA,Urban,30 - 35  MPH,Stop And Go Signal,Clear,No,15,11-15,No,NA,With Traffic,B: Evident Injury,Travel Lane,Black,Male,39,30-39,No,NA,31-35 mph,O: No Injury,White,Female,Van,No,13JUL2008,Sunday,Bicyclist Failed to Yield - Signalized Intersection,16,Intersection,July,B: Evident Injury,16:16:00,Bicyclist Ride Through - Signalized Intersection,2008,Yes,No,Daylight,Straight - Level,Local Street,Dry,"One-Way, Not Divided",None,Four-Way Intersection,Smooth Asphalt,5 lanes,"34.2294307655, -77.9280123157"
5954,None - Rural Crash,Gates,Coastal,Residential,Mixed (30% To 70% Developed),NA,Rural,50 - 55  MPH,Stop Sign,Clear,No,70+,70+,No,NA,With Traffic,K: Killed,Travel Lane,Black,Male,27,25-29,No,NA,51-55 mph,O: No Injury,White,Male,Pickup,No,10JUL2008,Thursday,Bicyclist Failed to Yield - Sign-Controlled Intersection,17,Intersection,July,K: Killed,17:25:00,Bicyclist Ride Out - Sign-Controlled Intersection,2008,Yes,No,Daylight,Straight - Level,State Secondary Route,Dry,"Two-Way, Not Divided",None,T-Intersection,Coarse Asphalt,2 lanes,"36.3548572742, -76.5595880046"
5965,Kannapolis,Cabarrus,Piedmont,Commercial,Urban (>70% Developed),NA,Urban,30 - 35  MPH,Stop And Go Signal,Clear,No,16,16-19,No,NA,With Traffic,C: Possible Injury,Bike Lane / Paved Shoulder,White,Male,19,0-19,No,NA,26-30 mph,O: No Injury,Hispanic,Female,Sport Utility,No,15JUL2008,Tuesday,Crossing Paths - Other Circumstances,19,Intersection,July,C: Possible Injury,19:50:00,Signalized Intersection - Other / Unknown,2008,Yes,No,Daylight,Straight - Level,Local Street,Dry,"Two-Way, Not Divided",None,Four-Way Intersection,Smooth Asphalt,4 lanes,"35.4890169459, -80.6278231915"
5969,None - Rural Crash,Madison,Mountains,"Farms, Woods, Pastures",Rural (<30% Developed),NA,Rural,40 - 45  MPH,"Double Yellow Line, No Passing Zone",Clear,No,13,11-15,No,NA,Not Applicable,A: Disabling Injury,Driveway / Alley,White,Male,35,30-39,No,NA,36-40 mph,O: No Injury,White,Female,Passenger Car,No,16JUL2008,Wednesday,Bicyclist Failed to Yield - Midblock,19,Non-Intersection,July,A: Disabling Injury,19:30:00,Bicyclist Ride Out - Residential Driveway,2008,Yes,No,Daylight,Curve - Level,NC Route,Dry,"Two-Way, Not Divided",None,Y-Intersection,Smooth Asphalt,2 lanes,"35.7956839259, -82.8596988717"
5977,Charlotte,Mecklenburg,Piedmont,Commercial,Urban (>70% Developed),NA,Urban,20 - 25  MPH,Stop Sign,Cloudy,No,38,30-39,No,NA,With Traffic,C: Possible Injury,Sidewalk / Crosswalk / Driveway Crossing,Black,Male,24,20-24,No,NA,0-5 mph,O: No Injury,Black,Female,Passenger Car,No,15AUG2008,Friday,Motorist Failed to Yield - Sign-Controlled Intersection,21,Intersection,August,C: Possible Injury,21:39:00,Motorist Drive Out - Sign-Controlled Intersection,2008,Yes,No,Dark - Lighted Roadway,Straight - Level,Local Street,Dry,"Two-Way, Not Divided",None,T-Intersection,Smooth Asphalt,2 lanes,"35.2539898876, -80.8560732469"
5979,None - Rural Crash,Robeson,Coastal,"Farms, Woods, Pastures",Rural (<30% Developed),NA,Rural,50 - 55  MPH,No Control Present,Cloudy,No,44,40-49,Yes,NA,With Traffic,A: Disabling Injury,Travel Lane,Native American,Male,56,50-59,No,NA,51-55 mph,O: No Injury,Native American,Female,Van,Yes,12AUG2008,Tuesday,Bicyclist Left Turn / Merge,15,Non-Intersection,August,A: Disabling Injury,15:40:00,Bicyclist Left Turn - Same Direction,2008,Yes,No,Dusk,Straight - Level,State Secondary Route,Dry,"Two-Way, Not Divided",None,No Special Feature,Smooth Asphalt,2 lanes,"34.6996568288, -79.1262527007"
5982,Wilmington,New Hanover,Coastal,Commercial,Urban (>70% Developed),NA,Urban,40 - 45  MPH,Stop Sign,Clear,No,59,50-59,No,NA,With Traffic,B: Evident Injury,Travel Lane,Black,Male,18,0-19,No,NA,31-35 mph,O: No Injury,White,Male,Pickup,No,17JUL2008,Thursday,Motorist Left Turn / Merge,20,Intersection,July,B: Evident Injury,20:52:00,Motorist Left Turn - Opposite Direction,2008,No,No,Dark - Roadway Not Lighted,Straight - Level,Local Street,Dry,"Two-Way, Not Divided",None,Four-Way Intersection,Coarse Asphalt,6 lanes,"34.213301763, -77.8862483033"
5984,Kill Devil Hills,Dare,Coastal,Residential,Mixed (30% To 70% Developed),NA,Urban,30 - 35  MPH,Stop Sign,Cloudy,No,55,50-59,No,NA,With Traffic,B: Evident Injury,Travel Lane,White,Female,22,20-24,No,NA,6-10 mph,O: No Injury,White,Male,Pickup,No,18JUL2008,Friday,Motorist Left Turn / Merge,5,Intersection,July,B: Evident Injury,05:30:00,Motorist Left Turn - Opposite Direction,2008,No,No,Daylight,Straight - Level,Local Street,Dry,"Two-Way, Not Divided",None,T-Intersection,Coarse Asphalt,2 lanes,"36.0442672369, -75.6755617165"
5986,Emerald Isle,Carteret,Coastal,Commercial,Urban (>70% Developed),NA,Rural,30 - 35  MPH,No Control Present,Clear,No,43,40-49,No,NA,With Traffic,O: No Injury,Bike Lane / Paved Shoulder,White,Female,40,40-49,No,NA,0-5 mph,O: No Injury,White,Male,"Light Truck (Mini-Van, Panel)",No,19JUL2008,Saturday,Motorist Right Turn / Merge,10,Non-Intersection,July,O: No Injury,10:00:00,Motorist Right Turn - Same Direction,2008,No,No,Daylight,Straight - Level,NC Route,Dry,"Two-Way, Divided, Unprotected Median",None,"Driveway, Public",Coarse Asphalt,3 lanes,"34.6654968913, -77.0322920655"
4821,Rural Hall,Forsyth,Piedmont,Residential,Mixed (30% To 70% Developed),NA,Rural,20 - 25  MPH,Stop Sign,Clear,No,11,11-15,No,NA,With Traffic,A: Disabling Injury,Travel Lane,White,Female,21,20-24,No,NA,11-15 mph,O: No Injury,White,Male,Pickup,No,09MAY2009,Saturday,Bicyclist Failed to Yield - Sign-Controlled Intersection,13,Intersection,May,A: Disabling Injury,13:00:00,Bicyclist Ride Through - Sign-Controlled Intersection,2009,Yes,No,Daylight,Straight - Level,State Secondary Route,Dry,"Two-Way, Not Divided",None,T-Intersection,Smooth Asphalt,2 lanes,"36.2326201157, -80.2980131342"
4827,Cary,Wake,Piedmont,Commercial,Urban (>70% Developed),NA,Urban,40 - 45  MPH,No Control Present,Clear,No,41,40-49,No,NA,With Traffic,B: Evident Injury,Travel Lane,White,Male,22,20-24,No,NA,36-40 mph,O: No Injury,White,Female,Sport Utility,No,28MAY2009,Thursday,Motorist Overtaking Bicyclist,12,Intersection,May,B: Evident Injury,12:41:00,Motorist Overtaking - Bicyclist Swerved,2009,Yes,No,Daylight,Straight - Level,Local Street,Dry,"Two-Way, Divided, Unprotected Median",None,No Special Feature,Smooth Asphalt,4 lanes,"35.830100086, -78.7743926529"
4830,Statesville,Iredell,Piedmont,Residential,Urban (>70% Developed),NA,Urban,30 - 35  MPH,No Control Present,Clear,No,7,6-10,No,NA,Not Applicable,C: Possible Injury,Non-Roadway,Black,Female,20,20-24,No,NA,16-20 mph,O: No Injury,Hispanic,Male,Passenger Car,No,18MAY2009,Monday,Bicyclist Failed to Yield - Midblock,19,Non-Intersection,May,C: Possible Injury,19:30:00,Multiple Threat - Midblock,2009,No,No,NA,Straight - Level,Local Street,Dry,"Two-Way, Not Divided",None,No Special Feature,Smooth Asphalt,2 lanes,"35.7687639955, -80.8868632846"
4841,Raleigh,Wake,Piedmont,Residential,Urban (>70% Developed),NA,Urban,30 - 35  MPH,No Control Present,Clear,No,16,16-19,No,NA,With Traffic,A: Disabling Injury,Travel Lane,Other,Male,42,40-49,No,NA,31-35 mph,O: No Injury,Black,Female,Sport Utility,No,09MAY2009,Saturday,Bicyclist Left Turn / Merge,15,Non-Intersection,May,A: Disabling Injury,15:17:00,Bicyclist Left Turn - Opposite Direction,2009,Yes,No,Daylight,Straight - Bottom,Local Street,Dry,"Two-Way, Not Divided",None,No Special Feature,Smooth Asphalt,2 lanes,"35.8308440894, -78.6743626228"
4851,Boone,Watauga,Mountains,Commercial,Urban (>70% Developed),NA,Urban,30 - 35  MPH,No Control Present,Clear,No,29,25-29,No,NA,With Traffic,C: Possible Injury,Travel Lane,White,Male,46,40-49,No,NA,31-35 mph,O: No Injury,White,Male,Passenger Car,No,20MAY2009,Wednesday,Motorist Overtaking Bicyclist,19,Non-Intersection,May,C: Possible Injury,19:33:00,Motorist Overtaking - Undetected Bicyclist,2009,No,No,Daylight,Straight - Level,US Route,Dry,"Two-Way, Not Divided",None,No Special Feature,Smooth Asphalt,5 lanes,"36.2049270557, -81.6935835504"
4853,None - Rural Crash,Union,Piedmont,Residential,Urban (>70% Developed),NA,Rural,40 - 45  MPH,"Double Yellow Line, No Passing Zone",Clear,No,38,30-39,No,NA,With Traffic,C: Possible Injury,Travel Lane,White,Male,17,0-19,No,NA,11-15 mph,O: No Injury,White,Female,Passenger Car,No,19MAY2009,Tuesday,Motorist Right Turn / Merge,15,Non-Intersection,May,C: Possible Injury,15:15:00,Motorist Right Turn - Same Direction,2009,No,No,Daylight,Straight - Level,State Secondary Route,Dry,"Two-Way, Not Divided",None,No Special Feature,Smooth Asphalt,2 lanes,"35.0562698499, -80.7343932001"
4857,Tabor City,Columbus,Coastal,Commercial,Urban (>70% Developed),NA,Rural,40 - 45  MPH,"Double Yellow Line, No Passing Zone",Clear,No,13,11-15,No,NA,With Traffic,B: Evident Injury,Travel Lane,White,Male,68,60-69,No,NA,41-45 mph,O: No Injury,White,Male,Van,No,22MAY2009,Friday,Bicyclist Left Turn / Merge,17,Non-Intersection,May,B: Evident Injury,17:17:00,Bicyclist Left Turn - Opposite Direction,2009,Yes,No,Daylight,Straight - Level,Local Street,Dry,"Two-Way, Divided, Unprotected Median",None,No Special Feature,Coarse Asphalt,3 lanes,"34.1543337182, -78.8645125953"
4860,Oak Island,Brunswick,Coastal,Residential,Urban (>70% Developed),NA,Urban,30 - 35  MPH,Stop Sign,Clear,No,54,50-59,No,NA,With Traffic,B: Evident Injury,Travel Lane,White,Female,56,50-59,No,NA,NA,O: No Injury,White,Male,Passenger Car,No,23MAY2009,Saturday,Loss of Control / Turning Error,0,Intersection,May,B: Evident Injury,00:01:00,Bicyclist Lost Control - Surface Conditions,2009,No,No,Daylight,Straight - Level,Local Street,Dry,"Two-Way, Not Divided",None,T-Intersection,Sand,2 lanes,"33.9133166883, -78.139412365"
4868,Charlotte,Mecklenburg,Piedmont,Commercial,Urban (>70% Developed),NA,Urban,5 - 15 MPH,No Control Present,Clear,No,47,40-49,No,NA,Facing Traffic,B: Evident Injury,Sidewalk / Crosswalk / Driveway Crossing,Black,Male,NA,NA,No,NA,0-5 mph,Unknown Injury,Unknown/Missing,NA,Sport Utility,No,22MAY2009,Friday,Motorist Failed to Yield - Midblock,17,Non-Intersection,May,B: Evident Injury,17:47:00,Motorist Drive Out - Other Midblock,2009,No,Yes,Daylight,Straight - Grade,US Route,Dry,"Two-Way, Not Divided",None,"Driveway, Public",Concrete,NA,"35.2472908877, -80.8178632352"
4875,None - Rural Crash,Franklin,Piedmont,Residential,Rural (<30% Developed),NA,Rural,50 - 55  MPH,No Control Present,Clear,No,10,6-10,No,NA,Not Applicable,B: Evident Injury,Driveway / Alley,Black,Male,52,50-59,No,NA,36-40 mph,O: No Injury,Black,Male,Passenger Car,No,31MAY2009,Sunday,Bicyclist Failed to Yield - Midblock,15,Non-Intersection,May,B: Evident Injury,15:22:00,Bicyclist Ride Out - Residential Driveway,2009,Yes,No,Daylight,Straight - Level,State Secondary Route,Dry,"Two-Way, Not Divided",None,No Special Feature,Smooth Asphalt,2 lanes,"36.0627741535, -78.2560675076"
4876,None - Rural Crash,Pender,Coastal,Residential,Mixed (30% To 70% Developed),NA,Rural,50 - 55  MPH,Other,Clear,No,15,11-15,No,NA,With Traffic,C: Possible Injury,Travel Lane,White,Male,70+,70+,No,NA,51-55 mph,O: No Injury,White,Female,Passenger Car,No,07JUN2009,Sunday,Bicyclist Left Turn / Merge,16,Non-Intersection,June,C: Possible Injury,16:50:00,Bicyclist Left Turn - Same Direction,2009,No,No,Daylight,Straight - Level,State Secondary Route,Dry,"Two-Way, Not Divided",None,No Special Feature,Coarse Asphalt,3 lanes,"34.3995368125, -77.6438772386"
4879,Kinston,Lenoir,Coastal,Residential,Urban (>70% Developed),NA,Urban,20 - 25  MPH,Stop Sign,Clear,No,15,11-15,No,NA,With Traffic,A: Disabling Injury,Travel Lane,Black,Male,52,50-59,No,NA,21-25 mph,O: No Injury,Black,Male,Passenger Car,No,11JUN2009,Thursday,Bicyclist Failed to Yield - Sign-Controlled Intersection,18,Intersection,June,A: Disabling Injury,18:45:00,Bicyclist Ride Through - Sign-Controlled Intersection,2009,Yes,No,Dusk,Straight - Bottom,Local Street,Dry,"Two-Way, Not Divided",None,Four-Way Intersection,Smooth Asphalt,2 lanes,"35.2709310058, -77.5757222604"
4892,Wilmington,New Hanover,Coastal,Residential,Urban (>70% Developed),NA,Urban,30 - 35  MPH,No Control Present,Clear,No,33,30-39,No,NA,With Traffic,C: Possible Injury,Travel Lane,Asian,Male,NA,NA,No,NA,26-30 mph,Unknown Injury,Unknown/Missing,NA,Passenger Car,No,30MAY2009,Saturday,Loss of Control / Turning Error,19,Non-Intersection,May,C: Possible Injury,19:09:00,Bicyclist Lost Control - Other / Unknown,2009,No,Yes,Daylight,Straight - Level,Local Street,Dry,"Two-Way, Not Divided",None,No Special Feature,Smooth Asphalt,4 lanes,"34.2262407656, -77.9117623114"
4893,Newport,Carteret,Coastal,Commercial,Mixed (30% To 70% Developed),NA,Rural,50 - 55  MPH,No Control Present,Rain,No,14,11-15,No,NA,With Traffic,B: Evident Injury,Travel Lane,Unknown/Missing,Male,46,40-49,No,NA,51-55 mph,O: No Injury,Black,Male,Sport Utility,No,16MAY2009,Saturday,Motorist Overtaking Bicyclist,4,Non-Intersection,May,B: Evident Injury,04:40:00,Motorist Overtaking - Undetected Bicyclist,2009,Yes,No,Dark - Roadway Not Lighted,Straight - Level,US Route,Wet,"Two-Way, Divided, Unprotected Median",None,No Special Feature,Smooth Asphalt,4 lanes,"34.7889549237, -76.875986024"
4898,Winston-Salem,Forsyth,Piedmont,Commercial,Urban (>70% Developed),NA,Urban,40 - 45  MPH,No Control Present,Cloudy,No,55,50-59,No,NA,Facing Traffic,C: Possible Injury,Sidewalk / Crosswalk / Driveway Crossing,Black,Male,66,60-69,No,NA,0-5 mph,O: No Injury,White,Male,Passenger Car,No,04JUN2009,Thursday,Motorist Failed to Yield - Midblock,7,Non-Intersection,June,C: Possible Injury,07:54:00,Motorist Drive Out - Commercial Driveway / Alley,2009,Yes,No,Daylight,Straight - Level,Local Street,Dry,"Two-Way, Divided, Positive Median Barrier",None,"Driveway, Public",Smooth Asphalt,6 lanes,"36.0716700832, -80.258029114"
4901,Elizabeth City,Pasquotank,Coastal,Residential,Rural (<30% Developed),NA,Urban,20 - 25  MPH,Stop And Go Signal,Clear,No,38,30-39,No,NA,With Traffic,B: Evident Injury,Travel Lane,White,Female,38,30-39,No,NA,6-10 mph,O: No Injury,Black,Female,Passenger Car,No,09JUN2009,Tuesday,Motorist Left Turn / Merge,11,Intersection,June,B: Evident Injury,11:53:00,Motorist Left Turn - Opposite Direction,2009,Yes,No,Daylight,Straight - Level,Local Street,Dry,"Two-Way, Divided, Unprotected Median",None,Four-Way Intersection,Grooved Concrete,2 lanes,"36.302192275, -76.2232718984"
4903,Raleigh,Wake,Piedmont,"Farms, Woods, Pastures",Mixed (30% To 70% Developed),NA,Urban,20 - 25  MPH,Stop Sign,Clear,No,19,16-19,No,NA,With Traffic,B: Evident Injury,Travel Lane,White,Male,27,25-29,No,NA,0-5 mph,O: No Injury,Asian,Male,Passenger Car,No,02JUN2009,Tuesday,Crossing Paths - Other Circumstances,11,Intersection,June,B: Evident Injury,11:19:00,Crossing Paths - Intersection - Other / Unknown,2009,No,No,Daylight,Straight - Level,Local Street,Dry,"Two-Way, Not Divided",None,T-Intersection,Smooth Asphalt,2 lanes,"35.7849310794, -78.6757726205"
4904,None - Rural Crash,New Hanover,Coastal,Residential,Mixed (30% To 70% Developed),NA,Rural,50 - 55  MPH,No Control Present,Clear,No,19,16-19,No,NA,With Traffic,B: Evident Injury,Travel Lane,White,Male,42,40-49,No,NA,46-50 mph,O: No Injury,White,Male,Van,No,19JUN2009,Friday,Bicyclist Left Turn / Merge,1,Non-Intersection,June,B: Evident Injury,01:00:00,Bicyclist Left Turn - Same Direction,2009,Yes,No,Dark - Roadway Not Lighted,Straight - Level,US Route,Dry,"Two-Way, Divided, Unprotected Median",None,No Special Feature,Coarse Asphalt,4 lanes,"34.0748397318, -77.8949382993"
4905,Lumberton,Robeson,Coastal,Residential,Urban (>70% Developed),NA,Urban,30 - 35  MPH,No Control Present,Clear,No,37,30-39,No,NA,With Traffic,C: Possible Injury,Travel Lane,Black,Male,45,40-49,No,NA,26-30 mph,O: No Injury,Black,Male,Passenger Car,No,12JUN2009,Friday,Motorist Overtaking Bicyclist,22,Intersection,June,C: Possible Injury,22:19:00,Motorist Overtaking - Other / Unknown,2009,Yes,Yes,Dark - Lighted Roadway,Straight - Level,Local Street,Dry,"Two-Way, Not Divided",None,Four-Way Intersection,Coarse Asphalt,4 lanes,"34.6163248155, -78.9998276586"
4913,Wilmington,New Hanover,Coastal,Residential,Urban (>70% Developed),NA,Urban,20 - 25  MPH,Stop Sign,Cloudy,No,25,25-29,No,NA,Not Applicable,O: No Injury,Other,Black,Male,39,30-39,No,NA,11-15 mph,O: No Injury,White,Male,Police,No,14JUN2009,Sunday,Parallel Paths - Other Circumstances,0,Intersection,June,O: No Injury,00:10:00,Parallel Paths - Other / Unknown,2009,No,No,Dark - Lighted Roadway,Straight - Level,Local Street,Dry,"Two-Way, Not Divided",None,Four-Way Intersection,Smooth Asphalt,2 lanes,"34.2415607682, -77.9372123198"
4914,Wilmington,New Hanover,Coastal,Residential,Urban (>70% Developed),NA,Urban,NA,No Control Present,Cloudy,No,24,20-24,No,NA,With Traffic,C: Possible Injury,Travel Lane,White,Male,NA,NA,Missing,NA,NA,Unknown Injury,Unknown/Missing,NA,NA,No,13JUN2009,Saturday,Motorist Overtaking Bicyclist,21,Non-Intersection,June,C: Possible Injury,21:16:00,Motorist Overtaking - Misjudged Space,2009,Yes,Yes,Dark - Lighted Roadway,Straight - Level,Local Street,Dry,"Two-Way, Not Divided",None,No Special Feature,Smooth Asphalt,2 lanes,"34.236594768, -77.9043723093"
4917,Raleigh,Wake,Piedmont,Residential,Urban (>70% Developed),NA,Urban,30 - 35  MPH,No Control Present,Clear,No,30,30-39,Yes,NA,Not Applicable,B: Evident Injury,NA,Hispanic,Male,20,20-24,No,NA,31-35 mph,O: No Injury,Black,Female,Passenger Car,Yes,07JUN2009,Sunday,Bicyclist Failed to Yield - Midblock,3,Non-Intersection,June,B: Evident Injury,03:53:00,Bicyclist Ride Out - Midblock - Unknown,2009,Yes,No,Dark - Lighted Roadway,Straight - Level,Local Street,Dry,"Two-Way, Divided, Unprotected Median",None,No Special Feature,Smooth Asphalt,2 lanes,"35.7899740825, -78.6132426021"
4920,Durham,Durham,Piedmont,Commercial,Urban (>70% Developed),NA,Urban,20 - 25  MPH,No Control Present,Clear,No,51,50-59,No,NA,NA,B: Evident Injury,Travel Lane,Black,Male,22,20-24,No,NA,11-15 mph,O: No Injury,Black,Male,Passenger Car,No,15JUN2009,Monday,Bicyclist Failed to Yield - Midblock,17,Non-Intersection,June,B: Evident Injury,17:32:00,Bicyclist Ride Out - Midblock - Unknown,2009,Yes,No,Daylight,Straight - Level,Local Street,Dry,"One-Way, Not Divided",None,Y-Intersection,Smooth Asphalt,3 lanes,"35.9950941162, -78.8972826993"
4939,None - Rural Crash,Brunswick,Coastal,Residential,Mixed (30% To 70% Developed),NA,Rural,50 - 55  MPH,No Control Present,Clear,No,46,40-49,No,NA,With Traffic,B: Evident Injury,Travel Lane,Black,Male,32,30-39,No,NA,51-55 mph,O: No Injury,White,Female,Passenger Car,No,24JUN2009,Wednesday,Motorist Overtaking Bicyclist,10,Non-Intersection,June,B: Evident Injury,10:36:00,Motorist Overtaking - Other / Unknown,2009,Yes,No,Daylight,Straight - Level,NC Route,Dry,"Two-Way, Not Divided",None,No Special Feature,Smooth Asphalt,2 lanes,"34.2107167599, -77.9832623316"
4943,Garner,Wake,Piedmont,Residential,Urban (>70% Developed),NA,Urban,20 - 25  MPH,No Control Present,Cloudy,No,12,11-15,No,NA,NA,C: Possible Injury,Travel Lane,White,Female,23,20-24,No,NA,6-10 mph,O: No Injury,Black,Female,Sport Utility,No,16JUN2009,Tuesday,Other / Unknown - Insufficient Details,19,Non-Intersection,June,C: Possible Injury,19:04:00,Unknown Approach Paths,2009,Yes,No,Daylight,Straight - Level,Local Street,Wet,"Two-Way, Not Divided",None,No Special Feature,Smooth Asphalt,2 lanes,"35.7106200654, -78.6249226014"
4947,None - Rural Crash,Union,Piedmont,"Farms, Woods, Pastures",Rural (<30% Developed),NA,Rural,50 - 55  MPH,"Double Yellow Line, No Passing Zone",Clear,Yes,39,30-39,No,NA,With Traffic,A: Disabling Injury,Bike Lane / Paved Shoulder,White,Male,29,25-29,No,NA,51-55 mph,O: No Injury,Black,Female,Passenger Car,No,12JUN2009,Friday,Bicyclist Left Turn / Merge,17,Non-Intersection,June,A: Disabling Injury,17:04:00,Bicyclist Left Turn - Same Direction,2009,Yes,No,Daylight,Straight - Level,US Route,Dry,"Two-Way, Not Divided",None,No Special Feature,Smooth Asphalt,2 lanes,"34.9362518323, -80.4866331202"