object_id,city,county,region,development,locality,on_road,rural_urban,speed_limit,traffic_control,weather,workzone,bike_age,bike_age_group,bike_alcohol,bike_alcohol_drugs,bike_direction,bike_injury,bike_position,bike_race,bike_sex,driver_age,driver_age_group,driver_alcohol,driver_alcohol_drugs,driver_est_speed,driver_injury,driver_race,driver_sex,driver_vehicle_type,crash_alcohol,crash_date,crash_day,crash_group,crash_hour,crash_location,crash_month,crash_severity,crash_time,crash_type,crash_year,ambulance_req,hit_run,light_condition,road_character,road_class,road_condition,road_configuration,road_defects,road_feature,road_surface,num_lanes,geo_point
4948,Durham,Durham,Piedmont,Commercial,Urban (>70% Developed),NA,Urban,30 - 35  MPH,No Control Present,Clear,No,13,11-15,No,NA,Not Applicable,O: No Injury,Non-Roadway,White,Male,67,60-69,No,NA,11-15 mph,O: No Injury,Black,Female,Passenger Car,No,03JUL2009,Friday,Motorist Left Turn / Merge,11,Non-Intersection,July,A: Disabling Injury,11:41:00,Motorist Left Turn - Opposite Direction,2009,Yes,No,Daylight,Straight - Hillcrest,Local Street,Dry,"Two-Way, Not Divided",None,"Driveway, Public",Coarse Asphalt,3 lanes,"35.9929041171, -78.8700326904"
4949,Wilmington,New Hanover,Coastal,Residential,Urban (>70% Developed),NA,Urban,40 - 45  MPH,Stop And Go Signal,Clear,No,24,20-24,No,NA,With Traffic,C: Possible Injury,Travel Lane,White,Male,45,40-49,Yes,NA,26-30 mph,O: No Injury,Black,Male,"Light Truck (Mini-Van, Panel)",Yes,19JUN2009,Friday,Motorist Overtaking Bicyclist,21,Non-Intersection,June,C: Possible Injury,21:42:00,Motorist Overtaking - Undetected Bicyclist,2009,No,No,Dark - Roadway Not Lighted,Straight - Level,Local Street,Dry,"Two-Way, Not Divided",None,Four-Way Intersection,Coarse Asphalt,6 lanes,"34.2263707652, -77.9120323114"
4952,Salisbury,Rowan,Piedmont,Residential,Urban (>70% Developed),NA,Urban,30 - 35  MPH,Stop Sign,Clear,No,65,60-69,No,NA,Facing Traffic,O: No Injury,NA,Black,Male,51,50-59,No,NA,0-5 mph,O: No Injury,Black,Male,Passenger Car,No,07JUL2009,Tuesday,Motorist Left Turn / Merge,13,Intersection,July,O: No Injury,13:50:00,Motorist Left Turn - Same Direction,2009,No,No,Daylight,Straight - Level,Local Street,Dry,"Two-Way, Not Divided",None,Four-Way Intersection,Smooth Asphalt,2 lanes,"35.6717829902, -80.4751771561"
4953,None - Rural Crash,Wilson,Coastal,"Farms, Woods, Pastures",Mixed (30% To 70% Developed),NA,Rural,50 - 55  MPH,No Control Present,Clear,No,20,20-24,No,NA,With Traffic,B: Evident Injury,Bike Lane / Paved Shoulder,White,Male,52,50-59,No,NA,51-55 mph,B: Evident Injury,White,Male,Motorcycle,No,28JUN2009,Sunday,Bicyclist Right Turn / Merge,17,Non-Intersection,June,B: Evident Injury,17:38:00,Bicyclist Right Turn - Same Direction,2009,No,No,Daylight,Straight - Level,US Route,Dry,"Two-Way, Divided, Unprotected Median",None,No Special Feature,Coarse Asphalt,4 lanes,"35.7640970979, -78.0110264173"
4958,None - Rural Crash,New Hanover,Coastal,Residential,Urban (>70% Developed),NA,Rural,40 - 45  MPH,"Double Yellow Line, No Passing Zone",Clear,No,19,16-19,No,NA,With Traffic,B: Evident Injury,Bike Lane / Paved Shoulder,White,Male,41,40-49,No,NA,36-40 mph,O: No Injury,White,Female,Passenger Car,No,25JUN2009,Thursday,Bicyclist Left Turn / Merge,17,Non-Intersection,June,B: Evident Injury,17:45:00,Bicyclist Left Turn - Same Direction,2009,No,No,Daylight,Straight - Level,NC Route,Dry,"Two-Way, Not Divided",None,No Special Feature,Coarse Asphalt,2 lanes,"34.2814127774, -77.9230523172"
4968,Sylva,Jackson,Mountains,Commercial,Urban (>70% Developed),NA,Rural,5 - 15 MPH,No Control Present,Clear,No,27,25-29,No,NA,With Traffic,B: Evident Injury,Travel Lane,White,Male,70+,70+,No,NA,6-10 mph,O: No Injury,White,Male,Pickup,No,26JUN2009,Friday,Head-On,17,Non-Intersection,June,B: Evident Injury,17:15:00,Head-On - Bicyclist,2009,Yes,No,Daylight,Straight - Grade,Public Vehicular Area,Dry,"Two-Way, Not Divided",None,"Driveway, Public",Smooth Asphalt,2 lanes,"35.3738398238, -83.2130039516"
4981,Boone,Watauga,Mountains,Commercial,Urban (>70% Developed),NA,Urban,NA,No Control Present,Clear,No,26,25-29,No,NA,Facing Traffic,O: No Injury,Sidewalk / Crosswalk / Driveway Crossing,White,Male,16,0-19,No,NA,6-10 mph,O: No Injury,White,Female,Pickup,No,08JUL2009,Wednesday,Motorist Failed to Yield - Midblock,16,Non-Intersection,July,O: No Injury,16:49:00,Motorist Drive Out - Commercial Driveway / Alley,2009,No,No,Daylight,Straight - Level,Public Vehicular Area,Dry,"Two-Way, Not Divided",None,No Special Feature,Smooth Asphalt,NA,"36.2032770573, -81.665583542"
4983,None - Rural Crash,Cherokee,Mountains,"Farms, Woods, Pastures",Rural (<30% Developed),NA,Rural,20 - 25  MPH,"Double Yellow Line, No Passing Zone",Clear,No,46,40-49,No,NA,With Traffic,C: Possible Injury,Travel Lane,White,Female,70+,70+,No,NA,21-25 mph,O: No Injury,White,Female,Passenger Car,No,21JUN2009,Sunday,Motorist Left Turn / Merge,20,Intersection,June,C: Possible Injury,20:35:00,Motorist Left Turn - Opposite Direction,2009,No,No,Daylight,Curve - Grade,State Secondary Route,Dry,"Two-Way, Not Divided",None,T-Intersection,Smooth Asphalt,2 lanes,"35.035316724, -83.9654241512"
4995,None - Rural Crash,Harnett,Coastal,"Farms, Woods, Pastures",Rural (<30% Developed),NA,Rural,50 - 55  MPH,No Control Present,Clear,No,42,40-49,No,NA,With Traffic,B: Evident Injury,Travel Lane,White,Male,19,0-19,No,NA,51-55 mph,O: No Injury,Black,Male,Passenger Car,No,03JUL2009,Friday,Motorist Overtaking Bicyclist,20,Non-Intersection,July,B: Evident Injury,20:00:00,Motorist Overtaking - Other / Unknown,2009,Yes,No,Daylight,Straight - Grade,State Secondary Route,Dry,"Two-Way, Not Divided",None,No Special Feature,Smooth Asphalt,2 lanes,"35.2365599446, -79.1514127349"
994,None - Rural Crash,Pasquotank,Coastal,Commercial,Mixed (30% To 70% Developed),SR 1169,Rural,50 - 55  MPH,"Double Yellow Line, No Passing Zone",Clear,No,53,50-59,No,NA,With Traffic,B: Evident Injury,Travel Lane,White,Male,47,40-49,No,NA,16-20 mph,O: No Injury,White,Male,Van,No,11APR2013,Thursday,Motorist Left Turn / Merge,6,Non-Intersection,April,B: Evident Injury,06:12:00,Motorist Left Turn - Opposite Direction,2013,Yes,No,Dawn,Straight - Level,State Secondary Route,Dry,"Two-Way, Not Divided",None,No Special Feature,Smooth Asphalt,2 lanes,"36.2622272672, -76.2011018889"
980,Winston-Salem,Forsyth,Piedmont,Residential,Urban (>70% Developed),2800 BLK OF STOCKTON S,Urban,30 - 35  MPH,No Control Present,Clear,No,5,0-5,No,NA,Not Applicable,B: Evident Injury,Multi-use Path,Black,Female,47,40-49,No,NA,26-30 mph,O: No Injury,Hispanic,Male,Pickup,No,15MAR2013,Friday,Bicyclist Failed to Yield - Midblock,15,Non-Intersection,March,B: Evident Injury,15:55:00,Bicyclist Ride Out - Other Midblock,2013,Yes,No,Daylight,Straight - Grade,Local Street,Dry,"Two-Way, Not Divided",None,T-Intersection,Smooth Asphalt,2 lanes,"36.0587170809, -80.2374031071"
976,Raleigh,Wake,Piedmont,Commercial,Urban (>70% Developed),SUNNYBROOK RD,Urban,30 - 35  MPH,Stop Sign,Clear,No,56,50-59,No,NA,Not Applicable,C: Possible Injury,Non-Roadway,White,Male,56,50-59,No,NA,6-10 mph,O: No Injury,Black,Male,Van,No,28MAR2013,Thursday,Motorist Left Turn / Merge,11,Intersection,March,C: Possible Injury,11:14:00,Motorist Left Turn - Opposite Direction,2013,Yes,No,Daylight,Straight - Level,Local Street,Dry,"Two-Way, Divided, Positive Median Barrier",None,No Special Feature,Smooth Asphalt,4 lanes,"35.7864670828, -78.5860025931"
970,Raleigh,Wake,Piedmont,Commercial,Urban (>70% Developed),CAPITAL BLVD,Urban,40 - 45  MPH,Other,Cloudy,No,61,60-69,No,NA,NA,O: No Injury,NA,White,Male,66,60-69,No,NA,0-5 mph,O: No Injury,White,Male,Pickup,No,20MAR2013,Wednesday,Backing Vehicle,10,Intersection-Related,March,O: No Injury,10:08:00,Backing Vehicle,2013,Yes,No,Daylight,Straight - Grade,Local Street,Dry,"Two-Way, Divided, Unprotected Median",None,No Special Feature,Smooth Asphalt,4 lanes,"35.8187670899, -78.5961025976"
3524,Wilmington,New Hanover,Coastal,Commercial,Urban (>70% Developed),NA,Urban,20 - 25  MPH,Stop Sign,Clear,No,20,20-24,No,NA,With Traffic,B: Evident Injury,Travel Lane,White,Male,21,20-24,No,NA,6-10 mph,O: No Injury,White,Female,Sport Utility,No,17OCT2011,Monday,Motorist Left Turn / Merge,22,Intersection,October,B: Evident Injury,22:56:00,Motorist Left Turn - Opposite Direction,2011,Yes,No,Dark - Lighted Roadway,Straight - Level,Local Street,Dry,"Two-Way, Not Divided",None,T-Intersection,Smooth Asphalt,2 lanes,"34.2236367662, -77.8728022987"
3529,Charlotte,Mecklenburg,Piedmont,Commercial,Urban (>70% Developed),NA,Urban,5 - 15 MPH,No Control Present,Clear,No,27,25-29,No,NA,Facing Traffic,C: Possible Injury,Sidewalk / Crosswalk / Driveway Crossing,Black,Male,41,40-49,No,NA,0-5 mph,O: No Injury,Black,Female,Passenger Car,No,16SEP2011,Friday,Motorist Failed to Yield - Midblock,7,Non-Intersection,September,C: Possible Injury,07:47:00,Motorist Drive Out - Commercial Driveway / Alley,2011,Yes,No,Daylight,Straight - Hillcrest,Public Vehicular Area,Dry,"Two-Way, Not Divided",Other,"Driveway, Public",Smooth Asphalt,NA,"35.2586868907, -80.7851032268"
3532,Mooresville,Iredell,Piedmont,Residential,Rural (<30% Developed),NA,Urban,30 - 35  MPH,No Control Present,Clear,No,56,50-59,No,NA,With Traffic,O: No Injury,Travel Lane,White,Male,32,30-39,No,NA,0-5 mph,O: No Injury,Hispanic,Male,Pickup,No,22OCT2011,Saturday,Bicyclist Overtaking Motorist,10,Intersection,October,O: No Injury,10:26:00,Bicyclist Overtaking - Passing on Right,2011,No,No,Daylight,Straight - Level,NC Route,Dry,"Two-Way, Not Divided",None,No Special Feature,Smooth Asphalt,2 lanes,"35.5723369566, -80.8251032554"
3533,Gastonia,Gaston,Piedmont,Residential,Urban (>70% Developed),NA,Urban,30 - 35  MPH,Stop Sign,Clear,No,4,0-5,No,NA,With Traffic,B: Evident Injury,Travel Lane,Black,Male,51,50-59,No,NA,31-35 mph,O: No Injury,White,Male,Sport Utility,No,23OCT2011,Sunday,Bicyclist Failed to Yield - Sign-Controlled Intersection,16,Intersection,October,B: Evident Injury,16:23:00,Bicyclist Ride Through - Sign-Controlled Intersection,2011,Yes,No,Daylight,Straight - Grade,Local Street,Dry,"Two-Way, Not Divided",None,T-Intersection,Smooth Asphalt,2 lanes,"35.2712768795, -81.1821033453"
5006,Beaufort,Carteret,Coastal,Commercial,Urban (>70% Developed),NA,Rural,30 - 35  MPH,No Control Present,Cloudy,No,60,60-69,No,NA,Not Applicable,B: Evident Injury,Travel Lane,White,Female,57,50-59,No,NA,11-15 mph,O: No Injury,White,Male,Pickup,No,24JUL2009,Friday,Non-Roadway,11,Non-Roadway,July,B: Evident Injury,11:30:00,Non-Roadway,2009,Yes,No,Daylight,Straight - Level,Public Vehicular Area,Dry,"Two-Way, Not Divided",None,"Driveway, Public",Coarse Asphalt,2 lanes,"34.7243669166, -76.6475619509"
5007,Fayetteville,Cumberland,Coastal,Residential,Urban (>70% Developed),NA,Urban,30 - 35  MPH,Flashing Signal With Stop Sign,Clear,No,22,20-24,No,NA,With Traffic,A: Disabling Injury,Travel Lane,Black,Male,NA,NA,Missing,NA,NA,Unknown Injury,Unknown/Missing,NA,NA,No,15JUL2009,Wednesday,Loss of Control / Turning Error,19,Non-Intersection,July,A: Disabling Injury,19:53:00,Bicyclist Lost Control - Other / Unknown,2009,Yes,Yes,Dusk,Straight - Level,Local Street,Dry,"Two-Way, Not Divided",Work Zone,No Special Feature,Coarse Asphalt,2 lanes,"35.0526369138, -78.8962226492"
5011,Charlotte,Mecklenburg,Piedmont,Residential,Urban (>70% Developed),NA,Urban,30 - 35  MPH,Stop Sign,Clear,No,32,30-39,No,NA,With Traffic,B: Evident Injury,Travel Lane,White,Female,54,50-59,No,NA,6-10 mph,O: No Injury,White,Male,Sport Utility,No,15JUL2009,Wednesday,Motorist Failed to Yield - Sign-Controlled Intersection,19,Intersection,July,B: Evident Injury,19:23:00,Motorist Drive Out - Sign-Controlled Intersection,2009,Yes,No,Daylight,Straight - Level,Local Street,Dry,"Two-Way, Not Divided",None,No Special Feature,Smooth Asphalt,2 lanes,"35.0316568422, -80.7925632162"
5012,Rocky Mount,Nash,Coastal,Residential,Urban (>70% Developed),NA,Urban,30 - 35  MPH,Stop Sign,Clear,No,18,16-19,No,NA,With Traffic,C: Possible Injury,Travel Lane,White,Male,40,40-49,No,NA,31-35 mph,O: No Injury,Black,Female,Sport Utility,No,01JUL2009,Wednesday,Loss of Control / Turning Error,14,Intersection,July,C: Possible Injury,14:27:00,Bicyclist Turning Error - Other,2009,Yes,No,Daylight,Straight - Level,Local Street,Dry,"Two-Way, Not Divided",None,No Special Feature,Coarse Asphalt,2 lanes,"35.9550471455, -77.8367863749"
5018,Apex,Wake,Piedmont,Commercial,Urban (>70% Developed),NA,Urban,30 - 35  MPH,No Control Present,Clear,No,30,30-39,No,NA,With Traffic,B: Evident Injury,Travel Lane,White,Female,69,60-69,No,NA,11-15 mph,O: No Injury,White,Female,Passenger Car,No,19JUL2009,Sunday,Motorist Left Turn / Merge,12,Intersection,July,B: Evident Injury,12:21:00,Motorist Left Turn - Opposite Direction,2009,No,No,Daylight,Straight - Grade,Local Street,Dry,"Two-Way, Not Divided",None,Four-Way Intersection,Smooth Asphalt,2 lanes,"35.740377063, -78.8588126735"
5026,Albemarle,Stanly,Piedmont,Residential,Urban (>70% Developed),NA,Urban,30 - 35  MPH,Flashing Signal With Stop Sign,Clear,No,40,40-49,No,NA,With Traffic,B: Evident Injury,Travel Lane,White,Female,24,20-24,No,NA,6-10 mph,O: No Injury,White,Female,Passenger Car,No,24JUL2009,Friday,Motorist Failed to Yield - Sign-Controlled Intersection,22,Intersection,July,B: Evident Injury,22:00:00,Motorist Drive Out - Sign-Controlled Intersection,2009,Yes,No,Dark - Lighted Roadway,Curve - Level,Local Street,Dry,"Two-Way, Not Divided",None,T-Intersection,Smooth Asphalt,2 lanes,"35.3541829331, -80.1849930515"
5031,Charlotte,Mecklenburg,Piedmont,Commercial,Urban (>70% Developed),NA,Urban,30 - 35  MPH,No Control Present,Clear,No,45,40-49,No,NA,With Traffic,B: Evident Injury,Travel Lane,Unknown/Missing,Male,NA,NA,Missing,NA,31-35 mph,Unknown Injury,Unknown/Missing,NA,NA,No,28JUL2009,Tuesday,Motorist Overtaking Bicyclist,16,Non-Intersection,July,B: Evident Injury,16:16:00,Motorist Overtaking - Other / Unknown,2009,No,Yes,Dawn,Straight - Level,Local Street,Dry,"Two-Way, Divided, Unprotected Median",None,No Special Feature,Smooth Asphalt,4 lanes,"35.2511818881, -80.8120532339"
5035,Apex,Wake,Piedmont,Commercial,Urban (>70% Developed),NA,Urban,40 - 45  MPH,Stop And Go Signal,Clear,No,20,20-24,No,NA,Facing Traffic,B: Evident Injury,Sidewalk / Crosswalk / Driveway Crossing,White,Male,65,60-69,No,NA,31-35 mph,O: No Injury,White,Female,Sport Utility,No,27JUL2009,Monday,Motorist Right Turn / Merge,20,Intersection,July,B: Evident Injury,20:44:00,Motorist Right Turn - Opposite Direction,2009,Yes,No,Dark - Lighted Roadway,Straight - Level,NC Route,Dry,"Two-Way, Not Divided",None,Four-Way Intersection,Smooth Asphalt,5 lanes,"35.7358200619, -78.8625526739"
5036,Duck,Dare,Coastal,Commercial,Mixed (30% To 70% Developed),NA,Rural,20 - 25  MPH,No Control Present,Clear,No,23,20-24,No,NA,With Traffic,Unknown Injury,Travel Lane,White,Male,48,40-49,No,NA,0-5 mph,O: No Injury,White,Male,Van,No,19JUL2009,Sunday,Crossing Paths - Other Circumstances,15,Intersection,July,O: No Injury,15:47:00,Crossing Paths - Intersection - Other / Unknown,2009,No,No,Daylight,Straight - Level,NA,Dry,"Two-Way, Not Divided",None,Shared-Use Paths Or Trails,Coarse Asphalt,2 lanes,"36.1686932614, -75.7553417469"
5038,Raleigh,Wake,Piedmont,Commercial,Urban (>70% Developed),NA,Urban,40 - 45  MPH,Stop And Go Signal,Rain,No,28,25-29,No,NA,Facing Traffic,B: Evident Injury,Sidewalk / Crosswalk / Driveway Crossing,White,Male,46,40-49,No,NA,6-10 mph,O: No Injury,White,Female,Passenger Car,No,17JUL2009,Friday,Motorist Right Turn / Merge,17,Intersection,July,B: Evident Injury,17:11:00,Motorist Right Turn - Opposite Direction,2009,Yes,No,Daylight,Straight - Level,Local Street,Wet,"Two-Way, Divided, Unprotected Median",None,Four-Way Intersection,Smooth Asphalt,5 lanes,"35.8153490847, -78.7051026308"
5042,Raleigh,Wake,Piedmont,Residential,Mixed (30% To 70% Developed),NA,Urban,30 - 35  MPH,Stop Sign,Clear,No,34,30-39,No,NA,Facing Traffic,C: Possible Injury,Travel Lane,Hispanic,Male,58,50-59,No,NA,NA,O: No Injury,White,Male,Taxicab,No,01JUL2009,Wednesday,Motorist Failed to Yield - Sign-Controlled Intersection,17,Intersection,July,C: Possible Injury,17:30:00,Motorist Drive Out - Sign-Controlled Intersection,2009,No,No,Daylight,Straight - Level,Local Street,Dry,"Two-Way, Not Divided",None,T-Intersection,Coarse Asphalt,2 lanes,"35.8324670915, -78.6129786035"
5046,None - Rural Crash,Wake,Piedmont,"Farms, Woods, Pastures",Rural (<30% Developed),NA,Rural,40 - 45  MPH,No Control Present,Clear,No,60,60-69,No,NA,Not Applicable,B: Evident Injury,Bike Lane / Paved Shoulder,White,Male,NA,NA,No,NA,41-45 mph,Unknown Injury,Unknown/Missing,NA,Passenger Car,No,04AUG2009,Tuesday,Loss of Control / Turning Error,8,Non-Intersection,August,B: Evident Injury,08:45:00,Motorist Lost Control - Other / Unknown,2009,No,Yes,Daylight,Straight - Level,State Secondary Route,Dry,"Two-Way, Not Divided",None,No Special Feature,Smooth Asphalt,2 lanes,"35.580192033, -78.7434186299"
5052,Kinston,Lenoir,Coastal,Commercial,Urban (>70% Developed),NA,Urban,40 - 45  MPH,Stop Sign,Clear,No,50,50-59,No,NA,With Traffic,C: Possible Injury,Travel Lane,Black,Male,31,30-39,No,NA,NA,O: No Injury,White,Female,Passenger Car,No,27JUL2009,Monday,Motorist Failed to Yield - Midblock,8,Non-Intersection,July,C: Possible Injury,08:04:00,Motorist Drive Out - Commercial Driveway / Alley,2009,Yes,No,Daylight,Straight - Level,US Route,Dry,"Two-Way, Not Divided",None,No Special Feature,Smooth Asphalt,4 lanes,"35.2834170067, -77.6461662815"
5053,None - Rural Crash,Halifax,Coastal,Residential,Mixed (30% To 70% Developed),NA,Rural,40 - 45  MPH,No Control Present,Clear,No,42,40-49,No,NA,With Traffic,B: Evident Injury,Travel Lane,White,Male,33,30-39,No,NA,21-25 mph,O: No Injury,White,Female,Passenger Car,No,16JUL2009,Thursday,Motorist Right Turn / Merge,14,Non-Intersection,July,B: Evident Injury,14:26:00,Motorist Right Turn - Same Direction,2009,No,No,Daylight,Straight - Level,NC Route,Dry,"Two-Way, Not Divided",None,"Driveway, Public",Smooth Asphalt,2 lanes,"36.3951222462, -77.6394223376"
5054,None - Rural Crash,Hertford,Coastal,"Farms, Woods, Pastures",Rural (<30% Developed),NA,Rural,50 - 55  MPH,"Double Yellow Line, No Passing Zone",Clear,No,53,50-59,No,NA,With Traffic,B: Evident Injury,Travel Lane,Black,Male,19,0-19,No,NA,51-55 mph,O: No Injury,White,Male,Pickup,No,26JUL2009,Sunday,Motorist Overtaking Bicyclist,20,Non-Intersection,July,B: Evident Injury,20:53:00,Motorist Overtaking - Undetected Bicyclist,2009,Yes,No,Dark - Roadway Not Lighted,Straight - Level,NC Route,Dry,"Two-Way, Not Divided",None,No Special Feature,Coarse Asphalt,2 lanes,"36.2772372425, -77.009317138"
5058,None - Rural Crash,Wilkes,Mountains,Residential,Urban (>70% Developed),NA,Rural,50 - 55  MPH,"Double Yellow Line, No Passing Zone",Clear,No,28,25-29,No,NA,With Traffic,B: Evident Injury,Travel Lane,White,Male,NA,NA,Missing,NA,41-45 mph,Unknown Injury,Unknown/Missing,NA,NA,No,18JUL2009,Saturday,Motorist Overtaking Bicyclist,18,Non-Intersection,July,B: Evident Injury,18:45:00,Motorist Overtaking - Other / Unknown,2009,Yes,Yes,Daylight,Straight - Grade,State Secondary Route,Dry,"Two-Way, Divided, Unprotected Median",None,No Special Feature,Smooth Asphalt,2 lanes,"36.1428100659, -81.1022673712"
5065,Wilmington,New Hanover,Coastal,Commercial,Urban (>70% Developed),NA,Urban,20 - 25  MPH,Stop Sign,Clear,Yes,22,20-24,Yes,NA,With Traffic,A: Disabling Injury,Travel Lane,White,Female,22,20-24,No,NA,11-15 mph,O: No Injury,White,Male,Passenger Car,Yes,26JUL2009,Sunday,Motorist Overtaking Bicyclist,18,Intersection-Related,July,A: Disabling Injury,18:39:00,Motorist Overtaking - Other / Unknown,2009,Yes,No,Daylight,Straight - Level,Local Street,Dry,"Two-Way, Not Divided",None,Four-Way Intersection,Smooth Asphalt,4 lanes,"34.2342567662, -77.9486183221"
5079,None - Rural Crash,Pender,Coastal,"Farms, Woods, Pastures",Rural (<30% Developed),NA,Rural,50 - 55  MPH,"Double Yellow Line, No Passing Zone",Clear,No,15,11-15,No,NA,With Traffic,B: Evident Injury,Travel Lane,Black,Male,37,30-39,No,NA,41-45 mph,O: No Injury,White,Female,Passenger Car,No,01AUG2009,Saturday,Motorist Overtaking Bicyclist,11,Non-Intersection,August,B: Evident Injury,11:50:00,Motorist Overtaking - Misjudged Space,2009,Yes,No,Daylight,Straight - Level,NC Route,Dry,"Two-Way, Not Divided",None,No Special Feature,Smooth Asphalt,2 lanes,"34.4448368098, -78.0375723594"
5090,Winston-Salem,Forsyth,Piedmont,Residential,Mixed (30% To 70% Developed),NA,Urban,40 - 45  MPH,No Control Present,Clear,No,19,16-19,No,NA,With Traffic,B: Evident Injury,Travel Lane,Black,Male,25,25-29,No,NA,41-45 mph,O: No Injury,White,Male,Passenger Car,No,27JUL2009,Monday,Bicyclist Left Turn / Merge,22,Non-Intersection,July,B: Evident Injury,22:35:00,Bicyclist Left Turn - Same Direction,2009,Yes,No,Dark - Lighted Roadway,Straight - Level,Local Street,Dry,"Two-Way, Not Divided",None,No Special Feature,Smooth Asphalt,2 lanes,"36.1576801028, -80.2015431009"
5096,Elizabeth City,Pasquotank,Coastal,Residential,Mixed (30% To 70% Developed),NA,Urban,30 - 35  MPH,Flashing Stop And Go Signal,Clear,No,44,40-49,No,NA,NA,C: Possible Injury,Sidewalk / Crosswalk / Driveway Crossing,Black,Male,61,60-69,No,NA,31-35 mph,O: No Injury,White,Male,Pickup,No,19AUG2009,Wednesday,Bicyclist Failed to Yield - Midblock,12,Non-Intersection,August,C: Possible Injury,12:43:00,Bicyclist Ride Out - Other Midblock,2009,No,No,Daylight,Straight - Level,Local Street,Dry,"Two-Way, Divided, Unprotected Median",None,No Special Feature,Smooth Asphalt,5 lanes,"36.2966112733, -76.2239118983"
5104,Pineville,Mecklenburg,Piedmont,Commercial,Urban (>70% Developed),NA,Rural,40 - 45  MPH,No Control Present,Cloudy,No,48,40-49,No,NA,With Traffic,B: Evident Injury,Travel Lane,Black,Male,43,40-49,No,NA,31-35 mph,O: No Injury,White,Male,Sport Utility,No,01AUG2009,Saturday,Motorist Left Turn / Merge,8,Non-Intersection,August,B: Evident Injury,08:55:00,Motorist Left Turn - Same Direction,2009,Yes,No,Daylight,Straight - Level,US Route,Dry,"Two-Way, Not Divided",None,No Special Feature,Smooth Asphalt,2 lanes,"35.0715018477, -80.8787232445"
5105,None - Rural Crash,Cumberland,Coastal,"Farms, Woods, Pastures",Rural (<30% Developed),NA,Rural,40 - 45  MPH,No Control Present,Clear,No,16,16-19,No,NA,Facing Traffic,O: No Injury,Travel Lane,Black,Male,51,50-59,No,NA,46-50 mph,O: No Injury,White,Male,Pickup,No,16AUG2009,Sunday,Bicyclist Right Turn / Merge,17,Intersection,August,O: No Injury,17:22:00,Bicyclist Right Turn - Same Direction,2009,No,No,Daylight,Straight - Level,State Secondary Route,Dry,"Two-Way, Not Divided",None,T-Intersection,Smooth Asphalt,3 lanes,"35.1572449374, -78.8811226496"
5115,Oriental,Pamlico,Coastal,Residential,Mixed (30% To 70% Developed),NA,Rural,20 - 25  MPH,"Double Yellow Line, No Passing Zone",Clear,No,6,6-10,No,NA,With Traffic,C: Possible Injury,Travel Lane,Black,Female,47,40-49,No,NA,21-25 mph,O: No Injury,White,Male,Sport Utility,No,05SEP2009,Saturday,Crossing Paths - Other Circumstances,17,Intersection,September,C: Possible Injury,17:40:00,Crossing Paths - Intersection - Other / Unknown,2009,Yes,No,Daylight,Straight - Level,Local Street,Dry,"Two-Way, Not Divided",None,T-Intersection,Coarse Asphalt,2 lanes,"35.032233983, -76.69395598"
5117,Spring Lake,Cumberland,Coastal,Commercial,Mixed (30% To 70% Developed),NA,Urban,40 - 45  MPH,No Control Present,Clear,No,7,6-10,No,NA,Not Applicable,C: Possible Injury,NA,Black,Male,23,20-24,No,NA,41-45 mph,O: No Injury,White,Male,Pickup,No,06SEP2009,Sunday,Bicyclist Failed to Yield - Midblock,13,Non-Intersection,September,C: Possible Injury,13:14:00,Bicyclist Ride Out - Midblock - Unknown,2009,No,No,Daylight,Straight - Level,NC Route,Dry,"Two-Way, Not Divided",None,No Special Feature,Coarse Asphalt,5 lanes,"35.199694942, -78.9899776844"
5122,Charlotte,Mecklenburg,Piedmont,Commercial,Urban (>70% Developed),NA,Urban,30 - 35  MPH,Stop And Go Signal,Clear,No,55,50-59,No,NA,With Traffic,C: Possible Injury,Travel Lane,White,Female,29,25-29,No,NA,11-15 mph,O: No Injury,White,Female,Sport Utility,No,26AUG2009,Wednesday,Motorist Left Turn / Merge,8,Intersection,August,C: Possible Injury,08:54:00,Motorist Left Turn - Opposite Direction,2009,Yes,No,Daylight,Straight - Level,Local Street,Dry,"Two-Way, Not Divided",None,Four-Way Intersection,Smooth Asphalt,4 lanes,"35.2098608784, -80.8597292461"
5125,Greensboro,Guilford,Piedmont,Commercial,Urban (>70% Developed),NA,Urban,30 - 35  MPH,RR Gate And Flasher,Clear,No,44,40-49,Yes,NA,With Traffic,B: Evident Injury,Travel Lane,Black,Male,44,40-49,No,NA,26-30 mph,O: No Injury,Other,Female,Passenger Car,Yes,26AUG2009,Wednesday,Motorist Overtaking Bicyclist,15,Non-Intersection,August,B: Evident Injury,15:18:00,Motorist Overtaking - Bicyclist Swerved,2009,Yes,No,Daylight,Straight - Level,Local Street,Dry,"Two-Way, Divided, Unprotected Median",None,Railroad Crossing,Smooth Asphalt,5 lanes,"36.0648070987, -79.7927029735"
5131,Chapel Hill,Orange,Piedmont,Residential,Urban (>70% Developed),NA,Urban,20 - 25  MPH,Stop Sign,Clear,No,9,6-10,No,NA,With Traffic,C: Possible Injury,Sidewalk / Crosswalk / Driveway Crossing,White,Male,43,40-49,No,NA,0-5 mph,O: No Injury,Asian,Female,"Light Truck (Mini-Van, Panel)",No,02SEP2009,Wednesday,Motorist Right Turn / Merge,7,Intersection,September,C: Possible Injury,07:35:00,Motorist Right Turn - Same Direction,2009,Yes,No,Daylight,Straight - Level,Local Street,Dry,"Two-Way, Not Divided",None,Y-Intersection,Smooth Asphalt,2 lanes,"35.8830070866, -79.0698267451"