object_id,city,county,region,development,locality,on_road,rural_urban,speed_limit,traffic_control,weather,workzone,bike_age,bike_age_group,bike_alcohol,bike_alcohol_drugs,bike_direction,bike_injury,bike_position,bike_race,bike_sex,driver_age,driver_age_group,driver_alcohol,driver_alcohol_drugs,driver_est_speed,driver_injury,driver_race,driver_sex,driver_vehicle_type,crash_alcohol,crash_date,crash_day,crash_group,crash_hour,crash_location,crash_month,crash_severity,crash_time,crash_type,crash_year,ambulance_req,hit_run,light_condition,road_character,road_class,road_condition,road_configuration,road_defects,road_feature,road_surface,num_lanes,geo_point
5336,Charlotte,Mecklenburg,Piedmont,Residential,Urban (>70% Developed),NA,Urban,20 - 25  MPH,Stop Sign,Clear,No,18,16-19,No,NA,Facing Traffic,B: Evident Injury,Travel Lane,Black,Male,37,30-39,No,NA,0-5 mph,O: No Injury,Black,Female,Sport Utility,No,14NOV2009,Saturday,Motorist Failed to Yield - Sign-Controlled Intersection,20,Intersection,November,B: Evident Injury,20:53:00,Motorist Drive Out - Sign-Controlled Intersection,2009,Yes,No,Dark - Lighted Roadway,Straight - Level,Local Street,Dry,"Two-Way, Divided, Positive Median Barrier",None,No Special Feature,Smooth Asphalt,4 lanes,"35.24980089, -80.7727132222"
5343,Durham,Durham,Piedmont,Residential,Urban (>70% Developed),NA,Urban,30 - 35  MPH,No Control Present,Clear,No,27,25-29,No,NA,NA,C: Possible Injury,NA,Black,Male,NA,NA,No,NA,46-50 mph,Unknown Injury,Unknown/Missing,NA,Passenger Car,No,07DEC2009,Monday,Crossing Paths - Other Circumstances,21,Intersection,December,C: Possible Injury,21:37:00,Crossing Paths - Intersection - Other / Unknown,2009,No,Yes,Dark - Roadway Not Lighted,Straight - Level,Local Street,Dry,"Two-Way, Not Divided",None,No Special Feature,Smooth Asphalt,2 lanes,"35.991752115, -78.9157227041"
5346,Cornelius,Mecklenburg,Piedmont,Commercial,Urban (>70% Developed),NA,Urban,30 - 35  MPH,No Control Present,Rain,Yes,29,25-29,No,NA,With Traffic,B: Evident Injury,Bike Lane / Paved Shoulder,White,Male,30,30-39,No,NA,31-35 mph,O: No Injury,White,Female,Passenger Car,No,18NOV2009,Wednesday,Parallel Paths - Other Circumstances,17,Non-Intersection,November,B: Evident Injury,17:29:00,Bicyclist Ride Out - Parallel Path,2009,Yes,No,Dark - Lighted Roadway,Straight - Level,NC Route,Wet,"Two-Way, Divided, Unprotected Median",None,No Special Feature,Coarse Asphalt,NA,"35.482046936, -80.8580232599"
5349,Durham,Durham,Piedmont,Commercial,Urban (>70% Developed),NA,Urban,30 - 35  MPH,Stop And Go Signal,Clear,No,28,25-29,No,NA,Not Applicable,Unknown Injury,NA,White,Male,54,50-59,No,NA,0-5 mph,Unknown Injury,White,Female,Passenger Car,No,10DEC2009,Thursday,Crossing Paths - Other Circumstances,15,Intersection-Related,December,Unknown Injury,15:00:00,Signalized Intersection - Other / Unknown,2009,No,No,Daylight,Straight - Level,Local Street,Dry,"Two-Way, Not Divided",None,Four-Way Intersection,Smooth Asphalt,4 lanes,"36.0089911173, -78.9426987134"
5352,None - Rural Crash,New Hanover,Coastal,Residential,Urban (>70% Developed),NA,Rural,40 - 45  MPH,No Control Present,Clear,No,27,25-29,No,NA,With Traffic,C: Possible Injury,Bike Lane / Paved Shoulder,White,Male,62,60-69,No,NA,41-45 mph,O: No Injury,White,Female,Sport Utility,No,14DEC2009,Monday,Motorist Overtaking Bicyclist,17,Non-Intersection,December,C: Possible Injury,17:35:00,Motorist Overtaking - Undetected Bicyclist,2009,Yes,No,Dark - Roadway Not Lighted,Straight - Level,NC Route,Dry,"Two-Way, Not Divided",None,No Special Feature,Smooth Asphalt,2 lanes,"34.279236777, -77.9239373176"
5353,Wrightsville Beach,New Hanover,Coastal,Residential,Urban (>70% Developed),NA,Rural,20 - 25  MPH,No Control Present,Clear,No,27,25-29,No,NA,With Traffic,B: Evident Injury,Travel Lane,White,Male,62,60-69,No,NA,NA,O: No Injury,White,Male,Passenger Car,No,29OCT2009,Thursday,Bicyclist Overtaking Motorist,16,Non-Intersection,October,B: Evident Injury,16:19:00,Bicyclist Overtaking - Passing on Right,2009,No,No,Daylight,Straight - Level,Local Street,Dry,"Two-Way, Not Divided",None,No Special Feature,Coarse Asphalt,2 lanes,"34.2292967703, -77.7808422715"
5356,Raleigh,Wake,Piedmont,Residential,Urban (>70% Developed),NA,Urban,30 - 35  MPH,Stop And Go Signal,Cloudy,No,42,40-49,No,NA,With Traffic,B: Evident Injury,Travel Lane,White,Male,62,60-69,No,NA,0-5 mph,O: No Injury,Black,Male,Passenger Car,No,18NOV2009,Wednesday,Bicyclist Left Turn / Merge,11,Intersection-Related,November,B: Evident Injury,11:59:00,Bicyclist Left Turn - Same Direction,2009,No,No,Daylight,Straight - Level,Local Street,Dry,"Two-Way, Divided, Unprotected Median",None,No Special Feature,Smooth Asphalt,5 lanes,"35.803184086, -78.6082326003"
5361,Raleigh,Wake,Piedmont,Residential,Urban (>70% Developed),NA,Urban,40 - 45  MPH,No Control Present,Clear,No,24,20-24,No,NA,Facing Traffic,C: Possible Injury,Travel Lane,White,Female,NA,NA,No,NA,21-25 mph,Unknown Injury,Unknown/Missing,NA,NA,No,17NOV2009,Tuesday,Motorist Failed to Yield - Sign-Controlled Intersection,11,Intersection,November,C: Possible Injury,11:30:00,Motorist Drive Out - Sign-Controlled Intersection,2009,No,Yes,Daylight,Straight - Level,Local Street,Dry,"Two-Way, Not Divided",None,No Special Feature,Smooth Asphalt,2 lanes,"35.7703070786, -78.6198326023"
5368,Franklin,Macon,Mountains,Commercial,Urban (>70% Developed),NA,Rural,NA,No Control Present,Clear,No,43,40-49,No,NA,Not Applicable,B: Evident Injury,Non-Roadway,White,Female,70+,70+,No,NA,11-15 mph,O: No Injury,White,Male,"Light Truck (Mini-Van, Panel)",No,10DEC2009,Thursday,Non-Roadway,16,Non-Roadway,December,B: Evident Injury,16:40:00,Non-Roadway,2009,Yes,No,Daylight,Straight - Level,Public Vehicular Area,Dry,"Two-Way, Not Divided",None,Four-Way Intersection,Smooth Asphalt,NA,"35.1743497762, -83.3623739837"
5369,Washington,Beaufort,Coastal,Commercial,Urban (>70% Developed),NA,Urban,40 - 45  MPH,No Control Present,Clear,No,20,20-24,No,NA,NA,O: No Injury,Travel Lane,Black,Male,41,40-49,No,NA,0-5 mph,O: No Injury,White,Male,Pickup,No,07DEC2009,Monday,Motorist Failed to Yield - Midblock,19,Non-Intersection,December,O: No Injury,19:25:00,Motorist Drive Out - Commercial Driveway / Alley,2009,No,No,Dark - Lighted Roadway,Straight - Level,US Route,Dry,"Two-Way, Not Divided",None,No Special Feature,Coarse Asphalt,5 lanes,"35.5461070843, -77.0303521074"
5370,None - Rural Crash,Franklin,Piedmont,"Farms, Woods, Pastures",Rural (<30% Developed),NA,Rural,50 - 55  MPH,"Double Yellow Line, No Passing Zone",Clear,No,13,11-15,No,NA,Facing Traffic,O: No Injury,Travel Lane,Other,Male,30,30-39,No,NA,41-45 mph,O: No Injury,White,Male,Sport Utility,No,26NOV2009,Thursday,Bicyclist Right Turn / Merge,12,Non-Intersection,November,O: No Injury,12:46:00,Bicyclist Right Turn - Same Direction,2009,No,No,Daylight,Straight - Grade,State Secondary Route,Dry,"Two-Way, Not Divided",None,No Special Feature,Smooth Asphalt,2 lanes,"35.9481071271, -78.3153425192"
5371,Fayetteville,Cumberland,Coastal,Commercial,Urban (>70% Developed),NA,Urban,40 - 45  MPH,No Control Present,Clear,No,29,25-29,No,NA,Facing Traffic,C: Possible Injury,Travel Lane,Black,Male,NA,NA,Missing,NA,0-5 mph,Unknown Injury,Unknown/Missing,NA,NA,No,27NOV2009,Friday,Motorist Failed to Yield - Midblock,10,Non-Intersection,November,C: Possible Injury,10:04:00,Motorist Drive Out - Midblock - Unknown,2009,Yes,Yes,Daylight,Straight - Level,Public Vehicular Area,Dry,"Two-Way, Not Divided",None,"Driveway, Public",Smooth Asphalt,NA,"35.0454819109, -78.9266926576"
5380,None - Rural Crash,Catawba,Piedmont,"Farms, Woods, Pastures",Rural (<30% Developed),NA,Rural,40 - 45  MPH,"Double Yellow Line, No Passing Zone",Clear,No,38,30-39,Yes,NA,With Traffic,B: Evident Injury,Travel Lane,White,Male,48,40-49,No,NA,41-45 mph,O: No Injury,White,Female,Passenger Car,Yes,30DEC2009,Wednesday,Motorist Overtaking Bicyclist,18,Non-Intersection,December,B: Evident Injury,18:07:00,Motorist Overtaking - Other / Unknown,2009,Yes,No,Dark - Roadway Not Lighted,Straight - Level,NC Route,Dry,"Two-Way, Not Divided",None,No Special Feature,Coarse Asphalt,2 lanes,"35.5531229432, -81.062273325"
5384,None - Rural Crash,Currituck,Coastal,Commercial,Rural (<30% Developed),NA,Rural,40 - 45  MPH,No Control Present,Clear,No,24,20-24,Yes,NA,Not Applicable,C: Possible Injury,Non-Roadway,White,Male,57,50-59,No,NA,41-45 mph,O: No Injury,White,Female,Sport Utility,Yes,29NOV2009,Sunday,Bicyclist Failed to Yield - Midblock,20,Non-Intersection,November,C: Possible Injury,20:57:00,Bicyclist Ride Out - Commercial Driveway / Alley,2009,Yes,No,Dark - Roadway Not Lighted,Straight - Level,US Route,Dry,"Two-Way, Not Divided",None,No Special Feature,Coarse Asphalt,5 lanes,"36.2387612726, -75.8753917878"
5387,Raleigh,Wake,Piedmont,Commercial,Urban (>70% Developed),NA,Urban,20 - 25  MPH,No Control Present,Rain,No,18,16-19,No,NA,NA,B: Evident Injury,Sidewalk / Crosswalk / Driveway Crossing,White,Male,21,20-24,No,NA,6-10 mph,O: No Injury,White,Female,Passenger Car,No,23NOV2009,Monday,Motorist Left Turn / Merge,12,Intersection,November,B: Evident Injury,12:13:00,Motorist Left Turn - Opposite Direction,2009,No,No,Daylight,Straight - Level,Local Street,Wet,"Two-Way, Not Divided",None,No Special Feature,Smooth Asphalt,2 lanes,"35.7818970794, -78.6676326178"
5395,Winston-Salem,Forsyth,Piedmont,Commercial,Urban (>70% Developed),NA,Urban,30 - 35  MPH,"Double Yellow Line, No Passing Zone",Clear,No,33,30-39,No,NA,With Traffic,C: Possible Injury,Travel Lane,Black,Male,22,20-24,No,NA,11-15 mph,O: No Injury,White,Male,Passenger Car,No,11DEC2009,Friday,Motorist Overtaking Bicyclist,16,Non-Intersection,December,C: Possible Injury,16:37:00,Motorist Overtaking - Other / Unknown,2009,Yes,No,Daylight,Straight - Bottom,State Secondary Route,Dry,"Two-Way, Divided, Unprotected Median",None,No Special Feature,Smooth Asphalt,3 lanes,"36.0923670867, -80.2688531183"
5397,None - Rural Crash,Cumberland,Coastal,Residential,Urban (>70% Developed),NA,Rural,40 - 45  MPH,"Double Yellow Line, No Passing Zone",Clear,No,20,20-24,No,NA,Facing Traffic,B: Evident Injury,Travel Lane,Other,Male,NA,NA,Missing,NA,41-45 mph,Unknown Injury,Unknown/Missing,NA,Pickup,No,24DEC2009,Thursday,Parallel Paths - Other Circumstances,20,Non-Intersection,December,B: Evident Injury,20:53:00,Parallel Paths - Other / Unknown,2009,Yes,Yes,Dark - Roadway Not Lighted,Straight - Level,State Secondary Route,Dry,"Two-Way, Not Divided",None,No Special Feature,Smooth Asphalt,2 lanes,"34.9550388905, -78.9459526594"
5400,Kill Devil Hills,Dare,Coastal,Residential,Urban (>70% Developed),NA,Urban,20 - 25  MPH,No Control Present,Rain,No,53,50-59,No,NA,Facing Traffic,C: Possible Injury,Travel Lane,White,Male,23,20-24,No,NA,11-15 mph,O: No Injury,White,Male,Sport Utility,No,18DEC2009,Friday,Motorist Left Turn / Merge,21,Non-Intersection,December,C: Possible Injury,21:49:00,Motorist Left Turn - Same Direction,2009,No,No,Dark - Roadway Not Lighted,Straight - Level,Local Street,Wet,"Two-Way, Not Divided",None,Alley Intersection,Coarse Asphalt,2 lanes,"35.997627228, -75.6532457072"
5401,Charlotte,Mecklenburg,Piedmont,Residential,Urban (>70% Developed),NA,Urban,30 - 35  MPH,Stop And Go Signal,Clear,No,28,25-29,No,NA,With Traffic,B: Evident Injury,Travel Lane,White,Female,31,30-39,No,NA,16-20 mph,O: No Injury,White,Female,Passenger Car,No,27DEC2009,Sunday,Motorist Left Turn / Merge,14,Non-Intersection,December,B: Evident Injury,14:48:00,Motorist Left Turn - Opposite Direction,2009,No,No,Daylight,Straight - Grade,Local Street,Dry,"Two-Way, Not Divided",None,Four-Way Intersection,Smooth Asphalt,3 lanes,"35.1575868677, -80.8273632338"
5406,Wilson,Wilson,Coastal,Industrial,Urban (>70% Developed),NA,Urban,40 - 45  MPH,No Control Present,Rain,No,49,40-49,No,NA,Facing Traffic,A: Disabling Injury,Travel Lane,White,Male,70+,70+,No,NA,26-30 mph,O: No Injury,Black,Male,Pickup,No,08DEC2009,Tuesday,Motorist Overtaking Bicyclist,19,Non-Intersection,December,A: Disabling Injury,19:17:00,Motorist Overtaking - Other / Unknown,2009,Yes,No,Dark - Lighted Roadway,Straight - Grade,Local Street,Wet,"Two-Way, Not Divided",No Shoulders,Bridge,Smooth Asphalt,4 lanes,"35.7094970895, -77.9268923893"
5408,Wilson,Wilson,Coastal,Residential,Mixed (30% To 70% Developed),NA,Urban,30 - 35  MPH,Stop Sign,Clear,No,29,25-29,No,NA,With Traffic,B: Evident Injury,Travel Lane,Black,Male,70+,70+,No,NA,31-35 mph,O: No Injury,Black,Female,Passenger Car,No,04NOV2009,Wednesday,Bicyclist Failed to Yield - Sign-Controlled Intersection,11,Intersection,November,B: Evident Injury,11:46:00,Bicyclist Ride Out - Sign-Controlled Intersection,2009,Yes,No,Daylight,Straight - Level,Local Street,Dry,"Two-Way, Not Divided",None,No Special Feature,Coarse Asphalt,2 lanes,"35.7173150925, -77.8935223794"
5410,Wilson,Wilson,Coastal,Residential,Urban (>70% Developed),NA,Urban,30 - 35  MPH,No Control Present,Clear,No,7,6-10,No,NA,Not Applicable,C: Possible Injury,Sidewalk / Crosswalk / Driveway Crossing,Black,Male,25,25-29,No,NA,16-20 mph,O: No Injury,Black,Female,Passenger Car,No,21MAY2009,Thursday,Parallel Paths - Other Circumstances,18,Non-Intersection,May,C: Possible Injury,18:33:00,Bicyclist Ride Out - Parallel Path,2009,No,No,Daylight,Straight - Level,Local Street,Dry,"Two-Way, Not Divided",None,No Special Feature,Coarse Asphalt,2 lanes,"35.7278130936, -77.9178123873"
4502,None - Rural Crash,Guilford,Piedmont,"Farms, Woods, Pastures",Rural (<30% Developed),NA,Rural,40 - 45  MPH,No Control Present,Cloudy,No,32,30-39,No,NA,With Traffic,B: Evident Injury,Travel Lane,Black,Male,49,40-49,No,NA,41-45 mph,O: No Injury,Black,Male,Passenger Car,No,04NOV2010,Thursday,Motorist Overtaking Bicyclist,6,Non-Intersection,November,B: Evident Injury,06:33:00,Motorist Overtaking - Undetected Bicyclist,2010,Yes,No,Dark - Roadway Not Lighted,Straight - Level,State Secondary Route,Wet,"Two-Way, Not Divided",None,No Special Feature,Smooth Asphalt,2 lanes,"36.0234100934, -79.7055329447"
4508,Raleigh,Wake,Piedmont,Commercial,Urban (>70% Developed),NA,Urban,30 - 35  MPH,Stop Sign,Clear,No,23,20-24,No,NA,With Traffic,B: Evident Injury,Sidewalk / Crosswalk / Driveway Crossing,White,Male,NA,NA,No,NA,6-10 mph,Unknown Injury,Unknown/Missing,NA,NA,No,07OCT2010,Thursday,Motorist Failed to Yield - Sign-Controlled Intersection,17,Intersection,October,B: Evident Injury,17:21:00,Motorist Drive Out - Sign-Controlled Intersection,2010,Yes,Yes,Daylight,Straight - Level,Local Street,Dry,"Two-Way, Not Divided",None,Four-Way Intersection,Coarse Asphalt,3 lanes,"35.8248700869, -78.7085426324"
4965,Durham,Durham,Piedmont,Residential,Urban (>70% Developed),NA,Urban,30 - 35  MPH,Stop Sign,Clear,No,14,11-15,No,NA,With Traffic,C: Possible Injury,Travel Lane,Black,Male,22,20-24,No,NA,26-30 mph,O: No Injury,Black,Female,Van,No,04JUL2009,Saturday,Bicyclist Failed to Yield - Sign-Controlled Intersection,14,Intersection,July,C: Possible Injury,14:22:00,Bicyclist Ride Through - Sign-Controlled Intersection,2009,Yes,No,Daylight,Straight - Level,Local Street,Dry,"Two-Way, Not Divided",None,No Special Feature,Coarse Asphalt,2 lanes,"35.9879221153, -78.888712696"
4973,Kinston,Lenoir,Coastal,Commercial,Urban (>70% Developed),NA,Urban,NA,No Control Present,Clear,No,13,11-15,No,NA,Not Applicable,C: Possible Injury,Non-Roadway,White,Male,44,40-49,No,NA,6-10 mph,O: No Injury,White,Female,Passenger Car,No,07JUN2009,Sunday,Non-Roadway,17,Non-Roadway,June,C: Possible Injury,17:25:00,Non-Roadway,2009,No,No,Daylight,Straight - Level,Local Street,Dry,"Two-Way, Not Divided",None,Other,Coarse Asphalt,NA,"35.2595400038, -77.5799962602"
4980,Charlotte,Mecklenburg,Piedmont,Commercial,Urban (>70% Developed),NA,Urban,30 - 35  MPH,No Control Present,Clear,No,62,60-69,No,NA,Facing Traffic,B: Evident Injury,Travel Lane,White,Male,70+,70+,No,NA,0-5 mph,O: No Injury,White,Male,Passenger Car,No,30JUN2009,Tuesday,Motorist Failed to Yield - Sign-Controlled Intersection,9,Intersection,June,B: Evident Injury,09:24:00,Motorist Drive Out - Sign-Controlled Intersection,2009,No,No,Daylight,Straight - Level,Local Street,Dry,"Two-Way, Divided, Unprotected Median",None,No Special Feature,Smooth Asphalt,7 lanes,"35.1486848657, -80.8321492347"
4985,None - Rural Crash,Wilson,Coastal,"Farms, Woods, Pastures",Rural (<30% Developed),NA,Rural,50 - 55  MPH,"Double Yellow Line, No Passing Zone",Cloudy,No,26,25-29,No,NA,With Traffic,C: Possible Injury,Travel Lane,White,Male,45,40-49,No,NA,51-55 mph,O: No Injury,White,Female,Pickup,No,18JUL2009,Saturday,Bicyclist Left Turn / Merge,9,Non-Intersection,July,C: Possible Injury,09:44:00,Bicyclist Left Turn - Same Direction,2009,Yes,No,Daylight,Straight - Level,NC Route,Dry,"Two-Way, Not Divided",None,No Special Feature,Smooth Asphalt,2 lanes,"35.7314410967, -77.8464523659"
4986,Cary,Wake,Piedmont,Residential,Urban (>70% Developed),NA,Urban,30 - 35  MPH,No Control Present,Clear,No,26,25-29,No,NA,With Traffic,B: Evident Injury,Travel Lane,White,Male,39,30-39,No,NA,0-5 mph,O: No Injury,White,Male,Sport Utility,No,18JUL2009,Saturday,Motorist Right Turn / Merge,16,Non-Intersection,July,B: Evident Injury,16:53:00,Motorist Right Turn - Same Direction,2009,Yes,No,Daylight,Straight - Level,Local Street,Dry,"One-Way, Not Divided",None,No Special Feature,Coarse Asphalt,2 lanes,"35.760299071, -78.7644626464"
4992,None - Rural Crash,New Hanover,Coastal,Commercial,Mixed (30% To 70% Developed),NA,Rural,40 - 45  MPH,No Control Present,Clear,No,19,16-19,No,NA,With Traffic,C: Possible Injury,Travel Lane,White,Female,21,20-24,No,NA,41-45 mph,O: No Injury,White,Female,Passenger Car,No,04JUL2009,Saturday,Motorist Overtaking Bicyclist,20,Non-Intersection,July,C: Possible Injury,20:50:00,Motorist Overtaking - Undetected Bicyclist,2009,Yes,No,Dusk,Straight - Level,NC Route,Dry,"Two-Way, Divided, Unprotected Median",None,No Special Feature,Smooth Asphalt,5 lanes,"34.1660467524, -77.8914423019"
4994,Raleigh,Wake,Piedmont,Commercial,Urban (>70% Developed),NA,Urban,5 - 15 MPH,No Control Present,Clear,No,37,30-39,No,NA,Facing Traffic,C: Possible Injury,Sidewalk / Crosswalk / Driveway Crossing,Black,Male,29,25-29,No,NA,0-5 mph,O: No Injury,Black,Male,Passenger Car,No,08JUL2009,Wednesday,Motorist Failed to Yield - Midblock,13,Non-Intersection,July,C: Possible Injury,13:57:00,Motorist Drive Out - Commercial Driveway / Alley,2009,Yes,No,Daylight,Straight - Level,Local Street,Dry,"One-Way, Not Divided",None,"Driveway, Public",Other,3 lanes,"35.7750470783, -78.6383026083"
5000,Asheville,Buncombe,Mountains,Commercial,Urban (>70% Developed),NA,Urban,30 - 35  MPH,"Double Yellow Line, No Passing Zone",Clear,No,21,20-24,No,NA,With Traffic,B: Evident Injury,Travel Lane,White,Female,70+,70+,No,NA,26-30 mph,O: No Injury,Black,Male,Van,No,23JUN2009,Tuesday,Motorist Overtaking Bicyclist,16,Non-Intersection,June,B: Evident Injury,16:38:00,Motorist Overtaking - Undetected Bicyclist,2009,Yes,No,Daylight,Straight - Level,Local Street,Dry,"Two-Way, Not Divided",None,No Special Feature,Coarse Asphalt,2 lanes,"35.5721368917, -82.531583762"
6942,Durham,Durham,Piedmont,Residential,Urban (>70% Developed),NA,Urban,20 - 25  MPH,No Control Present,Clear,No,16,16-19,No,NA,Not Applicable,B: Evident Injury,Driveway / Alley,Black,Male,24,20-24,No,NA,21-25 mph,O: No Injury,Black,Female,Van,No,02OCT2007,Tuesday,Bicyclist Failed to Yield - Midblock,15,Non-Intersection,October,B: Evident Injury,15:58:00,Bicyclist Ride Out - Commercial Driveway / Alley,2007,Yes,No,Daylight,Straight - Grade,Local Street,Dry,"Two-Way, Not Divided",None,Alley Intersection,Smooth Asphalt,2 lanes,"36.0115811202, -78.8859626966"
6946,Wilson,Wilson,Coastal,Commercial,Urban (>70% Developed),NA,Urban,40 - 45  MPH,No Control Present,Cloudy,No,51,50-59,No,NA,Facing Traffic,C: Possible Injury,Travel Lane,Black,Male,44,40-49,No,NA,NA,O: No Injury,White,Female,Passenger Car,No,29JUN2007,Friday,Crossing Paths - Other Circumstances,14,Intersection,June,C: Possible Injury,14:40:00,Crossing Paths - Intersection - Other / Unknown,2007,Yes,No,Daylight,Straight - Level,Local Street,Dry,"Two-Way, Divided, Unprotected Median",None,Four-Way Intersection,Smooth Asphalt,5 lanes,"35.7194770909, -77.9484523956"
6949,Rocky Mount,Nash,Coastal,Residential,Urban (>70% Developed),NA,Urban,30 - 35  MPH,Stop Sign,Cloudy,No,12,11-15,No,NA,NA,B: Evident Injury,Travel Lane,Black,Male,39,30-39,No,NA,31-35 mph,O: No Injury,Black,Male,Sport Utility,No,30JUN2007,Saturday,Loss of Control / Turning Error,21,Intersection,June,B: Evident Injury,21:30:00,Bicyclist Lost Control - Mechanical Problems,2007,Yes,No,Dark - Lighted Roadway,Straight - Level,Local Street,Dry,"One-Way, Not Divided",None,Four-Way Intersection,Coarse Asphalt,2 lanes,"35.9446671438, -77.8041173643"
6952,Eden,Rockingham,Piedmont,Commercial,Urban (>70% Developed),NA,Urban,40 - 45  MPH,No Control Present,Cloudy,No,63,60-69,No,NA,With Traffic,B: Evident Injury,Travel Lane,White,Male,67,60-69,No,NA,41-45 mph,O: No Injury,White,Male,"Single Unit Truck (2-Axle, 6-Tire)",No,28AUG2007,Tuesday,Other / Unusual Circumstances,14,Non-Intersection,August,B: Evident Injury,14:41:00,Unusual Circumstances,2007,No,No,Daylight,Straight - Grade,Local Street,Dry,"Two-Way, Not Divided",None,No Special Feature,Smooth Asphalt,2 lanes,"36.5167921955, -79.7494829858"
6971,Concord,Cabarrus,Piedmont,Residential,Urban (>70% Developed),NA,Urban,30 - 35  MPH,Stop Sign,Clear,No,42,40-49,Yes,NA,Facing Traffic,C: Possible Injury,Travel Lane,White,Male,70+,70+,No,NA,31-35 mph,O: No Injury,White,Female,Passenger Car,Yes,05JUL2007,Thursday,Head-On,5,Non-Intersection,July,C: Possible Injury,05:33:00,Head-On - Bicyclist,2007,No,No,Dawn,Straight - Level,Local Street,Dry,"Two-Way, Not Divided",None,T-Intersection,Smooth Asphalt,2 lanes,"35.4391769362, -80.6136581847"
6977,Fayetteville,Cumberland,Coastal,Institutional,Urban (>70% Developed),NA,Urban,20 - 25  MPH,No Control Present,Clear,No,32,30-39,No,NA,Facing Traffic,C: Possible Injury,Sidewalk / Crosswalk / Driveway Crossing,Black,Female,22,20-24,No,NA,0-5 mph,O: No Injury,White,Female,Sport Utility,No,02MAY2007,Wednesday,Motorist Failed to Yield - Midblock,15,Non-Intersection,May,C: Possible Injury,15:10:00,Motorist Drive Out - Commercial Driveway / Alley,2007,Yes,No,Daylight,Straight - Level,Local Street,Dry,"Two-Way, Divided, Unprotected Median",None,No Special Feature,Smooth Asphalt,NA,"35.0311539089, -78.8942286474"
6979,None - Rural Crash,Harnett,Coastal,"Farms, Woods, Pastures",Rural (<30% Developed),NA,Rural,50 - 55  MPH,"Double Yellow Line, No Passing Zone",Cloudy,No,NA,NA,Missing,NA,With Traffic,Unknown Injury,Travel Lane,Unknown/Missing,NA,70+,70+,No,NA,51-55 mph,O: No Injury,White,Male,Passenger Car,No,07JUL2007,Saturday,Motorist Overtaking Bicyclist,17,Non-Intersection,July,O: No Injury,17:20:00,Motorist Overtaking - Bicyclist Swerved,2007,No,No,Daylight,Straight - Level,State Secondary Route,Dry,"Two-Way, Not Divided",None,No Special Feature,Smooth Asphalt,2 lanes,"35.5142510177, -78.7661226332"
6989,High Point,Guilford,Piedmont,Residential,Urban (>70% Developed),NA,Urban,30 - 35  MPH,Stop Sign,Clear,No,10,6-10,No,NA,With Traffic,B: Evident Injury,Travel Lane,Black,Male,44,40-49,No,NA,21-25 mph,O: No Injury,Black,Male,Passenger Car,No,11JUL2007,Wednesday,Loss of Control / Turning Error,17,Intersection,July,B: Evident Injury,17:24:00,Bicyclist Lost Control - Mechanical Problems,2007,No,No,Daylight,Straight - Grade,Local Street,Dry,"Two-Way, Not Divided",None,Four-Way Intersection,Smooth Asphalt,2 lanes,"35.9642570698, -79.9940730281"
6991,Wilmington,New Hanover,Coastal,Residential,Urban (>70% Developed),NA,Urban,30 - 35  MPH,No Control Present,Rain,No,45,40-49,Yes,NA,With Traffic,B: Evident Injury,Travel Lane,Black,Male,NA,NA,Missing,NA,0-5 mph,Unknown Injury,Unknown/Missing,NA,NA,Yes,11JUL2007,Wednesday,Motorist Overtaking Bicyclist,22,Non-Intersection,July,B: Evident Injury,22:22:00,Motorist Overtaking - Undetected Bicyclist,2007,No,Yes,Dark - Roadway Not Lighted,Straight - Level,Local Street,Wet,"Two-Way, Not Divided",None,No Special Feature,Smooth Asphalt,3 lanes,"34.249566771, -77.8827223035"
6995,Kinston,Lenoir,Coastal,Commercial,Urban (>70% Developed),NA,Urban,30 - 35  MPH,No Control Present,Clear,No,18,16-19,No,NA,Facing Traffic,O: No Injury,Travel Lane,Black,Male,35,30-39,No,NA,0-5 mph,O: No Injury,White,Male,Police,No,17OCT2007,Wednesday,Other / Unusual Circumstances,13,Intersection,October,O: No Injury,13:52:00,Unusual Circumstances,2007,No,No,Daylight,Straight - Level,NC Route,Dry,"Two-Way, Not Divided",None,Four-Way Intersection,Smooth Asphalt,4 lanes,"35.269592006, -77.580862261"
6998,Fayetteville,Cumberland,Coastal,Residential,Urban (>70% Developed),NA,Urban,30 - 35  MPH,No Control Present,Clear,No,49,40-49,No,NA,With Traffic,C: Possible Injury,Travel Lane,White,Female,51,50-59,No,NA,NA,Unknown Injury,Unknown/Missing,Female,Passenger Car,No,14JUL2007,Saturday,Motorist Overtaking Bicyclist,21,Non-Intersection,July,C: Possible Injury,21:43:00,Motorist Overtaking - Other / Unknown,2007,Yes,Yes,Dark - Lighted Roadway,Straight - Level,Local Street,Dry,"One-Way, Not Divided",None,No Special Feature,Coarse Asphalt,3 lanes,"35.0222009072, -78.9010626486"
7000,None - Rural Crash,Onslow,Coastal,"Farms, Woods, Pastures",Rural (<30% Developed),NA,Rural,50 - 55  MPH,No Control Present,Clear,No,15,11-15,No,NA,Facing Traffic,B: Evident Injury,Travel Lane,White,Male,57,50-59,No,NA,51-55 mph,O: No Injury,White,Male,Pickup,No,27SEP2007,Thursday,Motorist Overtaking Bicyclist,6,Non-Intersection,September,B: Evident Injury,06:30:00,Motorist Overtaking - Other / Unknown,2007,Yes,No,Dark - Roadway Not Lighted,Straight - Level,State Secondary Route,Dry,"Two-Way, Not Divided",None,No Special Feature,Smooth Asphalt,2 lanes,"34.7845528978, -77.637612255"